timestamp,app_id,pid,start_time_ticks,cycle_id,sample_index,process_cpu_utilization_percent,interval_minor_faults,interval_major_faults,cache_references,cache_misses,memory_dominant_node,memory_dominant_fraction,thread_current_node,remote_placement,access_value,access_status,access_sources,classification,classification_score,f_access,f_threshold,f_gain_memory,f_cost_memory,f_cpu_memory,f_sharing_memory,f_gain_thread,f_cost_thread,f_cpu_thread,f_sharing_thread,memory_score,thread_score,decision_margin,decision,confidence_gate,roi_gate,safety_gate,proposed_action,source_node,destination_node,migration_authorized,migration_result,rejection_reason
2026-10-02T16:05:27Z,APP_21879_3030045,21879,3030045,1,0,0.000,0,0,-1,-1,0,0.999931471,1,true,0.000000000,MEASURED_CPU_FAULT,CPU;INTERVAL_FAULTS,COLD,4.663479780,0.000000000,0.000000000,NA,NA,NA,NA,0.000000000,0.000000000,0.000000000,0.000000000,-1.000000000,0.000000000,NA,NO_MIGRATION,INVALID,INVALID,INVALID,NO_MIGRATION,-1,-1,false,TARGET_GONE,identity no longer active
2026-10-02T16:05:28Z,APP_21879_3030045,21879,3030045,1,1,0.000,0,0,-1,-1,0,0.999931471,NA,NA,0.000000000,MEASURED_CPU_FAULT,CPU;INTERVAL_FAULTS,NA,NA,NA,NA,NA,NA,NA,NA,NA,NA,NA,NA,NA,NA,NA,NA,NA,NA,NA,NA,NA,NA,NA,TARGET_GONE,identity no longer active
2026-10-02T16:05:28Z,APP_21879_3030045,21879,3030045,1,2,6.934,0,0,-1,-1,0,0.999931471,NA,NA,4.853800000,MEASURED_CPU_FAULT,CPU;INTERVAL_FAULTS,NA,NA,NA,NA,NA,NA,NA,NA,NA,NA,NA,NA,NA,NA,NA,NA,NA,NA,NA,NA,NA,NA,NA,TARGET_GONE,identity no longer active
2026-10-02T16:05:28Z,APP_21879_3030045,21879,3030045,1,3,0.000,0,0,-1,-1,0,0.999931471,NA,NA,0.000000000,MEASURED_CPU_FAULT,CPU;INTERVAL_FAULTS,NA,NA,NA,NA,NA,NA,NA,NA,NA,NA,NA,NA,NA,NA,NA,NA,NA,NA,NA,NA,NA,NA,NA,TARGET_GONE,identity no longer active
2026-10-02T16:05:28Z,APP_21879_3030045,21879,3030045,1,4,0.000,0,0,-1,-1,0,0.999931471,NA,NA,0.000000000,MEASURED_CPU_FAULT,CPU;INTERVAL_FAULTS,NA,NA,NA,NA,NA,NA,NA,NA,NA,NA,NA,NA,NA,NA,NA,NA,NA,NA,NA,NA,NA,NA,NA,TARGET_GONE,identity no longer active
2026-10-02T16:05:28Z,APP_21879_3030045,21879,3030045,1,5,0.000,0,0,-1,-1,0,0.999931471,NA,NA,0.000000000,MEASURED_CPU_FAULT,CPU;INTERVAL_FAULTS,NA,NA,NA,NA,NA,NA,NA,NA,NA,NA,NA,NA,NA,NA,NA,NA,NA,NA,NA,NA,NA,NA,NA,TARGET_GONE,identity no longer active
2026-10-02T16:05:28Z,APP_21879_3030045,21879,3030045,1,6,0.000,0,0,-1,-1,0,0.999931471,NA,NA,0.000000000,MEASURED_CPU_FAULT,CPU;INTERVAL_FAULTS,NA,NA,NA,NA,NA,NA,NA,NA,NA,NA,NA,NA,NA,NA,NA,NA,NA,NA,NA,NA,NA,NA,NA,TARGET_GONE,identity no longer active
2026-10-02T16:05:27Z,APP_21879_3030045,21879,3030045,10,7,0.000,0,0,-1,-1,0,0.999931471,1,true,0.000000000,MEASURED_CPU_FAULT,CPU;INTERVAL_FAULTS,HOT,669.474315258,0.560000000,0.700000000,NA,NA,NA,NA,0.560000000,0.000000000,0.700000000,0.000000000,-1.000000000,1.232000000,NA,MOVE_THREAD,INVALID,NOT_APPLICABLE,INVALID,MOVE_THREAD,-1,-1,false,TARGET_GONE,identity no longer active
2026-10-02T16:05:28Z,APP_21879_3030045,21879,3030045,10,8,0.000,0,0,-1,-1,0,0.999931471,NA,NA,0.000000000,MEASURED_CPU_FAULT,CPU;INTERVAL_FAULTS,NA,NA,NA,NA,NA,NA,NA,NA,NA,NA,NA,NA,NA,NA,NA,NA,NA,NA,NA,NA,NA,NA,NA,TARGET_GONE,identity no longer active
2026-10-02T16:05:28Z,APP_21879_3030045,21879,3030045,10,9,6.934,0,0,-1,-1,0,0.999931471,NA,NA,4.853800000,MEASURED_CPU_FAULT,CPU;INTERVAL_FAULTS,NA,NA,NA,NA,NA,NA,NA,NA,NA,NA,NA,NA,NA,NA,NA,NA,NA,NA,NA,NA,NA,NA,NA,TARGET_GONE,identity no longer active
2026-10-02T16:05:28Z,APP_21879_3030045,21879,3030045,10,10,0.000,0,0,-1,-1,0,0.999931471,NA,NA,0.000000000,MEASURED_CPU_FAULT,CPU;INTERVAL_FAULTS,NA,NA,NA,NA,NA,NA,NA,NA,NA,NA,NA,NA,NA,NA,NA,NA,NA,NA,NA,NA,NA,NA,NA,TARGET_GONE,identity no longer active
2026-10-02T16:05:28Z,APP_21879_3030045,21879,3030045,10,11,0.000,0,0,-1,-1,0,0.999931471,NA,NA,0.000000000,MEASURED_CPU_FAULT,CPU;INTERVAL_FAULTS,NA,NA,NA,NA,NA,NA,NA,NA,NA,NA,NA,NA,NA,NA,NA,NA,NA,NA,NA,NA,NA,NA,NA,TARGET_GONE,identity no longer active
2026-10-02T16:05:28Z,APP_21879_3030045,21879,3030045,10,12,0.000,0,0,-1,-1,0,0.999931471,NA,NA,0.000000000,MEASURED_CPU_FAULT,CPU;INTERVAL_FAULTS,NA,NA,NA,NA,NA,NA,NA,NA,NA,NA,NA,NA,NA,NA,NA,NA,NA,NA,NA,NA,NA,NA,NA,TARGET_GONE,identity no longer active
2026-10-02T16:05:28Z,APP_21879_3030045,21879,3030045,10,13,0.000,0,0,-1,-1,0,0.999931471,NA,NA,0.000000000,MEASURED_CPU_FAULT,CPU;INTERVAL_FAULTS,NA,NA,NA,NA,NA,NA,NA,NA,NA,NA,NA,NA,NA,NA,NA,NA,NA,NA,NA,NA,NA,NA,NA,TARGET_GONE,identity no longer active
2026-10-02T16:05:29Z,APP_21879_3030045,21879,3030045,10,14,0.000,0,0,-1,-1,0,0.999931471,NA,NA,0.000000000,MEASURED_CPU_FAULT,CPU;INTERVAL_FAULTS,NA,NA,NA,NA,NA,NA,NA,NA,NA,NA,NA,NA,NA,NA,NA,NA,NA,NA,NA,NA,NA,NA,NA,TARGET_GONE,identity no longer active
2026-10-02T16:05:29Z,APP_21879_3030045,21879,3030045,10,15,95.238,0,0,-1,-1,0,0.999931471,NA,NA,66.666600000,MEASURED_CPU_FAULT,CPU;INTERVAL_FAULTS,NA,NA,NA,NA,NA,NA,NA,NA,NA,NA,NA,NA,NA,NA,NA,NA,NA,NA,NA,NA,NA,NA,NA,TARGET_GONE,identity no longer active
2026-10-02T16:05:29Z,APP_21879_3030045,21879,3030045,10,16,201.802,0,0,-1,-1,0,0.999931471,NA,NA,70.000000000,MEASURED_CPU_FAULT,CPU;INTERVAL_FAULTS,NA,NA,NA,NA,NA,NA,NA,NA,NA,NA,NA,NA,NA,NA,NA,NA,NA,NA,NA,NA,NA,NA,NA,TARGET_GONE,identity no longer active
2026-10-02T16:05:29Z,APP_21879_3030045,21879,3030045,10,17,198.650,0,0,-1,-1,0,0.999931471,NA,NA,70.000000000,MEASURED_CPU_FAULT,CPU;INTERVAL_FAULTS,NA,NA,NA,NA,NA,NA,NA,NA,NA,NA,NA,NA,NA,NA,NA,NA,NA,NA,NA,NA,NA,NA,NA,TARGET_GONE,identity no longer active
2026-10-02T16:05:29Z,APP_21879_3030045,21879,3030045,10,18,201.198,0,0,-1,-1,0,0.999931471,NA,NA,70.000000000,MEASURED_CPU_FAULT,CPU;INTERVAL_FAULTS,NA,NA,NA,NA,NA,NA,NA,NA,NA,NA,NA,NA,NA,NA,NA,NA,NA,NA,NA,NA,NA,NA,NA,TARGET_GONE,identity no longer active
2026-10-02T16:05:29Z,APP_21879_3030045,21879,3030045,10,19,202.230,0,0,-1,-1,0,0.999931471,NA,NA,70.000000000,MEASURED_CPU_FAULT,CPU;INTERVAL_FAULTS,NA,NA,NA,NA,NA,NA,NA,NA,NA,NA,NA,NA,NA,NA,NA,NA,NA,NA,NA,NA,NA,NA,NA,TARGET_GONE,identity no longer active
2026-10-02T16:05:29Z,APP_21879_3030045,21879,3030045,10,20,191.617,0,0,-1,-1,0,0.999931471,NA,NA,70.000000000,MEASURED_CPU_FAULT,CPU;INTERVAL_FAULTS,NA,NA,NA,NA,NA,NA,NA,NA,NA,NA,NA,NA,NA,NA,NA,NA,NA,NA,NA,NA,NA,NA,NA,TARGET_GONE,identity no longer active
2026-10-02T16:05:29Z,APP_21879_3030045,21879,3030045,10,21,202.043,0,0,-1,-1,0,0.999931471,NA,NA,70.000000000,MEASURED_CPU_FAULT,CPU;INTERVAL_FAULTS,NA,NA,NA,NA,NA,NA,NA,NA,NA,NA,NA,NA,NA,NA,NA,NA,NA,NA,NA,NA,NA,NA,NA,TARGET_GONE,identity no longer active
2026-10-02T16:05:30Z,APP_21879_3030045,21879,3030045,10,22,201.198,0,0,-1,-1,0,0.999931471,NA,NA,70.000000000,MEASURED_CPU_FAULT,CPU;INTERVAL_FAULTS,NA,NA,NA,NA,NA,NA,NA,NA,NA,NA,NA,NA,NA,NA,NA,NA,NA,NA,NA,NA,NA,NA,NA,TARGET_GONE,identity no longer active
2026-10-02T16:05:30Z,APP_21879_3030045,21879,3030045,10,23,197.280,0,0,-1,-1,0,0.999931471,NA,NA,70.000000000,MEASURED_CPU_FAULT,CPU;INTERVAL_FAULTS,NA,NA,NA,NA,NA,NA,NA,NA,NA,NA,NA,NA,NA,NA,NA,NA,NA,NA,NA,NA,NA,NA,NA,TARGET_GONE,identity no longer active
2026-10-02T16:05:30Z,APP_21879_3030045,21879,3030045,10,24,210.778,0,0,-1,-1,0,0.999931471,NA,NA,70.000000000,MEASURED_CPU_FAULT,CPU;INTERVAL_FAULTS,NA,NA,NA,NA,NA,NA,NA,NA,NA,NA,NA,NA,NA,NA,NA,NA,NA,NA,NA,NA,NA,NA,NA,TARGET_GONE,identity no longer active
2026-10-02T16:05:30Z,APP_21879_3030045,21879,3030045,10,25,191.904,0,0,-1,-1,0,0.999931471,NA,NA,70.000000000,MEASURED_CPU_FAULT,CPU;INTERVAL_FAULTS,NA,NA,NA,NA,NA,NA,NA,NA,NA,NA,NA,NA,NA,NA,NA,NA,NA,NA,NA,NA,NA,NA,NA,TARGET_GONE,identity no longer active
2026-10-02T16:05:30Z,APP_21879_3030045,21879,3030045,10,26,205.714,0,0,-1,-1,0,0.999931471,NA,NA,70.000000000,MEASURED_CPU_FAULT,CPU;INTERVAL_FAULTS,NA,NA,NA,NA,NA,NA,NA,NA,NA,NA,NA,NA,NA,NA,NA,NA,NA,NA,NA,NA,NA,NA,NA,TARGET_GONE,identity no longer active
2026-10-02T16:05:30Z,APP_21879_3030045,21879,3030045,10,27,201.198,0,0,-1,-1,0,0.999931471,NA,NA,70.000000000,MEASURED_CPU_FAULT,CPU;INTERVAL_FAULTS,NA,NA,NA,NA,NA,NA,NA,NA,NA,NA,NA,NA,NA,NA,NA,NA,NA,NA,NA,NA,NA,NA,NA,TARGET_GONE,identity no longer active
2026-10-02T16:05:30Z,APP_21879_3030045,21879,3030045,10,28,196.648,0,0,-1,-1,0,0.999931471,NA,NA,70.000000000,MEASURED_CPU_FAULT,CPU;INTERVAL_FAULTS,NA,NA,NA,NA,NA,NA,NA,NA,NA,NA,NA,NA,NA,NA,NA,NA,NA,NA,NA,NA,NA,NA,NA,TARGET_GONE,identity no longer active
2026-10-02T16:05:30Z,APP_21879_3030045,21879,3030045,10,29,201.499,0,0,-1,-1,0,0.999931471,NA,NA,70.000000000,MEASURED_CPU_FAULT,CPU;INTERVAL_FAULTS,NA,NA,NA,NA,NA,NA,NA,NA,NA,NA,NA,NA,NA,NA,NA,NA,NA,NA,NA,NA,NA,NA,NA,TARGET_GONE,identity no longer active
2026-10-02T16:05:31Z,APP_21879_3030045,21879,3030045,10,30,202.772,0,0,-1,-1,0,0.999931471,NA,NA,70.000000000,MEASURED_CPU_FAULT,CPU;INTERVAL_FAULTS,NA,NA,NA,NA,NA,NA,NA,NA,NA,NA,NA,NA,NA,NA,NA,NA,NA,NA,NA,NA,NA,NA,NA,TARGET_GONE,identity no longer active
2026-10-02T16:05:31Z,APP_21879_3030045,21879,3030045,10,31,201.499,0,0,-1,-1,0,0.999931471,NA,NA,70.000000000,MEASURED_CPU_FAULT,CPU;INTERVAL_FAULTS,NA,NA,NA,NA,NA,NA,NA,NA,NA,NA,NA,NA,NA,NA,NA,NA,NA,NA,NA,NA,NA,NA,NA,TARGET_GONE,identity no longer active
2026-10-02T16:05:31Z,APP_21879_3030045,21879,3030045,10,32,195.918,0,0,-1,-1,0,0.999931471,NA,NA,70.000000000,MEASURED_CPU_FAULT,CPU;INTERVAL_FAULTS,NA,NA,NA,NA,NA,NA,NA,NA,NA,NA,NA,NA,NA,NA,NA,NA,NA,NA,NA,NA,NA,NA,NA,TARGET_GONE,identity no longer active
2026-10-02T16:05:31Z,APP_21879_3030045,21879,3030045,10,33,211.411,0,0,-1,-1,0,0.999931471,NA,NA,70.000000000,MEASURED_CPU_FAULT,CPU;INTERVAL_FAULTS,NA,NA,NA,NA,NA,NA,NA,NA,NA,NA,NA,NA,NA,NA,NA,NA,NA,NA,NA,NA,NA,NA,NA,TARGET_GONE,identity no longer active
2026-10-02T16:05:31Z,APP_21879_3030045,21879,3030045,10,34,201.499,0,0,-1,-1,0,0.999931471,NA,NA,70.000000000,MEASURED_CPU_FAULT,CPU;INTERVAL_FAULTS,NA,NA,NA,NA,NA,NA,NA,NA,NA,NA,NA,NA,NA,NA,NA,NA,NA,NA,NA,NA,NA,NA,NA,TARGET_GONE,identity no longer active
2026-10-02T16:05:31Z,APP_21879_3030045,21879,3030045,10,35,198.706,0,0,-1,-1,0,0.999931471,NA,NA,70.000000000,MEASURED_CPU_FAULT,CPU;INTERVAL_FAULTS,NA,NA,NA,NA,NA,NA,NA,NA,NA,NA,NA,NA,NA,NA,NA,NA,NA,NA,NA,NA,NA,NA,NA,TARGET_GONE,identity no longer active
2026-10-02T16:05:31Z,APP_21879_3030045,21879,3030045,10,36,191.904,0,0,-1,-1,0,0.999931471,NA,NA,70.000000000,MEASURED_CPU_FAULT,CPU;INTERVAL_FAULTS,NA,NA,NA,NA,NA,NA,NA,NA,NA,NA,NA,NA,NA,NA,NA,NA,NA,NA,NA,NA,NA,NA,NA,TARGET_GONE,identity no longer active
2026-10-02T16:05:31Z,APP_21879_3030045,21879,3030045,10,37,204.325,0,0,-1,-1,0,0.999931471,NA,NA,70.000000000,MEASURED_CPU_FAULT,CPU;INTERVAL_FAULTS,NA,NA,NA,NA,NA,NA,NA,NA,NA,NA,NA,NA,NA,NA,NA,NA,NA,NA,NA,NA,NA,NA,NA,TARGET_GONE,identity no longer active
2026-10-02T16:05:31Z,APP_21879_3030045,21879,3030045,10,38,201.499,0,0,-1,-1,0,0.999931471,NA,NA,70.000000000,MEASURED_CPU_FAULT,CPU;INTERVAL_FAULTS,NA,NA,NA,NA,NA,NA,NA,NA,NA,NA,NA,NA,NA,NA,NA,NA,NA,NA,NA,NA,NA,NA,NA,TARGET_GONE,identity no longer active
2026-10-02T16:05:32Z,APP_21879_3030045,21879,3030045,10,39,197.531,0,0,-1,-1,0,0.999931471,NA,NA,70.000000000,MEASURED_CPU_FAULT,CPU;INTERVAL_FAULTS,NA,NA,NA,NA,NA,NA,NA,NA,NA,NA,NA,NA,NA,NA,NA,NA,NA,NA,NA,NA,NA,NA,NA,TARGET_GONE,identity no longer active
2026-10-02T16:05:32Z,APP_21879_3030045,21879,3030045,10,40,201.499,0,0,-1,-1,0,0.999931471,NA,NA,70.000000000,MEASURED_CPU_FAULT,CPU;INTERVAL_FAULTS,NA,NA,NA,NA,NA,NA,NA,NA,NA,NA,NA,NA,NA,NA,NA,NA,NA,NA,NA,NA,NA,NA,NA,TARGET_GONE,identity no longer active
2026-10-02T16:05:32Z,APP_21879_3030045,21879,3030045,10,41,203.885,0,0,-1,-1,0,0.999931471,NA,NA,70.000000000,MEASURED_CPU_FAULT,CPU;INTERVAL_FAULTS,NA,NA,NA,NA,NA,NA,NA,NA,NA,NA,NA,NA,NA,NA,NA,NA,NA,NA,NA,NA,NA,NA,NA,TARGET_GONE,identity no longer active
2026-10-02T16:05:32Z,APP_21879_3030045,21879,3030045,10,42,192.771,0,0,-1,-1,0,0.999931471,NA,NA,70.000000000,MEASURED_CPU_FAULT,CPU;INTERVAL_FAULTS,NA,NA,NA,NA,NA,NA,NA,NA,NA,NA,NA,NA,NA,NA,NA,NA,NA,NA,NA,NA,NA,NA,NA,TARGET_GONE,identity no longer active
2026-10-02T16:05:32Z,APP_21879_3030045,21879,3030045,10,43,201.499,0,0,-1,-1,0,0.999931471,NA,NA,70.000000000,MEASURED_CPU_FAULT,CPU;INTERVAL_FAULTS,NA,NA,NA,NA,NA,NA,NA,NA,NA,NA,NA,NA,NA,NA,NA,NA,NA,NA,NA,NA,NA,NA,NA,TARGET_GONE,identity no longer active
2026-10-02T16:05:32Z,APP_21879_3030045,21879,3030045,10,44,191.847,0,0,-1,-1,0,0.999931471,NA,NA,70.000000000,MEASURED_CPU_FAULT,CPU;INTERVAL_FAULTS,NA,NA,NA,NA,NA,NA,NA,NA,NA,NA,NA,NA,NA,NA,NA,NA,NA,NA,NA,NA,NA,NA,NA,TARGET_GONE,identity no longer active
2026-10-02T16:05:32Z,APP_21879_3030045,21879,3030045,10,45,201.198,0,0,-1,-1,0,0.999931471,NA,NA,70.000000000,MEASURED_CPU_FAULT,CPU;INTERVAL_FAULTS,NA,NA,NA,NA,NA,NA,NA,NA,NA,NA,NA,NA,NA,NA,NA,NA,NA,NA,NA,NA,NA,NA,NA,TARGET_GONE,identity no longer active
2026-10-02T16:05:32Z,APP_21879_3030045,21879,3030045,10,46,204.115,0,0,-1,-1,0,0.999931471,NA,NA,70.000000000,MEASURED_CPU_FAULT,CPU;INTERVAL_FAULTS,NA,NA,NA,NA,NA,NA,NA,NA,NA,NA,NA,NA,NA,NA,NA,NA,NA,NA,NA,NA,NA,NA,NA,TARGET_GONE,identity no longer active
2026-10-02T16:05:33Z,APP_21879_3030045,21879,3030045,10,47,192.192,0,0,-1,-1,0,0.999931471,NA,NA,70.000000000,MEASURED_CPU_FAULT,CPU;INTERVAL_FAULTS,NA,NA,NA,NA,NA,NA,NA,NA,NA,NA,NA,NA,NA,NA,NA,NA,NA,NA,NA,NA,NA,NA,NA,TARGET_GONE,identity no longer active
2026-10-02T16:05:33Z,APP_21879_3030045,21879,3030045,10,48,204.115,0,0,-1,-1,0,0.999931471,NA,NA,70.000000000,MEASURED_CPU_FAULT,CPU;INTERVAL_FAULTS,NA,NA,NA,NA,NA,NA,NA,NA,NA,NA,NA,NA,NA,NA,NA,NA,NA,NA,NA,NA,NA,NA,NA,TARGET_GONE,identity no longer active
2026-10-02T16:05:33Z,APP_21879_3030045,21879,3030045,10,49,201.802,0,0,-1,-1,0,0.999931471,NA,NA,70.000000000,MEASURED_CPU_FAULT,CPU;INTERVAL_FAULTS,NA,NA,NA,NA,NA,NA,NA,NA,NA,NA,NA,NA,NA,NA,NA,NA,NA,NA,NA,NA,NA,NA,NA,TARGET_GONE,identity no longer active
2026-10-02T16:05:33Z,APP_21879_3030045,21879,3030045,10,50,201.491,0,0,-1,-1,0,0.999931471,NA,NA,70.000000000,MEASURED_CPU_FAULT,CPU;INTERVAL_FAULTS,NA,NA,NA,NA,NA,NA,NA,NA,NA,NA,NA,NA,NA,NA,NA,NA,NA,NA,NA,NA,NA,NA,NA,TARGET_GONE,identity no longer active
2026-10-02T16:05:33Z,APP_21879_3030045,21879,3030045,10,51,192.771,0,0,-1,-1,0,0.999931471,NA,NA,70.000000000,MEASURED_CPU_FAULT,CPU;INTERVAL_FAULTS,NA,NA,NA,NA,NA,NA,NA,NA,NA,NA,NA,NA,NA,NA,NA,NA,NA,NA,NA,NA,NA,NA,NA,TARGET_GONE,identity no longer active
2026-10-02T16:05:33Z,APP_21879_3030045,21879,3030045,10,52,201.499,0,0,-1,-1,0,0.999931471,NA,NA,70.000000000,MEASURED_CPU_FAULT,CPU;INTERVAL_FAULTS,NA,NA,NA,NA,NA,NA,NA,NA,NA,NA,NA,NA,NA,NA,NA,NA,NA,NA,NA,NA,NA,NA,NA,TARGET_GONE,identity no longer active
2026-10-02T16:05:33Z,APP_21879_3030045,21879,3030045,10,53,199.253,0,0,-1,-1,0,0.999931471,NA,NA,70.000000000,MEASURED_CPU_FAULT,CPU;INTERVAL_FAULTS,NA,NA,NA,NA,NA,NA,NA,NA,NA,NA,NA,NA,NA,NA,NA,NA,NA,NA,NA,NA,NA,NA,NA,TARGET_GONE,identity no longer active
2026-10-02T16:05:33Z,APP_21879_3030045,21879,3030045,10,54,201.198,0,0,-1,-1,0,0.999931471,NA,NA,70.000000000,MEASURED_CPU_FAULT,CPU;INTERVAL_FAULTS,NA,NA,NA,NA,NA,NA,NA,NA,NA,NA,NA,NA,NA,NA,NA,NA,NA,NA,NA,NA,NA,NA,NA,TARGET_GONE,identity no longer active
2026-10-02T16:05:34Z,APP_21879_3030045,21879,3030045,10,55,198.142,0,0,-1,-1,0,0.999931471,NA,NA,70.000000000,MEASURED_CPU_FAULT,CPU;INTERVAL_FAULTS,NA,NA,NA,NA,NA,NA,NA,NA,NA,NA,NA,NA,NA,NA,NA,NA,NA,NA,NA,NA,NA,NA,NA,TARGET_GONE,identity no longer active
2026-10-02T16:05:34Z,APP_21879_3030045,21879,3030045,10,56,200.897,0,0,-1,-1,0,0.999931471,NA,NA,70.000000000,MEASURED_CPU_FAULT,CPU;INTERVAL_FAULTS,NA,NA,NA,NA,NA,NA,NA,NA,NA,NA,NA,NA,NA,NA,NA,NA,NA,NA,NA,NA,NA,NA,NA,TARGET_GONE,identity no longer active
2026-10-02T16:05:34Z,APP_21879_3030045,21879,3030045,10,57,197.938,0,0,-1,-1,0,0.999931471,NA,NA,70.000000000,MEASURED_CPU_FAULT,CPU;INTERVAL_FAULTS,NA,NA,NA,NA,NA,NA,NA,NA,NA,NA,NA,NA,NA,NA,NA,NA,NA,NA,NA,NA,NA,NA,NA,TARGET_GONE,identity no longer active
2026-10-02T16:05:34Z,APP_21879_3030045,21879,3030045,10,58,201.499,0,0,-1,-1,0,0.999931471,NA,NA,70.000000000,MEASURED_CPU_FAULT,CPU;INTERVAL_FAULTS,NA,NA,NA,NA,NA,NA,NA,NA,NA,NA,NA,NA,NA,NA,NA,NA,NA,NA,NA,NA,NA,NA,NA,TARGET_GONE,identity no longer active
2026-10-02T16:05:34Z,APP_21879_3030045,21879,3030045,10,59,202.625,0,0,-1,-1,0,0.999931471,NA,NA,70.000000000,MEASURED_CPU_FAULT,CPU;INTERVAL_FAULTS,NA,NA,NA,NA,NA,NA,NA,NA,NA,NA,NA,NA,NA,NA,NA,NA,NA,NA,NA,NA,NA,NA,NA,TARGET_GONE,identity no longer active
2026-10-02T16:05:34Z,APP_21879_3030045,21879,3030045,10,60,192.192,0,0,-1,-1,0,0.999931471,NA,NA,70.000000000,MEASURED_CPU_FAULT,CPU;INTERVAL_FAULTS,NA,NA,NA,NA,NA,NA,NA,NA,NA,NA,NA,NA,NA,NA,NA,NA,NA,NA,NA,NA,NA,NA,NA,TARGET_GONE,identity no longer active
2026-10-02T16:05:34Z,APP_21879_3030045,21879,3030045,10,61,201.198,0,0,-1,-1,0,0.999931471,NA,NA,70.000000000,MEASURED_CPU_FAULT,CPU;INTERVAL_FAULTS,NA,NA,NA,NA,NA,NA,NA,NA,NA,NA,NA,NA,NA,NA,NA,NA,NA,NA,NA,NA,NA,NA,NA,TARGET_GONE,identity no longer active
2026-10-02T16:05:34Z,APP_21879_3030045,21879,3030045,10,62,199.253,0,0,-1,-1,0,0.999931471,NA,NA,70.000000000,MEASURED_CPU_FAULT,CPU;INTERVAL_FAULTS,NA,NA,NA,NA,NA,NA,NA,NA,NA,NA,NA,NA,NA,NA,NA,NA,NA,NA,NA,NA,NA,NA,NA,TARGET_GONE,identity no longer active
2026-10-02T16:05:34Z,APP_21879_3030045,21879,3030045,10,63,201.802,0,0,-1,-1,0,0.999931471,NA,NA,70.000000000,MEASURED_CPU_FAULT,CPU;INTERVAL_FAULTS,NA,NA,NA,NA,NA,NA,NA,NA,NA,NA,NA,NA,NA,NA,NA,NA,NA,NA,NA,NA,NA,NA,NA,TARGET_GONE,identity no longer active
2026-10-02T16:05:35Z,APP_21879_3030045,21879,3030045,10,64,197.328,0,0,-1,-1,0,0.999931471,NA,NA,70.000000000,MEASURED_CPU_FAULT,CPU;INTERVAL_FAULTS,NA,NA,NA,NA,NA,NA,NA,NA,NA,NA,NA,NA,NA,NA,NA,NA,NA,NA,NA,NA,NA,NA,NA,TARGET_GONE,identity no longer active
2026-10-02T16:05:35Z,APP_21879_3030045,21879,3030045,10,65,201.499,0,0,-1,-1,0,0.999931471,NA,NA,70.000000000,MEASURED_CPU_FAULT,CPU;INTERVAL_FAULTS,NA,NA,NA,NA,NA,NA,NA,NA,NA,NA,NA,NA,NA,NA,NA,NA,NA,NA,NA,NA,NA,NA,NA,TARGET_GONE,identity no longer active
2026-10-02T16:05:35Z,APP_21879_3030045,21879,3030045,10,66,198.142,0,0,-1,-1,0,0.999931471,NA,NA,70.000000000,MEASURED_CPU_FAULT,CPU;INTERVAL_FAULTS,NA,NA,NA,NA,NA,NA,NA,NA,NA,NA,NA,NA,NA,NA,NA,NA,NA,NA,NA,NA,NA,NA,NA,TARGET_GONE,identity no longer active
2026-10-02T16:05:35Z,APP_21879_3030045,21879,3030045,10,67,201.198,0,0,-1,-1,0,0.999931471,NA,NA,70.000000000,MEASURED_CPU_FAULT,CPU;INTERVAL_FAULTS,NA,NA,NA,NA,NA,NA,NA,NA,NA,NA,NA,NA,NA,NA,NA,NA,NA,NA,NA,NA,NA,NA,NA,TARGET_GONE,identity no longer active
2026-10-02T16:05:35Z,APP_21879_3030045,21879,3030045,10,68,203.253,0,0,-1,-1,0,0.999931471,NA,NA,70.000000000,MEASURED_CPU_FAULT,CPU;INTERVAL_FAULTS,NA,NA,NA,NA,NA,NA,NA,NA,NA,NA,NA,NA,NA,NA,NA,NA,NA,NA,NA,NA,NA,NA,NA,TARGET_GONE,identity no longer active
2026-10-02T16:05:35Z,APP_21879_3030045,21879,3030045,10,69,192.192,0,0,-1,-1,0,0.999931471,NA,NA,70.000000000,MEASURED_CPU_FAULT,CPU;INTERVAL_FAULTS,NA,NA,NA,NA,NA,NA,NA,NA,NA,NA,NA,NA,NA,NA,NA,NA,NA,NA,NA,NA,NA,NA,NA,TARGET_GONE,identity no longer active
2026-10-02T16:05:35Z,APP_21879_3030045,21879,3030045,10,70,201.499,0,0,-1,-1,0,0.999931471,NA,NA,70.000000000,MEASURED_CPU_FAULT,CPU;INTERVAL_FAULTS,NA,NA,NA,NA,NA,NA,NA,NA,NA,NA,NA,NA,NA,NA,NA,NA,NA,NA,NA,NA,NA,NA,NA,TARGET_GONE,identity no longer active
2026-10-02T16:05:35Z,APP_21879_3030045,21879,3030045,10,71,199.253,0,0,-1,-1,0,0.999931471,NA,NA,70.000000000,MEASURED_CPU_FAULT,CPU;INTERVAL_FAULTS,NA,NA,NA,NA,NA,NA,NA,NA,NA,NA,NA,NA,NA,NA,NA,NA,NA,NA,NA,NA,NA,NA,NA,TARGET_GONE,identity no longer active
2026-10-02T16:05:36Z,APP_21879_3030045,21879,3030045,10,72,201.198,0,0,-1,-1,0,0.999931471,NA,NA,70.000000000,MEASURED_CPU_FAULT,CPU;INTERVAL_FAULTS,NA,NA,NA,NA,NA,NA,NA,NA,NA,NA,NA,NA,NA,NA,NA,NA,NA,NA,NA,NA,NA,NA,NA,TARGET_GONE,identity no longer active
2026-10-02T16:05:36Z,APP_21879_3030045,21879,3030045,10,73,197.938,0,0,-1,-1,0,0.999931471,NA,NA,70.000000000,MEASURED_CPU_FAULT,CPU;INTERVAL_FAULTS,NA,NA,NA,NA,NA,NA,NA,NA,NA,NA,NA,NA,NA,NA,NA,NA,NA,NA,NA,NA,NA,NA,NA,TARGET_GONE,identity no longer active
2026-10-02T16:05:36Z,APP_21879_3030045,21879,3030045,10,74,201.198,0,0,-1,-1,0,0.999931471,NA,NA,70.000000000,MEASURED_CPU_FAULT,CPU;INTERVAL_FAULTS,NA,NA,NA,NA,NA,NA,NA,NA,NA,NA,NA,NA,NA,NA,NA,NA,NA,NA,NA,NA,NA,NA,NA,TARGET_GONE,identity no longer active
2026-10-02T16:05:36Z,APP_21879_3030045,21879,3030045,10,75,197.734,0,0,-1,-1,0,0.999931471,NA,NA,70.000000000,MEASURED_CPU_FAULT,CPU;INTERVAL_FAULTS,NA,NA,NA,NA,NA,NA,NA,NA,NA,NA,NA,NA,NA,NA,NA,NA,NA,NA,NA,NA,NA,NA,NA,TARGET_GONE,identity no longer active
2026-10-02T16:05:36Z,APP_21879_3030045,21879,3030045,10,76,201.802,0,0,-1,-1,0,0.999931471,NA,NA,70.000000000,MEASURED_CPU_FAULT,CPU;INTERVAL_FAULTS,NA,NA,NA,NA,NA,NA,NA,NA,NA,NA,NA,NA,NA,NA,NA,NA,NA,NA,NA,NA,NA,NA,NA,TARGET_GONE,identity no longer active
2026-10-02T16:05:36Z,APP_21879_3030045,21879,3030045,10,77,203.096,0,0,-1,-1,0,0.999931471,NA,NA,70.000000000,MEASURED_CPU_FAULT,CPU;INTERVAL_FAULTS,NA,NA,NA,NA,NA,NA,NA,NA,NA,NA,NA,NA,NA,NA,NA,NA,NA,NA,NA,NA,NA,NA,NA,TARGET_GONE,identity no longer active
2026-10-02T16:05:36Z,APP_21879_3030045,21879,3030045,10,78,191.617,0,0,-1,-1,0,0.999931471,NA,NA,70.000000000,MEASURED_CPU_FAULT,CPU;INTERVAL_FAULTS,NA,NA,NA,NA,NA,NA,NA,NA,NA,NA,NA,NA,NA,NA,NA,NA,NA,NA,NA,NA,NA,NA,NA,TARGET_GONE,identity no longer active
2026-10-02T16:05:36Z,APP_21879_3030045,21879,3030045,10,79,201.499,0,0,-1,-1,0,0.999931471,NA,NA,70.000000000,MEASURED_CPU_FAULT,CPU;INTERVAL_FAULTS,NA,NA,NA,NA,NA,NA,NA,NA,NA,NA,NA,NA,NA,NA,NA,NA,NA,NA,NA,NA,NA,NA,NA,TARGET_GONE,identity no longer active
2026-10-02T16:05:37Z,APP_21879_3030045,21879,3030045,10,80,199.253,0,0,-1,-1,0,0.999931471,NA,NA,70.000000000,MEASURED_CPU_FAULT,CPU;INTERVAL_FAULTS,NA,NA,NA,NA,NA,NA,NA,NA,NA,NA,NA,NA,NA,NA,NA,NA,NA,NA,NA,NA,NA,NA,NA,TARGET_GONE,identity no longer active
2026-10-02T16:05:37Z,APP_21879_3030045,21879,3030045,10,81,201.198,0,0,-1,-1,0,0.999931471,NA,NA,70.000000000,MEASURED_CPU_FAULT,CPU;INTERVAL_FAULTS,NA,NA,NA,NA,NA,NA,NA,NA,NA,NA,NA,NA,NA,NA,NA,NA,NA,NA,NA,NA,NA,NA,NA,TARGET_GONE,identity no longer active
2026-10-02T16:05:37Z,APP_21879_3030045,21879,3030045,10,82,197.734,0,0,-1,-1,0,0.999931471,NA,NA,70.000000000,MEASURED_CPU_FAULT,CPU;INTERVAL_FAULTS,NA,NA,NA,NA,NA,NA,NA,NA,NA,NA,NA,NA,NA,NA,NA,NA,NA,NA,NA,NA,NA,NA,NA,TARGET_GONE,identity no longer active
2026-10-02T16:05:37Z,APP_21879_3030045,21879,3030045,10,83,201.802,0,0,-1,-1,0,0.999931471,NA,NA,70.000000000,MEASURED_CPU_FAULT,CPU;INTERVAL_FAULTS,NA,NA,NA,NA,NA,NA,NA,NA,NA,NA,NA,NA,NA,NA,NA,NA,NA,NA,NA,NA,NA,NA,NA,TARGET_GONE,identity no longer active
2026-10-02T16:05:37Z,APP_21879_3030045,21879,3030045,10,84,197.531,0,0,-1,-1,0,0.999931471,NA,NA,70.000000000,MEASURED_CPU_FAULT,CPU;INTERVAL_FAULTS,NA,NA,NA,NA,NA,NA,NA,NA,NA,NA,NA,NA,NA,NA,NA,NA,NA,NA,NA,NA,NA,NA,NA,TARGET_GONE,identity no longer active
2026-10-02T16:05:37Z,APP_21879_3030045,21879,3030045,10,85,201.499,0,0,-1,-1,0,0.999931471,NA,NA,70.000000000,MEASURED_CPU_FAULT,CPU;INTERVAL_FAULTS,NA,NA,NA,NA,NA,NA,NA,NA,NA,NA,NA,NA,NA,NA,NA,NA,NA,NA,NA,NA,NA,NA,NA,TARGET_GONE,identity no longer active
2026-10-02T16:05:37Z,APP_21879_3030045,21879,3030045,10,86,202.755,0,0,-1,-1,0,0.999931471,NA,NA,70.000000000,MEASURED_CPU_FAULT,CPU;INTERVAL_FAULTS,NA,NA,NA,NA,NA,NA,NA,NA,NA,NA,NA,NA,NA,NA,NA,NA,NA,NA,NA,NA,NA,NA,NA,TARGET_GONE,identity no longer active
2026-10-02T16:05:37Z,APP_21879_3030045,21879,3030045,10,87,191.617,0,0,-1,-1,0,0.999931471,NA,NA,70.000000000,MEASURED_CPU_FAULT,CPU;INTERVAL_FAULTS,NA,NA,NA,NA,NA,NA,NA,NA,NA,NA,NA,NA,NA,NA,NA,NA,NA,NA,NA,NA,NA,NA,NA,TARGET_GONE,identity no longer active
2026-10-02T16:05:38Z,APP_21879_3030045,21879,3030045,10,88,201.499,0,0,-1,-1,0,0.999931471,NA,NA,70.000000000,MEASURED_CPU_FAULT,CPU;INTERVAL_FAULTS,NA,NA,NA,NA,NA,NA,NA,NA,NA,NA,NA,NA,NA,NA,NA,NA,NA,NA,NA,NA,NA,NA,NA,TARGET_GONE,identity no longer active
2026-10-02T16:05:38Z,APP_21879_3030045,21879,3030045,10,89,206.708,0,0,-1,-1,0,0.999931471,NA,NA,70.000000000,MEASURED_CPU_FAULT,CPU;INTERVAL_FAULTS,NA,NA,NA,NA,NA,NA,NA,NA,NA,NA,NA,NA,NA,NA,NA,NA,NA,NA,NA,NA,NA,NA,NA,TARGET_GONE,identity no longer active
2026-10-02T16:05:38Z,APP_21879_3030045,21879,3030045,10,90,191.617,0,0,-1,-1,0,0.999931471,NA,NA,70.000000000,MEASURED_CPU_FAULT,CPU;INTERVAL_FAULTS,NA,NA,NA,NA,NA,NA,NA,NA,NA,NA,NA,NA,NA,NA,NA,NA,NA,NA,NA,NA,NA,NA,NA,TARGET_GONE,identity no longer active
2026-10-02T16:05:38Z,APP_21879_3030045,21879,3030045,10,91,200.607,0,0,-1,-1,0,0.999931471,NA,NA,70.000000000,MEASURED_CPU_FAULT,CPU;INTERVAL_FAULTS,NA,NA,NA,NA,NA,NA,NA,NA,NA,NA,NA,NA,NA,NA,NA,NA,NA,NA,NA,NA,NA,NA,NA,TARGET_GONE,identity no longer active
2026-10-02T16:05:38Z,APP_21879_3030045,21879,3030045,10,92,201.198,0,0,-1,-1,0,0.999931471,NA,NA,70.000000000,MEASURED_CPU_FAULT,CPU;INTERVAL_FAULTS,NA,NA,NA,NA,NA,NA,NA,NA,NA,NA,NA,NA,NA,NA,NA,NA,NA,NA,NA,NA,NA,NA,NA,TARGET_GONE,identity no longer active
2026-10-02T16:05:38Z,APP_21879_3030045,21879,3030045,10,93,199.610,0,0,-1,-1,0,0.999931471,NA,NA,70.000000000,MEASURED_CPU_FAULT,CPU;INTERVAL_FAULTS,NA,NA,NA,NA,NA,NA,NA,NA,NA,NA,NA,NA,NA,NA,NA,NA,NA,NA,NA,NA,NA,NA,NA,TARGET_GONE,identity no longer active
2026-10-02T16:05:38Z,APP_21879_3030045,21879,3030045,10,94,201.198,0,0,-1,-1,0,0.999931471,NA,NA,70.000000000,MEASURED_CPU_FAULT,CPU;INTERVAL_FAULTS,NA,NA,NA,NA,NA,NA,NA,NA,NA,NA,NA,NA,NA,NA,NA,NA,NA,NA,NA,NA,NA,NA,NA,TARGET_GONE,identity no longer active
2026-10-02T16:05:27Z,APP_21879_3030045,21879,3030045,11,95,0.000,0,0,-1,-1,0,0.999931471,1,true,0.000000000,MEASURED_CPU_FAULT,CPU;INTERVAL_FAULTS,HOT,669.474315258,0.560000000,0.700000000,NA,NA,NA,NA,0.560000000,0.000000000,0.700000000,0.000000000,-1.000000000,1.232000000,NA,MOVE_THREAD,INVALID,NOT_APPLICABLE,INVALID,MOVE_THREAD,-1,-1,false,TARGET_GONE,identity no longer active
2026-10-02T16:05:28Z,APP_21879_3030045,21879,3030045,11,96,0.000,0,0,-1,-1,0,0.999931471,NA,NA,0.000000000,MEASURED_CPU_FAULT,CPU;INTERVAL_FAULTS,NA,NA,NA,NA,NA,NA,NA,NA,NA,NA,NA,NA,NA,NA,NA,NA,NA,NA,NA,NA,NA,NA,NA,TARGET_GONE,identity no longer active
2026-10-02T16:05:28Z,APP_21879_3030045,21879,3030045,11,97,6.934,0,0,-1,-1,0,0.999931471,NA,NA,4.853800000,MEASURED_CPU_FAULT,CPU;INTERVAL_FAULTS,NA,NA,NA,NA,NA,NA,NA,NA,NA,NA,NA,NA,NA,NA,NA,NA,NA,NA,NA,NA,NA,NA,NA,TARGET_GONE,identity no longer active
2026-10-02T16:05:28Z,APP_21879_3030045,21879,3030045,11,98,0.000,0,0,-1,-1,0,0.999931471,NA,NA,0.000000000,MEASURED_CPU_FAULT,CPU;INTERVAL_FAULTS,NA,NA,NA,NA,NA,NA,NA,NA,NA,NA,NA,NA,NA,NA,NA,NA,NA,NA,NA,NA,NA,NA,NA,TARGET_GONE,identity no longer active
2026-10-02T16:05:28Z,APP_21879_3030045,21879,3030045,11,99,0.000,0,0,-1,-1,0,0.999931471,NA,NA,0.000000000,MEASURED_CPU_FAULT,CPU;INTERVAL_FAULTS,NA,NA,NA,NA,NA,NA,NA,NA,NA,NA,NA,NA,NA,NA,NA,NA,NA,NA,NA,NA,NA,NA,NA,TARGET_GONE,identity no longer active
2026-10-02T16:05:28Z,APP_21879_3030045,21879,3030045,11,100,0.000,0,0,-1,-1,0,0.999931471,NA,NA,0.000000000,MEASURED_CPU_FAULT,CPU;INTERVAL_FAULTS,NA,NA,NA,NA,NA,NA,NA,NA,NA,NA,NA,NA,NA,NA,NA,NA,NA,NA,NA,NA,NA,NA,NA,TARGET_GONE,identity no longer active
2026-10-02T16:05:28Z,APP_21879_3030045,21879,3030045,11,101,0.000,0,0,-1,-1,0,0.999931471,NA,NA,0.000000000,MEASURED_CPU_FAULT,CPU;INTERVAL_FAULTS,NA,NA,NA,NA,NA,NA,NA,NA,NA,NA,NA,NA,NA,NA,NA,NA,NA,NA,NA,NA,NA,NA,NA,TARGET_GONE,identity no longer active
2026-10-02T16:05:29Z,APP_21879_3030045,21879,3030045,11,102,0.000,0,0,-1,-1,0,0.999931471,NA,NA,0.000000000,MEASURED_CPU_FAULT,CPU;INTERVAL_FAULTS,NA,NA,NA,NA,NA,NA,NA,NA,NA,NA,NA,NA,NA,NA,NA,NA,NA,NA,NA,NA,NA,NA,NA,TARGET_GONE,identity no longer active
2026-10-02T16:05:29Z,APP_21879_3030045,21879,3030045,11,103,95.238,0,0,-1,-1,0,0.999931471,NA,NA,66.666600000,MEASURED_CPU_FAULT,CPU;INTERVAL_FAULTS,NA,NA,NA,NA,NA,NA,NA,NA,NA,NA,NA,NA,NA,NA,NA,NA,NA,NA,NA,NA,NA,NA,NA,TARGET_GONE,identity no longer active
2026-10-02T16:05:29Z,APP_21879_3030045,21879,3030045,11,104,201.802,0,0,-1,-1,0,0.999931471,NA,NA,70.000000000,MEASURED_CPU_FAULT,CPU;INTERVAL_FAULTS,NA,NA,NA,NA,NA,NA,NA,NA,NA,NA,NA,NA,NA,NA,NA,NA,NA,NA,NA,NA,NA,NA,NA,TARGET_GONE,identity no longer active
2026-10-02T16:05:29Z,APP_21879_3030045,21879,3030045,11,105,198.650,0,0,-1,-1,0,0.999931471,NA,NA,70.000000000,MEASURED_CPU_FAULT,CPU;INTERVAL_FAULTS,NA,NA,NA,NA,NA,NA,NA,NA,NA,NA,NA,NA,NA,NA,NA,NA,NA,NA,NA,NA,NA,NA,NA,TARGET_GONE,identity no longer active
2026-10-02T16:05:29Z,APP_21879_3030045,21879,3030045,11,106,201.198,0,0,-1,-1,0,0.999931471,NA,NA,70.000000000,MEASURED_CPU_FAULT,CPU;INTERVAL_FAULTS,NA,NA,NA,NA,NA,NA,NA,NA,NA,NA,NA,NA,NA,NA,NA,NA,NA,NA,NA,NA,NA,NA,NA,TARGET_GONE,identity no longer active
2026-10-02T16:05:29Z,APP_21879_3030045,21879,3030045,11,107,202.230,0,0,-1,-1,0,0.999931471,NA,NA,70.000000000,MEASURED_CPU_FAULT,CPU;INTERVAL_FAULTS,NA,NA,NA,NA,NA,NA,NA,NA,NA,NA,NA,NA,NA,NA,NA,NA,NA,NA,NA,NA,NA,NA,NA,TARGET_GONE,identity no longer active
2026-10-02T16:05:29Z,APP_21879_3030045,21879,3030045,11,108,191.617,0,0,-1,-1,0,0.999931471,NA,NA,70.000000000,MEASURED_CPU_FAULT,CPU;INTERVAL_FAULTS,NA,NA,NA,NA,NA,NA,NA,NA,NA,NA,NA,NA,NA,NA,NA,NA,NA,NA,NA,NA,NA,NA,NA,TARGET_GONE,identity no longer active
2026-10-02T16:05:29Z,APP_21879_3030045,21879,3030045,11,109,202.043,0,0,-1,-1,0,0.999931471,NA,NA,70.000000000,MEASURED_CPU_FAULT,CPU;INTERVAL_FAULTS,NA,NA,NA,NA,NA,NA,NA,NA,NA,NA,NA,NA,NA,NA,NA,NA,NA,NA,NA,NA,NA,NA,NA,TARGET_GONE,identity no longer active
2026-10-02T16:05:30Z,APP_21879_3030045,21879,3030045,11,110,201.198,0,0,-1,-1,0,0.999931471,NA,NA,70.000000000,MEASURED_CPU_FAULT,CPU;INTERVAL_FAULTS,NA,NA,NA,NA,NA,NA,NA,NA,NA,NA,NA,NA,NA,NA,NA,NA,NA,NA,NA,NA,NA,NA,NA,TARGET_GONE,identity no longer active
2026-10-02T16:05:30Z,APP_21879_3030045,21879,3030045,11,111,197.280,0,0,-1,-1,0,0.999931471,NA,NA,70.000000000,MEASURED_CPU_FAULT,CPU;INTERVAL_FAULTS,NA,NA,NA,NA,NA,NA,NA,NA,NA,NA,NA,NA,NA,NA,NA,NA,NA,NA,NA,NA,NA,NA,NA,TARGET_GONE,identity no longer active
2026-10-02T16:05:30Z,APP_21879_3030045,21879,3030045,11,112,210.778,0,0,-1,-1,0,0.999931471,NA,NA,70.000000000,MEASURED_CPU_FAULT,CPU;INTERVAL_FAULTS,NA,NA,NA,NA,NA,NA,NA,NA,NA,NA,NA,NA,NA,NA,NA,NA,NA,NA,NA,NA,NA,NA,NA,TARGET_GONE,identity no longer active
2026-10-02T16:05:30Z,APP_21879_3030045,21879,3030045,11,113,191.904,0,0,-1,-1,0,0.999931471,NA,NA,70.000000000,MEASURED_CPU_FAULT,CPU;INTERVAL_FAULTS,NA,NA,NA,NA,NA,NA,NA,NA,NA,NA,NA,NA,NA,NA,NA,NA,NA,NA,NA,NA,NA,NA,NA,TARGET_GONE,identity no longer active
2026-10-02T16:05:30Z,APP_21879_3030045,21879,3030045,11,114,205.714,0,0,-1,-1,0,0.999931471,NA,NA,70.000000000,MEASURED_CPU_FAULT,CPU;INTERVAL_FAULTS,NA,NA,NA,NA,NA,NA,NA,NA,NA,NA,NA,NA,NA,NA,NA,NA,NA,NA,NA,NA,NA,NA,NA,TARGET_GONE,identity no longer active
2026-10-02T16:05:30Z,APP_21879_3030045,21879,3030045,11,115,201.198,0,0,-1,-1,0,0.999931471,NA,NA,70.000000000,MEASURED_CPU_FAULT,CPU;INTERVAL_FAULTS,NA,NA,NA,NA,NA,NA,NA,NA,NA,NA,NA,NA,NA,NA,NA,NA,NA,NA,NA,NA,NA,NA,NA,TARGET_GONE,identity no longer active
2026-10-02T16:05:30Z,APP_21879_3030045,21879,3030045,11,116,196.648,0,0,-1,-1,0,0.999931471,NA,NA,70.000000000,MEASURED_CPU_FAULT,CPU;INTERVAL_FAULTS,NA,NA,NA,NA,NA,NA,NA,NA,NA,NA,NA,NA,NA,NA,NA,NA,NA,NA,NA,NA,NA,NA,NA,TARGET_GONE,identity no longer active
2026-10-02T16:05:30Z,APP_21879_3030045,21879,3030045,11,117,201.499,0,0,-1,-1,0,0.999931471,NA,NA,70.000000000,MEASURED_CPU_FAULT,CPU;INTERVAL_FAULTS,NA,NA,NA,NA,NA,NA,NA,NA,NA,NA,NA,NA,NA,NA,NA,NA,NA,NA,NA,NA,NA,NA,NA,TARGET_GONE,identity no longer active
2026-10-02T16:05:31Z,APP_21879_3030045,21879,3030045,11,118,202.772,0,0,-1,-1,0,0.999931471,NA,NA,70.000000000,MEASURED_CPU_FAULT,CPU;INTERVAL_FAULTS,NA,NA,NA,NA,NA,NA,NA,NA,NA,NA,NA,NA,NA,NA,NA,NA,NA,NA,NA,NA,NA,NA,NA,TARGET_GONE,identity no longer active
2026-10-02T16:05:31Z,APP_21879_3030045,21879,3030045,11,119,201.499,0,0,-1,-1,0,0.999931471,NA,NA,70.000000000,MEASURED_CPU_FAULT,CPU;INTERVAL_FAULTS,NA,NA,NA,NA,NA,NA,NA,NA,NA,NA,NA,NA,NA,NA,NA,NA,NA,NA,NA,NA,NA,NA,NA,TARGET_GONE,identity no longer active
2026-10-02T16:05:31Z,APP_21879_3030045,21879,3030045,11,120,195.918,0,0,-1,-1,0,0.999931471,NA,NA,70.000000000,MEASURED_CPU_FAULT,CPU;INTERVAL_FAULTS,NA,NA,NA,NA,NA,NA,NA,NA,NA,NA,NA,NA,NA,NA,NA,NA,NA,NA,NA,NA,NA,NA,NA,TARGET_GONE,identity no longer active
2026-10-02T16:05:31Z,APP_21879_3030045,21879,3030045,11,121,211.411,0,0,-1,-1,0,0.999931471,NA,NA,70.000000000,MEASURED_CPU_FAULT,CPU;INTERVAL_FAULTS,NA,NA,NA,NA,NA,NA,NA,NA,NA,NA,NA,NA,NA,NA,NA,NA,NA,NA,NA,NA,NA,NA,NA,TARGET_GONE,identity no longer active
2026-10-02T16:05:31Z,APP_21879_3030045,21879,3030045,11,122,201.499,0,0,-1,-1,0,0.999931471,NA,NA,70.000000000,MEASURED_CPU_FAULT,CPU;INTERVAL_FAULTS,NA,NA,NA,NA,NA,NA,NA,NA,NA,NA,NA,NA,NA,NA,NA,NA,NA,NA,NA,NA,NA,NA,NA,TARGET_GONE,identity no longer active
2026-10-02T16:05:31Z,APP_21879_3030045,21879,3030045,11,123,198.706,0,0,-1,-1,0,0.999931471,NA,NA,70.000000000,MEASURED_CPU_FAULT,CPU;INTERVAL_FAULTS,NA,NA,NA,NA,NA,NA,NA,NA,NA,NA,NA,NA,NA,NA,NA,NA,NA,NA,NA,NA,NA,NA,NA,TARGET_GONE,identity no longer active
2026-10-02T16:05:31Z,APP_21879_3030045,21879,3030045,11,124,191.904,0,0,-1,-1,0,0.999931471,NA,NA,70.000000000,MEASURED_CPU_FAULT,CPU;INTERVAL_FAULTS,NA,NA,NA,NA,NA,NA,NA,NA,NA,NA,NA,NA,NA,NA,NA,NA,NA,NA,NA,NA,NA,NA,NA,TARGET_GONE,identity no longer active
2026-10-02T16:05:31Z,APP_21879_3030045,21879,3030045,11,125,204.325,0,0,-1,-1,0,0.999931471,NA,NA,70.000000000,MEASURED_CPU_FAULT,CPU;INTERVAL_FAULTS,NA,NA,NA,NA,NA,NA,NA,NA,NA,NA,NA,NA,NA,NA,NA,NA,NA,NA,NA,NA,NA,NA,NA,TARGET_GONE,identity no longer active
2026-10-02T16:05:31Z,APP_21879_3030045,21879,3030045,11,126,201.499,0,0,-1,-1,0,0.999931471,NA,NA,70.000000000,MEASURED_CPU_FAULT,CPU;INTERVAL_FAULTS,NA,NA,NA,NA,NA,NA,NA,NA,NA,NA,NA,NA,NA,NA,NA,NA,NA,NA,NA,NA,NA,NA,NA,TARGET_GONE,identity no longer active
2026-10-02T16:05:32Z,APP_21879_3030045,21879,3030045,11,127,197.531,0,0,-1,-1,0,0.999931471,NA,NA,70.000000000,MEASURED_CPU_FAULT,CPU;INTERVAL_FAULTS,NA,NA,NA,NA,NA,NA,NA,NA,NA,NA,NA,NA,NA,NA,NA,NA,NA,NA,NA,NA,NA,NA,NA,TARGET_GONE,identity no longer active
2026-10-02T16:05:32Z,APP_21879_3030045,21879,3030045,11,128,201.499,0,0,-1,-1,0,0.999931471,NA,NA,70.000000000,MEASURED_CPU_FAULT,CPU;INTERVAL_FAULTS,NA,NA,NA,NA,NA,NA,NA,NA,NA,NA,NA,NA,NA,NA,NA,NA,NA,NA,NA,NA,NA,NA,NA,TARGET_GONE,identity no longer active
2026-10-02T16:05:32Z,APP_21879_3030045,21879,3030045,11,129,203.885,0,0,-1,-1,0,0.999931471,NA,NA,70.000000000,MEASURED_CPU_FAULT,CPU;INTERVAL_FAULTS,NA,NA,NA,NA,NA,NA,NA,NA,NA,NA,NA,NA,NA,NA,NA,NA,NA,NA,NA,NA,NA,NA,NA,TARGET_GONE,identity no longer active
2026-10-02T16:05:32Z,APP_21879_3030045,21879,3030045,11,130,192.771,0,0,-1,-1,0,0.999931471,NA,NA,70.000000000,MEASURED_CPU_FAULT,CPU;INTERVAL_FAULTS,NA,NA,NA,NA,NA,NA,NA,NA,NA,NA,NA,NA,NA,NA,NA,NA,NA,NA,NA,NA,NA,NA,NA,TARGET_GONE,identity no longer active
2026-10-02T16:05:32Z,APP_21879_3030045,21879,3030045,11,131,201.499,0,0,-1,-1,0,0.999931471,NA,NA,70.000000000,MEASURED_CPU_FAULT,CPU;INTERVAL_FAULTS,NA,NA,NA,NA,NA,NA,NA,NA,NA,NA,NA,NA,NA,NA,NA,NA,NA,NA,NA,NA,NA,NA,NA,TARGET_GONE,identity no longer active
2026-10-02T16:05:32Z,APP_21879_3030045,21879,3030045,11,132,191.847,0,0,-1,-1,0,0.999931471,NA,NA,70.000000000,MEASURED_CPU_FAULT,CPU;INTERVAL_FAULTS,NA,NA,NA,NA,NA,NA,NA,NA,NA,NA,NA,NA,NA,NA,NA,NA,NA,NA,NA,NA,NA,NA,NA,TARGET_GONE,identity no longer active
2026-10-02T16:05:32Z,APP_21879_3030045,21879,3030045,11,133,201.198,0,0,-1,-1,0,0.999931471,NA,NA,70.000000000,MEASURED_CPU_FAULT,CPU;INTERVAL_FAULTS,NA,NA,NA,NA,NA,NA,NA,NA,NA,NA,NA,NA,NA,NA,NA,NA,NA,NA,NA,NA,NA,NA,NA,TARGET_GONE,identity no longer active
2026-10-02T16:05:32Z,APP_21879_3030045,21879,3030045,11,134,204.115,0,0,-1,-1,0,0.999931471,NA,NA,70.000000000,MEASURED_CPU_FAULT,CPU;INTERVAL_FAULTS,NA,NA,NA,NA,NA,NA,NA,NA,NA,NA,NA,NA,NA,NA,NA,NA,NA,NA,NA,NA,NA,NA,NA,TARGET_GONE,identity no longer active
2026-10-02T16:05:33Z,APP_21879_3030045,21879,3030045,11,135,192.192,0,0,-1,-1,0,0.999931471,NA,NA,70.000000000,MEASURED_CPU_FAULT,CPU;INTERVAL_FAULTS,NA,NA,NA,NA,NA,NA,NA,NA,NA,NA,NA,NA,NA,NA,NA,NA,NA,NA,NA,NA,NA,NA,NA,TARGET_GONE,identity no longer active
2026-10-02T16:05:33Z,APP_21879_3030045,21879,3030045,11,136,204.115,0,0,-1,-1,0,0.999931471,NA,NA,70.000000000,MEASURED_CPU_FAULT,CPU;INTERVAL_FAULTS,NA,NA,NA,NA,NA,NA,NA,NA,NA,NA,NA,NA,NA,NA,NA,NA,NA,NA,NA,NA,NA,NA,NA,TARGET_GONE,identity no longer active
2026-10-02T16:05:33Z,APP_21879_3030045,21879,3030045,11,137,201.802,0,0,-1,-1,0,0.999931471,NA,NA,70.000000000,MEASURED_CPU_FAULT,CPU;INTERVAL_FAULTS,NA,NA,NA,NA,NA,NA,NA,NA,NA,NA,NA,NA,NA,NA,NA,NA,NA,NA,NA,NA,NA,NA,NA,TARGET_GONE,identity no longer active
2026-10-02T16:05:33Z,APP_21879_3030045,21879,3030045,11,138,201.491,0,0,-1,-1,0,0.999931471,NA,NA,70.000000000,MEASURED_CPU_FAULT,CPU;INTERVAL_FAULTS,NA,NA,NA,NA,NA,NA,NA,NA,NA,NA,NA,NA,NA,NA,NA,NA,NA,NA,NA,NA,NA,NA,NA,TARGET_GONE,identity no longer active
2026-10-02T16:05:33Z,APP_21879_3030045,21879,3030045,11,139,192.771,0,0,-1,-1,0,0.999931471,NA,NA,70.000000000,MEASURED_CPU_FAULT,CPU;INTERVAL_FAULTS,NA,NA,NA,NA,NA,NA,NA,NA,NA,NA,NA,NA,NA,NA,NA,NA,NA,NA,NA,NA,NA,NA,NA,TARGET_GONE,identity no longer active
2026-10-02T16:05:33Z,APP_21879_3030045,21879,3030045,11,140,201.499,0,0,-1,-1,0,0.999931471,NA,NA,70.000000000,MEASURED_CPU_FAULT,CPU;INTERVAL_FAULTS,NA,NA,NA,NA,NA,NA,NA,NA,NA,NA,NA,NA,NA,NA,NA,NA,NA,NA,NA,NA,NA,NA,NA,TARGET_GONE,identity no longer active
2026-10-02T16:05:33Z,APP_21879_3030045,21879,3030045,11,141,199.253,0,0,-1,-1,0,0.999931471,NA,NA,70.000000000,MEASURED_CPU_FAULT,CPU;INTERVAL_FAULTS,NA,NA,NA,NA,NA,NA,NA,NA,NA,NA,NA,NA,NA,NA,NA,NA,NA,NA,NA,NA,NA,NA,NA,TARGET_GONE,identity no longer active
2026-10-02T16:05:33Z,APP_21879_3030045,21879,3030045,11,142,201.198,0,0,-1,-1,0,0.999931471,NA,NA,70.000000000,MEASURED_CPU_FAULT,CPU;INTERVAL_FAULTS,NA,NA,NA,NA,NA,NA,NA,NA,NA,NA,NA,NA,NA,NA,NA,NA,NA,NA,NA,NA,NA,NA,NA,TARGET_GONE,identity no longer active
2026-10-02T16:05:34Z,APP_21879_3030045,21879,3030045,11,143,198.142,0,0,-1,-1,0,0.999931471,NA,NA,70.000000000,MEASURED_CPU_FAULT,CPU;INTERVAL_FAULTS,NA,NA,NA,NA,NA,NA,NA,NA,NA,NA,NA,NA,NA,NA,NA,NA,NA,NA,NA,NA,NA,NA,NA,TARGET_GONE,identity no longer active
2026-10-02T16:05:34Z,APP_21879_3030045,21879,3030045,11,144,200.897,0,0,-1,-1,0,0.999931471,NA,NA,70.000000000,MEASURED_CPU_FAULT,CPU;INTERVAL_FAULTS,NA,NA,NA,NA,NA,NA,NA,NA,NA,NA,NA,NA,NA,NA,NA,NA,NA,NA,NA,NA,NA,NA,NA,TARGET_GONE,identity no longer active
2026-10-02T16:05:34Z,APP_21879_3030045,21879,3030045,11,145,197.938,0,0,-1,-1,0,0.999931471,NA,NA,70.000000000,MEASURED_CPU_FAULT,CPU;INTERVAL_FAULTS,NA,NA,NA,NA,NA,NA,NA,NA,NA,NA,NA,NA,NA,NA,NA,NA,NA,NA,NA,NA,NA,NA,NA,TARGET_GONE,identity no longer active
2026-10-02T16:05:34Z,APP_21879_3030045,21879,3030045,11,146,201.499,0,0,-1,-1,0,0.999931471,NA,NA,70.000000000,MEASURED_CPU_FAULT,CPU;INTERVAL_FAULTS,NA,NA,NA,NA,NA,NA,NA,NA,NA,NA,NA,NA,NA,NA,NA,NA,NA,NA,NA,NA,NA,NA,NA,TARGET_GONE,identity no longer active
2026-10-02T16:05:34Z,APP_21879_3030045,21879,3030045,11,147,202.625,0,0,-1,-1,0,0.999931471,NA,NA,70.000000000,MEASURED_CPU_FAULT,CPU;INTERVAL_FAULTS,NA,NA,NA,NA,NA,NA,NA,NA,NA,NA,NA,NA,NA,NA,NA,NA,NA,NA,NA,NA,NA,NA,NA,TARGET_GONE,identity no longer active
2026-10-02T16:05:34Z,APP_21879_3030045,21879,3030045,11,148,192.192,0,0,-1,-1,0,0.999931471,NA,NA,70.000000000,MEASURED_CPU_FAULT,CPU;INTERVAL_FAULTS,NA,NA,NA,NA,NA,NA,NA,NA,NA,NA,NA,NA,NA,NA,NA,NA,NA,NA,NA,NA,NA,NA,NA,TARGET_GONE,identity no longer active
2026-10-02T16:05:34Z,APP_21879_3030045,21879,3030045,11,149,201.198,0,0,-1,-1,0,0.999931471,NA,NA,70.000000000,MEASURED_CPU_FAULT,CPU;INTERVAL_FAULTS,NA,NA,NA,NA,NA,NA,NA,NA,NA,NA,NA,NA,NA,NA,NA,NA,NA,NA,NA,NA,NA,NA,NA,TARGET_GONE,identity no longer active
2026-10-02T16:05:34Z,APP_21879_3030045,21879,3030045,11,150,199.253,0,0,-1,-1,0,0.999931471,NA,NA,70.000000000,MEASURED_CPU_FAULT,CPU;INTERVAL_FAULTS,NA,NA,NA,NA,NA,NA,NA,NA,NA,NA,NA,NA,NA,NA,NA,NA,NA,NA,NA,NA,NA,NA,NA,TARGET_GONE,identity no longer active
2026-10-02T16:05:34Z,APP_21879_3030045,21879,3030045,11,151,201.802,0,0,-1,-1,0,0.999931471,NA,NA,70.000000000,MEASURED_CPU_FAULT,CPU;INTERVAL_FAULTS,NA,NA,NA,NA,NA,NA,NA,NA,NA,NA,NA,NA,NA,NA,NA,NA,NA,NA,NA,NA,NA,NA,NA,TARGET_GONE,identity no longer active
2026-10-02T16:05:35Z,APP_21879_3030045,21879,3030045,11,152,197.328,0,0,-1,-1,0,0.999931471,NA,NA,70.000000000,MEASURED_CPU_FAULT,CPU;INTERVAL_FAULTS,NA,NA,NA,NA,NA,NA,NA,NA,NA,NA,NA,NA,NA,NA,NA,NA,NA,NA,NA,NA,NA,NA,NA,TARGET_GONE,identity no longer active
2026-10-02T16:05:35Z,APP_21879_3030045,21879,3030045,11,153,201.499,0,0,-1,-1,0,0.999931471,NA,NA,70.000000000,MEASURED_CPU_FAULT,CPU;INTERVAL_FAULTS,NA,NA,NA,NA,NA,NA,NA,NA,NA,NA,NA,NA,NA,NA,NA,NA,NA,NA,NA,NA,NA,NA,NA,TARGET_GONE,identity no longer active
2026-10-02T16:05:35Z,APP_21879_3030045,21879,3030045,11,154,198.142,0,0,-1,-1,0,0.999931471,NA,NA,70.000000000,MEASURED_CPU_FAULT,CPU;INTERVAL_FAULTS,NA,NA,NA,NA,NA,NA,NA,NA,NA,NA,NA,NA,NA,NA,NA,NA,NA,NA,NA,NA,NA,NA,NA,TARGET_GONE,identity no longer active
2026-10-02T16:05:35Z,APP_21879_3030045,21879,3030045,11,155,201.198,0,0,-1,-1,0,0.999931471,NA,NA,70.000000000,MEASURED_CPU_FAULT,CPU;INTERVAL_FAULTS,NA,NA,NA,NA,NA,NA,NA,NA,NA,NA,NA,NA,NA,NA,NA,NA,NA,NA,NA,NA,NA,NA,NA,TARGET_GONE,identity no longer active
2026-10-02T16:05:35Z,APP_21879_3030045,21879,3030045,11,156,203.253,0,0,-1,-1,0,0.999931471,NA,NA,70.000000000,MEASURED_CPU_FAULT,CPU;INTERVAL_FAULTS,NA,NA,NA,NA,NA,NA,NA,NA,NA,NA,NA,NA,NA,NA,NA,NA,NA,NA,NA,NA,NA,NA,NA,TARGET_GONE,identity no longer active
2026-10-02T16:05:35Z,APP_21879_3030045,21879,3030045,11,157,192.192,0,0,-1,-1,0,0.999931471,NA,NA,70.000000000,MEASURED_CPU_FAULT,CPU;INTERVAL_FAULTS,NA,NA,NA,NA,NA,NA,NA,NA,NA,NA,NA,NA,NA,NA,NA,NA,NA,NA,NA,NA,NA,NA,NA,TARGET_GONE,identity no longer active
2026-10-02T16:05:35Z,APP_21879_3030045,21879,3030045,11,158,201.499,0,0,-1,-1,0,0.999931471,NA,NA,70.000000000,MEASURED_CPU_FAULT,CPU;INTERVAL_FAULTS,NA,NA,NA,NA,NA,NA,NA,NA,NA,NA,NA,NA,NA,NA,NA,NA,NA,NA,NA,NA,NA,NA,NA,TARGET_GONE,identity no longer active
2026-10-02T16:05:35Z,APP_21879_3030045,21879,3030045,11,159,199.253,0,0,-1,-1,0,0.999931471,NA,NA,70.000000000,MEASURED_CPU_FAULT,CPU;INTERVAL_FAULTS,NA,NA,NA,NA,NA,NA,NA,NA,NA,NA,NA,NA,NA,NA,NA,NA,NA,NA,NA,NA,NA,NA,NA,TARGET_GONE,identity no longer active
2026-10-02T16:05:36Z,APP_21879_3030045,21879,3030045,11,160,201.198,0,0,-1,-1,0,0.999931471,NA,NA,70.000000000,MEASURED_CPU_FAULT,CPU;INTERVAL_FAULTS,NA,NA,NA,NA,NA,NA,NA,NA,NA,NA,NA,NA,NA,NA,NA,NA,NA,NA,NA,NA,NA,NA,NA,TARGET_GONE,identity no longer active
2026-10-02T16:05:36Z,APP_21879_3030045,21879,3030045,11,161,197.938,0,0,-1,-1,0,0.999931471,NA,NA,70.000000000,MEASURED_CPU_FAULT,CPU;INTERVAL_FAULTS,NA,NA,NA,NA,NA,NA,NA,NA,NA,NA,NA,NA,NA,NA,NA,NA,NA,NA,NA,NA,NA,NA,NA,TARGET_GONE,identity no longer active
2026-10-02T16:05:36Z,APP_21879_3030045,21879,3030045,11,162,201.198,0,0,-1,-1,0,0.999931471,NA,NA,70.000000000,MEASURED_CPU_FAULT,CPU;INTERVAL_FAULTS,NA,NA,NA,NA,NA,NA,NA,NA,NA,NA,NA,NA,NA,NA,NA,NA,NA,NA,NA,NA,NA,NA,NA,TARGET_GONE,identity no longer active
2026-10-02T16:05:36Z,APP_21879_3030045,21879,3030045,11,163,197.734,0,0,-1,-1,0,0.999931471,NA,NA,70.000000000,MEASURED_CPU_FAULT,CPU;INTERVAL_FAULTS,NA,NA,NA,NA,NA,NA,NA,NA,NA,NA,NA,NA,NA,NA,NA,NA,NA,NA,NA,NA,NA,NA,NA,TARGET_GONE,identity no longer active
2026-10-02T16:05:36Z,APP_21879_3030045,21879,3030045,11,164,201.802,0,0,-1,-1,0,0.999931471,NA,NA,70.000000000,MEASURED_CPU_FAULT,CPU;INTERVAL_FAULTS,NA,NA,NA,NA,NA,NA,NA,NA,NA,NA,NA,NA,NA,NA,NA,NA,NA,NA,NA,NA,NA,NA,NA,TARGET_GONE,identity no longer active
2026-10-02T16:05:36Z,APP_21879_3030045,21879,3030045,11,165,203.096,0,0,-1,-1,0,0.999931471,NA,NA,70.000000000,MEASURED_CPU_FAULT,CPU;INTERVAL_FAULTS,NA,NA,NA,NA,NA,NA,NA,NA,NA,NA,NA,NA,NA,NA,NA,NA,NA,NA,NA,NA,NA,NA,NA,TARGET_GONE,identity no longer active
2026-10-02T16:05:36Z,APP_21879_3030045,21879,3030045,11,166,191.617,0,0,-1,-1,0,0.999931471,NA,NA,70.000000000,MEASURED_CPU_FAULT,CPU;INTERVAL_FAULTS,NA,NA,NA,NA,NA,NA,NA,NA,NA,NA,NA,NA,NA,NA,NA,NA,NA,NA,NA,NA,NA,NA,NA,TARGET_GONE,identity no longer active
2026-10-02T16:05:36Z,APP_21879_3030045,21879,3030045,11,167,201.499,0,0,-1,-1,0,0.999931471,NA,NA,70.000000000,MEASURED_CPU_FAULT,CPU;INTERVAL_FAULTS,NA,NA,NA,NA,NA,NA,NA,NA,NA,NA,NA,NA,NA,NA,NA,NA,NA,NA,NA,NA,NA,NA,NA,TARGET_GONE,identity no longer active
2026-10-02T16:05:37Z,APP_21879_3030045,21879,3030045,11,168,199.253,0,0,-1,-1,0,0.999931471,NA,NA,70.000000000,MEASURED_CPU_FAULT,CPU;INTERVAL_FAULTS,NA,NA,NA,NA,NA,NA,NA,NA,NA,NA,NA,NA,NA,NA,NA,NA,NA,NA,NA,NA,NA,NA,NA,TARGET_GONE,identity no longer active
2026-10-02T16:05:37Z,APP_21879_3030045,21879,3030045,11,169,201.198,0,0,-1,-1,0,0.999931471,NA,NA,70.000000000,MEASURED_CPU_FAULT,CPU;INTERVAL_FAULTS,NA,NA,NA,NA,NA,NA,NA,NA,NA,NA,NA,NA,NA,NA,NA,NA,NA,NA,NA,NA,NA,NA,NA,TARGET_GONE,identity no longer active
2026-10-02T16:05:37Z,APP_21879_3030045,21879,3030045,11,170,197.734,0,0,-1,-1,0,0.999931471,NA,NA,70.000000000,MEASURED_CPU_FAULT,CPU;INTERVAL_FAULTS,NA,NA,NA,NA,NA,NA,NA,NA,NA,NA,NA,NA,NA,NA,NA,NA,NA,NA,NA,NA,NA,NA,NA,TARGET_GONE,identity no longer active
2026-10-02T16:05:37Z,APP_21879_3030045,21879,3030045,11,171,201.802,0,0,-1,-1,0,0.999931471,NA,NA,70.000000000,MEASURED_CPU_FAULT,CPU;INTERVAL_FAULTS,NA,NA,NA,NA,NA,NA,NA,NA,NA,NA,NA,NA,NA,NA,NA,NA,NA,NA,NA,NA,NA,NA,NA,TARGET_GONE,identity no longer active
2026-10-02T16:05:37Z,APP_21879_3030045,21879,3030045,11,172,197.531,0,0,-1,-1,0,0.999931471,NA,NA,70.000000000,MEASURED_CPU_FAULT,CPU;INTERVAL_FAULTS,NA,NA,NA,NA,NA,NA,NA,NA,NA,NA,NA,NA,NA,NA,NA,NA,NA,NA,NA,NA,NA,NA,NA,TARGET_GONE,identity no longer active
2026-10-02T16:05:37Z,APP_21879_3030045,21879,3030045,11,173,201.499,0,0,-1,-1,0,0.999931471,NA,NA,70.000000000,MEASURED_CPU_FAULT,CPU;INTERVAL_FAULTS,NA,NA,NA,NA,NA,NA,NA,NA,NA,NA,NA,NA,NA,NA,NA,NA,NA,NA,NA,NA,NA,NA,NA,TARGET_GONE,identity no longer active
2026-10-02T16:05:37Z,APP_21879_3030045,21879,3030045,11,174,202.755,0,0,-1,-1,0,0.999931471,NA,NA,70.000000000,MEASURED_CPU_FAULT,CPU;INTERVAL_FAULTS,NA,NA,NA,NA,NA,NA,NA,NA,NA,NA,NA,NA,NA,NA,NA,NA,NA,NA,NA,NA,NA,NA,NA,TARGET_GONE,identity no longer active
2026-10-02T16:05:37Z,APP_21879_3030045,21879,3030045,11,175,191.617,0,0,-1,-1,0,0.999931471,NA,NA,70.000000000,MEASURED_CPU_FAULT,CPU;INTERVAL_FAULTS,NA,NA,NA,NA,NA,NA,NA,NA,NA,NA,NA,NA,NA,NA,NA,NA,NA,NA,NA,NA,NA,NA,NA,TARGET_GONE,identity no longer active
2026-10-02T16:05:38Z,APP_21879_3030045,21879,3030045,11,176,201.499,0,0,-1,-1,0,0.999931471,NA,NA,70.000000000,MEASURED_CPU_FAULT,CPU;INTERVAL_FAULTS,NA,NA,NA,NA,NA,NA,NA,NA,NA,NA,NA,NA,NA,NA,NA,NA,NA,NA,NA,NA,NA,NA,NA,TARGET_GONE,identity no longer active
2026-10-02T16:05:38Z,APP_21879_3030045,21879,3030045,11,177,206.708,0,0,-1,-1,0,0.999931471,NA,NA,70.000000000,MEASURED_CPU_FAULT,CPU;INTERVAL_FAULTS,NA,NA,NA,NA,NA,NA,NA,NA,NA,NA,NA,NA,NA,NA,NA,NA,NA,NA,NA,NA,NA,NA,NA,TARGET_GONE,identity no longer active
2026-10-02T16:05:38Z,APP_21879_3030045,21879,3030045,11,178,191.617,0,0,-1,-1,0,0.999931471,NA,NA,70.000000000,MEASURED_CPU_FAULT,CPU;INTERVAL_FAULTS,NA,NA,NA,NA,NA,NA,NA,NA,NA,NA,NA,NA,NA,NA,NA,NA,NA,NA,NA,NA,NA,NA,NA,TARGET_GONE,identity no longer active
2026-10-02T16:05:38Z,APP_21879_3030045,21879,3030045,11,179,200.607,0,0,-1,-1,0,0.999931471,NA,NA,70.000000000,MEASURED_CPU_FAULT,CPU;INTERVAL_FAULTS,NA,NA,NA,NA,NA,NA,NA,NA,NA,NA,NA,NA,NA,NA,NA,NA,NA,NA,NA,NA,NA,NA,NA,TARGET_GONE,identity no longer active
2026-10-02T16:05:38Z,APP_21879_3030045,21879,3030045,11,180,201.198,0,0,-1,-1,0,0.999931471,NA,NA,70.000000000,MEASURED_CPU_FAULT,CPU;INTERVAL_FAULTS,NA,NA,NA,NA,NA,NA,NA,NA,NA,NA,NA,NA,NA,NA,NA,NA,NA,NA,NA,NA,NA,NA,NA,TARGET_GONE,identity no longer active
2026-10-02T16:05:38Z,APP_21879_3030045,21879,3030045,11,181,199.610,0,0,-1,-1,0,0.999931471,NA,NA,70.000000000,MEASURED_CPU_FAULT,CPU;INTERVAL_FAULTS,NA,NA,NA,NA,NA,NA,NA,NA,NA,NA,NA,NA,NA,NA,NA,NA,NA,NA,NA,NA,NA,NA,NA,TARGET_GONE,identity no longer active
2026-10-02T16:05:38Z,APP_21879_3030045,21879,3030045,11,182,201.198,0,0,-1,-1,0,0.999931471,NA,NA,70.000000000,MEASURED_CPU_FAULT,CPU;INTERVAL_FAULTS,NA,NA,NA,NA,NA,NA,NA,NA,NA,NA,NA,NA,NA,NA,NA,NA,NA,NA,NA,NA,NA,NA,NA,TARGET_GONE,identity no longer active
2026-10-02T16:05:39Z,APP_21879_3030045,21879,3030045,11,183,200.000,0,0,-1,-1,0,0.999931471,NA,NA,70.000000000,MEASURED_CPU_FAULT,CPU;INTERVAL_FAULTS,NA,NA,NA,NA,NA,NA,NA,NA,NA,NA,NA,NA,NA,NA,NA,NA,NA,NA,NA,NA,NA,NA,NA,TARGET_GONE,identity no longer active
2026-10-02T16:05:39Z,APP_21879_3030045,21879,3030045,11,184,192.192,0,0,-1,-1,0,0.999931471,NA,NA,70.000000000,MEASURED_CPU_FAULT,CPU;INTERVAL_FAULTS,NA,NA,NA,NA,NA,NA,NA,NA,NA,NA,NA,NA,NA,NA,NA,NA,NA,NA,NA,NA,NA,NA,NA,TARGET_GONE,identity no longer active
2026-10-02T16:05:39Z,APP_21879_3030045,21879,3030045,11,185,201.802,0,0,-1,-1,0,0.999931471,NA,NA,70.000000000,MEASURED_CPU_FAULT,CPU;INTERVAL_FAULTS,NA,NA,NA,NA,NA,NA,NA,NA,NA,NA,NA,NA,NA,NA,NA,NA,NA,NA,NA,NA,NA,NA,NA,TARGET_GONE,identity no longer active
2026-10-02T16:05:39Z,APP_21879_3030045,21879,3030045,11,186,198.758,0,0,-1,-1,0,0.999931471,NA,NA,70.000000000,MEASURED_CPU_FAULT,CPU;INTERVAL_FAULTS,NA,NA,NA,NA,NA,NA,NA,NA,NA,NA,NA,NA,NA,NA,NA,NA,NA,NA,NA,NA,NA,NA,NA,TARGET_GONE,identity no longer active
2026-10-02T16:05:39Z,APP_21879_3030045,21879,3030045,11,187,210.463,0,0,-1,-1,0,0.999931471,NA,NA,70.000000000,MEASURED_CPU_FAULT,CPU;INTERVAL_FAULTS,NA,NA,NA,NA,NA,NA,NA,NA,NA,NA,NA,NA,NA,NA,NA,NA,NA,NA,NA,NA,NA,NA,NA,TARGET_GONE,identity no longer active
2026-10-02T16:05:39Z,APP_21879_3030045,21879,3030045,11,188,191.736,0,0,-1,-1,0,0.999931471,NA,NA,70.000000000,MEASURED_CPU_FAULT,CPU;INTERVAL_FAULTS,NA,NA,NA,NA,NA,NA,NA,NA,NA,NA,NA,NA,NA,NA,NA,NA,NA,NA,NA,NA,NA,NA,NA,TARGET_GONE,identity no longer active
2026-10-02T16:05:39Z,APP_21879_3030045,21879,3030045,11,189,200.897,0,0,-1,-1,0,0.999931471,NA,NA,70.000000000,MEASURED_CPU_FAULT,CPU;INTERVAL_FAULTS,NA,NA,NA,NA,NA,NA,NA,NA,NA,NA,NA,NA,NA,NA,NA,NA,NA,NA,NA,NA,NA,NA,NA,TARGET_GONE,identity no longer active
2026-10-02T16:05:39Z,APP_21879_3030045,21879,3030045,11,190,200.607,0,0,-1,-1,0,0.999931471,NA,NA,70.000000000,MEASURED_CPU_FAULT,CPU;INTERVAL_FAULTS,NA,NA,NA,NA,NA,NA,NA,NA,NA,NA,NA,NA,NA,NA,NA,NA,NA,NA,NA,NA,NA,NA,NA,TARGET_GONE,identity no longer active
2026-10-02T16:05:39Z,APP_21879_3030045,21879,3030045,11,191,201.802,0,0,-1,-1,0,0.999931471,NA,NA,70.000000000,MEASURED_CPU_FAULT,CPU;INTERVAL_FAULTS,NA,NA,NA,NA,NA,NA,NA,NA,NA,NA,NA,NA,NA,NA,NA,NA,NA,NA,NA,NA,NA,NA,NA,TARGET_GONE,identity no longer active
2026-10-02T16:05:27Z,APP_21879_3030045,21879,3030045,12,192,0.000,0,0,-1,-1,0,0.999931471,1,true,0.000000000,MEASURED_CPU_FAULT,CPU;INTERVAL_FAULTS,HOT,669.474315258,0.560000000,0.700000000,NA,NA,NA,NA,0.560000000,0.000000000,0.700000000,0.000000000,-1.000000000,1.232000000,NA,MOVE_THREAD,INVALID,NOT_APPLICABLE,INVALID,MOVE_THREAD,-1,-1,false,TARGET_GONE,identity no longer active
2026-10-02T16:05:28Z,APP_21879_3030045,21879,3030045,12,193,0.000,0,0,-1,-1,0,0.999931471,NA,NA,0.000000000,MEASURED_CPU_FAULT,CPU;INTERVAL_FAULTS,NA,NA,NA,NA,NA,NA,NA,NA,NA,NA,NA,NA,NA,NA,NA,NA,NA,NA,NA,NA,NA,NA,NA,TARGET_GONE,identity no longer active
2026-10-02T16:05:28Z,APP_21879_3030045,21879,3030045,12,194,6.934,0,0,-1,-1,0,0.999931471,NA,NA,4.853800000,MEASURED_CPU_FAULT,CPU;INTERVAL_FAULTS,NA,NA,NA,NA,NA,NA,NA,NA,NA,NA,NA,NA,NA,NA,NA,NA,NA,NA,NA,NA,NA,NA,NA,TARGET_GONE,identity no longer active
2026-10-02T16:05:28Z,APP_21879_3030045,21879,3030045,12,195,0.000,0,0,-1,-1,0,0.999931471,NA,NA,0.000000000,MEASURED_CPU_FAULT,CPU;INTERVAL_FAULTS,NA,NA,NA,NA,NA,NA,NA,NA,NA,NA,NA,NA,NA,NA,NA,NA,NA,NA,NA,NA,NA,NA,NA,TARGET_GONE,identity no longer active
2026-10-02T16:05:28Z,APP_21879_3030045,21879,3030045,12,196,0.000,0,0,-1,-1,0,0.999931471,NA,NA,0.000000000,MEASURED_CPU_FAULT,CPU;INTERVAL_FAULTS,NA,NA,NA,NA,NA,NA,NA,NA,NA,NA,NA,NA,NA,NA,NA,NA,NA,NA,NA,NA,NA,NA,NA,TARGET_GONE,identity no longer active
2026-10-02T16:05:28Z,APP_21879_3030045,21879,3030045,12,197,0.000,0,0,-1,-1,0,0.999931471,NA,NA,0.000000000,MEASURED_CPU_FAULT,CPU;INTERVAL_FAULTS,NA,NA,NA,NA,NA,NA,NA,NA,NA,NA,NA,NA,NA,NA,NA,NA,NA,NA,NA,NA,NA,NA,NA,TARGET_GONE,identity no longer active
2026-10-02T16:05:28Z,APP_21879_3030045,21879,3030045,12,198,0.000,0,0,-1,-1,0,0.999931471,NA,NA,0.000000000,MEASURED_CPU_FAULT,CPU;INTERVAL_FAULTS,NA,NA,NA,NA,NA,NA,NA,NA,NA,NA,NA,NA,NA,NA,NA,NA,NA,NA,NA,NA,NA,NA,NA,TARGET_GONE,identity no longer active
2026-10-02T16:05:29Z,APP_21879_3030045,21879,3030045,12,199,0.000,0,0,-1,-1,0,0.999931471,NA,NA,0.000000000,MEASURED_CPU_FAULT,CPU;INTERVAL_FAULTS,NA,NA,NA,NA,NA,NA,NA,NA,NA,NA,NA,NA,NA,NA,NA,NA,NA,NA,NA,NA,NA,NA,NA,TARGET_GONE,identity no longer active
2026-10-02T16:05:29Z,APP_21879_3030045,21879,3030045,12,200,95.238,0,0,-1,-1,0,0.999931471,NA,NA,66.666600000,MEASURED_CPU_FAULT,CPU;INTERVAL_FAULTS,NA,NA,NA,NA,NA,NA,NA,NA,NA,NA,NA,NA,NA,NA,NA,NA,NA,NA,NA,NA,NA,NA,NA,TARGET_GONE,identity no longer active
2026-10-02T16:05:29Z,APP_21879_3030045,21879,3030045,12,201,201.802,0,0,-1,-1,0,0.999931471,NA,NA,70.000000000,MEASURED_CPU_FAULT,CPU;INTERVAL_FAULTS,NA,NA,NA,NA,NA,NA,NA,NA,NA,NA,NA,NA,NA,NA,NA,NA,NA,NA,NA,NA,NA,NA,NA,TARGET_GONE,identity no longer active
2026-10-02T16:05:29Z,APP_21879_3030045,21879,3030045,12,202,198.650,0,0,-1,-1,0,0.999931471,NA,NA,70.000000000,MEASURED_CPU_FAULT,CPU;INTERVAL_FAULTS,NA,NA,NA,NA,NA,NA,NA,NA,NA,NA,NA,NA,NA,NA,NA,NA,NA,NA,NA,NA,NA,NA,NA,TARGET_GONE,identity no longer active
2026-10-02T16:05:29Z,APP_21879_3030045,21879,3030045,12,203,201.198,0,0,-1,-1,0,0.999931471,NA,NA,70.000000000,MEASURED_CPU_FAULT,CPU;INTERVAL_FAULTS,NA,NA,NA,NA,NA,NA,NA,NA,NA,NA,NA,NA,NA,NA,NA,NA,NA,NA,NA,NA,NA,NA,NA,TARGET_GONE,identity no longer active
2026-10-02T16:05:29Z,APP_21879_3030045,21879,3030045,12,204,202.230,0,0,-1,-1,0,0.999931471,NA,NA,70.000000000,MEASURED_CPU_FAULT,CPU;INTERVAL_FAULTS,NA,NA,NA,NA,NA,NA,NA,NA,NA,NA,NA,NA,NA,NA,NA,NA,NA,NA,NA,NA,NA,NA,NA,TARGET_GONE,identity no longer active
2026-10-02T16:05:29Z,APP_21879_3030045,21879,3030045,12,205,191.617,0,0,-1,-1,0,0.999931471,NA,NA,70.000000000,MEASURED_CPU_FAULT,CPU;INTERVAL_FAULTS,NA,NA,NA,NA,NA,NA,NA,NA,NA,NA,NA,NA,NA,NA,NA,NA,NA,NA,NA,NA,NA,NA,NA,TARGET_GONE,identity no longer active
2026-10-02T16:05:29Z,APP_21879_3030045,21879,3030045,12,206,202.043,0,0,-1,-1,0,0.999931471,NA,NA,70.000000000,MEASURED_CPU_FAULT,CPU;INTERVAL_FAULTS,NA,NA,NA,NA,NA,NA,NA,NA,NA,NA,NA,NA,NA,NA,NA,NA,NA,NA,NA,NA,NA,NA,NA,TARGET_GONE,identity no longer active
2026-10-02T16:05:30Z,APP_21879_3030045,21879,3030045,12,207,201.198,0,0,-1,-1,0,0.999931471,NA,NA,70.000000000,MEASURED_CPU_FAULT,CPU;INTERVAL_FAULTS,NA,NA,NA,NA,NA,NA,NA,NA,NA,NA,NA,NA,NA,NA,NA,NA,NA,NA,NA,NA,NA,NA,NA,TARGET_GONE,identity no longer active
2026-10-02T16:05:30Z,APP_21879_3030045,21879,3030045,12,208,197.280,0,0,-1,-1,0,0.999931471,NA,NA,70.000000000,MEASURED_CPU_FAULT,CPU;INTERVAL_FAULTS,NA,NA,NA,NA,NA,NA,NA,NA,NA,NA,NA,NA,NA,NA,NA,NA,NA,NA,NA,NA,NA,NA,NA,TARGET_GONE,identity no longer active
2026-10-02T16:05:30Z,APP_21879_3030045,21879,3030045,12,209,210.778,0,0,-1,-1,0,0.999931471,NA,NA,70.000000000,MEASURED_CPU_FAULT,CPU;INTERVAL_FAULTS,NA,NA,NA,NA,NA,NA,NA,NA,NA,NA,NA,NA,NA,NA,NA,NA,NA,NA,NA,NA,NA,NA,NA,TARGET_GONE,identity no longer active
2026-10-02T16:05:30Z,APP_21879_3030045,21879,3030045,12,210,191.904,0,0,-1,-1,0,0.999931471,NA,NA,70.000000000,MEASURED_CPU_FAULT,CPU;INTERVAL_FAULTS,NA,NA,NA,NA,NA,NA,NA,NA,NA,NA,NA,NA,NA,NA,NA,NA,NA,NA,NA,NA,NA,NA,NA,TARGET_GONE,identity no longer active
2026-10-02T16:05:30Z,APP_21879_3030045,21879,3030045,12,211,205.714,0,0,-1,-1,0,0.999931471,NA,NA,70.000000000,MEASURED_CPU_FAULT,CPU;INTERVAL_FAULTS,NA,NA,NA,NA,NA,NA,NA,NA,NA,NA,NA,NA,NA,NA,NA,NA,NA,NA,NA,NA,NA,NA,NA,TARGET_GONE,identity no longer active
2026-10-02T16:05:30Z,APP_21879_3030045,21879,3030045,12,212,201.198,0,0,-1,-1,0,0.999931471,NA,NA,70.000000000,MEASURED_CPU_FAULT,CPU;INTERVAL_FAULTS,NA,NA,NA,NA,NA,NA,NA,NA,NA,NA,NA,NA,NA,NA,NA,NA,NA,NA,NA,NA,NA,NA,NA,TARGET_GONE,identity no longer active
2026-10-02T16:05:30Z,APP_21879_3030045,21879,3030045,12,213,196.648,0,0,-1,-1,0,0.999931471,NA,NA,70.000000000,MEASURED_CPU_FAULT,CPU;INTERVAL_FAULTS,NA,NA,NA,NA,NA,NA,NA,NA,NA,NA,NA,NA,NA,NA,NA,NA,NA,NA,NA,NA,NA,NA,NA,TARGET_GONE,identity no longer active
2026-10-02T16:05:30Z,APP_21879_3030045,21879,3030045,12,214,201.499,0,0,-1,-1,0,0.999931471,NA,NA,70.000000000,MEASURED_CPU_FAULT,CPU;INTERVAL_FAULTS,NA,NA,NA,NA,NA,NA,NA,NA,NA,NA,NA,NA,NA,NA,NA,NA,NA,NA,NA,NA,NA,NA,NA,TARGET_GONE,identity no longer active
2026-10-02T16:05:31Z,APP_21879_3030045,21879,3030045,12,215,202.772,0,0,-1,-1,0,0.999931471,NA,NA,70.000000000,MEASURED_CPU_FAULT,CPU;INTERVAL_FAULTS,NA,NA,NA,NA,NA,NA,NA,NA,NA,NA,NA,NA,NA,NA,NA,NA,NA,NA,NA,NA,NA,NA,NA,TARGET_GONE,identity no longer active
2026-10-02T16:05:31Z,APP_21879_3030045,21879,3030045,12,216,201.499,0,0,-1,-1,0,0.999931471,NA,NA,70.000000000,MEASURED_CPU_FAULT,CPU;INTERVAL_FAULTS,NA,NA,NA,NA,NA,NA,NA,NA,NA,NA,NA,NA,NA,NA,NA,NA,NA,NA,NA,NA,NA,NA,NA,TARGET_GONE,identity no longer active
2026-10-02T16:05:31Z,APP_21879_3030045,21879,3030045,12,217,195.918,0,0,-1,-1,0,0.999931471,NA,NA,70.000000000,MEASURED_CPU_FAULT,CPU;INTERVAL_FAULTS,NA,NA,NA,NA,NA,NA,NA,NA,NA,NA,NA,NA,NA,NA,NA,NA,NA,NA,NA,NA,NA,NA,NA,TARGET_GONE,identity no longer active
2026-10-02T16:05:31Z,APP_21879_3030045,21879,3030045,12,218,211.411,0,0,-1,-1,0,0.999931471,NA,NA,70.000000000,MEASURED_CPU_FAULT,CPU;INTERVAL_FAULTS,NA,NA,NA,NA,NA,NA,NA,NA,NA,NA,NA,NA,NA,NA,NA,NA,NA,NA,NA,NA,NA,NA,NA,TARGET_GONE,identity no longer active
2026-10-02T16:05:31Z,APP_21879_3030045,21879,3030045,12,219,201.499,0,0,-1,-1,0,0.999931471,NA,NA,70.000000000,MEASURED_CPU_FAULT,CPU;INTERVAL_FAULTS,NA,NA,NA,NA,NA,NA,NA,NA,NA,NA,NA,NA,NA,NA,NA,NA,NA,NA,NA,NA,NA,NA,NA,TARGET_GONE,identity no longer active
2026-10-02T16:05:31Z,APP_21879_3030045,21879,3030045,12,220,198.706,0,0,-1,-1,0,0.999931471,NA,NA,70.000000000,MEASURED_CPU_FAULT,CPU;INTERVAL_FAULTS,NA,NA,NA,NA,NA,NA,NA,NA,NA,NA,NA,NA,NA,NA,NA,NA,NA,NA,NA,NA,NA,NA,NA,TARGET_GONE,identity no longer active
2026-10-02T16:05:31Z,APP_21879_3030045,21879,3030045,12,221,191.904,0,0,-1,-1,0,0.999931471,NA,NA,70.000000000,MEASURED_CPU_FAULT,CPU;INTERVAL_FAULTS,NA,NA,NA,NA,NA,NA,NA,NA,NA,NA,NA,NA,NA,NA,NA,NA,NA,NA,NA,NA,NA,NA,NA,TARGET_GONE,identity no longer active
2026-10-02T16:05:31Z,APP_21879_3030045,21879,3030045,12,222,204.325,0,0,-1,-1,0,0.999931471,NA,NA,70.000000000,MEASURED_CPU_FAULT,CPU;INTERVAL_FAULTS,NA,NA,NA,NA,NA,NA,NA,NA,NA,NA,NA,NA,NA,NA,NA,NA,NA,NA,NA,NA,NA,NA,NA,TARGET_GONE,identity no longer active
2026-10-02T16:05:31Z,APP_21879_3030045,21879,3030045,12,223,201.499,0,0,-1,-1,0,0.999931471,NA,NA,70.000000000,MEASURED_CPU_FAULT,CPU;INTERVAL_FAULTS,NA,NA,NA,NA,NA,NA,NA,NA,NA,NA,NA,NA,NA,NA,NA,NA,NA,NA,NA,NA,NA,NA,NA,TARGET_GONE,identity no longer active
2026-10-02T16:05:32Z,APP_21879_3030045,21879,3030045,12,224,197.531,0,0,-1,-1,0,0.999931471,NA,NA,70.000000000,MEASURED_CPU_FAULT,CPU;INTERVAL_FAULTS,NA,NA,NA,NA,NA,NA,NA,NA,NA,NA,NA,NA,NA,NA,NA,NA,NA,NA,NA,NA,NA,NA,NA,TARGET_GONE,identity no longer active
2026-10-02T16:05:32Z,APP_21879_3030045,21879,3030045,12,225,201.499,0,0,-1,-1,0,0.999931471,NA,NA,70.000000000,MEASURED_CPU_FAULT,CPU;INTERVAL_FAULTS,NA,NA,NA,NA,NA,NA,NA,NA,NA,NA,NA,NA,NA,NA,NA,NA,NA,NA,NA,NA,NA,NA,NA,TARGET_GONE,identity no longer active
2026-10-02T16:05:32Z,APP_21879_3030045,21879,3030045,12,226,203.885,0,0,-1,-1,0,0.999931471,NA,NA,70.000000000,MEASURED_CPU_FAULT,CPU;INTERVAL_FAULTS,NA,NA,NA,NA,NA,NA,NA,NA,NA,NA,NA,NA,NA,NA,NA,NA,NA,NA,NA,NA,NA,NA,NA,TARGET_GONE,identity no longer active
2026-10-02T16:05:32Z,APP_21879_3030045,21879,3030045,12,227,192.771,0,0,-1,-1,0,0.999931471,NA,NA,70.000000000,MEASURED_CPU_FAULT,CPU;INTERVAL_FAULTS,NA,NA,NA,NA,NA,NA,NA,NA,NA,NA,NA,NA,NA,NA,NA,NA,NA,NA,NA,NA,NA,NA,NA,TARGET_GONE,identity no longer active
2026-10-02T16:05:32Z,APP_21879_3030045,21879,3030045,12,228,201.499,0,0,-1,-1,0,0.999931471,NA,NA,70.000000000,MEASURED_CPU_FAULT,CPU;INTERVAL_FAULTS,NA,NA,NA,NA,NA,NA,NA,NA,NA,NA,NA,NA,NA,NA,NA,NA,NA,NA,NA,NA,NA,NA,NA,TARGET_GONE,identity no longer active
2026-10-02T16:05:32Z,APP_21879_3030045,21879,3030045,12,229,191.847,0,0,-1,-1,0,0.999931471,NA,NA,70.000000000,MEASURED_CPU_FAULT,CPU;INTERVAL_FAULTS,NA,NA,NA,NA,NA,NA,NA,NA,NA,NA,NA,NA,NA,NA,NA,NA,NA,NA,NA,NA,NA,NA,NA,TARGET_GONE,identity no longer active
2026-10-02T16:05:32Z,APP_21879_3030045,21879,3030045,12,230,201.198,0,0,-1,-1,0,0.999931471,NA,NA,70.000000000,MEASURED_CPU_FAULT,CPU;INTERVAL_FAULTS,NA,NA,NA,NA,NA,NA,NA,NA,NA,NA,NA,NA,NA,NA,NA,NA,NA,NA,NA,NA,NA,NA,NA,TARGET_GONE,identity no longer active
2026-10-02T16:05:32Z,APP_21879_3030045,21879,3030045,12,231,204.115,0,0,-1,-1,0,0.999931471,NA,NA,70.000000000,MEASURED_CPU_FAULT,CPU;INTERVAL_FAULTS,NA,NA,NA,NA,NA,NA,NA,NA,NA,NA,NA,NA,NA,NA,NA,NA,NA,NA,NA,NA,NA,NA,NA,TARGET_GONE,identity no longer active
2026-10-02T16:05:33Z,APP_21879_3030045,21879,3030045,12,232,192.192,0,0,-1,-1,0,0.999931471,NA,NA,70.000000000,MEASURED_CPU_FAULT,CPU;INTERVAL_FAULTS,NA,NA,NA,NA,NA,NA,NA,NA,NA,NA,NA,NA,NA,NA,NA,NA,NA,NA,NA,NA,NA,NA,NA,TARGET_GONE,identity no longer active
2026-10-02T16:05:33Z,APP_21879_3030045,21879,3030045,12,233,204.115,0,0,-1,-1,0,0.999931471,NA,NA,70.000000000,MEASURED_CPU_FAULT,CPU;INTERVAL_FAULTS,NA,NA,NA,NA,NA,NA,NA,NA,NA,NA,NA,NA,NA,NA,NA,NA,NA,NA,NA,NA,NA,NA,NA,TARGET_GONE,identity no longer active
2026-10-02T16:05:33Z,APP_21879_3030045,21879,3030045,12,234,201.802,0,0,-1,-1,0,0.999931471,NA,NA,70.000000000,MEASURED_CPU_FAULT,CPU;INTERVAL_FAULTS,NA,NA,NA,NA,NA,NA,NA,NA,NA,NA,NA,NA,NA,NA,NA,NA,NA,NA,NA,NA,NA,NA,NA,TARGET_GONE,identity no longer active
2026-10-02T16:05:33Z,APP_21879_3030045,21879,3030045,12,235,201.491,0,0,-1,-1,0,0.999931471,NA,NA,70.000000000,MEASURED_CPU_FAULT,CPU;INTERVAL_FAULTS,NA,NA,NA,NA,NA,NA,NA,NA,NA,NA,NA,NA,NA,NA,NA,NA,NA,NA,NA,NA,NA,NA,NA,TARGET_GONE,identity no longer active
2026-10-02T16:05:33Z,APP_21879_3030045,21879,3030045,12,236,192.771,0,0,-1,-1,0,0.999931471,NA,NA,70.000000000,MEASURED_CPU_FAULT,CPU;INTERVAL_FAULTS,NA,NA,NA,NA,NA,NA,NA,NA,NA,NA,NA,NA,NA,NA,NA,NA,NA,NA,NA,NA,NA,NA,NA,TARGET_GONE,identity no longer active
2026-10-02T16:05:33Z,APP_21879_3030045,21879,3030045,12,237,201.499,0,0,-1,-1,0,0.999931471,NA,NA,70.000000000,MEASURED_CPU_FAULT,CPU;INTERVAL_FAULTS,NA,NA,NA,NA,NA,NA,NA,NA,NA,NA,NA,NA,NA,NA,NA,NA,NA,NA,NA,NA,NA,NA,NA,TARGET_GONE,identity no longer active
2026-10-02T16:05:33Z,APP_21879_3030045,21879,3030045,12,238,199.253,0,0,-1,-1,0,0.999931471,NA,NA,70.000000000,MEASURED_CPU_FAULT,CPU;INTERVAL_FAULTS,NA,NA,NA,NA,NA,NA,NA,NA,NA,NA,NA,NA,NA,NA,NA,NA,NA,NA,NA,NA,NA,NA,NA,TARGET_GONE,identity no longer active
2026-10-02T16:05:33Z,APP_21879_3030045,21879,3030045,12,239,201.198,0,0,-1,-1,0,0.999931471,NA,NA,70.000000000,MEASURED_CPU_FAULT,CPU;INTERVAL_FAULTS,NA,NA,NA,NA,NA,NA,NA,NA,NA,NA,NA,NA,NA,NA,NA,NA,NA,NA,NA,NA,NA,NA,NA,TARGET_GONE,identity no longer active
2026-10-02T16:05:34Z,APP_21879_3030045,21879,3030045,12,240,198.142,0,0,-1,-1,0,0.999931471,NA,NA,70.000000000,MEASURED_CPU_FAULT,CPU;INTERVAL_FAULTS,NA,NA,NA,NA,NA,NA,NA,NA,NA,NA,NA,NA,NA,NA,NA,NA,NA,NA,NA,NA,NA,NA,NA,TARGET_GONE,identity no longer active
2026-10-02T16:05:34Z,APP_21879_3030045,21879,3030045,12,241,200.897,0,0,-1,-1,0,0.999931471,NA,NA,70.000000000,MEASURED_CPU_FAULT,CPU;INTERVAL_FAULTS,NA,NA,NA,NA,NA,NA,NA,NA,NA,NA,NA,NA,NA,NA,NA,NA,NA,NA,NA,NA,NA,NA,NA,TARGET_GONE,identity no longer active
2026-10-02T16:05:34Z,APP_21879_3030045,21879,3030045,12,242,197.938,0,0,-1,-1,0,0.999931471,NA,NA,70.000000000,MEASURED_CPU_FAULT,CPU;INTERVAL_FAULTS,NA,NA,NA,NA,NA,NA,NA,NA,NA,NA,NA,NA,NA,NA,NA,NA,NA,NA,NA,NA,NA,NA,NA,TARGET_GONE,identity no longer active
2026-10-02T16:05:34Z,APP_21879_3030045,21879,3030045,12,243,201.499,0,0,-1,-1,0,0.999931471,NA,NA,70.000000000,MEASURED_CPU_FAULT,CPU;INTERVAL_FAULTS,NA,NA,NA,NA,NA,NA,NA,NA,NA,NA,NA,NA,NA,NA,NA,NA,NA,NA,NA,NA,NA,NA,NA,TARGET_GONE,identity no longer active
2026-10-02T16:05:34Z,APP_21879_3030045,21879,3030045,12,244,202.625,0,0,-1,-1,0,0.999931471,NA,NA,70.000000000,MEASURED_CPU_FAULT,CPU;INTERVAL_FAULTS,NA,NA,NA,NA,NA,NA,NA,NA,NA,NA,NA,NA,NA,NA,NA,NA,NA,NA,NA,NA,NA,NA,NA,TARGET_GONE,identity no longer active
2026-10-02T16:05:34Z,APP_21879_3030045,21879,3030045,12,245,192.192,0,0,-1,-1,0,0.999931471,NA,NA,70.000000000,MEASURED_CPU_FAULT,CPU;INTERVAL_FAULTS,NA,NA,NA,NA,NA,NA,NA,NA,NA,NA,NA,NA,NA,NA,NA,NA,NA,NA,NA,NA,NA,NA,NA,TARGET_GONE,identity no longer active
2026-10-02T16:05:34Z,APP_21879_3030045,21879,3030045,12,246,201.198,0,0,-1,-1,0,0.999931471,NA,NA,70.000000000,MEASURED_CPU_FAULT,CPU;INTERVAL_FAULTS,NA,NA,NA,NA,NA,NA,NA,NA,NA,NA,NA,NA,NA,NA,NA,NA,NA,NA,NA,NA,NA,NA,NA,TARGET_GONE,identity no longer active
2026-10-02T16:05:34Z,APP_21879_3030045,21879,3030045,12,247,199.253,0,0,-1,-1,0,0.999931471,NA,NA,70.000000000,MEASURED_CPU_FAULT,CPU;INTERVAL_FAULTS,NA,NA,NA,NA,NA,NA,NA,NA,NA,NA,NA,NA,NA,NA,NA,NA,NA,NA,NA,NA,NA,NA,NA,TARGET_GONE,identity no longer active
2026-10-02T16:05:34Z,APP_21879_3030045,21879,3030045,12,248,201.802,0,0,-1,-1,0,0.999931471,NA,NA,70.000000000,MEASURED_CPU_FAULT,CPU;INTERVAL_FAULTS,NA,NA,NA,NA,NA,NA,NA,NA,NA,NA,NA,NA,NA,NA,NA,NA,NA,NA,NA,NA,NA,NA,NA,TARGET_GONE,identity no longer active
2026-10-02T16:05:35Z,APP_21879_3030045,21879,3030045,12,249,197.328,0,0,-1,-1,0,0.999931471,NA,NA,70.000000000,MEASURED_CPU_FAULT,CPU;INTERVAL_FAULTS,NA,NA,NA,NA,NA,NA,NA,NA,NA,NA,NA,NA,NA,NA,NA,NA,NA,NA,NA,NA,NA,NA,NA,TARGET_GONE,identity no longer active
2026-10-02T16:05:35Z,APP_21879_3030045,21879,3030045,12,250,201.499,0,0,-1,-1,0,0.999931471,NA,NA,70.000000000,MEASURED_CPU_FAULT,CPU;INTERVAL_FAULTS,NA,NA,NA,NA,NA,NA,NA,NA,NA,NA,NA,NA,NA,NA,NA,NA,NA,NA,NA,NA,NA,NA,NA,TARGET_GONE,identity no longer active
2026-10-02T16:05:35Z,APP_21879_3030045,21879,3030045,12,251,198.142,0,0,-1,-1,0,0.999931471,NA,NA,70.000000000,MEASURED_CPU_FAULT,CPU;INTERVAL_FAULTS,NA,NA,NA,NA,NA,NA,NA,NA,NA,NA,NA,NA,NA,NA,NA,NA,NA,NA,NA,NA,NA,NA,NA,TARGET_GONE,identity no longer active
2026-10-02T16:05:35Z,APP_21879_3030045,21879,3030045,12,252,201.198,0,0,-1,-1,0,0.999931471,NA,NA,70.000000000,MEASURED_CPU_FAULT,CPU;INTERVAL_FAULTS,NA,NA,NA,NA,NA,NA,NA,NA,NA,NA,NA,NA,NA,NA,NA,NA,NA,NA,NA,NA,NA,NA,NA,TARGET_GONE,identity no longer active
2026-10-02T16:05:35Z,APP_21879_3030045,21879,3030045,12,253,203.253,0,0,-1,-1,0,0.999931471,NA,NA,70.000000000,MEASURED_CPU_FAULT,CPU;INTERVAL_FAULTS,NA,NA,NA,NA,NA,NA,NA,NA,NA,NA,NA,NA,NA,NA,NA,NA,NA,NA,NA,NA,NA,NA,NA,TARGET_GONE,identity no longer active
2026-10-02T16:05:35Z,APP_21879_3030045,21879,3030045,12,254,192.192,0,0,-1,-1,0,0.999931471,NA,NA,70.000000000,MEASURED_CPU_FAULT,CPU;INTERVAL_FAULTS,NA,NA,NA,NA,NA,NA,NA,NA,NA,NA,NA,NA,NA,NA,NA,NA,NA,NA,NA,NA,NA,NA,NA,TARGET_GONE,identity no longer active
2026-10-02T16:05:35Z,APP_21879_3030045,21879,3030045,12,255,201.499,0,0,-1,-1,0,0.999931471,NA,NA,70.000000000,MEASURED_CPU_FAULT,CPU;INTERVAL_FAULTS,NA,NA,NA,NA,NA,NA,NA,NA,NA,NA,NA,NA,NA,NA,NA,NA,NA,NA,NA,NA,NA,NA,NA,TARGET_GONE,identity no longer active
2026-10-02T16:05:35Z,APP_21879_3030045,21879,3030045,12,256,199.253,0,0,-1,-1,0,0.999931471,NA,NA,70.000000000,MEASURED_CPU_FAULT,CPU;INTERVAL_FAULTS,NA,NA,NA,NA,NA,NA,NA,NA,NA,NA,NA,NA,NA,NA,NA,NA,NA,NA,NA,NA,NA,NA,NA,TARGET_GONE,identity no longer active
2026-10-02T16:05:36Z,APP_21879_3030045,21879,3030045,12,257,201.198,0,0,-1,-1,0,0.999931471,NA,NA,70.000000000,MEASURED_CPU_FAULT,CPU;INTERVAL_FAULTS,NA,NA,NA,NA,NA,NA,NA,NA,NA,NA,NA,NA,NA,NA,NA,NA,NA,NA,NA,NA,NA,NA,NA,TARGET_GONE,identity no longer active
2026-10-02T16:05:36Z,APP_21879_3030045,21879,3030045,12,258,197.938,0,0,-1,-1,0,0.999931471,NA,NA,70.000000000,MEASURED_CPU_FAULT,CPU;INTERVAL_FAULTS,NA,NA,NA,NA,NA,NA,NA,NA,NA,NA,NA,NA,NA,NA,NA,NA,NA,NA,NA,NA,NA,NA,NA,TARGET_GONE,identity no longer active
2026-10-02T16:05:36Z,APP_21879_3030045,21879,3030045,12,259,201.198,0,0,-1,-1,0,0.999931471,NA,NA,70.000000000,MEASURED_CPU_FAULT,CPU;INTERVAL_FAULTS,NA,NA,NA,NA,NA,NA,NA,NA,NA,NA,NA,NA,NA,NA,NA,NA,NA,NA,NA,NA,NA,NA,NA,TARGET_GONE,identity no longer active
2026-10-02T16:05:36Z,APP_21879_3030045,21879,3030045,12,260,197.734,0,0,-1,-1,0,0.999931471,NA,NA,70.000000000,MEASURED_CPU_FAULT,CPU;INTERVAL_FAULTS,NA,NA,NA,NA,NA,NA,NA,NA,NA,NA,NA,NA,NA,NA,NA,NA,NA,NA,NA,NA,NA,NA,NA,TARGET_GONE,identity no longer active
2026-10-02T16:05:36Z,APP_21879_3030045,21879,3030045,12,261,201.802,0,0,-1,-1,0,0.999931471,NA,NA,70.000000000,MEASURED_CPU_FAULT,CPU;INTERVAL_FAULTS,NA,NA,NA,NA,NA,NA,NA,NA,NA,NA,NA,NA,NA,NA,NA,NA,NA,NA,NA,NA,NA,NA,NA,TARGET_GONE,identity no longer active
2026-10-02T16:05:36Z,APP_21879_3030045,21879,3030045,12,262,203.096,0,0,-1,-1,0,0.999931471,NA,NA,70.000000000,MEASURED_CPU_FAULT,CPU;INTERVAL_FAULTS,NA,NA,NA,NA,NA,NA,NA,NA,NA,NA,NA,NA,NA,NA,NA,NA,NA,NA,NA,NA,NA,NA,NA,TARGET_GONE,identity no longer active
2026-10-02T16:05:36Z,APP_21879_3030045,21879,3030045,12,263,191.617,0,0,-1,-1,0,0.999931471,NA,NA,70.000000000,MEASURED_CPU_FAULT,CPU;INTERVAL_FAULTS,NA,NA,NA,NA,NA,NA,NA,NA,NA,NA,NA,NA,NA,NA,NA,NA,NA,NA,NA,NA,NA,NA,NA,TARGET_GONE,identity no longer active
2026-10-02T16:05:36Z,APP_21879_3030045,21879,3030045,12,264,201.499,0,0,-1,-1,0,0.999931471,NA,NA,70.000000000,MEASURED_CPU_FAULT,CPU;INTERVAL_FAULTS,NA,NA,NA,NA,NA,NA,NA,NA,NA,NA,NA,NA,NA,NA,NA,NA,NA,NA,NA,NA,NA,NA,NA,TARGET_GONE,identity no longer active
2026-10-02T16:05:37Z,APP_21879_3030045,21879,3030045,12,265,199.253,0,0,-1,-1,0,0.999931471,NA,NA,70.000000000,MEASURED_CPU_FAULT,CPU;INTERVAL_FAULTS,NA,NA,NA,NA,NA,NA,NA,NA,NA,NA,NA,NA,NA,NA,NA,NA,NA,NA,NA,NA,NA,NA,NA,TARGET_GONE,identity no longer active
2026-10-02T16:05:37Z,APP_21879_3030045,21879,3030045,12,266,201.198,0,0,-1,-1,0,0.999931471,NA,NA,70.000000000,MEASURED_CPU_FAULT,CPU;INTERVAL_FAULTS,NA,NA,NA,NA,NA,NA,NA,NA,NA,NA,NA,NA,NA,NA,NA,NA,NA,NA,NA,NA,NA,NA,NA,TARGET_GONE,identity no longer active
2026-10-02T16:05:37Z,APP_21879_3030045,21879,3030045,12,267,197.734,0,0,-1,-1,0,0.999931471,NA,NA,70.000000000,MEASURED_CPU_FAULT,CPU;INTERVAL_FAULTS,NA,NA,NA,NA,NA,NA,NA,NA,NA,NA,NA,NA,NA,NA,NA,NA,NA,NA,NA,NA,NA,NA,NA,TARGET_GONE,identity no longer active
2026-10-02T16:05:37Z,APP_21879_3030045,21879,3030045,12,268,201.802,0,0,-1,-1,0,0.999931471,NA,NA,70.000000000,MEASURED_CPU_FAULT,CPU;INTERVAL_FAULTS,NA,NA,NA,NA,NA,NA,NA,NA,NA,NA,NA,NA,NA,NA,NA,NA,NA,NA,NA,NA,NA,NA,NA,TARGET_GONE,identity no longer active
2026-10-02T16:05:37Z,APP_21879_3030045,21879,3030045,12,269,197.531,0,0,-1,-1,0,0.999931471,NA,NA,70.000000000,MEASURED_CPU_FAULT,CPU;INTERVAL_FAULTS,NA,NA,NA,NA,NA,NA,NA,NA,NA,NA,NA,NA,NA,NA,NA,NA,NA,NA,NA,NA,NA,NA,NA,TARGET_GONE,identity no longer active
2026-10-02T16:05:37Z,APP_21879_3030045,21879,3030045,12,270,201.499,0,0,-1,-1,0,0.999931471,NA,NA,70.000000000,MEASURED_CPU_FAULT,CPU;INTERVAL_FAULTS,NA,NA,NA,NA,NA,NA,NA,NA,NA,NA,NA,NA,NA,NA,NA,NA,NA,NA,NA,NA,NA,NA,NA,TARGET_GONE,identity no longer active
2026-10-02T16:05:37Z,APP_21879_3030045,21879,3030045,12,271,202.755,0,0,-1,-1,0,0.999931471,NA,NA,70.000000000,MEASURED_CPU_FAULT,CPU;INTERVAL_FAULTS,NA,NA,NA,NA,NA,NA,NA,NA,NA,NA,NA,NA,NA,NA,NA,NA,NA,NA,NA,NA,NA,NA,NA,TARGET_GONE,identity no longer active
2026-10-02T16:05:37Z,APP_21879_3030045,21879,3030045,12,272,191.617,0,0,-1,-1,0,0.999931471,NA,NA,70.000000000,MEASURED_CPU_FAULT,CPU;INTERVAL_FAULTS,NA,NA,NA,NA,NA,NA,NA,NA,NA,NA,NA,NA,NA,NA,NA,NA,NA,NA,NA,NA,NA,NA,NA,TARGET_GONE,identity no longer active
2026-10-02T16:05:38Z,APP_21879_3030045,21879,3030045,12,273,201.499,0,0,-1,-1,0,0.999931471,NA,NA,70.000000000,MEASURED_CPU_FAULT,CPU;INTERVAL_FAULTS,NA,NA,NA,NA,NA,NA,NA,NA,NA,NA,NA,NA,NA,NA,NA,NA,NA,NA,NA,NA,NA,NA,NA,TARGET_GONE,identity no longer active
2026-10-02T16:05:38Z,APP_21879_3030045,21879,3030045,12,274,206.708,0,0,-1,-1,0,0.999931471,NA,NA,70.000000000,MEASURED_CPU_FAULT,CPU;INTERVAL_FAULTS,NA,NA,NA,NA,NA,NA,NA,NA,NA,NA,NA,NA,NA,NA,NA,NA,NA,NA,NA,NA,NA,NA,NA,TARGET_GONE,identity no longer active
2026-10-02T16:05:38Z,APP_21879_3030045,21879,3030045,12,275,191.617,0,0,-1,-1,0,0.999931471,NA,NA,70.000000000,MEASURED_CPU_FAULT,CPU;INTERVAL_FAULTS,NA,NA,NA,NA,NA,NA,NA,NA,NA,NA,NA,NA,NA,NA,NA,NA,NA,NA,NA,NA,NA,NA,NA,TARGET_GONE,identity no longer active
2026-10-02T16:05:38Z,APP_21879_3030045,21879,3030045,12,276,200.607,0,0,-1,-1,0,0.999931471,NA,NA,70.000000000,MEASURED_CPU_FAULT,CPU;INTERVAL_FAULTS,NA,NA,NA,NA,NA,NA,NA,NA,NA,NA,NA,NA,NA,NA,NA,NA,NA,NA,NA,NA,NA,NA,NA,TARGET_GONE,identity no longer active
2026-10-02T16:05:38Z,APP_21879_3030045,21879,3030045,12,277,201.198,0,0,-1,-1,0,0.999931471,NA,NA,70.000000000,MEASURED_CPU_FAULT,CPU;INTERVAL_FAULTS,NA,NA,NA,NA,NA,NA,NA,NA,NA,NA,NA,NA,NA,NA,NA,NA,NA,NA,NA,NA,NA,NA,NA,TARGET_GONE,identity no longer active
2026-10-02T16:05:38Z,APP_21879_3030045,21879,3030045,12,278,199.610,0,0,-1,-1,0,0.999931471,NA,NA,70.000000000,MEASURED_CPU_FAULT,CPU;INTERVAL_FAULTS,NA,NA,NA,NA,NA,NA,NA,NA,NA,NA,NA,NA,NA,NA,NA,NA,NA,NA,NA,NA,NA,NA,NA,TARGET_GONE,identity no longer active
2026-10-02T16:05:38Z,APP_21879_3030045,21879,3030045,12,279,201.198,0,0,-1,-1,0,0.999931471,NA,NA,70.000000000,MEASURED_CPU_FAULT,CPU;INTERVAL_FAULTS,NA,NA,NA,NA,NA,NA,NA,NA,NA,NA,NA,NA,NA,NA,NA,NA,NA,NA,NA,NA,NA,NA,NA,TARGET_GONE,identity no longer active
2026-10-02T16:05:39Z,APP_21879_3030045,21879,3030045,12,280,200.000,0,0,-1,-1,0,0.999931471,NA,NA,70.000000000,MEASURED_CPU_FAULT,CPU;INTERVAL_FAULTS,NA,NA,NA,NA,NA,NA,NA,NA,NA,NA,NA,NA,NA,NA,NA,NA,NA,NA,NA,NA,NA,NA,NA,TARGET_GONE,identity no longer active
2026-10-02T16:05:39Z,APP_21879_3030045,21879,3030045,12,281,192.192,0,0,-1,-1,0,0.999931471,NA,NA,70.000000000,MEASURED_CPU_FAULT,CPU;INTERVAL_FAULTS,NA,NA,NA,NA,NA,NA,NA,NA,NA,NA,NA,NA,NA,NA,NA,NA,NA,NA,NA,NA,NA,NA,NA,TARGET_GONE,identity no longer active
2026-10-02T16:05:39Z,APP_21879_3030045,21879,3030045,12,282,201.802,0,0,-1,-1,0,0.999931471,NA,NA,70.000000000,MEASURED_CPU_FAULT,CPU;INTERVAL_FAULTS,NA,NA,NA,NA,NA,NA,NA,NA,NA,NA,NA,NA,NA,NA,NA,NA,NA,NA,NA,NA,NA,NA,NA,TARGET_GONE,identity no longer active
2026-10-02T16:05:39Z,APP_21879_3030045,21879,3030045,12,283,198.758,0,0,-1,-1,0,0.999931471,NA,NA,70.000000000,MEASURED_CPU_FAULT,CPU;INTERVAL_FAULTS,NA,NA,NA,NA,NA,NA,NA,NA,NA,NA,NA,NA,NA,NA,NA,NA,NA,NA,NA,NA,NA,NA,NA,TARGET_GONE,identity no longer active
2026-10-02T16:05:39Z,APP_21879_3030045,21879,3030045,12,284,210.463,0,0,-1,-1,0,0.999931471,NA,NA,70.000000000,MEASURED_CPU_FAULT,CPU;INTERVAL_FAULTS,NA,NA,NA,NA,NA,NA,NA,NA,NA,NA,NA,NA,NA,NA,NA,NA,NA,NA,NA,NA,NA,NA,NA,TARGET_GONE,identity no longer active
2026-10-02T16:05:39Z,APP_21879_3030045,21879,3030045,12,285,191.736,0,0,-1,-1,0,0.999931471,NA,NA,70.000000000,MEASURED_CPU_FAULT,CPU;INTERVAL_FAULTS,NA,NA,NA,NA,NA,NA,NA,NA,NA,NA,NA,NA,NA,NA,NA,NA,NA,NA,NA,NA,NA,NA,NA,TARGET_GONE,identity no longer active
2026-10-02T16:05:39Z,APP_21879_3030045,21879,3030045,12,286,200.897,0,0,-1,-1,0,0.999931471,NA,NA,70.000000000,MEASURED_CPU_FAULT,CPU;INTERVAL_FAULTS,NA,NA,NA,NA,NA,NA,NA,NA,NA,NA,NA,NA,NA,NA,NA,NA,NA,NA,NA,NA,NA,NA,NA,TARGET_GONE,identity no longer active
2026-10-02T16:05:39Z,APP_21879_3030045,21879,3030045,12,287,200.607,0,0,-1,-1,0,0.999931471,NA,NA,70.000000000,MEASURED_CPU_FAULT,CPU;INTERVAL_FAULTS,NA,NA,NA,NA,NA,NA,NA,NA,NA,NA,NA,NA,NA,NA,NA,NA,NA,NA,NA,NA,NA,NA,NA,TARGET_GONE,identity no longer active
2026-10-02T16:05:39Z,APP_21879_3030045,21879,3030045,12,288,201.802,0,0,-1,-1,0,0.999931471,NA,NA,70.000000000,MEASURED_CPU_FAULT,CPU;INTERVAL_FAULTS,NA,NA,NA,NA,NA,NA,NA,NA,NA,NA,NA,NA,NA,NA,NA,NA,NA,NA,NA,NA,NA,NA,NA,TARGET_GONE,identity no longer active
2026-10-02T16:05:40Z,APP_21879_3030045,21879,3030045,12,289,198.230,0,0,-1,-1,0,0.999931471,NA,NA,70.000000000,MEASURED_CPU_FAULT,CPU;INTERVAL_FAULTS,NA,NA,NA,NA,NA,NA,NA,NA,NA,NA,NA,NA,NA,NA,NA,NA,NA,NA,NA,NA,NA,NA,NA,TARGET_GONE,identity no longer active
2026-10-02T16:05:40Z,APP_21879_3030045,21879,3030045,12,290,210.778,0,0,-1,-1,0,0.999931471,NA,NA,70.000000000,MEASURED_CPU_FAULT,CPU;INTERVAL_FAULTS,NA,NA,NA,NA,NA,NA,NA,NA,NA,NA,NA,NA,NA,NA,NA,NA,NA,NA,NA,NA,NA,NA,NA,TARGET_GONE,identity no longer active
2026-10-02T16:05:40Z,APP_21879_3030045,21879,3030045,12,291,201.802,0,0,-1,-1,0,0.999931471,NA,NA,70.000000000,MEASURED_CPU_FAULT,CPU;INTERVAL_FAULTS,NA,NA,NA,NA,NA,NA,NA,NA,NA,NA,NA,NA,NA,NA,NA,NA,NA,NA,NA,NA,NA,NA,NA,TARGET_GONE,identity no longer active
2026-10-02T16:05:40Z,APP_21879_3030045,21879,3030045,12,292,194.411,0,0,-1,-1,0,0.999931471,NA,NA,70.000000000,MEASURED_CPU_FAULT,CPU;INTERVAL_FAULTS,NA,NA,NA,NA,NA,NA,NA,NA,NA,NA,NA,NA,NA,NA,NA,NA,NA,NA,NA,NA,NA,NA,NA,TARGET_GONE,identity no longer active
2026-10-02T16:05:40Z,APP_21879_3030045,21879,3030045,12,293,210.463,0,0,-1,-1,0,0.999931471,NA,NA,70.000000000,MEASURED_CPU_FAULT,CPU;INTERVAL_FAULTS,NA,NA,NA,NA,NA,NA,NA,NA,NA,NA,NA,NA,NA,NA,NA,NA,NA,NA,NA,NA,NA,NA,NA,TARGET_GONE,identity no longer active
2026-10-02T16:05:40Z,APP_21879_3030045,21879,3030045,12,294,194.135,0,0,-1,-1,0,0.999931471,NA,NA,70.000000000,MEASURED_CPU_FAULT,CPU;INTERVAL_FAULTS,NA,NA,NA,NA,NA,NA,NA,NA,NA,NA,NA,NA,NA,NA,NA,NA,NA,NA,NA,NA,NA,NA,NA,TARGET_GONE,identity no longer active
2026-10-02T16:05:40Z,APP_21879_3030045,21879,3030045,12,295,201.499,0,0,-1,-1,0,0.999931471,NA,NA,70.000000000,MEASURED_CPU_FAULT,CPU;INTERVAL_FAULTS,NA,NA,NA,NA,NA,NA,NA,NA,NA,NA,NA,NA,NA,NA,NA,NA,NA,NA,NA,NA,NA,NA,NA,TARGET_GONE,identity no longer active
2026-10-02T16:05:40Z,APP_21879_3030045,21879,3030045,12,296,200.607,0,0,-1,-1,0,0.999931471,NA,NA,70.000000000,MEASURED_CPU_FAULT,CPU;INTERVAL_FAULTS,NA,NA,NA,NA,NA,NA,NA,NA,NA,NA,NA,NA,NA,NA,NA,NA,NA,NA,NA,NA,NA,NA,NA,TARGET_GONE,identity no longer active
2026-10-02T16:05:41Z,APP_21879_3030045,21879,3030045,12,297,201.499,0,0,-1,-1,0,0.999931471,NA,NA,70.000000000,MEASURED_CPU_FAULT,CPU;INTERVAL_FAULTS,NA,NA,NA,NA,NA,NA,NA,NA,NA,NA,NA,NA,NA,NA,NA,NA,NA,NA,NA,NA,NA,NA,NA,TARGET_GONE,identity no longer active
2026-10-02T16:05:27Z,APP_21879_3030045,21879,3030045,13,298,0.000,0,0,-1,-1,0,0.999931471,1,true,0.000000000,MEASURED_CPU_FAULT,CPU;INTERVAL_FAULTS,HOT,669.474315258,0.560000000,0.700000000,NA,NA,NA,NA,0.560000000,0.000000000,0.700000000,0.000000000,-1.000000000,1.232000000,NA,MOVE_THREAD,INVALID,NOT_APPLICABLE,INVALID,MOVE_THREAD,-1,-1,false,TARGET_GONE,identity no longer active
2026-10-02T16:05:28Z,APP_21879_3030045,21879,3030045,13,299,0.000,0,0,-1,-1,0,0.999931471,NA,NA,0.000000000,MEASURED_CPU_FAULT,CPU;INTERVAL_FAULTS,NA,NA,NA,NA,NA,NA,NA,NA,NA,NA,NA,NA,NA,NA,NA,NA,NA,NA,NA,NA,NA,NA,NA,TARGET_GONE,identity no longer active
2026-10-02T16:05:28Z,APP_21879_3030045,21879,3030045,13,300,6.934,0,0,-1,-1,0,0.999931471,NA,NA,4.853800000,MEASURED_CPU_FAULT,CPU;INTERVAL_FAULTS,NA,NA,NA,NA,NA,NA,NA,NA,NA,NA,NA,NA,NA,NA,NA,NA,NA,NA,NA,NA,NA,NA,NA,TARGET_GONE,identity no longer active
2026-10-02T16:05:28Z,APP_21879_3030045,21879,3030045,13,301,0.000,0,0,-1,-1,0,0.999931471,NA,NA,0.000000000,MEASURED_CPU_FAULT,CPU;INTERVAL_FAULTS,NA,NA,NA,NA,NA,NA,NA,NA,NA,NA,NA,NA,NA,NA,NA,NA,NA,NA,NA,NA,NA,NA,NA,TARGET_GONE,identity no longer active
2026-10-02T16:05:28Z,APP_21879_3030045,21879,3030045,13,302,0.000,0,0,-1,-1,0,0.999931471,NA,NA,0.000000000,MEASURED_CPU_FAULT,CPU;INTERVAL_FAULTS,NA,NA,NA,NA,NA,NA,NA,NA,NA,NA,NA,NA,NA,NA,NA,NA,NA,NA,NA,NA,NA,NA,NA,TARGET_GONE,identity no longer active
2026-10-02T16:05:28Z,APP_21879_3030045,21879,3030045,13,303,0.000,0,0,-1,-1,0,0.999931471,NA,NA,0.000000000,MEASURED_CPU_FAULT,CPU;INTERVAL_FAULTS,NA,NA,NA,NA,NA,NA,NA,NA,NA,NA,NA,NA,NA,NA,NA,NA,NA,NA,NA,NA,NA,NA,NA,TARGET_GONE,identity no longer active
2026-10-02T16:05:28Z,APP_21879_3030045,21879,3030045,13,304,0.000,0,0,-1,-1,0,0.999931471,NA,NA,0.000000000,MEASURED_CPU_FAULT,CPU;INTERVAL_FAULTS,NA,NA,NA,NA,NA,NA,NA,NA,NA,NA,NA,NA,NA,NA,NA,NA,NA,NA,NA,NA,NA,NA,NA,TARGET_GONE,identity no longer active
2026-10-02T16:05:29Z,APP_21879_3030045,21879,3030045,13,305,0.000,0,0,-1,-1,0,0.999931471,NA,NA,0.000000000,MEASURED_CPU_FAULT,CPU;INTERVAL_FAULTS,NA,NA,NA,NA,NA,NA,NA,NA,NA,NA,NA,NA,NA,NA,NA,NA,NA,NA,NA,NA,NA,NA,NA,TARGET_GONE,identity no longer active
2026-10-02T16:05:29Z,APP_21879_3030045,21879,3030045,13,306,95.238,0,0,-1,-1,0,0.999931471,NA,NA,66.666600000,MEASURED_CPU_FAULT,CPU;INTERVAL_FAULTS,NA,NA,NA,NA,NA,NA,NA,NA,NA,NA,NA,NA,NA,NA,NA,NA,NA,NA,NA,NA,NA,NA,NA,TARGET_GONE,identity no longer active
2026-10-02T16:05:29Z,APP_21879_3030045,21879,3030045,13,307,201.802,0,0,-1,-1,0,0.999931471,NA,NA,70.000000000,MEASURED_CPU_FAULT,CPU;INTERVAL_FAULTS,NA,NA,NA,NA,NA,NA,NA,NA,NA,NA,NA,NA,NA,NA,NA,NA,NA,NA,NA,NA,NA,NA,NA,TARGET_GONE,identity no longer active
2026-10-02T16:05:29Z,APP_21879_3030045,21879,3030045,13,308,198.650,0,0,-1,-1,0,0.999931471,NA,NA,70.000000000,MEASURED_CPU_FAULT,CPU;INTERVAL_FAULTS,NA,NA,NA,NA,NA,NA,NA,NA,NA,NA,NA,NA,NA,NA,NA,NA,NA,NA,NA,NA,NA,NA,NA,TARGET_GONE,identity no longer active
2026-10-02T16:05:29Z,APP_21879_3030045,21879,3030045,13,309,201.198,0,0,-1,-1,0,0.999931471,NA,NA,70.000000000,MEASURED_CPU_FAULT,CPU;INTERVAL_FAULTS,NA,NA,NA,NA,NA,NA,NA,NA,NA,NA,NA,NA,NA,NA,NA,NA,NA,NA,NA,NA,NA,NA,NA,TARGET_GONE,identity no longer active
2026-10-02T16:05:29Z,APP_21879_3030045,21879,3030045,13,310,202.230,0,0,-1,-1,0,0.999931471,NA,NA,70.000000000,MEASURED_CPU_FAULT,CPU;INTERVAL_FAULTS,NA,NA,NA,NA,NA,NA,NA,NA,NA,NA,NA,NA,NA,NA,NA,NA,NA,NA,NA,NA,NA,NA,NA,TARGET_GONE,identity no longer active
2026-10-02T16:05:29Z,APP_21879_3030045,21879,3030045,13,311,191.617,0,0,-1,-1,0,0.999931471,NA,NA,70.000000000,MEASURED_CPU_FAULT,CPU;INTERVAL_FAULTS,NA,NA,NA,NA,NA,NA,NA,NA,NA,NA,NA,NA,NA,NA,NA,NA,NA,NA,NA,NA,NA,NA,NA,TARGET_GONE,identity no longer active
2026-10-02T16:05:29Z,APP_21879_3030045,21879,3030045,13,312,202.043,0,0,-1,-1,0,0.999931471,NA,NA,70.000000000,MEASURED_CPU_FAULT,CPU;INTERVAL_FAULTS,NA,NA,NA,NA,NA,NA,NA,NA,NA,NA,NA,NA,NA,NA,NA,NA,NA,NA,NA,NA,NA,NA,NA,TARGET_GONE,identity no longer active
2026-10-02T16:05:30Z,APP_21879_3030045,21879,3030045,13,313,201.198,0,0,-1,-1,0,0.999931471,NA,NA,70.000000000,MEASURED_CPU_FAULT,CPU;INTERVAL_FAULTS,NA,NA,NA,NA,NA,NA,NA,NA,NA,NA,NA,NA,NA,NA,NA,NA,NA,NA,NA,NA,NA,NA,NA,TARGET_GONE,identity no longer active
2026-10-02T16:05:30Z,APP_21879_3030045,21879,3030045,13,314,197.280,0,0,-1,-1,0,0.999931471,NA,NA,70.000000000,MEASURED_CPU_FAULT,CPU;INTERVAL_FAULTS,NA,NA,NA,NA,NA,NA,NA,NA,NA,NA,NA,NA,NA,NA,NA,NA,NA,NA,NA,NA,NA,NA,NA,TARGET_GONE,identity no longer active
2026-10-02T16:05:30Z,APP_21879_3030045,21879,3030045,13,315,210.778,0,0,-1,-1,0,0.999931471,NA,NA,70.000000000,MEASURED_CPU_FAULT,CPU;INTERVAL_FAULTS,NA,NA,NA,NA,NA,NA,NA,NA,NA,NA,NA,NA,NA,NA,NA,NA,NA,NA,NA,NA,NA,NA,NA,TARGET_GONE,identity no longer active
2026-10-02T16:05:30Z,APP_21879_3030045,21879,3030045,13,316,191.904,0,0,-1,-1,0,0.999931471,NA,NA,70.000000000,MEASURED_CPU_FAULT,CPU;INTERVAL_FAULTS,NA,NA,NA,NA,NA,NA,NA,NA,NA,NA,NA,NA,NA,NA,NA,NA,NA,NA,NA,NA,NA,NA,NA,TARGET_GONE,identity no longer active
2026-10-02T16:05:30Z,APP_21879_3030045,21879,3030045,13,317,205.714,0,0,-1,-1,0,0.999931471,NA,NA,70.000000000,MEASURED_CPU_FAULT,CPU;INTERVAL_FAULTS,NA,NA,NA,NA,NA,NA,NA,NA,NA,NA,NA,NA,NA,NA,NA,NA,NA,NA,NA,NA,NA,NA,NA,TARGET_GONE,identity no longer active
2026-10-02T16:05:30Z,APP_21879_3030045,21879,3030045,13,318,201.198,0,0,-1,-1,0,0.999931471,NA,NA,70.000000000,MEASURED_CPU_FAULT,CPU;INTERVAL_FAULTS,NA,NA,NA,NA,NA,NA,NA,NA,NA,NA,NA,NA,NA,NA,NA,NA,NA,NA,NA,NA,NA,NA,NA,TARGET_GONE,identity no longer active
2026-10-02T16:05:30Z,APP_21879_3030045,21879,3030045,13,319,196.648,0,0,-1,-1,0,0.999931471,NA,NA,70.000000000,MEASURED_CPU_FAULT,CPU;INTERVAL_FAULTS,NA,NA,NA,NA,NA,NA,NA,NA,NA,NA,NA,NA,NA,NA,NA,NA,NA,NA,NA,NA,NA,NA,NA,TARGET_GONE,identity no longer active
2026-10-02T16:05:30Z,APP_21879_3030045,21879,3030045,13,320,201.499,0,0,-1,-1,0,0.999931471,NA,NA,70.000000000,MEASURED_CPU_FAULT,CPU;INTERVAL_FAULTS,NA,NA,NA,NA,NA,NA,NA,NA,NA,NA,NA,NA,NA,NA,NA,NA,NA,NA,NA,NA,NA,NA,NA,TARGET_GONE,identity no longer active
2026-10-02T16:05:31Z,APP_21879_3030045,21879,3030045,13,321,202.772,0,0,-1,-1,0,0.999931471,NA,NA,70.000000000,MEASURED_CPU_FAULT,CPU;INTERVAL_FAULTS,NA,NA,NA,NA,NA,NA,NA,NA,NA,NA,NA,NA,NA,NA,NA,NA,NA,NA,NA,NA,NA,NA,NA,TARGET_GONE,identity no longer active
2026-10-02T16:05:31Z,APP_21879_3030045,21879,3030045,13,322,201.499,0,0,-1,-1,0,0.999931471,NA,NA,70.000000000,MEASURED_CPU_FAULT,CPU;INTERVAL_FAULTS,NA,NA,NA,NA,NA,NA,NA,NA,NA,NA,NA,NA,NA,NA,NA,NA,NA,NA,NA,NA,NA,NA,NA,TARGET_GONE,identity no longer active
2026-10-02T16:05:31Z,APP_21879_3030045,21879,3030045,13,323,195.918,0,0,-1,-1,0,0.999931471,NA,NA,70.000000000,MEASURED_CPU_FAULT,CPU;INTERVAL_FAULTS,NA,NA,NA,NA,NA,NA,NA,NA,NA,NA,NA,NA,NA,NA,NA,NA,NA,NA,NA,NA,NA,NA,NA,TARGET_GONE,identity no longer active
2026-10-02T16:05:31Z,APP_21879_3030045,21879,3030045,13,324,211.411,0,0,-1,-1,0,0.999931471,NA,NA,70.000000000,MEASURED_CPU_FAULT,CPU;INTERVAL_FAULTS,NA,NA,NA,NA,NA,NA,NA,NA,NA,NA,NA,NA,NA,NA,NA,NA,NA,NA,NA,NA,NA,NA,NA,TARGET_GONE,identity no longer active
2026-10-02T16:05:31Z,APP_21879_3030045,21879,3030045,13,325,201.499,0,0,-1,-1,0,0.999931471,NA,NA,70.000000000,MEASURED_CPU_FAULT,CPU;INTERVAL_FAULTS,NA,NA,NA,NA,NA,NA,NA,NA,NA,NA,NA,NA,NA,NA,NA,NA,NA,NA,NA,NA,NA,NA,NA,TARGET_GONE,identity no longer active
2026-10-02T16:05:31Z,APP_21879_3030045,21879,3030045,13,326,198.706,0,0,-1,-1,0,0.999931471,NA,NA,70.000000000,MEASURED_CPU_FAULT,CPU;INTERVAL_FAULTS,NA,NA,NA,NA,NA,NA,NA,NA,NA,NA,NA,NA,NA,NA,NA,NA,NA,NA,NA,NA,NA,NA,NA,TARGET_GONE,identity no longer active
2026-10-02T16:05:31Z,APP_21879_3030045,21879,3030045,13,327,191.904,0,0,-1,-1,0,0.999931471,NA,NA,70.000000000,MEASURED_CPU_FAULT,CPU;INTERVAL_FAULTS,NA,NA,NA,NA,NA,NA,NA,NA,NA,NA,NA,NA,NA,NA,NA,NA,NA,NA,NA,NA,NA,NA,NA,TARGET_GONE,identity no longer active
2026-10-02T16:05:31Z,APP_21879_3030045,21879,3030045,13,328,204.325,0,0,-1,-1,0,0.999931471,NA,NA,70.000000000,MEASURED_CPU_FAULT,CPU;INTERVAL_FAULTS,NA,NA,NA,NA,NA,NA,NA,NA,NA,NA,NA,NA,NA,NA,NA,NA,NA,NA,NA,NA,NA,NA,NA,TARGET_GONE,identity no longer active
2026-10-02T16:05:31Z,APP_21879_3030045,21879,3030045,13,329,201.499,0,0,-1,-1,0,0.999931471,NA,NA,70.000000000,MEASURED_CPU_FAULT,CPU;INTERVAL_FAULTS,NA,NA,NA,NA,NA,NA,NA,NA,NA,NA,NA,NA,NA,NA,NA,NA,NA,NA,NA,NA,NA,NA,NA,TARGET_GONE,identity no longer active
2026-10-02T16:05:32Z,APP_21879_3030045,21879,3030045,13,330,197.531,0,0,-1,-1,0,0.999931471,NA,NA,70.000000000,MEASURED_CPU_FAULT,CPU;INTERVAL_FAULTS,NA,NA,NA,NA,NA,NA,NA,NA,NA,NA,NA,NA,NA,NA,NA,NA,NA,NA,NA,NA,NA,NA,NA,TARGET_GONE,identity no longer active
2026-10-02T16:05:32Z,APP_21879_3030045,21879,3030045,13,331,201.499,0,0,-1,-1,0,0.999931471,NA,NA,70.000000000,MEASURED_CPU_FAULT,CPU;INTERVAL_FAULTS,NA,NA,NA,NA,NA,NA,NA,NA,NA,NA,NA,NA,NA,NA,NA,NA,NA,NA,NA,NA,NA,NA,NA,TARGET_GONE,identity no longer active
2026-10-02T16:05:32Z,APP_21879_3030045,21879,3030045,13,332,203.885,0,0,-1,-1,0,0.999931471,NA,NA,70.000000000,MEASURED_CPU_FAULT,CPU;INTERVAL_FAULTS,NA,NA,NA,NA,NA,NA,NA,NA,NA,NA,NA,NA,NA,NA,NA,NA,NA,NA,NA,NA,NA,NA,NA,TARGET_GONE,identity no longer active
2026-10-02T16:05:32Z,APP_21879_3030045,21879,3030045,13,333,192.771,0,0,-1,-1,0,0.999931471,NA,NA,70.000000000,MEASURED_CPU_FAULT,CPU;INTERVAL_FAULTS,NA,NA,NA,NA,NA,NA,NA,NA,NA,NA,NA,NA,NA,NA,NA,NA,NA,NA,NA,NA,NA,NA,NA,TARGET_GONE,identity no longer active
2026-10-02T16:05:32Z,APP_21879_3030045,21879,3030045,13,334,201.499,0,0,-1,-1,0,0.999931471,NA,NA,70.000000000,MEASURED_CPU_FAULT,CPU;INTERVAL_FAULTS,NA,NA,NA,NA,NA,NA,NA,NA,NA,NA,NA,NA,NA,NA,NA,NA,NA,NA,NA,NA,NA,NA,NA,TARGET_GONE,identity no longer active
2026-10-02T16:05:32Z,APP_21879_3030045,21879,3030045,13,335,191.847,0,0,-1,-1,0,0.999931471,NA,NA,70.000000000,MEASURED_CPU_FAULT,CPU;INTERVAL_FAULTS,NA,NA,NA,NA,NA,NA,NA,NA,NA,NA,NA,NA,NA,NA,NA,NA,NA,NA,NA,NA,NA,NA,NA,TARGET_GONE,identity no longer active
2026-10-02T16:05:32Z,APP_21879_3030045,21879,3030045,13,336,201.198,0,0,-1,-1,0,0.999931471,NA,NA,70.000000000,MEASURED_CPU_FAULT,CPU;INTERVAL_FAULTS,NA,NA,NA,NA,NA,NA,NA,NA,NA,NA,NA,NA,NA,NA,NA,NA,NA,NA,NA,NA,NA,NA,NA,TARGET_GONE,identity no longer active
2026-10-02T16:05:32Z,APP_21879_3030045,21879,3030045,13,337,204.115,0,0,-1,-1,0,0.999931471,NA,NA,70.000000000,MEASURED_CPU_FAULT,CPU;INTERVAL_FAULTS,NA,NA,NA,NA,NA,NA,NA,NA,NA,NA,NA,NA,NA,NA,NA,NA,NA,NA,NA,NA,NA,NA,NA,TARGET_GONE,identity no longer active
2026-10-02T16:05:33Z,APP_21879_3030045,21879,3030045,13,338,192.192,0,0,-1,-1,0,0.999931471,NA,NA,70.000000000,MEASURED_CPU_FAULT,CPU;INTERVAL_FAULTS,NA,NA,NA,NA,NA,NA,NA,NA,NA,NA,NA,NA,NA,NA,NA,NA,NA,NA,NA,NA,NA,NA,NA,TARGET_GONE,identity no longer active
2026-10-02T16:05:33Z,APP_21879_3030045,21879,3030045,13,339,204.115,0,0,-1,-1,0,0.999931471,NA,NA,70.000000000,MEASURED_CPU_FAULT,CPU;INTERVAL_FAULTS,NA,NA,NA,NA,NA,NA,NA,NA,NA,NA,NA,NA,NA,NA,NA,NA,NA,NA,NA,NA,NA,NA,NA,TARGET_GONE,identity no longer active
2026-10-02T16:05:33Z,APP_21879_3030045,21879,3030045,13,340,201.802,0,0,-1,-1,0,0.999931471,NA,NA,70.000000000,MEASURED_CPU_FAULT,CPU;INTERVAL_FAULTS,NA,NA,NA,NA,NA,NA,NA,NA,NA,NA,NA,NA,NA,NA,NA,NA,NA,NA,NA,NA,NA,NA,NA,TARGET_GONE,identity no longer active
2026-10-02T16:05:33Z,APP_21879_3030045,21879,3030045,13,341,201.491,0,0,-1,-1,0,0.999931471,NA,NA,70.000000000,MEASURED_CPU_FAULT,CPU;INTERVAL_FAULTS,NA,NA,NA,NA,NA,NA,NA,NA,NA,NA,NA,NA,NA,NA,NA,NA,NA,NA,NA,NA,NA,NA,NA,TARGET_GONE,identity no longer active
2026-10-02T16:05:33Z,APP_21879_3030045,21879,3030045,13,342,192.771,0,0,-1,-1,0,0.999931471,NA,NA,70.000000000,MEASURED_CPU_FAULT,CPU;INTERVAL_FAULTS,NA,NA,NA,NA,NA,NA,NA,NA,NA,NA,NA,NA,NA,NA,NA,NA,NA,NA,NA,NA,NA,NA,NA,TARGET_GONE,identity no longer active
2026-10-02T16:05:33Z,APP_21879_3030045,21879,3030045,13,343,201.499,0,0,-1,-1,0,0.999931471,NA,NA,70.000000000,MEASURED_CPU_FAULT,CPU;INTERVAL_FAULTS,NA,NA,NA,NA,NA,NA,NA,NA,NA,NA,NA,NA,NA,NA,NA,NA,NA,NA,NA,NA,NA,NA,NA,TARGET_GONE,identity no longer active
2026-10-02T16:05:33Z,APP_21879_3030045,21879,3030045,13,344,199.253,0,0,-1,-1,0,0.999931471,NA,NA,70.000000000,MEASURED_CPU_FAULT,CPU;INTERVAL_FAULTS,NA,NA,NA,NA,NA,NA,NA,NA,NA,NA,NA,NA,NA,NA,NA,NA,NA,NA,NA,NA,NA,NA,NA,TARGET_GONE,identity no longer active
2026-10-02T16:05:33Z,APP_21879_3030045,21879,3030045,13,345,201.198,0,0,-1,-1,0,0.999931471,NA,NA,70.000000000,MEASURED_CPU_FAULT,CPU;INTERVAL_FAULTS,NA,NA,NA,NA,NA,NA,NA,NA,NA,NA,NA,NA,NA,NA,NA,NA,NA,NA,NA,NA,NA,NA,NA,TARGET_GONE,identity no longer active
2026-10-02T16:05:34Z,APP_21879_3030045,21879,3030045,13,346,198.142,0,0,-1,-1,0,0.999931471,NA,NA,70.000000000,MEASURED_CPU_FAULT,CPU;INTERVAL_FAULTS,NA,NA,NA,NA,NA,NA,NA,NA,NA,NA,NA,NA,NA,NA,NA,NA,NA,NA,NA,NA,NA,NA,NA,TARGET_GONE,identity no longer active
2026-10-02T16:05:34Z,APP_21879_3030045,21879,3030045,13,347,200.897,0,0,-1,-1,0,0.999931471,NA,NA,70.000000000,MEASURED_CPU_FAULT,CPU;INTERVAL_FAULTS,NA,NA,NA,NA,NA,NA,NA,NA,NA,NA,NA,NA,NA,NA,NA,NA,NA,NA,NA,NA,NA,NA,NA,TARGET_GONE,identity no longer active
2026-10-02T16:05:34Z,APP_21879_3030045,21879,3030045,13,348,197.938,0,0,-1,-1,0,0.999931471,NA,NA,70.000000000,MEASURED_CPU_FAULT,CPU;INTERVAL_FAULTS,NA,NA,NA,NA,NA,NA,NA,NA,NA,NA,NA,NA,NA,NA,NA,NA,NA,NA,NA,NA,NA,NA,NA,TARGET_GONE,identity no longer active
2026-10-02T16:05:34Z,APP_21879_3030045,21879,3030045,13,349,201.499,0,0,-1,-1,0,0.999931471,NA,NA,70.000000000,MEASURED_CPU_FAULT,CPU;INTERVAL_FAULTS,NA,NA,NA,NA,NA,NA,NA,NA,NA,NA,NA,NA,NA,NA,NA,NA,NA,NA,NA,NA,NA,NA,NA,TARGET_GONE,identity no longer active
2026-10-02T16:05:34Z,APP_21879_3030045,21879,3030045,13,350,202.625,0,0,-1,-1,0,0.999931471,NA,NA,70.000000000,MEASURED_CPU_FAULT,CPU;INTERVAL_FAULTS,NA,NA,NA,NA,NA,NA,NA,NA,NA,NA,NA,NA,NA,NA,NA,NA,NA,NA,NA,NA,NA,NA,NA,TARGET_GONE,identity no longer active
2026-10-02T16:05:34Z,APP_21879_3030045,21879,3030045,13,351,192.192,0,0,-1,-1,0,0.999931471,NA,NA,70.000000000,MEASURED_CPU_FAULT,CPU;INTERVAL_FAULTS,NA,NA,NA,NA,NA,NA,NA,NA,NA,NA,NA,NA,NA,NA,NA,NA,NA,NA,NA,NA,NA,NA,NA,TARGET_GONE,identity no longer active
2026-10-02T16:05:34Z,APP_21879_3030045,21879,3030045,13,352,201.198,0,0,-1,-1,0,0.999931471,NA,NA,70.000000000,MEASURED_CPU_FAULT,CPU;INTERVAL_FAULTS,NA,NA,NA,NA,NA,NA,NA,NA,NA,NA,NA,NA,NA,NA,NA,NA,NA,NA,NA,NA,NA,NA,NA,TARGET_GONE,identity no longer active
2026-10-02T16:05:34Z,APP_21879_3030045,21879,3030045,13,353,199.253,0,0,-1,-1,0,0.999931471,NA,NA,70.000000000,MEASURED_CPU_FAULT,CPU;INTERVAL_FAULTS,NA,NA,NA,NA,NA,NA,NA,NA,NA,NA,NA,NA,NA,NA,NA,NA,NA,NA,NA,NA,NA,NA,NA,TARGET_GONE,identity no longer active
2026-10-02T16:05:34Z,APP_21879_3030045,21879,3030045,13,354,201.802,0,0,-1,-1,0,0.999931471,NA,NA,70.000000000,MEASURED_CPU_FAULT,CPU;INTERVAL_FAULTS,NA,NA,NA,NA,NA,NA,NA,NA,NA,NA,NA,NA,NA,NA,NA,NA,NA,NA,NA,NA,NA,NA,NA,TARGET_GONE,identity no longer active
2026-10-02T16:05:35Z,APP_21879_3030045,21879,3030045,13,355,197.328,0,0,-1,-1,0,0.999931471,NA,NA,70.000000000,MEASURED_CPU_FAULT,CPU;INTERVAL_FAULTS,NA,NA,NA,NA,NA,NA,NA,NA,NA,NA,NA,NA,NA,NA,NA,NA,NA,NA,NA,NA,NA,NA,NA,TARGET_GONE,identity no longer active
2026-10-02T16:05:35Z,APP_21879_3030045,21879,3030045,13,356,201.499,0,0,-1,-1,0,0.999931471,NA,NA,70.000000000,MEASURED_CPU_FAULT,CPU;INTERVAL_FAULTS,NA,NA,NA,NA,NA,NA,NA,NA,NA,NA,NA,NA,NA,NA,NA,NA,NA,NA,NA,NA,NA,NA,NA,TARGET_GONE,identity no longer active
2026-10-02T16:05:35Z,APP_21879_3030045,21879,3030045,13,357,198.142,0,0,-1,-1,0,0.999931471,NA,NA,70.000000000,MEASURED_CPU_FAULT,CPU;INTERVAL_FAULTS,NA,NA,NA,NA,NA,NA,NA,NA,NA,NA,NA,NA,NA,NA,NA,NA,NA,NA,NA,NA,NA,NA,NA,TARGET_GONE,identity no longer active
2026-10-02T16:05:35Z,APP_21879_3030045,21879,3030045,13,358,201.198,0,0,-1,-1,0,0.999931471,NA,NA,70.000000000,MEASURED_CPU_FAULT,CPU;INTERVAL_FAULTS,NA,NA,NA,NA,NA,NA,NA,NA,NA,NA,NA,NA,NA,NA,NA,NA,NA,NA,NA,NA,NA,NA,NA,TARGET_GONE,identity no longer active
2026-10-02T16:05:35Z,APP_21879_3030045,21879,3030045,13,359,203.253,0,0,-1,-1,0,0.999931471,NA,NA,70.000000000,MEASURED_CPU_FAULT,CPU;INTERVAL_FAULTS,NA,NA,NA,NA,NA,NA,NA,NA,NA,NA,NA,NA,NA,NA,NA,NA,NA,NA,NA,NA,NA,NA,NA,TARGET_GONE,identity no longer active
2026-10-02T16:05:35Z,APP_21879_3030045,21879,3030045,13,360,192.192,0,0,-1,-1,0,0.999931471,NA,NA,70.000000000,MEASURED_CPU_FAULT,CPU;INTERVAL_FAULTS,NA,NA,NA,NA,NA,NA,NA,NA,NA,NA,NA,NA,NA,NA,NA,NA,NA,NA,NA,NA,NA,NA,NA,TARGET_GONE,identity no longer active
2026-10-02T16:05:35Z,APP_21879_3030045,21879,3030045,13,361,201.499,0,0,-1,-1,0,0.999931471,NA,NA,70.000000000,MEASURED_CPU_FAULT,CPU;INTERVAL_FAULTS,NA,NA,NA,NA,NA,NA,NA,NA,NA,NA,NA,NA,NA,NA,NA,NA,NA,NA,NA,NA,NA,NA,NA,TARGET_GONE,identity no longer active
2026-10-02T16:05:35Z,APP_21879_3030045,21879,3030045,13,362,199.253,0,0,-1,-1,0,0.999931471,NA,NA,70.000000000,MEASURED_CPU_FAULT,CPU;INTERVAL_FAULTS,NA,NA,NA,NA,NA,NA,NA,NA,NA,NA,NA,NA,NA,NA,NA,NA,NA,NA,NA,NA,NA,NA,NA,TARGET_GONE,identity no longer active
2026-10-02T16:05:36Z,APP_21879_3030045,21879,3030045,13,363,201.198,0,0,-1,-1,0,0.999931471,NA,NA,70.000000000,MEASURED_CPU_FAULT,CPU;INTERVAL_FAULTS,NA,NA,NA,NA,NA,NA,NA,NA,NA,NA,NA,NA,NA,NA,NA,NA,NA,NA,NA,NA,NA,NA,NA,TARGET_GONE,identity no longer active
2026-10-02T16:05:36Z,APP_21879_3030045,21879,3030045,13,364,197.938,0,0,-1,-1,0,0.999931471,NA,NA,70.000000000,MEASURED_CPU_FAULT,CPU;INTERVAL_FAULTS,NA,NA,NA,NA,NA,NA,NA,NA,NA,NA,NA,NA,NA,NA,NA,NA,NA,NA,NA,NA,NA,NA,NA,TARGET_GONE,identity no longer active
2026-10-02T16:05:36Z,APP_21879_3030045,21879,3030045,13,365,201.198,0,0,-1,-1,0,0.999931471,NA,NA,70.000000000,MEASURED_CPU_FAULT,CPU;INTERVAL_FAULTS,NA,NA,NA,NA,NA,NA,NA,NA,NA,NA,NA,NA,NA,NA,NA,NA,NA,NA,NA,NA,NA,NA,NA,TARGET_GONE,identity no longer active
2026-10-02T16:05:36Z,APP_21879_3030045,21879,3030045,13,366,197.734,0,0,-1,-1,0,0.999931471,NA,NA,70.000000000,MEASURED_CPU_FAULT,CPU;INTERVAL_FAULTS,NA,NA,NA,NA,NA,NA,NA,NA,NA,NA,NA,NA,NA,NA,NA,NA,NA,NA,NA,NA,NA,NA,NA,TARGET_GONE,identity no longer active
2026-10-02T16:05:36Z,APP_21879_3030045,21879,3030045,13,367,201.802,0,0,-1,-1,0,0.999931471,NA,NA,70.000000000,MEASURED_CPU_FAULT,CPU;INTERVAL_FAULTS,NA,NA,NA,NA,NA,NA,NA,NA,NA,NA,NA,NA,NA,NA,NA,NA,NA,NA,NA,NA,NA,NA,NA,TARGET_GONE,identity no longer active
2026-10-02T16:05:36Z,APP_21879_3030045,21879,3030045,13,368,203.096,0,0,-1,-1,0,0.999931471,NA,NA,70.000000000,MEASURED_CPU_FAULT,CPU;INTERVAL_FAULTS,NA,NA,NA,NA,NA,NA,NA,NA,NA,NA,NA,NA,NA,NA,NA,NA,NA,NA,NA,NA,NA,NA,NA,TARGET_GONE,identity no longer active
2026-10-02T16:05:36Z,APP_21879_3030045,21879,3030045,13,369,191.617,0,0,-1,-1,0,0.999931471,NA,NA,70.000000000,MEASURED_CPU_FAULT,CPU;INTERVAL_FAULTS,NA,NA,NA,NA,NA,NA,NA,NA,NA,NA,NA,NA,NA,NA,NA,NA,NA,NA,NA,NA,NA,NA,NA,TARGET_GONE,identity no longer active
2026-10-02T16:05:36Z,APP_21879_3030045,21879,3030045,13,370,201.499,0,0,-1,-1,0,0.999931471,NA,NA,70.000000000,MEASURED_CPU_FAULT,CPU;INTERVAL_FAULTS,NA,NA,NA,NA,NA,NA,NA,NA,NA,NA,NA,NA,NA,NA,NA,NA,NA,NA,NA,NA,NA,NA,NA,TARGET_GONE,identity no longer active
2026-10-02T16:05:37Z,APP_21879_3030045,21879,3030045,13,371,199.253,0,0,-1,-1,0,0.999931471,NA,NA,70.000000000,MEASURED_CPU_FAULT,CPU;INTERVAL_FAULTS,NA,NA,NA,NA,NA,NA,NA,NA,NA,NA,NA,NA,NA,NA,NA,NA,NA,NA,NA,NA,NA,NA,NA,TARGET_GONE,identity no longer active
2026-10-02T16:05:37Z,APP_21879_3030045,21879,3030045,13,372,201.198,0,0,-1,-1,0,0.999931471,NA,NA,70.000000000,MEASURED_CPU_FAULT,CPU;INTERVAL_FAULTS,NA,NA,NA,NA,NA,NA,NA,NA,NA,NA,NA,NA,NA,NA,NA,NA,NA,NA,NA,NA,NA,NA,NA,TARGET_GONE,identity no longer active
2026-10-02T16:05:37Z,APP_21879_3030045,21879,3030045,13,373,197.734,0,0,-1,-1,0,0.999931471,NA,NA,70.000000000,MEASURED_CPU_FAULT,CPU;INTERVAL_FAULTS,NA,NA,NA,NA,NA,NA,NA,NA,NA,NA,NA,NA,NA,NA,NA,NA,NA,NA,NA,NA,NA,NA,NA,TARGET_GONE,identity no longer active
2026-10-02T16:05:37Z,APP_21879_3030045,21879,3030045,13,374,201.802,0,0,-1,-1,0,0.999931471,NA,NA,70.000000000,MEASURED_CPU_FAULT,CPU;INTERVAL_FAULTS,NA,NA,NA,NA,NA,NA,NA,NA,NA,NA,NA,NA,NA,NA,NA,NA,NA,NA,NA,NA,NA,NA,NA,TARGET_GONE,identity no longer active
2026-10-02T16:05:37Z,APP_21879_3030045,21879,3030045,13,375,197.531,0,0,-1,-1,0,0.999931471,NA,NA,70.000000000,MEASURED_CPU_FAULT,CPU;INTERVAL_FAULTS,NA,NA,NA,NA,NA,NA,NA,NA,NA,NA,NA,NA,NA,NA,NA,NA,NA,NA,NA,NA,NA,NA,NA,TARGET_GONE,identity no longer active
2026-10-02T16:05:37Z,APP_21879_3030045,21879,3030045,13,376,201.499,0,0,-1,-1,0,0.999931471,NA,NA,70.000000000,MEASURED_CPU_FAULT,CPU;INTERVAL_FAULTS,NA,NA,NA,NA,NA,NA,NA,NA,NA,NA,NA,NA,NA,NA,NA,NA,NA,NA,NA,NA,NA,NA,NA,TARGET_GONE,identity no longer active
2026-10-02T16:05:37Z,APP_21879_3030045,21879,3030045,13,377,202.755,0,0,-1,-1,0,0.999931471,NA,NA,70.000000000,MEASURED_CPU_FAULT,CPU;INTERVAL_FAULTS,NA,NA,NA,NA,NA,NA,NA,NA,NA,NA,NA,NA,NA,NA,NA,NA,NA,NA,NA,NA,NA,NA,NA,TARGET_GONE,identity no longer active
2026-10-02T16:05:37Z,APP_21879_3030045,21879,3030045,13,378,191.617,0,0,-1,-1,0,0.999931471,NA,NA,70.000000000,MEASURED_CPU_FAULT,CPU;INTERVAL_FAULTS,NA,NA,NA,NA,NA,NA,NA,NA,NA,NA,NA,NA,NA,NA,NA,NA,NA,NA,NA,NA,NA,NA,NA,TARGET_GONE,identity no longer active
2026-10-02T16:05:38Z,APP_21879_3030045,21879,3030045,13,379,201.499,0,0,-1,-1,0,0.999931471,NA,NA,70.000000000,MEASURED_CPU_FAULT,CPU;INTERVAL_FAULTS,NA,NA,NA,NA,NA,NA,NA,NA,NA,NA,NA,NA,NA,NA,NA,NA,NA,NA,NA,NA,NA,NA,NA,TARGET_GONE,identity no longer active
2026-10-02T16:05:38Z,APP_21879_3030045,21879,3030045,13,380,206.708,0,0,-1,-1,0,0.999931471,NA,NA,70.000000000,MEASURED_CPU_FAULT,CPU;INTERVAL_FAULTS,NA,NA,NA,NA,NA,NA,NA,NA,NA,NA,NA,NA,NA,NA,NA,NA,NA,NA,NA,NA,NA,NA,NA,TARGET_GONE,identity no longer active
2026-10-02T16:05:38Z,APP_21879_3030045,21879,3030045,13,381,191.617,0,0,-1,-1,0,0.999931471,NA,NA,70.000000000,MEASURED_CPU_FAULT,CPU;INTERVAL_FAULTS,NA,NA,NA,NA,NA,NA,NA,NA,NA,NA,NA,NA,NA,NA,NA,NA,NA,NA,NA,NA,NA,NA,NA,TARGET_GONE,identity no longer active
2026-10-02T16:05:38Z,APP_21879_3030045,21879,3030045,13,382,200.607,0,0,-1,-1,0,0.999931471,NA,NA,70.000000000,MEASURED_CPU_FAULT,CPU;INTERVAL_FAULTS,NA,NA,NA,NA,NA,NA,NA,NA,NA,NA,NA,NA,NA,NA,NA,NA,NA,NA,NA,NA,NA,NA,NA,TARGET_GONE,identity no longer active
2026-10-02T16:05:38Z,APP_21879_3030045,21879,3030045,13,383,201.198,0,0,-1,-1,0,0.999931471,NA,NA,70.000000000,MEASURED_CPU_FAULT,CPU;INTERVAL_FAULTS,NA,NA,NA,NA,NA,NA,NA,NA,NA,NA,NA,NA,NA,NA,NA,NA,NA,NA,NA,NA,NA,NA,NA,TARGET_GONE,identity no longer active
2026-10-02T16:05:38Z,APP_21879_3030045,21879,3030045,13,384,199.610,0,0,-1,-1,0,0.999931471,NA,NA,70.000000000,MEASURED_CPU_FAULT,CPU;INTERVAL_FAULTS,NA,NA,NA,NA,NA,NA,NA,NA,NA,NA,NA,NA,NA,NA,NA,NA,NA,NA,NA,NA,NA,NA,NA,TARGET_GONE,identity no longer active
2026-10-02T16:05:38Z,APP_21879_3030045,21879,3030045,13,385,201.198,0,0,-1,-1,0,0.999931471,NA,NA,70.000000000,MEASURED_CPU_FAULT,CPU;INTERVAL_FAULTS,NA,NA,NA,NA,NA,NA,NA,NA,NA,NA,NA,NA,NA,NA,NA,NA,NA,NA,NA,NA,NA,NA,NA,TARGET_GONE,identity no longer active
2026-10-02T16:05:39Z,APP_21879_3030045,21879,3030045,13,386,200.000,0,0,-1,-1,0,0.999931471,NA,NA,70.000000000,MEASURED_CPU_FAULT,CPU;INTERVAL_FAULTS,NA,NA,NA,NA,NA,NA,NA,NA,NA,NA,NA,NA,NA,NA,NA,NA,NA,NA,NA,NA,NA,NA,NA,TARGET_GONE,identity no longer active
2026-10-02T16:05:39Z,APP_21879_3030045,21879,3030045,13,387,192.192,0,0,-1,-1,0,0.999931471,NA,NA,70.000000000,MEASURED_CPU_FAULT,CPU;INTERVAL_FAULTS,NA,NA,NA,NA,NA,NA,NA,NA,NA,NA,NA,NA,NA,NA,NA,NA,NA,NA,NA,NA,NA,NA,NA,TARGET_GONE,identity no longer active
2026-10-02T16:05:39Z,APP_21879_3030045,21879,3030045,13,388,201.802,0,0,-1,-1,0,0.999931471,NA,NA,70.000000000,MEASURED_CPU_FAULT,CPU;INTERVAL_FAULTS,NA,NA,NA,NA,NA,NA,NA,NA,NA,NA,NA,NA,NA,NA,NA,NA,NA,NA,NA,NA,NA,NA,NA,TARGET_GONE,identity no longer active
2026-10-02T16:05:39Z,APP_21879_3030045,21879,3030045,13,389,198.758,0,0,-1,-1,0,0.999931471,NA,NA,70.000000000,MEASURED_CPU_FAULT,CPU;INTERVAL_FAULTS,NA,NA,NA,NA,NA,NA,NA,NA,NA,NA,NA,NA,NA,NA,NA,NA,NA,NA,NA,NA,NA,NA,NA,TARGET_GONE,identity no longer active
2026-10-02T16:05:39Z,APP_21879_3030045,21879,3030045,13,390,210.463,0,0,-1,-1,0,0.999931471,NA,NA,70.000000000,MEASURED_CPU_FAULT,CPU;INTERVAL_FAULTS,NA,NA,NA,NA,NA,NA,NA,NA,NA,NA,NA,NA,NA,NA,NA,NA,NA,NA,NA,NA,NA,NA,NA,TARGET_GONE,identity no longer active
2026-10-02T16:05:39Z,APP_21879_3030045,21879,3030045,13,391,191.736,0,0,-1,-1,0,0.999931471,NA,NA,70.000000000,MEASURED_CPU_FAULT,CPU;INTERVAL_FAULTS,NA,NA,NA,NA,NA,NA,NA,NA,NA,NA,NA,NA,NA,NA,NA,NA,NA,NA,NA,NA,NA,NA,NA,TARGET_GONE,identity no longer active
2026-10-02T16:05:39Z,APP_21879_3030045,21879,3030045,13,392,200.897,0,0,-1,-1,0,0.999931471,NA,NA,70.000000000,MEASURED_CPU_FAULT,CPU;INTERVAL_FAULTS,NA,NA,NA,NA,NA,NA,NA,NA,NA,NA,NA,NA,NA,NA,NA,NA,NA,NA,NA,NA,NA,NA,NA,TARGET_GONE,identity no longer active
2026-10-02T16:05:39Z,APP_21879_3030045,21879,3030045,13,393,200.607,0,0,-1,-1,0,0.999931471,NA,NA,70.000000000,MEASURED_CPU_FAULT,CPU;INTERVAL_FAULTS,NA,NA,NA,NA,NA,NA,NA,NA,NA,NA,NA,NA,NA,NA,NA,NA,NA,NA,NA,NA,NA,NA,NA,TARGET_GONE,identity no longer active
2026-10-02T16:05:39Z,APP_21879_3030045,21879,3030045,13,394,201.802,0,0,-1,-1,0,0.999931471,NA,NA,70.000000000,MEASURED_CPU_FAULT,CPU;INTERVAL_FAULTS,NA,NA,NA,NA,NA,NA,NA,NA,NA,NA,NA,NA,NA,NA,NA,NA,NA,NA,NA,NA,NA,NA,NA,TARGET_GONE,identity no longer active
2026-10-02T16:05:40Z,APP_21879_3030045,21879,3030045,13,395,198.230,0,0,-1,-1,0,0.999931471,NA,NA,70.000000000,MEASURED_CPU_FAULT,CPU;INTERVAL_FAULTS,NA,NA,NA,NA,NA,NA,NA,NA,NA,NA,NA,NA,NA,NA,NA,NA,NA,NA,NA,NA,NA,NA,NA,TARGET_GONE,identity no longer active
2026-10-02T16:05:40Z,APP_21879_3030045,21879,3030045,13,396,210.778,0,0,-1,-1,0,0.999931471,NA,NA,70.000000000,MEASURED_CPU_FAULT,CPU;INTERVAL_FAULTS,NA,NA,NA,NA,NA,NA,NA,NA,NA,NA,NA,NA,NA,NA,NA,NA,NA,NA,NA,NA,NA,NA,NA,TARGET_GONE,identity no longer active
2026-10-02T16:05:40Z,APP_21879_3030045,21879,3030045,13,397,201.802,0,0,-1,-1,0,0.999931471,NA,NA,70.000000000,MEASURED_CPU_FAULT,CPU;INTERVAL_FAULTS,NA,NA,NA,NA,NA,NA,NA,NA,NA,NA,NA,NA,NA,NA,NA,NA,NA,NA,NA,NA,NA,NA,NA,TARGET_GONE,identity no longer active
2026-10-02T16:05:40Z,APP_21879_3030045,21879,3030045,13,398,194.411,0,0,-1,-1,0,0.999931471,NA,NA,70.000000000,MEASURED_CPU_FAULT,CPU;INTERVAL_FAULTS,NA,NA,NA,NA,NA,NA,NA,NA,NA,NA,NA,NA,NA,NA,NA,NA,NA,NA,NA,NA,NA,NA,NA,TARGET_GONE,identity no longer active
2026-10-02T16:05:40Z,APP_21879_3030045,21879,3030045,13,399,210.463,0,0,-1,-1,0,0.999931471,NA,NA,70.000000000,MEASURED_CPU_FAULT,CPU;INTERVAL_FAULTS,NA,NA,NA,NA,NA,NA,NA,NA,NA,NA,NA,NA,NA,NA,NA,NA,NA,NA,NA,NA,NA,NA,NA,TARGET_GONE,identity no longer active
2026-10-02T16:05:40Z,APP_21879_3030045,21879,3030045,13,400,194.135,0,0,-1,-1,0,0.999931471,NA,NA,70.000000000,MEASURED_CPU_FAULT,CPU;INTERVAL_FAULTS,NA,NA,NA,NA,NA,NA,NA,NA,NA,NA,NA,NA,NA,NA,NA,NA,NA,NA,NA,NA,NA,NA,NA,TARGET_GONE,identity no longer active
2026-10-02T16:05:40Z,APP_21879_3030045,21879,3030045,13,401,201.499,0,0,-1,-1,0,0.999931471,NA,NA,70.000000000,MEASURED_CPU_FAULT,CPU;INTERVAL_FAULTS,NA,NA,NA,NA,NA,NA,NA,NA,NA,NA,NA,NA,NA,NA,NA,NA,NA,NA,NA,NA,NA,NA,NA,TARGET_GONE,identity no longer active
2026-10-02T16:05:40Z,APP_21879_3030045,21879,3030045,13,402,200.607,0,0,-1,-1,0,0.999931471,NA,NA,70.000000000,MEASURED_CPU_FAULT,CPU;INTERVAL_FAULTS,NA,NA,NA,NA,NA,NA,NA,NA,NA,NA,NA,NA,NA,NA,NA,NA,NA,NA,NA,NA,NA,NA,NA,TARGET_GONE,identity no longer active
2026-10-02T16:05:41Z,APP_21879_3030045,21879,3030045,13,403,201.499,0,0,-1,-1,0,0.999931471,NA,NA,70.000000000,MEASURED_CPU_FAULT,CPU;INTERVAL_FAULTS,NA,NA,NA,NA,NA,NA,NA,NA,NA,NA,NA,NA,NA,NA,NA,NA,NA,NA,NA,NA,NA,NA,NA,TARGET_GONE,identity no longer active
2026-10-02T16:05:41Z,APP_21879_3030045,21879,3030045,13,404,200.447,0,0,-1,-1,0,0.999931471,NA,NA,70.000000000,MEASURED_CPU_FAULT,CPU;INTERVAL_FAULTS,NA,NA,NA,NA,NA,NA,NA,NA,NA,NA,NA,NA,NA,NA,NA,NA,NA,NA,NA,NA,NA,NA,NA,TARGET_GONE,identity no longer active
2026-10-02T16:05:41Z,APP_21879_3030045,21879,3030045,13,405,191.617,0,0,-1,-1,0,0.999931471,NA,NA,70.000000000,MEASURED_CPU_FAULT,CPU;INTERVAL_FAULTS,NA,NA,NA,NA,NA,NA,NA,NA,NA,NA,NA,NA,NA,NA,NA,NA,NA,NA,NA,NA,NA,NA,NA,TARGET_GONE,identity no longer active
2026-10-02T16:05:41Z,APP_21879_3030045,21879,3030045,13,406,201.499,0,0,-1,-1,0,0.999931471,NA,NA,70.000000000,MEASURED_CPU_FAULT,CPU;INTERVAL_FAULTS,NA,NA,NA,NA,NA,NA,NA,NA,NA,NA,NA,NA,NA,NA,NA,NA,NA,NA,NA,NA,NA,NA,NA,TARGET_GONE,identity no longer active
2026-10-02T16:05:41Z,APP_21879_3030045,21879,3030045,13,407,202.187,0,0,-1,-1,0,0.999931471,NA,NA,70.000000000,MEASURED_CPU_FAULT,CPU;INTERVAL_FAULTS,NA,NA,NA,NA,NA,NA,NA,NA,NA,NA,NA,NA,NA,NA,NA,NA,NA,NA,NA,NA,NA,NA,NA,TARGET_GONE,identity no longer active
2026-10-02T16:05:41Z,APP_21879_3030045,21879,3030045,13,408,201.499,0,0,-1,-1,0,0.999931471,NA,NA,70.000000000,MEASURED_CPU_FAULT,CPU;INTERVAL_FAULTS,NA,NA,NA,NA,NA,NA,NA,NA,NA,NA,NA,NA,NA,NA,NA,NA,NA,NA,NA,NA,NA,NA,NA,TARGET_GONE,identity no longer active
2026-10-02T16:05:41Z,APP_21879_3030045,21879,3030045,13,409,194.529,0,0,-1,-1,0,0.999931471,NA,NA,70.000000000,MEASURED_CPU_FAULT,CPU;INTERVAL_FAULTS,NA,NA,NA,NA,NA,NA,NA,NA,NA,NA,NA,NA,NA,NA,NA,NA,NA,NA,NA,NA,NA,NA,NA,TARGET_GONE,identity no longer active
2026-10-02T16:05:41Z,APP_21879_3030045,21879,3030045,13,410,201.198,0,0,-1,-1,0,0.999931471,NA,NA,70.000000000,MEASURED_CPU_FAULT,CPU;INTERVAL_FAULTS,NA,NA,NA,NA,NA,NA,NA,NA,NA,NA,NA,NA,NA,NA,NA,NA,NA,NA,NA,NA,NA,NA,NA,TARGET_GONE,identity no longer active
2026-10-02T16:05:42Z,APP_21879_3030045,21879,3030045,13,411,200.607,0,0,-1,-1,0,0.999931471,NA,NA,70.000000000,MEASURED_CPU_FAULT,CPU;INTERVAL_FAULTS,NA,NA,NA,NA,NA,NA,NA,NA,NA,NA,NA,NA,NA,NA,NA,NA,NA,NA,NA,NA,NA,NA,NA,TARGET_GONE,identity no longer active
2026-10-02T16:05:42Z,APP_21879_3030045,21879,3030045,13,412,201.198,0,0,-1,-1,0,0.999931471,NA,NA,70.000000000,MEASURED_CPU_FAULT,CPU;INTERVAL_FAULTS,NA,NA,NA,NA,NA,NA,NA,NA,NA,NA,NA,NA,NA,NA,NA,NA,NA,NA,NA,NA,NA,NA,NA,TARGET_GONE,identity no longer active
2026-10-02T16:05:27Z,APP_21879_3030045,21879,3030045,14,413,0.000,0,0,-1,-1,0,0.999931471,1,true,0.000000000,MEASURED_CPU_FAULT,CPU;INTERVAL_FAULTS,HOT,669.474315258,0.560000000,0.700000000,NA,NA,NA,NA,0.560000000,0.000000000,0.700000000,0.000000000,-1.000000000,1.232000000,NA,MOVE_THREAD,INVALID,NOT_APPLICABLE,INVALID,MOVE_THREAD,-1,-1,false,TARGET_GONE,identity no longer active
2026-10-02T16:05:28Z,APP_21879_3030045,21879,3030045,14,414,0.000,0,0,-1,-1,0,0.999931471,NA,NA,0.000000000,MEASURED_CPU_FAULT,CPU;INTERVAL_FAULTS,NA,NA,NA,NA,NA,NA,NA,NA,NA,NA,NA,NA,NA,NA,NA,NA,NA,NA,NA,NA,NA,NA,NA,TARGET_GONE,identity no longer active
2026-10-02T16:05:28Z,APP_21879_3030045,21879,3030045,14,415,6.934,0,0,-1,-1,0,0.999931471,NA,NA,4.853800000,MEASURED_CPU_FAULT,CPU;INTERVAL_FAULTS,NA,NA,NA,NA,NA,NA,NA,NA,NA,NA,NA,NA,NA,NA,NA,NA,NA,NA,NA,NA,NA,NA,NA,TARGET_GONE,identity no longer active
2026-10-02T16:05:28Z,APP_21879_3030045,21879,3030045,14,416,0.000,0,0,-1,-1,0,0.999931471,NA,NA,0.000000000,MEASURED_CPU_FAULT,CPU;INTERVAL_FAULTS,NA,NA,NA,NA,NA,NA,NA,NA,NA,NA,NA,NA,NA,NA,NA,NA,NA,NA,NA,NA,NA,NA,NA,TARGET_GONE,identity no longer active
2026-10-02T16:05:28Z,APP_21879_3030045,21879,3030045,14,417,0.000,0,0,-1,-1,0,0.999931471,NA,NA,0.000000000,MEASURED_CPU_FAULT,CPU;INTERVAL_FAULTS,NA,NA,NA,NA,NA,NA,NA,NA,NA,NA,NA,NA,NA,NA,NA,NA,NA,NA,NA,NA,NA,NA,NA,TARGET_GONE,identity no longer active
2026-10-02T16:05:28Z,APP_21879_3030045,21879,3030045,14,418,0.000,0,0,-1,-1,0,0.999931471,NA,NA,0.000000000,MEASURED_CPU_FAULT,CPU;INTERVAL_FAULTS,NA,NA,NA,NA,NA,NA,NA,NA,NA,NA,NA,NA,NA,NA,NA,NA,NA,NA,NA,NA,NA,NA,NA,TARGET_GONE,identity no longer active
2026-10-02T16:05:28Z,APP_21879_3030045,21879,3030045,14,419,0.000,0,0,-1,-1,0,0.999931471,NA,NA,0.000000000,MEASURED_CPU_FAULT,CPU;INTERVAL_FAULTS,NA,NA,NA,NA,NA,NA,NA,NA,NA,NA,NA,NA,NA,NA,NA,NA,NA,NA,NA,NA,NA,NA,NA,TARGET_GONE,identity no longer active
2026-10-02T16:05:29Z,APP_21879_3030045,21879,3030045,14,420,0.000,0,0,-1,-1,0,0.999931471,NA,NA,0.000000000,MEASURED_CPU_FAULT,CPU;INTERVAL_FAULTS,NA,NA,NA,NA,NA,NA,NA,NA,NA,NA,NA,NA,NA,NA,NA,NA,NA,NA,NA,NA,NA,NA,NA,TARGET_GONE,identity no longer active
2026-10-02T16:05:29Z,APP_21879_3030045,21879,3030045,14,421,95.238,0,0,-1,-1,0,0.999931471,NA,NA,66.666600000,MEASURED_CPU_FAULT,CPU;INTERVAL_FAULTS,NA,NA,NA,NA,NA,NA,NA,NA,NA,NA,NA,NA,NA,NA,NA,NA,NA,NA,NA,NA,NA,NA,NA,TARGET_GONE,identity no longer active
2026-10-02T16:05:29Z,APP_21879_3030045,21879,3030045,14,422,201.802,0,0,-1,-1,0,0.999931471,NA,NA,70.000000000,MEASURED_CPU_FAULT,CPU;INTERVAL_FAULTS,NA,NA,NA,NA,NA,NA,NA,NA,NA,NA,NA,NA,NA,NA,NA,NA,NA,NA,NA,NA,NA,NA,NA,TARGET_GONE,identity no longer active
2026-10-02T16:05:29Z,APP_21879_3030045,21879,3030045,14,423,198.650,0,0,-1,-1,0,0.999931471,NA,NA,70.000000000,MEASURED_CPU_FAULT,CPU;INTERVAL_FAULTS,NA,NA,NA,NA,NA,NA,NA,NA,NA,NA,NA,NA,NA,NA,NA,NA,NA,NA,NA,NA,NA,NA,NA,TARGET_GONE,identity no longer active
2026-10-02T16:05:29Z,APP_21879_3030045,21879,3030045,14,424,201.198,0,0,-1,-1,0,0.999931471,NA,NA,70.000000000,MEASURED_CPU_FAULT,CPU;INTERVAL_FAULTS,NA,NA,NA,NA,NA,NA,NA,NA,NA,NA,NA,NA,NA,NA,NA,NA,NA,NA,NA,NA,NA,NA,NA,TARGET_GONE,identity no longer active
2026-10-02T16:05:29Z,APP_21879_3030045,21879,3030045,14,425,202.230,0,0,-1,-1,0,0.999931471,NA,NA,70.000000000,MEASURED_CPU_FAULT,CPU;INTERVAL_FAULTS,NA,NA,NA,NA,NA,NA,NA,NA,NA,NA,NA,NA,NA,NA,NA,NA,NA,NA,NA,NA,NA,NA,NA,TARGET_GONE,identity no longer active
2026-10-02T16:05:29Z,APP_21879_3030045,21879,3030045,14,426,191.617,0,0,-1,-1,0,0.999931471,NA,NA,70.000000000,MEASURED_CPU_FAULT,CPU;INTERVAL_FAULTS,NA,NA,NA,NA,NA,NA,NA,NA,NA,NA,NA,NA,NA,NA,NA,NA,NA,NA,NA,NA,NA,NA,NA,TARGET_GONE,identity no longer active
2026-10-02T16:05:29Z,APP_21879_3030045,21879,3030045,14,427,202.043,0,0,-1,-1,0,0.999931471,NA,NA,70.000000000,MEASURED_CPU_FAULT,CPU;INTERVAL_FAULTS,NA,NA,NA,NA,NA,NA,NA,NA,NA,NA,NA,NA,NA,NA,NA,NA,NA,NA,NA,NA,NA,NA,NA,TARGET_GONE,identity no longer active
2026-10-02T16:05:30Z,APP_21879_3030045,21879,3030045,14,428,201.198,0,0,-1,-1,0,0.999931471,NA,NA,70.000000000,MEASURED_CPU_FAULT,CPU;INTERVAL_FAULTS,NA,NA,NA,NA,NA,NA,NA,NA,NA,NA,NA,NA,NA,NA,NA,NA,NA,NA,NA,NA,NA,NA,NA,TARGET_GONE,identity no longer active
2026-10-02T16:05:30Z,APP_21879_3030045,21879,3030045,14,429,197.280,0,0,-1,-1,0,0.999931471,NA,NA,70.000000000,MEASURED_CPU_FAULT,CPU;INTERVAL_FAULTS,NA,NA,NA,NA,NA,NA,NA,NA,NA,NA,NA,NA,NA,NA,NA,NA,NA,NA,NA,NA,NA,NA,NA,TARGET_GONE,identity no longer active
2026-10-02T16:05:30Z,APP_21879_3030045,21879,3030045,14,430,210.778,0,0,-1,-1,0,0.999931471,NA,NA,70.000000000,MEASURED_CPU_FAULT,CPU;INTERVAL_FAULTS,NA,NA,NA,NA,NA,NA,NA,NA,NA,NA,NA,NA,NA,NA,NA,NA,NA,NA,NA,NA,NA,NA,NA,TARGET_GONE,identity no longer active
2026-10-02T16:05:30Z,APP_21879_3030045,21879,3030045,14,431,191.904,0,0,-1,-1,0,0.999931471,NA,NA,70.000000000,MEASURED_CPU_FAULT,CPU;INTERVAL_FAULTS,NA,NA,NA,NA,NA,NA,NA,NA,NA,NA,NA,NA,NA,NA,NA,NA,NA,NA,NA,NA,NA,NA,NA,TARGET_GONE,identity no longer active
2026-10-02T16:05:30Z,APP_21879_3030045,21879,3030045,14,432,205.714,0,0,-1,-1,0,0.999931471,NA,NA,70.000000000,MEASURED_CPU_FAULT,CPU;INTERVAL_FAULTS,NA,NA,NA,NA,NA,NA,NA,NA,NA,NA,NA,NA,NA,NA,NA,NA,NA,NA,NA,NA,NA,NA,NA,TARGET_GONE,identity no longer active
2026-10-02T16:05:30Z,APP_21879_3030045,21879,3030045,14,433,201.198,0,0,-1,-1,0,0.999931471,NA,NA,70.000000000,MEASURED_CPU_FAULT,CPU;INTERVAL_FAULTS,NA,NA,NA,NA,NA,NA,NA,NA,NA,NA,NA,NA,NA,NA,NA,NA,NA,NA,NA,NA,NA,NA,NA,TARGET_GONE,identity no longer active
2026-10-02T16:05:30Z,APP_21879_3030045,21879,3030045,14,434,196.648,0,0,-1,-1,0,0.999931471,NA,NA,70.000000000,MEASURED_CPU_FAULT,CPU;INTERVAL_FAULTS,NA,NA,NA,NA,NA,NA,NA,NA,NA,NA,NA,NA,NA,NA,NA,NA,NA,NA,NA,NA,NA,NA,NA,TARGET_GONE,identity no longer active
2026-10-02T16:05:30Z,APP_21879_3030045,21879,3030045,14,435,201.499,0,0,-1,-1,0,0.999931471,NA,NA,70.000000000,MEASURED_CPU_FAULT,CPU;INTERVAL_FAULTS,NA,NA,NA,NA,NA,NA,NA,NA,NA,NA,NA,NA,NA,NA,NA,NA,NA,NA,NA,NA,NA,NA,NA,TARGET_GONE,identity no longer active
2026-10-02T16:05:31Z,APP_21879_3030045,21879,3030045,14,436,202.772,0,0,-1,-1,0,0.999931471,NA,NA,70.000000000,MEASURED_CPU_FAULT,CPU;INTERVAL_FAULTS,NA,NA,NA,NA,NA,NA,NA,NA,NA,NA,NA,NA,NA,NA,NA,NA,NA,NA,NA,NA,NA,NA,NA,TARGET_GONE,identity no longer active
2026-10-02T16:05:31Z,APP_21879_3030045,21879,3030045,14,437,201.499,0,0,-1,-1,0,0.999931471,NA,NA,70.000000000,MEASURED_CPU_FAULT,CPU;INTERVAL_FAULTS,NA,NA,NA,NA,NA,NA,NA,NA,NA,NA,NA,NA,NA,NA,NA,NA,NA,NA,NA,NA,NA,NA,NA,TARGET_GONE,identity no longer active
2026-10-02T16:05:31Z,APP_21879_3030045,21879,3030045,14,438,195.918,0,0,-1,-1,0,0.999931471,NA,NA,70.000000000,MEASURED_CPU_FAULT,CPU;INTERVAL_FAULTS,NA,NA,NA,NA,NA,NA,NA,NA,NA,NA,NA,NA,NA,NA,NA,NA,NA,NA,NA,NA,NA,NA,NA,TARGET_GONE,identity no longer active
2026-10-02T16:05:31Z,APP_21879_3030045,21879,3030045,14,439,211.411,0,0,-1,-1,0,0.999931471,NA,NA,70.000000000,MEASURED_CPU_FAULT,CPU;INTERVAL_FAULTS,NA,NA,NA,NA,NA,NA,NA,NA,NA,NA,NA,NA,NA,NA,NA,NA,NA,NA,NA,NA,NA,NA,NA,TARGET_GONE,identity no longer active
2026-10-02T16:05:31Z,APP_21879_3030045,21879,3030045,14,440,201.499,0,0,-1,-1,0,0.999931471,NA,NA,70.000000000,MEASURED_CPU_FAULT,CPU;INTERVAL_FAULTS,NA,NA,NA,NA,NA,NA,NA,NA,NA,NA,NA,NA,NA,NA,NA,NA,NA,NA,NA,NA,NA,NA,NA,TARGET_GONE,identity no longer active
2026-10-02T16:05:31Z,APP_21879_3030045,21879,3030045,14,441,198.706,0,0,-1,-1,0,0.999931471,NA,NA,70.000000000,MEASURED_CPU_FAULT,CPU;INTERVAL_FAULTS,NA,NA,NA,NA,NA,NA,NA,NA,NA,NA,NA,NA,NA,NA,NA,NA,NA,NA,NA,NA,NA,NA,NA,TARGET_GONE,identity no longer active
2026-10-02T16:05:31Z,APP_21879_3030045,21879,3030045,14,442,191.904,0,0,-1,-1,0,0.999931471,NA,NA,70.000000000,MEASURED_CPU_FAULT,CPU;INTERVAL_FAULTS,NA,NA,NA,NA,NA,NA,NA,NA,NA,NA,NA,NA,NA,NA,NA,NA,NA,NA,NA,NA,NA,NA,NA,TARGET_GONE,identity no longer active
2026-10-02T16:05:31Z,APP_21879_3030045,21879,3030045,14,443,204.325,0,0,-1,-1,0,0.999931471,NA,NA,70.000000000,MEASURED_CPU_FAULT,CPU;INTERVAL_FAULTS,NA,NA,NA,NA,NA,NA,NA,NA,NA,NA,NA,NA,NA,NA,NA,NA,NA,NA,NA,NA,NA,NA,NA,TARGET_GONE,identity no longer active
2026-10-02T16:05:31Z,APP_21879_3030045,21879,3030045,14,444,201.499,0,0,-1,-1,0,0.999931471,NA,NA,70.000000000,MEASURED_CPU_FAULT,CPU;INTERVAL_FAULTS,NA,NA,NA,NA,NA,NA,NA,NA,NA,NA,NA,NA,NA,NA,NA,NA,NA,NA,NA,NA,NA,NA,NA,TARGET_GONE,identity no longer active
2026-10-02T16:05:32Z,APP_21879_3030045,21879,3030045,14,445,197.531,0,0,-1,-1,0,0.999931471,NA,NA,70.000000000,MEASURED_CPU_FAULT,CPU;INTERVAL_FAULTS,NA,NA,NA,NA,NA,NA,NA,NA,NA,NA,NA,NA,NA,NA,NA,NA,NA,NA,NA,NA,NA,NA,NA,TARGET_GONE,identity no longer active
2026-10-02T16:05:32Z,APP_21879_3030045,21879,3030045,14,446,201.499,0,0,-1,-1,0,0.999931471,NA,NA,70.000000000,MEASURED_CPU_FAULT,CPU;INTERVAL_FAULTS,NA,NA,NA,NA,NA,NA,NA,NA,NA,NA,NA,NA,NA,NA,NA,NA,NA,NA,NA,NA,NA,NA,NA,TARGET_GONE,identity no longer active
2026-10-02T16:05:32Z,APP_21879_3030045,21879,3030045,14,447,203.885,0,0,-1,-1,0,0.999931471,NA,NA,70.000000000,MEASURED_CPU_FAULT,CPU;INTERVAL_FAULTS,NA,NA,NA,NA,NA,NA,NA,NA,NA,NA,NA,NA,NA,NA,NA,NA,NA,NA,NA,NA,NA,NA,NA,TARGET_GONE,identity no longer active
2026-10-02T16:05:32Z,APP_21879_3030045,21879,3030045,14,448,192.771,0,0,-1,-1,0,0.999931471,NA,NA,70.000000000,MEASURED_CPU_FAULT,CPU;INTERVAL_FAULTS,NA,NA,NA,NA,NA,NA,NA,NA,NA,NA,NA,NA,NA,NA,NA,NA,NA,NA,NA,NA,NA,NA,NA,TARGET_GONE,identity no longer active
2026-10-02T16:05:32Z,APP_21879_3030045,21879,3030045,14,449,201.499,0,0,-1,-1,0,0.999931471,NA,NA,70.000000000,MEASURED_CPU_FAULT,CPU;INTERVAL_FAULTS,NA,NA,NA,NA,NA,NA,NA,NA,NA,NA,NA,NA,NA,NA,NA,NA,NA,NA,NA,NA,NA,NA,NA,TARGET_GONE,identity no longer active
2026-10-02T16:05:32Z,APP_21879_3030045,21879,3030045,14,450,191.847,0,0,-1,-1,0,0.999931471,NA,NA,70.000000000,MEASURED_CPU_FAULT,CPU;INTERVAL_FAULTS,NA,NA,NA,NA,NA,NA,NA,NA,NA,NA,NA,NA,NA,NA,NA,NA,NA,NA,NA,NA,NA,NA,NA,TARGET_GONE,identity no longer active
2026-10-02T16:05:32Z,APP_21879_3030045,21879,3030045,14,451,201.198,0,0,-1,-1,0,0.999931471,NA,NA,70.000000000,MEASURED_CPU_FAULT,CPU;INTERVAL_FAULTS,NA,NA,NA,NA,NA,NA,NA,NA,NA,NA,NA,NA,NA,NA,NA,NA,NA,NA,NA,NA,NA,NA,NA,TARGET_GONE,identity no longer active
2026-10-02T16:05:32Z,APP_21879_3030045,21879,3030045,14,452,204.115,0,0,-1,-1,0,0.999931471,NA,NA,70.000000000,MEASURED_CPU_FAULT,CPU;INTERVAL_FAULTS,NA,NA,NA,NA,NA,NA,NA,NA,NA,NA,NA,NA,NA,NA,NA,NA,NA,NA,NA,NA,NA,NA,NA,TARGET_GONE,identity no longer active
2026-10-02T16:05:33Z,APP_21879_3030045,21879,3030045,14,453,192.192,0,0,-1,-1,0,0.999931471,NA,NA,70.000000000,MEASURED_CPU_FAULT,CPU;INTERVAL_FAULTS,NA,NA,NA,NA,NA,NA,NA,NA,NA,NA,NA,NA,NA,NA,NA,NA,NA,NA,NA,NA,NA,NA,NA,TARGET_GONE,identity no longer active
2026-10-02T16:05:33Z,APP_21879_3030045,21879,3030045,14,454,204.115,0,0,-1,-1,0,0.999931471,NA,NA,70.000000000,MEASURED_CPU_FAULT,CPU;INTERVAL_FAULTS,NA,NA,NA,NA,NA,NA,NA,NA,NA,NA,NA,NA,NA,NA,NA,NA,NA,NA,NA,NA,NA,NA,NA,TARGET_GONE,identity no longer active
2026-10-02T16:05:33Z,APP_21879_3030045,21879,3030045,14,455,201.802,0,0,-1,-1,0,0.999931471,NA,NA,70.000000000,MEASURED_CPU_FAULT,CPU;INTERVAL_FAULTS,NA,NA,NA,NA,NA,NA,NA,NA,NA,NA,NA,NA,NA,NA,NA,NA,NA,NA,NA,NA,NA,NA,NA,TARGET_GONE,identity no longer active
2026-10-02T16:05:33Z,APP_21879_3030045,21879,3030045,14,456,201.491,0,0,-1,-1,0,0.999931471,NA,NA,70.000000000,MEASURED_CPU_FAULT,CPU;INTERVAL_FAULTS,NA,NA,NA,NA,NA,NA,NA,NA,NA,NA,NA,NA,NA,NA,NA,NA,NA,NA,NA,NA,NA,NA,NA,TARGET_GONE,identity no longer active
2026-10-02T16:05:33Z,APP_21879_3030045,21879,3030045,14,457,192.771,0,0,-1,-1,0,0.999931471,NA,NA,70.000000000,MEASURED_CPU_FAULT,CPU;INTERVAL_FAULTS,NA,NA,NA,NA,NA,NA,NA,NA,NA,NA,NA,NA,NA,NA,NA,NA,NA,NA,NA,NA,NA,NA,NA,TARGET_GONE,identity no longer active
2026-10-02T16:05:33Z,APP_21879_3030045,21879,3030045,14,458,201.499,0,0,-1,-1,0,0.999931471,NA,NA,70.000000000,MEASURED_CPU_FAULT,CPU;INTERVAL_FAULTS,NA,NA,NA,NA,NA,NA,NA,NA,NA,NA,NA,NA,NA,NA,NA,NA,NA,NA,NA,NA,NA,NA,NA,TARGET_GONE,identity no longer active
2026-10-02T16:05:33Z,APP_21879_3030045,21879,3030045,14,459,199.253,0,0,-1,-1,0,0.999931471,NA,NA,70.000000000,MEASURED_CPU_FAULT,CPU;INTERVAL_FAULTS,NA,NA,NA,NA,NA,NA,NA,NA,NA,NA,NA,NA,NA,NA,NA,NA,NA,NA,NA,NA,NA,NA,NA,TARGET_GONE,identity no longer active
2026-10-02T16:05:33Z,APP_21879_3030045,21879,3030045,14,460,201.198,0,0,-1,-1,0,0.999931471,NA,NA,70.000000000,MEASURED_CPU_FAULT,CPU;INTERVAL_FAULTS,NA,NA,NA,NA,NA,NA,NA,NA,NA,NA,NA,NA,NA,NA,NA,NA,NA,NA,NA,NA,NA,NA,NA,TARGET_GONE,identity no longer active
2026-10-02T16:05:34Z,APP_21879_3030045,21879,3030045,14,461,198.142,0,0,-1,-1,0,0.999931471,NA,NA,70.000000000,MEASURED_CPU_FAULT,CPU;INTERVAL_FAULTS,NA,NA,NA,NA,NA,NA,NA,NA,NA,NA,NA,NA,NA,NA,NA,NA,NA,NA,NA,NA,NA,NA,NA,TARGET_GONE,identity no longer active
2026-10-02T16:05:34Z,APP_21879_3030045,21879,3030045,14,462,200.897,0,0,-1,-1,0,0.999931471,NA,NA,70.000000000,MEASURED_CPU_FAULT,CPU;INTERVAL_FAULTS,NA,NA,NA,NA,NA,NA,NA,NA,NA,NA,NA,NA,NA,NA,NA,NA,NA,NA,NA,NA,NA,NA,NA,TARGET_GONE,identity no longer active
2026-10-02T16:05:34Z,APP_21879_3030045,21879,3030045,14,463,197.938,0,0,-1,-1,0,0.999931471,NA,NA,70.000000000,MEASURED_CPU_FAULT,CPU;INTERVAL_FAULTS,NA,NA,NA,NA,NA,NA,NA,NA,NA,NA,NA,NA,NA,NA,NA,NA,NA,NA,NA,NA,NA,NA,NA,TARGET_GONE,identity no longer active
2026-10-02T16:05:34Z,APP_21879_3030045,21879,3030045,14,464,201.499,0,0,-1,-1,0,0.999931471,NA,NA,70.000000000,MEASURED_CPU_FAULT,CPU;INTERVAL_FAULTS,NA,NA,NA,NA,NA,NA,NA,NA,NA,NA,NA,NA,NA,NA,NA,NA,NA,NA,NA,NA,NA,NA,NA,TARGET_GONE,identity no longer active
2026-10-02T16:05:34Z,APP_21879_3030045,21879,3030045,14,465,202.625,0,0,-1,-1,0,0.999931471,NA,NA,70.000000000,MEASURED_CPU_FAULT,CPU;INTERVAL_FAULTS,NA,NA,NA,NA,NA,NA,NA,NA,NA,NA,NA,NA,NA,NA,NA,NA,NA,NA,NA,NA,NA,NA,NA,TARGET_GONE,identity no longer active
2026-10-02T16:05:34Z,APP_21879_3030045,21879,3030045,14,466,192.192,0,0,-1,-1,0,0.999931471,NA,NA,70.000000000,MEASURED_CPU_FAULT,CPU;INTERVAL_FAULTS,NA,NA,NA,NA,NA,NA,NA,NA,NA,NA,NA,NA,NA,NA,NA,NA,NA,NA,NA,NA,NA,NA,NA,TARGET_GONE,identity no longer active
2026-10-02T16:05:34Z,APP_21879_3030045,21879,3030045,14,467,201.198,0,0,-1,-1,0,0.999931471,NA,NA,70.000000000,MEASURED_CPU_FAULT,CPU;INTERVAL_FAULTS,NA,NA,NA,NA,NA,NA,NA,NA,NA,NA,NA,NA,NA,NA,NA,NA,NA,NA,NA,NA,NA,NA,NA,TARGET_GONE,identity no longer active
2026-10-02T16:05:34Z,APP_21879_3030045,21879,3030045,14,468,199.253,0,0,-1,-1,0,0.999931471,NA,NA,70.000000000,MEASURED_CPU_FAULT,CPU;INTERVAL_FAULTS,NA,NA,NA,NA,NA,NA,NA,NA,NA,NA,NA,NA,NA,NA,NA,NA,NA,NA,NA,NA,NA,NA,NA,TARGET_GONE,identity no longer active
2026-10-02T16:05:34Z,APP_21879_3030045,21879,3030045,14,469,201.802,0,0,-1,-1,0,0.999931471,NA,NA,70.000000000,MEASURED_CPU_FAULT,CPU;INTERVAL_FAULTS,NA,NA,NA,NA,NA,NA,NA,NA,NA,NA,NA,NA,NA,NA,NA,NA,NA,NA,NA,NA,NA,NA,NA,TARGET_GONE,identity no longer active
2026-10-02T16:05:35Z,APP_21879_3030045,21879,3030045,14,470,197.328,0,0,-1,-1,0,0.999931471,NA,NA,70.000000000,MEASURED_CPU_FAULT,CPU;INTERVAL_FAULTS,NA,NA,NA,NA,NA,NA,NA,NA,NA,NA,NA,NA,NA,NA,NA,NA,NA,NA,NA,NA,NA,NA,NA,TARGET_GONE,identity no longer active
2026-10-02T16:05:35Z,APP_21879_3030045,21879,3030045,14,471,201.499,0,0,-1,-1,0,0.999931471,NA,NA,70.000000000,MEASURED_CPU_FAULT,CPU;INTERVAL_FAULTS,NA,NA,NA,NA,NA,NA,NA,NA,NA,NA,NA,NA,NA,NA,NA,NA,NA,NA,NA,NA,NA,NA,NA,TARGET_GONE,identity no longer active
2026-10-02T16:05:35Z,APP_21879_3030045,21879,3030045,14,472,198.142,0,0,-1,-1,0,0.999931471,NA,NA,70.000000000,MEASURED_CPU_FAULT,CPU;INTERVAL_FAULTS,NA,NA,NA,NA,NA,NA,NA,NA,NA,NA,NA,NA,NA,NA,NA,NA,NA,NA,NA,NA,NA,NA,NA,TARGET_GONE,identity no longer active
2026-10-02T16:05:35Z,APP_21879_3030045,21879,3030045,14,473,201.198,0,0,-1,-1,0,0.999931471,NA,NA,70.000000000,MEASURED_CPU_FAULT,CPU;INTERVAL_FAULTS,NA,NA,NA,NA,NA,NA,NA,NA,NA,NA,NA,NA,NA,NA,NA,NA,NA,NA,NA,NA,NA,NA,NA,TARGET_GONE,identity no longer active
2026-10-02T16:05:35Z,APP_21879_3030045,21879,3030045,14,474,203.253,0,0,-1,-1,0,0.999931471,NA,NA,70.000000000,MEASURED_CPU_FAULT,CPU;INTERVAL_FAULTS,NA,NA,NA,NA,NA,NA,NA,NA,NA,NA,NA,NA,NA,NA,NA,NA,NA,NA,NA,NA,NA,NA,NA,TARGET_GONE,identity no longer active
2026-10-02T16:05:35Z,APP_21879_3030045,21879,3030045,14,475,192.192,0,0,-1,-1,0,0.999931471,NA,NA,70.000000000,MEASURED_CPU_FAULT,CPU;INTERVAL_FAULTS,NA,NA,NA,NA,NA,NA,NA,NA,NA,NA,NA,NA,NA,NA,NA,NA,NA,NA,NA,NA,NA,NA,NA,TARGET_GONE,identity no longer active
2026-10-02T16:05:35Z,APP_21879_3030045,21879,3030045,14,476,201.499,0,0,-1,-1,0,0.999931471,NA,NA,70.000000000,MEASURED_CPU_FAULT,CPU;INTERVAL_FAULTS,NA,NA,NA,NA,NA,NA,NA,NA,NA,NA,NA,NA,NA,NA,NA,NA,NA,NA,NA,NA,NA,NA,NA,TARGET_GONE,identity no longer active
2026-10-02T16:05:35Z,APP_21879_3030045,21879,3030045,14,477,199.253,0,0,-1,-1,0,0.999931471,NA,NA,70.000000000,MEASURED_CPU_FAULT,CPU;INTERVAL_FAULTS,NA,NA,NA,NA,NA,NA,NA,NA,NA,NA,NA,NA,NA,NA,NA,NA,NA,NA,NA,NA,NA,NA,NA,TARGET_GONE,identity no longer active
2026-10-02T16:05:36Z,APP_21879_3030045,21879,3030045,14,478,201.198,0,0,-1,-1,0,0.999931471,NA,NA,70.000000000,MEASURED_CPU_FAULT,CPU;INTERVAL_FAULTS,NA,NA,NA,NA,NA,NA,NA,NA,NA,NA,NA,NA,NA,NA,NA,NA,NA,NA,NA,NA,NA,NA,NA,TARGET_GONE,identity no longer active
2026-10-02T16:05:36Z,APP_21879_3030045,21879,3030045,14,479,197.938,0,0,-1,-1,0,0.999931471,NA,NA,70.000000000,MEASURED_CPU_FAULT,CPU;INTERVAL_FAULTS,NA,NA,NA,NA,NA,NA,NA,NA,NA,NA,NA,NA,NA,NA,NA,NA,NA,NA,NA,NA,NA,NA,NA,TARGET_GONE,identity no longer active
2026-10-02T16:05:36Z,APP_21879_3030045,21879,3030045,14,480,201.198,0,0,-1,-1,0,0.999931471,NA,NA,70.000000000,MEASURED_CPU_FAULT,CPU;INTERVAL_FAULTS,NA,NA,NA,NA,NA,NA,NA,NA,NA,NA,NA,NA,NA,NA,NA,NA,NA,NA,NA,NA,NA,NA,NA,TARGET_GONE,identity no longer active
2026-10-02T16:05:36Z,APP_21879_3030045,21879,3030045,14,481,197.734,0,0,-1,-1,0,0.999931471,NA,NA,70.000000000,MEASURED_CPU_FAULT,CPU;INTERVAL_FAULTS,NA,NA,NA,NA,NA,NA,NA,NA,NA,NA,NA,NA,NA,NA,NA,NA,NA,NA,NA,NA,NA,NA,NA,TARGET_GONE,identity no longer active
2026-10-02T16:05:36Z,APP_21879_3030045,21879,3030045,14,482,201.802,0,0,-1,-1,0,0.999931471,NA,NA,70.000000000,MEASURED_CPU_FAULT,CPU;INTERVAL_FAULTS,NA,NA,NA,NA,NA,NA,NA,NA,NA,NA,NA,NA,NA,NA,NA,NA,NA,NA,NA,NA,NA,NA,NA,TARGET_GONE,identity no longer active
2026-10-02T16:05:36Z,APP_21879_3030045,21879,3030045,14,483,203.096,0,0,-1,-1,0,0.999931471,NA,NA,70.000000000,MEASURED_CPU_FAULT,CPU;INTERVAL_FAULTS,NA,NA,NA,NA,NA,NA,NA,NA,NA,NA,NA,NA,NA,NA,NA,NA,NA,NA,NA,NA,NA,NA,NA,TARGET_GONE,identity no longer active
2026-10-02T16:05:36Z,APP_21879_3030045,21879,3030045,14,484,191.617,0,0,-1,-1,0,0.999931471,NA,NA,70.000000000,MEASURED_CPU_FAULT,CPU;INTERVAL_FAULTS,NA,NA,NA,NA,NA,NA,NA,NA,NA,NA,NA,NA,NA,NA,NA,NA,NA,NA,NA,NA,NA,NA,NA,TARGET_GONE,identity no longer active
2026-10-02T16:05:36Z,APP_21879_3030045,21879,3030045,14,485,201.499,0,0,-1,-1,0,0.999931471,NA,NA,70.000000000,MEASURED_CPU_FAULT,CPU;INTERVAL_FAULTS,NA,NA,NA,NA,NA,NA,NA,NA,NA,NA,NA,NA,NA,NA,NA,NA,NA,NA,NA,NA,NA,NA,NA,TARGET_GONE,identity no longer active
2026-10-02T16:05:37Z,APP_21879_3030045,21879,3030045,14,486,199.253,0,0,-1,-1,0,0.999931471,NA,NA,70.000000000,MEASURED_CPU_FAULT,CPU;INTERVAL_FAULTS,NA,NA,NA,NA,NA,NA,NA,NA,NA,NA,NA,NA,NA,NA,NA,NA,NA,NA,NA,NA,NA,NA,NA,TARGET_GONE,identity no longer active
2026-10-02T16:05:37Z,APP_21879_3030045,21879,3030045,14,487,201.198,0,0,-1,-1,0,0.999931471,NA,NA,70.000000000,MEASURED_CPU_FAULT,CPU;INTERVAL_FAULTS,NA,NA,NA,NA,NA,NA,NA,NA,NA,NA,NA,NA,NA,NA,NA,NA,NA,NA,NA,NA,NA,NA,NA,TARGET_GONE,identity no longer active
2026-10-02T16:05:37Z,APP_21879_3030045,21879,3030045,14,488,197.734,0,0,-1,-1,0,0.999931471,NA,NA,70.000000000,MEASURED_CPU_FAULT,CPU;INTERVAL_FAULTS,NA,NA,NA,NA,NA,NA,NA,NA,NA,NA,NA,NA,NA,NA,NA,NA,NA,NA,NA,NA,NA,NA,NA,TARGET_GONE,identity no longer active
2026-10-02T16:05:37Z,APP_21879_3030045,21879,3030045,14,489,201.802,0,0,-1,-1,0,0.999931471,NA,NA,70.000000000,MEASURED_CPU_FAULT,CPU;INTERVAL_FAULTS,NA,NA,NA,NA,NA,NA,NA,NA,NA,NA,NA,NA,NA,NA,NA,NA,NA,NA,NA,NA,NA,NA,NA,TARGET_GONE,identity no longer active
2026-10-02T16:05:37Z,APP_21879_3030045,21879,3030045,14,490,197.531,0,0,-1,-1,0,0.999931471,NA,NA,70.000000000,MEASURED_CPU_FAULT,CPU;INTERVAL_FAULTS,NA,NA,NA,NA,NA,NA,NA,NA,NA,NA,NA,NA,NA,NA,NA,NA,NA,NA,NA,NA,NA,NA,NA,TARGET_GONE,identity no longer active
2026-10-02T16:05:37Z,APP_21879_3030045,21879,3030045,14,491,201.499,0,0,-1,-1,0,0.999931471,NA,NA,70.000000000,MEASURED_CPU_FAULT,CPU;INTERVAL_FAULTS,NA,NA,NA,NA,NA,NA,NA,NA,NA,NA,NA,NA,NA,NA,NA,NA,NA,NA,NA,NA,NA,NA,NA,TARGET_GONE,identity no longer active
2026-10-02T16:05:37Z,APP_21879_3030045,21879,3030045,14,492,202.755,0,0,-1,-1,0,0.999931471,NA,NA,70.000000000,MEASURED_CPU_FAULT,CPU;INTERVAL_FAULTS,NA,NA,NA,NA,NA,NA,NA,NA,NA,NA,NA,NA,NA,NA,NA,NA,NA,NA,NA,NA,NA,NA,NA,TARGET_GONE,identity no longer active
2026-10-02T16:05:37Z,APP_21879_3030045,21879,3030045,14,493,191.617,0,0,-1,-1,0,0.999931471,NA,NA,70.000000000,MEASURED_CPU_FAULT,CPU;INTERVAL_FAULTS,NA,NA,NA,NA,NA,NA,NA,NA,NA,NA,NA,NA,NA,NA,NA,NA,NA,NA,NA,NA,NA,NA,NA,TARGET_GONE,identity no longer active
2026-10-02T16:05:38Z,APP_21879_3030045,21879,3030045,14,494,201.499,0,0,-1,-1,0,0.999931471,NA,NA,70.000000000,MEASURED_CPU_FAULT,CPU;INTERVAL_FAULTS,NA,NA,NA,NA,NA,NA,NA,NA,NA,NA,NA,NA,NA,NA,NA,NA,NA,NA,NA,NA,NA,NA,NA,TARGET_GONE,identity no longer active
2026-10-02T16:05:38Z,APP_21879_3030045,21879,3030045,14,495,206.708,0,0,-1,-1,0,0.999931471,NA,NA,70.000000000,MEASURED_CPU_FAULT,CPU;INTERVAL_FAULTS,NA,NA,NA,NA,NA,NA,NA,NA,NA,NA,NA,NA,NA,NA,NA,NA,NA,NA,NA,NA,NA,NA,NA,TARGET_GONE,identity no longer active
2026-10-02T16:05:38Z,APP_21879_3030045,21879,3030045,14,496,191.617,0,0,-1,-1,0,0.999931471,NA,NA,70.000000000,MEASURED_CPU_FAULT,CPU;INTERVAL_FAULTS,NA,NA,NA,NA,NA,NA,NA,NA,NA,NA,NA,NA,NA,NA,NA,NA,NA,NA,NA,NA,NA,NA,NA,TARGET_GONE,identity no longer active
2026-10-02T16:05:38Z,APP_21879_3030045,21879,3030045,14,497,200.607,0,0,-1,-1,0,0.999931471,NA,NA,70.000000000,MEASURED_CPU_FAULT,CPU;INTERVAL_FAULTS,NA,NA,NA,NA,NA,NA,NA,NA,NA,NA,NA,NA,NA,NA,NA,NA,NA,NA,NA,NA,NA,NA,NA,TARGET_GONE,identity no longer active
2026-10-02T16:05:38Z,APP_21879_3030045,21879,3030045,14,498,201.198,0,0,-1,-1,0,0.999931471,NA,NA,70.000000000,MEASURED_CPU_FAULT,CPU;INTERVAL_FAULTS,NA,NA,NA,NA,NA,NA,NA,NA,NA,NA,NA,NA,NA,NA,NA,NA,NA,NA,NA,NA,NA,NA,NA,TARGET_GONE,identity no longer active
2026-10-02T16:05:38Z,APP_21879_3030045,21879,3030045,14,499,199.610,0,0,-1,-1,0,0.999931471,NA,NA,70.000000000,MEASURED_CPU_FAULT,CPU;INTERVAL_FAULTS,NA,NA,NA,NA,NA,NA,NA,NA,NA,NA,NA,NA,NA,NA,NA,NA,NA,NA,NA,NA,NA,NA,NA,TARGET_GONE,identity no longer active
2026-10-02T16:05:38Z,APP_21879_3030045,21879,3030045,14,500,201.198,0,0,-1,-1,0,0.999931471,NA,NA,70.000000000,MEASURED_CPU_FAULT,CPU;INTERVAL_FAULTS,NA,NA,NA,NA,NA,NA,NA,NA,NA,NA,NA,NA,NA,NA,NA,NA,NA,NA,NA,NA,NA,NA,NA,TARGET_GONE,identity no longer active
2026-10-02T16:05:39Z,APP_21879_3030045,21879,3030045,14,501,200.000,0,0,-1,-1,0,0.999931471,NA,NA,70.000000000,MEASURED_CPU_FAULT,CPU;INTERVAL_FAULTS,NA,NA,NA,NA,NA,NA,NA,NA,NA,NA,NA,NA,NA,NA,NA,NA,NA,NA,NA,NA,NA,NA,NA,TARGET_GONE,identity no longer active
2026-10-02T16:05:39Z,APP_21879_3030045,21879,3030045,14,502,192.192,0,0,-1,-1,0,0.999931471,NA,NA,70.000000000,MEASURED_CPU_FAULT,CPU;INTERVAL_FAULTS,NA,NA,NA,NA,NA,NA,NA,NA,NA,NA,NA,NA,NA,NA,NA,NA,NA,NA,NA,NA,NA,NA,NA,TARGET_GONE,identity no longer active
2026-10-02T16:05:39Z,APP_21879_3030045,21879,3030045,14,503,201.802,0,0,-1,-1,0,0.999931471,NA,NA,70.000000000,MEASURED_CPU_FAULT,CPU;INTERVAL_FAULTS,NA,NA,NA,NA,NA,NA,NA,NA,NA,NA,NA,NA,NA,NA,NA,NA,NA,NA,NA,NA,NA,NA,NA,TARGET_GONE,identity no longer active
2026-10-02T16:05:39Z,APP_21879_3030045,21879,3030045,14,504,198.758,0,0,-1,-1,0,0.999931471,NA,NA,70.000000000,MEASURED_CPU_FAULT,CPU;INTERVAL_FAULTS,NA,NA,NA,NA,NA,NA,NA,NA,NA,NA,NA,NA,NA,NA,NA,NA,NA,NA,NA,NA,NA,NA,NA,TARGET_GONE,identity no longer active
2026-10-02T16:05:39Z,APP_21879_3030045,21879,3030045,14,505,210.463,0,0,-1,-1,0,0.999931471,NA,NA,70.000000000,MEASURED_CPU_FAULT,CPU;INTERVAL_FAULTS,NA,NA,NA,NA,NA,NA,NA,NA,NA,NA,NA,NA,NA,NA,NA,NA,NA,NA,NA,NA,NA,NA,NA,TARGET_GONE,identity no longer active
2026-10-02T16:05:39Z,APP_21879_3030045,21879,3030045,14,506,191.736,0,0,-1,-1,0,0.999931471,NA,NA,70.000000000,MEASURED_CPU_FAULT,CPU;INTERVAL_FAULTS,NA,NA,NA,NA,NA,NA,NA,NA,NA,NA,NA,NA,NA,NA,NA,NA,NA,NA,NA,NA,NA,NA,NA,TARGET_GONE,identity no longer active
2026-10-02T16:05:39Z,APP_21879_3030045,21879,3030045,14,507,200.897,0,0,-1,-1,0,0.999931471,NA,NA,70.000000000,MEASURED_CPU_FAULT,CPU;INTERVAL_FAULTS,NA,NA,NA,NA,NA,NA,NA,NA,NA,NA,NA,NA,NA,NA,NA,NA,NA,NA,NA,NA,NA,NA,NA,TARGET_GONE,identity no longer active
2026-10-02T16:05:39Z,APP_21879_3030045,21879,3030045,14,508,200.607,0,0,-1,-1,0,0.999931471,NA,NA,70.000000000,MEASURED_CPU_FAULT,CPU;INTERVAL_FAULTS,NA,NA,NA,NA,NA,NA,NA,NA,NA,NA,NA,NA,NA,NA,NA,NA,NA,NA,NA,NA,NA,NA,NA,TARGET_GONE,identity no longer active
2026-10-02T16:05:39Z,APP_21879_3030045,21879,3030045,14,509,201.802,0,0,-1,-1,0,0.999931471,NA,NA,70.000000000,MEASURED_CPU_FAULT,CPU;INTERVAL_FAULTS,NA,NA,NA,NA,NA,NA,NA,NA,NA,NA,NA,NA,NA,NA,NA,NA,NA,NA,NA,NA,NA,NA,NA,TARGET_GONE,identity no longer active
2026-10-02T16:05:40Z,APP_21879_3030045,21879,3030045,14,510,198.230,0,0,-1,-1,0,0.999931471,NA,NA,70.000000000,MEASURED_CPU_FAULT,CPU;INTERVAL_FAULTS,NA,NA,NA,NA,NA,NA,NA,NA,NA,NA,NA,NA,NA,NA,NA,NA,NA,NA,NA,NA,NA,NA,NA,TARGET_GONE,identity no longer active
2026-10-02T16:05:40Z,APP_21879_3030045,21879,3030045,14,511,210.778,0,0,-1,-1,0,0.999931471,NA,NA,70.000000000,MEASURED_CPU_FAULT,CPU;INTERVAL_FAULTS,NA,NA,NA,NA,NA,NA,NA,NA,NA,NA,NA,NA,NA,NA,NA,NA,NA,NA,NA,NA,NA,NA,NA,TARGET_GONE,identity no longer active
2026-10-02T16:05:40Z,APP_21879_3030045,21879,3030045,14,512,201.802,0,0,-1,-1,0,0.999931471,NA,NA,70.000000000,MEASURED_CPU_FAULT,CPU;INTERVAL_FAULTS,NA,NA,NA,NA,NA,NA,NA,NA,NA,NA,NA,NA,NA,NA,NA,NA,NA,NA,NA,NA,NA,NA,NA,TARGET_GONE,identity no longer active
2026-10-02T16:05:40Z,APP_21879_3030045,21879,3030045,14,513,194.411,0,0,-1,-1,0,0.999931471,NA,NA,70.000000000,MEASURED_CPU_FAULT,CPU;INTERVAL_FAULTS,NA,NA,NA,NA,NA,NA,NA,NA,NA,NA,NA,NA,NA,NA,NA,NA,NA,NA,NA,NA,NA,NA,NA,TARGET_GONE,identity no longer active
2026-10-02T16:05:40Z,APP_21879_3030045,21879,3030045,14,514,210.463,0,0,-1,-1,0,0.999931471,NA,NA,70.000000000,MEASURED_CPU_FAULT,CPU;INTERVAL_FAULTS,NA,NA,NA,NA,NA,NA,NA,NA,NA,NA,NA,NA,NA,NA,NA,NA,NA,NA,NA,NA,NA,NA,NA,TARGET_GONE,identity no longer active
2026-10-02T16:05:40Z,APP_21879_3030045,21879,3030045,14,515,194.135,0,0,-1,-1,0,0.999931471,NA,NA,70.000000000,MEASURED_CPU_FAULT,CPU;INTERVAL_FAULTS,NA,NA,NA,NA,NA,NA,NA,NA,NA,NA,NA,NA,NA,NA,NA,NA,NA,NA,NA,NA,NA,NA,NA,TARGET_GONE,identity no longer active
2026-10-02T16:05:40Z,APP_21879_3030045,21879,3030045,14,516,201.499,0,0,-1,-1,0,0.999931471,NA,NA,70.000000000,MEASURED_CPU_FAULT,CPU;INTERVAL_FAULTS,NA,NA,NA,NA,NA,NA,NA,NA,NA,NA,NA,NA,NA,NA,NA,NA,NA,NA,NA,NA,NA,NA,NA,TARGET_GONE,identity no longer active
2026-10-02T16:05:40Z,APP_21879_3030045,21879,3030045,14,517,200.607,0,0,-1,-1,0,0.999931471,NA,NA,70.000000000,MEASURED_CPU_FAULT,CPU;INTERVAL_FAULTS,NA,NA,NA,NA,NA,NA,NA,NA,NA,NA,NA,NA,NA,NA,NA,NA,NA,NA,NA,NA,NA,NA,NA,TARGET_GONE,identity no longer active
2026-10-02T16:05:41Z,APP_21879_3030045,21879,3030045,14,518,201.499,0,0,-1,-1,0,0.999931471,NA,NA,70.000000000,MEASURED_CPU_FAULT,CPU;INTERVAL_FAULTS,NA,NA,NA,NA,NA,NA,NA,NA,NA,NA,NA,NA,NA,NA,NA,NA,NA,NA,NA,NA,NA,NA,NA,TARGET_GONE,identity no longer active
2026-10-02T16:05:41Z,APP_21879_3030045,21879,3030045,14,519,200.447,0,0,-1,-1,0,0.999931471,NA,NA,70.000000000,MEASURED_CPU_FAULT,CPU;INTERVAL_FAULTS,NA,NA,NA,NA,NA,NA,NA,NA,NA,NA,NA,NA,NA,NA,NA,NA,NA,NA,NA,NA,NA,NA,NA,TARGET_GONE,identity no longer active
2026-10-02T16:05:41Z,APP_21879_3030045,21879,3030045,14,520,191.617,0,0,-1,-1,0,0.999931471,NA,NA,70.000000000,MEASURED_CPU_FAULT,CPU;INTERVAL_FAULTS,NA,NA,NA,NA,NA,NA,NA,NA,NA,NA,NA,NA,NA,NA,NA,NA,NA,NA,NA,NA,NA,NA,NA,TARGET_GONE,identity no longer active
2026-10-02T16:05:41Z,APP_21879_3030045,21879,3030045,14,521,201.499,0,0,-1,-1,0,0.999931471,NA,NA,70.000000000,MEASURED_CPU_FAULT,CPU;INTERVAL_FAULTS,NA,NA,NA,NA,NA,NA,NA,NA,NA,NA,NA,NA,NA,NA,NA,NA,NA,NA,NA,NA,NA,NA,NA,TARGET_GONE,identity no longer active
2026-10-02T16:05:41Z,APP_21879_3030045,21879,3030045,14,522,202.187,0,0,-1,-1,0,0.999931471,NA,NA,70.000000000,MEASURED_CPU_FAULT,CPU;INTERVAL_FAULTS,NA,NA,NA,NA,NA,NA,NA,NA,NA,NA,NA,NA,NA,NA,NA,NA,NA,NA,NA,NA,NA,NA,NA,TARGET_GONE,identity no longer active
2026-10-02T16:05:41Z,APP_21879_3030045,21879,3030045,14,523,201.499,0,0,-1,-1,0,0.999931471,NA,NA,70.000000000,MEASURED_CPU_FAULT,CPU;INTERVAL_FAULTS,NA,NA,NA,NA,NA,NA,NA,NA,NA,NA,NA,NA,NA,NA,NA,NA,NA,NA,NA,NA,NA,NA,NA,TARGET_GONE,identity no longer active
2026-10-02T16:05:41Z,APP_21879_3030045,21879,3030045,14,524,194.529,0,0,-1,-1,0,0.999931471,NA,NA,70.000000000,MEASURED_CPU_FAULT,CPU;INTERVAL_FAULTS,NA,NA,NA,NA,NA,NA,NA,NA,NA,NA,NA,NA,NA,NA,NA,NA,NA,NA,NA,NA,NA,NA,NA,TARGET_GONE,identity no longer active
2026-10-02T16:05:41Z,APP_21879_3030045,21879,3030045,14,525,201.198,0,0,-1,-1,0,0.999931471,NA,NA,70.000000000,MEASURED_CPU_FAULT,CPU;INTERVAL_FAULTS,NA,NA,NA,NA,NA,NA,NA,NA,NA,NA,NA,NA,NA,NA,NA,NA,NA,NA,NA,NA,NA,NA,NA,TARGET_GONE,identity no longer active
2026-10-02T16:05:42Z,APP_21879_3030045,21879,3030045,14,526,200.607,0,0,-1,-1,0,0.999931471,NA,NA,70.000000000,MEASURED_CPU_FAULT,CPU;INTERVAL_FAULTS,NA,NA,NA,NA,NA,NA,NA,NA,NA,NA,NA,NA,NA,NA,NA,NA,NA,NA,NA,NA,NA,NA,NA,TARGET_GONE,identity no longer active
2026-10-02T16:05:42Z,APP_21879_3030045,21879,3030045,14,527,201.198,0,0,-1,-1,0,0.999931471,NA,NA,70.000000000,MEASURED_CPU_FAULT,CPU;INTERVAL_FAULTS,NA,NA,NA,NA,NA,NA,NA,NA,NA,NA,NA,NA,NA,NA,NA,NA,NA,NA,NA,NA,NA,NA,NA,TARGET_GONE,identity no longer active
2026-10-02T16:05:42Z,APP_21879_3030045,21879,3030045,14,528,204.458,0,0,-1,-1,0,0.999931471,NA,NA,70.000000000,MEASURED_CPU_FAULT,CPU;INTERVAL_FAULTS,NA,NA,NA,NA,NA,NA,NA,NA,NA,NA,NA,NA,NA,NA,NA,NA,NA,NA,NA,NA,NA,NA,NA,TARGET_GONE,identity no longer active
2026-10-02T16:05:42Z,APP_21879_3030045,21879,3030045,14,529,192.192,0,0,-1,-1,0,0.999931471,NA,NA,70.000000000,MEASURED_CPU_FAULT,CPU;INTERVAL_FAULTS,NA,NA,NA,NA,NA,NA,NA,NA,NA,NA,NA,NA,NA,NA,NA,NA,NA,NA,NA,NA,NA,NA,NA,TARGET_GONE,identity no longer active
2026-10-02T16:05:42Z,APP_21879_3030045,21879,3030045,14,530,201.802,0,0,-1,-1,0,0.999931471,NA,NA,70.000000000,MEASURED_CPU_FAULT,CPU;INTERVAL_FAULTS,NA,NA,NA,NA,NA,NA,NA,NA,NA,NA,NA,NA,NA,NA,NA,NA,NA,NA,NA,NA,NA,NA,NA,TARGET_GONE,identity no longer active
2026-10-02T16:05:42Z,APP_21879_3030045,21879,3030045,14,531,194.411,0,0,-1,-1,0,0.999931471,NA,NA,70.000000000,MEASURED_CPU_FAULT,CPU;INTERVAL_FAULTS,NA,NA,NA,NA,NA,NA,NA,NA,NA,NA,NA,NA,NA,NA,NA,NA,NA,NA,NA,NA,NA,NA,NA,TARGET_GONE,identity no longer active
2026-10-02T16:05:42Z,APP_21879_3030045,21879,3030045,14,532,201.802,0,0,-1,-1,0,0.999931471,NA,NA,70.000000000,MEASURED_CPU_FAULT,CPU;INTERVAL_FAULTS,NA,NA,NA,NA,NA,NA,NA,NA,NA,NA,NA,NA,NA,NA,NA,NA,NA,NA,NA,NA,NA,NA,NA,TARGET_GONE,identity no longer active
2026-10-02T16:05:42Z,APP_21879_3030045,21879,3030045,14,533,201.179,0,0,-1,-1,0,0.999931471,NA,NA,70.000000000,MEASURED_CPU_FAULT,CPU;INTERVAL_FAULTS,NA,NA,NA,NA,NA,NA,NA,NA,NA,NA,NA,NA,NA,NA,NA,NA,NA,NA,NA,NA,NA,NA,NA,TARGET_GONE,identity no longer active
2026-10-02T16:05:43Z,APP_21879_3030045,21879,3030045,14,534,201.802,0,0,-1,-1,0,0.999931471,NA,NA,70.000000000,MEASURED_CPU_FAULT,CPU;INTERVAL_FAULTS,NA,NA,NA,NA,NA,NA,NA,NA,NA,NA,NA,NA,NA,NA,NA,NA,NA,NA,NA,NA,NA,NA,NA,TARGET_GONE,identity no longer active
2026-10-02T16:05:43Z,APP_21879_3030045,21879,3030045,14,535,194.135,0,0,-1,-1,0,0.999931471,NA,NA,70.000000000,MEASURED_CPU_FAULT,CPU;INTERVAL_FAULTS,NA,NA,NA,NA,NA,NA,NA,NA,NA,NA,NA,NA,NA,NA,NA,NA,NA,NA,NA,NA,NA,NA,NA,TARGET_GONE,identity no longer active
2026-10-02T16:05:43Z,APP_21879_3030045,21879,3030045,14,536,201.802,0,0,-1,-1,0,0.999931471,NA,NA,70.000000000,MEASURED_CPU_FAULT,CPU;INTERVAL_FAULTS,NA,NA,NA,NA,NA,NA,NA,NA,NA,NA,NA,NA,NA,NA,NA,NA,NA,NA,NA,NA,NA,NA,NA,TARGET_GONE,identity no longer active
2026-10-02T16:05:27Z,APP_21879_3030045,21879,3030045,15,537,0.000,0,0,-1,-1,0,0.999931471,1,true,0.000000000,MEASURED_CPU_FAULT,CPU;INTERVAL_FAULTS,HOT,669.474315258,0.560000000,0.700000000,NA,NA,NA,NA,0.560000000,0.000000000,0.700000000,0.000000000,-1.000000000,1.232000000,NA,MOVE_THREAD,INVALID,NOT_APPLICABLE,INVALID,MOVE_THREAD,-1,-1,false,TARGET_GONE,identity no longer active
2026-10-02T16:05:28Z,APP_21879_3030045,21879,3030045,15,538,0.000,0,0,-1,-1,0,0.999931471,NA,NA,0.000000000,MEASURED_CPU_FAULT,CPU;INTERVAL_FAULTS,NA,NA,NA,NA,NA,NA,NA,NA,NA,NA,NA,NA,NA,NA,NA,NA,NA,NA,NA,NA,NA,NA,NA,TARGET_GONE,identity no longer active
2026-10-02T16:05:28Z,APP_21879_3030045,21879,3030045,15,539,6.934,0,0,-1,-1,0,0.999931471,NA,NA,4.853800000,MEASURED_CPU_FAULT,CPU;INTERVAL_FAULTS,NA,NA,NA,NA,NA,NA,NA,NA,NA,NA,NA,NA,NA,NA,NA,NA,NA,NA,NA,NA,NA,NA,NA,TARGET_GONE,identity no longer active
2026-10-02T16:05:28Z,APP_21879_3030045,21879,3030045,15,540,0.000,0,0,-1,-1,0,0.999931471,NA,NA,0.000000000,MEASURED_CPU_FAULT,CPU;INTERVAL_FAULTS,NA,NA,NA,NA,NA,NA,NA,NA,NA,NA,NA,NA,NA,NA,NA,NA,NA,NA,NA,NA,NA,NA,NA,TARGET_GONE,identity no longer active
2026-10-02T16:05:28Z,APP_21879_3030045,21879,3030045,15,541,0.000,0,0,-1,-1,0,0.999931471,NA,NA,0.000000000,MEASURED_CPU_FAULT,CPU;INTERVAL_FAULTS,NA,NA,NA,NA,NA,NA,NA,NA,NA,NA,NA,NA,NA,NA,NA,NA,NA,NA,NA,NA,NA,NA,NA,TARGET_GONE,identity no longer active
2026-10-02T16:05:28Z,APP_21879_3030045,21879,3030045,15,542,0.000,0,0,-1,-1,0,0.999931471,NA,NA,0.000000000,MEASURED_CPU_FAULT,CPU;INTERVAL_FAULTS,NA,NA,NA,NA,NA,NA,NA,NA,NA,NA,NA,NA,NA,NA,NA,NA,NA,NA,NA,NA,NA,NA,NA,TARGET_GONE,identity no longer active
2026-10-02T16:05:28Z,APP_21879_3030045,21879,3030045,15,543,0.000,0,0,-1,-1,0,0.999931471,NA,NA,0.000000000,MEASURED_CPU_FAULT,CPU;INTERVAL_FAULTS,NA,NA,NA,NA,NA,NA,NA,NA,NA,NA,NA,NA,NA,NA,NA,NA,NA,NA,NA,NA,NA,NA,NA,TARGET_GONE,identity no longer active
2026-10-02T16:05:29Z,APP_21879_3030045,21879,3030045,15,544,0.000,0,0,-1,-1,0,0.999931471,NA,NA,0.000000000,MEASURED_CPU_FAULT,CPU;INTERVAL_FAULTS,NA,NA,NA,NA,NA,NA,NA,NA,NA,NA,NA,NA,NA,NA,NA,NA,NA,NA,NA,NA,NA,NA,NA,TARGET_GONE,identity no longer active
2026-10-02T16:05:29Z,APP_21879_3030045,21879,3030045,15,545,95.238,0,0,-1,-1,0,0.999931471,NA,NA,66.666600000,MEASURED_CPU_FAULT,CPU;INTERVAL_FAULTS,NA,NA,NA,NA,NA,NA,NA,NA,NA,NA,NA,NA,NA,NA,NA,NA,NA,NA,NA,NA,NA,NA,NA,TARGET_GONE,identity no longer active
2026-10-02T16:05:29Z,APP_21879_3030045,21879,3030045,15,546,201.802,0,0,-1,-1,0,0.999931471,NA,NA,70.000000000,MEASURED_CPU_FAULT,CPU;INTERVAL_FAULTS,NA,NA,NA,NA,NA,NA,NA,NA,NA,NA,NA,NA,NA,NA,NA,NA,NA,NA,NA,NA,NA,NA,NA,TARGET_GONE,identity no longer active
2026-10-02T16:05:29Z,APP_21879_3030045,21879,3030045,15,547,198.650,0,0,-1,-1,0,0.999931471,NA,NA,70.000000000,MEASURED_CPU_FAULT,CPU;INTERVAL_FAULTS,NA,NA,NA,NA,NA,NA,NA,NA,NA,NA,NA,NA,NA,NA,NA,NA,NA,NA,NA,NA,NA,NA,NA,TARGET_GONE,identity no longer active
2026-10-02T16:05:29Z,APP_21879_3030045,21879,3030045,15,548,201.198,0,0,-1,-1,0,0.999931471,NA,NA,70.000000000,MEASURED_CPU_FAULT,CPU;INTERVAL_FAULTS,NA,NA,NA,NA,NA,NA,NA,NA,NA,NA,NA,NA,NA,NA,NA,NA,NA,NA,NA,NA,NA,NA,NA,TARGET_GONE,identity no longer active
2026-10-02T16:05:29Z,APP_21879_3030045,21879,3030045,15,549,202.230,0,0,-1,-1,0,0.999931471,NA,NA,70.000000000,MEASURED_CPU_FAULT,CPU;INTERVAL_FAULTS,NA,NA,NA,NA,NA,NA,NA,NA,NA,NA,NA,NA,NA,NA,NA,NA,NA,NA,NA,NA,NA,NA,NA,TARGET_GONE,identity no longer active
2026-10-02T16:05:29Z,APP_21879_3030045,21879,3030045,15,550,191.617,0,0,-1,-1,0,0.999931471,NA,NA,70.000000000,MEASURED_CPU_FAULT,CPU;INTERVAL_FAULTS,NA,NA,NA,NA,NA,NA,NA,NA,NA,NA,NA,NA,NA,NA,NA,NA,NA,NA,NA,NA,NA,NA,NA,TARGET_GONE,identity no longer active
2026-10-02T16:05:29Z,APP_21879_3030045,21879,3030045,15,551,202.043,0,0,-1,-1,0,0.999931471,NA,NA,70.000000000,MEASURED_CPU_FAULT,CPU;INTERVAL_FAULTS,NA,NA,NA,NA,NA,NA,NA,NA,NA,NA,NA,NA,NA,NA,NA,NA,NA,NA,NA,NA,NA,NA,NA,TARGET_GONE,identity no longer active
2026-10-02T16:05:30Z,APP_21879_3030045,21879,3030045,15,552,201.198,0,0,-1,-1,0,0.999931471,NA,NA,70.000000000,MEASURED_CPU_FAULT,CPU;INTERVAL_FAULTS,NA,NA,NA,NA,NA,NA,NA,NA,NA,NA,NA,NA,NA,NA,NA,NA,NA,NA,NA,NA,NA,NA,NA,TARGET_GONE,identity no longer active
2026-10-02T16:05:30Z,APP_21879_3030045,21879,3030045,15,553,197.280,0,0,-1,-1,0,0.999931471,NA,NA,70.000000000,MEASURED_CPU_FAULT,CPU;INTERVAL_FAULTS,NA,NA,NA,NA,NA,NA,NA,NA,NA,NA,NA,NA,NA,NA,NA,NA,NA,NA,NA,NA,NA,NA,NA,TARGET_GONE,identity no longer active
2026-10-02T16:05:30Z,APP_21879_3030045,21879,3030045,15,554,210.778,0,0,-1,-1,0,0.999931471,NA,NA,70.000000000,MEASURED_CPU_FAULT,CPU;INTERVAL_FAULTS,NA,NA,NA,NA,NA,NA,NA,NA,NA,NA,NA,NA,NA,NA,NA,NA,NA,NA,NA,NA,NA,NA,NA,TARGET_GONE,identity no longer active
2026-10-02T16:05:30Z,APP_21879_3030045,21879,3030045,15,555,191.904,0,0,-1,-1,0,0.999931471,NA,NA,70.000000000,MEASURED_CPU_FAULT,CPU;INTERVAL_FAULTS,NA,NA,NA,NA,NA,NA,NA,NA,NA,NA,NA,NA,NA,NA,NA,NA,NA,NA,NA,NA,NA,NA,NA,TARGET_GONE,identity no longer active
2026-10-02T16:05:30Z,APP_21879_3030045,21879,3030045,15,556,205.714,0,0,-1,-1,0,0.999931471,NA,NA,70.000000000,MEASURED_CPU_FAULT,CPU;INTERVAL_FAULTS,NA,NA,NA,NA,NA,NA,NA,NA,NA,NA,NA,NA,NA,NA,NA,NA,NA,NA,NA,NA,NA,NA,NA,TARGET_GONE,identity no longer active
2026-10-02T16:05:30Z,APP_21879_3030045,21879,3030045,15,557,201.198,0,0,-1,-1,0,0.999931471,NA,NA,70.000000000,MEASURED_CPU_FAULT,CPU;INTERVAL_FAULTS,NA,NA,NA,NA,NA,NA,NA,NA,NA,NA,NA,NA,NA,NA,NA,NA,NA,NA,NA,NA,NA,NA,NA,TARGET_GONE,identity no longer active
2026-10-02T16:05:30Z,APP_21879_3030045,21879,3030045,15,558,196.648,0,0,-1,-1,0,0.999931471,NA,NA,70.000000000,MEASURED_CPU_FAULT,CPU;INTERVAL_FAULTS,NA,NA,NA,NA,NA,NA,NA,NA,NA,NA,NA,NA,NA,NA,NA,NA,NA,NA,NA,NA,NA,NA,NA,TARGET_GONE,identity no longer active
2026-10-02T16:05:30Z,APP_21879_3030045,21879,3030045,15,559,201.499,0,0,-1,-1,0,0.999931471,NA,NA,70.000000000,MEASURED_CPU_FAULT,CPU;INTERVAL_FAULTS,NA,NA,NA,NA,NA,NA,NA,NA,NA,NA,NA,NA,NA,NA,NA,NA,NA,NA,NA,NA,NA,NA,NA,TARGET_GONE,identity no longer active
2026-10-02T16:05:31Z,APP_21879_3030045,21879,3030045,15,560,202.772,0,0,-1,-1,0,0.999931471,NA,NA,70.000000000,MEASURED_CPU_FAULT,CPU;INTERVAL_FAULTS,NA,NA,NA,NA,NA,NA,NA,NA,NA,NA,NA,NA,NA,NA,NA,NA,NA,NA,NA,NA,NA,NA,NA,TARGET_GONE,identity no longer active
2026-10-02T16:05:31Z,APP_21879_3030045,21879,3030045,15,561,201.499,0,0,-1,-1,0,0.999931471,NA,NA,70.000000000,MEASURED_CPU_FAULT,CPU;INTERVAL_FAULTS,NA,NA,NA,NA,NA,NA,NA,NA,NA,NA,NA,NA,NA,NA,NA,NA,NA,NA,NA,NA,NA,NA,NA,TARGET_GONE,identity no longer active
2026-10-02T16:05:31Z,APP_21879_3030045,21879,3030045,15,562,195.918,0,0,-1,-1,0,0.999931471,NA,NA,70.000000000,MEASURED_CPU_FAULT,CPU;INTERVAL_FAULTS,NA,NA,NA,NA,NA,NA,NA,NA,NA,NA,NA,NA,NA,NA,NA,NA,NA,NA,NA,NA,NA,NA,NA,TARGET_GONE,identity no longer active
2026-10-02T16:05:31Z,APP_21879_3030045,21879,3030045,15,563,211.411,0,0,-1,-1,0,0.999931471,NA,NA,70.000000000,MEASURED_CPU_FAULT,CPU;INTERVAL_FAULTS,NA,NA,NA,NA,NA,NA,NA,NA,NA,NA,NA,NA,NA,NA,NA,NA,NA,NA,NA,NA,NA,NA,NA,TARGET_GONE,identity no longer active
2026-10-02T16:05:31Z,APP_21879_3030045,21879,3030045,15,564,201.499,0,0,-1,-1,0,0.999931471,NA,NA,70.000000000,MEASURED_CPU_FAULT,CPU;INTERVAL_FAULTS,NA,NA,NA,NA,NA,NA,NA,NA,NA,NA,NA,NA,NA,NA,NA,NA,NA,NA,NA,NA,NA,NA,NA,TARGET_GONE,identity no longer active
2026-10-02T16:05:31Z,APP_21879_3030045,21879,3030045,15,565,198.706,0,0,-1,-1,0,0.999931471,NA,NA,70.000000000,MEASURED_CPU_FAULT,CPU;INTERVAL_FAULTS,NA,NA,NA,NA,NA,NA,NA,NA,NA,NA,NA,NA,NA,NA,NA,NA,NA,NA,NA,NA,NA,NA,NA,TARGET_GONE,identity no longer active
2026-10-02T16:05:31Z,APP_21879_3030045,21879,3030045,15,566,191.904,0,0,-1,-1,0,0.999931471,NA,NA,70.000000000,MEASURED_CPU_FAULT,CPU;INTERVAL_FAULTS,NA,NA,NA,NA,NA,NA,NA,NA,NA,NA,NA,NA,NA,NA,NA,NA,NA,NA,NA,NA,NA,NA,NA,TARGET_GONE,identity no longer active
2026-10-02T16:05:31Z,APP_21879_3030045,21879,3030045,15,567,204.325,0,0,-1,-1,0,0.999931471,NA,NA,70.000000000,MEASURED_CPU_FAULT,CPU;INTERVAL_FAULTS,NA,NA,NA,NA,NA,NA,NA,NA,NA,NA,NA,NA,NA,NA,NA,NA,NA,NA,NA,NA,NA,NA,NA,TARGET_GONE,identity no longer active
2026-10-02T16:05:31Z,APP_21879_3030045,21879,3030045,15,568,201.499,0,0,-1,-1,0,0.999931471,NA,NA,70.000000000,MEASURED_CPU_FAULT,CPU;INTERVAL_FAULTS,NA,NA,NA,NA,NA,NA,NA,NA,NA,NA,NA,NA,NA,NA,NA,NA,NA,NA,NA,NA,NA,NA,NA,TARGET_GONE,identity no longer active
2026-10-02T16:05:32Z,APP_21879_3030045,21879,3030045,15,569,197.531,0,0,-1,-1,0,0.999931471,NA,NA,70.000000000,MEASURED_CPU_FAULT,CPU;INTERVAL_FAULTS,NA,NA,NA,NA,NA,NA,NA,NA,NA,NA,NA,NA,NA,NA,NA,NA,NA,NA,NA,NA,NA,NA,NA,TARGET_GONE,identity no longer active
2026-10-02T16:05:32Z,APP_21879_3030045,21879,3030045,15,570,201.499,0,0,-1,-1,0,0.999931471,NA,NA,70.000000000,MEASURED_CPU_FAULT,CPU;INTERVAL_FAULTS,NA,NA,NA,NA,NA,NA,NA,NA,NA,NA,NA,NA,NA,NA,NA,NA,NA,NA,NA,NA,NA,NA,NA,TARGET_GONE,identity no longer active
2026-10-02T16:05:32Z,APP_21879_3030045,21879,3030045,15,571,203.885,0,0,-1,-1,0,0.999931471,NA,NA,70.000000000,MEASURED_CPU_FAULT,CPU;INTERVAL_FAULTS,NA,NA,NA,NA,NA,NA,NA,NA,NA,NA,NA,NA,NA,NA,NA,NA,NA,NA,NA,NA,NA,NA,NA,TARGET_GONE,identity no longer active
2026-10-02T16:05:32Z,APP_21879_3030045,21879,3030045,15,572,192.771,0,0,-1,-1,0,0.999931471,NA,NA,70.000000000,MEASURED_CPU_FAULT,CPU;INTERVAL_FAULTS,NA,NA,NA,NA,NA,NA,NA,NA,NA,NA,NA,NA,NA,NA,NA,NA,NA,NA,NA,NA,NA,NA,NA,TARGET_GONE,identity no longer active
2026-10-02T16:05:32Z,APP_21879_3030045,21879,3030045,15,573,201.499,0,0,-1,-1,0,0.999931471,NA,NA,70.000000000,MEASURED_CPU_FAULT,CPU;INTERVAL_FAULTS,NA,NA,NA,NA,NA,NA,NA,NA,NA,NA,NA,NA,NA,NA,NA,NA,NA,NA,NA,NA,NA,NA,NA,TARGET_GONE,identity no longer active
2026-10-02T16:05:32Z,APP_21879_3030045,21879,3030045,15,574,191.847,0,0,-1,-1,0,0.999931471,NA,NA,70.000000000,MEASURED_CPU_FAULT,CPU;INTERVAL_FAULTS,NA,NA,NA,NA,NA,NA,NA,NA,NA,NA,NA,NA,NA,NA,NA,NA,NA,NA,NA,NA,NA,NA,NA,TARGET_GONE,identity no longer active
2026-10-02T16:05:32Z,APP_21879_3030045,21879,3030045,15,575,201.198,0,0,-1,-1,0,0.999931471,NA,NA,70.000000000,MEASURED_CPU_FAULT,CPU;INTERVAL_FAULTS,NA,NA,NA,NA,NA,NA,NA,NA,NA,NA,NA,NA,NA,NA,NA,NA,NA,NA,NA,NA,NA,NA,NA,TARGET_GONE,identity no longer active
2026-10-02T16:05:32Z,APP_21879_3030045,21879,3030045,15,576,204.115,0,0,-1,-1,0,0.999931471,NA,NA,70.000000000,MEASURED_CPU_FAULT,CPU;INTERVAL_FAULTS,NA,NA,NA,NA,NA,NA,NA,NA,NA,NA,NA,NA,NA,NA,NA,NA,NA,NA,NA,NA,NA,NA,NA,TARGET_GONE,identity no longer active
2026-10-02T16:05:33Z,APP_21879_3030045,21879,3030045,15,577,192.192,0,0,-1,-1,0,0.999931471,NA,NA,70.000000000,MEASURED_CPU_FAULT,CPU;INTERVAL_FAULTS,NA,NA,NA,NA,NA,NA,NA,NA,NA,NA,NA,NA,NA,NA,NA,NA,NA,NA,NA,NA,NA,NA,NA,TARGET_GONE,identity no longer active
2026-10-02T16:05:33Z,APP_21879_3030045,21879,3030045,15,578,204.115,0,0,-1,-1,0,0.999931471,NA,NA,70.000000000,MEASURED_CPU_FAULT,CPU;INTERVAL_FAULTS,NA,NA,NA,NA,NA,NA,NA,NA,NA,NA,NA,NA,NA,NA,NA,NA,NA,NA,NA,NA,NA,NA,NA,TARGET_GONE,identity no longer active
2026-10-02T16:05:33Z,APP_21879_3030045,21879,3030045,15,579,201.802,0,0,-1,-1,0,0.999931471,NA,NA,70.000000000,MEASURED_CPU_FAULT,CPU;INTERVAL_FAULTS,NA,NA,NA,NA,NA,NA,NA,NA,NA,NA,NA,NA,NA,NA,NA,NA,NA,NA,NA,NA,NA,NA,NA,TARGET_GONE,identity no longer active
2026-10-02T16:05:33Z,APP_21879_3030045,21879,3030045,15,580,201.491,0,0,-1,-1,0,0.999931471,NA,NA,70.000000000,MEASURED_CPU_FAULT,CPU;INTERVAL_FAULTS,NA,NA,NA,NA,NA,NA,NA,NA,NA,NA,NA,NA,NA,NA,NA,NA,NA,NA,NA,NA,NA,NA,NA,TARGET_GONE,identity no longer active
2026-10-02T16:05:33Z,APP_21879_3030045,21879,3030045,15,581,192.771,0,0,-1,-1,0,0.999931471,NA,NA,70.000000000,MEASURED_CPU_FAULT,CPU;INTERVAL_FAULTS,NA,NA,NA,NA,NA,NA,NA,NA,NA,NA,NA,NA,NA,NA,NA,NA,NA,NA,NA,NA,NA,NA,NA,TARGET_GONE,identity no longer active
2026-10-02T16:05:33Z,APP_21879_3030045,21879,3030045,15,582,201.499,0,0,-1,-1,0,0.999931471,NA,NA,70.000000000,MEASURED_CPU_FAULT,CPU;INTERVAL_FAULTS,NA,NA,NA,NA,NA,NA,NA,NA,NA,NA,NA,NA,NA,NA,NA,NA,NA,NA,NA,NA,NA,NA,NA,TARGET_GONE,identity no longer active
2026-10-02T16:05:33Z,APP_21879_3030045,21879,3030045,15,583,199.253,0,0,-1,-1,0,0.999931471,NA,NA,70.000000000,MEASURED_CPU_FAULT,CPU;INTERVAL_FAULTS,NA,NA,NA,NA,NA,NA,NA,NA,NA,NA,NA,NA,NA,NA,NA,NA,NA,NA,NA,NA,NA,NA,NA,TARGET_GONE,identity no longer active
2026-10-02T16:05:33Z,APP_21879_3030045,21879,3030045,15,584,201.198,0,0,-1,-1,0,0.999931471,NA,NA,70.000000000,MEASURED_CPU_FAULT,CPU;INTERVAL_FAULTS,NA,NA,NA,NA,NA,NA,NA,NA,NA,NA,NA,NA,NA,NA,NA,NA,NA,NA,NA,NA,NA,NA,NA,TARGET_GONE,identity no longer active
2026-10-02T16:05:34Z,APP_21879_3030045,21879,3030045,15,585,198.142,0,0,-1,-1,0,0.999931471,NA,NA,70.000000000,MEASURED_CPU_FAULT,CPU;INTERVAL_FAULTS,NA,NA,NA,NA,NA,NA,NA,NA,NA,NA,NA,NA,NA,NA,NA,NA,NA,NA,NA,NA,NA,NA,NA,TARGET_GONE,identity no longer active
2026-10-02T16:05:34Z,APP_21879_3030045,21879,3030045,15,586,200.897,0,0,-1,-1,0,0.999931471,NA,NA,70.000000000,MEASURED_CPU_FAULT,CPU;INTERVAL_FAULTS,NA,NA,NA,NA,NA,NA,NA,NA,NA,NA,NA,NA,NA,NA,NA,NA,NA,NA,NA,NA,NA,NA,NA,TARGET_GONE,identity no longer active
2026-10-02T16:05:34Z,APP_21879_3030045,21879,3030045,15,587,197.938,0,0,-1,-1,0,0.999931471,NA,NA,70.000000000,MEASURED_CPU_FAULT,CPU;INTERVAL_FAULTS,NA,NA,NA,NA,NA,NA,NA,NA,NA,NA,NA,NA,NA,NA,NA,NA,NA,NA,NA,NA,NA,NA,NA,TARGET_GONE,identity no longer active
2026-10-02T16:05:34Z,APP_21879_3030045,21879,3030045,15,588,201.499,0,0,-1,-1,0,0.999931471,NA,NA,70.000000000,MEASURED_CPU_FAULT,CPU;INTERVAL_FAULTS,NA,NA,NA,NA,NA,NA,NA,NA,NA,NA,NA,NA,NA,NA,NA,NA,NA,NA,NA,NA,NA,NA,NA,TARGET_GONE,identity no longer active
2026-10-02T16:05:34Z,APP_21879_3030045,21879,3030045,15,589,202.625,0,0,-1,-1,0,0.999931471,NA,NA,70.000000000,MEASURED_CPU_FAULT,CPU;INTERVAL_FAULTS,NA,NA,NA,NA,NA,NA,NA,NA,NA,NA,NA,NA,NA,NA,NA,NA,NA,NA,NA,NA,NA,NA,NA,TARGET_GONE,identity no longer active
2026-10-02T16:05:34Z,APP_21879_3030045,21879,3030045,15,590,192.192,0,0,-1,-1,0,0.999931471,NA,NA,70.000000000,MEASURED_CPU_FAULT,CPU;INTERVAL_FAULTS,NA,NA,NA,NA,NA,NA,NA,NA,NA,NA,NA,NA,NA,NA,NA,NA,NA,NA,NA,NA,NA,NA,NA,TARGET_GONE,identity no longer active
2026-10-02T16:05:34Z,APP_21879_3030045,21879,3030045,15,591,201.198,0,0,-1,-1,0,0.999931471,NA,NA,70.000000000,MEASURED_CPU_FAULT,CPU;INTERVAL_FAULTS,NA,NA,NA,NA,NA,NA,NA,NA,NA,NA,NA,NA,NA,NA,NA,NA,NA,NA,NA,NA,NA,NA,NA,TARGET_GONE,identity no longer active
2026-10-02T16:05:34Z,APP_21879_3030045,21879,3030045,15,592,199.253,0,0,-1,-1,0,0.999931471,NA,NA,70.000000000,MEASURED_CPU_FAULT,CPU;INTERVAL_FAULTS,NA,NA,NA,NA,NA,NA,NA,NA,NA,NA,NA,NA,NA,NA,NA,NA,NA,NA,NA,NA,NA,NA,NA,TARGET_GONE,identity no longer active
2026-10-02T16:05:34Z,APP_21879_3030045,21879,3030045,15,593,201.802,0,0,-1,-1,0,0.999931471,NA,NA,70.000000000,MEASURED_CPU_FAULT,CPU;INTERVAL_FAULTS,NA,NA,NA,NA,NA,NA,NA,NA,NA,NA,NA,NA,NA,NA,NA,NA,NA,NA,NA,NA,NA,NA,NA,TARGET_GONE,identity no longer active
2026-10-02T16:05:35Z,APP_21879_3030045,21879,3030045,15,594,197.328,0,0,-1,-1,0,0.999931471,NA,NA,70.000000000,MEASURED_CPU_FAULT,CPU;INTERVAL_FAULTS,NA,NA,NA,NA,NA,NA,NA,NA,NA,NA,NA,NA,NA,NA,NA,NA,NA,NA,NA,NA,NA,NA,NA,TARGET_GONE,identity no longer active
2026-10-02T16:05:35Z,APP_21879_3030045,21879,3030045,15,595,201.499,0,0,-1,-1,0,0.999931471,NA,NA,70.000000000,MEASURED_CPU_FAULT,CPU;INTERVAL_FAULTS,NA,NA,NA,NA,NA,NA,NA,NA,NA,NA,NA,NA,NA,NA,NA,NA,NA,NA,NA,NA,NA,NA,NA,TARGET_GONE,identity no longer active
2026-10-02T16:05:35Z,APP_21879_3030045,21879,3030045,15,596,198.142,0,0,-1,-1,0,0.999931471,NA,NA,70.000000000,MEASURED_CPU_FAULT,CPU;INTERVAL_FAULTS,NA,NA,NA,NA,NA,NA,NA,NA,NA,NA,NA,NA,NA,NA,NA,NA,NA,NA,NA,NA,NA,NA,NA,TARGET_GONE,identity no longer active
2026-10-02T16:05:35Z,APP_21879_3030045,21879,3030045,15,597,201.198,0,0,-1,-1,0,0.999931471,NA,NA,70.000000000,MEASURED_CPU_FAULT,CPU;INTERVAL_FAULTS,NA,NA,NA,NA,NA,NA,NA,NA,NA,NA,NA,NA,NA,NA,NA,NA,NA,NA,NA,NA,NA,NA,NA,TARGET_GONE,identity no longer active
2026-10-02T16:05:35Z,APP_21879_3030045,21879,3030045,15,598,203.253,0,0,-1,-1,0,0.999931471,NA,NA,70.000000000,MEASURED_CPU_FAULT,CPU;INTERVAL_FAULTS,NA,NA,NA,NA,NA,NA,NA,NA,NA,NA,NA,NA,NA,NA,NA,NA,NA,NA,NA,NA,NA,NA,NA,TARGET_GONE,identity no longer active
2026-10-02T16:05:35Z,APP_21879_3030045,21879,3030045,15,599,192.192,0,0,-1,-1,0,0.999931471,NA,NA,70.000000000,MEASURED_CPU_FAULT,CPU;INTERVAL_FAULTS,NA,NA,NA,NA,NA,NA,NA,NA,NA,NA,NA,NA,NA,NA,NA,NA,NA,NA,NA,NA,NA,NA,NA,TARGET_GONE,identity no longer active
2026-10-02T16:05:35Z,APP_21879_3030045,21879,3030045,15,600,201.499,0,0,-1,-1,0,0.999931471,NA,NA,70.000000000,MEASURED_CPU_FAULT,CPU;INTERVAL_FAULTS,NA,NA,NA,NA,NA,NA,NA,NA,NA,NA,NA,NA,NA,NA,NA,NA,NA,NA,NA,NA,NA,NA,NA,TARGET_GONE,identity no longer active
2026-10-02T16:05:35Z,APP_21879_3030045,21879,3030045,15,601,199.253,0,0,-1,-1,0,0.999931471,NA,NA,70.000000000,MEASURED_CPU_FAULT,CPU;INTERVAL_FAULTS,NA,NA,NA,NA,NA,NA,NA,NA,NA,NA,NA,NA,NA,NA,NA,NA,NA,NA,NA,NA,NA,NA,NA,TARGET_GONE,identity no longer active
2026-10-02T16:05:36Z,APP_21879_3030045,21879,3030045,15,602,201.198,0,0,-1,-1,0,0.999931471,NA,NA,70.000000000,MEASURED_CPU_FAULT,CPU;INTERVAL_FAULTS,NA,NA,NA,NA,NA,NA,NA,NA,NA,NA,NA,NA,NA,NA,NA,NA,NA,NA,NA,NA,NA,NA,NA,TARGET_GONE,identity no longer active
2026-10-02T16:05:36Z,APP_21879_3030045,21879,3030045,15,603,197.938,0,0,-1,-1,0,0.999931471,NA,NA,70.000000000,MEASURED_CPU_FAULT,CPU;INTERVAL_FAULTS,NA,NA,NA,NA,NA,NA,NA,NA,NA,NA,NA,NA,NA,NA,NA,NA,NA,NA,NA,NA,NA,NA,NA,TARGET_GONE,identity no longer active
2026-10-02T16:05:36Z,APP_21879_3030045,21879,3030045,15,604,201.198,0,0,-1,-1,0,0.999931471,NA,NA,70.000000000,MEASURED_CPU_FAULT,CPU;INTERVAL_FAULTS,NA,NA,NA,NA,NA,NA,NA,NA,NA,NA,NA,NA,NA,NA,NA,NA,NA,NA,NA,NA,NA,NA,NA,TARGET_GONE,identity no longer active
2026-10-02T16:05:36Z,APP_21879_3030045,21879,3030045,15,605,197.734,0,0,-1,-1,0,0.999931471,NA,NA,70.000000000,MEASURED_CPU_FAULT,CPU;INTERVAL_FAULTS,NA,NA,NA,NA,NA,NA,NA,NA,NA,NA,NA,NA,NA,NA,NA,NA,NA,NA,NA,NA,NA,NA,NA,TARGET_GONE,identity no longer active
2026-10-02T16:05:36Z,APP_21879_3030045,21879,3030045,15,606,201.802,0,0,-1,-1,0,0.999931471,NA,NA,70.000000000,MEASURED_CPU_FAULT,CPU;INTERVAL_FAULTS,NA,NA,NA,NA,NA,NA,NA,NA,NA,NA,NA,NA,NA,NA,NA,NA,NA,NA,NA,NA,NA,NA,NA,TARGET_GONE,identity no longer active
2026-10-02T16:05:36Z,APP_21879_3030045,21879,3030045,15,607,203.096,0,0,-1,-1,0,0.999931471,NA,NA,70.000000000,MEASURED_CPU_FAULT,CPU;INTERVAL_FAULTS,NA,NA,NA,NA,NA,NA,NA,NA,NA,NA,NA,NA,NA,NA,NA,NA,NA,NA,NA,NA,NA,NA,NA,TARGET_GONE,identity no longer active
2026-10-02T16:05:36Z,APP_21879_3030045,21879,3030045,15,608,191.617,0,0,-1,-1,0,0.999931471,NA,NA,70.000000000,MEASURED_CPU_FAULT,CPU;INTERVAL_FAULTS,NA,NA,NA,NA,NA,NA,NA,NA,NA,NA,NA,NA,NA,NA,NA,NA,NA,NA,NA,NA,NA,NA,NA,TARGET_GONE,identity no longer active
2026-10-02T16:05:36Z,APP_21879_3030045,21879,3030045,15,609,201.499,0,0,-1,-1,0,0.999931471,NA,NA,70.000000000,MEASURED_CPU_FAULT,CPU;INTERVAL_FAULTS,NA,NA,NA,NA,NA,NA,NA,NA,NA,NA,NA,NA,NA,NA,NA,NA,NA,NA,NA,NA,NA,NA,NA,TARGET_GONE,identity no longer active
2026-10-02T16:05:37Z,APP_21879_3030045,21879,3030045,15,610,199.253,0,0,-1,-1,0,0.999931471,NA,NA,70.000000000,MEASURED_CPU_FAULT,CPU;INTERVAL_FAULTS,NA,NA,NA,NA,NA,NA,NA,NA,NA,NA,NA,NA,NA,NA,NA,NA,NA,NA,NA,NA,NA,NA,NA,TARGET_GONE,identity no longer active
2026-10-02T16:05:37Z,APP_21879_3030045,21879,3030045,15,611,201.198,0,0,-1,-1,0,0.999931471,NA,NA,70.000000000,MEASURED_CPU_FAULT,CPU;INTERVAL_FAULTS,NA,NA,NA,NA,NA,NA,NA,NA,NA,NA,NA,NA,NA,NA,NA,NA,NA,NA,NA,NA,NA,NA,NA,TARGET_GONE,identity no longer active
2026-10-02T16:05:37Z,APP_21879_3030045,21879,3030045,15,612,197.734,0,0,-1,-1,0,0.999931471,NA,NA,70.000000000,MEASURED_CPU_FAULT,CPU;INTERVAL_FAULTS,NA,NA,NA,NA,NA,NA,NA,NA,NA,NA,NA,NA,NA,NA,NA,NA,NA,NA,NA,NA,NA,NA,NA,TARGET_GONE,identity no longer active
2026-10-02T16:05:37Z,APP_21879_3030045,21879,3030045,15,613,201.802,0,0,-1,-1,0,0.999931471,NA,NA,70.000000000,MEASURED_CPU_FAULT,CPU;INTERVAL_FAULTS,NA,NA,NA,NA,NA,NA,NA,NA,NA,NA,NA,NA,NA,NA,NA,NA,NA,NA,NA,NA,NA,NA,NA,TARGET_GONE,identity no longer active
2026-10-02T16:05:37Z,APP_21879_3030045,21879,3030045,15,614,197.531,0,0,-1,-1,0,0.999931471,NA,NA,70.000000000,MEASURED_CPU_FAULT,CPU;INTERVAL_FAULTS,NA,NA,NA,NA,NA,NA,NA,NA,NA,NA,NA,NA,NA,NA,NA,NA,NA,NA,NA,NA,NA,NA,NA,TARGET_GONE,identity no longer active
2026-10-02T16:05:37Z,APP_21879_3030045,21879,3030045,15,615,201.499,0,0,-1,-1,0,0.999931471,NA,NA,70.000000000,MEASURED_CPU_FAULT,CPU;INTERVAL_FAULTS,NA,NA,NA,NA,NA,NA,NA,NA,NA,NA,NA,NA,NA,NA,NA,NA,NA,NA,NA,NA,NA,NA,NA,TARGET_GONE,identity no longer active
2026-10-02T16:05:37Z,APP_21879_3030045,21879,3030045,15,616,202.755,0,0,-1,-1,0,0.999931471,NA,NA,70.000000000,MEASURED_CPU_FAULT,CPU;INTERVAL_FAULTS,NA,NA,NA,NA,NA,NA,NA,NA,NA,NA,NA,NA,NA,NA,NA,NA,NA,NA,NA,NA,NA,NA,NA,TARGET_GONE,identity no longer active
2026-10-02T16:05:37Z,APP_21879_3030045,21879,3030045,15,617,191.617,0,0,-1,-1,0,0.999931471,NA,NA,70.000000000,MEASURED_CPU_FAULT,CPU;INTERVAL_FAULTS,NA,NA,NA,NA,NA,NA,NA,NA,NA,NA,NA,NA,NA,NA,NA,NA,NA,NA,NA,NA,NA,NA,NA,TARGET_GONE,identity no longer active
2026-10-02T16:05:38Z,APP_21879_3030045,21879,3030045,15,618,201.499,0,0,-1,-1,0,0.999931471,NA,NA,70.000000000,MEASURED_CPU_FAULT,CPU;INTERVAL_FAULTS,NA,NA,NA,NA,NA,NA,NA,NA,NA,NA,NA,NA,NA,NA,NA,NA,NA,NA,NA,NA,NA,NA,NA,TARGET_GONE,identity no longer active
2026-10-02T16:05:38Z,APP_21879_3030045,21879,3030045,15,619,206.708,0,0,-1,-1,0,0.999931471,NA,NA,70.000000000,MEASURED_CPU_FAULT,CPU;INTERVAL_FAULTS,NA,NA,NA,NA,NA,NA,NA,NA,NA,NA,NA,NA,NA,NA,NA,NA,NA,NA,NA,NA,NA,NA,NA,TARGET_GONE,identity no longer active
2026-10-02T16:05:38Z,APP_21879_3030045,21879,3030045,15,620,191.617,0,0,-1,-1,0,0.999931471,NA,NA,70.000000000,MEASURED_CPU_FAULT,CPU;INTERVAL_FAULTS,NA,NA,NA,NA,NA,NA,NA,NA,NA,NA,NA,NA,NA,NA,NA,NA,NA,NA,NA,NA,NA,NA,NA,TARGET_GONE,identity no longer active
2026-10-02T16:05:38Z,APP_21879_3030045,21879,3030045,15,621,200.607,0,0,-1,-1,0,0.999931471,NA,NA,70.000000000,MEASURED_CPU_FAULT,CPU;INTERVAL_FAULTS,NA,NA,NA,NA,NA,NA,NA,NA,NA,NA,NA,NA,NA,NA,NA,NA,NA,NA,NA,NA,NA,NA,NA,TARGET_GONE,identity no longer active
2026-10-02T16:05:38Z,APP_21879_3030045,21879,3030045,15,622,201.198,0,0,-1,-1,0,0.999931471,NA,NA,70.000000000,MEASURED_CPU_FAULT,CPU;INTERVAL_FAULTS,NA,NA,NA,NA,NA,NA,NA,NA,NA,NA,NA,NA,NA,NA,NA,NA,NA,NA,NA,NA,NA,NA,NA,TARGET_GONE,identity no longer active
2026-10-02T16:05:38Z,APP_21879_3030045,21879,3030045,15,623,199.610,0,0,-1,-1,0,0.999931471,NA,NA,70.000000000,MEASURED_CPU_FAULT,CPU;INTERVAL_FAULTS,NA,NA,NA,NA,NA,NA,NA,NA,NA,NA,NA,NA,NA,NA,NA,NA,NA,NA,NA,NA,NA,NA,NA,TARGET_GONE,identity no longer active
2026-10-02T16:05:38Z,APP_21879_3030045,21879,3030045,15,624,201.198,0,0,-1,-1,0,0.999931471,NA,NA,70.000000000,MEASURED_CPU_FAULT,CPU;INTERVAL_FAULTS,NA,NA,NA,NA,NA,NA,NA,NA,NA,NA,NA,NA,NA,NA,NA,NA,NA,NA,NA,NA,NA,NA,NA,TARGET_GONE,identity no longer active
2026-10-02T16:05:39Z,APP_21879_3030045,21879,3030045,15,625,200.000,0,0,-1,-1,0,0.999931471,NA,NA,70.000000000,MEASURED_CPU_FAULT,CPU;INTERVAL_FAULTS,NA,NA,NA,NA,NA,NA,NA,NA,NA,NA,NA,NA,NA,NA,NA,NA,NA,NA,NA,NA,NA,NA,NA,TARGET_GONE,identity no longer active
2026-10-02T16:05:39Z,APP_21879_3030045,21879,3030045,15,626,192.192,0,0,-1,-1,0,0.999931471,NA,NA,70.000000000,MEASURED_CPU_FAULT,CPU;INTERVAL_FAULTS,NA,NA,NA,NA,NA,NA,NA,NA,NA,NA,NA,NA,NA,NA,NA,NA,NA,NA,NA,NA,NA,NA,NA,TARGET_GONE,identity no longer active
2026-10-02T16:05:39Z,APP_21879_3030045,21879,3030045,15,627,201.802,0,0,-1,-1,0,0.999931471,NA,NA,70.000000000,MEASURED_CPU_FAULT,CPU;INTERVAL_FAULTS,NA,NA,NA,NA,NA,NA,NA,NA,NA,NA,NA,NA,NA,NA,NA,NA,NA,NA,NA,NA,NA,NA,NA,TARGET_GONE,identity no longer active
2026-10-02T16:05:39Z,APP_21879_3030045,21879,3030045,15,628,198.758,0,0,-1,-1,0,0.999931471,NA,NA,70.000000000,MEASURED_CPU_FAULT,CPU;INTERVAL_FAULTS,NA,NA,NA,NA,NA,NA,NA,NA,NA,NA,NA,NA,NA,NA,NA,NA,NA,NA,NA,NA,NA,NA,NA,TARGET_GONE,identity no longer active
2026-10-02T16:05:39Z,APP_21879_3030045,21879,3030045,15,629,210.463,0,0,-1,-1,0,0.999931471,NA,NA,70.000000000,MEASURED_CPU_FAULT,CPU;INTERVAL_FAULTS,NA,NA,NA,NA,NA,NA,NA,NA,NA,NA,NA,NA,NA,NA,NA,NA,NA,NA,NA,NA,NA,NA,NA,TARGET_GONE,identity no longer active
2026-10-02T16:05:39Z,APP_21879_3030045,21879,3030045,15,630,191.736,0,0,-1,-1,0,0.999931471,NA,NA,70.000000000,MEASURED_CPU_FAULT,CPU;INTERVAL_FAULTS,NA,NA,NA,NA,NA,NA,NA,NA,NA,NA,NA,NA,NA,NA,NA,NA,NA,NA,NA,NA,NA,NA,NA,TARGET_GONE,identity no longer active
2026-10-02T16:05:39Z,APP_21879_3030045,21879,3030045,15,631,200.897,0,0,-1,-1,0,0.999931471,NA,NA,70.000000000,MEASURED_CPU_FAULT,CPU;INTERVAL_FAULTS,NA,NA,NA,NA,NA,NA,NA,NA,NA,NA,NA,NA,NA,NA,NA,NA,NA,NA,NA,NA,NA,NA,NA,TARGET_GONE,identity no longer active
2026-10-02T16:05:39Z,APP_21879_3030045,21879,3030045,15,632,200.607,0,0,-1,-1,0,0.999931471,NA,NA,70.000000000,MEASURED_CPU_FAULT,CPU;INTERVAL_FAULTS,NA,NA,NA,NA,NA,NA,NA,NA,NA,NA,NA,NA,NA,NA,NA,NA,NA,NA,NA,NA,NA,NA,NA,TARGET_GONE,identity no longer active
2026-10-02T16:05:39Z,APP_21879_3030045,21879,3030045,15,633,201.802,0,0,-1,-1,0,0.999931471,NA,NA,70.000000000,MEASURED_CPU_FAULT,CPU;INTERVAL_FAULTS,NA,NA,NA,NA,NA,NA,NA,NA,NA,NA,NA,NA,NA,NA,NA,NA,NA,NA,NA,NA,NA,NA,NA,TARGET_GONE,identity no longer active
2026-10-02T16:05:40Z,APP_21879_3030045,21879,3030045,15,634,198.230,0,0,-1,-1,0,0.999931471,NA,NA,70.000000000,MEASURED_CPU_FAULT,CPU;INTERVAL_FAULTS,NA,NA,NA,NA,NA,NA,NA,NA,NA,NA,NA,NA,NA,NA,NA,NA,NA,NA,NA,NA,NA,NA,NA,TARGET_GONE,identity no longer active
2026-10-02T16:05:40Z,APP_21879_3030045,21879,3030045,15,635,210.778,0,0,-1,-1,0,0.999931471,NA,NA,70.000000000,MEASURED_CPU_FAULT,CPU;INTERVAL_FAULTS,NA,NA,NA,NA,NA,NA,NA,NA,NA,NA,NA,NA,NA,NA,NA,NA,NA,NA,NA,NA,NA,NA,NA,TARGET_GONE,identity no longer active
2026-10-02T16:05:40Z,APP_21879_3030045,21879,3030045,15,636,201.802,0,0,-1,-1,0,0.999931471,NA,NA,70.000000000,MEASURED_CPU_FAULT,CPU;INTERVAL_FAULTS,NA,NA,NA,NA,NA,NA,NA,NA,NA,NA,NA,NA,NA,NA,NA,NA,NA,NA,NA,NA,NA,NA,NA,TARGET_GONE,identity no longer active
2026-10-02T16:05:40Z,APP_21879_3030045,21879,3030045,15,637,194.411,0,0,-1,-1,0,0.999931471,NA,NA,70.000000000,MEASURED_CPU_FAULT,CPU;INTERVAL_FAULTS,NA,NA,NA,NA,NA,NA,NA,NA,NA,NA,NA,NA,NA,NA,NA,NA,NA,NA,NA,NA,NA,NA,NA,TARGET_GONE,identity no longer active
2026-10-02T16:05:40Z,APP_21879_3030045,21879,3030045,15,638,210.463,0,0,-1,-1,0,0.999931471,NA,NA,70.000000000,MEASURED_CPU_FAULT,CPU;INTERVAL_FAULTS,NA,NA,NA,NA,NA,NA,NA,NA,NA,NA,NA,NA,NA,NA,NA,NA,NA,NA,NA,NA,NA,NA,NA,TARGET_GONE,identity no longer active
2026-10-02T16:05:40Z,APP_21879_3030045,21879,3030045,15,639,194.135,0,0,-1,-1,0,0.999931471,NA,NA,70.000000000,MEASURED_CPU_FAULT,CPU;INTERVAL_FAULTS,NA,NA,NA,NA,NA,NA,NA,NA,NA,NA,NA,NA,NA,NA,NA,NA,NA,NA,NA,NA,NA,NA,NA,TARGET_GONE,identity no longer active
2026-10-02T16:05:40Z,APP_21879_3030045,21879,3030045,15,640,201.499,0,0,-1,-1,0,0.999931471,NA,NA,70.000000000,MEASURED_CPU_FAULT,CPU;INTERVAL_FAULTS,NA,NA,NA,NA,NA,NA,NA,NA,NA,NA,NA,NA,NA,NA,NA,NA,NA,NA,NA,NA,NA,NA,NA,TARGET_GONE,identity no longer active
2026-10-02T16:05:40Z,APP_21879_3030045,21879,3030045,15,641,200.607,0,0,-1,-1,0,0.999931471,NA,NA,70.000000000,MEASURED_CPU_FAULT,CPU;INTERVAL_FAULTS,NA,NA,NA,NA,NA,NA,NA,NA,NA,NA,NA,NA,NA,NA,NA,NA,NA,NA,NA,NA,NA,NA,NA,TARGET_GONE,identity no longer active
2026-10-02T16:05:41Z,APP_21879_3030045,21879,3030045,15,642,201.499,0,0,-1,-1,0,0.999931471,NA,NA,70.000000000,MEASURED_CPU_FAULT,CPU;INTERVAL_FAULTS,NA,NA,NA,NA,NA,NA,NA,NA,NA,NA,NA,NA,NA,NA,NA,NA,NA,NA,NA,NA,NA,NA,NA,TARGET_GONE,identity no longer active
2026-10-02T16:05:41Z,APP_21879_3030045,21879,3030045,15,643,200.447,0,0,-1,-1,0,0.999931471,NA,NA,70.000000000,MEASURED_CPU_FAULT,CPU;INTERVAL_FAULTS,NA,NA,NA,NA,NA,NA,NA,NA,NA,NA,NA,NA,NA,NA,NA,NA,NA,NA,NA,NA,NA,NA,NA,TARGET_GONE,identity no longer active
2026-10-02T16:05:41Z,APP_21879_3030045,21879,3030045,15,644,191.617,0,0,-1,-1,0,0.999931471,NA,NA,70.000000000,MEASURED_CPU_FAULT,CPU;INTERVAL_FAULTS,NA,NA,NA,NA,NA,NA,NA,NA,NA,NA,NA,NA,NA,NA,NA,NA,NA,NA,NA,NA,NA,NA,NA,TARGET_GONE,identity no longer active
2026-10-02T16:05:41Z,APP_21879_3030045,21879,3030045,15,645,201.499,0,0,-1,-1,0,0.999931471,NA,NA,70.000000000,MEASURED_CPU_FAULT,CPU;INTERVAL_FAULTS,NA,NA,NA,NA,NA,NA,NA,NA,NA,NA,NA,NA,NA,NA,NA,NA,NA,NA,NA,NA,NA,NA,NA,TARGET_GONE,identity no longer active
2026-10-02T16:05:41Z,APP_21879_3030045,21879,3030045,15,646,202.187,0,0,-1,-1,0,0.999931471,NA,NA,70.000000000,MEASURED_CPU_FAULT,CPU;INTERVAL_FAULTS,NA,NA,NA,NA,NA,NA,NA,NA,NA,NA,NA,NA,NA,NA,NA,NA,NA,NA,NA,NA,NA,NA,NA,TARGET_GONE,identity no longer active
2026-10-02T16:05:41Z,APP_21879_3030045,21879,3030045,15,647,201.499,0,0,-1,-1,0,0.999931471,NA,NA,70.000000000,MEASURED_CPU_FAULT,CPU;INTERVAL_FAULTS,NA,NA,NA,NA,NA,NA,NA,NA,NA,NA,NA,NA,NA,NA,NA,NA,NA,NA,NA,NA,NA,NA,NA,TARGET_GONE,identity no longer active
2026-10-02T16:05:41Z,APP_21879_3030045,21879,3030045,15,648,194.529,0,0,-1,-1,0,0.999931471,NA,NA,70.000000000,MEASURED_CPU_FAULT,CPU;INTERVAL_FAULTS,NA,NA,NA,NA,NA,NA,NA,NA,NA,NA,NA,NA,NA,NA,NA,NA,NA,NA,NA,NA,NA,NA,NA,TARGET_GONE,identity no longer active
2026-10-02T16:05:41Z,APP_21879_3030045,21879,3030045,15,649,201.198,0,0,-1,-1,0,0.999931471,NA,NA,70.000000000,MEASURED_CPU_FAULT,CPU;INTERVAL_FAULTS,NA,NA,NA,NA,NA,NA,NA,NA,NA,NA,NA,NA,NA,NA,NA,NA,NA,NA,NA,NA,NA,NA,NA,TARGET_GONE,identity no longer active
2026-10-02T16:05:42Z,APP_21879_3030045,21879,3030045,15,650,200.607,0,0,-1,-1,0,0.999931471,NA,NA,70.000000000,MEASURED_CPU_FAULT,CPU;INTERVAL_FAULTS,NA,NA,NA,NA,NA,NA,NA,NA,NA,NA,NA,NA,NA,NA,NA,NA,NA,NA,NA,NA,NA,NA,NA,TARGET_GONE,identity no longer active
2026-10-02T16:05:42Z,APP_21879_3030045,21879,3030045,15,651,201.198,0,0,-1,-1,0,0.999931471,NA,NA,70.000000000,MEASURED_CPU_FAULT,CPU;INTERVAL_FAULTS,NA,NA,NA,NA,NA,NA,NA,NA,NA,NA,NA,NA,NA,NA,NA,NA,NA,NA,NA,NA,NA,NA,NA,TARGET_GONE,identity no longer active
2026-10-02T16:05:42Z,APP_21879_3030045,21879,3030045,15,652,204.458,0,0,-1,-1,0,0.999931471,NA,NA,70.000000000,MEASURED_CPU_FAULT,CPU;INTERVAL_FAULTS,NA,NA,NA,NA,NA,NA,NA,NA,NA,NA,NA,NA,NA,NA,NA,NA,NA,NA,NA,NA,NA,NA,NA,TARGET_GONE,identity no longer active
2026-10-02T16:05:42Z,APP_21879_3030045,21879,3030045,15,653,192.192,0,0,-1,-1,0,0.999931471,NA,NA,70.000000000,MEASURED_CPU_FAULT,CPU;INTERVAL_FAULTS,NA,NA,NA,NA,NA,NA,NA,NA,NA,NA,NA,NA,NA,NA,NA,NA,NA,NA,NA,NA,NA,NA,NA,TARGET_GONE,identity no longer active
2026-10-02T16:05:42Z,APP_21879_3030045,21879,3030045,15,654,201.802,0,0,-1,-1,0,0.999931471,NA,NA,70.000000000,MEASURED_CPU_FAULT,CPU;INTERVAL_FAULTS,NA,NA,NA,NA,NA,NA,NA,NA,NA,NA,NA,NA,NA,NA,NA,NA,NA,NA,NA,NA,NA,NA,NA,TARGET_GONE,identity no longer active
2026-10-02T16:05:42Z,APP_21879_3030045,21879,3030045,15,655,194.411,0,0,-1,-1,0,0.999931471,NA,NA,70.000000000,MEASURED_CPU_FAULT,CPU;INTERVAL_FAULTS,NA,NA,NA,NA,NA,NA,NA,NA,NA,NA,NA,NA,NA,NA,NA,NA,NA,NA,NA,NA,NA,NA,NA,TARGET_GONE,identity no longer active
2026-10-02T16:05:42Z,APP_21879_3030045,21879,3030045,15,656,201.802,0,0,-1,-1,0,0.999931471,NA,NA,70.000000000,MEASURED_CPU_FAULT,CPU;INTERVAL_FAULTS,NA,NA,NA,NA,NA,NA,NA,NA,NA,NA,NA,NA,NA,NA,NA,NA,NA,NA,NA,NA,NA,NA,NA,TARGET_GONE,identity no longer active
2026-10-02T16:05:42Z,APP_21879_3030045,21879,3030045,15,657,201.179,0,0,-1,-1,0,0.999931471,NA,NA,70.000000000,MEASURED_CPU_FAULT,CPU;INTERVAL_FAULTS,NA,NA,NA,NA,NA,NA,NA,NA,NA,NA,NA,NA,NA,NA,NA,NA,NA,NA,NA,NA,NA,NA,NA,TARGET_GONE,identity no longer active
2026-10-02T16:05:43Z,APP_21879_3030045,21879,3030045,15,658,201.802,0,0,-1,-1,0,0.999931471,NA,NA,70.000000000,MEASURED_CPU_FAULT,CPU;INTERVAL_FAULTS,NA,NA,NA,NA,NA,NA,NA,NA,NA,NA,NA,NA,NA,NA,NA,NA,NA,NA,NA,NA,NA,NA,NA,TARGET_GONE,identity no longer active
2026-10-02T16:05:43Z,APP_21879_3030045,21879,3030045,15,659,194.135,0,0,-1,-1,0,0.999931471,NA,NA,70.000000000,MEASURED_CPU_FAULT,CPU;INTERVAL_FAULTS,NA,NA,NA,NA,NA,NA,NA,NA,NA,NA,NA,NA,NA,NA,NA,NA,NA,NA,NA,NA,NA,NA,NA,TARGET_GONE,identity no longer active
2026-10-02T16:05:43Z,APP_21879_3030045,21879,3030045,15,660,201.802,0,0,-1,-1,0,0.999931471,NA,NA,70.000000000,MEASURED_CPU_FAULT,CPU;INTERVAL_FAULTS,NA,NA,NA,NA,NA,NA,NA,NA,NA,NA,NA,NA,NA,NA,NA,NA,NA,NA,NA,NA,NA,NA,NA,TARGET_GONE,identity no longer active
2026-10-02T16:05:43Z,APP_21879_3030045,21879,3030045,15,661,200.583,0,0,-1,-1,0,0.999931471,NA,NA,70.000000000,MEASURED_CPU_FAULT,CPU;INTERVAL_FAULTS,NA,NA,NA,NA,NA,NA,NA,NA,NA,NA,NA,NA,NA,NA,NA,NA,NA,NA,NA,NA,NA,NA,NA,TARGET_GONE,identity no longer active
2026-10-02T16:05:43Z,APP_21879_3030045,21879,3030045,15,662,210.778,0,0,-1,-1,0,0.999931471,NA,NA,70.000000000,MEASURED_CPU_FAULT,CPU;INTERVAL_FAULTS,NA,NA,NA,NA,NA,NA,NA,NA,NA,NA,NA,NA,NA,NA,NA,NA,NA,NA,NA,NA,NA,NA,NA,TARGET_GONE,identity no longer active
2026-10-02T16:05:43Z,APP_21879_3030045,21879,3030045,15,663,201.499,0,0,-1,-1,0,0.999931471,NA,NA,70.000000000,MEASURED_CPU_FAULT,CPU;INTERVAL_FAULTS,NA,NA,NA,NA,NA,NA,NA,NA,NA,NA,NA,NA,NA,NA,NA,NA,NA,NA,NA,NA,NA,NA,NA,TARGET_GONE,identity no longer active
2026-10-02T16:05:43Z,APP_21879_3030045,21879,3030045,15,664,194.411,0,0,-1,-1,0,0.999931471,NA,NA,70.000000000,MEASURED_CPU_FAULT,CPU;INTERVAL_FAULTS,NA,NA,NA,NA,NA,NA,NA,NA,NA,NA,NA,NA,NA,NA,NA,NA,NA,NA,NA,NA,NA,NA,NA,TARGET_GONE,identity no longer active
2026-10-02T16:05:43Z,APP_21879_3030045,21879,3030045,15,665,201.499,0,0,-1,-1,0,0.999931471,NA,NA,70.000000000,MEASURED_CPU_FAULT,CPU;INTERVAL_FAULTS,NA,NA,NA,NA,NA,NA,NA,NA,NA,NA,NA,NA,NA,NA,NA,NA,NA,NA,NA,NA,NA,NA,NA,TARGET_GONE,identity no longer active
2026-10-02T16:05:44Z,APP_21879_3030045,21879,3030045,15,666,201.258,0,0,-1,-1,0,0.999931471,NA,NA,70.000000000,MEASURED_CPU_FAULT,CPU;INTERVAL_FAULTS,NA,NA,NA,NA,NA,NA,NA,NA,NA,NA,NA,NA,NA,NA,NA,NA,NA,NA,NA,NA,NA,NA,NA,TARGET_GONE,identity no longer active
2026-10-02T16:05:44Z,APP_21879_3030045,21879,3030045,15,667,201.499,0,0,-1,-1,0,0.999931471,NA,NA,70.000000000,MEASURED_CPU_FAULT,CPU;INTERVAL_FAULTS,NA,NA,NA,NA,NA,NA,NA,NA,NA,NA,NA,NA,NA,NA,NA,NA,NA,NA,NA,NA,NA,NA,NA,TARGET_GONE,identity no longer active
2026-10-02T16:05:44Z,APP_21879_3030045,21879,3030045,15,668,204.325,0,0,-1,-1,0,0.999931471,NA,NA,70.000000000,MEASURED_CPU_FAULT,CPU;INTERVAL_FAULTS,NA,NA,NA,NA,NA,NA,NA,NA,NA,NA,NA,NA,NA,NA,NA,NA,NA,NA,NA,NA,NA,NA,NA,TARGET_GONE,identity no longer active
2026-10-02T16:05:44Z,APP_21879_3030045,21879,3030045,15,669,192.192,0,0,-1,-1,0,0.999931471,NA,NA,70.000000000,MEASURED_CPU_FAULT,CPU;INTERVAL_FAULTS,NA,NA,NA,NA,NA,NA,NA,NA,NA,NA,NA,NA,NA,NA,NA,NA,NA,NA,NA,NA,NA,NA,NA,TARGET_GONE,identity no longer active
2026-10-02T16:05:27Z,APP_21879_3030045,21879,3030045,16,670,0.000,0,0,-1,-1,0,0.999931471,1,true,0.000000000,MEASURED_CPU_FAULT,CPU;INTERVAL_FAULTS,HOT,669.474315258,0.560000000,0.700000000,NA,NA,NA,NA,0.560000000,0.000000000,0.700000000,0.000000000,-1.000000000,1.232000000,NA,MOVE_THREAD,INVALID,NOT_APPLICABLE,INVALID,MOVE_THREAD,-1,-1,false,TARGET_GONE,identity no longer active
2026-10-02T16:05:28Z,APP_21879_3030045,21879,3030045,16,671,0.000,0,0,-1,-1,0,0.999931471,NA,NA,0.000000000,MEASURED_CPU_FAULT,CPU;INTERVAL_FAULTS,NA,NA,NA,NA,NA,NA,NA,NA,NA,NA,NA,NA,NA,NA,NA,NA,NA,NA,NA,NA,NA,NA,NA,TARGET_GONE,identity no longer active
2026-10-02T16:05:28Z,APP_21879_3030045,21879,3030045,16,672,6.934,0,0,-1,-1,0,0.999931471,NA,NA,4.853800000,MEASURED_CPU_FAULT,CPU;INTERVAL_FAULTS,NA,NA,NA,NA,NA,NA,NA,NA,NA,NA,NA,NA,NA,NA,NA,NA,NA,NA,NA,NA,NA,NA,NA,TARGET_GONE,identity no longer active
2026-10-02T16:05:28Z,APP_21879_3030045,21879,3030045,16,673,0.000,0,0,-1,-1,0,0.999931471,NA,NA,0.000000000,MEASURED_CPU_FAULT,CPU;INTERVAL_FAULTS,NA,NA,NA,NA,NA,NA,NA,NA,NA,NA,NA,NA,NA,NA,NA,NA,NA,NA,NA,NA,NA,NA,NA,TARGET_GONE,identity no longer active
2026-10-02T16:05:28Z,APP_21879_3030045,21879,3030045,16,674,0.000,0,0,-1,-1,0,0.999931471,NA,NA,0.000000000,MEASURED_CPU_FAULT,CPU;INTERVAL_FAULTS,NA,NA,NA,NA,NA,NA,NA,NA,NA,NA,NA,NA,NA,NA,NA,NA,NA,NA,NA,NA,NA,NA,NA,TARGET_GONE,identity no longer active
2026-10-02T16:05:28Z,APP_21879_3030045,21879,3030045,16,675,0.000,0,0,-1,-1,0,0.999931471,NA,NA,0.000000000,MEASURED_CPU_FAULT,CPU;INTERVAL_FAULTS,NA,NA,NA,NA,NA,NA,NA,NA,NA,NA,NA,NA,NA,NA,NA,NA,NA,NA,NA,NA,NA,NA,NA,TARGET_GONE,identity no longer active
2026-10-02T16:05:28Z,APP_21879_3030045,21879,3030045,16,676,0.000,0,0,-1,-1,0,0.999931471,NA,NA,0.000000000,MEASURED_CPU_FAULT,CPU;INTERVAL_FAULTS,NA,NA,NA,NA,NA,NA,NA,NA,NA,NA,NA,NA,NA,NA,NA,NA,NA,NA,NA,NA,NA,NA,NA,TARGET_GONE,identity no longer active
2026-10-02T16:05:29Z,APP_21879_3030045,21879,3030045,16,677,0.000,0,0,-1,-1,0,0.999931471,NA,NA,0.000000000,MEASURED_CPU_FAULT,CPU;INTERVAL_FAULTS,NA,NA,NA,NA,NA,NA,NA,NA,NA,NA,NA,NA,NA,NA,NA,NA,NA,NA,NA,NA,NA,NA,NA,TARGET_GONE,identity no longer active
2026-10-02T16:05:29Z,APP_21879_3030045,21879,3030045,16,678,95.238,0,0,-1,-1,0,0.999931471,NA,NA,66.666600000,MEASURED_CPU_FAULT,CPU;INTERVAL_FAULTS,NA,NA,NA,NA,NA,NA,NA,NA,NA,NA,NA,NA,NA,NA,NA,NA,NA,NA,NA,NA,NA,NA,NA,TARGET_GONE,identity no longer active
2026-10-02T16:05:29Z,APP_21879_3030045,21879,3030045,16,679,201.802,0,0,-1,-1,0,0.999931471,NA,NA,70.000000000,MEASURED_CPU_FAULT,CPU;INTERVAL_FAULTS,NA,NA,NA,NA,NA,NA,NA,NA,NA,NA,NA,NA,NA,NA,NA,NA,NA,NA,NA,NA,NA,NA,NA,TARGET_GONE,identity no longer active
2026-10-02T16:05:29Z,APP_21879_3030045,21879,3030045,16,680,198.650,0,0,-1,-1,0,0.999931471,NA,NA,70.000000000,MEASURED_CPU_FAULT,CPU;INTERVAL_FAULTS,NA,NA,NA,NA,NA,NA,NA,NA,NA,NA,NA,NA,NA,NA,NA,NA,NA,NA,NA,NA,NA,NA,NA,TARGET_GONE,identity no longer active
2026-10-02T16:05:29Z,APP_21879_3030045,21879,3030045,16,681,201.198,0,0,-1,-1,0,0.999931471,NA,NA,70.000000000,MEASURED_CPU_FAULT,CPU;INTERVAL_FAULTS,NA,NA,NA,NA,NA,NA,NA,NA,NA,NA,NA,NA,NA,NA,NA,NA,NA,NA,NA,NA,NA,NA,NA,TARGET_GONE,identity no longer active
2026-10-02T16:05:29Z,APP_21879_3030045,21879,3030045,16,682,202.230,0,0,-1,-1,0,0.999931471,NA,NA,70.000000000,MEASURED_CPU_FAULT,CPU;INTERVAL_FAULTS,NA,NA,NA,NA,NA,NA,NA,NA,NA,NA,NA,NA,NA,NA,NA,NA,NA,NA,NA,NA,NA,NA,NA,TARGET_GONE,identity no longer active
2026-10-02T16:05:29Z,APP_21879_3030045,21879,3030045,16,683,191.617,0,0,-1,-1,0,0.999931471,NA,NA,70.000000000,MEASURED_CPU_FAULT,CPU;INTERVAL_FAULTS,NA,NA,NA,NA,NA,NA,NA,NA,NA,NA,NA,NA,NA,NA,NA,NA,NA,NA,NA,NA,NA,NA,NA,TARGET_GONE,identity no longer active
2026-10-02T16:05:29Z,APP_21879_3030045,21879,3030045,16,684,202.043,0,0,-1,-1,0,0.999931471,NA,NA,70.000000000,MEASURED_CPU_FAULT,CPU;INTERVAL_FAULTS,NA,NA,NA,NA,NA,NA,NA,NA,NA,NA,NA,NA,NA,NA,NA,NA,NA,NA,NA,NA,NA,NA,NA,TARGET_GONE,identity no longer active
2026-10-02T16:05:30Z,APP_21879_3030045,21879,3030045,16,685,201.198,0,0,-1,-1,0,0.999931471,NA,NA,70.000000000,MEASURED_CPU_FAULT,CPU;INTERVAL_FAULTS,NA,NA,NA,NA,NA,NA,NA,NA,NA,NA,NA,NA,NA,NA,NA,NA,NA,NA,NA,NA,NA,NA,NA,TARGET_GONE,identity no longer active
2026-10-02T16:05:30Z,APP_21879_3030045,21879,3030045,16,686,197.280,0,0,-1,-1,0,0.999931471,NA,NA,70.000000000,MEASURED_CPU_FAULT,CPU;INTERVAL_FAULTS,NA,NA,NA,NA,NA,NA,NA,NA,NA,NA,NA,NA,NA,NA,NA,NA,NA,NA,NA,NA,NA,NA,NA,TARGET_GONE,identity no longer active
2026-10-02T16:05:30Z,APP_21879_3030045,21879,3030045,16,687,210.778,0,0,-1,-1,0,0.999931471,NA,NA,70.000000000,MEASURED_CPU_FAULT,CPU;INTERVAL_FAULTS,NA,NA,NA,NA,NA,NA,NA,NA,NA,NA,NA,NA,NA,NA,NA,NA,NA,NA,NA,NA,NA,NA,NA,TARGET_GONE,identity no longer active
2026-10-02T16:05:30Z,APP_21879_3030045,21879,3030045,16,688,191.904,0,0,-1,-1,0,0.999931471,NA,NA,70.000000000,MEASURED_CPU_FAULT,CPU;INTERVAL_FAULTS,NA,NA,NA,NA,NA,NA,NA,NA,NA,NA,NA,NA,NA,NA,NA,NA,NA,NA,NA,NA,NA,NA,NA,TARGET_GONE,identity no longer active
2026-10-02T16:05:30Z,APP_21879_3030045,21879,3030045,16,689,205.714,0,0,-1,-1,0,0.999931471,NA,NA,70.000000000,MEASURED_CPU_FAULT,CPU;INTERVAL_FAULTS,NA,NA,NA,NA,NA,NA,NA,NA,NA,NA,NA,NA,NA,NA,NA,NA,NA,NA,NA,NA,NA,NA,NA,TARGET_GONE,identity no longer active
2026-10-02T16:05:30Z,APP_21879_3030045,21879,3030045,16,690,201.198,0,0,-1,-1,0,0.999931471,NA,NA,70.000000000,MEASURED_CPU_FAULT,CPU;INTERVAL_FAULTS,NA,NA,NA,NA,NA,NA,NA,NA,NA,NA,NA,NA,NA,NA,NA,NA,NA,NA,NA,NA,NA,NA,NA,TARGET_GONE,identity no longer active
2026-10-02T16:05:30Z,APP_21879_3030045,21879,3030045,16,691,196.648,0,0,-1,-1,0,0.999931471,NA,NA,70.000000000,MEASURED_CPU_FAULT,CPU;INTERVAL_FAULTS,NA,NA,NA,NA,NA,NA,NA,NA,NA,NA,NA,NA,NA,NA,NA,NA,NA,NA,NA,NA,NA,NA,NA,TARGET_GONE,identity no longer active
2026-10-02T16:05:30Z,APP_21879_3030045,21879,3030045,16,692,201.499,0,0,-1,-1,0,0.999931471,NA,NA,70.000000000,MEASURED_CPU_FAULT,CPU;INTERVAL_FAULTS,NA,NA,NA,NA,NA,NA,NA,NA,NA,NA,NA,NA,NA,NA,NA,NA,NA,NA,NA,NA,NA,NA,NA,TARGET_GONE,identity no longer active
2026-10-02T16:05:31Z,APP_21879_3030045,21879,3030045,16,693,202.772,0,0,-1,-1,0,0.999931471,NA,NA,70.000000000,MEASURED_CPU_FAULT,CPU;INTERVAL_FAULTS,NA,NA,NA,NA,NA,NA,NA,NA,NA,NA,NA,NA,NA,NA,NA,NA,NA,NA,NA,NA,NA,NA,NA,TARGET_GONE,identity no longer active
2026-10-02T16:05:31Z,APP_21879_3030045,21879,3030045,16,694,201.499,0,0,-1,-1,0,0.999931471,NA,NA,70.000000000,MEASURED_CPU_FAULT,CPU;INTERVAL_FAULTS,NA,NA,NA,NA,NA,NA,NA,NA,NA,NA,NA,NA,NA,NA,NA,NA,NA,NA,NA,NA,NA,NA,NA,TARGET_GONE,identity no longer active
2026-10-02T16:05:31Z,APP_21879_3030045,21879,3030045,16,695,195.918,0,0,-1,-1,0,0.999931471,NA,NA,70.000000000,MEASURED_CPU_FAULT,CPU;INTERVAL_FAULTS,NA,NA,NA,NA,NA,NA,NA,NA,NA,NA,NA,NA,NA,NA,NA,NA,NA,NA,NA,NA,NA,NA,NA,TARGET_GONE,identity no longer active
2026-10-02T16:05:31Z,APP_21879_3030045,21879,3030045,16,696,211.411,0,0,-1,-1,0,0.999931471,NA,NA,70.000000000,MEASURED_CPU_FAULT,CPU;INTERVAL_FAULTS,NA,NA,NA,NA,NA,NA,NA,NA,NA,NA,NA,NA,NA,NA,NA,NA,NA,NA,NA,NA,NA,NA,NA,TARGET_GONE,identity no longer active
2026-10-02T16:05:31Z,APP_21879_3030045,21879,3030045,16,697,201.499,0,0,-1,-1,0,0.999931471,NA,NA,70.000000000,MEASURED_CPU_FAULT,CPU;INTERVAL_FAULTS,NA,NA,NA,NA,NA,NA,NA,NA,NA,NA,NA,NA,NA,NA,NA,NA,NA,NA,NA,NA,NA,NA,NA,TARGET_GONE,identity no longer active
2026-10-02T16:05:31Z,APP_21879_3030045,21879,3030045,16,698,198.706,0,0,-1,-1,0,0.999931471,NA,NA,70.000000000,MEASURED_CPU_FAULT,CPU;INTERVAL_FAULTS,NA,NA,NA,NA,NA,NA,NA,NA,NA,NA,NA,NA,NA,NA,NA,NA,NA,NA,NA,NA,NA,NA,NA,TARGET_GONE,identity no longer active
2026-10-02T16:05:31Z,APP_21879_3030045,21879,3030045,16,699,191.904,0,0,-1,-1,0,0.999931471,NA,NA,70.000000000,MEASURED_CPU_FAULT,CPU;INTERVAL_FAULTS,NA,NA,NA,NA,NA,NA,NA,NA,NA,NA,NA,NA,NA,NA,NA,NA,NA,NA,NA,NA,NA,NA,NA,TARGET_GONE,identity no longer active
2026-10-02T16:05:31Z,APP_21879_3030045,21879,3030045,16,700,204.325,0,0,-1,-1,0,0.999931471,NA,NA,70.000000000,MEASURED_CPU_FAULT,CPU;INTERVAL_FAULTS,NA,NA,NA,NA,NA,NA,NA,NA,NA,NA,NA,NA,NA,NA,NA,NA,NA,NA,NA,NA,NA,NA,NA,TARGET_GONE,identity no longer active
2026-10-02T16:05:31Z,APP_21879_3030045,21879,3030045,16,701,201.499,0,0,-1,-1,0,0.999931471,NA,NA,70.000000000,MEASURED_CPU_FAULT,CPU;INTERVAL_FAULTS,NA,NA,NA,NA,NA,NA,NA,NA,NA,NA,NA,NA,NA,NA,NA,NA,NA,NA,NA,NA,NA,NA,NA,TARGET_GONE,identity no longer active
2026-10-02T16:05:32Z,APP_21879_3030045,21879,3030045,16,702,197.531,0,0,-1,-1,0,0.999931471,NA,NA,70.000000000,MEASURED_CPU_FAULT,CPU;INTERVAL_FAULTS,NA,NA,NA,NA,NA,NA,NA,NA,NA,NA,NA,NA,NA,NA,NA,NA,NA,NA,NA,NA,NA,NA,NA,TARGET_GONE,identity no longer active
2026-10-02T16:05:32Z,APP_21879_3030045,21879,3030045,16,703,201.499,0,0,-1,-1,0,0.999931471,NA,NA,70.000000000,MEASURED_CPU_FAULT,CPU;INTERVAL_FAULTS,NA,NA,NA,NA,NA,NA,NA,NA,NA,NA,NA,NA,NA,NA,NA,NA,NA,NA,NA,NA,NA,NA,NA,TARGET_GONE,identity no longer active
2026-10-02T16:05:32Z,APP_21879_3030045,21879,3030045,16,704,203.885,0,0,-1,-1,0,0.999931471,NA,NA,70.000000000,MEASURED_CPU_FAULT,CPU;INTERVAL_FAULTS,NA,NA,NA,NA,NA,NA,NA,NA,NA,NA,NA,NA,NA,NA,NA,NA,NA,NA,NA,NA,NA,NA,NA,TARGET_GONE,identity no longer active
2026-10-02T16:05:32Z,APP_21879_3030045,21879,3030045,16,705,192.771,0,0,-1,-1,0,0.999931471,NA,NA,70.000000000,MEASURED_CPU_FAULT,CPU;INTERVAL_FAULTS,NA,NA,NA,NA,NA,NA,NA,NA,NA,NA,NA,NA,NA,NA,NA,NA,NA,NA,NA,NA,NA,NA,NA,TARGET_GONE,identity no longer active
2026-10-02T16:05:32Z,APP_21879_3030045,21879,3030045,16,706,201.499,0,0,-1,-1,0,0.999931471,NA,NA,70.000000000,MEASURED_CPU_FAULT,CPU;INTERVAL_FAULTS,NA,NA,NA,NA,NA,NA,NA,NA,NA,NA,NA,NA,NA,NA,NA,NA,NA,NA,NA,NA,NA,NA,NA,TARGET_GONE,identity no longer active
2026-10-02T16:05:32Z,APP_21879_3030045,21879,3030045,16,707,191.847,0,0,-1,-1,0,0.999931471,NA,NA,70.000000000,MEASURED_CPU_FAULT,CPU;INTERVAL_FAULTS,NA,NA,NA,NA,NA,NA,NA,NA,NA,NA,NA,NA,NA,NA,NA,NA,NA,NA,NA,NA,NA,NA,NA,TARGET_GONE,identity no longer active
2026-10-02T16:05:32Z,APP_21879_3030045,21879,3030045,16,708,201.198,0,0,-1,-1,0,0.999931471,NA,NA,70.000000000,MEASURED_CPU_FAULT,CPU;INTERVAL_FAULTS,NA,NA,NA,NA,NA,NA,NA,NA,NA,NA,NA,NA,NA,NA,NA,NA,NA,NA,NA,NA,NA,NA,NA,TARGET_GONE,identity no longer active
2026-10-02T16:05:32Z,APP_21879_3030045,21879,3030045,16,709,204.115,0,0,-1,-1,0,0.999931471,NA,NA,70.000000000,MEASURED_CPU_FAULT,CPU;INTERVAL_FAULTS,NA,NA,NA,NA,NA,NA,NA,NA,NA,NA,NA,NA,NA,NA,NA,NA,NA,NA,NA,NA,NA,NA,NA,TARGET_GONE,identity no longer active
2026-10-02T16:05:33Z,APP_21879_3030045,21879,3030045,16,710,192.192,0,0,-1,-1,0,0.999931471,NA,NA,70.000000000,MEASURED_CPU_FAULT,CPU;INTERVAL_FAULTS,NA,NA,NA,NA,NA,NA,NA,NA,NA,NA,NA,NA,NA,NA,NA,NA,NA,NA,NA,NA,NA,NA,NA,TARGET_GONE,identity no longer active
2026-10-02T16:05:33Z,APP_21879_3030045,21879,3030045,16,711,204.115,0,0,-1,-1,0,0.999931471,NA,NA,70.000000000,MEASURED_CPU_FAULT,CPU;INTERVAL_FAULTS,NA,NA,NA,NA,NA,NA,NA,NA,NA,NA,NA,NA,NA,NA,NA,NA,NA,NA,NA,NA,NA,NA,NA,TARGET_GONE,identity no longer active
2026-10-02T16:05:33Z,APP_21879_3030045,21879,3030045,16,712,201.802,0,0,-1,-1,0,0.999931471,NA,NA,70.000000000,MEASURED_CPU_FAULT,CPU;INTERVAL_FAULTS,NA,NA,NA,NA,NA,NA,NA,NA,NA,NA,NA,NA,NA,NA,NA,NA,NA,NA,NA,NA,NA,NA,NA,TARGET_GONE,identity no longer active
2026-10-02T16:05:33Z,APP_21879_3030045,21879,3030045,16,713,201.491,0,0,-1,-1,0,0.999931471,NA,NA,70.000000000,MEASURED_CPU_FAULT,CPU;INTERVAL_FAULTS,NA,NA,NA,NA,NA,NA,NA,NA,NA,NA,NA,NA,NA,NA,NA,NA,NA,NA,NA,NA,NA,NA,NA,TARGET_GONE,identity no longer active
2026-10-02T16:05:33Z,APP_21879_3030045,21879,3030045,16,714,192.771,0,0,-1,-1,0,0.999931471,NA,NA,70.000000000,MEASURED_CPU_FAULT,CPU;INTERVAL_FAULTS,NA,NA,NA,NA,NA,NA,NA,NA,NA,NA,NA,NA,NA,NA,NA,NA,NA,NA,NA,NA,NA,NA,NA,TARGET_GONE,identity no longer active
2026-10-02T16:05:33Z,APP_21879_3030045,21879,3030045,16,715,201.499,0,0,-1,-1,0,0.999931471,NA,NA,70.000000000,MEASURED_CPU_FAULT,CPU;INTERVAL_FAULTS,NA,NA,NA,NA,NA,NA,NA,NA,NA,NA,NA,NA,NA,NA,NA,NA,NA,NA,NA,NA,NA,NA,NA,TARGET_GONE,identity no longer active
2026-10-02T16:05:33Z,APP_21879_3030045,21879,3030045,16,716,199.253,0,0,-1,-1,0,0.999931471,NA,NA,70.000000000,MEASURED_CPU_FAULT,CPU;INTERVAL_FAULTS,NA,NA,NA,NA,NA,NA,NA,NA,NA,NA,NA,NA,NA,NA,NA,NA,NA,NA,NA,NA,NA,NA,NA,TARGET_GONE,identity no longer active
2026-10-02T16:05:33Z,APP_21879_3030045,21879,3030045,16,717,201.198,0,0,-1,-1,0,0.999931471,NA,NA,70.000000000,MEASURED_CPU_FAULT,CPU;INTERVAL_FAULTS,NA,NA,NA,NA,NA,NA,NA,NA,NA,NA,NA,NA,NA,NA,NA,NA,NA,NA,NA,NA,NA,NA,NA,TARGET_GONE,identity no longer active
2026-10-02T16:05:34Z,APP_21879_3030045,21879,3030045,16,718,198.142,0,0,-1,-1,0,0.999931471,NA,NA,70.000000000,MEASURED_CPU_FAULT,CPU;INTERVAL_FAULTS,NA,NA,NA,NA,NA,NA,NA,NA,NA,NA,NA,NA,NA,NA,NA,NA,NA,NA,NA,NA,NA,NA,NA,TARGET_GONE,identity no longer active
2026-10-02T16:05:34Z,APP_21879_3030045,21879,3030045,16,719,200.897,0,0,-1,-1,0,0.999931471,NA,NA,70.000000000,MEASURED_CPU_FAULT,CPU;INTERVAL_FAULTS,NA,NA,NA,NA,NA,NA,NA,NA,NA,NA,NA,NA,NA,NA,NA,NA,NA,NA,NA,NA,NA,NA,NA,TARGET_GONE,identity no longer active
2026-10-02T16:05:34Z,APP_21879_3030045,21879,3030045,16,720,197.938,0,0,-1,-1,0,0.999931471,NA,NA,70.000000000,MEASURED_CPU_FAULT,CPU;INTERVAL_FAULTS,NA,NA,NA,NA,NA,NA,NA,NA,NA,NA,NA,NA,NA,NA,NA,NA,NA,NA,NA,NA,NA,NA,NA,TARGET_GONE,identity no longer active
2026-10-02T16:05:34Z,APP_21879_3030045,21879,3030045,16,721,201.499,0,0,-1,-1,0,0.999931471,NA,NA,70.000000000,MEASURED_CPU_FAULT,CPU;INTERVAL_FAULTS,NA,NA,NA,NA,NA,NA,NA,NA,NA,NA,NA,NA,NA,NA,NA,NA,NA,NA,NA,NA,NA,NA,NA,TARGET_GONE,identity no longer active
2026-10-02T16:05:34Z,APP_21879_3030045,21879,3030045,16,722,202.625,0,0,-1,-1,0,0.999931471,NA,NA,70.000000000,MEASURED_CPU_FAULT,CPU;INTERVAL_FAULTS,NA,NA,NA,NA,NA,NA,NA,NA,NA,NA,NA,NA,NA,NA,NA,NA,NA,NA,NA,NA,NA,NA,NA,TARGET_GONE,identity no longer active
2026-10-02T16:05:34Z,APP_21879_3030045,21879,3030045,16,723,192.192,0,0,-1,-1,0,0.999931471,NA,NA,70.000000000,MEASURED_CPU_FAULT,CPU;INTERVAL_FAULTS,NA,NA,NA,NA,NA,NA,NA,NA,NA,NA,NA,NA,NA,NA,NA,NA,NA,NA,NA,NA,NA,NA,NA,TARGET_GONE,identity no longer active
2026-10-02T16:05:34Z,APP_21879_3030045,21879,3030045,16,724,201.198,0,0,-1,-1,0,0.999931471,NA,NA,70.000000000,MEASURED_CPU_FAULT,CPU;INTERVAL_FAULTS,NA,NA,NA,NA,NA,NA,NA,NA,NA,NA,NA,NA,NA,NA,NA,NA,NA,NA,NA,NA,NA,NA,NA,TARGET_GONE,identity no longer active
2026-10-02T16:05:34Z,APP_21879_3030045,21879,3030045,16,725,199.253,0,0,-1,-1,0,0.999931471,NA,NA,70.000000000,MEASURED_CPU_FAULT,CPU;INTERVAL_FAULTS,NA,NA,NA,NA,NA,NA,NA,NA,NA,NA,NA,NA,NA,NA,NA,NA,NA,NA,NA,NA,NA,NA,NA,TARGET_GONE,identity no longer active
2026-10-02T16:05:34Z,APP_21879_3030045,21879,3030045,16,726,201.802,0,0,-1,-1,0,0.999931471,NA,NA,70.000000000,MEASURED_CPU_FAULT,CPU;INTERVAL_FAULTS,NA,NA,NA,NA,NA,NA,NA,NA,NA,NA,NA,NA,NA,NA,NA,NA,NA,NA,NA,NA,NA,NA,NA,TARGET_GONE,identity no longer active
2026-10-02T16:05:35Z,APP_21879_3030045,21879,3030045,16,727,197.328,0,0,-1,-1,0,0.999931471,NA,NA,70.000000000,MEASURED_CPU_FAULT,CPU;INTERVAL_FAULTS,NA,NA,NA,NA,NA,NA,NA,NA,NA,NA,NA,NA,NA,NA,NA,NA,NA,NA,NA,NA,NA,NA,NA,TARGET_GONE,identity no longer active
2026-10-02T16:05:35Z,APP_21879_3030045,21879,3030045,16,728,201.499,0,0,-1,-1,0,0.999931471,NA,NA,70.000000000,MEASURED_CPU_FAULT,CPU;INTERVAL_FAULTS,NA,NA,NA,NA,NA,NA,NA,NA,NA,NA,NA,NA,NA,NA,NA,NA,NA,NA,NA,NA,NA,NA,NA,TARGET_GONE,identity no longer active
2026-10-02T16:05:35Z,APP_21879_3030045,21879,3030045,16,729,198.142,0,0,-1,-1,0,0.999931471,NA,NA,70.000000000,MEASURED_CPU_FAULT,CPU;INTERVAL_FAULTS,NA,NA,NA,NA,NA,NA,NA,NA,NA,NA,NA,NA,NA,NA,NA,NA,NA,NA,NA,NA,NA,NA,NA,TARGET_GONE,identity no longer active
2026-10-02T16:05:35Z,APP_21879_3030045,21879,3030045,16,730,201.198,0,0,-1,-1,0,0.999931471,NA,NA,70.000000000,MEASURED_CPU_FAULT,CPU;INTERVAL_FAULTS,NA,NA,NA,NA,NA,NA,NA,NA,NA,NA,NA,NA,NA,NA,NA,NA,NA,NA,NA,NA,NA,NA,NA,TARGET_GONE,identity no longer active
2026-10-02T16:05:35Z,APP_21879_3030045,21879,3030045,16,731,203.253,0,0,-1,-1,0,0.999931471,NA,NA,70.000000000,MEASURED_CPU_FAULT,CPU;INTERVAL_FAULTS,NA,NA,NA,NA,NA,NA,NA,NA,NA,NA,NA,NA,NA,NA,NA,NA,NA,NA,NA,NA,NA,NA,NA,TARGET_GONE,identity no longer active
2026-10-02T16:05:35Z,APP_21879_3030045,21879,3030045,16,732,192.192,0,0,-1,-1,0,0.999931471,NA,NA,70.000000000,MEASURED_CPU_FAULT,CPU;INTERVAL_FAULTS,NA,NA,NA,NA,NA,NA,NA,NA,NA,NA,NA,NA,NA,NA,NA,NA,NA,NA,NA,NA,NA,NA,NA,TARGET_GONE,identity no longer active
2026-10-02T16:05:35Z,APP_21879_3030045,21879,3030045,16,733,201.499,0,0,-1,-1,0,0.999931471,NA,NA,70.000000000,MEASURED_CPU_FAULT,CPU;INTERVAL_FAULTS,NA,NA,NA,NA,NA,NA,NA,NA,NA,NA,NA,NA,NA,NA,NA,NA,NA,NA,NA,NA,NA,NA,NA,TARGET_GONE,identity no longer active
2026-10-02T16:05:35Z,APP_21879_3030045,21879,3030045,16,734,199.253,0,0,-1,-1,0,0.999931471,NA,NA,70.000000000,MEASURED_CPU_FAULT,CPU;INTERVAL_FAULTS,NA,NA,NA,NA,NA,NA,NA,NA,NA,NA,NA,NA,NA,NA,NA,NA,NA,NA,NA,NA,NA,NA,NA,TARGET_GONE,identity no longer active
2026-10-02T16:05:36Z,APP_21879_3030045,21879,3030045,16,735,201.198,0,0,-1,-1,0,0.999931471,NA,NA,70.000000000,MEASURED_CPU_FAULT,CPU;INTERVAL_FAULTS,NA,NA,NA,NA,NA,NA,NA,NA,NA,NA,NA,NA,NA,NA,NA,NA,NA,NA,NA,NA,NA,NA,NA,TARGET_GONE,identity no longer active
2026-10-02T16:05:36Z,APP_21879_3030045,21879,3030045,16,736,197.938,0,0,-1,-1,0,0.999931471,NA,NA,70.000000000,MEASURED_CPU_FAULT,CPU;INTERVAL_FAULTS,NA,NA,NA,NA,NA,NA,NA,NA,NA,NA,NA,NA,NA,NA,NA,NA,NA,NA,NA,NA,NA,NA,NA,TARGET_GONE,identity no longer active
2026-10-02T16:05:36Z,APP_21879_3030045,21879,3030045,16,737,201.198,0,0,-1,-1,0,0.999931471,NA,NA,70.000000000,MEASURED_CPU_FAULT,CPU;INTERVAL_FAULTS,NA,NA,NA,NA,NA,NA,NA,NA,NA,NA,NA,NA,NA,NA,NA,NA,NA,NA,NA,NA,NA,NA,NA,TARGET_GONE,identity no longer active
2026-10-02T16:05:36Z,APP_21879_3030045,21879,3030045,16,738,197.734,0,0,-1,-1,0,0.999931471,NA,NA,70.000000000,MEASURED_CPU_FAULT,CPU;INTERVAL_FAULTS,NA,NA,NA,NA,NA,NA,NA,NA,NA,NA,NA,NA,NA,NA,NA,NA,NA,NA,NA,NA,NA,NA,NA,TARGET_GONE,identity no longer active
2026-10-02T16:05:36Z,APP_21879_3030045,21879,3030045,16,739,201.802,0,0,-1,-1,0,0.999931471,NA,NA,70.000000000,MEASURED_CPU_FAULT,CPU;INTERVAL_FAULTS,NA,NA,NA,NA,NA,NA,NA,NA,NA,NA,NA,NA,NA,NA,NA,NA,NA,NA,NA,NA,NA,NA,NA,TARGET_GONE,identity no longer active
2026-10-02T16:05:36Z,APP_21879_3030045,21879,3030045,16,740,203.096,0,0,-1,-1,0,0.999931471,NA,NA,70.000000000,MEASURED_CPU_FAULT,CPU;INTERVAL_FAULTS,NA,NA,NA,NA,NA,NA,NA,NA,NA,NA,NA,NA,NA,NA,NA,NA,NA,NA,NA,NA,NA,NA,NA,TARGET_GONE,identity no longer active
2026-10-02T16:05:36Z,APP_21879_3030045,21879,3030045,16,741,191.617,0,0,-1,-1,0,0.999931471,NA,NA,70.000000000,MEASURED_CPU_FAULT,CPU;INTERVAL_FAULTS,NA,NA,NA,NA,NA,NA,NA,NA,NA,NA,NA,NA,NA,NA,NA,NA,NA,NA,NA,NA,NA,NA,NA,TARGET_GONE,identity no longer active
2026-10-02T16:05:36Z,APP_21879_3030045,21879,3030045,16,742,201.499,0,0,-1,-1,0,0.999931471,NA,NA,70.000000000,MEASURED_CPU_FAULT,CPU;INTERVAL_FAULTS,NA,NA,NA,NA,NA,NA,NA,NA,NA,NA,NA,NA,NA,NA,NA,NA,NA,NA,NA,NA,NA,NA,NA,TARGET_GONE,identity no longer active
2026-10-02T16:05:37Z,APP_21879_3030045,21879,3030045,16,743,199.253,0,0,-1,-1,0,0.999931471,NA,NA,70.000000000,MEASURED_CPU_FAULT,CPU;INTERVAL_FAULTS,NA,NA,NA,NA,NA,NA,NA,NA,NA,NA,NA,NA,NA,NA,NA,NA,NA,NA,NA,NA,NA,NA,NA,TARGET_GONE,identity no longer active
2026-10-02T16:05:37Z,APP_21879_3030045,21879,3030045,16,744,201.198,0,0,-1,-1,0,0.999931471,NA,NA,70.000000000,MEASURED_CPU_FAULT,CPU;INTERVAL_FAULTS,NA,NA,NA,NA,NA,NA,NA,NA,NA,NA,NA,NA,NA,NA,NA,NA,NA,NA,NA,NA,NA,NA,NA,TARGET_GONE,identity no longer active
2026-10-02T16:05:37Z,APP_21879_3030045,21879,3030045,16,745,197.734,0,0,-1,-1,0,0.999931471,NA,NA,70.000000000,MEASURED_CPU_FAULT,CPU;INTERVAL_FAULTS,NA,NA,NA,NA,NA,NA,NA,NA,NA,NA,NA,NA,NA,NA,NA,NA,NA,NA,NA,NA,NA,NA,NA,TARGET_GONE,identity no longer active
2026-10-02T16:05:37Z,APP_21879_3030045,21879,3030045,16,746,201.802,0,0,-1,-1,0,0.999931471,NA,NA,70.000000000,MEASURED_CPU_FAULT,CPU;INTERVAL_FAULTS,NA,NA,NA,NA,NA,NA,NA,NA,NA,NA,NA,NA,NA,NA,NA,NA,NA,NA,NA,NA,NA,NA,NA,TARGET_GONE,identity no longer active
2026-10-02T16:05:37Z,APP_21879_3030045,21879,3030045,16,747,197.531,0,0,-1,-1,0,0.999931471,NA,NA,70.000000000,MEASURED_CPU_FAULT,CPU;INTERVAL_FAULTS,NA,NA,NA,NA,NA,NA,NA,NA,NA,NA,NA,NA,NA,NA,NA,NA,NA,NA,NA,NA,NA,NA,NA,TARGET_GONE,identity no longer active
2026-10-02T16:05:37Z,APP_21879_3030045,21879,3030045,16,748,201.499,0,0,-1,-1,0,0.999931471,NA,NA,70.000000000,MEASURED_CPU_FAULT,CPU;INTERVAL_FAULTS,NA,NA,NA,NA,NA,NA,NA,NA,NA,NA,NA,NA,NA,NA,NA,NA,NA,NA,NA,NA,NA,NA,NA,TARGET_GONE,identity no longer active
2026-10-02T16:05:37Z,APP_21879_3030045,21879,3030045,16,749,202.755,0,0,-1,-1,0,0.999931471,NA,NA,70.000000000,MEASURED_CPU_FAULT,CPU;INTERVAL_FAULTS,NA,NA,NA,NA,NA,NA,NA,NA,NA,NA,NA,NA,NA,NA,NA,NA,NA,NA,NA,NA,NA,NA,NA,TARGET_GONE,identity no longer active
2026-10-02T16:05:37Z,APP_21879_3030045,21879,3030045,16,750,191.617,0,0,-1,-1,0,0.999931471,NA,NA,70.000000000,MEASURED_CPU_FAULT,CPU;INTERVAL_FAULTS,NA,NA,NA,NA,NA,NA,NA,NA,NA,NA,NA,NA,NA,NA,NA,NA,NA,NA,NA,NA,NA,NA,NA,TARGET_GONE,identity no longer active
2026-10-02T16:05:38Z,APP_21879_3030045,21879,3030045,16,751,201.499,0,0,-1,-1,0,0.999931471,NA,NA,70.000000000,MEASURED_CPU_FAULT,CPU;INTERVAL_FAULTS,NA,NA,NA,NA,NA,NA,NA,NA,NA,NA,NA,NA,NA,NA,NA,NA,NA,NA,NA,NA,NA,NA,NA,TARGET_GONE,identity no longer active
2026-10-02T16:05:38Z,APP_21879_3030045,21879,3030045,16,752,206.708,0,0,-1,-1,0,0.999931471,NA,NA,70.000000000,MEASURED_CPU_FAULT,CPU;INTERVAL_FAULTS,NA,NA,NA,NA,NA,NA,NA,NA,NA,NA,NA,NA,NA,NA,NA,NA,NA,NA,NA,NA,NA,NA,NA,TARGET_GONE,identity no longer active
2026-10-02T16:05:38Z,APP_21879_3030045,21879,3030045,16,753,191.617,0,0,-1,-1,0,0.999931471,NA,NA,70.000000000,MEASURED_CPU_FAULT,CPU;INTERVAL_FAULTS,NA,NA,NA,NA,NA,NA,NA,NA,NA,NA,NA,NA,NA,NA,NA,NA,NA,NA,NA,NA,NA,NA,NA,TARGET_GONE,identity no longer active
2026-10-02T16:05:38Z,APP_21879_3030045,21879,3030045,16,754,200.607,0,0,-1,-1,0,0.999931471,NA,NA,70.000000000,MEASURED_CPU_FAULT,CPU;INTERVAL_FAULTS,NA,NA,NA,NA,NA,NA,NA,NA,NA,NA,NA,NA,NA,NA,NA,NA,NA,NA,NA,NA,NA,NA,NA,TARGET_GONE,identity no longer active
2026-10-02T16:05:38Z,APP_21879_3030045,21879,3030045,16,755,201.198,0,0,-1,-1,0,0.999931471,NA,NA,70.000000000,MEASURED_CPU_FAULT,CPU;INTERVAL_FAULTS,NA,NA,NA,NA,NA,NA,NA,NA,NA,NA,NA,NA,NA,NA,NA,NA,NA,NA,NA,NA,NA,NA,NA,TARGET_GONE,identity no longer active
2026-10-02T16:05:38Z,APP_21879_3030045,21879,3030045,16,756,199.610,0,0,-1,-1,0,0.999931471,NA,NA,70.000000000,MEASURED_CPU_FAULT,CPU;INTERVAL_FAULTS,NA,NA,NA,NA,NA,NA,NA,NA,NA,NA,NA,NA,NA,NA,NA,NA,NA,NA,NA,NA,NA,NA,NA,TARGET_GONE,identity no longer active
2026-10-02T16:05:38Z,APP_21879_3030045,21879,3030045,16,757,201.198,0,0,-1,-1,0,0.999931471,NA,NA,70.000000000,MEASURED_CPU_FAULT,CPU;INTERVAL_FAULTS,NA,NA,NA,NA,NA,NA,NA,NA,NA,NA,NA,NA,NA,NA,NA,NA,NA,NA,NA,NA,NA,NA,NA,TARGET_GONE,identity no longer active
2026-10-02T16:05:39Z,APP_21879_3030045,21879,3030045,16,758,200.000,0,0,-1,-1,0,0.999931471,NA,NA,70.000000000,MEASURED_CPU_FAULT,CPU;INTERVAL_FAULTS,NA,NA,NA,NA,NA,NA,NA,NA,NA,NA,NA,NA,NA,NA,NA,NA,NA,NA,NA,NA,NA,NA,NA,TARGET_GONE,identity no longer active
2026-10-02T16:05:39Z,APP_21879_3030045,21879,3030045,16,759,192.192,0,0,-1,-1,0,0.999931471,NA,NA,70.000000000,MEASURED_CPU_FAULT,CPU;INTERVAL_FAULTS,NA,NA,NA,NA,NA,NA,NA,NA,NA,NA,NA,NA,NA,NA,NA,NA,NA,NA,NA,NA,NA,NA,NA,TARGET_GONE,identity no longer active
2026-10-02T16:05:39Z,APP_21879_3030045,21879,3030045,16,760,201.802,0,0,-1,-1,0,0.999931471,NA,NA,70.000000000,MEASURED_CPU_FAULT,CPU;INTERVAL_FAULTS,NA,NA,NA,NA,NA,NA,NA,NA,NA,NA,NA,NA,NA,NA,NA,NA,NA,NA,NA,NA,NA,NA,NA,TARGET_GONE,identity no longer active
2026-10-02T16:05:39Z,APP_21879_3030045,21879,3030045,16,761,198.758,0,0,-1,-1,0,0.999931471,NA,NA,70.000000000,MEASURED_CPU_FAULT,CPU;INTERVAL_FAULTS,NA,NA,NA,NA,NA,NA,NA,NA,NA,NA,NA,NA,NA,NA,NA,NA,NA,NA,NA,NA,NA,NA,NA,TARGET_GONE,identity no longer active
2026-10-02T16:05:39Z,APP_21879_3030045,21879,3030045,16,762,210.463,0,0,-1,-1,0,0.999931471,NA,NA,70.000000000,MEASURED_CPU_FAULT,CPU;INTERVAL_FAULTS,NA,NA,NA,NA,NA,NA,NA,NA,NA,NA,NA,NA,NA,NA,NA,NA,NA,NA,NA,NA,NA,NA,NA,TARGET_GONE,identity no longer active
2026-10-02T16:05:39Z,APP_21879_3030045,21879,3030045,16,763,191.736,0,0,-1,-1,0,0.999931471,NA,NA,70.000000000,MEASURED_CPU_FAULT,CPU;INTERVAL_FAULTS,NA,NA,NA,NA,NA,NA,NA,NA,NA,NA,NA,NA,NA,NA,NA,NA,NA,NA,NA,NA,NA,NA,NA,TARGET_GONE,identity no longer active
2026-10-02T16:05:39Z,APP_21879_3030045,21879,3030045,16,764,200.897,0,0,-1,-1,0,0.999931471,NA,NA,70.000000000,MEASURED_CPU_FAULT,CPU;INTERVAL_FAULTS,NA,NA,NA,NA,NA,NA,NA,NA,NA,NA,NA,NA,NA,NA,NA,NA,NA,NA,NA,NA,NA,NA,NA,TARGET_GONE,identity no longer active
2026-10-02T16:05:39Z,APP_21879_3030045,21879,3030045,16,765,200.607,0,0,-1,-1,0,0.999931471,NA,NA,70.000000000,MEASURED_CPU_FAULT,CPU;INTERVAL_FAULTS,NA,NA,NA,NA,NA,NA,NA,NA,NA,NA,NA,NA,NA,NA,NA,NA,NA,NA,NA,NA,NA,NA,NA,TARGET_GONE,identity no longer active
2026-10-02T16:05:39Z,APP_21879_3030045,21879,3030045,16,766,201.802,0,0,-1,-1,0,0.999931471,NA,NA,70.000000000,MEASURED_CPU_FAULT,CPU;INTERVAL_FAULTS,NA,NA,NA,NA,NA,NA,NA,NA,NA,NA,NA,NA,NA,NA,NA,NA,NA,NA,NA,NA,NA,NA,NA,TARGET_GONE,identity no longer active
2026-10-02T16:05:40Z,APP_21879_3030045,21879,3030045,16,767,198.230,0,0,-1,-1,0,0.999931471,NA,NA,70.000000000,MEASURED_CPU_FAULT,CPU;INTERVAL_FAULTS,NA,NA,NA,NA,NA,NA,NA,NA,NA,NA,NA,NA,NA,NA,NA,NA,NA,NA,NA,NA,NA,NA,NA,TARGET_GONE,identity no longer active
2026-10-02T16:05:40Z,APP_21879_3030045,21879,3030045,16,768,210.778,0,0,-1,-1,0,0.999931471,NA,NA,70.000000000,MEASURED_CPU_FAULT,CPU;INTERVAL_FAULTS,NA,NA,NA,NA,NA,NA,NA,NA,NA,NA,NA,NA,NA,NA,NA,NA,NA,NA,NA,NA,NA,NA,NA,TARGET_GONE,identity no longer active
2026-10-02T16:05:40Z,APP_21879_3030045,21879,3030045,16,769,201.802,0,0,-1,-1,0,0.999931471,NA,NA,70.000000000,MEASURED_CPU_FAULT,CPU;INTERVAL_FAULTS,NA,NA,NA,NA,NA,NA,NA,NA,NA,NA,NA,NA,NA,NA,NA,NA,NA,NA,NA,NA,NA,NA,NA,TARGET_GONE,identity no longer active
2026-10-02T16:05:40Z,APP_21879_3030045,21879,3030045,16,770,194.411,0,0,-1,-1,0,0.999931471,NA,NA,70.000000000,MEASURED_CPU_FAULT,CPU;INTERVAL_FAULTS,NA,NA,NA,NA,NA,NA,NA,NA,NA,NA,NA,NA,NA,NA,NA,NA,NA,NA,NA,NA,NA,NA,NA,TARGET_GONE,identity no longer active
2026-10-02T16:05:40Z,APP_21879_3030045,21879,3030045,16,771,210.463,0,0,-1,-1,0,0.999931471,NA,NA,70.000000000,MEASURED_CPU_FAULT,CPU;INTERVAL_FAULTS,NA,NA,NA,NA,NA,NA,NA,NA,NA,NA,NA,NA,NA,NA,NA,NA,NA,NA,NA,NA,NA,NA,NA,TARGET_GONE,identity no longer active
2026-10-02T16:05:40Z,APP_21879_3030045,21879,3030045,16,772,194.135,0,0,-1,-1,0,0.999931471,NA,NA,70.000000000,MEASURED_CPU_FAULT,CPU;INTERVAL_FAULTS,NA,NA,NA,NA,NA,NA,NA,NA,NA,NA,NA,NA,NA,NA,NA,NA,NA,NA,NA,NA,NA,NA,NA,TARGET_GONE,identity no longer active
2026-10-02T16:05:40Z,APP_21879_3030045,21879,3030045,16,773,201.499,0,0,-1,-1,0,0.999931471,NA,NA,70.000000000,MEASURED_CPU_FAULT,CPU;INTERVAL_FAULTS,NA,NA,NA,NA,NA,NA,NA,NA,NA,NA,NA,NA,NA,NA,NA,NA,NA,NA,NA,NA,NA,NA,NA,TARGET_GONE,identity no longer active
2026-10-02T16:05:40Z,APP_21879_3030045,21879,3030045,16,774,200.607,0,0,-1,-1,0,0.999931471,NA,NA,70.000000000,MEASURED_CPU_FAULT,CPU;INTERVAL_FAULTS,NA,NA,NA,NA,NA,NA,NA,NA,NA,NA,NA,NA,NA,NA,NA,NA,NA,NA,NA,NA,NA,NA,NA,TARGET_GONE,identity no longer active
2026-10-02T16:05:41Z,APP_21879_3030045,21879,3030045,16,775,201.499,0,0,-1,-1,0,0.999931471,NA,NA,70.000000000,MEASURED_CPU_FAULT,CPU;INTERVAL_FAULTS,NA,NA,NA,NA,NA,NA,NA,NA,NA,NA,NA,NA,NA,NA,NA,NA,NA,NA,NA,NA,NA,NA,NA,TARGET_GONE,identity no longer active
2026-10-02T16:05:41Z,APP_21879_3030045,21879,3030045,16,776,200.447,0,0,-1,-1,0,0.999931471,NA,NA,70.000000000,MEASURED_CPU_FAULT,CPU;INTERVAL_FAULTS,NA,NA,NA,NA,NA,NA,NA,NA,NA,NA,NA,NA,NA,NA,NA,NA,NA,NA,NA,NA,NA,NA,NA,TARGET_GONE,identity no longer active
2026-10-02T16:05:41Z,APP_21879_3030045,21879,3030045,16,777,191.617,0,0,-1,-1,0,0.999931471,NA,NA,70.000000000,MEASURED_CPU_FAULT,CPU;INTERVAL_FAULTS,NA,NA,NA,NA,NA,NA,NA,NA,NA,NA,NA,NA,NA,NA,NA,NA,NA,NA,NA,NA,NA,NA,NA,TARGET_GONE,identity no longer active
2026-10-02T16:05:41Z,APP_21879_3030045,21879,3030045,16,778,201.499,0,0,-1,-1,0,0.999931471,NA,NA,70.000000000,MEASURED_CPU_FAULT,CPU;INTERVAL_FAULTS,NA,NA,NA,NA,NA,NA,NA,NA,NA,NA,NA,NA,NA,NA,NA,NA,NA,NA,NA,NA,NA,NA,NA,TARGET_GONE,identity no longer active
2026-10-02T16:05:41Z,APP_21879_3030045,21879,3030045,16,779,202.187,0,0,-1,-1,0,0.999931471,NA,NA,70.000000000,MEASURED_CPU_FAULT,CPU;INTERVAL_FAULTS,NA,NA,NA,NA,NA,NA,NA,NA,NA,NA,NA,NA,NA,NA,NA,NA,NA,NA,NA,NA,NA,NA,NA,TARGET_GONE,identity no longer active
2026-10-02T16:05:41Z,APP_21879_3030045,21879,3030045,16,780,201.499,0,0,-1,-1,0,0.999931471,NA,NA,70.000000000,MEASURED_CPU_FAULT,CPU;INTERVAL_FAULTS,NA,NA,NA,NA,NA,NA,NA,NA,NA,NA,NA,NA,NA,NA,NA,NA,NA,NA,NA,NA,NA,NA,NA,TARGET_GONE,identity no longer active
2026-10-02T16:05:41Z,APP_21879_3030045,21879,3030045,16,781,194.529,0,0,-1,-1,0,0.999931471,NA,NA,70.000000000,MEASURED_CPU_FAULT,CPU;INTERVAL_FAULTS,NA,NA,NA,NA,NA,NA,NA,NA,NA,NA,NA,NA,NA,NA,NA,NA,NA,NA,NA,NA,NA,NA,NA,TARGET_GONE,identity no longer active
2026-10-02T16:05:41Z,APP_21879_3030045,21879,3030045,16,782,201.198,0,0,-1,-1,0,0.999931471,NA,NA,70.000000000,MEASURED_CPU_FAULT,CPU;INTERVAL_FAULTS,NA,NA,NA,NA,NA,NA,NA,NA,NA,NA,NA,NA,NA,NA,NA,NA,NA,NA,NA,NA,NA,NA,NA,TARGET_GONE,identity no longer active
2026-10-02T16:05:42Z,APP_21879_3030045,21879,3030045,16,783,200.607,0,0,-1,-1,0,0.999931471,NA,NA,70.000000000,MEASURED_CPU_FAULT,CPU;INTERVAL_FAULTS,NA,NA,NA,NA,NA,NA,NA,NA,NA,NA,NA,NA,NA,NA,NA,NA,NA,NA,NA,NA,NA,NA,NA,TARGET_GONE,identity no longer active
2026-10-02T16:05:42Z,APP_21879_3030045,21879,3030045,16,784,201.198,0,0,-1,-1,0,0.999931471,NA,NA,70.000000000,MEASURED_CPU_FAULT,CPU;INTERVAL_FAULTS,NA,NA,NA,NA,NA,NA,NA,NA,NA,NA,NA,NA,NA,NA,NA,NA,NA,NA,NA,NA,NA,NA,NA,TARGET_GONE,identity no longer active
2026-10-02T16:05:42Z,APP_21879_3030045,21879,3030045,16,785,204.458,0,0,-1,-1,0,0.999931471,NA,NA,70.000000000,MEASURED_CPU_FAULT,CPU;INTERVAL_FAULTS,NA,NA,NA,NA,NA,NA,NA,NA,NA,NA,NA,NA,NA,NA,NA,NA,NA,NA,NA,NA,NA,NA,NA,TARGET_GONE,identity no longer active
2026-10-02T16:05:42Z,APP_21879_3030045,21879,3030045,16,786,192.192,0,0,-1,-1,0,0.999931471,NA,NA,70.000000000,MEASURED_CPU_FAULT,CPU;INTERVAL_FAULTS,NA,NA,NA,NA,NA,NA,NA,NA,NA,NA,NA,NA,NA,NA,NA,NA,NA,NA,NA,NA,NA,NA,NA,TARGET_GONE,identity no longer active
2026-10-02T16:05:42Z,APP_21879_3030045,21879,3030045,16,787,201.802,0,0,-1,-1,0,0.999931471,NA,NA,70.000000000,MEASURED_CPU_FAULT,CPU;INTERVAL_FAULTS,NA,NA,NA,NA,NA,NA,NA,NA,NA,NA,NA,NA,NA,NA,NA,NA,NA,NA,NA,NA,NA,NA,NA,TARGET_GONE,identity no longer active
2026-10-02T16:05:42Z,APP_21879_3030045,21879,3030045,16,788,194.411,0,0,-1,-1,0,0.999931471,NA,NA,70.000000000,MEASURED_CPU_FAULT,CPU;INTERVAL_FAULTS,NA,NA,NA,NA,NA,NA,NA,NA,NA,NA,NA,NA,NA,NA,NA,NA,NA,NA,NA,NA,NA,NA,NA,TARGET_GONE,identity no longer active
2026-10-02T16:05:42Z,APP_21879_3030045,21879,3030045,16,789,201.802,0,0,-1,-1,0,0.999931471,NA,NA,70.000000000,MEASURED_CPU_FAULT,CPU;INTERVAL_FAULTS,NA,NA,NA,NA,NA,NA,NA,NA,NA,NA,NA,NA,NA,NA,NA,NA,NA,NA,NA,NA,NA,NA,NA,TARGET_GONE,identity no longer active
2026-10-02T16:05:42Z,APP_21879_3030045,21879,3030045,16,790,201.179,0,0,-1,-1,0,0.999931471,NA,NA,70.000000000,MEASURED_CPU_FAULT,CPU;INTERVAL_FAULTS,NA,NA,NA,NA,NA,NA,NA,NA,NA,NA,NA,NA,NA,NA,NA,NA,NA,NA,NA,NA,NA,NA,NA,TARGET_GONE,identity no longer active
2026-10-02T16:05:43Z,APP_21879_3030045,21879,3030045,16,791,201.802,0,0,-1,-1,0,0.999931471,NA,NA,70.000000000,MEASURED_CPU_FAULT,CPU;INTERVAL_FAULTS,NA,NA,NA,NA,NA,NA,NA,NA,NA,NA,NA,NA,NA,NA,NA,NA,NA,NA,NA,NA,NA,NA,NA,TARGET_GONE,identity no longer active
2026-10-02T16:05:43Z,APP_21879_3030045,21879,3030045,16,792,194.135,0,0,-1,-1,0,0.999931471,NA,NA,70.000000000,MEASURED_CPU_FAULT,CPU;INTERVAL_FAULTS,NA,NA,NA,NA,NA,NA,NA,NA,NA,NA,NA,NA,NA,NA,NA,NA,NA,NA,NA,NA,NA,NA,NA,TARGET_GONE,identity no longer active
2026-10-02T16:05:43Z,APP_21879_3030045,21879,3030045,16,793,201.802,0,0,-1,-1,0,0.999931471,NA,NA,70.000000000,MEASURED_CPU_FAULT,CPU;INTERVAL_FAULTS,NA,NA,NA,NA,NA,NA,NA,NA,NA,NA,NA,NA,NA,NA,NA,NA,NA,NA,NA,NA,NA,NA,NA,TARGET_GONE,identity no longer active
2026-10-02T16:05:43Z,APP_21879_3030045,21879,3030045,16,794,200.583,0,0,-1,-1,0,0.999931471,NA,NA,70.000000000,MEASURED_CPU_FAULT,CPU;INTERVAL_FAULTS,NA,NA,NA,NA,NA,NA,NA,NA,NA,NA,NA,NA,NA,NA,NA,NA,NA,NA,NA,NA,NA,NA,NA,TARGET_GONE,identity no longer active
2026-10-02T16:05:43Z,APP_21879_3030045,21879,3030045,16,795,210.778,0,0,-1,-1,0,0.999931471,NA,NA,70.000000000,MEASURED_CPU_FAULT,CPU;INTERVAL_FAULTS,NA,NA,NA,NA,NA,NA,NA,NA,NA,NA,NA,NA,NA,NA,NA,NA,NA,NA,NA,NA,NA,NA,NA,TARGET_GONE,identity no longer active
2026-10-02T16:05:43Z,APP_21879_3030045,21879,3030045,16,796,201.499,0,0,-1,-1,0,0.999931471,NA,NA,70.000000000,MEASURED_CPU_FAULT,CPU;INTERVAL_FAULTS,NA,NA,NA,NA,NA,NA,NA,NA,NA,NA,NA,NA,NA,NA,NA,NA,NA,NA,NA,NA,NA,NA,NA,TARGET_GONE,identity no longer active
2026-10-02T16:05:43Z,APP_21879_3030045,21879,3030045,16,797,194.411,0,0,-1,-1,0,0.999931471,NA,NA,70.000000000,MEASURED_CPU_FAULT,CPU;INTERVAL_FAULTS,NA,NA,NA,NA,NA,NA,NA,NA,NA,NA,NA,NA,NA,NA,NA,NA,NA,NA,NA,NA,NA,NA,NA,TARGET_GONE,identity no longer active
2026-10-02T16:05:43Z,APP_21879_3030045,21879,3030045,16,798,201.499,0,0,-1,-1,0,0.999931471,NA,NA,70.000000000,MEASURED_CPU_FAULT,CPU;INTERVAL_FAULTS,NA,NA,NA,NA,NA,NA,NA,NA,NA,NA,NA,NA,NA,NA,NA,NA,NA,NA,NA,NA,NA,NA,NA,TARGET_GONE,identity no longer active
2026-10-02T16:05:44Z,APP_21879_3030045,21879,3030045,16,799,201.258,0,0,-1,-1,0,0.999931471,NA,NA,70.000000000,MEASURED_CPU_FAULT,CPU;INTERVAL_FAULTS,NA,NA,NA,NA,NA,NA,NA,NA,NA,NA,NA,NA,NA,NA,NA,NA,NA,NA,NA,NA,NA,NA,NA,TARGET_GONE,identity no longer active
2026-10-02T16:05:44Z,APP_21879_3030045,21879,3030045,16,800,201.499,0,0,-1,-1,0,0.999931471,NA,NA,70.000000000,MEASURED_CPU_FAULT,CPU;INTERVAL_FAULTS,NA,NA,NA,NA,NA,NA,NA,NA,NA,NA,NA,NA,NA,NA,NA,NA,NA,NA,NA,NA,NA,NA,NA,TARGET_GONE,identity no longer active
2026-10-02T16:05:44Z,APP_21879_3030045,21879,3030045,16,801,204.325,0,0,-1,-1,0,0.999931471,NA,NA,70.000000000,MEASURED_CPU_FAULT,CPU;INTERVAL_FAULTS,NA,NA,NA,NA,NA,NA,NA,NA,NA,NA,NA,NA,NA,NA,NA,NA,NA,NA,NA,NA,NA,NA,NA,TARGET_GONE,identity no longer active
2026-10-02T16:05:44Z,APP_21879_3030045,21879,3030045,16,802,192.192,0,0,-1,-1,0,0.999931471,NA,NA,70.000000000,MEASURED_CPU_FAULT,CPU;INTERVAL_FAULTS,NA,NA,NA,NA,NA,NA,NA,NA,NA,NA,NA,NA,NA,NA,NA,NA,NA,NA,NA,NA,NA,NA,NA,TARGET_GONE,identity no longer active
2026-10-02T16:05:44Z,APP_21879_3030045,21879,3030045,16,803,202.423,0,0,-1,-1,0,0.999931471,NA,NA,70.000000000,MEASURED_CPU_FAULT,CPU;INTERVAL_FAULTS,NA,NA,NA,NA,NA,NA,NA,NA,NA,NA,NA,NA,NA,NA,NA,NA,NA,NA,NA,NA,NA,NA,NA,TARGET_GONE,identity no longer active
2026-10-02T16:05:44Z,APP_21879_3030045,21879,3030045,16,804,191.617,0,0,-1,-1,0,0.999931471,NA,NA,70.000000000,MEASURED_CPU_FAULT,CPU;INTERVAL_FAULTS,NA,NA,NA,NA,NA,NA,NA,NA,NA,NA,NA,NA,NA,NA,NA,NA,NA,NA,NA,NA,NA,NA,NA,TARGET_GONE,identity no longer active
2026-10-02T16:05:44Z,APP_21879_3030045,21879,3030045,16,805,201.499,0,0,-1,-1,0,0.999931471,NA,NA,70.000000000,MEASURED_CPU_FAULT,CPU;INTERVAL_FAULTS,NA,NA,NA,NA,NA,NA,NA,NA,NA,NA,NA,NA,NA,NA,NA,NA,NA,NA,NA,NA,NA,NA,NA,TARGET_GONE,identity no longer active
2026-10-02T16:05:44Z,APP_21879_3030045,21879,3030045,16,806,199.005,0,0,-1,-1,0,0.999931471,NA,NA,70.000000000,MEASURED_CPU_FAULT,CPU;INTERVAL_FAULTS,NA,NA,NA,NA,NA,NA,NA,NA,NA,NA,NA,NA,NA,NA,NA,NA,NA,NA,NA,NA,NA,NA,NA,TARGET_GONE,identity no longer active
2026-10-02T16:05:45Z,APP_21879_3030045,21879,3030045,16,807,201.802,0,0,-1,-1,0,0.999931471,NA,NA,70.000000000,MEASURED_CPU_FAULT,CPU;INTERVAL_FAULTS,NA,NA,NA,NA,NA,NA,NA,NA,NA,NA,NA,NA,NA,NA,NA,NA,NA,NA,NA,NA,NA,NA,NA,TARGET_GONE,identity no longer active
2026-10-02T16:05:45Z,APP_21879_3030045,21879,3030045,16,808,200.607,0,0,-1,-1,0,0.999931471,NA,NA,70.000000000,MEASURED_CPU_FAULT,CPU;INTERVAL_FAULTS,NA,NA,NA,NA,NA,NA,NA,NA,NA,NA,NA,NA,NA,NA,NA,NA,NA,NA,NA,NA,NA,NA,NA,TARGET_GONE,identity no longer active
2026-10-02T16:05:45Z,APP_21879_3030045,21879,3030045,16,809,201.198,0,0,-1,-1,0,0.999931471,NA,NA,70.000000000,MEASURED_CPU_FAULT,CPU;INTERVAL_FAULTS,NA,NA,NA,NA,NA,NA,NA,NA,NA,NA,NA,NA,NA,NA,NA,NA,NA,NA,NA,NA,NA,NA,NA,TARGET_GONE,identity no longer active
2026-10-02T16:05:45Z,APP_21879_3030045,21879,3030045,16,810,201.013,0,0,-1,-1,0,0.999931471,NA,NA,70.000000000,MEASURED_CPU_FAULT,CPU;INTERVAL_FAULTS,NA,NA,NA,NA,NA,NA,NA,NA,NA,NA,NA,NA,NA,NA,NA,NA,NA,NA,NA,NA,NA,NA,NA,TARGET_GONE,identity no longer active
2026-10-02T16:05:45Z,APP_21879_3030045,21879,3030045,16,811,201.499,0,0,-1,-1,0,0.999931471,NA,NA,70.000000000,MEASURED_CPU_FAULT,CPU;INTERVAL_FAULTS,NA,NA,NA,NA,NA,NA,NA,NA,NA,NA,NA,NA,NA,NA,NA,NA,NA,NA,NA,NA,NA,NA,NA,TARGET_GONE,identity no longer active
2026-10-02T16:05:27Z,APP_21879_3030045,21879,3030045,17,812,0.000,0,0,-1,-1,0,0.999931471,1,true,0.000000000,MEASURED_CPU_FAULT,CPU;INTERVAL_FAULTS,HOT,669.474315258,0.560000000,0.700000000,NA,NA,NA,NA,0.560000000,0.000000000,0.700000000,0.000000000,-1.000000000,1.232000000,NA,MOVE_THREAD,INVALID,NOT_APPLICABLE,INVALID,MOVE_THREAD,-1,-1,false,TARGET_GONE,identity no longer active
2026-10-02T16:05:28Z,APP_21879_3030045,21879,3030045,17,813,0.000,0,0,-1,-1,0,0.999931471,NA,NA,0.000000000,MEASURED_CPU_FAULT,CPU;INTERVAL_FAULTS,NA,NA,NA,NA,NA,NA,NA,NA,NA,NA,NA,NA,NA,NA,NA,NA,NA,NA,NA,NA,NA,NA,NA,TARGET_GONE,identity no longer active
2026-10-02T16:05:28Z,APP_21879_3030045,21879,3030045,17,814,6.934,0,0,-1,-1,0,0.999931471,NA,NA,4.853800000,MEASURED_CPU_FAULT,CPU;INTERVAL_FAULTS,NA,NA,NA,NA,NA,NA,NA,NA,NA,NA,NA,NA,NA,NA,NA,NA,NA,NA,NA,NA,NA,NA,NA,TARGET_GONE,identity no longer active
2026-10-02T16:05:28Z,APP_21879_3030045,21879,3030045,17,815,0.000,0,0,-1,-1,0,0.999931471,NA,NA,0.000000000,MEASURED_CPU_FAULT,CPU;INTERVAL_FAULTS,NA,NA,NA,NA,NA,NA,NA,NA,NA,NA,NA,NA,NA,NA,NA,NA,NA,NA,NA,NA,NA,NA,NA,TARGET_GONE,identity no longer active
2026-10-02T16:05:28Z,APP_21879_3030045,21879,3030045,17,816,0.000,0,0,-1,-1,0,0.999931471,NA,NA,0.000000000,MEASURED_CPU_FAULT,CPU;INTERVAL_FAULTS,NA,NA,NA,NA,NA,NA,NA,NA,NA,NA,NA,NA,NA,NA,NA,NA,NA,NA,NA,NA,NA,NA,NA,TARGET_GONE,identity no longer active
2026-10-02T16:05:28Z,APP_21879_3030045,21879,3030045,17,817,0.000,0,0,-1,-1,0,0.999931471,NA,NA,0.000000000,MEASURED_CPU_FAULT,CPU;INTERVAL_FAULTS,NA,NA,NA,NA,NA,NA,NA,NA,NA,NA,NA,NA,NA,NA,NA,NA,NA,NA,NA,NA,NA,NA,NA,TARGET_GONE,identity no longer active
2026-10-02T16:05:28Z,APP_21879_3030045,21879,3030045,17,818,0.000,0,0,-1,-1,0,0.999931471,NA,NA,0.000000000,MEASURED_CPU_FAULT,CPU;INTERVAL_FAULTS,NA,NA,NA,NA,NA,NA,NA,NA,NA,NA,NA,NA,NA,NA,NA,NA,NA,NA,NA,NA,NA,NA,NA,TARGET_GONE,identity no longer active
2026-10-02T16:05:29Z,APP_21879_3030045,21879,3030045,17,819,0.000,0,0,-1,-1,0,0.999931471,NA,NA,0.000000000,MEASURED_CPU_FAULT,CPU;INTERVAL_FAULTS,NA,NA,NA,NA,NA,NA,NA,NA,NA,NA,NA,NA,NA,NA,NA,NA,NA,NA,NA,NA,NA,NA,NA,TARGET_GONE,identity no longer active
2026-10-02T16:05:29Z,APP_21879_3030045,21879,3030045,17,820,95.238,0,0,-1,-1,0,0.999931471,NA,NA,66.666600000,MEASURED_CPU_FAULT,CPU;INTERVAL_FAULTS,NA,NA,NA,NA,NA,NA,NA,NA,NA,NA,NA,NA,NA,NA,NA,NA,NA,NA,NA,NA,NA,NA,NA,TARGET_GONE,identity no longer active
2026-10-02T16:05:29Z,APP_21879_3030045,21879,3030045,17,821,201.802,0,0,-1,-1,0,0.999931471,NA,NA,70.000000000,MEASURED_CPU_FAULT,CPU;INTERVAL_FAULTS,NA,NA,NA,NA,NA,NA,NA,NA,NA,NA,NA,NA,NA,NA,NA,NA,NA,NA,NA,NA,NA,NA,NA,TARGET_GONE,identity no longer active
2026-10-02T16:05:29Z,APP_21879_3030045,21879,3030045,17,822,198.650,0,0,-1,-1,0,0.999931471,NA,NA,70.000000000,MEASURED_CPU_FAULT,CPU;INTERVAL_FAULTS,NA,NA,NA,NA,NA,NA,NA,NA,NA,NA,NA,NA,NA,NA,NA,NA,NA,NA,NA,NA,NA,NA,NA,TARGET_GONE,identity no longer active
2026-10-02T16:05:29Z,APP_21879_3030045,21879,3030045,17,823,201.198,0,0,-1,-1,0,0.999931471,NA,NA,70.000000000,MEASURED_CPU_FAULT,CPU;INTERVAL_FAULTS,NA,NA,NA,NA,NA,NA,NA,NA,NA,NA,NA,NA,NA,NA,NA,NA,NA,NA,NA,NA,NA,NA,NA,TARGET_GONE,identity no longer active
2026-10-02T16:05:29Z,APP_21879_3030045,21879,3030045,17,824,202.230,0,0,-1,-1,0,0.999931471,NA,NA,70.000000000,MEASURED_CPU_FAULT,CPU;INTERVAL_FAULTS,NA,NA,NA,NA,NA,NA,NA,NA,NA,NA,NA,NA,NA,NA,NA,NA,NA,NA,NA,NA,NA,NA,NA,TARGET_GONE,identity no longer active
2026-10-02T16:05:29Z,APP_21879_3030045,21879,3030045,17,825,191.617,0,0,-1,-1,0,0.999931471,NA,NA,70.000000000,MEASURED_CPU_FAULT,CPU;INTERVAL_FAULTS,NA,NA,NA,NA,NA,NA,NA,NA,NA,NA,NA,NA,NA,NA,NA,NA,NA,NA,NA,NA,NA,NA,NA,TARGET_GONE,identity no longer active
2026-10-02T16:05:29Z,APP_21879_3030045,21879,3030045,17,826,202.043,0,0,-1,-1,0,0.999931471,NA,NA,70.000000000,MEASURED_CPU_FAULT,CPU;INTERVAL_FAULTS,NA,NA,NA,NA,NA,NA,NA,NA,NA,NA,NA,NA,NA,NA,NA,NA,NA,NA,NA,NA,NA,NA,NA,TARGET_GONE,identity no longer active
2026-10-02T16:05:30Z,APP_21879_3030045,21879,3030045,17,827,201.198,0,0,-1,-1,0,0.999931471,NA,NA,70.000000000,MEASURED_CPU_FAULT,CPU;INTERVAL_FAULTS,NA,NA,NA,NA,NA,NA,NA,NA,NA,NA,NA,NA,NA,NA,NA,NA,NA,NA,NA,NA,NA,NA,NA,TARGET_GONE,identity no longer active
2026-10-02T16:05:30Z,APP_21879_3030045,21879,3030045,17,828,197.280,0,0,-1,-1,0,0.999931471,NA,NA,70.000000000,MEASURED_CPU_FAULT,CPU;INTERVAL_FAULTS,NA,NA,NA,NA,NA,NA,NA,NA,NA,NA,NA,NA,NA,NA,NA,NA,NA,NA,NA,NA,NA,NA,NA,TARGET_GONE,identity no longer active
2026-10-02T16:05:30Z,APP_21879_3030045,21879,3030045,17,829,210.778,0,0,-1,-1,0,0.999931471,NA,NA,70.000000000,MEASURED_CPU_FAULT,CPU;INTERVAL_FAULTS,NA,NA,NA,NA,NA,NA,NA,NA,NA,NA,NA,NA,NA,NA,NA,NA,NA,NA,NA,NA,NA,NA,NA,TARGET_GONE,identity no longer active
2026-10-02T16:05:30Z,APP_21879_3030045,21879,3030045,17,830,191.904,0,0,-1,-1,0,0.999931471,NA,NA,70.000000000,MEASURED_CPU_FAULT,CPU;INTERVAL_FAULTS,NA,NA,NA,NA,NA,NA,NA,NA,NA,NA,NA,NA,NA,NA,NA,NA,NA,NA,NA,NA,NA,NA,NA,TARGET_GONE,identity no longer active
2026-10-02T16:05:30Z,APP_21879_3030045,21879,3030045,17,831,205.714,0,0,-1,-1,0,0.999931471,NA,NA,70.000000000,MEASURED_CPU_FAULT,CPU;INTERVAL_FAULTS,NA,NA,NA,NA,NA,NA,NA,NA,NA,NA,NA,NA,NA,NA,NA,NA,NA,NA,NA,NA,NA,NA,NA,TARGET_GONE,identity no longer active
2026-10-02T16:05:30Z,APP_21879_3030045,21879,3030045,17,832,201.198,0,0,-1,-1,0,0.999931471,NA,NA,70.000000000,MEASURED_CPU_FAULT,CPU;INTERVAL_FAULTS,NA,NA,NA,NA,NA,NA,NA,NA,NA,NA,NA,NA,NA,NA,NA,NA,NA,NA,NA,NA,NA,NA,NA,TARGET_GONE,identity no longer active
2026-10-02T16:05:30Z,APP_21879_3030045,21879,3030045,17,833,196.648,0,0,-1,-1,0,0.999931471,NA,NA,70.000000000,MEASURED_CPU_FAULT,CPU;INTERVAL_FAULTS,NA,NA,NA,NA,NA,NA,NA,NA,NA,NA,NA,NA,NA,NA,NA,NA,NA,NA,NA,NA,NA,NA,NA,TARGET_GONE,identity no longer active
2026-10-02T16:05:30Z,APP_21879_3030045,21879,3030045,17,834,201.499,0,0,-1,-1,0,0.999931471,NA,NA,70.000000000,MEASURED_CPU_FAULT,CPU;INTERVAL_FAULTS,NA,NA,NA,NA,NA,NA,NA,NA,NA,NA,NA,NA,NA,NA,NA,NA,NA,NA,NA,NA,NA,NA,NA,TARGET_GONE,identity no longer active
2026-10-02T16:05:31Z,APP_21879_3030045,21879,3030045,17,835,202.772,0,0,-1,-1,0,0.999931471,NA,NA,70.000000000,MEASURED_CPU_FAULT,CPU;INTERVAL_FAULTS,NA,NA,NA,NA,NA,NA,NA,NA,NA,NA,NA,NA,NA,NA,NA,NA,NA,NA,NA,NA,NA,NA,NA,TARGET_GONE,identity no longer active
2026-10-02T16:05:31Z,APP_21879_3030045,21879,3030045,17,836,201.499,0,0,-1,-1,0,0.999931471,NA,NA,70.000000000,MEASURED_CPU_FAULT,CPU;INTERVAL_FAULTS,NA,NA,NA,NA,NA,NA,NA,NA,NA,NA,NA,NA,NA,NA,NA,NA,NA,NA,NA,NA,NA,NA,NA,TARGET_GONE,identity no longer active
2026-10-02T16:05:31Z,APP_21879_3030045,21879,3030045,17,837,195.918,0,0,-1,-1,0,0.999931471,NA,NA,70.000000000,MEASURED_CPU_FAULT,CPU;INTERVAL_FAULTS,NA,NA,NA,NA,NA,NA,NA,NA,NA,NA,NA,NA,NA,NA,NA,NA,NA,NA,NA,NA,NA,NA,NA,TARGET_GONE,identity no longer active
2026-10-02T16:05:31Z,APP_21879_3030045,21879,3030045,17,838,211.411,0,0,-1,-1,0,0.999931471,NA,NA,70.000000000,MEASURED_CPU_FAULT,CPU;INTERVAL_FAULTS,NA,NA,NA,NA,NA,NA,NA,NA,NA,NA,NA,NA,NA,NA,NA,NA,NA,NA,NA,NA,NA,NA,NA,TARGET_GONE,identity no longer active
2026-10-02T16:05:31Z,APP_21879_3030045,21879,3030045,17,839,201.499,0,0,-1,-1,0,0.999931471,NA,NA,70.000000000,MEASURED_CPU_FAULT,CPU;INTERVAL_FAULTS,NA,NA,NA,NA,NA,NA,NA,NA,NA,NA,NA,NA,NA,NA,NA,NA,NA,NA,NA,NA,NA,NA,NA,TARGET_GONE,identity no longer active
2026-10-02T16:05:31Z,APP_21879_3030045,21879,3030045,17,840,198.706,0,0,-1,-1,0,0.999931471,NA,NA,70.000000000,MEASURED_CPU_FAULT,CPU;INTERVAL_FAULTS,NA,NA,NA,NA,NA,NA,NA,NA,NA,NA,NA,NA,NA,NA,NA,NA,NA,NA,NA,NA,NA,NA,NA,TARGET_GONE,identity no longer active
2026-10-02T16:05:31Z,APP_21879_3030045,21879,3030045,17,841,191.904,0,0,-1,-1,0,0.999931471,NA,NA,70.000000000,MEASURED_CPU_FAULT,CPU;INTERVAL_FAULTS,NA,NA,NA,NA,NA,NA,NA,NA,NA,NA,NA,NA,NA,NA,NA,NA,NA,NA,NA,NA,NA,NA,NA,TARGET_GONE,identity no longer active
2026-10-02T16:05:31Z,APP_21879_3030045,21879,3030045,17,842,204.325,0,0,-1,-1,0,0.999931471,NA,NA,70.000000000,MEASURED_CPU_FAULT,CPU;INTERVAL_FAULTS,NA,NA,NA,NA,NA,NA,NA,NA,NA,NA,NA,NA,NA,NA,NA,NA,NA,NA,NA,NA,NA,NA,NA,TARGET_GONE,identity no longer active
2026-10-02T16:05:31Z,APP_21879_3030045,21879,3030045,17,843,201.499,0,0,-1,-1,0,0.999931471,NA,NA,70.000000000,MEASURED_CPU_FAULT,CPU;INTERVAL_FAULTS,NA,NA,NA,NA,NA,NA,NA,NA,NA,NA,NA,NA,NA,NA,NA,NA,NA,NA,NA,NA,NA,NA,NA,TARGET_GONE,identity no longer active
2026-10-02T16:05:32Z,APP_21879_3030045,21879,3030045,17,844,197.531,0,0,-1,-1,0,0.999931471,NA,NA,70.000000000,MEASURED_CPU_FAULT,CPU;INTERVAL_FAULTS,NA,NA,NA,NA,NA,NA,NA,NA,NA,NA,NA,NA,NA,NA,NA,NA,NA,NA,NA,NA,NA,NA,NA,TARGET_GONE,identity no longer active
2026-10-02T16:05:32Z,APP_21879_3030045,21879,3030045,17,845,201.499,0,0,-1,-1,0,0.999931471,NA,NA,70.000000000,MEASURED_CPU_FAULT,CPU;INTERVAL_FAULTS,NA,NA,NA,NA,NA,NA,NA,NA,NA,NA,NA,NA,NA,NA,NA,NA,NA,NA,NA,NA,NA,NA,NA,TARGET_GONE,identity no longer active
2026-10-02T16:05:32Z,APP_21879_3030045,21879,3030045,17,846,203.885,0,0,-1,-1,0,0.999931471,NA,NA,70.000000000,MEASURED_CPU_FAULT,CPU;INTERVAL_FAULTS,NA,NA,NA,NA,NA,NA,NA,NA,NA,NA,NA,NA,NA,NA,NA,NA,NA,NA,NA,NA,NA,NA,NA,TARGET_GONE,identity no longer active
2026-10-02T16:05:32Z,APP_21879_3030045,21879,3030045,17,847,192.771,0,0,-1,-1,0,0.999931471,NA,NA,70.000000000,MEASURED_CPU_FAULT,CPU;INTERVAL_FAULTS,NA,NA,NA,NA,NA,NA,NA,NA,NA,NA,NA,NA,NA,NA,NA,NA,NA,NA,NA,NA,NA,NA,NA,TARGET_GONE,identity no longer active
2026-10-02T16:05:32Z,APP_21879_3030045,21879,3030045,17,848,201.499,0,0,-1,-1,0,0.999931471,NA,NA,70.000000000,MEASURED_CPU_FAULT,CPU;INTERVAL_FAULTS,NA,NA,NA,NA,NA,NA,NA,NA,NA,NA,NA,NA,NA,NA,NA,NA,NA,NA,NA,NA,NA,NA,NA,TARGET_GONE,identity no longer active
2026-10-02T16:05:32Z,APP_21879_3030045,21879,3030045,17,849,191.847,0,0,-1,-1,0,0.999931471,NA,NA,70.000000000,MEASURED_CPU_FAULT,CPU;INTERVAL_FAULTS,NA,NA,NA,NA,NA,NA,NA,NA,NA,NA,NA,NA,NA,NA,NA,NA,NA,NA,NA,NA,NA,NA,NA,TARGET_GONE,identity no longer active
2026-10-02T16:05:32Z,APP_21879_3030045,21879,3030045,17,850,201.198,0,0,-1,-1,0,0.999931471,NA,NA,70.000000000,MEASURED_CPU_FAULT,CPU;INTERVAL_FAULTS,NA,NA,NA,NA,NA,NA,NA,NA,NA,NA,NA,NA,NA,NA,NA,NA,NA,NA,NA,NA,NA,NA,NA,TARGET_GONE,identity no longer active
2026-10-02T16:05:32Z,APP_21879_3030045,21879,3030045,17,851,204.115,0,0,-1,-1,0,0.999931471,NA,NA,70.000000000,MEASURED_CPU_FAULT,CPU;INTERVAL_FAULTS,NA,NA,NA,NA,NA,NA,NA,NA,NA,NA,NA,NA,NA,NA,NA,NA,NA,NA,NA,NA,NA,NA,NA,TARGET_GONE,identity no longer active
2026-10-02T16:05:33Z,APP_21879_3030045,21879,3030045,17,852,192.192,0,0,-1,-1,0,0.999931471,NA,NA,70.000000000,MEASURED_CPU_FAULT,CPU;INTERVAL_FAULTS,NA,NA,NA,NA,NA,NA,NA,NA,NA,NA,NA,NA,NA,NA,NA,NA,NA,NA,NA,NA,NA,NA,NA,TARGET_GONE,identity no longer active
2026-10-02T16:05:33Z,APP_21879_3030045,21879,3030045,17,853,204.115,0,0,-1,-1,0,0.999931471,NA,NA,70.000000000,MEASURED_CPU_FAULT,CPU;INTERVAL_FAULTS,NA,NA,NA,NA,NA,NA,NA,NA,NA,NA,NA,NA,NA,NA,NA,NA,NA,NA,NA,NA,NA,NA,NA,TARGET_GONE,identity no longer active
2026-10-02T16:05:33Z,APP_21879_3030045,21879,3030045,17,854,201.802,0,0,-1,-1,0,0.999931471,NA,NA,70.000000000,MEASURED_CPU_FAULT,CPU;INTERVAL_FAULTS,NA,NA,NA,NA,NA,NA,NA,NA,NA,NA,NA,NA,NA,NA,NA,NA,NA,NA,NA,NA,NA,NA,NA,TARGET_GONE,identity no longer active
2026-10-02T16:05:33Z,APP_21879_3030045,21879,3030045,17,855,201.491,0,0,-1,-1,0,0.999931471,NA,NA,70.000000000,MEASURED_CPU_FAULT,CPU;INTERVAL_FAULTS,NA,NA,NA,NA,NA,NA,NA,NA,NA,NA,NA,NA,NA,NA,NA,NA,NA,NA,NA,NA,NA,NA,NA,TARGET_GONE,identity no longer active
2026-10-02T16:05:33Z,APP_21879_3030045,21879,3030045,17,856,192.771,0,0,-1,-1,0,0.999931471,NA,NA,70.000000000,MEASURED_CPU_FAULT,CPU;INTERVAL_FAULTS,NA,NA,NA,NA,NA,NA,NA,NA,NA,NA,NA,NA,NA,NA,NA,NA,NA,NA,NA,NA,NA,NA,NA,TARGET_GONE,identity no longer active
2026-10-02T16:05:33Z,APP_21879_3030045,21879,3030045,17,857,201.499,0,0,-1,-1,0,0.999931471,NA,NA,70.000000000,MEASURED_CPU_FAULT,CPU;INTERVAL_FAULTS,NA,NA,NA,NA,NA,NA,NA,NA,NA,NA,NA,NA,NA,NA,NA,NA,NA,NA,NA,NA,NA,NA,NA,TARGET_GONE,identity no longer active
2026-10-02T16:05:33Z,APP_21879_3030045,21879,3030045,17,858,199.253,0,0,-1,-1,0,0.999931471,NA,NA,70.000000000,MEASURED_CPU_FAULT,CPU;INTERVAL_FAULTS,NA,NA,NA,NA,NA,NA,NA,NA,NA,NA,NA,NA,NA,NA,NA,NA,NA,NA,NA,NA,NA,NA,NA,TARGET_GONE,identity no longer active
2026-10-02T16:05:33Z,APP_21879_3030045,21879,3030045,17,859,201.198,0,0,-1,-1,0,0.999931471,NA,NA,70.000000000,MEASURED_CPU_FAULT,CPU;INTERVAL_FAULTS,NA,NA,NA,NA,NA,NA,NA,NA,NA,NA,NA,NA,NA,NA,NA,NA,NA,NA,NA,NA,NA,NA,NA,TARGET_GONE,identity no longer active
2026-10-02T16:05:34Z,APP_21879_3030045,21879,3030045,17,860,198.142,0,0,-1,-1,0,0.999931471,NA,NA,70.000000000,MEASURED_CPU_FAULT,CPU;INTERVAL_FAULTS,NA,NA,NA,NA,NA,NA,NA,NA,NA,NA,NA,NA,NA,NA,NA,NA,NA,NA,NA,NA,NA,NA,NA,TARGET_GONE,identity no longer active
2026-10-02T16:05:34Z,APP_21879_3030045,21879,3030045,17,861,200.897,0,0,-1,-1,0,0.999931471,NA,NA,70.000000000,MEASURED_CPU_FAULT,CPU;INTERVAL_FAULTS,NA,NA,NA,NA,NA,NA,NA,NA,NA,NA,NA,NA,NA,NA,NA,NA,NA,NA,NA,NA,NA,NA,NA,TARGET_GONE,identity no longer active
2026-10-02T16:05:34Z,APP_21879_3030045,21879,3030045,17,862,197.938,0,0,-1,-1,0,0.999931471,NA,NA,70.000000000,MEASURED_CPU_FAULT,CPU;INTERVAL_FAULTS,NA,NA,NA,NA,NA,NA,NA,NA,NA,NA,NA,NA,NA,NA,NA,NA,NA,NA,NA,NA,NA,NA,NA,TARGET_GONE,identity no longer active
2026-10-02T16:05:34Z,APP_21879_3030045,21879,3030045,17,863,201.499,0,0,-1,-1,0,0.999931471,NA,NA,70.000000000,MEASURED_CPU_FAULT,CPU;INTERVAL_FAULTS,NA,NA,NA,NA,NA,NA,NA,NA,NA,NA,NA,NA,NA,NA,NA,NA,NA,NA,NA,NA,NA,NA,NA,TARGET_GONE,identity no longer active
2026-10-02T16:05:34Z,APP_21879_3030045,21879,3030045,17,864,202.625,0,0,-1,-1,0,0.999931471,NA,NA,70.000000000,MEASURED_CPU_FAULT,CPU;INTERVAL_FAULTS,NA,NA,NA,NA,NA,NA,NA,NA,NA,NA,NA,NA,NA,NA,NA,NA,NA,NA,NA,NA,NA,NA,NA,TARGET_GONE,identity no longer active
2026-10-02T16:05:34Z,APP_21879_3030045,21879,3030045,17,865,192.192,0,0,-1,-1,0,0.999931471,NA,NA,70.000000000,MEASURED_CPU_FAULT,CPU;INTERVAL_FAULTS,NA,NA,NA,NA,NA,NA,NA,NA,NA,NA,NA,NA,NA,NA,NA,NA,NA,NA,NA,NA,NA,NA,NA,TARGET_GONE,identity no longer active
2026-10-02T16:05:34Z,APP_21879_3030045,21879,3030045,17,866,201.198,0,0,-1,-1,0,0.999931471,NA,NA,70.000000000,MEASURED_CPU_FAULT,CPU;INTERVAL_FAULTS,NA,NA,NA,NA,NA,NA,NA,NA,NA,NA,NA,NA,NA,NA,NA,NA,NA,NA,NA,NA,NA,NA,NA,TARGET_GONE,identity no longer active
2026-10-02T16:05:34Z,APP_21879_3030045,21879,3030045,17,867,199.253,0,0,-1,-1,0,0.999931471,NA,NA,70.000000000,MEASURED_CPU_FAULT,CPU;INTERVAL_FAULTS,NA,NA,NA,NA,NA,NA,NA,NA,NA,NA,NA,NA,NA,NA,NA,NA,NA,NA,NA,NA,NA,NA,NA,TARGET_GONE,identity no longer active
2026-10-02T16:05:34Z,APP_21879_3030045,21879,3030045,17,868,201.802,0,0,-1,-1,0,0.999931471,NA,NA,70.000000000,MEASURED_CPU_FAULT,CPU;INTERVAL_FAULTS,NA,NA,NA,NA,NA,NA,NA,NA,NA,NA,NA,NA,NA,NA,NA,NA,NA,NA,NA,NA,NA,NA,NA,TARGET_GONE,identity no longer active
2026-10-02T16:05:35Z,APP_21879_3030045,21879,3030045,17,869,197.328,0,0,-1,-1,0,0.999931471,NA,NA,70.000000000,MEASURED_CPU_FAULT,CPU;INTERVAL_FAULTS,NA,NA,NA,NA,NA,NA,NA,NA,NA,NA,NA,NA,NA,NA,NA,NA,NA,NA,NA,NA,NA,NA,NA,TARGET_GONE,identity no longer active
2026-10-02T16:05:35Z,APP_21879_3030045,21879,3030045,17,870,201.499,0,0,-1,-1,0,0.999931471,NA,NA,70.000000000,MEASURED_CPU_FAULT,CPU;INTERVAL_FAULTS,NA,NA,NA,NA,NA,NA,NA,NA,NA,NA,NA,NA,NA,NA,NA,NA,NA,NA,NA,NA,NA,NA,NA,TARGET_GONE,identity no longer active
2026-10-02T16:05:35Z,APP_21879_3030045,21879,3030045,17,871,198.142,0,0,-1,-1,0,0.999931471,NA,NA,70.000000000,MEASURED_CPU_FAULT,CPU;INTERVAL_FAULTS,NA,NA,NA,NA,NA,NA,NA,NA,NA,NA,NA,NA,NA,NA,NA,NA,NA,NA,NA,NA,NA,NA,NA,TARGET_GONE,identity no longer active
2026-10-02T16:05:35Z,APP_21879_3030045,21879,3030045,17,872,201.198,0,0,-1,-1,0,0.999931471,NA,NA,70.000000000,MEASURED_CPU_FAULT,CPU;INTERVAL_FAULTS,NA,NA,NA,NA,NA,NA,NA,NA,NA,NA,NA,NA,NA,NA,NA,NA,NA,NA,NA,NA,NA,NA,NA,TARGET_GONE,identity no longer active
2026-10-02T16:05:35Z,APP_21879_3030045,21879,3030045,17,873,203.253,0,0,-1,-1,0,0.999931471,NA,NA,70.000000000,MEASURED_CPU_FAULT,CPU;INTERVAL_FAULTS,NA,NA,NA,NA,NA,NA,NA,NA,NA,NA,NA,NA,NA,NA,NA,NA,NA,NA,NA,NA,NA,NA,NA,TARGET_GONE,identity no longer active
2026-10-02T16:05:35Z,APP_21879_3030045,21879,3030045,17,874,192.192,0,0,-1,-1,0,0.999931471,NA,NA,70.000000000,MEASURED_CPU_FAULT,CPU;INTERVAL_FAULTS,NA,NA,NA,NA,NA,NA,NA,NA,NA,NA,NA,NA,NA,NA,NA,NA,NA,NA,NA,NA,NA,NA,NA,TARGET_GONE,identity no longer active
2026-10-02T16:05:35Z,APP_21879_3030045,21879,3030045,17,875,201.499,0,0,-1,-1,0,0.999931471,NA,NA,70.000000000,MEASURED_CPU_FAULT,CPU;INTERVAL_FAULTS,NA,NA,NA,NA,NA,NA,NA,NA,NA,NA,NA,NA,NA,NA,NA,NA,NA,NA,NA,NA,NA,NA,NA,TARGET_GONE,identity no longer active
2026-10-02T16:05:35Z,APP_21879_3030045,21879,3030045,17,876,199.253,0,0,-1,-1,0,0.999931471,NA,NA,70.000000000,MEASURED_CPU_FAULT,CPU;INTERVAL_FAULTS,NA,NA,NA,NA,NA,NA,NA,NA,NA,NA,NA,NA,NA,NA,NA,NA,NA,NA,NA,NA,NA,NA,NA,TARGET_GONE,identity no longer active
2026-10-02T16:05:36Z,APP_21879_3030045,21879,3030045,17,877,201.198,0,0,-1,-1,0,0.999931471,NA,NA,70.000000000,MEASURED_CPU_FAULT,CPU;INTERVAL_FAULTS,NA,NA,NA,NA,NA,NA,NA,NA,NA,NA,NA,NA,NA,NA,NA,NA,NA,NA,NA,NA,NA,NA,NA,TARGET_GONE,identity no longer active
2026-10-02T16:05:36Z,APP_21879_3030045,21879,3030045,17,878,197.938,0,0,-1,-1,0,0.999931471,NA,NA,70.000000000,MEASURED_CPU_FAULT,CPU;INTERVAL_FAULTS,NA,NA,NA,NA,NA,NA,NA,NA,NA,NA,NA,NA,NA,NA,NA,NA,NA,NA,NA,NA,NA,NA,NA,TARGET_GONE,identity no longer active
2026-10-02T16:05:36Z,APP_21879_3030045,21879,3030045,17,879,201.198,0,0,-1,-1,0,0.999931471,NA,NA,70.000000000,MEASURED_CPU_FAULT,CPU;INTERVAL_FAULTS,NA,NA,NA,NA,NA,NA,NA,NA,NA,NA,NA,NA,NA,NA,NA,NA,NA,NA,NA,NA,NA,NA,NA,TARGET_GONE,identity no longer active
2026-10-02T16:05:36Z,APP_21879_3030045,21879,3030045,17,880,197.734,0,0,-1,-1,0,0.999931471,NA,NA,70.000000000,MEASURED_CPU_FAULT,CPU;INTERVAL_FAULTS,NA,NA,NA,NA,NA,NA,NA,NA,NA,NA,NA,NA,NA,NA,NA,NA,NA,NA,NA,NA,NA,NA,NA,TARGET_GONE,identity no longer active
2026-10-02T16:05:36Z,APP_21879_3030045,21879,3030045,17,881,201.802,0,0,-1,-1,0,0.999931471,NA,NA,70.000000000,MEASURED_CPU_FAULT,CPU;INTERVAL_FAULTS,NA,NA,NA,NA,NA,NA,NA,NA,NA,NA,NA,NA,NA,NA,NA,NA,NA,NA,NA,NA,NA,NA,NA,TARGET_GONE,identity no longer active
2026-10-02T16:05:36Z,APP_21879_3030045,21879,3030045,17,882,203.096,0,0,-1,-1,0,0.999931471,NA,NA,70.000000000,MEASURED_CPU_FAULT,CPU;INTERVAL_FAULTS,NA,NA,NA,NA,NA,NA,NA,NA,NA,NA,NA,NA,NA,NA,NA,NA,NA,NA,NA,NA,NA,NA,NA,TARGET_GONE,identity no longer active
2026-10-02T16:05:36Z,APP_21879_3030045,21879,3030045,17,883,191.617,0,0,-1,-1,0,0.999931471,NA,NA,70.000000000,MEASURED_CPU_FAULT,CPU;INTERVAL_FAULTS,NA,NA,NA,NA,NA,NA,NA,NA,NA,NA,NA,NA,NA,NA,NA,NA,NA,NA,NA,NA,NA,NA,NA,TARGET_GONE,identity no longer active
2026-10-02T16:05:36Z,APP_21879_3030045,21879,3030045,17,884,201.499,0,0,-1,-1,0,0.999931471,NA,NA,70.000000000,MEASURED_CPU_FAULT,CPU;INTERVAL_FAULTS,NA,NA,NA,NA,NA,NA,NA,NA,NA,NA,NA,NA,NA,NA,NA,NA,NA,NA,NA,NA,NA,NA,NA,TARGET_GONE,identity no longer active
2026-10-02T16:05:37Z,APP_21879_3030045,21879,3030045,17,885,199.253,0,0,-1,-1,0,0.999931471,NA,NA,70.000000000,MEASURED_CPU_FAULT,CPU;INTERVAL_FAULTS,NA,NA,NA,NA,NA,NA,NA,NA,NA,NA,NA,NA,NA,NA,NA,NA,NA,NA,NA,NA,NA,NA,NA,TARGET_GONE,identity no longer active
2026-10-02T16:05:37Z,APP_21879_3030045,21879,3030045,17,886,201.198,0,0,-1,-1,0,0.999931471,NA,NA,70.000000000,MEASURED_CPU_FAULT,CPU;INTERVAL_FAULTS,NA,NA,NA,NA,NA,NA,NA,NA,NA,NA,NA,NA,NA,NA,NA,NA,NA,NA,NA,NA,NA,NA,NA,TARGET_GONE,identity no longer active
2026-10-02T16:05:37Z,APP_21879_3030045,21879,3030045,17,887,197.734,0,0,-1,-1,0,0.999931471,NA,NA,70.000000000,MEASURED_CPU_FAULT,CPU;INTERVAL_FAULTS,NA,NA,NA,NA,NA,NA,NA,NA,NA,NA,NA,NA,NA,NA,NA,NA,NA,NA,NA,NA,NA,NA,NA,TARGET_GONE,identity no longer active
2026-10-02T16:05:37Z,APP_21879_3030045,21879,3030045,17,888,201.802,0,0,-1,-1,0,0.999931471,NA,NA,70.000000000,MEASURED_CPU_FAULT,CPU;INTERVAL_FAULTS,NA,NA,NA,NA,NA,NA,NA,NA,NA,NA,NA,NA,NA,NA,NA,NA,NA,NA,NA,NA,NA,NA,NA,TARGET_GONE,identity no longer active
2026-10-02T16:05:37Z,APP_21879_3030045,21879,3030045,17,889,197.531,0,0,-1,-1,0,0.999931471,NA,NA,70.000000000,MEASURED_CPU_FAULT,CPU;INTERVAL_FAULTS,NA,NA,NA,NA,NA,NA,NA,NA,NA,NA,NA,NA,NA,NA,NA,NA,NA,NA,NA,NA,NA,NA,NA,TARGET_GONE,identity no longer active
2026-10-02T16:05:37Z,APP_21879_3030045,21879,3030045,17,890,201.499,0,0,-1,-1,0,0.999931471,NA,NA,70.000000000,MEASURED_CPU_FAULT,CPU;INTERVAL_FAULTS,NA,NA,NA,NA,NA,NA,NA,NA,NA,NA,NA,NA,NA,NA,NA,NA,NA,NA,NA,NA,NA,NA,NA,TARGET_GONE,identity no longer active
2026-10-02T16:05:37Z,APP_21879_3030045,21879,3030045,17,891,202.755,0,0,-1,-1,0,0.999931471,NA,NA,70.000000000,MEASURED_CPU_FAULT,CPU;INTERVAL_FAULTS,NA,NA,NA,NA,NA,NA,NA,NA,NA,NA,NA,NA,NA,NA,NA,NA,NA,NA,NA,NA,NA,NA,NA,TARGET_GONE,identity no longer active
2026-10-02T16:05:37Z,APP_21879_3030045,21879,3030045,17,892,191.617,0,0,-1,-1,0,0.999931471,NA,NA,70.000000000,MEASURED_CPU_FAULT,CPU;INTERVAL_FAULTS,NA,NA,NA,NA,NA,NA,NA,NA,NA,NA,NA,NA,NA,NA,NA,NA,NA,NA,NA,NA,NA,NA,NA,TARGET_GONE,identity no longer active
2026-10-02T16:05:38Z,APP_21879_3030045,21879,3030045,17,893,201.499,0,0,-1,-1,0,0.999931471,NA,NA,70.000000000,MEASURED_CPU_FAULT,CPU;INTERVAL_FAULTS,NA,NA,NA,NA,NA,NA,NA,NA,NA,NA,NA,NA,NA,NA,NA,NA,NA,NA,NA,NA,NA,NA,NA,TARGET_GONE,identity no longer active
2026-10-02T16:05:38Z,APP_21879_3030045,21879,3030045,17,894,206.708,0,0,-1,-1,0,0.999931471,NA,NA,70.000000000,MEASURED_CPU_FAULT,CPU;INTERVAL_FAULTS,NA,NA,NA,NA,NA,NA,NA,NA,NA,NA,NA,NA,NA,NA,NA,NA,NA,NA,NA,NA,NA,NA,NA,TARGET_GONE,identity no longer active
2026-10-02T16:05:38Z,APP_21879_3030045,21879,3030045,17,895,191.617,0,0,-1,-1,0,0.999931471,NA,NA,70.000000000,MEASURED_CPU_FAULT,CPU;INTERVAL_FAULTS,NA,NA,NA,NA,NA,NA,NA,NA,NA,NA,NA,NA,NA,NA,NA,NA,NA,NA,NA,NA,NA,NA,NA,TARGET_GONE,identity no longer active
2026-10-02T16:05:38Z,APP_21879_3030045,21879,3030045,17,896,200.607,0,0,-1,-1,0,0.999931471,NA,NA,70.000000000,MEASURED_CPU_FAULT,CPU;INTERVAL_FAULTS,NA,NA,NA,NA,NA,NA,NA,NA,NA,NA,NA,NA,NA,NA,NA,NA,NA,NA,NA,NA,NA,NA,NA,TARGET_GONE,identity no longer active
2026-10-02T16:05:38Z,APP_21879_3030045,21879,3030045,17,897,201.198,0,0,-1,-1,0,0.999931471,NA,NA,70.000000000,MEASURED_CPU_FAULT,CPU;INTERVAL_FAULTS,NA,NA,NA,NA,NA,NA,NA,NA,NA,NA,NA,NA,NA,NA,NA,NA,NA,NA,NA,NA,NA,NA,NA,TARGET_GONE,identity no longer active
2026-10-02T16:05:38Z,APP_21879_3030045,21879,3030045,17,898,199.610,0,0,-1,-1,0,0.999931471,NA,NA,70.000000000,MEASURED_CPU_FAULT,CPU;INTERVAL_FAULTS,NA,NA,NA,NA,NA,NA,NA,NA,NA,NA,NA,NA,NA,NA,NA,NA,NA,NA,NA,NA,NA,NA,NA,TARGET_GONE,identity no longer active
2026-10-02T16:05:38Z,APP_21879_3030045,21879,3030045,17,899,201.198,0,0,-1,-1,0,0.999931471,NA,NA,70.000000000,MEASURED_CPU_FAULT,CPU;INTERVAL_FAULTS,NA,NA,NA,NA,NA,NA,NA,NA,NA,NA,NA,NA,NA,NA,NA,NA,NA,NA,NA,NA,NA,NA,NA,TARGET_GONE,identity no longer active
2026-10-02T16:05:39Z,APP_21879_3030045,21879,3030045,17,900,200.000,0,0,-1,-1,0,0.999931471,NA,NA,70.000000000,MEASURED_CPU_FAULT,CPU;INTERVAL_FAULTS,NA,NA,NA,NA,NA,NA,NA,NA,NA,NA,NA,NA,NA,NA,NA,NA,NA,NA,NA,NA,NA,NA,NA,TARGET_GONE,identity no longer active
2026-10-02T16:05:39Z,APP_21879_3030045,21879,3030045,17,901,192.192,0,0,-1,-1,0,0.999931471,NA,NA,70.000000000,MEASURED_CPU_FAULT,CPU;INTERVAL_FAULTS,NA,NA,NA,NA,NA,NA,NA,NA,NA,NA,NA,NA,NA,NA,NA,NA,NA,NA,NA,NA,NA,NA,NA,TARGET_GONE,identity no longer active
2026-10-02T16:05:39Z,APP_21879_3030045,21879,3030045,17,902,201.802,0,0,-1,-1,0,0.999931471,NA,NA,70.000000000,MEASURED_CPU_FAULT,CPU;INTERVAL_FAULTS,NA,NA,NA,NA,NA,NA,NA,NA,NA,NA,NA,NA,NA,NA,NA,NA,NA,NA,NA,NA,NA,NA,NA,TARGET_GONE,identity no longer active
2026-10-02T16:05:39Z,APP_21879_3030045,21879,3030045,17,903,198.758,0,0,-1,-1,0,0.999931471,NA,NA,70.000000000,MEASURED_CPU_FAULT,CPU;INTERVAL_FAULTS,NA,NA,NA,NA,NA,NA,NA,NA,NA,NA,NA,NA,NA,NA,NA,NA,NA,NA,NA,NA,NA,NA,NA,TARGET_GONE,identity no longer active
2026-10-02T16:05:39Z,APP_21879_3030045,21879,3030045,17,904,210.463,0,0,-1,-1,0,0.999931471,NA,NA,70.000000000,MEASURED_CPU_FAULT,CPU;INTERVAL_FAULTS,NA,NA,NA,NA,NA,NA,NA,NA,NA,NA,NA,NA,NA,NA,NA,NA,NA,NA,NA,NA,NA,NA,NA,TARGET_GONE,identity no longer active
2026-10-02T16:05:39Z,APP_21879_3030045,21879,3030045,17,905,191.736,0,0,-1,-1,0,0.999931471,NA,NA,70.000000000,MEASURED_CPU_FAULT,CPU;INTERVAL_FAULTS,NA,NA,NA,NA,NA,NA,NA,NA,NA,NA,NA,NA,NA,NA,NA,NA,NA,NA,NA,NA,NA,NA,NA,TARGET_GONE,identity no longer active
2026-10-02T16:05:39Z,APP_21879_3030045,21879,3030045,17,906,200.897,0,0,-1,-1,0,0.999931471,NA,NA,70.000000000,MEASURED_CPU_FAULT,CPU;INTERVAL_FAULTS,NA,NA,NA,NA,NA,NA,NA,NA,NA,NA,NA,NA,NA,NA,NA,NA,NA,NA,NA,NA,NA,NA,NA,TARGET_GONE,identity no longer active
2026-10-02T16:05:39Z,APP_21879_3030045,21879,3030045,17,907,200.607,0,0,-1,-1,0,0.999931471,NA,NA,70.000000000,MEASURED_CPU_FAULT,CPU;INTERVAL_FAULTS,NA,NA,NA,NA,NA,NA,NA,NA,NA,NA,NA,NA,NA,NA,NA,NA,NA,NA,NA,NA,NA,NA,NA,TARGET_GONE,identity no longer active
2026-10-02T16:05:39Z,APP_21879_3030045,21879,3030045,17,908,201.802,0,0,-1,-1,0,0.999931471,NA,NA,70.000000000,MEASURED_CPU_FAULT,CPU;INTERVAL_FAULTS,NA,NA,NA,NA,NA,NA,NA,NA,NA,NA,NA,NA,NA,NA,NA,NA,NA,NA,NA,NA,NA,NA,NA,TARGET_GONE,identity no longer active
2026-10-02T16:05:40Z,APP_21879_3030045,21879,3030045,17,909,198.230,0,0,-1,-1,0,0.999931471,NA,NA,70.000000000,MEASURED_CPU_FAULT,CPU;INTERVAL_FAULTS,NA,NA,NA,NA,NA,NA,NA,NA,NA,NA,NA,NA,NA,NA,NA,NA,NA,NA,NA,NA,NA,NA,NA,TARGET_GONE,identity no longer active
2026-10-02T16:05:40Z,APP_21879_3030045,21879,3030045,17,910,210.778,0,0,-1,-1,0,0.999931471,NA,NA,70.000000000,MEASURED_CPU_FAULT,CPU;INTERVAL_FAULTS,NA,NA,NA,NA,NA,NA,NA,NA,NA,NA,NA,NA,NA,NA,NA,NA,NA,NA,NA,NA,NA,NA,NA,TARGET_GONE,identity no longer active
2026-10-02T16:05:40Z,APP_21879_3030045,21879,3030045,17,911,201.802,0,0,-1,-1,0,0.999931471,NA,NA,70.000000000,MEASURED_CPU_FAULT,CPU;INTERVAL_FAULTS,NA,NA,NA,NA,NA,NA,NA,NA,NA,NA,NA,NA,NA,NA,NA,NA,NA,NA,NA,NA,NA,NA,NA,TARGET_GONE,identity no longer active
2026-10-02T16:05:40Z,APP_21879_3030045,21879,3030045,17,912,194.411,0,0,-1,-1,0,0.999931471,NA,NA,70.000000000,MEASURED_CPU_FAULT,CPU;INTERVAL_FAULTS,NA,NA,NA,NA,NA,NA,NA,NA,NA,NA,NA,NA,NA,NA,NA,NA,NA,NA,NA,NA,NA,NA,NA,TARGET_GONE,identity no longer active
2026-10-02T16:05:40Z,APP_21879_3030045,21879,3030045,17,913,210.463,0,0,-1,-1,0,0.999931471,NA,NA,70.000000000,MEASURED_CPU_FAULT,CPU;INTERVAL_FAULTS,NA,NA,NA,NA,NA,NA,NA,NA,NA,NA,NA,NA,NA,NA,NA,NA,NA,NA,NA,NA,NA,NA,NA,TARGET_GONE,identity no longer active
2026-10-02T16:05:40Z,APP_21879_3030045,21879,3030045,17,914,194.135,0,0,-1,-1,0,0.999931471,NA,NA,70.000000000,MEASURED_CPU_FAULT,CPU;INTERVAL_FAULTS,NA,NA,NA,NA,NA,NA,NA,NA,NA,NA,NA,NA,NA,NA,NA,NA,NA,NA,NA,NA,NA,NA,NA,TARGET_GONE,identity no longer active
2026-10-02T16:05:40Z,APP_21879_3030045,21879,3030045,17,915,201.499,0,0,-1,-1,0,0.999931471,NA,NA,70.000000000,MEASURED_CPU_FAULT,CPU;INTERVAL_FAULTS,NA,NA,NA,NA,NA,NA,NA,NA,NA,NA,NA,NA,NA,NA,NA,NA,NA,NA,NA,NA,NA,NA,NA,TARGET_GONE,identity no longer active
2026-10-02T16:05:40Z,APP_21879_3030045,21879,3030045,17,916,200.607,0,0,-1,-1,0,0.999931471,NA,NA,70.000000000,MEASURED_CPU_FAULT,CPU;INTERVAL_FAULTS,NA,NA,NA,NA,NA,NA,NA,NA,NA,NA,NA,NA,NA,NA,NA,NA,NA,NA,NA,NA,NA,NA,NA,TARGET_GONE,identity no longer active
2026-10-02T16:05:41Z,APP_21879_3030045,21879,3030045,17,917,201.499,0,0,-1,-1,0,0.999931471,NA,NA,70.000000000,MEASURED_CPU_FAULT,CPU;INTERVAL_FAULTS,NA,NA,NA,NA,NA,NA,NA,NA,NA,NA,NA,NA,NA,NA,NA,NA,NA,NA,NA,NA,NA,NA,NA,TARGET_GONE,identity no longer active
2026-10-02T16:05:41Z,APP_21879_3030045,21879,3030045,17,918,200.447,0,0,-1,-1,0,0.999931471,NA,NA,70.000000000,MEASURED_CPU_FAULT,CPU;INTERVAL_FAULTS,NA,NA,NA,NA,NA,NA,NA,NA,NA,NA,NA,NA,NA,NA,NA,NA,NA,NA,NA,NA,NA,NA,NA,TARGET_GONE,identity no longer active
2026-10-02T16:05:41Z,APP_21879_3030045,21879,3030045,17,919,191.617,0,0,-1,-1,0,0.999931471,NA,NA,70.000000000,MEASURED_CPU_FAULT,CPU;INTERVAL_FAULTS,NA,NA,NA,NA,NA,NA,NA,NA,NA,NA,NA,NA,NA,NA,NA,NA,NA,NA,NA,NA,NA,NA,NA,TARGET_GONE,identity no longer active
2026-10-02T16:05:41Z,APP_21879_3030045,21879,3030045,17,920,201.499,0,0,-1,-1,0,0.999931471,NA,NA,70.000000000,MEASURED_CPU_FAULT,CPU;INTERVAL_FAULTS,NA,NA,NA,NA,NA,NA,NA,NA,NA,NA,NA,NA,NA,NA,NA,NA,NA,NA,NA,NA,NA,NA,NA,TARGET_GONE,identity no longer active
2026-10-02T16:05:41Z,APP_21879_3030045,21879,3030045,17,921,202.187,0,0,-1,-1,0,0.999931471,NA,NA,70.000000000,MEASURED_CPU_FAULT,CPU;INTERVAL_FAULTS,NA,NA,NA,NA,NA,NA,NA,NA,NA,NA,NA,NA,NA,NA,NA,NA,NA,NA,NA,NA,NA,NA,NA,TARGET_GONE,identity no longer active
2026-10-02T16:05:41Z,APP_21879_3030045,21879,3030045,17,922,201.499,0,0,-1,-1,0,0.999931471,NA,NA,70.000000000,MEASURED_CPU_FAULT,CPU;INTERVAL_FAULTS,NA,NA,NA,NA,NA,NA,NA,NA,NA,NA,NA,NA,NA,NA,NA,NA,NA,NA,NA,NA,NA,NA,NA,TARGET_GONE,identity no longer active
2026-10-02T16:05:41Z,APP_21879_3030045,21879,3030045,17,923,194.529,0,0,-1,-1,0,0.999931471,NA,NA,70.000000000,MEASURED_CPU_FAULT,CPU;INTERVAL_FAULTS,NA,NA,NA,NA,NA,NA,NA,NA,NA,NA,NA,NA,NA,NA,NA,NA,NA,NA,NA,NA,NA,NA,NA,TARGET_GONE,identity no longer active
2026-10-02T16:05:41Z,APP_21879_3030045,21879,3030045,17,924,201.198,0,0,-1,-1,0,0.999931471,NA,NA,70.000000000,MEASURED_CPU_FAULT,CPU;INTERVAL_FAULTS,NA,NA,NA,NA,NA,NA,NA,NA,NA,NA,NA,NA,NA,NA,NA,NA,NA,NA,NA,NA,NA,NA,NA,TARGET_GONE,identity no longer active
2026-10-02T16:05:42Z,APP_21879_3030045,21879,3030045,17,925,200.607,0,0,-1,-1,0,0.999931471,NA,NA,70.000000000,MEASURED_CPU_FAULT,CPU;INTERVAL_FAULTS,NA,NA,NA,NA,NA,NA,NA,NA,NA,NA,NA,NA,NA,NA,NA,NA,NA,NA,NA,NA,NA,NA,NA,TARGET_GONE,identity no longer active
2026-10-02T16:05:42Z,APP_21879_3030045,21879,3030045,17,926,201.198,0,0,-1,-1,0,0.999931471,NA,NA,70.000000000,MEASURED_CPU_FAULT,CPU;INTERVAL_FAULTS,NA,NA,NA,NA,NA,NA,NA,NA,NA,NA,NA,NA,NA,NA,NA,NA,NA,NA,NA,NA,NA,NA,NA,TARGET_GONE,identity no longer active
2026-10-02T16:05:42Z,APP_21879_3030045,21879,3030045,17,927,204.458,0,0,-1,-1,0,0.999931471,NA,NA,70.000000000,MEASURED_CPU_FAULT,CPU;INTERVAL_FAULTS,NA,NA,NA,NA,NA,NA,NA,NA,NA,NA,NA,NA,NA,NA,NA,NA,NA,NA,NA,NA,NA,NA,NA,TARGET_GONE,identity no longer active
2026-10-02T16:05:42Z,APP_21879_3030045,21879,3030045,17,928,192.192,0,0,-1,-1,0,0.999931471,NA,NA,70.000000000,MEASURED_CPU_FAULT,CPU;INTERVAL_FAULTS,NA,NA,NA,NA,NA,NA,NA,NA,NA,NA,NA,NA,NA,NA,NA,NA,NA,NA,NA,NA,NA,NA,NA,TARGET_GONE,identity no longer active
2026-10-02T16:05:42Z,APP_21879_3030045,21879,3030045,17,929,201.802,0,0,-1,-1,0,0.999931471,NA,NA,70.000000000,MEASURED_CPU_FAULT,CPU;INTERVAL_FAULTS,NA,NA,NA,NA,NA,NA,NA,NA,NA,NA,NA,NA,NA,NA,NA,NA,NA,NA,NA,NA,NA,NA,NA,TARGET_GONE,identity no longer active
2026-10-02T16:05:42Z,APP_21879_3030045,21879,3030045,17,930,194.411,0,0,-1,-1,0,0.999931471,NA,NA,70.000000000,MEASURED_CPU_FAULT,CPU;INTERVAL_FAULTS,NA,NA,NA,NA,NA,NA,NA,NA,NA,NA,NA,NA,NA,NA,NA,NA,NA,NA,NA,NA,NA,NA,NA,TARGET_GONE,identity no longer active
2026-10-02T16:05:42Z,APP_21879_3030045,21879,3030045,17,931,201.802,0,0,-1,-1,0,0.999931471,NA,NA,70.000000000,MEASURED_CPU_FAULT,CPU;INTERVAL_FAULTS,NA,NA,NA,NA,NA,NA,NA,NA,NA,NA,NA,NA,NA,NA,NA,NA,NA,NA,NA,NA,NA,NA,NA,TARGET_GONE,identity no longer active
2026-10-02T16:05:42Z,APP_21879_3030045,21879,3030045,17,932,201.179,0,0,-1,-1,0,0.999931471,NA,NA,70.000000000,MEASURED_CPU_FAULT,CPU;INTERVAL_FAULTS,NA,NA,NA,NA,NA,NA,NA,NA,NA,NA,NA,NA,NA,NA,NA,NA,NA,NA,NA,NA,NA,NA,NA,TARGET_GONE,identity no longer active
2026-10-02T16:05:43Z,APP_21879_3030045,21879,3030045,17,933,201.802,0,0,-1,-1,0,0.999931471,NA,NA,70.000000000,MEASURED_CPU_FAULT,CPU;INTERVAL_FAULTS,NA,NA,NA,NA,NA,NA,NA,NA,NA,NA,NA,NA,NA,NA,NA,NA,NA,NA,NA,NA,NA,NA,NA,TARGET_GONE,identity no longer active
2026-10-02T16:05:43Z,APP_21879_3030045,21879,3030045,17,934,194.135,0,0,-1,-1,0,0.999931471,NA,NA,70.000000000,MEASURED_CPU_FAULT,CPU;INTERVAL_FAULTS,NA,NA,NA,NA,NA,NA,NA,NA,NA,NA,NA,NA,NA,NA,NA,NA,NA,NA,NA,NA,NA,NA,NA,TARGET_GONE,identity no longer active
2026-10-02T16:05:43Z,APP_21879_3030045,21879,3030045,17,935,201.802,0,0,-1,-1,0,0.999931471,NA,NA,70.000000000,MEASURED_CPU_FAULT,CPU;INTERVAL_FAULTS,NA,NA,NA,NA,NA,NA,NA,NA,NA,NA,NA,NA,NA,NA,NA,NA,NA,NA,NA,NA,NA,NA,NA,TARGET_GONE,identity no longer active
2026-10-02T16:05:43Z,APP_21879_3030045,21879,3030045,17,936,200.583,0,0,-1,-1,0,0.999931471,NA,NA,70.000000000,MEASURED_CPU_FAULT,CPU;INTERVAL_FAULTS,NA,NA,NA,NA,NA,NA,NA,NA,NA,NA,NA,NA,NA,NA,NA,NA,NA,NA,NA,NA,NA,NA,NA,TARGET_GONE,identity no longer active
2026-10-02T16:05:43Z,APP_21879_3030045,21879,3030045,17,937,210.778,0,0,-1,-1,0,0.999931471,NA,NA,70.000000000,MEASURED_CPU_FAULT,CPU;INTERVAL_FAULTS,NA,NA,NA,NA,NA,NA,NA,NA,NA,NA,NA,NA,NA,NA,NA,NA,NA,NA,NA,NA,NA,NA,NA,TARGET_GONE,identity no longer active
2026-10-02T16:05:43Z,APP_21879_3030045,21879,3030045,17,938,201.499,0,0,-1,-1,0,0.999931471,NA,NA,70.000000000,MEASURED_CPU_FAULT,CPU;INTERVAL_FAULTS,NA,NA,NA,NA,NA,NA,NA,NA,NA,NA,NA,NA,NA,NA,NA,NA,NA,NA,NA,NA,NA,NA,NA,TARGET_GONE,identity no longer active
2026-10-02T16:05:43Z,APP_21879_3030045,21879,3030045,17,939,194.411,0,0,-1,-1,0,0.999931471,NA,NA,70.000000000,MEASURED_CPU_FAULT,CPU;INTERVAL_FAULTS,NA,NA,NA,NA,NA,NA,NA,NA,NA,NA,NA,NA,NA,NA,NA,NA,NA,NA,NA,NA,NA,NA,NA,TARGET_GONE,identity no longer active
2026-10-02T16:05:43Z,APP_21879_3030045,21879,3030045,17,940,201.499,0,0,-1,-1,0,0.999931471,NA,NA,70.000000000,MEASURED_CPU_FAULT,CPU;INTERVAL_FAULTS,NA,NA,NA,NA,NA,NA,NA,NA,NA,NA,NA,NA,NA,NA,NA,NA,NA,NA,NA,NA,NA,NA,NA,TARGET_GONE,identity no longer active
2026-10-02T16:05:44Z,APP_21879_3030045,21879,3030045,17,941,201.258,0,0,-1,-1,0,0.999931471,NA,NA,70.000000000,MEASURED_CPU_FAULT,CPU;INTERVAL_FAULTS,NA,NA,NA,NA,NA,NA,NA,NA,NA,NA,NA,NA,NA,NA,NA,NA,NA,NA,NA,NA,NA,NA,NA,TARGET_GONE,identity no longer active
2026-10-02T16:05:44Z,APP_21879_3030045,21879,3030045,17,942,201.499,0,0,-1,-1,0,0.999931471,NA,NA,70.000000000,MEASURED_CPU_FAULT,CPU;INTERVAL_FAULTS,NA,NA,NA,NA,NA,NA,NA,NA,NA,NA,NA,NA,NA,NA,NA,NA,NA,NA,NA,NA,NA,NA,NA,TARGET_GONE,identity no longer active
2026-10-02T16:05:44Z,APP_21879_3030045,21879,3030045,17,943,204.325,0,0,-1,-1,0,0.999931471,NA,NA,70.000000000,MEASURED_CPU_FAULT,CPU;INTERVAL_FAULTS,NA,NA,NA,NA,NA,NA,NA,NA,NA,NA,NA,NA,NA,NA,NA,NA,NA,NA,NA,NA,NA,NA,NA,TARGET_GONE,identity no longer active
2026-10-02T16:05:44Z,APP_21879_3030045,21879,3030045,17,944,192.192,0,0,-1,-1,0,0.999931471,NA,NA,70.000000000,MEASURED_CPU_FAULT,CPU;INTERVAL_FAULTS,NA,NA,NA,NA,NA,NA,NA,NA,NA,NA,NA,NA,NA,NA,NA,NA,NA,NA,NA,NA,NA,NA,NA,TARGET_GONE,identity no longer active
2026-10-02T16:05:44Z,APP_21879_3030045,21879,3030045,17,945,202.423,0,0,-1,-1,0,0.999931471,NA,NA,70.000000000,MEASURED_CPU_FAULT,CPU;INTERVAL_FAULTS,NA,NA,NA,NA,NA,NA,NA,NA,NA,NA,NA,NA,NA,NA,NA,NA,NA,NA,NA,NA,NA,NA,NA,TARGET_GONE,identity no longer active
2026-10-02T16:05:44Z,APP_21879_3030045,21879,3030045,17,946,191.617,0,0,-1,-1,0,0.999931471,NA,NA,70.000000000,MEASURED_CPU_FAULT,CPU;INTERVAL_FAULTS,NA,NA,NA,NA,NA,NA,NA,NA,NA,NA,NA,NA,NA,NA,NA,NA,NA,NA,NA,NA,NA,NA,NA,TARGET_GONE,identity no longer active
2026-10-02T16:05:44Z,APP_21879_3030045,21879,3030045,17,947,201.499,0,0,-1,-1,0,0.999931471,NA,NA,70.000000000,MEASURED_CPU_FAULT,CPU;INTERVAL_FAULTS,NA,NA,NA,NA,NA,NA,NA,NA,NA,NA,NA,NA,NA,NA,NA,NA,NA,NA,NA,NA,NA,NA,NA,TARGET_GONE,identity no longer active
2026-10-02T16:05:44Z,APP_21879_3030045,21879,3030045,17,948,199.005,0,0,-1,-1,0,0.999931471,NA,NA,70.000000000,MEASURED_CPU_FAULT,CPU;INTERVAL_FAULTS,NA,NA,NA,NA,NA,NA,NA,NA,NA,NA,NA,NA,NA,NA,NA,NA,NA,NA,NA,NA,NA,NA,NA,TARGET_GONE,identity no longer active
2026-10-02T16:05:45Z,APP_21879_3030045,21879,3030045,17,949,201.802,0,0,-1,-1,0,0.999931471,NA,NA,70.000000000,MEASURED_CPU_FAULT,CPU;INTERVAL_FAULTS,NA,NA,NA,NA,NA,NA,NA,NA,NA,NA,NA,NA,NA,NA,NA,NA,NA,NA,NA,NA,NA,NA,NA,TARGET_GONE,identity no longer active
2026-10-02T16:05:45Z,APP_21879_3030045,21879,3030045,17,950,200.607,0,0,-1,-1,0,0.999931471,NA,NA,70.000000000,MEASURED_CPU_FAULT,CPU;INTERVAL_FAULTS,NA,NA,NA,NA,NA,NA,NA,NA,NA,NA,NA,NA,NA,NA,NA,NA,NA,NA,NA,NA,NA,NA,NA,TARGET_GONE,identity no longer active
2026-10-02T16:05:45Z,APP_21879_3030045,21879,3030045,17,951,201.198,0,0,-1,-1,0,0.999931471,NA,NA,70.000000000,MEASURED_CPU_FAULT,CPU;INTERVAL_FAULTS,NA,NA,NA,NA,NA,NA,NA,NA,NA,NA,NA,NA,NA,NA,NA,NA,NA,NA,NA,NA,NA,NA,NA,TARGET_GONE,identity no longer active
2026-10-02T16:05:45Z,APP_21879_3030045,21879,3030045,17,952,201.013,0,0,-1,-1,0,0.999931471,NA,NA,70.000000000,MEASURED_CPU_FAULT,CPU;INTERVAL_FAULTS,NA,NA,NA,NA,NA,NA,NA,NA,NA,NA,NA,NA,NA,NA,NA,NA,NA,NA,NA,NA,NA,NA,NA,TARGET_GONE,identity no longer active
2026-10-02T16:05:45Z,APP_21879_3030045,21879,3030045,17,953,201.499,0,0,-1,-1,0,0.999931471,NA,NA,70.000000000,MEASURED_CPU_FAULT,CPU;INTERVAL_FAULTS,NA,NA,NA,NA,NA,NA,NA,NA,NA,NA,NA,NA,NA,NA,NA,NA,NA,NA,NA,NA,NA,NA,NA,TARGET_GONE,identity no longer active
2026-10-02T16:05:45Z,APP_21879_3030045,21879,3030045,17,954,199.740,0,0,-1,-1,0,0.999931471,NA,NA,70.000000000,MEASURED_CPU_FAULT,CPU;INTERVAL_FAULTS,NA,NA,NA,NA,NA,NA,NA,NA,NA,NA,NA,NA,NA,NA,NA,NA,NA,NA,NA,NA,NA,NA,NA,TARGET_GONE,identity no longer active
2026-10-02T16:05:45Z,APP_21879_3030045,21879,3030045,17,955,192.771,0,0,-1,-1,0,0.999931471,NA,NA,70.000000000,MEASURED_CPU_FAULT,CPU;INTERVAL_FAULTS,NA,NA,NA,NA,NA,NA,NA,NA,NA,NA,NA,NA,NA,NA,NA,NA,NA,NA,NA,NA,NA,NA,NA,TARGET_GONE,identity no longer active
2026-10-02T16:05:45Z,APP_21879_3030045,21879,3030045,17,956,201.499,0,0,-1,-1,0,0.999931471,NA,NA,70.000000000,MEASURED_CPU_FAULT,CPU;INTERVAL_FAULTS,NA,NA,NA,NA,NA,NA,NA,NA,NA,NA,NA,NA,NA,NA,NA,NA,NA,NA,NA,NA,NA,NA,NA,TARGET_GONE,identity no longer active
2026-10-02T16:05:46Z,APP_21879_3030045,21879,3030045,17,957,194.175,0,0,-1,-1,0,0.999931471,NA,NA,70.000000000,MEASURED_CPU_FAULT,CPU;INTERVAL_FAULTS,NA,NA,NA,NA,NA,NA,NA,NA,NA,NA,NA,NA,NA,NA,NA,NA,NA,NA,NA,NA,NA,NA,NA,TARGET_GONE,identity no longer active
2026-10-02T16:05:46Z,APP_21879_3030045,21879,3030045,17,958,201.499,0,0,-1,-1,0,0.999931471,NA,NA,70.000000000,MEASURED_CPU_FAULT,CPU;INTERVAL_FAULTS,NA,NA,NA,NA,NA,NA,NA,NA,NA,NA,NA,NA,NA,NA,NA,NA,NA,NA,NA,NA,NA,NA,NA,TARGET_GONE,identity no longer active
2026-10-02T16:05:46Z,APP_21879_3030045,21879,3030045,17,959,200.607,0,0,-1,-1,0,0.999931471,NA,NA,70.000000000,MEASURED_CPU_FAULT,CPU;INTERVAL_FAULTS,NA,NA,NA,NA,NA,NA,NA,NA,NA,NA,NA,NA,NA,NA,NA,NA,NA,NA,NA,NA,NA,NA,NA,TARGET_GONE,identity no longer active
2026-10-02T16:05:46Z,APP_21879_3030045,21879,3030045,17,960,201.499,0,0,-1,-1,0,0.999931471,NA,NA,70.000000000,MEASURED_CPU_FAULT,CPU;INTERVAL_FAULTS,NA,NA,NA,NA,NA,NA,NA,NA,NA,NA,NA,NA,NA,NA,NA,NA,NA,NA,NA,NA,NA,NA,NA,TARGET_GONE,identity no longer active
2026-10-02T16:05:46Z,APP_21879_3030045,21879,3030045,17,961,200.607,0,0,-1,-1,0,0.999931471,NA,NA,70.000000000,MEASURED_CPU_FAULT,CPU;INTERVAL_FAULTS,NA,NA,NA,NA,NA,NA,NA,NA,NA,NA,NA,NA,NA,NA,NA,NA,NA,NA,NA,NA,NA,NA,NA,TARGET_GONE,identity no longer active
2026-10-02T16:05:46Z,APP_21879_3030045,21879,3030045,17,962,201.499,0,0,-1,-1,0,0.999931471,NA,NA,70.000000000,MEASURED_CPU_FAULT,CPU;INTERVAL_FAULTS,NA,NA,NA,NA,NA,NA,NA,NA,NA,NA,NA,NA,NA,NA,NA,NA,NA,NA,NA,NA,NA,NA,NA,TARGET_GONE,identity no longer active
2026-10-02T16:05:27Z,APP_21879_3030045,21879,3030045,18,963,0.000,0,0,-1,-1,0,0.999931471,1,true,0.000000000,MEASURED_CPU_FAULT,CPU;INTERVAL_FAULTS,HOT,669.474315258,0.560000000,0.700000000,NA,NA,NA,NA,0.560000000,0.000000000,0.700000000,0.000000000,-1.000000000,1.232000000,NA,MOVE_THREAD,INVALID,NOT_APPLICABLE,INVALID,MOVE_THREAD,-1,-1,false,TARGET_GONE,identity no longer active
2026-10-02T16:05:28Z,APP_21879_3030045,21879,3030045,18,964,0.000,0,0,-1,-1,0,0.999931471,NA,NA,0.000000000,MEASURED_CPU_FAULT,CPU;INTERVAL_FAULTS,NA,NA,NA,NA,NA,NA,NA,NA,NA,NA,NA,NA,NA,NA,NA,NA,NA,NA,NA,NA,NA,NA,NA,TARGET_GONE,identity no longer active
2026-10-02T16:05:28Z,APP_21879_3030045,21879,3030045,18,965,6.934,0,0,-1,-1,0,0.999931471,NA,NA,4.853800000,MEASURED_CPU_FAULT,CPU;INTERVAL_FAULTS,NA,NA,NA,NA,NA,NA,NA,NA,NA,NA,NA,NA,NA,NA,NA,NA,NA,NA,NA,NA,NA,NA,NA,TARGET_GONE,identity no longer active
2026-10-02T16:05:28Z,APP_21879_3030045,21879,3030045,18,966,0.000,0,0,-1,-1,0,0.999931471,NA,NA,0.000000000,MEASURED_CPU_FAULT,CPU;INTERVAL_FAULTS,NA,NA,NA,NA,NA,NA,NA,NA,NA,NA,NA,NA,NA,NA,NA,NA,NA,NA,NA,NA,NA,NA,NA,TARGET_GONE,identity no longer active
2026-10-02T16:05:28Z,APP_21879_3030045,21879,3030045,18,967,0.000,0,0,-1,-1,0,0.999931471,NA,NA,0.000000000,MEASURED_CPU_FAULT,CPU;INTERVAL_FAULTS,NA,NA,NA,NA,NA,NA,NA,NA,NA,NA,NA,NA,NA,NA,NA,NA,NA,NA,NA,NA,NA,NA,NA,TARGET_GONE,identity no longer active
2026-10-02T16:05:28Z,APP_21879_3030045,21879,3030045,18,968,0.000,0,0,-1,-1,0,0.999931471,NA,NA,0.000000000,MEASURED_CPU_FAULT,CPU;INTERVAL_FAULTS,NA,NA,NA,NA,NA,NA,NA,NA,NA,NA,NA,NA,NA,NA,NA,NA,NA,NA,NA,NA,NA,NA,NA,TARGET_GONE,identity no longer active
2026-10-02T16:05:28Z,APP_21879_3030045,21879,3030045,18,969,0.000,0,0,-1,-1,0,0.999931471,NA,NA,0.000000000,MEASURED_CPU_FAULT,CPU;INTERVAL_FAULTS,NA,NA,NA,NA,NA,NA,NA,NA,NA,NA,NA,NA,NA,NA,NA,NA,NA,NA,NA,NA,NA,NA,NA,TARGET_GONE,identity no longer active
2026-10-02T16:05:29Z,APP_21879_3030045,21879,3030045,18,970,0.000,0,0,-1,-1,0,0.999931471,NA,NA,0.000000000,MEASURED_CPU_FAULT,CPU;INTERVAL_FAULTS,NA,NA,NA,NA,NA,NA,NA,NA,NA,NA,NA,NA,NA,NA,NA,NA,NA,NA,NA,NA,NA,NA,NA,TARGET_GONE,identity no longer active
2026-10-02T16:05:29Z,APP_21879_3030045,21879,3030045,18,971,95.238,0,0,-1,-1,0,0.999931471,NA,NA,66.666600000,MEASURED_CPU_FAULT,CPU;INTERVAL_FAULTS,NA,NA,NA,NA,NA,NA,NA,NA,NA,NA,NA,NA,NA,NA,NA,NA,NA,NA,NA,NA,NA,NA,NA,TARGET_GONE,identity no longer active
2026-10-02T16:05:29Z,APP_21879_3030045,21879,3030045,18,972,201.802,0,0,-1,-1,0,0.999931471,NA,NA,70.000000000,MEASURED_CPU_FAULT,CPU;INTERVAL_FAULTS,NA,NA,NA,NA,NA,NA,NA,NA,NA,NA,NA,NA,NA,NA,NA,NA,NA,NA,NA,NA,NA,NA,NA,TARGET_GONE,identity no longer active
2026-10-02T16:05:29Z,APP_21879_3030045,21879,3030045,18,973,198.650,0,0,-1,-1,0,0.999931471,NA,NA,70.000000000,MEASURED_CPU_FAULT,CPU;INTERVAL_FAULTS,NA,NA,NA,NA,NA,NA,NA,NA,NA,NA,NA,NA,NA,NA,NA,NA,NA,NA,NA,NA,NA,NA,NA,TARGET_GONE,identity no longer active
2026-10-02T16:05:29Z,APP_21879_3030045,21879,3030045,18,974,201.198,0,0,-1,-1,0,0.999931471,NA,NA,70.000000000,MEASURED_CPU_FAULT,CPU;INTERVAL_FAULTS,NA,NA,NA,NA,NA,NA,NA,NA,NA,NA,NA,NA,NA,NA,NA,NA,NA,NA,NA,NA,NA,NA,NA,TARGET_GONE,identity no longer active
2026-10-02T16:05:29Z,APP_21879_3030045,21879,3030045,18,975,202.230,0,0,-1,-1,0,0.999931471,NA,NA,70.000000000,MEASURED_CPU_FAULT,CPU;INTERVAL_FAULTS,NA,NA,NA,NA,NA,NA,NA,NA,NA,NA,NA,NA,NA,NA,NA,NA,NA,NA,NA,NA,NA,NA,NA,TARGET_GONE,identity no longer active
2026-10-02T16:05:29Z,APP_21879_3030045,21879,3030045,18,976,191.617,0,0,-1,-1,0,0.999931471,NA,NA,70.000000000,MEASURED_CPU_FAULT,CPU;INTERVAL_FAULTS,NA,NA,NA,NA,NA,NA,NA,NA,NA,NA,NA,NA,NA,NA,NA,NA,NA,NA,NA,NA,NA,NA,NA,TARGET_GONE,identity no longer active
2026-10-02T16:05:29Z,APP_21879_3030045,21879,3030045,18,977,202.043,0,0,-1,-1,0,0.999931471,NA,NA,70.000000000,MEASURED_CPU_FAULT,CPU;INTERVAL_FAULTS,NA,NA,NA,NA,NA,NA,NA,NA,NA,NA,NA,NA,NA,NA,NA,NA,NA,NA,NA,NA,NA,NA,NA,TARGET_GONE,identity no longer active
2026-10-02T16:05:30Z,APP_21879_3030045,21879,3030045,18,978,201.198,0,0,-1,-1,0,0.999931471,NA,NA,70.000000000,MEASURED_CPU_FAULT,CPU;INTERVAL_FAULTS,NA,NA,NA,NA,NA,NA,NA,NA,NA,NA,NA,NA,NA,NA,NA,NA,NA,NA,NA,NA,NA,NA,NA,TARGET_GONE,identity no longer active
2026-10-02T16:05:30Z,APP_21879_3030045,21879,3030045,18,979,197.280,0,0,-1,-1,0,0.999931471,NA,NA,70.000000000,MEASURED_CPU_FAULT,CPU;INTERVAL_FAULTS,NA,NA,NA,NA,NA,NA,NA,NA,NA,NA,NA,NA,NA,NA,NA,NA,NA,NA,NA,NA,NA,NA,NA,TARGET_GONE,identity no longer active
2026-10-02T16:05:30Z,APP_21879_3030045,21879,3030045,18,980,210.778,0,0,-1,-1,0,0.999931471,NA,NA,70.000000000,MEASURED_CPU_FAULT,CPU;INTERVAL_FAULTS,NA,NA,NA,NA,NA,NA,NA,NA,NA,NA,NA,NA,NA,NA,NA,NA,NA,NA,NA,NA,NA,NA,NA,TARGET_GONE,identity no longer active
2026-10-02T16:05:30Z,APP_21879_3030045,21879,3030045,18,981,191.904,0,0,-1,-1,0,0.999931471,NA,NA,70.000000000,MEASURED_CPU_FAULT,CPU;INTERVAL_FAULTS,NA,NA,NA,NA,NA,NA,NA,NA,NA,NA,NA,NA,NA,NA,NA,NA,NA,NA,NA,NA,NA,NA,NA,TARGET_GONE,identity no longer active
2026-10-02T16:05:30Z,APP_21879_3030045,21879,3030045,18,982,205.714,0,0,-1,-1,0,0.999931471,NA,NA,70.000000000,MEASURED_CPU_FAULT,CPU;INTERVAL_FAULTS,NA,NA,NA,NA,NA,NA,NA,NA,NA,NA,NA,NA,NA,NA,NA,NA,NA,NA,NA,NA,NA,NA,NA,TARGET_GONE,identity no longer active
2026-10-02T16:05:30Z,APP_21879_3030045,21879,3030045,18,983,201.198,0,0,-1,-1,0,0.999931471,NA,NA,70.000000000,MEASURED_CPU_FAULT,CPU;INTERVAL_FAULTS,NA,NA,NA,NA,NA,NA,NA,NA,NA,NA,NA,NA,NA,NA,NA,NA,NA,NA,NA,NA,NA,NA,NA,TARGET_GONE,identity no longer active
2026-10-02T16:05:30Z,APP_21879_3030045,21879,3030045,18,984,196.648,0,0,-1,-1,0,0.999931471,NA,NA,70.000000000,MEASURED_CPU_FAULT,CPU;INTERVAL_FAULTS,NA,NA,NA,NA,NA,NA,NA,NA,NA,NA,NA,NA,NA,NA,NA,NA,NA,NA,NA,NA,NA,NA,NA,TARGET_GONE,identity no longer active
2026-10-02T16:05:30Z,APP_21879_3030045,21879,3030045,18,985,201.499,0,0,-1,-1,0,0.999931471,NA,NA,70.000000000,MEASURED_CPU_FAULT,CPU;INTERVAL_FAULTS,NA,NA,NA,NA,NA,NA,NA,NA,NA,NA,NA,NA,NA,NA,NA,NA,NA,NA,NA,NA,NA,NA,NA,TARGET_GONE,identity no longer active
2026-10-02T16:05:31Z,APP_21879_3030045,21879,3030045,18,986,202.772,0,0,-1,-1,0,0.999931471,NA,NA,70.000000000,MEASURED_CPU_FAULT,CPU;INTERVAL_FAULTS,NA,NA,NA,NA,NA,NA,NA,NA,NA,NA,NA,NA,NA,NA,NA,NA,NA,NA,NA,NA,NA,NA,NA,TARGET_GONE,identity no longer active
2026-10-02T16:05:31Z,APP_21879_3030045,21879,3030045,18,987,201.499,0,0,-1,-1,0,0.999931471,NA,NA,70.000000000,MEASURED_CPU_FAULT,CPU;INTERVAL_FAULTS,NA,NA,NA,NA,NA,NA,NA,NA,NA,NA,NA,NA,NA,NA,NA,NA,NA,NA,NA,NA,NA,NA,NA,TARGET_GONE,identity no longer active
2026-10-02T16:05:31Z,APP_21879_3030045,21879,3030045,18,988,195.918,0,0,-1,-1,0,0.999931471,NA,NA,70.000000000,MEASURED_CPU_FAULT,CPU;INTERVAL_FAULTS,NA,NA,NA,NA,NA,NA,NA,NA,NA,NA,NA,NA,NA,NA,NA,NA,NA,NA,NA,NA,NA,NA,NA,TARGET_GONE,identity no longer active
2026-10-02T16:05:31Z,APP_21879_3030045,21879,3030045,18,989,211.411,0,0,-1,-1,0,0.999931471,NA,NA,70.000000000,MEASURED_CPU_FAULT,CPU;INTERVAL_FAULTS,NA,NA,NA,NA,NA,NA,NA,NA,NA,NA,NA,NA,NA,NA,NA,NA,NA,NA,NA,NA,NA,NA,NA,TARGET_GONE,identity no longer active
2026-10-02T16:05:31Z,APP_21879_3030045,21879,3030045,18,990,201.499,0,0,-1,-1,0,0.999931471,NA,NA,70.000000000,MEASURED_CPU_FAULT,CPU;INTERVAL_FAULTS,NA,NA,NA,NA,NA,NA,NA,NA,NA,NA,NA,NA,NA,NA,NA,NA,NA,NA,NA,NA,NA,NA,NA,TARGET_GONE,identity no longer active
2026-10-02T16:05:31Z,APP_21879_3030045,21879,3030045,18,991,198.706,0,0,-1,-1,0,0.999931471,NA,NA,70.000000000,MEASURED_CPU_FAULT,CPU;INTERVAL_FAULTS,NA,NA,NA,NA,NA,NA,NA,NA,NA,NA,NA,NA,NA,NA,NA,NA,NA,NA,NA,NA,NA,NA,NA,TARGET_GONE,identity no longer active
2026-10-02T16:05:31Z,APP_21879_3030045,21879,3030045,18,992,191.904,0,0,-1,-1,0,0.999931471,NA,NA,70.000000000,MEASURED_CPU_FAULT,CPU;INTERVAL_FAULTS,NA,NA,NA,NA,NA,NA,NA,NA,NA,NA,NA,NA,NA,NA,NA,NA,NA,NA,NA,NA,NA,NA,NA,TARGET_GONE,identity no longer active
2026-10-02T16:05:31Z,APP_21879_3030045,21879,3030045,18,993,204.325,0,0,-1,-1,0,0.999931471,NA,NA,70.000000000,MEASURED_CPU_FAULT,CPU;INTERVAL_FAULTS,NA,NA,NA,NA,NA,NA,NA,NA,NA,NA,NA,NA,NA,NA,NA,NA,NA,NA,NA,NA,NA,NA,NA,TARGET_GONE,identity no longer active
2026-10-02T16:05:31Z,APP_21879_3030045,21879,3030045,18,994,201.499,0,0,-1,-1,0,0.999931471,NA,NA,70.000000000,MEASURED_CPU_FAULT,CPU;INTERVAL_FAULTS,NA,NA,NA,NA,NA,NA,NA,NA,NA,NA,NA,NA,NA,NA,NA,NA,NA,NA,NA,NA,NA,NA,NA,TARGET_GONE,identity no longer active
2026-10-02T16:05:32Z,APP_21879_3030045,21879,3030045,18,995,197.531,0,0,-1,-1,0,0.999931471,NA,NA,70.000000000,MEASURED_CPU_FAULT,CPU;INTERVAL_FAULTS,NA,NA,NA,NA,NA,NA,NA,NA,NA,NA,NA,NA,NA,NA,NA,NA,NA,NA,NA,NA,NA,NA,NA,TARGET_GONE,identity no longer active
2026-10-02T16:05:32Z,APP_21879_3030045,21879,3030045,18,996,201.499,0,0,-1,-1,0,0.999931471,NA,NA,70.000000000,MEASURED_CPU_FAULT,CPU;INTERVAL_FAULTS,NA,NA,NA,NA,NA,NA,NA,NA,NA,NA,NA,NA,NA,NA,NA,NA,NA,NA,NA,NA,NA,NA,NA,TARGET_GONE,identity no longer active
2026-10-02T16:05:32Z,APP_21879_3030045,21879,3030045,18,997,203.885,0,0,-1,-1,0,0.999931471,NA,NA,70.000000000,MEASURED_CPU_FAULT,CPU;INTERVAL_FAULTS,NA,NA,NA,NA,NA,NA,NA,NA,NA,NA,NA,NA,NA,NA,NA,NA,NA,NA,NA,NA,NA,NA,NA,TARGET_GONE,identity no longer active
2026-10-02T16:05:32Z,APP_21879_3030045,21879,3030045,18,998,192.771,0,0,-1,-1,0,0.999931471,NA,NA,70.000000000,MEASURED_CPU_FAULT,CPU;INTERVAL_FAULTS,NA,NA,NA,NA,NA,NA,NA,NA,NA,NA,NA,NA,NA,NA,NA,NA,NA,NA,NA,NA,NA,NA,NA,TARGET_GONE,identity no longer active
2026-10-02T16:05:32Z,APP_21879_3030045,21879,3030045,18,999,201.499,0,0,-1,-1,0,0.999931471,NA,NA,70.000000000,MEASURED_CPU_FAULT,CPU;INTERVAL_FAULTS,NA,NA,NA,NA,NA,NA,NA,NA,NA,NA,NA,NA,NA,NA,NA,NA,NA,NA,NA,NA,NA,NA,NA,TARGET_GONE,identity no longer active
2026-10-02T16:05:32Z,APP_21879_3030045,21879,3030045,18,1000,191.847,0,0,-1,-1,0,0.999931471,NA,NA,70.000000000,MEASURED_CPU_FAULT,CPU;INTERVAL_FAULTS,NA,NA,NA,NA,NA,NA,NA,NA,NA,NA,NA,NA,NA,NA,NA,NA,NA,NA,NA,NA,NA,NA,NA,TARGET_GONE,identity no longer active
2026-10-02T16:05:32Z,APP_21879_3030045,21879,3030045,18,1001,201.198,0,0,-1,-1,0,0.999931471,NA,NA,70.000000000,MEASURED_CPU_FAULT,CPU;INTERVAL_FAULTS,NA,NA,NA,NA,NA,NA,NA,NA,NA,NA,NA,NA,NA,NA,NA,NA,NA,NA,NA,NA,NA,NA,NA,TARGET_GONE,identity no longer active
2026-10-02T16:05:32Z,APP_21879_3030045,21879,3030045,18,1002,204.115,0,0,-1,-1,0,0.999931471,NA,NA,70.000000000,MEASURED_CPU_FAULT,CPU;INTERVAL_FAULTS,NA,NA,NA,NA,NA,NA,NA,NA,NA,NA,NA,NA,NA,NA,NA,NA,NA,NA,NA,NA,NA,NA,NA,TARGET_GONE,identity no longer active
2026-10-02T16:05:33Z,APP_21879_3030045,21879,3030045,18,1003,192.192,0,0,-1,-1,0,0.999931471,NA,NA,70.000000000,MEASURED_CPU_FAULT,CPU;INTERVAL_FAULTS,NA,NA,NA,NA,NA,NA,NA,NA,NA,NA,NA,NA,NA,NA,NA,NA,NA,NA,NA,NA,NA,NA,NA,TARGET_GONE,identity no longer active
2026-10-02T16:05:33Z,APP_21879_3030045,21879,3030045,18,1004,204.115,0,0,-1,-1,0,0.999931471,NA,NA,70.000000000,MEASURED_CPU_FAULT,CPU;INTERVAL_FAULTS,NA,NA,NA,NA,NA,NA,NA,NA,NA,NA,NA,NA,NA,NA,NA,NA,NA,NA,NA,NA,NA,NA,NA,TARGET_GONE,identity no longer active
2026-10-02T16:05:33Z,APP_21879_3030045,21879,3030045,18,1005,201.802,0,0,-1,-1,0,0.999931471,NA,NA,70.000000000,MEASURED_CPU_FAULT,CPU;INTERVAL_FAULTS,NA,NA,NA,NA,NA,NA,NA,NA,NA,NA,NA,NA,NA,NA,NA,NA,NA,NA,NA,NA,NA,NA,NA,TARGET_GONE,identity no longer active
2026-10-02T16:05:33Z,APP_21879_3030045,21879,3030045,18,1006,201.491,0,0,-1,-1,0,0.999931471,NA,NA,70.000000000,MEASURED_CPU_FAULT,CPU;INTERVAL_FAULTS,NA,NA,NA,NA,NA,NA,NA,NA,NA,NA,NA,NA,NA,NA,NA,NA,NA,NA,NA,NA,NA,NA,NA,TARGET_GONE,identity no longer active
2026-10-02T16:05:33Z,APP_21879_3030045,21879,3030045,18,1007,192.771,0,0,-1,-1,0,0.999931471,NA,NA,70.000000000,MEASURED_CPU_FAULT,CPU;INTERVAL_FAULTS,NA,NA,NA,NA,NA,NA,NA,NA,NA,NA,NA,NA,NA,NA,NA,NA,NA,NA,NA,NA,NA,NA,NA,TARGET_GONE,identity no longer active
2026-10-02T16:05:33Z,APP_21879_3030045,21879,3030045,18,1008,201.499,0,0,-1,-1,0,0.999931471,NA,NA,70.000000000,MEASURED_CPU_FAULT,CPU;INTERVAL_FAULTS,NA,NA,NA,NA,NA,NA,NA,NA,NA,NA,NA,NA,NA,NA,NA,NA,NA,NA,NA,NA,NA,NA,NA,TARGET_GONE,identity no longer active
2026-10-02T16:05:33Z,APP_21879_3030045,21879,3030045,18,1009,199.253,0,0,-1,-1,0,0.999931471,NA,NA,70.000000000,MEASURED_CPU_FAULT,CPU;INTERVAL_FAULTS,NA,NA,NA,NA,NA,NA,NA,NA,NA,NA,NA,NA,NA,NA,NA,NA,NA,NA,NA,NA,NA,NA,NA,TARGET_GONE,identity no longer active
2026-10-02T16:05:33Z,APP_21879_3030045,21879,3030045,18,1010,201.198,0,0,-1,-1,0,0.999931471,NA,NA,70.000000000,MEASURED_CPU_FAULT,CPU;INTERVAL_FAULTS,NA,NA,NA,NA,NA,NA,NA,NA,NA,NA,NA,NA,NA,NA,NA,NA,NA,NA,NA,NA,NA,NA,NA,TARGET_GONE,identity no longer active
2026-10-02T16:05:34Z,APP_21879_3030045,21879,3030045,18,1011,198.142,0,0,-1,-1,0,0.999931471,NA,NA,70.000000000,MEASURED_CPU_FAULT,CPU;INTERVAL_FAULTS,NA,NA,NA,NA,NA,NA,NA,NA,NA,NA,NA,NA,NA,NA,NA,NA,NA,NA,NA,NA,NA,NA,NA,TARGET_GONE,identity no longer active
2026-10-02T16:05:34Z,APP_21879_3030045,21879,3030045,18,1012,200.897,0,0,-1,-1,0,0.999931471,NA,NA,70.000000000,MEASURED_CPU_FAULT,CPU;INTERVAL_FAULTS,NA,NA,NA,NA,NA,NA,NA,NA,NA,NA,NA,NA,NA,NA,NA,NA,NA,NA,NA,NA,NA,NA,NA,TARGET_GONE,identity no longer active
2026-10-02T16:05:34Z,APP_21879_3030045,21879,3030045,18,1013,197.938,0,0,-1,-1,0,0.999931471,NA,NA,70.000000000,MEASURED_CPU_FAULT,CPU;INTERVAL_FAULTS,NA,NA,NA,NA,NA,NA,NA,NA,NA,NA,NA,NA,NA,NA,NA,NA,NA,NA,NA,NA,NA,NA,NA,TARGET_GONE,identity no longer active
2026-10-02T16:05:34Z,APP_21879_3030045,21879,3030045,18,1014,201.499,0,0,-1,-1,0,0.999931471,NA,NA,70.000000000,MEASURED_CPU_FAULT,CPU;INTERVAL_FAULTS,NA,NA,NA,NA,NA,NA,NA,NA,NA,NA,NA,NA,NA,NA,NA,NA,NA,NA,NA,NA,NA,NA,NA,TARGET_GONE,identity no longer active
2026-10-02T16:05:34Z,APP_21879_3030045,21879,3030045,18,1015,202.625,0,0,-1,-1,0,0.999931471,NA,NA,70.000000000,MEASURED_CPU_FAULT,CPU;INTERVAL_FAULTS,NA,NA,NA,NA,NA,NA,NA,NA,NA,NA,NA,NA,NA,NA,NA,NA,NA,NA,NA,NA,NA,NA,NA,TARGET_GONE,identity no longer active
2026-10-02T16:05:34Z,APP_21879_3030045,21879,3030045,18,1016,192.192,0,0,-1,-1,0,0.999931471,NA,NA,70.000000000,MEASURED_CPU_FAULT,CPU;INTERVAL_FAULTS,NA,NA,NA,NA,NA,NA,NA,NA,NA,NA,NA,NA,NA,NA,NA,NA,NA,NA,NA,NA,NA,NA,NA,TARGET_GONE,identity no longer active
2026-10-02T16:05:34Z,APP_21879_3030045,21879,3030045,18,1017,201.198,0,0,-1,-1,0,0.999931471,NA,NA,70.000000000,MEASURED_CPU_FAULT,CPU;INTERVAL_FAULTS,NA,NA,NA,NA,NA,NA,NA,NA,NA,NA,NA,NA,NA,NA,NA,NA,NA,NA,NA,NA,NA,NA,NA,TARGET_GONE,identity no longer active
2026-10-02T16:05:34Z,APP_21879_3030045,21879,3030045,18,1018,199.253,0,0,-1,-1,0,0.999931471,NA,NA,70.000000000,MEASURED_CPU_FAULT,CPU;INTERVAL_FAULTS,NA,NA,NA,NA,NA,NA,NA,NA,NA,NA,NA,NA,NA,NA,NA,NA,NA,NA,NA,NA,NA,NA,NA,TARGET_GONE,identity no longer active
2026-10-02T16:05:34Z,APP_21879_3030045,21879,3030045,18,1019,201.802,0,0,-1,-1,0,0.999931471,NA,NA,70.000000000,MEASURED_CPU_FAULT,CPU;INTERVAL_FAULTS,NA,NA,NA,NA,NA,NA,NA,NA,NA,NA,NA,NA,NA,NA,NA,NA,NA,NA,NA,NA,NA,NA,NA,TARGET_GONE,identity no longer active
2026-10-02T16:05:35Z,APP_21879_3030045,21879,3030045,18,1020,197.328,0,0,-1,-1,0,0.999931471,NA,NA,70.000000000,MEASURED_CPU_FAULT,CPU;INTERVAL_FAULTS,NA,NA,NA,NA,NA,NA,NA,NA,NA,NA,NA,NA,NA,NA,NA,NA,NA,NA,NA,NA,NA,NA,NA,TARGET_GONE,identity no longer active
2026-10-02T16:05:35Z,APP_21879_3030045,21879,3030045,18,1021,201.499,0,0,-1,-1,0,0.999931471,NA,NA,70.000000000,MEASURED_CPU_FAULT,CPU;INTERVAL_FAULTS,NA,NA,NA,NA,NA,NA,NA,NA,NA,NA,NA,NA,NA,NA,NA,NA,NA,NA,NA,NA,NA,NA,NA,TARGET_GONE,identity no longer active
2026-10-02T16:05:35Z,APP_21879_3030045,21879,3030045,18,1022,198.142,0,0,-1,-1,0,0.999931471,NA,NA,70.000000000,MEASURED_CPU_FAULT,CPU;INTERVAL_FAULTS,NA,NA,NA,NA,NA,NA,NA,NA,NA,NA,NA,NA,NA,NA,NA,NA,NA,NA,NA,NA,NA,NA,NA,TARGET_GONE,identity no longer active
2026-10-02T16:05:35Z,APP_21879_3030045,21879,3030045,18,1023,201.198,0,0,-1,-1,0,0.999931471,NA,NA,70.000000000,MEASURED_CPU_FAULT,CPU;INTERVAL_FAULTS,NA,NA,NA,NA,NA,NA,NA,NA,NA,NA,NA,NA,NA,NA,NA,NA,NA,NA,NA,NA,NA,NA,NA,TARGET_GONE,identity no longer active
2026-10-02T16:05:35Z,APP_21879_3030045,21879,3030045,18,1024,203.253,0,0,-1,-1,0,0.999931471,NA,NA,70.000000000,MEASURED_CPU_FAULT,CPU;INTERVAL_FAULTS,NA,NA,NA,NA,NA,NA,NA,NA,NA,NA,NA,NA,NA,NA,NA,NA,NA,NA,NA,NA,NA,NA,NA,TARGET_GONE,identity no longer active
2026-10-02T16:05:35Z,APP_21879_3030045,21879,3030045,18,1025,192.192,0,0,-1,-1,0,0.999931471,NA,NA,70.000000000,MEASURED_CPU_FAULT,CPU;INTERVAL_FAULTS,NA,NA,NA,NA,NA,NA,NA,NA,NA,NA,NA,NA,NA,NA,NA,NA,NA,NA,NA,NA,NA,NA,NA,TARGET_GONE,identity no longer active
2026-10-02T16:05:35Z,APP_21879_3030045,21879,3030045,18,1026,201.499,0,0,-1,-1,0,0.999931471,NA,NA,70.000000000,MEASURED_CPU_FAULT,CPU;INTERVAL_FAULTS,NA,NA,NA,NA,NA,NA,NA,NA,NA,NA,NA,NA,NA,NA,NA,NA,NA,NA,NA,NA,NA,NA,NA,TARGET_GONE,identity no longer active
2026-10-02T16:05:35Z,APP_21879_3030045,21879,3030045,18,1027,199.253,0,0,-1,-1,0,0.999931471,NA,NA,70.000000000,MEASURED_CPU_FAULT,CPU;INTERVAL_FAULTS,NA,NA,NA,NA,NA,NA,NA,NA,NA,NA,NA,NA,NA,NA,NA,NA,NA,NA,NA,NA,NA,NA,NA,TARGET_GONE,identity no longer active
2026-10-02T16:05:36Z,APP_21879_3030045,21879,3030045,18,1028,201.198,0,0,-1,-1,0,0.999931471,NA,NA,70.000000000,MEASURED_CPU_FAULT,CPU;INTERVAL_FAULTS,NA,NA,NA,NA,NA,NA,NA,NA,NA,NA,NA,NA,NA,NA,NA,NA,NA,NA,NA,NA,NA,NA,NA,TARGET_GONE,identity no longer active
2026-10-02T16:05:36Z,APP_21879_3030045,21879,3030045,18,1029,197.938,0,0,-1,-1,0,0.999931471,NA,NA,70.000000000,MEASURED_CPU_FAULT,CPU;INTERVAL_FAULTS,NA,NA,NA,NA,NA,NA,NA,NA,NA,NA,NA,NA,NA,NA,NA,NA,NA,NA,NA,NA,NA,NA,NA,TARGET_GONE,identity no longer active
2026-10-02T16:05:36Z,APP_21879_3030045,21879,3030045,18,1030,201.198,0,0,-1,-1,0,0.999931471,NA,NA,70.000000000,MEASURED_CPU_FAULT,CPU;INTERVAL_FAULTS,NA,NA,NA,NA,NA,NA,NA,NA,NA,NA,NA,NA,NA,NA,NA,NA,NA,NA,NA,NA,NA,NA,NA,TARGET_GONE,identity no longer active
2026-10-02T16:05:36Z,APP_21879_3030045,21879,3030045,18,1031,197.734,0,0,-1,-1,0,0.999931471,NA,NA,70.000000000,MEASURED_CPU_FAULT,CPU;INTERVAL_FAULTS,NA,NA,NA,NA,NA,NA,NA,NA,NA,NA,NA,NA,NA,NA,NA,NA,NA,NA,NA,NA,NA,NA,NA,TARGET_GONE,identity no longer active
2026-10-02T16:05:36Z,APP_21879_3030045,21879,3030045,18,1032,201.802,0,0,-1,-1,0,0.999931471,NA,NA,70.000000000,MEASURED_CPU_FAULT,CPU;INTERVAL_FAULTS,NA,NA,NA,NA,NA,NA,NA,NA,NA,NA,NA,NA,NA,NA,NA,NA,NA,NA,NA,NA,NA,NA,NA,TARGET_GONE,identity no longer active
2026-10-02T16:05:36Z,APP_21879_3030045,21879,3030045,18,1033,203.096,0,0,-1,-1,0,0.999931471,NA,NA,70.000000000,MEASURED_CPU_FAULT,CPU;INTERVAL_FAULTS,NA,NA,NA,NA,NA,NA,NA,NA,NA,NA,NA,NA,NA,NA,NA,NA,NA,NA,NA,NA,NA,NA,NA,TARGET_GONE,identity no longer active
2026-10-02T16:05:36Z,APP_21879_3030045,21879,3030045,18,1034,191.617,0,0,-1,-1,0,0.999931471,NA,NA,70.000000000,MEASURED_CPU_FAULT,CPU;INTERVAL_FAULTS,NA,NA,NA,NA,NA,NA,NA,NA,NA,NA,NA,NA,NA,NA,NA,NA,NA,NA,NA,NA,NA,NA,NA,TARGET_GONE,identity no longer active
2026-10-02T16:05:36Z,APP_21879_3030045,21879,3030045,18,1035,201.499,0,0,-1,-1,0,0.999931471,NA,NA,70.000000000,MEASURED_CPU_FAULT,CPU;INTERVAL_FAULTS,NA,NA,NA,NA,NA,NA,NA,NA,NA,NA,NA,NA,NA,NA,NA,NA,NA,NA,NA,NA,NA,NA,NA,TARGET_GONE,identity no longer active
2026-10-02T16:05:37Z,APP_21879_3030045,21879,3030045,18,1036,199.253,0,0,-1,-1,0,0.999931471,NA,NA,70.000000000,MEASURED_CPU_FAULT,CPU;INTERVAL_FAULTS,NA,NA,NA,NA,NA,NA,NA,NA,NA,NA,NA,NA,NA,NA,NA,NA,NA,NA,NA,NA,NA,NA,NA,TARGET_GONE,identity no longer active
2026-10-02T16:05:37Z,APP_21879_3030045,21879,3030045,18,1037,201.198,0,0,-1,-1,0,0.999931471,NA,NA,70.000000000,MEASURED_CPU_FAULT,CPU;INTERVAL_FAULTS,NA,NA,NA,NA,NA,NA,NA,NA,NA,NA,NA,NA,NA,NA,NA,NA,NA,NA,NA,NA,NA,NA,NA,TARGET_GONE,identity no longer active
2026-10-02T16:05:37Z,APP_21879_3030045,21879,3030045,18,1038,197.734,0,0,-1,-1,0,0.999931471,NA,NA,70.000000000,MEASURED_CPU_FAULT,CPU;INTERVAL_FAULTS,NA,NA,NA,NA,NA,NA,NA,NA,NA,NA,NA,NA,NA,NA,NA,NA,NA,NA,NA,NA,NA,NA,NA,TARGET_GONE,identity no longer active
2026-10-02T16:05:37Z,APP_21879_3030045,21879,3030045,18,1039,201.802,0,0,-1,-1,0,0.999931471,NA,NA,70.000000000,MEASURED_CPU_FAULT,CPU;INTERVAL_FAULTS,NA,NA,NA,NA,NA,NA,NA,NA,NA,NA,NA,NA,NA,NA,NA,NA,NA,NA,NA,NA,NA,NA,NA,TARGET_GONE,identity no longer active
2026-10-02T16:05:37Z,APP_21879_3030045,21879,3030045,18,1040,197.531,0,0,-1,-1,0,0.999931471,NA,NA,70.000000000,MEASURED_CPU_FAULT,CPU;INTERVAL_FAULTS,NA,NA,NA,NA,NA,NA,NA,NA,NA,NA,NA,NA,NA,NA,NA,NA,NA,NA,NA,NA,NA,NA,NA,TARGET_GONE,identity no longer active
2026-10-02T16:05:37Z,APP_21879_3030045,21879,3030045,18,1041,201.499,0,0,-1,-1,0,0.999931471,NA,NA,70.000000000,MEASURED_CPU_FAULT,CPU;INTERVAL_FAULTS,NA,NA,NA,NA,NA,NA,NA,NA,NA,NA,NA,NA,NA,NA,NA,NA,NA,NA,NA,NA,NA,NA,NA,TARGET_GONE,identity no longer active
2026-10-02T16:05:37Z,APP_21879_3030045,21879,3030045,18,1042,202.755,0,0,-1,-1,0,0.999931471,NA,NA,70.000000000,MEASURED_CPU_FAULT,CPU;INTERVAL_FAULTS,NA,NA,NA,NA,NA,NA,NA,NA,NA,NA,NA,NA,NA,NA,NA,NA,NA,NA,NA,NA,NA,NA,NA,TARGET_GONE,identity no longer active
2026-10-02T16:05:37Z,APP_21879_3030045,21879,3030045,18,1043,191.617,0,0,-1,-1,0,0.999931471,NA,NA,70.000000000,MEASURED_CPU_FAULT,CPU;INTERVAL_FAULTS,NA,NA,NA,NA,NA,NA,NA,NA,NA,NA,NA,NA,NA,NA,NA,NA,NA,NA,NA,NA,NA,NA,NA,TARGET_GONE,identity no longer active
2026-10-02T16:05:38Z,APP_21879_3030045,21879,3030045,18,1044,201.499,0,0,-1,-1,0,0.999931471,NA,NA,70.000000000,MEASURED_CPU_FAULT,CPU;INTERVAL_FAULTS,NA,NA,NA,NA,NA,NA,NA,NA,NA,NA,NA,NA,NA,NA,NA,NA,NA,NA,NA,NA,NA,NA,NA,TARGET_GONE,identity no longer active
2026-10-02T16:05:38Z,APP_21879_3030045,21879,3030045,18,1045,206.708,0,0,-1,-1,0,0.999931471,NA,NA,70.000000000,MEASURED_CPU_FAULT,CPU;INTERVAL_FAULTS,NA,NA,NA,NA,NA,NA,NA,NA,NA,NA,NA,NA,NA,NA,NA,NA,NA,NA,NA,NA,NA,NA,NA,TARGET_GONE,identity no longer active
2026-10-02T16:05:38Z,APP_21879_3030045,21879,3030045,18,1046,191.617,0,0,-1,-1,0,0.999931471,NA,NA,70.000000000,MEASURED_CPU_FAULT,CPU;INTERVAL_FAULTS,NA,NA,NA,NA,NA,NA,NA,NA,NA,NA,NA,NA,NA,NA,NA,NA,NA,NA,NA,NA,NA,NA,NA,TARGET_GONE,identity no longer active
2026-10-02T16:05:38Z,APP_21879_3030045,21879,3030045,18,1047,200.607,0,0,-1,-1,0,0.999931471,NA,NA,70.000000000,MEASURED_CPU_FAULT,CPU;INTERVAL_FAULTS,NA,NA,NA,NA,NA,NA,NA,NA,NA,NA,NA,NA,NA,NA,NA,NA,NA,NA,NA,NA,NA,NA,NA,TARGET_GONE,identity no longer active
2026-10-02T16:05:38Z,APP_21879_3030045,21879,3030045,18,1048,201.198,0,0,-1,-1,0,0.999931471,NA,NA,70.000000000,MEASURED_CPU_FAULT,CPU;INTERVAL_FAULTS,NA,NA,NA,NA,NA,NA,NA,NA,NA,NA,NA,NA,NA,NA,NA,NA,NA,NA,NA,NA,NA,NA,NA,TARGET_GONE,identity no longer active
2026-10-02T16:05:38Z,APP_21879_3030045,21879,3030045,18,1049,199.610,0,0,-1,-1,0,0.999931471,NA,NA,70.000000000,MEASURED_CPU_FAULT,CPU;INTERVAL_FAULTS,NA,NA,NA,NA,NA,NA,NA,NA,NA,NA,NA,NA,NA,NA,NA,NA,NA,NA,NA,NA,NA,NA,NA,TARGET_GONE,identity no longer active
2026-10-02T16:05:38Z,APP_21879_3030045,21879,3030045,18,1050,201.198,0,0,-1,-1,0,0.999931471,NA,NA,70.000000000,MEASURED_CPU_FAULT,CPU;INTERVAL_FAULTS,NA,NA,NA,NA,NA,NA,NA,NA,NA,NA,NA,NA,NA,NA,NA,NA,NA,NA,NA,NA,NA,NA,NA,TARGET_GONE,identity no longer active
2026-10-02T16:05:39Z,APP_21879_3030045,21879,3030045,18,1051,200.000,0,0,-1,-1,0,0.999931471,NA,NA,70.000000000,MEASURED_CPU_FAULT,CPU;INTERVAL_FAULTS,NA,NA,NA,NA,NA,NA,NA,NA,NA,NA,NA,NA,NA,NA,NA,NA,NA,NA,NA,NA,NA,NA,NA,TARGET_GONE,identity no longer active
2026-10-02T16:05:39Z,APP_21879_3030045,21879,3030045,18,1052,192.192,0,0,-1,-1,0,0.999931471,NA,NA,70.000000000,MEASURED_CPU_FAULT,CPU;INTERVAL_FAULTS,NA,NA,NA,NA,NA,NA,NA,NA,NA,NA,NA,NA,NA,NA,NA,NA,NA,NA,NA,NA,NA,NA,NA,TARGET_GONE,identity no longer active
2026-10-02T16:05:39Z,APP_21879_3030045,21879,3030045,18,1053,201.802,0,0,-1,-1,0,0.999931471,NA,NA,70.000000000,MEASURED_CPU_FAULT,CPU;INTERVAL_FAULTS,NA,NA,NA,NA,NA,NA,NA,NA,NA,NA,NA,NA,NA,NA,NA,NA,NA,NA,NA,NA,NA,NA,NA,TARGET_GONE,identity no longer active
2026-10-02T16:05:39Z,APP_21879_3030045,21879,3030045,18,1054,198.758,0,0,-1,-1,0,0.999931471,NA,NA,70.000000000,MEASURED_CPU_FAULT,CPU;INTERVAL_FAULTS,NA,NA,NA,NA,NA,NA,NA,NA,NA,NA,NA,NA,NA,NA,NA,NA,NA,NA,NA,NA,NA,NA,NA,TARGET_GONE,identity no longer active
2026-10-02T16:05:39Z,APP_21879_3030045,21879,3030045,18,1055,210.463,0,0,-1,-1,0,0.999931471,NA,NA,70.000000000,MEASURED_CPU_FAULT,CPU;INTERVAL_FAULTS,NA,NA,NA,NA,NA,NA,NA,NA,NA,NA,NA,NA,NA,NA,NA,NA,NA,NA,NA,NA,NA,NA,NA,TARGET_GONE,identity no longer active
2026-10-02T16:05:39Z,APP_21879_3030045,21879,3030045,18,1056,191.736,0,0,-1,-1,0,0.999931471,NA,NA,70.000000000,MEASURED_CPU_FAULT,CPU;INTERVAL_FAULTS,NA,NA,NA,NA,NA,NA,NA,NA,NA,NA,NA,NA,NA,NA,NA,NA,NA,NA,NA,NA,NA,NA,NA,TARGET_GONE,identity no longer active
2026-10-02T16:05:39Z,APP_21879_3030045,21879,3030045,18,1057,200.897,0,0,-1,-1,0,0.999931471,NA,NA,70.000000000,MEASURED_CPU_FAULT,CPU;INTERVAL_FAULTS,NA,NA,NA,NA,NA,NA,NA,NA,NA,NA,NA,NA,NA,NA,NA,NA,NA,NA,NA,NA,NA,NA,NA,TARGET_GONE,identity no longer active
2026-10-02T16:05:39Z,APP_21879_3030045,21879,3030045,18,1058,200.607,0,0,-1,-1,0,0.999931471,NA,NA,70.000000000,MEASURED_CPU_FAULT,CPU;INTERVAL_FAULTS,NA,NA,NA,NA,NA,NA,NA,NA,NA,NA,NA,NA,NA,NA,NA,NA,NA,NA,NA,NA,NA,NA,NA,TARGET_GONE,identity no longer active
2026-10-02T16:05:39Z,APP_21879_3030045,21879,3030045,18,1059,201.802,0,0,-1,-1,0,0.999931471,NA,NA,70.000000000,MEASURED_CPU_FAULT,CPU;INTERVAL_FAULTS,NA,NA,NA,NA,NA,NA,NA,NA,NA,NA,NA,NA,NA,NA,NA,NA,NA,NA,NA,NA,NA,NA,NA,TARGET_GONE,identity no longer active
2026-10-02T16:05:40Z,APP_21879_3030045,21879,3030045,18,1060,198.230,0,0,-1,-1,0,0.999931471,NA,NA,70.000000000,MEASURED_CPU_FAULT,CPU;INTERVAL_FAULTS,NA,NA,NA,NA,NA,NA,NA,NA,NA,NA,NA,NA,NA,NA,NA,NA,NA,NA,NA,NA,NA,NA,NA,TARGET_GONE,identity no longer active
2026-10-02T16:05:40Z,APP_21879_3030045,21879,3030045,18,1061,210.778,0,0,-1,-1,0,0.999931471,NA,NA,70.000000000,MEASURED_CPU_FAULT,CPU;INTERVAL_FAULTS,NA,NA,NA,NA,NA,NA,NA,NA,NA,NA,NA,NA,NA,NA,NA,NA,NA,NA,NA,NA,NA,NA,NA,TARGET_GONE,identity no longer active
2026-10-02T16:05:40Z,APP_21879_3030045,21879,3030045,18,1062,201.802,0,0,-1,-1,0,0.999931471,NA,NA,70.000000000,MEASURED_CPU_FAULT,CPU;INTERVAL_FAULTS,NA,NA,NA,NA,NA,NA,NA,NA,NA,NA,NA,NA,NA,NA,NA,NA,NA,NA,NA,NA,NA,NA,NA,TARGET_GONE,identity no longer active
2026-10-02T16:05:40Z,APP_21879_3030045,21879,3030045,18,1063,194.411,0,0,-1,-1,0,0.999931471,NA,NA,70.000000000,MEASURED_CPU_FAULT,CPU;INTERVAL_FAULTS,NA,NA,NA,NA,NA,NA,NA,NA,NA,NA,NA,NA,NA,NA,NA,NA,NA,NA,NA,NA,NA,NA,NA,TARGET_GONE,identity no longer active
2026-10-02T16:05:40Z,APP_21879_3030045,21879,3030045,18,1064,210.463,0,0,-1,-1,0,0.999931471,NA,NA,70.000000000,MEASURED_CPU_FAULT,CPU;INTERVAL_FAULTS,NA,NA,NA,NA,NA,NA,NA,NA,NA,NA,NA,NA,NA,NA,NA,NA,NA,NA,NA,NA,NA,NA,NA,TARGET_GONE,identity no longer active
2026-10-02T16:05:40Z,APP_21879_3030045,21879,3030045,18,1065,194.135,0,0,-1,-1,0,0.999931471,NA,NA,70.000000000,MEASURED_CPU_FAULT,CPU;INTERVAL_FAULTS,NA,NA,NA,NA,NA,NA,NA,NA,NA,NA,NA,NA,NA,NA,NA,NA,NA,NA,NA,NA,NA,NA,NA,TARGET_GONE,identity no longer active
2026-10-02T16:05:40Z,APP_21879_3030045,21879,3030045,18,1066,201.499,0,0,-1,-1,0,0.999931471,NA,NA,70.000000000,MEASURED_CPU_FAULT,CPU;INTERVAL_FAULTS,NA,NA,NA,NA,NA,NA,NA,NA,NA,NA,NA,NA,NA,NA,NA,NA,NA,NA,NA,NA,NA,NA,NA,TARGET_GONE,identity no longer active
2026-10-02T16:05:40Z,APP_21879_3030045,21879,3030045,18,1067,200.607,0,0,-1,-1,0,0.999931471,NA,NA,70.000000000,MEASURED_CPU_FAULT,CPU;INTERVAL_FAULTS,NA,NA,NA,NA,NA,NA,NA,NA,NA,NA,NA,NA,NA,NA,NA,NA,NA,NA,NA,NA,NA,NA,NA,TARGET_GONE,identity no longer active
2026-10-02T16:05:41Z,APP_21879_3030045,21879,3030045,18,1068,201.499,0,0,-1,-1,0,0.999931471,NA,NA,70.000000000,MEASURED_CPU_FAULT,CPU;INTERVAL_FAULTS,NA,NA,NA,NA,NA,NA,NA,NA,NA,NA,NA,NA,NA,NA,NA,NA,NA,NA,NA,NA,NA,NA,NA,TARGET_GONE,identity no longer active
2026-10-02T16:05:41Z,APP_21879_3030045,21879,3030045,18,1069,200.447,0,0,-1,-1,0,0.999931471,NA,NA,70.000000000,MEASURED_CPU_FAULT,CPU;INTERVAL_FAULTS,NA,NA,NA,NA,NA,NA,NA,NA,NA,NA,NA,NA,NA,NA,NA,NA,NA,NA,NA,NA,NA,NA,NA,TARGET_GONE,identity no longer active
2026-10-02T16:05:41Z,APP_21879_3030045,21879,3030045,18,1070,191.617,0,0,-1,-1,0,0.999931471,NA,NA,70.000000000,MEASURED_CPU_FAULT,CPU;INTERVAL_FAULTS,NA,NA,NA,NA,NA,NA,NA,NA,NA,NA,NA,NA,NA,NA,NA,NA,NA,NA,NA,NA,NA,NA,NA,TARGET_GONE,identity no longer active
2026-10-02T16:05:41Z,APP_21879_3030045,21879,3030045,18,1071,201.499,0,0,-1,-1,0,0.999931471,NA,NA,70.000000000,MEASURED_CPU_FAULT,CPU;INTERVAL_FAULTS,NA,NA,NA,NA,NA,NA,NA,NA,NA,NA,NA,NA,NA,NA,NA,NA,NA,NA,NA,NA,NA,NA,NA,TARGET_GONE,identity no longer active
2026-10-02T16:05:41Z,APP_21879_3030045,21879,3030045,18,1072,202.187,0,0,-1,-1,0,0.999931471,NA,NA,70.000000000,MEASURED_CPU_FAULT,CPU;INTERVAL_FAULTS,NA,NA,NA,NA,NA,NA,NA,NA,NA,NA,NA,NA,NA,NA,NA,NA,NA,NA,NA,NA,NA,NA,NA,TARGET_GONE,identity no longer active
2026-10-02T16:05:41Z,APP_21879_3030045,21879,3030045,18,1073,201.499,0,0,-1,-1,0,0.999931471,NA,NA,70.000000000,MEASURED_CPU_FAULT,CPU;INTERVAL_FAULTS,NA,NA,NA,NA,NA,NA,NA,NA,NA,NA,NA,NA,NA,NA,NA,NA,NA,NA,NA,NA,NA,NA,NA,TARGET_GONE,identity no longer active
2026-10-02T16:05:41Z,APP_21879_3030045,21879,3030045,18,1074,194.529,0,0,-1,-1,0,0.999931471,NA,NA,70.000000000,MEASURED_CPU_FAULT,CPU;INTERVAL_FAULTS,NA,NA,NA,NA,NA,NA,NA,NA,NA,NA,NA,NA,NA,NA,NA,NA,NA,NA,NA,NA,NA,NA,NA,TARGET_GONE,identity no longer active
2026-10-02T16:05:41Z,APP_21879_3030045,21879,3030045,18,1075,201.198,0,0,-1,-1,0,0.999931471,NA,NA,70.000000000,MEASURED_CPU_FAULT,CPU;INTERVAL_FAULTS,NA,NA,NA,NA,NA,NA,NA,NA,NA,NA,NA,NA,NA,NA,NA,NA,NA,NA,NA,NA,NA,NA,NA,TARGET_GONE,identity no longer active
2026-10-02T16:05:42Z,APP_21879_3030045,21879,3030045,18,1076,200.607,0,0,-1,-1,0,0.999931471,NA,NA,70.000000000,MEASURED_CPU_FAULT,CPU;INTERVAL_FAULTS,NA,NA,NA,NA,NA,NA,NA,NA,NA,NA,NA,NA,NA,NA,NA,NA,NA,NA,NA,NA,NA,NA,NA,TARGET_GONE,identity no longer active
2026-10-02T16:05:42Z,APP_21879_3030045,21879,3030045,18,1077,201.198,0,0,-1,-1,0,0.999931471,NA,NA,70.000000000,MEASURED_CPU_FAULT,CPU;INTERVAL_FAULTS,NA,NA,NA,NA,NA,NA,NA,NA,NA,NA,NA,NA,NA,NA,NA,NA,NA,NA,NA,NA,NA,NA,NA,TARGET_GONE,identity no longer active
2026-10-02T16:05:42Z,APP_21879_3030045,21879,3030045,18,1078,204.458,0,0,-1,-1,0,0.999931471,NA,NA,70.000000000,MEASURED_CPU_FAULT,CPU;INTERVAL_FAULTS,NA,NA,NA,NA,NA,NA,NA,NA,NA,NA,NA,NA,NA,NA,NA,NA,NA,NA,NA,NA,NA,NA,NA,TARGET_GONE,identity no longer active
2026-10-02T16:05:42Z,APP_21879_3030045,21879,3030045,18,1079,192.192,0,0,-1,-1,0,0.999931471,NA,NA,70.000000000,MEASURED_CPU_FAULT,CPU;INTERVAL_FAULTS,NA,NA,NA,NA,NA,NA,NA,NA,NA,NA,NA,NA,NA,NA,NA,NA,NA,NA,NA,NA,NA,NA,NA,TARGET_GONE,identity no longer active
2026-10-02T16:05:42Z,APP_21879_3030045,21879,3030045,18,1080,201.802,0,0,-1,-1,0,0.999931471,NA,NA,70.000000000,MEASURED_CPU_FAULT,CPU;INTERVAL_FAULTS,NA,NA,NA,NA,NA,NA,NA,NA,NA,NA,NA,NA,NA,NA,NA,NA,NA,NA,NA,NA,NA,NA,NA,TARGET_GONE,identity no longer active
2026-10-02T16:05:42Z,APP_21879_3030045,21879,3030045,18,1081,194.411,0,0,-1,-1,0,0.999931471,NA,NA,70.000000000,MEASURED_CPU_FAULT,CPU;INTERVAL_FAULTS,NA,NA,NA,NA,NA,NA,NA,NA,NA,NA,NA,NA,NA,NA,NA,NA,NA,NA,NA,NA,NA,NA,NA,TARGET_GONE,identity no longer active
2026-10-02T16:05:42Z,APP_21879_3030045,21879,3030045,18,1082,201.802,0,0,-1,-1,0,0.999931471,NA,NA,70.000000000,MEASURED_CPU_FAULT,CPU;INTERVAL_FAULTS,NA,NA,NA,NA,NA,NA,NA,NA,NA,NA,NA,NA,NA,NA,NA,NA,NA,NA,NA,NA,NA,NA,NA,TARGET_GONE,identity no longer active
2026-10-02T16:05:42Z,APP_21879_3030045,21879,3030045,18,1083,201.179,0,0,-1,-1,0,0.999931471,NA,NA,70.000000000,MEASURED_CPU_FAULT,CPU;INTERVAL_FAULTS,NA,NA,NA,NA,NA,NA,NA,NA,NA,NA,NA,NA,NA,NA,NA,NA,NA,NA,NA,NA,NA,NA,NA,TARGET_GONE,identity no longer active
2026-10-02T16:05:43Z,APP_21879_3030045,21879,3030045,18,1084,201.802,0,0,-1,-1,0,0.999931471,NA,NA,70.000000000,MEASURED_CPU_FAULT,CPU;INTERVAL_FAULTS,NA,NA,NA,NA,NA,NA,NA,NA,NA,NA,NA,NA,NA,NA,NA,NA,NA,NA,NA,NA,NA,NA,NA,TARGET_GONE,identity no longer active
2026-10-02T16:05:43Z,APP_21879_3030045,21879,3030045,18,1085,194.135,0,0,-1,-1,0,0.999931471,NA,NA,70.000000000,MEASURED_CPU_FAULT,CPU;INTERVAL_FAULTS,NA,NA,NA,NA,NA,NA,NA,NA,NA,NA,NA,NA,NA,NA,NA,NA,NA,NA,NA,NA,NA,NA,NA,TARGET_GONE,identity no longer active
2026-10-02T16:05:43Z,APP_21879_3030045,21879,3030045,18,1086,201.802,0,0,-1,-1,0,0.999931471,NA,NA,70.000000000,MEASURED_CPU_FAULT,CPU;INTERVAL_FAULTS,NA,NA,NA,NA,NA,NA,NA,NA,NA,NA,NA,NA,NA,NA,NA,NA,NA,NA,NA,NA,NA,NA,NA,TARGET_GONE,identity no longer active
2026-10-02T16:05:43Z,APP_21879_3030045,21879,3030045,18,1087,200.583,0,0,-1,-1,0,0.999931471,NA,NA,70.000000000,MEASURED_CPU_FAULT,CPU;INTERVAL_FAULTS,NA,NA,NA,NA,NA,NA,NA,NA,NA,NA,NA,NA,NA,NA,NA,NA,NA,NA,NA,NA,NA,NA,NA,TARGET_GONE,identity no longer active
2026-10-02T16:05:43Z,APP_21879_3030045,21879,3030045,18,1088,210.778,0,0,-1,-1,0,0.999931471,NA,NA,70.000000000,MEASURED_CPU_FAULT,CPU;INTERVAL_FAULTS,NA,NA,NA,NA,NA,NA,NA,NA,NA,NA,NA,NA,NA,NA,NA,NA,NA,NA,NA,NA,NA,NA,NA,TARGET_GONE,identity no longer active
2026-10-02T16:05:43Z,APP_21879_3030045,21879,3030045,18,1089,201.499,0,0,-1,-1,0,0.999931471,NA,NA,70.000000000,MEASURED_CPU_FAULT,CPU;INTERVAL_FAULTS,NA,NA,NA,NA,NA,NA,NA,NA,NA,NA,NA,NA,NA,NA,NA,NA,NA,NA,NA,NA,NA,NA,NA,TARGET_GONE,identity no longer active
2026-10-02T16:05:43Z,APP_21879_3030045,21879,3030045,18,1090,194.411,0,0,-1,-1,0,0.999931471,NA,NA,70.000000000,MEASURED_CPU_FAULT,CPU;INTERVAL_FAULTS,NA,NA,NA,NA,NA,NA,NA,NA,NA,NA,NA,NA,NA,NA,NA,NA,NA,NA,NA,NA,NA,NA,NA,TARGET_GONE,identity no longer active
2026-10-02T16:05:43Z,APP_21879_3030045,21879,3030045,18,1091,201.499,0,0,-1,-1,0,0.999931471,NA,NA,70.000000000,MEASURED_CPU_FAULT,CPU;INTERVAL_FAULTS,NA,NA,NA,NA,NA,NA,NA,NA,NA,NA,NA,NA,NA,NA,NA,NA,NA,NA,NA,NA,NA,NA,NA,TARGET_GONE,identity no longer active
2026-10-02T16:05:44Z,APP_21879_3030045,21879,3030045,18,1092,201.258,0,0,-1,-1,0,0.999931471,NA,NA,70.000000000,MEASURED_CPU_FAULT,CPU;INTERVAL_FAULTS,NA,NA,NA,NA,NA,NA,NA,NA,NA,NA,NA,NA,NA,NA,NA,NA,NA,NA,NA,NA,NA,NA,NA,TARGET_GONE,identity no longer active
2026-10-02T16:05:44Z,APP_21879_3030045,21879,3030045,18,1093,201.499,0,0,-1,-1,0,0.999931471,NA,NA,70.000000000,MEASURED_CPU_FAULT,CPU;INTERVAL_FAULTS,NA,NA,NA,NA,NA,NA,NA,NA,NA,NA,NA,NA,NA,NA,NA,NA,NA,NA,NA,NA,NA,NA,NA,TARGET_GONE,identity no longer active
2026-10-02T16:05:44Z,APP_21879_3030045,21879,3030045,18,1094,204.325,0,0,-1,-1,0,0.999931471,NA,NA,70.000000000,MEASURED_CPU_FAULT,CPU;INTERVAL_FAULTS,NA,NA,NA,NA,NA,NA,NA,NA,NA,NA,NA,NA,NA,NA,NA,NA,NA,NA,NA,NA,NA,NA,NA,TARGET_GONE,identity no longer active
2026-10-02T16:05:44Z,APP_21879_3030045,21879,3030045,18,1095,192.192,0,0,-1,-1,0,0.999931471,NA,NA,70.000000000,MEASURED_CPU_FAULT,CPU;INTERVAL_FAULTS,NA,NA,NA,NA,NA,NA,NA,NA,NA,NA,NA,NA,NA,NA,NA,NA,NA,NA,NA,NA,NA,NA,NA,TARGET_GONE,identity no longer active
2026-10-02T16:05:44Z,APP_21879_3030045,21879,3030045,18,1096,202.423,0,0,-1,-1,0,0.999931471,NA,NA,70.000000000,MEASURED_CPU_FAULT,CPU;INTERVAL_FAULTS,NA,NA,NA,NA,NA,NA,NA,NA,NA,NA,NA,NA,NA,NA,NA,NA,NA,NA,NA,NA,NA,NA,NA,TARGET_GONE,identity no longer active
2026-10-02T16:05:44Z,APP_21879_3030045,21879,3030045,18,1097,191.617,0,0,-1,-1,0,0.999931471,NA,NA,70.000000000,MEASURED_CPU_FAULT,CPU;INTERVAL_FAULTS,NA,NA,NA,NA,NA,NA,NA,NA,NA,NA,NA,NA,NA,NA,NA,NA,NA,NA,NA,NA,NA,NA,NA,TARGET_GONE,identity no longer active
2026-10-02T16:05:44Z,APP_21879_3030045,21879,3030045,18,1098,201.499,0,0,-1,-1,0,0.999931471,NA,NA,70.000000000,MEASURED_CPU_FAULT,CPU;INTERVAL_FAULTS,NA,NA,NA,NA,NA,NA,NA,NA,NA,NA,NA,NA,NA,NA,NA,NA,NA,NA,NA,NA,NA,NA,NA,TARGET_GONE,identity no longer active
2026-10-02T16:05:44Z,APP_21879_3030045,21879,3030045,18,1099,199.005,0,0,-1,-1,0,0.999931471,NA,NA,70.000000000,MEASURED_CPU_FAULT,CPU;INTERVAL_FAULTS,NA,NA,NA,NA,NA,NA,NA,NA,NA,NA,NA,NA,NA,NA,NA,NA,NA,NA,NA,NA,NA,NA,NA,TARGET_GONE,identity no longer active
2026-10-02T16:05:45Z,APP_21879_3030045,21879,3030045,18,1100,201.802,0,0,-1,-1,0,0.999931471,NA,NA,70.000000000,MEASURED_CPU_FAULT,CPU;INTERVAL_FAULTS,NA,NA,NA,NA,NA,NA,NA,NA,NA,NA,NA,NA,NA,NA,NA,NA,NA,NA,NA,NA,NA,NA,NA,TARGET_GONE,identity no longer active
2026-10-02T16:05:45Z,APP_21879_3030045,21879,3030045,18,1101,200.607,0,0,-1,-1,0,0.999931471,NA,NA,70.000000000,MEASURED_CPU_FAULT,CPU;INTERVAL_FAULTS,NA,NA,NA,NA,NA,NA,NA,NA,NA,NA,NA,NA,NA,NA,NA,NA,NA,NA,NA,NA,NA,NA,NA,TARGET_GONE,identity no longer active
2026-10-02T16:05:45Z,APP_21879_3030045,21879,3030045,18,1102,201.198,0,0,-1,-1,0,0.999931471,NA,NA,70.000000000,MEASURED_CPU_FAULT,CPU;INTERVAL_FAULTS,NA,NA,NA,NA,NA,NA,NA,NA,NA,NA,NA,NA,NA,NA,NA,NA,NA,NA,NA,NA,NA,NA,NA,TARGET_GONE,identity no longer active
2026-10-02T16:05:45Z,APP_21879_3030045,21879,3030045,18,1103,201.013,0,0,-1,-1,0,0.999931471,NA,NA,70.000000000,MEASURED_CPU_FAULT,CPU;INTERVAL_FAULTS,NA,NA,NA,NA,NA,NA,NA,NA,NA,NA,NA,NA,NA,NA,NA,NA,NA,NA,NA,NA,NA,NA,NA,TARGET_GONE,identity no longer active
2026-10-02T16:05:45Z,APP_21879_3030045,21879,3030045,18,1104,201.499,0,0,-1,-1,0,0.999931471,NA,NA,70.000000000,MEASURED_CPU_FAULT,CPU;INTERVAL_FAULTS,NA,NA,NA,NA,NA,NA,NA,NA,NA,NA,NA,NA,NA,NA,NA,NA,NA,NA,NA,NA,NA,NA,NA,TARGET_GONE,identity no longer active
2026-10-02T16:05:45Z,APP_21879_3030045,21879,3030045,18,1105,199.740,0,0,-1,-1,0,0.999931471,NA,NA,70.000000000,MEASURED_CPU_FAULT,CPU;INTERVAL_FAULTS,NA,NA,NA,NA,NA,NA,NA,NA,NA,NA,NA,NA,NA,NA,NA,NA,NA,NA,NA,NA,NA,NA,NA,TARGET_GONE,identity no longer active
2026-10-02T16:05:45Z,APP_21879_3030045,21879,3030045,18,1106,192.771,0,0,-1,-1,0,0.999931471,NA,NA,70.000000000,MEASURED_CPU_FAULT,CPU;INTERVAL_FAULTS,NA,NA,NA,NA,NA,NA,NA,NA,NA,NA,NA,NA,NA,NA,NA,NA,NA,NA,NA,NA,NA,NA,NA,TARGET_GONE,identity no longer active
2026-10-02T16:05:45Z,APP_21879_3030045,21879,3030045,18,1107,201.499,0,0,-1,-1,0,0.999931471,NA,NA,70.000000000,MEASURED_CPU_FAULT,CPU;INTERVAL_FAULTS,NA,NA,NA,NA,NA,NA,NA,NA,NA,NA,NA,NA,NA,NA,NA,NA,NA,NA,NA,NA,NA,NA,NA,TARGET_GONE,identity no longer active
2026-10-02T16:05:46Z,APP_21879_3030045,21879,3030045,18,1108,194.175,0,0,-1,-1,0,0.999931471,NA,NA,70.000000000,MEASURED_CPU_FAULT,CPU;INTERVAL_FAULTS,NA,NA,NA,NA,NA,NA,NA,NA,NA,NA,NA,NA,NA,NA,NA,NA,NA,NA,NA,NA,NA,NA,NA,TARGET_GONE,identity no longer active
2026-10-02T16:05:46Z,APP_21879_3030045,21879,3030045,18,1109,201.499,0,0,-1,-1,0,0.999931471,NA,NA,70.000000000,MEASURED_CPU_FAULT,CPU;INTERVAL_FAULTS,NA,NA,NA,NA,NA,NA,NA,NA,NA,NA,NA,NA,NA,NA,NA,NA,NA,NA,NA,NA,NA,NA,NA,TARGET_GONE,identity no longer active
2026-10-02T16:05:46Z,APP_21879_3030045,21879,3030045,18,1110,200.607,0,0,-1,-1,0,0.999931471,NA,NA,70.000000000,MEASURED_CPU_FAULT,CPU;INTERVAL_FAULTS,NA,NA,NA,NA,NA,NA,NA,NA,NA,NA,NA,NA,NA,NA,NA,NA,NA,NA,NA,NA,NA,NA,NA,TARGET_GONE,identity no longer active
2026-10-02T16:05:46Z,APP_21879_3030045,21879,3030045,18,1111,201.499,0,0,-1,-1,0,0.999931471,NA,NA,70.000000000,MEASURED_CPU_FAULT,CPU;INTERVAL_FAULTS,NA,NA,NA,NA,NA,NA,NA,NA,NA,NA,NA,NA,NA,NA,NA,NA,NA,NA,NA,NA,NA,NA,NA,TARGET_GONE,identity no longer active
2026-10-02T16:05:46Z,APP_21879_3030045,21879,3030045,18,1112,200.607,0,0,-1,-1,0,0.999931471,NA,NA,70.000000000,MEASURED_CPU_FAULT,CPU;INTERVAL_FAULTS,NA,NA,NA,NA,NA,NA,NA,NA,NA,NA,NA,NA,NA,NA,NA,NA,NA,NA,NA,NA,NA,NA,NA,TARGET_GONE,identity no longer active
2026-10-02T16:05:46Z,APP_21879_3030045,21879,3030045,18,1113,201.499,0,0,-1,-1,0,0.999931471,NA,NA,70.000000000,MEASURED_CPU_FAULT,CPU;INTERVAL_FAULTS,NA,NA,NA,NA,NA,NA,NA,NA,NA,NA,NA,NA,NA,NA,NA,NA,NA,NA,NA,NA,NA,NA,NA,TARGET_GONE,identity no longer active
2026-10-02T16:05:46Z,APP_21879_3030045,21879,3030045,18,1114,202.559,0,0,-1,-1,0,0.999931471,NA,NA,70.000000000,MEASURED_CPU_FAULT,CPU;INTERVAL_FAULTS,NA,NA,NA,NA,NA,NA,NA,NA,NA,NA,NA,NA,NA,NA,NA,NA,NA,NA,NA,NA,NA,NA,NA,TARGET_GONE,identity no longer active
2026-10-02T16:05:46Z,APP_21879_3030045,21879,3030045,18,1115,191.617,0,0,-1,-1,0,0.999931471,NA,NA,70.000000000,MEASURED_CPU_FAULT,CPU;INTERVAL_FAULTS,NA,NA,NA,NA,NA,NA,NA,NA,NA,NA,NA,NA,NA,NA,NA,NA,NA,NA,NA,NA,NA,NA,NA,TARGET_GONE,identity no longer active
2026-10-02T16:05:47Z,APP_21879_3030045,21879,3030045,18,1116,201.802,0,0,-1,-1,0,0.999931471,NA,NA,70.000000000,MEASURED_CPU_FAULT,CPU;INTERVAL_FAULTS,NA,NA,NA,NA,NA,NA,NA,NA,NA,NA,NA,NA,NA,NA,NA,NA,NA,NA,NA,NA,NA,NA,NA,TARGET_GONE,identity no longer active
2026-10-02T16:05:47Z,APP_21879_3030045,21879,3030045,18,1117,194.647,0,0,-1,-1,0,0.999931471,NA,NA,70.000000000,MEASURED_CPU_FAULT,CPU;INTERVAL_FAULTS,NA,NA,NA,NA,NA,NA,NA,NA,NA,NA,NA,NA,NA,NA,NA,NA,NA,NA,NA,NA,NA,NA,NA,TARGET_GONE,identity no longer active
2026-10-02T16:05:47Z,APP_21879_3030045,21879,3030045,18,1118,201.499,0,0,-1,-1,0,0.999931471,NA,NA,70.000000000,MEASURED_CPU_FAULT,CPU;INTERVAL_FAULTS,NA,NA,NA,NA,NA,NA,NA,NA,NA,NA,NA,NA,NA,NA,NA,NA,NA,NA,NA,NA,NA,NA,NA,TARGET_GONE,identity no longer active
2026-10-02T16:05:47Z,APP_21879_3030045,21879,3030045,18,1119,200.810,0,0,-1,-1,0,0.999931471,NA,NA,70.000000000,MEASURED_CPU_FAULT,CPU;INTERVAL_FAULTS,NA,NA,NA,NA,NA,NA,NA,NA,NA,NA,NA,NA,NA,NA,NA,NA,NA,NA,NA,NA,NA,NA,NA,TARGET_GONE,identity no longer active
2026-10-02T16:05:47Z,APP_21879_3030045,21879,3030045,18,1120,201.499,0,0,-1,-1,0,0.999931471,NA,NA,70.000000000,MEASURED_CPU_FAULT,CPU;INTERVAL_FAULTS,NA,NA,NA,NA,NA,NA,NA,NA,NA,NA,NA,NA,NA,NA,NA,NA,NA,NA,NA,NA,NA,NA,NA,TARGET_GONE,identity no longer active
2026-10-02T16:05:47Z,APP_21879_3030045,21879,3030045,18,1121,200.607,0,0,-1,-1,0,0.999931471,NA,NA,70.000000000,MEASURED_CPU_FAULT,CPU;INTERVAL_FAULTS,NA,NA,NA,NA,NA,NA,NA,NA,NA,NA,NA,NA,NA,NA,NA,NA,NA,NA,NA,NA,NA,NA,NA,TARGET_GONE,identity no longer active
2026-10-02T16:05:47Z,APP_21879_3030045,21879,3030045,18,1122,191.617,0,0,-1,-1,0,0.999931471,NA,NA,70.000000000,MEASURED_CPU_FAULT,CPU;INTERVAL_FAULTS,NA,NA,NA,NA,NA,NA,NA,NA,NA,NA,NA,NA,NA,NA,NA,NA,NA,NA,NA,NA,NA,NA,NA,TARGET_GONE,identity no longer active
2026-10-02T16:05:27Z,APP_21879_3030045,21879,3030045,19,1123,0.000,0,0,-1,-1,0,0.999931471,1,true,0.000000000,MEASURED_CPU_FAULT,CPU;INTERVAL_FAULTS,HOT,669.474315258,0.560000000,0.700000000,NA,NA,NA,NA,0.560000000,0.000000000,0.700000000,0.000000000,-1.000000000,1.232000000,NA,MOVE_THREAD,INVALID,NOT_APPLICABLE,INVALID,MOVE_THREAD,-1,-1,false,TARGET_GONE,identity no longer active
2026-10-02T16:05:28Z,APP_21879_3030045,21879,3030045,19,1124,0.000,0,0,-1,-1,0,0.999931471,NA,NA,0.000000000,MEASURED_CPU_FAULT,CPU;INTERVAL_FAULTS,NA,NA,NA,NA,NA,NA,NA,NA,NA,NA,NA,NA,NA,NA,NA,NA,NA,NA,NA,NA,NA,NA,NA,TARGET_GONE,identity no longer active
2026-10-02T16:05:28Z,APP_21879_3030045,21879,3030045,19,1125,6.934,0,0,-1,-1,0,0.999931471,NA,NA,4.853800000,MEASURED_CPU_FAULT,CPU;INTERVAL_FAULTS,NA,NA,NA,NA,NA,NA,NA,NA,NA,NA,NA,NA,NA,NA,NA,NA,NA,NA,NA,NA,NA,NA,NA,TARGET_GONE,identity no longer active
2026-10-02T16:05:28Z,APP_21879_3030045,21879,3030045,19,1126,0.000,0,0,-1,-1,0,0.999931471,NA,NA,0.000000000,MEASURED_CPU_FAULT,CPU;INTERVAL_FAULTS,NA,NA,NA,NA,NA,NA,NA,NA,NA,NA,NA,NA,NA,NA,NA,NA,NA,NA,NA,NA,NA,NA,NA,TARGET_GONE,identity no longer active
2026-10-02T16:05:28Z,APP_21879_3030045,21879,3030045,19,1127,0.000,0,0,-1,-1,0,0.999931471,NA,NA,0.000000000,MEASURED_CPU_FAULT,CPU;INTERVAL_FAULTS,NA,NA,NA,NA,NA,NA,NA,NA,NA,NA,NA,NA,NA,NA,NA,NA,NA,NA,NA,NA,NA,NA,NA,TARGET_GONE,identity no longer active
2026-10-02T16:05:28Z,APP_21879_3030045,21879,3030045,19,1128,0.000,0,0,-1,-1,0,0.999931471,NA,NA,0.000000000,MEASURED_CPU_FAULT,CPU;INTERVAL_FAULTS,NA,NA,NA,NA,NA,NA,NA,NA,NA,NA,NA,NA,NA,NA,NA,NA,NA,NA,NA,NA,NA,NA,NA,TARGET_GONE,identity no longer active
2026-10-02T16:05:28Z,APP_21879_3030045,21879,3030045,19,1129,0.000,0,0,-1,-1,0,0.999931471,NA,NA,0.000000000,MEASURED_CPU_FAULT,CPU;INTERVAL_FAULTS,NA,NA,NA,NA,NA,NA,NA,NA,NA,NA,NA,NA,NA,NA,NA,NA,NA,NA,NA,NA,NA,NA,NA,TARGET_GONE,identity no longer active
2026-10-02T16:05:29Z,APP_21879_3030045,21879,3030045,19,1130,0.000,0,0,-1,-1,0,0.999931471,NA,NA,0.000000000,MEASURED_CPU_FAULT,CPU;INTERVAL_FAULTS,NA,NA,NA,NA,NA,NA,NA,NA,NA,NA,NA,NA,NA,NA,NA,NA,NA,NA,NA,NA,NA,NA,NA,TARGET_GONE,identity no longer active
2026-10-02T16:05:29Z,APP_21879_3030045,21879,3030045,19,1131,95.238,0,0,-1,-1,0,0.999931471,NA,NA,66.666600000,MEASURED_CPU_FAULT,CPU;INTERVAL_FAULTS,NA,NA,NA,NA,NA,NA,NA,NA,NA,NA,NA,NA,NA,NA,NA,NA,NA,NA,NA,NA,NA,NA,NA,TARGET_GONE,identity no longer active
2026-10-02T16:05:29Z,APP_21879_3030045,21879,3030045,19,1132,201.802,0,0,-1,-1,0,0.999931471,NA,NA,70.000000000,MEASURED_CPU_FAULT,CPU;INTERVAL_FAULTS,NA,NA,NA,NA,NA,NA,NA,NA,NA,NA,NA,NA,NA,NA,NA,NA,NA,NA,NA,NA,NA,NA,NA,TARGET_GONE,identity no longer active
2026-10-02T16:05:29Z,APP_21879_3030045,21879,3030045,19,1133,198.650,0,0,-1,-1,0,0.999931471,NA,NA,70.000000000,MEASURED_CPU_FAULT,CPU;INTERVAL_FAULTS,NA,NA,NA,NA,NA,NA,NA,NA,NA,NA,NA,NA,NA,NA,NA,NA,NA,NA,NA,NA,NA,NA,NA,TARGET_GONE,identity no longer active
2026-10-02T16:05:29Z,APP_21879_3030045,21879,3030045,19,1134,201.198,0,0,-1,-1,0,0.999931471,NA,NA,70.000000000,MEASURED_CPU_FAULT,CPU;INTERVAL_FAULTS,NA,NA,NA,NA,NA,NA,NA,NA,NA,NA,NA,NA,NA,NA,NA,NA,NA,NA,NA,NA,NA,NA,NA,TARGET_GONE,identity no longer active
2026-10-02T16:05:29Z,APP_21879_3030045,21879,3030045,19,1135,202.230,0,0,-1,-1,0,0.999931471,NA,NA,70.000000000,MEASURED_CPU_FAULT,CPU;INTERVAL_FAULTS,NA,NA,NA,NA,NA,NA,NA,NA,NA,NA,NA,NA,NA,NA,NA,NA,NA,NA,NA,NA,NA,NA,NA,TARGET_GONE,identity no longer active
2026-10-02T16:05:29Z,APP_21879_3030045,21879,3030045,19,1136,191.617,0,0,-1,-1,0,0.999931471,NA,NA,70.000000000,MEASURED_CPU_FAULT,CPU;INTERVAL_FAULTS,NA,NA,NA,NA,NA,NA,NA,NA,NA,NA,NA,NA,NA,NA,NA,NA,NA,NA,NA,NA,NA,NA,NA,TARGET_GONE,identity no longer active
2026-10-02T16:05:29Z,APP_21879_3030045,21879,3030045,19,1137,202.043,0,0,-1,-1,0,0.999931471,NA,NA,70.000000000,MEASURED_CPU_FAULT,CPU;INTERVAL_FAULTS,NA,NA,NA,NA,NA,NA,NA,NA,NA,NA,NA,NA,NA,NA,NA,NA,NA,NA,NA,NA,NA,NA,NA,TARGET_GONE,identity no longer active
2026-10-02T16:05:30Z,APP_21879_3030045,21879,3030045,19,1138,201.198,0,0,-1,-1,0,0.999931471,NA,NA,70.000000000,MEASURED_CPU_FAULT,CPU;INTERVAL_FAULTS,NA,NA,NA,NA,NA,NA,NA,NA,NA,NA,NA,NA,NA,NA,NA,NA,NA,NA,NA,NA,NA,NA,NA,TARGET_GONE,identity no longer active
2026-10-02T16:05:30Z,APP_21879_3030045,21879,3030045,19,1139,197.280,0,0,-1,-1,0,0.999931471,NA,NA,70.000000000,MEASURED_CPU_FAULT,CPU;INTERVAL_FAULTS,NA,NA,NA,NA,NA,NA,NA,NA,NA,NA,NA,NA,NA,NA,NA,NA,NA,NA,NA,NA,NA,NA,NA,TARGET_GONE,identity no longer active
2026-10-02T16:05:30Z,APP_21879_3030045,21879,3030045,19,1140,210.778,0,0,-1,-1,0,0.999931471,NA,NA,70.000000000,MEASURED_CPU_FAULT,CPU;INTERVAL_FAULTS,NA,NA,NA,NA,NA,NA,NA,NA,NA,NA,NA,NA,NA,NA,NA,NA,NA,NA,NA,NA,NA,NA,NA,TARGET_GONE,identity no longer active
2026-10-02T16:05:30Z,APP_21879_3030045,21879,3030045,19,1141,191.904,0,0,-1,-1,0,0.999931471,NA,NA,70.000000000,MEASURED_CPU_FAULT,CPU;INTERVAL_FAULTS,NA,NA,NA,NA,NA,NA,NA,NA,NA,NA,NA,NA,NA,NA,NA,NA,NA,NA,NA,NA,NA,NA,NA,TARGET_GONE,identity no longer active
2026-10-02T16:05:30Z,APP_21879_3030045,21879,3030045,19,1142,205.714,0,0,-1,-1,0,0.999931471,NA,NA,70.000000000,MEASURED_CPU_FAULT,CPU;INTERVAL_FAULTS,NA,NA,NA,NA,NA,NA,NA,NA,NA,NA,NA,NA,NA,NA,NA,NA,NA,NA,NA,NA,NA,NA,NA,TARGET_GONE,identity no longer active
2026-10-02T16:05:30Z,APP_21879_3030045,21879,3030045,19,1143,201.198,0,0,-1,-1,0,0.999931471,NA,NA,70.000000000,MEASURED_CPU_FAULT,CPU;INTERVAL_FAULTS,NA,NA,NA,NA,NA,NA,NA,NA,NA,NA,NA,NA,NA,NA,NA,NA,NA,NA,NA,NA,NA,NA,NA,TARGET_GONE,identity no longer active
2026-10-02T16:05:30Z,APP_21879_3030045,21879,3030045,19,1144,196.648,0,0,-1,-1,0,0.999931471,NA,NA,70.000000000,MEASURED_CPU_FAULT,CPU;INTERVAL_FAULTS,NA,NA,NA,NA,NA,NA,NA,NA,NA,NA,NA,NA,NA,NA,NA,NA,NA,NA,NA,NA,NA,NA,NA,TARGET_GONE,identity no longer active
2026-10-02T16:05:30Z,APP_21879_3030045,21879,3030045,19,1145,201.499,0,0,-1,-1,0,0.999931471,NA,NA,70.000000000,MEASURED_CPU_FAULT,CPU;INTERVAL_FAULTS,NA,NA,NA,NA,NA,NA,NA,NA,NA,NA,NA,NA,NA,NA,NA,NA,NA,NA,NA,NA,NA,NA,NA,TARGET_GONE,identity no longer active
2026-10-02T16:05:31Z,APP_21879_3030045,21879,3030045,19,1146,202.772,0,0,-1,-1,0,0.999931471,NA,NA,70.000000000,MEASURED_CPU_FAULT,CPU;INTERVAL_FAULTS,NA,NA,NA,NA,NA,NA,NA,NA,NA,NA,NA,NA,NA,NA,NA,NA,NA,NA,NA,NA,NA,NA,NA,TARGET_GONE,identity no longer active
2026-10-02T16:05:31Z,APP_21879_3030045,21879,3030045,19,1147,201.499,0,0,-1,-1,0,0.999931471,NA,NA,70.000000000,MEASURED_CPU_FAULT,CPU;INTERVAL_FAULTS,NA,NA,NA,NA,NA,NA,NA,NA,NA,NA,NA,NA,NA,NA,NA,NA,NA,NA,NA,NA,NA,NA,NA,TARGET_GONE,identity no longer active
2026-10-02T16:05:31Z,APP_21879_3030045,21879,3030045,19,1148,195.918,0,0,-1,-1,0,0.999931471,NA,NA,70.000000000,MEASURED_CPU_FAULT,CPU;INTERVAL_FAULTS,NA,NA,NA,NA,NA,NA,NA,NA,NA,NA,NA,NA,NA,NA,NA,NA,NA,NA,NA,NA,NA,NA,NA,TARGET_GONE,identity no longer active
2026-10-02T16:05:31Z,APP_21879_3030045,21879,3030045,19,1149,211.411,0,0,-1,-1,0,0.999931471,NA,NA,70.000000000,MEASURED_CPU_FAULT,CPU;INTERVAL_FAULTS,NA,NA,NA,NA,NA,NA,NA,NA,NA,NA,NA,NA,NA,NA,NA,NA,NA,NA,NA,NA,NA,NA,NA,TARGET_GONE,identity no longer active
2026-10-02T16:05:31Z,APP_21879_3030045,21879,3030045,19,1150,201.499,0,0,-1,-1,0,0.999931471,NA,NA,70.000000000,MEASURED_CPU_FAULT,CPU;INTERVAL_FAULTS,NA,NA,NA,NA,NA,NA,NA,NA,NA,NA,NA,NA,NA,NA,NA,NA,NA,NA,NA,NA,NA,NA,NA,TARGET_GONE,identity no longer active
2026-10-02T16:05:31Z,APP_21879_3030045,21879,3030045,19,1151,198.706,0,0,-1,-1,0,0.999931471,NA,NA,70.000000000,MEASURED_CPU_FAULT,CPU;INTERVAL_FAULTS,NA,NA,NA,NA,NA,NA,NA,NA,NA,NA,NA,NA,NA,NA,NA,NA,NA,NA,NA,NA,NA,NA,NA,TARGET_GONE,identity no longer active
2026-10-02T16:05:31Z,APP_21879_3030045,21879,3030045,19,1152,191.904,0,0,-1,-1,0,0.999931471,NA,NA,70.000000000,MEASURED_CPU_FAULT,CPU;INTERVAL_FAULTS,NA,NA,NA,NA,NA,NA,NA,NA,NA,NA,NA,NA,NA,NA,NA,NA,NA,NA,NA,NA,NA,NA,NA,TARGET_GONE,identity no longer active
2026-10-02T16:05:31Z,APP_21879_3030045,21879,3030045,19,1153,204.325,0,0,-1,-1,0,0.999931471,NA,NA,70.000000000,MEASURED_CPU_FAULT,CPU;INTERVAL_FAULTS,NA,NA,NA,NA,NA,NA,NA,NA,NA,NA,NA,NA,NA,NA,NA,NA,NA,NA,NA,NA,NA,NA,NA,TARGET_GONE,identity no longer active
2026-10-02T16:05:31Z,APP_21879_3030045,21879,3030045,19,1154,201.499,0,0,-1,-1,0,0.999931471,NA,NA,70.000000000,MEASURED_CPU_FAULT,CPU;INTERVAL_FAULTS,NA,NA,NA,NA,NA,NA,NA,NA,NA,NA,NA,NA,NA,NA,NA,NA,NA,NA,NA,NA,NA,NA,NA,TARGET_GONE,identity no longer active
2026-10-02T16:05:32Z,APP_21879_3030045,21879,3030045,19,1155,197.531,0,0,-1,-1,0,0.999931471,NA,NA,70.000000000,MEASURED_CPU_FAULT,CPU;INTERVAL_FAULTS,NA,NA,NA,NA,NA,NA,NA,NA,NA,NA,NA,NA,NA,NA,NA,NA,NA,NA,NA,NA,NA,NA,NA,TARGET_GONE,identity no longer active
2026-10-02T16:05:32Z,APP_21879_3030045,21879,3030045,19,1156,201.499,0,0,-1,-1,0,0.999931471,NA,NA,70.000000000,MEASURED_CPU_FAULT,CPU;INTERVAL_FAULTS,NA,NA,NA,NA,NA,NA,NA,NA,NA,NA,NA,NA,NA,NA,NA,NA,NA,NA,NA,NA,NA,NA,NA,TARGET_GONE,identity no longer active
2026-10-02T16:05:32Z,APP_21879_3030045,21879,3030045,19,1157,203.885,0,0,-1,-1,0,0.999931471,NA,NA,70.000000000,MEASURED_CPU_FAULT,CPU;INTERVAL_FAULTS,NA,NA,NA,NA,NA,NA,NA,NA,NA,NA,NA,NA,NA,NA,NA,NA,NA,NA,NA,NA,NA,NA,NA,TARGET_GONE,identity no longer active
2026-10-02T16:05:32Z,APP_21879_3030045,21879,3030045,19,1158,192.771,0,0,-1,-1,0,0.999931471,NA,NA,70.000000000,MEASURED_CPU_FAULT,CPU;INTERVAL_FAULTS,NA,NA,NA,NA,NA,NA,NA,NA,NA,NA,NA,NA,NA,NA,NA,NA,NA,NA,NA,NA,NA,NA,NA,TARGET_GONE,identity no longer active
2026-10-02T16:05:32Z,APP_21879_3030045,21879,3030045,19,1159,201.499,0,0,-1,-1,0,0.999931471,NA,NA,70.000000000,MEASURED_CPU_FAULT,CPU;INTERVAL_FAULTS,NA,NA,NA,NA,NA,NA,NA,NA,NA,NA,NA,NA,NA,NA,NA,NA,NA,NA,NA,NA,NA,NA,NA,TARGET_GONE,identity no longer active
2026-10-02T16:05:32Z,APP_21879_3030045,21879,3030045,19,1160,191.847,0,0,-1,-1,0,0.999931471,NA,NA,70.000000000,MEASURED_CPU_FAULT,CPU;INTERVAL_FAULTS,NA,NA,NA,NA,NA,NA,NA,NA,NA,NA,NA,NA,NA,NA,NA,NA,NA,NA,NA,NA,NA,NA,NA,TARGET_GONE,identity no longer active
2026-10-02T16:05:32Z,APP_21879_3030045,21879,3030045,19,1161,201.198,0,0,-1,-1,0,0.999931471,NA,NA,70.000000000,MEASURED_CPU_FAULT,CPU;INTERVAL_FAULTS,NA,NA,NA,NA,NA,NA,NA,NA,NA,NA,NA,NA,NA,NA,NA,NA,NA,NA,NA,NA,NA,NA,NA,TARGET_GONE,identity no longer active
2026-10-02T16:05:32Z,APP_21879_3030045,21879,3030045,19,1162,204.115,0,0,-1,-1,0,0.999931471,NA,NA,70.000000000,MEASURED_CPU_FAULT,CPU;INTERVAL_FAULTS,NA,NA,NA,NA,NA,NA,NA,NA,NA,NA,NA,NA,NA,NA,NA,NA,NA,NA,NA,NA,NA,NA,NA,TARGET_GONE,identity no longer active
2026-10-02T16:05:33Z,APP_21879_3030045,21879,3030045,19,1163,192.192,0,0,-1,-1,0,0.999931471,NA,NA,70.000000000,MEASURED_CPU_FAULT,CPU;INTERVAL_FAULTS,NA,NA,NA,NA,NA,NA,NA,NA,NA,NA,NA,NA,NA,NA,NA,NA,NA,NA,NA,NA,NA,NA,NA,TARGET_GONE,identity no longer active
2026-10-02T16:05:33Z,APP_21879_3030045,21879,3030045,19,1164,204.115,0,0,-1,-1,0,0.999931471,NA,NA,70.000000000,MEASURED_CPU_FAULT,CPU;INTERVAL_FAULTS,NA,NA,NA,NA,NA,NA,NA,NA,NA,NA,NA,NA,NA,NA,NA,NA,NA,NA,NA,NA,NA,NA,NA,TARGET_GONE,identity no longer active
2026-10-02T16:05:33Z,APP_21879_3030045,21879,3030045,19,1165,201.802,0,0,-1,-1,0,0.999931471,NA,NA,70.000000000,MEASURED_CPU_FAULT,CPU;INTERVAL_FAULTS,NA,NA,NA,NA,NA,NA,NA,NA,NA,NA,NA,NA,NA,NA,NA,NA,NA,NA,NA,NA,NA,NA,NA,TARGET_GONE,identity no longer active
2026-10-02T16:05:33Z,APP_21879_3030045,21879,3030045,19,1166,201.491,0,0,-1,-1,0,0.999931471,NA,NA,70.000000000,MEASURED_CPU_FAULT,CPU;INTERVAL_FAULTS,NA,NA,NA,NA,NA,NA,NA,NA,NA,NA,NA,NA,NA,NA,NA,NA,NA,NA,NA,NA,NA,NA,NA,TARGET_GONE,identity no longer active
2026-10-02T16:05:33Z,APP_21879_3030045,21879,3030045,19,1167,192.771,0,0,-1,-1,0,0.999931471,NA,NA,70.000000000,MEASURED_CPU_FAULT,CPU;INTERVAL_FAULTS,NA,NA,NA,NA,NA,NA,NA,NA,NA,NA,NA,NA,NA,NA,NA,NA,NA,NA,NA,NA,NA,NA,NA,TARGET_GONE,identity no longer active
2026-10-02T16:05:33Z,APP_21879_3030045,21879,3030045,19,1168,201.499,0,0,-1,-1,0,0.999931471,NA,NA,70.000000000,MEASURED_CPU_FAULT,CPU;INTERVAL_FAULTS,NA,NA,NA,NA,NA,NA,NA,NA,NA,NA,NA,NA,NA,NA,NA,NA,NA,NA,NA,NA,NA,NA,NA,TARGET_GONE,identity no longer active
2026-10-02T16:05:33Z,APP_21879_3030045,21879,3030045,19,1169,199.253,0,0,-1,-1,0,0.999931471,NA,NA,70.000000000,MEASURED_CPU_FAULT,CPU;INTERVAL_FAULTS,NA,NA,NA,NA,NA,NA,NA,NA,NA,NA,NA,NA,NA,NA,NA,NA,NA,NA,NA,NA,NA,NA,NA,TARGET_GONE,identity no longer active
2026-10-02T16:05:33Z,APP_21879_3030045,21879,3030045,19,1170,201.198,0,0,-1,-1,0,0.999931471,NA,NA,70.000000000,MEASURED_CPU_FAULT,CPU;INTERVAL_FAULTS,NA,NA,NA,NA,NA,NA,NA,NA,NA,NA,NA,NA,NA,NA,NA,NA,NA,NA,NA,NA,NA,NA,NA,TARGET_GONE,identity no longer active
2026-10-02T16:05:34Z,APP_21879_3030045,21879,3030045,19,1171,198.142,0,0,-1,-1,0,0.999931471,NA,NA,70.000000000,MEASURED_CPU_FAULT,CPU;INTERVAL_FAULTS,NA,NA,NA,NA,NA,NA,NA,NA,NA,NA,NA,NA,NA,NA,NA,NA,NA,NA,NA,NA,NA,NA,NA,TARGET_GONE,identity no longer active
2026-10-02T16:05:34Z,APP_21879_3030045,21879,3030045,19,1172,200.897,0,0,-1,-1,0,0.999931471,NA,NA,70.000000000,MEASURED_CPU_FAULT,CPU;INTERVAL_FAULTS,NA,NA,NA,NA,NA,NA,NA,NA,NA,NA,NA,NA,NA,NA,NA,NA,NA,NA,NA,NA,NA,NA,NA,TARGET_GONE,identity no longer active
2026-10-02T16:05:34Z,APP_21879_3030045,21879,3030045,19,1173,197.938,0,0,-1,-1,0,0.999931471,NA,NA,70.000000000,MEASURED_CPU_FAULT,CPU;INTERVAL_FAULTS,NA,NA,NA,NA,NA,NA,NA,NA,NA,NA,NA,NA,NA,NA,NA,NA,NA,NA,NA,NA,NA,NA,NA,TARGET_GONE,identity no longer active
2026-10-02T16:05:34Z,APP_21879_3030045,21879,3030045,19,1174,201.499,0,0,-1,-1,0,0.999931471,NA,NA,70.000000000,MEASURED_CPU_FAULT,CPU;INTERVAL_FAULTS,NA,NA,NA,NA,NA,NA,NA,NA,NA,NA,NA,NA,NA,NA,NA,NA,NA,NA,NA,NA,NA,NA,NA,TARGET_GONE,identity no longer active
2026-10-02T16:05:34Z,APP_21879_3030045,21879,3030045,19,1175,202.625,0,0,-1,-1,0,0.999931471,NA,NA,70.000000000,MEASURED_CPU_FAULT,CPU;INTERVAL_FAULTS,NA,NA,NA,NA,NA,NA,NA,NA,NA,NA,NA,NA,NA,NA,NA,NA,NA,NA,NA,NA,NA,NA,NA,TARGET_GONE,identity no longer active
2026-10-02T16:05:34Z,APP_21879_3030045,21879,3030045,19,1176,192.192,0,0,-1,-1,0,0.999931471,NA,NA,70.000000000,MEASURED_CPU_FAULT,CPU;INTERVAL_FAULTS,NA,NA,NA,NA,NA,NA,NA,NA,NA,NA,NA,NA,NA,NA,NA,NA,NA,NA,NA,NA,NA,NA,NA,TARGET_GONE,identity no longer active
2026-10-02T16:05:34Z,APP_21879_3030045,21879,3030045,19,1177,201.198,0,0,-1,-1,0,0.999931471,NA,NA,70.000000000,MEASURED_CPU_FAULT,CPU;INTERVAL_FAULTS,NA,NA,NA,NA,NA,NA,NA,NA,NA,NA,NA,NA,NA,NA,NA,NA,NA,NA,NA,NA,NA,NA,NA,TARGET_GONE,identity no longer active
2026-10-02T16:05:34Z,APP_21879_3030045,21879,3030045,19,1178,199.253,0,0,-1,-1,0,0.999931471,NA,NA,70.000000000,MEASURED_CPU_FAULT,CPU;INTERVAL_FAULTS,NA,NA,NA,NA,NA,NA,NA,NA,NA,NA,NA,NA,NA,NA,NA,NA,NA,NA,NA,NA,NA,NA,NA,TARGET_GONE,identity no longer active
2026-10-02T16:05:34Z,APP_21879_3030045,21879,3030045,19,1179,201.802,0,0,-1,-1,0,0.999931471,NA,NA,70.000000000,MEASURED_CPU_FAULT,CPU;INTERVAL_FAULTS,NA,NA,NA,NA,NA,NA,NA,NA,NA,NA,NA,NA,NA,NA,NA,NA,NA,NA,NA,NA,NA,NA,NA,TARGET_GONE,identity no longer active
2026-10-02T16:05:35Z,APP_21879_3030045,21879,3030045,19,1180,197.328,0,0,-1,-1,0,0.999931471,NA,NA,70.000000000,MEASURED_CPU_FAULT,CPU;INTERVAL_FAULTS,NA,NA,NA,NA,NA,NA,NA,NA,NA,NA,NA,NA,NA,NA,NA,NA,NA,NA,NA,NA,NA,NA,NA,TARGET_GONE,identity no longer active
2026-10-02T16:05:35Z,APP_21879_3030045,21879,3030045,19,1181,201.499,0,0,-1,-1,0,0.999931471,NA,NA,70.000000000,MEASURED_CPU_FAULT,CPU;INTERVAL_FAULTS,NA,NA,NA,NA,NA,NA,NA,NA,NA,NA,NA,NA,NA,NA,NA,NA,NA,NA,NA,NA,NA,NA,NA,TARGET_GONE,identity no longer active
2026-10-02T16:05:35Z,APP_21879_3030045,21879,3030045,19,1182,198.142,0,0,-1,-1,0,0.999931471,NA,NA,70.000000000,MEASURED_CPU_FAULT,CPU;INTERVAL_FAULTS,NA,NA,NA,NA,NA,NA,NA,NA,NA,NA,NA,NA,NA,NA,NA,NA,NA,NA,NA,NA,NA,NA,NA,TARGET_GONE,identity no longer active
2026-10-02T16:05:35Z,APP_21879_3030045,21879,3030045,19,1183,201.198,0,0,-1,-1,0,0.999931471,NA,NA,70.000000000,MEASURED_CPU_FAULT,CPU;INTERVAL_FAULTS,NA,NA,NA,NA,NA,NA,NA,NA,NA,NA,NA,NA,NA,NA,NA,NA,NA,NA,NA,NA,NA,NA,NA,TARGET_GONE,identity no longer active
2026-10-02T16:05:35Z,APP_21879_3030045,21879,3030045,19,1184,203.253,0,0,-1,-1,0,0.999931471,NA,NA,70.000000000,MEASURED_CPU_FAULT,CPU;INTERVAL_FAULTS,NA,NA,NA,NA,NA,NA,NA,NA,NA,NA,NA,NA,NA,NA,NA,NA,NA,NA,NA,NA,NA,NA,NA,TARGET_GONE,identity no longer active
2026-10-02T16:05:35Z,APP_21879_3030045,21879,3030045,19,1185,192.192,0,0,-1,-1,0,0.999931471,NA,NA,70.000000000,MEASURED_CPU_FAULT,CPU;INTERVAL_FAULTS,NA,NA,NA,NA,NA,NA,NA,NA,NA,NA,NA,NA,NA,NA,NA,NA,NA,NA,NA,NA,NA,NA,NA,TARGET_GONE,identity no longer active
2026-10-02T16:05:35Z,APP_21879_3030045,21879,3030045,19,1186,201.499,0,0,-1,-1,0,0.999931471,NA,NA,70.000000000,MEASURED_CPU_FAULT,CPU;INTERVAL_FAULTS,NA,NA,NA,NA,NA,NA,NA,NA,NA,NA,NA,NA,NA,NA,NA,NA,NA,NA,NA,NA,NA,NA,NA,TARGET_GONE,identity no longer active
2026-10-02T16:05:35Z,APP_21879_3030045,21879,3030045,19,1187,199.253,0,0,-1,-1,0,0.999931471,NA,NA,70.000000000,MEASURED_CPU_FAULT,CPU;INTERVAL_FAULTS,NA,NA,NA,NA,NA,NA,NA,NA,NA,NA,NA,NA,NA,NA,NA,NA,NA,NA,NA,NA,NA,NA,NA,TARGET_GONE,identity no longer active
2026-10-02T16:05:36Z,APP_21879_3030045,21879,3030045,19,1188,201.198,0,0,-1,-1,0,0.999931471,NA,NA,70.000000000,MEASURED_CPU_FAULT,CPU;INTERVAL_FAULTS,NA,NA,NA,NA,NA,NA,NA,NA,NA,NA,NA,NA,NA,NA,NA,NA,NA,NA,NA,NA,NA,NA,NA,TARGET_GONE,identity no longer active
2026-10-02T16:05:36Z,APP_21879_3030045,21879,3030045,19,1189,197.938,0,0,-1,-1,0,0.999931471,NA,NA,70.000000000,MEASURED_CPU_FAULT,CPU;INTERVAL_FAULTS,NA,NA,NA,NA,NA,NA,NA,NA,NA,NA,NA,NA,NA,NA,NA,NA,NA,NA,NA,NA,NA,NA,NA,TARGET_GONE,identity no longer active
2026-10-02T16:05:36Z,APP_21879_3030045,21879,3030045,19,1190,201.198,0,0,-1,-1,0,0.999931471,NA,NA,70.000000000,MEASURED_CPU_FAULT,CPU;INTERVAL_FAULTS,NA,NA,NA,NA,NA,NA,NA,NA,NA,NA,NA,NA,NA,NA,NA,NA,NA,NA,NA,NA,NA,NA,NA,TARGET_GONE,identity no longer active
2026-10-02T16:05:36Z,APP_21879_3030045,21879,3030045,19,1191,197.734,0,0,-1,-1,0,0.999931471,NA,NA,70.000000000,MEASURED_CPU_FAULT,CPU;INTERVAL_FAULTS,NA,NA,NA,NA,NA,NA,NA,NA,NA,NA,NA,NA,NA,NA,NA,NA,NA,NA,NA,NA,NA,NA,NA,TARGET_GONE,identity no longer active
2026-10-02T16:05:36Z,APP_21879_3030045,21879,3030045,19,1192,201.802,0,0,-1,-1,0,0.999931471,NA,NA,70.000000000,MEASURED_CPU_FAULT,CPU;INTERVAL_FAULTS,NA,NA,NA,NA,NA,NA,NA,NA,NA,NA,NA,NA,NA,NA,NA,NA,NA,NA,NA,NA,NA,NA,NA,TARGET_GONE,identity no longer active
2026-10-02T16:05:36Z,APP_21879_3030045,21879,3030045,19,1193,203.096,0,0,-1,-1,0,0.999931471,NA,NA,70.000000000,MEASURED_CPU_FAULT,CPU;INTERVAL_FAULTS,NA,NA,NA,NA,NA,NA,NA,NA,NA,NA,NA,NA,NA,NA,NA,NA,NA,NA,NA,NA,NA,NA,NA,TARGET_GONE,identity no longer active
2026-10-02T16:05:36Z,APP_21879_3030045,21879,3030045,19,1194,191.617,0,0,-1,-1,0,0.999931471,NA,NA,70.000000000,MEASURED_CPU_FAULT,CPU;INTERVAL_FAULTS,NA,NA,NA,NA,NA,NA,NA,NA,NA,NA,NA,NA,NA,NA,NA,NA,NA,NA,NA,NA,NA,NA,NA,TARGET_GONE,identity no longer active
2026-10-02T16:05:36Z,APP_21879_3030045,21879,3030045,19,1195,201.499,0,0,-1,-1,0,0.999931471,NA,NA,70.000000000,MEASURED_CPU_FAULT,CPU;INTERVAL_FAULTS,NA,NA,NA,NA,NA,NA,NA,NA,NA,NA,NA,NA,NA,NA,NA,NA,NA,NA,NA,NA,NA,NA,NA,TARGET_GONE,identity no longer active
2026-10-02T16:05:37Z,APP_21879_3030045,21879,3030045,19,1196,199.253,0,0,-1,-1,0,0.999931471,NA,NA,70.000000000,MEASURED_CPU_FAULT,CPU;INTERVAL_FAULTS,NA,NA,NA,NA,NA,NA,NA,NA,NA,NA,NA,NA,NA,NA,NA,NA,NA,NA,NA,NA,NA,NA,NA,TARGET_GONE,identity no longer active
2026-10-02T16:05:37Z,APP_21879_3030045,21879,3030045,19,1197,201.198,0,0,-1,-1,0,0.999931471,NA,NA,70.000000000,MEASURED_CPU_FAULT,CPU;INTERVAL_FAULTS,NA,NA,NA,NA,NA,NA,NA,NA,NA,NA,NA,NA,NA,NA,NA,NA,NA,NA,NA,NA,NA,NA,NA,TARGET_GONE,identity no longer active
2026-10-02T16:05:37Z,APP_21879_3030045,21879,3030045,19,1198,197.734,0,0,-1,-1,0,0.999931471,NA,NA,70.000000000,MEASURED_CPU_FAULT,CPU;INTERVAL_FAULTS,NA,NA,NA,NA,NA,NA,NA,NA,NA,NA,NA,NA,NA,NA,NA,NA,NA,NA,NA,NA,NA,NA,NA,TARGET_GONE,identity no longer active
2026-10-02T16:05:37Z,APP_21879_3030045,21879,3030045,19,1199,201.802,0,0,-1,-1,0,0.999931471,NA,NA,70.000000000,MEASURED_CPU_FAULT,CPU;INTERVAL_FAULTS,NA,NA,NA,NA,NA,NA,NA,NA,NA,NA,NA,NA,NA,NA,NA,NA,NA,NA,NA,NA,NA,NA,NA,TARGET_GONE,identity no longer active
2026-10-02T16:05:37Z,APP_21879_3030045,21879,3030045,19,1200,197.531,0,0,-1,-1,0,0.999931471,NA,NA,70.000000000,MEASURED_CPU_FAULT,CPU;INTERVAL_FAULTS,NA,NA,NA,NA,NA,NA,NA,NA,NA,NA,NA,NA,NA,NA,NA,NA,NA,NA,NA,NA,NA,NA,NA,TARGET_GONE,identity no longer active
2026-10-02T16:05:37Z,APP_21879_3030045,21879,3030045,19,1201,201.499,0,0,-1,-1,0,0.999931471,NA,NA,70.000000000,MEASURED_CPU_FAULT,CPU;INTERVAL_FAULTS,NA,NA,NA,NA,NA,NA,NA,NA,NA,NA,NA,NA,NA,NA,NA,NA,NA,NA,NA,NA,NA,NA,NA,TARGET_GONE,identity no longer active
2026-10-02T16:05:37Z,APP_21879_3030045,21879,3030045,19,1202,202.755,0,0,-1,-1,0,0.999931471,NA,NA,70.000000000,MEASURED_CPU_FAULT,CPU;INTERVAL_FAULTS,NA,NA,NA,NA,NA,NA,NA,NA,NA,NA,NA,NA,NA,NA,NA,NA,NA,NA,NA,NA,NA,NA,NA,TARGET_GONE,identity no longer active
2026-10-02T16:05:37Z,APP_21879_3030045,21879,3030045,19,1203,191.617,0,0,-1,-1,0,0.999931471,NA,NA,70.000000000,MEASURED_CPU_FAULT,CPU;INTERVAL_FAULTS,NA,NA,NA,NA,NA,NA,NA,NA,NA,NA,NA,NA,NA,NA,NA,NA,NA,NA,NA,NA,NA,NA,NA,TARGET_GONE,identity no longer active
2026-10-02T16:05:38Z,APP_21879_3030045,21879,3030045,19,1204,201.499,0,0,-1,-1,0,0.999931471,NA,NA,70.000000000,MEASURED_CPU_FAULT,CPU;INTERVAL_FAULTS,NA,NA,NA,NA,NA,NA,NA,NA,NA,NA,NA,NA,NA,NA,NA,NA,NA,NA,NA,NA,NA,NA,NA,TARGET_GONE,identity no longer active
2026-10-02T16:05:38Z,APP_21879_3030045,21879,3030045,19,1205,206.708,0,0,-1,-1,0,0.999931471,NA,NA,70.000000000,MEASURED_CPU_FAULT,CPU;INTERVAL_FAULTS,NA,NA,NA,NA,NA,NA,NA,NA,NA,NA,NA,NA,NA,NA,NA,NA,NA,NA,NA,NA,NA,NA,NA,TARGET_GONE,identity no longer active
2026-10-02T16:05:38Z,APP_21879_3030045,21879,3030045,19,1206,191.617,0,0,-1,-1,0,0.999931471,NA,NA,70.000000000,MEASURED_CPU_FAULT,CPU;INTERVAL_FAULTS,NA,NA,NA,NA,NA,NA,NA,NA,NA,NA,NA,NA,NA,NA,NA,NA,NA,NA,NA,NA,NA,NA,NA,TARGET_GONE,identity no longer active
2026-10-02T16:05:38Z,APP_21879_3030045,21879,3030045,19,1207,200.607,0,0,-1,-1,0,0.999931471,NA,NA,70.000000000,MEASURED_CPU_FAULT,CPU;INTERVAL_FAULTS,NA,NA,NA,NA,NA,NA,NA,NA,NA,NA,NA,NA,NA,NA,NA,NA,NA,NA,NA,NA,NA,NA,NA,TARGET_GONE,identity no longer active
2026-10-02T16:05:38Z,APP_21879_3030045,21879,3030045,19,1208,201.198,0,0,-1,-1,0,0.999931471,NA,NA,70.000000000,MEASURED_CPU_FAULT,CPU;INTERVAL_FAULTS,NA,NA,NA,NA,NA,NA,NA,NA,NA,NA,NA,NA,NA,NA,NA,NA,NA,NA,NA,NA,NA,NA,NA,TARGET_GONE,identity no longer active
2026-10-02T16:05:38Z,APP_21879_3030045,21879,3030045,19,1209,199.610,0,0,-1,-1,0,0.999931471,NA,NA,70.000000000,MEASURED_CPU_FAULT,CPU;INTERVAL_FAULTS,NA,NA,NA,NA,NA,NA,NA,NA,NA,NA,NA,NA,NA,NA,NA,NA,NA,NA,NA,NA,NA,NA,NA,TARGET_GONE,identity no longer active
2026-10-02T16:05:38Z,APP_21879_3030045,21879,3030045,19,1210,201.198,0,0,-1,-1,0,0.999931471,NA,NA,70.000000000,MEASURED_CPU_FAULT,CPU;INTERVAL_FAULTS,NA,NA,NA,NA,NA,NA,NA,NA,NA,NA,NA,NA,NA,NA,NA,NA,NA,NA,NA,NA,NA,NA,NA,TARGET_GONE,identity no longer active
2026-10-02T16:05:39Z,APP_21879_3030045,21879,3030045,19,1211,200.000,0,0,-1,-1,0,0.999931471,NA,NA,70.000000000,MEASURED_CPU_FAULT,CPU;INTERVAL_FAULTS,NA,NA,NA,NA,NA,NA,NA,NA,NA,NA,NA,NA,NA,NA,NA,NA,NA,NA,NA,NA,NA,NA,NA,TARGET_GONE,identity no longer active
2026-10-02T16:05:39Z,APP_21879_3030045,21879,3030045,19,1212,192.192,0,0,-1,-1,0,0.999931471,NA,NA,70.000000000,MEASURED_CPU_FAULT,CPU;INTERVAL_FAULTS,NA,NA,NA,NA,NA,NA,NA,NA,NA,NA,NA,NA,NA,NA,NA,NA,NA,NA,NA,NA,NA,NA,NA,TARGET_GONE,identity no longer active
2026-10-02T16:05:39Z,APP_21879_3030045,21879,3030045,19,1213,201.802,0,0,-1,-1,0,0.999931471,NA,NA,70.000000000,MEASURED_CPU_FAULT,CPU;INTERVAL_FAULTS,NA,NA,NA,NA,NA,NA,NA,NA,NA,NA,NA,NA,NA,NA,NA,NA,NA,NA,NA,NA,NA,NA,NA,TARGET_GONE,identity no longer active
2026-10-02T16:05:39Z,APP_21879_3030045,21879,3030045,19,1214,198.758,0,0,-1,-1,0,0.999931471,NA,NA,70.000000000,MEASURED_CPU_FAULT,CPU;INTERVAL_FAULTS,NA,NA,NA,NA,NA,NA,NA,NA,NA,NA,NA,NA,NA,NA,NA,NA,NA,NA,NA,NA,NA,NA,NA,TARGET_GONE,identity no longer active
2026-10-02T16:05:39Z,APP_21879_3030045,21879,3030045,19,1215,210.463,0,0,-1,-1,0,0.999931471,NA,NA,70.000000000,MEASURED_CPU_FAULT,CPU;INTERVAL_FAULTS,NA,NA,NA,NA,NA,NA,NA,NA,NA,NA,NA,NA,NA,NA,NA,NA,NA,NA,NA,NA,NA,NA,NA,TARGET_GONE,identity no longer active
2026-10-02T16:05:39Z,APP_21879_3030045,21879,3030045,19,1216,191.736,0,0,-1,-1,0,0.999931471,NA,NA,70.000000000,MEASURED_CPU_FAULT,CPU;INTERVAL_FAULTS,NA,NA,NA,NA,NA,NA,NA,NA,NA,NA,NA,NA,NA,NA,NA,NA,NA,NA,NA,NA,NA,NA,NA,TARGET_GONE,identity no longer active
2026-10-02T16:05:39Z,APP_21879_3030045,21879,3030045,19,1217,200.897,0,0,-1,-1,0,0.999931471,NA,NA,70.000000000,MEASURED_CPU_FAULT,CPU;INTERVAL_FAULTS,NA,NA,NA,NA,NA,NA,NA,NA,NA,NA,NA,NA,NA,NA,NA,NA,NA,NA,NA,NA,NA,NA,NA,TARGET_GONE,identity no longer active
2026-10-02T16:05:39Z,APP_21879_3030045,21879,3030045,19,1218,200.607,0,0,-1,-1,0,0.999931471,NA,NA,70.000000000,MEASURED_CPU_FAULT,CPU;INTERVAL_FAULTS,NA,NA,NA,NA,NA,NA,NA,NA,NA,NA,NA,NA,NA,NA,NA,NA,NA,NA,NA,NA,NA,NA,NA,TARGET_GONE,identity no longer active
2026-10-02T16:05:39Z,APP_21879_3030045,21879,3030045,19,1219,201.802,0,0,-1,-1,0,0.999931471,NA,NA,70.000000000,MEASURED_CPU_FAULT,CPU;INTERVAL_FAULTS,NA,NA,NA,NA,NA,NA,NA,NA,NA,NA,NA,NA,NA,NA,NA,NA,NA,NA,NA,NA,NA,NA,NA,TARGET_GONE,identity no longer active
2026-10-02T16:05:40Z,APP_21879_3030045,21879,3030045,19,1220,198.230,0,0,-1,-1,0,0.999931471,NA,NA,70.000000000,MEASURED_CPU_FAULT,CPU;INTERVAL_FAULTS,NA,NA,NA,NA,NA,NA,NA,NA,NA,NA,NA,NA,NA,NA,NA,NA,NA,NA,NA,NA,NA,NA,NA,TARGET_GONE,identity no longer active
2026-10-02T16:05:40Z,APP_21879_3030045,21879,3030045,19,1221,210.778,0,0,-1,-1,0,0.999931471,NA,NA,70.000000000,MEASURED_CPU_FAULT,CPU;INTERVAL_FAULTS,NA,NA,NA,NA,NA,NA,NA,NA,NA,NA,NA,NA,NA,NA,NA,NA,NA,NA,NA,NA,NA,NA,NA,TARGET_GONE,identity no longer active
2026-10-02T16:05:40Z,APP_21879_3030045,21879,3030045,19,1222,201.802,0,0,-1,-1,0,0.999931471,NA,NA,70.000000000,MEASURED_CPU_FAULT,CPU;INTERVAL_FAULTS,NA,NA,NA,NA,NA,NA,NA,NA,NA,NA,NA,NA,NA,NA,NA,NA,NA,NA,NA,NA,NA,NA,NA,TARGET_GONE,identity no longer active
2026-10-02T16:05:40Z,APP_21879_3030045,21879,3030045,19,1223,194.411,0,0,-1,-1,0,0.999931471,NA,NA,70.000000000,MEASURED_CPU_FAULT,CPU;INTERVAL_FAULTS,NA,NA,NA,NA,NA,NA,NA,NA,NA,NA,NA,NA,NA,NA,NA,NA,NA,NA,NA,NA,NA,NA,NA,TARGET_GONE,identity no longer active
2026-10-02T16:05:40Z,APP_21879_3030045,21879,3030045,19,1224,210.463,0,0,-1,-1,0,0.999931471,NA,NA,70.000000000,MEASURED_CPU_FAULT,CPU;INTERVAL_FAULTS,NA,NA,NA,NA,NA,NA,NA,NA,NA,NA,NA,NA,NA,NA,NA,NA,NA,NA,NA,NA,NA,NA,NA,TARGET_GONE,identity no longer active
2026-10-02T16:05:40Z,APP_21879_3030045,21879,3030045,19,1225,194.135,0,0,-1,-1,0,0.999931471,NA,NA,70.000000000,MEASURED_CPU_FAULT,CPU;INTERVAL_FAULTS,NA,NA,NA,NA,NA,NA,NA,NA,NA,NA,NA,NA,NA,NA,NA,NA,NA,NA,NA,NA,NA,NA,NA,TARGET_GONE,identity no longer active
2026-10-02T16:05:40Z,APP_21879_3030045,21879,3030045,19,1226,201.499,0,0,-1,-1,0,0.999931471,NA,NA,70.000000000,MEASURED_CPU_FAULT,CPU;INTERVAL_FAULTS,NA,NA,NA,NA,NA,NA,NA,NA,NA,NA,NA,NA,NA,NA,NA,NA,NA,NA,NA,NA,NA,NA,NA,TARGET_GONE,identity no longer active
2026-10-02T16:05:40Z,APP_21879_3030045,21879,3030045,19,1227,200.607,0,0,-1,-1,0,0.999931471,NA,NA,70.000000000,MEASURED_CPU_FAULT,CPU;INTERVAL_FAULTS,NA,NA,NA,NA,NA,NA,NA,NA,NA,NA,NA,NA,NA,NA,NA,NA,NA,NA,NA,NA,NA,NA,NA,TARGET_GONE,identity no longer active
2026-10-02T16:05:41Z,APP_21879_3030045,21879,3030045,19,1228,201.499,0,0,-1,-1,0,0.999931471,NA,NA,70.000000000,MEASURED_CPU_FAULT,CPU;INTERVAL_FAULTS,NA,NA,NA,NA,NA,NA,NA,NA,NA,NA,NA,NA,NA,NA,NA,NA,NA,NA,NA,NA,NA,NA,NA,TARGET_GONE,identity no longer active
2026-10-02T16:05:41Z,APP_21879_3030045,21879,3030045,19,1229,200.447,0,0,-1,-1,0,0.999931471,NA,NA,70.000000000,MEASURED_CPU_FAULT,CPU;INTERVAL_FAULTS,NA,NA,NA,NA,NA,NA,NA,NA,NA,NA,NA,NA,NA,NA,NA,NA,NA,NA,NA,NA,NA,NA,NA,TARGET_GONE,identity no longer active
2026-10-02T16:05:41Z,APP_21879_3030045,21879,3030045,19,1230,191.617,0,0,-1,-1,0,0.999931471,NA,NA,70.000000000,MEASURED_CPU_FAULT,CPU;INTERVAL_FAULTS,NA,NA,NA,NA,NA,NA,NA,NA,NA,NA,NA,NA,NA,NA,NA,NA,NA,NA,NA,NA,NA,NA,NA,TARGET_GONE,identity no longer active
2026-10-02T16:05:41Z,APP_21879_3030045,21879,3030045,19,1231,201.499,0,0,-1,-1,0,0.999931471,NA,NA,70.000000000,MEASURED_CPU_FAULT,CPU;INTERVAL_FAULTS,NA,NA,NA,NA,NA,NA,NA,NA,NA,NA,NA,NA,NA,NA,NA,NA,NA,NA,NA,NA,NA,NA,NA,TARGET_GONE,identity no longer active
2026-10-02T16:05:41Z,APP_21879_3030045,21879,3030045,19,1232,202.187,0,0,-1,-1,0,0.999931471,NA,NA,70.000000000,MEASURED_CPU_FAULT,CPU;INTERVAL_FAULTS,NA,NA,NA,NA,NA,NA,NA,NA,NA,NA,NA,NA,NA,NA,NA,NA,NA,NA,NA,NA,NA,NA,NA,TARGET_GONE,identity no longer active
2026-10-02T16:05:41Z,APP_21879_3030045,21879,3030045,19,1233,201.499,0,0,-1,-1,0,0.999931471,NA,NA,70.000000000,MEASURED_CPU_FAULT,CPU;INTERVAL_FAULTS,NA,NA,NA,NA,NA,NA,NA,NA,NA,NA,NA,NA,NA,NA,NA,NA,NA,NA,NA,NA,NA,NA,NA,TARGET_GONE,identity no longer active
2026-10-02T16:05:41Z,APP_21879_3030045,21879,3030045,19,1234,194.529,0,0,-1,-1,0,0.999931471,NA,NA,70.000000000,MEASURED_CPU_FAULT,CPU;INTERVAL_FAULTS,NA,NA,NA,NA,NA,NA,NA,NA,NA,NA,NA,NA,NA,NA,NA,NA,NA,NA,NA,NA,NA,NA,NA,TARGET_GONE,identity no longer active
2026-10-02T16:05:41Z,APP_21879_3030045,21879,3030045,19,1235,201.198,0,0,-1,-1,0,0.999931471,NA,NA,70.000000000,MEASURED_CPU_FAULT,CPU;INTERVAL_FAULTS,NA,NA,NA,NA,NA,NA,NA,NA,NA,NA,NA,NA,NA,NA,NA,NA,NA,NA,NA,NA,NA,NA,NA,TARGET_GONE,identity no longer active
2026-10-02T16:05:42Z,APP_21879_3030045,21879,3030045,19,1236,200.607,0,0,-1,-1,0,0.999931471,NA,NA,70.000000000,MEASURED_CPU_FAULT,CPU;INTERVAL_FAULTS,NA,NA,NA,NA,NA,NA,NA,NA,NA,NA,NA,NA,NA,NA,NA,NA,NA,NA,NA,NA,NA,NA,NA,TARGET_GONE,identity no longer active
2026-10-02T16:05:42Z,APP_21879_3030045,21879,3030045,19,1237,201.198,0,0,-1,-1,0,0.999931471,NA,NA,70.000000000,MEASURED_CPU_FAULT,CPU;INTERVAL_FAULTS,NA,NA,NA,NA,NA,NA,NA,NA,NA,NA,NA,NA,NA,NA,NA,NA,NA,NA,NA,NA,NA,NA,NA,TARGET_GONE,identity no longer active
2026-10-02T16:05:42Z,APP_21879_3030045,21879,3030045,19,1238,204.458,0,0,-1,-1,0,0.999931471,NA,NA,70.000000000,MEASURED_CPU_FAULT,CPU;INTERVAL_FAULTS,NA,NA,NA,NA,NA,NA,NA,NA,NA,NA,NA,NA,NA,NA,NA,NA,NA,NA,NA,NA,NA,NA,NA,TARGET_GONE,identity no longer active
2026-10-02T16:05:42Z,APP_21879_3030045,21879,3030045,19,1239,192.192,0,0,-1,-1,0,0.999931471,NA,NA,70.000000000,MEASURED_CPU_FAULT,CPU;INTERVAL_FAULTS,NA,NA,NA,NA,NA,NA,NA,NA,NA,NA,NA,NA,NA,NA,NA,NA,NA,NA,NA,NA,NA,NA,NA,TARGET_GONE,identity no longer active
2026-10-02T16:05:42Z,APP_21879_3030045,21879,3030045,19,1240,201.802,0,0,-1,-1,0,0.999931471,NA,NA,70.000000000,MEASURED_CPU_FAULT,CPU;INTERVAL_FAULTS,NA,NA,NA,NA,NA,NA,NA,NA,NA,NA,NA,NA,NA,NA,NA,NA,NA,NA,NA,NA,NA,NA,NA,TARGET_GONE,identity no longer active
2026-10-02T16:05:42Z,APP_21879_3030045,21879,3030045,19,1241,194.411,0,0,-1,-1,0,0.999931471,NA,NA,70.000000000,MEASURED_CPU_FAULT,CPU;INTERVAL_FAULTS,NA,NA,NA,NA,NA,NA,NA,NA,NA,NA,NA,NA,NA,NA,NA,NA,NA,NA,NA,NA,NA,NA,NA,TARGET_GONE,identity no longer active
2026-10-02T16:05:42Z,APP_21879_3030045,21879,3030045,19,1242,201.802,0,0,-1,-1,0,0.999931471,NA,NA,70.000000000,MEASURED_CPU_FAULT,CPU;INTERVAL_FAULTS,NA,NA,NA,NA,NA,NA,NA,NA,NA,NA,NA,NA,NA,NA,NA,NA,NA,NA,NA,NA,NA,NA,NA,TARGET_GONE,identity no longer active
2026-10-02T16:05:42Z,APP_21879_3030045,21879,3030045,19,1243,201.179,0,0,-1,-1,0,0.999931471,NA,NA,70.000000000,MEASURED_CPU_FAULT,CPU;INTERVAL_FAULTS,NA,NA,NA,NA,NA,NA,NA,NA,NA,NA,NA,NA,NA,NA,NA,NA,NA,NA,NA,NA,NA,NA,NA,TARGET_GONE,identity no longer active
2026-10-02T16:05:43Z,APP_21879_3030045,21879,3030045,19,1244,201.802,0,0,-1,-1,0,0.999931471,NA,NA,70.000000000,MEASURED_CPU_FAULT,CPU;INTERVAL_FAULTS,NA,NA,NA,NA,NA,NA,NA,NA,NA,NA,NA,NA,NA,NA,NA,NA,NA,NA,NA,NA,NA,NA,NA,TARGET_GONE,identity no longer active
2026-10-02T16:05:43Z,APP_21879_3030045,21879,3030045,19,1245,194.135,0,0,-1,-1,0,0.999931471,NA,NA,70.000000000,MEASURED_CPU_FAULT,CPU;INTERVAL_FAULTS,NA,NA,NA,NA,NA,NA,NA,NA,NA,NA,NA,NA,NA,NA,NA,NA,NA,NA,NA,NA,NA,NA,NA,TARGET_GONE,identity no longer active
2026-10-02T16:05:43Z,APP_21879_3030045,21879,3030045,19,1246,201.802,0,0,-1,-1,0,0.999931471,NA,NA,70.000000000,MEASURED_CPU_FAULT,CPU;INTERVAL_FAULTS,NA,NA,NA,NA,NA,NA,NA,NA,NA,NA,NA,NA,NA,NA,NA,NA,NA,NA,NA,NA,NA,NA,NA,TARGET_GONE,identity no longer active
2026-10-02T16:05:43Z,APP_21879_3030045,21879,3030045,19,1247,200.583,0,0,-1,-1,0,0.999931471,NA,NA,70.000000000,MEASURED_CPU_FAULT,CPU;INTERVAL_FAULTS,NA,NA,NA,NA,NA,NA,NA,NA,NA,NA,NA,NA,NA,NA,NA,NA,NA,NA,NA,NA,NA,NA,NA,TARGET_GONE,identity no longer active
2026-10-02T16:05:43Z,APP_21879_3030045,21879,3030045,19,1248,210.778,0,0,-1,-1,0,0.999931471,NA,NA,70.000000000,MEASURED_CPU_FAULT,CPU;INTERVAL_FAULTS,NA,NA,NA,NA,NA,NA,NA,NA,NA,NA,NA,NA,NA,NA,NA,NA,NA,NA,NA,NA,NA,NA,NA,TARGET_GONE,identity no longer active
2026-10-02T16:05:43Z,APP_21879_3030045,21879,3030045,19,1249,201.499,0,0,-1,-1,0,0.999931471,NA,NA,70.000000000,MEASURED_CPU_FAULT,CPU;INTERVAL_FAULTS,NA,NA,NA,NA,NA,NA,NA,NA,NA,NA,NA,NA,NA,NA,NA,NA,NA,NA,NA,NA,NA,NA,NA,TARGET_GONE,identity no longer active
2026-10-02T16:05:43Z,APP_21879_3030045,21879,3030045,19,1250,194.411,0,0,-1,-1,0,0.999931471,NA,NA,70.000000000,MEASURED_CPU_FAULT,CPU;INTERVAL_FAULTS,NA,NA,NA,NA,NA,NA,NA,NA,NA,NA,NA,NA,NA,NA,NA,NA,NA,NA,NA,NA,NA,NA,NA,TARGET_GONE,identity no longer active
2026-10-02T16:05:43Z,APP_21879_3030045,21879,3030045,19,1251,201.499,0,0,-1,-1,0,0.999931471,NA,NA,70.000000000,MEASURED_CPU_FAULT,CPU;INTERVAL_FAULTS,NA,NA,NA,NA,NA,NA,NA,NA,NA,NA,NA,NA,NA,NA,NA,NA,NA,NA,NA,NA,NA,NA,NA,TARGET_GONE,identity no longer active
2026-10-02T16:05:44Z,APP_21879_3030045,21879,3030045,19,1252,201.258,0,0,-1,-1,0,0.999931471,NA,NA,70.000000000,MEASURED_CPU_FAULT,CPU;INTERVAL_FAULTS,NA,NA,NA,NA,NA,NA,NA,NA,NA,NA,NA,NA,NA,NA,NA,NA,NA,NA,NA,NA,NA,NA,NA,TARGET_GONE,identity no longer active
2026-10-02T16:05:44Z,APP_21879_3030045,21879,3030045,19,1253,201.499,0,0,-1,-1,0,0.999931471,NA,NA,70.000000000,MEASURED_CPU_FAULT,CPU;INTERVAL_FAULTS,NA,NA,NA,NA,NA,NA,NA,NA,NA,NA,NA,NA,NA,NA,NA,NA,NA,NA,NA,NA,NA,NA,NA,TARGET_GONE,identity no longer active
2026-10-02T16:05:44Z,APP_21879_3030045,21879,3030045,19,1254,204.325,0,0,-1,-1,0,0.999931471,NA,NA,70.000000000,MEASURED_CPU_FAULT,CPU;INTERVAL_FAULTS,NA,NA,NA,NA,NA,NA,NA,NA,NA,NA,NA,NA,NA,NA,NA,NA,NA,NA,NA,NA,NA,NA,NA,TARGET_GONE,identity no longer active
2026-10-02T16:05:44Z,APP_21879_3030045,21879,3030045,19,1255,192.192,0,0,-1,-1,0,0.999931471,NA,NA,70.000000000,MEASURED_CPU_FAULT,CPU;INTERVAL_FAULTS,NA,NA,NA,NA,NA,NA,NA,NA,NA,NA,NA,NA,NA,NA,NA,NA,NA,NA,NA,NA,NA,NA,NA,TARGET_GONE,identity no longer active
2026-10-02T16:05:44Z,APP_21879_3030045,21879,3030045,19,1256,202.423,0,0,-1,-1,0,0.999931471,NA,NA,70.000000000,MEASURED_CPU_FAULT,CPU;INTERVAL_FAULTS,NA,NA,NA,NA,NA,NA,NA,NA,NA,NA,NA,NA,NA,NA,NA,NA,NA,NA,NA,NA,NA,NA,NA,TARGET_GONE,identity no longer active
2026-10-02T16:05:44Z,APP_21879_3030045,21879,3030045,19,1257,191.617,0,0,-1,-1,0,0.999931471,NA,NA,70.000000000,MEASURED_CPU_FAULT,CPU;INTERVAL_FAULTS,NA,NA,NA,NA,NA,NA,NA,NA,NA,NA,NA,NA,NA,NA,NA,NA,NA,NA,NA,NA,NA,NA,NA,TARGET_GONE,identity no longer active
2026-10-02T16:05:44Z,APP_21879_3030045,21879,3030045,19,1258,201.499,0,0,-1,-1,0,0.999931471,NA,NA,70.000000000,MEASURED_CPU_FAULT,CPU;INTERVAL_FAULTS,NA,NA,NA,NA,NA,NA,NA,NA,NA,NA,NA,NA,NA,NA,NA,NA,NA,NA,NA,NA,NA,NA,NA,TARGET_GONE,identity no longer active
2026-10-02T16:05:44Z,APP_21879_3030045,21879,3030045,19,1259,199.005,0,0,-1,-1,0,0.999931471,NA,NA,70.000000000,MEASURED_CPU_FAULT,CPU;INTERVAL_FAULTS,NA,NA,NA,NA,NA,NA,NA,NA,NA,NA,NA,NA,NA,NA,NA,NA,NA,NA,NA,NA,NA,NA,NA,TARGET_GONE,identity no longer active
2026-10-02T16:05:45Z,APP_21879_3030045,21879,3030045,19,1260,201.802,0,0,-1,-1,0,0.999931471,NA,NA,70.000000000,MEASURED_CPU_FAULT,CPU;INTERVAL_FAULTS,NA,NA,NA,NA,NA,NA,NA,NA,NA,NA,NA,NA,NA,NA,NA,NA,NA,NA,NA,NA,NA,NA,NA,TARGET_GONE,identity no longer active
2026-10-02T16:05:45Z,APP_21879_3030045,21879,3030045,19,1261,200.607,0,0,-1,-1,0,0.999931471,NA,NA,70.000000000,MEASURED_CPU_FAULT,CPU;INTERVAL_FAULTS,NA,NA,NA,NA,NA,NA,NA,NA,NA,NA,NA,NA,NA,NA,NA,NA,NA,NA,NA,NA,NA,NA,NA,TARGET_GONE,identity no longer active
2026-10-02T16:05:45Z,APP_21879_3030045,21879,3030045,19,1262,201.198,0,0,-1,-1,0,0.999931471,NA,NA,70.000000000,MEASURED_CPU_FAULT,CPU;INTERVAL_FAULTS,NA,NA,NA,NA,NA,NA,NA,NA,NA,NA,NA,NA,NA,NA,NA,NA,NA,NA,NA,NA,NA,NA,NA,TARGET_GONE,identity no longer active
2026-10-02T16:05:45Z,APP_21879_3030045,21879,3030045,19,1263,201.013,0,0,-1,-1,0,0.999931471,NA,NA,70.000000000,MEASURED_CPU_FAULT,CPU;INTERVAL_FAULTS,NA,NA,NA,NA,NA,NA,NA,NA,NA,NA,NA,NA,NA,NA,NA,NA,NA,NA,NA,NA,NA,NA,NA,TARGET_GONE,identity no longer active
2026-10-02T16:05:45Z,APP_21879_3030045,21879,3030045,19,1264,201.499,0,0,-1,-1,0,0.999931471,NA,NA,70.000000000,MEASURED_CPU_FAULT,CPU;INTERVAL_FAULTS,NA,NA,NA,NA,NA,NA,NA,NA,NA,NA,NA,NA,NA,NA,NA,NA,NA,NA,NA,NA,NA,NA,NA,TARGET_GONE,identity no longer active
2026-10-02T16:05:45Z,APP_21879_3030045,21879,3030045,19,1265,199.740,0,0,-1,-1,0,0.999931471,NA,NA,70.000000000,MEASURED_CPU_FAULT,CPU;INTERVAL_FAULTS,NA,NA,NA,NA,NA,NA,NA,NA,NA,NA,NA,NA,NA,NA,NA,NA,NA,NA,NA,NA,NA,NA,NA,TARGET_GONE,identity no longer active
2026-10-02T16:05:45Z,APP_21879_3030045,21879,3030045,19,1266,192.771,0,0,-1,-1,0,0.999931471,NA,NA,70.000000000,MEASURED_CPU_FAULT,CPU;INTERVAL_FAULTS,NA,NA,NA,NA,NA,NA,NA,NA,NA,NA,NA,NA,NA,NA,NA,NA,NA,NA,NA,NA,NA,NA,NA,TARGET_GONE,identity no longer active
2026-10-02T16:05:45Z,APP_21879_3030045,21879,3030045,19,1267,201.499,0,0,-1,-1,0,0.999931471,NA,NA,70.000000000,MEASURED_CPU_FAULT,CPU;INTERVAL_FAULTS,NA,NA,NA,NA,NA,NA,NA,NA,NA,NA,NA,NA,NA,NA,NA,NA,NA,NA,NA,NA,NA,NA,NA,TARGET_GONE,identity no longer active
2026-10-02T16:05:46Z,APP_21879_3030045,21879,3030045,19,1268,194.175,0,0,-1,-1,0,0.999931471,NA,NA,70.000000000,MEASURED_CPU_FAULT,CPU;INTERVAL_FAULTS,NA,NA,NA,NA,NA,NA,NA,NA,NA,NA,NA,NA,NA,NA,NA,NA,NA,NA,NA,NA,NA,NA,NA,TARGET_GONE,identity no longer active
2026-10-02T16:05:46Z,APP_21879_3030045,21879,3030045,19,1269,201.499,0,0,-1,-1,0,0.999931471,NA,NA,70.000000000,MEASURED_CPU_FAULT,CPU;INTERVAL_FAULTS,NA,NA,NA,NA,NA,NA,NA,NA,NA,NA,NA,NA,NA,NA,NA,NA,NA,NA,NA,NA,NA,NA,NA,TARGET_GONE,identity no longer active
2026-10-02T16:05:46Z,APP_21879_3030045,21879,3030045,19,1270,200.607,0,0,-1,-1,0,0.999931471,NA,NA,70.000000000,MEASURED_CPU_FAULT,CPU;INTERVAL_FAULTS,NA,NA,NA,NA,NA,NA,NA,NA,NA,NA,NA,NA,NA,NA,NA,NA,NA,NA,NA,NA,NA,NA,NA,TARGET_GONE,identity no longer active
2026-10-02T16:05:46Z,APP_21879_3030045,21879,3030045,19,1271,201.499,0,0,-1,-1,0,0.999931471,NA,NA,70.000000000,MEASURED_CPU_FAULT,CPU;INTERVAL_FAULTS,NA,NA,NA,NA,NA,NA,NA,NA,NA,NA,NA,NA,NA,NA,NA,NA,NA,NA,NA,NA,NA,NA,NA,TARGET_GONE,identity no longer active
2026-10-02T16:05:46Z,APP_21879_3030045,21879,3030045,19,1272,200.607,0,0,-1,-1,0,0.999931471,NA,NA,70.000000000,MEASURED_CPU_FAULT,CPU;INTERVAL_FAULTS,NA,NA,NA,NA,NA,NA,NA,NA,NA,NA,NA,NA,NA,NA,NA,NA,NA,NA,NA,NA,NA,NA,NA,TARGET_GONE,identity no longer active
2026-10-02T16:05:46Z,APP_21879_3030045,21879,3030045,19,1273,201.499,0,0,-1,-1,0,0.999931471,NA,NA,70.000000000,MEASURED_CPU_FAULT,CPU;INTERVAL_FAULTS,NA,NA,NA,NA,NA,NA,NA,NA,NA,NA,NA,NA,NA,NA,NA,NA,NA,NA,NA,NA,NA,NA,NA,TARGET_GONE,identity no longer active
2026-10-02T16:05:46Z,APP_21879_3030045,21879,3030045,19,1274,202.559,0,0,-1,-1,0,0.999931471,NA,NA,70.000000000,MEASURED_CPU_FAULT,CPU;INTERVAL_FAULTS,NA,NA,NA,NA,NA,NA,NA,NA,NA,NA,NA,NA,NA,NA,NA,NA,NA,NA,NA,NA,NA,NA,NA,TARGET_GONE,identity no longer active
2026-10-02T16:05:46Z,APP_21879_3030045,21879,3030045,19,1275,191.617,0,0,-1,-1,0,0.999931471,NA,NA,70.000000000,MEASURED_CPU_FAULT,CPU;INTERVAL_FAULTS,NA,NA,NA,NA,NA,NA,NA,NA,NA,NA,NA,NA,NA,NA,NA,NA,NA,NA,NA,NA,NA,NA,NA,TARGET_GONE,identity no longer active
2026-10-02T16:05:47Z,APP_21879_3030045,21879,3030045,19,1276,201.802,0,0,-1,-1,0,0.999931471,NA,NA,70.000000000,MEASURED_CPU_FAULT,CPU;INTERVAL_FAULTS,NA,NA,NA,NA,NA,NA,NA,NA,NA,NA,NA,NA,NA,NA,NA,NA,NA,NA,NA,NA,NA,NA,NA,TARGET_GONE,identity no longer active
2026-10-02T16:05:47Z,APP_21879_3030045,21879,3030045,19,1277,194.647,0,0,-1,-1,0,0.999931471,NA,NA,70.000000000,MEASURED_CPU_FAULT,CPU;INTERVAL_FAULTS,NA,NA,NA,NA,NA,NA,NA,NA,NA,NA,NA,NA,NA,NA,NA,NA,NA,NA,NA,NA,NA,NA,NA,TARGET_GONE,identity no longer active
2026-10-02T16:05:47Z,APP_21879_3030045,21879,3030045,19,1278,201.499,0,0,-1,-1,0,0.999931471,NA,NA,70.000000000,MEASURED_CPU_FAULT,CPU;INTERVAL_FAULTS,NA,NA,NA,NA,NA,NA,NA,NA,NA,NA,NA,NA,NA,NA,NA,NA,NA,NA,NA,NA,NA,NA,NA,TARGET_GONE,identity no longer active
2026-10-02T16:05:47Z,APP_21879_3030045,21879,3030045,19,1279,200.810,0,0,-1,-1,0,0.999931471,NA,NA,70.000000000,MEASURED_CPU_FAULT,CPU;INTERVAL_FAULTS,NA,NA,NA,NA,NA,NA,NA,NA,NA,NA,NA,NA,NA,NA,NA,NA,NA,NA,NA,NA,NA,NA,NA,TARGET_GONE,identity no longer active
2026-10-02T16:05:47Z,APP_21879_3030045,21879,3030045,19,1280,201.499,0,0,-1,-1,0,0.999931471,NA,NA,70.000000000,MEASURED_CPU_FAULT,CPU;INTERVAL_FAULTS,NA,NA,NA,NA,NA,NA,NA,NA,NA,NA,NA,NA,NA,NA,NA,NA,NA,NA,NA,NA,NA,NA,NA,TARGET_GONE,identity no longer active
2026-10-02T16:05:47Z,APP_21879_3030045,21879,3030045,19,1281,200.607,0,0,-1,-1,0,0.999931471,NA,NA,70.000000000,MEASURED_CPU_FAULT,CPU;INTERVAL_FAULTS,NA,NA,NA,NA,NA,NA,NA,NA,NA,NA,NA,NA,NA,NA,NA,NA,NA,NA,NA,NA,NA,NA,NA,TARGET_GONE,identity no longer active
2026-10-02T16:05:47Z,APP_21879_3030045,21879,3030045,19,1282,191.617,0,0,-1,-1,0,0.999931471,NA,NA,70.000000000,MEASURED_CPU_FAULT,CPU;INTERVAL_FAULTS,NA,NA,NA,NA,NA,NA,NA,NA,NA,NA,NA,NA,NA,NA,NA,NA,NA,NA,NA,NA,NA,NA,NA,TARGET_GONE,identity no longer active
2026-10-02T16:05:48Z,APP_21879_3030045,21879,3030045,19,1283,201.186,0,0,-1,-1,0,0.999931471,NA,NA,70.000000000,MEASURED_CPU_FAULT,CPU;INTERVAL_FAULTS,NA,NA,NA,NA,NA,NA,NA,NA,NA,NA,NA,NA,NA,NA,NA,NA,NA,NA,NA,NA,NA,NA,NA,TARGET_GONE,identity no longer active
2026-10-02T16:05:48Z,APP_21879_3030045,21879,3030045,19,1284,204.800,0,0,-1,-1,0,0.999931471,NA,NA,70.000000000,MEASURED_CPU_FAULT,CPU;INTERVAL_FAULTS,NA,NA,NA,NA,NA,NA,NA,NA,NA,NA,NA,NA,NA,NA,NA,NA,NA,NA,NA,NA,NA,NA,NA,TARGET_GONE,identity no longer active
2026-10-02T16:05:48Z,APP_21879_3030045,21879,3030045,19,1285,201.198,0,0,-1,-1,0,0.999931471,NA,NA,70.000000000,MEASURED_CPU_FAULT,CPU;INTERVAL_FAULTS,NA,NA,NA,NA,NA,NA,NA,NA,NA,NA,NA,NA,NA,NA,NA,NA,NA,NA,NA,NA,NA,NA,NA,TARGET_GONE,identity no longer active
2026-10-02T16:05:48Z,APP_21879_3030045,21879,3030045,19,1286,195.719,0,0,-1,-1,0,0.999931471,NA,NA,70.000000000,MEASURED_CPU_FAULT,CPU;INTERVAL_FAULTS,NA,NA,NA,NA,NA,NA,NA,NA,NA,NA,NA,NA,NA,NA,NA,NA,NA,NA,NA,NA,NA,NA,NA,TARGET_GONE,identity no longer active
2026-10-02T16:05:48Z,APP_21879_3030045,21879,3030045,19,1287,210.778,0,0,-1,-1,0,0.999931471,NA,NA,70.000000000,MEASURED_CPU_FAULT,CPU;INTERVAL_FAULTS,NA,NA,NA,NA,NA,NA,NA,NA,NA,NA,NA,NA,NA,NA,NA,NA,NA,NA,NA,NA,NA,NA,NA,TARGET_GONE,identity no longer active
2026-10-02T16:05:48Z,APP_21879_3030045,21879,3030045,19,1288,194.135,0,0,-1,-1,0,0.999931471,NA,NA,70.000000000,MEASURED_CPU_FAULT,CPU;INTERVAL_FAULTS,NA,NA,NA,NA,NA,NA,NA,NA,NA,NA,NA,NA,NA,NA,NA,NA,NA,NA,NA,NA,NA,NA,NA,TARGET_GONE,identity no longer active
2026-10-02T16:05:48Z,APP_21879_3030045,21879,3030045,19,1289,201.499,0,0,-1,-1,0,0.999931471,NA,NA,70.000000000,MEASURED_CPU_FAULT,CPU;INTERVAL_FAULTS,NA,NA,NA,NA,NA,NA,NA,NA,NA,NA,NA,NA,NA,NA,NA,NA,NA,NA,NA,NA,NA,NA,NA,TARGET_GONE,identity no longer active
2026-10-02T16:05:48Z,APP_21879_3030045,21879,3030045,19,1290,200.607,0,0,-1,-1,0,0.999931471,NA,NA,70.000000000,MEASURED_CPU_FAULT,CPU;INTERVAL_FAULTS,NA,NA,NA,NA,NA,NA,NA,NA,NA,NA,NA,NA,NA,NA,NA,NA,NA,NA,NA,NA,NA,NA,NA,TARGET_GONE,identity no longer active
2026-10-02T16:05:48Z,APP_21879_3030045,21879,3030045,19,1291,201.499,0,0,-1,-1,0,0.999931471,NA,NA,70.000000000,MEASURED_CPU_FAULT,CPU;INTERVAL_FAULTS,NA,NA,NA,NA,NA,NA,NA,NA,NA,NA,NA,NA,NA,NA,NA,NA,NA,NA,NA,NA,NA,NA,NA,TARGET_GONE,identity no longer active
2026-10-02T16:05:27Z,APP_21879_3030045,21879,3030045,2,1292,0.000,0,0,-1,-1,0,0.999931471,1,true,0.000000000,MEASURED_CPU_FAULT,CPU;INTERVAL_FAULTS,HOT,537.772946483,0.560000000,0.700000000,NA,NA,NA,NA,0.560000000,0.000000000,0.700000000,0.000000000,-1.000000000,1.232000000,NA,MOVE_THREAD,INVALID,NOT_APPLICABLE,INVALID,MOVE_THREAD,-1,-1,false,TARGET_GONE,identity no longer active
2026-10-02T16:05:28Z,APP_21879_3030045,21879,3030045,2,1293,0.000,0,0,-1,-1,0,0.999931471,NA,NA,0.000000000,MEASURED_CPU_FAULT,CPU;INTERVAL_FAULTS,NA,NA,NA,NA,NA,NA,NA,NA,NA,NA,NA,NA,NA,NA,NA,NA,NA,NA,NA,NA,NA,NA,NA,TARGET_GONE,identity no longer active
2026-10-02T16:05:28Z,APP_21879_3030045,21879,3030045,2,1294,6.934,0,0,-1,-1,0,0.999931471,NA,NA,4.853800000,MEASURED_CPU_FAULT,CPU;INTERVAL_FAULTS,NA,NA,NA,NA,NA,NA,NA,NA,NA,NA,NA,NA,NA,NA,NA,NA,NA,NA,NA,NA,NA,NA,NA,TARGET_GONE,identity no longer active
2026-10-02T16:05:28Z,APP_21879_3030045,21879,3030045,2,1295,0.000,0,0,-1,-1,0,0.999931471,NA,NA,0.000000000,MEASURED_CPU_FAULT,CPU;INTERVAL_FAULTS,NA,NA,NA,NA,NA,NA,NA,NA,NA,NA,NA,NA,NA,NA,NA,NA,NA,NA,NA,NA,NA,NA,NA,TARGET_GONE,identity no longer active
2026-10-02T16:05:28Z,APP_21879_3030045,21879,3030045,2,1296,0.000,0,0,-1,-1,0,0.999931471,NA,NA,0.000000000,MEASURED_CPU_FAULT,CPU;INTERVAL_FAULTS,NA,NA,NA,NA,NA,NA,NA,NA,NA,NA,NA,NA,NA,NA,NA,NA,NA,NA,NA,NA,NA,NA,NA,TARGET_GONE,identity no longer active
2026-10-02T16:05:28Z,APP_21879_3030045,21879,3030045,2,1297,0.000,0,0,-1,-1,0,0.999931471,NA,NA,0.000000000,MEASURED_CPU_FAULT,CPU;INTERVAL_FAULTS,NA,NA,NA,NA,NA,NA,NA,NA,NA,NA,NA,NA,NA,NA,NA,NA,NA,NA,NA,NA,NA,NA,NA,TARGET_GONE,identity no longer active
2026-10-02T16:05:28Z,APP_21879_3030045,21879,3030045,2,1298,0.000,0,0,-1,-1,0,0.999931471,NA,NA,0.000000000,MEASURED_CPU_FAULT,CPU;INTERVAL_FAULTS,NA,NA,NA,NA,NA,NA,NA,NA,NA,NA,NA,NA,NA,NA,NA,NA,NA,NA,NA,NA,NA,NA,NA,TARGET_GONE,identity no longer active
2026-10-02T16:05:29Z,APP_21879_3030045,21879,3030045,2,1299,0.000,0,0,-1,-1,0,0.999931471,NA,NA,0.000000000,MEASURED_CPU_FAULT,CPU;INTERVAL_FAULTS,NA,NA,NA,NA,NA,NA,NA,NA,NA,NA,NA,NA,NA,NA,NA,NA,NA,NA,NA,NA,NA,NA,NA,TARGET_GONE,identity no longer active
2026-10-02T16:05:29Z,APP_21879_3030045,21879,3030045,2,1300,95.238,0,0,-1,-1,0,0.999931471,NA,NA,66.666600000,MEASURED_CPU_FAULT,CPU;INTERVAL_FAULTS,NA,NA,NA,NA,NA,NA,NA,NA,NA,NA,NA,NA,NA,NA,NA,NA,NA,NA,NA,NA,NA,NA,NA,TARGET_GONE,identity no longer active
2026-10-02T16:05:29Z,APP_21879_3030045,21879,3030045,2,1301,201.802,0,0,-1,-1,0,0.999931471,NA,NA,70.000000000,MEASURED_CPU_FAULT,CPU;INTERVAL_FAULTS,NA,NA,NA,NA,NA,NA,NA,NA,NA,NA,NA,NA,NA,NA,NA,NA,NA,NA,NA,NA,NA,NA,NA,TARGET_GONE,identity no longer active
2026-10-02T16:05:29Z,APP_21879_3030045,21879,3030045,2,1302,198.650,0,0,-1,-1,0,0.999931471,NA,NA,70.000000000,MEASURED_CPU_FAULT,CPU;INTERVAL_FAULTS,NA,NA,NA,NA,NA,NA,NA,NA,NA,NA,NA,NA,NA,NA,NA,NA,NA,NA,NA,NA,NA,NA,NA,TARGET_GONE,identity no longer active
2026-10-02T16:05:29Z,APP_21879_3030045,21879,3030045,2,1303,201.198,0,0,-1,-1,0,0.999931471,NA,NA,70.000000000,MEASURED_CPU_FAULT,CPU;INTERVAL_FAULTS,NA,NA,NA,NA,NA,NA,NA,NA,NA,NA,NA,NA,NA,NA,NA,NA,NA,NA,NA,NA,NA,NA,NA,TARGET_GONE,identity no longer active
2026-10-02T16:05:29Z,APP_21879_3030045,21879,3030045,2,1304,202.230,0,0,-1,-1,0,0.999931471,NA,NA,70.000000000,MEASURED_CPU_FAULT,CPU;INTERVAL_FAULTS,NA,NA,NA,NA,NA,NA,NA,NA,NA,NA,NA,NA,NA,NA,NA,NA,NA,NA,NA,NA,NA,NA,NA,TARGET_GONE,identity no longer active
2026-10-02T16:05:29Z,APP_21879_3030045,21879,3030045,2,1305,191.617,0,0,-1,-1,0,0.999931471,NA,NA,70.000000000,MEASURED_CPU_FAULT,CPU;INTERVAL_FAULTS,NA,NA,NA,NA,NA,NA,NA,NA,NA,NA,NA,NA,NA,NA,NA,NA,NA,NA,NA,NA,NA,NA,NA,TARGET_GONE,identity no longer active
2026-10-02T16:05:29Z,APP_21879_3030045,21879,3030045,2,1306,202.043,0,0,-1,-1,0,0.999931471,NA,NA,70.000000000,MEASURED_CPU_FAULT,CPU;INTERVAL_FAULTS,NA,NA,NA,NA,NA,NA,NA,NA,NA,NA,NA,NA,NA,NA,NA,NA,NA,NA,NA,NA,NA,NA,NA,TARGET_GONE,identity no longer active
2026-10-02T16:05:30Z,APP_21879_3030045,21879,3030045,2,1307,201.198,0,0,-1,-1,0,0.999931471,NA,NA,70.000000000,MEASURED_CPU_FAULT,CPU;INTERVAL_FAULTS,NA,NA,NA,NA,NA,NA,NA,NA,NA,NA,NA,NA,NA,NA,NA,NA,NA,NA,NA,NA,NA,NA,NA,TARGET_GONE,identity no longer active
2026-10-02T16:05:27Z,APP_21879_3030045,21879,3030045,20,1308,0.000,0,0,-1,-1,0,0.999931471,1,true,0.000000000,MEASURED_CPU_FAULT,CPU;INTERVAL_FAULTS,HOT,669.474315258,0.560000000,0.700000000,NA,NA,NA,NA,0.560000000,0.000000000,0.700000000,0.000000000,-1.000000000,1.232000000,NA,MOVE_THREAD,INVALID,NOT_APPLICABLE,INVALID,MOVE_THREAD,-1,-1,false,TARGET_GONE,identity no longer active
2026-10-02T16:05:28Z,APP_21879_3030045,21879,3030045,20,1309,0.000,0,0,-1,-1,0,0.999931471,NA,NA,0.000000000,MEASURED_CPU_FAULT,CPU;INTERVAL_FAULTS,NA,NA,NA,NA,NA,NA,NA,NA,NA,NA,NA,NA,NA,NA,NA,NA,NA,NA,NA,NA,NA,NA,NA,TARGET_GONE,identity no longer active
2026-10-02T16:05:28Z,APP_21879_3030045,21879,3030045,20,1310,6.934,0,0,-1,-1,0,0.999931471,NA,NA,4.853800000,MEASURED_CPU_FAULT,CPU;INTERVAL_FAULTS,NA,NA,NA,NA,NA,NA,NA,NA,NA,NA,NA,NA,NA,NA,NA,NA,NA,NA,NA,NA,NA,NA,NA,TARGET_GONE,identity no longer active
2026-10-02T16:05:28Z,APP_21879_3030045,21879,3030045,20,1311,0.000,0,0,-1,-1,0,0.999931471,NA,NA,0.000000000,MEASURED_CPU_FAULT,CPU;INTERVAL_FAULTS,NA,NA,NA,NA,NA,NA,NA,NA,NA,NA,NA,NA,NA,NA,NA,NA,NA,NA,NA,NA,NA,NA,NA,TARGET_GONE,identity no longer active
2026-10-02T16:05:28Z,APP_21879_3030045,21879,3030045,20,1312,0.000,0,0,-1,-1,0,0.999931471,NA,NA,0.000000000,MEASURED_CPU_FAULT,CPU;INTERVAL_FAULTS,NA,NA,NA,NA,NA,NA,NA,NA,NA,NA,NA,NA,NA,NA,NA,NA,NA,NA,NA,NA,NA,NA,NA,TARGET_GONE,identity no longer active
2026-10-02T16:05:28Z,APP_21879_3030045,21879,3030045,20,1313,0.000,0,0,-1,-1,0,0.999931471,NA,NA,0.000000000,MEASURED_CPU_FAULT,CPU;INTERVAL_FAULTS,NA,NA,NA,NA,NA,NA,NA,NA,NA,NA,NA,NA,NA,NA,NA,NA,NA,NA,NA,NA,NA,NA,NA,TARGET_GONE,identity no longer active
2026-10-02T16:05:28Z,APP_21879_3030045,21879,3030045,20,1314,0.000,0,0,-1,-1,0,0.999931471,NA,NA,0.000000000,MEASURED_CPU_FAULT,CPU;INTERVAL_FAULTS,NA,NA,NA,NA,NA,NA,NA,NA,NA,NA,NA,NA,NA,NA,NA,NA,NA,NA,NA,NA,NA,NA,NA,TARGET_GONE,identity no longer active
2026-10-02T16:05:29Z,APP_21879_3030045,21879,3030045,20,1315,0.000,0,0,-1,-1,0,0.999931471,NA,NA,0.000000000,MEASURED_CPU_FAULT,CPU;INTERVAL_FAULTS,NA,NA,NA,NA,NA,NA,NA,NA,NA,NA,NA,NA,NA,NA,NA,NA,NA,NA,NA,NA,NA,NA,NA,TARGET_GONE,identity no longer active
2026-10-02T16:05:29Z,APP_21879_3030045,21879,3030045,20,1316,95.238,0,0,-1,-1,0,0.999931471,NA,NA,66.666600000,MEASURED_CPU_FAULT,CPU;INTERVAL_FAULTS,NA,NA,NA,NA,NA,NA,NA,NA,NA,NA,NA,NA,NA,NA,NA,NA,NA,NA,NA,NA,NA,NA,NA,TARGET_GONE,identity no longer active
2026-10-02T16:05:29Z,APP_21879_3030045,21879,3030045,20,1317,201.802,0,0,-1,-1,0,0.999931471,NA,NA,70.000000000,MEASURED_CPU_FAULT,CPU;INTERVAL_FAULTS,NA,NA,NA,NA,NA,NA,NA,NA,NA,NA,NA,NA,NA,NA,NA,NA,NA,NA,NA,NA,NA,NA,NA,TARGET_GONE,identity no longer active
2026-10-02T16:05:29Z,APP_21879_3030045,21879,3030045,20,1318,198.650,0,0,-1,-1,0,0.999931471,NA,NA,70.000000000,MEASURED_CPU_FAULT,CPU;INTERVAL_FAULTS,NA,NA,NA,NA,NA,NA,NA,NA,NA,NA,NA,NA,NA,NA,NA,NA,NA,NA,NA,NA,NA,NA,NA,TARGET_GONE,identity no longer active
2026-10-02T16:05:29Z,APP_21879_3030045,21879,3030045,20,1319,201.198,0,0,-1,-1,0,0.999931471,NA,NA,70.000000000,MEASURED_CPU_FAULT,CPU;INTERVAL_FAULTS,NA,NA,NA,NA,NA,NA,NA,NA,NA,NA,NA,NA,NA,NA,NA,NA,NA,NA,NA,NA,NA,NA,NA,TARGET_GONE,identity no longer active
2026-10-02T16:05:29Z,APP_21879_3030045,21879,3030045,20,1320,202.230,0,0,-1,-1,0,0.999931471,NA,NA,70.000000000,MEASURED_CPU_FAULT,CPU;INTERVAL_FAULTS,NA,NA,NA,NA,NA,NA,NA,NA,NA,NA,NA,NA,NA,NA,NA,NA,NA,NA,NA,NA,NA,NA,NA,TARGET_GONE,identity no longer active
2026-10-02T16:05:29Z,APP_21879_3030045,21879,3030045,20,1321,191.617,0,0,-1,-1,0,0.999931471,NA,NA,70.000000000,MEASURED_CPU_FAULT,CPU;INTERVAL_FAULTS,NA,NA,NA,NA,NA,NA,NA,NA,NA,NA,NA,NA,NA,NA,NA,NA,NA,NA,NA,NA,NA,NA,NA,TARGET_GONE,identity no longer active
2026-10-02T16:05:29Z,APP_21879_3030045,21879,3030045,20,1322,202.043,0,0,-1,-1,0,0.999931471,NA,NA,70.000000000,MEASURED_CPU_FAULT,CPU;INTERVAL_FAULTS,NA,NA,NA,NA,NA,NA,NA,NA,NA,NA,NA,NA,NA,NA,NA,NA,NA,NA,NA,NA,NA,NA,NA,TARGET_GONE,identity no longer active
2026-10-02T16:05:30Z,APP_21879_3030045,21879,3030045,20,1323,201.198,0,0,-1,-1,0,0.999931471,NA,NA,70.000000000,MEASURED_CPU_FAULT,CPU;INTERVAL_FAULTS,NA,NA,NA,NA,NA,NA,NA,NA,NA,NA,NA,NA,NA,NA,NA,NA,NA,NA,NA,NA,NA,NA,NA,TARGET_GONE,identity no longer active
2026-10-02T16:05:30Z,APP_21879_3030045,21879,3030045,20,1324,197.280,0,0,-1,-1,0,0.999931471,NA,NA,70.000000000,MEASURED_CPU_FAULT,CPU;INTERVAL_FAULTS,NA,NA,NA,NA,NA,NA,NA,NA,NA,NA,NA,NA,NA,NA,NA,NA,NA,NA,NA,NA,NA,NA,NA,TARGET_GONE,identity no longer active
2026-10-02T16:05:30Z,APP_21879_3030045,21879,3030045,20,1325,210.778,0,0,-1,-1,0,0.999931471,NA,NA,70.000000000,MEASURED_CPU_FAULT,CPU;INTERVAL_FAULTS,NA,NA,NA,NA,NA,NA,NA,NA,NA,NA,NA,NA,NA,NA,NA,NA,NA,NA,NA,NA,NA,NA,NA,TARGET_GONE,identity no longer active
2026-10-02T16:05:30Z,APP_21879_3030045,21879,3030045,20,1326,191.904,0,0,-1,-1,0,0.999931471,NA,NA,70.000000000,MEASURED_CPU_FAULT,CPU;INTERVAL_FAULTS,NA,NA,NA,NA,NA,NA,NA,NA,NA,NA,NA,NA,NA,NA,NA,NA,NA,NA,NA,NA,NA,NA,NA,TARGET_GONE,identity no longer active
2026-10-02T16:05:30Z,APP_21879_3030045,21879,3030045,20,1327,205.714,0,0,-1,-1,0,0.999931471,NA,NA,70.000000000,MEASURED_CPU_FAULT,CPU;INTERVAL_FAULTS,NA,NA,NA,NA,NA,NA,NA,NA,NA,NA,NA,NA,NA,NA,NA,NA,NA,NA,NA,NA,NA,NA,NA,TARGET_GONE,identity no longer active
2026-10-02T16:05:30Z,APP_21879_3030045,21879,3030045,20,1328,201.198,0,0,-1,-1,0,0.999931471,NA,NA,70.000000000,MEASURED_CPU_FAULT,CPU;INTERVAL_FAULTS,NA,NA,NA,NA,NA,NA,NA,NA,NA,NA,NA,NA,NA,NA,NA,NA,NA,NA,NA,NA,NA,NA,NA,TARGET_GONE,identity no longer active
2026-10-02T16:05:30Z,APP_21879_3030045,21879,3030045,20,1329,196.648,0,0,-1,-1,0,0.999931471,NA,NA,70.000000000,MEASURED_CPU_FAULT,CPU;INTERVAL_FAULTS,NA,NA,NA,NA,NA,NA,NA,NA,NA,NA,NA,NA,NA,NA,NA,NA,NA,NA,NA,NA,NA,NA,NA,TARGET_GONE,identity no longer active
2026-10-02T16:05:30Z,APP_21879_3030045,21879,3030045,20,1330,201.499,0,0,-1,-1,0,0.999931471,NA,NA,70.000000000,MEASURED_CPU_FAULT,CPU;INTERVAL_FAULTS,NA,NA,NA,NA,NA,NA,NA,NA,NA,NA,NA,NA,NA,NA,NA,NA,NA,NA,NA,NA,NA,NA,NA,TARGET_GONE,identity no longer active
2026-10-02T16:05:31Z,APP_21879_3030045,21879,3030045,20,1331,202.772,0,0,-1,-1,0,0.999931471,NA,NA,70.000000000,MEASURED_CPU_FAULT,CPU;INTERVAL_FAULTS,NA,NA,NA,NA,NA,NA,NA,NA,NA,NA,NA,NA,NA,NA,NA,NA,NA,NA,NA,NA,NA,NA,NA,TARGET_GONE,identity no longer active
2026-10-02T16:05:31Z,APP_21879_3030045,21879,3030045,20,1332,201.499,0,0,-1,-1,0,0.999931471,NA,NA,70.000000000,MEASURED_CPU_FAULT,CPU;INTERVAL_FAULTS,NA,NA,NA,NA,NA,NA,NA,NA,NA,NA,NA,NA,NA,NA,NA,NA,NA,NA,NA,NA,NA,NA,NA,TARGET_GONE,identity no longer active
2026-10-02T16:05:31Z,APP_21879_3030045,21879,3030045,20,1333,195.918,0,0,-1,-1,0,0.999931471,NA,NA,70.000000000,MEASURED_CPU_FAULT,CPU;INTERVAL_FAULTS,NA,NA,NA,NA,NA,NA,NA,NA,NA,NA,NA,NA,NA,NA,NA,NA,NA,NA,NA,NA,NA,NA,NA,TARGET_GONE,identity no longer active
2026-10-02T16:05:31Z,APP_21879_3030045,21879,3030045,20,1334,211.411,0,0,-1,-1,0,0.999931471,NA,NA,70.000000000,MEASURED_CPU_FAULT,CPU;INTERVAL_FAULTS,NA,NA,NA,NA,NA,NA,NA,NA,NA,NA,NA,NA,NA,NA,NA,NA,NA,NA,NA,NA,NA,NA,NA,TARGET_GONE,identity no longer active
2026-10-02T16:05:31Z,APP_21879_3030045,21879,3030045,20,1335,201.499,0,0,-1,-1,0,0.999931471,NA,NA,70.000000000,MEASURED_CPU_FAULT,CPU;INTERVAL_FAULTS,NA,NA,NA,NA,NA,NA,NA,NA,NA,NA,NA,NA,NA,NA,NA,NA,NA,NA,NA,NA,NA,NA,NA,TARGET_GONE,identity no longer active
2026-10-02T16:05:31Z,APP_21879_3030045,21879,3030045,20,1336,198.706,0,0,-1,-1,0,0.999931471,NA,NA,70.000000000,MEASURED_CPU_FAULT,CPU;INTERVAL_FAULTS,NA,NA,NA,NA,NA,NA,NA,NA,NA,NA,NA,NA,NA,NA,NA,NA,NA,NA,NA,NA,NA,NA,NA,TARGET_GONE,identity no longer active
2026-10-02T16:05:31Z,APP_21879_3030045,21879,3030045,20,1337,191.904,0,0,-1,-1,0,0.999931471,NA,NA,70.000000000,MEASURED_CPU_FAULT,CPU;INTERVAL_FAULTS,NA,NA,NA,NA,NA,NA,NA,NA,NA,NA,NA,NA,NA,NA,NA,NA,NA,NA,NA,NA,NA,NA,NA,TARGET_GONE,identity no longer active
2026-10-02T16:05:31Z,APP_21879_3030045,21879,3030045,20,1338,204.325,0,0,-1,-1,0,0.999931471,NA,NA,70.000000000,MEASURED_CPU_FAULT,CPU;INTERVAL_FAULTS,NA,NA,NA,NA,NA,NA,NA,NA,NA,NA,NA,NA,NA,NA,NA,NA,NA,NA,NA,NA,NA,NA,NA,TARGET_GONE,identity no longer active
2026-10-02T16:05:31Z,APP_21879_3030045,21879,3030045,20,1339,201.499,0,0,-1,-1,0,0.999931471,NA,NA,70.000000000,MEASURED_CPU_FAULT,CPU;INTERVAL_FAULTS,NA,NA,NA,NA,NA,NA,NA,NA,NA,NA,NA,NA,NA,NA,NA,NA,NA,NA,NA,NA,NA,NA,NA,TARGET_GONE,identity no longer active
2026-10-02T16:05:32Z,APP_21879_3030045,21879,3030045,20,1340,197.531,0,0,-1,-1,0,0.999931471,NA,NA,70.000000000,MEASURED_CPU_FAULT,CPU;INTERVAL_FAULTS,NA,NA,NA,NA,NA,NA,NA,NA,NA,NA,NA,NA,NA,NA,NA,NA,NA,NA,NA,NA,NA,NA,NA,TARGET_GONE,identity no longer active
2026-10-02T16:05:32Z,APP_21879_3030045,21879,3030045,20,1341,201.499,0,0,-1,-1,0,0.999931471,NA,NA,70.000000000,MEASURED_CPU_FAULT,CPU;INTERVAL_FAULTS,NA,NA,NA,NA,NA,NA,NA,NA,NA,NA,NA,NA,NA,NA,NA,NA,NA,NA,NA,NA,NA,NA,NA,TARGET_GONE,identity no longer active
2026-10-02T16:05:32Z,APP_21879_3030045,21879,3030045,20,1342,203.885,0,0,-1,-1,0,0.999931471,NA,NA,70.000000000,MEASURED_CPU_FAULT,CPU;INTERVAL_FAULTS,NA,NA,NA,NA,NA,NA,NA,NA,NA,NA,NA,NA,NA,NA,NA,NA,NA,NA,NA,NA,NA,NA,NA,TARGET_GONE,identity no longer active
2026-10-02T16:05:32Z,APP_21879_3030045,21879,3030045,20,1343,192.771,0,0,-1,-1,0,0.999931471,NA,NA,70.000000000,MEASURED_CPU_FAULT,CPU;INTERVAL_FAULTS,NA,NA,NA,NA,NA,NA,NA,NA,NA,NA,NA,NA,NA,NA,NA,NA,NA,NA,NA,NA,NA,NA,NA,TARGET_GONE,identity no longer active
2026-10-02T16:05:32Z,APP_21879_3030045,21879,3030045,20,1344,201.499,0,0,-1,-1,0,0.999931471,NA,NA,70.000000000,MEASURED_CPU_FAULT,CPU;INTERVAL_FAULTS,NA,NA,NA,NA,NA,NA,NA,NA,NA,NA,NA,NA,NA,NA,NA,NA,NA,NA,NA,NA,NA,NA,NA,TARGET_GONE,identity no longer active
2026-10-02T16:05:32Z,APP_21879_3030045,21879,3030045,20,1345,191.847,0,0,-1,-1,0,0.999931471,NA,NA,70.000000000,MEASURED_CPU_FAULT,CPU;INTERVAL_FAULTS,NA,NA,NA,NA,NA,NA,NA,NA,NA,NA,NA,NA,NA,NA,NA,NA,NA,NA,NA,NA,NA,NA,NA,TARGET_GONE,identity no longer active
2026-10-02T16:05:32Z,APP_21879_3030045,21879,3030045,20,1346,201.198,0,0,-1,-1,0,0.999931471,NA,NA,70.000000000,MEASURED_CPU_FAULT,CPU;INTERVAL_FAULTS,NA,NA,NA,NA,NA,NA,NA,NA,NA,NA,NA,NA,NA,NA,NA,NA,NA,NA,NA,NA,NA,NA,NA,TARGET_GONE,identity no longer active
2026-10-02T16:05:32Z,APP_21879_3030045,21879,3030045,20,1347,204.115,0,0,-1,-1,0,0.999931471,NA,NA,70.000000000,MEASURED_CPU_FAULT,CPU;INTERVAL_FAULTS,NA,NA,NA,NA,NA,NA,NA,NA,NA,NA,NA,NA,NA,NA,NA,NA,NA,NA,NA,NA,NA,NA,NA,TARGET_GONE,identity no longer active
2026-10-02T16:05:33Z,APP_21879_3030045,21879,3030045,20,1348,192.192,0,0,-1,-1,0,0.999931471,NA,NA,70.000000000,MEASURED_CPU_FAULT,CPU;INTERVAL_FAULTS,NA,NA,NA,NA,NA,NA,NA,NA,NA,NA,NA,NA,NA,NA,NA,NA,NA,NA,NA,NA,NA,NA,NA,TARGET_GONE,identity no longer active
2026-10-02T16:05:33Z,APP_21879_3030045,21879,3030045,20,1349,204.115,0,0,-1,-1,0,0.999931471,NA,NA,70.000000000,MEASURED_CPU_FAULT,CPU;INTERVAL_FAULTS,NA,NA,NA,NA,NA,NA,NA,NA,NA,NA,NA,NA,NA,NA,NA,NA,NA,NA,NA,NA,NA,NA,NA,TARGET_GONE,identity no longer active
2026-10-02T16:05:33Z,APP_21879_3030045,21879,3030045,20,1350,201.802,0,0,-1,-1,0,0.999931471,NA,NA,70.000000000,MEASURED_CPU_FAULT,CPU;INTERVAL_FAULTS,NA,NA,NA,NA,NA,NA,NA,NA,NA,NA,NA,NA,NA,NA,NA,NA,NA,NA,NA,NA,NA,NA,NA,TARGET_GONE,identity no longer active
2026-10-02T16:05:33Z,APP_21879_3030045,21879,3030045,20,1351,201.491,0,0,-1,-1,0,0.999931471,NA,NA,70.000000000,MEASURED_CPU_FAULT,CPU;INTERVAL_FAULTS,NA,NA,NA,NA,NA,NA,NA,NA,NA,NA,NA,NA,NA,NA,NA,NA,NA,NA,NA,NA,NA,NA,NA,TARGET_GONE,identity no longer active
2026-10-02T16:05:33Z,APP_21879_3030045,21879,3030045,20,1352,192.771,0,0,-1,-1,0,0.999931471,NA,NA,70.000000000,MEASURED_CPU_FAULT,CPU;INTERVAL_FAULTS,NA,NA,NA,NA,NA,NA,NA,NA,NA,NA,NA,NA,NA,NA,NA,NA,NA,NA,NA,NA,NA,NA,NA,TARGET_GONE,identity no longer active
2026-10-02T16:05:33Z,APP_21879_3030045,21879,3030045,20,1353,201.499,0,0,-1,-1,0,0.999931471,NA,NA,70.000000000,MEASURED_CPU_FAULT,CPU;INTERVAL_FAULTS,NA,NA,NA,NA,NA,NA,NA,NA,NA,NA,NA,NA,NA,NA,NA,NA,NA,NA,NA,NA,NA,NA,NA,TARGET_GONE,identity no longer active
2026-10-02T16:05:33Z,APP_21879_3030045,21879,3030045,20,1354,199.253,0,0,-1,-1,0,0.999931471,NA,NA,70.000000000,MEASURED_CPU_FAULT,CPU;INTERVAL_FAULTS,NA,NA,NA,NA,NA,NA,NA,NA,NA,NA,NA,NA,NA,NA,NA,NA,NA,NA,NA,NA,NA,NA,NA,TARGET_GONE,identity no longer active
2026-10-02T16:05:33Z,APP_21879_3030045,21879,3030045,20,1355,201.198,0,0,-1,-1,0,0.999931471,NA,NA,70.000000000,MEASURED_CPU_FAULT,CPU;INTERVAL_FAULTS,NA,NA,NA,NA,NA,NA,NA,NA,NA,NA,NA,NA,NA,NA,NA,NA,NA,NA,NA,NA,NA,NA,NA,TARGET_GONE,identity no longer active
2026-10-02T16:05:34Z,APP_21879_3030045,21879,3030045,20,1356,198.142,0,0,-1,-1,0,0.999931471,NA,NA,70.000000000,MEASURED_CPU_FAULT,CPU;INTERVAL_FAULTS,NA,NA,NA,NA,NA,NA,NA,NA,NA,NA,NA,NA,NA,NA,NA,NA,NA,NA,NA,NA,NA,NA,NA,TARGET_GONE,identity no longer active
2026-10-02T16:05:34Z,APP_21879_3030045,21879,3030045,20,1357,200.897,0,0,-1,-1,0,0.999931471,NA,NA,70.000000000,MEASURED_CPU_FAULT,CPU;INTERVAL_FAULTS,NA,NA,NA,NA,NA,NA,NA,NA,NA,NA,NA,NA,NA,NA,NA,NA,NA,NA,NA,NA,NA,NA,NA,TARGET_GONE,identity no longer active
2026-10-02T16:05:34Z,APP_21879_3030045,21879,3030045,20,1358,197.938,0,0,-1,-1,0,0.999931471,NA,NA,70.000000000,MEASURED_CPU_FAULT,CPU;INTERVAL_FAULTS,NA,NA,NA,NA,NA,NA,NA,NA,NA,NA,NA,NA,NA,NA,NA,NA,NA,NA,NA,NA,NA,NA,NA,TARGET_GONE,identity no longer active
2026-10-02T16:05:34Z,APP_21879_3030045,21879,3030045,20,1359,201.499,0,0,-1,-1,0,0.999931471,NA,NA,70.000000000,MEASURED_CPU_FAULT,CPU;INTERVAL_FAULTS,NA,NA,NA,NA,NA,NA,NA,NA,NA,NA,NA,NA,NA,NA,NA,NA,NA,NA,NA,NA,NA,NA,NA,TARGET_GONE,identity no longer active
2026-10-02T16:05:34Z,APP_21879_3030045,21879,3030045,20,1360,202.625,0,0,-1,-1,0,0.999931471,NA,NA,70.000000000,MEASURED_CPU_FAULT,CPU;INTERVAL_FAULTS,NA,NA,NA,NA,NA,NA,NA,NA,NA,NA,NA,NA,NA,NA,NA,NA,NA,NA,NA,NA,NA,NA,NA,TARGET_GONE,identity no longer active
2026-10-02T16:05:34Z,APP_21879_3030045,21879,3030045,20,1361,192.192,0,0,-1,-1,0,0.999931471,NA,NA,70.000000000,MEASURED_CPU_FAULT,CPU;INTERVAL_FAULTS,NA,NA,NA,NA,NA,NA,NA,NA,NA,NA,NA,NA,NA,NA,NA,NA,NA,NA,NA,NA,NA,NA,NA,TARGET_GONE,identity no longer active
2026-10-02T16:05:34Z,APP_21879_3030045,21879,3030045,20,1362,201.198,0,0,-1,-1,0,0.999931471,NA,NA,70.000000000,MEASURED_CPU_FAULT,CPU;INTERVAL_FAULTS,NA,NA,NA,NA,NA,NA,NA,NA,NA,NA,NA,NA,NA,NA,NA,NA,NA,NA,NA,NA,NA,NA,NA,TARGET_GONE,identity no longer active
2026-10-02T16:05:34Z,APP_21879_3030045,21879,3030045,20,1363,199.253,0,0,-1,-1,0,0.999931471,NA,NA,70.000000000,MEASURED_CPU_FAULT,CPU;INTERVAL_FAULTS,NA,NA,NA,NA,NA,NA,NA,NA,NA,NA,NA,NA,NA,NA,NA,NA,NA,NA,NA,NA,NA,NA,NA,TARGET_GONE,identity no longer active
2026-10-02T16:05:34Z,APP_21879_3030045,21879,3030045,20,1364,201.802,0,0,-1,-1,0,0.999931471,NA,NA,70.000000000,MEASURED_CPU_FAULT,CPU;INTERVAL_FAULTS,NA,NA,NA,NA,NA,NA,NA,NA,NA,NA,NA,NA,NA,NA,NA,NA,NA,NA,NA,NA,NA,NA,NA,TARGET_GONE,identity no longer active
2026-10-02T16:05:35Z,APP_21879_3030045,21879,3030045,20,1365,197.328,0,0,-1,-1,0,0.999931471,NA,NA,70.000000000,MEASURED_CPU_FAULT,CPU;INTERVAL_FAULTS,NA,NA,NA,NA,NA,NA,NA,NA,NA,NA,NA,NA,NA,NA,NA,NA,NA,NA,NA,NA,NA,NA,NA,TARGET_GONE,identity no longer active
2026-10-02T16:05:35Z,APP_21879_3030045,21879,3030045,20,1366,201.499,0,0,-1,-1,0,0.999931471,NA,NA,70.000000000,MEASURED_CPU_FAULT,CPU;INTERVAL_FAULTS,NA,NA,NA,NA,NA,NA,NA,NA,NA,NA,NA,NA,NA,NA,NA,NA,NA,NA,NA,NA,NA,NA,NA,TARGET_GONE,identity no longer active
2026-10-02T16:05:35Z,APP_21879_3030045,21879,3030045,20,1367,198.142,0,0,-1,-1,0,0.999931471,NA,NA,70.000000000,MEASURED_CPU_FAULT,CPU;INTERVAL_FAULTS,NA,NA,NA,NA,NA,NA,NA,NA,NA,NA,NA,NA,NA,NA,NA,NA,NA,NA,NA,NA,NA,NA,NA,TARGET_GONE,identity no longer active
2026-10-02T16:05:35Z,APP_21879_3030045,21879,3030045,20,1368,201.198,0,0,-1,-1,0,0.999931471,NA,NA,70.000000000,MEASURED_CPU_FAULT,CPU;INTERVAL_FAULTS,NA,NA,NA,NA,NA,NA,NA,NA,NA,NA,NA,NA,NA,NA,NA,NA,NA,NA,NA,NA,NA,NA,NA,TARGET_GONE,identity no longer active
2026-10-02T16:05:35Z,APP_21879_3030045,21879,3030045,20,1369,203.253,0,0,-1,-1,0,0.999931471,NA,NA,70.000000000,MEASURED_CPU_FAULT,CPU;INTERVAL_FAULTS,NA,NA,NA,NA,NA,NA,NA,NA,NA,NA,NA,NA,NA,NA,NA,NA,NA,NA,NA,NA,NA,NA,NA,TARGET_GONE,identity no longer active
2026-10-02T16:05:35Z,APP_21879_3030045,21879,3030045,20,1370,192.192,0,0,-1,-1,0,0.999931471,NA,NA,70.000000000,MEASURED_CPU_FAULT,CPU;INTERVAL_FAULTS,NA,NA,NA,NA,NA,NA,NA,NA,NA,NA,NA,NA,NA,NA,NA,NA,NA,NA,NA,NA,NA,NA,NA,TARGET_GONE,identity no longer active
2026-10-02T16:05:35Z,APP_21879_3030045,21879,3030045,20,1371,201.499,0,0,-1,-1,0,0.999931471,NA,NA,70.000000000,MEASURED_CPU_FAULT,CPU;INTERVAL_FAULTS,NA,NA,NA,NA,NA,NA,NA,NA,NA,NA,NA,NA,NA,NA,NA,NA,NA,NA,NA,NA,NA,NA,NA,TARGET_GONE,identity no longer active
2026-10-02T16:05:35Z,APP_21879_3030045,21879,3030045,20,1372,199.253,0,0,-1,-1,0,0.999931471,NA,NA,70.000000000,MEASURED_CPU_FAULT,CPU;INTERVAL_FAULTS,NA,NA,NA,NA,NA,NA,NA,NA,NA,NA,NA,NA,NA,NA,NA,NA,NA,NA,NA,NA,NA,NA,NA,TARGET_GONE,identity no longer active
2026-10-02T16:05:36Z,APP_21879_3030045,21879,3030045,20,1373,201.198,0,0,-1,-1,0,0.999931471,NA,NA,70.000000000,MEASURED_CPU_FAULT,CPU;INTERVAL_FAULTS,NA,NA,NA,NA,NA,NA,NA,NA,NA,NA,NA,NA,NA,NA,NA,NA,NA,NA,NA,NA,NA,NA,NA,TARGET_GONE,identity no longer active
2026-10-02T16:05:36Z,APP_21879_3030045,21879,3030045,20,1374,197.938,0,0,-1,-1,0,0.999931471,NA,NA,70.000000000,MEASURED_CPU_FAULT,CPU;INTERVAL_FAULTS,NA,NA,NA,NA,NA,NA,NA,NA,NA,NA,NA,NA,NA,NA,NA,NA,NA,NA,NA,NA,NA,NA,NA,TARGET_GONE,identity no longer active
2026-10-02T16:05:36Z,APP_21879_3030045,21879,3030045,20,1375,201.198,0,0,-1,-1,0,0.999931471,NA,NA,70.000000000,MEASURED_CPU_FAULT,CPU;INTERVAL_FAULTS,NA,NA,NA,NA,NA,NA,NA,NA,NA,NA,NA,NA,NA,NA,NA,NA,NA,NA,NA,NA,NA,NA,NA,TARGET_GONE,identity no longer active
2026-10-02T16:05:36Z,APP_21879_3030045,21879,3030045,20,1376,197.734,0,0,-1,-1,0,0.999931471,NA,NA,70.000000000,MEASURED_CPU_FAULT,CPU;INTERVAL_FAULTS,NA,NA,NA,NA,NA,NA,NA,NA,NA,NA,NA,NA,NA,NA,NA,NA,NA,NA,NA,NA,NA,NA,NA,TARGET_GONE,identity no longer active
2026-10-02T16:05:36Z,APP_21879_3030045,21879,3030045,20,1377,201.802,0,0,-1,-1,0,0.999931471,NA,NA,70.000000000,MEASURED_CPU_FAULT,CPU;INTERVAL_FAULTS,NA,NA,NA,NA,NA,NA,NA,NA,NA,NA,NA,NA,NA,NA,NA,NA,NA,NA,NA,NA,NA,NA,NA,TARGET_GONE,identity no longer active
2026-10-02T16:05:36Z,APP_21879_3030045,21879,3030045,20,1378,203.096,0,0,-1,-1,0,0.999931471,NA,NA,70.000000000,MEASURED_CPU_FAULT,CPU;INTERVAL_FAULTS,NA,NA,NA,NA,NA,NA,NA,NA,NA,NA,NA,NA,NA,NA,NA,NA,NA,NA,NA,NA,NA,NA,NA,TARGET_GONE,identity no longer active
2026-10-02T16:05:36Z,APP_21879_3030045,21879,3030045,20,1379,191.617,0,0,-1,-1,0,0.999931471,NA,NA,70.000000000,MEASURED_CPU_FAULT,CPU;INTERVAL_FAULTS,NA,NA,NA,NA,NA,NA,NA,NA,NA,NA,NA,NA,NA,NA,NA,NA,NA,NA,NA,NA,NA,NA,NA,TARGET_GONE,identity no longer active
2026-10-02T16:05:36Z,APP_21879_3030045,21879,3030045,20,1380,201.499,0,0,-1,-1,0,0.999931471,NA,NA,70.000000000,MEASURED_CPU_FAULT,CPU;INTERVAL_FAULTS,NA,NA,NA,NA,NA,NA,NA,NA,NA,NA,NA,NA,NA,NA,NA,NA,NA,NA,NA,NA,NA,NA,NA,TARGET_GONE,identity no longer active
2026-10-02T16:05:37Z,APP_21879_3030045,21879,3030045,20,1381,199.253,0,0,-1,-1,0,0.999931471,NA,NA,70.000000000,MEASURED_CPU_FAULT,CPU;INTERVAL_FAULTS,NA,NA,NA,NA,NA,NA,NA,NA,NA,NA,NA,NA,NA,NA,NA,NA,NA,NA,NA,NA,NA,NA,NA,TARGET_GONE,identity no longer active
2026-10-02T16:05:37Z,APP_21879_3030045,21879,3030045,20,1382,201.198,0,0,-1,-1,0,0.999931471,NA,NA,70.000000000,MEASURED_CPU_FAULT,CPU;INTERVAL_FAULTS,NA,NA,NA,NA,NA,NA,NA,NA,NA,NA,NA,NA,NA,NA,NA,NA,NA,NA,NA,NA,NA,NA,NA,TARGET_GONE,identity no longer active
2026-10-02T16:05:37Z,APP_21879_3030045,21879,3030045,20,1383,197.734,0,0,-1,-1,0,0.999931471,NA,NA,70.000000000,MEASURED_CPU_FAULT,CPU;INTERVAL_FAULTS,NA,NA,NA,NA,NA,NA,NA,NA,NA,NA,NA,NA,NA,NA,NA,NA,NA,NA,NA,NA,NA,NA,NA,TARGET_GONE,identity no longer active
2026-10-02T16:05:37Z,APP_21879_3030045,21879,3030045,20,1384,201.802,0,0,-1,-1,0,0.999931471,NA,NA,70.000000000,MEASURED_CPU_FAULT,CPU;INTERVAL_FAULTS,NA,NA,NA,NA,NA,NA,NA,NA,NA,NA,NA,NA,NA,NA,NA,NA,NA,NA,NA,NA,NA,NA,NA,TARGET_GONE,identity no longer active
2026-10-02T16:05:37Z,APP_21879_3030045,21879,3030045,20,1385,197.531,0,0,-1,-1,0,0.999931471,NA,NA,70.000000000,MEASURED_CPU_FAULT,CPU;INTERVAL_FAULTS,NA,NA,NA,NA,NA,NA,NA,NA,NA,NA,NA,NA,NA,NA,NA,NA,NA,NA,NA,NA,NA,NA,NA,TARGET_GONE,identity no longer active
2026-10-02T16:05:37Z,APP_21879_3030045,21879,3030045,20,1386,201.499,0,0,-1,-1,0,0.999931471,NA,NA,70.000000000,MEASURED_CPU_FAULT,CPU;INTERVAL_FAULTS,NA,NA,NA,NA,NA,NA,NA,NA,NA,NA,NA,NA,NA,NA,NA,NA,NA,NA,NA,NA,NA,NA,NA,TARGET_GONE,identity no longer active
2026-10-02T16:05:37Z,APP_21879_3030045,21879,3030045,20,1387,202.755,0,0,-1,-1,0,0.999931471,NA,NA,70.000000000,MEASURED_CPU_FAULT,CPU;INTERVAL_FAULTS,NA,NA,NA,NA,NA,NA,NA,NA,NA,NA,NA,NA,NA,NA,NA,NA,NA,NA,NA,NA,NA,NA,NA,TARGET_GONE,identity no longer active
2026-10-02T16:05:37Z,APP_21879_3030045,21879,3030045,20,1388,191.617,0,0,-1,-1,0,0.999931471,NA,NA,70.000000000,MEASURED_CPU_FAULT,CPU;INTERVAL_FAULTS,NA,NA,NA,NA,NA,NA,NA,NA,NA,NA,NA,NA,NA,NA,NA,NA,NA,NA,NA,NA,NA,NA,NA,TARGET_GONE,identity no longer active
2026-10-02T16:05:38Z,APP_21879_3030045,21879,3030045,20,1389,201.499,0,0,-1,-1,0,0.999931471,NA,NA,70.000000000,MEASURED_CPU_FAULT,CPU;INTERVAL_FAULTS,NA,NA,NA,NA,NA,NA,NA,NA,NA,NA,NA,NA,NA,NA,NA,NA,NA,NA,NA,NA,NA,NA,NA,TARGET_GONE,identity no longer active
2026-10-02T16:05:38Z,APP_21879_3030045,21879,3030045,20,1390,206.708,0,0,-1,-1,0,0.999931471,NA,NA,70.000000000,MEASURED_CPU_FAULT,CPU;INTERVAL_FAULTS,NA,NA,NA,NA,NA,NA,NA,NA,NA,NA,NA,NA,NA,NA,NA,NA,NA,NA,NA,NA,NA,NA,NA,TARGET_GONE,identity no longer active
2026-10-02T16:05:38Z,APP_21879_3030045,21879,3030045,20,1391,191.617,0,0,-1,-1,0,0.999931471,NA,NA,70.000000000,MEASURED_CPU_FAULT,CPU;INTERVAL_FAULTS,NA,NA,NA,NA,NA,NA,NA,NA,NA,NA,NA,NA,NA,NA,NA,NA,NA,NA,NA,NA,NA,NA,NA,TARGET_GONE,identity no longer active
2026-10-02T16:05:38Z,APP_21879_3030045,21879,3030045,20,1392,200.607,0,0,-1,-1,0,0.999931471,NA,NA,70.000000000,MEASURED_CPU_FAULT,CPU;INTERVAL_FAULTS,NA,NA,NA,NA,NA,NA,NA,NA,NA,NA,NA,NA,NA,NA,NA,NA,NA,NA,NA,NA,NA,NA,NA,TARGET_GONE,identity no longer active
2026-10-02T16:05:38Z,APP_21879_3030045,21879,3030045,20,1393,201.198,0,0,-1,-1,0,0.999931471,NA,NA,70.000000000,MEASURED_CPU_FAULT,CPU;INTERVAL_FAULTS,NA,NA,NA,NA,NA,NA,NA,NA,NA,NA,NA,NA,NA,NA,NA,NA,NA,NA,NA,NA,NA,NA,NA,TARGET_GONE,identity no longer active
2026-10-02T16:05:38Z,APP_21879_3030045,21879,3030045,20,1394,199.610,0,0,-1,-1,0,0.999931471,NA,NA,70.000000000,MEASURED_CPU_FAULT,CPU;INTERVAL_FAULTS,NA,NA,NA,NA,NA,NA,NA,NA,NA,NA,NA,NA,NA,NA,NA,NA,NA,NA,NA,NA,NA,NA,NA,TARGET_GONE,identity no longer active
2026-10-02T16:05:38Z,APP_21879_3030045,21879,3030045,20,1395,201.198,0,0,-1,-1,0,0.999931471,NA,NA,70.000000000,MEASURED_CPU_FAULT,CPU;INTERVAL_FAULTS,NA,NA,NA,NA,NA,NA,NA,NA,NA,NA,NA,NA,NA,NA,NA,NA,NA,NA,NA,NA,NA,NA,NA,TARGET_GONE,identity no longer active
2026-10-02T16:05:39Z,APP_21879_3030045,21879,3030045,20,1396,200.000,0,0,-1,-1,0,0.999931471,NA,NA,70.000000000,MEASURED_CPU_FAULT,CPU;INTERVAL_FAULTS,NA,NA,NA,NA,NA,NA,NA,NA,NA,NA,NA,NA,NA,NA,NA,NA,NA,NA,NA,NA,NA,NA,NA,TARGET_GONE,identity no longer active
2026-10-02T16:05:39Z,APP_21879_3030045,21879,3030045,20,1397,192.192,0,0,-1,-1,0,0.999931471,NA,NA,70.000000000,MEASURED_CPU_FAULT,CPU;INTERVAL_FAULTS,NA,NA,NA,NA,NA,NA,NA,NA,NA,NA,NA,NA,NA,NA,NA,NA,NA,NA,NA,NA,NA,NA,NA,TARGET_GONE,identity no longer active
2026-10-02T16:05:39Z,APP_21879_3030045,21879,3030045,20,1398,201.802,0,0,-1,-1,0,0.999931471,NA,NA,70.000000000,MEASURED_CPU_FAULT,CPU;INTERVAL_FAULTS,NA,NA,NA,NA,NA,NA,NA,NA,NA,NA,NA,NA,NA,NA,NA,NA,NA,NA,NA,NA,NA,NA,NA,TARGET_GONE,identity no longer active
2026-10-02T16:05:39Z,APP_21879_3030045,21879,3030045,20,1399,198.758,0,0,-1,-1,0,0.999931471,NA,NA,70.000000000,MEASURED_CPU_FAULT,CPU;INTERVAL_FAULTS,NA,NA,NA,NA,NA,NA,NA,NA,NA,NA,NA,NA,NA,NA,NA,NA,NA,NA,NA,NA,NA,NA,NA,TARGET_GONE,identity no longer active
2026-10-02T16:05:39Z,APP_21879_3030045,21879,3030045,20,1400,210.463,0,0,-1,-1,0,0.999931471,NA,NA,70.000000000,MEASURED_CPU_FAULT,CPU;INTERVAL_FAULTS,NA,NA,NA,NA,NA,NA,NA,NA,NA,NA,NA,NA,NA,NA,NA,NA,NA,NA,NA,NA,NA,NA,NA,TARGET_GONE,identity no longer active
2026-10-02T16:05:39Z,APP_21879_3030045,21879,3030045,20,1401,191.736,0,0,-1,-1,0,0.999931471,NA,NA,70.000000000,MEASURED_CPU_FAULT,CPU;INTERVAL_FAULTS,NA,NA,NA,NA,NA,NA,NA,NA,NA,NA,NA,NA,NA,NA,NA,NA,NA,NA,NA,NA,NA,NA,NA,TARGET_GONE,identity no longer active
2026-10-02T16:05:39Z,APP_21879_3030045,21879,3030045,20,1402,200.897,0,0,-1,-1,0,0.999931471,NA,NA,70.000000000,MEASURED_CPU_FAULT,CPU;INTERVAL_FAULTS,NA,NA,NA,NA,NA,NA,NA,NA,NA,NA,NA,NA,NA,NA,NA,NA,NA,NA,NA,NA,NA,NA,NA,TARGET_GONE,identity no longer active
2026-10-02T16:05:39Z,APP_21879_3030045,21879,3030045,20,1403,200.607,0,0,-1,-1,0,0.999931471,NA,NA,70.000000000,MEASURED_CPU_FAULT,CPU;INTERVAL_FAULTS,NA,NA,NA,NA,NA,NA,NA,NA,NA,NA,NA,NA,NA,NA,NA,NA,NA,NA,NA,NA,NA,NA,NA,TARGET_GONE,identity no longer active
2026-10-02T16:05:39Z,APP_21879_3030045,21879,3030045,20,1404,201.802,0,0,-1,-1,0,0.999931471,NA,NA,70.000000000,MEASURED_CPU_FAULT,CPU;INTERVAL_FAULTS,NA,NA,NA,NA,NA,NA,NA,NA,NA,NA,NA,NA,NA,NA,NA,NA,NA,NA,NA,NA,NA,NA,NA,TARGET_GONE,identity no longer active
2026-10-02T16:05:40Z,APP_21879_3030045,21879,3030045,20,1405,198.230,0,0,-1,-1,0,0.999931471,NA,NA,70.000000000,MEASURED_CPU_FAULT,CPU;INTERVAL_FAULTS,NA,NA,NA,NA,NA,NA,NA,NA,NA,NA,NA,NA,NA,NA,NA,NA,NA,NA,NA,NA,NA,NA,NA,TARGET_GONE,identity no longer active
2026-10-02T16:05:40Z,APP_21879_3030045,21879,3030045,20,1406,210.778,0,0,-1,-1,0,0.999931471,NA,NA,70.000000000,MEASURED_CPU_FAULT,CPU;INTERVAL_FAULTS,NA,NA,NA,NA,NA,NA,NA,NA,NA,NA,NA,NA,NA,NA,NA,NA,NA,NA,NA,NA,NA,NA,NA,TARGET_GONE,identity no longer active
2026-10-02T16:05:40Z,APP_21879_3030045,21879,3030045,20,1407,201.802,0,0,-1,-1,0,0.999931471,NA,NA,70.000000000,MEASURED_CPU_FAULT,CPU;INTERVAL_FAULTS,NA,NA,NA,NA,NA,NA,NA,NA,NA,NA,NA,NA,NA,NA,NA,NA,NA,NA,NA,NA,NA,NA,NA,TARGET_GONE,identity no longer active
2026-10-02T16:05:40Z,APP_21879_3030045,21879,3030045,20,1408,194.411,0,0,-1,-1,0,0.999931471,NA,NA,70.000000000,MEASURED_CPU_FAULT,CPU;INTERVAL_FAULTS,NA,NA,NA,NA,NA,NA,NA,NA,NA,NA,NA,NA,NA,NA,NA,NA,NA,NA,NA,NA,NA,NA,NA,TARGET_GONE,identity no longer active
2026-10-02T16:05:40Z,APP_21879_3030045,21879,3030045,20,1409,210.463,0,0,-1,-1,0,0.999931471,NA,NA,70.000000000,MEASURED_CPU_FAULT,CPU;INTERVAL_FAULTS,NA,NA,NA,NA,NA,NA,NA,NA,NA,NA,NA,NA,NA,NA,NA,NA,NA,NA,NA,NA,NA,NA,NA,TARGET_GONE,identity no longer active
2026-10-02T16:05:40Z,APP_21879_3030045,21879,3030045,20,1410,194.135,0,0,-1,-1,0,0.999931471,NA,NA,70.000000000,MEASURED_CPU_FAULT,CPU;INTERVAL_FAULTS,NA,NA,NA,NA,NA,NA,NA,NA,NA,NA,NA,NA,NA,NA,NA,NA,NA,NA,NA,NA,NA,NA,NA,TARGET_GONE,identity no longer active
2026-10-02T16:05:40Z,APP_21879_3030045,21879,3030045,20,1411,201.499,0,0,-1,-1,0,0.999931471,NA,NA,70.000000000,MEASURED_CPU_FAULT,CPU;INTERVAL_FAULTS,NA,NA,NA,NA,NA,NA,NA,NA,NA,NA,NA,NA,NA,NA,NA,NA,NA,NA,NA,NA,NA,NA,NA,TARGET_GONE,identity no longer active
2026-10-02T16:05:40Z,APP_21879_3030045,21879,3030045,20,1412,200.607,0,0,-1,-1,0,0.999931471,NA,NA,70.000000000,MEASURED_CPU_FAULT,CPU;INTERVAL_FAULTS,NA,NA,NA,NA,NA,NA,NA,NA,NA,NA,NA,NA,NA,NA,NA,NA,NA,NA,NA,NA,NA,NA,NA,TARGET_GONE,identity no longer active
2026-10-02T16:05:41Z,APP_21879_3030045,21879,3030045,20,1413,201.499,0,0,-1,-1,0,0.999931471,NA,NA,70.000000000,MEASURED_CPU_FAULT,CPU;INTERVAL_FAULTS,NA,NA,NA,NA,NA,NA,NA,NA,NA,NA,NA,NA,NA,NA,NA,NA,NA,NA,NA,NA,NA,NA,NA,TARGET_GONE,identity no longer active
2026-10-02T16:05:41Z,APP_21879_3030045,21879,3030045,20,1414,200.447,0,0,-1,-1,0,0.999931471,NA,NA,70.000000000,MEASURED_CPU_FAULT,CPU;INTERVAL_FAULTS,NA,NA,NA,NA,NA,NA,NA,NA,NA,NA,NA,NA,NA,NA,NA,NA,NA,NA,NA,NA,NA,NA,NA,TARGET_GONE,identity no longer active
2026-10-02T16:05:41Z,APP_21879_3030045,21879,3030045,20,1415,191.617,0,0,-1,-1,0,0.999931471,NA,NA,70.000000000,MEASURED_CPU_FAULT,CPU;INTERVAL_FAULTS,NA,NA,NA,NA,NA,NA,NA,NA,NA,NA,NA,NA,NA,NA,NA,NA,NA,NA,NA,NA,NA,NA,NA,TARGET_GONE,identity no longer active
2026-10-02T16:05:41Z,APP_21879_3030045,21879,3030045,20,1416,201.499,0,0,-1,-1,0,0.999931471,NA,NA,70.000000000,MEASURED_CPU_FAULT,CPU;INTERVAL_FAULTS,NA,NA,NA,NA,NA,NA,NA,NA,NA,NA,NA,NA,NA,NA,NA,NA,NA,NA,NA,NA,NA,NA,NA,TARGET_GONE,identity no longer active
2026-10-02T16:05:41Z,APP_21879_3030045,21879,3030045,20,1417,202.187,0,0,-1,-1,0,0.999931471,NA,NA,70.000000000,MEASURED_CPU_FAULT,CPU;INTERVAL_FAULTS,NA,NA,NA,NA,NA,NA,NA,NA,NA,NA,NA,NA,NA,NA,NA,NA,NA,NA,NA,NA,NA,NA,NA,TARGET_GONE,identity no longer active
2026-10-02T16:05:41Z,APP_21879_3030045,21879,3030045,20,1418,201.499,0,0,-1,-1,0,0.999931471,NA,NA,70.000000000,MEASURED_CPU_FAULT,CPU;INTERVAL_FAULTS,NA,NA,NA,NA,NA,NA,NA,NA,NA,NA,NA,NA,NA,NA,NA,NA,NA,NA,NA,NA,NA,NA,NA,TARGET_GONE,identity no longer active
2026-10-02T16:05:41Z,APP_21879_3030045,21879,3030045,20,1419,194.529,0,0,-1,-1,0,0.999931471,NA,NA,70.000000000,MEASURED_CPU_FAULT,CPU;INTERVAL_FAULTS,NA,NA,NA,NA,NA,NA,NA,NA,NA,NA,NA,NA,NA,NA,NA,NA,NA,NA,NA,NA,NA,NA,NA,TARGET_GONE,identity no longer active
2026-10-02T16:05:41Z,APP_21879_3030045,21879,3030045,20,1420,201.198,0,0,-1,-1,0,0.999931471,NA,NA,70.000000000,MEASURED_CPU_FAULT,CPU;INTERVAL_FAULTS,NA,NA,NA,NA,NA,NA,NA,NA,NA,NA,NA,NA,NA,NA,NA,NA,NA,NA,NA,NA,NA,NA,NA,TARGET_GONE,identity no longer active
2026-10-02T16:05:42Z,APP_21879_3030045,21879,3030045,20,1421,200.607,0,0,-1,-1,0,0.999931471,NA,NA,70.000000000,MEASURED_CPU_FAULT,CPU;INTERVAL_FAULTS,NA,NA,NA,NA,NA,NA,NA,NA,NA,NA,NA,NA,NA,NA,NA,NA,NA,NA,NA,NA,NA,NA,NA,TARGET_GONE,identity no longer active
2026-10-02T16:05:42Z,APP_21879_3030045,21879,3030045,20,1422,201.198,0,0,-1,-1,0,0.999931471,NA,NA,70.000000000,MEASURED_CPU_FAULT,CPU;INTERVAL_FAULTS,NA,NA,NA,NA,NA,NA,NA,NA,NA,NA,NA,NA,NA,NA,NA,NA,NA,NA,NA,NA,NA,NA,NA,TARGET_GONE,identity no longer active
2026-10-02T16:05:42Z,APP_21879_3030045,21879,3030045,20,1423,204.458,0,0,-1,-1,0,0.999931471,NA,NA,70.000000000,MEASURED_CPU_FAULT,CPU;INTERVAL_FAULTS,NA,NA,NA,NA,NA,NA,NA,NA,NA,NA,NA,NA,NA,NA,NA,NA,NA,NA,NA,NA,NA,NA,NA,TARGET_GONE,identity no longer active
2026-10-02T16:05:42Z,APP_21879_3030045,21879,3030045,20,1424,192.192,0,0,-1,-1,0,0.999931471,NA,NA,70.000000000,MEASURED_CPU_FAULT,CPU;INTERVAL_FAULTS,NA,NA,NA,NA,NA,NA,NA,NA,NA,NA,NA,NA,NA,NA,NA,NA,NA,NA,NA,NA,NA,NA,NA,TARGET_GONE,identity no longer active
2026-10-02T16:05:42Z,APP_21879_3030045,21879,3030045,20,1425,201.802,0,0,-1,-1,0,0.999931471,NA,NA,70.000000000,MEASURED_CPU_FAULT,CPU;INTERVAL_FAULTS,NA,NA,NA,NA,NA,NA,NA,NA,NA,NA,NA,NA,NA,NA,NA,NA,NA,NA,NA,NA,NA,NA,NA,TARGET_GONE,identity no longer active
2026-10-02T16:05:42Z,APP_21879_3030045,21879,3030045,20,1426,194.411,0,0,-1,-1,0,0.999931471,NA,NA,70.000000000,MEASURED_CPU_FAULT,CPU;INTERVAL_FAULTS,NA,NA,NA,NA,NA,NA,NA,NA,NA,NA,NA,NA,NA,NA,NA,NA,NA,NA,NA,NA,NA,NA,NA,TARGET_GONE,identity no longer active
2026-10-02T16:05:42Z,APP_21879_3030045,21879,3030045,20,1427,201.802,0,0,-1,-1,0,0.999931471,NA,NA,70.000000000,MEASURED_CPU_FAULT,CPU;INTERVAL_FAULTS,NA,NA,NA,NA,NA,NA,NA,NA,NA,NA,NA,NA,NA,NA,NA,NA,NA,NA,NA,NA,NA,NA,NA,TARGET_GONE,identity no longer active
2026-10-02T16:05:42Z,APP_21879_3030045,21879,3030045,20,1428,201.179,0,0,-1,-1,0,0.999931471,NA,NA,70.000000000,MEASURED_CPU_FAULT,CPU;INTERVAL_FAULTS,NA,NA,NA,NA,NA,NA,NA,NA,NA,NA,NA,NA,NA,NA,NA,NA,NA,NA,NA,NA,NA,NA,NA,TARGET_GONE,identity no longer active
2026-10-02T16:05:43Z,APP_21879_3030045,21879,3030045,20,1429,201.802,0,0,-1,-1,0,0.999931471,NA,NA,70.000000000,MEASURED_CPU_FAULT,CPU;INTERVAL_FAULTS,NA,NA,NA,NA,NA,NA,NA,NA,NA,NA,NA,NA,NA,NA,NA,NA,NA,NA,NA,NA,NA,NA,NA,TARGET_GONE,identity no longer active
2026-10-02T16:05:43Z,APP_21879_3030045,21879,3030045,20,1430,194.135,0,0,-1,-1,0,0.999931471,NA,NA,70.000000000,MEASURED_CPU_FAULT,CPU;INTERVAL_FAULTS,NA,NA,NA,NA,NA,NA,NA,NA,NA,NA,NA,NA,NA,NA,NA,NA,NA,NA,NA,NA,NA,NA,NA,TARGET_GONE,identity no longer active
2026-10-02T16:05:43Z,APP_21879_3030045,21879,3030045,20,1431,201.802,0,0,-1,-1,0,0.999931471,NA,NA,70.000000000,MEASURED_CPU_FAULT,CPU;INTERVAL_FAULTS,NA,NA,NA,NA,NA,NA,NA,NA,NA,NA,NA,NA,NA,NA,NA,NA,NA,NA,NA,NA,NA,NA,NA,TARGET_GONE,identity no longer active
2026-10-02T16:05:43Z,APP_21879_3030045,21879,3030045,20,1432,200.583,0,0,-1,-1,0,0.999931471,NA,NA,70.000000000,MEASURED_CPU_FAULT,CPU;INTERVAL_FAULTS,NA,NA,NA,NA,NA,NA,NA,NA,NA,NA,NA,NA,NA,NA,NA,NA,NA,NA,NA,NA,NA,NA,NA,TARGET_GONE,identity no longer active
2026-10-02T16:05:43Z,APP_21879_3030045,21879,3030045,20,1433,210.778,0,0,-1,-1,0,0.999931471,NA,NA,70.000000000,MEASURED_CPU_FAULT,CPU;INTERVAL_FAULTS,NA,NA,NA,NA,NA,NA,NA,NA,NA,NA,NA,NA,NA,NA,NA,NA,NA,NA,NA,NA,NA,NA,NA,TARGET_GONE,identity no longer active
2026-10-02T16:05:43Z,APP_21879_3030045,21879,3030045,20,1434,201.499,0,0,-1,-1,0,0.999931471,NA,NA,70.000000000,MEASURED_CPU_FAULT,CPU;INTERVAL_FAULTS,NA,NA,NA,NA,NA,NA,NA,NA,NA,NA,NA,NA,NA,NA,NA,NA,NA,NA,NA,NA,NA,NA,NA,TARGET_GONE,identity no longer active
2026-10-02T16:05:43Z,APP_21879_3030045,21879,3030045,20,1435,194.411,0,0,-1,-1,0,0.999931471,NA,NA,70.000000000,MEASURED_CPU_FAULT,CPU;INTERVAL_FAULTS,NA,NA,NA,NA,NA,NA,NA,NA,NA,NA,NA,NA,NA,NA,NA,NA,NA,NA,NA,NA,NA,NA,NA,TARGET_GONE,identity no longer active
2026-10-02T16:05:43Z,APP_21879_3030045,21879,3030045,20,1436,201.499,0,0,-1,-1,0,0.999931471,NA,NA,70.000000000,MEASURED_CPU_FAULT,CPU;INTERVAL_FAULTS,NA,NA,NA,NA,NA,NA,NA,NA,NA,NA,NA,NA,NA,NA,NA,NA,NA,NA,NA,NA,NA,NA,NA,TARGET_GONE,identity no longer active
2026-10-02T16:05:44Z,APP_21879_3030045,21879,3030045,20,1437,201.258,0,0,-1,-1,0,0.999931471,NA,NA,70.000000000,MEASURED_CPU_FAULT,CPU;INTERVAL_FAULTS,NA,NA,NA,NA,NA,NA,NA,NA,NA,NA,NA,NA,NA,NA,NA,NA,NA,NA,NA,NA,NA,NA,NA,TARGET_GONE,identity no longer active
2026-10-02T16:05:44Z,APP_21879_3030045,21879,3030045,20,1438,201.499,0,0,-1,-1,0,0.999931471,NA,NA,70.000000000,MEASURED_CPU_FAULT,CPU;INTERVAL_FAULTS,NA,NA,NA,NA,NA,NA,NA,NA,NA,NA,NA,NA,NA,NA,NA,NA,NA,NA,NA,NA,NA,NA,NA,TARGET_GONE,identity no longer active
2026-10-02T16:05:44Z,APP_21879_3030045,21879,3030045,20,1439,204.325,0,0,-1,-1,0,0.999931471,NA,NA,70.000000000,MEASURED_CPU_FAULT,CPU;INTERVAL_FAULTS,NA,NA,NA,NA,NA,NA,NA,NA,NA,NA,NA,NA,NA,NA,NA,NA,NA,NA,NA,NA,NA,NA,NA,TARGET_GONE,identity no longer active
2026-10-02T16:05:44Z,APP_21879_3030045,21879,3030045,20,1440,192.192,0,0,-1,-1,0,0.999931471,NA,NA,70.000000000,MEASURED_CPU_FAULT,CPU;INTERVAL_FAULTS,NA,NA,NA,NA,NA,NA,NA,NA,NA,NA,NA,NA,NA,NA,NA,NA,NA,NA,NA,NA,NA,NA,NA,TARGET_GONE,identity no longer active
2026-10-02T16:05:44Z,APP_21879_3030045,21879,3030045,20,1441,202.423,0,0,-1,-1,0,0.999931471,NA,NA,70.000000000,MEASURED_CPU_FAULT,CPU;INTERVAL_FAULTS,NA,NA,NA,NA,NA,NA,NA,NA,NA,NA,NA,NA,NA,NA,NA,NA,NA,NA,NA,NA,NA,NA,NA,TARGET_GONE,identity no longer active
2026-10-02T16:05:44Z,APP_21879_3030045,21879,3030045,20,1442,191.617,0,0,-1,-1,0,0.999931471,NA,NA,70.000000000,MEASURED_CPU_FAULT,CPU;INTERVAL_FAULTS,NA,NA,NA,NA,NA,NA,NA,NA,NA,NA,NA,NA,NA,NA,NA,NA,NA,NA,NA,NA,NA,NA,NA,TARGET_GONE,identity no longer active
2026-10-02T16:05:44Z,APP_21879_3030045,21879,3030045,20,1443,201.499,0,0,-1,-1,0,0.999931471,NA,NA,70.000000000,MEASURED_CPU_FAULT,CPU;INTERVAL_FAULTS,NA,NA,NA,NA,NA,NA,NA,NA,NA,NA,NA,NA,NA,NA,NA,NA,NA,NA,NA,NA,NA,NA,NA,TARGET_GONE,identity no longer active
2026-10-02T16:05:44Z,APP_21879_3030045,21879,3030045,20,1444,199.005,0,0,-1,-1,0,0.999931471,NA,NA,70.000000000,MEASURED_CPU_FAULT,CPU;INTERVAL_FAULTS,NA,NA,NA,NA,NA,NA,NA,NA,NA,NA,NA,NA,NA,NA,NA,NA,NA,NA,NA,NA,NA,NA,NA,TARGET_GONE,identity no longer active
2026-10-02T16:05:45Z,APP_21879_3030045,21879,3030045,20,1445,201.802,0,0,-1,-1,0,0.999931471,NA,NA,70.000000000,MEASURED_CPU_FAULT,CPU;INTERVAL_FAULTS,NA,NA,NA,NA,NA,NA,NA,NA,NA,NA,NA,NA,NA,NA,NA,NA,NA,NA,NA,NA,NA,NA,NA,TARGET_GONE,identity no longer active
2026-10-02T16:05:45Z,APP_21879_3030045,21879,3030045,20,1446,200.607,0,0,-1,-1,0,0.999931471,NA,NA,70.000000000,MEASURED_CPU_FAULT,CPU;INTERVAL_FAULTS,NA,NA,NA,NA,NA,NA,NA,NA,NA,NA,NA,NA,NA,NA,NA,NA,NA,NA,NA,NA,NA,NA,NA,TARGET_GONE,identity no longer active
2026-10-02T16:05:45Z,APP_21879_3030045,21879,3030045,20,1447,201.198,0,0,-1,-1,0,0.999931471,NA,NA,70.000000000,MEASURED_CPU_FAULT,CPU;INTERVAL_FAULTS,NA,NA,NA,NA,NA,NA,NA,NA,NA,NA,NA,NA,NA,NA,NA,NA,NA,NA,NA,NA,NA,NA,NA,TARGET_GONE,identity no longer active
2026-10-02T16:05:45Z,APP_21879_3030045,21879,3030045,20,1448,201.013,0,0,-1,-1,0,0.999931471,NA,NA,70.000000000,MEASURED_CPU_FAULT,CPU;INTERVAL_FAULTS,NA,NA,NA,NA,NA,NA,NA,NA,NA,NA,NA,NA,NA,NA,NA,NA,NA,NA,NA,NA,NA,NA,NA,TARGET_GONE,identity no longer active
2026-10-02T16:05:45Z,APP_21879_3030045,21879,3030045,20,1449,201.499,0,0,-1,-1,0,0.999931471,NA,NA,70.000000000,MEASURED_CPU_FAULT,CPU;INTERVAL_FAULTS,NA,NA,NA,NA,NA,NA,NA,NA,NA,NA,NA,NA,NA,NA,NA,NA,NA,NA,NA,NA,NA,NA,NA,TARGET_GONE,identity no longer active
2026-10-02T16:05:45Z,APP_21879_3030045,21879,3030045,20,1450,199.740,0,0,-1,-1,0,0.999931471,NA,NA,70.000000000,MEASURED_CPU_FAULT,CPU;INTERVAL_FAULTS,NA,NA,NA,NA,NA,NA,NA,NA,NA,NA,NA,NA,NA,NA,NA,NA,NA,NA,NA,NA,NA,NA,NA,TARGET_GONE,identity no longer active
2026-10-02T16:05:45Z,APP_21879_3030045,21879,3030045,20,1451,192.771,0,0,-1,-1,0,0.999931471,NA,NA,70.000000000,MEASURED_CPU_FAULT,CPU;INTERVAL_FAULTS,NA,NA,NA,NA,NA,NA,NA,NA,NA,NA,NA,NA,NA,NA,NA,NA,NA,NA,NA,NA,NA,NA,NA,TARGET_GONE,identity no longer active
2026-10-02T16:05:45Z,APP_21879_3030045,21879,3030045,20,1452,201.499,0,0,-1,-1,0,0.999931471,NA,NA,70.000000000,MEASURED_CPU_FAULT,CPU;INTERVAL_FAULTS,NA,NA,NA,NA,NA,NA,NA,NA,NA,NA,NA,NA,NA,NA,NA,NA,NA,NA,NA,NA,NA,NA,NA,TARGET_GONE,identity no longer active
2026-10-02T16:05:46Z,APP_21879_3030045,21879,3030045,20,1453,194.175,0,0,-1,-1,0,0.999931471,NA,NA,70.000000000,MEASURED_CPU_FAULT,CPU;INTERVAL_FAULTS,NA,NA,NA,NA,NA,NA,NA,NA,NA,NA,NA,NA,NA,NA,NA,NA,NA,NA,NA,NA,NA,NA,NA,TARGET_GONE,identity no longer active
2026-10-02T16:05:46Z,APP_21879_3030045,21879,3030045,20,1454,201.499,0,0,-1,-1,0,0.999931471,NA,NA,70.000000000,MEASURED_CPU_FAULT,CPU;INTERVAL_FAULTS,NA,NA,NA,NA,NA,NA,NA,NA,NA,NA,NA,NA,NA,NA,NA,NA,NA,NA,NA,NA,NA,NA,NA,TARGET_GONE,identity no longer active
2026-10-02T16:05:46Z,APP_21879_3030045,21879,3030045,20,1455,200.607,0,0,-1,-1,0,0.999931471,NA,NA,70.000000000,MEASURED_CPU_FAULT,CPU;INTERVAL_FAULTS,NA,NA,NA,NA,NA,NA,NA,NA,NA,NA,NA,NA,NA,NA,NA,NA,NA,NA,NA,NA,NA,NA,NA,TARGET_GONE,identity no longer active
2026-10-02T16:05:46Z,APP_21879_3030045,21879,3030045,20,1456,201.499,0,0,-1,-1,0,0.999931471,NA,NA,70.000000000,MEASURED_CPU_FAULT,CPU;INTERVAL_FAULTS,NA,NA,NA,NA,NA,NA,NA,NA,NA,NA,NA,NA,NA,NA,NA,NA,NA,NA,NA,NA,NA,NA,NA,TARGET_GONE,identity no longer active
2026-10-02T16:05:46Z,APP_21879_3030045,21879,3030045,20,1457,200.607,0,0,-1,-1,0,0.999931471,NA,NA,70.000000000,MEASURED_CPU_FAULT,CPU;INTERVAL_FAULTS,NA,NA,NA,NA,NA,NA,NA,NA,NA,NA,NA,NA,NA,NA,NA,NA,NA,NA,NA,NA,NA,NA,NA,TARGET_GONE,identity no longer active
2026-10-02T16:05:46Z,APP_21879_3030045,21879,3030045,20,1458,201.499,0,0,-1,-1,0,0.999931471,NA,NA,70.000000000,MEASURED_CPU_FAULT,CPU;INTERVAL_FAULTS,NA,NA,NA,NA,NA,NA,NA,NA,NA,NA,NA,NA,NA,NA,NA,NA,NA,NA,NA,NA,NA,NA,NA,TARGET_GONE,identity no longer active
2026-10-02T16:05:46Z,APP_21879_3030045,21879,3030045,20,1459,202.559,0,0,-1,-1,0,0.999931471,NA,NA,70.000000000,MEASURED_CPU_FAULT,CPU;INTERVAL_FAULTS,NA,NA,NA,NA,NA,NA,NA,NA,NA,NA,NA,NA,NA,NA,NA,NA,NA,NA,NA,NA,NA,NA,NA,TARGET_GONE,identity no longer active
2026-10-02T16:05:46Z,APP_21879_3030045,21879,3030045,20,1460,191.617,0,0,-1,-1,0,0.999931471,NA,NA,70.000000000,MEASURED_CPU_FAULT,CPU;INTERVAL_FAULTS,NA,NA,NA,NA,NA,NA,NA,NA,NA,NA,NA,NA,NA,NA,NA,NA,NA,NA,NA,NA,NA,NA,NA,TARGET_GONE,identity no longer active
2026-10-02T16:05:47Z,APP_21879_3030045,21879,3030045,20,1461,201.802,0,0,-1,-1,0,0.999931471,NA,NA,70.000000000,MEASURED_CPU_FAULT,CPU;INTERVAL_FAULTS,NA,NA,NA,NA,NA,NA,NA,NA,NA,NA,NA,NA,NA,NA,NA,NA,NA,NA,NA,NA,NA,NA,NA,TARGET_GONE,identity no longer active
2026-10-02T16:05:47Z,APP_21879_3030045,21879,3030045,20,1462,194.647,0,0,-1,-1,0,0.999931471,NA,NA,70.000000000,MEASURED_CPU_FAULT,CPU;INTERVAL_FAULTS,NA,NA,NA,NA,NA,NA,NA,NA,NA,NA,NA,NA,NA,NA,NA,NA,NA,NA,NA,NA,NA,NA,NA,TARGET_GONE,identity no longer active
2026-10-02T16:05:47Z,APP_21879_3030045,21879,3030045,20,1463,201.499,0,0,-1,-1,0,0.999931471,NA,NA,70.000000000,MEASURED_CPU_FAULT,CPU;INTERVAL_FAULTS,NA,NA,NA,NA,NA,NA,NA,NA,NA,NA,NA,NA,NA,NA,NA,NA,NA,NA,NA,NA,NA,NA,NA,TARGET_GONE,identity no longer active
2026-10-02T16:05:47Z,APP_21879_3030045,21879,3030045,20,1464,200.810,0,0,-1,-1,0,0.999931471,NA,NA,70.000000000,MEASURED_CPU_FAULT,CPU;INTERVAL_FAULTS,NA,NA,NA,NA,NA,NA,NA,NA,NA,NA,NA,NA,NA,NA,NA,NA,NA,NA,NA,NA,NA,NA,NA,TARGET_GONE,identity no longer active
2026-10-02T16:05:47Z,APP_21879_3030045,21879,3030045,20,1465,201.499,0,0,-1,-1,0,0.999931471,NA,NA,70.000000000,MEASURED_CPU_FAULT,CPU;INTERVAL_FAULTS,NA,NA,NA,NA,NA,NA,NA,NA,NA,NA,NA,NA,NA,NA,NA,NA,NA,NA,NA,NA,NA,NA,NA,TARGET_GONE,identity no longer active
2026-10-02T16:05:47Z,APP_21879_3030045,21879,3030045,20,1466,200.607,0,0,-1,-1,0,0.999931471,NA,NA,70.000000000,MEASURED_CPU_FAULT,CPU;INTERVAL_FAULTS,NA,NA,NA,NA,NA,NA,NA,NA,NA,NA,NA,NA,NA,NA,NA,NA,NA,NA,NA,NA,NA,NA,NA,TARGET_GONE,identity no longer active
2026-10-02T16:05:47Z,APP_21879_3030045,21879,3030045,20,1467,191.617,0,0,-1,-1,0,0.999931471,NA,NA,70.000000000,MEASURED_CPU_FAULT,CPU;INTERVAL_FAULTS,NA,NA,NA,NA,NA,NA,NA,NA,NA,NA,NA,NA,NA,NA,NA,NA,NA,NA,NA,NA,NA,NA,NA,TARGET_GONE,identity no longer active
2026-10-02T16:05:48Z,APP_21879_3030045,21879,3030045,20,1468,201.186,0,0,-1,-1,0,0.999931471,NA,NA,70.000000000,MEASURED_CPU_FAULT,CPU;INTERVAL_FAULTS,NA,NA,NA,NA,NA,NA,NA,NA,NA,NA,NA,NA,NA,NA,NA,NA,NA,NA,NA,NA,NA,NA,NA,TARGET_GONE,identity no longer active
2026-10-02T16:05:48Z,APP_21879_3030045,21879,3030045,20,1469,204.800,0,0,-1,-1,0,0.999931471,NA,NA,70.000000000,MEASURED_CPU_FAULT,CPU;INTERVAL_FAULTS,NA,NA,NA,NA,NA,NA,NA,NA,NA,NA,NA,NA,NA,NA,NA,NA,NA,NA,NA,NA,NA,NA,NA,TARGET_GONE,identity no longer active
2026-10-02T16:05:48Z,APP_21879_3030045,21879,3030045,20,1470,201.198,0,0,-1,-1,0,0.999931471,NA,NA,70.000000000,MEASURED_CPU_FAULT,CPU;INTERVAL_FAULTS,NA,NA,NA,NA,NA,NA,NA,NA,NA,NA,NA,NA,NA,NA,NA,NA,NA,NA,NA,NA,NA,NA,NA,TARGET_GONE,identity no longer active
2026-10-02T16:05:48Z,APP_21879_3030045,21879,3030045,20,1471,195.719,0,0,-1,-1,0,0.999931471,NA,NA,70.000000000,MEASURED_CPU_FAULT,CPU;INTERVAL_FAULTS,NA,NA,NA,NA,NA,NA,NA,NA,NA,NA,NA,NA,NA,NA,NA,NA,NA,NA,NA,NA,NA,NA,NA,TARGET_GONE,identity no longer active
2026-10-02T16:05:48Z,APP_21879_3030045,21879,3030045,20,1472,210.778,0,0,-1,-1,0,0.999931471,NA,NA,70.000000000,MEASURED_CPU_FAULT,CPU;INTERVAL_FAULTS,NA,NA,NA,NA,NA,NA,NA,NA,NA,NA,NA,NA,NA,NA,NA,NA,NA,NA,NA,NA,NA,NA,NA,TARGET_GONE,identity no longer active
2026-10-02T16:05:48Z,APP_21879_3030045,21879,3030045,20,1473,194.135,0,0,-1,-1,0,0.999931471,NA,NA,70.000000000,MEASURED_CPU_FAULT,CPU;INTERVAL_FAULTS,NA,NA,NA,NA,NA,NA,NA,NA,NA,NA,NA,NA,NA,NA,NA,NA,NA,NA,NA,NA,NA,NA,NA,TARGET_GONE,identity no longer active
2026-10-02T16:05:48Z,APP_21879_3030045,21879,3030045,20,1474,201.499,0,0,-1,-1,0,0.999931471,NA,NA,70.000000000,MEASURED_CPU_FAULT,CPU;INTERVAL_FAULTS,NA,NA,NA,NA,NA,NA,NA,NA,NA,NA,NA,NA,NA,NA,NA,NA,NA,NA,NA,NA,NA,NA,NA,TARGET_GONE,identity no longer active
2026-10-02T16:05:48Z,APP_21879_3030045,21879,3030045,20,1475,200.607,0,0,-1,-1,0,0.999931471,NA,NA,70.000000000,MEASURED_CPU_FAULT,CPU;INTERVAL_FAULTS,NA,NA,NA,NA,NA,NA,NA,NA,NA,NA,NA,NA,NA,NA,NA,NA,NA,NA,NA,NA,NA,NA,NA,TARGET_GONE,identity no longer active
2026-10-02T16:05:48Z,APP_21879_3030045,21879,3030045,20,1476,201.499,0,0,-1,-1,0,0.999931471,NA,NA,70.000000000,MEASURED_CPU_FAULT,CPU;INTERVAL_FAULTS,NA,NA,NA,NA,NA,NA,NA,NA,NA,NA,NA,NA,NA,NA,NA,NA,NA,NA,NA,NA,NA,NA,NA,TARGET_GONE,identity no longer active
2026-10-02T16:05:49Z,APP_21879_3030045,21879,3030045,20,1477,202.062,0,0,-1,-1,0,0.999931471,NA,NA,70.000000000,MEASURED_CPU_FAULT,CPU;INTERVAL_FAULTS,NA,NA,NA,NA,NA,NA,NA,NA,NA,NA,NA,NA,NA,NA,NA,NA,NA,NA,NA,NA,NA,NA,NA,TARGET_GONE,identity no longer active
2026-10-02T16:05:49Z,APP_21879_3030045,21879,3030045,20,1478,192.385,0,0,-1,-1,0,0.999931471,NA,NA,70.000000000,MEASURED_CPU_FAULT,CPU;INTERVAL_FAULTS,NA,NA,NA,NA,NA,NA,NA,NA,NA,NA,NA,NA,NA,NA,NA,NA,NA,NA,NA,NA,NA,NA,NA,TARGET_GONE,identity no longer active
2026-10-02T16:05:49Z,APP_21879_3030045,21879,3030045,20,1479,201.499,0,0,-1,-1,0,0.999931471,NA,NA,70.000000000,MEASURED_CPU_FAULT,CPU;INTERVAL_FAULTS,NA,NA,NA,NA,NA,NA,NA,NA,NA,NA,NA,NA,NA,NA,NA,NA,NA,NA,NA,NA,NA,NA,NA,TARGET_GONE,identity no longer active
2026-10-02T16:05:49Z,APP_21879_3030045,21879,3030045,20,1480,200.284,0,0,-1,-1,0,0.999931471,NA,NA,70.000000000,MEASURED_CPU_FAULT,CPU;INTERVAL_FAULTS,NA,NA,NA,NA,NA,NA,NA,NA,NA,NA,NA,NA,NA,NA,NA,NA,NA,NA,NA,NA,NA,NA,NA,TARGET_GONE,identity no longer active
2026-10-02T16:05:49Z,APP_21879_3030045,21879,3030045,20,1481,201.499,0,0,-1,-1,0,0.999931471,NA,NA,70.000000000,MEASURED_CPU_FAULT,CPU;INTERVAL_FAULTS,NA,NA,NA,NA,NA,NA,NA,NA,NA,NA,NA,NA,NA,NA,NA,NA,NA,NA,NA,NA,NA,NA,NA,TARGET_GONE,identity no longer active
2026-10-02T16:05:49Z,APP_21879_3030045,21879,3030045,20,1482,197.734,0,0,-1,-1,0,0.999931471,NA,NA,70.000000000,MEASURED_CPU_FAULT,CPU;INTERVAL_FAULTS,NA,NA,NA,NA,NA,NA,NA,NA,NA,NA,NA,NA,NA,NA,NA,NA,NA,NA,NA,NA,NA,NA,NA,TARGET_GONE,identity no longer active
2026-10-02T16:05:49Z,APP_21879_3030045,21879,3030045,20,1483,202.105,0,0,-1,-1,0,0.999931471,NA,NA,70.000000000,MEASURED_CPU_FAULT,CPU;INTERVAL_FAULTS,NA,NA,NA,NA,NA,NA,NA,NA,NA,NA,NA,NA,NA,NA,NA,NA,NA,NA,NA,NA,NA,NA,NA,TARGET_GONE,identity no longer active
2026-10-02T16:05:50Z,APP_21879_3030045,21879,3030045,20,1484,197.328,0,0,-1,-1,0,0.999931471,NA,NA,70.000000000,MEASURED_CPU_FAULT,CPU;INTERVAL_FAULTS,NA,NA,NA,NA,NA,NA,NA,NA,NA,NA,NA,NA,NA,NA,NA,NA,NA,NA,NA,NA,NA,NA,NA,TARGET_GONE,identity no longer active
2026-10-02T16:05:50Z,APP_21879_3030045,21879,3030045,20,1485,201.802,0,0,-1,-1,0,0.999931471,NA,NA,70.000000000,MEASURED_CPU_FAULT,CPU;INTERVAL_FAULTS,NA,NA,NA,NA,NA,NA,NA,NA,NA,NA,NA,NA,NA,NA,NA,NA,NA,NA,NA,NA,NA,NA,NA,TARGET_GONE,identity no longer active
2026-10-02T16:05:27Z,APP_21879_3030045,21879,3030045,21,1486,0.000,0,0,-1,-1,0,0.999931471,1,true,0.000000000,MEASURED_CPU_FAULT,CPU;INTERVAL_FAULTS,HOT,669.474315258,0.560000000,0.700000000,NA,NA,NA,NA,0.560000000,0.000000000,0.700000000,0.000000000,-1.000000000,1.232000000,NA,MOVE_THREAD,INVALID,NOT_APPLICABLE,INVALID,MOVE_THREAD,-1,-1,false,TARGET_GONE,identity no longer active
2026-10-02T16:05:28Z,APP_21879_3030045,21879,3030045,21,1487,0.000,0,0,-1,-1,0,0.999931471,NA,NA,0.000000000,MEASURED_CPU_FAULT,CPU;INTERVAL_FAULTS,NA,NA,NA,NA,NA,NA,NA,NA,NA,NA,NA,NA,NA,NA,NA,NA,NA,NA,NA,NA,NA,NA,NA,TARGET_GONE,identity no longer active
2026-10-02T16:05:28Z,APP_21879_3030045,21879,3030045,21,1488,6.934,0,0,-1,-1,0,0.999931471,NA,NA,4.853800000,MEASURED_CPU_FAULT,CPU;INTERVAL_FAULTS,NA,NA,NA,NA,NA,NA,NA,NA,NA,NA,NA,NA,NA,NA,NA,NA,NA,NA,NA,NA,NA,NA,NA,TARGET_GONE,identity no longer active
2026-10-02T16:05:28Z,APP_21879_3030045,21879,3030045,21,1489,0.000,0,0,-1,-1,0,0.999931471,NA,NA,0.000000000,MEASURED_CPU_FAULT,CPU;INTERVAL_FAULTS,NA,NA,NA,NA,NA,NA,NA,NA,NA,NA,NA,NA,NA,NA,NA,NA,NA,NA,NA,NA,NA,NA,NA,TARGET_GONE,identity no longer active
2026-10-02T16:05:28Z,APP_21879_3030045,21879,3030045,21,1490,0.000,0,0,-1,-1,0,0.999931471,NA,NA,0.000000000,MEASURED_CPU_FAULT,CPU;INTERVAL_FAULTS,NA,NA,NA,NA,NA,NA,NA,NA,NA,NA,NA,NA,NA,NA,NA,NA,NA,NA,NA,NA,NA,NA,NA,TARGET_GONE,identity no longer active
2026-10-02T16:05:28Z,APP_21879_3030045,21879,3030045,21,1491,0.000,0,0,-1,-1,0,0.999931471,NA,NA,0.000000000,MEASURED_CPU_FAULT,CPU;INTERVAL_FAULTS,NA,NA,NA,NA,NA,NA,NA,NA,NA,NA,NA,NA,NA,NA,NA,NA,NA,NA,NA,NA,NA,NA,NA,TARGET_GONE,identity no longer active
2026-10-02T16:05:28Z,APP_21879_3030045,21879,3030045,21,1492,0.000,0,0,-1,-1,0,0.999931471,NA,NA,0.000000000,MEASURED_CPU_FAULT,CPU;INTERVAL_FAULTS,NA,NA,NA,NA,NA,NA,NA,NA,NA,NA,NA,NA,NA,NA,NA,NA,NA,NA,NA,NA,NA,NA,NA,TARGET_GONE,identity no longer active
2026-10-02T16:05:29Z,APP_21879_3030045,21879,3030045,21,1493,0.000,0,0,-1,-1,0,0.999931471,NA,NA,0.000000000,MEASURED_CPU_FAULT,CPU;INTERVAL_FAULTS,NA,NA,NA,NA,NA,NA,NA,NA,NA,NA,NA,NA,NA,NA,NA,NA,NA,NA,NA,NA,NA,NA,NA,TARGET_GONE,identity no longer active
2026-10-02T16:05:29Z,APP_21879_3030045,21879,3030045,21,1494,95.238,0,0,-1,-1,0,0.999931471,NA,NA,66.666600000,MEASURED_CPU_FAULT,CPU;INTERVAL_FAULTS,NA,NA,NA,NA,NA,NA,NA,NA,NA,NA,NA,NA,NA,NA,NA,NA,NA,NA,NA,NA,NA,NA,NA,TARGET_GONE,identity no longer active
2026-10-02T16:05:29Z,APP_21879_3030045,21879,3030045,21,1495,201.802,0,0,-1,-1,0,0.999931471,NA,NA,70.000000000,MEASURED_CPU_FAULT,CPU;INTERVAL_FAULTS,NA,NA,NA,NA,NA,NA,NA,NA,NA,NA,NA,NA,NA,NA,NA,NA,NA,NA,NA,NA,NA,NA,NA,TARGET_GONE,identity no longer active
2026-10-02T16:05:29Z,APP_21879_3030045,21879,3030045,21,1496,198.650,0,0,-1,-1,0,0.999931471,NA,NA,70.000000000,MEASURED_CPU_FAULT,CPU;INTERVAL_FAULTS,NA,NA,NA,NA,NA,NA,NA,NA,NA,NA,NA,NA,NA,NA,NA,NA,NA,NA,NA,NA,NA,NA,NA,TARGET_GONE,identity no longer active
2026-10-02T16:05:29Z,APP_21879_3030045,21879,3030045,21,1497,201.198,0,0,-1,-1,0,0.999931471,NA,NA,70.000000000,MEASURED_CPU_FAULT,CPU;INTERVAL_FAULTS,NA,NA,NA,NA,NA,NA,NA,NA,NA,NA,NA,NA,NA,NA,NA,NA,NA,NA,NA,NA,NA,NA,NA,TARGET_GONE,identity no longer active
2026-10-02T16:05:29Z,APP_21879_3030045,21879,3030045,21,1498,202.230,0,0,-1,-1,0,0.999931471,NA,NA,70.000000000,MEASURED_CPU_FAULT,CPU;INTERVAL_FAULTS,NA,NA,NA,NA,NA,NA,NA,NA,NA,NA,NA,NA,NA,NA,NA,NA,NA,NA,NA,NA,NA,NA,NA,TARGET_GONE,identity no longer active
2026-10-02T16:05:29Z,APP_21879_3030045,21879,3030045,21,1499,191.617,0,0,-1,-1,0,0.999931471,NA,NA,70.000000000,MEASURED_CPU_FAULT,CPU;INTERVAL_FAULTS,NA,NA,NA,NA,NA,NA,NA,NA,NA,NA,NA,NA,NA,NA,NA,NA,NA,NA,NA,NA,NA,NA,NA,TARGET_GONE,identity no longer active
2026-10-02T16:05:29Z,APP_21879_3030045,21879,3030045,21,1500,202.043,0,0,-1,-1,0,0.999931471,NA,NA,70.000000000,MEASURED_CPU_FAULT,CPU;INTERVAL_FAULTS,NA,NA,NA,NA,NA,NA,NA,NA,NA,NA,NA,NA,NA,NA,NA,NA,NA,NA,NA,NA,NA,NA,NA,TARGET_GONE,identity no longer active
2026-10-02T16:05:30Z,APP_21879_3030045,21879,3030045,21,1501,201.198,0,0,-1,-1,0,0.999931471,NA,NA,70.000000000,MEASURED_CPU_FAULT,CPU;INTERVAL_FAULTS,NA,NA,NA,NA,NA,NA,NA,NA,NA,NA,NA,NA,NA,NA,NA,NA,NA,NA,NA,NA,NA,NA,NA,TARGET_GONE,identity no longer active
2026-10-02T16:05:30Z,APP_21879_3030045,21879,3030045,21,1502,197.280,0,0,-1,-1,0,0.999931471,NA,NA,70.000000000,MEASURED_CPU_FAULT,CPU;INTERVAL_FAULTS,NA,NA,NA,NA,NA,NA,NA,NA,NA,NA,NA,NA,NA,NA,NA,NA,NA,NA,NA,NA,NA,NA,NA,TARGET_GONE,identity no longer active
2026-10-02T16:05:30Z,APP_21879_3030045,21879,3030045,21,1503,210.778,0,0,-1,-1,0,0.999931471,NA,NA,70.000000000,MEASURED_CPU_FAULT,CPU;INTERVAL_FAULTS,NA,NA,NA,NA,NA,NA,NA,NA,NA,NA,NA,NA,NA,NA,NA,NA,NA,NA,NA,NA,NA,NA,NA,TARGET_GONE,identity no longer active
2026-10-02T16:05:30Z,APP_21879_3030045,21879,3030045,21,1504,191.904,0,0,-1,-1,0,0.999931471,NA,NA,70.000000000,MEASURED_CPU_FAULT,CPU;INTERVAL_FAULTS,NA,NA,NA,NA,NA,NA,NA,NA,NA,NA,NA,NA,NA,NA,NA,NA,NA,NA,NA,NA,NA,NA,NA,TARGET_GONE,identity no longer active
2026-10-02T16:05:30Z,APP_21879_3030045,21879,3030045,21,1505,205.714,0,0,-1,-1,0,0.999931471,NA,NA,70.000000000,MEASURED_CPU_FAULT,CPU;INTERVAL_FAULTS,NA,NA,NA,NA,NA,NA,NA,NA,NA,NA,NA,NA,NA,NA,NA,NA,NA,NA,NA,NA,NA,NA,NA,TARGET_GONE,identity no longer active
2026-10-02T16:05:30Z,APP_21879_3030045,21879,3030045,21,1506,201.198,0,0,-1,-1,0,0.999931471,NA,NA,70.000000000,MEASURED_CPU_FAULT,CPU;INTERVAL_FAULTS,NA,NA,NA,NA,NA,NA,NA,NA,NA,NA,NA,NA,NA,NA,NA,NA,NA,NA,NA,NA,NA,NA,NA,TARGET_GONE,identity no longer active
2026-10-02T16:05:30Z,APP_21879_3030045,21879,3030045,21,1507,196.648,0,0,-1,-1,0,0.999931471,NA,NA,70.000000000,MEASURED_CPU_FAULT,CPU;INTERVAL_FAULTS,NA,NA,NA,NA,NA,NA,NA,NA,NA,NA,NA,NA,NA,NA,NA,NA,NA,NA,NA,NA,NA,NA,NA,TARGET_GONE,identity no longer active
2026-10-02T16:05:30Z,APP_21879_3030045,21879,3030045,21,1508,201.499,0,0,-1,-1,0,0.999931471,NA,NA,70.000000000,MEASURED_CPU_FAULT,CPU;INTERVAL_FAULTS,NA,NA,NA,NA,NA,NA,NA,NA,NA,NA,NA,NA,NA,NA,NA,NA,NA,NA,NA,NA,NA,NA,NA,TARGET_GONE,identity no longer active
2026-10-02T16:05:31Z,APP_21879_3030045,21879,3030045,21,1509,202.772,0,0,-1,-1,0,0.999931471,NA,NA,70.000000000,MEASURED_CPU_FAULT,CPU;INTERVAL_FAULTS,NA,NA,NA,NA,NA,NA,NA,NA,NA,NA,NA,NA,NA,NA,NA,NA,NA,NA,NA,NA,NA,NA,NA,TARGET_GONE,identity no longer active
2026-10-02T16:05:31Z,APP_21879_3030045,21879,3030045,21,1510,201.499,0,0,-1,-1,0,0.999931471,NA,NA,70.000000000,MEASURED_CPU_FAULT,CPU;INTERVAL_FAULTS,NA,NA,NA,NA,NA,NA,NA,NA,NA,NA,NA,NA,NA,NA,NA,NA,NA,NA,NA,NA,NA,NA,NA,TARGET_GONE,identity no longer active
2026-10-02T16:05:31Z,APP_21879_3030045,21879,3030045,21,1511,195.918,0,0,-1,-1,0,0.999931471,NA,NA,70.000000000,MEASURED_CPU_FAULT,CPU;INTERVAL_FAULTS,NA,NA,NA,NA,NA,NA,NA,NA,NA,NA,NA,NA,NA,NA,NA,NA,NA,NA,NA,NA,NA,NA,NA,TARGET_GONE,identity no longer active
2026-10-02T16:05:31Z,APP_21879_3030045,21879,3030045,21,1512,211.411,0,0,-1,-1,0,0.999931471,NA,NA,70.000000000,MEASURED_CPU_FAULT,CPU;INTERVAL_FAULTS,NA,NA,NA,NA,NA,NA,NA,NA,NA,NA,NA,NA,NA,NA,NA,NA,NA,NA,NA,NA,NA,NA,NA,TARGET_GONE,identity no longer active
2026-10-02T16:05:31Z,APP_21879_3030045,21879,3030045,21,1513,201.499,0,0,-1,-1,0,0.999931471,NA,NA,70.000000000,MEASURED_CPU_FAULT,CPU;INTERVAL_FAULTS,NA,NA,NA,NA,NA,NA,NA,NA,NA,NA,NA,NA,NA,NA,NA,NA,NA,NA,NA,NA,NA,NA,NA,TARGET_GONE,identity no longer active
2026-10-02T16:05:31Z,APP_21879_3030045,21879,3030045,21,1514,198.706,0,0,-1,-1,0,0.999931471,NA,NA,70.000000000,MEASURED_CPU_FAULT,CPU;INTERVAL_FAULTS,NA,NA,NA,NA,NA,NA,NA,NA,NA,NA,NA,NA,NA,NA,NA,NA,NA,NA,NA,NA,NA,NA,NA,TARGET_GONE,identity no longer active
2026-10-02T16:05:31Z,APP_21879_3030045,21879,3030045,21,1515,191.904,0,0,-1,-1,0,0.999931471,NA,NA,70.000000000,MEASURED_CPU_FAULT,CPU;INTERVAL_FAULTS,NA,NA,NA,NA,NA,NA,NA,NA,NA,NA,NA,NA,NA,NA,NA,NA,NA,NA,NA,NA,NA,NA,NA,TARGET_GONE,identity no longer active
2026-10-02T16:05:31Z,APP_21879_3030045,21879,3030045,21,1516,204.325,0,0,-1,-1,0,0.999931471,NA,NA,70.000000000,MEASURED_CPU_FAULT,CPU;INTERVAL_FAULTS,NA,NA,NA,NA,NA,NA,NA,NA,NA,NA,NA,NA,NA,NA,NA,NA,NA,NA,NA,NA,NA,NA,NA,TARGET_GONE,identity no longer active
2026-10-02T16:05:31Z,APP_21879_3030045,21879,3030045,21,1517,201.499,0,0,-1,-1,0,0.999931471,NA,NA,70.000000000,MEASURED_CPU_FAULT,CPU;INTERVAL_FAULTS,NA,NA,NA,NA,NA,NA,NA,NA,NA,NA,NA,NA,NA,NA,NA,NA,NA,NA,NA,NA,NA,NA,NA,TARGET_GONE,identity no longer active
2026-10-02T16:05:32Z,APP_21879_3030045,21879,3030045,21,1518,197.531,0,0,-1,-1,0,0.999931471,NA,NA,70.000000000,MEASURED_CPU_FAULT,CPU;INTERVAL_FAULTS,NA,NA,NA,NA,NA,NA,NA,NA,NA,NA,NA,NA,NA,NA,NA,NA,NA,NA,NA,NA,NA,NA,NA,TARGET_GONE,identity no longer active
2026-10-02T16:05:32Z,APP_21879_3030045,21879,3030045,21,1519,201.499,0,0,-1,-1,0,0.999931471,NA,NA,70.000000000,MEASURED_CPU_FAULT,CPU;INTERVAL_FAULTS,NA,NA,NA,NA,NA,NA,NA,NA,NA,NA,NA,NA,NA,NA,NA,NA,NA,NA,NA,NA,NA,NA,NA,TARGET_GONE,identity no longer active
2026-10-02T16:05:32Z,APP_21879_3030045,21879,3030045,21,1520,203.885,0,0,-1,-1,0,0.999931471,NA,NA,70.000000000,MEASURED_CPU_FAULT,CPU;INTERVAL_FAULTS,NA,NA,NA,NA,NA,NA,NA,NA,NA,NA,NA,NA,NA,NA,NA,NA,NA,NA,NA,NA,NA,NA,NA,TARGET_GONE,identity no longer active
2026-10-02T16:05:32Z,APP_21879_3030045,21879,3030045,21,1521,192.771,0,0,-1,-1,0,0.999931471,NA,NA,70.000000000,MEASURED_CPU_FAULT,CPU;INTERVAL_FAULTS,NA,NA,NA,NA,NA,NA,NA,NA,NA,NA,NA,NA,NA,NA,NA,NA,NA,NA,NA,NA,NA,NA,NA,TARGET_GONE,identity no longer active
2026-10-02T16:05:32Z,APP_21879_3030045,21879,3030045,21,1522,201.499,0,0,-1,-1,0,0.999931471,NA,NA,70.000000000,MEASURED_CPU_FAULT,CPU;INTERVAL_FAULTS,NA,NA,NA,NA,NA,NA,NA,NA,NA,NA,NA,NA,NA,NA,NA,NA,NA,NA,NA,NA,NA,NA,NA,TARGET_GONE,identity no longer active
2026-10-02T16:05:32Z,APP_21879_3030045,21879,3030045,21,1523,191.847,0,0,-1,-1,0,0.999931471,NA,NA,70.000000000,MEASURED_CPU_FAULT,CPU;INTERVAL_FAULTS,NA,NA,NA,NA,NA,NA,NA,NA,NA,NA,NA,NA,NA,NA,NA,NA,NA,NA,NA,NA,NA,NA,NA,TARGET_GONE,identity no longer active
2026-10-02T16:05:32Z,APP_21879_3030045,21879,3030045,21,1524,201.198,0,0,-1,-1,0,0.999931471,NA,NA,70.000000000,MEASURED_CPU_FAULT,CPU;INTERVAL_FAULTS,NA,NA,NA,NA,NA,NA,NA,NA,NA,NA,NA,NA,NA,NA,NA,NA,NA,NA,NA,NA,NA,NA,NA,TARGET_GONE,identity no longer active
2026-10-02T16:05:32Z,APP_21879_3030045,21879,3030045,21,1525,204.115,0,0,-1,-1,0,0.999931471,NA,NA,70.000000000,MEASURED_CPU_FAULT,CPU;INTERVAL_FAULTS,NA,NA,NA,NA,NA,NA,NA,NA,NA,NA,NA,NA,NA,NA,NA,NA,NA,NA,NA,NA,NA,NA,NA,TARGET_GONE,identity no longer active
2026-10-02T16:05:33Z,APP_21879_3030045,21879,3030045,21,1526,192.192,0,0,-1,-1,0,0.999931471,NA,NA,70.000000000,MEASURED_CPU_FAULT,CPU;INTERVAL_FAULTS,NA,NA,NA,NA,NA,NA,NA,NA,NA,NA,NA,NA,NA,NA,NA,NA,NA,NA,NA,NA,NA,NA,NA,TARGET_GONE,identity no longer active
2026-10-02T16:05:33Z,APP_21879_3030045,21879,3030045,21,1527,204.115,0,0,-1,-1,0,0.999931471,NA,NA,70.000000000,MEASURED_CPU_FAULT,CPU;INTERVAL_FAULTS,NA,NA,NA,NA,NA,NA,NA,NA,NA,NA,NA,NA,NA,NA,NA,NA,NA,NA,NA,NA,NA,NA,NA,TARGET_GONE,identity no longer active
2026-10-02T16:05:33Z,APP_21879_3030045,21879,3030045,21,1528,201.802,0,0,-1,-1,0,0.999931471,NA,NA,70.000000000,MEASURED_CPU_FAULT,CPU;INTERVAL_FAULTS,NA,NA,NA,NA,NA,NA,NA,NA,NA,NA,NA,NA,NA,NA,NA,NA,NA,NA,NA,NA,NA,NA,NA,TARGET_GONE,identity no longer active
2026-10-02T16:05:33Z,APP_21879_3030045,21879,3030045,21,1529,201.491,0,0,-1,-1,0,0.999931471,NA,NA,70.000000000,MEASURED_CPU_FAULT,CPU;INTERVAL_FAULTS,NA,NA,NA,NA,NA,NA,NA,NA,NA,NA,NA,NA,NA,NA,NA,NA,NA,NA,NA,NA,NA,NA,NA,TARGET_GONE,identity no longer active
2026-10-02T16:05:33Z,APP_21879_3030045,21879,3030045,21,1530,192.771,0,0,-1,-1,0,0.999931471,NA,NA,70.000000000,MEASURED_CPU_FAULT,CPU;INTERVAL_FAULTS,NA,NA,NA,NA,NA,NA,NA,NA,NA,NA,NA,NA,NA,NA,NA,NA,NA,NA,NA,NA,NA,NA,NA,TARGET_GONE,identity no longer active
2026-10-02T16:05:33Z,APP_21879_3030045,21879,3030045,21,1531,201.499,0,0,-1,-1,0,0.999931471,NA,NA,70.000000000,MEASURED_CPU_FAULT,CPU;INTERVAL_FAULTS,NA,NA,NA,NA,NA,NA,NA,NA,NA,NA,NA,NA,NA,NA,NA,NA,NA,NA,NA,NA,NA,NA,NA,TARGET_GONE,identity no longer active
2026-10-02T16:05:33Z,APP_21879_3030045,21879,3030045,21,1532,199.253,0,0,-1,-1,0,0.999931471,NA,NA,70.000000000,MEASURED_CPU_FAULT,CPU;INTERVAL_FAULTS,NA,NA,NA,NA,NA,NA,NA,NA,NA,NA,NA,NA,NA,NA,NA,NA,NA,NA,NA,NA,NA,NA,NA,TARGET_GONE,identity no longer active
2026-10-02T16:05:33Z,APP_21879_3030045,21879,3030045,21,1533,201.198,0,0,-1,-1,0,0.999931471,NA,NA,70.000000000,MEASURED_CPU_FAULT,CPU;INTERVAL_FAULTS,NA,NA,NA,NA,NA,NA,NA,NA,NA,NA,NA,NA,NA,NA,NA,NA,NA,NA,NA,NA,NA,NA,NA,TARGET_GONE,identity no longer active
2026-10-02T16:05:34Z,APP_21879_3030045,21879,3030045,21,1534,198.142,0,0,-1,-1,0,0.999931471,NA,NA,70.000000000,MEASURED_CPU_FAULT,CPU;INTERVAL_FAULTS,NA,NA,NA,NA,NA,NA,NA,NA,NA,NA,NA,NA,NA,NA,NA,NA,NA,NA,NA,NA,NA,NA,NA,TARGET_GONE,identity no longer active
2026-10-02T16:05:34Z,APP_21879_3030045,21879,3030045,21,1535,200.897,0,0,-1,-1,0,0.999931471,NA,NA,70.000000000,MEASURED_CPU_FAULT,CPU;INTERVAL_FAULTS,NA,NA,NA,NA,NA,NA,NA,NA,NA,NA,NA,NA,NA,NA,NA,NA,NA,NA,NA,NA,NA,NA,NA,TARGET_GONE,identity no longer active
2026-10-02T16:05:34Z,APP_21879_3030045,21879,3030045,21,1536,197.938,0,0,-1,-1,0,0.999931471,NA,NA,70.000000000,MEASURED_CPU_FAULT,CPU;INTERVAL_FAULTS,NA,NA,NA,NA,NA,NA,NA,NA,NA,NA,NA,NA,NA,NA,NA,NA,NA,NA,NA,NA,NA,NA,NA,TARGET_GONE,identity no longer active
2026-10-02T16:05:34Z,APP_21879_3030045,21879,3030045,21,1537,201.499,0,0,-1,-1,0,0.999931471,NA,NA,70.000000000,MEASURED_CPU_FAULT,CPU;INTERVAL_FAULTS,NA,NA,NA,NA,NA,NA,NA,NA,NA,NA,NA,NA,NA,NA,NA,NA,NA,NA,NA,NA,NA,NA,NA,TARGET_GONE,identity no longer active
2026-10-02T16:05:34Z,APP_21879_3030045,21879,3030045,21,1538,202.625,0,0,-1,-1,0,0.999931471,NA,NA,70.000000000,MEASURED_CPU_FAULT,CPU;INTERVAL_FAULTS,NA,NA,NA,NA,NA,NA,NA,NA,NA,NA,NA,NA,NA,NA,NA,NA,NA,NA,NA,NA,NA,NA,NA,TARGET_GONE,identity no longer active
2026-10-02T16:05:34Z,APP_21879_3030045,21879,3030045,21,1539,192.192,0,0,-1,-1,0,0.999931471,NA,NA,70.000000000,MEASURED_CPU_FAULT,CPU;INTERVAL_FAULTS,NA,NA,NA,NA,NA,NA,NA,NA,NA,NA,NA,NA,NA,NA,NA,NA,NA,NA,NA,NA,NA,NA,NA,TARGET_GONE,identity no longer active
2026-10-02T16:05:34Z,APP_21879_3030045,21879,3030045,21,1540,201.198,0,0,-1,-1,0,0.999931471,NA,NA,70.000000000,MEASURED_CPU_FAULT,CPU;INTERVAL_FAULTS,NA,NA,NA,NA,NA,NA,NA,NA,NA,NA,NA,NA,NA,NA,NA,NA,NA,NA,NA,NA,NA,NA,NA,TARGET_GONE,identity no longer active
2026-10-02T16:05:34Z,APP_21879_3030045,21879,3030045,21,1541,199.253,0,0,-1,-1,0,0.999931471,NA,NA,70.000000000,MEASURED_CPU_FAULT,CPU;INTERVAL_FAULTS,NA,NA,NA,NA,NA,NA,NA,NA,NA,NA,NA,NA,NA,NA,NA,NA,NA,NA,NA,NA,NA,NA,NA,TARGET_GONE,identity no longer active
2026-10-02T16:05:34Z,APP_21879_3030045,21879,3030045,21,1542,201.802,0,0,-1,-1,0,0.999931471,NA,NA,70.000000000,MEASURED_CPU_FAULT,CPU;INTERVAL_FAULTS,NA,NA,NA,NA,NA,NA,NA,NA,NA,NA,NA,NA,NA,NA,NA,NA,NA,NA,NA,NA,NA,NA,NA,TARGET_GONE,identity no longer active
2026-10-02T16:05:35Z,APP_21879_3030045,21879,3030045,21,1543,197.328,0,0,-1,-1,0,0.999931471,NA,NA,70.000000000,MEASURED_CPU_FAULT,CPU;INTERVAL_FAULTS,NA,NA,NA,NA,NA,NA,NA,NA,NA,NA,NA,NA,NA,NA,NA,NA,NA,NA,NA,NA,NA,NA,NA,TARGET_GONE,identity no longer active
2026-10-02T16:05:35Z,APP_21879_3030045,21879,3030045,21,1544,201.499,0,0,-1,-1,0,0.999931471,NA,NA,70.000000000,MEASURED_CPU_FAULT,CPU;INTERVAL_FAULTS,NA,NA,NA,NA,NA,NA,NA,NA,NA,NA,NA,NA,NA,NA,NA,NA,NA,NA,NA,NA,NA,NA,NA,TARGET_GONE,identity no longer active
2026-10-02T16:05:35Z,APP_21879_3030045,21879,3030045,21,1545,198.142,0,0,-1,-1,0,0.999931471,NA,NA,70.000000000,MEASURED_CPU_FAULT,CPU;INTERVAL_FAULTS,NA,NA,NA,NA,NA,NA,NA,NA,NA,NA,NA,NA,NA,NA,NA,NA,NA,NA,NA,NA,NA,NA,NA,TARGET_GONE,identity no longer active
2026-10-02T16:05:35Z,APP_21879_3030045,21879,3030045,21,1546,201.198,0,0,-1,-1,0,0.999931471,NA,NA,70.000000000,MEASURED_CPU_FAULT,CPU;INTERVAL_FAULTS,NA,NA,NA,NA,NA,NA,NA,NA,NA,NA,NA,NA,NA,NA,NA,NA,NA,NA,NA,NA,NA,NA,NA,TARGET_GONE,identity no longer active
2026-10-02T16:05:35Z,APP_21879_3030045,21879,3030045,21,1547,203.253,0,0,-1,-1,0,0.999931471,NA,NA,70.000000000,MEASURED_CPU_FAULT,CPU;INTERVAL_FAULTS,NA,NA,NA,NA,NA,NA,NA,NA,NA,NA,NA,NA,NA,NA,NA,NA,NA,NA,NA,NA,NA,NA,NA,TARGET_GONE,identity no longer active
2026-10-02T16:05:35Z,APP_21879_3030045,21879,3030045,21,1548,192.192,0,0,-1,-1,0,0.999931471,NA,NA,70.000000000,MEASURED_CPU_FAULT,CPU;INTERVAL_FAULTS,NA,NA,NA,NA,NA,NA,NA,NA,NA,NA,NA,NA,NA,NA,NA,NA,NA,NA,NA,NA,NA,NA,NA,TARGET_GONE,identity no longer active
2026-10-02T16:05:35Z,APP_21879_3030045,21879,3030045,21,1549,201.499,0,0,-1,-1,0,0.999931471,NA,NA,70.000000000,MEASURED_CPU_FAULT,CPU;INTERVAL_FAULTS,NA,NA,NA,NA,NA,NA,NA,NA,NA,NA,NA,NA,NA,NA,NA,NA,NA,NA,NA,NA,NA,NA,NA,TARGET_GONE,identity no longer active
2026-10-02T16:05:35Z,APP_21879_3030045,21879,3030045,21,1550,199.253,0,0,-1,-1,0,0.999931471,NA,NA,70.000000000,MEASURED_CPU_FAULT,CPU;INTERVAL_FAULTS,NA,NA,NA,NA,NA,NA,NA,NA,NA,NA,NA,NA,NA,NA,NA,NA,NA,NA,NA,NA,NA,NA,NA,TARGET_GONE,identity no longer active
2026-10-02T16:05:36Z,APP_21879_3030045,21879,3030045,21,1551,201.198,0,0,-1,-1,0,0.999931471,NA,NA,70.000000000,MEASURED_CPU_FAULT,CPU;INTERVAL_FAULTS,NA,NA,NA,NA,NA,NA,NA,NA,NA,NA,NA,NA,NA,NA,NA,NA,NA,NA,NA,NA,NA,NA,NA,TARGET_GONE,identity no longer active
2026-10-02T16:05:36Z,APP_21879_3030045,21879,3030045,21,1552,197.938,0,0,-1,-1,0,0.999931471,NA,NA,70.000000000,MEASURED_CPU_FAULT,CPU;INTERVAL_FAULTS,NA,NA,NA,NA,NA,NA,NA,NA,NA,NA,NA,NA,NA,NA,NA,NA,NA,NA,NA,NA,NA,NA,NA,TARGET_GONE,identity no longer active
2026-10-02T16:05:36Z,APP_21879_3030045,21879,3030045,21,1553,201.198,0,0,-1,-1,0,0.999931471,NA,NA,70.000000000,MEASURED_CPU_FAULT,CPU;INTERVAL_FAULTS,NA,NA,NA,NA,NA,NA,NA,NA,NA,NA,NA,NA,NA,NA,NA,NA,NA,NA,NA,NA,NA,NA,NA,TARGET_GONE,identity no longer active
2026-10-02T16:05:36Z,APP_21879_3030045,21879,3030045,21,1554,197.734,0,0,-1,-1,0,0.999931471,NA,NA,70.000000000,MEASURED_CPU_FAULT,CPU;INTERVAL_FAULTS,NA,NA,NA,NA,NA,NA,NA,NA,NA,NA,NA,NA,NA,NA,NA,NA,NA,NA,NA,NA,NA,NA,NA,TARGET_GONE,identity no longer active
2026-10-02T16:05:36Z,APP_21879_3030045,21879,3030045,21,1555,201.802,0,0,-1,-1,0,0.999931471,NA,NA,70.000000000,MEASURED_CPU_FAULT,CPU;INTERVAL_FAULTS,NA,NA,NA,NA,NA,NA,NA,NA,NA,NA,NA,NA,NA,NA,NA,NA,NA,NA,NA,NA,NA,NA,NA,TARGET_GONE,identity no longer active
2026-10-02T16:05:36Z,APP_21879_3030045,21879,3030045,21,1556,203.096,0,0,-1,-1,0,0.999931471,NA,NA,70.000000000,MEASURED_CPU_FAULT,CPU;INTERVAL_FAULTS,NA,NA,NA,NA,NA,NA,NA,NA,NA,NA,NA,NA,NA,NA,NA,NA,NA,NA,NA,NA,NA,NA,NA,TARGET_GONE,identity no longer active
2026-10-02T16:05:36Z,APP_21879_3030045,21879,3030045,21,1557,191.617,0,0,-1,-1,0,0.999931471,NA,NA,70.000000000,MEASURED_CPU_FAULT,CPU;INTERVAL_FAULTS,NA,NA,NA,NA,NA,NA,NA,NA,NA,NA,NA,NA,NA,NA,NA,NA,NA,NA,NA,NA,NA,NA,NA,TARGET_GONE,identity no longer active
2026-10-02T16:05:36Z,APP_21879_3030045,21879,3030045,21,1558,201.499,0,0,-1,-1,0,0.999931471,NA,NA,70.000000000,MEASURED_CPU_FAULT,CPU;INTERVAL_FAULTS,NA,NA,NA,NA,NA,NA,NA,NA,NA,NA,NA,NA,NA,NA,NA,NA,NA,NA,NA,NA,NA,NA,NA,TARGET_GONE,identity no longer active
2026-10-02T16:05:37Z,APP_21879_3030045,21879,3030045,21,1559,199.253,0,0,-1,-1,0,0.999931471,NA,NA,70.000000000,MEASURED_CPU_FAULT,CPU;INTERVAL_FAULTS,NA,NA,NA,NA,NA,NA,NA,NA,NA,NA,NA,NA,NA,NA,NA,NA,NA,NA,NA,NA,NA,NA,NA,TARGET_GONE,identity no longer active
2026-10-02T16:05:37Z,APP_21879_3030045,21879,3030045,21,1560,201.198,0,0,-1,-1,0,0.999931471,NA,NA,70.000000000,MEASURED_CPU_FAULT,CPU;INTERVAL_FAULTS,NA,NA,NA,NA,NA,NA,NA,NA,NA,NA,NA,NA,NA,NA,NA,NA,NA,NA,NA,NA,NA,NA,NA,TARGET_GONE,identity no longer active
2026-10-02T16:05:37Z,APP_21879_3030045,21879,3030045,21,1561,197.734,0,0,-1,-1,0,0.999931471,NA,NA,70.000000000,MEASURED_CPU_FAULT,CPU;INTERVAL_FAULTS,NA,NA,NA,NA,NA,NA,NA,NA,NA,NA,NA,NA,NA,NA,NA,NA,NA,NA,NA,NA,NA,NA,NA,TARGET_GONE,identity no longer active
2026-10-02T16:05:37Z,APP_21879_3030045,21879,3030045,21,1562,201.802,0,0,-1,-1,0,0.999931471,NA,NA,70.000000000,MEASURED_CPU_FAULT,CPU;INTERVAL_FAULTS,NA,NA,NA,NA,NA,NA,NA,NA,NA,NA,NA,NA,NA,NA,NA,NA,NA,NA,NA,NA,NA,NA,NA,TARGET_GONE,identity no longer active
2026-10-02T16:05:37Z,APP_21879_3030045,21879,3030045,21,1563,197.531,0,0,-1,-1,0,0.999931471,NA,NA,70.000000000,MEASURED_CPU_FAULT,CPU;INTERVAL_FAULTS,NA,NA,NA,NA,NA,NA,NA,NA,NA,NA,NA,NA,NA,NA,NA,NA,NA,NA,NA,NA,NA,NA,NA,TARGET_GONE,identity no longer active
2026-10-02T16:05:37Z,APP_21879_3030045,21879,3030045,21,1564,201.499,0,0,-1,-1,0,0.999931471,NA,NA,70.000000000,MEASURED_CPU_FAULT,CPU;INTERVAL_FAULTS,NA,NA,NA,NA,NA,NA,NA,NA,NA,NA,NA,NA,NA,NA,NA,NA,NA,NA,NA,NA,NA,NA,NA,TARGET_GONE,identity no longer active
2026-10-02T16:05:37Z,APP_21879_3030045,21879,3030045,21,1565,202.755,0,0,-1,-1,0,0.999931471,NA,NA,70.000000000,MEASURED_CPU_FAULT,CPU;INTERVAL_FAULTS,NA,NA,NA,NA,NA,NA,NA,NA,NA,NA,NA,NA,NA,NA,NA,NA,NA,NA,NA,NA,NA,NA,NA,TARGET_GONE,identity no longer active
2026-10-02T16:05:37Z,APP_21879_3030045,21879,3030045,21,1566,191.617,0,0,-1,-1,0,0.999931471,NA,NA,70.000000000,MEASURED_CPU_FAULT,CPU;INTERVAL_FAULTS,NA,NA,NA,NA,NA,NA,NA,NA,NA,NA,NA,NA,NA,NA,NA,NA,NA,NA,NA,NA,NA,NA,NA,TARGET_GONE,identity no longer active
2026-10-02T16:05:38Z,APP_21879_3030045,21879,3030045,21,1567,201.499,0,0,-1,-1,0,0.999931471,NA,NA,70.000000000,MEASURED_CPU_FAULT,CPU;INTERVAL_FAULTS,NA,NA,NA,NA,NA,NA,NA,NA,NA,NA,NA,NA,NA,NA,NA,NA,NA,NA,NA,NA,NA,NA,NA,TARGET_GONE,identity no longer active
2026-10-02T16:05:38Z,APP_21879_3030045,21879,3030045,21,1568,206.708,0,0,-1,-1,0,0.999931471,NA,NA,70.000000000,MEASURED_CPU_FAULT,CPU;INTERVAL_FAULTS,NA,NA,NA,NA,NA,NA,NA,NA,NA,NA,NA,NA,NA,NA,NA,NA,NA,NA,NA,NA,NA,NA,NA,TARGET_GONE,identity no longer active
2026-10-02T16:05:38Z,APP_21879_3030045,21879,3030045,21,1569,191.617,0,0,-1,-1,0,0.999931471,NA,NA,70.000000000,MEASURED_CPU_FAULT,CPU;INTERVAL_FAULTS,NA,NA,NA,NA,NA,NA,NA,NA,NA,NA,NA,NA,NA,NA,NA,NA,NA,NA,NA,NA,NA,NA,NA,TARGET_GONE,identity no longer active
2026-10-02T16:05:38Z,APP_21879_3030045,21879,3030045,21,1570,200.607,0,0,-1,-1,0,0.999931471,NA,NA,70.000000000,MEASURED_CPU_FAULT,CPU;INTERVAL_FAULTS,NA,NA,NA,NA,NA,NA,NA,NA,NA,NA,NA,NA,NA,NA,NA,NA,NA,NA,NA,NA,NA,NA,NA,TARGET_GONE,identity no longer active
2026-10-02T16:05:38Z,APP_21879_3030045,21879,3030045,21,1571,201.198,0,0,-1,-1,0,0.999931471,NA,NA,70.000000000,MEASURED_CPU_FAULT,CPU;INTERVAL_FAULTS,NA,NA,NA,NA,NA,NA,NA,NA,NA,NA,NA,NA,NA,NA,NA,NA,NA,NA,NA,NA,NA,NA,NA,TARGET_GONE,identity no longer active
2026-10-02T16:05:38Z,APP_21879_3030045,21879,3030045,21,1572,199.610,0,0,-1,-1,0,0.999931471,NA,NA,70.000000000,MEASURED_CPU_FAULT,CPU;INTERVAL_FAULTS,NA,NA,NA,NA,NA,NA,NA,NA,NA,NA,NA,NA,NA,NA,NA,NA,NA,NA,NA,NA,NA,NA,NA,TARGET_GONE,identity no longer active
2026-10-02T16:05:38Z,APP_21879_3030045,21879,3030045,21,1573,201.198,0,0,-1,-1,0,0.999931471,NA,NA,70.000000000,MEASURED_CPU_FAULT,CPU;INTERVAL_FAULTS,NA,NA,NA,NA,NA,NA,NA,NA,NA,NA,NA,NA,NA,NA,NA,NA,NA,NA,NA,NA,NA,NA,NA,TARGET_GONE,identity no longer active
2026-10-02T16:05:39Z,APP_21879_3030045,21879,3030045,21,1574,200.000,0,0,-1,-1,0,0.999931471,NA,NA,70.000000000,MEASURED_CPU_FAULT,CPU;INTERVAL_FAULTS,NA,NA,NA,NA,NA,NA,NA,NA,NA,NA,NA,NA,NA,NA,NA,NA,NA,NA,NA,NA,NA,NA,NA,TARGET_GONE,identity no longer active
2026-10-02T16:05:39Z,APP_21879_3030045,21879,3030045,21,1575,192.192,0,0,-1,-1,0,0.999931471,NA,NA,70.000000000,MEASURED_CPU_FAULT,CPU;INTERVAL_FAULTS,NA,NA,NA,NA,NA,NA,NA,NA,NA,NA,NA,NA,NA,NA,NA,NA,NA,NA,NA,NA,NA,NA,NA,TARGET_GONE,identity no longer active
2026-10-02T16:05:39Z,APP_21879_3030045,21879,3030045,21,1576,201.802,0,0,-1,-1,0,0.999931471,NA,NA,70.000000000,MEASURED_CPU_FAULT,CPU;INTERVAL_FAULTS,NA,NA,NA,NA,NA,NA,NA,NA,NA,NA,NA,NA,NA,NA,NA,NA,NA,NA,NA,NA,NA,NA,NA,TARGET_GONE,identity no longer active
2026-10-02T16:05:39Z,APP_21879_3030045,21879,3030045,21,1577,198.758,0,0,-1,-1,0,0.999931471,NA,NA,70.000000000,MEASURED_CPU_FAULT,CPU;INTERVAL_FAULTS,NA,NA,NA,NA,NA,NA,NA,NA,NA,NA,NA,NA,NA,NA,NA,NA,NA,NA,NA,NA,NA,NA,NA,TARGET_GONE,identity no longer active
2026-10-02T16:05:39Z,APP_21879_3030045,21879,3030045,21,1578,210.463,0,0,-1,-1,0,0.999931471,NA,NA,70.000000000,MEASURED_CPU_FAULT,CPU;INTERVAL_FAULTS,NA,NA,NA,NA,NA,NA,NA,NA,NA,NA,NA,NA,NA,NA,NA,NA,NA,NA,NA,NA,NA,NA,NA,TARGET_GONE,identity no longer active
2026-10-02T16:05:39Z,APP_21879_3030045,21879,3030045,21,1579,191.736,0,0,-1,-1,0,0.999931471,NA,NA,70.000000000,MEASURED_CPU_FAULT,CPU;INTERVAL_FAULTS,NA,NA,NA,NA,NA,NA,NA,NA,NA,NA,NA,NA,NA,NA,NA,NA,NA,NA,NA,NA,NA,NA,NA,TARGET_GONE,identity no longer active
2026-10-02T16:05:39Z,APP_21879_3030045,21879,3030045,21,1580,200.897,0,0,-1,-1,0,0.999931471,NA,NA,70.000000000,MEASURED_CPU_FAULT,CPU;INTERVAL_FAULTS,NA,NA,NA,NA,NA,NA,NA,NA,NA,NA,NA,NA,NA,NA,NA,NA,NA,NA,NA,NA,NA,NA,NA,TARGET_GONE,identity no longer active
2026-10-02T16:05:39Z,APP_21879_3030045,21879,3030045,21,1581,200.607,0,0,-1,-1,0,0.999931471,NA,NA,70.000000000,MEASURED_CPU_FAULT,CPU;INTERVAL_FAULTS,NA,NA,NA,NA,NA,NA,NA,NA,NA,NA,NA,NA,NA,NA,NA,NA,NA,NA,NA,NA,NA,NA,NA,TARGET_GONE,identity no longer active
2026-10-02T16:05:39Z,APP_21879_3030045,21879,3030045,21,1582,201.802,0,0,-1,-1,0,0.999931471,NA,NA,70.000000000,MEASURED_CPU_FAULT,CPU;INTERVAL_FAULTS,NA,NA,NA,NA,NA,NA,NA,NA,NA,NA,NA,NA,NA,NA,NA,NA,NA,NA,NA,NA,NA,NA,NA,TARGET_GONE,identity no longer active
2026-10-02T16:05:40Z,APP_21879_3030045,21879,3030045,21,1583,198.230,0,0,-1,-1,0,0.999931471,NA,NA,70.000000000,MEASURED_CPU_FAULT,CPU;INTERVAL_FAULTS,NA,NA,NA,NA,NA,NA,NA,NA,NA,NA,NA,NA,NA,NA,NA,NA,NA,NA,NA,NA,NA,NA,NA,TARGET_GONE,identity no longer active
2026-10-02T16:05:40Z,APP_21879_3030045,21879,3030045,21,1584,210.778,0,0,-1,-1,0,0.999931471,NA,NA,70.000000000,MEASURED_CPU_FAULT,CPU;INTERVAL_FAULTS,NA,NA,NA,NA,NA,NA,NA,NA,NA,NA,NA,NA,NA,NA,NA,NA,NA,NA,NA,NA,NA,NA,NA,TARGET_GONE,identity no longer active
2026-10-02T16:05:40Z,APP_21879_3030045,21879,3030045,21,1585,201.802,0,0,-1,-1,0,0.999931471,NA,NA,70.000000000,MEASURED_CPU_FAULT,CPU;INTERVAL_FAULTS,NA,NA,NA,NA,NA,NA,NA,NA,NA,NA,NA,NA,NA,NA,NA,NA,NA,NA,NA,NA,NA,NA,NA,TARGET_GONE,identity no longer active
2026-10-02T16:05:40Z,APP_21879_3030045,21879,3030045,21,1586,194.411,0,0,-1,-1,0,0.999931471,NA,NA,70.000000000,MEASURED_CPU_FAULT,CPU;INTERVAL_FAULTS,NA,NA,NA,NA,NA,NA,NA,NA,NA,NA,NA,NA,NA,NA,NA,NA,NA,NA,NA,NA,NA,NA,NA,TARGET_GONE,identity no longer active
2026-10-02T16:05:40Z,APP_21879_3030045,21879,3030045,21,1587,210.463,0,0,-1,-1,0,0.999931471,NA,NA,70.000000000,MEASURED_CPU_FAULT,CPU;INTERVAL_FAULTS,NA,NA,NA,NA,NA,NA,NA,NA,NA,NA,NA,NA,NA,NA,NA,NA,NA,NA,NA,NA,NA,NA,NA,TARGET_GONE,identity no longer active
2026-10-02T16:05:40Z,APP_21879_3030045,21879,3030045,21,1588,194.135,0,0,-1,-1,0,0.999931471,NA,NA,70.000000000,MEASURED_CPU_FAULT,CPU;INTERVAL_FAULTS,NA,NA,NA,NA,NA,NA,NA,NA,NA,NA,NA,NA,NA,NA,NA,NA,NA,NA,NA,NA,NA,NA,NA,TARGET_GONE,identity no longer active
2026-10-02T16:05:40Z,APP_21879_3030045,21879,3030045,21,1589,201.499,0,0,-1,-1,0,0.999931471,NA,NA,70.000000000,MEASURED_CPU_FAULT,CPU;INTERVAL_FAULTS,NA,NA,NA,NA,NA,NA,NA,NA,NA,NA,NA,NA,NA,NA,NA,NA,NA,NA,NA,NA,NA,NA,NA,TARGET_GONE,identity no longer active
2026-10-02T16:05:40Z,APP_21879_3030045,21879,3030045,21,1590,200.607,0,0,-1,-1,0,0.999931471,NA,NA,70.000000000,MEASURED_CPU_FAULT,CPU;INTERVAL_FAULTS,NA,NA,NA,NA,NA,NA,NA,NA,NA,NA,NA,NA,NA,NA,NA,NA,NA,NA,NA,NA,NA,NA,NA,TARGET_GONE,identity no longer active
2026-10-02T16:05:41Z,APP_21879_3030045,21879,3030045,21,1591,201.499,0,0,-1,-1,0,0.999931471,NA,NA,70.000000000,MEASURED_CPU_FAULT,CPU;INTERVAL_FAULTS,NA,NA,NA,NA,NA,NA,NA,NA,NA,NA,NA,NA,NA,NA,NA,NA,NA,NA,NA,NA,NA,NA,NA,TARGET_GONE,identity no longer active
2026-10-02T16:05:41Z,APP_21879_3030045,21879,3030045,21,1592,200.447,0,0,-1,-1,0,0.999931471,NA,NA,70.000000000,MEASURED_CPU_FAULT,CPU;INTERVAL_FAULTS,NA,NA,NA,NA,NA,NA,NA,NA,NA,NA,NA,NA,NA,NA,NA,NA,NA,NA,NA,NA,NA,NA,NA,TARGET_GONE,identity no longer active
2026-10-02T16:05:41Z,APP_21879_3030045,21879,3030045,21,1593,191.617,0,0,-1,-1,0,0.999931471,NA,NA,70.000000000,MEASURED_CPU_FAULT,CPU;INTERVAL_FAULTS,NA,NA,NA,NA,NA,NA,NA,NA,NA,NA,NA,NA,NA,NA,NA,NA,NA,NA,NA,NA,NA,NA,NA,TARGET_GONE,identity no longer active
2026-10-02T16:05:41Z,APP_21879_3030045,21879,3030045,21,1594,201.499,0,0,-1,-1,0,0.999931471,NA,NA,70.000000000,MEASURED_CPU_FAULT,CPU;INTERVAL_FAULTS,NA,NA,NA,NA,NA,NA,NA,NA,NA,NA,NA,NA,NA,NA,NA,NA,NA,NA,NA,NA,NA,NA,NA,TARGET_GONE,identity no longer active
2026-10-02T16:05:41Z,APP_21879_3030045,21879,3030045,21,1595,202.187,0,0,-1,-1,0,0.999931471,NA,NA,70.000000000,MEASURED_CPU_FAULT,CPU;INTERVAL_FAULTS,NA,NA,NA,NA,NA,NA,NA,NA,NA,NA,NA,NA,NA,NA,NA,NA,NA,NA,NA,NA,NA,NA,NA,TARGET_GONE,identity no longer active
2026-10-02T16:05:41Z,APP_21879_3030045,21879,3030045,21,1596,201.499,0,0,-1,-1,0,0.999931471,NA,NA,70.000000000,MEASURED_CPU_FAULT,CPU;INTERVAL_FAULTS,NA,NA,NA,NA,NA,NA,NA,NA,NA,NA,NA,NA,NA,NA,NA,NA,NA,NA,NA,NA,NA,NA,NA,TARGET_GONE,identity no longer active
2026-10-02T16:05:41Z,APP_21879_3030045,21879,3030045,21,1597,194.529,0,0,-1,-1,0,0.999931471,NA,NA,70.000000000,MEASURED_CPU_FAULT,CPU;INTERVAL_FAULTS,NA,NA,NA,NA,NA,NA,NA,NA,NA,NA,NA,NA,NA,NA,NA,NA,NA,NA,NA,NA,NA,NA,NA,TARGET_GONE,identity no longer active
2026-10-02T16:05:41Z,APP_21879_3030045,21879,3030045,21,1598,201.198,0,0,-1,-1,0,0.999931471,NA,NA,70.000000000,MEASURED_CPU_FAULT,CPU;INTERVAL_FAULTS,NA,NA,NA,NA,NA,NA,NA,NA,NA,NA,NA,NA,NA,NA,NA,NA,NA,NA,NA,NA,NA,NA,NA,TARGET_GONE,identity no longer active
2026-10-02T16:05:42Z,APP_21879_3030045,21879,3030045,21,1599,200.607,0,0,-1,-1,0,0.999931471,NA,NA,70.000000000,MEASURED_CPU_FAULT,CPU;INTERVAL_FAULTS,NA,NA,NA,NA,NA,NA,NA,NA,NA,NA,NA,NA,NA,NA,NA,NA,NA,NA,NA,NA,NA,NA,NA,TARGET_GONE,identity no longer active
2026-10-02T16:05:42Z,APP_21879_3030045,21879,3030045,21,1600,201.198,0,0,-1,-1,0,0.999931471,NA,NA,70.000000000,MEASURED_CPU_FAULT,CPU;INTERVAL_FAULTS,NA,NA,NA,NA,NA,NA,NA,NA,NA,NA,NA,NA,NA,NA,NA,NA,NA,NA,NA,NA,NA,NA,NA,TARGET_GONE,identity no longer active
2026-10-02T16:05:42Z,APP_21879_3030045,21879,3030045,21,1601,204.458,0,0,-1,-1,0,0.999931471,NA,NA,70.000000000,MEASURED_CPU_FAULT,CPU;INTERVAL_FAULTS,NA,NA,NA,NA,NA,NA,NA,NA,NA,NA,NA,NA,NA,NA,NA,NA,NA,NA,NA,NA,NA,NA,NA,TARGET_GONE,identity no longer active
2026-10-02T16:05:42Z,APP_21879_3030045,21879,3030045,21,1602,192.192,0,0,-1,-1,0,0.999931471,NA,NA,70.000000000,MEASURED_CPU_FAULT,CPU;INTERVAL_FAULTS,NA,NA,NA,NA,NA,NA,NA,NA,NA,NA,NA,NA,NA,NA,NA,NA,NA,NA,NA,NA,NA,NA,NA,TARGET_GONE,identity no longer active
2026-10-02T16:05:42Z,APP_21879_3030045,21879,3030045,21,1603,201.802,0,0,-1,-1,0,0.999931471,NA,NA,70.000000000,MEASURED_CPU_FAULT,CPU;INTERVAL_FAULTS,NA,NA,NA,NA,NA,NA,NA,NA,NA,NA,NA,NA,NA,NA,NA,NA,NA,NA,NA,NA,NA,NA,NA,TARGET_GONE,identity no longer active
2026-10-02T16:05:42Z,APP_21879_3030045,21879,3030045,21,1604,194.411,0,0,-1,-1,0,0.999931471,NA,NA,70.000000000,MEASURED_CPU_FAULT,CPU;INTERVAL_FAULTS,NA,NA,NA,NA,NA,NA,NA,NA,NA,NA,NA,NA,NA,NA,NA,NA,NA,NA,NA,NA,NA,NA,NA,TARGET_GONE,identity no longer active
2026-10-02T16:05:42Z,APP_21879_3030045,21879,3030045,21,1605,201.802,0,0,-1,-1,0,0.999931471,NA,NA,70.000000000,MEASURED_CPU_FAULT,CPU;INTERVAL_FAULTS,NA,NA,NA,NA,NA,NA,NA,NA,NA,NA,NA,NA,NA,NA,NA,NA,NA,NA,NA,NA,NA,NA,NA,TARGET_GONE,identity no longer active
2026-10-02T16:05:42Z,APP_21879_3030045,21879,3030045,21,1606,201.179,0,0,-1,-1,0,0.999931471,NA,NA,70.000000000,MEASURED_CPU_FAULT,CPU;INTERVAL_FAULTS,NA,NA,NA,NA,NA,NA,NA,NA,NA,NA,NA,NA,NA,NA,NA,NA,NA,NA,NA,NA,NA,NA,NA,TARGET_GONE,identity no longer active
2026-10-02T16:05:43Z,APP_21879_3030045,21879,3030045,21,1607,201.802,0,0,-1,-1,0,0.999931471,NA,NA,70.000000000,MEASURED_CPU_FAULT,CPU;INTERVAL_FAULTS,NA,NA,NA,NA,NA,NA,NA,NA,NA,NA,NA,NA,NA,NA,NA,NA,NA,NA,NA,NA,NA,NA,NA,TARGET_GONE,identity no longer active
2026-10-02T16:05:43Z,APP_21879_3030045,21879,3030045,21,1608,194.135,0,0,-1,-1,0,0.999931471,NA,NA,70.000000000,MEASURED_CPU_FAULT,CPU;INTERVAL_FAULTS,NA,NA,NA,NA,NA,NA,NA,NA,NA,NA,NA,NA,NA,NA,NA,NA,NA,NA,NA,NA,NA,NA,NA,TARGET_GONE,identity no longer active
2026-10-02T16:05:43Z,APP_21879_3030045,21879,3030045,21,1609,201.802,0,0,-1,-1,0,0.999931471,NA,NA,70.000000000,MEASURED_CPU_FAULT,CPU;INTERVAL_FAULTS,NA,NA,NA,NA,NA,NA,NA,NA,NA,NA,NA,NA,NA,NA,NA,NA,NA,NA,NA,NA,NA,NA,NA,TARGET_GONE,identity no longer active
2026-10-02T16:05:43Z,APP_21879_3030045,21879,3030045,21,1610,200.583,0,0,-1,-1,0,0.999931471,NA,NA,70.000000000,MEASURED_CPU_FAULT,CPU;INTERVAL_FAULTS,NA,NA,NA,NA,NA,NA,NA,NA,NA,NA,NA,NA,NA,NA,NA,NA,NA,NA,NA,NA,NA,NA,NA,TARGET_GONE,identity no longer active
2026-10-02T16:05:43Z,APP_21879_3030045,21879,3030045,21,1611,210.778,0,0,-1,-1,0,0.999931471,NA,NA,70.000000000,MEASURED_CPU_FAULT,CPU;INTERVAL_FAULTS,NA,NA,NA,NA,NA,NA,NA,NA,NA,NA,NA,NA,NA,NA,NA,NA,NA,NA,NA,NA,NA,NA,NA,TARGET_GONE,identity no longer active
2026-10-02T16:05:43Z,APP_21879_3030045,21879,3030045,21,1612,201.499,0,0,-1,-1,0,0.999931471,NA,NA,70.000000000,MEASURED_CPU_FAULT,CPU;INTERVAL_FAULTS,NA,NA,NA,NA,NA,NA,NA,NA,NA,NA,NA,NA,NA,NA,NA,NA,NA,NA,NA,NA,NA,NA,NA,TARGET_GONE,identity no longer active
2026-10-02T16:05:43Z,APP_21879_3030045,21879,3030045,21,1613,194.411,0,0,-1,-1,0,0.999931471,NA,NA,70.000000000,MEASURED_CPU_FAULT,CPU;INTERVAL_FAULTS,NA,NA,NA,NA,NA,NA,NA,NA,NA,NA,NA,NA,NA,NA,NA,NA,NA,NA,NA,NA,NA,NA,NA,TARGET_GONE,identity no longer active
2026-10-02T16:05:43Z,APP_21879_3030045,21879,3030045,21,1614,201.499,0,0,-1,-1,0,0.999931471,NA,NA,70.000000000,MEASURED_CPU_FAULT,CPU;INTERVAL_FAULTS,NA,NA,NA,NA,NA,NA,NA,NA,NA,NA,NA,NA,NA,NA,NA,NA,NA,NA,NA,NA,NA,NA,NA,TARGET_GONE,identity no longer active
2026-10-02T16:05:44Z,APP_21879_3030045,21879,3030045,21,1615,201.258,0,0,-1,-1,0,0.999931471,NA,NA,70.000000000,MEASURED_CPU_FAULT,CPU;INTERVAL_FAULTS,NA,NA,NA,NA,NA,NA,NA,NA,NA,NA,NA,NA,NA,NA,NA,NA,NA,NA,NA,NA,NA,NA,NA,TARGET_GONE,identity no longer active
2026-10-02T16:05:44Z,APP_21879_3030045,21879,3030045,21,1616,201.499,0,0,-1,-1,0,0.999931471,NA,NA,70.000000000,MEASURED_CPU_FAULT,CPU;INTERVAL_FAULTS,NA,NA,NA,NA,NA,NA,NA,NA,NA,NA,NA,NA,NA,NA,NA,NA,NA,NA,NA,NA,NA,NA,NA,TARGET_GONE,identity no longer active
2026-10-02T16:05:44Z,APP_21879_3030045,21879,3030045,21,1617,204.325,0,0,-1,-1,0,0.999931471,NA,NA,70.000000000,MEASURED_CPU_FAULT,CPU;INTERVAL_FAULTS,NA,NA,NA,NA,NA,NA,NA,NA,NA,NA,NA,NA,NA,NA,NA,NA,NA,NA,NA,NA,NA,NA,NA,TARGET_GONE,identity no longer active
2026-10-02T16:05:44Z,APP_21879_3030045,21879,3030045,21,1618,192.192,0,0,-1,-1,0,0.999931471,NA,NA,70.000000000,MEASURED_CPU_FAULT,CPU;INTERVAL_FAULTS,NA,NA,NA,NA,NA,NA,NA,NA,NA,NA,NA,NA,NA,NA,NA,NA,NA,NA,NA,NA,NA,NA,NA,TARGET_GONE,identity no longer active
2026-10-02T16:05:44Z,APP_21879_3030045,21879,3030045,21,1619,202.423,0,0,-1,-1,0,0.999931471,NA,NA,70.000000000,MEASURED_CPU_FAULT,CPU;INTERVAL_FAULTS,NA,NA,NA,NA,NA,NA,NA,NA,NA,NA,NA,NA,NA,NA,NA,NA,NA,NA,NA,NA,NA,NA,NA,TARGET_GONE,identity no longer active
2026-10-02T16:05:44Z,APP_21879_3030045,21879,3030045,21,1620,191.617,0,0,-1,-1,0,0.999931471,NA,NA,70.000000000,MEASURED_CPU_FAULT,CPU;INTERVAL_FAULTS,NA,NA,NA,NA,NA,NA,NA,NA,NA,NA,NA,NA,NA,NA,NA,NA,NA,NA,NA,NA,NA,NA,NA,TARGET_GONE,identity no longer active
2026-10-02T16:05:44Z,APP_21879_3030045,21879,3030045,21,1621,201.499,0,0,-1,-1,0,0.999931471,NA,NA,70.000000000,MEASURED_CPU_FAULT,CPU;INTERVAL_FAULTS,NA,NA,NA,NA,NA,NA,NA,NA,NA,NA,NA,NA,NA,NA,NA,NA,NA,NA,NA,NA,NA,NA,NA,TARGET_GONE,identity no longer active
2026-10-02T16:05:44Z,APP_21879_3030045,21879,3030045,21,1622,199.005,0,0,-1,-1,0,0.999931471,NA,NA,70.000000000,MEASURED_CPU_FAULT,CPU;INTERVAL_FAULTS,NA,NA,NA,NA,NA,NA,NA,NA,NA,NA,NA,NA,NA,NA,NA,NA,NA,NA,NA,NA,NA,NA,NA,TARGET_GONE,identity no longer active
2026-10-02T16:05:45Z,APP_21879_3030045,21879,3030045,21,1623,201.802,0,0,-1,-1,0,0.999931471,NA,NA,70.000000000,MEASURED_CPU_FAULT,CPU;INTERVAL_FAULTS,NA,NA,NA,NA,NA,NA,NA,NA,NA,NA,NA,NA,NA,NA,NA,NA,NA,NA,NA,NA,NA,NA,NA,TARGET_GONE,identity no longer active
2026-10-02T16:05:45Z,APP_21879_3030045,21879,3030045,21,1624,200.607,0,0,-1,-1,0,0.999931471,NA,NA,70.000000000,MEASURED_CPU_FAULT,CPU;INTERVAL_FAULTS,NA,NA,NA,NA,NA,NA,NA,NA,NA,NA,NA,NA,NA,NA,NA,NA,NA,NA,NA,NA,NA,NA,NA,TARGET_GONE,identity no longer active
2026-10-02T16:05:45Z,APP_21879_3030045,21879,3030045,21,1625,201.198,0,0,-1,-1,0,0.999931471,NA,NA,70.000000000,MEASURED_CPU_FAULT,CPU;INTERVAL_FAULTS,NA,NA,NA,NA,NA,NA,NA,NA,NA,NA,NA,NA,NA,NA,NA,NA,NA,NA,NA,NA,NA,NA,NA,TARGET_GONE,identity no longer active
2026-10-02T16:05:45Z,APP_21879_3030045,21879,3030045,21,1626,201.013,0,0,-1,-1,0,0.999931471,NA,NA,70.000000000,MEASURED_CPU_FAULT,CPU;INTERVAL_FAULTS,NA,NA,NA,NA,NA,NA,NA,NA,NA,NA,NA,NA,NA,NA,NA,NA,NA,NA,NA,NA,NA,NA,NA,TARGET_GONE,identity no longer active
2026-10-02T16:05:45Z,APP_21879_3030045,21879,3030045,21,1627,201.499,0,0,-1,-1,0,0.999931471,NA,NA,70.000000000,MEASURED_CPU_FAULT,CPU;INTERVAL_FAULTS,NA,NA,NA,NA,NA,NA,NA,NA,NA,NA,NA,NA,NA,NA,NA,NA,NA,NA,NA,NA,NA,NA,NA,TARGET_GONE,identity no longer active
2026-10-02T16:05:45Z,APP_21879_3030045,21879,3030045,21,1628,199.740,0,0,-1,-1,0,0.999931471,NA,NA,70.000000000,MEASURED_CPU_FAULT,CPU;INTERVAL_FAULTS,NA,NA,NA,NA,NA,NA,NA,NA,NA,NA,NA,NA,NA,NA,NA,NA,NA,NA,NA,NA,NA,NA,NA,TARGET_GONE,identity no longer active
2026-10-02T16:05:45Z,APP_21879_3030045,21879,3030045,21,1629,192.771,0,0,-1,-1,0,0.999931471,NA,NA,70.000000000,MEASURED_CPU_FAULT,CPU;INTERVAL_FAULTS,NA,NA,NA,NA,NA,NA,NA,NA,NA,NA,NA,NA,NA,NA,NA,NA,NA,NA,NA,NA,NA,NA,NA,TARGET_GONE,identity no longer active
2026-10-02T16:05:45Z,APP_21879_3030045,21879,3030045,21,1630,201.499,0,0,-1,-1,0,0.999931471,NA,NA,70.000000000,MEASURED_CPU_FAULT,CPU;INTERVAL_FAULTS,NA,NA,NA,NA,NA,NA,NA,NA,NA,NA,NA,NA,NA,NA,NA,NA,NA,NA,NA,NA,NA,NA,NA,TARGET_GONE,identity no longer active
2026-10-02T16:05:46Z,APP_21879_3030045,21879,3030045,21,1631,194.175,0,0,-1,-1,0,0.999931471,NA,NA,70.000000000,MEASURED_CPU_FAULT,CPU;INTERVAL_FAULTS,NA,NA,NA,NA,NA,NA,NA,NA,NA,NA,NA,NA,NA,NA,NA,NA,NA,NA,NA,NA,NA,NA,NA,TARGET_GONE,identity no longer active
2026-10-02T16:05:46Z,APP_21879_3030045,21879,3030045,21,1632,201.499,0,0,-1,-1,0,0.999931471,NA,NA,70.000000000,MEASURED_CPU_FAULT,CPU;INTERVAL_FAULTS,NA,NA,NA,NA,NA,NA,NA,NA,NA,NA,NA,NA,NA,NA,NA,NA,NA,NA,NA,NA,NA,NA,NA,TARGET_GONE,identity no longer active
2026-10-02T16:05:46Z,APP_21879_3030045,21879,3030045,21,1633,200.607,0,0,-1,-1,0,0.999931471,NA,NA,70.000000000,MEASURED_CPU_FAULT,CPU;INTERVAL_FAULTS,NA,NA,NA,NA,NA,NA,NA,NA,NA,NA,NA,NA,NA,NA,NA,NA,NA,NA,NA,NA,NA,NA,NA,TARGET_GONE,identity no longer active
2026-10-02T16:05:46Z,APP_21879_3030045,21879,3030045,21,1634,201.499,0,0,-1,-1,0,0.999931471,NA,NA,70.000000000,MEASURED_CPU_FAULT,CPU;INTERVAL_FAULTS,NA,NA,NA,NA,NA,NA,NA,NA,NA,NA,NA,NA,NA,NA,NA,NA,NA,NA,NA,NA,NA,NA,NA,TARGET_GONE,identity no longer active
2026-10-02T16:05:46Z,APP_21879_3030045,21879,3030045,21,1635,200.607,0,0,-1,-1,0,0.999931471,NA,NA,70.000000000,MEASURED_CPU_FAULT,CPU;INTERVAL_FAULTS,NA,NA,NA,NA,NA,NA,NA,NA,NA,NA,NA,NA,NA,NA,NA,NA,NA,NA,NA,NA,NA,NA,NA,TARGET_GONE,identity no longer active
2026-10-02T16:05:46Z,APP_21879_3030045,21879,3030045,21,1636,201.499,0,0,-1,-1,0,0.999931471,NA,NA,70.000000000,MEASURED_CPU_FAULT,CPU;INTERVAL_FAULTS,NA,NA,NA,NA,NA,NA,NA,NA,NA,NA,NA,NA,NA,NA,NA,NA,NA,NA,NA,NA,NA,NA,NA,TARGET_GONE,identity no longer active
2026-10-02T16:05:46Z,APP_21879_3030045,21879,3030045,21,1637,202.559,0,0,-1,-1,0,0.999931471,NA,NA,70.000000000,MEASURED_CPU_FAULT,CPU;INTERVAL_FAULTS,NA,NA,NA,NA,NA,NA,NA,NA,NA,NA,NA,NA,NA,NA,NA,NA,NA,NA,NA,NA,NA,NA,NA,TARGET_GONE,identity no longer active
2026-10-02T16:05:46Z,APP_21879_3030045,21879,3030045,21,1638,191.617,0,0,-1,-1,0,0.999931471,NA,NA,70.000000000,MEASURED_CPU_FAULT,CPU;INTERVAL_FAULTS,NA,NA,NA,NA,NA,NA,NA,NA,NA,NA,NA,NA,NA,NA,NA,NA,NA,NA,NA,NA,NA,NA,NA,TARGET_GONE,identity no longer active
2026-10-02T16:05:47Z,APP_21879_3030045,21879,3030045,21,1639,201.802,0,0,-1,-1,0,0.999931471,NA,NA,70.000000000,MEASURED_CPU_FAULT,CPU;INTERVAL_FAULTS,NA,NA,NA,NA,NA,NA,NA,NA,NA,NA,NA,NA,NA,NA,NA,NA,NA,NA,NA,NA,NA,NA,NA,TARGET_GONE,identity no longer active
2026-10-02T16:05:47Z,APP_21879_3030045,21879,3030045,21,1640,194.647,0,0,-1,-1,0,0.999931471,NA,NA,70.000000000,MEASURED_CPU_FAULT,CPU;INTERVAL_FAULTS,NA,NA,NA,NA,NA,NA,NA,NA,NA,NA,NA,NA,NA,NA,NA,NA,NA,NA,NA,NA,NA,NA,NA,TARGET_GONE,identity no longer active
2026-10-02T16:05:47Z,APP_21879_3030045,21879,3030045,21,1641,201.499,0,0,-1,-1,0,0.999931471,NA,NA,70.000000000,MEASURED_CPU_FAULT,CPU;INTERVAL_FAULTS,NA,NA,NA,NA,NA,NA,NA,NA,NA,NA,NA,NA,NA,NA,NA,NA,NA,NA,NA,NA,NA,NA,NA,TARGET_GONE,identity no longer active
2026-10-02T16:05:47Z,APP_21879_3030045,21879,3030045,21,1642,200.810,0,0,-1,-1,0,0.999931471,NA,NA,70.000000000,MEASURED_CPU_FAULT,CPU;INTERVAL_FAULTS,NA,NA,NA,NA,NA,NA,NA,NA,NA,NA,NA,NA,NA,NA,NA,NA,NA,NA,NA,NA,NA,NA,NA,TARGET_GONE,identity no longer active
2026-10-02T16:05:47Z,APP_21879_3030045,21879,3030045,21,1643,201.499,0,0,-1,-1,0,0.999931471,NA,NA,70.000000000,MEASURED_CPU_FAULT,CPU;INTERVAL_FAULTS,NA,NA,NA,NA,NA,NA,NA,NA,NA,NA,NA,NA,NA,NA,NA,NA,NA,NA,NA,NA,NA,NA,NA,TARGET_GONE,identity no longer active
2026-10-02T16:05:47Z,APP_21879_3030045,21879,3030045,21,1644,200.607,0,0,-1,-1,0,0.999931471,NA,NA,70.000000000,MEASURED_CPU_FAULT,CPU;INTERVAL_FAULTS,NA,NA,NA,NA,NA,NA,NA,NA,NA,NA,NA,NA,NA,NA,NA,NA,NA,NA,NA,NA,NA,NA,NA,TARGET_GONE,identity no longer active
2026-10-02T16:05:47Z,APP_21879_3030045,21879,3030045,21,1645,191.617,0,0,-1,-1,0,0.999931471,NA,NA,70.000000000,MEASURED_CPU_FAULT,CPU;INTERVAL_FAULTS,NA,NA,NA,NA,NA,NA,NA,NA,NA,NA,NA,NA,NA,NA,NA,NA,NA,NA,NA,NA,NA,NA,NA,TARGET_GONE,identity no longer active
2026-10-02T16:05:48Z,APP_21879_3030045,21879,3030045,21,1646,201.186,0,0,-1,-1,0,0.999931471,NA,NA,70.000000000,MEASURED_CPU_FAULT,CPU;INTERVAL_FAULTS,NA,NA,NA,NA,NA,NA,NA,NA,NA,NA,NA,NA,NA,NA,NA,NA,NA,NA,NA,NA,NA,NA,NA,TARGET_GONE,identity no longer active
2026-10-02T16:05:48Z,APP_21879_3030045,21879,3030045,21,1647,204.800,0,0,-1,-1,0,0.999931471,NA,NA,70.000000000,MEASURED_CPU_FAULT,CPU;INTERVAL_FAULTS,NA,NA,NA,NA,NA,NA,NA,NA,NA,NA,NA,NA,NA,NA,NA,NA,NA,NA,NA,NA,NA,NA,NA,TARGET_GONE,identity no longer active
2026-10-02T16:05:48Z,APP_21879_3030045,21879,3030045,21,1648,201.198,0,0,-1,-1,0,0.999931471,NA,NA,70.000000000,MEASURED_CPU_FAULT,CPU;INTERVAL_FAULTS,NA,NA,NA,NA,NA,NA,NA,NA,NA,NA,NA,NA,NA,NA,NA,NA,NA,NA,NA,NA,NA,NA,NA,TARGET_GONE,identity no longer active
2026-10-02T16:05:48Z,APP_21879_3030045,21879,3030045,21,1649,195.719,0,0,-1,-1,0,0.999931471,NA,NA,70.000000000,MEASURED_CPU_FAULT,CPU;INTERVAL_FAULTS,NA,NA,NA,NA,NA,NA,NA,NA,NA,NA,NA,NA,NA,NA,NA,NA,NA,NA,NA,NA,NA,NA,NA,TARGET_GONE,identity no longer active
2026-10-02T16:05:48Z,APP_21879_3030045,21879,3030045,21,1650,210.778,0,0,-1,-1,0,0.999931471,NA,NA,70.000000000,MEASURED_CPU_FAULT,CPU;INTERVAL_FAULTS,NA,NA,NA,NA,NA,NA,NA,NA,NA,NA,NA,NA,NA,NA,NA,NA,NA,NA,NA,NA,NA,NA,NA,TARGET_GONE,identity no longer active
2026-10-02T16:05:48Z,APP_21879_3030045,21879,3030045,21,1651,194.135,0,0,-1,-1,0,0.999931471,NA,NA,70.000000000,MEASURED_CPU_FAULT,CPU;INTERVAL_FAULTS,NA,NA,NA,NA,NA,NA,NA,NA,NA,NA,NA,NA,NA,NA,NA,NA,NA,NA,NA,NA,NA,NA,NA,TARGET_GONE,identity no longer active
2026-10-02T16:05:48Z,APP_21879_3030045,21879,3030045,21,1652,201.499,0,0,-1,-1,0,0.999931471,NA,NA,70.000000000,MEASURED_CPU_FAULT,CPU;INTERVAL_FAULTS,NA,NA,NA,NA,NA,NA,NA,NA,NA,NA,NA,NA,NA,NA,NA,NA,NA,NA,NA,NA,NA,NA,NA,TARGET_GONE,identity no longer active
2026-10-02T16:05:48Z,APP_21879_3030045,21879,3030045,21,1653,200.607,0,0,-1,-1,0,0.999931471,NA,NA,70.000000000,MEASURED_CPU_FAULT,CPU;INTERVAL_FAULTS,NA,NA,NA,NA,NA,NA,NA,NA,NA,NA,NA,NA,NA,NA,NA,NA,NA,NA,NA,NA,NA,NA,NA,TARGET_GONE,identity no longer active
2026-10-02T16:05:48Z,APP_21879_3030045,21879,3030045,21,1654,201.499,0,0,-1,-1,0,0.999931471,NA,NA,70.000000000,MEASURED_CPU_FAULT,CPU;INTERVAL_FAULTS,NA,NA,NA,NA,NA,NA,NA,NA,NA,NA,NA,NA,NA,NA,NA,NA,NA,NA,NA,NA,NA,NA,NA,TARGET_GONE,identity no longer active
2026-10-02T16:05:49Z,APP_21879_3030045,21879,3030045,21,1655,202.062,0,0,-1,-1,0,0.999931471,NA,NA,70.000000000,MEASURED_CPU_FAULT,CPU;INTERVAL_FAULTS,NA,NA,NA,NA,NA,NA,NA,NA,NA,NA,NA,NA,NA,NA,NA,NA,NA,NA,NA,NA,NA,NA,NA,TARGET_GONE,identity no longer active
2026-10-02T16:05:49Z,APP_21879_3030045,21879,3030045,21,1656,192.385,0,0,-1,-1,0,0.999931471,NA,NA,70.000000000,MEASURED_CPU_FAULT,CPU;INTERVAL_FAULTS,NA,NA,NA,NA,NA,NA,NA,NA,NA,NA,NA,NA,NA,NA,NA,NA,NA,NA,NA,NA,NA,NA,NA,TARGET_GONE,identity no longer active
2026-10-02T16:05:49Z,APP_21879_3030045,21879,3030045,21,1657,201.499,0,0,-1,-1,0,0.999931471,NA,NA,70.000000000,MEASURED_CPU_FAULT,CPU;INTERVAL_FAULTS,NA,NA,NA,NA,NA,NA,NA,NA,NA,NA,NA,NA,NA,NA,NA,NA,NA,NA,NA,NA,NA,NA,NA,TARGET_GONE,identity no longer active
2026-10-02T16:05:49Z,APP_21879_3030045,21879,3030045,21,1658,200.284,0,0,-1,-1,0,0.999931471,NA,NA,70.000000000,MEASURED_CPU_FAULT,CPU;INTERVAL_FAULTS,NA,NA,NA,NA,NA,NA,NA,NA,NA,NA,NA,NA,NA,NA,NA,NA,NA,NA,NA,NA,NA,NA,NA,TARGET_GONE,identity no longer active
2026-10-02T16:05:49Z,APP_21879_3030045,21879,3030045,21,1659,201.499,0,0,-1,-1,0,0.999931471,NA,NA,70.000000000,MEASURED_CPU_FAULT,CPU;INTERVAL_FAULTS,NA,NA,NA,NA,NA,NA,NA,NA,NA,NA,NA,NA,NA,NA,NA,NA,NA,NA,NA,NA,NA,NA,NA,TARGET_GONE,identity no longer active
2026-10-02T16:05:49Z,APP_21879_3030045,21879,3030045,21,1660,197.734,0,0,-1,-1,0,0.999931471,NA,NA,70.000000000,MEASURED_CPU_FAULT,CPU;INTERVAL_FAULTS,NA,NA,NA,NA,NA,NA,NA,NA,NA,NA,NA,NA,NA,NA,NA,NA,NA,NA,NA,NA,NA,NA,NA,TARGET_GONE,identity no longer active
2026-10-02T16:05:49Z,APP_21879_3030045,21879,3030045,21,1661,202.105,0,0,-1,-1,0,0.999931471,NA,NA,70.000000000,MEASURED_CPU_FAULT,CPU;INTERVAL_FAULTS,NA,NA,NA,NA,NA,NA,NA,NA,NA,NA,NA,NA,NA,NA,NA,NA,NA,NA,NA,NA,NA,NA,NA,TARGET_GONE,identity no longer active
2026-10-02T16:05:50Z,APP_21879_3030045,21879,3030045,21,1662,197.328,0,0,-1,-1,0,0.999931471,NA,NA,70.000000000,MEASURED_CPU_FAULT,CPU;INTERVAL_FAULTS,NA,NA,NA,NA,NA,NA,NA,NA,NA,NA,NA,NA,NA,NA,NA,NA,NA,NA,NA,NA,NA,NA,NA,TARGET_GONE,identity no longer active
2026-10-02T16:05:50Z,APP_21879_3030045,21879,3030045,21,1663,201.802,0,0,-1,-1,0,0.999931471,NA,NA,70.000000000,MEASURED_CPU_FAULT,CPU;INTERVAL_FAULTS,NA,NA,NA,NA,NA,NA,NA,NA,NA,NA,NA,NA,NA,NA,NA,NA,NA,NA,NA,NA,NA,NA,NA,TARGET_GONE,identity no longer active
2026-10-02T16:05:50Z,APP_21879_3030045,21879,3030045,21,1664,197.753,0,0,-1,-1,0,0.999931471,NA,NA,70.000000000,MEASURED_CPU_FAULT,CPU;INTERVAL_FAULTS,NA,NA,NA,NA,NA,NA,NA,NA,NA,NA,NA,NA,NA,NA,NA,NA,NA,NA,NA,NA,NA,NA,NA,TARGET_GONE,identity no longer active
2026-10-02T16:05:50Z,APP_21879_3030045,21879,3030045,21,1665,204.391,0,0,-1,-1,0,0.999931471,NA,NA,70.000000000,MEASURED_CPU_FAULT,CPU;INTERVAL_FAULTS,NA,NA,NA,NA,NA,NA,NA,NA,NA,NA,NA,NA,NA,NA,NA,NA,NA,NA,NA,NA,NA,NA,NA,TARGET_GONE,identity no longer active
2026-10-02T16:05:50Z,APP_21879_3030045,21879,3030045,21,1666,201.802,0,0,-1,-1,0,0.999931471,NA,NA,70.000000000,MEASURED_CPU_FAULT,CPU;INTERVAL_FAULTS,NA,NA,NA,NA,NA,NA,NA,NA,NA,NA,NA,NA,NA,NA,NA,NA,NA,NA,NA,NA,NA,NA,NA,TARGET_GONE,identity no longer active
2026-10-02T16:05:50Z,APP_21879_3030045,21879,3030045,21,1667,200.942,0,0,-1,-1,0,0.999931471,NA,NA,70.000000000,MEASURED_CPU_FAULT,CPU;INTERVAL_FAULTS,NA,NA,NA,NA,NA,NA,NA,NA,NA,NA,NA,NA,NA,NA,NA,NA,NA,NA,NA,NA,NA,NA,NA,TARGET_GONE,identity no longer active
2026-10-02T16:05:50Z,APP_21879_3030045,21879,3030045,21,1668,201.499,0,0,-1,-1,0,0.999931471,NA,NA,70.000000000,MEASURED_CPU_FAULT,CPU;INTERVAL_FAULTS,NA,NA,NA,NA,NA,NA,NA,NA,NA,NA,NA,NA,NA,NA,NA,NA,NA,NA,NA,NA,NA,NA,NA,TARGET_GONE,identity no longer active
2026-10-02T16:05:50Z,APP_21879_3030045,21879,3030045,21,1669,197.938,0,0,-1,-1,0,0.999931471,NA,NA,70.000000000,MEASURED_CPU_FAULT,CPU;INTERVAL_FAULTS,NA,NA,NA,NA,NA,NA,NA,NA,NA,NA,NA,NA,NA,NA,NA,NA,NA,NA,NA,NA,NA,NA,NA,TARGET_GONE,identity no longer active
2026-10-02T16:05:51Z,APP_21879_3030045,21879,3030045,21,1670,201.499,0,0,-1,-1,0,0.999931471,NA,NA,70.000000000,MEASURED_CPU_FAULT,CPU;INTERVAL_FAULTS,NA,NA,NA,NA,NA,NA,NA,NA,NA,NA,NA,NA,NA,NA,NA,NA,NA,NA,NA,NA,NA,NA,NA,TARGET_GONE,identity no longer active
2026-10-02T16:05:51Z,APP_21879_3030045,21879,3030045,21,1671,197.938,0,0,-1,-1,0,0.999931471,NA,NA,70.000000000,MEASURED_CPU_FAULT,CPU;INTERVAL_FAULTS,NA,NA,NA,NA,NA,NA,NA,NA,NA,NA,NA,NA,NA,NA,NA,NA,NA,NA,NA,NA,NA,NA,NA,TARGET_GONE,identity no longer active
2026-10-02T16:05:51Z,APP_21879_3030045,21879,3030045,21,1672,202.105,0,0,-1,-1,0,0.999931471,NA,NA,70.000000000,MEASURED_CPU_FAULT,CPU;INTERVAL_FAULTS,NA,NA,NA,NA,NA,NA,NA,NA,NA,NA,NA,NA,NA,NA,NA,NA,NA,NA,NA,NA,NA,NA,NA,TARGET_GONE,identity no longer active
2026-10-02T16:05:27Z,APP_21879_3030045,21879,3030045,22,1673,0.000,0,0,-1,-1,0,0.999931471,1,true,0.000000000,MEASURED_CPU_FAULT,CPU;INTERVAL_FAULTS,HOT,669.474315258,0.560000000,0.700000000,NA,NA,NA,NA,0.560000000,0.000000000,0.700000000,0.000000000,-1.000000000,1.232000000,NA,MOVE_THREAD,INVALID,NOT_APPLICABLE,INVALID,MOVE_THREAD,-1,-1,false,TARGET_GONE,identity no longer active
2026-10-02T16:05:28Z,APP_21879_3030045,21879,3030045,22,1674,0.000,0,0,-1,-1,0,0.999931471,NA,NA,0.000000000,MEASURED_CPU_FAULT,CPU;INTERVAL_FAULTS,NA,NA,NA,NA,NA,NA,NA,NA,NA,NA,NA,NA,NA,NA,NA,NA,NA,NA,NA,NA,NA,NA,NA,TARGET_GONE,identity no longer active
2026-10-02T16:05:28Z,APP_21879_3030045,21879,3030045,22,1675,6.934,0,0,-1,-1,0,0.999931471,NA,NA,4.853800000,MEASURED_CPU_FAULT,CPU;INTERVAL_FAULTS,NA,NA,NA,NA,NA,NA,NA,NA,NA,NA,NA,NA,NA,NA,NA,NA,NA,NA,NA,NA,NA,NA,NA,TARGET_GONE,identity no longer active
2026-10-02T16:05:28Z,APP_21879_3030045,21879,3030045,22,1676,0.000,0,0,-1,-1,0,0.999931471,NA,NA,0.000000000,MEASURED_CPU_FAULT,CPU;INTERVAL_FAULTS,NA,NA,NA,NA,NA,NA,NA,NA,NA,NA,NA,NA,NA,NA,NA,NA,NA,NA,NA,NA,NA,NA,NA,TARGET_GONE,identity no longer active
2026-10-02T16:05:28Z,APP_21879_3030045,21879,3030045,22,1677,0.000,0,0,-1,-1,0,0.999931471,NA,NA,0.000000000,MEASURED_CPU_FAULT,CPU;INTERVAL_FAULTS,NA,NA,NA,NA,NA,NA,NA,NA,NA,NA,NA,NA,NA,NA,NA,NA,NA,NA,NA,NA,NA,NA,NA,TARGET_GONE,identity no longer active
2026-10-02T16:05:28Z,APP_21879_3030045,21879,3030045,22,1678,0.000,0,0,-1,-1,0,0.999931471,NA,NA,0.000000000,MEASURED_CPU_FAULT,CPU;INTERVAL_FAULTS,NA,NA,NA,NA,NA,NA,NA,NA,NA,NA,NA,NA,NA,NA,NA,NA,NA,NA,NA,NA,NA,NA,NA,TARGET_GONE,identity no longer active
2026-10-02T16:05:28Z,APP_21879_3030045,21879,3030045,22,1679,0.000,0,0,-1,-1,0,0.999931471,NA,NA,0.000000000,MEASURED_CPU_FAULT,CPU;INTERVAL_FAULTS,NA,NA,NA,NA,NA,NA,NA,NA,NA,NA,NA,NA,NA,NA,NA,NA,NA,NA,NA,NA,NA,NA,NA,TARGET_GONE,identity no longer active
2026-10-02T16:05:29Z,APP_21879_3030045,21879,3030045,22,1680,0.000,0,0,-1,-1,0,0.999931471,NA,NA,0.000000000,MEASURED_CPU_FAULT,CPU;INTERVAL_FAULTS,NA,NA,NA,NA,NA,NA,NA,NA,NA,NA,NA,NA,NA,NA,NA,NA,NA,NA,NA,NA,NA,NA,NA,TARGET_GONE,identity no longer active
2026-10-02T16:05:29Z,APP_21879_3030045,21879,3030045,22,1681,95.238,0,0,-1,-1,0,0.999931471,NA,NA,66.666600000,MEASURED_CPU_FAULT,CPU;INTERVAL_FAULTS,NA,NA,NA,NA,NA,NA,NA,NA,NA,NA,NA,NA,NA,NA,NA,NA,NA,NA,NA,NA,NA,NA,NA,TARGET_GONE,identity no longer active
2026-10-02T16:05:29Z,APP_21879_3030045,21879,3030045,22,1682,201.802,0,0,-1,-1,0,0.999931471,NA,NA,70.000000000,MEASURED_CPU_FAULT,CPU;INTERVAL_FAULTS,NA,NA,NA,NA,NA,NA,NA,NA,NA,NA,NA,NA,NA,NA,NA,NA,NA,NA,NA,NA,NA,NA,NA,TARGET_GONE,identity no longer active
2026-10-02T16:05:29Z,APP_21879_3030045,21879,3030045,22,1683,198.650,0,0,-1,-1,0,0.999931471,NA,NA,70.000000000,MEASURED_CPU_FAULT,CPU;INTERVAL_FAULTS,NA,NA,NA,NA,NA,NA,NA,NA,NA,NA,NA,NA,NA,NA,NA,NA,NA,NA,NA,NA,NA,NA,NA,TARGET_GONE,identity no longer active
2026-10-02T16:05:29Z,APP_21879_3030045,21879,3030045,22,1684,201.198,0,0,-1,-1,0,0.999931471,NA,NA,70.000000000,MEASURED_CPU_FAULT,CPU;INTERVAL_FAULTS,NA,NA,NA,NA,NA,NA,NA,NA,NA,NA,NA,NA,NA,NA,NA,NA,NA,NA,NA,NA,NA,NA,NA,TARGET_GONE,identity no longer active
2026-10-02T16:05:29Z,APP_21879_3030045,21879,3030045,22,1685,202.230,0,0,-1,-1,0,0.999931471,NA,NA,70.000000000,MEASURED_CPU_FAULT,CPU;INTERVAL_FAULTS,NA,NA,NA,NA,NA,NA,NA,NA,NA,NA,NA,NA,NA,NA,NA,NA,NA,NA,NA,NA,NA,NA,NA,TARGET_GONE,identity no longer active
2026-10-02T16:05:29Z,APP_21879_3030045,21879,3030045,22,1686,191.617,0,0,-1,-1,0,0.999931471,NA,NA,70.000000000,MEASURED_CPU_FAULT,CPU;INTERVAL_FAULTS,NA,NA,NA,NA,NA,NA,NA,NA,NA,NA,NA,NA,NA,NA,NA,NA,NA,NA,NA,NA,NA,NA,NA,TARGET_GONE,identity no longer active
2026-10-02T16:05:29Z,APP_21879_3030045,21879,3030045,22,1687,202.043,0,0,-1,-1,0,0.999931471,NA,NA,70.000000000,MEASURED_CPU_FAULT,CPU;INTERVAL_FAULTS,NA,NA,NA,NA,NA,NA,NA,NA,NA,NA,NA,NA,NA,NA,NA,NA,NA,NA,NA,NA,NA,NA,NA,TARGET_GONE,identity no longer active
2026-10-02T16:05:30Z,APP_21879_3030045,21879,3030045,22,1688,201.198,0,0,-1,-1,0,0.999931471,NA,NA,70.000000000,MEASURED_CPU_FAULT,CPU;INTERVAL_FAULTS,NA,NA,NA,NA,NA,NA,NA,NA,NA,NA,NA,NA,NA,NA,NA,NA,NA,NA,NA,NA,NA,NA,NA,TARGET_GONE,identity no longer active
2026-10-02T16:05:30Z,APP_21879_3030045,21879,3030045,22,1689,197.280,0,0,-1,-1,0,0.999931471,NA,NA,70.000000000,MEASURED_CPU_FAULT,CPU;INTERVAL_FAULTS,NA,NA,NA,NA,NA,NA,NA,NA,NA,NA,NA,NA,NA,NA,NA,NA,NA,NA,NA,NA,NA,NA,NA,TARGET_GONE,identity no longer active
2026-10-02T16:05:30Z,APP_21879_3030045,21879,3030045,22,1690,210.778,0,0,-1,-1,0,0.999931471,NA,NA,70.000000000,MEASURED_CPU_FAULT,CPU;INTERVAL_FAULTS,NA,NA,NA,NA,NA,NA,NA,NA,NA,NA,NA,NA,NA,NA,NA,NA,NA,NA,NA,NA,NA,NA,NA,TARGET_GONE,identity no longer active
2026-10-02T16:05:30Z,APP_21879_3030045,21879,3030045,22,1691,191.904,0,0,-1,-1,0,0.999931471,NA,NA,70.000000000,MEASURED_CPU_FAULT,CPU;INTERVAL_FAULTS,NA,NA,NA,NA,NA,NA,NA,NA,NA,NA,NA,NA,NA,NA,NA,NA,NA,NA,NA,NA,NA,NA,NA,TARGET_GONE,identity no longer active
2026-10-02T16:05:30Z,APP_21879_3030045,21879,3030045,22,1692,205.714,0,0,-1,-1,0,0.999931471,NA,NA,70.000000000,MEASURED_CPU_FAULT,CPU;INTERVAL_FAULTS,NA,NA,NA,NA,NA,NA,NA,NA,NA,NA,NA,NA,NA,NA,NA,NA,NA,NA,NA,NA,NA,NA,NA,TARGET_GONE,identity no longer active
2026-10-02T16:05:30Z,APP_21879_3030045,21879,3030045,22,1693,201.198,0,0,-1,-1,0,0.999931471,NA,NA,70.000000000,MEASURED_CPU_FAULT,CPU;INTERVAL_FAULTS,NA,NA,NA,NA,NA,NA,NA,NA,NA,NA,NA,NA,NA,NA,NA,NA,NA,NA,NA,NA,NA,NA,NA,TARGET_GONE,identity no longer active
2026-10-02T16:05:30Z,APP_21879_3030045,21879,3030045,22,1694,196.648,0,0,-1,-1,0,0.999931471,NA,NA,70.000000000,MEASURED_CPU_FAULT,CPU;INTERVAL_FAULTS,NA,NA,NA,NA,NA,NA,NA,NA,NA,NA,NA,NA,NA,NA,NA,NA,NA,NA,NA,NA,NA,NA,NA,TARGET_GONE,identity no longer active
2026-10-02T16:05:30Z,APP_21879_3030045,21879,3030045,22,1695,201.499,0,0,-1,-1,0,0.999931471,NA,NA,70.000000000,MEASURED_CPU_FAULT,CPU;INTERVAL_FAULTS,NA,NA,NA,NA,NA,NA,NA,NA,NA,NA,NA,NA,NA,NA,NA,NA,NA,NA,NA,NA,NA,NA,NA,TARGET_GONE,identity no longer active
2026-10-02T16:05:31Z,APP_21879_3030045,21879,3030045,22,1696,202.772,0,0,-1,-1,0,0.999931471,NA,NA,70.000000000,MEASURED_CPU_FAULT,CPU;INTERVAL_FAULTS,NA,NA,NA,NA,NA,NA,NA,NA,NA,NA,NA,NA,NA,NA,NA,NA,NA,NA,NA,NA,NA,NA,NA,TARGET_GONE,identity no longer active
2026-10-02T16:05:31Z,APP_21879_3030045,21879,3030045,22,1697,201.499,0,0,-1,-1,0,0.999931471,NA,NA,70.000000000,MEASURED_CPU_FAULT,CPU;INTERVAL_FAULTS,NA,NA,NA,NA,NA,NA,NA,NA,NA,NA,NA,NA,NA,NA,NA,NA,NA,NA,NA,NA,NA,NA,NA,TARGET_GONE,identity no longer active
2026-10-02T16:05:31Z,APP_21879_3030045,21879,3030045,22,1698,195.918,0,0,-1,-1,0,0.999931471,NA,NA,70.000000000,MEASURED_CPU_FAULT,CPU;INTERVAL_FAULTS,NA,NA,NA,NA,NA,NA,NA,NA,NA,NA,NA,NA,NA,NA,NA,NA,NA,NA,NA,NA,NA,NA,NA,TARGET_GONE,identity no longer active
2026-10-02T16:05:31Z,APP_21879_3030045,21879,3030045,22,1699,211.411,0,0,-1,-1,0,0.999931471,NA,NA,70.000000000,MEASURED_CPU_FAULT,CPU;INTERVAL_FAULTS,NA,NA,NA,NA,NA,NA,NA,NA,NA,NA,NA,NA,NA,NA,NA,NA,NA,NA,NA,NA,NA,NA,NA,TARGET_GONE,identity no longer active
2026-10-02T16:05:31Z,APP_21879_3030045,21879,3030045,22,1700,201.499,0,0,-1,-1,0,0.999931471,NA,NA,70.000000000,MEASURED_CPU_FAULT,CPU;INTERVAL_FAULTS,NA,NA,NA,NA,NA,NA,NA,NA,NA,NA,NA,NA,NA,NA,NA,NA,NA,NA,NA,NA,NA,NA,NA,TARGET_GONE,identity no longer active
2026-10-02T16:05:31Z,APP_21879_3030045,21879,3030045,22,1701,198.706,0,0,-1,-1,0,0.999931471,NA,NA,70.000000000,MEASURED_CPU_FAULT,CPU;INTERVAL_FAULTS,NA,NA,NA,NA,NA,NA,NA,NA,NA,NA,NA,NA,NA,NA,NA,NA,NA,NA,NA,NA,NA,NA,NA,TARGET_GONE,identity no longer active
2026-10-02T16:05:31Z,APP_21879_3030045,21879,3030045,22,1702,191.904,0,0,-1,-1,0,0.999931471,NA,NA,70.000000000,MEASURED_CPU_FAULT,CPU;INTERVAL_FAULTS,NA,NA,NA,NA,NA,NA,NA,NA,NA,NA,NA,NA,NA,NA,NA,NA,NA,NA,NA,NA,NA,NA,NA,TARGET_GONE,identity no longer active
2026-10-02T16:05:31Z,APP_21879_3030045,21879,3030045,22,1703,204.325,0,0,-1,-1,0,0.999931471,NA,NA,70.000000000,MEASURED_CPU_FAULT,CPU;INTERVAL_FAULTS,NA,NA,NA,NA,NA,NA,NA,NA,NA,NA,NA,NA,NA,NA,NA,NA,NA,NA,NA,NA,NA,NA,NA,TARGET_GONE,identity no longer active
2026-10-02T16:05:31Z,APP_21879_3030045,21879,3030045,22,1704,201.499,0,0,-1,-1,0,0.999931471,NA,NA,70.000000000,MEASURED_CPU_FAULT,CPU;INTERVAL_FAULTS,NA,NA,NA,NA,NA,NA,NA,NA,NA,NA,NA,NA,NA,NA,NA,NA,NA,NA,NA,NA,NA,NA,NA,TARGET_GONE,identity no longer active
2026-10-02T16:05:32Z,APP_21879_3030045,21879,3030045,22,1705,197.531,0,0,-1,-1,0,0.999931471,NA,NA,70.000000000,MEASURED_CPU_FAULT,CPU;INTERVAL_FAULTS,NA,NA,NA,NA,NA,NA,NA,NA,NA,NA,NA,NA,NA,NA,NA,NA,NA,NA,NA,NA,NA,NA,NA,TARGET_GONE,identity no longer active
2026-10-02T16:05:32Z,APP_21879_3030045,21879,3030045,22,1706,201.499,0,0,-1,-1,0,0.999931471,NA,NA,70.000000000,MEASURED_CPU_FAULT,CPU;INTERVAL_FAULTS,NA,NA,NA,NA,NA,NA,NA,NA,NA,NA,NA,NA,NA,NA,NA,NA,NA,NA,NA,NA,NA,NA,NA,TARGET_GONE,identity no longer active
2026-10-02T16:05:32Z,APP_21879_3030045,21879,3030045,22,1707,203.885,0,0,-1,-1,0,0.999931471,NA,NA,70.000000000,MEASURED_CPU_FAULT,CPU;INTERVAL_FAULTS,NA,NA,NA,NA,NA,NA,NA,NA,NA,NA,NA,NA,NA,NA,NA,NA,NA,NA,NA,NA,NA,NA,NA,TARGET_GONE,identity no longer active
2026-10-02T16:05:32Z,APP_21879_3030045,21879,3030045,22,1708,192.771,0,0,-1,-1,0,0.999931471,NA,NA,70.000000000,MEASURED_CPU_FAULT,CPU;INTERVAL_FAULTS,NA,NA,NA,NA,NA,NA,NA,NA,NA,NA,NA,NA,NA,NA,NA,NA,NA,NA,NA,NA,NA,NA,NA,TARGET_GONE,identity no longer active
2026-10-02T16:05:32Z,APP_21879_3030045,21879,3030045,22,1709,201.499,0,0,-1,-1,0,0.999931471,NA,NA,70.000000000,MEASURED_CPU_FAULT,CPU;INTERVAL_FAULTS,NA,NA,NA,NA,NA,NA,NA,NA,NA,NA,NA,NA,NA,NA,NA,NA,NA,NA,NA,NA,NA,NA,NA,TARGET_GONE,identity no longer active
2026-10-02T16:05:32Z,APP_21879_3030045,21879,3030045,22,1710,191.847,0,0,-1,-1,0,0.999931471,NA,NA,70.000000000,MEASURED_CPU_FAULT,CPU;INTERVAL_FAULTS,NA,NA,NA,NA,NA,NA,NA,NA,NA,NA,NA,NA,NA,NA,NA,NA,NA,NA,NA,NA,NA,NA,NA,TARGET_GONE,identity no longer active
2026-10-02T16:05:32Z,APP_21879_3030045,21879,3030045,22,1711,201.198,0,0,-1,-1,0,0.999931471,NA,NA,70.000000000,MEASURED_CPU_FAULT,CPU;INTERVAL_FAULTS,NA,NA,NA,NA,NA,NA,NA,NA,NA,NA,NA,NA,NA,NA,NA,NA,NA,NA,NA,NA,NA,NA,NA,TARGET_GONE,identity no longer active
2026-10-02T16:05:32Z,APP_21879_3030045,21879,3030045,22,1712,204.115,0,0,-1,-1,0,0.999931471,NA,NA,70.000000000,MEASURED_CPU_FAULT,CPU;INTERVAL_FAULTS,NA,NA,NA,NA,NA,NA,NA,NA,NA,NA,NA,NA,NA,NA,NA,NA,NA,NA,NA,NA,NA,NA,NA,TARGET_GONE,identity no longer active
2026-10-02T16:05:33Z,APP_21879_3030045,21879,3030045,22,1713,192.192,0,0,-1,-1,0,0.999931471,NA,NA,70.000000000,MEASURED_CPU_FAULT,CPU;INTERVAL_FAULTS,NA,NA,NA,NA,NA,NA,NA,NA,NA,NA,NA,NA,NA,NA,NA,NA,NA,NA,NA,NA,NA,NA,NA,TARGET_GONE,identity no longer active
2026-10-02T16:05:33Z,APP_21879_3030045,21879,3030045,22,1714,204.115,0,0,-1,-1,0,0.999931471,NA,NA,70.000000000,MEASURED_CPU_FAULT,CPU;INTERVAL_FAULTS,NA,NA,NA,NA,NA,NA,NA,NA,NA,NA,NA,NA,NA,NA,NA,NA,NA,NA,NA,NA,NA,NA,NA,TARGET_GONE,identity no longer active
2026-10-02T16:05:33Z,APP_21879_3030045,21879,3030045,22,1715,201.802,0,0,-1,-1,0,0.999931471,NA,NA,70.000000000,MEASURED_CPU_FAULT,CPU;INTERVAL_FAULTS,NA,NA,NA,NA,NA,NA,NA,NA,NA,NA,NA,NA,NA,NA,NA,NA,NA,NA,NA,NA,NA,NA,NA,TARGET_GONE,identity no longer active
2026-10-02T16:05:33Z,APP_21879_3030045,21879,3030045,22,1716,201.491,0,0,-1,-1,0,0.999931471,NA,NA,70.000000000,MEASURED_CPU_FAULT,CPU;INTERVAL_FAULTS,NA,NA,NA,NA,NA,NA,NA,NA,NA,NA,NA,NA,NA,NA,NA,NA,NA,NA,NA,NA,NA,NA,NA,TARGET_GONE,identity no longer active
2026-10-02T16:05:33Z,APP_21879_3030045,21879,3030045,22,1717,192.771,0,0,-1,-1,0,0.999931471,NA,NA,70.000000000,MEASURED_CPU_FAULT,CPU;INTERVAL_FAULTS,NA,NA,NA,NA,NA,NA,NA,NA,NA,NA,NA,NA,NA,NA,NA,NA,NA,NA,NA,NA,NA,NA,NA,TARGET_GONE,identity no longer active
2026-10-02T16:05:33Z,APP_21879_3030045,21879,3030045,22,1718,201.499,0,0,-1,-1,0,0.999931471,NA,NA,70.000000000,MEASURED_CPU_FAULT,CPU;INTERVAL_FAULTS,NA,NA,NA,NA,NA,NA,NA,NA,NA,NA,NA,NA,NA,NA,NA,NA,NA,NA,NA,NA,NA,NA,NA,TARGET_GONE,identity no longer active
2026-10-02T16:05:33Z,APP_21879_3030045,21879,3030045,22,1719,199.253,0,0,-1,-1,0,0.999931471,NA,NA,70.000000000,MEASURED_CPU_FAULT,CPU;INTERVAL_FAULTS,NA,NA,NA,NA,NA,NA,NA,NA,NA,NA,NA,NA,NA,NA,NA,NA,NA,NA,NA,NA,NA,NA,NA,TARGET_GONE,identity no longer active
2026-10-02T16:05:33Z,APP_21879_3030045,21879,3030045,22,1720,201.198,0,0,-1,-1,0,0.999931471,NA,NA,70.000000000,MEASURED_CPU_FAULT,CPU;INTERVAL_FAULTS,NA,NA,NA,NA,NA,NA,NA,NA,NA,NA,NA,NA,NA,NA,NA,NA,NA,NA,NA,NA,NA,NA,NA,TARGET_GONE,identity no longer active
2026-10-02T16:05:34Z,APP_21879_3030045,21879,3030045,22,1721,198.142,0,0,-1,-1,0,0.999931471,NA,NA,70.000000000,MEASURED_CPU_FAULT,CPU;INTERVAL_FAULTS,NA,NA,NA,NA,NA,NA,NA,NA,NA,NA,NA,NA,NA,NA,NA,NA,NA,NA,NA,NA,NA,NA,NA,TARGET_GONE,identity no longer active
2026-10-02T16:05:34Z,APP_21879_3030045,21879,3030045,22,1722,200.897,0,0,-1,-1,0,0.999931471,NA,NA,70.000000000,MEASURED_CPU_FAULT,CPU;INTERVAL_FAULTS,NA,NA,NA,NA,NA,NA,NA,NA,NA,NA,NA,NA,NA,NA,NA,NA,NA,NA,NA,NA,NA,NA,NA,TARGET_GONE,identity no longer active
2026-10-02T16:05:34Z,APP_21879_3030045,21879,3030045,22,1723,197.938,0,0,-1,-1,0,0.999931471,NA,NA,70.000000000,MEASURED_CPU_FAULT,CPU;INTERVAL_FAULTS,NA,NA,NA,NA,NA,NA,NA,NA,NA,NA,NA,NA,NA,NA,NA,NA,NA,NA,NA,NA,NA,NA,NA,TARGET_GONE,identity no longer active
2026-10-02T16:05:34Z,APP_21879_3030045,21879,3030045,22,1724,201.499,0,0,-1,-1,0,0.999931471,NA,NA,70.000000000,MEASURED_CPU_FAULT,CPU;INTERVAL_FAULTS,NA,NA,NA,NA,NA,NA,NA,NA,NA,NA,NA,NA,NA,NA,NA,NA,NA,NA,NA,NA,NA,NA,NA,TARGET_GONE,identity no longer active
2026-10-02T16:05:34Z,APP_21879_3030045,21879,3030045,22,1725,202.625,0,0,-1,-1,0,0.999931471,NA,NA,70.000000000,MEASURED_CPU_FAULT,CPU;INTERVAL_FAULTS,NA,NA,NA,NA,NA,NA,NA,NA,NA,NA,NA,NA,NA,NA,NA,NA,NA,NA,NA,NA,NA,NA,NA,TARGET_GONE,identity no longer active
2026-10-02T16:05:34Z,APP_21879_3030045,21879,3030045,22,1726,192.192,0,0,-1,-1,0,0.999931471,NA,NA,70.000000000,MEASURED_CPU_FAULT,CPU;INTERVAL_FAULTS,NA,NA,NA,NA,NA,NA,NA,NA,NA,NA,NA,NA,NA,NA,NA,NA,NA,NA,NA,NA,NA,NA,NA,TARGET_GONE,identity no longer active
2026-10-02T16:05:34Z,APP_21879_3030045,21879,3030045,22,1727,201.198,0,0,-1,-1,0,0.999931471,NA,NA,70.000000000,MEASURED_CPU_FAULT,CPU;INTERVAL_FAULTS,NA,NA,NA,NA,NA,NA,NA,NA,NA,NA,NA,NA,NA,NA,NA,NA,NA,NA,NA,NA,NA,NA,NA,TARGET_GONE,identity no longer active
2026-10-02T16:05:34Z,APP_21879_3030045,21879,3030045,22,1728,199.253,0,0,-1,-1,0,0.999931471,NA,NA,70.000000000,MEASURED_CPU_FAULT,CPU;INTERVAL_FAULTS,NA,NA,NA,NA,NA,NA,NA,NA,NA,NA,NA,NA,NA,NA,NA,NA,NA,NA,NA,NA,NA,NA,NA,TARGET_GONE,identity no longer active
2026-10-02T16:05:34Z,APP_21879_3030045,21879,3030045,22,1729,201.802,0,0,-1,-1,0,0.999931471,NA,NA,70.000000000,MEASURED_CPU_FAULT,CPU;INTERVAL_FAULTS,NA,NA,NA,NA,NA,NA,NA,NA,NA,NA,NA,NA,NA,NA,NA,NA,NA,NA,NA,NA,NA,NA,NA,TARGET_GONE,identity no longer active
2026-10-02T16:05:35Z,APP_21879_3030045,21879,3030045,22,1730,197.328,0,0,-1,-1,0,0.999931471,NA,NA,70.000000000,MEASURED_CPU_FAULT,CPU;INTERVAL_FAULTS,NA,NA,NA,NA,NA,NA,NA,NA,NA,NA,NA,NA,NA,NA,NA,NA,NA,NA,NA,NA,NA,NA,NA,TARGET_GONE,identity no longer active
2026-10-02T16:05:35Z,APP_21879_3030045,21879,3030045,22,1731,201.499,0,0,-1,-1,0,0.999931471,NA,NA,70.000000000,MEASURED_CPU_FAULT,CPU;INTERVAL_FAULTS,NA,NA,NA,NA,NA,NA,NA,NA,NA,NA,NA,NA,NA,NA,NA,NA,NA,NA,NA,NA,NA,NA,NA,TARGET_GONE,identity no longer active
2026-10-02T16:05:35Z,APP_21879_3030045,21879,3030045,22,1732,198.142,0,0,-1,-1,0,0.999931471,NA,NA,70.000000000,MEASURED_CPU_FAULT,CPU;INTERVAL_FAULTS,NA,NA,NA,NA,NA,NA,NA,NA,NA,NA,NA,NA,NA,NA,NA,NA,NA,NA,NA,NA,NA,NA,NA,TARGET_GONE,identity no longer active
2026-10-02T16:05:35Z,APP_21879_3030045,21879,3030045,22,1733,201.198,0,0,-1,-1,0,0.999931471,NA,NA,70.000000000,MEASURED_CPU_FAULT,CPU;INTERVAL_FAULTS,NA,NA,NA,NA,NA,NA,NA,NA,NA,NA,NA,NA,NA,NA,NA,NA,NA,NA,NA,NA,NA,NA,NA,TARGET_GONE,identity no longer active
2026-10-02T16:05:35Z,APP_21879_3030045,21879,3030045,22,1734,203.253,0,0,-1,-1,0,0.999931471,NA,NA,70.000000000,MEASURED_CPU_FAULT,CPU;INTERVAL_FAULTS,NA,NA,NA,NA,NA,NA,NA,NA,NA,NA,NA,NA,NA,NA,NA,NA,NA,NA,NA,NA,NA,NA,NA,TARGET_GONE,identity no longer active
2026-10-02T16:05:35Z,APP_21879_3030045,21879,3030045,22,1735,192.192,0,0,-1,-1,0,0.999931471,NA,NA,70.000000000,MEASURED_CPU_FAULT,CPU;INTERVAL_FAULTS,NA,NA,NA,NA,NA,NA,NA,NA,NA,NA,NA,NA,NA,NA,NA,NA,NA,NA,NA,NA,NA,NA,NA,TARGET_GONE,identity no longer active
2026-10-02T16:05:35Z,APP_21879_3030045,21879,3030045,22,1736,201.499,0,0,-1,-1,0,0.999931471,NA,NA,70.000000000,MEASURED_CPU_FAULT,CPU;INTERVAL_FAULTS,NA,NA,NA,NA,NA,NA,NA,NA,NA,NA,NA,NA,NA,NA,NA,NA,NA,NA,NA,NA,NA,NA,NA,TARGET_GONE,identity no longer active
2026-10-02T16:05:35Z,APP_21879_3030045,21879,3030045,22,1737,199.253,0,0,-1,-1,0,0.999931471,NA,NA,70.000000000,MEASURED_CPU_FAULT,CPU;INTERVAL_FAULTS,NA,NA,NA,NA,NA,NA,NA,NA,NA,NA,NA,NA,NA,NA,NA,NA,NA,NA,NA,NA,NA,NA,NA,TARGET_GONE,identity no longer active
2026-10-02T16:05:36Z,APP_21879_3030045,21879,3030045,22,1738,201.198,0,0,-1,-1,0,0.999931471,NA,NA,70.000000000,MEASURED_CPU_FAULT,CPU;INTERVAL_FAULTS,NA,NA,NA,NA,NA,NA,NA,NA,NA,NA,NA,NA,NA,NA,NA,NA,NA,NA,NA,NA,NA,NA,NA,TARGET_GONE,identity no longer active
2026-10-02T16:05:36Z,APP_21879_3030045,21879,3030045,22,1739,197.938,0,0,-1,-1,0,0.999931471,NA,NA,70.000000000,MEASURED_CPU_FAULT,CPU;INTERVAL_FAULTS,NA,NA,NA,NA,NA,NA,NA,NA,NA,NA,NA,NA,NA,NA,NA,NA,NA,NA,NA,NA,NA,NA,NA,TARGET_GONE,identity no longer active
2026-10-02T16:05:36Z,APP_21879_3030045,21879,3030045,22,1740,201.198,0,0,-1,-1,0,0.999931471,NA,NA,70.000000000,MEASURED_CPU_FAULT,CPU;INTERVAL_FAULTS,NA,NA,NA,NA,NA,NA,NA,NA,NA,NA,NA,NA,NA,NA,NA,NA,NA,NA,NA,NA,NA,NA,NA,TARGET_GONE,identity no longer active
2026-10-02T16:05:36Z,APP_21879_3030045,21879,3030045,22,1741,197.734,0,0,-1,-1,0,0.999931471,NA,NA,70.000000000,MEASURED_CPU_FAULT,CPU;INTERVAL_FAULTS,NA,NA,NA,NA,NA,NA,NA,NA,NA,NA,NA,NA,NA,NA,NA,NA,NA,NA,NA,NA,NA,NA,NA,TARGET_GONE,identity no longer active
2026-10-02T16:05:36Z,APP_21879_3030045,21879,3030045,22,1742,201.802,0,0,-1,-1,0,0.999931471,NA,NA,70.000000000,MEASURED_CPU_FAULT,CPU;INTERVAL_FAULTS,NA,NA,NA,NA,NA,NA,NA,NA,NA,NA,NA,NA,NA,NA,NA,NA,NA,NA,NA,NA,NA,NA,NA,TARGET_GONE,identity no longer active
2026-10-02T16:05:36Z,APP_21879_3030045,21879,3030045,22,1743,203.096,0,0,-1,-1,0,0.999931471,NA,NA,70.000000000,MEASURED_CPU_FAULT,CPU;INTERVAL_FAULTS,NA,NA,NA,NA,NA,NA,NA,NA,NA,NA,NA,NA,NA,NA,NA,NA,NA,NA,NA,NA,NA,NA,NA,TARGET_GONE,identity no longer active
2026-10-02T16:05:36Z,APP_21879_3030045,21879,3030045,22,1744,191.617,0,0,-1,-1,0,0.999931471,NA,NA,70.000000000,MEASURED_CPU_FAULT,CPU;INTERVAL_FAULTS,NA,NA,NA,NA,NA,NA,NA,NA,NA,NA,NA,NA,NA,NA,NA,NA,NA,NA,NA,NA,NA,NA,NA,TARGET_GONE,identity no longer active
2026-10-02T16:05:36Z,APP_21879_3030045,21879,3030045,22,1745,201.499,0,0,-1,-1,0,0.999931471,NA,NA,70.000000000,MEASURED_CPU_FAULT,CPU;INTERVAL_FAULTS,NA,NA,NA,NA,NA,NA,NA,NA,NA,NA,NA,NA,NA,NA,NA,NA,NA,NA,NA,NA,NA,NA,NA,TARGET_GONE,identity no longer active
2026-10-02T16:05:37Z,APP_21879_3030045,21879,3030045,22,1746,199.253,0,0,-1,-1,0,0.999931471,NA,NA,70.000000000,MEASURED_CPU_FAULT,CPU;INTERVAL_FAULTS,NA,NA,NA,NA,NA,NA,NA,NA,NA,NA,NA,NA,NA,NA,NA,NA,NA,NA,NA,NA,NA,NA,NA,TARGET_GONE,identity no longer active
2026-10-02T16:05:37Z,APP_21879_3030045,21879,3030045,22,1747,201.198,0,0,-1,-1,0,0.999931471,NA,NA,70.000000000,MEASURED_CPU_FAULT,CPU;INTERVAL_FAULTS,NA,NA,NA,NA,NA,NA,NA,NA,NA,NA,NA,NA,NA,NA,NA,NA,NA,NA,NA,NA,NA,NA,NA,TARGET_GONE,identity no longer active
2026-10-02T16:05:37Z,APP_21879_3030045,21879,3030045,22,1748,197.734,0,0,-1,-1,0,0.999931471,NA,NA,70.000000000,MEASURED_CPU_FAULT,CPU;INTERVAL_FAULTS,NA,NA,NA,NA,NA,NA,NA,NA,NA,NA,NA,NA,NA,NA,NA,NA,NA,NA,NA,NA,NA,NA,NA,TARGET_GONE,identity no longer active
2026-10-02T16:05:37Z,APP_21879_3030045,21879,3030045,22,1749,201.802,0,0,-1,-1,0,0.999931471,NA,NA,70.000000000,MEASURED_CPU_FAULT,CPU;INTERVAL_FAULTS,NA,NA,NA,NA,NA,NA,NA,NA,NA,NA,NA,NA,NA,NA,NA,NA,NA,NA,NA,NA,NA,NA,NA,TARGET_GONE,identity no longer active
2026-10-02T16:05:37Z,APP_21879_3030045,21879,3030045,22,1750,197.531,0,0,-1,-1,0,0.999931471,NA,NA,70.000000000,MEASURED_CPU_FAULT,CPU;INTERVAL_FAULTS,NA,NA,NA,NA,NA,NA,NA,NA,NA,NA,NA,NA,NA,NA,NA,NA,NA,NA,NA,NA,NA,NA,NA,TARGET_GONE,identity no longer active
2026-10-02T16:05:37Z,APP_21879_3030045,21879,3030045,22,1751,201.499,0,0,-1,-1,0,0.999931471,NA,NA,70.000000000,MEASURED_CPU_FAULT,CPU;INTERVAL_FAULTS,NA,NA,NA,NA,NA,NA,NA,NA,NA,NA,NA,NA,NA,NA,NA,NA,NA,NA,NA,NA,NA,NA,NA,TARGET_GONE,identity no longer active
2026-10-02T16:05:37Z,APP_21879_3030045,21879,3030045,22,1752,202.755,0,0,-1,-1,0,0.999931471,NA,NA,70.000000000,MEASURED_CPU_FAULT,CPU;INTERVAL_FAULTS,NA,NA,NA,NA,NA,NA,NA,NA,NA,NA,NA,NA,NA,NA,NA,NA,NA,NA,NA,NA,NA,NA,NA,TARGET_GONE,identity no longer active
2026-10-02T16:05:37Z,APP_21879_3030045,21879,3030045,22,1753,191.617,0,0,-1,-1,0,0.999931471,NA,NA,70.000000000,MEASURED_CPU_FAULT,CPU;INTERVAL_FAULTS,NA,NA,NA,NA,NA,NA,NA,NA,NA,NA,NA,NA,NA,NA,NA,NA,NA,NA,NA,NA,NA,NA,NA,TARGET_GONE,identity no longer active
2026-10-02T16:05:38Z,APP_21879_3030045,21879,3030045,22,1754,201.499,0,0,-1,-1,0,0.999931471,NA,NA,70.000000000,MEASURED_CPU_FAULT,CPU;INTERVAL_FAULTS,NA,NA,NA,NA,NA,NA,NA,NA,NA,NA,NA,NA,NA,NA,NA,NA,NA,NA,NA,NA,NA,NA,NA,TARGET_GONE,identity no longer active
2026-10-02T16:05:38Z,APP_21879_3030045,21879,3030045,22,1755,206.708,0,0,-1,-1,0,0.999931471,NA,NA,70.000000000,MEASURED_CPU_FAULT,CPU;INTERVAL_FAULTS,NA,NA,NA,NA,NA,NA,NA,NA,NA,NA,NA,NA,NA,NA,NA,NA,NA,NA,NA,NA,NA,NA,NA,TARGET_GONE,identity no longer active
2026-10-02T16:05:38Z,APP_21879_3030045,21879,3030045,22,1756,191.617,0,0,-1,-1,0,0.999931471,NA,NA,70.000000000,MEASURED_CPU_FAULT,CPU;INTERVAL_FAULTS,NA,NA,NA,NA,NA,NA,NA,NA,NA,NA,NA,NA,NA,NA,NA,NA,NA,NA,NA,NA,NA,NA,NA,TARGET_GONE,identity no longer active
2026-10-02T16:05:38Z,APP_21879_3030045,21879,3030045,22,1757,200.607,0,0,-1,-1,0,0.999931471,NA,NA,70.000000000,MEASURED_CPU_FAULT,CPU;INTERVAL_FAULTS,NA,NA,NA,NA,NA,NA,NA,NA,NA,NA,NA,NA,NA,NA,NA,NA,NA,NA,NA,NA,NA,NA,NA,TARGET_GONE,identity no longer active
2026-10-02T16:05:38Z,APP_21879_3030045,21879,3030045,22,1758,201.198,0,0,-1,-1,0,0.999931471,NA,NA,70.000000000,MEASURED_CPU_FAULT,CPU;INTERVAL_FAULTS,NA,NA,NA,NA,NA,NA,NA,NA,NA,NA,NA,NA,NA,NA,NA,NA,NA,NA,NA,NA,NA,NA,NA,TARGET_GONE,identity no longer active
2026-10-02T16:05:38Z,APP_21879_3030045,21879,3030045,22,1759,199.610,0,0,-1,-1,0,0.999931471,NA,NA,70.000000000,MEASURED_CPU_FAULT,CPU;INTERVAL_FAULTS,NA,NA,NA,NA,NA,NA,NA,NA,NA,NA,NA,NA,NA,NA,NA,NA,NA,NA,NA,NA,NA,NA,NA,TARGET_GONE,identity no longer active
2026-10-02T16:05:38Z,APP_21879_3030045,21879,3030045,22,1760,201.198,0,0,-1,-1,0,0.999931471,NA,NA,70.000000000,MEASURED_CPU_FAULT,CPU;INTERVAL_FAULTS,NA,NA,NA,NA,NA,NA,NA,NA,NA,NA,NA,NA,NA,NA,NA,NA,NA,NA,NA,NA,NA,NA,NA,TARGET_GONE,identity no longer active
2026-10-02T16:05:39Z,APP_21879_3030045,21879,3030045,22,1761,200.000,0,0,-1,-1,0,0.999931471,NA,NA,70.000000000,MEASURED_CPU_FAULT,CPU;INTERVAL_FAULTS,NA,NA,NA,NA,NA,NA,NA,NA,NA,NA,NA,NA,NA,NA,NA,NA,NA,NA,NA,NA,NA,NA,NA,TARGET_GONE,identity no longer active
2026-10-02T16:05:39Z,APP_21879_3030045,21879,3030045,22,1762,192.192,0,0,-1,-1,0,0.999931471,NA,NA,70.000000000,MEASURED_CPU_FAULT,CPU;INTERVAL_FAULTS,NA,NA,NA,NA,NA,NA,NA,NA,NA,NA,NA,NA,NA,NA,NA,NA,NA,NA,NA,NA,NA,NA,NA,TARGET_GONE,identity no longer active
2026-10-02T16:05:39Z,APP_21879_3030045,21879,3030045,22,1763,201.802,0,0,-1,-1,0,0.999931471,NA,NA,70.000000000,MEASURED_CPU_FAULT,CPU;INTERVAL_FAULTS,NA,NA,NA,NA,NA,NA,NA,NA,NA,NA,NA,NA,NA,NA,NA,NA,NA,NA,NA,NA,NA,NA,NA,TARGET_GONE,identity no longer active
2026-10-02T16:05:39Z,APP_21879_3030045,21879,3030045,22,1764,198.758,0,0,-1,-1,0,0.999931471,NA,NA,70.000000000,MEASURED_CPU_FAULT,CPU;INTERVAL_FAULTS,NA,NA,NA,NA,NA,NA,NA,NA,NA,NA,NA,NA,NA,NA,NA,NA,NA,NA,NA,NA,NA,NA,NA,TARGET_GONE,identity no longer active
2026-10-02T16:05:39Z,APP_21879_3030045,21879,3030045,22,1765,210.463,0,0,-1,-1,0,0.999931471,NA,NA,70.000000000,MEASURED_CPU_FAULT,CPU;INTERVAL_FAULTS,NA,NA,NA,NA,NA,NA,NA,NA,NA,NA,NA,NA,NA,NA,NA,NA,NA,NA,NA,NA,NA,NA,NA,TARGET_GONE,identity no longer active
2026-10-02T16:05:39Z,APP_21879_3030045,21879,3030045,22,1766,191.736,0,0,-1,-1,0,0.999931471,NA,NA,70.000000000,MEASURED_CPU_FAULT,CPU;INTERVAL_FAULTS,NA,NA,NA,NA,NA,NA,NA,NA,NA,NA,NA,NA,NA,NA,NA,NA,NA,NA,NA,NA,NA,NA,NA,TARGET_GONE,identity no longer active
2026-10-02T16:05:39Z,APP_21879_3030045,21879,3030045,22,1767,200.897,0,0,-1,-1,0,0.999931471,NA,NA,70.000000000,MEASURED_CPU_FAULT,CPU;INTERVAL_FAULTS,NA,NA,NA,NA,NA,NA,NA,NA,NA,NA,NA,NA,NA,NA,NA,NA,NA,NA,NA,NA,NA,NA,NA,TARGET_GONE,identity no longer active
2026-10-02T16:05:39Z,APP_21879_3030045,21879,3030045,22,1768,200.607,0,0,-1,-1,0,0.999931471,NA,NA,70.000000000,MEASURED_CPU_FAULT,CPU;INTERVAL_FAULTS,NA,NA,NA,NA,NA,NA,NA,NA,NA,NA,NA,NA,NA,NA,NA,NA,NA,NA,NA,NA,NA,NA,NA,TARGET_GONE,identity no longer active
2026-10-02T16:05:39Z,APP_21879_3030045,21879,3030045,22,1769,201.802,0,0,-1,-1,0,0.999931471,NA,NA,70.000000000,MEASURED_CPU_FAULT,CPU;INTERVAL_FAULTS,NA,NA,NA,NA,NA,NA,NA,NA,NA,NA,NA,NA,NA,NA,NA,NA,NA,NA,NA,NA,NA,NA,NA,TARGET_GONE,identity no longer active
2026-10-02T16:05:40Z,APP_21879_3030045,21879,3030045,22,1770,198.230,0,0,-1,-1,0,0.999931471,NA,NA,70.000000000,MEASURED_CPU_FAULT,CPU;INTERVAL_FAULTS,NA,NA,NA,NA,NA,NA,NA,NA,NA,NA,NA,NA,NA,NA,NA,NA,NA,NA,NA,NA,NA,NA,NA,TARGET_GONE,identity no longer active
2026-10-02T16:05:40Z,APP_21879_3030045,21879,3030045,22,1771,210.778,0,0,-1,-1,0,0.999931471,NA,NA,70.000000000,MEASURED_CPU_FAULT,CPU;INTERVAL_FAULTS,NA,NA,NA,NA,NA,NA,NA,NA,NA,NA,NA,NA,NA,NA,NA,NA,NA,NA,NA,NA,NA,NA,NA,TARGET_GONE,identity no longer active
2026-10-02T16:05:40Z,APP_21879_3030045,21879,3030045,22,1772,201.802,0,0,-1,-1,0,0.999931471,NA,NA,70.000000000,MEASURED_CPU_FAULT,CPU;INTERVAL_FAULTS,NA,NA,NA,NA,NA,NA,NA,NA,NA,NA,NA,NA,NA,NA,NA,NA,NA,NA,NA,NA,NA,NA,NA,TARGET_GONE,identity no longer active
2026-10-02T16:05:40Z,APP_21879_3030045,21879,3030045,22,1773,194.411,0,0,-1,-1,0,0.999931471,NA,NA,70.000000000,MEASURED_CPU_FAULT,CPU;INTERVAL_FAULTS,NA,NA,NA,NA,NA,NA,NA,NA,NA,NA,NA,NA,NA,NA,NA,NA,NA,NA,NA,NA,NA,NA,NA,TARGET_GONE,identity no longer active
2026-10-02T16:05:40Z,APP_21879_3030045,21879,3030045,22,1774,210.463,0,0,-1,-1,0,0.999931471,NA,NA,70.000000000,MEASURED_CPU_FAULT,CPU;INTERVAL_FAULTS,NA,NA,NA,NA,NA,NA,NA,NA,NA,NA,NA,NA,NA,NA,NA,NA,NA,NA,NA,NA,NA,NA,NA,TARGET_GONE,identity no longer active
2026-10-02T16:05:40Z,APP_21879_3030045,21879,3030045,22,1775,194.135,0,0,-1,-1,0,0.999931471,NA,NA,70.000000000,MEASURED_CPU_FAULT,CPU;INTERVAL_FAULTS,NA,NA,NA,NA,NA,NA,NA,NA,NA,NA,NA,NA,NA,NA,NA,NA,NA,NA,NA,NA,NA,NA,NA,TARGET_GONE,identity no longer active
2026-10-02T16:05:40Z,APP_21879_3030045,21879,3030045,22,1776,201.499,0,0,-1,-1,0,0.999931471,NA,NA,70.000000000,MEASURED_CPU_FAULT,CPU;INTERVAL_FAULTS,NA,NA,NA,NA,NA,NA,NA,NA,NA,NA,NA,NA,NA,NA,NA,NA,NA,NA,NA,NA,NA,NA,NA,TARGET_GONE,identity no longer active
2026-10-02T16:05:40Z,APP_21879_3030045,21879,3030045,22,1777,200.607,0,0,-1,-1,0,0.999931471,NA,NA,70.000000000,MEASURED_CPU_FAULT,CPU;INTERVAL_FAULTS,NA,NA,NA,NA,NA,NA,NA,NA,NA,NA,NA,NA,NA,NA,NA,NA,NA,NA,NA,NA,NA,NA,NA,TARGET_GONE,identity no longer active
2026-10-02T16:05:41Z,APP_21879_3030045,21879,3030045,22,1778,201.499,0,0,-1,-1,0,0.999931471,NA,NA,70.000000000,MEASURED_CPU_FAULT,CPU;INTERVAL_FAULTS,NA,NA,NA,NA,NA,NA,NA,NA,NA,NA,NA,NA,NA,NA,NA,NA,NA,NA,NA,NA,NA,NA,NA,TARGET_GONE,identity no longer active
2026-10-02T16:05:41Z,APP_21879_3030045,21879,3030045,22,1779,200.447,0,0,-1,-1,0,0.999931471,NA,NA,70.000000000,MEASURED_CPU_FAULT,CPU;INTERVAL_FAULTS,NA,NA,NA,NA,NA,NA,NA,NA,NA,NA,NA,NA,NA,NA,NA,NA,NA,NA,NA,NA,NA,NA,NA,TARGET_GONE,identity no longer active
2026-10-02T16:05:41Z,APP_21879_3030045,21879,3030045,22,1780,191.617,0,0,-1,-1,0,0.999931471,NA,NA,70.000000000,MEASURED_CPU_FAULT,CPU;INTERVAL_FAULTS,NA,NA,NA,NA,NA,NA,NA,NA,NA,NA,NA,NA,NA,NA,NA,NA,NA,NA,NA,NA,NA,NA,NA,TARGET_GONE,identity no longer active
2026-10-02T16:05:41Z,APP_21879_3030045,21879,3030045,22,1781,201.499,0,0,-1,-1,0,0.999931471,NA,NA,70.000000000,MEASURED_CPU_FAULT,CPU;INTERVAL_FAULTS,NA,NA,NA,NA,NA,NA,NA,NA,NA,NA,NA,NA,NA,NA,NA,NA,NA,NA,NA,NA,NA,NA,NA,TARGET_GONE,identity no longer active
2026-10-02T16:05:41Z,APP_21879_3030045,21879,3030045,22,1782,202.187,0,0,-1,-1,0,0.999931471,NA,NA,70.000000000,MEASURED_CPU_FAULT,CPU;INTERVAL_FAULTS,NA,NA,NA,NA,NA,NA,NA,NA,NA,NA,NA,NA,NA,NA,NA,NA,NA,NA,NA,NA,NA,NA,NA,TARGET_GONE,identity no longer active
2026-10-02T16:05:41Z,APP_21879_3030045,21879,3030045,22,1783,201.499,0,0,-1,-1,0,0.999931471,NA,NA,70.000000000,MEASURED_CPU_FAULT,CPU;INTERVAL_FAULTS,NA,NA,NA,NA,NA,NA,NA,NA,NA,NA,NA,NA,NA,NA,NA,NA,NA,NA,NA,NA,NA,NA,NA,TARGET_GONE,identity no longer active
2026-10-02T16:05:41Z,APP_21879_3030045,21879,3030045,22,1784,194.529,0,0,-1,-1,0,0.999931471,NA,NA,70.000000000,MEASURED_CPU_FAULT,CPU;INTERVAL_FAULTS,NA,NA,NA,NA,NA,NA,NA,NA,NA,NA,NA,NA,NA,NA,NA,NA,NA,NA,NA,NA,NA,NA,NA,TARGET_GONE,identity no longer active
2026-10-02T16:05:41Z,APP_21879_3030045,21879,3030045,22,1785,201.198,0,0,-1,-1,0,0.999931471,NA,NA,70.000000000,MEASURED_CPU_FAULT,CPU;INTERVAL_FAULTS,NA,NA,NA,NA,NA,NA,NA,NA,NA,NA,NA,NA,NA,NA,NA,NA,NA,NA,NA,NA,NA,NA,NA,TARGET_GONE,identity no longer active
2026-10-02T16:05:42Z,APP_21879_3030045,21879,3030045,22,1786,200.607,0,0,-1,-1,0,0.999931471,NA,NA,70.000000000,MEASURED_CPU_FAULT,CPU;INTERVAL_FAULTS,NA,NA,NA,NA,NA,NA,NA,NA,NA,NA,NA,NA,NA,NA,NA,NA,NA,NA,NA,NA,NA,NA,NA,TARGET_GONE,identity no longer active
2026-10-02T16:05:42Z,APP_21879_3030045,21879,3030045,22,1787,201.198,0,0,-1,-1,0,0.999931471,NA,NA,70.000000000,MEASURED_CPU_FAULT,CPU;INTERVAL_FAULTS,NA,NA,NA,NA,NA,NA,NA,NA,NA,NA,NA,NA,NA,NA,NA,NA,NA,NA,NA,NA,NA,NA,NA,TARGET_GONE,identity no longer active
2026-10-02T16:05:42Z,APP_21879_3030045,21879,3030045,22,1788,204.458,0,0,-1,-1,0,0.999931471,NA,NA,70.000000000,MEASURED_CPU_FAULT,CPU;INTERVAL_FAULTS,NA,NA,NA,NA,NA,NA,NA,NA,NA,NA,NA,NA,NA,NA,NA,NA,NA,NA,NA,NA,NA,NA,NA,TARGET_GONE,identity no longer active
2026-10-02T16:05:42Z,APP_21879_3030045,21879,3030045,22,1789,192.192,0,0,-1,-1,0,0.999931471,NA,NA,70.000000000,MEASURED_CPU_FAULT,CPU;INTERVAL_FAULTS,NA,NA,NA,NA,NA,NA,NA,NA,NA,NA,NA,NA,NA,NA,NA,NA,NA,NA,NA,NA,NA,NA,NA,TARGET_GONE,identity no longer active
2026-10-02T16:05:42Z,APP_21879_3030045,21879,3030045,22,1790,201.802,0,0,-1,-1,0,0.999931471,NA,NA,70.000000000,MEASURED_CPU_FAULT,CPU;INTERVAL_FAULTS,NA,NA,NA,NA,NA,NA,NA,NA,NA,NA,NA,NA,NA,NA,NA,NA,NA,NA,NA,NA,NA,NA,NA,TARGET_GONE,identity no longer active
2026-10-02T16:05:42Z,APP_21879_3030045,21879,3030045,22,1791,194.411,0,0,-1,-1,0,0.999931471,NA,NA,70.000000000,MEASURED_CPU_FAULT,CPU;INTERVAL_FAULTS,NA,NA,NA,NA,NA,NA,NA,NA,NA,NA,NA,NA,NA,NA,NA,NA,NA,NA,NA,NA,NA,NA,NA,TARGET_GONE,identity no longer active
2026-10-02T16:05:42Z,APP_21879_3030045,21879,3030045,22,1792,201.802,0,0,-1,-1,0,0.999931471,NA,NA,70.000000000,MEASURED_CPU_FAULT,CPU;INTERVAL_FAULTS,NA,NA,NA,NA,NA,NA,NA,NA,NA,NA,NA,NA,NA,NA,NA,NA,NA,NA,NA,NA,NA,NA,NA,TARGET_GONE,identity no longer active
2026-10-02T16:05:42Z,APP_21879_3030045,21879,3030045,22,1793,201.179,0,0,-1,-1,0,0.999931471,NA,NA,70.000000000,MEASURED_CPU_FAULT,CPU;INTERVAL_FAULTS,NA,NA,NA,NA,NA,NA,NA,NA,NA,NA,NA,NA,NA,NA,NA,NA,NA,NA,NA,NA,NA,NA,NA,TARGET_GONE,identity no longer active
2026-10-02T16:05:43Z,APP_21879_3030045,21879,3030045,22,1794,201.802,0,0,-1,-1,0,0.999931471,NA,NA,70.000000000,MEASURED_CPU_FAULT,CPU;INTERVAL_FAULTS,NA,NA,NA,NA,NA,NA,NA,NA,NA,NA,NA,NA,NA,NA,NA,NA,NA,NA,NA,NA,NA,NA,NA,TARGET_GONE,identity no longer active
2026-10-02T16:05:43Z,APP_21879_3030045,21879,3030045,22,1795,194.135,0,0,-1,-1,0,0.999931471,NA,NA,70.000000000,MEASURED_CPU_FAULT,CPU;INTERVAL_FAULTS,NA,NA,NA,NA,NA,NA,NA,NA,NA,NA,NA,NA,NA,NA,NA,NA,NA,NA,NA,NA,NA,NA,NA,TARGET_GONE,identity no longer active
2026-10-02T16:05:43Z,APP_21879_3030045,21879,3030045,22,1796,201.802,0,0,-1,-1,0,0.999931471,NA,NA,70.000000000,MEASURED_CPU_FAULT,CPU;INTERVAL_FAULTS,NA,NA,NA,NA,NA,NA,NA,NA,NA,NA,NA,NA,NA,NA,NA,NA,NA,NA,NA,NA,NA,NA,NA,TARGET_GONE,identity no longer active
2026-10-02T16:05:43Z,APP_21879_3030045,21879,3030045,22,1797,200.583,0,0,-1,-1,0,0.999931471,NA,NA,70.000000000,MEASURED_CPU_FAULT,CPU;INTERVAL_FAULTS,NA,NA,NA,NA,NA,NA,NA,NA,NA,NA,NA,NA,NA,NA,NA,NA,NA,NA,NA,NA,NA,NA,NA,TARGET_GONE,identity no longer active
2026-10-02T16:05:43Z,APP_21879_3030045,21879,3030045,22,1798,210.778,0,0,-1,-1,0,0.999931471,NA,NA,70.000000000,MEASURED_CPU_FAULT,CPU;INTERVAL_FAULTS,NA,NA,NA,NA,NA,NA,NA,NA,NA,NA,NA,NA,NA,NA,NA,NA,NA,NA,NA,NA,NA,NA,NA,TARGET_GONE,identity no longer active
2026-10-02T16:05:43Z,APP_21879_3030045,21879,3030045,22,1799,201.499,0,0,-1,-1,0,0.999931471,NA,NA,70.000000000,MEASURED_CPU_FAULT,CPU;INTERVAL_FAULTS,NA,NA,NA,NA,NA,NA,NA,NA,NA,NA,NA,NA,NA,NA,NA,NA,NA,NA,NA,NA,NA,NA,NA,TARGET_GONE,identity no longer active
2026-10-02T16:05:43Z,APP_21879_3030045,21879,3030045,22,1800,194.411,0,0,-1,-1,0,0.999931471,NA,NA,70.000000000,MEASURED_CPU_FAULT,CPU;INTERVAL_FAULTS,NA,NA,NA,NA,NA,NA,NA,NA,NA,NA,NA,NA,NA,NA,NA,NA,NA,NA,NA,NA,NA,NA,NA,TARGET_GONE,identity no longer active
2026-10-02T16:05:43Z,APP_21879_3030045,21879,3030045,22,1801,201.499,0,0,-1,-1,0,0.999931471,NA,NA,70.000000000,MEASURED_CPU_FAULT,CPU;INTERVAL_FAULTS,NA,NA,NA,NA,NA,NA,NA,NA,NA,NA,NA,NA,NA,NA,NA,NA,NA,NA,NA,NA,NA,NA,NA,TARGET_GONE,identity no longer active
2026-10-02T16:05:44Z,APP_21879_3030045,21879,3030045,22,1802,201.258,0,0,-1,-1,0,0.999931471,NA,NA,70.000000000,MEASURED_CPU_FAULT,CPU;INTERVAL_FAULTS,NA,NA,NA,NA,NA,NA,NA,NA,NA,NA,NA,NA,NA,NA,NA,NA,NA,NA,NA,NA,NA,NA,NA,TARGET_GONE,identity no longer active
2026-10-02T16:05:44Z,APP_21879_3030045,21879,3030045,22,1803,201.499,0,0,-1,-1,0,0.999931471,NA,NA,70.000000000,MEASURED_CPU_FAULT,CPU;INTERVAL_FAULTS,NA,NA,NA,NA,NA,NA,NA,NA,NA,NA,NA,NA,NA,NA,NA,NA,NA,NA,NA,NA,NA,NA,NA,TARGET_GONE,identity no longer active
2026-10-02T16:05:44Z,APP_21879_3030045,21879,3030045,22,1804,204.325,0,0,-1,-1,0,0.999931471,NA,NA,70.000000000,MEASURED_CPU_FAULT,CPU;INTERVAL_FAULTS,NA,NA,NA,NA,NA,NA,NA,NA,NA,NA,NA,NA,NA,NA,NA,NA,NA,NA,NA,NA,NA,NA,NA,TARGET_GONE,identity no longer active
2026-10-02T16:05:44Z,APP_21879_3030045,21879,3030045,22,1805,192.192,0,0,-1,-1,0,0.999931471,NA,NA,70.000000000,MEASURED_CPU_FAULT,CPU;INTERVAL_FAULTS,NA,NA,NA,NA,NA,NA,NA,NA,NA,NA,NA,NA,NA,NA,NA,NA,NA,NA,NA,NA,NA,NA,NA,TARGET_GONE,identity no longer active
2026-10-02T16:05:44Z,APP_21879_3030045,21879,3030045,22,1806,202.423,0,0,-1,-1,0,0.999931471,NA,NA,70.000000000,MEASURED_CPU_FAULT,CPU;INTERVAL_FAULTS,NA,NA,NA,NA,NA,NA,NA,NA,NA,NA,NA,NA,NA,NA,NA,NA,NA,NA,NA,NA,NA,NA,NA,TARGET_GONE,identity no longer active
2026-10-02T16:05:44Z,APP_21879_3030045,21879,3030045,22,1807,191.617,0,0,-1,-1,0,0.999931471,NA,NA,70.000000000,MEASURED_CPU_FAULT,CPU;INTERVAL_FAULTS,NA,NA,NA,NA,NA,NA,NA,NA,NA,NA,NA,NA,NA,NA,NA,NA,NA,NA,NA,NA,NA,NA,NA,TARGET_GONE,identity no longer active
2026-10-02T16:05:44Z,APP_21879_3030045,21879,3030045,22,1808,201.499,0,0,-1,-1,0,0.999931471,NA,NA,70.000000000,MEASURED_CPU_FAULT,CPU;INTERVAL_FAULTS,NA,NA,NA,NA,NA,NA,NA,NA,NA,NA,NA,NA,NA,NA,NA,NA,NA,NA,NA,NA,NA,NA,NA,TARGET_GONE,identity no longer active
2026-10-02T16:05:44Z,APP_21879_3030045,21879,3030045,22,1809,199.005,0,0,-1,-1,0,0.999931471,NA,NA,70.000000000,MEASURED_CPU_FAULT,CPU;INTERVAL_FAULTS,NA,NA,NA,NA,NA,NA,NA,NA,NA,NA,NA,NA,NA,NA,NA,NA,NA,NA,NA,NA,NA,NA,NA,TARGET_GONE,identity no longer active
2026-10-02T16:05:45Z,APP_21879_3030045,21879,3030045,22,1810,201.802,0,0,-1,-1,0,0.999931471,NA,NA,70.000000000,MEASURED_CPU_FAULT,CPU;INTERVAL_FAULTS,NA,NA,NA,NA,NA,NA,NA,NA,NA,NA,NA,NA,NA,NA,NA,NA,NA,NA,NA,NA,NA,NA,NA,TARGET_GONE,identity no longer active
2026-10-02T16:05:45Z,APP_21879_3030045,21879,3030045,22,1811,200.607,0,0,-1,-1,0,0.999931471,NA,NA,70.000000000,MEASURED_CPU_FAULT,CPU;INTERVAL_FAULTS,NA,NA,NA,NA,NA,NA,NA,NA,NA,NA,NA,NA,NA,NA,NA,NA,NA,NA,NA,NA,NA,NA,NA,TARGET_GONE,identity no longer active
2026-10-02T16:05:45Z,APP_21879_3030045,21879,3030045,22,1812,201.198,0,0,-1,-1,0,0.999931471,NA,NA,70.000000000,MEASURED_CPU_FAULT,CPU;INTERVAL_FAULTS,NA,NA,NA,NA,NA,NA,NA,NA,NA,NA,NA,NA,NA,NA,NA,NA,NA,NA,NA,NA,NA,NA,NA,TARGET_GONE,identity no longer active
2026-10-02T16:05:45Z,APP_21879_3030045,21879,3030045,22,1813,201.013,0,0,-1,-1,0,0.999931471,NA,NA,70.000000000,MEASURED_CPU_FAULT,CPU;INTERVAL_FAULTS,NA,NA,NA,NA,NA,NA,NA,NA,NA,NA,NA,NA,NA,NA,NA,NA,NA,NA,NA,NA,NA,NA,NA,TARGET_GONE,identity no longer active
2026-10-02T16:05:45Z,APP_21879_3030045,21879,3030045,22,1814,201.499,0,0,-1,-1,0,0.999931471,NA,NA,70.000000000,MEASURED_CPU_FAULT,CPU;INTERVAL_FAULTS,NA,NA,NA,NA,NA,NA,NA,NA,NA,NA,NA,NA,NA,NA,NA,NA,NA,NA,NA,NA,NA,NA,NA,TARGET_GONE,identity no longer active
2026-10-02T16:05:45Z,APP_21879_3030045,21879,3030045,22,1815,199.740,0,0,-1,-1,0,0.999931471,NA,NA,70.000000000,MEASURED_CPU_FAULT,CPU;INTERVAL_FAULTS,NA,NA,NA,NA,NA,NA,NA,NA,NA,NA,NA,NA,NA,NA,NA,NA,NA,NA,NA,NA,NA,NA,NA,TARGET_GONE,identity no longer active
2026-10-02T16:05:45Z,APP_21879_3030045,21879,3030045,22,1816,192.771,0,0,-1,-1,0,0.999931471,NA,NA,70.000000000,MEASURED_CPU_FAULT,CPU;INTERVAL_FAULTS,NA,NA,NA,NA,NA,NA,NA,NA,NA,NA,NA,NA,NA,NA,NA,NA,NA,NA,NA,NA,NA,NA,NA,TARGET_GONE,identity no longer active
2026-10-02T16:05:45Z,APP_21879_3030045,21879,3030045,22,1817,201.499,0,0,-1,-1,0,0.999931471,NA,NA,70.000000000,MEASURED_CPU_FAULT,CPU;INTERVAL_FAULTS,NA,NA,NA,NA,NA,NA,NA,NA,NA,NA,NA,NA,NA,NA,NA,NA,NA,NA,NA,NA,NA,NA,NA,TARGET_GONE,identity no longer active
2026-10-02T16:05:46Z,APP_21879_3030045,21879,3030045,22,1818,194.175,0,0,-1,-1,0,0.999931471,NA,NA,70.000000000,MEASURED_CPU_FAULT,CPU;INTERVAL_FAULTS,NA,NA,NA,NA,NA,NA,NA,NA,NA,NA,NA,NA,NA,NA,NA,NA,NA,NA,NA,NA,NA,NA,NA,TARGET_GONE,identity no longer active
2026-10-02T16:05:46Z,APP_21879_3030045,21879,3030045,22,1819,201.499,0,0,-1,-1,0,0.999931471,NA,NA,70.000000000,MEASURED_CPU_FAULT,CPU;INTERVAL_FAULTS,NA,NA,NA,NA,NA,NA,NA,NA,NA,NA,NA,NA,NA,NA,NA,NA,NA,NA,NA,NA,NA,NA,NA,TARGET_GONE,identity no longer active
2026-10-02T16:05:46Z,APP_21879_3030045,21879,3030045,22,1820,200.607,0,0,-1,-1,0,0.999931471,NA,NA,70.000000000,MEASURED_CPU_FAULT,CPU;INTERVAL_FAULTS,NA,NA,NA,NA,NA,NA,NA,NA,NA,NA,NA,NA,NA,NA,NA,NA,NA,NA,NA,NA,NA,NA,NA,TARGET_GONE,identity no longer active
2026-10-02T16:05:46Z,APP_21879_3030045,21879,3030045,22,1821,201.499,0,0,-1,-1,0,0.999931471,NA,NA,70.000000000,MEASURED_CPU_FAULT,CPU;INTERVAL_FAULTS,NA,NA,NA,NA,NA,NA,NA,NA,NA,NA,NA,NA,NA,NA,NA,NA,NA,NA,NA,NA,NA,NA,NA,TARGET_GONE,identity no longer active
2026-10-02T16:05:46Z,APP_21879_3030045,21879,3030045,22,1822,200.607,0,0,-1,-1,0,0.999931471,NA,NA,70.000000000,MEASURED_CPU_FAULT,CPU;INTERVAL_FAULTS,NA,NA,NA,NA,NA,NA,NA,NA,NA,NA,NA,NA,NA,NA,NA,NA,NA,NA,NA,NA,NA,NA,NA,TARGET_GONE,identity no longer active
2026-10-02T16:05:46Z,APP_21879_3030045,21879,3030045,22,1823,201.499,0,0,-1,-1,0,0.999931471,NA,NA,70.000000000,MEASURED_CPU_FAULT,CPU;INTERVAL_FAULTS,NA,NA,NA,NA,NA,NA,NA,NA,NA,NA,NA,NA,NA,NA,NA,NA,NA,NA,NA,NA,NA,NA,NA,TARGET_GONE,identity no longer active
2026-10-02T16:05:46Z,APP_21879_3030045,21879,3030045,22,1824,202.559,0,0,-1,-1,0,0.999931471,NA,NA,70.000000000,MEASURED_CPU_FAULT,CPU;INTERVAL_FAULTS,NA,NA,NA,NA,NA,NA,NA,NA,NA,NA,NA,NA,NA,NA,NA,NA,NA,NA,NA,NA,NA,NA,NA,TARGET_GONE,identity no longer active
2026-10-02T16:05:46Z,APP_21879_3030045,21879,3030045,22,1825,191.617,0,0,-1,-1,0,0.999931471,NA,NA,70.000000000,MEASURED_CPU_FAULT,CPU;INTERVAL_FAULTS,NA,NA,NA,NA,NA,NA,NA,NA,NA,NA,NA,NA,NA,NA,NA,NA,NA,NA,NA,NA,NA,NA,NA,TARGET_GONE,identity no longer active
2026-10-02T16:05:47Z,APP_21879_3030045,21879,3030045,22,1826,201.802,0,0,-1,-1,0,0.999931471,NA,NA,70.000000000,MEASURED_CPU_FAULT,CPU;INTERVAL_FAULTS,NA,NA,NA,NA,NA,NA,NA,NA,NA,NA,NA,NA,NA,NA,NA,NA,NA,NA,NA,NA,NA,NA,NA,TARGET_GONE,identity no longer active
2026-10-02T16:05:47Z,APP_21879_3030045,21879,3030045,22,1827,194.647,0,0,-1,-1,0,0.999931471,NA,NA,70.000000000,MEASURED_CPU_FAULT,CPU;INTERVAL_FAULTS,NA,NA,NA,NA,NA,NA,NA,NA,NA,NA,NA,NA,NA,NA,NA,NA,NA,NA,NA,NA,NA,NA,NA,TARGET_GONE,identity no longer active
2026-10-02T16:05:47Z,APP_21879_3030045,21879,3030045,22,1828,201.499,0,0,-1,-1,0,0.999931471,NA,NA,70.000000000,MEASURED_CPU_FAULT,CPU;INTERVAL_FAULTS,NA,NA,NA,NA,NA,NA,NA,NA,NA,NA,NA,NA,NA,NA,NA,NA,NA,NA,NA,NA,NA,NA,NA,TARGET_GONE,identity no longer active
2026-10-02T16:05:47Z,APP_21879_3030045,21879,3030045,22,1829,200.810,0,0,-1,-1,0,0.999931471,NA,NA,70.000000000,MEASURED_CPU_FAULT,CPU;INTERVAL_FAULTS,NA,NA,NA,NA,NA,NA,NA,NA,NA,NA,NA,NA,NA,NA,NA,NA,NA,NA,NA,NA,NA,NA,NA,TARGET_GONE,identity no longer active
2026-10-02T16:05:47Z,APP_21879_3030045,21879,3030045,22,1830,201.499,0,0,-1,-1,0,0.999931471,NA,NA,70.000000000,MEASURED_CPU_FAULT,CPU;INTERVAL_FAULTS,NA,NA,NA,NA,NA,NA,NA,NA,NA,NA,NA,NA,NA,NA,NA,NA,NA,NA,NA,NA,NA,NA,NA,TARGET_GONE,identity no longer active
2026-10-02T16:05:47Z,APP_21879_3030045,21879,3030045,22,1831,200.607,0,0,-1,-1,0,0.999931471,NA,NA,70.000000000,MEASURED_CPU_FAULT,CPU;INTERVAL_FAULTS,NA,NA,NA,NA,NA,NA,NA,NA,NA,NA,NA,NA,NA,NA,NA,NA,NA,NA,NA,NA,NA,NA,NA,TARGET_GONE,identity no longer active
2026-10-02T16:05:47Z,APP_21879_3030045,21879,3030045,22,1832,191.617,0,0,-1,-1,0,0.999931471,NA,NA,70.000000000,MEASURED_CPU_FAULT,CPU;INTERVAL_FAULTS,NA,NA,NA,NA,NA,NA,NA,NA,NA,NA,NA,NA,NA,NA,NA,NA,NA,NA,NA,NA,NA,NA,NA,TARGET_GONE,identity no longer active
2026-10-02T16:05:48Z,APP_21879_3030045,21879,3030045,22,1833,201.186,0,0,-1,-1,0,0.999931471,NA,NA,70.000000000,MEASURED_CPU_FAULT,CPU;INTERVAL_FAULTS,NA,NA,NA,NA,NA,NA,NA,NA,NA,NA,NA,NA,NA,NA,NA,NA,NA,NA,NA,NA,NA,NA,NA,TARGET_GONE,identity no longer active
2026-10-02T16:05:48Z,APP_21879_3030045,21879,3030045,22,1834,204.800,0,0,-1,-1,0,0.999931471,NA,NA,70.000000000,MEASURED_CPU_FAULT,CPU;INTERVAL_FAULTS,NA,NA,NA,NA,NA,NA,NA,NA,NA,NA,NA,NA,NA,NA,NA,NA,NA,NA,NA,NA,NA,NA,NA,TARGET_GONE,identity no longer active
2026-10-02T16:05:48Z,APP_21879_3030045,21879,3030045,22,1835,201.198,0,0,-1,-1,0,0.999931471,NA,NA,70.000000000,MEASURED_CPU_FAULT,CPU;INTERVAL_FAULTS,NA,NA,NA,NA,NA,NA,NA,NA,NA,NA,NA,NA,NA,NA,NA,NA,NA,NA,NA,NA,NA,NA,NA,TARGET_GONE,identity no longer active
2026-10-02T16:05:48Z,APP_21879_3030045,21879,3030045,22,1836,195.719,0,0,-1,-1,0,0.999931471,NA,NA,70.000000000,MEASURED_CPU_FAULT,CPU;INTERVAL_FAULTS,NA,NA,NA,NA,NA,NA,NA,NA,NA,NA,NA,NA,NA,NA,NA,NA,NA,NA,NA,NA,NA,NA,NA,TARGET_GONE,identity no longer active
2026-10-02T16:05:48Z,APP_21879_3030045,21879,3030045,22,1837,210.778,0,0,-1,-1,0,0.999931471,NA,NA,70.000000000,MEASURED_CPU_FAULT,CPU;INTERVAL_FAULTS,NA,NA,NA,NA,NA,NA,NA,NA,NA,NA,NA,NA,NA,NA,NA,NA,NA,NA,NA,NA,NA,NA,NA,TARGET_GONE,identity no longer active
2026-10-02T16:05:48Z,APP_21879_3030045,21879,3030045,22,1838,194.135,0,0,-1,-1,0,0.999931471,NA,NA,70.000000000,MEASURED_CPU_FAULT,CPU;INTERVAL_FAULTS,NA,NA,NA,NA,NA,NA,NA,NA,NA,NA,NA,NA,NA,NA,NA,NA,NA,NA,NA,NA,NA,NA,NA,TARGET_GONE,identity no longer active
2026-10-02T16:05:48Z,APP_21879_3030045,21879,3030045,22,1839,201.499,0,0,-1,-1,0,0.999931471,NA,NA,70.000000000,MEASURED_CPU_FAULT,CPU;INTERVAL_FAULTS,NA,NA,NA,NA,NA,NA,NA,NA,NA,NA,NA,NA,NA,NA,NA,NA,NA,NA,NA,NA,NA,NA,NA,TARGET_GONE,identity no longer active
2026-10-02T16:05:48Z,APP_21879_3030045,21879,3030045,22,1840,200.607,0,0,-1,-1,0,0.999931471,NA,NA,70.000000000,MEASURED_CPU_FAULT,CPU;INTERVAL_FAULTS,NA,NA,NA,NA,NA,NA,NA,NA,NA,NA,NA,NA,NA,NA,NA,NA,NA,NA,NA,NA,NA,NA,NA,TARGET_GONE,identity no longer active
2026-10-02T16:05:48Z,APP_21879_3030045,21879,3030045,22,1841,201.499,0,0,-1,-1,0,0.999931471,NA,NA,70.000000000,MEASURED_CPU_FAULT,CPU;INTERVAL_FAULTS,NA,NA,NA,NA,NA,NA,NA,NA,NA,NA,NA,NA,NA,NA,NA,NA,NA,NA,NA,NA,NA,NA,NA,TARGET_GONE,identity no longer active
2026-10-02T16:05:49Z,APP_21879_3030045,21879,3030045,22,1842,202.062,0,0,-1,-1,0,0.999931471,NA,NA,70.000000000,MEASURED_CPU_FAULT,CPU;INTERVAL_FAULTS,NA,NA,NA,NA,NA,NA,NA,NA,NA,NA,NA,NA,NA,NA,NA,NA,NA,NA,NA,NA,NA,NA,NA,TARGET_GONE,identity no longer active
2026-10-02T16:05:49Z,APP_21879_3030045,21879,3030045,22,1843,192.385,0,0,-1,-1,0,0.999931471,NA,NA,70.000000000,MEASURED_CPU_FAULT,CPU;INTERVAL_FAULTS,NA,NA,NA,NA,NA,NA,NA,NA,NA,NA,NA,NA,NA,NA,NA,NA,NA,NA,NA,NA,NA,NA,NA,TARGET_GONE,identity no longer active
2026-10-02T16:05:49Z,APP_21879_3030045,21879,3030045,22,1844,201.499,0,0,-1,-1,0,0.999931471,NA,NA,70.000000000,MEASURED_CPU_FAULT,CPU;INTERVAL_FAULTS,NA,NA,NA,NA,NA,NA,NA,NA,NA,NA,NA,NA,NA,NA,NA,NA,NA,NA,NA,NA,NA,NA,NA,TARGET_GONE,identity no longer active
2026-10-02T16:05:49Z,APP_21879_3030045,21879,3030045,22,1845,200.284,0,0,-1,-1,0,0.999931471,NA,NA,70.000000000,MEASURED_CPU_FAULT,CPU;INTERVAL_FAULTS,NA,NA,NA,NA,NA,NA,NA,NA,NA,NA,NA,NA,NA,NA,NA,NA,NA,NA,NA,NA,NA,NA,NA,TARGET_GONE,identity no longer active
2026-10-02T16:05:49Z,APP_21879_3030045,21879,3030045,22,1846,201.499,0,0,-1,-1,0,0.999931471,NA,NA,70.000000000,MEASURED_CPU_FAULT,CPU;INTERVAL_FAULTS,NA,NA,NA,NA,NA,NA,NA,NA,NA,NA,NA,NA,NA,NA,NA,NA,NA,NA,NA,NA,NA,NA,NA,TARGET_GONE,identity no longer active
2026-10-02T16:05:49Z,APP_21879_3030045,21879,3030045,22,1847,197.734,0,0,-1,-1,0,0.999931471,NA,NA,70.000000000,MEASURED_CPU_FAULT,CPU;INTERVAL_FAULTS,NA,NA,NA,NA,NA,NA,NA,NA,NA,NA,NA,NA,NA,NA,NA,NA,NA,NA,NA,NA,NA,NA,NA,TARGET_GONE,identity no longer active
2026-10-02T16:05:49Z,APP_21879_3030045,21879,3030045,22,1848,202.105,0,0,-1,-1,0,0.999931471,NA,NA,70.000000000,MEASURED_CPU_FAULT,CPU;INTERVAL_FAULTS,NA,NA,NA,NA,NA,NA,NA,NA,NA,NA,NA,NA,NA,NA,NA,NA,NA,NA,NA,NA,NA,NA,NA,TARGET_GONE,identity no longer active
2026-10-02T16:05:50Z,APP_21879_3030045,21879,3030045,22,1849,197.328,0,0,-1,-1,0,0.999931471,NA,NA,70.000000000,MEASURED_CPU_FAULT,CPU;INTERVAL_FAULTS,NA,NA,NA,NA,NA,NA,NA,NA,NA,NA,NA,NA,NA,NA,NA,NA,NA,NA,NA,NA,NA,NA,NA,TARGET_GONE,identity no longer active
2026-10-02T16:05:50Z,APP_21879_3030045,21879,3030045,22,1850,201.802,0,0,-1,-1,0,0.999931471,NA,NA,70.000000000,MEASURED_CPU_FAULT,CPU;INTERVAL_FAULTS,NA,NA,NA,NA,NA,NA,NA,NA,NA,NA,NA,NA,NA,NA,NA,NA,NA,NA,NA,NA,NA,NA,NA,TARGET_GONE,identity no longer active
2026-10-02T16:05:50Z,APP_21879_3030045,21879,3030045,22,1851,197.753,0,0,-1,-1,0,0.999931471,NA,NA,70.000000000,MEASURED_CPU_FAULT,CPU;INTERVAL_FAULTS,NA,NA,NA,NA,NA,NA,NA,NA,NA,NA,NA,NA,NA,NA,NA,NA,NA,NA,NA,NA,NA,NA,NA,TARGET_GONE,identity no longer active
2026-10-02T16:05:50Z,APP_21879_3030045,21879,3030045,22,1852,204.391,0,0,-1,-1,0,0.999931471,NA,NA,70.000000000,MEASURED_CPU_FAULT,CPU;INTERVAL_FAULTS,NA,NA,NA,NA,NA,NA,NA,NA,NA,NA,NA,NA,NA,NA,NA,NA,NA,NA,NA,NA,NA,NA,NA,TARGET_GONE,identity no longer active
2026-10-02T16:05:50Z,APP_21879_3030045,21879,3030045,22,1853,201.802,0,0,-1,-1,0,0.999931471,NA,NA,70.000000000,MEASURED_CPU_FAULT,CPU;INTERVAL_FAULTS,NA,NA,NA,NA,NA,NA,NA,NA,NA,NA,NA,NA,NA,NA,NA,NA,NA,NA,NA,NA,NA,NA,NA,TARGET_GONE,identity no longer active
2026-10-02T16:05:50Z,APP_21879_3030045,21879,3030045,22,1854,200.942,0,0,-1,-1,0,0.999931471,NA,NA,70.000000000,MEASURED_CPU_FAULT,CPU;INTERVAL_FAULTS,NA,NA,NA,NA,NA,NA,NA,NA,NA,NA,NA,NA,NA,NA,NA,NA,NA,NA,NA,NA,NA,NA,NA,TARGET_GONE,identity no longer active
2026-10-02T16:05:50Z,APP_21879_3030045,21879,3030045,22,1855,201.499,0,0,-1,-1,0,0.999931471,NA,NA,70.000000000,MEASURED_CPU_FAULT,CPU;INTERVAL_FAULTS,NA,NA,NA,NA,NA,NA,NA,NA,NA,NA,NA,NA,NA,NA,NA,NA,NA,NA,NA,NA,NA,NA,NA,TARGET_GONE,identity no longer active
2026-10-02T16:05:50Z,APP_21879_3030045,21879,3030045,22,1856,197.938,0,0,-1,-1,0,0.999931471,NA,NA,70.000000000,MEASURED_CPU_FAULT,CPU;INTERVAL_FAULTS,NA,NA,NA,NA,NA,NA,NA,NA,NA,NA,NA,NA,NA,NA,NA,NA,NA,NA,NA,NA,NA,NA,NA,TARGET_GONE,identity no longer active
2026-10-02T16:05:51Z,APP_21879_3030045,21879,3030045,22,1857,201.499,0,0,-1,-1,0,0.999931471,NA,NA,70.000000000,MEASURED_CPU_FAULT,CPU;INTERVAL_FAULTS,NA,NA,NA,NA,NA,NA,NA,NA,NA,NA,NA,NA,NA,NA,NA,NA,NA,NA,NA,NA,NA,NA,NA,TARGET_GONE,identity no longer active
2026-10-02T16:05:51Z,APP_21879_3030045,21879,3030045,22,1858,197.938,0,0,-1,-1,0,0.999931471,NA,NA,70.000000000,MEASURED_CPU_FAULT,CPU;INTERVAL_FAULTS,NA,NA,NA,NA,NA,NA,NA,NA,NA,NA,NA,NA,NA,NA,NA,NA,NA,NA,NA,NA,NA,NA,NA,TARGET_GONE,identity no longer active
2026-10-02T16:05:51Z,APP_21879_3030045,21879,3030045,22,1859,202.105,0,0,-1,-1,0,0.999931471,NA,NA,70.000000000,MEASURED_CPU_FAULT,CPU;INTERVAL_FAULTS,NA,NA,NA,NA,NA,NA,NA,NA,NA,NA,NA,NA,NA,NA,NA,NA,NA,NA,NA,NA,NA,NA,NA,TARGET_GONE,identity no longer active
2026-10-02T16:05:51Z,APP_21879_3030045,21879,3030045,22,1860,199.660,0,0,-1,-1,0,0.999931471,NA,NA,70.000000000,MEASURED_CPU_FAULT,CPU;INTERVAL_FAULTS,NA,NA,NA,NA,NA,NA,NA,NA,NA,NA,NA,NA,NA,NA,NA,NA,NA,NA,NA,NA,NA,NA,NA,TARGET_GONE,identity no longer active
2026-10-02T16:05:51Z,APP_21879_3030045,21879,3030045,22,1861,205.210,0,0,-1,-1,0,0.999931471,NA,NA,70.000000000,MEASURED_CPU_FAULT,CPU;INTERVAL_FAULTS,NA,NA,NA,NA,NA,NA,NA,NA,NA,NA,NA,NA,NA,NA,NA,NA,NA,NA,NA,NA,NA,NA,NA,TARGET_GONE,identity no longer active
2026-10-02T16:05:51Z,APP_21879_3030045,21879,3030045,22,1862,191.904,0,0,-1,-1,0,0.999931471,NA,NA,70.000000000,MEASURED_CPU_FAULT,CPU;INTERVAL_FAULTS,NA,NA,NA,NA,NA,NA,NA,NA,NA,NA,NA,NA,NA,NA,NA,NA,NA,NA,NA,NA,NA,NA,NA,TARGET_GONE,identity no longer active
2026-10-02T16:05:51Z,APP_21879_3030045,21879,3030045,22,1863,206.708,0,0,-1,-1,0,0.999931471,NA,NA,70.000000000,MEASURED_CPU_FAULT,CPU;INTERVAL_FAULTS,NA,NA,NA,NA,NA,NA,NA,NA,NA,NA,NA,NA,NA,NA,NA,NA,NA,NA,NA,NA,NA,NA,NA,TARGET_GONE,identity no longer active
2026-10-02T16:05:51Z,APP_21879_3030045,21879,3030045,22,1864,201.802,0,0,-1,-1,0,0.999931471,NA,NA,70.000000000,MEASURED_CPU_FAULT,CPU;INTERVAL_FAULTS,NA,NA,NA,NA,NA,NA,NA,NA,NA,NA,NA,NA,NA,NA,NA,NA,NA,NA,NA,NA,NA,NA,NA,TARGET_GONE,identity no longer active
2026-10-02T16:05:52Z,APP_21879_3030045,21879,3030045,22,1865,198.347,0,0,-1,-1,0,0.999931471,NA,NA,70.000000000,MEASURED_CPU_FAULT,CPU;INTERVAL_FAULTS,NA,NA,NA,NA,NA,NA,NA,NA,NA,NA,NA,NA,NA,NA,NA,NA,NA,NA,NA,NA,NA,NA,NA,TARGET_GONE,identity no longer active
2026-10-02T16:05:52Z,APP_21879_3030045,21879,3030045,22,1866,201.802,0,0,-1,-1,0,0.999931471,NA,NA,70.000000000,MEASURED_CPU_FAULT,CPU;INTERVAL_FAULTS,NA,NA,NA,NA,NA,NA,NA,NA,NA,NA,NA,NA,NA,NA,NA,NA,NA,NA,NA,NA,NA,NA,NA,TARGET_GONE,identity no longer active
2026-10-02T16:05:52Z,APP_21879_3030045,21879,3030045,22,1867,198.142,0,0,-1,-1,0,0.999931471,NA,NA,70.000000000,MEASURED_CPU_FAULT,CPU;INTERVAL_FAULTS,NA,NA,NA,NA,NA,NA,NA,NA,NA,NA,NA,NA,NA,NA,NA,NA,NA,NA,NA,NA,NA,NA,NA,TARGET_GONE,identity no longer active
2026-10-02T16:05:52Z,APP_21879_3030045,21879,3030045,22,1868,201.499,0,0,-1,-1,0,0.999931471,NA,NA,70.000000000,MEASURED_CPU_FAULT,CPU;INTERVAL_FAULTS,NA,NA,NA,NA,NA,NA,NA,NA,NA,NA,NA,NA,NA,NA,NA,NA,NA,NA,NA,NA,NA,NA,NA,TARGET_GONE,identity no longer active
2026-10-02T16:05:27Z,APP_21879_3030045,21879,3030045,23,1869,0.000,0,0,-1,-1,0,0.999931471,1,true,0.000000000,MEASURED_CPU_FAULT,CPU;INTERVAL_FAULTS,HOT,669.474315258,0.560000000,0.700000000,NA,NA,NA,NA,0.560000000,0.000000000,0.700000000,0.000000000,-1.000000000,1.232000000,NA,MOVE_THREAD,INVALID,NOT_APPLICABLE,INVALID,MOVE_THREAD,-1,-1,false,TARGET_GONE,identity no longer active
2026-10-02T16:05:28Z,APP_21879_3030045,21879,3030045,23,1870,0.000,0,0,-1,-1,0,0.999931471,NA,NA,0.000000000,MEASURED_CPU_FAULT,CPU;INTERVAL_FAULTS,NA,NA,NA,NA,NA,NA,NA,NA,NA,NA,NA,NA,NA,NA,NA,NA,NA,NA,NA,NA,NA,NA,NA,TARGET_GONE,identity no longer active
2026-10-02T16:05:28Z,APP_21879_3030045,21879,3030045,23,1871,6.934,0,0,-1,-1,0,0.999931471,NA,NA,4.853800000,MEASURED_CPU_FAULT,CPU;INTERVAL_FAULTS,NA,NA,NA,NA,NA,NA,NA,NA,NA,NA,NA,NA,NA,NA,NA,NA,NA,NA,NA,NA,NA,NA,NA,TARGET_GONE,identity no longer active
2026-10-02T16:05:28Z,APP_21879_3030045,21879,3030045,23,1872,0.000,0,0,-1,-1,0,0.999931471,NA,NA,0.000000000,MEASURED_CPU_FAULT,CPU;INTERVAL_FAULTS,NA,NA,NA,NA,NA,NA,NA,NA,NA,NA,NA,NA,NA,NA,NA,NA,NA,NA,NA,NA,NA,NA,NA,TARGET_GONE,identity no longer active
2026-10-02T16:05:28Z,APP_21879_3030045,21879,3030045,23,1873,0.000,0,0,-1,-1,0,0.999931471,NA,NA,0.000000000,MEASURED_CPU_FAULT,CPU;INTERVAL_FAULTS,NA,NA,NA,NA,NA,NA,NA,NA,NA,NA,NA,NA,NA,NA,NA,NA,NA,NA,NA,NA,NA,NA,NA,TARGET_GONE,identity no longer active
2026-10-02T16:05:28Z,APP_21879_3030045,21879,3030045,23,1874,0.000,0,0,-1,-1,0,0.999931471,NA,NA,0.000000000,MEASURED_CPU_FAULT,CPU;INTERVAL_FAULTS,NA,NA,NA,NA,NA,NA,NA,NA,NA,NA,NA,NA,NA,NA,NA,NA,NA,NA,NA,NA,NA,NA,NA,TARGET_GONE,identity no longer active
2026-10-02T16:05:28Z,APP_21879_3030045,21879,3030045,23,1875,0.000,0,0,-1,-1,0,0.999931471,NA,NA,0.000000000,MEASURED_CPU_FAULT,CPU;INTERVAL_FAULTS,NA,NA,NA,NA,NA,NA,NA,NA,NA,NA,NA,NA,NA,NA,NA,NA,NA,NA,NA,NA,NA,NA,NA,TARGET_GONE,identity no longer active
2026-10-02T16:05:29Z,APP_21879_3030045,21879,3030045,23,1876,0.000,0,0,-1,-1,0,0.999931471,NA,NA,0.000000000,MEASURED_CPU_FAULT,CPU;INTERVAL_FAULTS,NA,NA,NA,NA,NA,NA,NA,NA,NA,NA,NA,NA,NA,NA,NA,NA,NA,NA,NA,NA,NA,NA,NA,TARGET_GONE,identity no longer active
2026-10-02T16:05:29Z,APP_21879_3030045,21879,3030045,23,1877,95.238,0,0,-1,-1,0,0.999931471,NA,NA,66.666600000,MEASURED_CPU_FAULT,CPU;INTERVAL_FAULTS,NA,NA,NA,NA,NA,NA,NA,NA,NA,NA,NA,NA,NA,NA,NA,NA,NA,NA,NA,NA,NA,NA,NA,TARGET_GONE,identity no longer active
2026-10-02T16:05:29Z,APP_21879_3030045,21879,3030045,23,1878,201.802,0,0,-1,-1,0,0.999931471,NA,NA,70.000000000,MEASURED_CPU_FAULT,CPU;INTERVAL_FAULTS,NA,NA,NA,NA,NA,NA,NA,NA,NA,NA,NA,NA,NA,NA,NA,NA,NA,NA,NA,NA,NA,NA,NA,TARGET_GONE,identity no longer active
2026-10-02T16:05:29Z,APP_21879_3030045,21879,3030045,23,1879,198.650,0,0,-1,-1,0,0.999931471,NA,NA,70.000000000,MEASURED_CPU_FAULT,CPU;INTERVAL_FAULTS,NA,NA,NA,NA,NA,NA,NA,NA,NA,NA,NA,NA,NA,NA,NA,NA,NA,NA,NA,NA,NA,NA,NA,TARGET_GONE,identity no longer active
2026-10-02T16:05:29Z,APP_21879_3030045,21879,3030045,23,1880,201.198,0,0,-1,-1,0,0.999931471,NA,NA,70.000000000,MEASURED_CPU_FAULT,CPU;INTERVAL_FAULTS,NA,NA,NA,NA,NA,NA,NA,NA,NA,NA,NA,NA,NA,NA,NA,NA,NA,NA,NA,NA,NA,NA,NA,TARGET_GONE,identity no longer active
2026-10-02T16:05:29Z,APP_21879_3030045,21879,3030045,23,1881,202.230,0,0,-1,-1,0,0.999931471,NA,NA,70.000000000,MEASURED_CPU_FAULT,CPU;INTERVAL_FAULTS,NA,NA,NA,NA,NA,NA,NA,NA,NA,NA,NA,NA,NA,NA,NA,NA,NA,NA,NA,NA,NA,NA,NA,TARGET_GONE,identity no longer active
2026-10-02T16:05:29Z,APP_21879_3030045,21879,3030045,23,1882,191.617,0,0,-1,-1,0,0.999931471,NA,NA,70.000000000,MEASURED_CPU_FAULT,CPU;INTERVAL_FAULTS,NA,NA,NA,NA,NA,NA,NA,NA,NA,NA,NA,NA,NA,NA,NA,NA,NA,NA,NA,NA,NA,NA,NA,TARGET_GONE,identity no longer active
2026-10-02T16:05:29Z,APP_21879_3030045,21879,3030045,23,1883,202.043,0,0,-1,-1,0,0.999931471,NA,NA,70.000000000,MEASURED_CPU_FAULT,CPU;INTERVAL_FAULTS,NA,NA,NA,NA,NA,NA,NA,NA,NA,NA,NA,NA,NA,NA,NA,NA,NA,NA,NA,NA,NA,NA,NA,TARGET_GONE,identity no longer active
2026-10-02T16:05:30Z,APP_21879_3030045,21879,3030045,23,1884,201.198,0,0,-1,-1,0,0.999931471,NA,NA,70.000000000,MEASURED_CPU_FAULT,CPU;INTERVAL_FAULTS,NA,NA,NA,NA,NA,NA,NA,NA,NA,NA,NA,NA,NA,NA,NA,NA,NA,NA,NA,NA,NA,NA,NA,TARGET_GONE,identity no longer active
2026-10-02T16:05:30Z,APP_21879_3030045,21879,3030045,23,1885,197.280,0,0,-1,-1,0,0.999931471,NA,NA,70.000000000,MEASURED_CPU_FAULT,CPU;INTERVAL_FAULTS,NA,NA,NA,NA,NA,NA,NA,NA,NA,NA,NA,NA,NA,NA,NA,NA,NA,NA,NA,NA,NA,NA,NA,TARGET_GONE,identity no longer active
2026-10-02T16:05:30Z,APP_21879_3030045,21879,3030045,23,1886,210.778,0,0,-1,-1,0,0.999931471,NA,NA,70.000000000,MEASURED_CPU_FAULT,CPU;INTERVAL_FAULTS,NA,NA,NA,NA,NA,NA,NA,NA,NA,NA,NA,NA,NA,NA,NA,NA,NA,NA,NA,NA,NA,NA,NA,TARGET_GONE,identity no longer active
2026-10-02T16:05:30Z,APP_21879_3030045,21879,3030045,23,1887,191.904,0,0,-1,-1,0,0.999931471,NA,NA,70.000000000,MEASURED_CPU_FAULT,CPU;INTERVAL_FAULTS,NA,NA,NA,NA,NA,NA,NA,NA,NA,NA,NA,NA,NA,NA,NA,NA,NA,NA,NA,NA,NA,NA,NA,TARGET_GONE,identity no longer active
2026-10-02T16:05:30Z,APP_21879_3030045,21879,3030045,23,1888,205.714,0,0,-1,-1,0,0.999931471,NA,NA,70.000000000,MEASURED_CPU_FAULT,CPU;INTERVAL_FAULTS,NA,NA,NA,NA,NA,NA,NA,NA,NA,NA,NA,NA,NA,NA,NA,NA,NA,NA,NA,NA,NA,NA,NA,TARGET_GONE,identity no longer active
2026-10-02T16:05:30Z,APP_21879_3030045,21879,3030045,23,1889,201.198,0,0,-1,-1,0,0.999931471,NA,NA,70.000000000,MEASURED_CPU_FAULT,CPU;INTERVAL_FAULTS,NA,NA,NA,NA,NA,NA,NA,NA,NA,NA,NA,NA,NA,NA,NA,NA,NA,NA,NA,NA,NA,NA,NA,TARGET_GONE,identity no longer active
2026-10-02T16:05:30Z,APP_21879_3030045,21879,3030045,23,1890,196.648,0,0,-1,-1,0,0.999931471,NA,NA,70.000000000,MEASURED_CPU_FAULT,CPU;INTERVAL_FAULTS,NA,NA,NA,NA,NA,NA,NA,NA,NA,NA,NA,NA,NA,NA,NA,NA,NA,NA,NA,NA,NA,NA,NA,TARGET_GONE,identity no longer active
2026-10-02T16:05:30Z,APP_21879_3030045,21879,3030045,23,1891,201.499,0,0,-1,-1,0,0.999931471,NA,NA,70.000000000,MEASURED_CPU_FAULT,CPU;INTERVAL_FAULTS,NA,NA,NA,NA,NA,NA,NA,NA,NA,NA,NA,NA,NA,NA,NA,NA,NA,NA,NA,NA,NA,NA,NA,TARGET_GONE,identity no longer active
2026-10-02T16:05:31Z,APP_21879_3030045,21879,3030045,23,1892,202.772,0,0,-1,-1,0,0.999931471,NA,NA,70.000000000,MEASURED_CPU_FAULT,CPU;INTERVAL_FAULTS,NA,NA,NA,NA,NA,NA,NA,NA,NA,NA,NA,NA,NA,NA,NA,NA,NA,NA,NA,NA,NA,NA,NA,TARGET_GONE,identity no longer active
2026-10-02T16:05:31Z,APP_21879_3030045,21879,3030045,23,1893,201.499,0,0,-1,-1,0,0.999931471,NA,NA,70.000000000,MEASURED_CPU_FAULT,CPU;INTERVAL_FAULTS,NA,NA,NA,NA,NA,NA,NA,NA,NA,NA,NA,NA,NA,NA,NA,NA,NA,NA,NA,NA,NA,NA,NA,TARGET_GONE,identity no longer active
2026-10-02T16:05:31Z,APP_21879_3030045,21879,3030045,23,1894,195.918,0,0,-1,-1,0,0.999931471,NA,NA,70.000000000,MEASURED_CPU_FAULT,CPU;INTERVAL_FAULTS,NA,NA,NA,NA,NA,NA,NA,NA,NA,NA,NA,NA,NA,NA,NA,NA,NA,NA,NA,NA,NA,NA,NA,TARGET_GONE,identity no longer active
2026-10-02T16:05:31Z,APP_21879_3030045,21879,3030045,23,1895,211.411,0,0,-1,-1,0,0.999931471,NA,NA,70.000000000,MEASURED_CPU_FAULT,CPU;INTERVAL_FAULTS,NA,NA,NA,NA,NA,NA,NA,NA,NA,NA,NA,NA,NA,NA,NA,NA,NA,NA,NA,NA,NA,NA,NA,TARGET_GONE,identity no longer active
2026-10-02T16:05:31Z,APP_21879_3030045,21879,3030045,23,1896,201.499,0,0,-1,-1,0,0.999931471,NA,NA,70.000000000,MEASURED_CPU_FAULT,CPU;INTERVAL_FAULTS,NA,NA,NA,NA,NA,NA,NA,NA,NA,NA,NA,NA,NA,NA,NA,NA,NA,NA,NA,NA,NA,NA,NA,TARGET_GONE,identity no longer active
2026-10-02T16:05:31Z,APP_21879_3030045,21879,3030045,23,1897,198.706,0,0,-1,-1,0,0.999931471,NA,NA,70.000000000,MEASURED_CPU_FAULT,CPU;INTERVAL_FAULTS,NA,NA,NA,NA,NA,NA,NA,NA,NA,NA,NA,NA,NA,NA,NA,NA,NA,NA,NA,NA,NA,NA,NA,TARGET_GONE,identity no longer active
2026-10-02T16:05:31Z,APP_21879_3030045,21879,3030045,23,1898,191.904,0,0,-1,-1,0,0.999931471,NA,NA,70.000000000,MEASURED_CPU_FAULT,CPU;INTERVAL_FAULTS,NA,NA,NA,NA,NA,NA,NA,NA,NA,NA,NA,NA,NA,NA,NA,NA,NA,NA,NA,NA,NA,NA,NA,TARGET_GONE,identity no longer active
2026-10-02T16:05:31Z,APP_21879_3030045,21879,3030045,23,1899,204.325,0,0,-1,-1,0,0.999931471,NA,NA,70.000000000,MEASURED_CPU_FAULT,CPU;INTERVAL_FAULTS,NA,NA,NA,NA,NA,NA,NA,NA,NA,NA,NA,NA,NA,NA,NA,NA,NA,NA,NA,NA,NA,NA,NA,TARGET_GONE,identity no longer active
2026-10-02T16:05:31Z,APP_21879_3030045,21879,3030045,23,1900,201.499,0,0,-1,-1,0,0.999931471,NA,NA,70.000000000,MEASURED_CPU_FAULT,CPU;INTERVAL_FAULTS,NA,NA,NA,NA,NA,NA,NA,NA,NA,NA,NA,NA,NA,NA,NA,NA,NA,NA,NA,NA,NA,NA,NA,TARGET_GONE,identity no longer active
2026-10-02T16:05:32Z,APP_21879_3030045,21879,3030045,23,1901,197.531,0,0,-1,-1,0,0.999931471,NA,NA,70.000000000,MEASURED_CPU_FAULT,CPU;INTERVAL_FAULTS,NA,NA,NA,NA,NA,NA,NA,NA,NA,NA,NA,NA,NA,NA,NA,NA,NA,NA,NA,NA,NA,NA,NA,TARGET_GONE,identity no longer active
2026-10-02T16:05:32Z,APP_21879_3030045,21879,3030045,23,1902,201.499,0,0,-1,-1,0,0.999931471,NA,NA,70.000000000,MEASURED_CPU_FAULT,CPU;INTERVAL_FAULTS,NA,NA,NA,NA,NA,NA,NA,NA,NA,NA,NA,NA,NA,NA,NA,NA,NA,NA,NA,NA,NA,NA,NA,TARGET_GONE,identity no longer active
2026-10-02T16:05:32Z,APP_21879_3030045,21879,3030045,23,1903,203.885,0,0,-1,-1,0,0.999931471,NA,NA,70.000000000,MEASURED_CPU_FAULT,CPU;INTERVAL_FAULTS,NA,NA,NA,NA,NA,NA,NA,NA,NA,NA,NA,NA,NA,NA,NA,NA,NA,NA,NA,NA,NA,NA,NA,TARGET_GONE,identity no longer active
2026-10-02T16:05:32Z,APP_21879_3030045,21879,3030045,23,1904,192.771,0,0,-1,-1,0,0.999931471,NA,NA,70.000000000,MEASURED_CPU_FAULT,CPU;INTERVAL_FAULTS,NA,NA,NA,NA,NA,NA,NA,NA,NA,NA,NA,NA,NA,NA,NA,NA,NA,NA,NA,NA,NA,NA,NA,TARGET_GONE,identity no longer active
2026-10-02T16:05:32Z,APP_21879_3030045,21879,3030045,23,1905,201.499,0,0,-1,-1,0,0.999931471,NA,NA,70.000000000,MEASURED_CPU_FAULT,CPU;INTERVAL_FAULTS,NA,NA,NA,NA,NA,NA,NA,NA,NA,NA,NA,NA,NA,NA,NA,NA,NA,NA,NA,NA,NA,NA,NA,TARGET_GONE,identity no longer active
2026-10-02T16:05:32Z,APP_21879_3030045,21879,3030045,23,1906,191.847,0,0,-1,-1,0,0.999931471,NA,NA,70.000000000,MEASURED_CPU_FAULT,CPU;INTERVAL_FAULTS,NA,NA,NA,NA,NA,NA,NA,NA,NA,NA,NA,NA,NA,NA,NA,NA,NA,NA,NA,NA,NA,NA,NA,TARGET_GONE,identity no longer active
2026-10-02T16:05:32Z,APP_21879_3030045,21879,3030045,23,1907,201.198,0,0,-1,-1,0,0.999931471,NA,NA,70.000000000,MEASURED_CPU_FAULT,CPU;INTERVAL_FAULTS,NA,NA,NA,NA,NA,NA,NA,NA,NA,NA,NA,NA,NA,NA,NA,NA,NA,NA,NA,NA,NA,NA,NA,TARGET_GONE,identity no longer active
2026-10-02T16:05:32Z,APP_21879_3030045,21879,3030045,23,1908,204.115,0,0,-1,-1,0,0.999931471,NA,NA,70.000000000,MEASURED_CPU_FAULT,CPU;INTERVAL_FAULTS,NA,NA,NA,NA,NA,NA,NA,NA,NA,NA,NA,NA,NA,NA,NA,NA,NA,NA,NA,NA,NA,NA,NA,TARGET_GONE,identity no longer active
2026-10-02T16:05:33Z,APP_21879_3030045,21879,3030045,23,1909,192.192,0,0,-1,-1,0,0.999931471,NA,NA,70.000000000,MEASURED_CPU_FAULT,CPU;INTERVAL_FAULTS,NA,NA,NA,NA,NA,NA,NA,NA,NA,NA,NA,NA,NA,NA,NA,NA,NA,NA,NA,NA,NA,NA,NA,TARGET_GONE,identity no longer active
2026-10-02T16:05:33Z,APP_21879_3030045,21879,3030045,23,1910,204.115,0,0,-1,-1,0,0.999931471,NA,NA,70.000000000,MEASURED_CPU_FAULT,CPU;INTERVAL_FAULTS,NA,NA,NA,NA,NA,NA,NA,NA,NA,NA,NA,NA,NA,NA,NA,NA,NA,NA,NA,NA,NA,NA,NA,TARGET_GONE,identity no longer active
2026-10-02T16:05:33Z,APP_21879_3030045,21879,3030045,23,1911,201.802,0,0,-1,-1,0,0.999931471,NA,NA,70.000000000,MEASURED_CPU_FAULT,CPU;INTERVAL_FAULTS,NA,NA,NA,NA,NA,NA,NA,NA,NA,NA,NA,NA,NA,NA,NA,NA,NA,NA,NA,NA,NA,NA,NA,TARGET_GONE,identity no longer active
2026-10-02T16:05:33Z,APP_21879_3030045,21879,3030045,23,1912,201.491,0,0,-1,-1,0,0.999931471,NA,NA,70.000000000,MEASURED_CPU_FAULT,CPU;INTERVAL_FAULTS,NA,NA,NA,NA,NA,NA,NA,NA,NA,NA,NA,NA,NA,NA,NA,NA,NA,NA,NA,NA,NA,NA,NA,TARGET_GONE,identity no longer active
2026-10-02T16:05:33Z,APP_21879_3030045,21879,3030045,23,1913,192.771,0,0,-1,-1,0,0.999931471,NA,NA,70.000000000,MEASURED_CPU_FAULT,CPU;INTERVAL_FAULTS,NA,NA,NA,NA,NA,NA,NA,NA,NA,NA,NA,NA,NA,NA,NA,NA,NA,NA,NA,NA,NA,NA,NA,TARGET_GONE,identity no longer active
2026-10-02T16:05:33Z,APP_21879_3030045,21879,3030045,23,1914,201.499,0,0,-1,-1,0,0.999931471,NA,NA,70.000000000,MEASURED_CPU_FAULT,CPU;INTERVAL_FAULTS,NA,NA,NA,NA,NA,NA,NA,NA,NA,NA,NA,NA,NA,NA,NA,NA,NA,NA,NA,NA,NA,NA,NA,TARGET_GONE,identity no longer active
2026-10-02T16:05:33Z,APP_21879_3030045,21879,3030045,23,1915,199.253,0,0,-1,-1,0,0.999931471,NA,NA,70.000000000,MEASURED_CPU_FAULT,CPU;INTERVAL_FAULTS,NA,NA,NA,NA,NA,NA,NA,NA,NA,NA,NA,NA,NA,NA,NA,NA,NA,NA,NA,NA,NA,NA,NA,TARGET_GONE,identity no longer active
2026-10-02T16:05:33Z,APP_21879_3030045,21879,3030045,23,1916,201.198,0,0,-1,-1,0,0.999931471,NA,NA,70.000000000,MEASURED_CPU_FAULT,CPU;INTERVAL_FAULTS,NA,NA,NA,NA,NA,NA,NA,NA,NA,NA,NA,NA,NA,NA,NA,NA,NA,NA,NA,NA,NA,NA,NA,TARGET_GONE,identity no longer active
2026-10-02T16:05:34Z,APP_21879_3030045,21879,3030045,23,1917,198.142,0,0,-1,-1,0,0.999931471,NA,NA,70.000000000,MEASURED_CPU_FAULT,CPU;INTERVAL_FAULTS,NA,NA,NA,NA,NA,NA,NA,NA,NA,NA,NA,NA,NA,NA,NA,NA,NA,NA,NA,NA,NA,NA,NA,TARGET_GONE,identity no longer active
2026-10-02T16:05:34Z,APP_21879_3030045,21879,3030045,23,1918,200.897,0,0,-1,-1,0,0.999931471,NA,NA,70.000000000,MEASURED_CPU_FAULT,CPU;INTERVAL_FAULTS,NA,NA,NA,NA,NA,NA,NA,NA,NA,NA,NA,NA,NA,NA,NA,NA,NA,NA,NA,NA,NA,NA,NA,TARGET_GONE,identity no longer active
2026-10-02T16:05:34Z,APP_21879_3030045,21879,3030045,23,1919,197.938,0,0,-1,-1,0,0.999931471,NA,NA,70.000000000,MEASURED_CPU_FAULT,CPU;INTERVAL_FAULTS,NA,NA,NA,NA,NA,NA,NA,NA,NA,NA,NA,NA,NA,NA,NA,NA,NA,NA,NA,NA,NA,NA,NA,TARGET_GONE,identity no longer active
2026-10-02T16:05:34Z,APP_21879_3030045,21879,3030045,23,1920,201.499,0,0,-1,-1,0,0.999931471,NA,NA,70.000000000,MEASURED_CPU_FAULT,CPU;INTERVAL_FAULTS,NA,NA,NA,NA,NA,NA,NA,NA,NA,NA,NA,NA,NA,NA,NA,NA,NA,NA,NA,NA,NA,NA,NA,TARGET_GONE,identity no longer active
2026-10-02T16:05:34Z,APP_21879_3030045,21879,3030045,23,1921,202.625,0,0,-1,-1,0,0.999931471,NA,NA,70.000000000,MEASURED_CPU_FAULT,CPU;INTERVAL_FAULTS,NA,NA,NA,NA,NA,NA,NA,NA,NA,NA,NA,NA,NA,NA,NA,NA,NA,NA,NA,NA,NA,NA,NA,TARGET_GONE,identity no longer active
2026-10-02T16:05:34Z,APP_21879_3030045,21879,3030045,23,1922,192.192,0,0,-1,-1,0,0.999931471,NA,NA,70.000000000,MEASURED_CPU_FAULT,CPU;INTERVAL_FAULTS,NA,NA,NA,NA,NA,NA,NA,NA,NA,NA,NA,NA,NA,NA,NA,NA,NA,NA,NA,NA,NA,NA,NA,TARGET_GONE,identity no longer active
2026-10-02T16:05:34Z,APP_21879_3030045,21879,3030045,23,1923,201.198,0,0,-1,-1,0,0.999931471,NA,NA,70.000000000,MEASURED_CPU_FAULT,CPU;INTERVAL_FAULTS,NA,NA,NA,NA,NA,NA,NA,NA,NA,NA,NA,NA,NA,NA,NA,NA,NA,NA,NA,NA,NA,NA,NA,TARGET_GONE,identity no longer active
2026-10-02T16:05:34Z,APP_21879_3030045,21879,3030045,23,1924,199.253,0,0,-1,-1,0,0.999931471,NA,NA,70.000000000,MEASURED_CPU_FAULT,CPU;INTERVAL_FAULTS,NA,NA,NA,NA,NA,NA,NA,NA,NA,NA,NA,NA,NA,NA,NA,NA,NA,NA,NA,NA,NA,NA,NA,TARGET_GONE,identity no longer active
2026-10-02T16:05:34Z,APP_21879_3030045,21879,3030045,23,1925,201.802,0,0,-1,-1,0,0.999931471,NA,NA,70.000000000,MEASURED_CPU_FAULT,CPU;INTERVAL_FAULTS,NA,NA,NA,NA,NA,NA,NA,NA,NA,NA,NA,NA,NA,NA,NA,NA,NA,NA,NA,NA,NA,NA,NA,TARGET_GONE,identity no longer active
2026-10-02T16:05:35Z,APP_21879_3030045,21879,3030045,23,1926,197.328,0,0,-1,-1,0,0.999931471,NA,NA,70.000000000,MEASURED_CPU_FAULT,CPU;INTERVAL_FAULTS,NA,NA,NA,NA,NA,NA,NA,NA,NA,NA,NA,NA,NA,NA,NA,NA,NA,NA,NA,NA,NA,NA,NA,TARGET_GONE,identity no longer active
2026-10-02T16:05:35Z,APP_21879_3030045,21879,3030045,23,1927,201.499,0,0,-1,-1,0,0.999931471,NA,NA,70.000000000,MEASURED_CPU_FAULT,CPU;INTERVAL_FAULTS,NA,NA,NA,NA,NA,NA,NA,NA,NA,NA,NA,NA,NA,NA,NA,NA,NA,NA,NA,NA,NA,NA,NA,TARGET_GONE,identity no longer active
2026-10-02T16:05:35Z,APP_21879_3030045,21879,3030045,23,1928,198.142,0,0,-1,-1,0,0.999931471,NA,NA,70.000000000,MEASURED_CPU_FAULT,CPU;INTERVAL_FAULTS,NA,NA,NA,NA,NA,NA,NA,NA,NA,NA,NA,NA,NA,NA,NA,NA,NA,NA,NA,NA,NA,NA,NA,TARGET_GONE,identity no longer active
2026-10-02T16:05:35Z,APP_21879_3030045,21879,3030045,23,1929,201.198,0,0,-1,-1,0,0.999931471,NA,NA,70.000000000,MEASURED_CPU_FAULT,CPU;INTERVAL_FAULTS,NA,NA,NA,NA,NA,NA,NA,NA,NA,NA,NA,NA,NA,NA,NA,NA,NA,NA,NA,NA,NA,NA,NA,TARGET_GONE,identity no longer active
2026-10-02T16:05:35Z,APP_21879_3030045,21879,3030045,23,1930,203.253,0,0,-1,-1,0,0.999931471,NA,NA,70.000000000,MEASURED_CPU_FAULT,CPU;INTERVAL_FAULTS,NA,NA,NA,NA,NA,NA,NA,NA,NA,NA,NA,NA,NA,NA,NA,NA,NA,NA,NA,NA,NA,NA,NA,TARGET_GONE,identity no longer active
2026-10-02T16:05:35Z,APP_21879_3030045,21879,3030045,23,1931,192.192,0,0,-1,-1,0,0.999931471,NA,NA,70.000000000,MEASURED_CPU_FAULT,CPU;INTERVAL_FAULTS,NA,NA,NA,NA,NA,NA,NA,NA,NA,NA,NA,NA,NA,NA,NA,NA,NA,NA,NA,NA,NA,NA,NA,TARGET_GONE,identity no longer active
2026-10-02T16:05:35Z,APP_21879_3030045,21879,3030045,23,1932,201.499,0,0,-1,-1,0,0.999931471,NA,NA,70.000000000,MEASURED_CPU_FAULT,CPU;INTERVAL_FAULTS,NA,NA,NA,NA,NA,NA,NA,NA,NA,NA,NA,NA,NA,NA,NA,NA,NA,NA,NA,NA,NA,NA,NA,TARGET_GONE,identity no longer active
2026-10-02T16:05:35Z,APP_21879_3030045,21879,3030045,23,1933,199.253,0,0,-1,-1,0,0.999931471,NA,NA,70.000000000,MEASURED_CPU_FAULT,CPU;INTERVAL_FAULTS,NA,NA,NA,NA,NA,NA,NA,NA,NA,NA,NA,NA,NA,NA,NA,NA,NA,NA,NA,NA,NA,NA,NA,TARGET_GONE,identity no longer active
2026-10-02T16:05:36Z,APP_21879_3030045,21879,3030045,23,1934,201.198,0,0,-1,-1,0,0.999931471,NA,NA,70.000000000,MEASURED_CPU_FAULT,CPU;INTERVAL_FAULTS,NA,NA,NA,NA,NA,NA,NA,NA,NA,NA,NA,NA,NA,NA,NA,NA,NA,NA,NA,NA,NA,NA,NA,TARGET_GONE,identity no longer active
2026-10-02T16:05:36Z,APP_21879_3030045,21879,3030045,23,1935,197.938,0,0,-1,-1,0,0.999931471,NA,NA,70.000000000,MEASURED_CPU_FAULT,CPU;INTERVAL_FAULTS,NA,NA,NA,NA,NA,NA,NA,NA,NA,NA,NA,NA,NA,NA,NA,NA,NA,NA,NA,NA,NA,NA,NA,TARGET_GONE,identity no longer active
2026-10-02T16:05:36Z,APP_21879_3030045,21879,3030045,23,1936,201.198,0,0,-1,-1,0,0.999931471,NA,NA,70.000000000,MEASURED_CPU_FAULT,CPU;INTERVAL_FAULTS,NA,NA,NA,NA,NA,NA,NA,NA,NA,NA,NA,NA,NA,NA,NA,NA,NA,NA,NA,NA,NA,NA,NA,TARGET_GONE,identity no longer active
2026-10-02T16:05:36Z,APP_21879_3030045,21879,3030045,23,1937,197.734,0,0,-1,-1,0,0.999931471,NA,NA,70.000000000,MEASURED_CPU_FAULT,CPU;INTERVAL_FAULTS,NA,NA,NA,NA,NA,NA,NA,NA,NA,NA,NA,NA,NA,NA,NA,NA,NA,NA,NA,NA,NA,NA,NA,TARGET_GONE,identity no longer active
2026-10-02T16:05:36Z,APP_21879_3030045,21879,3030045,23,1938,201.802,0,0,-1,-1,0,0.999931471,NA,NA,70.000000000,MEASURED_CPU_FAULT,CPU;INTERVAL_FAULTS,NA,NA,NA,NA,NA,NA,NA,NA,NA,NA,NA,NA,NA,NA,NA,NA,NA,NA,NA,NA,NA,NA,NA,TARGET_GONE,identity no longer active
2026-10-02T16:05:36Z,APP_21879_3030045,21879,3030045,23,1939,203.096,0,0,-1,-1,0,0.999931471,NA,NA,70.000000000,MEASURED_CPU_FAULT,CPU;INTERVAL_FAULTS,NA,NA,NA,NA,NA,NA,NA,NA,NA,NA,NA,NA,NA,NA,NA,NA,NA,NA,NA,NA,NA,NA,NA,TARGET_GONE,identity no longer active
2026-10-02T16:05:36Z,APP_21879_3030045,21879,3030045,23,1940,191.617,0,0,-1,-1,0,0.999931471,NA,NA,70.000000000,MEASURED_CPU_FAULT,CPU;INTERVAL_FAULTS,NA,NA,NA,NA,NA,NA,NA,NA,NA,NA,NA,NA,NA,NA,NA,NA,NA,NA,NA,NA,NA,NA,NA,TARGET_GONE,identity no longer active
2026-10-02T16:05:36Z,APP_21879_3030045,21879,3030045,23,1941,201.499,0,0,-1,-1,0,0.999931471,NA,NA,70.000000000,MEASURED_CPU_FAULT,CPU;INTERVAL_FAULTS,NA,NA,NA,NA,NA,NA,NA,NA,NA,NA,NA,NA,NA,NA,NA,NA,NA,NA,NA,NA,NA,NA,NA,TARGET_GONE,identity no longer active
2026-10-02T16:05:37Z,APP_21879_3030045,21879,3030045,23,1942,199.253,0,0,-1,-1,0,0.999931471,NA,NA,70.000000000,MEASURED_CPU_FAULT,CPU;INTERVAL_FAULTS,NA,NA,NA,NA,NA,NA,NA,NA,NA,NA,NA,NA,NA,NA,NA,NA,NA,NA,NA,NA,NA,NA,NA,TARGET_GONE,identity no longer active
2026-10-02T16:05:37Z,APP_21879_3030045,21879,3030045,23,1943,201.198,0,0,-1,-1,0,0.999931471,NA,NA,70.000000000,MEASURED_CPU_FAULT,CPU;INTERVAL_FAULTS,NA,NA,NA,NA,NA,NA,NA,NA,NA,NA,NA,NA,NA,NA,NA,NA,NA,NA,NA,NA,NA,NA,NA,TARGET_GONE,identity no longer active
2026-10-02T16:05:37Z,APP_21879_3030045,21879,3030045,23,1944,197.734,0,0,-1,-1,0,0.999931471,NA,NA,70.000000000,MEASURED_CPU_FAULT,CPU;INTERVAL_FAULTS,NA,NA,NA,NA,NA,NA,NA,NA,NA,NA,NA,NA,NA,NA,NA,NA,NA,NA,NA,NA,NA,NA,NA,TARGET_GONE,identity no longer active
2026-10-02T16:05:37Z,APP_21879_3030045,21879,3030045,23,1945,201.802,0,0,-1,-1,0,0.999931471,NA,NA,70.000000000,MEASURED_CPU_FAULT,CPU;INTERVAL_FAULTS,NA,NA,NA,NA,NA,NA,NA,NA,NA,NA,NA,NA,NA,NA,NA,NA,NA,NA,NA,NA,NA,NA,NA,TARGET_GONE,identity no longer active
2026-10-02T16:05:37Z,APP_21879_3030045,21879,3030045,23,1946,197.531,0,0,-1,-1,0,0.999931471,NA,NA,70.000000000,MEASURED_CPU_FAULT,CPU;INTERVAL_FAULTS,NA,NA,NA,NA,NA,NA,NA,NA,NA,NA,NA,NA,NA,NA,NA,NA,NA,NA,NA,NA,NA,NA,NA,TARGET_GONE,identity no longer active
2026-10-02T16:05:37Z,APP_21879_3030045,21879,3030045,23,1947,201.499,0,0,-1,-1,0,0.999931471,NA,NA,70.000000000,MEASURED_CPU_FAULT,CPU;INTERVAL_FAULTS,NA,NA,NA,NA,NA,NA,NA,NA,NA,NA,NA,NA,NA,NA,NA,NA,NA,NA,NA,NA,NA,NA,NA,TARGET_GONE,identity no longer active
2026-10-02T16:05:37Z,APP_21879_3030045,21879,3030045,23,1948,202.755,0,0,-1,-1,0,0.999931471,NA,NA,70.000000000,MEASURED_CPU_FAULT,CPU;INTERVAL_FAULTS,NA,NA,NA,NA,NA,NA,NA,NA,NA,NA,NA,NA,NA,NA,NA,NA,NA,NA,NA,NA,NA,NA,NA,TARGET_GONE,identity no longer active
2026-10-02T16:05:37Z,APP_21879_3030045,21879,3030045,23,1949,191.617,0,0,-1,-1,0,0.999931471,NA,NA,70.000000000,MEASURED_CPU_FAULT,CPU;INTERVAL_FAULTS,NA,NA,NA,NA,NA,NA,NA,NA,NA,NA,NA,NA,NA,NA,NA,NA,NA,NA,NA,NA,NA,NA,NA,TARGET_GONE,identity no longer active
2026-10-02T16:05:38Z,APP_21879_3030045,21879,3030045,23,1950,201.499,0,0,-1,-1,0,0.999931471,NA,NA,70.000000000,MEASURED_CPU_FAULT,CPU;INTERVAL_FAULTS,NA,NA,NA,NA,NA,NA,NA,NA,NA,NA,NA,NA,NA,NA,NA,NA,NA,NA,NA,NA,NA,NA,NA,TARGET_GONE,identity no longer active
2026-10-02T16:05:38Z,APP_21879_3030045,21879,3030045,23,1951,206.708,0,0,-1,-1,0,0.999931471,NA,NA,70.000000000,MEASURED_CPU_FAULT,CPU;INTERVAL_FAULTS,NA,NA,NA,NA,NA,NA,NA,NA,NA,NA,NA,NA,NA,NA,NA,NA,NA,NA,NA,NA,NA,NA,NA,TARGET_GONE,identity no longer active
2026-10-02T16:05:38Z,APP_21879_3030045,21879,3030045,23,1952,191.617,0,0,-1,-1,0,0.999931471,NA,NA,70.000000000,MEASURED_CPU_FAULT,CPU;INTERVAL_FAULTS,NA,NA,NA,NA,NA,NA,NA,NA,NA,NA,NA,NA,NA,NA,NA,NA,NA,NA,NA,NA,NA,NA,NA,TARGET_GONE,identity no longer active
2026-10-02T16:05:38Z,APP_21879_3030045,21879,3030045,23,1953,200.607,0,0,-1,-1,0,0.999931471,NA,NA,70.000000000,MEASURED_CPU_FAULT,CPU;INTERVAL_FAULTS,NA,NA,NA,NA,NA,NA,NA,NA,NA,NA,NA,NA,NA,NA,NA,NA,NA,NA,NA,NA,NA,NA,NA,TARGET_GONE,identity no longer active
2026-10-02T16:05:38Z,APP_21879_3030045,21879,3030045,23,1954,201.198,0,0,-1,-1,0,0.999931471,NA,NA,70.000000000,MEASURED_CPU_FAULT,CPU;INTERVAL_FAULTS,NA,NA,NA,NA,NA,NA,NA,NA,NA,NA,NA,NA,NA,NA,NA,NA,NA,NA,NA,NA,NA,NA,NA,TARGET_GONE,identity no longer active
2026-10-02T16:05:38Z,APP_21879_3030045,21879,3030045,23,1955,199.610,0,0,-1,-1,0,0.999931471,NA,NA,70.000000000,MEASURED_CPU_FAULT,CPU;INTERVAL_FAULTS,NA,NA,NA,NA,NA,NA,NA,NA,NA,NA,NA,NA,NA,NA,NA,NA,NA,NA,NA,NA,NA,NA,NA,TARGET_GONE,identity no longer active
2026-10-02T16:05:38Z,APP_21879_3030045,21879,3030045,23,1956,201.198,0,0,-1,-1,0,0.999931471,NA,NA,70.000000000,MEASURED_CPU_FAULT,CPU;INTERVAL_FAULTS,NA,NA,NA,NA,NA,NA,NA,NA,NA,NA,NA,NA,NA,NA,NA,NA,NA,NA,NA,NA,NA,NA,NA,TARGET_GONE,identity no longer active
2026-10-02T16:05:39Z,APP_21879_3030045,21879,3030045,23,1957,200.000,0,0,-1,-1,0,0.999931471,NA,NA,70.000000000,MEASURED_CPU_FAULT,CPU;INTERVAL_FAULTS,NA,NA,NA,NA,NA,NA,NA,NA,NA,NA,NA,NA,NA,NA,NA,NA,NA,NA,NA,NA,NA,NA,NA,TARGET_GONE,identity no longer active
2026-10-02T16:05:39Z,APP_21879_3030045,21879,3030045,23,1958,192.192,0,0,-1,-1,0,0.999931471,NA,NA,70.000000000,MEASURED_CPU_FAULT,CPU;INTERVAL_FAULTS,NA,NA,NA,NA,NA,NA,NA,NA,NA,NA,NA,NA,NA,NA,NA,NA,NA,NA,NA,NA,NA,NA,NA,TARGET_GONE,identity no longer active
2026-10-02T16:05:39Z,APP_21879_3030045,21879,3030045,23,1959,201.802,0,0,-1,-1,0,0.999931471,NA,NA,70.000000000,MEASURED_CPU_FAULT,CPU;INTERVAL_FAULTS,NA,NA,NA,NA,NA,NA,NA,NA,NA,NA,NA,NA,NA,NA,NA,NA,NA,NA,NA,NA,NA,NA,NA,TARGET_GONE,identity no longer active
2026-10-02T16:05:39Z,APP_21879_3030045,21879,3030045,23,1960,198.758,0,0,-1,-1,0,0.999931471,NA,NA,70.000000000,MEASURED_CPU_FAULT,CPU;INTERVAL_FAULTS,NA,NA,NA,NA,NA,NA,NA,NA,NA,NA,NA,NA,NA,NA,NA,NA,NA,NA,NA,NA,NA,NA,NA,TARGET_GONE,identity no longer active
2026-10-02T16:05:39Z,APP_21879_3030045,21879,3030045,23,1961,210.463,0,0,-1,-1,0,0.999931471,NA,NA,70.000000000,MEASURED_CPU_FAULT,CPU;INTERVAL_FAULTS,NA,NA,NA,NA,NA,NA,NA,NA,NA,NA,NA,NA,NA,NA,NA,NA,NA,NA,NA,NA,NA,NA,NA,TARGET_GONE,identity no longer active
2026-10-02T16:05:39Z,APP_21879_3030045,21879,3030045,23,1962,191.736,0,0,-1,-1,0,0.999931471,NA,NA,70.000000000,MEASURED_CPU_FAULT,CPU;INTERVAL_FAULTS,NA,NA,NA,NA,NA,NA,NA,NA,NA,NA,NA,NA,NA,NA,NA,NA,NA,NA,NA,NA,NA,NA,NA,TARGET_GONE,identity no longer active
2026-10-02T16:05:39Z,APP_21879_3030045,21879,3030045,23,1963,200.897,0,0,-1,-1,0,0.999931471,NA,NA,70.000000000,MEASURED_CPU_FAULT,CPU;INTERVAL_FAULTS,NA,NA,NA,NA,NA,NA,NA,NA,NA,NA,NA,NA,NA,NA,NA,NA,NA,NA,NA,NA,NA,NA,NA,TARGET_GONE,identity no longer active
2026-10-02T16:05:39Z,APP_21879_3030045,21879,3030045,23,1964,200.607,0,0,-1,-1,0,0.999931471,NA,NA,70.000000000,MEASURED_CPU_FAULT,CPU;INTERVAL_FAULTS,NA,NA,NA,NA,NA,NA,NA,NA,NA,NA,NA,NA,NA,NA,NA,NA,NA,NA,NA,NA,NA,NA,NA,TARGET_GONE,identity no longer active
2026-10-02T16:05:39Z,APP_21879_3030045,21879,3030045,23,1965,201.802,0,0,-1,-1,0,0.999931471,NA,NA,70.000000000,MEASURED_CPU_FAULT,CPU;INTERVAL_FAULTS,NA,NA,NA,NA,NA,NA,NA,NA,NA,NA,NA,NA,NA,NA,NA,NA,NA,NA,NA,NA,NA,NA,NA,TARGET_GONE,identity no longer active
2026-10-02T16:05:40Z,APP_21879_3030045,21879,3030045,23,1966,198.230,0,0,-1,-1,0,0.999931471,NA,NA,70.000000000,MEASURED_CPU_FAULT,CPU;INTERVAL_FAULTS,NA,NA,NA,NA,NA,NA,NA,NA,NA,NA,NA,NA,NA,NA,NA,NA,NA,NA,NA,NA,NA,NA,NA,TARGET_GONE,identity no longer active
2026-10-02T16:05:40Z,APP_21879_3030045,21879,3030045,23,1967,210.778,0,0,-1,-1,0,0.999931471,NA,NA,70.000000000,MEASURED_CPU_FAULT,CPU;INTERVAL_FAULTS,NA,NA,NA,NA,NA,NA,NA,NA,NA,NA,NA,NA,NA,NA,NA,NA,NA,NA,NA,NA,NA,NA,NA,TARGET_GONE,identity no longer active
2026-10-02T16:05:40Z,APP_21879_3030045,21879,3030045,23,1968,201.802,0,0,-1,-1,0,0.999931471,NA,NA,70.000000000,MEASURED_CPU_FAULT,CPU;INTERVAL_FAULTS,NA,NA,NA,NA,NA,NA,NA,NA,NA,NA,NA,NA,NA,NA,NA,NA,NA,NA,NA,NA,NA,NA,NA,TARGET_GONE,identity no longer active
2026-10-02T16:05:40Z,APP_21879_3030045,21879,3030045,23,1969,194.411,0,0,-1,-1,0,0.999931471,NA,NA,70.000000000,MEASURED_CPU_FAULT,CPU;INTERVAL_FAULTS,NA,NA,NA,NA,NA,NA,NA,NA,NA,NA,NA,NA,NA,NA,NA,NA,NA,NA,NA,NA,NA,NA,NA,TARGET_GONE,identity no longer active
2026-10-02T16:05:40Z,APP_21879_3030045,21879,3030045,23,1970,210.463,0,0,-1,-1,0,0.999931471,NA,NA,70.000000000,MEASURED_CPU_FAULT,CPU;INTERVAL_FAULTS,NA,NA,NA,NA,NA,NA,NA,NA,NA,NA,NA,NA,NA,NA,NA,NA,NA,NA,NA,NA,NA,NA,NA,TARGET_GONE,identity no longer active
2026-10-02T16:05:40Z,APP_21879_3030045,21879,3030045,23,1971,194.135,0,0,-1,-1,0,0.999931471,NA,NA,70.000000000,MEASURED_CPU_FAULT,CPU;INTERVAL_FAULTS,NA,NA,NA,NA,NA,NA,NA,NA,NA,NA,NA,NA,NA,NA,NA,NA,NA,NA,NA,NA,NA,NA,NA,TARGET_GONE,identity no longer active
2026-10-02T16:05:40Z,APP_21879_3030045,21879,3030045,23,1972,201.499,0,0,-1,-1,0,0.999931471,NA,NA,70.000000000,MEASURED_CPU_FAULT,CPU;INTERVAL_FAULTS,NA,NA,NA,NA,NA,NA,NA,NA,NA,NA,NA,NA,NA,NA,NA,NA,NA,NA,NA,NA,NA,NA,NA,TARGET_GONE,identity no longer active
2026-10-02T16:05:40Z,APP_21879_3030045,21879,3030045,23,1973,200.607,0,0,-1,-1,0,0.999931471,NA,NA,70.000000000,MEASURED_CPU_FAULT,CPU;INTERVAL_FAULTS,NA,NA,NA,NA,NA,NA,NA,NA,NA,NA,NA,NA,NA,NA,NA,NA,NA,NA,NA,NA,NA,NA,NA,TARGET_GONE,identity no longer active
2026-10-02T16:05:41Z,APP_21879_3030045,21879,3030045,23,1974,201.499,0,0,-1,-1,0,0.999931471,NA,NA,70.000000000,MEASURED_CPU_FAULT,CPU;INTERVAL_FAULTS,NA,NA,NA,NA,NA,NA,NA,NA,NA,NA,NA,NA,NA,NA,NA,NA,NA,NA,NA,NA,NA,NA,NA,TARGET_GONE,identity no longer active
2026-10-02T16:05:41Z,APP_21879_3030045,21879,3030045,23,1975,200.447,0,0,-1,-1,0,0.999931471,NA,NA,70.000000000,MEASURED_CPU_FAULT,CPU;INTERVAL_FAULTS,NA,NA,NA,NA,NA,NA,NA,NA,NA,NA,NA,NA,NA,NA,NA,NA,NA,NA,NA,NA,NA,NA,NA,TARGET_GONE,identity no longer active
2026-10-02T16:05:41Z,APP_21879_3030045,21879,3030045,23,1976,191.617,0,0,-1,-1,0,0.999931471,NA,NA,70.000000000,MEASURED_CPU_FAULT,CPU;INTERVAL_FAULTS,NA,NA,NA,NA,NA,NA,NA,NA,NA,NA,NA,NA,NA,NA,NA,NA,NA,NA,NA,NA,NA,NA,NA,TARGET_GONE,identity no longer active
2026-10-02T16:05:41Z,APP_21879_3030045,21879,3030045,23,1977,201.499,0,0,-1,-1,0,0.999931471,NA,NA,70.000000000,MEASURED_CPU_FAULT,CPU;INTERVAL_FAULTS,NA,NA,NA,NA,NA,NA,NA,NA,NA,NA,NA,NA,NA,NA,NA,NA,NA,NA,NA,NA,NA,NA,NA,TARGET_GONE,identity no longer active
2026-10-02T16:05:41Z,APP_21879_3030045,21879,3030045,23,1978,202.187,0,0,-1,-1,0,0.999931471,NA,NA,70.000000000,MEASURED_CPU_FAULT,CPU;INTERVAL_FAULTS,NA,NA,NA,NA,NA,NA,NA,NA,NA,NA,NA,NA,NA,NA,NA,NA,NA,NA,NA,NA,NA,NA,NA,TARGET_GONE,identity no longer active
2026-10-02T16:05:41Z,APP_21879_3030045,21879,3030045,23,1979,201.499,0,0,-1,-1,0,0.999931471,NA,NA,70.000000000,MEASURED_CPU_FAULT,CPU;INTERVAL_FAULTS,NA,NA,NA,NA,NA,NA,NA,NA,NA,NA,NA,NA,NA,NA,NA,NA,NA,NA,NA,NA,NA,NA,NA,TARGET_GONE,identity no longer active
2026-10-02T16:05:41Z,APP_21879_3030045,21879,3030045,23,1980,194.529,0,0,-1,-1,0,0.999931471,NA,NA,70.000000000,MEASURED_CPU_FAULT,CPU;INTERVAL_FAULTS,NA,NA,NA,NA,NA,NA,NA,NA,NA,NA,NA,NA,NA,NA,NA,NA,NA,NA,NA,NA,NA,NA,NA,TARGET_GONE,identity no longer active
2026-10-02T16:05:41Z,APP_21879_3030045,21879,3030045,23,1981,201.198,0,0,-1,-1,0,0.999931471,NA,NA,70.000000000,MEASURED_CPU_FAULT,CPU;INTERVAL_FAULTS,NA,NA,NA,NA,NA,NA,NA,NA,NA,NA,NA,NA,NA,NA,NA,NA,NA,NA,NA,NA,NA,NA,NA,TARGET_GONE,identity no longer active
2026-10-02T16:05:42Z,APP_21879_3030045,21879,3030045,23,1982,200.607,0,0,-1,-1,0,0.999931471,NA,NA,70.000000000,MEASURED_CPU_FAULT,CPU;INTERVAL_FAULTS,NA,NA,NA,NA,NA,NA,NA,NA,NA,NA,NA,NA,NA,NA,NA,NA,NA,NA,NA,NA,NA,NA,NA,TARGET_GONE,identity no longer active
2026-10-02T16:05:42Z,APP_21879_3030045,21879,3030045,23,1983,201.198,0,0,-1,-1,0,0.999931471,NA,NA,70.000000000,MEASURED_CPU_FAULT,CPU;INTERVAL_FAULTS,NA,NA,NA,NA,NA,NA,NA,NA,NA,NA,NA,NA,NA,NA,NA,NA,NA,NA,NA,NA,NA,NA,NA,TARGET_GONE,identity no longer active
2026-10-02T16:05:42Z,APP_21879_3030045,21879,3030045,23,1984,204.458,0,0,-1,-1,0,0.999931471,NA,NA,70.000000000,MEASURED_CPU_FAULT,CPU;INTERVAL_FAULTS,NA,NA,NA,NA,NA,NA,NA,NA,NA,NA,NA,NA,NA,NA,NA,NA,NA,NA,NA,NA,NA,NA,NA,TARGET_GONE,identity no longer active
2026-10-02T16:05:42Z,APP_21879_3030045,21879,3030045,23,1985,192.192,0,0,-1,-1,0,0.999931471,NA,NA,70.000000000,MEASURED_CPU_FAULT,CPU;INTERVAL_FAULTS,NA,NA,NA,NA,NA,NA,NA,NA,NA,NA,NA,NA,NA,NA,NA,NA,NA,NA,NA,NA,NA,NA,NA,TARGET_GONE,identity no longer active
2026-10-02T16:05:42Z,APP_21879_3030045,21879,3030045,23,1986,201.802,0,0,-1,-1,0,0.999931471,NA,NA,70.000000000,MEASURED_CPU_FAULT,CPU;INTERVAL_FAULTS,NA,NA,NA,NA,NA,NA,NA,NA,NA,NA,NA,NA,NA,NA,NA,NA,NA,NA,NA,NA,NA,NA,NA,TARGET_GONE,identity no longer active
2026-10-02T16:05:42Z,APP_21879_3030045,21879,3030045,23,1987,194.411,0,0,-1,-1,0,0.999931471,NA,NA,70.000000000,MEASURED_CPU_FAULT,CPU;INTERVAL_FAULTS,NA,NA,NA,NA,NA,NA,NA,NA,NA,NA,NA,NA,NA,NA,NA,NA,NA,NA,NA,NA,NA,NA,NA,TARGET_GONE,identity no longer active
2026-10-02T16:05:42Z,APP_21879_3030045,21879,3030045,23,1988,201.802,0,0,-1,-1,0,0.999931471,NA,NA,70.000000000,MEASURED_CPU_FAULT,CPU;INTERVAL_FAULTS,NA,NA,NA,NA,NA,NA,NA,NA,NA,NA,NA,NA,NA,NA,NA,NA,NA,NA,NA,NA,NA,NA,NA,TARGET_GONE,identity no longer active
2026-10-02T16:05:42Z,APP_21879_3030045,21879,3030045,23,1989,201.179,0,0,-1,-1,0,0.999931471,NA,NA,70.000000000,MEASURED_CPU_FAULT,CPU;INTERVAL_FAULTS,NA,NA,NA,NA,NA,NA,NA,NA,NA,NA,NA,NA,NA,NA,NA,NA,NA,NA,NA,NA,NA,NA,NA,TARGET_GONE,identity no longer active
2026-10-02T16:05:43Z,APP_21879_3030045,21879,3030045,23,1990,201.802,0,0,-1,-1,0,0.999931471,NA,NA,70.000000000,MEASURED_CPU_FAULT,CPU;INTERVAL_FAULTS,NA,NA,NA,NA,NA,NA,NA,NA,NA,NA,NA,NA,NA,NA,NA,NA,NA,NA,NA,NA,NA,NA,NA,TARGET_GONE,identity no longer active
2026-10-02T16:05:43Z,APP_21879_3030045,21879,3030045,23,1991,194.135,0,0,-1,-1,0,0.999931471,NA,NA,70.000000000,MEASURED_CPU_FAULT,CPU;INTERVAL_FAULTS,NA,NA,NA,NA,NA,NA,NA,NA,NA,NA,NA,NA,NA,NA,NA,NA,NA,NA,NA,NA,NA,NA,NA,TARGET_GONE,identity no longer active
2026-10-02T16:05:43Z,APP_21879_3030045,21879,3030045,23,1992,201.802,0,0,-1,-1,0,0.999931471,NA,NA,70.000000000,MEASURED_CPU_FAULT,CPU;INTERVAL_FAULTS,NA,NA,NA,NA,NA,NA,NA,NA,NA,NA,NA,NA,NA,NA,NA,NA,NA,NA,NA,NA,NA,NA,NA,TARGET_GONE,identity no longer active
2026-10-02T16:05:43Z,APP_21879_3030045,21879,3030045,23,1993,200.583,0,0,-1,-1,0,0.999931471,NA,NA,70.000000000,MEASURED_CPU_FAULT,CPU;INTERVAL_FAULTS,NA,NA,NA,NA,NA,NA,NA,NA,NA,NA,NA,NA,NA,NA,NA,NA,NA,NA,NA,NA,NA,NA,NA,TARGET_GONE,identity no longer active
2026-10-02T16:05:43Z,APP_21879_3030045,21879,3030045,23,1994,210.778,0,0,-1,-1,0,0.999931471,NA,NA,70.000000000,MEASURED_CPU_FAULT,CPU;INTERVAL_FAULTS,NA,NA,NA,NA,NA,NA,NA,NA,NA,NA,NA,NA,NA,NA,NA,NA,NA,NA,NA,NA,NA,NA,NA,TARGET_GONE,identity no longer active
2026-10-02T16:05:43Z,APP_21879_3030045,21879,3030045,23,1995,201.499,0,0,-1,-1,0,0.999931471,NA,NA,70.000000000,MEASURED_CPU_FAULT,CPU;INTERVAL_FAULTS,NA,NA,NA,NA,NA,NA,NA,NA,NA,NA,NA,NA,NA,NA,NA,NA,NA,NA,NA,NA,NA,NA,NA,TARGET_GONE,identity no longer active
2026-10-02T16:05:43Z,APP_21879_3030045,21879,3030045,23,1996,194.411,0,0,-1,-1,0,0.999931471,NA,NA,70.000000000,MEASURED_CPU_FAULT,CPU;INTERVAL_FAULTS,NA,NA,NA,NA,NA,NA,NA,NA,NA,NA,NA,NA,NA,NA,NA,NA,NA,NA,NA,NA,NA,NA,NA,TARGET_GONE,identity no longer active
2026-10-02T16:05:43Z,APP_21879_3030045,21879,3030045,23,1997,201.499,0,0,-1,-1,0,0.999931471,NA,NA,70.000000000,MEASURED_CPU_FAULT,CPU;INTERVAL_FAULTS,NA,NA,NA,NA,NA,NA,NA,NA,NA,NA,NA,NA,NA,NA,NA,NA,NA,NA,NA,NA,NA,NA,NA,TARGET_GONE,identity no longer active
2026-10-02T16:05:44Z,APP_21879_3030045,21879,3030045,23,1998,201.258,0,0,-1,-1,0,0.999931471,NA,NA,70.000000000,MEASURED_CPU_FAULT,CPU;INTERVAL_FAULTS,NA,NA,NA,NA,NA,NA,NA,NA,NA,NA,NA,NA,NA,NA,NA,NA,NA,NA,NA,NA,NA,NA,NA,TARGET_GONE,identity no longer active
2026-10-02T16:05:44Z,APP_21879_3030045,21879,3030045,23,1999,201.499,0,0,-1,-1,0,0.999931471,NA,NA,70.000000000,MEASURED_CPU_FAULT,CPU;INTERVAL_FAULTS,NA,NA,NA,NA,NA,NA,NA,NA,NA,NA,NA,NA,NA,NA,NA,NA,NA,NA,NA,NA,NA,NA,NA,TARGET_GONE,identity no longer active
2026-10-02T16:05:44Z,APP_21879_3030045,21879,3030045,23,2000,204.325,0,0,-1,-1,0,0.999931471,NA,NA,70.000000000,MEASURED_CPU_FAULT,CPU;INTERVAL_FAULTS,NA,NA,NA,NA,NA,NA,NA,NA,NA,NA,NA,NA,NA,NA,NA,NA,NA,NA,NA,NA,NA,NA,NA,TARGET_GONE,identity no longer active
2026-10-02T16:05:44Z,APP_21879_3030045,21879,3030045,23,2001,192.192,0,0,-1,-1,0,0.999931471,NA,NA,70.000000000,MEASURED_CPU_FAULT,CPU;INTERVAL_FAULTS,NA,NA,NA,NA,NA,NA,NA,NA,NA,NA,NA,NA,NA,NA,NA,NA,NA,NA,NA,NA,NA,NA,NA,TARGET_GONE,identity no longer active
2026-10-02T16:05:44Z,APP_21879_3030045,21879,3030045,23,2002,202.423,0,0,-1,-1,0,0.999931471,NA,NA,70.000000000,MEASURED_CPU_FAULT,CPU;INTERVAL_FAULTS,NA,NA,NA,NA,NA,NA,NA,NA,NA,NA,NA,NA,NA,NA,NA,NA,NA,NA,NA,NA,NA,NA,NA,TARGET_GONE,identity no longer active
2026-10-02T16:05:44Z,APP_21879_3030045,21879,3030045,23,2003,191.617,0,0,-1,-1,0,0.999931471,NA,NA,70.000000000,MEASURED_CPU_FAULT,CPU;INTERVAL_FAULTS,NA,NA,NA,NA,NA,NA,NA,NA,NA,NA,NA,NA,NA,NA,NA,NA,NA,NA,NA,NA,NA,NA,NA,TARGET_GONE,identity no longer active
2026-10-02T16:05:44Z,APP_21879_3030045,21879,3030045,23,2004,201.499,0,0,-1,-1,0,0.999931471,NA,NA,70.000000000,MEASURED_CPU_FAULT,CPU;INTERVAL_FAULTS,NA,NA,NA,NA,NA,NA,NA,NA,NA,NA,NA,NA,NA,NA,NA,NA,NA,NA,NA,NA,NA,NA,NA,TARGET_GONE,identity no longer active
2026-10-02T16:05:44Z,APP_21879_3030045,21879,3030045,23,2005,199.005,0,0,-1,-1,0,0.999931471,NA,NA,70.000000000,MEASURED_CPU_FAULT,CPU;INTERVAL_FAULTS,NA,NA,NA,NA,NA,NA,NA,NA,NA,NA,NA,NA,NA,NA,NA,NA,NA,NA,NA,NA,NA,NA,NA,TARGET_GONE,identity no longer active
2026-10-02T16:05:45Z,APP_21879_3030045,21879,3030045,23,2006,201.802,0,0,-1,-1,0,0.999931471,NA,NA,70.000000000,MEASURED_CPU_FAULT,CPU;INTERVAL_FAULTS,NA,NA,NA,NA,NA,NA,NA,NA,NA,NA,NA,NA,NA,NA,NA,NA,NA,NA,NA,NA,NA,NA,NA,TARGET_GONE,identity no longer active
2026-10-02T16:05:45Z,APP_21879_3030045,21879,3030045,23,2007,200.607,0,0,-1,-1,0,0.999931471,NA,NA,70.000000000,MEASURED_CPU_FAULT,CPU;INTERVAL_FAULTS,NA,NA,NA,NA,NA,NA,NA,NA,NA,NA,NA,NA,NA,NA,NA,NA,NA,NA,NA,NA,NA,NA,NA,TARGET_GONE,identity no longer active
2026-10-02T16:05:45Z,APP_21879_3030045,21879,3030045,23,2008,201.198,0,0,-1,-1,0,0.999931471,NA,NA,70.000000000,MEASURED_CPU_FAULT,CPU;INTERVAL_FAULTS,NA,NA,NA,NA,NA,NA,NA,NA,NA,NA,NA,NA,NA,NA,NA,NA,NA,NA,NA,NA,NA,NA,NA,TARGET_GONE,identity no longer active
2026-10-02T16:05:45Z,APP_21879_3030045,21879,3030045,23,2009,201.013,0,0,-1,-1,0,0.999931471,NA,NA,70.000000000,MEASURED_CPU_FAULT,CPU;INTERVAL_FAULTS,NA,NA,NA,NA,NA,NA,NA,NA,NA,NA,NA,NA,NA,NA,NA,NA,NA,NA,NA,NA,NA,NA,NA,TARGET_GONE,identity no longer active
2026-10-02T16:05:45Z,APP_21879_3030045,21879,3030045,23,2010,201.499,0,0,-1,-1,0,0.999931471,NA,NA,70.000000000,MEASURED_CPU_FAULT,CPU;INTERVAL_FAULTS,NA,NA,NA,NA,NA,NA,NA,NA,NA,NA,NA,NA,NA,NA,NA,NA,NA,NA,NA,NA,NA,NA,NA,TARGET_GONE,identity no longer active
2026-10-02T16:05:45Z,APP_21879_3030045,21879,3030045,23,2011,199.740,0,0,-1,-1,0,0.999931471,NA,NA,70.000000000,MEASURED_CPU_FAULT,CPU;INTERVAL_FAULTS,NA,NA,NA,NA,NA,NA,NA,NA,NA,NA,NA,NA,NA,NA,NA,NA,NA,NA,NA,NA,NA,NA,NA,TARGET_GONE,identity no longer active
2026-10-02T16:05:45Z,APP_21879_3030045,21879,3030045,23,2012,192.771,0,0,-1,-1,0,0.999931471,NA,NA,70.000000000,MEASURED_CPU_FAULT,CPU;INTERVAL_FAULTS,NA,NA,NA,NA,NA,NA,NA,NA,NA,NA,NA,NA,NA,NA,NA,NA,NA,NA,NA,NA,NA,NA,NA,TARGET_GONE,identity no longer active
2026-10-02T16:05:45Z,APP_21879_3030045,21879,3030045,23,2013,201.499,0,0,-1,-1,0,0.999931471,NA,NA,70.000000000,MEASURED_CPU_FAULT,CPU;INTERVAL_FAULTS,NA,NA,NA,NA,NA,NA,NA,NA,NA,NA,NA,NA,NA,NA,NA,NA,NA,NA,NA,NA,NA,NA,NA,TARGET_GONE,identity no longer active
2026-10-02T16:05:46Z,APP_21879_3030045,21879,3030045,23,2014,194.175,0,0,-1,-1,0,0.999931471,NA,NA,70.000000000,MEASURED_CPU_FAULT,CPU;INTERVAL_FAULTS,NA,NA,NA,NA,NA,NA,NA,NA,NA,NA,NA,NA,NA,NA,NA,NA,NA,NA,NA,NA,NA,NA,NA,TARGET_GONE,identity no longer active
2026-10-02T16:05:46Z,APP_21879_3030045,21879,3030045,23,2015,201.499,0,0,-1,-1,0,0.999931471,NA,NA,70.000000000,MEASURED_CPU_FAULT,CPU;INTERVAL_FAULTS,NA,NA,NA,NA,NA,NA,NA,NA,NA,NA,NA,NA,NA,NA,NA,NA,NA,NA,NA,NA,NA,NA,NA,TARGET_GONE,identity no longer active
2026-10-02T16:05:46Z,APP_21879_3030045,21879,3030045,23,2016,200.607,0,0,-1,-1,0,0.999931471,NA,NA,70.000000000,MEASURED_CPU_FAULT,CPU;INTERVAL_FAULTS,NA,NA,NA,NA,NA,NA,NA,NA,NA,NA,NA,NA,NA,NA,NA,NA,NA,NA,NA,NA,NA,NA,NA,TARGET_GONE,identity no longer active
2026-10-02T16:05:46Z,APP_21879_3030045,21879,3030045,23,2017,201.499,0,0,-1,-1,0,0.999931471,NA,NA,70.000000000,MEASURED_CPU_FAULT,CPU;INTERVAL_FAULTS,NA,NA,NA,NA,NA,NA,NA,NA,NA,NA,NA,NA,NA,NA,NA,NA,NA,NA,NA,NA,NA,NA,NA,TARGET_GONE,identity no longer active
2026-10-02T16:05:46Z,APP_21879_3030045,21879,3030045,23,2018,200.607,0,0,-1,-1,0,0.999931471,NA,NA,70.000000000,MEASURED_CPU_FAULT,CPU;INTERVAL_FAULTS,NA,NA,NA,NA,NA,NA,NA,NA,NA,NA,NA,NA,NA,NA,NA,NA,NA,NA,NA,NA,NA,NA,NA,TARGET_GONE,identity no longer active
2026-10-02T16:05:46Z,APP_21879_3030045,21879,3030045,23,2019,201.499,0,0,-1,-1,0,0.999931471,NA,NA,70.000000000,MEASURED_CPU_FAULT,CPU;INTERVAL_FAULTS,NA,NA,NA,NA,NA,NA,NA,NA,NA,NA,NA,NA,NA,NA,NA,NA,NA,NA,NA,NA,NA,NA,NA,TARGET_GONE,identity no longer active
2026-10-02T16:05:46Z,APP_21879_3030045,21879,3030045,23,2020,202.559,0,0,-1,-1,0,0.999931471,NA,NA,70.000000000,MEASURED_CPU_FAULT,CPU;INTERVAL_FAULTS,NA,NA,NA,NA,NA,NA,NA,NA,NA,NA,NA,NA,NA,NA,NA,NA,NA,NA,NA,NA,NA,NA,NA,TARGET_GONE,identity no longer active
2026-10-02T16:05:46Z,APP_21879_3030045,21879,3030045,23,2021,191.617,0,0,-1,-1,0,0.999931471,NA,NA,70.000000000,MEASURED_CPU_FAULT,CPU;INTERVAL_FAULTS,NA,NA,NA,NA,NA,NA,NA,NA,NA,NA,NA,NA,NA,NA,NA,NA,NA,NA,NA,NA,NA,NA,NA,TARGET_GONE,identity no longer active
2026-10-02T16:05:47Z,APP_21879_3030045,21879,3030045,23,2022,201.802,0,0,-1,-1,0,0.999931471,NA,NA,70.000000000,MEASURED_CPU_FAULT,CPU;INTERVAL_FAULTS,NA,NA,NA,NA,NA,NA,NA,NA,NA,NA,NA,NA,NA,NA,NA,NA,NA,NA,NA,NA,NA,NA,NA,TARGET_GONE,identity no longer active
2026-10-02T16:05:47Z,APP_21879_3030045,21879,3030045,23,2023,194.647,0,0,-1,-1,0,0.999931471,NA,NA,70.000000000,MEASURED_CPU_FAULT,CPU;INTERVAL_FAULTS,NA,NA,NA,NA,NA,NA,NA,NA,NA,NA,NA,NA,NA,NA,NA,NA,NA,NA,NA,NA,NA,NA,NA,TARGET_GONE,identity no longer active
2026-10-02T16:05:47Z,APP_21879_3030045,21879,3030045,23,2024,201.499,0,0,-1,-1,0,0.999931471,NA,NA,70.000000000,MEASURED_CPU_FAULT,CPU;INTERVAL_FAULTS,NA,NA,NA,NA,NA,NA,NA,NA,NA,NA,NA,NA,NA,NA,NA,NA,NA,NA,NA,NA,NA,NA,NA,TARGET_GONE,identity no longer active
2026-10-02T16:05:47Z,APP_21879_3030045,21879,3030045,23,2025,200.810,0,0,-1,-1,0,0.999931471,NA,NA,70.000000000,MEASURED_CPU_FAULT,CPU;INTERVAL_FAULTS,NA,NA,NA,NA,NA,NA,NA,NA,NA,NA,NA,NA,NA,NA,NA,NA,NA,NA,NA,NA,NA,NA,NA,TARGET_GONE,identity no longer active
2026-10-02T16:05:47Z,APP_21879_3030045,21879,3030045,23,2026,201.499,0,0,-1,-1,0,0.999931471,NA,NA,70.000000000,MEASURED_CPU_FAULT,CPU;INTERVAL_FAULTS,NA,NA,NA,NA,NA,NA,NA,NA,NA,NA,NA,NA,NA,NA,NA,NA,NA,NA,NA,NA,NA,NA,NA,TARGET_GONE,identity no longer active
2026-10-02T16:05:47Z,APP_21879_3030045,21879,3030045,23,2027,200.607,0,0,-1,-1,0,0.999931471,NA,NA,70.000000000,MEASURED_CPU_FAULT,CPU;INTERVAL_FAULTS,NA,NA,NA,NA,NA,NA,NA,NA,NA,NA,NA,NA,NA,NA,NA,NA,NA,NA,NA,NA,NA,NA,NA,TARGET_GONE,identity no longer active
2026-10-02T16:05:47Z,APP_21879_3030045,21879,3030045,23,2028,191.617,0,0,-1,-1,0,0.999931471,NA,NA,70.000000000,MEASURED_CPU_FAULT,CPU;INTERVAL_FAULTS,NA,NA,NA,NA,NA,NA,NA,NA,NA,NA,NA,NA,NA,NA,NA,NA,NA,NA,NA,NA,NA,NA,NA,TARGET_GONE,identity no longer active
2026-10-02T16:05:48Z,APP_21879_3030045,21879,3030045,23,2029,201.186,0,0,-1,-1,0,0.999931471,NA,NA,70.000000000,MEASURED_CPU_FAULT,CPU;INTERVAL_FAULTS,NA,NA,NA,NA,NA,NA,NA,NA,NA,NA,NA,NA,NA,NA,NA,NA,NA,NA,NA,NA,NA,NA,NA,TARGET_GONE,identity no longer active
2026-10-02T16:05:48Z,APP_21879_3030045,21879,3030045,23,2030,204.800,0,0,-1,-1,0,0.999931471,NA,NA,70.000000000,MEASURED_CPU_FAULT,CPU;INTERVAL_FAULTS,NA,NA,NA,NA,NA,NA,NA,NA,NA,NA,NA,NA,NA,NA,NA,NA,NA,NA,NA,NA,NA,NA,NA,TARGET_GONE,identity no longer active
2026-10-02T16:05:48Z,APP_21879_3030045,21879,3030045,23,2031,201.198,0,0,-1,-1,0,0.999931471,NA,NA,70.000000000,MEASURED_CPU_FAULT,CPU;INTERVAL_FAULTS,NA,NA,NA,NA,NA,NA,NA,NA,NA,NA,NA,NA,NA,NA,NA,NA,NA,NA,NA,NA,NA,NA,NA,TARGET_GONE,identity no longer active
2026-10-02T16:05:48Z,APP_21879_3030045,21879,3030045,23,2032,195.719,0,0,-1,-1,0,0.999931471,NA,NA,70.000000000,MEASURED_CPU_FAULT,CPU;INTERVAL_FAULTS,NA,NA,NA,NA,NA,NA,NA,NA,NA,NA,NA,NA,NA,NA,NA,NA,NA,NA,NA,NA,NA,NA,NA,TARGET_GONE,identity no longer active
2026-10-02T16:05:48Z,APP_21879_3030045,21879,3030045,23,2033,210.778,0,0,-1,-1,0,0.999931471,NA,NA,70.000000000,MEASURED_CPU_FAULT,CPU;INTERVAL_FAULTS,NA,NA,NA,NA,NA,NA,NA,NA,NA,NA,NA,NA,NA,NA,NA,NA,NA,NA,NA,NA,NA,NA,NA,TARGET_GONE,identity no longer active
2026-10-02T16:05:48Z,APP_21879_3030045,21879,3030045,23,2034,194.135,0,0,-1,-1,0,0.999931471,NA,NA,70.000000000,MEASURED_CPU_FAULT,CPU;INTERVAL_FAULTS,NA,NA,NA,NA,NA,NA,NA,NA,NA,NA,NA,NA,NA,NA,NA,NA,NA,NA,NA,NA,NA,NA,NA,TARGET_GONE,identity no longer active
2026-10-02T16:05:48Z,APP_21879_3030045,21879,3030045,23,2035,201.499,0,0,-1,-1,0,0.999931471,NA,NA,70.000000000,MEASURED_CPU_FAULT,CPU;INTERVAL_FAULTS,NA,NA,NA,NA,NA,NA,NA,NA,NA,NA,NA,NA,NA,NA,NA,NA,NA,NA,NA,NA,NA,NA,NA,TARGET_GONE,identity no longer active
2026-10-02T16:05:48Z,APP_21879_3030045,21879,3030045,23,2036,200.607,0,0,-1,-1,0,0.999931471,NA,NA,70.000000000,MEASURED_CPU_FAULT,CPU;INTERVAL_FAULTS,NA,NA,NA,NA,NA,NA,NA,NA,NA,NA,NA,NA,NA,NA,NA,NA,NA,NA,NA,NA,NA,NA,NA,TARGET_GONE,identity no longer active
2026-10-02T16:05:48Z,APP_21879_3030045,21879,3030045,23,2037,201.499,0,0,-1,-1,0,0.999931471,NA,NA,70.000000000,MEASURED_CPU_FAULT,CPU;INTERVAL_FAULTS,NA,NA,NA,NA,NA,NA,NA,NA,NA,NA,NA,NA,NA,NA,NA,NA,NA,NA,NA,NA,NA,NA,NA,TARGET_GONE,identity no longer active
2026-10-02T16:05:49Z,APP_21879_3030045,21879,3030045,23,2038,202.062,0,0,-1,-1,0,0.999931471,NA,NA,70.000000000,MEASURED_CPU_FAULT,CPU;INTERVAL_FAULTS,NA,NA,NA,NA,NA,NA,NA,NA,NA,NA,NA,NA,NA,NA,NA,NA,NA,NA,NA,NA,NA,NA,NA,TARGET_GONE,identity no longer active
2026-10-02T16:05:49Z,APP_21879_3030045,21879,3030045,23,2039,192.385,0,0,-1,-1,0,0.999931471,NA,NA,70.000000000,MEASURED_CPU_FAULT,CPU;INTERVAL_FAULTS,NA,NA,NA,NA,NA,NA,NA,NA,NA,NA,NA,NA,NA,NA,NA,NA,NA,NA,NA,NA,NA,NA,NA,TARGET_GONE,identity no longer active
2026-10-02T16:05:49Z,APP_21879_3030045,21879,3030045,23,2040,201.499,0,0,-1,-1,0,0.999931471,NA,NA,70.000000000,MEASURED_CPU_FAULT,CPU;INTERVAL_FAULTS,NA,NA,NA,NA,NA,NA,NA,NA,NA,NA,NA,NA,NA,NA,NA,NA,NA,NA,NA,NA,NA,NA,NA,TARGET_GONE,identity no longer active
2026-10-02T16:05:49Z,APP_21879_3030045,21879,3030045,23,2041,200.284,0,0,-1,-1,0,0.999931471,NA,NA,70.000000000,MEASURED_CPU_FAULT,CPU;INTERVAL_FAULTS,NA,NA,NA,NA,NA,NA,NA,NA,NA,NA,NA,NA,NA,NA,NA,NA,NA,NA,NA,NA,NA,NA,NA,TARGET_GONE,identity no longer active
2026-10-02T16:05:49Z,APP_21879_3030045,21879,3030045,23,2042,201.499,0,0,-1,-1,0,0.999931471,NA,NA,70.000000000,MEASURED_CPU_FAULT,CPU;INTERVAL_FAULTS,NA,NA,NA,NA,NA,NA,NA,NA,NA,NA,NA,NA,NA,NA,NA,NA,NA,NA,NA,NA,NA,NA,NA,TARGET_GONE,identity no longer active
2026-10-02T16:05:49Z,APP_21879_3030045,21879,3030045,23,2043,197.734,0,0,-1,-1,0,0.999931471,NA,NA,70.000000000,MEASURED_CPU_FAULT,CPU;INTERVAL_FAULTS,NA,NA,NA,NA,NA,NA,NA,NA,NA,NA,NA,NA,NA,NA,NA,NA,NA,NA,NA,NA,NA,NA,NA,TARGET_GONE,identity no longer active
2026-10-02T16:05:49Z,APP_21879_3030045,21879,3030045,23,2044,202.105,0,0,-1,-1,0,0.999931471,NA,NA,70.000000000,MEASURED_CPU_FAULT,CPU;INTERVAL_FAULTS,NA,NA,NA,NA,NA,NA,NA,NA,NA,NA,NA,NA,NA,NA,NA,NA,NA,NA,NA,NA,NA,NA,NA,TARGET_GONE,identity no longer active
2026-10-02T16:05:50Z,APP_21879_3030045,21879,3030045,23,2045,197.328,0,0,-1,-1,0,0.999931471,NA,NA,70.000000000,MEASURED_CPU_FAULT,CPU;INTERVAL_FAULTS,NA,NA,NA,NA,NA,NA,NA,NA,NA,NA,NA,NA,NA,NA,NA,NA,NA,NA,NA,NA,NA,NA,NA,TARGET_GONE,identity no longer active
2026-10-02T16:05:50Z,APP_21879_3030045,21879,3030045,23,2046,201.802,0,0,-1,-1,0,0.999931471,NA,NA,70.000000000,MEASURED_CPU_FAULT,CPU;INTERVAL_FAULTS,NA,NA,NA,NA,NA,NA,NA,NA,NA,NA,NA,NA,NA,NA,NA,NA,NA,NA,NA,NA,NA,NA,NA,TARGET_GONE,identity no longer active
2026-10-02T16:05:50Z,APP_21879_3030045,21879,3030045,23,2047,197.753,0,0,-1,-1,0,0.999931471,NA,NA,70.000000000,MEASURED_CPU_FAULT,CPU;INTERVAL_FAULTS,NA,NA,NA,NA,NA,NA,NA,NA,NA,NA,NA,NA,NA,NA,NA,NA,NA,NA,NA,NA,NA,NA,NA,TARGET_GONE,identity no longer active
2026-10-02T16:05:50Z,APP_21879_3030045,21879,3030045,23,2048,204.391,0,0,-1,-1,0,0.999931471,NA,NA,70.000000000,MEASURED_CPU_FAULT,CPU;INTERVAL_FAULTS,NA,NA,NA,NA,NA,NA,NA,NA,NA,NA,NA,NA,NA,NA,NA,NA,NA,NA,NA,NA,NA,NA,NA,TARGET_GONE,identity no longer active
2026-10-02T16:05:50Z,APP_21879_3030045,21879,3030045,23,2049,201.802,0,0,-1,-1,0,0.999931471,NA,NA,70.000000000,MEASURED_CPU_FAULT,CPU;INTERVAL_FAULTS,NA,NA,NA,NA,NA,NA,NA,NA,NA,NA,NA,NA,NA,NA,NA,NA,NA,NA,NA,NA,NA,NA,NA,TARGET_GONE,identity no longer active
2026-10-02T16:05:50Z,APP_21879_3030045,21879,3030045,23,2050,200.942,0,0,-1,-1,0,0.999931471,NA,NA,70.000000000,MEASURED_CPU_FAULT,CPU;INTERVAL_FAULTS,NA,NA,NA,NA,NA,NA,NA,NA,NA,NA,NA,NA,NA,NA,NA,NA,NA,NA,NA,NA,NA,NA,NA,TARGET_GONE,identity no longer active
2026-10-02T16:05:50Z,APP_21879_3030045,21879,3030045,23,2051,201.499,0,0,-1,-1,0,0.999931471,NA,NA,70.000000000,MEASURED_CPU_FAULT,CPU;INTERVAL_FAULTS,NA,NA,NA,NA,NA,NA,NA,NA,NA,NA,NA,NA,NA,NA,NA,NA,NA,NA,NA,NA,NA,NA,NA,TARGET_GONE,identity no longer active
2026-10-02T16:05:50Z,APP_21879_3030045,21879,3030045,23,2052,197.938,0,0,-1,-1,0,0.999931471,NA,NA,70.000000000,MEASURED_CPU_FAULT,CPU;INTERVAL_FAULTS,NA,NA,NA,NA,NA,NA,NA,NA,NA,NA,NA,NA,NA,NA,NA,NA,NA,NA,NA,NA,NA,NA,NA,TARGET_GONE,identity no longer active
2026-10-02T16:05:51Z,APP_21879_3030045,21879,3030045,23,2053,201.499,0,0,-1,-1,0,0.999931471,NA,NA,70.000000000,MEASURED_CPU_FAULT,CPU;INTERVAL_FAULTS,NA,NA,NA,NA,NA,NA,NA,NA,NA,NA,NA,NA,NA,NA,NA,NA,NA,NA,NA,NA,NA,NA,NA,TARGET_GONE,identity no longer active
2026-10-02T16:05:51Z,APP_21879_3030045,21879,3030045,23,2054,197.938,0,0,-1,-1,0,0.999931471,NA,NA,70.000000000,MEASURED_CPU_FAULT,CPU;INTERVAL_FAULTS,NA,NA,NA,NA,NA,NA,NA,NA,NA,NA,NA,NA,NA,NA,NA,NA,NA,NA,NA,NA,NA,NA,NA,TARGET_GONE,identity no longer active
2026-10-02T16:05:51Z,APP_21879_3030045,21879,3030045,23,2055,202.105,0,0,-1,-1,0,0.999931471,NA,NA,70.000000000,MEASURED_CPU_FAULT,CPU;INTERVAL_FAULTS,NA,NA,NA,NA,NA,NA,NA,NA,NA,NA,NA,NA,NA,NA,NA,NA,NA,NA,NA,NA,NA,NA,NA,TARGET_GONE,identity no longer active
2026-10-02T16:05:51Z,APP_21879_3030045,21879,3030045,23,2056,199.660,0,0,-1,-1,0,0.999931471,NA,NA,70.000000000,MEASURED_CPU_FAULT,CPU;INTERVAL_FAULTS,NA,NA,NA,NA,NA,NA,NA,NA,NA,NA,NA,NA,NA,NA,NA,NA,NA,NA,NA,NA,NA,NA,NA,TARGET_GONE,identity no longer active
2026-10-02T16:05:51Z,APP_21879_3030045,21879,3030045,23,2057,205.210,0,0,-1,-1,0,0.999931471,NA,NA,70.000000000,MEASURED_CPU_FAULT,CPU;INTERVAL_FAULTS,NA,NA,NA,NA,NA,NA,NA,NA,NA,NA,NA,NA,NA,NA,NA,NA,NA,NA,NA,NA,NA,NA,NA,TARGET_GONE,identity no longer active
2026-10-02T16:05:51Z,APP_21879_3030045,21879,3030045,23,2058,191.904,0,0,-1,-1,0,0.999931471,NA,NA,70.000000000,MEASURED_CPU_FAULT,CPU;INTERVAL_FAULTS,NA,NA,NA,NA,NA,NA,NA,NA,NA,NA,NA,NA,NA,NA,NA,NA,NA,NA,NA,NA,NA,NA,NA,TARGET_GONE,identity no longer active
2026-10-02T16:05:51Z,APP_21879_3030045,21879,3030045,23,2059,206.708,0,0,-1,-1,0,0.999931471,NA,NA,70.000000000,MEASURED_CPU_FAULT,CPU;INTERVAL_FAULTS,NA,NA,NA,NA,NA,NA,NA,NA,NA,NA,NA,NA,NA,NA,NA,NA,NA,NA,NA,NA,NA,NA,NA,TARGET_GONE,identity no longer active
2026-10-02T16:05:51Z,APP_21879_3030045,21879,3030045,23,2060,201.802,0,0,-1,-1,0,0.999931471,NA,NA,70.000000000,MEASURED_CPU_FAULT,CPU;INTERVAL_FAULTS,NA,NA,NA,NA,NA,NA,NA,NA,NA,NA,NA,NA,NA,NA,NA,NA,NA,NA,NA,NA,NA,NA,NA,TARGET_GONE,identity no longer active
2026-10-02T16:05:52Z,APP_21879_3030045,21879,3030045,23,2061,198.347,0,0,-1,-1,0,0.999931471,NA,NA,70.000000000,MEASURED_CPU_FAULT,CPU;INTERVAL_FAULTS,NA,NA,NA,NA,NA,NA,NA,NA,NA,NA,NA,NA,NA,NA,NA,NA,NA,NA,NA,NA,NA,NA,NA,TARGET_GONE,identity no longer active
2026-10-02T16:05:52Z,APP_21879_3030045,21879,3030045,23,2062,201.802,0,0,-1,-1,0,0.999931471,NA,NA,70.000000000,MEASURED_CPU_FAULT,CPU;INTERVAL_FAULTS,NA,NA,NA,NA,NA,NA,NA,NA,NA,NA,NA,NA,NA,NA,NA,NA,NA,NA,NA,NA,NA,NA,NA,TARGET_GONE,identity no longer active
2026-10-02T16:05:52Z,APP_21879_3030045,21879,3030045,23,2063,198.142,0,0,-1,-1,0,0.999931471,NA,NA,70.000000000,MEASURED_CPU_FAULT,CPU;INTERVAL_FAULTS,NA,NA,NA,NA,NA,NA,NA,NA,NA,NA,NA,NA,NA,NA,NA,NA,NA,NA,NA,NA,NA,NA,NA,TARGET_GONE,identity no longer active
2026-10-02T16:05:52Z,APP_21879_3030045,21879,3030045,23,2064,201.499,0,0,-1,-1,0,0.999931471,NA,NA,70.000000000,MEASURED_CPU_FAULT,CPU;INTERVAL_FAULTS,NA,NA,NA,NA,NA,NA,NA,NA,NA,NA,NA,NA,NA,NA,NA,NA,NA,NA,NA,NA,NA,NA,NA,TARGET_GONE,identity no longer active
2026-10-02T16:05:52Z,APP_21879_3030045,21879,3030045,23,2065,198.964,0,0,-1,-1,0,0.999931471,NA,NA,70.000000000,MEASURED_CPU_FAULT,CPU;INTERVAL_FAULTS,NA,NA,NA,NA,NA,NA,NA,NA,NA,NA,NA,NA,NA,NA,NA,NA,NA,NA,NA,NA,NA,NA,NA,TARGET_GONE,identity no longer active
2026-10-02T16:05:52Z,APP_21879_3030045,21879,3030045,23,2066,191.617,0,0,-1,-1,0,0.999931471,NA,NA,70.000000000,MEASURED_CPU_FAULT,CPU;INTERVAL_FAULTS,NA,NA,NA,NA,NA,NA,NA,NA,NA,NA,NA,NA,NA,NA,NA,NA,NA,NA,NA,NA,NA,NA,NA,TARGET_GONE,identity no longer active
2026-10-02T16:05:52Z,APP_21879_3030045,21879,3030045,23,2067,211.411,0,0,-1,-1,0,0.999931471,NA,NA,70.000000000,MEASURED_CPU_FAULT,CPU;INTERVAL_FAULTS,NA,NA,NA,NA,NA,NA,NA,NA,NA,NA,NA,NA,NA,NA,NA,NA,NA,NA,NA,NA,NA,NA,NA,TARGET_GONE,identity no longer active
2026-10-02T16:05:53Z,APP_21879_3030045,21879,3030045,23,2068,199.005,0,0,-1,-1,0,0.999931471,NA,NA,70.000000000,MEASURED_CPU_FAULT,CPU;INTERVAL_FAULTS,NA,NA,NA,NA,NA,NA,NA,NA,NA,NA,NA,NA,NA,NA,NA,NA,NA,NA,NA,NA,NA,NA,NA,TARGET_GONE,identity no longer active
2026-10-02T16:05:53Z,APP_21879_3030045,21879,3030045,23,2069,201.198,0,0,-1,-1,0,0.999931471,NA,NA,70.000000000,MEASURED_CPU_FAULT,CPU;INTERVAL_FAULTS,NA,NA,NA,NA,NA,NA,NA,NA,NA,NA,NA,NA,NA,NA,NA,NA,NA,NA,NA,NA,NA,NA,NA,TARGET_GONE,identity no longer active
2026-10-02T16:05:53Z,APP_21879_3030045,21879,3030045,23,2070,197.938,0,0,-1,-1,0,0.999931471,NA,NA,70.000000000,MEASURED_CPU_FAULT,CPU;INTERVAL_FAULTS,NA,NA,NA,NA,NA,NA,NA,NA,NA,NA,NA,NA,NA,NA,NA,NA,NA,NA,NA,NA,NA,NA,NA,TARGET_GONE,identity no longer active
2026-10-02T16:05:53Z,APP_21879_3030045,21879,3030045,23,2071,201.499,0,0,-1,-1,0,0.999931471,NA,NA,70.000000000,MEASURED_CPU_FAULT,CPU;INTERVAL_FAULTS,NA,NA,NA,NA,NA,NA,NA,NA,NA,NA,NA,NA,NA,NA,NA,NA,NA,NA,NA,NA,NA,NA,NA,TARGET_GONE,identity no longer active
2026-10-02T16:05:53Z,APP_21879_3030045,21879,3030045,23,2072,197.938,0,0,-1,-1,0,0.999931471,NA,NA,70.000000000,MEASURED_CPU_FAULT,CPU;INTERVAL_FAULTS,NA,NA,NA,NA,NA,NA,NA,NA,NA,NA,NA,NA,NA,NA,NA,NA,NA,NA,NA,NA,NA,NA,NA,TARGET_GONE,identity no longer active
2026-10-02T16:05:53Z,APP_21879_3030045,21879,3030045,23,2073,201.198,0,0,-1,-1,0,0.999931471,NA,NA,70.000000000,MEASURED_CPU_FAULT,CPU;INTERVAL_FAULTS,NA,NA,NA,NA,NA,NA,NA,NA,NA,NA,NA,NA,NA,NA,NA,NA,NA,NA,NA,NA,NA,NA,NA,TARGET_GONE,identity no longer active
2026-10-02T16:05:27Z,APP_21879_3030045,21879,3030045,24,2074,0.000,0,0,-1,-1,0,0.999931471,1,true,0.000000000,MEASURED_CPU_FAULT,CPU;INTERVAL_FAULTS,HOT,669.474315258,0.560000000,0.700000000,NA,NA,NA,NA,0.560000000,0.000000000,0.700000000,0.000000000,-1.000000000,1.232000000,NA,MOVE_THREAD,INVALID,NOT_APPLICABLE,INVALID,MOVE_THREAD,-1,-1,false,TARGET_GONE,identity no longer active
2026-10-02T16:05:28Z,APP_21879_3030045,21879,3030045,24,2075,0.000,0,0,-1,-1,0,0.999931471,NA,NA,0.000000000,MEASURED_CPU_FAULT,CPU;INTERVAL_FAULTS,NA,NA,NA,NA,NA,NA,NA,NA,NA,NA,NA,NA,NA,NA,NA,NA,NA,NA,NA,NA,NA,NA,NA,TARGET_GONE,identity no longer active
2026-10-02T16:05:28Z,APP_21879_3030045,21879,3030045,24,2076,6.934,0,0,-1,-1,0,0.999931471,NA,NA,4.853800000,MEASURED_CPU_FAULT,CPU;INTERVAL_FAULTS,NA,NA,NA,NA,NA,NA,NA,NA,NA,NA,NA,NA,NA,NA,NA,NA,NA,NA,NA,NA,NA,NA,NA,TARGET_GONE,identity no longer active
2026-10-02T16:05:28Z,APP_21879_3030045,21879,3030045,24,2077,0.000,0,0,-1,-1,0,0.999931471,NA,NA,0.000000000,MEASURED_CPU_FAULT,CPU;INTERVAL_FAULTS,NA,NA,NA,NA,NA,NA,NA,NA,NA,NA,NA,NA,NA,NA,NA,NA,NA,NA,NA,NA,NA,NA,NA,TARGET_GONE,identity no longer active
2026-10-02T16:05:28Z,APP_21879_3030045,21879,3030045,24,2078,0.000,0,0,-1,-1,0,0.999931471,NA,NA,0.000000000,MEASURED_CPU_FAULT,CPU;INTERVAL_FAULTS,NA,NA,NA,NA,NA,NA,NA,NA,NA,NA,NA,NA,NA,NA,NA,NA,NA,NA,NA,NA,NA,NA,NA,TARGET_GONE,identity no longer active
2026-10-02T16:05:28Z,APP_21879_3030045,21879,3030045,24,2079,0.000,0,0,-1,-1,0,0.999931471,NA,NA,0.000000000,MEASURED_CPU_FAULT,CPU;INTERVAL_FAULTS,NA,NA,NA,NA,NA,NA,NA,NA,NA,NA,NA,NA,NA,NA,NA,NA,NA,NA,NA,NA,NA,NA,NA,TARGET_GONE,identity no longer active
2026-10-02T16:05:28Z,APP_21879_3030045,21879,3030045,24,2080,0.000,0,0,-1,-1,0,0.999931471,NA,NA,0.000000000,MEASURED_CPU_FAULT,CPU;INTERVAL_FAULTS,NA,NA,NA,NA,NA,NA,NA,NA,NA,NA,NA,NA,NA,NA,NA,NA,NA,NA,NA,NA,NA,NA,NA,TARGET_GONE,identity no longer active
2026-10-02T16:05:29Z,APP_21879_3030045,21879,3030045,24,2081,0.000,0,0,-1,-1,0,0.999931471,NA,NA,0.000000000,MEASURED_CPU_FAULT,CPU;INTERVAL_FAULTS,NA,NA,NA,NA,NA,NA,NA,NA,NA,NA,NA,NA,NA,NA,NA,NA,NA,NA,NA,NA,NA,NA,NA,TARGET_GONE,identity no longer active
2026-10-02T16:05:29Z,APP_21879_3030045,21879,3030045,24,2082,95.238,0,0,-1,-1,0,0.999931471,NA,NA,66.666600000,MEASURED_CPU_FAULT,CPU;INTERVAL_FAULTS,NA,NA,NA,NA,NA,NA,NA,NA,NA,NA,NA,NA,NA,NA,NA,NA,NA,NA,NA,NA,NA,NA,NA,TARGET_GONE,identity no longer active
2026-10-02T16:05:29Z,APP_21879_3030045,21879,3030045,24,2083,201.802,0,0,-1,-1,0,0.999931471,NA,NA,70.000000000,MEASURED_CPU_FAULT,CPU;INTERVAL_FAULTS,NA,NA,NA,NA,NA,NA,NA,NA,NA,NA,NA,NA,NA,NA,NA,NA,NA,NA,NA,NA,NA,NA,NA,TARGET_GONE,identity no longer active
2026-10-02T16:05:29Z,APP_21879_3030045,21879,3030045,24,2084,198.650,0,0,-1,-1,0,0.999931471,NA,NA,70.000000000,MEASURED_CPU_FAULT,CPU;INTERVAL_FAULTS,NA,NA,NA,NA,NA,NA,NA,NA,NA,NA,NA,NA,NA,NA,NA,NA,NA,NA,NA,NA,NA,NA,NA,TARGET_GONE,identity no longer active
2026-10-02T16:05:29Z,APP_21879_3030045,21879,3030045,24,2085,201.198,0,0,-1,-1,0,0.999931471,NA,NA,70.000000000,MEASURED_CPU_FAULT,CPU;INTERVAL_FAULTS,NA,NA,NA,NA,NA,NA,NA,NA,NA,NA,NA,NA,NA,NA,NA,NA,NA,NA,NA,NA,NA,NA,NA,TARGET_GONE,identity no longer active
2026-10-02T16:05:29Z,APP_21879_3030045,21879,3030045,24,2086,202.230,0,0,-1,-1,0,0.999931471,NA,NA,70.000000000,MEASURED_CPU_FAULT,CPU;INTERVAL_FAULTS,NA,NA,NA,NA,NA,NA,NA,NA,NA,NA,NA,NA,NA,NA,NA,NA,NA,NA,NA,NA,NA,NA,NA,TARGET_GONE,identity no longer active
2026-10-02T16:05:29Z,APP_21879_3030045,21879,3030045,24,2087,191.617,0,0,-1,-1,0,0.999931471,NA,NA,70.000000000,MEASURED_CPU_FAULT,CPU;INTERVAL_FAULTS,NA,NA,NA,NA,NA,NA,NA,NA,NA,NA,NA,NA,NA,NA,NA,NA,NA,NA,NA,NA,NA,NA,NA,TARGET_GONE,identity no longer active
2026-10-02T16:05:29Z,APP_21879_3030045,21879,3030045,24,2088,202.043,0,0,-1,-1,0,0.999931471,NA,NA,70.000000000,MEASURED_CPU_FAULT,CPU;INTERVAL_FAULTS,NA,NA,NA,NA,NA,NA,NA,NA,NA,NA,NA,NA,NA,NA,NA,NA,NA,NA,NA,NA,NA,NA,NA,TARGET_GONE,identity no longer active
2026-10-02T16:05:30Z,APP_21879_3030045,21879,3030045,24,2089,201.198,0,0,-1,-1,0,0.999931471,NA,NA,70.000000000,MEASURED_CPU_FAULT,CPU;INTERVAL_FAULTS,NA,NA,NA,NA,NA,NA,NA,NA,NA,NA,NA,NA,NA,NA,NA,NA,NA,NA,NA,NA,NA,NA,NA,TARGET_GONE,identity no longer active
2026-10-02T16:05:30Z,APP_21879_3030045,21879,3030045,24,2090,197.280,0,0,-1,-1,0,0.999931471,NA,NA,70.000000000,MEASURED_CPU_FAULT,CPU;INTERVAL_FAULTS,NA,NA,NA,NA,NA,NA,NA,NA,NA,NA,NA,NA,NA,NA,NA,NA,NA,NA,NA,NA,NA,NA,NA,TARGET_GONE,identity no longer active
2026-10-02T16:05:30Z,APP_21879_3030045,21879,3030045,24,2091,210.778,0,0,-1,-1,0,0.999931471,NA,NA,70.000000000,MEASURED_CPU_FAULT,CPU;INTERVAL_FAULTS,NA,NA,NA,NA,NA,NA,NA,NA,NA,NA,NA,NA,NA,NA,NA,NA,NA,NA,NA,NA,NA,NA,NA,TARGET_GONE,identity no longer active
2026-10-02T16:05:30Z,APP_21879_3030045,21879,3030045,24,2092,191.904,0,0,-1,-1,0,0.999931471,NA,NA,70.000000000,MEASURED_CPU_FAULT,CPU;INTERVAL_FAULTS,NA,NA,NA,NA,NA,NA,NA,NA,NA,NA,NA,NA,NA,NA,NA,NA,NA,NA,NA,NA,NA,NA,NA,TARGET_GONE,identity no longer active
2026-10-02T16:05:30Z,APP_21879_3030045,21879,3030045,24,2093,205.714,0,0,-1,-1,0,0.999931471,NA,NA,70.000000000,MEASURED_CPU_FAULT,CPU;INTERVAL_FAULTS,NA,NA,NA,NA,NA,NA,NA,NA,NA,NA,NA,NA,NA,NA,NA,NA,NA,NA,NA,NA,NA,NA,NA,TARGET_GONE,identity no longer active
2026-10-02T16:05:30Z,APP_21879_3030045,21879,3030045,24,2094,201.198,0,0,-1,-1,0,0.999931471,NA,NA,70.000000000,MEASURED_CPU_FAULT,CPU;INTERVAL_FAULTS,NA,NA,NA,NA,NA,NA,NA,NA,NA,NA,NA,NA,NA,NA,NA,NA,NA,NA,NA,NA,NA,NA,NA,TARGET_GONE,identity no longer active
2026-10-02T16:05:30Z,APP_21879_3030045,21879,3030045,24,2095,196.648,0,0,-1,-1,0,0.999931471,NA,NA,70.000000000,MEASURED_CPU_FAULT,CPU;INTERVAL_FAULTS,NA,NA,NA,NA,NA,NA,NA,NA,NA,NA,NA,NA,NA,NA,NA,NA,NA,NA,NA,NA,NA,NA,NA,TARGET_GONE,identity no longer active
2026-10-02T16:05:30Z,APP_21879_3030045,21879,3030045,24,2096,201.499,0,0,-1,-1,0,0.999931471,NA,NA,70.000000000,MEASURED_CPU_FAULT,CPU;INTERVAL_FAULTS,NA,NA,NA,NA,NA,NA,NA,NA,NA,NA,NA,NA,NA,NA,NA,NA,NA,NA,NA,NA,NA,NA,NA,TARGET_GONE,identity no longer active
2026-10-02T16:05:31Z,APP_21879_3030045,21879,3030045,24,2097,202.772,0,0,-1,-1,0,0.999931471,NA,NA,70.000000000,MEASURED_CPU_FAULT,CPU;INTERVAL_FAULTS,NA,NA,NA,NA,NA,NA,NA,NA,NA,NA,NA,NA,NA,NA,NA,NA,NA,NA,NA,NA,NA,NA,NA,TARGET_GONE,identity no longer active
2026-10-02T16:05:31Z,APP_21879_3030045,21879,3030045,24,2098,201.499,0,0,-1,-1,0,0.999931471,NA,NA,70.000000000,MEASURED_CPU_FAULT,CPU;INTERVAL_FAULTS,NA,NA,NA,NA,NA,NA,NA,NA,NA,NA,NA,NA,NA,NA,NA,NA,NA,NA,NA,NA,NA,NA,NA,TARGET_GONE,identity no longer active
2026-10-02T16:05:31Z,APP_21879_3030045,21879,3030045,24,2099,195.918,0,0,-1,-1,0,0.999931471,NA,NA,70.000000000,MEASURED_CPU_FAULT,CPU;INTERVAL_FAULTS,NA,NA,NA,NA,NA,NA,NA,NA,NA,NA,NA,NA,NA,NA,NA,NA,NA,NA,NA,NA,NA,NA,NA,TARGET_GONE,identity no longer active
2026-10-02T16:05:31Z,APP_21879_3030045,21879,3030045,24,2100,211.411,0,0,-1,-1,0,0.999931471,NA,NA,70.000000000,MEASURED_CPU_FAULT,CPU;INTERVAL_FAULTS,NA,NA,NA,NA,NA,NA,NA,NA,NA,NA,NA,NA,NA,NA,NA,NA,NA,NA,NA,NA,NA,NA,NA,TARGET_GONE,identity no longer active
2026-10-02T16:05:31Z,APP_21879_3030045,21879,3030045,24,2101,201.499,0,0,-1,-1,0,0.999931471,NA,NA,70.000000000,MEASURED_CPU_FAULT,CPU;INTERVAL_FAULTS,NA,NA,NA,NA,NA,NA,NA,NA,NA,NA,NA,NA,NA,NA,NA,NA,NA,NA,NA,NA,NA,NA,NA,TARGET_GONE,identity no longer active
2026-10-02T16:05:31Z,APP_21879_3030045,21879,3030045,24,2102,198.706,0,0,-1,-1,0,0.999931471,NA,NA,70.000000000,MEASURED_CPU_FAULT,CPU;INTERVAL_FAULTS,NA,NA,NA,NA,NA,NA,NA,NA,NA,NA,NA,NA,NA,NA,NA,NA,NA,NA,NA,NA,NA,NA,NA,TARGET_GONE,identity no longer active
2026-10-02T16:05:31Z,APP_21879_3030045,21879,3030045,24,2103,191.904,0,0,-1,-1,0,0.999931471,NA,NA,70.000000000,MEASURED_CPU_FAULT,CPU;INTERVAL_FAULTS,NA,NA,NA,NA,NA,NA,NA,NA,NA,NA,NA,NA,NA,NA,NA,NA,NA,NA,NA,NA,NA,NA,NA,TARGET_GONE,identity no longer active
2026-10-02T16:05:31Z,APP_21879_3030045,21879,3030045,24,2104,204.325,0,0,-1,-1,0,0.999931471,NA,NA,70.000000000,MEASURED_CPU_FAULT,CPU;INTERVAL_FAULTS,NA,NA,NA,NA,NA,NA,NA,NA,NA,NA,NA,NA,NA,NA,NA,NA,NA,NA,NA,NA,NA,NA,NA,TARGET_GONE,identity no longer active
2026-10-02T16:05:31Z,APP_21879_3030045,21879,3030045,24,2105,201.499,0,0,-1,-1,0,0.999931471,NA,NA,70.000000000,MEASURED_CPU_FAULT,CPU;INTERVAL_FAULTS,NA,NA,NA,NA,NA,NA,NA,NA,NA,NA,NA,NA,NA,NA,NA,NA,NA,NA,NA,NA,NA,NA,NA,TARGET_GONE,identity no longer active
2026-10-02T16:05:32Z,APP_21879_3030045,21879,3030045,24,2106,197.531,0,0,-1,-1,0,0.999931471,NA,NA,70.000000000,MEASURED_CPU_FAULT,CPU;INTERVAL_FAULTS,NA,NA,NA,NA,NA,NA,NA,NA,NA,NA,NA,NA,NA,NA,NA,NA,NA,NA,NA,NA,NA,NA,NA,TARGET_GONE,identity no longer active
2026-10-02T16:05:32Z,APP_21879_3030045,21879,3030045,24,2107,201.499,0,0,-1,-1,0,0.999931471,NA,NA,70.000000000,MEASURED_CPU_FAULT,CPU;INTERVAL_FAULTS,NA,NA,NA,NA,NA,NA,NA,NA,NA,NA,NA,NA,NA,NA,NA,NA,NA,NA,NA,NA,NA,NA,NA,TARGET_GONE,identity no longer active
2026-10-02T16:05:32Z,APP_21879_3030045,21879,3030045,24,2108,203.885,0,0,-1,-1,0,0.999931471,NA,NA,70.000000000,MEASURED_CPU_FAULT,CPU;INTERVAL_FAULTS,NA,NA,NA,NA,NA,NA,NA,NA,NA,NA,NA,NA,NA,NA,NA,NA,NA,NA,NA,NA,NA,NA,NA,TARGET_GONE,identity no longer active
2026-10-02T16:05:32Z,APP_21879_3030045,21879,3030045,24,2109,192.771,0,0,-1,-1,0,0.999931471,NA,NA,70.000000000,MEASURED_CPU_FAULT,CPU;INTERVAL_FAULTS,NA,NA,NA,NA,NA,NA,NA,NA,NA,NA,NA,NA,NA,NA,NA,NA,NA,NA,NA,NA,NA,NA,NA,TARGET_GONE,identity no longer active
2026-10-02T16:05:32Z,APP_21879_3030045,21879,3030045,24,2110,201.499,0,0,-1,-1,0,0.999931471,NA,NA,70.000000000,MEASURED_CPU_FAULT,CPU;INTERVAL_FAULTS,NA,NA,NA,NA,NA,NA,NA,NA,NA,NA,NA,NA,NA,NA,NA,NA,NA,NA,NA,NA,NA,NA,NA,TARGET_GONE,identity no longer active
2026-10-02T16:05:32Z,APP_21879_3030045,21879,3030045,24,2111,191.847,0,0,-1,-1,0,0.999931471,NA,NA,70.000000000,MEASURED_CPU_FAULT,CPU;INTERVAL_FAULTS,NA,NA,NA,NA,NA,NA,NA,NA,NA,NA,NA,NA,NA,NA,NA,NA,NA,NA,NA,NA,NA,NA,NA,TARGET_GONE,identity no longer active
2026-10-02T16:05:32Z,APP_21879_3030045,21879,3030045,24,2112,201.198,0,0,-1,-1,0,0.999931471,NA,NA,70.000000000,MEASURED_CPU_FAULT,CPU;INTERVAL_FAULTS,NA,NA,NA,NA,NA,NA,NA,NA,NA,NA,NA,NA,NA,NA,NA,NA,NA,NA,NA,NA,NA,NA,NA,TARGET_GONE,identity no longer active
2026-10-02T16:05:32Z,APP_21879_3030045,21879,3030045,24,2113,204.115,0,0,-1,-1,0,0.999931471,NA,NA,70.000000000,MEASURED_CPU_FAULT,CPU;INTERVAL_FAULTS,NA,NA,NA,NA,NA,NA,NA,NA,NA,NA,NA,NA,NA,NA,NA,NA,NA,NA,NA,NA,NA,NA,NA,TARGET_GONE,identity no longer active
2026-10-02T16:05:33Z,APP_21879_3030045,21879,3030045,24,2114,192.192,0,0,-1,-1,0,0.999931471,NA,NA,70.000000000,MEASURED_CPU_FAULT,CPU;INTERVAL_FAULTS,NA,NA,NA,NA,NA,NA,NA,NA,NA,NA,NA,NA,NA,NA,NA,NA,NA,NA,NA,NA,NA,NA,NA,TARGET_GONE,identity no longer active
2026-10-02T16:05:33Z,APP_21879_3030045,21879,3030045,24,2115,204.115,0,0,-1,-1,0,0.999931471,NA,NA,70.000000000,MEASURED_CPU_FAULT,CPU;INTERVAL_FAULTS,NA,NA,NA,NA,NA,NA,NA,NA,NA,NA,NA,NA,NA,NA,NA,NA,NA,NA,NA,NA,NA,NA,NA,TARGET_GONE,identity no longer active
2026-10-02T16:05:33Z,APP_21879_3030045,21879,3030045,24,2116,201.802,0,0,-1,-1,0,0.999931471,NA,NA,70.000000000,MEASURED_CPU_FAULT,CPU;INTERVAL_FAULTS,NA,NA,NA,NA,NA,NA,NA,NA,NA,NA,NA,NA,NA,NA,NA,NA,NA,NA,NA,NA,NA,NA,NA,TARGET_GONE,identity no longer active
2026-10-02T16:05:33Z,APP_21879_3030045,21879,3030045,24,2117,201.491,0,0,-1,-1,0,0.999931471,NA,NA,70.000000000,MEASURED_CPU_FAULT,CPU;INTERVAL_FAULTS,NA,NA,NA,NA,NA,NA,NA,NA,NA,NA,NA,NA,NA,NA,NA,NA,NA,NA,NA,NA,NA,NA,NA,TARGET_GONE,identity no longer active
2026-10-02T16:05:33Z,APP_21879_3030045,21879,3030045,24,2118,192.771,0,0,-1,-1,0,0.999931471,NA,NA,70.000000000,MEASURED_CPU_FAULT,CPU;INTERVAL_FAULTS,NA,NA,NA,NA,NA,NA,NA,NA,NA,NA,NA,NA,NA,NA,NA,NA,NA,NA,NA,NA,NA,NA,NA,TARGET_GONE,identity no longer active
2026-10-02T16:05:33Z,APP_21879_3030045,21879,3030045,24,2119,201.499,0,0,-1,-1,0,0.999931471,NA,NA,70.000000000,MEASURED_CPU_FAULT,CPU;INTERVAL_FAULTS,NA,NA,NA,NA,NA,NA,NA,NA,NA,NA,NA,NA,NA,NA,NA,NA,NA,NA,NA,NA,NA,NA,NA,TARGET_GONE,identity no longer active
2026-10-02T16:05:33Z,APP_21879_3030045,21879,3030045,24,2120,199.253,0,0,-1,-1,0,0.999931471,NA,NA,70.000000000,MEASURED_CPU_FAULT,CPU;INTERVAL_FAULTS,NA,NA,NA,NA,NA,NA,NA,NA,NA,NA,NA,NA,NA,NA,NA,NA,NA,NA,NA,NA,NA,NA,NA,TARGET_GONE,identity no longer active
2026-10-02T16:05:33Z,APP_21879_3030045,21879,3030045,24,2121,201.198,0,0,-1,-1,0,0.999931471,NA,NA,70.000000000,MEASURED_CPU_FAULT,CPU;INTERVAL_FAULTS,NA,NA,NA,NA,NA,NA,NA,NA,NA,NA,NA,NA,NA,NA,NA,NA,NA,NA,NA,NA,NA,NA,NA,TARGET_GONE,identity no longer active
2026-10-02T16:05:34Z,APP_21879_3030045,21879,3030045,24,2122,198.142,0,0,-1,-1,0,0.999931471,NA,NA,70.000000000,MEASURED_CPU_FAULT,CPU;INTERVAL_FAULTS,NA,NA,NA,NA,NA,NA,NA,NA,NA,NA,NA,NA,NA,NA,NA,NA,NA,NA,NA,NA,NA,NA,NA,TARGET_GONE,identity no longer active
2026-10-02T16:05:34Z,APP_21879_3030045,21879,3030045,24,2123,200.897,0,0,-1,-1,0,0.999931471,NA,NA,70.000000000,MEASURED_CPU_FAULT,CPU;INTERVAL_FAULTS,NA,NA,NA,NA,NA,NA,NA,NA,NA,NA,NA,NA,NA,NA,NA,NA,NA,NA,NA,NA,NA,NA,NA,TARGET_GONE,identity no longer active
2026-10-02T16:05:34Z,APP_21879_3030045,21879,3030045,24,2124,197.938,0,0,-1,-1,0,0.999931471,NA,NA,70.000000000,MEASURED_CPU_FAULT,CPU;INTERVAL_FAULTS,NA,NA,NA,NA,NA,NA,NA,NA,NA,NA,NA,NA,NA,NA,NA,NA,NA,NA,NA,NA,NA,NA,NA,TARGET_GONE,identity no longer active
2026-10-02T16:05:34Z,APP_21879_3030045,21879,3030045,24,2125,201.499,0,0,-1,-1,0,0.999931471,NA,NA,70.000000000,MEASURED_CPU_FAULT,CPU;INTERVAL_FAULTS,NA,NA,NA,NA,NA,NA,NA,NA,NA,NA,NA,NA,NA,NA,NA,NA,NA,NA,NA,NA,NA,NA,NA,TARGET_GONE,identity no longer active
2026-10-02T16:05:34Z,APP_21879_3030045,21879,3030045,24,2126,202.625,0,0,-1,-1,0,0.999931471,NA,NA,70.000000000,MEASURED_CPU_FAULT,CPU;INTERVAL_FAULTS,NA,NA,NA,NA,NA,NA,NA,NA,NA,NA,NA,NA,NA,NA,NA,NA,NA,NA,NA,NA,NA,NA,NA,TARGET_GONE,identity no longer active
2026-10-02T16:05:34Z,APP_21879_3030045,21879,3030045,24,2127,192.192,0,0,-1,-1,0,0.999931471,NA,NA,70.000000000,MEASURED_CPU_FAULT,CPU;INTERVAL_FAULTS,NA,NA,NA,NA,NA,NA,NA,NA,NA,NA,NA,NA,NA,NA,NA,NA,NA,NA,NA,NA,NA,NA,NA,TARGET_GONE,identity no longer active
2026-10-02T16:05:34Z,APP_21879_3030045,21879,3030045,24,2128,201.198,0,0,-1,-1,0,0.999931471,NA,NA,70.000000000,MEASURED_CPU_FAULT,CPU;INTERVAL_FAULTS,NA,NA,NA,NA,NA,NA,NA,NA,NA,NA,NA,NA,NA,NA,NA,NA,NA,NA,NA,NA,NA,NA,NA,TARGET_GONE,identity no longer active
2026-10-02T16:05:34Z,APP_21879_3030045,21879,3030045,24,2129,199.253,0,0,-1,-1,0,0.999931471,NA,NA,70.000000000,MEASURED_CPU_FAULT,CPU;INTERVAL_FAULTS,NA,NA,NA,NA,NA,NA,NA,NA,NA,NA,NA,NA,NA,NA,NA,NA,NA,NA,NA,NA,NA,NA,NA,TARGET_GONE,identity no longer active
2026-10-02T16:05:34Z,APP_21879_3030045,21879,3030045,24,2130,201.802,0,0,-1,-1,0,0.999931471,NA,NA,70.000000000,MEASURED_CPU_FAULT,CPU;INTERVAL_FAULTS,NA,NA,NA,NA,NA,NA,NA,NA,NA,NA,NA,NA,NA,NA,NA,NA,NA,NA,NA,NA,NA,NA,NA,TARGET_GONE,identity no longer active
2026-10-02T16:05:35Z,APP_21879_3030045,21879,3030045,24,2131,197.328,0,0,-1,-1,0,0.999931471,NA,NA,70.000000000,MEASURED_CPU_FAULT,CPU;INTERVAL_FAULTS,NA,NA,NA,NA,NA,NA,NA,NA,NA,NA,NA,NA,NA,NA,NA,NA,NA,NA,NA,NA,NA,NA,NA,TARGET_GONE,identity no longer active
2026-10-02T16:05:35Z,APP_21879_3030045,21879,3030045,24,2132,201.499,0,0,-1,-1,0,0.999931471,NA,NA,70.000000000,MEASURED_CPU_FAULT,CPU;INTERVAL_FAULTS,NA,NA,NA,NA,NA,NA,NA,NA,NA,NA,NA,NA,NA,NA,NA,NA,NA,NA,NA,NA,NA,NA,NA,TARGET_GONE,identity no longer active
2026-10-02T16:05:35Z,APP_21879_3030045,21879,3030045,24,2133,198.142,0,0,-1,-1,0,0.999931471,NA,NA,70.000000000,MEASURED_CPU_FAULT,CPU;INTERVAL_FAULTS,NA,NA,NA,NA,NA,NA,NA,NA,NA,NA,NA,NA,NA,NA,NA,NA,NA,NA,NA,NA,NA,NA,NA,TARGET_GONE,identity no longer active
2026-10-02T16:05:35Z,APP_21879_3030045,21879,3030045,24,2134,201.198,0,0,-1,-1,0,0.999931471,NA,NA,70.000000000,MEASURED_CPU_FAULT,CPU;INTERVAL_FAULTS,NA,NA,NA,NA,NA,NA,NA,NA,NA,NA,NA,NA,NA,NA,NA,NA,NA,NA,NA,NA,NA,NA,NA,TARGET_GONE,identity no longer active
2026-10-02T16:05:35Z,APP_21879_3030045,21879,3030045,24,2135,203.253,0,0,-1,-1,0,0.999931471,NA,NA,70.000000000,MEASURED_CPU_FAULT,CPU;INTERVAL_FAULTS,NA,NA,NA,NA,NA,NA,NA,NA,NA,NA,NA,NA,NA,NA,NA,NA,NA,NA,NA,NA,NA,NA,NA,TARGET_GONE,identity no longer active
2026-10-02T16:05:35Z,APP_21879_3030045,21879,3030045,24,2136,192.192,0,0,-1,-1,0,0.999931471,NA,NA,70.000000000,MEASURED_CPU_FAULT,CPU;INTERVAL_FAULTS,NA,NA,NA,NA,NA,NA,NA,NA,NA,NA,NA,NA,NA,NA,NA,NA,NA,NA,NA,NA,NA,NA,NA,TARGET_GONE,identity no longer active
2026-10-02T16:05:35Z,APP_21879_3030045,21879,3030045,24,2137,201.499,0,0,-1,-1,0,0.999931471,NA,NA,70.000000000,MEASURED_CPU_FAULT,CPU;INTERVAL_FAULTS,NA,NA,NA,NA,NA,NA,NA,NA,NA,NA,NA,NA,NA,NA,NA,NA,NA,NA,NA,NA,NA,NA,NA,TARGET_GONE,identity no longer active
2026-10-02T16:05:35Z,APP_21879_3030045,21879,3030045,24,2138,199.253,0,0,-1,-1,0,0.999931471,NA,NA,70.000000000,MEASURED_CPU_FAULT,CPU;INTERVAL_FAULTS,NA,NA,NA,NA,NA,NA,NA,NA,NA,NA,NA,NA,NA,NA,NA,NA,NA,NA,NA,NA,NA,NA,NA,TARGET_GONE,identity no longer active
2026-10-02T16:05:36Z,APP_21879_3030045,21879,3030045,24,2139,201.198,0,0,-1,-1,0,0.999931471,NA,NA,70.000000000,MEASURED_CPU_FAULT,CPU;INTERVAL_FAULTS,NA,NA,NA,NA,NA,NA,NA,NA,NA,NA,NA,NA,NA,NA,NA,NA,NA,NA,NA,NA,NA,NA,NA,TARGET_GONE,identity no longer active
2026-10-02T16:05:36Z,APP_21879_3030045,21879,3030045,24,2140,197.938,0,0,-1,-1,0,0.999931471,NA,NA,70.000000000,MEASURED_CPU_FAULT,CPU;INTERVAL_FAULTS,NA,NA,NA,NA,NA,NA,NA,NA,NA,NA,NA,NA,NA,NA,NA,NA,NA,NA,NA,NA,NA,NA,NA,TARGET_GONE,identity no longer active
2026-10-02T16:05:36Z,APP_21879_3030045,21879,3030045,24,2141,201.198,0,0,-1,-1,0,0.999931471,NA,NA,70.000000000,MEASURED_CPU_FAULT,CPU;INTERVAL_FAULTS,NA,NA,NA,NA,NA,NA,NA,NA,NA,NA,NA,NA,NA,NA,NA,NA,NA,NA,NA,NA,NA,NA,NA,TARGET_GONE,identity no longer active
2026-10-02T16:05:36Z,APP_21879_3030045,21879,3030045,24,2142,197.734,0,0,-1,-1,0,0.999931471,NA,NA,70.000000000,MEASURED_CPU_FAULT,CPU;INTERVAL_FAULTS,NA,NA,NA,NA,NA,NA,NA,NA,NA,NA,NA,NA,NA,NA,NA,NA,NA,NA,NA,NA,NA,NA,NA,TARGET_GONE,identity no longer active
2026-10-02T16:05:36Z,APP_21879_3030045,21879,3030045,24,2143,201.802,0,0,-1,-1,0,0.999931471,NA,NA,70.000000000,MEASURED_CPU_FAULT,CPU;INTERVAL_FAULTS,NA,NA,NA,NA,NA,NA,NA,NA,NA,NA,NA,NA,NA,NA,NA,NA,NA,NA,NA,NA,NA,NA,NA,TARGET_GONE,identity no longer active
2026-10-02T16:05:36Z,APP_21879_3030045,21879,3030045,24,2144,203.096,0,0,-1,-1,0,0.999931471,NA,NA,70.000000000,MEASURED_CPU_FAULT,CPU;INTERVAL_FAULTS,NA,NA,NA,NA,NA,NA,NA,NA,NA,NA,NA,NA,NA,NA,NA,NA,NA,NA,NA,NA,NA,NA,NA,TARGET_GONE,identity no longer active
2026-10-02T16:05:36Z,APP_21879_3030045,21879,3030045,24,2145,191.617,0,0,-1,-1,0,0.999931471,NA,NA,70.000000000,MEASURED_CPU_FAULT,CPU;INTERVAL_FAULTS,NA,NA,NA,NA,NA,NA,NA,NA,NA,NA,NA,NA,NA,NA,NA,NA,NA,NA,NA,NA,NA,NA,NA,TARGET_GONE,identity no longer active
2026-10-02T16:05:36Z,APP_21879_3030045,21879,3030045,24,2146,201.499,0,0,-1,-1,0,0.999931471,NA,NA,70.000000000,MEASURED_CPU_FAULT,CPU;INTERVAL_FAULTS,NA,NA,NA,NA,NA,NA,NA,NA,NA,NA,NA,NA,NA,NA,NA,NA,NA,NA,NA,NA,NA,NA,NA,TARGET_GONE,identity no longer active
2026-10-02T16:05:37Z,APP_21879_3030045,21879,3030045,24,2147,199.253,0,0,-1,-1,0,0.999931471,NA,NA,70.000000000,MEASURED_CPU_FAULT,CPU;INTERVAL_FAULTS,NA,NA,NA,NA,NA,NA,NA,NA,NA,NA,NA,NA,NA,NA,NA,NA,NA,NA,NA,NA,NA,NA,NA,TARGET_GONE,identity no longer active
2026-10-02T16:05:37Z,APP_21879_3030045,21879,3030045,24,2148,201.198,0,0,-1,-1,0,0.999931471,NA,NA,70.000000000,MEASURED_CPU_FAULT,CPU;INTERVAL_FAULTS,NA,NA,NA,NA,NA,NA,NA,NA,NA,NA,NA,NA,NA,NA,NA,NA,NA,NA,NA,NA,NA,NA,NA,TARGET_GONE,identity no longer active
2026-10-02T16:05:37Z,APP_21879_3030045,21879,3030045,24,2149,197.734,0,0,-1,-1,0,0.999931471,NA,NA,70.000000000,MEASURED_CPU_FAULT,CPU;INTERVAL_FAULTS,NA,NA,NA,NA,NA,NA,NA,NA,NA,NA,NA,NA,NA,NA,NA,NA,NA,NA,NA,NA,NA,NA,NA,TARGET_GONE,identity no longer active
2026-10-02T16:05:37Z,APP_21879_3030045,21879,3030045,24,2150,201.802,0,0,-1,-1,0,0.999931471,NA,NA,70.000000000,MEASURED_CPU_FAULT,CPU;INTERVAL_FAULTS,NA,NA,NA,NA,NA,NA,NA,NA,NA,NA,NA,NA,NA,NA,NA,NA,NA,NA,NA,NA,NA,NA,NA,TARGET_GONE,identity no longer active
2026-10-02T16:05:37Z,APP_21879_3030045,21879,3030045,24,2151,197.531,0,0,-1,-1,0,0.999931471,NA,NA,70.000000000,MEASURED_CPU_FAULT,CPU;INTERVAL_FAULTS,NA,NA,NA,NA,NA,NA,NA,NA,NA,NA,NA,NA,NA,NA,NA,NA,NA,NA,NA,NA,NA,NA,NA,TARGET_GONE,identity no longer active
2026-10-02T16:05:37Z,APP_21879_3030045,21879,3030045,24,2152,201.499,0,0,-1,-1,0,0.999931471,NA,NA,70.000000000,MEASURED_CPU_FAULT,CPU;INTERVAL_FAULTS,NA,NA,NA,NA,NA,NA,NA,NA,NA,NA,NA,NA,NA,NA,NA,NA,NA,NA,NA,NA,NA,NA,NA,TARGET_GONE,identity no longer active
2026-10-02T16:05:37Z,APP_21879_3030045,21879,3030045,24,2153,202.755,0,0,-1,-1,0,0.999931471,NA,NA,70.000000000,MEASURED_CPU_FAULT,CPU;INTERVAL_FAULTS,NA,NA,NA,NA,NA,NA,NA,NA,NA,NA,NA,NA,NA,NA,NA,NA,NA,NA,NA,NA,NA,NA,NA,TARGET_GONE,identity no longer active
2026-10-02T16:05:37Z,APP_21879_3030045,21879,3030045,24,2154,191.617,0,0,-1,-1,0,0.999931471,NA,NA,70.000000000,MEASURED_CPU_FAULT,CPU;INTERVAL_FAULTS,NA,NA,NA,NA,NA,NA,NA,NA,NA,NA,NA,NA,NA,NA,NA,NA,NA,NA,NA,NA,NA,NA,NA,TARGET_GONE,identity no longer active
2026-10-02T16:05:38Z,APP_21879_3030045,21879,3030045,24,2155,201.499,0,0,-1,-1,0,0.999931471,NA,NA,70.000000000,MEASURED_CPU_FAULT,CPU;INTERVAL_FAULTS,NA,NA,NA,NA,NA,NA,NA,NA,NA,NA,NA,NA,NA,NA,NA,NA,NA,NA,NA,NA,NA,NA,NA,TARGET_GONE,identity no longer active
2026-10-02T16:05:38Z,APP_21879_3030045,21879,3030045,24,2156,206.708,0,0,-1,-1,0,0.999931471,NA,NA,70.000000000,MEASURED_CPU_FAULT,CPU;INTERVAL_FAULTS,NA,NA,NA,NA,NA,NA,NA,NA,NA,NA,NA,NA,NA,NA,NA,NA,NA,NA,NA,NA,NA,NA,NA,TARGET_GONE,identity no longer active
2026-10-02T16:05:38Z,APP_21879_3030045,21879,3030045,24,2157,191.617,0,0,-1,-1,0,0.999931471,NA,NA,70.000000000,MEASURED_CPU_FAULT,CPU;INTERVAL_FAULTS,NA,NA,NA,NA,NA,NA,NA,NA,NA,NA,NA,NA,NA,NA,NA,NA,NA,NA,NA,NA,NA,NA,NA,TARGET_GONE,identity no longer active
2026-10-02T16:05:38Z,APP_21879_3030045,21879,3030045,24,2158,200.607,0,0,-1,-1,0,0.999931471,NA,NA,70.000000000,MEASURED_CPU_FAULT,CPU;INTERVAL_FAULTS,NA,NA,NA,NA,NA,NA,NA,NA,NA,NA,NA,NA,NA,NA,NA,NA,NA,NA,NA,NA,NA,NA,NA,TARGET_GONE,identity no longer active
2026-10-02T16:05:38Z,APP_21879_3030045,21879,3030045,24,2159,201.198,0,0,-1,-1,0,0.999931471,NA,NA,70.000000000,MEASURED_CPU_FAULT,CPU;INTERVAL_FAULTS,NA,NA,NA,NA,NA,NA,NA,NA,NA,NA,NA,NA,NA,NA,NA,NA,NA,NA,NA,NA,NA,NA,NA,TARGET_GONE,identity no longer active
2026-10-02T16:05:38Z,APP_21879_3030045,21879,3030045,24,2160,199.610,0,0,-1,-1,0,0.999931471,NA,NA,70.000000000,MEASURED_CPU_FAULT,CPU;INTERVAL_FAULTS,NA,NA,NA,NA,NA,NA,NA,NA,NA,NA,NA,NA,NA,NA,NA,NA,NA,NA,NA,NA,NA,NA,NA,TARGET_GONE,identity no longer active
2026-10-02T16:05:38Z,APP_21879_3030045,21879,3030045,24,2161,201.198,0,0,-1,-1,0,0.999931471,NA,NA,70.000000000,MEASURED_CPU_FAULT,CPU;INTERVAL_FAULTS,NA,NA,NA,NA,NA,NA,NA,NA,NA,NA,NA,NA,NA,NA,NA,NA,NA,NA,NA,NA,NA,NA,NA,TARGET_GONE,identity no longer active
2026-10-02T16:05:39Z,APP_21879_3030045,21879,3030045,24,2162,200.000,0,0,-1,-1,0,0.999931471,NA,NA,70.000000000,MEASURED_CPU_FAULT,CPU;INTERVAL_FAULTS,NA,NA,NA,NA,NA,NA,NA,NA,NA,NA,NA,NA,NA,NA,NA,NA,NA,NA,NA,NA,NA,NA,NA,TARGET_GONE,identity no longer active
2026-10-02T16:05:39Z,APP_21879_3030045,21879,3030045,24,2163,192.192,0,0,-1,-1,0,0.999931471,NA,NA,70.000000000,MEASURED_CPU_FAULT,CPU;INTERVAL_FAULTS,NA,NA,NA,NA,NA,NA,NA,NA,NA,NA,NA,NA,NA,NA,NA,NA,NA,NA,NA,NA,NA,NA,NA,TARGET_GONE,identity no longer active
2026-10-02T16:05:39Z,APP_21879_3030045,21879,3030045,24,2164,201.802,0,0,-1,-1,0,0.999931471,NA,NA,70.000000000,MEASURED_CPU_FAULT,CPU;INTERVAL_FAULTS,NA,NA,NA,NA,NA,NA,NA,NA,NA,NA,NA,NA,NA,NA,NA,NA,NA,NA,NA,NA,NA,NA,NA,TARGET_GONE,identity no longer active
2026-10-02T16:05:39Z,APP_21879_3030045,21879,3030045,24,2165,198.758,0,0,-1,-1,0,0.999931471,NA,NA,70.000000000,MEASURED_CPU_FAULT,CPU;INTERVAL_FAULTS,NA,NA,NA,NA,NA,NA,NA,NA,NA,NA,NA,NA,NA,NA,NA,NA,NA,NA,NA,NA,NA,NA,NA,TARGET_GONE,identity no longer active
2026-10-02T16:05:39Z,APP_21879_3030045,21879,3030045,24,2166,210.463,0,0,-1,-1,0,0.999931471,NA,NA,70.000000000,MEASURED_CPU_FAULT,CPU;INTERVAL_FAULTS,NA,NA,NA,NA,NA,NA,NA,NA,NA,NA,NA,NA,NA,NA,NA,NA,NA,NA,NA,NA,NA,NA,NA,TARGET_GONE,identity no longer active
2026-10-02T16:05:39Z,APP_21879_3030045,21879,3030045,24,2167,191.736,0,0,-1,-1,0,0.999931471,NA,NA,70.000000000,MEASURED_CPU_FAULT,CPU;INTERVAL_FAULTS,NA,NA,NA,NA,NA,NA,NA,NA,NA,NA,NA,NA,NA,NA,NA,NA,NA,NA,NA,NA,NA,NA,NA,TARGET_GONE,identity no longer active
2026-10-02T16:05:39Z,APP_21879_3030045,21879,3030045,24,2168,200.897,0,0,-1,-1,0,0.999931471,NA,NA,70.000000000,MEASURED_CPU_FAULT,CPU;INTERVAL_FAULTS,NA,NA,NA,NA,NA,NA,NA,NA,NA,NA,NA,NA,NA,NA,NA,NA,NA,NA,NA,NA,NA,NA,NA,TARGET_GONE,identity no longer active
2026-10-02T16:05:39Z,APP_21879_3030045,21879,3030045,24,2169,200.607,0,0,-1,-1,0,0.999931471,NA,NA,70.000000000,MEASURED_CPU_FAULT,CPU;INTERVAL_FAULTS,NA,NA,NA,NA,NA,NA,NA,NA,NA,NA,NA,NA,NA,NA,NA,NA,NA,NA,NA,NA,NA,NA,NA,TARGET_GONE,identity no longer active
2026-10-02T16:05:39Z,APP_21879_3030045,21879,3030045,24,2170,201.802,0,0,-1,-1,0,0.999931471,NA,NA,70.000000000,MEASURED_CPU_FAULT,CPU;INTERVAL_FAULTS,NA,NA,NA,NA,NA,NA,NA,NA,NA,NA,NA,NA,NA,NA,NA,NA,NA,NA,NA,NA,NA,NA,NA,TARGET_GONE,identity no longer active
2026-10-02T16:05:40Z,APP_21879_3030045,21879,3030045,24,2171,198.230,0,0,-1,-1,0,0.999931471,NA,NA,70.000000000,MEASURED_CPU_FAULT,CPU;INTERVAL_FAULTS,NA,NA,NA,NA,NA,NA,NA,NA,NA,NA,NA,NA,NA,NA,NA,NA,NA,NA,NA,NA,NA,NA,NA,TARGET_GONE,identity no longer active
2026-10-02T16:05:40Z,APP_21879_3030045,21879,3030045,24,2172,210.778,0,0,-1,-1,0,0.999931471,NA,NA,70.000000000,MEASURED_CPU_FAULT,CPU;INTERVAL_FAULTS,NA,NA,NA,NA,NA,NA,NA,NA,NA,NA,NA,NA,NA,NA,NA,NA,NA,NA,NA,NA,NA,NA,NA,TARGET_GONE,identity no longer active
2026-10-02T16:05:40Z,APP_21879_3030045,21879,3030045,24,2173,201.802,0,0,-1,-1,0,0.999931471,NA,NA,70.000000000,MEASURED_CPU_FAULT,CPU;INTERVAL_FAULTS,NA,NA,NA,NA,NA,NA,NA,NA,NA,NA,NA,NA,NA,NA,NA,NA,NA,NA,NA,NA,NA,NA,NA,TARGET_GONE,identity no longer active
2026-10-02T16:05:40Z,APP_21879_3030045,21879,3030045,24,2174,194.411,0,0,-1,-1,0,0.999931471,NA,NA,70.000000000,MEASURED_CPU_FAULT,CPU;INTERVAL_FAULTS,NA,NA,NA,NA,NA,NA,NA,NA,NA,NA,NA,NA,NA,NA,NA,NA,NA,NA,NA,NA,NA,NA,NA,TARGET_GONE,identity no longer active
2026-10-02T16:05:40Z,APP_21879_3030045,21879,3030045,24,2175,210.463,0,0,-1,-1,0,0.999931471,NA,NA,70.000000000,MEASURED_CPU_FAULT,CPU;INTERVAL_FAULTS,NA,NA,NA,NA,NA,NA,NA,NA,NA,NA,NA,NA,NA,NA,NA,NA,NA,NA,NA,NA,NA,NA,NA,TARGET_GONE,identity no longer active
2026-10-02T16:05:40Z,APP_21879_3030045,21879,3030045,24,2176,194.135,0,0,-1,-1,0,0.999931471,NA,NA,70.000000000,MEASURED_CPU_FAULT,CPU;INTERVAL_FAULTS,NA,NA,NA,NA,NA,NA,NA,NA,NA,NA,NA,NA,NA,NA,NA,NA,NA,NA,NA,NA,NA,NA,NA,TARGET_GONE,identity no longer active
2026-10-02T16:05:40Z,APP_21879_3030045,21879,3030045,24,2177,201.499,0,0,-1,-1,0,0.999931471,NA,NA,70.000000000,MEASURED_CPU_FAULT,CPU;INTERVAL_FAULTS,NA,NA,NA,NA,NA,NA,NA,NA,NA,NA,NA,NA,NA,NA,NA,NA,NA,NA,NA,NA,NA,NA,NA,TARGET_GONE,identity no longer active
2026-10-02T16:05:40Z,APP_21879_3030045,21879,3030045,24,2178,200.607,0,0,-1,-1,0,0.999931471,NA,NA,70.000000000,MEASURED_CPU_FAULT,CPU;INTERVAL_FAULTS,NA,NA,NA,NA,NA,NA,NA,NA,NA,NA,NA,NA,NA,NA,NA,NA,NA,NA,NA,NA,NA,NA,NA,TARGET_GONE,identity no longer active
2026-10-02T16:05:41Z,APP_21879_3030045,21879,3030045,24,2179,201.499,0,0,-1,-1,0,0.999931471,NA,NA,70.000000000,MEASURED_CPU_FAULT,CPU;INTERVAL_FAULTS,NA,NA,NA,NA,NA,NA,NA,NA,NA,NA,NA,NA,NA,NA,NA,NA,NA,NA,NA,NA,NA,NA,NA,TARGET_GONE,identity no longer active
2026-10-02T16:05:41Z,APP_21879_3030045,21879,3030045,24,2180,200.447,0,0,-1,-1,0,0.999931471,NA,NA,70.000000000,MEASURED_CPU_FAULT,CPU;INTERVAL_FAULTS,NA,NA,NA,NA,NA,NA,NA,NA,NA,NA,NA,NA,NA,NA,NA,NA,NA,NA,NA,NA,NA,NA,NA,TARGET_GONE,identity no longer active
2026-10-02T16:05:41Z,APP_21879_3030045,21879,3030045,24,2181,191.617,0,0,-1,-1,0,0.999931471,NA,NA,70.000000000,MEASURED_CPU_FAULT,CPU;INTERVAL_FAULTS,NA,NA,NA,NA,NA,NA,NA,NA,NA,NA,NA,NA,NA,NA,NA,NA,NA,NA,NA,NA,NA,NA,NA,TARGET_GONE,identity no longer active
2026-10-02T16:05:41Z,APP_21879_3030045,21879,3030045,24,2182,201.499,0,0,-1,-1,0,0.999931471,NA,NA,70.000000000,MEASURED_CPU_FAULT,CPU;INTERVAL_FAULTS,NA,NA,NA,NA,NA,NA,NA,NA,NA,NA,NA,NA,NA,NA,NA,NA,NA,NA,NA,NA,NA,NA,NA,TARGET_GONE,identity no longer active
2026-10-02T16:05:41Z,APP_21879_3030045,21879,3030045,24,2183,202.187,0,0,-1,-1,0,0.999931471,NA,NA,70.000000000,MEASURED_CPU_FAULT,CPU;INTERVAL_FAULTS,NA,NA,NA,NA,NA,NA,NA,NA,NA,NA,NA,NA,NA,NA,NA,NA,NA,NA,NA,NA,NA,NA,NA,TARGET_GONE,identity no longer active
2026-10-02T16:05:41Z,APP_21879_3030045,21879,3030045,24,2184,201.499,0,0,-1,-1,0,0.999931471,NA,NA,70.000000000,MEASURED_CPU_FAULT,CPU;INTERVAL_FAULTS,NA,NA,NA,NA,NA,NA,NA,NA,NA,NA,NA,NA,NA,NA,NA,NA,NA,NA,NA,NA,NA,NA,NA,TARGET_GONE,identity no longer active
2026-10-02T16:05:41Z,APP_21879_3030045,21879,3030045,24,2185,194.529,0,0,-1,-1,0,0.999931471,NA,NA,70.000000000,MEASURED_CPU_FAULT,CPU;INTERVAL_FAULTS,NA,NA,NA,NA,NA,NA,NA,NA,NA,NA,NA,NA,NA,NA,NA,NA,NA,NA,NA,NA,NA,NA,NA,TARGET_GONE,identity no longer active
2026-10-02T16:05:41Z,APP_21879_3030045,21879,3030045,24,2186,201.198,0,0,-1,-1,0,0.999931471,NA,NA,70.000000000,MEASURED_CPU_FAULT,CPU;INTERVAL_FAULTS,NA,NA,NA,NA,NA,NA,NA,NA,NA,NA,NA,NA,NA,NA,NA,NA,NA,NA,NA,NA,NA,NA,NA,TARGET_GONE,identity no longer active
2026-10-02T16:05:42Z,APP_21879_3030045,21879,3030045,24,2187,200.607,0,0,-1,-1,0,0.999931471,NA,NA,70.000000000,MEASURED_CPU_FAULT,CPU;INTERVAL_FAULTS,NA,NA,NA,NA,NA,NA,NA,NA,NA,NA,NA,NA,NA,NA,NA,NA,NA,NA,NA,NA,NA,NA,NA,TARGET_GONE,identity no longer active
2026-10-02T16:05:42Z,APP_21879_3030045,21879,3030045,24,2188,201.198,0,0,-1,-1,0,0.999931471,NA,NA,70.000000000,MEASURED_CPU_FAULT,CPU;INTERVAL_FAULTS,NA,NA,NA,NA,NA,NA,NA,NA,NA,NA,NA,NA,NA,NA,NA,NA,NA,NA,NA,NA,NA,NA,NA,TARGET_GONE,identity no longer active
2026-10-02T16:05:42Z,APP_21879_3030045,21879,3030045,24,2189,204.458,0,0,-1,-1,0,0.999931471,NA,NA,70.000000000,MEASURED_CPU_FAULT,CPU;INTERVAL_FAULTS,NA,NA,NA,NA,NA,NA,NA,NA,NA,NA,NA,NA,NA,NA,NA,NA,NA,NA,NA,NA,NA,NA,NA,TARGET_GONE,identity no longer active
2026-10-02T16:05:42Z,APP_21879_3030045,21879,3030045,24,2190,192.192,0,0,-1,-1,0,0.999931471,NA,NA,70.000000000,MEASURED_CPU_FAULT,CPU;INTERVAL_FAULTS,NA,NA,NA,NA,NA,NA,NA,NA,NA,NA,NA,NA,NA,NA,NA,NA,NA,NA,NA,NA,NA,NA,NA,TARGET_GONE,identity no longer active
2026-10-02T16:05:42Z,APP_21879_3030045,21879,3030045,24,2191,201.802,0,0,-1,-1,0,0.999931471,NA,NA,70.000000000,MEASURED_CPU_FAULT,CPU;INTERVAL_FAULTS,NA,NA,NA,NA,NA,NA,NA,NA,NA,NA,NA,NA,NA,NA,NA,NA,NA,NA,NA,NA,NA,NA,NA,TARGET_GONE,identity no longer active
2026-10-02T16:05:42Z,APP_21879_3030045,21879,3030045,24,2192,194.411,0,0,-1,-1,0,0.999931471,NA,NA,70.000000000,MEASURED_CPU_FAULT,CPU;INTERVAL_FAULTS,NA,NA,NA,NA,NA,NA,NA,NA,NA,NA,NA,NA,NA,NA,NA,NA,NA,NA,NA,NA,NA,NA,NA,TARGET_GONE,identity no longer active
2026-10-02T16:05:42Z,APP_21879_3030045,21879,3030045,24,2193,201.802,0,0,-1,-1,0,0.999931471,NA,NA,70.000000000,MEASURED_CPU_FAULT,CPU;INTERVAL_FAULTS,NA,NA,NA,NA,NA,NA,NA,NA,NA,NA,NA,NA,NA,NA,NA,NA,NA,NA,NA,NA,NA,NA,NA,TARGET_GONE,identity no longer active
2026-10-02T16:05:42Z,APP_21879_3030045,21879,3030045,24,2194,201.179,0,0,-1,-1,0,0.999931471,NA,NA,70.000000000,MEASURED_CPU_FAULT,CPU;INTERVAL_FAULTS,NA,NA,NA,NA,NA,NA,NA,NA,NA,NA,NA,NA,NA,NA,NA,NA,NA,NA,NA,NA,NA,NA,NA,TARGET_GONE,identity no longer active
2026-10-02T16:05:43Z,APP_21879_3030045,21879,3030045,24,2195,201.802,0,0,-1,-1,0,0.999931471,NA,NA,70.000000000,MEASURED_CPU_FAULT,CPU;INTERVAL_FAULTS,NA,NA,NA,NA,NA,NA,NA,NA,NA,NA,NA,NA,NA,NA,NA,NA,NA,NA,NA,NA,NA,NA,NA,TARGET_GONE,identity no longer active
2026-10-02T16:05:43Z,APP_21879_3030045,21879,3030045,24,2196,194.135,0,0,-1,-1,0,0.999931471,NA,NA,70.000000000,MEASURED_CPU_FAULT,CPU;INTERVAL_FAULTS,NA,NA,NA,NA,NA,NA,NA,NA,NA,NA,NA,NA,NA,NA,NA,NA,NA,NA,NA,NA,NA,NA,NA,TARGET_GONE,identity no longer active
2026-10-02T16:05:43Z,APP_21879_3030045,21879,3030045,24,2197,201.802,0,0,-1,-1,0,0.999931471,NA,NA,70.000000000,MEASURED_CPU_FAULT,CPU;INTERVAL_FAULTS,NA,NA,NA,NA,NA,NA,NA,NA,NA,NA,NA,NA,NA,NA,NA,NA,NA,NA,NA,NA,NA,NA,NA,TARGET_GONE,identity no longer active
2026-10-02T16:05:43Z,APP_21879_3030045,21879,3030045,24,2198,200.583,0,0,-1,-1,0,0.999931471,NA,NA,70.000000000,MEASURED_CPU_FAULT,CPU;INTERVAL_FAULTS,NA,NA,NA,NA,NA,NA,NA,NA,NA,NA,NA,NA,NA,NA,NA,NA,NA,NA,NA,NA,NA,NA,NA,TARGET_GONE,identity no longer active
2026-10-02T16:05:43Z,APP_21879_3030045,21879,3030045,24,2199,210.778,0,0,-1,-1,0,0.999931471,NA,NA,70.000000000,MEASURED_CPU_FAULT,CPU;INTERVAL_FAULTS,NA,NA,NA,NA,NA,NA,NA,NA,NA,NA,NA,NA,NA,NA,NA,NA,NA,NA,NA,NA,NA,NA,NA,TARGET_GONE,identity no longer active
2026-10-02T16:05:43Z,APP_21879_3030045,21879,3030045,24,2200,201.499,0,0,-1,-1,0,0.999931471,NA,NA,70.000000000,MEASURED_CPU_FAULT,CPU;INTERVAL_FAULTS,NA,NA,NA,NA,NA,NA,NA,NA,NA,NA,NA,NA,NA,NA,NA,NA,NA,NA,NA,NA,NA,NA,NA,TARGET_GONE,identity no longer active
2026-10-02T16:05:43Z,APP_21879_3030045,21879,3030045,24,2201,194.411,0,0,-1,-1,0,0.999931471,NA,NA,70.000000000,MEASURED_CPU_FAULT,CPU;INTERVAL_FAULTS,NA,NA,NA,NA,NA,NA,NA,NA,NA,NA,NA,NA,NA,NA,NA,NA,NA,NA,NA,NA,NA,NA,NA,TARGET_GONE,identity no longer active
2026-10-02T16:05:43Z,APP_21879_3030045,21879,3030045,24,2202,201.499,0,0,-1,-1,0,0.999931471,NA,NA,70.000000000,MEASURED_CPU_FAULT,CPU;INTERVAL_FAULTS,NA,NA,NA,NA,NA,NA,NA,NA,NA,NA,NA,NA,NA,NA,NA,NA,NA,NA,NA,NA,NA,NA,NA,TARGET_GONE,identity no longer active
2026-10-02T16:05:44Z,APP_21879_3030045,21879,3030045,24,2203,201.258,0,0,-1,-1,0,0.999931471,NA,NA,70.000000000,MEASURED_CPU_FAULT,CPU;INTERVAL_FAULTS,NA,NA,NA,NA,NA,NA,NA,NA,NA,NA,NA,NA,NA,NA,NA,NA,NA,NA,NA,NA,NA,NA,NA,TARGET_GONE,identity no longer active
2026-10-02T16:05:44Z,APP_21879_3030045,21879,3030045,24,2204,201.499,0,0,-1,-1,0,0.999931471,NA,NA,70.000000000,MEASURED_CPU_FAULT,CPU;INTERVAL_FAULTS,NA,NA,NA,NA,NA,NA,NA,NA,NA,NA,NA,NA,NA,NA,NA,NA,NA,NA,NA,NA,NA,NA,NA,TARGET_GONE,identity no longer active
2026-10-02T16:05:44Z,APP_21879_3030045,21879,3030045,24,2205,204.325,0,0,-1,-1,0,0.999931471,NA,NA,70.000000000,MEASURED_CPU_FAULT,CPU;INTERVAL_FAULTS,NA,NA,NA,NA,NA,NA,NA,NA,NA,NA,NA,NA,NA,NA,NA,NA,NA,NA,NA,NA,NA,NA,NA,TARGET_GONE,identity no longer active
2026-10-02T16:05:44Z,APP_21879_3030045,21879,3030045,24,2206,192.192,0,0,-1,-1,0,0.999931471,NA,NA,70.000000000,MEASURED_CPU_FAULT,CPU;INTERVAL_FAULTS,NA,NA,NA,NA,NA,NA,NA,NA,NA,NA,NA,NA,NA,NA,NA,NA,NA,NA,NA,NA,NA,NA,NA,TARGET_GONE,identity no longer active
2026-10-02T16:05:44Z,APP_21879_3030045,21879,3030045,24,2207,202.423,0,0,-1,-1,0,0.999931471,NA,NA,70.000000000,MEASURED_CPU_FAULT,CPU;INTERVAL_FAULTS,NA,NA,NA,NA,NA,NA,NA,NA,NA,NA,NA,NA,NA,NA,NA,NA,NA,NA,NA,NA,NA,NA,NA,TARGET_GONE,identity no longer active
2026-10-02T16:05:44Z,APP_21879_3030045,21879,3030045,24,2208,191.617,0,0,-1,-1,0,0.999931471,NA,NA,70.000000000,MEASURED_CPU_FAULT,CPU;INTERVAL_FAULTS,NA,NA,NA,NA,NA,NA,NA,NA,NA,NA,NA,NA,NA,NA,NA,NA,NA,NA,NA,NA,NA,NA,NA,TARGET_GONE,identity no longer active
2026-10-02T16:05:44Z,APP_21879_3030045,21879,3030045,24,2209,201.499,0,0,-1,-1,0,0.999931471,NA,NA,70.000000000,MEASURED_CPU_FAULT,CPU;INTERVAL_FAULTS,NA,NA,NA,NA,NA,NA,NA,NA,NA,NA,NA,NA,NA,NA,NA,NA,NA,NA,NA,NA,NA,NA,NA,TARGET_GONE,identity no longer active
2026-10-02T16:05:44Z,APP_21879_3030045,21879,3030045,24,2210,199.005,0,0,-1,-1,0,0.999931471,NA,NA,70.000000000,MEASURED_CPU_FAULT,CPU;INTERVAL_FAULTS,NA,NA,NA,NA,NA,NA,NA,NA,NA,NA,NA,NA,NA,NA,NA,NA,NA,NA,NA,NA,NA,NA,NA,TARGET_GONE,identity no longer active
2026-10-02T16:05:45Z,APP_21879_3030045,21879,3030045,24,2211,201.802,0,0,-1,-1,0,0.999931471,NA,NA,70.000000000,MEASURED_CPU_FAULT,CPU;INTERVAL_FAULTS,NA,NA,NA,NA,NA,NA,NA,NA,NA,NA,NA,NA,NA,NA,NA,NA,NA,NA,NA,NA,NA,NA,NA,TARGET_GONE,identity no longer active
2026-10-02T16:05:45Z,APP_21879_3030045,21879,3030045,24,2212,200.607,0,0,-1,-1,0,0.999931471,NA,NA,70.000000000,MEASURED_CPU_FAULT,CPU;INTERVAL_FAULTS,NA,NA,NA,NA,NA,NA,NA,NA,NA,NA,NA,NA,NA,NA,NA,NA,NA,NA,NA,NA,NA,NA,NA,TARGET_GONE,identity no longer active
2026-10-02T16:05:45Z,APP_21879_3030045,21879,3030045,24,2213,201.198,0,0,-1,-1,0,0.999931471,NA,NA,70.000000000,MEASURED_CPU_FAULT,CPU;INTERVAL_FAULTS,NA,NA,NA,NA,NA,NA,NA,NA,NA,NA,NA,NA,NA,NA,NA,NA,NA,NA,NA,NA,NA,NA,NA,TARGET_GONE,identity no longer active
2026-10-02T16:05:45Z,APP_21879_3030045,21879,3030045,24,2214,201.013,0,0,-1,-1,0,0.999931471,NA,NA,70.000000000,MEASURED_CPU_FAULT,CPU;INTERVAL_FAULTS,NA,NA,NA,NA,NA,NA,NA,NA,NA,NA,NA,NA,NA,NA,NA,NA,NA,NA,NA,NA,NA,NA,NA,TARGET_GONE,identity no longer active
2026-10-02T16:05:45Z,APP_21879_3030045,21879,3030045,24,2215,201.499,0,0,-1,-1,0,0.999931471,NA,NA,70.000000000,MEASURED_CPU_FAULT,CPU;INTERVAL_FAULTS,NA,NA,NA,NA,NA,NA,NA,NA,NA,NA,NA,NA,NA,NA,NA,NA,NA,NA,NA,NA,NA,NA,NA,TARGET_GONE,identity no longer active
2026-10-02T16:05:45Z,APP_21879_3030045,21879,3030045,24,2216,199.740,0,0,-1,-1,0,0.999931471,NA,NA,70.000000000,MEASURED_CPU_FAULT,CPU;INTERVAL_FAULTS,NA,NA,NA,NA,NA,NA,NA,NA,NA,NA,NA,NA,NA,NA,NA,NA,NA,NA,NA,NA,NA,NA,NA,TARGET_GONE,identity no longer active
2026-10-02T16:05:45Z,APP_21879_3030045,21879,3030045,24,2217,192.771,0,0,-1,-1,0,0.999931471,NA,NA,70.000000000,MEASURED_CPU_FAULT,CPU;INTERVAL_FAULTS,NA,NA,NA,NA,NA,NA,NA,NA,NA,NA,NA,NA,NA,NA,NA,NA,NA,NA,NA,NA,NA,NA,NA,TARGET_GONE,identity no longer active
2026-10-02T16:05:45Z,APP_21879_3030045,21879,3030045,24,2218,201.499,0,0,-1,-1,0,0.999931471,NA,NA,70.000000000,MEASURED_CPU_FAULT,CPU;INTERVAL_FAULTS,NA,NA,NA,NA,NA,NA,NA,NA,NA,NA,NA,NA,NA,NA,NA,NA,NA,NA,NA,NA,NA,NA,NA,TARGET_GONE,identity no longer active
2026-10-02T16:05:46Z,APP_21879_3030045,21879,3030045,24,2219,194.175,0,0,-1,-1,0,0.999931471,NA,NA,70.000000000,MEASURED_CPU_FAULT,CPU;INTERVAL_FAULTS,NA,NA,NA,NA,NA,NA,NA,NA,NA,NA,NA,NA,NA,NA,NA,NA,NA,NA,NA,NA,NA,NA,NA,TARGET_GONE,identity no longer active
2026-10-02T16:05:46Z,APP_21879_3030045,21879,3030045,24,2220,201.499,0,0,-1,-1,0,0.999931471,NA,NA,70.000000000,MEASURED_CPU_FAULT,CPU;INTERVAL_FAULTS,NA,NA,NA,NA,NA,NA,NA,NA,NA,NA,NA,NA,NA,NA,NA,NA,NA,NA,NA,NA,NA,NA,NA,TARGET_GONE,identity no longer active
2026-10-02T16:05:46Z,APP_21879_3030045,21879,3030045,24,2221,200.607,0,0,-1,-1,0,0.999931471,NA,NA,70.000000000,MEASURED_CPU_FAULT,CPU;INTERVAL_FAULTS,NA,NA,NA,NA,NA,NA,NA,NA,NA,NA,NA,NA,NA,NA,NA,NA,NA,NA,NA,NA,NA,NA,NA,TARGET_GONE,identity no longer active
2026-10-02T16:05:46Z,APP_21879_3030045,21879,3030045,24,2222,201.499,0,0,-1,-1,0,0.999931471,NA,NA,70.000000000,MEASURED_CPU_FAULT,CPU;INTERVAL_FAULTS,NA,NA,NA,NA,NA,NA,NA,NA,NA,NA,NA,NA,NA,NA,NA,NA,NA,NA,NA,NA,NA,NA,NA,TARGET_GONE,identity no longer active
2026-10-02T16:05:46Z,APP_21879_3030045,21879,3030045,24,2223,200.607,0,0,-1,-1,0,0.999931471,NA,NA,70.000000000,MEASURED_CPU_FAULT,CPU;INTERVAL_FAULTS,NA,NA,NA,NA,NA,NA,NA,NA,NA,NA,NA,NA,NA,NA,NA,NA,NA,NA,NA,NA,NA,NA,NA,TARGET_GONE,identity no longer active
2026-10-02T16:05:46Z,APP_21879_3030045,21879,3030045,24,2224,201.499,0,0,-1,-1,0,0.999931471,NA,NA,70.000000000,MEASURED_CPU_FAULT,CPU;INTERVAL_FAULTS,NA,NA,NA,NA,NA,NA,NA,NA,NA,NA,NA,NA,NA,NA,NA,NA,NA,NA,NA,NA,NA,NA,NA,TARGET_GONE,identity no longer active
2026-10-02T16:05:46Z,APP_21879_3030045,21879,3030045,24,2225,202.559,0,0,-1,-1,0,0.999931471,NA,NA,70.000000000,MEASURED_CPU_FAULT,CPU;INTERVAL_FAULTS,NA,NA,NA,NA,NA,NA,NA,NA,NA,NA,NA,NA,NA,NA,NA,NA,NA,NA,NA,NA,NA,NA,NA,TARGET_GONE,identity no longer active
2026-10-02T16:05:46Z,APP_21879_3030045,21879,3030045,24,2226,191.617,0,0,-1,-1,0,0.999931471,NA,NA,70.000000000,MEASURED_CPU_FAULT,CPU;INTERVAL_FAULTS,NA,NA,NA,NA,NA,NA,NA,NA,NA,NA,NA,NA,NA,NA,NA,NA,NA,NA,NA,NA,NA,NA,NA,TARGET_GONE,identity no longer active
2026-10-02T16:05:47Z,APP_21879_3030045,21879,3030045,24,2227,201.802,0,0,-1,-1,0,0.999931471,NA,NA,70.000000000,MEASURED_CPU_FAULT,CPU;INTERVAL_FAULTS,NA,NA,NA,NA,NA,NA,NA,NA,NA,NA,NA,NA,NA,NA,NA,NA,NA,NA,NA,NA,NA,NA,NA,TARGET_GONE,identity no longer active
2026-10-02T16:05:47Z,APP_21879_3030045,21879,3030045,24,2228,194.647,0,0,-1,-1,0,0.999931471,NA,NA,70.000000000,MEASURED_CPU_FAULT,CPU;INTERVAL_FAULTS,NA,NA,NA,NA,NA,NA,NA,NA,NA,NA,NA,NA,NA,NA,NA,NA,NA,NA,NA,NA,NA,NA,NA,TARGET_GONE,identity no longer active
2026-10-02T16:05:47Z,APP_21879_3030045,21879,3030045,24,2229,201.499,0,0,-1,-1,0,0.999931471,NA,NA,70.000000000,MEASURED_CPU_FAULT,CPU;INTERVAL_FAULTS,NA,NA,NA,NA,NA,NA,NA,NA,NA,NA,NA,NA,NA,NA,NA,NA,NA,NA,NA,NA,NA,NA,NA,TARGET_GONE,identity no longer active
2026-10-02T16:05:47Z,APP_21879_3030045,21879,3030045,24,2230,200.810,0,0,-1,-1,0,0.999931471,NA,NA,70.000000000,MEASURED_CPU_FAULT,CPU;INTERVAL_FAULTS,NA,NA,NA,NA,NA,NA,NA,NA,NA,NA,NA,NA,NA,NA,NA,NA,NA,NA,NA,NA,NA,NA,NA,TARGET_GONE,identity no longer active
2026-10-02T16:05:47Z,APP_21879_3030045,21879,3030045,24,2231,201.499,0,0,-1,-1,0,0.999931471,NA,NA,70.000000000,MEASURED_CPU_FAULT,CPU;INTERVAL_FAULTS,NA,NA,NA,NA,NA,NA,NA,NA,NA,NA,NA,NA,NA,NA,NA,NA,NA,NA,NA,NA,NA,NA,NA,TARGET_GONE,identity no longer active
2026-10-02T16:05:47Z,APP_21879_3030045,21879,3030045,24,2232,200.607,0,0,-1,-1,0,0.999931471,NA,NA,70.000000000,MEASURED_CPU_FAULT,CPU;INTERVAL_FAULTS,NA,NA,NA,NA,NA,NA,NA,NA,NA,NA,NA,NA,NA,NA,NA,NA,NA,NA,NA,NA,NA,NA,NA,TARGET_GONE,identity no longer active
2026-10-02T16:05:47Z,APP_21879_3030045,21879,3030045,24,2233,191.617,0,0,-1,-1,0,0.999931471,NA,NA,70.000000000,MEASURED_CPU_FAULT,CPU;INTERVAL_FAULTS,NA,NA,NA,NA,NA,NA,NA,NA,NA,NA,NA,NA,NA,NA,NA,NA,NA,NA,NA,NA,NA,NA,NA,TARGET_GONE,identity no longer active
2026-10-02T16:05:48Z,APP_21879_3030045,21879,3030045,24,2234,201.186,0,0,-1,-1,0,0.999931471,NA,NA,70.000000000,MEASURED_CPU_FAULT,CPU;INTERVAL_FAULTS,NA,NA,NA,NA,NA,NA,NA,NA,NA,NA,NA,NA,NA,NA,NA,NA,NA,NA,NA,NA,NA,NA,NA,TARGET_GONE,identity no longer active
2026-10-02T16:05:48Z,APP_21879_3030045,21879,3030045,24,2235,204.800,0,0,-1,-1,0,0.999931471,NA,NA,70.000000000,MEASURED_CPU_FAULT,CPU;INTERVAL_FAULTS,NA,NA,NA,NA,NA,NA,NA,NA,NA,NA,NA,NA,NA,NA,NA,NA,NA,NA,NA,NA,NA,NA,NA,TARGET_GONE,identity no longer active
2026-10-02T16:05:48Z,APP_21879_3030045,21879,3030045,24,2236,201.198,0,0,-1,-1,0,0.999931471,NA,NA,70.000000000,MEASURED_CPU_FAULT,CPU;INTERVAL_FAULTS,NA,NA,NA,NA,NA,NA,NA,NA,NA,NA,NA,NA,NA,NA,NA,NA,NA,NA,NA,NA,NA,NA,NA,TARGET_GONE,identity no longer active
2026-10-02T16:05:48Z,APP_21879_3030045,21879,3030045,24,2237,195.719,0,0,-1,-1,0,0.999931471,NA,NA,70.000000000,MEASURED_CPU_FAULT,CPU;INTERVAL_FAULTS,NA,NA,NA,NA,NA,NA,NA,NA,NA,NA,NA,NA,NA,NA,NA,NA,NA,NA,NA,NA,NA,NA,NA,TARGET_GONE,identity no longer active
2026-10-02T16:05:48Z,APP_21879_3030045,21879,3030045,24,2238,210.778,0,0,-1,-1,0,0.999931471,NA,NA,70.000000000,MEASURED_CPU_FAULT,CPU;INTERVAL_FAULTS,NA,NA,NA,NA,NA,NA,NA,NA,NA,NA,NA,NA,NA,NA,NA,NA,NA,NA,NA,NA,NA,NA,NA,TARGET_GONE,identity no longer active
2026-10-02T16:05:48Z,APP_21879_3030045,21879,3030045,24,2239,194.135,0,0,-1,-1,0,0.999931471,NA,NA,70.000000000,MEASURED_CPU_FAULT,CPU;INTERVAL_FAULTS,NA,NA,NA,NA,NA,NA,NA,NA,NA,NA,NA,NA,NA,NA,NA,NA,NA,NA,NA,NA,NA,NA,NA,TARGET_GONE,identity no longer active
2026-10-02T16:05:48Z,APP_21879_3030045,21879,3030045,24,2240,201.499,0,0,-1,-1,0,0.999931471,NA,NA,70.000000000,MEASURED_CPU_FAULT,CPU;INTERVAL_FAULTS,NA,NA,NA,NA,NA,NA,NA,NA,NA,NA,NA,NA,NA,NA,NA,NA,NA,NA,NA,NA,NA,NA,NA,TARGET_GONE,identity no longer active
2026-10-02T16:05:48Z,APP_21879_3030045,21879,3030045,24,2241,200.607,0,0,-1,-1,0,0.999931471,NA,NA,70.000000000,MEASURED_CPU_FAULT,CPU;INTERVAL_FAULTS,NA,NA,NA,NA,NA,NA,NA,NA,NA,NA,NA,NA,NA,NA,NA,NA,NA,NA,NA,NA,NA,NA,NA,TARGET_GONE,identity no longer active
2026-10-02T16:05:48Z,APP_21879_3030045,21879,3030045,24,2242,201.499,0,0,-1,-1,0,0.999931471,NA,NA,70.000000000,MEASURED_CPU_FAULT,CPU;INTERVAL_FAULTS,NA,NA,NA,NA,NA,NA,NA,NA,NA,NA,NA,NA,NA,NA,NA,NA,NA,NA,NA,NA,NA,NA,NA,TARGET_GONE,identity no longer active
2026-10-02T16:05:49Z,APP_21879_3030045,21879,3030045,24,2243,202.062,0,0,-1,-1,0,0.999931471,NA,NA,70.000000000,MEASURED_CPU_FAULT,CPU;INTERVAL_FAULTS,NA,NA,NA,NA,NA,NA,NA,NA,NA,NA,NA,NA,NA,NA,NA,NA,NA,NA,NA,NA,NA,NA,NA,TARGET_GONE,identity no longer active
2026-10-02T16:05:49Z,APP_21879_3030045,21879,3030045,24,2244,192.385,0,0,-1,-1,0,0.999931471,NA,NA,70.000000000,MEASURED_CPU_FAULT,CPU;INTERVAL_FAULTS,NA,NA,NA,NA,NA,NA,NA,NA,NA,NA,NA,NA,NA,NA,NA,NA,NA,NA,NA,NA,NA,NA,NA,TARGET_GONE,identity no longer active
2026-10-02T16:05:49Z,APP_21879_3030045,21879,3030045,24,2245,201.499,0,0,-1,-1,0,0.999931471,NA,NA,70.000000000,MEASURED_CPU_FAULT,CPU;INTERVAL_FAULTS,NA,NA,NA,NA,NA,NA,NA,NA,NA,NA,NA,NA,NA,NA,NA,NA,NA,NA,NA,NA,NA,NA,NA,TARGET_GONE,identity no longer active
2026-10-02T16:05:49Z,APP_21879_3030045,21879,3030045,24,2246,200.284,0,0,-1,-1,0,0.999931471,NA,NA,70.000000000,MEASURED_CPU_FAULT,CPU;INTERVAL_FAULTS,NA,NA,NA,NA,NA,NA,NA,NA,NA,NA,NA,NA,NA,NA,NA,NA,NA,NA,NA,NA,NA,NA,NA,TARGET_GONE,identity no longer active
2026-10-02T16:05:49Z,APP_21879_3030045,21879,3030045,24,2247,201.499,0,0,-1,-1,0,0.999931471,NA,NA,70.000000000,MEASURED_CPU_FAULT,CPU;INTERVAL_FAULTS,NA,NA,NA,NA,NA,NA,NA,NA,NA,NA,NA,NA,NA,NA,NA,NA,NA,NA,NA,NA,NA,NA,NA,TARGET_GONE,identity no longer active
2026-10-02T16:05:49Z,APP_21879_3030045,21879,3030045,24,2248,197.734,0,0,-1,-1,0,0.999931471,NA,NA,70.000000000,MEASURED_CPU_FAULT,CPU;INTERVAL_FAULTS,NA,NA,NA,NA,NA,NA,NA,NA,NA,NA,NA,NA,NA,NA,NA,NA,NA,NA,NA,NA,NA,NA,NA,TARGET_GONE,identity no longer active
2026-10-02T16:05:49Z,APP_21879_3030045,21879,3030045,24,2249,202.105,0,0,-1,-1,0,0.999931471,NA,NA,70.000000000,MEASURED_CPU_FAULT,CPU;INTERVAL_FAULTS,NA,NA,NA,NA,NA,NA,NA,NA,NA,NA,NA,NA,NA,NA,NA,NA,NA,NA,NA,NA,NA,NA,NA,TARGET_GONE,identity no longer active
2026-10-02T16:05:50Z,APP_21879_3030045,21879,3030045,24,2250,197.328,0,0,-1,-1,0,0.999931471,NA,NA,70.000000000,MEASURED_CPU_FAULT,CPU;INTERVAL_FAULTS,NA,NA,NA,NA,NA,NA,NA,NA,NA,NA,NA,NA,NA,NA,NA,NA,NA,NA,NA,NA,NA,NA,NA,TARGET_GONE,identity no longer active
2026-10-02T16:05:50Z,APP_21879_3030045,21879,3030045,24,2251,201.802,0,0,-1,-1,0,0.999931471,NA,NA,70.000000000,MEASURED_CPU_FAULT,CPU;INTERVAL_FAULTS,NA,NA,NA,NA,NA,NA,NA,NA,NA,NA,NA,NA,NA,NA,NA,NA,NA,NA,NA,NA,NA,NA,NA,TARGET_GONE,identity no longer active
2026-10-02T16:05:50Z,APP_21879_3030045,21879,3030045,24,2252,197.753,0,0,-1,-1,0,0.999931471,NA,NA,70.000000000,MEASURED_CPU_FAULT,CPU;INTERVAL_FAULTS,NA,NA,NA,NA,NA,NA,NA,NA,NA,NA,NA,NA,NA,NA,NA,NA,NA,NA,NA,NA,NA,NA,NA,TARGET_GONE,identity no longer active
2026-10-02T16:05:50Z,APP_21879_3030045,21879,3030045,24,2253,204.391,0,0,-1,-1,0,0.999931471,NA,NA,70.000000000,MEASURED_CPU_FAULT,CPU;INTERVAL_FAULTS,NA,NA,NA,NA,NA,NA,NA,NA,NA,NA,NA,NA,NA,NA,NA,NA,NA,NA,NA,NA,NA,NA,NA,TARGET_GONE,identity no longer active
2026-10-02T16:05:50Z,APP_21879_3030045,21879,3030045,24,2254,201.802,0,0,-1,-1,0,0.999931471,NA,NA,70.000000000,MEASURED_CPU_FAULT,CPU;INTERVAL_FAULTS,NA,NA,NA,NA,NA,NA,NA,NA,NA,NA,NA,NA,NA,NA,NA,NA,NA,NA,NA,NA,NA,NA,NA,TARGET_GONE,identity no longer active
2026-10-02T16:05:50Z,APP_21879_3030045,21879,3030045,24,2255,200.942,0,0,-1,-1,0,0.999931471,NA,NA,70.000000000,MEASURED_CPU_FAULT,CPU;INTERVAL_FAULTS,NA,NA,NA,NA,NA,NA,NA,NA,NA,NA,NA,NA,NA,NA,NA,NA,NA,NA,NA,NA,NA,NA,NA,TARGET_GONE,identity no longer active
2026-10-02T16:05:50Z,APP_21879_3030045,21879,3030045,24,2256,201.499,0,0,-1,-1,0,0.999931471,NA,NA,70.000000000,MEASURED_CPU_FAULT,CPU;INTERVAL_FAULTS,NA,NA,NA,NA,NA,NA,NA,NA,NA,NA,NA,NA,NA,NA,NA,NA,NA,NA,NA,NA,NA,NA,NA,TARGET_GONE,identity no longer active
2026-10-02T16:05:50Z,APP_21879_3030045,21879,3030045,24,2257,197.938,0,0,-1,-1,0,0.999931471,NA,NA,70.000000000,MEASURED_CPU_FAULT,CPU;INTERVAL_FAULTS,NA,NA,NA,NA,NA,NA,NA,NA,NA,NA,NA,NA,NA,NA,NA,NA,NA,NA,NA,NA,NA,NA,NA,TARGET_GONE,identity no longer active
2026-10-02T16:05:51Z,APP_21879_3030045,21879,3030045,24,2258,201.499,0,0,-1,-1,0,0.999931471,NA,NA,70.000000000,MEASURED_CPU_FAULT,CPU;INTERVAL_FAULTS,NA,NA,NA,NA,NA,NA,NA,NA,NA,NA,NA,NA,NA,NA,NA,NA,NA,NA,NA,NA,NA,NA,NA,TARGET_GONE,identity no longer active
2026-10-02T16:05:51Z,APP_21879_3030045,21879,3030045,24,2259,197.938,0,0,-1,-1,0,0.999931471,NA,NA,70.000000000,MEASURED_CPU_FAULT,CPU;INTERVAL_FAULTS,NA,NA,NA,NA,NA,NA,NA,NA,NA,NA,NA,NA,NA,NA,NA,NA,NA,NA,NA,NA,NA,NA,NA,TARGET_GONE,identity no longer active
2026-10-02T16:05:51Z,APP_21879_3030045,21879,3030045,24,2260,202.105,0,0,-1,-1,0,0.999931471,NA,NA,70.000000000,MEASURED_CPU_FAULT,CPU;INTERVAL_FAULTS,NA,NA,NA,NA,NA,NA,NA,NA,NA,NA,NA,NA,NA,NA,NA,NA,NA,NA,NA,NA,NA,NA,NA,TARGET_GONE,identity no longer active
2026-10-02T16:05:51Z,APP_21879_3030045,21879,3030045,24,2261,199.660,0,0,-1,-1,0,0.999931471,NA,NA,70.000000000,MEASURED_CPU_FAULT,CPU;INTERVAL_FAULTS,NA,NA,NA,NA,NA,NA,NA,NA,NA,NA,NA,NA,NA,NA,NA,NA,NA,NA,NA,NA,NA,NA,NA,TARGET_GONE,identity no longer active
2026-10-02T16:05:51Z,APP_21879_3030045,21879,3030045,24,2262,205.210,0,0,-1,-1,0,0.999931471,NA,NA,70.000000000,MEASURED_CPU_FAULT,CPU;INTERVAL_FAULTS,NA,NA,NA,NA,NA,NA,NA,NA,NA,NA,NA,NA,NA,NA,NA,NA,NA,NA,NA,NA,NA,NA,NA,TARGET_GONE,identity no longer active
2026-10-02T16:05:51Z,APP_21879_3030045,21879,3030045,24,2263,191.904,0,0,-1,-1,0,0.999931471,NA,NA,70.000000000,MEASURED_CPU_FAULT,CPU;INTERVAL_FAULTS,NA,NA,NA,NA,NA,NA,NA,NA,NA,NA,NA,NA,NA,NA,NA,NA,NA,NA,NA,NA,NA,NA,NA,TARGET_GONE,identity no longer active
2026-10-02T16:05:51Z,APP_21879_3030045,21879,3030045,24,2264,206.708,0,0,-1,-1,0,0.999931471,NA,NA,70.000000000,MEASURED_CPU_FAULT,CPU;INTERVAL_FAULTS,NA,NA,NA,NA,NA,NA,NA,NA,NA,NA,NA,NA,NA,NA,NA,NA,NA,NA,NA,NA,NA,NA,NA,TARGET_GONE,identity no longer active
2026-10-02T16:05:51Z,APP_21879_3030045,21879,3030045,24,2265,201.802,0,0,-1,-1,0,0.999931471,NA,NA,70.000000000,MEASURED_CPU_FAULT,CPU;INTERVAL_FAULTS,NA,NA,NA,NA,NA,NA,NA,NA,NA,NA,NA,NA,NA,NA,NA,NA,NA,NA,NA,NA,NA,NA,NA,TARGET_GONE,identity no longer active
2026-10-02T16:05:52Z,APP_21879_3030045,21879,3030045,24,2266,198.347,0,0,-1,-1,0,0.999931471,NA,NA,70.000000000,MEASURED_CPU_FAULT,CPU;INTERVAL_FAULTS,NA,NA,NA,NA,NA,NA,NA,NA,NA,NA,NA,NA,NA,NA,NA,NA,NA,NA,NA,NA,NA,NA,NA,TARGET_GONE,identity no longer active
2026-10-02T16:05:52Z,APP_21879_3030045,21879,3030045,24,2267,201.802,0,0,-1,-1,0,0.999931471,NA,NA,70.000000000,MEASURED_CPU_FAULT,CPU;INTERVAL_FAULTS,NA,NA,NA,NA,NA,NA,NA,NA,NA,NA,NA,NA,NA,NA,NA,NA,NA,NA,NA,NA,NA,NA,NA,TARGET_GONE,identity no longer active
2026-10-02T16:05:52Z,APP_21879_3030045,21879,3030045,24,2268,198.142,0,0,-1,-1,0,0.999931471,NA,NA,70.000000000,MEASURED_CPU_FAULT,CPU;INTERVAL_FAULTS,NA,NA,NA,NA,NA,NA,NA,NA,NA,NA,NA,NA,NA,NA,NA,NA,NA,NA,NA,NA,NA,NA,NA,TARGET_GONE,identity no longer active
2026-10-02T16:05:52Z,APP_21879_3030045,21879,3030045,24,2269,201.499,0,0,-1,-1,0,0.999931471,NA,NA,70.000000000,MEASURED_CPU_FAULT,CPU;INTERVAL_FAULTS,NA,NA,NA,NA,NA,NA,NA,NA,NA,NA,NA,NA,NA,NA,NA,NA,NA,NA,NA,NA,NA,NA,NA,TARGET_GONE,identity no longer active
2026-10-02T16:05:52Z,APP_21879_3030045,21879,3030045,24,2270,198.964,0,0,-1,-1,0,0.999931471,NA,NA,70.000000000,MEASURED_CPU_FAULT,CPU;INTERVAL_FAULTS,NA,NA,NA,NA,NA,NA,NA,NA,NA,NA,NA,NA,NA,NA,NA,NA,NA,NA,NA,NA,NA,NA,NA,TARGET_GONE,identity no longer active
2026-10-02T16:05:52Z,APP_21879_3030045,21879,3030045,24,2271,191.617,0,0,-1,-1,0,0.999931471,NA,NA,70.000000000,MEASURED_CPU_FAULT,CPU;INTERVAL_FAULTS,NA,NA,NA,NA,NA,NA,NA,NA,NA,NA,NA,NA,NA,NA,NA,NA,NA,NA,NA,NA,NA,NA,NA,TARGET_GONE,identity no longer active
2026-10-02T16:05:52Z,APP_21879_3030045,21879,3030045,24,2272,211.411,0,0,-1,-1,0,0.999931471,NA,NA,70.000000000,MEASURED_CPU_FAULT,CPU;INTERVAL_FAULTS,NA,NA,NA,NA,NA,NA,NA,NA,NA,NA,NA,NA,NA,NA,NA,NA,NA,NA,NA,NA,NA,NA,NA,TARGET_GONE,identity no longer active
2026-10-02T16:05:53Z,APP_21879_3030045,21879,3030045,24,2273,199.005,0,0,-1,-1,0,0.999931471,NA,NA,70.000000000,MEASURED_CPU_FAULT,CPU;INTERVAL_FAULTS,NA,NA,NA,NA,NA,NA,NA,NA,NA,NA,NA,NA,NA,NA,NA,NA,NA,NA,NA,NA,NA,NA,NA,TARGET_GONE,identity no longer active
2026-10-02T16:05:53Z,APP_21879_3030045,21879,3030045,24,2274,201.198,0,0,-1,-1,0,0.999931471,NA,NA,70.000000000,MEASURED_CPU_FAULT,CPU;INTERVAL_FAULTS,NA,NA,NA,NA,NA,NA,NA,NA,NA,NA,NA,NA,NA,NA,NA,NA,NA,NA,NA,NA,NA,NA,NA,TARGET_GONE,identity no longer active
2026-10-02T16:05:53Z,APP_21879_3030045,21879,3030045,24,2275,197.938,0,0,-1,-1,0,0.999931471,NA,NA,70.000000000,MEASURED_CPU_FAULT,CPU;INTERVAL_FAULTS,NA,NA,NA,NA,NA,NA,NA,NA,NA,NA,NA,NA,NA,NA,NA,NA,NA,NA,NA,NA,NA,NA,NA,TARGET_GONE,identity no longer active
2026-10-02T16:05:53Z,APP_21879_3030045,21879,3030045,24,2276,201.499,0,0,-1,-1,0,0.999931471,NA,NA,70.000000000,MEASURED_CPU_FAULT,CPU;INTERVAL_FAULTS,NA,NA,NA,NA,NA,NA,NA,NA,NA,NA,NA,NA,NA,NA,NA,NA,NA,NA,NA,NA,NA,NA,NA,TARGET_GONE,identity no longer active
2026-10-02T16:05:53Z,APP_21879_3030045,21879,3030045,24,2277,197.938,0,0,-1,-1,0,0.999931471,NA,NA,70.000000000,MEASURED_CPU_FAULT,CPU;INTERVAL_FAULTS,NA,NA,NA,NA,NA,NA,NA,NA,NA,NA,NA,NA,NA,NA,NA,NA,NA,NA,NA,NA,NA,NA,NA,TARGET_GONE,identity no longer active
2026-10-02T16:05:53Z,APP_21879_3030045,21879,3030045,24,2278,201.198,0,0,-1,-1,0,0.999931471,NA,NA,70.000000000,MEASURED_CPU_FAULT,CPU;INTERVAL_FAULTS,NA,NA,NA,NA,NA,NA,NA,NA,NA,NA,NA,NA,NA,NA,NA,NA,NA,NA,NA,NA,NA,NA,NA,TARGET_GONE,identity no longer active
2026-10-02T16:05:53Z,APP_21879_3030045,21879,3030045,24,2279,200.130,0,0,-1,-1,0,0.999931471,NA,NA,70.000000000,MEASURED_CPU_FAULT,CPU;INTERVAL_FAULTS,NA,NA,NA,NA,NA,NA,NA,NA,NA,NA,NA,NA,NA,NA,NA,NA,NA,NA,NA,NA,NA,NA,NA,TARGET_GONE,identity no longer active
2026-10-02T16:05:53Z,APP_21879_3030045,21879,3030045,24,2280,204.391,0,0,-1,-1,0,0.999931471,NA,NA,70.000000000,MEASURED_CPU_FAULT,CPU;INTERVAL_FAULTS,NA,NA,NA,NA,NA,NA,NA,NA,NA,NA,NA,NA,NA,NA,NA,NA,NA,NA,NA,NA,NA,NA,NA,TARGET_GONE,identity no longer active
2026-10-02T16:05:54Z,APP_21879_3030045,21879,3030045,24,2281,201.802,0,0,-1,-1,0,0.999931471,NA,NA,70.000000000,MEASURED_CPU_FAULT,CPU;INTERVAL_FAULTS,NA,NA,NA,NA,NA,NA,NA,NA,NA,NA,NA,NA,NA,NA,NA,NA,NA,NA,NA,NA,NA,NA,NA,TARGET_GONE,identity no longer active
2026-10-02T16:05:54Z,APP_21879_3030045,21879,3030045,24,2282,199.005,0,0,-1,-1,0,0.999931471,NA,NA,70.000000000,MEASURED_CPU_FAULT,CPU;INTERVAL_FAULTS,NA,NA,NA,NA,NA,NA,NA,NA,NA,NA,NA,NA,NA,NA,NA,NA,NA,NA,NA,NA,NA,NA,NA,TARGET_GONE,identity no longer active
2026-10-02T16:05:54Z,APP_21879_3030045,21879,3030045,24,2283,191.617,0,0,-1,-1,0,0.999931471,NA,NA,70.000000000,MEASURED_CPU_FAULT,CPU;INTERVAL_FAULTS,NA,NA,NA,NA,NA,NA,NA,NA,NA,NA,NA,NA,NA,NA,NA,NA,NA,NA,NA,NA,NA,NA,NA,TARGET_GONE,identity no longer active
2026-10-02T16:05:54Z,APP_21879_3030045,21879,3030045,24,2284,204.325,0,0,-1,-1,0,0.999931471,NA,NA,70.000000000,MEASURED_CPU_FAULT,CPU;INTERVAL_FAULTS,NA,NA,NA,NA,NA,NA,NA,NA,NA,NA,NA,NA,NA,NA,NA,NA,NA,NA,NA,NA,NA,NA,NA,TARGET_GONE,identity no longer active
2026-10-02T16:05:54Z,APP_21879_3030045,21879,3030045,24,2285,201.499,0,0,-1,-1,0,0.999931471,NA,NA,70.000000000,MEASURED_CPU_FAULT,CPU;INTERVAL_FAULTS,NA,NA,NA,NA,NA,NA,NA,NA,NA,NA,NA,NA,NA,NA,NA,NA,NA,NA,NA,NA,NA,NA,NA,TARGET_GONE,identity no longer active
2026-10-02T16:05:54Z,APP_21879_3030045,21879,3030045,24,2286,197.531,0,0,-1,-1,0,0.999931471,NA,NA,70.000000000,MEASURED_CPU_FAULT,CPU;INTERVAL_FAULTS,NA,NA,NA,NA,NA,NA,NA,NA,NA,NA,NA,NA,NA,NA,NA,NA,NA,NA,NA,NA,NA,NA,NA,TARGET_GONE,identity no longer active
2026-10-02T16:05:54Z,APP_21879_3030045,21879,3030045,24,2287,201.802,0,0,-1,-1,0,0.999931471,NA,NA,70.000000000,MEASURED_CPU_FAULT,CPU;INTERVAL_FAULTS,NA,NA,NA,NA,NA,NA,NA,NA,NA,NA,NA,NA,NA,NA,NA,NA,NA,NA,NA,NA,NA,NA,NA,TARGET_GONE,identity no longer active
2026-10-02T16:05:27Z,APP_21879_3030045,21879,3030045,25,2288,0.000,0,0,-1,-1,0,0.999931471,1,true,0.000000000,MEASURED_CPU_FAULT,CPU;INTERVAL_FAULTS,HOT,669.474315258,0.560000000,0.700000000,NA,NA,NA,NA,0.560000000,0.000000000,0.700000000,0.000000000,-1.000000000,1.232000000,NA,MOVE_THREAD,INVALID,NOT_APPLICABLE,INVALID,MOVE_THREAD,-1,-1,false,TARGET_GONE,identity no longer active
2026-10-02T16:05:28Z,APP_21879_3030045,21879,3030045,25,2289,0.000,0,0,-1,-1,0,0.999931471,NA,NA,0.000000000,MEASURED_CPU_FAULT,CPU;INTERVAL_FAULTS,NA,NA,NA,NA,NA,NA,NA,NA,NA,NA,NA,NA,NA,NA,NA,NA,NA,NA,NA,NA,NA,NA,NA,TARGET_GONE,identity no longer active
2026-10-02T16:05:28Z,APP_21879_3030045,21879,3030045,25,2290,6.934,0,0,-1,-1,0,0.999931471,NA,NA,4.853800000,MEASURED_CPU_FAULT,CPU;INTERVAL_FAULTS,NA,NA,NA,NA,NA,NA,NA,NA,NA,NA,NA,NA,NA,NA,NA,NA,NA,NA,NA,NA,NA,NA,NA,TARGET_GONE,identity no longer active
2026-10-02T16:05:28Z,APP_21879_3030045,21879,3030045,25,2291,0.000,0,0,-1,-1,0,0.999931471,NA,NA,0.000000000,MEASURED_CPU_FAULT,CPU;INTERVAL_FAULTS,NA,NA,NA,NA,NA,NA,NA,NA,NA,NA,NA,NA,NA,NA,NA,NA,NA,NA,NA,NA,NA,NA,NA,TARGET_GONE,identity no longer active
2026-10-02T16:05:28Z,APP_21879_3030045,21879,3030045,25,2292,0.000,0,0,-1,-1,0,0.999931471,NA,NA,0.000000000,MEASURED_CPU_FAULT,CPU;INTERVAL_FAULTS,NA,NA,NA,NA,NA,NA,NA,NA,NA,NA,NA,NA,NA,NA,NA,NA,NA,NA,NA,NA,NA,NA,NA,TARGET_GONE,identity no longer active
2026-10-02T16:05:28Z,APP_21879_3030045,21879,3030045,25,2293,0.000,0,0,-1,-1,0,0.999931471,NA,NA,0.000000000,MEASURED_CPU_FAULT,CPU;INTERVAL_FAULTS,NA,NA,NA,NA,NA,NA,NA,NA,NA,NA,NA,NA,NA,NA,NA,NA,NA,NA,NA,NA,NA,NA,NA,TARGET_GONE,identity no longer active
2026-10-02T16:05:28Z,APP_21879_3030045,21879,3030045,25,2294,0.000,0,0,-1,-1,0,0.999931471,NA,NA,0.000000000,MEASURED_CPU_FAULT,CPU;INTERVAL_FAULTS,NA,NA,NA,NA,NA,NA,NA,NA,NA,NA,NA,NA,NA,NA,NA,NA,NA,NA,NA,NA,NA,NA,NA,TARGET_GONE,identity no longer active
2026-10-02T16:05:29Z,APP_21879_3030045,21879,3030045,25,2295,0.000,0,0,-1,-1,0,0.999931471,NA,NA,0.000000000,MEASURED_CPU_FAULT,CPU;INTERVAL_FAULTS,NA,NA,NA,NA,NA,NA,NA,NA,NA,NA,NA,NA,NA,NA,NA,NA,NA,NA,NA,NA,NA,NA,NA,TARGET_GONE,identity no longer active
2026-10-02T16:05:29Z,APP_21879_3030045,21879,3030045,25,2296,95.238,0,0,-1,-1,0,0.999931471,NA,NA,66.666600000,MEASURED_CPU_FAULT,CPU;INTERVAL_FAULTS,NA,NA,NA,NA,NA,NA,NA,NA,NA,NA,NA,NA,NA,NA,NA,NA,NA,NA,NA,NA,NA,NA,NA,TARGET_GONE,identity no longer active
2026-10-02T16:05:29Z,APP_21879_3030045,21879,3030045,25,2297,201.802,0,0,-1,-1,0,0.999931471,NA,NA,70.000000000,MEASURED_CPU_FAULT,CPU;INTERVAL_FAULTS,NA,NA,NA,NA,NA,NA,NA,NA,NA,NA,NA,NA,NA,NA,NA,NA,NA,NA,NA,NA,NA,NA,NA,TARGET_GONE,identity no longer active
2026-10-02T16:05:29Z,APP_21879_3030045,21879,3030045,25,2298,198.650,0,0,-1,-1,0,0.999931471,NA,NA,70.000000000,MEASURED_CPU_FAULT,CPU;INTERVAL_FAULTS,NA,NA,NA,NA,NA,NA,NA,NA,NA,NA,NA,NA,NA,NA,NA,NA,NA,NA,NA,NA,NA,NA,NA,TARGET_GONE,identity no longer active
2026-10-02T16:05:29Z,APP_21879_3030045,21879,3030045,25,2299,201.198,0,0,-1,-1,0,0.999931471,NA,NA,70.000000000,MEASURED_CPU_FAULT,CPU;INTERVAL_FAULTS,NA,NA,NA,NA,NA,NA,NA,NA,NA,NA,NA,NA,NA,NA,NA,NA,NA,NA,NA,NA,NA,NA,NA,TARGET_GONE,identity no longer active
2026-10-02T16:05:29Z,APP_21879_3030045,21879,3030045,25,2300,202.230,0,0,-1,-1,0,0.999931471,NA,NA,70.000000000,MEASURED_CPU_FAULT,CPU;INTERVAL_FAULTS,NA,NA,NA,NA,NA,NA,NA,NA,NA,NA,NA,NA,NA,NA,NA,NA,NA,NA,NA,NA,NA,NA,NA,TARGET_GONE,identity no longer active
2026-10-02T16:05:29Z,APP_21879_3030045,21879,3030045,25,2301,191.617,0,0,-1,-1,0,0.999931471,NA,NA,70.000000000,MEASURED_CPU_FAULT,CPU;INTERVAL_FAULTS,NA,NA,NA,NA,NA,NA,NA,NA,NA,NA,NA,NA,NA,NA,NA,NA,NA,NA,NA,NA,NA,NA,NA,TARGET_GONE,identity no longer active
2026-10-02T16:05:29Z,APP_21879_3030045,21879,3030045,25,2302,202.043,0,0,-1,-1,0,0.999931471,NA,NA,70.000000000,MEASURED_CPU_FAULT,CPU;INTERVAL_FAULTS,NA,NA,NA,NA,NA,NA,NA,NA,NA,NA,NA,NA,NA,NA,NA,NA,NA,NA,NA,NA,NA,NA,NA,TARGET_GONE,identity no longer active
2026-10-02T16:05:30Z,APP_21879_3030045,21879,3030045,25,2303,201.198,0,0,-1,-1,0,0.999931471,NA,NA,70.000000000,MEASURED_CPU_FAULT,CPU;INTERVAL_FAULTS,NA,NA,NA,NA,NA,NA,NA,NA,NA,NA,NA,NA,NA,NA,NA,NA,NA,NA,NA,NA,NA,NA,NA,TARGET_GONE,identity no longer active
2026-10-02T16:05:30Z,APP_21879_3030045,21879,3030045,25,2304,197.280,0,0,-1,-1,0,0.999931471,NA,NA,70.000000000,MEASURED_CPU_FAULT,CPU;INTERVAL_FAULTS,NA,NA,NA,NA,NA,NA,NA,NA,NA,NA,NA,NA,NA,NA,NA,NA,NA,NA,NA,NA,NA,NA,NA,TARGET_GONE,identity no longer active
2026-10-02T16:05:30Z,APP_21879_3030045,21879,3030045,25,2305,210.778,0,0,-1,-1,0,0.999931471,NA,NA,70.000000000,MEASURED_CPU_FAULT,CPU;INTERVAL_FAULTS,NA,NA,NA,NA,NA,NA,NA,NA,NA,NA,NA,NA,NA,NA,NA,NA,NA,NA,NA,NA,NA,NA,NA,TARGET_GONE,identity no longer active
2026-10-02T16:05:30Z,APP_21879_3030045,21879,3030045,25,2306,191.904,0,0,-1,-1,0,0.999931471,NA,NA,70.000000000,MEASURED_CPU_FAULT,CPU;INTERVAL_FAULTS,NA,NA,NA,NA,NA,NA,NA,NA,NA,NA,NA,NA,NA,NA,NA,NA,NA,NA,NA,NA,NA,NA,NA,TARGET_GONE,identity no longer active
2026-10-02T16:05:30Z,APP_21879_3030045,21879,3030045,25,2307,205.714,0,0,-1,-1,0,0.999931471,NA,NA,70.000000000,MEASURED_CPU_FAULT,CPU;INTERVAL_FAULTS,NA,NA,NA,NA,NA,NA,NA,NA,NA,NA,NA,NA,NA,NA,NA,NA,NA,NA,NA,NA,NA,NA,NA,TARGET_GONE,identity no longer active
2026-10-02T16:05:30Z,APP_21879_3030045,21879,3030045,25,2308,201.198,0,0,-1,-1,0,0.999931471,NA,NA,70.000000000,MEASURED_CPU_FAULT,CPU;INTERVAL_FAULTS,NA,NA,NA,NA,NA,NA,NA,NA,NA,NA,NA,NA,NA,NA,NA,NA,NA,NA,NA,NA,NA,NA,NA,TARGET_GONE,identity no longer active
2026-10-02T16:05:30Z,APP_21879_3030045,21879,3030045,25,2309,196.648,0,0,-1,-1,0,0.999931471,NA,NA,70.000000000,MEASURED_CPU_FAULT,CPU;INTERVAL_FAULTS,NA,NA,NA,NA,NA,NA,NA,NA,NA,NA,NA,NA,NA,NA,NA,NA,NA,NA,NA,NA,NA,NA,NA,TARGET_GONE,identity no longer active
2026-10-02T16:05:30Z,APP_21879_3030045,21879,3030045,25,2310,201.499,0,0,-1,-1,0,0.999931471,NA,NA,70.000000000,MEASURED_CPU_FAULT,CPU;INTERVAL_FAULTS,NA,NA,NA,NA,NA,NA,NA,NA,NA,NA,NA,NA,NA,NA,NA,NA,NA,NA,NA,NA,NA,NA,NA,TARGET_GONE,identity no longer active
2026-10-02T16:05:31Z,APP_21879_3030045,21879,3030045,25,2311,202.772,0,0,-1,-1,0,0.999931471,NA,NA,70.000000000,MEASURED_CPU_FAULT,CPU;INTERVAL_FAULTS,NA,NA,NA,NA,NA,NA,NA,NA,NA,NA,NA,NA,NA,NA,NA,NA,NA,NA,NA,NA,NA,NA,NA,TARGET_GONE,identity no longer active
2026-10-02T16:05:31Z,APP_21879_3030045,21879,3030045,25,2312,201.499,0,0,-1,-1,0,0.999931471,NA,NA,70.000000000,MEASURED_CPU_FAULT,CPU;INTERVAL_FAULTS,NA,NA,NA,NA,NA,NA,NA,NA,NA,NA,NA,NA,NA,NA,NA,NA,NA,NA,NA,NA,NA,NA,NA,TARGET_GONE,identity no longer active
2026-10-02T16:05:31Z,APP_21879_3030045,21879,3030045,25,2313,195.918,0,0,-1,-1,0,0.999931471,NA,NA,70.000000000,MEASURED_CPU_FAULT,CPU;INTERVAL_FAULTS,NA,NA,NA,NA,NA,NA,NA,NA,NA,NA,NA,NA,NA,NA,NA,NA,NA,NA,NA,NA,NA,NA,NA,TARGET_GONE,identity no longer active
2026-10-02T16:05:31Z,APP_21879_3030045,21879,3030045,25,2314,211.411,0,0,-1,-1,0,0.999931471,NA,NA,70.000000000,MEASURED_CPU_FAULT,CPU;INTERVAL_FAULTS,NA,NA,NA,NA,NA,NA,NA,NA,NA,NA,NA,NA,NA,NA,NA,NA,NA,NA,NA,NA,NA,NA,NA,TARGET_GONE,identity no longer active
2026-10-02T16:05:31Z,APP_21879_3030045,21879,3030045,25,2315,201.499,0,0,-1,-1,0,0.999931471,NA,NA,70.000000000,MEASURED_CPU_FAULT,CPU;INTERVAL_FAULTS,NA,NA,NA,NA,NA,NA,NA,NA,NA,NA,NA,NA,NA,NA,NA,NA,NA,NA,NA,NA,NA,NA,NA,TARGET_GONE,identity no longer active
2026-10-02T16:05:31Z,APP_21879_3030045,21879,3030045,25,2316,198.706,0,0,-1,-1,0,0.999931471,NA,NA,70.000000000,MEASURED_CPU_FAULT,CPU;INTERVAL_FAULTS,NA,NA,NA,NA,NA,NA,NA,NA,NA,NA,NA,NA,NA,NA,NA,NA,NA,NA,NA,NA,NA,NA,NA,TARGET_GONE,identity no longer active
2026-10-02T16:05:31Z,APP_21879_3030045,21879,3030045,25,2317,191.904,0,0,-1,-1,0,0.999931471,NA,NA,70.000000000,MEASURED_CPU_FAULT,CPU;INTERVAL_FAULTS,NA,NA,NA,NA,NA,NA,NA,NA,NA,NA,NA,NA,NA,NA,NA,NA,NA,NA,NA,NA,NA,NA,NA,TARGET_GONE,identity no longer active
2026-10-02T16:05:31Z,APP_21879_3030045,21879,3030045,25,2318,204.325,0,0,-1,-1,0,0.999931471,NA,NA,70.000000000,MEASURED_CPU_FAULT,CPU;INTERVAL_FAULTS,NA,NA,NA,NA,NA,NA,NA,NA,NA,NA,NA,NA,NA,NA,NA,NA,NA,NA,NA,NA,NA,NA,NA,TARGET_GONE,identity no longer active
2026-10-02T16:05:31Z,APP_21879_3030045,21879,3030045,25,2319,201.499,0,0,-1,-1,0,0.999931471,NA,NA,70.000000000,MEASURED_CPU_FAULT,CPU;INTERVAL_FAULTS,NA,NA,NA,NA,NA,NA,NA,NA,NA,NA,NA,NA,NA,NA,NA,NA,NA,NA,NA,NA,NA,NA,NA,TARGET_GONE,identity no longer active
2026-10-02T16:05:32Z,APP_21879_3030045,21879,3030045,25,2320,197.531,0,0,-1,-1,0,0.999931471,NA,NA,70.000000000,MEASURED_CPU_FAULT,CPU;INTERVAL_FAULTS,NA,NA,NA,NA,NA,NA,NA,NA,NA,NA,NA,NA,NA,NA,NA,NA,NA,NA,NA,NA,NA,NA,NA,TARGET_GONE,identity no longer active
2026-10-02T16:05:32Z,APP_21879_3030045,21879,3030045,25,2321,201.499,0,0,-1,-1,0,0.999931471,NA,NA,70.000000000,MEASURED_CPU_FAULT,CPU;INTERVAL_FAULTS,NA,NA,NA,NA,NA,NA,NA,NA,NA,NA,NA,NA,NA,NA,NA,NA,NA,NA,NA,NA,NA,NA,NA,TARGET_GONE,identity no longer active
2026-10-02T16:05:32Z,APP_21879_3030045,21879,3030045,25,2322,203.885,0,0,-1,-1,0,0.999931471,NA,NA,70.000000000,MEASURED_CPU_FAULT,CPU;INTERVAL_FAULTS,NA,NA,NA,NA,NA,NA,NA,NA,NA,NA,NA,NA,NA,NA,NA,NA,NA,NA,NA,NA,NA,NA,NA,TARGET_GONE,identity no longer active
2026-10-02T16:05:32Z,APP_21879_3030045,21879,3030045,25,2323,192.771,0,0,-1,-1,0,0.999931471,NA,NA,70.000000000,MEASURED_CPU_FAULT,CPU;INTERVAL_FAULTS,NA,NA,NA,NA,NA,NA,NA,NA,NA,NA,NA,NA,NA,NA,NA,NA,NA,NA,NA,NA,NA,NA,NA,TARGET_GONE,identity no longer active
2026-10-02T16:05:32Z,APP_21879_3030045,21879,3030045,25,2324,201.499,0,0,-1,-1,0,0.999931471,NA,NA,70.000000000,MEASURED_CPU_FAULT,CPU;INTERVAL_FAULTS,NA,NA,NA,NA,NA,NA,NA,NA,NA,NA,NA,NA,NA,NA,NA,NA,NA,NA,NA,NA,NA,NA,NA,TARGET_GONE,identity no longer active
2026-10-02T16:05:32Z,APP_21879_3030045,21879,3030045,25,2325,191.847,0,0,-1,-1,0,0.999931471,NA,NA,70.000000000,MEASURED_CPU_FAULT,CPU;INTERVAL_FAULTS,NA,NA,NA,NA,NA,NA,NA,NA,NA,NA,NA,NA,NA,NA,NA,NA,NA,NA,NA,NA,NA,NA,NA,TARGET_GONE,identity no longer active
2026-10-02T16:05:32Z,APP_21879_3030045,21879,3030045,25,2326,201.198,0,0,-1,-1,0,0.999931471,NA,NA,70.000000000,MEASURED_CPU_FAULT,CPU;INTERVAL_FAULTS,NA,NA,NA,NA,NA,NA,NA,NA,NA,NA,NA,NA,NA,NA,NA,NA,NA,NA,NA,NA,NA,NA,NA,TARGET_GONE,identity no longer active
2026-10-02T16:05:32Z,APP_21879_3030045,21879,3030045,25,2327,204.115,0,0,-1,-1,0,0.999931471,NA,NA,70.000000000,MEASURED_CPU_FAULT,CPU;INTERVAL_FAULTS,NA,NA,NA,NA,NA,NA,NA,NA,NA,NA,NA,NA,NA,NA,NA,NA,NA,NA,NA,NA,NA,NA,NA,TARGET_GONE,identity no longer active
2026-10-02T16:05:33Z,APP_21879_3030045,21879,3030045,25,2328,192.192,0,0,-1,-1,0,0.999931471,NA,NA,70.000000000,MEASURED_CPU_FAULT,CPU;INTERVAL_FAULTS,NA,NA,NA,NA,NA,NA,NA,NA,NA,NA,NA,NA,NA,NA,NA,NA,NA,NA,NA,NA,NA,NA,NA,TARGET_GONE,identity no longer active
2026-10-02T16:05:33Z,APP_21879_3030045,21879,3030045,25,2329,204.115,0,0,-1,-1,0,0.999931471,NA,NA,70.000000000,MEASURED_CPU_FAULT,CPU;INTERVAL_FAULTS,NA,NA,NA,NA,NA,NA,NA,NA,NA,NA,NA,NA,NA,NA,NA,NA,NA,NA,NA,NA,NA,NA,NA,TARGET_GONE,identity no longer active
2026-10-02T16:05:33Z,APP_21879_3030045,21879,3030045,25,2330,201.802,0,0,-1,-1,0,0.999931471,NA,NA,70.000000000,MEASURED_CPU_FAULT,CPU;INTERVAL_FAULTS,NA,NA,NA,NA,NA,NA,NA,NA,NA,NA,NA,NA,NA,NA,NA,NA,NA,NA,NA,NA,NA,NA,NA,TARGET_GONE,identity no longer active
2026-10-02T16:05:33Z,APP_21879_3030045,21879,3030045,25,2331,201.491,0,0,-1,-1,0,0.999931471,NA,NA,70.000000000,MEASURED_CPU_FAULT,CPU;INTERVAL_FAULTS,NA,NA,NA,NA,NA,NA,NA,NA,NA,NA,NA,NA,NA,NA,NA,NA,NA,NA,NA,NA,NA,NA,NA,TARGET_GONE,identity no longer active
2026-10-02T16:05:33Z,APP_21879_3030045,21879,3030045,25,2332,192.771,0,0,-1,-1,0,0.999931471,NA,NA,70.000000000,MEASURED_CPU_FAULT,CPU;INTERVAL_FAULTS,NA,NA,NA,NA,NA,NA,NA,NA,NA,NA,NA,NA,NA,NA,NA,NA,NA,NA,NA,NA,NA,NA,NA,TARGET_GONE,identity no longer active
2026-10-02T16:05:33Z,APP_21879_3030045,21879,3030045,25,2333,201.499,0,0,-1,-1,0,0.999931471,NA,NA,70.000000000,MEASURED_CPU_FAULT,CPU;INTERVAL_FAULTS,NA,NA,NA,NA,NA,NA,NA,NA,NA,NA,NA,NA,NA,NA,NA,NA,NA,NA,NA,NA,NA,NA,NA,TARGET_GONE,identity no longer active
2026-10-02T16:05:33Z,APP_21879_3030045,21879,3030045,25,2334,199.253,0,0,-1,-1,0,0.999931471,NA,NA,70.000000000,MEASURED_CPU_FAULT,CPU;INTERVAL_FAULTS,NA,NA,NA,NA,NA,NA,NA,NA,NA,NA,NA,NA,NA,NA,NA,NA,NA,NA,NA,NA,NA,NA,NA,TARGET_GONE,identity no longer active
2026-10-02T16:05:33Z,APP_21879_3030045,21879,3030045,25,2335,201.198,0,0,-1,-1,0,0.999931471,NA,NA,70.000000000,MEASURED_CPU_FAULT,CPU;INTERVAL_FAULTS,NA,NA,NA,NA,NA,NA,NA,NA,NA,NA,NA,NA,NA,NA,NA,NA,NA,NA,NA,NA,NA,NA,NA,TARGET_GONE,identity no longer active
2026-10-02T16:05:34Z,APP_21879_3030045,21879,3030045,25,2336,198.142,0,0,-1,-1,0,0.999931471,NA,NA,70.000000000,MEASURED_CPU_FAULT,CPU;INTERVAL_FAULTS,NA,NA,NA,NA,NA,NA,NA,NA,NA,NA,NA,NA,NA,NA,NA,NA,NA,NA,NA,NA,NA,NA,NA,TARGET_GONE,identity no longer active
2026-10-02T16:05:34Z,APP_21879_3030045,21879,3030045,25,2337,200.897,0,0,-1,-1,0,0.999931471,NA,NA,70.000000000,MEASURED_CPU_FAULT,CPU;INTERVAL_FAULTS,NA,NA,NA,NA,NA,NA,NA,NA,NA,NA,NA,NA,NA,NA,NA,NA,NA,NA,NA,NA,NA,NA,NA,TARGET_GONE,identity no longer active
2026-10-02T16:05:34Z,APP_21879_3030045,21879,3030045,25,2338,197.938,0,0,-1,-1,0,0.999931471,NA,NA,70.000000000,MEASURED_CPU_FAULT,CPU;INTERVAL_FAULTS,NA,NA,NA,NA,NA,NA,NA,NA,NA,NA,NA,NA,NA,NA,NA,NA,NA,NA,NA,NA,NA,NA,NA,TARGET_GONE,identity no longer active
2026-10-02T16:05:34Z,APP_21879_3030045,21879,3030045,25,2339,201.499,0,0,-1,-1,0,0.999931471,NA,NA,70.000000000,MEASURED_CPU_FAULT,CPU;INTERVAL_FAULTS,NA,NA,NA,NA,NA,NA,NA,NA,NA,NA,NA,NA,NA,NA,NA,NA,NA,NA,NA,NA,NA,NA,NA,TARGET_GONE,identity no longer active
2026-10-02T16:05:34Z,APP_21879_3030045,21879,3030045,25,2340,202.625,0,0,-1,-1,0,0.999931471,NA,NA,70.000000000,MEASURED_CPU_FAULT,CPU;INTERVAL_FAULTS,NA,NA,NA,NA,NA,NA,NA,NA,NA,NA,NA,NA,NA,NA,NA,NA,NA,NA,NA,NA,NA,NA,NA,TARGET_GONE,identity no longer active
2026-10-02T16:05:34Z,APP_21879_3030045,21879,3030045,25,2341,192.192,0,0,-1,-1,0,0.999931471,NA,NA,70.000000000,MEASURED_CPU_FAULT,CPU;INTERVAL_FAULTS,NA,NA,NA,NA,NA,NA,NA,NA,NA,NA,NA,NA,NA,NA,NA,NA,NA,NA,NA,NA,NA,NA,NA,TARGET_GONE,identity no longer active
2026-10-02T16:05:34Z,APP_21879_3030045,21879,3030045,25,2342,201.198,0,0,-1,-1,0,0.999931471,NA,NA,70.000000000,MEASURED_CPU_FAULT,CPU;INTERVAL_FAULTS,NA,NA,NA,NA,NA,NA,NA,NA,NA,NA,NA,NA,NA,NA,NA,NA,NA,NA,NA,NA,NA,NA,NA,TARGET_GONE,identity no longer active
2026-10-02T16:05:34Z,APP_21879_3030045,21879,3030045,25,2343,199.253,0,0,-1,-1,0,0.999931471,NA,NA,70.000000000,MEASURED_CPU_FAULT,CPU;INTERVAL_FAULTS,NA,NA,NA,NA,NA,NA,NA,NA,NA,NA,NA,NA,NA,NA,NA,NA,NA,NA,NA,NA,NA,NA,NA,TARGET_GONE,identity no longer active
2026-10-02T16:05:34Z,APP_21879_3030045,21879,3030045,25,2344,201.802,0,0,-1,-1,0,0.999931471,NA,NA,70.000000000,MEASURED_CPU_FAULT,CPU;INTERVAL_FAULTS,NA,NA,NA,NA,NA,NA,NA,NA,NA,NA,NA,NA,NA,NA,NA,NA,NA,NA,NA,NA,NA,NA,NA,TARGET_GONE,identity no longer active
2026-10-02T16:05:35Z,APP_21879_3030045,21879,3030045,25,2345,197.328,0,0,-1,-1,0,0.999931471,NA,NA,70.000000000,MEASURED_CPU_FAULT,CPU;INTERVAL_FAULTS,NA,NA,NA,NA,NA,NA,NA,NA,NA,NA,NA,NA,NA,NA,NA,NA,NA,NA,NA,NA,NA,NA,NA,TARGET_GONE,identity no longer active
2026-10-02T16:05:35Z,APP_21879_3030045,21879,3030045,25,2346,201.499,0,0,-1,-1,0,0.999931471,NA,NA,70.000000000,MEASURED_CPU_FAULT,CPU;INTERVAL_FAULTS,NA,NA,NA,NA,NA,NA,NA,NA,NA,NA,NA,NA,NA,NA,NA,NA,NA,NA,NA,NA,NA,NA,NA,TARGET_GONE,identity no longer active
2026-10-02T16:05:35Z,APP_21879_3030045,21879,3030045,25,2347,198.142,0,0,-1,-1,0,0.999931471,NA,NA,70.000000000,MEASURED_CPU_FAULT,CPU;INTERVAL_FAULTS,NA,NA,NA,NA,NA,NA,NA,NA,NA,NA,NA,NA,NA,NA,NA,NA,NA,NA,NA,NA,NA,NA,NA,TARGET_GONE,identity no longer active
2026-10-02T16:05:35Z,APP_21879_3030045,21879,3030045,25,2348,201.198,0,0,-1,-1,0,0.999931471,NA,NA,70.000000000,MEASURED_CPU_FAULT,CPU;INTERVAL_FAULTS,NA,NA,NA,NA,NA,NA,NA,NA,NA,NA,NA,NA,NA,NA,NA,NA,NA,NA,NA,NA,NA,NA,NA,TARGET_GONE,identity no longer active
2026-10-02T16:05:35Z,APP_21879_3030045,21879,3030045,25,2349,203.253,0,0,-1,-1,0,0.999931471,NA,NA,70.000000000,MEASURED_CPU_FAULT,CPU;INTERVAL_FAULTS,NA,NA,NA,NA,NA,NA,NA,NA,NA,NA,NA,NA,NA,NA,NA,NA,NA,NA,NA,NA,NA,NA,NA,TARGET_GONE,identity no longer active
2026-10-02T16:05:35Z,APP_21879_3030045,21879,3030045,25,2350,192.192,0,0,-1,-1,0,0.999931471,NA,NA,70.000000000,MEASURED_CPU_FAULT,CPU;INTERVAL_FAULTS,NA,NA,NA,NA,NA,NA,NA,NA,NA,NA,NA,NA,NA,NA,NA,NA,NA,NA,NA,NA,NA,NA,NA,TARGET_GONE,identity no longer active
2026-10-02T16:05:35Z,APP_21879_3030045,21879,3030045,25,2351,201.499,0,0,-1,-1,0,0.999931471,NA,NA,70.000000000,MEASURED_CPU_FAULT,CPU;INTERVAL_FAULTS,NA,NA,NA,NA,NA,NA,NA,NA,NA,NA,NA,NA,NA,NA,NA,NA,NA,NA,NA,NA,NA,NA,NA,TARGET_GONE,identity no longer active
2026-10-02T16:05:35Z,APP_21879_3030045,21879,3030045,25,2352,199.253,0,0,-1,-1,0,0.999931471,NA,NA,70.000000000,MEASURED_CPU_FAULT,CPU;INTERVAL_FAULTS,NA,NA,NA,NA,NA,NA,NA,NA,NA,NA,NA,NA,NA,NA,NA,NA,NA,NA,NA,NA,NA,NA,NA,TARGET_GONE,identity no longer active
2026-10-02T16:05:36Z,APP_21879_3030045,21879,3030045,25,2353,201.198,0,0,-1,-1,0,0.999931471,NA,NA,70.000000000,MEASURED_CPU_FAULT,CPU;INTERVAL_FAULTS,NA,NA,NA,NA,NA,NA,NA,NA,NA,NA,NA,NA,NA,NA,NA,NA,NA,NA,NA,NA,NA,NA,NA,TARGET_GONE,identity no longer active
2026-10-02T16:05:36Z,APP_21879_3030045,21879,3030045,25,2354,197.938,0,0,-1,-1,0,0.999931471,NA,NA,70.000000000,MEASURED_CPU_FAULT,CPU;INTERVAL_FAULTS,NA,NA,NA,NA,NA,NA,NA,NA,NA,NA,NA,NA,NA,NA,NA,NA,NA,NA,NA,NA,NA,NA,NA,TARGET_GONE,identity no longer active
2026-10-02T16:05:36Z,APP_21879_3030045,21879,3030045,25,2355,201.198,0,0,-1,-1,0,0.999931471,NA,NA,70.000000000,MEASURED_CPU_FAULT,CPU;INTERVAL_FAULTS,NA,NA,NA,NA,NA,NA,NA,NA,NA,NA,NA,NA,NA,NA,NA,NA,NA,NA,NA,NA,NA,NA,NA,TARGET_GONE,identity no longer active
2026-10-02T16:05:36Z,APP_21879_3030045,21879,3030045,25,2356,197.734,0,0,-1,-1,0,0.999931471,NA,NA,70.000000000,MEASURED_CPU_FAULT,CPU;INTERVAL_FAULTS,NA,NA,NA,NA,NA,NA,NA,NA,NA,NA,NA,NA,NA,NA,NA,NA,NA,NA,NA,NA,NA,NA,NA,TARGET_GONE,identity no longer active
2026-10-02T16:05:36Z,APP_21879_3030045,21879,3030045,25,2357,201.802,0,0,-1,-1,0,0.999931471,NA,NA,70.000000000,MEASURED_CPU_FAULT,CPU;INTERVAL_FAULTS,NA,NA,NA,NA,NA,NA,NA,NA,NA,NA,NA,NA,NA,NA,NA,NA,NA,NA,NA,NA,NA,NA,NA,TARGET_GONE,identity no longer active
2026-10-02T16:05:36Z,APP_21879_3030045,21879,3030045,25,2358,203.096,0,0,-1,-1,0,0.999931471,NA,NA,70.000000000,MEASURED_CPU_FAULT,CPU;INTERVAL_FAULTS,NA,NA,NA,NA,NA,NA,NA,NA,NA,NA,NA,NA,NA,NA,NA,NA,NA,NA,NA,NA,NA,NA,NA,TARGET_GONE,identity no longer active
2026-10-02T16:05:36Z,APP_21879_3030045,21879,3030045,25,2359,191.617,0,0,-1,-1,0,0.999931471,NA,NA,70.000000000,MEASURED_CPU_FAULT,CPU;INTERVAL_FAULTS,NA,NA,NA,NA,NA,NA,NA,NA,NA,NA,NA,NA,NA,NA,NA,NA,NA,NA,NA,NA,NA,NA,NA,TARGET_GONE,identity no longer active
2026-10-02T16:05:36Z,APP_21879_3030045,21879,3030045,25,2360,201.499,0,0,-1,-1,0,0.999931471,NA,NA,70.000000000,MEASURED_CPU_FAULT,CPU;INTERVAL_FAULTS,NA,NA,NA,NA,NA,NA,NA,NA,NA,NA,NA,NA,NA,NA,NA,NA,NA,NA,NA,NA,NA,NA,NA,TARGET_GONE,identity no longer active
2026-10-02T16:05:37Z,APP_21879_3030045,21879,3030045,25,2361,199.253,0,0,-1,-1,0,0.999931471,NA,NA,70.000000000,MEASURED_CPU_FAULT,CPU;INTERVAL_FAULTS,NA,NA,NA,NA,NA,NA,NA,NA,NA,NA,NA,NA,NA,NA,NA,NA,NA,NA,NA,NA,NA,NA,NA,TARGET_GONE,identity no longer active
2026-10-02T16:05:37Z,APP_21879_3030045,21879,3030045,25,2362,201.198,0,0,-1,-1,0,0.999931471,NA,NA,70.000000000,MEASURED_CPU_FAULT,CPU;INTERVAL_FAULTS,NA,NA,NA,NA,NA,NA,NA,NA,NA,NA,NA,NA,NA,NA,NA,NA,NA,NA,NA,NA,NA,NA,NA,TARGET_GONE,identity no longer active
2026-10-02T16:05:37Z,APP_21879_3030045,21879,3030045,25,2363,197.734,0,0,-1,-1,0,0.999931471,NA,NA,70.000000000,MEASURED_CPU_FAULT,CPU;INTERVAL_FAULTS,NA,NA,NA,NA,NA,NA,NA,NA,NA,NA,NA,NA,NA,NA,NA,NA,NA,NA,NA,NA,NA,NA,NA,TARGET_GONE,identity no longer active
2026-10-02T16:05:37Z,APP_21879_3030045,21879,3030045,25,2364,201.802,0,0,-1,-1,0,0.999931471,NA,NA,70.000000000,MEASURED_CPU_FAULT,CPU;INTERVAL_FAULTS,NA,NA,NA,NA,NA,NA,NA,NA,NA,NA,NA,NA,NA,NA,NA,NA,NA,NA,NA,NA,NA,NA,NA,TARGET_GONE,identity no longer active
2026-10-02T16:05:37Z,APP_21879_3030045,21879,3030045,25,2365,197.531,0,0,-1,-1,0,0.999931471,NA,NA,70.000000000,MEASURED_CPU_FAULT,CPU;INTERVAL_FAULTS,NA,NA,NA,NA,NA,NA,NA,NA,NA,NA,NA,NA,NA,NA,NA,NA,NA,NA,NA,NA,NA,NA,NA,TARGET_GONE,identity no longer active
2026-10-02T16:05:37Z,APP_21879_3030045,21879,3030045,25,2366,201.499,0,0,-1,-1,0,0.999931471,NA,NA,70.000000000,MEASURED_CPU_FAULT,CPU;INTERVAL_FAULTS,NA,NA,NA,NA,NA,NA,NA,NA,NA,NA,NA,NA,NA,NA,NA,NA,NA,NA,NA,NA,NA,NA,NA,TARGET_GONE,identity no longer active
2026-10-02T16:05:37Z,APP_21879_3030045,21879,3030045,25,2367,202.755,0,0,-1,-1,0,0.999931471,NA,NA,70.000000000,MEASURED_CPU_FAULT,CPU;INTERVAL_FAULTS,NA,NA,NA,NA,NA,NA,NA,NA,NA,NA,NA,NA,NA,NA,NA,NA,NA,NA,NA,NA,NA,NA,NA,TARGET_GONE,identity no longer active
2026-10-02T16:05:37Z,APP_21879_3030045,21879,3030045,25,2368,191.617,0,0,-1,-1,0,0.999931471,NA,NA,70.000000000,MEASURED_CPU_FAULT,CPU;INTERVAL_FAULTS,NA,NA,NA,NA,NA,NA,NA,NA,NA,NA,NA,NA,NA,NA,NA,NA,NA,NA,NA,NA,NA,NA,NA,TARGET_GONE,identity no longer active
2026-10-02T16:05:38Z,APP_21879_3030045,21879,3030045,25,2369,201.499,0,0,-1,-1,0,0.999931471,NA,NA,70.000000000,MEASURED_CPU_FAULT,CPU;INTERVAL_FAULTS,NA,NA,NA,NA,NA,NA,NA,NA,NA,NA,NA,NA,NA,NA,NA,NA,NA,NA,NA,NA,NA,NA,NA,TARGET_GONE,identity no longer active
2026-10-02T16:05:38Z,APP_21879_3030045,21879,3030045,25,2370,206.708,0,0,-1,-1,0,0.999931471,NA,NA,70.000000000,MEASURED_CPU_FAULT,CPU;INTERVAL_FAULTS,NA,NA,NA,NA,NA,NA,NA,NA,NA,NA,NA,NA,NA,NA,NA,NA,NA,NA,NA,NA,NA,NA,NA,TARGET_GONE,identity no longer active
2026-10-02T16:05:38Z,APP_21879_3030045,21879,3030045,25,2371,191.617,0,0,-1,-1,0,0.999931471,NA,NA,70.000000000,MEASURED_CPU_FAULT,CPU;INTERVAL_FAULTS,NA,NA,NA,NA,NA,NA,NA,NA,NA,NA,NA,NA,NA,NA,NA,NA,NA,NA,NA,NA,NA,NA,NA,TARGET_GONE,identity no longer active
2026-10-02T16:05:38Z,APP_21879_3030045,21879,3030045,25,2372,200.607,0,0,-1,-1,0,0.999931471,NA,NA,70.000000000,MEASURED_CPU_FAULT,CPU;INTERVAL_FAULTS,NA,NA,NA,NA,NA,NA,NA,NA,NA,NA,NA,NA,NA,NA,NA,NA,NA,NA,NA,NA,NA,NA,NA,TARGET_GONE,identity no longer active
2026-10-02T16:05:38Z,APP_21879_3030045,21879,3030045,25,2373,201.198,0,0,-1,-1,0,0.999931471,NA,NA,70.000000000,MEASURED_CPU_FAULT,CPU;INTERVAL_FAULTS,NA,NA,NA,NA,NA,NA,NA,NA,NA,NA,NA,NA,NA,NA,NA,NA,NA,NA,NA,NA,NA,NA,NA,TARGET_GONE,identity no longer active
2026-10-02T16:05:38Z,APP_21879_3030045,21879,3030045,25,2374,199.610,0,0,-1,-1,0,0.999931471,NA,NA,70.000000000,MEASURED_CPU_FAULT,CPU;INTERVAL_FAULTS,NA,NA,NA,NA,NA,NA,NA,NA,NA,NA,NA,NA,NA,NA,NA,NA,NA,NA,NA,NA,NA,NA,NA,TARGET_GONE,identity no longer active
2026-10-02T16:05:38Z,APP_21879_3030045,21879,3030045,25,2375,201.198,0,0,-1,-1,0,0.999931471,NA,NA,70.000000000,MEASURED_CPU_FAULT,CPU;INTERVAL_FAULTS,NA,NA,NA,NA,NA,NA,NA,NA,NA,NA,NA,NA,NA,NA,NA,NA,NA,NA,NA,NA,NA,NA,NA,TARGET_GONE,identity no longer active
2026-10-02T16:05:39Z,APP_21879_3030045,21879,3030045,25,2376,200.000,0,0,-1,-1,0,0.999931471,NA,NA,70.000000000,MEASURED_CPU_FAULT,CPU;INTERVAL_FAULTS,NA,NA,NA,NA,NA,NA,NA,NA,NA,NA,NA,NA,NA,NA,NA,NA,NA,NA,NA,NA,NA,NA,NA,TARGET_GONE,identity no longer active
2026-10-02T16:05:39Z,APP_21879_3030045,21879,3030045,25,2377,192.192,0,0,-1,-1,0,0.999931471,NA,NA,70.000000000,MEASURED_CPU_FAULT,CPU;INTERVAL_FAULTS,NA,NA,NA,NA,NA,NA,NA,NA,NA,NA,NA,NA,NA,NA,NA,NA,NA,NA,NA,NA,NA,NA,NA,TARGET_GONE,identity no longer active
2026-10-02T16:05:39Z,APP_21879_3030045,21879,3030045,25,2378,201.802,0,0,-1,-1,0,0.999931471,NA,NA,70.000000000,MEASURED_CPU_FAULT,CPU;INTERVAL_FAULTS,NA,NA,NA,NA,NA,NA,NA,NA,NA,NA,NA,NA,NA,NA,NA,NA,NA,NA,NA,NA,NA,NA,NA,TARGET_GONE,identity no longer active
2026-10-02T16:05:39Z,APP_21879_3030045,21879,3030045,25,2379,198.758,0,0,-1,-1,0,0.999931471,NA,NA,70.000000000,MEASURED_CPU_FAULT,CPU;INTERVAL_FAULTS,NA,NA,NA,NA,NA,NA,NA,NA,NA,NA,NA,NA,NA,NA,NA,NA,NA,NA,NA,NA,NA,NA,NA,TARGET_GONE,identity no longer active
2026-10-02T16:05:39Z,APP_21879_3030045,21879,3030045,25,2380,210.463,0,0,-1,-1,0,0.999931471,NA,NA,70.000000000,MEASURED_CPU_FAULT,CPU;INTERVAL_FAULTS,NA,NA,NA,NA,NA,NA,NA,NA,NA,NA,NA,NA,NA,NA,NA,NA,NA,NA,NA,NA,NA,NA,NA,TARGET_GONE,identity no longer active
2026-10-02T16:05:39Z,APP_21879_3030045,21879,3030045,25,2381,191.736,0,0,-1,-1,0,0.999931471,NA,NA,70.000000000,MEASURED_CPU_FAULT,CPU;INTERVAL_FAULTS,NA,NA,NA,NA,NA,NA,NA,NA,NA,NA,NA,NA,NA,NA,NA,NA,NA,NA,NA,NA,NA,NA,NA,TARGET_GONE,identity no longer active
2026-10-02T16:05:39Z,APP_21879_3030045,21879,3030045,25,2382,200.897,0,0,-1,-1,0,0.999931471,NA,NA,70.000000000,MEASURED_CPU_FAULT,CPU;INTERVAL_FAULTS,NA,NA,NA,NA,NA,NA,NA,NA,NA,NA,NA,NA,NA,NA,NA,NA,NA,NA,NA,NA,NA,NA,NA,TARGET_GONE,identity no longer active
2026-10-02T16:05:39Z,APP_21879_3030045,21879,3030045,25,2383,200.607,0,0,-1,-1,0,0.999931471,NA,NA,70.000000000,MEASURED_CPU_FAULT,CPU;INTERVAL_FAULTS,NA,NA,NA,NA,NA,NA,NA,NA,NA,NA,NA,NA,NA,NA,NA,NA,NA,NA,NA,NA,NA,NA,NA,TARGET_GONE,identity no longer active
2026-10-02T16:05:39Z,APP_21879_3030045,21879,3030045,25,2384,201.802,0,0,-1,-1,0,0.999931471,NA,NA,70.000000000,MEASURED_CPU_FAULT,CPU;INTERVAL_FAULTS,NA,NA,NA,NA,NA,NA,NA,NA,NA,NA,NA,NA,NA,NA,NA,NA,NA,NA,NA,NA,NA,NA,NA,TARGET_GONE,identity no longer active
2026-10-02T16:05:40Z,APP_21879_3030045,21879,3030045,25,2385,198.230,0,0,-1,-1,0,0.999931471,NA,NA,70.000000000,MEASURED_CPU_FAULT,CPU;INTERVAL_FAULTS,NA,NA,NA,NA,NA,NA,NA,NA,NA,NA,NA,NA,NA,NA,NA,NA,NA,NA,NA,NA,NA,NA,NA,TARGET_GONE,identity no longer active
2026-10-02T16:05:40Z,APP_21879_3030045,21879,3030045,25,2386,210.778,0,0,-1,-1,0,0.999931471,NA,NA,70.000000000,MEASURED_CPU_FAULT,CPU;INTERVAL_FAULTS,NA,NA,NA,NA,NA,NA,NA,NA,NA,NA,NA,NA,NA,NA,NA,NA,NA,NA,NA,NA,NA,NA,NA,TARGET_GONE,identity no longer active
2026-10-02T16:05:40Z,APP_21879_3030045,21879,3030045,25,2387,201.802,0,0,-1,-1,0,0.999931471,NA,NA,70.000000000,MEASURED_CPU_FAULT,CPU;INTERVAL_FAULTS,NA,NA,NA,NA,NA,NA,NA,NA,NA,NA,NA,NA,NA,NA,NA,NA,NA,NA,NA,NA,NA,NA,NA,TARGET_GONE,identity no longer active
2026-10-02T16:05:40Z,APP_21879_3030045,21879,3030045,25,2388,194.411,0,0,-1,-1,0,0.999931471,NA,NA,70.000000000,MEASURED_CPU_FAULT,CPU;INTERVAL_FAULTS,NA,NA,NA,NA,NA,NA,NA,NA,NA,NA,NA,NA,NA,NA,NA,NA,NA,NA,NA,NA,NA,NA,NA,TARGET_GONE,identity no longer active
2026-10-02T16:05:40Z,APP_21879_3030045,21879,3030045,25,2389,210.463,0,0,-1,-1,0,0.999931471,NA,NA,70.000000000,MEASURED_CPU_FAULT,CPU;INTERVAL_FAULTS,NA,NA,NA,NA,NA,NA,NA,NA,NA,NA,NA,NA,NA,NA,NA,NA,NA,NA,NA,NA,NA,NA,NA,TARGET_GONE,identity no longer active
2026-10-02T16:05:40Z,APP_21879_3030045,21879,3030045,25,2390,194.135,0,0,-1,-1,0,0.999931471,NA,NA,70.000000000,MEASURED_CPU_FAULT,CPU;INTERVAL_FAULTS,NA,NA,NA,NA,NA,NA,NA,NA,NA,NA,NA,NA,NA,NA,NA,NA,NA,NA,NA,NA,NA,NA,NA,TARGET_GONE,identity no longer active
2026-10-02T16:05:40Z,APP_21879_3030045,21879,3030045,25,2391,201.499,0,0,-1,-1,0,0.999931471,NA,NA,70.000000000,MEASURED_CPU_FAULT,CPU;INTERVAL_FAULTS,NA,NA,NA,NA,NA,NA,NA,NA,NA,NA,NA,NA,NA,NA,NA,NA,NA,NA,NA,NA,NA,NA,NA,TARGET_GONE,identity no longer active
2026-10-02T16:05:40Z,APP_21879_3030045,21879,3030045,25,2392,200.607,0,0,-1,-1,0,0.999931471,NA,NA,70.000000000,MEASURED_CPU_FAULT,CPU;INTERVAL_FAULTS,NA,NA,NA,NA,NA,NA,NA,NA,NA,NA,NA,NA,NA,NA,NA,NA,NA,NA,NA,NA,NA,NA,NA,TARGET_GONE,identity no longer active
2026-10-02T16:05:41Z,APP_21879_3030045,21879,3030045,25,2393,201.499,0,0,-1,-1,0,0.999931471,NA,NA,70.000000000,MEASURED_CPU_FAULT,CPU;INTERVAL_FAULTS,NA,NA,NA,NA,NA,NA,NA,NA,NA,NA,NA,NA,NA,NA,NA,NA,NA,NA,NA,NA,NA,NA,NA,TARGET_GONE,identity no longer active
2026-10-02T16:05:41Z,APP_21879_3030045,21879,3030045,25,2394,200.447,0,0,-1,-1,0,0.999931471,NA,NA,70.000000000,MEASURED_CPU_FAULT,CPU;INTERVAL_FAULTS,NA,NA,NA,NA,NA,NA,NA,NA,NA,NA,NA,NA,NA,NA,NA,NA,NA,NA,NA,NA,NA,NA,NA,TARGET_GONE,identity no longer active
2026-10-02T16:05:41Z,APP_21879_3030045,21879,3030045,25,2395,191.617,0,0,-1,-1,0,0.999931471,NA,NA,70.000000000,MEASURED_CPU_FAULT,CPU;INTERVAL_FAULTS,NA,NA,NA,NA,NA,NA,NA,NA,NA,NA,NA,NA,NA,NA,NA,NA,NA,NA,NA,NA,NA,NA,NA,TARGET_GONE,identity no longer active
2026-10-02T16:05:41Z,APP_21879_3030045,21879,3030045,25,2396,201.499,0,0,-1,-1,0,0.999931471,NA,NA,70.000000000,MEASURED_CPU_FAULT,CPU;INTERVAL_FAULTS,NA,NA,NA,NA,NA,NA,NA,NA,NA,NA,NA,NA,NA,NA,NA,NA,NA,NA,NA,NA,NA,NA,NA,TARGET_GONE,identity no longer active
2026-10-02T16:05:41Z,APP_21879_3030045,21879,3030045,25,2397,202.187,0,0,-1,-1,0,0.999931471,NA,NA,70.000000000,MEASURED_CPU_FAULT,CPU;INTERVAL_FAULTS,NA,NA,NA,NA,NA,NA,NA,NA,NA,NA,NA,NA,NA,NA,NA,NA,NA,NA,NA,NA,NA,NA,NA,TARGET_GONE,identity no longer active
2026-10-02T16:05:41Z,APP_21879_3030045,21879,3030045,25,2398,201.499,0,0,-1,-1,0,0.999931471,NA,NA,70.000000000,MEASURED_CPU_FAULT,CPU;INTERVAL_FAULTS,NA,NA,NA,NA,NA,NA,NA,NA,NA,NA,NA,NA,NA,NA,NA,NA,NA,NA,NA,NA,NA,NA,NA,TARGET_GONE,identity no longer active
2026-10-02T16:05:41Z,APP_21879_3030045,21879,3030045,25,2399,194.529,0,0,-1,-1,0,0.999931471,NA,NA,70.000000000,MEASURED_CPU_FAULT,CPU;INTERVAL_FAULTS,NA,NA,NA,NA,NA,NA,NA,NA,NA,NA,NA,NA,NA,NA,NA,NA,NA,NA,NA,NA,NA,NA,NA,TARGET_GONE,identity no longer active
2026-10-02T16:05:41Z,APP_21879_3030045,21879,3030045,25,2400,201.198,0,0,-1,-1,0,0.999931471,NA,NA,70.000000000,MEASURED_CPU_FAULT,CPU;INTERVAL_FAULTS,NA,NA,NA,NA,NA,NA,NA,NA,NA,NA,NA,NA,NA,NA,NA,NA,NA,NA,NA,NA,NA,NA,NA,TARGET_GONE,identity no longer active
2026-10-02T16:05:42Z,APP_21879_3030045,21879,3030045,25,2401,200.607,0,0,-1,-1,0,0.999931471,NA,NA,70.000000000,MEASURED_CPU_FAULT,CPU;INTERVAL_FAULTS,NA,NA,NA,NA,NA,NA,NA,NA,NA,NA,NA,NA,NA,NA,NA,NA,NA,NA,NA,NA,NA,NA,NA,TARGET_GONE,identity no longer active
2026-10-02T16:05:42Z,APP_21879_3030045,21879,3030045,25,2402,201.198,0,0,-1,-1,0,0.999931471,NA,NA,70.000000000,MEASURED_CPU_FAULT,CPU;INTERVAL_FAULTS,NA,NA,NA,NA,NA,NA,NA,NA,NA,NA,NA,NA,NA,NA,NA,NA,NA,NA,NA,NA,NA,NA,NA,TARGET_GONE,identity no longer active
2026-10-02T16:05:42Z,APP_21879_3030045,21879,3030045,25,2403,204.458,0,0,-1,-1,0,0.999931471,NA,NA,70.000000000,MEASURED_CPU_FAULT,CPU;INTERVAL_FAULTS,NA,NA,NA,NA,NA,NA,NA,NA,NA,NA,NA,NA,NA,NA,NA,NA,NA,NA,NA,NA,NA,NA,NA,TARGET_GONE,identity no longer active
2026-10-02T16:05:42Z,APP_21879_3030045,21879,3030045,25,2404,192.192,0,0,-1,-1,0,0.999931471,NA,NA,70.000000000,MEASURED_CPU_FAULT,CPU;INTERVAL_FAULTS,NA,NA,NA,NA,NA,NA,NA,NA,NA,NA,NA,NA,NA,NA,NA,NA,NA,NA,NA,NA,NA,NA,NA,TARGET_GONE,identity no longer active
2026-10-02T16:05:42Z,APP_21879_3030045,21879,3030045,25,2405,201.802,0,0,-1,-1,0,0.999931471,NA,NA,70.000000000,MEASURED_CPU_FAULT,CPU;INTERVAL_FAULTS,NA,NA,NA,NA,NA,NA,NA,NA,NA,NA,NA,NA,NA,NA,NA,NA,NA,NA,NA,NA,NA,NA,NA,TARGET_GONE,identity no longer active
2026-10-02T16:05:42Z,APP_21879_3030045,21879,3030045,25,2406,194.411,0,0,-1,-1,0,0.999931471,NA,NA,70.000000000,MEASURED_CPU_FAULT,CPU;INTERVAL_FAULTS,NA,NA,NA,NA,NA,NA,NA,NA,NA,NA,NA,NA,NA,NA,NA,NA,NA,NA,NA,NA,NA,NA,NA,TARGET_GONE,identity no longer active
2026-10-02T16:05:42Z,APP_21879_3030045,21879,3030045,25,2407,201.802,0,0,-1,-1,0,0.999931471,NA,NA,70.000000000,MEASURED_CPU_FAULT,CPU;INTERVAL_FAULTS,NA,NA,NA,NA,NA,NA,NA,NA,NA,NA,NA,NA,NA,NA,NA,NA,NA,NA,NA,NA,NA,NA,NA,TARGET_GONE,identity no longer active
2026-10-02T16:05:42Z,APP_21879_3030045,21879,3030045,25,2408,201.179,0,0,-1,-1,0,0.999931471,NA,NA,70.000000000,MEASURED_CPU_FAULT,CPU;INTERVAL_FAULTS,NA,NA,NA,NA,NA,NA,NA,NA,NA,NA,NA,NA,NA,NA,NA,NA,NA,NA,NA,NA,NA,NA,NA,TARGET_GONE,identity no longer active
2026-10-02T16:05:43Z,APP_21879_3030045,21879,3030045,25,2409,201.802,0,0,-1,-1,0,0.999931471,NA,NA,70.000000000,MEASURED_CPU_FAULT,CPU;INTERVAL_FAULTS,NA,NA,NA,NA,NA,NA,NA,NA,NA,NA,NA,NA,NA,NA,NA,NA,NA,NA,NA,NA,NA,NA,NA,TARGET_GONE,identity no longer active
2026-10-02T16:05:43Z,APP_21879_3030045,21879,3030045,25,2410,194.135,0,0,-1,-1,0,0.999931471,NA,NA,70.000000000,MEASURED_CPU_FAULT,CPU;INTERVAL_FAULTS,NA,NA,NA,NA,NA,NA,NA,NA,NA,NA,NA,NA,NA,NA,NA,NA,NA,NA,NA,NA,NA,NA,NA,TARGET_GONE,identity no longer active
2026-10-02T16:05:43Z,APP_21879_3030045,21879,3030045,25,2411,201.802,0,0,-1,-1,0,0.999931471,NA,NA,70.000000000,MEASURED_CPU_FAULT,CPU;INTERVAL_FAULTS,NA,NA,NA,NA,NA,NA,NA,NA,NA,NA,NA,NA,NA,NA,NA,NA,NA,NA,NA,NA,NA,NA,NA,TARGET_GONE,identity no longer active
2026-10-02T16:05:43Z,APP_21879_3030045,21879,3030045,25,2412,200.583,0,0,-1,-1,0,0.999931471,NA,NA,70.000000000,MEASURED_CPU_FAULT,CPU;INTERVAL_FAULTS,NA,NA,NA,NA,NA,NA,NA,NA,NA,NA,NA,NA,NA,NA,NA,NA,NA,NA,NA,NA,NA,NA,NA,TARGET_GONE,identity no longer active
2026-10-02T16:05:43Z,APP_21879_3030045,21879,3030045,25,2413,210.778,0,0,-1,-1,0,0.999931471,NA,NA,70.000000000,MEASURED_CPU_FAULT,CPU;INTERVAL_FAULTS,NA,NA,NA,NA,NA,NA,NA,NA,NA,NA,NA,NA,NA,NA,NA,NA,NA,NA,NA,NA,NA,NA,NA,TARGET_GONE,identity no longer active
2026-10-02T16:05:43Z,APP_21879_3030045,21879,3030045,25,2414,201.499,0,0,-1,-1,0,0.999931471,NA,NA,70.000000000,MEASURED_CPU_FAULT,CPU;INTERVAL_FAULTS,NA,NA,NA,NA,NA,NA,NA,NA,NA,NA,NA,NA,NA,NA,NA,NA,NA,NA,NA,NA,NA,NA,NA,TARGET_GONE,identity no longer active
2026-10-02T16:05:43Z,APP_21879_3030045,21879,3030045,25,2415,194.411,0,0,-1,-1,0,0.999931471,NA,NA,70.000000000,MEASURED_CPU_FAULT,CPU;INTERVAL_FAULTS,NA,NA,NA,NA,NA,NA,NA,NA,NA,NA,NA,NA,NA,NA,NA,NA,NA,NA,NA,NA,NA,NA,NA,TARGET_GONE,identity no longer active
2026-10-02T16:05:43Z,APP_21879_3030045,21879,3030045,25,2416,201.499,0,0,-1,-1,0,0.999931471,NA,NA,70.000000000,MEASURED_CPU_FAULT,CPU;INTERVAL_FAULTS,NA,NA,NA,NA,NA,NA,NA,NA,NA,NA,NA,NA,NA,NA,NA,NA,NA,NA,NA,NA,NA,NA,NA,TARGET_GONE,identity no longer active
2026-10-02T16:05:44Z,APP_21879_3030045,21879,3030045,25,2417,201.258,0,0,-1,-1,0,0.999931471,NA,NA,70.000000000,MEASURED_CPU_FAULT,CPU;INTERVAL_FAULTS,NA,NA,NA,NA,NA,NA,NA,NA,NA,NA,NA,NA,NA,NA,NA,NA,NA,NA,NA,NA,NA,NA,NA,TARGET_GONE,identity no longer active
2026-10-02T16:05:44Z,APP_21879_3030045,21879,3030045,25,2418,201.499,0,0,-1,-1,0,0.999931471,NA,NA,70.000000000,MEASURED_CPU_FAULT,CPU;INTERVAL_FAULTS,NA,NA,NA,NA,NA,NA,NA,NA,NA,NA,NA,NA,NA,NA,NA,NA,NA,NA,NA,NA,NA,NA,NA,TARGET_GONE,identity no longer active
2026-10-02T16:05:44Z,APP_21879_3030045,21879,3030045,25,2419,204.325,0,0,-1,-1,0,0.999931471,NA,NA,70.000000000,MEASURED_CPU_FAULT,CPU;INTERVAL_FAULTS,NA,NA,NA,NA,NA,NA,NA,NA,NA,NA,NA,NA,NA,NA,NA,NA,NA,NA,NA,NA,NA,NA,NA,TARGET_GONE,identity no longer active
2026-10-02T16:05:44Z,APP_21879_3030045,21879,3030045,25,2420,192.192,0,0,-1,-1,0,0.999931471,NA,NA,70.000000000,MEASURED_CPU_FAULT,CPU;INTERVAL_FAULTS,NA,NA,NA,NA,NA,NA,NA,NA,NA,NA,NA,NA,NA,NA,NA,NA,NA,NA,NA,NA,NA,NA,NA,TARGET_GONE,identity no longer active
2026-10-02T16:05:44Z,APP_21879_3030045,21879,3030045,25,2421,202.423,0,0,-1,-1,0,0.999931471,NA,NA,70.000000000,MEASURED_CPU_FAULT,CPU;INTERVAL_FAULTS,NA,NA,NA,NA,NA,NA,NA,NA,NA,NA,NA,NA,NA,NA,NA,NA,NA,NA,NA,NA,NA,NA,NA,TARGET_GONE,identity no longer active
2026-10-02T16:05:44Z,APP_21879_3030045,21879,3030045,25,2422,191.617,0,0,-1,-1,0,0.999931471,NA,NA,70.000000000,MEASURED_CPU_FAULT,CPU;INTERVAL_FAULTS,NA,NA,NA,NA,NA,NA,NA,NA,NA,NA,NA,NA,NA,NA,NA,NA,NA,NA,NA,NA,NA,NA,NA,TARGET_GONE,identity no longer active
2026-10-02T16:05:44Z,APP_21879_3030045,21879,3030045,25,2423,201.499,0,0,-1,-1,0,0.999931471,NA,NA,70.000000000,MEASURED_CPU_FAULT,CPU;INTERVAL_FAULTS,NA,NA,NA,NA,NA,NA,NA,NA,NA,NA,NA,NA,NA,NA,NA,NA,NA,NA,NA,NA,NA,NA,NA,TARGET_GONE,identity no longer active
2026-10-02T16:05:44Z,APP_21879_3030045,21879,3030045,25,2424,199.005,0,0,-1,-1,0,0.999931471,NA,NA,70.000000000,MEASURED_CPU_FAULT,CPU;INTERVAL_FAULTS,NA,NA,NA,NA,NA,NA,NA,NA,NA,NA,NA,NA,NA,NA,NA,NA,NA,NA,NA,NA,NA,NA,NA,TARGET_GONE,identity no longer active
2026-10-02T16:05:45Z,APP_21879_3030045,21879,3030045,25,2425,201.802,0,0,-1,-1,0,0.999931471,NA,NA,70.000000000,MEASURED_CPU_FAULT,CPU;INTERVAL_FAULTS,NA,NA,NA,NA,NA,NA,NA,NA,NA,NA,NA,NA,NA,NA,NA,NA,NA,NA,NA,NA,NA,NA,NA,TARGET_GONE,identity no longer active
2026-10-02T16:05:45Z,APP_21879_3030045,21879,3030045,25,2426,200.607,0,0,-1,-1,0,0.999931471,NA,NA,70.000000000,MEASURED_CPU_FAULT,CPU;INTERVAL_FAULTS,NA,NA,NA,NA,NA,NA,NA,NA,NA,NA,NA,NA,NA,NA,NA,NA,NA,NA,NA,NA,NA,NA,NA,TARGET_GONE,identity no longer active
2026-10-02T16:05:45Z,APP_21879_3030045,21879,3030045,25,2427,201.198,0,0,-1,-1,0,0.999931471,NA,NA,70.000000000,MEASURED_CPU_FAULT,CPU;INTERVAL_FAULTS,NA,NA,NA,NA,NA,NA,NA,NA,NA,NA,NA,NA,NA,NA,NA,NA,NA,NA,NA,NA,NA,NA,NA,TARGET_GONE,identity no longer active
2026-10-02T16:05:45Z,APP_21879_3030045,21879,3030045,25,2428,201.013,0,0,-1,-1,0,0.999931471,NA,NA,70.000000000,MEASURED_CPU_FAULT,CPU;INTERVAL_FAULTS,NA,NA,NA,NA,NA,NA,NA,NA,NA,NA,NA,NA,NA,NA,NA,NA,NA,NA,NA,NA,NA,NA,NA,TARGET_GONE,identity no longer active
2026-10-02T16:05:45Z,APP_21879_3030045,21879,3030045,25,2429,201.499,0,0,-1,-1,0,0.999931471,NA,NA,70.000000000,MEASURED_CPU_FAULT,CPU;INTERVAL_FAULTS,NA,NA,NA,NA,NA,NA,NA,NA,NA,NA,NA,NA,NA,NA,NA,NA,NA,NA,NA,NA,NA,NA,NA,TARGET_GONE,identity no longer active
2026-10-02T16:05:45Z,APP_21879_3030045,21879,3030045,25,2430,199.740,0,0,-1,-1,0,0.999931471,NA,NA,70.000000000,MEASURED_CPU_FAULT,CPU;INTERVAL_FAULTS,NA,NA,NA,NA,NA,NA,NA,NA,NA,NA,NA,NA,NA,NA,NA,NA,NA,NA,NA,NA,NA,NA,NA,TARGET_GONE,identity no longer active
2026-10-02T16:05:45Z,APP_21879_3030045,21879,3030045,25,2431,192.771,0,0,-1,-1,0,0.999931471,NA,NA,70.000000000,MEASURED_CPU_FAULT,CPU;INTERVAL_FAULTS,NA,NA,NA,NA,NA,NA,NA,NA,NA,NA,NA,NA,NA,NA,NA,NA,NA,NA,NA,NA,NA,NA,NA,TARGET_GONE,identity no longer active
2026-10-02T16:05:45Z,APP_21879_3030045,21879,3030045,25,2432,201.499,0,0,-1,-1,0,0.999931471,NA,NA,70.000000000,MEASURED_CPU_FAULT,CPU;INTERVAL_FAULTS,NA,NA,NA,NA,NA,NA,NA,NA,NA,NA,NA,NA,NA,NA,NA,NA,NA,NA,NA,NA,NA,NA,NA,TARGET_GONE,identity no longer active
2026-10-02T16:05:46Z,APP_21879_3030045,21879,3030045,25,2433,194.175,0,0,-1,-1,0,0.999931471,NA,NA,70.000000000,MEASURED_CPU_FAULT,CPU;INTERVAL_FAULTS,NA,NA,NA,NA,NA,NA,NA,NA,NA,NA,NA,NA,NA,NA,NA,NA,NA,NA,NA,NA,NA,NA,NA,TARGET_GONE,identity no longer active
2026-10-02T16:05:46Z,APP_21879_3030045,21879,3030045,25,2434,201.499,0,0,-1,-1,0,0.999931471,NA,NA,70.000000000,MEASURED_CPU_FAULT,CPU;INTERVAL_FAULTS,NA,NA,NA,NA,NA,NA,NA,NA,NA,NA,NA,NA,NA,NA,NA,NA,NA,NA,NA,NA,NA,NA,NA,TARGET_GONE,identity no longer active
2026-10-02T16:05:46Z,APP_21879_3030045,21879,3030045,25,2435,200.607,0,0,-1,-1,0,0.999931471,NA,NA,70.000000000,MEASURED_CPU_FAULT,CPU;INTERVAL_FAULTS,NA,NA,NA,NA,NA,NA,NA,NA,NA,NA,NA,NA,NA,NA,NA,NA,NA,NA,NA,NA,NA,NA,NA,TARGET_GONE,identity no longer active
2026-10-02T16:05:46Z,APP_21879_3030045,21879,3030045,25,2436,201.499,0,0,-1,-1,0,0.999931471,NA,NA,70.000000000,MEASURED_CPU_FAULT,CPU;INTERVAL_FAULTS,NA,NA,NA,NA,NA,NA,NA,NA,NA,NA,NA,NA,NA,NA,NA,NA,NA,NA,NA,NA,NA,NA,NA,TARGET_GONE,identity no longer active
2026-10-02T16:05:46Z,APP_21879_3030045,21879,3030045,25,2437,200.607,0,0,-1,-1,0,0.999931471,NA,NA,70.000000000,MEASURED_CPU_FAULT,CPU;INTERVAL_FAULTS,NA,NA,NA,NA,NA,NA,NA,NA,NA,NA,NA,NA,NA,NA,NA,NA,NA,NA,NA,NA,NA,NA,NA,TARGET_GONE,identity no longer active
2026-10-02T16:05:46Z,APP_21879_3030045,21879,3030045,25,2438,201.499,0,0,-1,-1,0,0.999931471,NA,NA,70.000000000,MEASURED_CPU_FAULT,CPU;INTERVAL_FAULTS,NA,NA,NA,NA,NA,NA,NA,NA,NA,NA,NA,NA,NA,NA,NA,NA,NA,NA,NA,NA,NA,NA,NA,TARGET_GONE,identity no longer active
2026-10-02T16:05:46Z,APP_21879_3030045,21879,3030045,25,2439,202.559,0,0,-1,-1,0,0.999931471,NA,NA,70.000000000,MEASURED_CPU_FAULT,CPU;INTERVAL_FAULTS,NA,NA,NA,NA,NA,NA,NA,NA,NA,NA,NA,NA,NA,NA,NA,NA,NA,NA,NA,NA,NA,NA,NA,TARGET_GONE,identity no longer active
2026-10-02T16:05:46Z,APP_21879_3030045,21879,3030045,25,2440,191.617,0,0,-1,-1,0,0.999931471,NA,NA,70.000000000,MEASURED_CPU_FAULT,CPU;INTERVAL_FAULTS,NA,NA,NA,NA,NA,NA,NA,NA,NA,NA,NA,NA,NA,NA,NA,NA,NA,NA,NA,NA,NA,NA,NA,TARGET_GONE,identity no longer active
2026-10-02T16:05:47Z,APP_21879_3030045,21879,3030045,25,2441,201.802,0,0,-1,-1,0,0.999931471,NA,NA,70.000000000,MEASURED_CPU_FAULT,CPU;INTERVAL_FAULTS,NA,NA,NA,NA,NA,NA,NA,NA,NA,NA,NA,NA,NA,NA,NA,NA,NA,NA,NA,NA,NA,NA,NA,TARGET_GONE,identity no longer active
2026-10-02T16:05:47Z,APP_21879_3030045,21879,3030045,25,2442,194.647,0,0,-1,-1,0,0.999931471,NA,NA,70.000000000,MEASURED_CPU_FAULT,CPU;INTERVAL_FAULTS,NA,NA,NA,NA,NA,NA,NA,NA,NA,NA,NA,NA,NA,NA,NA,NA,NA,NA,NA,NA,NA,NA,NA,TARGET_GONE,identity no longer active
2026-10-02T16:05:47Z,APP_21879_3030045,21879,3030045,25,2443,201.499,0,0,-1,-1,0,0.999931471,NA,NA,70.000000000,MEASURED_CPU_FAULT,CPU;INTERVAL_FAULTS,NA,NA,NA,NA,NA,NA,NA,NA,NA,NA,NA,NA,NA,NA,NA,NA,NA,NA,NA,NA,NA,NA,NA,TARGET_GONE,identity no longer active
2026-10-02T16:05:47Z,APP_21879_3030045,21879,3030045,25,2444,200.810,0,0,-1,-1,0,0.999931471,NA,NA,70.000000000,MEASURED_CPU_FAULT,CPU;INTERVAL_FAULTS,NA,NA,NA,NA,NA,NA,NA,NA,NA,NA,NA,NA,NA,NA,NA,NA,NA,NA,NA,NA,NA,NA,NA,TARGET_GONE,identity no longer active
2026-10-02T16:05:47Z,APP_21879_3030045,21879,3030045,25,2445,201.499,0,0,-1,-1,0,0.999931471,NA,NA,70.000000000,MEASURED_CPU_FAULT,CPU;INTERVAL_FAULTS,NA,NA,NA,NA,NA,NA,NA,NA,NA,NA,NA,NA,NA,NA,NA,NA,NA,NA,NA,NA,NA,NA,NA,TARGET_GONE,identity no longer active
2026-10-02T16:05:47Z,APP_21879_3030045,21879,3030045,25,2446,200.607,0,0,-1,-1,0,0.999931471,NA,NA,70.000000000,MEASURED_CPU_FAULT,CPU;INTERVAL_FAULTS,NA,NA,NA,NA,NA,NA,NA,NA,NA,NA,NA,NA,NA,NA,NA,NA,NA,NA,NA,NA,NA,NA,NA,TARGET_GONE,identity no longer active
2026-10-02T16:05:47Z,APP_21879_3030045,21879,3030045,25,2447,191.617,0,0,-1,-1,0,0.999931471,NA,NA,70.000000000,MEASURED_CPU_FAULT,CPU;INTERVAL_FAULTS,NA,NA,NA,NA,NA,NA,NA,NA,NA,NA,NA,NA,NA,NA,NA,NA,NA,NA,NA,NA,NA,NA,NA,TARGET_GONE,identity no longer active
2026-10-02T16:05:48Z,APP_21879_3030045,21879,3030045,25,2448,201.186,0,0,-1,-1,0,0.999931471,NA,NA,70.000000000,MEASURED_CPU_FAULT,CPU;INTERVAL_FAULTS,NA,NA,NA,NA,NA,NA,NA,NA,NA,NA,NA,NA,NA,NA,NA,NA,NA,NA,NA,NA,NA,NA,NA,TARGET_GONE,identity no longer active
2026-10-02T16:05:48Z,APP_21879_3030045,21879,3030045,25,2449,204.800,0,0,-1,-1,0,0.999931471,NA,NA,70.000000000,MEASURED_CPU_FAULT,CPU;INTERVAL_FAULTS,NA,NA,NA,NA,NA,NA,NA,NA,NA,NA,NA,NA,NA,NA,NA,NA,NA,NA,NA,NA,NA,NA,NA,TARGET_GONE,identity no longer active
2026-10-02T16:05:48Z,APP_21879_3030045,21879,3030045,25,2450,201.198,0,0,-1,-1,0,0.999931471,NA,NA,70.000000000,MEASURED_CPU_FAULT,CPU;INTERVAL_FAULTS,NA,NA,NA,NA,NA,NA,NA,NA,NA,NA,NA,NA,NA,NA,NA,NA,NA,NA,NA,NA,NA,NA,NA,TARGET_GONE,identity no longer active
2026-10-02T16:05:48Z,APP_21879_3030045,21879,3030045,25,2451,195.719,0,0,-1,-1,0,0.999931471,NA,NA,70.000000000,MEASURED_CPU_FAULT,CPU;INTERVAL_FAULTS,NA,NA,NA,NA,NA,NA,NA,NA,NA,NA,NA,NA,NA,NA,NA,NA,NA,NA,NA,NA,NA,NA,NA,TARGET_GONE,identity no longer active
2026-10-02T16:05:48Z,APP_21879_3030045,21879,3030045,25,2452,210.778,0,0,-1,-1,0,0.999931471,NA,NA,70.000000000,MEASURED_CPU_FAULT,CPU;INTERVAL_FAULTS,NA,NA,NA,NA,NA,NA,NA,NA,NA,NA,NA,NA,NA,NA,NA,NA,NA,NA,NA,NA,NA,NA,NA,TARGET_GONE,identity no longer active
2026-10-02T16:05:48Z,APP_21879_3030045,21879,3030045,25,2453,194.135,0,0,-1,-1,0,0.999931471,NA,NA,70.000000000,MEASURED_CPU_FAULT,CPU;INTERVAL_FAULTS,NA,NA,NA,NA,NA,NA,NA,NA,NA,NA,NA,NA,NA,NA,NA,NA,NA,NA,NA,NA,NA,NA,NA,TARGET_GONE,identity no longer active
2026-10-02T16:05:48Z,APP_21879_3030045,21879,3030045,25,2454,201.499,0,0,-1,-1,0,0.999931471,NA,NA,70.000000000,MEASURED_CPU_FAULT,CPU;INTERVAL_FAULTS,NA,NA,NA,NA,NA,NA,NA,NA,NA,NA,NA,NA,NA,NA,NA,NA,NA,NA,NA,NA,NA,NA,NA,TARGET_GONE,identity no longer active
2026-10-02T16:05:48Z,APP_21879_3030045,21879,3030045,25,2455,200.607,0,0,-1,-1,0,0.999931471,NA,NA,70.000000000,MEASURED_CPU_FAULT,CPU;INTERVAL_FAULTS,NA,NA,NA,NA,NA,NA,NA,NA,NA,NA,NA,NA,NA,NA,NA,NA,NA,NA,NA,NA,NA,NA,NA,TARGET_GONE,identity no longer active
2026-10-02T16:05:48Z,APP_21879_3030045,21879,3030045,25,2456,201.499,0,0,-1,-1,0,0.999931471,NA,NA,70.000000000,MEASURED_CPU_FAULT,CPU;INTERVAL_FAULTS,NA,NA,NA,NA,NA,NA,NA,NA,NA,NA,NA,NA,NA,NA,NA,NA,NA,NA,NA,NA,NA,NA,NA,TARGET_GONE,identity no longer active
2026-10-02T16:05:49Z,APP_21879_3030045,21879,3030045,25,2457,202.062,0,0,-1,-1,0,0.999931471,NA,NA,70.000000000,MEASURED_CPU_FAULT,CPU;INTERVAL_FAULTS,NA,NA,NA,NA,NA,NA,NA,NA,NA,NA,NA,NA,NA,NA,NA,NA,NA,NA,NA,NA,NA,NA,NA,TARGET_GONE,identity no longer active
2026-10-02T16:05:49Z,APP_21879_3030045,21879,3030045,25,2458,192.385,0,0,-1,-1,0,0.999931471,NA,NA,70.000000000,MEASURED_CPU_FAULT,CPU;INTERVAL_FAULTS,NA,NA,NA,NA,NA,NA,NA,NA,NA,NA,NA,NA,NA,NA,NA,NA,NA,NA,NA,NA,NA,NA,NA,TARGET_GONE,identity no longer active
2026-10-02T16:05:49Z,APP_21879_3030045,21879,3030045,25,2459,201.499,0,0,-1,-1,0,0.999931471,NA,NA,70.000000000,MEASURED_CPU_FAULT,CPU;INTERVAL_FAULTS,NA,NA,NA,NA,NA,NA,NA,NA,NA,NA,NA,NA,NA,NA,NA,NA,NA,NA,NA,NA,NA,NA,NA,TARGET_GONE,identity no longer active
2026-10-02T16:05:49Z,APP_21879_3030045,21879,3030045,25,2460,200.284,0,0,-1,-1,0,0.999931471,NA,NA,70.000000000,MEASURED_CPU_FAULT,CPU;INTERVAL_FAULTS,NA,NA,NA,NA,NA,NA,NA,NA,NA,NA,NA,NA,NA,NA,NA,NA,NA,NA,NA,NA,NA,NA,NA,TARGET_GONE,identity no longer active
2026-10-02T16:05:49Z,APP_21879_3030045,21879,3030045,25,2461,201.499,0,0,-1,-1,0,0.999931471,NA,NA,70.000000000,MEASURED_CPU_FAULT,CPU;INTERVAL_FAULTS,NA,NA,NA,NA,NA,NA,NA,NA,NA,NA,NA,NA,NA,NA,NA,NA,NA,NA,NA,NA,NA,NA,NA,TARGET_GONE,identity no longer active
2026-10-02T16:05:49Z,APP_21879_3030045,21879,3030045,25,2462,197.734,0,0,-1,-1,0,0.999931471,NA,NA,70.000000000,MEASURED_CPU_FAULT,CPU;INTERVAL_FAULTS,NA,NA,NA,NA,NA,NA,NA,NA,NA,NA,NA,NA,NA,NA,NA,NA,NA,NA,NA,NA,NA,NA,NA,TARGET_GONE,identity no longer active
2026-10-02T16:05:49Z,APP_21879_3030045,21879,3030045,25,2463,202.105,0,0,-1,-1,0,0.999931471,NA,NA,70.000000000,MEASURED_CPU_FAULT,CPU;INTERVAL_FAULTS,NA,NA,NA,NA,NA,NA,NA,NA,NA,NA,NA,NA,NA,NA,NA,NA,NA,NA,NA,NA,NA,NA,NA,TARGET_GONE,identity no longer active
2026-10-02T16:05:50Z,APP_21879_3030045,21879,3030045,25,2464,197.328,0,0,-1,-1,0,0.999931471,NA,NA,70.000000000,MEASURED_CPU_FAULT,CPU;INTERVAL_FAULTS,NA,NA,NA,NA,NA,NA,NA,NA,NA,NA,NA,NA,NA,NA,NA,NA,NA,NA,NA,NA,NA,NA,NA,TARGET_GONE,identity no longer active
2026-10-02T16:05:50Z,APP_21879_3030045,21879,3030045,25,2465,201.802,0,0,-1,-1,0,0.999931471,NA,NA,70.000000000,MEASURED_CPU_FAULT,CPU;INTERVAL_FAULTS,NA,NA,NA,NA,NA,NA,NA,NA,NA,NA,NA,NA,NA,NA,NA,NA,NA,NA,NA,NA,NA,NA,NA,TARGET_GONE,identity no longer active
2026-10-02T16:05:50Z,APP_21879_3030045,21879,3030045,25,2466,197.753,0,0,-1,-1,0,0.999931471,NA,NA,70.000000000,MEASURED_CPU_FAULT,CPU;INTERVAL_FAULTS,NA,NA,NA,NA,NA,NA,NA,NA,NA,NA,NA,NA,NA,NA,NA,NA,NA,NA,NA,NA,NA,NA,NA,TARGET_GONE,identity no longer active
2026-10-02T16:05:50Z,APP_21879_3030045,21879,3030045,25,2467,204.391,0,0,-1,-1,0,0.999931471,NA,NA,70.000000000,MEASURED_CPU_FAULT,CPU;INTERVAL_FAULTS,NA,NA,NA,NA,NA,NA,NA,NA,NA,NA,NA,NA,NA,NA,NA,NA,NA,NA,NA,NA,NA,NA,NA,TARGET_GONE,identity no longer active
2026-10-02T16:05:50Z,APP_21879_3030045,21879,3030045,25,2468,201.802,0,0,-1,-1,0,0.999931471,NA,NA,70.000000000,MEASURED_CPU_FAULT,CPU;INTERVAL_FAULTS,NA,NA,NA,NA,NA,NA,NA,NA,NA,NA,NA,NA,NA,NA,NA,NA,NA,NA,NA,NA,NA,NA,NA,TARGET_GONE,identity no longer active
2026-10-02T16:05:50Z,APP_21879_3030045,21879,3030045,25,2469,200.942,0,0,-1,-1,0,0.999931471,NA,NA,70.000000000,MEASURED_CPU_FAULT,CPU;INTERVAL_FAULTS,NA,NA,NA,NA,NA,NA,NA,NA,NA,NA,NA,NA,NA,NA,NA,NA,NA,NA,NA,NA,NA,NA,NA,TARGET_GONE,identity no longer active
2026-10-02T16:05:50Z,APP_21879_3030045,21879,3030045,25,2470,201.499,0,0,-1,-1,0,0.999931471,NA,NA,70.000000000,MEASURED_CPU_FAULT,CPU;INTERVAL_FAULTS,NA,NA,NA,NA,NA,NA,NA,NA,NA,NA,NA,NA,NA,NA,NA,NA,NA,NA,NA,NA,NA,NA,NA,TARGET_GONE,identity no longer active
2026-10-02T16:05:50Z,APP_21879_3030045,21879,3030045,25,2471,197.938,0,0,-1,-1,0,0.999931471,NA,NA,70.000000000,MEASURED_CPU_FAULT,CPU;INTERVAL_FAULTS,NA,NA,NA,NA,NA,NA,NA,NA,NA,NA,NA,NA,NA,NA,NA,NA,NA,NA,NA,NA,NA,NA,NA,TARGET_GONE,identity no longer active
2026-10-02T16:05:51Z,APP_21879_3030045,21879,3030045,25,2472,201.499,0,0,-1,-1,0,0.999931471,NA,NA,70.000000000,MEASURED_CPU_FAULT,CPU;INTERVAL_FAULTS,NA,NA,NA,NA,NA,NA,NA,NA,NA,NA,NA,NA,NA,NA,NA,NA,NA,NA,NA,NA,NA,NA,NA,TARGET_GONE,identity no longer active
2026-10-02T16:05:51Z,APP_21879_3030045,21879,3030045,25,2473,197.938,0,0,-1,-1,0,0.999931471,NA,NA,70.000000000,MEASURED_CPU_FAULT,CPU;INTERVAL_FAULTS,NA,NA,NA,NA,NA,NA,NA,NA,NA,NA,NA,NA,NA,NA,NA,NA,NA,NA,NA,NA,NA,NA,NA,TARGET_GONE,identity no longer active
2026-10-02T16:05:51Z,APP_21879_3030045,21879,3030045,25,2474,202.105,0,0,-1,-1,0,0.999931471,NA,NA,70.000000000,MEASURED_CPU_FAULT,CPU;INTERVAL_FAULTS,NA,NA,NA,NA,NA,NA,NA,NA,NA,NA,NA,NA,NA,NA,NA,NA,NA,NA,NA,NA,NA,NA,NA,TARGET_GONE,identity no longer active
2026-10-02T16:05:51Z,APP_21879_3030045,21879,3030045,25,2475,199.660,0,0,-1,-1,0,0.999931471,NA,NA,70.000000000,MEASURED_CPU_FAULT,CPU;INTERVAL_FAULTS,NA,NA,NA,NA,NA,NA,NA,NA,NA,NA,NA,NA,NA,NA,NA,NA,NA,NA,NA,NA,NA,NA,NA,TARGET_GONE,identity no longer active
2026-10-02T16:05:51Z,APP_21879_3030045,21879,3030045,25,2476,205.210,0,0,-1,-1,0,0.999931471,NA,NA,70.000000000,MEASURED_CPU_FAULT,CPU;INTERVAL_FAULTS,NA,NA,NA,NA,NA,NA,NA,NA,NA,NA,NA,NA,NA,NA,NA,NA,NA,NA,NA,NA,NA,NA,NA,TARGET_GONE,identity no longer active
2026-10-02T16:05:51Z,APP_21879_3030045,21879,3030045,25,2477,191.904,0,0,-1,-1,0,0.999931471,NA,NA,70.000000000,MEASURED_CPU_FAULT,CPU;INTERVAL_FAULTS,NA,NA,NA,NA,NA,NA,NA,NA,NA,NA,NA,NA,NA,NA,NA,NA,NA,NA,NA,NA,NA,NA,NA,TARGET_GONE,identity no longer active
2026-10-02T16:05:51Z,APP_21879_3030045,21879,3030045,25,2478,206.708,0,0,-1,-1,0,0.999931471,NA,NA,70.000000000,MEASURED_CPU_FAULT,CPU;INTERVAL_FAULTS,NA,NA,NA,NA,NA,NA,NA,NA,NA,NA,NA,NA,NA,NA,NA,NA,NA,NA,NA,NA,NA,NA,NA,TARGET_GONE,identity no longer active
2026-10-02T16:05:51Z,APP_21879_3030045,21879,3030045,25,2479,201.802,0,0,-1,-1,0,0.999931471,NA,NA,70.000000000,MEASURED_CPU_FAULT,CPU;INTERVAL_FAULTS,NA,NA,NA,NA,NA,NA,NA,NA,NA,NA,NA,NA,NA,NA,NA,NA,NA,NA,NA,NA,NA,NA,NA,TARGET_GONE,identity no longer active
2026-10-02T16:05:52Z,APP_21879_3030045,21879,3030045,25,2480,198.347,0,0,-1,-1,0,0.999931471,NA,NA,70.000000000,MEASURED_CPU_FAULT,CPU;INTERVAL_FAULTS,NA,NA,NA,NA,NA,NA,NA,NA,NA,NA,NA,NA,NA,NA,NA,NA,NA,NA,NA,NA,NA,NA,NA,TARGET_GONE,identity no longer active
2026-10-02T16:05:52Z,APP_21879_3030045,21879,3030045,25,2481,201.802,0,0,-1,-1,0,0.999931471,NA,NA,70.000000000,MEASURED_CPU_FAULT,CPU;INTERVAL_FAULTS,NA,NA,NA,NA,NA,NA,NA,NA,NA,NA,NA,NA,NA,NA,NA,NA,NA,NA,NA,NA,NA,NA,NA,TARGET_GONE,identity no longer active
2026-10-02T16:05:52Z,APP_21879_3030045,21879,3030045,25,2482,198.142,0,0,-1,-1,0,0.999931471,NA,NA,70.000000000,MEASURED_CPU_FAULT,CPU;INTERVAL_FAULTS,NA,NA,NA,NA,NA,NA,NA,NA,NA,NA,NA,NA,NA,NA,NA,NA,NA,NA,NA,NA,NA,NA,NA,TARGET_GONE,identity no longer active
2026-10-02T16:05:52Z,APP_21879_3030045,21879,3030045,25,2483,201.499,0,0,-1,-1,0,0.999931471,NA,NA,70.000000000,MEASURED_CPU_FAULT,CPU;INTERVAL_FAULTS,NA,NA,NA,NA,NA,NA,NA,NA,NA,NA,NA,NA,NA,NA,NA,NA,NA,NA,NA,NA,NA,NA,NA,TARGET_GONE,identity no longer active
2026-10-02T16:05:52Z,APP_21879_3030045,21879,3030045,25,2484,198.964,0,0,-1,-1,0,0.999931471,NA,NA,70.000000000,MEASURED_CPU_FAULT,CPU;INTERVAL_FAULTS,NA,NA,NA,NA,NA,NA,NA,NA,NA,NA,NA,NA,NA,NA,NA,NA,NA,NA,NA,NA,NA,NA,NA,TARGET_GONE,identity no longer active
2026-10-02T16:05:52Z,APP_21879_3030045,21879,3030045,25,2485,191.617,0,0,-1,-1,0,0.999931471,NA,NA,70.000000000,MEASURED_CPU_FAULT,CPU;INTERVAL_FAULTS,NA,NA,NA,NA,NA,NA,NA,NA,NA,NA,NA,NA,NA,NA,NA,NA,NA,NA,NA,NA,NA,NA,NA,TARGET_GONE,identity no longer active
2026-10-02T16:05:52Z,APP_21879_3030045,21879,3030045,25,2486,211.411,0,0,-1,-1,0,0.999931471,NA,NA,70.000000000,MEASURED_CPU_FAULT,CPU;INTERVAL_FAULTS,NA,NA,NA,NA,NA,NA,NA,NA,NA,NA,NA,NA,NA,NA,NA,NA,NA,NA,NA,NA,NA,NA,NA,TARGET_GONE,identity no longer active
2026-10-02T16:05:53Z,APP_21879_3030045,21879,3030045,25,2487,199.005,0,0,-1,-1,0,0.999931471,NA,NA,70.000000000,MEASURED_CPU_FAULT,CPU;INTERVAL_FAULTS,NA,NA,NA,NA,NA,NA,NA,NA,NA,NA,NA,NA,NA,NA,NA,NA,NA,NA,NA,NA,NA,NA,NA,TARGET_GONE,identity no longer active
2026-10-02T16:05:53Z,APP_21879_3030045,21879,3030045,25,2488,201.198,0,0,-1,-1,0,0.999931471,NA,NA,70.000000000,MEASURED_CPU_FAULT,CPU;INTERVAL_FAULTS,NA,NA,NA,NA,NA,NA,NA,NA,NA,NA,NA,NA,NA,NA,NA,NA,NA,NA,NA,NA,NA,NA,NA,TARGET_GONE,identity no longer active
2026-10-02T16:05:53Z,APP_21879_3030045,21879,3030045,25,2489,197.938,0,0,-1,-1,0,0.999931471,NA,NA,70.000000000,MEASURED_CPU_FAULT,CPU;INTERVAL_FAULTS,NA,NA,NA,NA,NA,NA,NA,NA,NA,NA,NA,NA,NA,NA,NA,NA,NA,NA,NA,NA,NA,NA,NA,TARGET_GONE,identity no longer active
2026-10-02T16:05:53Z,APP_21879_3030045,21879,3030045,25,2490,201.499,0,0,-1,-1,0,0.999931471,NA,NA,70.000000000,MEASURED_CPU_FAULT,CPU;INTERVAL_FAULTS,NA,NA,NA,NA,NA,NA,NA,NA,NA,NA,NA,NA,NA,NA,NA,NA,NA,NA,NA,NA,NA,NA,NA,TARGET_GONE,identity no longer active
2026-10-02T16:05:53Z,APP_21879_3030045,21879,3030045,25,2491,197.938,0,0,-1,-1,0,0.999931471,NA,NA,70.000000000,MEASURED_CPU_FAULT,CPU;INTERVAL_FAULTS,NA,NA,NA,NA,NA,NA,NA,NA,NA,NA,NA,NA,NA,NA,NA,NA,NA,NA,NA,NA,NA,NA,NA,TARGET_GONE,identity no longer active
2026-10-02T16:05:53Z,APP_21879_3030045,21879,3030045,25,2492,201.198,0,0,-1,-1,0,0.999931471,NA,NA,70.000000000,MEASURED_CPU_FAULT,CPU;INTERVAL_FAULTS,NA,NA,NA,NA,NA,NA,NA,NA,NA,NA,NA,NA,NA,NA,NA,NA,NA,NA,NA,NA,NA,NA,NA,TARGET_GONE,identity no longer active
2026-10-02T16:05:53Z,APP_21879_3030045,21879,3030045,25,2493,200.130,0,0,-1,-1,0,0.999931471,NA,NA,70.000000000,MEASURED_CPU_FAULT,CPU;INTERVAL_FAULTS,NA,NA,NA,NA,NA,NA,NA,NA,NA,NA,NA,NA,NA,NA,NA,NA,NA,NA,NA,NA,NA,NA,NA,TARGET_GONE,identity no longer active
2026-10-02T16:05:53Z,APP_21879_3030045,21879,3030045,25,2494,204.391,0,0,-1,-1,0,0.999931471,NA,NA,70.000000000,MEASURED_CPU_FAULT,CPU;INTERVAL_FAULTS,NA,NA,NA,NA,NA,NA,NA,NA,NA,NA,NA,NA,NA,NA,NA,NA,NA,NA,NA,NA,NA,NA,NA,TARGET_GONE,identity no longer active
2026-10-02T16:05:54Z,APP_21879_3030045,21879,3030045,25,2495,201.802,0,0,-1,-1,0,0.999931471,NA,NA,70.000000000,MEASURED_CPU_FAULT,CPU;INTERVAL_FAULTS,NA,NA,NA,NA,NA,NA,NA,NA,NA,NA,NA,NA,NA,NA,NA,NA,NA,NA,NA,NA,NA,NA,NA,TARGET_GONE,identity no longer active
2026-10-02T16:05:54Z,APP_21879_3030045,21879,3030045,25,2496,199.005,0,0,-1,-1,0,0.999931471,NA,NA,70.000000000,MEASURED_CPU_FAULT,CPU;INTERVAL_FAULTS,NA,NA,NA,NA,NA,NA,NA,NA,NA,NA,NA,NA,NA,NA,NA,NA,NA,NA,NA,NA,NA,NA,NA,TARGET_GONE,identity no longer active
2026-10-02T16:05:54Z,APP_21879_3030045,21879,3030045,25,2497,191.617,0,0,-1,-1,0,0.999931471,NA,NA,70.000000000,MEASURED_CPU_FAULT,CPU;INTERVAL_FAULTS,NA,NA,NA,NA,NA,NA,NA,NA,NA,NA,NA,NA,NA,NA,NA,NA,NA,NA,NA,NA,NA,NA,NA,TARGET_GONE,identity no longer active
2026-10-02T16:05:54Z,APP_21879_3030045,21879,3030045,25,2498,204.325,0,0,-1,-1,0,0.999931471,NA,NA,70.000000000,MEASURED_CPU_FAULT,CPU;INTERVAL_FAULTS,NA,NA,NA,NA,NA,NA,NA,NA,NA,NA,NA,NA,NA,NA,NA,NA,NA,NA,NA,NA,NA,NA,NA,TARGET_GONE,identity no longer active
2026-10-02T16:05:54Z,APP_21879_3030045,21879,3030045,25,2499,201.499,0,0,-1,-1,0,0.999931471,NA,NA,70.000000000,MEASURED_CPU_FAULT,CPU;INTERVAL_FAULTS,NA,NA,NA,NA,NA,NA,NA,NA,NA,NA,NA,NA,NA,NA,NA,NA,NA,NA,NA,NA,NA,NA,NA,TARGET_GONE,identity no longer active
2026-10-02T16:05:54Z,APP_21879_3030045,21879,3030045,25,2500,197.531,0,0,-1,-1,0,0.999931471,NA,NA,70.000000000,MEASURED_CPU_FAULT,CPU;INTERVAL_FAULTS,NA,NA,NA,NA,NA,NA,NA,NA,NA,NA,NA,NA,NA,NA,NA,NA,NA,NA,NA,NA,NA,NA,NA,TARGET_GONE,identity no longer active
2026-10-02T16:05:54Z,APP_21879_3030045,21879,3030045,25,2501,201.802,0,0,-1,-1,0,0.999931471,NA,NA,70.000000000,MEASURED_CPU_FAULT,CPU;INTERVAL_FAULTS,NA,NA,NA,NA,NA,NA,NA,NA,NA,NA,NA,NA,NA,NA,NA,NA,NA,NA,NA,NA,NA,NA,NA,TARGET_GONE,identity no longer active
2026-10-02T16:05:55Z,APP_21879_3030045,21879,3030045,25,2502,197.095,0,0,-1,-1,0,0.999931471,NA,NA,70.000000000,MEASURED_CPU_FAULT,CPU;INTERVAL_FAULTS,NA,NA,NA,NA,NA,NA,NA,NA,NA,NA,NA,NA,NA,NA,NA,NA,NA,NA,NA,NA,NA,NA,NA,TARGET_GONE,identity no longer active
2026-10-02T16:05:55Z,APP_21879_3030045,21879,3030045,25,2503,204.800,0,0,-1,-1,0,0.999931471,NA,NA,70.000000000,MEASURED_CPU_FAULT,CPU;INTERVAL_FAULTS,NA,NA,NA,NA,NA,NA,NA,NA,NA,NA,NA,NA,NA,NA,NA,NA,NA,NA,NA,NA,NA,NA,NA,TARGET_GONE,identity no longer active
2026-10-02T16:05:55Z,APP_21879_3030045,21879,3030045,25,2504,201.499,0,0,-1,-1,0,0.999931471,NA,NA,70.000000000,MEASURED_CPU_FAULT,CPU;INTERVAL_FAULTS,NA,NA,NA,NA,NA,NA,NA,NA,NA,NA,NA,NA,NA,NA,NA,NA,NA,NA,NA,NA,NA,NA,NA,TARGET_GONE,identity no longer active
2026-10-02T16:05:55Z,APP_21879_3030045,21879,3030045,25,2505,201.143,0,0,-1,-1,0,0.999931471,NA,NA,70.000000000,MEASURED_CPU_FAULT,CPU;INTERVAL_FAULTS,NA,NA,NA,NA,NA,NA,NA,NA,NA,NA,NA,NA,NA,NA,NA,NA,NA,NA,NA,NA,NA,NA,NA,TARGET_GONE,identity no longer active
2026-10-02T16:05:55Z,APP_21879_3030045,21879,3030045,25,2506,201.499,0,0,-1,-1,0,0.999931471,NA,NA,70.000000000,MEASURED_CPU_FAULT,CPU;INTERVAL_FAULTS,NA,NA,NA,NA,NA,NA,NA,NA,NA,NA,NA,NA,NA,NA,NA,NA,NA,NA,NA,NA,NA,NA,NA,TARGET_GONE,identity no longer active
2026-10-02T16:05:55Z,APP_21879_3030045,21879,3030045,25,2507,199.078,0,0,-1,-1,0,0.999931471,NA,NA,70.000000000,MEASURED_CPU_FAULT,CPU;INTERVAL_FAULTS,NA,NA,NA,NA,NA,NA,NA,NA,NA,NA,NA,NA,NA,NA,NA,NA,NA,NA,NA,NA,NA,NA,NA,TARGET_GONE,identity no longer active
2026-10-02T16:05:55Z,APP_21879_3030045,21879,3030045,25,2508,204.391,0,0,-1,-1,0,0.999931471,NA,NA,70.000000000,MEASURED_CPU_FAULT,CPU;INTERVAL_FAULTS,NA,NA,NA,NA,NA,NA,NA,NA,NA,NA,NA,NA,NA,NA,NA,NA,NA,NA,NA,NA,NA,NA,NA,TARGET_GONE,identity no longer active
2026-10-02T16:05:55Z,APP_21879_3030045,21879,3030045,25,2509,201.802,0,0,-1,-1,0,0.999931471,NA,NA,70.000000000,MEASURED_CPU_FAULT,CPU;INTERVAL_FAULTS,NA,NA,NA,NA,NA,NA,NA,NA,NA,NA,NA,NA,NA,NA,NA,NA,NA,NA,NA,NA,NA,NA,NA,TARGET_GONE,identity no longer active
2026-10-02T16:05:55Z,APP_21879_3030045,21879,3030045,25,2510,192.275,0,0,-1,-1,0,0.999931471,NA,NA,70.000000000,MEASURED_CPU_FAULT,CPU;INTERVAL_FAULTS,NA,NA,NA,NA,NA,NA,NA,NA,NA,NA,NA,NA,NA,NA,NA,NA,NA,NA,NA,NA,NA,NA,NA,TARGET_GONE,identity no longer active
2026-10-02T16:05:55Z,APP_21879_3030045,21879,3030045,25,2511,201.198,0,0,-1,-1,0,0.999931471,NA,NA,70.000000000,MEASURED_CPU_FAULT,CPU;INTERVAL_FAULTS,NA,NA,NA,NA,NA,NA,NA,NA,NA,NA,NA,NA,NA,NA,NA,NA,NA,NA,NA,NA,NA,NA,NA,TARGET_GONE,identity no longer active
2026-10-02T16:05:27Z,APP_21879_3030045,21879,3030045,26,2512,0.000,0,0,-1,-1,0,0.999931471,1,true,0.000000000,MEASURED_CPU_FAULT,CPU;INTERVAL_FAULTS,HOT,669.474315258,0.560000000,0.700000000,NA,NA,NA,NA,0.560000000,0.000000000,0.700000000,0.000000000,-1.000000000,1.232000000,NA,MOVE_THREAD,INVALID,NOT_APPLICABLE,INVALID,MOVE_THREAD,-1,-1,false,TARGET_GONE,identity no longer active
2026-10-02T16:05:28Z,APP_21879_3030045,21879,3030045,26,2513,0.000,0,0,-1,-1,0,0.999931471,NA,NA,0.000000000,MEASURED_CPU_FAULT,CPU;INTERVAL_FAULTS,NA,NA,NA,NA,NA,NA,NA,NA,NA,NA,NA,NA,NA,NA,NA,NA,NA,NA,NA,NA,NA,NA,NA,TARGET_GONE,identity no longer active
2026-10-02T16:05:28Z,APP_21879_3030045,21879,3030045,26,2514,6.934,0,0,-1,-1,0,0.999931471,NA,NA,4.853800000,MEASURED_CPU_FAULT,CPU;INTERVAL_FAULTS,NA,NA,NA,NA,NA,NA,NA,NA,NA,NA,NA,NA,NA,NA,NA,NA,NA,NA,NA,NA,NA,NA,NA,TARGET_GONE,identity no longer active
2026-10-02T16:05:28Z,APP_21879_3030045,21879,3030045,26,2515,0.000,0,0,-1,-1,0,0.999931471,NA,NA,0.000000000,MEASURED_CPU_FAULT,CPU;INTERVAL_FAULTS,NA,NA,NA,NA,NA,NA,NA,NA,NA,NA,NA,NA,NA,NA,NA,NA,NA,NA,NA,NA,NA,NA,NA,TARGET_GONE,identity no longer active
2026-10-02T16:05:28Z,APP_21879_3030045,21879,3030045,26,2516,0.000,0,0,-1,-1,0,0.999931471,NA,NA,0.000000000,MEASURED_CPU_FAULT,CPU;INTERVAL_FAULTS,NA,NA,NA,NA,NA,NA,NA,NA,NA,NA,NA,NA,NA,NA,NA,NA,NA,NA,NA,NA,NA,NA,NA,TARGET_GONE,identity no longer active
2026-10-02T16:05:28Z,APP_21879_3030045,21879,3030045,26,2517,0.000,0,0,-1,-1,0,0.999931471,NA,NA,0.000000000,MEASURED_CPU_FAULT,CPU;INTERVAL_FAULTS,NA,NA,NA,NA,NA,NA,NA,NA,NA,NA,NA,NA,NA,NA,NA,NA,NA,NA,NA,NA,NA,NA,NA,TARGET_GONE,identity no longer active
2026-10-02T16:05:28Z,APP_21879_3030045,21879,3030045,26,2518,0.000,0,0,-1,-1,0,0.999931471,NA,NA,0.000000000,MEASURED_CPU_FAULT,CPU;INTERVAL_FAULTS,NA,NA,NA,NA,NA,NA,NA,NA,NA,NA,NA,NA,NA,NA,NA,NA,NA,NA,NA,NA,NA,NA,NA,TARGET_GONE,identity no longer active
2026-10-02T16:05:29Z,APP_21879_3030045,21879,3030045,26,2519,0.000,0,0,-1,-1,0,0.999931471,NA,NA,0.000000000,MEASURED_CPU_FAULT,CPU;INTERVAL_FAULTS,NA,NA,NA,NA,NA,NA,NA,NA,NA,NA,NA,NA,NA,NA,NA,NA,NA,NA,NA,NA,NA,NA,NA,TARGET_GONE,identity no longer active
2026-10-02T16:05:29Z,APP_21879_3030045,21879,3030045,26,2520,95.238,0,0,-1,-1,0,0.999931471,NA,NA,66.666600000,MEASURED_CPU_FAULT,CPU;INTERVAL_FAULTS,NA,NA,NA,NA,NA,NA,NA,NA,NA,NA,NA,NA,NA,NA,NA,NA,NA,NA,NA,NA,NA,NA,NA,TARGET_GONE,identity no longer active
2026-10-02T16:05:29Z,APP_21879_3030045,21879,3030045,26,2521,201.802,0,0,-1,-1,0,0.999931471,NA,NA,70.000000000,MEASURED_CPU_FAULT,CPU;INTERVAL_FAULTS,NA,NA,NA,NA,NA,NA,NA,NA,NA,NA,NA,NA,NA,NA,NA,NA,NA,NA,NA,NA,NA,NA,NA,TARGET_GONE,identity no longer active
2026-10-02T16:05:29Z,APP_21879_3030045,21879,3030045,26,2522,198.650,0,0,-1,-1,0,0.999931471,NA,NA,70.000000000,MEASURED_CPU_FAULT,CPU;INTERVAL_FAULTS,NA,NA,NA,NA,NA,NA,NA,NA,NA,NA,NA,NA,NA,NA,NA,NA,NA,NA,NA,NA,NA,NA,NA,TARGET_GONE,identity no longer active
2026-10-02T16:05:29Z,APP_21879_3030045,21879,3030045,26,2523,201.198,0,0,-1,-1,0,0.999931471,NA,NA,70.000000000,MEASURED_CPU_FAULT,CPU;INTERVAL_FAULTS,NA,NA,NA,NA,NA,NA,NA,NA,NA,NA,NA,NA,NA,NA,NA,NA,NA,NA,NA,NA,NA,NA,NA,TARGET_GONE,identity no longer active
2026-10-02T16:05:29Z,APP_21879_3030045,21879,3030045,26,2524,202.230,0,0,-1,-1,0,0.999931471,NA,NA,70.000000000,MEASURED_CPU_FAULT,CPU;INTERVAL_FAULTS,NA,NA,NA,NA,NA,NA,NA,NA,NA,NA,NA,NA,NA,NA,NA,NA,NA,NA,NA,NA,NA,NA,NA,TARGET_GONE,identity no longer active
2026-10-02T16:05:29Z,APP_21879_3030045,21879,3030045,26,2525,191.617,0,0,-1,-1,0,0.999931471,NA,NA,70.000000000,MEASURED_CPU_FAULT,CPU;INTERVAL_FAULTS,NA,NA,NA,NA,NA,NA,NA,NA,NA,NA,NA,NA,NA,NA,NA,NA,NA,NA,NA,NA,NA,NA,NA,TARGET_GONE,identity no longer active
2026-10-02T16:05:29Z,APP_21879_3030045,21879,3030045,26,2526,202.043,0,0,-1,-1,0,0.999931471,NA,NA,70.000000000,MEASURED_CPU_FAULT,CPU;INTERVAL_FAULTS,NA,NA,NA,NA,NA,NA,NA,NA,NA,NA,NA,NA,NA,NA,NA,NA,NA,NA,NA,NA,NA,NA,NA,TARGET_GONE,identity no longer active
2026-10-02T16:05:30Z,APP_21879_3030045,21879,3030045,26,2527,201.198,0,0,-1,-1,0,0.999931471,NA,NA,70.000000000,MEASURED_CPU_FAULT,CPU;INTERVAL_FAULTS,NA,NA,NA,NA,NA,NA,NA,NA,NA,NA,NA,NA,NA,NA,NA,NA,NA,NA,NA,NA,NA,NA,NA,TARGET_GONE,identity no longer active
2026-10-02T16:05:30Z,APP_21879_3030045,21879,3030045,26,2528,197.280,0,0,-1,-1,0,0.999931471,NA,NA,70.000000000,MEASURED_CPU_FAULT,CPU;INTERVAL_FAULTS,NA,NA,NA,NA,NA,NA,NA,NA,NA,NA,NA,NA,NA,NA,NA,NA,NA,NA,NA,NA,NA,NA,NA,TARGET_GONE,identity no longer active
2026-10-02T16:05:30Z,APP_21879_3030045,21879,3030045,26,2529,210.778,0,0,-1,-1,0,0.999931471,NA,NA,70.000000000,MEASURED_CPU_FAULT,CPU;INTERVAL_FAULTS,NA,NA,NA,NA,NA,NA,NA,NA,NA,NA,NA,NA,NA,NA,NA,NA,NA,NA,NA,NA,NA,NA,NA,TARGET_GONE,identity no longer active
2026-10-02T16:05:30Z,APP_21879_3030045,21879,3030045,26,2530,191.904,0,0,-1,-1,0,0.999931471,NA,NA,70.000000000,MEASURED_CPU_FAULT,CPU;INTERVAL_FAULTS,NA,NA,NA,NA,NA,NA,NA,NA,NA,NA,NA,NA,NA,NA,NA,NA,NA,NA,NA,NA,NA,NA,NA,TARGET_GONE,identity no longer active
2026-10-02T16:05:30Z,APP_21879_3030045,21879,3030045,26,2531,205.714,0,0,-1,-1,0,0.999931471,NA,NA,70.000000000,MEASURED_CPU_FAULT,CPU;INTERVAL_FAULTS,NA,NA,NA,NA,NA,NA,NA,NA,NA,NA,NA,NA,NA,NA,NA,NA,NA,NA,NA,NA,NA,NA,NA,TARGET_GONE,identity no longer active
2026-10-02T16:05:30Z,APP_21879_3030045,21879,3030045,26,2532,201.198,0,0,-1,-1,0,0.999931471,NA,NA,70.000000000,MEASURED_CPU_FAULT,CPU;INTERVAL_FAULTS,NA,NA,NA,NA,NA,NA,NA,NA,NA,NA,NA,NA,NA,NA,NA,NA,NA,NA,NA,NA,NA,NA,NA,TARGET_GONE,identity no longer active
2026-10-02T16:05:30Z,APP_21879_3030045,21879,3030045,26,2533,196.648,0,0,-1,-1,0,0.999931471,NA,NA,70.000000000,MEASURED_CPU_FAULT,CPU;INTERVAL_FAULTS,NA,NA,NA,NA,NA,NA,NA,NA,NA,NA,NA,NA,NA,NA,NA,NA,NA,NA,NA,NA,NA,NA,NA,TARGET_GONE,identity no longer active
2026-10-02T16:05:30Z,APP_21879_3030045,21879,3030045,26,2534,201.499,0,0,-1,-1,0,0.999931471,NA,NA,70.000000000,MEASURED_CPU_FAULT,CPU;INTERVAL_FAULTS,NA,NA,NA,NA,NA,NA,NA,NA,NA,NA,NA,NA,NA,NA,NA,NA,NA,NA,NA,NA,NA,NA,NA,TARGET_GONE,identity no longer active
2026-10-02T16:05:31Z,APP_21879_3030045,21879,3030045,26,2535,202.772,0,0,-1,-1,0,0.999931471,NA,NA,70.000000000,MEASURED_CPU_FAULT,CPU;INTERVAL_FAULTS,NA,NA,NA,NA,NA,NA,NA,NA,NA,NA,NA,NA,NA,NA,NA,NA,NA,NA,NA,NA,NA,NA,NA,TARGET_GONE,identity no longer active
2026-10-02T16:05:31Z,APP_21879_3030045,21879,3030045,26,2536,201.499,0,0,-1,-1,0,0.999931471,NA,NA,70.000000000,MEASURED_CPU_FAULT,CPU;INTERVAL_FAULTS,NA,NA,NA,NA,NA,NA,NA,NA,NA,NA,NA,NA,NA,NA,NA,NA,NA,NA,NA,NA,NA,NA,NA,TARGET_GONE,identity no longer active
2026-10-02T16:05:31Z,APP_21879_3030045,21879,3030045,26,2537,195.918,0,0,-1,-1,0,0.999931471,NA,NA,70.000000000,MEASURED_CPU_FAULT,CPU;INTERVAL_FAULTS,NA,NA,NA,NA,NA,NA,NA,NA,NA,NA,NA,NA,NA,NA,NA,NA,NA,NA,NA,NA,NA,NA,NA,TARGET_GONE,identity no longer active
2026-10-02T16:05:31Z,APP_21879_3030045,21879,3030045,26,2538,211.411,0,0,-1,-1,0,0.999931471,NA,NA,70.000000000,MEASURED_CPU_FAULT,CPU;INTERVAL_FAULTS,NA,NA,NA,NA,NA,NA,NA,NA,NA,NA,NA,NA,NA,NA,NA,NA,NA,NA,NA,NA,NA,NA,NA,TARGET_GONE,identity no longer active
2026-10-02T16:05:31Z,APP_21879_3030045,21879,3030045,26,2539,201.499,0,0,-1,-1,0,0.999931471,NA,NA,70.000000000,MEASURED_CPU_FAULT,CPU;INTERVAL_FAULTS,NA,NA,NA,NA,NA,NA,NA,NA,NA,NA,NA,NA,NA,NA,NA,NA,NA,NA,NA,NA,NA,NA,NA,TARGET_GONE,identity no longer active
2026-10-02T16:05:31Z,APP_21879_3030045,21879,3030045,26,2540,198.706,0,0,-1,-1,0,0.999931471,NA,NA,70.000000000,MEASURED_CPU_FAULT,CPU;INTERVAL_FAULTS,NA,NA,NA,NA,NA,NA,NA,NA,NA,NA,NA,NA,NA,NA,NA,NA,NA,NA,NA,NA,NA,NA,NA,TARGET_GONE,identity no longer active
2026-10-02T16:05:31Z,APP_21879_3030045,21879,3030045,26,2541,191.904,0,0,-1,-1,0,0.999931471,NA,NA,70.000000000,MEASURED_CPU_FAULT,CPU;INTERVAL_FAULTS,NA,NA,NA,NA,NA,NA,NA,NA,NA,NA,NA,NA,NA,NA,NA,NA,NA,NA,NA,NA,NA,NA,NA,TARGET_GONE,identity no longer active
2026-10-02T16:05:31Z,APP_21879_3030045,21879,3030045,26,2542,204.325,0,0,-1,-1,0,0.999931471,NA,NA,70.000000000,MEASURED_CPU_FAULT,CPU;INTERVAL_FAULTS,NA,NA,NA,NA,NA,NA,NA,NA,NA,NA,NA,NA,NA,NA,NA,NA,NA,NA,NA,NA,NA,NA,NA,TARGET_GONE,identity no longer active
2026-10-02T16:05:31Z,APP_21879_3030045,21879,3030045,26,2543,201.499,0,0,-1,-1,0,0.999931471,NA,NA,70.000000000,MEASURED_CPU_FAULT,CPU;INTERVAL_FAULTS,NA,NA,NA,NA,NA,NA,NA,NA,NA,NA,NA,NA,NA,NA,NA,NA,NA,NA,NA,NA,NA,NA,NA,TARGET_GONE,identity no longer active
2026-10-02T16:05:32Z,APP_21879_3030045,21879,3030045,26,2544,197.531,0,0,-1,-1,0,0.999931471,NA,NA,70.000000000,MEASURED_CPU_FAULT,CPU;INTERVAL_FAULTS,NA,NA,NA,NA,NA,NA,NA,NA,NA,NA,NA,NA,NA,NA,NA,NA,NA,NA,NA,NA,NA,NA,NA,TARGET_GONE,identity no longer active
2026-10-02T16:05:32Z,APP_21879_3030045,21879,3030045,26,2545,201.499,0,0,-1,-1,0,0.999931471,NA,NA,70.000000000,MEASURED_CPU_FAULT,CPU;INTERVAL_FAULTS,NA,NA,NA,NA,NA,NA,NA,NA,NA,NA,NA,NA,NA,NA,NA,NA,NA,NA,NA,NA,NA,NA,NA,TARGET_GONE,identity no longer active
2026-10-02T16:05:32Z,APP_21879_3030045,21879,3030045,26,2546,203.885,0,0,-1,-1,0,0.999931471,NA,NA,70.000000000,MEASURED_CPU_FAULT,CPU;INTERVAL_FAULTS,NA,NA,NA,NA,NA,NA,NA,NA,NA,NA,NA,NA,NA,NA,NA,NA,NA,NA,NA,NA,NA,NA,NA,TARGET_GONE,identity no longer active
2026-10-02T16:05:32Z,APP_21879_3030045,21879,3030045,26,2547,192.771,0,0,-1,-1,0,0.999931471,NA,NA,70.000000000,MEASURED_CPU_FAULT,CPU;INTERVAL_FAULTS,NA,NA,NA,NA,NA,NA,NA,NA,NA,NA,NA,NA,NA,NA,NA,NA,NA,NA,NA,NA,NA,NA,NA,TARGET_GONE,identity no longer active
2026-10-02T16:05:32Z,APP_21879_3030045,21879,3030045,26,2548,201.499,0,0,-1,-1,0,0.999931471,NA,NA,70.000000000,MEASURED_CPU_FAULT,CPU;INTERVAL_FAULTS,NA,NA,NA,NA,NA,NA,NA,NA,NA,NA,NA,NA,NA,NA,NA,NA,NA,NA,NA,NA,NA,NA,NA,TARGET_GONE,identity no longer active
2026-10-02T16:05:32Z,APP_21879_3030045,21879,3030045,26,2549,191.847,0,0,-1,-1,0,0.999931471,NA,NA,70.000000000,MEASURED_CPU_FAULT,CPU;INTERVAL_FAULTS,NA,NA,NA,NA,NA,NA,NA,NA,NA,NA,NA,NA,NA,NA,NA,NA,NA,NA,NA,NA,NA,NA,NA,TARGET_GONE,identity no longer active
2026-10-02T16:05:32Z,APP_21879_3030045,21879,3030045,26,2550,201.198,0,0,-1,-1,0,0.999931471,NA,NA,70.000000000,MEASURED_CPU_FAULT,CPU;INTERVAL_FAULTS,NA,NA,NA,NA,NA,NA,NA,NA,NA,NA,NA,NA,NA,NA,NA,NA,NA,NA,NA,NA,NA,NA,NA,TARGET_GONE,identity no longer active
2026-10-02T16:05:32Z,APP_21879_3030045,21879,3030045,26,2551,204.115,0,0,-1,-1,0,0.999931471,NA,NA,70.000000000,MEASURED_CPU_FAULT,CPU;INTERVAL_FAULTS,NA,NA,NA,NA,NA,NA,NA,NA,NA,NA,NA,NA,NA,NA,NA,NA,NA,NA,NA,NA,NA,NA,NA,TARGET_GONE,identity no longer active
2026-10-02T16:05:33Z,APP_21879_3030045,21879,3030045,26,2552,192.192,0,0,-1,-1,0,0.999931471,NA,NA,70.000000000,MEASURED_CPU_FAULT,CPU;INTERVAL_FAULTS,NA,NA,NA,NA,NA,NA,NA,NA,NA,NA,NA,NA,NA,NA,NA,NA,NA,NA,NA,NA,NA,NA,NA,TARGET_GONE,identity no longer active
2026-10-02T16:05:33Z,APP_21879_3030045,21879,3030045,26,2553,204.115,0,0,-1,-1,0,0.999931471,NA,NA,70.000000000,MEASURED_CPU_FAULT,CPU;INTERVAL_FAULTS,NA,NA,NA,NA,NA,NA,NA,NA,NA,NA,NA,NA,NA,NA,NA,NA,NA,NA,NA,NA,NA,NA,NA,TARGET_GONE,identity no longer active
2026-10-02T16:05:33Z,APP_21879_3030045,21879,3030045,26,2554,201.802,0,0,-1,-1,0,0.999931471,NA,NA,70.000000000,MEASURED_CPU_FAULT,CPU;INTERVAL_FAULTS,NA,NA,NA,NA,NA,NA,NA,NA,NA,NA,NA,NA,NA,NA,NA,NA,NA,NA,NA,NA,NA,NA,NA,TARGET_GONE,identity no longer active
2026-10-02T16:05:33Z,APP_21879_3030045,21879,3030045,26,2555,201.491,0,0,-1,-1,0,0.999931471,NA,NA,70.000000000,MEASURED_CPU_FAULT,CPU;INTERVAL_FAULTS,NA,NA,NA,NA,NA,NA,NA,NA,NA,NA,NA,NA,NA,NA,NA,NA,NA,NA,NA,NA,NA,NA,NA,TARGET_GONE,identity no longer active
2026-10-02T16:05:33Z,APP_21879_3030045,21879,3030045,26,2556,192.771,0,0,-1,-1,0,0.999931471,NA,NA,70.000000000,MEASURED_CPU_FAULT,CPU;INTERVAL_FAULTS,NA,NA,NA,NA,NA,NA,NA,NA,NA,NA,NA,NA,NA,NA,NA,NA,NA,NA,NA,NA,NA,NA,NA,TARGET_GONE,identity no longer active
2026-10-02T16:05:33Z,APP_21879_3030045,21879,3030045,26,2557,201.499,0,0,-1,-1,0,0.999931471,NA,NA,70.000000000,MEASURED_CPU_FAULT,CPU;INTERVAL_FAULTS,NA,NA,NA,NA,NA,NA,NA,NA,NA,NA,NA,NA,NA,NA,NA,NA,NA,NA,NA,NA,NA,NA,NA,TARGET_GONE,identity no longer active
2026-10-02T16:05:33Z,APP_21879_3030045,21879,3030045,26,2558,199.253,0,0,-1,-1,0,0.999931471,NA,NA,70.000000000,MEASURED_CPU_FAULT,CPU;INTERVAL_FAULTS,NA,NA,NA,NA,NA,NA,NA,NA,NA,NA,NA,NA,NA,NA,NA,NA,NA,NA,NA,NA,NA,NA,NA,TARGET_GONE,identity no longer active
2026-10-02T16:05:33Z,APP_21879_3030045,21879,3030045,26,2559,201.198,0,0,-1,-1,0,0.999931471,NA,NA,70.000000000,MEASURED_CPU_FAULT,CPU;INTERVAL_FAULTS,NA,NA,NA,NA,NA,NA,NA,NA,NA,NA,NA,NA,NA,NA,NA,NA,NA,NA,NA,NA,NA,NA,NA,TARGET_GONE,identity no longer active
2026-10-02T16:05:34Z,APP_21879_3030045,21879,3030045,26,2560,198.142,0,0,-1,-1,0,0.999931471,NA,NA,70.000000000,MEASURED_CPU_FAULT,CPU;INTERVAL_FAULTS,NA,NA,NA,NA,NA,NA,NA,NA,NA,NA,NA,NA,NA,NA,NA,NA,NA,NA,NA,NA,NA,NA,NA,TARGET_GONE,identity no longer active
2026-10-02T16:05:34Z,APP_21879_3030045,21879,3030045,26,2561,200.897,0,0,-1,-1,0,0.999931471,NA,NA,70.000000000,MEASURED_CPU_FAULT,CPU;INTERVAL_FAULTS,NA,NA,NA,NA,NA,NA,NA,NA,NA,NA,NA,NA,NA,NA,NA,NA,NA,NA,NA,NA,NA,NA,NA,TARGET_GONE,identity no longer active
2026-10-02T16:05:34Z,APP_21879_3030045,21879,3030045,26,2562,197.938,0,0,-1,-1,0,0.999931471,NA,NA,70.000000000,MEASURED_CPU_FAULT,CPU;INTERVAL_FAULTS,NA,NA,NA,NA,NA,NA,NA,NA,NA,NA,NA,NA,NA,NA,NA,NA,NA,NA,NA,NA,NA,NA,NA,TARGET_GONE,identity no longer active
2026-10-02T16:05:34Z,APP_21879_3030045,21879,3030045,26,2563,201.499,0,0,-1,-1,0,0.999931471,NA,NA,70.000000000,MEASURED_CPU_FAULT,CPU;INTERVAL_FAULTS,NA,NA,NA,NA,NA,NA,NA,NA,NA,NA,NA,NA,NA,NA,NA,NA,NA,NA,NA,NA,NA,NA,NA,TARGET_GONE,identity no longer active
2026-10-02T16:05:34Z,APP_21879_3030045,21879,3030045,26,2564,202.625,0,0,-1,-1,0,0.999931471,NA,NA,70.000000000,MEASURED_CPU_FAULT,CPU;INTERVAL_FAULTS,NA,NA,NA,NA,NA,NA,NA,NA,NA,NA,NA,NA,NA,NA,NA,NA,NA,NA,NA,NA,NA,NA,NA,TARGET_GONE,identity no longer active
2026-10-02T16:05:34Z,APP_21879_3030045,21879,3030045,26,2565,192.192,0,0,-1,-1,0,0.999931471,NA,NA,70.000000000,MEASURED_CPU_FAULT,CPU;INTERVAL_FAULTS,NA,NA,NA,NA,NA,NA,NA,NA,NA,NA,NA,NA,NA,NA,NA,NA,NA,NA,NA,NA,NA,NA,NA,TARGET_GONE,identity no longer active
2026-10-02T16:05:34Z,APP_21879_3030045,21879,3030045,26,2566,201.198,0,0,-1,-1,0,0.999931471,NA,NA,70.000000000,MEASURED_CPU_FAULT,CPU;INTERVAL_FAULTS,NA,NA,NA,NA,NA,NA,NA,NA,NA,NA,NA,NA,NA,NA,NA,NA,NA,NA,NA,NA,NA,NA,NA,TARGET_GONE,identity no longer active
2026-10-02T16:05:34Z,APP_21879_3030045,21879,3030045,26,2567,199.253,0,0,-1,-1,0,0.999931471,NA,NA,70.000000000,MEASURED_CPU_FAULT,CPU;INTERVAL_FAULTS,NA,NA,NA,NA,NA,NA,NA,NA,NA,NA,NA,NA,NA,NA,NA,NA,NA,NA,NA,NA,NA,NA,NA,TARGET_GONE,identity no longer active
2026-10-02T16:05:34Z,APP_21879_3030045,21879,3030045,26,2568,201.802,0,0,-1,-1,0,0.999931471,NA,NA,70.000000000,MEASURED_CPU_FAULT,CPU;INTERVAL_FAULTS,NA,NA,NA,NA,NA,NA,NA,NA,NA,NA,NA,NA,NA,NA,NA,NA,NA,NA,NA,NA,NA,NA,NA,TARGET_GONE,identity no longer active
2026-10-02T16:05:35Z,APP_21879_3030045,21879,3030045,26,2569,197.328,0,0,-1,-1,0,0.999931471,NA,NA,70.000000000,MEASURED_CPU_FAULT,CPU;INTERVAL_FAULTS,NA,NA,NA,NA,NA,NA,NA,NA,NA,NA,NA,NA,NA,NA,NA,NA,NA,NA,NA,NA,NA,NA,NA,TARGET_GONE,identity no longer active
2026-10-02T16:05:35Z,APP_21879_3030045,21879,3030045,26,2570,201.499,0,0,-1,-1,0,0.999931471,NA,NA,70.000000000,MEASURED_CPU_FAULT,CPU;INTERVAL_FAULTS,NA,NA,NA,NA,NA,NA,NA,NA,NA,NA,NA,NA,NA,NA,NA,NA,NA,NA,NA,NA,NA,NA,NA,TARGET_GONE,identity no longer active
2026-10-02T16:05:35Z,APP_21879_3030045,21879,3030045,26,2571,198.142,0,0,-1,-1,0,0.999931471,NA,NA,70.000000000,MEASURED_CPU_FAULT,CPU;INTERVAL_FAULTS,NA,NA,NA,NA,NA,NA,NA,NA,NA,NA,NA,NA,NA,NA,NA,NA,NA,NA,NA,NA,NA,NA,NA,TARGET_GONE,identity no longer active
2026-10-02T16:05:35Z,APP_21879_3030045,21879,3030045,26,2572,201.198,0,0,-1,-1,0,0.999931471,NA,NA,70.000000000,MEASURED_CPU_FAULT,CPU;INTERVAL_FAULTS,NA,NA,NA,NA,NA,NA,NA,NA,NA,NA,NA,NA,NA,NA,NA,NA,NA,NA,NA,NA,NA,NA,NA,TARGET_GONE,identity no longer active
2026-10-02T16:05:35Z,APP_21879_3030045,21879,3030045,26,2573,203.253,0,0,-1,-1,0,0.999931471,NA,NA,70.000000000,MEASURED_CPU_FAULT,CPU;INTERVAL_FAULTS,NA,NA,NA,NA,NA,NA,NA,NA,NA,NA,NA,NA,NA,NA,NA,NA,NA,NA,NA,NA,NA,NA,NA,TARGET_GONE,identity no longer active
2026-10-02T16:05:35Z,APP_21879_3030045,21879,3030045,26,2574,192.192,0,0,-1,-1,0,0.999931471,NA,NA,70.000000000,MEASURED_CPU_FAULT,CPU;INTERVAL_FAULTS,NA,NA,NA,NA,NA,NA,NA,NA,NA,NA,NA,NA,NA,NA,NA,NA,NA,NA,NA,NA,NA,NA,NA,TARGET_GONE,identity no longer active
2026-10-02T16:05:35Z,APP_21879_3030045,21879,3030045,26,2575,201.499,0,0,-1,-1,0,0.999931471,NA,NA,70.000000000,MEASURED_CPU_FAULT,CPU;INTERVAL_FAULTS,NA,NA,NA,NA,NA,NA,NA,NA,NA,NA,NA,NA,NA,NA,NA,NA,NA,NA,NA,NA,NA,NA,NA,TARGET_GONE,identity no longer active
2026-10-02T16:05:35Z,APP_21879_3030045,21879,3030045,26,2576,199.253,0,0,-1,-1,0,0.999931471,NA,NA,70.000000000,MEASURED_CPU_FAULT,CPU;INTERVAL_FAULTS,NA,NA,NA,NA,NA,NA,NA,NA,NA,NA,NA,NA,NA,NA,NA,NA,NA,NA,NA,NA,NA,NA,NA,TARGET_GONE,identity no longer active
2026-10-02T16:05:36Z,APP_21879_3030045,21879,3030045,26,2577,201.198,0,0,-1,-1,0,0.999931471,NA,NA,70.000000000,MEASURED_CPU_FAULT,CPU;INTERVAL_FAULTS,NA,NA,NA,NA,NA,NA,NA,NA,NA,NA,NA,NA,NA,NA,NA,NA,NA,NA,NA,NA,NA,NA,NA,TARGET_GONE,identity no longer active
2026-10-02T16:05:36Z,APP_21879_3030045,21879,3030045,26,2578,197.938,0,0,-1,-1,0,0.999931471,NA,NA,70.000000000,MEASURED_CPU_FAULT,CPU;INTERVAL_FAULTS,NA,NA,NA,NA,NA,NA,NA,NA,NA,NA,NA,NA,NA,NA,NA,NA,NA,NA,NA,NA,NA,NA,NA,TARGET_GONE,identity no longer active
2026-10-02T16:05:36Z,APP_21879_3030045,21879,3030045,26,2579,201.198,0,0,-1,-1,0,0.999931471,NA,NA,70.000000000,MEASURED_CPU_FAULT,CPU;INTERVAL_FAULTS,NA,NA,NA,NA,NA,NA,NA,NA,NA,NA,NA,NA,NA,NA,NA,NA,NA,NA,NA,NA,NA,NA,NA,TARGET_GONE,identity no longer active
2026-10-02T16:05:36Z,APP_21879_3030045,21879,3030045,26,2580,197.734,0,0,-1,-1,0,0.999931471,NA,NA,70.000000000,MEASURED_CPU_FAULT,CPU;INTERVAL_FAULTS,NA,NA,NA,NA,NA,NA,NA,NA,NA,NA,NA,NA,NA,NA,NA,NA,NA,NA,NA,NA,NA,NA,NA,TARGET_GONE,identity no longer active
2026-10-02T16:05:36Z,APP_21879_3030045,21879,3030045,26,2581,201.802,0,0,-1,-1,0,0.999931471,NA,NA,70.000000000,MEASURED_CPU_FAULT,CPU;INTERVAL_FAULTS,NA,NA,NA,NA,NA,NA,NA,NA,NA,NA,NA,NA,NA,NA,NA,NA,NA,NA,NA,NA,NA,NA,NA,TARGET_GONE,identity no longer active
2026-10-02T16:05:36Z,APP_21879_3030045,21879,3030045,26,2582,203.096,0,0,-1,-1,0,0.999931471,NA,NA,70.000000000,MEASURED_CPU_FAULT,CPU;INTERVAL_FAULTS,NA,NA,NA,NA,NA,NA,NA,NA,NA,NA,NA,NA,NA,NA,NA,NA,NA,NA,NA,NA,NA,NA,NA,TARGET_GONE,identity no longer active
2026-10-02T16:05:36Z,APP_21879_3030045,21879,3030045,26,2583,191.617,0,0,-1,-1,0,0.999931471,NA,NA,70.000000000,MEASURED_CPU_FAULT,CPU;INTERVAL_FAULTS,NA,NA,NA,NA,NA,NA,NA,NA,NA,NA,NA,NA,NA,NA,NA,NA,NA,NA,NA,NA,NA,NA,NA,TARGET_GONE,identity no longer active
2026-10-02T16:05:36Z,APP_21879_3030045,21879,3030045,26,2584,201.499,0,0,-1,-1,0,0.999931471,NA,NA,70.000000000,MEASURED_CPU_FAULT,CPU;INTERVAL_FAULTS,NA,NA,NA,NA,NA,NA,NA,NA,NA,NA,NA,NA,NA,NA,NA,NA,NA,NA,NA,NA,NA,NA,NA,TARGET_GONE,identity no longer active
2026-10-02T16:05:37Z,APP_21879_3030045,21879,3030045,26,2585,199.253,0,0,-1,-1,0,0.999931471,NA,NA,70.000000000,MEASURED_CPU_FAULT,CPU;INTERVAL_FAULTS,NA,NA,NA,NA,NA,NA,NA,NA,NA,NA,NA,NA,NA,NA,NA,NA,NA,NA,NA,NA,NA,NA,NA,TARGET_GONE,identity no longer active
2026-10-02T16:05:37Z,APP_21879_3030045,21879,3030045,26,2586,201.198,0,0,-1,-1,0,0.999931471,NA,NA,70.000000000,MEASURED_CPU_FAULT,CPU;INTERVAL_FAULTS,NA,NA,NA,NA,NA,NA,NA,NA,NA,NA,NA,NA,NA,NA,NA,NA,NA,NA,NA,NA,NA,NA,NA,TARGET_GONE,identity no longer active
2026-10-02T16:05:37Z,APP_21879_3030045,21879,3030045,26,2587,197.734,0,0,-1,-1,0,0.999931471,NA,NA,70.000000000,MEASURED_CPU_FAULT,CPU;INTERVAL_FAULTS,NA,NA,NA,NA,NA,NA,NA,NA,NA,NA,NA,NA,NA,NA,NA,NA,NA,NA,NA,NA,NA,NA,NA,TARGET_GONE,identity no longer active
2026-10-02T16:05:37Z,APP_21879_3030045,21879,3030045,26,2588,201.802,0,0,-1,-1,0,0.999931471,NA,NA,70.000000000,MEASURED_CPU_FAULT,CPU;INTERVAL_FAULTS,NA,NA,NA,NA,NA,NA,NA,NA,NA,NA,NA,NA,NA,NA,NA,NA,NA,NA,NA,NA,NA,NA,NA,TARGET_GONE,identity no longer active
2026-10-02T16:05:37Z,APP_21879_3030045,21879,3030045,26,2589,197.531,0,0,-1,-1,0,0.999931471,NA,NA,70.000000000,MEASURED_CPU_FAULT,CPU;INTERVAL_FAULTS,NA,NA,NA,NA,NA,NA,NA,NA,NA,NA,NA,NA,NA,NA,NA,NA,NA,NA,NA,NA,NA,NA,NA,TARGET_GONE,identity no longer active
2026-10-02T16:05:37Z,APP_21879_3030045,21879,3030045,26,2590,201.499,0,0,-1,-1,0,0.999931471,NA,NA,70.000000000,MEASURED_CPU_FAULT,CPU;INTERVAL_FAULTS,NA,NA,NA,NA,NA,NA,NA,NA,NA,NA,NA,NA,NA,NA,NA,NA,NA,NA,NA,NA,NA,NA,NA,TARGET_GONE,identity no longer active
2026-10-02T16:05:37Z,APP_21879_3030045,21879,3030045,26,2591,202.755,0,0,-1,-1,0,0.999931471,NA,NA,70.000000000,MEASURED_CPU_FAULT,CPU;INTERVAL_FAULTS,NA,NA,NA,NA,NA,NA,NA,NA,NA,NA,NA,NA,NA,NA,NA,NA,NA,NA,NA,NA,NA,NA,NA,TARGET_GONE,identity no longer active
2026-10-02T16:05:37Z,APP_21879_3030045,21879,3030045,26,2592,191.617,0,0,-1,-1,0,0.999931471,NA,NA,70.000000000,MEASURED_CPU_FAULT,CPU;INTERVAL_FAULTS,NA,NA,NA,NA,NA,NA,NA,NA,NA,NA,NA,NA,NA,NA,NA,NA,NA,NA,NA,NA,NA,NA,NA,TARGET_GONE,identity no longer active
2026-10-02T16:05:38Z,APP_21879_3030045,21879,3030045,26,2593,201.499,0,0,-1,-1,0,0.999931471,NA,NA,70.000000000,MEASURED_CPU_FAULT,CPU;INTERVAL_FAULTS,NA,NA,NA,NA,NA,NA,NA,NA,NA,NA,NA,NA,NA,NA,NA,NA,NA,NA,NA,NA,NA,NA,NA,TARGET_GONE,identity no longer active
2026-10-02T16:05:38Z,APP_21879_3030045,21879,3030045,26,2594,206.708,0,0,-1,-1,0,0.999931471,NA,NA,70.000000000,MEASURED_CPU_FAULT,CPU;INTERVAL_FAULTS,NA,NA,NA,NA,NA,NA,NA,NA,NA,NA,NA,NA,NA,NA,NA,NA,NA,NA,NA,NA,NA,NA,NA,TARGET_GONE,identity no longer active
2026-10-02T16:05:38Z,APP_21879_3030045,21879,3030045,26,2595,191.617,0,0,-1,-1,0,0.999931471,NA,NA,70.000000000,MEASURED_CPU_FAULT,CPU;INTERVAL_FAULTS,NA,NA,NA,NA,NA,NA,NA,NA,NA,NA,NA,NA,NA,NA,NA,NA,NA,NA,NA,NA,NA,NA,NA,TARGET_GONE,identity no longer active
2026-10-02T16:05:38Z,APP_21879_3030045,21879,3030045,26,2596,200.607,0,0,-1,-1,0,0.999931471,NA,NA,70.000000000,MEASURED_CPU_FAULT,CPU;INTERVAL_FAULTS,NA,NA,NA,NA,NA,NA,NA,NA,NA,NA,NA,NA,NA,NA,NA,NA,NA,NA,NA,NA,NA,NA,NA,TARGET_GONE,identity no longer active
2026-10-02T16:05:38Z,APP_21879_3030045,21879,3030045,26,2597,201.198,0,0,-1,-1,0,0.999931471,NA,NA,70.000000000,MEASURED_CPU_FAULT,CPU;INTERVAL_FAULTS,NA,NA,NA,NA,NA,NA,NA,NA,NA,NA,NA,NA,NA,NA,NA,NA,NA,NA,NA,NA,NA,NA,NA,TARGET_GONE,identity no longer active
2026-10-02T16:05:38Z,APP_21879_3030045,21879,3030045,26,2598,199.610,0,0,-1,-1,0,0.999931471,NA,NA,70.000000000,MEASURED_CPU_FAULT,CPU;INTERVAL_FAULTS,NA,NA,NA,NA,NA,NA,NA,NA,NA,NA,NA,NA,NA,NA,NA,NA,NA,NA,NA,NA,NA,NA,NA,TARGET_GONE,identity no longer active
2026-10-02T16:05:38Z,APP_21879_3030045,21879,3030045,26,2599,201.198,0,0,-1,-1,0,0.999931471,NA,NA,70.000000000,MEASURED_CPU_FAULT,CPU;INTERVAL_FAULTS,NA,NA,NA,NA,NA,NA,NA,NA,NA,NA,NA,NA,NA,NA,NA,NA,NA,NA,NA,NA,NA,NA,NA,TARGET_GONE,identity no longer active
2026-10-02T16:05:39Z,APP_21879_3030045,21879,3030045,26,2600,200.000,0,0,-1,-1,0,0.999931471,NA,NA,70.000000000,MEASURED_CPU_FAULT,CPU;INTERVAL_FAULTS,NA,NA,NA,NA,NA,NA,NA,NA,NA,NA,NA,NA,NA,NA,NA,NA,NA,NA,NA,NA,NA,NA,NA,TARGET_GONE,identity no longer active
2026-10-02T16:05:39Z,APP_21879_3030045,21879,3030045,26,2601,192.192,0,0,-1,-1,0,0.999931471,NA,NA,70.000000000,MEASURED_CPU_FAULT,CPU;INTERVAL_FAULTS,NA,NA,NA,NA,NA,NA,NA,NA,NA,NA,NA,NA,NA,NA,NA,NA,NA,NA,NA,NA,NA,NA,NA,TARGET_GONE,identity no longer active
2026-10-02T16:05:39Z,APP_21879_3030045,21879,3030045,26,2602,201.802,0,0,-1,-1,0,0.999931471,NA,NA,70.000000000,MEASURED_CPU_FAULT,CPU;INTERVAL_FAULTS,NA,NA,NA,NA,NA,NA,NA,NA,NA,NA,NA,NA,NA,NA,NA,NA,NA,NA,NA,NA,NA,NA,NA,TARGET_GONE,identity no longer active
2026-10-02T16:05:39Z,APP_21879_3030045,21879,3030045,26,2603,198.758,0,0,-1,-1,0,0.999931471,NA,NA,70.000000000,MEASURED_CPU_FAULT,CPU;INTERVAL_FAULTS,NA,NA,NA,NA,NA,NA,NA,NA,NA,NA,NA,NA,NA,NA,NA,NA,NA,NA,NA,NA,NA,NA,NA,TARGET_GONE,identity no longer active
2026-10-02T16:05:39Z,APP_21879_3030045,21879,3030045,26,2604,210.463,0,0,-1,-1,0,0.999931471,NA,NA,70.000000000,MEASURED_CPU_FAULT,CPU;INTERVAL_FAULTS,NA,NA,NA,NA,NA,NA,NA,NA,NA,NA,NA,NA,NA,NA,NA,NA,NA,NA,NA,NA,NA,NA,NA,TARGET_GONE,identity no longer active
2026-10-02T16:05:39Z,APP_21879_3030045,21879,3030045,26,2605,191.736,0,0,-1,-1,0,0.999931471,NA,NA,70.000000000,MEASURED_CPU_FAULT,CPU;INTERVAL_FAULTS,NA,NA,NA,NA,NA,NA,NA,NA,NA,NA,NA,NA,NA,NA,NA,NA,NA,NA,NA,NA,NA,NA,NA,TARGET_GONE,identity no longer active
2026-10-02T16:05:39Z,APP_21879_3030045,21879,3030045,26,2606,200.897,0,0,-1,-1,0,0.999931471,NA,NA,70.000000000,MEASURED_CPU_FAULT,CPU;INTERVAL_FAULTS,NA,NA,NA,NA,NA,NA,NA,NA,NA,NA,NA,NA,NA,NA,NA,NA,NA,NA,NA,NA,NA,NA,NA,TARGET_GONE,identity no longer active
2026-10-02T16:05:39Z,APP_21879_3030045,21879,3030045,26,2607,200.607,0,0,-1,-1,0,0.999931471,NA,NA,70.000000000,MEASURED_CPU_FAULT,CPU;INTERVAL_FAULTS,NA,NA,NA,NA,NA,NA,NA,NA,NA,NA,NA,NA,NA,NA,NA,NA,NA,NA,NA,NA,NA,NA,NA,TARGET_GONE,identity no longer active
2026-10-02T16:05:39Z,APP_21879_3030045,21879,3030045,26,2608,201.802,0,0,-1,-1,0,0.999931471,NA,NA,70.000000000,MEASURED_CPU_FAULT,CPU;INTERVAL_FAULTS,NA,NA,NA,NA,NA,NA,NA,NA,NA,NA,NA,NA,NA,NA,NA,NA,NA,NA,NA,NA,NA,NA,NA,TARGET_GONE,identity no longer active
2026-10-02T16:05:40Z,APP_21879_3030045,21879,3030045,26,2609,198.230,0,0,-1,-1,0,0.999931471,NA,NA,70.000000000,MEASURED_CPU_FAULT,CPU;INTERVAL_FAULTS,NA,NA,NA,NA,NA,NA,NA,NA,NA,NA,NA,NA,NA,NA,NA,NA,NA,NA,NA,NA,NA,NA,NA,TARGET_GONE,identity no longer active
2026-10-02T16:05:40Z,APP_21879_3030045,21879,3030045,26,2610,210.778,0,0,-1,-1,0,0.999931471,NA,NA,70.000000000,MEASURED_CPU_FAULT,CPU;INTERVAL_FAULTS,NA,NA,NA,NA,NA,NA,NA,NA,NA,NA,NA,NA,NA,NA,NA,NA,NA,NA,NA,NA,NA,NA,NA,TARGET_GONE,identity no longer active
2026-10-02T16:05:40Z,APP_21879_3030045,21879,3030045,26,2611,201.802,0,0,-1,-1,0,0.999931471,NA,NA,70.000000000,MEASURED_CPU_FAULT,CPU;INTERVAL_FAULTS,NA,NA,NA,NA,NA,NA,NA,NA,NA,NA,NA,NA,NA,NA,NA,NA,NA,NA,NA,NA,NA,NA,NA,TARGET_GONE,identity no longer active
2026-10-02T16:05:40Z,APP_21879_3030045,21879,3030045,26,2612,194.411,0,0,-1,-1,0,0.999931471,NA,NA,70.000000000,MEASURED_CPU_FAULT,CPU;INTERVAL_FAULTS,NA,NA,NA,NA,NA,NA,NA,NA,NA,NA,NA,NA,NA,NA,NA,NA,NA,NA,NA,NA,NA,NA,NA,TARGET_GONE,identity no longer active
2026-10-02T16:05:40Z,APP_21879_3030045,21879,3030045,26,2613,210.463,0,0,-1,-1,0,0.999931471,NA,NA,70.000000000,MEASURED_CPU_FAULT,CPU;INTERVAL_FAULTS,NA,NA,NA,NA,NA,NA,NA,NA,NA,NA,NA,NA,NA,NA,NA,NA,NA,NA,NA,NA,NA,NA,NA,TARGET_GONE,identity no longer active
2026-10-02T16:05:40Z,APP_21879_3030045,21879,3030045,26,2614,194.135,0,0,-1,-1,0,0.999931471,NA,NA,70.000000000,MEASURED_CPU_FAULT,CPU;INTERVAL_FAULTS,NA,NA,NA,NA,NA,NA,NA,NA,NA,NA,NA,NA,NA,NA,NA,NA,NA,NA,NA,NA,NA,NA,NA,TARGET_GONE,identity no longer active
2026-10-02T16:05:40Z,APP_21879_3030045,21879,3030045,26,2615,201.499,0,0,-1,-1,0,0.999931471,NA,NA,70.000000000,MEASURED_CPU_FAULT,CPU;INTERVAL_FAULTS,NA,NA,NA,NA,NA,NA,NA,NA,NA,NA,NA,NA,NA,NA,NA,NA,NA,NA,NA,NA,NA,NA,NA,TARGET_GONE,identity no longer active
2026-10-02T16:05:40Z,APP_21879_3030045,21879,3030045,26,2616,200.607,0,0,-1,-1,0,0.999931471,NA,NA,70.000000000,MEASURED_CPU_FAULT,CPU;INTERVAL_FAULTS,NA,NA,NA,NA,NA,NA,NA,NA,NA,NA,NA,NA,NA,NA,NA,NA,NA,NA,NA,NA,NA,NA,NA,TARGET_GONE,identity no longer active
2026-10-02T16:05:41Z,APP_21879_3030045,21879,3030045,26,2617,201.499,0,0,-1,-1,0,0.999931471,NA,NA,70.000000000,MEASURED_CPU_FAULT,CPU;INTERVAL_FAULTS,NA,NA,NA,NA,NA,NA,NA,NA,NA,NA,NA,NA,NA,NA,NA,NA,NA,NA,NA,NA,NA,NA,NA,TARGET_GONE,identity no longer active
2026-10-02T16:05:41Z,APP_21879_3030045,21879,3030045,26,2618,200.447,0,0,-1,-1,0,0.999931471,NA,NA,70.000000000,MEASURED_CPU_FAULT,CPU;INTERVAL_FAULTS,NA,NA,NA,NA,NA,NA,NA,NA,NA,NA,NA,NA,NA,NA,NA,NA,NA,NA,NA,NA,NA,NA,NA,TARGET_GONE,identity no longer active
2026-10-02T16:05:41Z,APP_21879_3030045,21879,3030045,26,2619,191.617,0,0,-1,-1,0,0.999931471,NA,NA,70.000000000,MEASURED_CPU_FAULT,CPU;INTERVAL_FAULTS,NA,NA,NA,NA,NA,NA,NA,NA,NA,NA,NA,NA,NA,NA,NA,NA,NA,NA,NA,NA,NA,NA,NA,TARGET_GONE,identity no longer active
2026-10-02T16:05:41Z,APP_21879_3030045,21879,3030045,26,2620,201.499,0,0,-1,-1,0,0.999931471,NA,NA,70.000000000,MEASURED_CPU_FAULT,CPU;INTERVAL_FAULTS,NA,NA,NA,NA,NA,NA,NA,NA,NA,NA,NA,NA,NA,NA,NA,NA,NA,NA,NA,NA,NA,NA,NA,TARGET_GONE,identity no longer active
2026-10-02T16:05:41Z,APP_21879_3030045,21879,3030045,26,2621,202.187,0,0,-1,-1,0,0.999931471,NA,NA,70.000000000,MEASURED_CPU_FAULT,CPU;INTERVAL_FAULTS,NA,NA,NA,NA,NA,NA,NA,NA,NA,NA,NA,NA,NA,NA,NA,NA,NA,NA,NA,NA,NA,NA,NA,TARGET_GONE,identity no longer active
2026-10-02T16:05:41Z,APP_21879_3030045,21879,3030045,26,2622,201.499,0,0,-1,-1,0,0.999931471,NA,NA,70.000000000,MEASURED_CPU_FAULT,CPU;INTERVAL_FAULTS,NA,NA,NA,NA,NA,NA,NA,NA,NA,NA,NA,NA,NA,NA,NA,NA,NA,NA,NA,NA,NA,NA,NA,TARGET_GONE,identity no longer active
2026-10-02T16:05:41Z,APP_21879_3030045,21879,3030045,26,2623,194.529,0,0,-1,-1,0,0.999931471,NA,NA,70.000000000,MEASURED_CPU_FAULT,CPU;INTERVAL_FAULTS,NA,NA,NA,NA,NA,NA,NA,NA,NA,NA,NA,NA,NA,NA,NA,NA,NA,NA,NA,NA,NA,NA,NA,TARGET_GONE,identity no longer active
2026-10-02T16:05:41Z,APP_21879_3030045,21879,3030045,26,2624,201.198,0,0,-1,-1,0,0.999931471,NA,NA,70.000000000,MEASURED_CPU_FAULT,CPU;INTERVAL_FAULTS,NA,NA,NA,NA,NA,NA,NA,NA,NA,NA,NA,NA,NA,NA,NA,NA,NA,NA,NA,NA,NA,NA,NA,TARGET_GONE,identity no longer active
2026-10-02T16:05:42Z,APP_21879_3030045,21879,3030045,26,2625,200.607,0,0,-1,-1,0,0.999931471,NA,NA,70.000000000,MEASURED_CPU_FAULT,CPU;INTERVAL_FAULTS,NA,NA,NA,NA,NA,NA,NA,NA,NA,NA,NA,NA,NA,NA,NA,NA,NA,NA,NA,NA,NA,NA,NA,TARGET_GONE,identity no longer active
2026-10-02T16:05:42Z,APP_21879_3030045,21879,3030045,26,2626,201.198,0,0,-1,-1,0,0.999931471,NA,NA,70.000000000,MEASURED_CPU_FAULT,CPU;INTERVAL_FAULTS,NA,NA,NA,NA,NA,NA,NA,NA,NA,NA,NA,NA,NA,NA,NA,NA,NA,NA,NA,NA,NA,NA,NA,TARGET_GONE,identity no longer active
2026-10-02T16:05:42Z,APP_21879_3030045,21879,3030045,26,2627,204.458,0,0,-1,-1,0,0.999931471,NA,NA,70.000000000,MEASURED_CPU_FAULT,CPU;INTERVAL_FAULTS,NA,NA,NA,NA,NA,NA,NA,NA,NA,NA,NA,NA,NA,NA,NA,NA,NA,NA,NA,NA,NA,NA,NA,TARGET_GONE,identity no longer active
2026-10-02T16:05:42Z,APP_21879_3030045,21879,3030045,26,2628,192.192,0,0,-1,-1,0,0.999931471,NA,NA,70.000000000,MEASURED_CPU_FAULT,CPU;INTERVAL_FAULTS,NA,NA,NA,NA,NA,NA,NA,NA,NA,NA,NA,NA,NA,NA,NA,NA,NA,NA,NA,NA,NA,NA,NA,TARGET_GONE,identity no longer active
2026-10-02T16:05:42Z,APP_21879_3030045,21879,3030045,26,2629,201.802,0,0,-1,-1,0,0.999931471,NA,NA,70.000000000,MEASURED_CPU_FAULT,CPU;INTERVAL_FAULTS,NA,NA,NA,NA,NA,NA,NA,NA,NA,NA,NA,NA,NA,NA,NA,NA,NA,NA,NA,NA,NA,NA,NA,TARGET_GONE,identity no longer active
2026-10-02T16:05:42Z,APP_21879_3030045,21879,3030045,26,2630,194.411,0,0,-1,-1,0,0.999931471,NA,NA,70.000000000,MEASURED_CPU_FAULT,CPU;INTERVAL_FAULTS,NA,NA,NA,NA,NA,NA,NA,NA,NA,NA,NA,NA,NA,NA,NA,NA,NA,NA,NA,NA,NA,NA,NA,TARGET_GONE,identity no longer active
2026-10-02T16:05:42Z,APP_21879_3030045,21879,3030045,26,2631,201.802,0,0,-1,-1,0,0.999931471,NA,NA,70.000000000,MEASURED_CPU_FAULT,CPU;INTERVAL_FAULTS,NA,NA,NA,NA,NA,NA,NA,NA,NA,NA,NA,NA,NA,NA,NA,NA,NA,NA,NA,NA,NA,NA,NA,TARGET_GONE,identity no longer active
2026-10-02T16:05:42Z,APP_21879_3030045,21879,3030045,26,2632,201.179,0,0,-1,-1,0,0.999931471,NA,NA,70.000000000,MEASURED_CPU_FAULT,CPU;INTERVAL_FAULTS,NA,NA,NA,NA,NA,NA,NA,NA,NA,NA,NA,NA,NA,NA,NA,NA,NA,NA,NA,NA,NA,NA,NA,TARGET_GONE,identity no longer active
2026-10-02T16:05:43Z,APP_21879_3030045,21879,3030045,26,2633,201.802,0,0,-1,-1,0,0.999931471,NA,NA,70.000000000,MEASURED_CPU_FAULT,CPU;INTERVAL_FAULTS,NA,NA,NA,NA,NA,NA,NA,NA,NA,NA,NA,NA,NA,NA,NA,NA,NA,NA,NA,NA,NA,NA,NA,TARGET_GONE,identity no longer active
2026-10-02T16:05:43Z,APP_21879_3030045,21879,3030045,26,2634,194.135,0,0,-1,-1,0,0.999931471,NA,NA,70.000000000,MEASURED_CPU_FAULT,CPU;INTERVAL_FAULTS,NA,NA,NA,NA,NA,NA,NA,NA,NA,NA,NA,NA,NA,NA,NA,NA,NA,NA,NA,NA,NA,NA,NA,TARGET_GONE,identity no longer active
2026-10-02T16:05:43Z,APP_21879_3030045,21879,3030045,26,2635,201.802,0,0,-1,-1,0,0.999931471,NA,NA,70.000000000,MEASURED_CPU_FAULT,CPU;INTERVAL_FAULTS,NA,NA,NA,NA,NA,NA,NA,NA,NA,NA,NA,NA,NA,NA,NA,NA,NA,NA,NA,NA,NA,NA,NA,TARGET_GONE,identity no longer active
2026-10-02T16:05:43Z,APP_21879_3030045,21879,3030045,26,2636,200.583,0,0,-1,-1,0,0.999931471,NA,NA,70.000000000,MEASURED_CPU_FAULT,CPU;INTERVAL_FAULTS,NA,NA,NA,NA,NA,NA,NA,NA,NA,NA,NA,NA,NA,NA,NA,NA,NA,NA,NA,NA,NA,NA,NA,TARGET_GONE,identity no longer active
2026-10-02T16:05:43Z,APP_21879_3030045,21879,3030045,26,2637,210.778,0,0,-1,-1,0,0.999931471,NA,NA,70.000000000,MEASURED_CPU_FAULT,CPU;INTERVAL_FAULTS,NA,NA,NA,NA,NA,NA,NA,NA,NA,NA,NA,NA,NA,NA,NA,NA,NA,NA,NA,NA,NA,NA,NA,TARGET_GONE,identity no longer active
2026-10-02T16:05:43Z,APP_21879_3030045,21879,3030045,26,2638,201.499,0,0,-1,-1,0,0.999931471,NA,NA,70.000000000,MEASURED_CPU_FAULT,CPU;INTERVAL_FAULTS,NA,NA,NA,NA,NA,NA,NA,NA,NA,NA,NA,NA,NA,NA,NA,NA,NA,NA,NA,NA,NA,NA,NA,TARGET_GONE,identity no longer active
2026-10-02T16:05:43Z,APP_21879_3030045,21879,3030045,26,2639,194.411,0,0,-1,-1,0,0.999931471,NA,NA,70.000000000,MEASURED_CPU_FAULT,CPU;INTERVAL_FAULTS,NA,NA,NA,NA,NA,NA,NA,NA,NA,NA,NA,NA,NA,NA,NA,NA,NA,NA,NA,NA,NA,NA,NA,TARGET_GONE,identity no longer active
2026-10-02T16:05:43Z,APP_21879_3030045,21879,3030045,26,2640,201.499,0,0,-1,-1,0,0.999931471,NA,NA,70.000000000,MEASURED_CPU_FAULT,CPU;INTERVAL_FAULTS,NA,NA,NA,NA,NA,NA,NA,NA,NA,NA,NA,NA,NA,NA,NA,NA,NA,NA,NA,NA,NA,NA,NA,TARGET_GONE,identity no longer active
2026-10-02T16:05:44Z,APP_21879_3030045,21879,3030045,26,2641,201.258,0,0,-1,-1,0,0.999931471,NA,NA,70.000000000,MEASURED_CPU_FAULT,CPU;INTERVAL_FAULTS,NA,NA,NA,NA,NA,NA,NA,NA,NA,NA,NA,NA,NA,NA,NA,NA,NA,NA,NA,NA,NA,NA,NA,TARGET_GONE,identity no longer active
2026-10-02T16:05:44Z,APP_21879_3030045,21879,3030045,26,2642,201.499,0,0,-1,-1,0,0.999931471,NA,NA,70.000000000,MEASURED_CPU_FAULT,CPU;INTERVAL_FAULTS,NA,NA,NA,NA,NA,NA,NA,NA,NA,NA,NA,NA,NA,NA,NA,NA,NA,NA,NA,NA,NA,NA,NA,TARGET_GONE,identity no longer active
2026-10-02T16:05:44Z,APP_21879_3030045,21879,3030045,26,2643,204.325,0,0,-1,-1,0,0.999931471,NA,NA,70.000000000,MEASURED_CPU_FAULT,CPU;INTERVAL_FAULTS,NA,NA,NA,NA,NA,NA,NA,NA,NA,NA,NA,NA,NA,NA,NA,NA,NA,NA,NA,NA,NA,NA,NA,TARGET_GONE,identity no longer active
2026-10-02T16:05:44Z,APP_21879_3030045,21879,3030045,26,2644,192.192,0,0,-1,-1,0,0.999931471,NA,NA,70.000000000,MEASURED_CPU_FAULT,CPU;INTERVAL_FAULTS,NA,NA,NA,NA,NA,NA,NA,NA,NA,NA,NA,NA,NA,NA,NA,NA,NA,NA,NA,NA,NA,NA,NA,TARGET_GONE,identity no longer active
2026-10-02T16:05:44Z,APP_21879_3030045,21879,3030045,26,2645,202.423,0,0,-1,-1,0,0.999931471,NA,NA,70.000000000,MEASURED_CPU_FAULT,CPU;INTERVAL_FAULTS,NA,NA,NA,NA,NA,NA,NA,NA,NA,NA,NA,NA,NA,NA,NA,NA,NA,NA,NA,NA,NA,NA,NA,TARGET_GONE,identity no longer active
2026-10-02T16:05:44Z,APP_21879_3030045,21879,3030045,26,2646,191.617,0,0,-1,-1,0,0.999931471,NA,NA,70.000000000,MEASURED_CPU_FAULT,CPU;INTERVAL_FAULTS,NA,NA,NA,NA,NA,NA,NA,NA,NA,NA,NA,NA,NA,NA,NA,NA,NA,NA,NA,NA,NA,NA,NA,TARGET_GONE,identity no longer active
2026-10-02T16:05:44Z,APP_21879_3030045,21879,3030045,26,2647,201.499,0,0,-1,-1,0,0.999931471,NA,NA,70.000000000,MEASURED_CPU_FAULT,CPU;INTERVAL_FAULTS,NA,NA,NA,NA,NA,NA,NA,NA,NA,NA,NA,NA,NA,NA,NA,NA,NA,NA,NA,NA,NA,NA,NA,TARGET_GONE,identity no longer active
2026-10-02T16:05:44Z,APP_21879_3030045,21879,3030045,26,2648,199.005,0,0,-1,-1,0,0.999931471,NA,NA,70.000000000,MEASURED_CPU_FAULT,CPU;INTERVAL_FAULTS,NA,NA,NA,NA,NA,NA,NA,NA,NA,NA,NA,NA,NA,NA,NA,NA,NA,NA,NA,NA,NA,NA,NA,TARGET_GONE,identity no longer active
2026-10-02T16:05:45Z,APP_21879_3030045,21879,3030045,26,2649,201.802,0,0,-1,-1,0,0.999931471,NA,NA,70.000000000,MEASURED_CPU_FAULT,CPU;INTERVAL_FAULTS,NA,NA,NA,NA,NA,NA,NA,NA,NA,NA,NA,NA,NA,NA,NA,NA,NA,NA,NA,NA,NA,NA,NA,TARGET_GONE,identity no longer active
2026-10-02T16:05:45Z,APP_21879_3030045,21879,3030045,26,2650,200.607,0,0,-1,-1,0,0.999931471,NA,NA,70.000000000,MEASURED_CPU_FAULT,CPU;INTERVAL_FAULTS,NA,NA,NA,NA,NA,NA,NA,NA,NA,NA,NA,NA,NA,NA,NA,NA,NA,NA,NA,NA,NA,NA,NA,TARGET_GONE,identity no longer active
2026-10-02T16:05:45Z,APP_21879_3030045,21879,3030045,26,2651,201.198,0,0,-1,-1,0,0.999931471,NA,NA,70.000000000,MEASURED_CPU_FAULT,CPU;INTERVAL_FAULTS,NA,NA,NA,NA,NA,NA,NA,NA,NA,NA,NA,NA,NA,NA,NA,NA,NA,NA,NA,NA,NA,NA,NA,TARGET_GONE,identity no longer active
2026-10-02T16:05:45Z,APP_21879_3030045,21879,3030045,26,2652,201.013,0,0,-1,-1,0,0.999931471,NA,NA,70.000000000,MEASURED_CPU_FAULT,CPU;INTERVAL_FAULTS,NA,NA,NA,NA,NA,NA,NA,NA,NA,NA,NA,NA,NA,NA,NA,NA,NA,NA,NA,NA,NA,NA,NA,TARGET_GONE,identity no longer active
2026-10-02T16:05:45Z,APP_21879_3030045,21879,3030045,26,2653,201.499,0,0,-1,-1,0,0.999931471,NA,NA,70.000000000,MEASURED_CPU_FAULT,CPU;INTERVAL_FAULTS,NA,NA,NA,NA,NA,NA,NA,NA,NA,NA,NA,NA,NA,NA,NA,NA,NA,NA,NA,NA,NA,NA,NA,TARGET_GONE,identity no longer active
2026-10-02T16:05:45Z,APP_21879_3030045,21879,3030045,26,2654,199.740,0,0,-1,-1,0,0.999931471,NA,NA,70.000000000,MEASURED_CPU_FAULT,CPU;INTERVAL_FAULTS,NA,NA,NA,NA,NA,NA,NA,NA,NA,NA,NA,NA,NA,NA,NA,NA,NA,NA,NA,NA,NA,NA,NA,TARGET_GONE,identity no longer active
2026-10-02T16:05:45Z,APP_21879_3030045,21879,3030045,26,2655,192.771,0,0,-1,-1,0,0.999931471,NA,NA,70.000000000,MEASURED_CPU_FAULT,CPU;INTERVAL_FAULTS,NA,NA,NA,NA,NA,NA,NA,NA,NA,NA,NA,NA,NA,NA,NA,NA,NA,NA,NA,NA,NA,NA,NA,TARGET_GONE,identity no longer active
2026-10-02T16:05:45Z,APP_21879_3030045,21879,3030045,26,2656,201.499,0,0,-1,-1,0,0.999931471,NA,NA,70.000000000,MEASURED_CPU_FAULT,CPU;INTERVAL_FAULTS,NA,NA,NA,NA,NA,NA,NA,NA,NA,NA,NA,NA,NA,NA,NA,NA,NA,NA,NA,NA,NA,NA,NA,TARGET_GONE,identity no longer active
2026-10-02T16:05:46Z,APP_21879_3030045,21879,3030045,26,2657,194.175,0,0,-1,-1,0,0.999931471,NA,NA,70.000000000,MEASURED_CPU_FAULT,CPU;INTERVAL_FAULTS,NA,NA,NA,NA,NA,NA,NA,NA,NA,NA,NA,NA,NA,NA,NA,NA,NA,NA,NA,NA,NA,NA,NA,TARGET_GONE,identity no longer active
2026-10-02T16:05:46Z,APP_21879_3030045,21879,3030045,26,2658,201.499,0,0,-1,-1,0,0.999931471,NA,NA,70.000000000,MEASURED_CPU_FAULT,CPU;INTERVAL_FAULTS,NA,NA,NA,NA,NA,NA,NA,NA,NA,NA,NA,NA,NA,NA,NA,NA,NA,NA,NA,NA,NA,NA,NA,TARGET_GONE,identity no longer active
2026-10-02T16:05:46Z,APP_21879_3030045,21879,3030045,26,2659,200.607,0,0,-1,-1,0,0.999931471,NA,NA,70.000000000,MEASURED_CPU_FAULT,CPU;INTERVAL_FAULTS,NA,NA,NA,NA,NA,NA,NA,NA,NA,NA,NA,NA,NA,NA,NA,NA,NA,NA,NA,NA,NA,NA,NA,TARGET_GONE,identity no longer active
2026-10-02T16:05:46Z,APP_21879_3030045,21879,3030045,26,2660,201.499,0,0,-1,-1,0,0.999931471,NA,NA,70.000000000,MEASURED_CPU_FAULT,CPU;INTERVAL_FAULTS,NA,NA,NA,NA,NA,NA,NA,NA,NA,NA,NA,NA,NA,NA,NA,NA,NA,NA,NA,NA,NA,NA,NA,TARGET_GONE,identity no longer active
2026-10-02T16:05:46Z,APP_21879_3030045,21879,3030045,26,2661,200.607,0,0,-1,-1,0,0.999931471,NA,NA,70.000000000,MEASURED_CPU_FAULT,CPU;INTERVAL_FAULTS,NA,NA,NA,NA,NA,NA,NA,NA,NA,NA,NA,NA,NA,NA,NA,NA,NA,NA,NA,NA,NA,NA,NA,TARGET_GONE,identity no longer active
2026-10-02T16:05:46Z,APP_21879_3030045,21879,3030045,26,2662,201.499,0,0,-1,-1,0,0.999931471,NA,NA,70.000000000,MEASURED_CPU_FAULT,CPU;INTERVAL_FAULTS,NA,NA,NA,NA,NA,NA,NA,NA,NA,NA,NA,NA,NA,NA,NA,NA,NA,NA,NA,NA,NA,NA,NA,TARGET_GONE,identity no longer active
2026-10-02T16:05:46Z,APP_21879_3030045,21879,3030045,26,2663,202.559,0,0,-1,-1,0,0.999931471,NA,NA,70.000000000,MEASURED_CPU_FAULT,CPU;INTERVAL_FAULTS,NA,NA,NA,NA,NA,NA,NA,NA,NA,NA,NA,NA,NA,NA,NA,NA,NA,NA,NA,NA,NA,NA,NA,TARGET_GONE,identity no longer active
2026-10-02T16:05:46Z,APP_21879_3030045,21879,3030045,26,2664,191.617,0,0,-1,-1,0,0.999931471,NA,NA,70.000000000,MEASURED_CPU_FAULT,CPU;INTERVAL_FAULTS,NA,NA,NA,NA,NA,NA,NA,NA,NA,NA,NA,NA,NA,NA,NA,NA,NA,NA,NA,NA,NA,NA,NA,TARGET_GONE,identity no longer active
2026-10-02T16:05:47Z,APP_21879_3030045,21879,3030045,26,2665,201.802,0,0,-1,-1,0,0.999931471,NA,NA,70.000000000,MEASURED_CPU_FAULT,CPU;INTERVAL_FAULTS,NA,NA,NA,NA,NA,NA,NA,NA,NA,NA,NA,NA,NA,NA,NA,NA,NA,NA,NA,NA,NA,NA,NA,TARGET_GONE,identity no longer active
2026-10-02T16:05:47Z,APP_21879_3030045,21879,3030045,26,2666,194.647,0,0,-1,-1,0,0.999931471,NA,NA,70.000000000,MEASURED_CPU_FAULT,CPU;INTERVAL_FAULTS,NA,NA,NA,NA,NA,NA,NA,NA,NA,NA,NA,NA,NA,NA,NA,NA,NA,NA,NA,NA,NA,NA,NA,TARGET_GONE,identity no longer active
2026-10-02T16:05:47Z,APP_21879_3030045,21879,3030045,26,2667,201.499,0,0,-1,-1,0,0.999931471,NA,NA,70.000000000,MEASURED_CPU_FAULT,CPU;INTERVAL_FAULTS,NA,NA,NA,NA,NA,NA,NA,NA,NA,NA,NA,NA,NA,NA,NA,NA,NA,NA,NA,NA,NA,NA,NA,TARGET_GONE,identity no longer active
2026-10-02T16:05:47Z,APP_21879_3030045,21879,3030045,26,2668,200.810,0,0,-1,-1,0,0.999931471,NA,NA,70.000000000,MEASURED_CPU_FAULT,CPU;INTERVAL_FAULTS,NA,NA,NA,NA,NA,NA,NA,NA,NA,NA,NA,NA,NA,NA,NA,NA,NA,NA,NA,NA,NA,NA,NA,TARGET_GONE,identity no longer active
2026-10-02T16:05:47Z,APP_21879_3030045,21879,3030045,26,2669,201.499,0,0,-1,-1,0,0.999931471,NA,NA,70.000000000,MEASURED_CPU_FAULT,CPU;INTERVAL_FAULTS,NA,NA,NA,NA,NA,NA,NA,NA,NA,NA,NA,NA,NA,NA,NA,NA,NA,NA,NA,NA,NA,NA,NA,TARGET_GONE,identity no longer active
2026-10-02T16:05:47Z,APP_21879_3030045,21879,3030045,26,2670,200.607,0,0,-1,-1,0,0.999931471,NA,NA,70.000000000,MEASURED_CPU_FAULT,CPU;INTERVAL_FAULTS,NA,NA,NA,NA,NA,NA,NA,NA,NA,NA,NA,NA,NA,NA,NA,NA,NA,NA,NA,NA,NA,NA,NA,TARGET_GONE,identity no longer active
2026-10-02T16:05:47Z,APP_21879_3030045,21879,3030045,26,2671,191.617,0,0,-1,-1,0,0.999931471,NA,NA,70.000000000,MEASURED_CPU_FAULT,CPU;INTERVAL_FAULTS,NA,NA,NA,NA,NA,NA,NA,NA,NA,NA,NA,NA,NA,NA,NA,NA,NA,NA,NA,NA,NA,NA,NA,TARGET_GONE,identity no longer active
2026-10-02T16:05:48Z,APP_21879_3030045,21879,3030045,26,2672,201.186,0,0,-1,-1,0,0.999931471,NA,NA,70.000000000,MEASURED_CPU_FAULT,CPU;INTERVAL_FAULTS,NA,NA,NA,NA,NA,NA,NA,NA,NA,NA,NA,NA,NA,NA,NA,NA,NA,NA,NA,NA,NA,NA,NA,TARGET_GONE,identity no longer active
2026-10-02T16:05:48Z,APP_21879_3030045,21879,3030045,26,2673,204.800,0,0,-1,-1,0,0.999931471,NA,NA,70.000000000,MEASURED_CPU_FAULT,CPU;INTERVAL_FAULTS,NA,NA,NA,NA,NA,NA,NA,NA,NA,NA,NA,NA,NA,NA,NA,NA,NA,NA,NA,NA,NA,NA,NA,TARGET_GONE,identity no longer active
2026-10-02T16:05:48Z,APP_21879_3030045,21879,3030045,26,2674,201.198,0,0,-1,-1,0,0.999931471,NA,NA,70.000000000,MEASURED_CPU_FAULT,CPU;INTERVAL_FAULTS,NA,NA,NA,NA,NA,NA,NA,NA,NA,NA,NA,NA,NA,NA,NA,NA,NA,NA,NA,NA,NA,NA,NA,TARGET_GONE,identity no longer active
2026-10-02T16:05:48Z,APP_21879_3030045,21879,3030045,26,2675,195.719,0,0,-1,-1,0,0.999931471,NA,NA,70.000000000,MEASURED_CPU_FAULT,CPU;INTERVAL_FAULTS,NA,NA,NA,NA,NA,NA,NA,NA,NA,NA,NA,NA,NA,NA,NA,NA,NA,NA,NA,NA,NA,NA,NA,TARGET_GONE,identity no longer active
2026-10-02T16:05:48Z,APP_21879_3030045,21879,3030045,26,2676,210.778,0,0,-1,-1,0,0.999931471,NA,NA,70.000000000,MEASURED_CPU_FAULT,CPU;INTERVAL_FAULTS,NA,NA,NA,NA,NA,NA,NA,NA,NA,NA,NA,NA,NA,NA,NA,NA,NA,NA,NA,NA,NA,NA,NA,TARGET_GONE,identity no longer active
2026-10-02T16:05:48Z,APP_21879_3030045,21879,3030045,26,2677,194.135,0,0,-1,-1,0,0.999931471,NA,NA,70.000000000,MEASURED_CPU_FAULT,CPU;INTERVAL_FAULTS,NA,NA,NA,NA,NA,NA,NA,NA,NA,NA,NA,NA,NA,NA,NA,NA,NA,NA,NA,NA,NA,NA,NA,TARGET_GONE,identity no longer active
2026-10-02T16:05:48Z,APP_21879_3030045,21879,3030045,26,2678,201.499,0,0,-1,-1,0,0.999931471,NA,NA,70.000000000,MEASURED_CPU_FAULT,CPU;INTERVAL_FAULTS,NA,NA,NA,NA,NA,NA,NA,NA,NA,NA,NA,NA,NA,NA,NA,NA,NA,NA,NA,NA,NA,NA,NA,TARGET_GONE,identity no longer active
2026-10-02T16:05:48Z,APP_21879_3030045,21879,3030045,26,2679,200.607,0,0,-1,-1,0,0.999931471,NA,NA,70.000000000,MEASURED_CPU_FAULT,CPU;INTERVAL_FAULTS,NA,NA,NA,NA,NA,NA,NA,NA,NA,NA,NA,NA,NA,NA,NA,NA,NA,NA,NA,NA,NA,NA,NA,TARGET_GONE,identity no longer active
2026-10-02T16:05:48Z,APP_21879_3030045,21879,3030045,26,2680,201.499,0,0,-1,-1,0,0.999931471,NA,NA,70.000000000,MEASURED_CPU_FAULT,CPU;INTERVAL_FAULTS,NA,NA,NA,NA,NA,NA,NA,NA,NA,NA,NA,NA,NA,NA,NA,NA,NA,NA,NA,NA,NA,NA,NA,TARGET_GONE,identity no longer active
2026-10-02T16:05:49Z,APP_21879_3030045,21879,3030045,26,2681,202.062,0,0,-1,-1,0,0.999931471,NA,NA,70.000000000,MEASURED_CPU_FAULT,CPU;INTERVAL_FAULTS,NA,NA,NA,NA,NA,NA,NA,NA,NA,NA,NA,NA,NA,NA,NA,NA,NA,NA,NA,NA,NA,NA,NA,TARGET_GONE,identity no longer active
2026-10-02T16:05:49Z,APP_21879_3030045,21879,3030045,26,2682,192.385,0,0,-1,-1,0,0.999931471,NA,NA,70.000000000,MEASURED_CPU_FAULT,CPU;INTERVAL_FAULTS,NA,NA,NA,NA,NA,NA,NA,NA,NA,NA,NA,NA,NA,NA,NA,NA,NA,NA,NA,NA,NA,NA,NA,TARGET_GONE,identity no longer active
2026-10-02T16:05:49Z,APP_21879_3030045,21879,3030045,26,2683,201.499,0,0,-1,-1,0,0.999931471,NA,NA,70.000000000,MEASURED_CPU_FAULT,CPU;INTERVAL_FAULTS,NA,NA,NA,NA,NA,NA,NA,NA,NA,NA,NA,NA,NA,NA,NA,NA,NA,NA,NA,NA,NA,NA,NA,TARGET_GONE,identity no longer active
2026-10-02T16:05:49Z,APP_21879_3030045,21879,3030045,26,2684,200.284,0,0,-1,-1,0,0.999931471,NA,NA,70.000000000,MEASURED_CPU_FAULT,CPU;INTERVAL_FAULTS,NA,NA,NA,NA,NA,NA,NA,NA,NA,NA,NA,NA,NA,NA,NA,NA,NA,NA,NA,NA,NA,NA,NA,TARGET_GONE,identity no longer active
2026-10-02T16:05:49Z,APP_21879_3030045,21879,3030045,26,2685,201.499,0,0,-1,-1,0,0.999931471,NA,NA,70.000000000,MEASURED_CPU_FAULT,CPU;INTERVAL_FAULTS,NA,NA,NA,NA,NA,NA,NA,NA,NA,NA,NA,NA,NA,NA,NA,NA,NA,NA,NA,NA,NA,NA,NA,TARGET_GONE,identity no longer active
2026-10-02T16:05:49Z,APP_21879_3030045,21879,3030045,26,2686,197.734,0,0,-1,-1,0,0.999931471,NA,NA,70.000000000,MEASURED_CPU_FAULT,CPU;INTERVAL_FAULTS,NA,NA,NA,NA,NA,NA,NA,NA,NA,NA,NA,NA,NA,NA,NA,NA,NA,NA,NA,NA,NA,NA,NA,TARGET_GONE,identity no longer active
2026-10-02T16:05:49Z,APP_21879_3030045,21879,3030045,26,2687,202.105,0,0,-1,-1,0,0.999931471,NA,NA,70.000000000,MEASURED_CPU_FAULT,CPU;INTERVAL_FAULTS,NA,NA,NA,NA,NA,NA,NA,NA,NA,NA,NA,NA,NA,NA,NA,NA,NA,NA,NA,NA,NA,NA,NA,TARGET_GONE,identity no longer active
2026-10-02T16:05:50Z,APP_21879_3030045,21879,3030045,26,2688,197.328,0,0,-1,-1,0,0.999931471,NA,NA,70.000000000,MEASURED_CPU_FAULT,CPU;INTERVAL_FAULTS,NA,NA,NA,NA,NA,NA,NA,NA,NA,NA,NA,NA,NA,NA,NA,NA,NA,NA,NA,NA,NA,NA,NA,TARGET_GONE,identity no longer active
2026-10-02T16:05:50Z,APP_21879_3030045,21879,3030045,26,2689,201.802,0,0,-1,-1,0,0.999931471,NA,NA,70.000000000,MEASURED_CPU_FAULT,CPU;INTERVAL_FAULTS,NA,NA,NA,NA,NA,NA,NA,NA,NA,NA,NA,NA,NA,NA,NA,NA,NA,NA,NA,NA,NA,NA,NA,TARGET_GONE,identity no longer active
2026-10-02T16:05:50Z,APP_21879_3030045,21879,3030045,26,2690,197.753,0,0,-1,-1,0,0.999931471,NA,NA,70.000000000,MEASURED_CPU_FAULT,CPU;INTERVAL_FAULTS,NA,NA,NA,NA,NA,NA,NA,NA,NA,NA,NA,NA,NA,NA,NA,NA,NA,NA,NA,NA,NA,NA,NA,TARGET_GONE,identity no longer active
2026-10-02T16:05:50Z,APP_21879_3030045,21879,3030045,26,2691,204.391,0,0,-1,-1,0,0.999931471,NA,NA,70.000000000,MEASURED_CPU_FAULT,CPU;INTERVAL_FAULTS,NA,NA,NA,NA,NA,NA,NA,NA,NA,NA,NA,NA,NA,NA,NA,NA,NA,NA,NA,NA,NA,NA,NA,TARGET_GONE,identity no longer active
2026-10-02T16:05:50Z,APP_21879_3030045,21879,3030045,26,2692,201.802,0,0,-1,-1,0,0.999931471,NA,NA,70.000000000,MEASURED_CPU_FAULT,CPU;INTERVAL_FAULTS,NA,NA,NA,NA,NA,NA,NA,NA,NA,NA,NA,NA,NA,NA,NA,NA,NA,NA,NA,NA,NA,NA,NA,TARGET_GONE,identity no longer active
2026-10-02T16:05:50Z,APP_21879_3030045,21879,3030045,26,2693,200.942,0,0,-1,-1,0,0.999931471,NA,NA,70.000000000,MEASURED_CPU_FAULT,CPU;INTERVAL_FAULTS,NA,NA,NA,NA,NA,NA,NA,NA,NA,NA,NA,NA,NA,NA,NA,NA,NA,NA,NA,NA,NA,NA,NA,TARGET_GONE,identity no longer active
2026-10-02T16:05:50Z,APP_21879_3030045,21879,3030045,26,2694,201.499,0,0,-1,-1,0,0.999931471,NA,NA,70.000000000,MEASURED_CPU_FAULT,CPU;INTERVAL_FAULTS,NA,NA,NA,NA,NA,NA,NA,NA,NA,NA,NA,NA,NA,NA,NA,NA,NA,NA,NA,NA,NA,NA,NA,TARGET_GONE,identity no longer active
2026-10-02T16:05:50Z,APP_21879_3030045,21879,3030045,26,2695,197.938,0,0,-1,-1,0,0.999931471,NA,NA,70.000000000,MEASURED_CPU_FAULT,CPU;INTERVAL_FAULTS,NA,NA,NA,NA,NA,NA,NA,NA,NA,NA,NA,NA,NA,NA,NA,NA,NA,NA,NA,NA,NA,NA,NA,TARGET_GONE,identity no longer active
2026-10-02T16:05:51Z,APP_21879_3030045,21879,3030045,26,2696,201.499,0,0,-1,-1,0,0.999931471,NA,NA,70.000000000,MEASURED_CPU_FAULT,CPU;INTERVAL_FAULTS,NA,NA,NA,NA,NA,NA,NA,NA,NA,NA,NA,NA,NA,NA,NA,NA,NA,NA,NA,NA,NA,NA,NA,TARGET_GONE,identity no longer active
2026-10-02T16:05:51Z,APP_21879_3030045,21879,3030045,26,2697,197.938,0,0,-1,-1,0,0.999931471,NA,NA,70.000000000,MEASURED_CPU_FAULT,CPU;INTERVAL_FAULTS,NA,NA,NA,NA,NA,NA,NA,NA,NA,NA,NA,NA,NA,NA,NA,NA,NA,NA,NA,NA,NA,NA,NA,TARGET_GONE,identity no longer active
2026-10-02T16:05:51Z,APP_21879_3030045,21879,3030045,26,2698,202.105,0,0,-1,-1,0,0.999931471,NA,NA,70.000000000,MEASURED_CPU_FAULT,CPU;INTERVAL_FAULTS,NA,NA,NA,NA,NA,NA,NA,NA,NA,NA,NA,NA,NA,NA,NA,NA,NA,NA,NA,NA,NA,NA,NA,TARGET_GONE,identity no longer active
2026-10-02T16:05:51Z,APP_21879_3030045,21879,3030045,26,2699,199.660,0,0,-1,-1,0,0.999931471,NA,NA,70.000000000,MEASURED_CPU_FAULT,CPU;INTERVAL_FAULTS,NA,NA,NA,NA,NA,NA,NA,NA,NA,NA,NA,NA,NA,NA,NA,NA,NA,NA,NA,NA,NA,NA,NA,TARGET_GONE,identity no longer active
2026-10-02T16:05:51Z,APP_21879_3030045,21879,3030045,26,2700,205.210,0,0,-1,-1,0,0.999931471,NA,NA,70.000000000,MEASURED_CPU_FAULT,CPU;INTERVAL_FAULTS,NA,NA,NA,NA,NA,NA,NA,NA,NA,NA,NA,NA,NA,NA,NA,NA,NA,NA,NA,NA,NA,NA,NA,TARGET_GONE,identity no longer active
2026-10-02T16:05:51Z,APP_21879_3030045,21879,3030045,26,2701,191.904,0,0,-1,-1,0,0.999931471,NA,NA,70.000000000,MEASURED_CPU_FAULT,CPU;INTERVAL_FAULTS,NA,NA,NA,NA,NA,NA,NA,NA,NA,NA,NA,NA,NA,NA,NA,NA,NA,NA,NA,NA,NA,NA,NA,TARGET_GONE,identity no longer active
2026-10-02T16:05:51Z,APP_21879_3030045,21879,3030045,26,2702,206.708,0,0,-1,-1,0,0.999931471,NA,NA,70.000000000,MEASURED_CPU_FAULT,CPU;INTERVAL_FAULTS,NA,NA,NA,NA,NA,NA,NA,NA,NA,NA,NA,NA,NA,NA,NA,NA,NA,NA,NA,NA,NA,NA,NA,TARGET_GONE,identity no longer active
2026-10-02T16:05:51Z,APP_21879_3030045,21879,3030045,26,2703,201.802,0,0,-1,-1,0,0.999931471,NA,NA,70.000000000,MEASURED_CPU_FAULT,CPU;INTERVAL_FAULTS,NA,NA,NA,NA,NA,NA,NA,NA,NA,NA,NA,NA,NA,NA,NA,NA,NA,NA,NA,NA,NA,NA,NA,TARGET_GONE,identity no longer active
2026-10-02T16:05:52Z,APP_21879_3030045,21879,3030045,26,2704,198.347,0,0,-1,-1,0,0.999931471,NA,NA,70.000000000,MEASURED_CPU_FAULT,CPU;INTERVAL_FAULTS,NA,NA,NA,NA,NA,NA,NA,NA,NA,NA,NA,NA,NA,NA,NA,NA,NA,NA,NA,NA,NA,NA,NA,TARGET_GONE,identity no longer active
2026-10-02T16:05:52Z,APP_21879_3030045,21879,3030045,26,2705,201.802,0,0,-1,-1,0,0.999931471,NA,NA,70.000000000,MEASURED_CPU_FAULT,CPU;INTERVAL_FAULTS,NA,NA,NA,NA,NA,NA,NA,NA,NA,NA,NA,NA,NA,NA,NA,NA,NA,NA,NA,NA,NA,NA,NA,TARGET_GONE,identity no longer active
2026-10-02T16:05:52Z,APP_21879_3030045,21879,3030045,26,2706,198.142,0,0,-1,-1,0,0.999931471,NA,NA,70.000000000,MEASURED_CPU_FAULT,CPU;INTERVAL_FAULTS,NA,NA,NA,NA,NA,NA,NA,NA,NA,NA,NA,NA,NA,NA,NA,NA,NA,NA,NA,NA,NA,NA,NA,TARGET_GONE,identity no longer active
2026-10-02T16:05:52Z,APP_21879_3030045,21879,3030045,26,2707,201.499,0,0,-1,-1,0,0.999931471,NA,NA,70.000000000,MEASURED_CPU_FAULT,CPU;INTERVAL_FAULTS,NA,NA,NA,NA,NA,NA,NA,NA,NA,NA,NA,NA,NA,NA,NA,NA,NA,NA,NA,NA,NA,NA,NA,TARGET_GONE,identity no longer active
2026-10-02T16:05:52Z,APP_21879_3030045,21879,3030045,26,2708,198.964,0,0,-1,-1,0,0.999931471,NA,NA,70.000000000,MEASURED_CPU_FAULT,CPU;INTERVAL_FAULTS,NA,NA,NA,NA,NA,NA,NA,NA,NA,NA,NA,NA,NA,NA,NA,NA,NA,NA,NA,NA,NA,NA,NA,TARGET_GONE,identity no longer active
2026-10-02T16:05:52Z,APP_21879_3030045,21879,3030045,26,2709,191.617,0,0,-1,-1,0,0.999931471,NA,NA,70.000000000,MEASURED_CPU_FAULT,CPU;INTERVAL_FAULTS,NA,NA,NA,NA,NA,NA,NA,NA,NA,NA,NA,NA,NA,NA,NA,NA,NA,NA,NA,NA,NA,NA,NA,TARGET_GONE,identity no longer active
2026-10-02T16:05:52Z,APP_21879_3030045,21879,3030045,26,2710,211.411,0,0,-1,-1,0,0.999931471,NA,NA,70.000000000,MEASURED_CPU_FAULT,CPU;INTERVAL_FAULTS,NA,NA,NA,NA,NA,NA,NA,NA,NA,NA,NA,NA,NA,NA,NA,NA,NA,NA,NA,NA,NA,NA,NA,TARGET_GONE,identity no longer active
2026-10-02T16:05:53Z,APP_21879_3030045,21879,3030045,26,2711,199.005,0,0,-1,-1,0,0.999931471,NA,NA,70.000000000,MEASURED_CPU_FAULT,CPU;INTERVAL_FAULTS,NA,NA,NA,NA,NA,NA,NA,NA,NA,NA,NA,NA,NA,NA,NA,NA,NA,NA,NA,NA,NA,NA,NA,TARGET_GONE,identity no longer active
2026-10-02T16:05:53Z,APP_21879_3030045,21879,3030045,26,2712,201.198,0,0,-1,-1,0,0.999931471,NA,NA,70.000000000,MEASURED_CPU_FAULT,CPU;INTERVAL_FAULTS,NA,NA,NA,NA,NA,NA,NA,NA,NA,NA,NA,NA,NA,NA,NA,NA,NA,NA,NA,NA,NA,NA,NA,TARGET_GONE,identity no longer active
2026-10-02T16:05:53Z,APP_21879_3030045,21879,3030045,26,2713,197.938,0,0,-1,-1,0,0.999931471,NA,NA,70.000000000,MEASURED_CPU_FAULT,CPU;INTERVAL_FAULTS,NA,NA,NA,NA,NA,NA,NA,NA,NA,NA,NA,NA,NA,NA,NA,NA,NA,NA,NA,NA,NA,NA,NA,TARGET_GONE,identity no longer active
2026-10-02T16:05:53Z,APP_21879_3030045,21879,3030045,26,2714,201.499,0,0,-1,-1,0,0.999931471,NA,NA,70.000000000,MEASURED_CPU_FAULT,CPU;INTERVAL_FAULTS,NA,NA,NA,NA,NA,NA,NA,NA,NA,NA,NA,NA,NA,NA,NA,NA,NA,NA,NA,NA,NA,NA,NA,TARGET_GONE,identity no longer active
2026-10-02T16:05:53Z,APP_21879_3030045,21879,3030045,26,2715,197.938,0,0,-1,-1,0,0.999931471,NA,NA,70.000000000,MEASURED_CPU_FAULT,CPU;INTERVAL_FAULTS,NA,NA,NA,NA,NA,NA,NA,NA,NA,NA,NA,NA,NA,NA,NA,NA,NA,NA,NA,NA,NA,NA,NA,TARGET_GONE,identity no longer active
2026-10-02T16:05:53Z,APP_21879_3030045,21879,3030045,26,2716,201.198,0,0,-1,-1,0,0.999931471,NA,NA,70.000000000,MEASURED_CPU_FAULT,CPU;INTERVAL_FAULTS,NA,NA,NA,NA,NA,NA,NA,NA,NA,NA,NA,NA,NA,NA,NA,NA,NA,NA,NA,NA,NA,NA,NA,TARGET_GONE,identity no longer active
2026-10-02T16:05:53Z,APP_21879_3030045,21879,3030045,26,2717,200.130,0,0,-1,-1,0,0.999931471,NA,NA,70.000000000,MEASURED_CPU_FAULT,CPU;INTERVAL_FAULTS,NA,NA,NA,NA,NA,NA,NA,NA,NA,NA,NA,NA,NA,NA,NA,NA,NA,NA,NA,NA,NA,NA,NA,TARGET_GONE,identity no longer active
2026-10-02T16:05:53Z,APP_21879_3030045,21879,3030045,26,2718,204.391,0,0,-1,-1,0,0.999931471,NA,NA,70.000000000,MEASURED_CPU_FAULT,CPU;INTERVAL_FAULTS,NA,NA,NA,NA,NA,NA,NA,NA,NA,NA,NA,NA,NA,NA,NA,NA,NA,NA,NA,NA,NA,NA,NA,TARGET_GONE,identity no longer active
2026-10-02T16:05:54Z,APP_21879_3030045,21879,3030045,26,2719,201.802,0,0,-1,-1,0,0.999931471,NA,NA,70.000000000,MEASURED_CPU_FAULT,CPU;INTERVAL_FAULTS,NA,NA,NA,NA,NA,NA,NA,NA,NA,NA,NA,NA,NA,NA,NA,NA,NA,NA,NA,NA,NA,NA,NA,TARGET_GONE,identity no longer active
2026-10-02T16:05:54Z,APP_21879_3030045,21879,3030045,26,2720,199.005,0,0,-1,-1,0,0.999931471,NA,NA,70.000000000,MEASURED_CPU_FAULT,CPU;INTERVAL_FAULTS,NA,NA,NA,NA,NA,NA,NA,NA,NA,NA,NA,NA,NA,NA,NA,NA,NA,NA,NA,NA,NA,NA,NA,TARGET_GONE,identity no longer active
2026-10-02T16:05:54Z,APP_21879_3030045,21879,3030045,26,2721,191.617,0,0,-1,-1,0,0.999931471,NA,NA,70.000000000,MEASURED_CPU_FAULT,CPU;INTERVAL_FAULTS,NA,NA,NA,NA,NA,NA,NA,NA,NA,NA,NA,NA,NA,NA,NA,NA,NA,NA,NA,NA,NA,NA,NA,TARGET_GONE,identity no longer active
2026-10-02T16:05:54Z,APP_21879_3030045,21879,3030045,26,2722,204.325,0,0,-1,-1,0,0.999931471,NA,NA,70.000000000,MEASURED_CPU_FAULT,CPU;INTERVAL_FAULTS,NA,NA,NA,NA,NA,NA,NA,NA,NA,NA,NA,NA,NA,NA,NA,NA,NA,NA,NA,NA,NA,NA,NA,TARGET_GONE,identity no longer active
2026-10-02T16:05:54Z,APP_21879_3030045,21879,3030045,26,2723,201.499,0,0,-1,-1,0,0.999931471,NA,NA,70.000000000,MEASURED_CPU_FAULT,CPU;INTERVAL_FAULTS,NA,NA,NA,NA,NA,NA,NA,NA,NA,NA,NA,NA,NA,NA,NA,NA,NA,NA,NA,NA,NA,NA,NA,TARGET_GONE,identity no longer active
2026-10-02T16:05:54Z,APP_21879_3030045,21879,3030045,26,2724,197.531,0,0,-1,-1,0,0.999931471,NA,NA,70.000000000,MEASURED_CPU_FAULT,CPU;INTERVAL_FAULTS,NA,NA,NA,NA,NA,NA,NA,NA,NA,NA,NA,NA,NA,NA,NA,NA,NA,NA,NA,NA,NA,NA,NA,TARGET_GONE,identity no longer active
2026-10-02T16:05:54Z,APP_21879_3030045,21879,3030045,26,2725,201.802,0,0,-1,-1,0,0.999931471,NA,NA,70.000000000,MEASURED_CPU_FAULT,CPU;INTERVAL_FAULTS,NA,NA,NA,NA,NA,NA,NA,NA,NA,NA,NA,NA,NA,NA,NA,NA,NA,NA,NA,NA,NA,NA,NA,TARGET_GONE,identity no longer active
2026-10-02T16:05:55Z,APP_21879_3030045,21879,3030045,26,2726,197.095,0,0,-1,-1,0,0.999931471,NA,NA,70.000000000,MEASURED_CPU_FAULT,CPU;INTERVAL_FAULTS,NA,NA,NA,NA,NA,NA,NA,NA,NA,NA,NA,NA,NA,NA,NA,NA,NA,NA,NA,NA,NA,NA,NA,TARGET_GONE,identity no longer active
2026-10-02T16:05:55Z,APP_21879_3030045,21879,3030045,26,2727,204.800,0,0,-1,-1,0,0.999931471,NA,NA,70.000000000,MEASURED_CPU_FAULT,CPU;INTERVAL_FAULTS,NA,NA,NA,NA,NA,NA,NA,NA,NA,NA,NA,NA,NA,NA,NA,NA,NA,NA,NA,NA,NA,NA,NA,TARGET_GONE,identity no longer active
2026-10-02T16:05:55Z,APP_21879_3030045,21879,3030045,26,2728,201.499,0,0,-1,-1,0,0.999931471,NA,NA,70.000000000,MEASURED_CPU_FAULT,CPU;INTERVAL_FAULTS,NA,NA,NA,NA,NA,NA,NA,NA,NA,NA,NA,NA,NA,NA,NA,NA,NA,NA,NA,NA,NA,NA,NA,TARGET_GONE,identity no longer active
2026-10-02T16:05:55Z,APP_21879_3030045,21879,3030045,26,2729,201.143,0,0,-1,-1,0,0.999931471,NA,NA,70.000000000,MEASURED_CPU_FAULT,CPU;INTERVAL_FAULTS,NA,NA,NA,NA,NA,NA,NA,NA,NA,NA,NA,NA,NA,NA,NA,NA,NA,NA,NA,NA,NA,NA,NA,TARGET_GONE,identity no longer active
2026-10-02T16:05:55Z,APP_21879_3030045,21879,3030045,26,2730,201.499,0,0,-1,-1,0,0.999931471,NA,NA,70.000000000,MEASURED_CPU_FAULT,CPU;INTERVAL_FAULTS,NA,NA,NA,NA,NA,NA,NA,NA,NA,NA,NA,NA,NA,NA,NA,NA,NA,NA,NA,NA,NA,NA,NA,TARGET_GONE,identity no longer active
2026-10-02T16:05:55Z,APP_21879_3030045,21879,3030045,26,2731,199.078,0,0,-1,-1,0,0.999931471,NA,NA,70.000000000,MEASURED_CPU_FAULT,CPU;INTERVAL_FAULTS,NA,NA,NA,NA,NA,NA,NA,NA,NA,NA,NA,NA,NA,NA,NA,NA,NA,NA,NA,NA,NA,NA,NA,TARGET_GONE,identity no longer active
2026-10-02T16:05:55Z,APP_21879_3030045,21879,3030045,26,2732,204.391,0,0,-1,-1,0,0.999931471,NA,NA,70.000000000,MEASURED_CPU_FAULT,CPU;INTERVAL_FAULTS,NA,NA,NA,NA,NA,NA,NA,NA,NA,NA,NA,NA,NA,NA,NA,NA,NA,NA,NA,NA,NA,NA,NA,TARGET_GONE,identity no longer active
2026-10-02T16:05:55Z,APP_21879_3030045,21879,3030045,26,2733,201.802,0,0,-1,-1,0,0.999931471,NA,NA,70.000000000,MEASURED_CPU_FAULT,CPU;INTERVAL_FAULTS,NA,NA,NA,NA,NA,NA,NA,NA,NA,NA,NA,NA,NA,NA,NA,NA,NA,NA,NA,NA,NA,NA,NA,TARGET_GONE,identity no longer active
2026-10-02T16:05:55Z,APP_21879_3030045,21879,3030045,26,2734,192.275,0,0,-1,-1,0,0.999931471,NA,NA,70.000000000,MEASURED_CPU_FAULT,CPU;INTERVAL_FAULTS,NA,NA,NA,NA,NA,NA,NA,NA,NA,NA,NA,NA,NA,NA,NA,NA,NA,NA,NA,NA,NA,NA,NA,TARGET_GONE,identity no longer active
2026-10-02T16:05:55Z,APP_21879_3030045,21879,3030045,26,2735,201.198,0,0,-1,-1,0,0.999931471,NA,NA,70.000000000,MEASURED_CPU_FAULT,CPU;INTERVAL_FAULTS,NA,NA,NA,NA,NA,NA,NA,NA,NA,NA,NA,NA,NA,NA,NA,NA,NA,NA,NA,NA,NA,NA,NA,TARGET_GONE,identity no longer active
2026-10-02T16:05:56Z,APP_21879_3030045,21879,3030045,26,2736,202.299,0,0,-1,-1,0,0.999931471,NA,NA,70.000000000,MEASURED_CPU_FAULT,CPU;INTERVAL_FAULTS,NA,NA,NA,NA,NA,NA,NA,NA,NA,NA,NA,NA,NA,NA,NA,NA,NA,NA,NA,NA,NA,NA,NA,TARGET_GONE,identity no longer active
2026-10-02T16:05:56Z,APP_21879_3030045,21879,3030045,26,2737,192.385,0,0,-1,-1,0,0.999931471,NA,NA,70.000000000,MEASURED_CPU_FAULT,CPU;INTERVAL_FAULTS,NA,NA,NA,NA,NA,NA,NA,NA,NA,NA,NA,NA,NA,NA,NA,NA,NA,NA,NA,NA,NA,NA,NA,TARGET_GONE,identity no longer active
2026-10-02T16:05:56Z,APP_21879_3030045,21879,3030045,26,2738,201.499,0,0,-1,-1,0,0.999931471,NA,NA,70.000000000,MEASURED_CPU_FAULT,CPU;INTERVAL_FAULTS,NA,NA,NA,NA,NA,NA,NA,NA,NA,NA,NA,NA,NA,NA,NA,NA,NA,NA,NA,NA,NA,NA,NA,TARGET_GONE,identity no longer active
2026-10-02T16:05:56Z,APP_21879_3030045,21879,3030045,26,2739,200.570,0,0,-1,-1,0,0.999931471,NA,NA,70.000000000,MEASURED_CPU_FAULT,CPU;INTERVAL_FAULTS,NA,NA,NA,NA,NA,NA,NA,NA,NA,NA,NA,NA,NA,NA,NA,NA,NA,NA,NA,NA,NA,NA,NA,TARGET_GONE,identity no longer active
2026-10-02T16:05:56Z,APP_21879_3030045,21879,3030045,26,2740,201.499,0,0,-1,-1,0,0.999931471,NA,NA,70.000000000,MEASURED_CPU_FAULT,CPU;INTERVAL_FAULTS,NA,NA,NA,NA,NA,NA,NA,NA,NA,NA,NA,NA,NA,NA,NA,NA,NA,NA,NA,NA,NA,NA,NA,TARGET_GONE,identity no longer active
2026-10-02T16:05:56Z,APP_21879_3030045,21879,3030045,26,2741,199.538,0,0,-1,-1,0,0.999931471,NA,NA,70.000000000,MEASURED_CPU_FAULT,CPU;INTERVAL_FAULTS,NA,NA,NA,NA,NA,NA,NA,NA,NA,NA,NA,NA,NA,NA,NA,NA,NA,NA,NA,NA,NA,NA,NA,TARGET_GONE,identity no longer active
2026-10-02T16:05:56Z,APP_21879_3030045,21879,3030045,26,2742,204.391,0,0,-1,-1,0,0.999931471,NA,NA,70.000000000,MEASURED_CPU_FAULT,CPU;INTERVAL_FAULTS,NA,NA,NA,NA,NA,NA,NA,NA,NA,NA,NA,NA,NA,NA,NA,NA,NA,NA,NA,NA,NA,NA,NA,TARGET_GONE,identity no longer active
2026-10-02T16:05:56Z,APP_21879_3030045,21879,3030045,26,2743,192.192,0,0,-1,-1,0,0.999931471,NA,NA,70.000000000,MEASURED_CPU_FAULT,CPU;INTERVAL_FAULTS,NA,NA,NA,NA,NA,NA,NA,NA,NA,NA,NA,NA,NA,NA,NA,NA,NA,NA,NA,NA,NA,NA,NA,TARGET_GONE,identity no longer active
2026-10-02T16:05:57Z,APP_21879_3030045,21879,3030045,26,2744,209.687,0,0,-1,-1,0,0.999931471,NA,NA,70.000000000,MEASURED_CPU_FAULT,CPU;INTERVAL_FAULTS,NA,NA,NA,NA,NA,NA,NA,NA,NA,NA,NA,NA,NA,NA,NA,NA,NA,NA,NA,NA,NA,NA,NA,TARGET_GONE,identity no longer active
2026-10-02T16:05:57Z,APP_21879_3030045,21879,3030045,26,2745,201.802,0,0,-1,-1,0,0.999931471,NA,NA,70.000000000,MEASURED_CPU_FAULT,CPU;INTERVAL_FAULTS,NA,NA,NA,NA,NA,NA,NA,NA,NA,NA,NA,NA,NA,NA,NA,NA,NA,NA,NA,NA,NA,NA,NA,TARGET_GONE,identity no longer active
2026-10-02T16:05:27Z,APP_21879_3030045,21879,3030045,27,2746,0.000,0,0,-1,-1,0,0.999931471,1,true,0.000000000,MEASURED_CPU_FAULT,CPU;INTERVAL_FAULTS,HOT,669.474315258,0.560000000,0.700000000,NA,NA,NA,NA,0.560000000,0.000000000,0.700000000,0.000000000,-1.000000000,1.232000000,NA,MOVE_THREAD,INVALID,NOT_APPLICABLE,INVALID,MOVE_THREAD,-1,-1,false,TARGET_GONE,identity no longer active
2026-10-02T16:05:28Z,APP_21879_3030045,21879,3030045,27,2747,0.000,0,0,-1,-1,0,0.999931471,NA,NA,0.000000000,MEASURED_CPU_FAULT,CPU;INTERVAL_FAULTS,NA,NA,NA,NA,NA,NA,NA,NA,NA,NA,NA,NA,NA,NA,NA,NA,NA,NA,NA,NA,NA,NA,NA,TARGET_GONE,identity no longer active
2026-10-02T16:05:28Z,APP_21879_3030045,21879,3030045,27,2748,6.934,0,0,-1,-1,0,0.999931471,NA,NA,4.853800000,MEASURED_CPU_FAULT,CPU;INTERVAL_FAULTS,NA,NA,NA,NA,NA,NA,NA,NA,NA,NA,NA,NA,NA,NA,NA,NA,NA,NA,NA,NA,NA,NA,NA,TARGET_GONE,identity no longer active
2026-10-02T16:05:28Z,APP_21879_3030045,21879,3030045,27,2749,0.000,0,0,-1,-1,0,0.999931471,NA,NA,0.000000000,MEASURED_CPU_FAULT,CPU;INTERVAL_FAULTS,NA,NA,NA,NA,NA,NA,NA,NA,NA,NA,NA,NA,NA,NA,NA,NA,NA,NA,NA,NA,NA,NA,NA,TARGET_GONE,identity no longer active
2026-10-02T16:05:28Z,APP_21879_3030045,21879,3030045,27,2750,0.000,0,0,-1,-1,0,0.999931471,NA,NA,0.000000000,MEASURED_CPU_FAULT,CPU;INTERVAL_FAULTS,NA,NA,NA,NA,NA,NA,NA,NA,NA,NA,NA,NA,NA,NA,NA,NA,NA,NA,NA,NA,NA,NA,NA,TARGET_GONE,identity no longer active
2026-10-02T16:05:28Z,APP_21879_3030045,21879,3030045,27,2751,0.000,0,0,-1,-1,0,0.999931471,NA,NA,0.000000000,MEASURED_CPU_FAULT,CPU;INTERVAL_FAULTS,NA,NA,NA,NA,NA,NA,NA,NA,NA,NA,NA,NA,NA,NA,NA,NA,NA,NA,NA,NA,NA,NA,NA,TARGET_GONE,identity no longer active
2026-10-02T16:05:28Z,APP_21879_3030045,21879,3030045,27,2752,0.000,0,0,-1,-1,0,0.999931471,NA,NA,0.000000000,MEASURED_CPU_FAULT,CPU;INTERVAL_FAULTS,NA,NA,NA,NA,NA,NA,NA,NA,NA,NA,NA,NA,NA,NA,NA,NA,NA,NA,NA,NA,NA,NA,NA,TARGET_GONE,identity no longer active
2026-10-02T16:05:29Z,APP_21879_3030045,21879,3030045,27,2753,0.000,0,0,-1,-1,0,0.999931471,NA,NA,0.000000000,MEASURED_CPU_FAULT,CPU;INTERVAL_FAULTS,NA,NA,NA,NA,NA,NA,NA,NA,NA,NA,NA,NA,NA,NA,NA,NA,NA,NA,NA,NA,NA,NA,NA,TARGET_GONE,identity no longer active
2026-10-02T16:05:29Z,APP_21879_3030045,21879,3030045,27,2754,95.238,0,0,-1,-1,0,0.999931471,NA,NA,66.666600000,MEASURED_CPU_FAULT,CPU;INTERVAL_FAULTS,NA,NA,NA,NA,NA,NA,NA,NA,NA,NA,NA,NA,NA,NA,NA,NA,NA,NA,NA,NA,NA,NA,NA,TARGET_GONE,identity no longer active
2026-10-02T16:05:29Z,APP_21879_3030045,21879,3030045,27,2755,201.802,0,0,-1,-1,0,0.999931471,NA,NA,70.000000000,MEASURED_CPU_FAULT,CPU;INTERVAL_FAULTS,NA,NA,NA,NA,NA,NA,NA,NA,NA,NA,NA,NA,NA,NA,NA,NA,NA,NA,NA,NA,NA,NA,NA,TARGET_GONE,identity no longer active
2026-10-02T16:05:29Z,APP_21879_3030045,21879,3030045,27,2756,198.650,0,0,-1,-1,0,0.999931471,NA,NA,70.000000000,MEASURED_CPU_FAULT,CPU;INTERVAL_FAULTS,NA,NA,NA,NA,NA,NA,NA,NA,NA,NA,NA,NA,NA,NA,NA,NA,NA,NA,NA,NA,NA,NA,NA,TARGET_GONE,identity no longer active
2026-10-02T16:05:29Z,APP_21879_3030045,21879,3030045,27,2757,201.198,0,0,-1,-1,0,0.999931471,NA,NA,70.000000000,MEASURED_CPU_FAULT,CPU;INTERVAL_FAULTS,NA,NA,NA,NA,NA,NA,NA,NA,NA,NA,NA,NA,NA,NA,NA,NA,NA,NA,NA,NA,NA,NA,NA,TARGET_GONE,identity no longer active
2026-10-02T16:05:29Z,APP_21879_3030045,21879,3030045,27,2758,202.230,0,0,-1,-1,0,0.999931471,NA,NA,70.000000000,MEASURED_CPU_FAULT,CPU;INTERVAL_FAULTS,NA,NA,NA,NA,NA,NA,NA,NA,NA,NA,NA,NA,NA,NA,NA,NA,NA,NA,NA,NA,NA,NA,NA,TARGET_GONE,identity no longer active
2026-10-02T16:05:29Z,APP_21879_3030045,21879,3030045,27,2759,191.617,0,0,-1,-1,0,0.999931471,NA,NA,70.000000000,MEASURED_CPU_FAULT,CPU;INTERVAL_FAULTS,NA,NA,NA,NA,NA,NA,NA,NA,NA,NA,NA,NA,NA,NA,NA,NA,NA,NA,NA,NA,NA,NA,NA,TARGET_GONE,identity no longer active
2026-10-02T16:05:29Z,APP_21879_3030045,21879,3030045,27,2760,202.043,0,0,-1,-1,0,0.999931471,NA,NA,70.000000000,MEASURED_CPU_FAULT,CPU;INTERVAL_FAULTS,NA,NA,NA,NA,NA,NA,NA,NA,NA,NA,NA,NA,NA,NA,NA,NA,NA,NA,NA,NA,NA,NA,NA,TARGET_GONE,identity no longer active
2026-10-02T16:05:30Z,APP_21879_3030045,21879,3030045,27,2761,201.198,0,0,-1,-1,0,0.999931471,NA,NA,70.000000000,MEASURED_CPU_FAULT,CPU;INTERVAL_FAULTS,NA,NA,NA,NA,NA,NA,NA,NA,NA,NA,NA,NA,NA,NA,NA,NA,NA,NA,NA,NA,NA,NA,NA,TARGET_GONE,identity no longer active
2026-10-02T16:05:30Z,APP_21879_3030045,21879,3030045,27,2762,197.280,0,0,-1,-1,0,0.999931471,NA,NA,70.000000000,MEASURED_CPU_FAULT,CPU;INTERVAL_FAULTS,NA,NA,NA,NA,NA,NA,NA,NA,NA,NA,NA,NA,NA,NA,NA,NA,NA,NA,NA,NA,NA,NA,NA,TARGET_GONE,identity no longer active
2026-10-02T16:05:30Z,APP_21879_3030045,21879,3030045,27,2763,210.778,0,0,-1,-1,0,0.999931471,NA,NA,70.000000000,MEASURED_CPU_FAULT,CPU;INTERVAL_FAULTS,NA,NA,NA,NA,NA,NA,NA,NA,NA,NA,NA,NA,NA,NA,NA,NA,NA,NA,NA,NA,NA,NA,NA,TARGET_GONE,identity no longer active
2026-10-02T16:05:30Z,APP_21879_3030045,21879,3030045,27,2764,191.904,0,0,-1,-1,0,0.999931471,NA,NA,70.000000000,MEASURED_CPU_FAULT,CPU;INTERVAL_FAULTS,NA,NA,NA,NA,NA,NA,NA,NA,NA,NA,NA,NA,NA,NA,NA,NA,NA,NA,NA,NA,NA,NA,NA,TARGET_GONE,identity no longer active
2026-10-02T16:05:30Z,APP_21879_3030045,21879,3030045,27,2765,205.714,0,0,-1,-1,0,0.999931471,NA,NA,70.000000000,MEASURED_CPU_FAULT,CPU;INTERVAL_FAULTS,NA,NA,NA,NA,NA,NA,NA,NA,NA,NA,NA,NA,NA,NA,NA,NA,NA,NA,NA,NA,NA,NA,NA,TARGET_GONE,identity no longer active
2026-10-02T16:05:30Z,APP_21879_3030045,21879,3030045,27,2766,201.198,0,0,-1,-1,0,0.999931471,NA,NA,70.000000000,MEASURED_CPU_FAULT,CPU;INTERVAL_FAULTS,NA,NA,NA,NA,NA,NA,NA,NA,NA,NA,NA,NA,NA,NA,NA,NA,NA,NA,NA,NA,NA,NA,NA,TARGET_GONE,identity no longer active
2026-10-02T16:05:30Z,APP_21879_3030045,21879,3030045,27,2767,196.648,0,0,-1,-1,0,0.999931471,NA,NA,70.000000000,MEASURED_CPU_FAULT,CPU;INTERVAL_FAULTS,NA,NA,NA,NA,NA,NA,NA,NA,NA,NA,NA,NA,NA,NA,NA,NA,NA,NA,NA,NA,NA,NA,NA,TARGET_GONE,identity no longer active
2026-10-02T16:05:30Z,APP_21879_3030045,21879,3030045,27,2768,201.499,0,0,-1,-1,0,0.999931471,NA,NA,70.000000000,MEASURED_CPU_FAULT,CPU;INTERVAL_FAULTS,NA,NA,NA,NA,NA,NA,NA,NA,NA,NA,NA,NA,NA,NA,NA,NA,NA,NA,NA,NA,NA,NA,NA,TARGET_GONE,identity no longer active
2026-10-02T16:05:31Z,APP_21879_3030045,21879,3030045,27,2769,202.772,0,0,-1,-1,0,0.999931471,NA,NA,70.000000000,MEASURED_CPU_FAULT,CPU;INTERVAL_FAULTS,NA,NA,NA,NA,NA,NA,NA,NA,NA,NA,NA,NA,NA,NA,NA,NA,NA,NA,NA,NA,NA,NA,NA,TARGET_GONE,identity no longer active
2026-10-02T16:05:31Z,APP_21879_3030045,21879,3030045,27,2770,201.499,0,0,-1,-1,0,0.999931471,NA,NA,70.000000000,MEASURED_CPU_FAULT,CPU;INTERVAL_FAULTS,NA,NA,NA,NA,NA,NA,NA,NA,NA,NA,NA,NA,NA,NA,NA,NA,NA,NA,NA,NA,NA,NA,NA,TARGET_GONE,identity no longer active
2026-10-02T16:05:31Z,APP_21879_3030045,21879,3030045,27,2771,195.918,0,0,-1,-1,0,0.999931471,NA,NA,70.000000000,MEASURED_CPU_FAULT,CPU;INTERVAL_FAULTS,NA,NA,NA,NA,NA,NA,NA,NA,NA,NA,NA,NA,NA,NA,NA,NA,NA,NA,NA,NA,NA,NA,NA,TARGET_GONE,identity no longer active
2026-10-02T16:05:31Z,APP_21879_3030045,21879,3030045,27,2772,211.411,0,0,-1,-1,0,0.999931471,NA,NA,70.000000000,MEASURED_CPU_FAULT,CPU;INTERVAL_FAULTS,NA,NA,NA,NA,NA,NA,NA,NA,NA,NA,NA,NA,NA,NA,NA,NA,NA,NA,NA,NA,NA,NA,NA,TARGET_GONE,identity no longer active
2026-10-02T16:05:31Z,APP_21879_3030045,21879,3030045,27,2773,201.499,0,0,-1,-1,0,0.999931471,NA,NA,70.000000000,MEASURED_CPU_FAULT,CPU;INTERVAL_FAULTS,NA,NA,NA,NA,NA,NA,NA,NA,NA,NA,NA,NA,NA,NA,NA,NA,NA,NA,NA,NA,NA,NA,NA,TARGET_GONE,identity no longer active
2026-10-02T16:05:31Z,APP_21879_3030045,21879,3030045,27,2774,198.706,0,0,-1,-1,0,0.999931471,NA,NA,70.000000000,MEASURED_CPU_FAULT,CPU;INTERVAL_FAULTS,NA,NA,NA,NA,NA,NA,NA,NA,NA,NA,NA,NA,NA,NA,NA,NA,NA,NA,NA,NA,NA,NA,NA,TARGET_GONE,identity no longer active
2026-10-02T16:05:31Z,APP_21879_3030045,21879,3030045,27,2775,191.904,0,0,-1,-1,0,0.999931471,NA,NA,70.000000000,MEASURED_CPU_FAULT,CPU;INTERVAL_FAULTS,NA,NA,NA,NA,NA,NA,NA,NA,NA,NA,NA,NA,NA,NA,NA,NA,NA,NA,NA,NA,NA,NA,NA,TARGET_GONE,identity no longer active
2026-10-02T16:05:31Z,APP_21879_3030045,21879,3030045,27,2776,204.325,0,0,-1,-1,0,0.999931471,NA,NA,70.000000000,MEASURED_CPU_FAULT,CPU;INTERVAL_FAULTS,NA,NA,NA,NA,NA,NA,NA,NA,NA,NA,NA,NA,NA,NA,NA,NA,NA,NA,NA,NA,NA,NA,NA,TARGET_GONE,identity no longer active
2026-10-02T16:05:31Z,APP_21879_3030045,21879,3030045,27,2777,201.499,0,0,-1,-1,0,0.999931471,NA,NA,70.000000000,MEASURED_CPU_FAULT,CPU;INTERVAL_FAULTS,NA,NA,NA,NA,NA,NA,NA,NA,NA,NA,NA,NA,NA,NA,NA,NA,NA,NA,NA,NA,NA,NA,NA,TARGET_GONE,identity no longer active
2026-10-02T16:05:32Z,APP_21879_3030045,21879,3030045,27,2778,197.531,0,0,-1,-1,0,0.999931471,NA,NA,70.000000000,MEASURED_CPU_FAULT,CPU;INTERVAL_FAULTS,NA,NA,NA,NA,NA,NA,NA,NA,NA,NA,NA,NA,NA,NA,NA,NA,NA,NA,NA,NA,NA,NA,NA,TARGET_GONE,identity no longer active
2026-10-02T16:05:32Z,APP_21879_3030045,21879,3030045,27,2779,201.499,0,0,-1,-1,0,0.999931471,NA,NA,70.000000000,MEASURED_CPU_FAULT,CPU;INTERVAL_FAULTS,NA,NA,NA,NA,NA,NA,NA,NA,NA,NA,NA,NA,NA,NA,NA,NA,NA,NA,NA,NA,NA,NA,NA,TARGET_GONE,identity no longer active
2026-10-02T16:05:32Z,APP_21879_3030045,21879,3030045,27,2780,203.885,0,0,-1,-1,0,0.999931471,NA,NA,70.000000000,MEASURED_CPU_FAULT,CPU;INTERVAL_FAULTS,NA,NA,NA,NA,NA,NA,NA,NA,NA,NA,NA,NA,NA,NA,NA,NA,NA,NA,NA,NA,NA,NA,NA,TARGET_GONE,identity no longer active
2026-10-02T16:05:32Z,APP_21879_3030045,21879,3030045,27,2781,192.771,0,0,-1,-1,0,0.999931471,NA,NA,70.000000000,MEASURED_CPU_FAULT,CPU;INTERVAL_FAULTS,NA,NA,NA,NA,NA,NA,NA,NA,NA,NA,NA,NA,NA,NA,NA,NA,NA,NA,NA,NA,NA,NA,NA,TARGET_GONE,identity no longer active
2026-10-02T16:05:32Z,APP_21879_3030045,21879,3030045,27,2782,201.499,0,0,-1,-1,0,0.999931471,NA,NA,70.000000000,MEASURED_CPU_FAULT,CPU;INTERVAL_FAULTS,NA,NA,NA,NA,NA,NA,NA,NA,NA,NA,NA,NA,NA,NA,NA,NA,NA,NA,NA,NA,NA,NA,NA,TARGET_GONE,identity no longer active
2026-10-02T16:05:32Z,APP_21879_3030045,21879,3030045,27,2783,191.847,0,0,-1,-1,0,0.999931471,NA,NA,70.000000000,MEASURED_CPU_FAULT,CPU;INTERVAL_FAULTS,NA,NA,NA,NA,NA,NA,NA,NA,NA,NA,NA,NA,NA,NA,NA,NA,NA,NA,NA,NA,NA,NA,NA,TARGET_GONE,identity no longer active
2026-10-02T16:05:32Z,APP_21879_3030045,21879,3030045,27,2784,201.198,0,0,-1,-1,0,0.999931471,NA,NA,70.000000000,MEASURED_CPU_FAULT,CPU;INTERVAL_FAULTS,NA,NA,NA,NA,NA,NA,NA,NA,NA,NA,NA,NA,NA,NA,NA,NA,NA,NA,NA,NA,NA,NA,NA,TARGET_GONE,identity no longer active
2026-10-02T16:05:32Z,APP_21879_3030045,21879,3030045,27,2785,204.115,0,0,-1,-1,0,0.999931471,NA,NA,70.000000000,MEASURED_CPU_FAULT,CPU;INTERVAL_FAULTS,NA,NA,NA,NA,NA,NA,NA,NA,NA,NA,NA,NA,NA,NA,NA,NA,NA,NA,NA,NA,NA,NA,NA,TARGET_GONE,identity no longer active
2026-10-02T16:05:33Z,APP_21879_3030045,21879,3030045,27,2786,192.192,0,0,-1,-1,0,0.999931471,NA,NA,70.000000000,MEASURED_CPU_FAULT,CPU;INTERVAL_FAULTS,NA,NA,NA,NA,NA,NA,NA,NA,NA,NA,NA,NA,NA,NA,NA,NA,NA,NA,NA,NA,NA,NA,NA,TARGET_GONE,identity no longer active
2026-10-02T16:05:33Z,APP_21879_3030045,21879,3030045,27,2787,204.115,0,0,-1,-1,0,0.999931471,NA,NA,70.000000000,MEASURED_CPU_FAULT,CPU;INTERVAL_FAULTS,NA,NA,NA,NA,NA,NA,NA,NA,NA,NA,NA,NA,NA,NA,NA,NA,NA,NA,NA,NA,NA,NA,NA,TARGET_GONE,identity no longer active
2026-10-02T16:05:33Z,APP_21879_3030045,21879,3030045,27,2788,201.802,0,0,-1,-1,0,0.999931471,NA,NA,70.000000000,MEASURED_CPU_FAULT,CPU;INTERVAL_FAULTS,NA,NA,NA,NA,NA,NA,NA,NA,NA,NA,NA,NA,NA,NA,NA,NA,NA,NA,NA,NA,NA,NA,NA,TARGET_GONE,identity no longer active
2026-10-02T16:05:33Z,APP_21879_3030045,21879,3030045,27,2789,201.491,0,0,-1,-1,0,0.999931471,NA,NA,70.000000000,MEASURED_CPU_FAULT,CPU;INTERVAL_FAULTS,NA,NA,NA,NA,NA,NA,NA,NA,NA,NA,NA,NA,NA,NA,NA,NA,NA,NA,NA,NA,NA,NA,NA,TARGET_GONE,identity no longer active
2026-10-02T16:05:33Z,APP_21879_3030045,21879,3030045,27,2790,192.771,0,0,-1,-1,0,0.999931471,NA,NA,70.000000000,MEASURED_CPU_FAULT,CPU;INTERVAL_FAULTS,NA,NA,NA,NA,NA,NA,NA,NA,NA,NA,NA,NA,NA,NA,NA,NA,NA,NA,NA,NA,NA,NA,NA,TARGET_GONE,identity no longer active
2026-10-02T16:05:33Z,APP_21879_3030045,21879,3030045,27,2791,201.499,0,0,-1,-1,0,0.999931471,NA,NA,70.000000000,MEASURED_CPU_FAULT,CPU;INTERVAL_FAULTS,NA,NA,NA,NA,NA,NA,NA,NA,NA,NA,NA,NA,NA,NA,NA,NA,NA,NA,NA,NA,NA,NA,NA,TARGET_GONE,identity no longer active
2026-10-02T16:05:33Z,APP_21879_3030045,21879,3030045,27,2792,199.253,0,0,-1,-1,0,0.999931471,NA,NA,70.000000000,MEASURED_CPU_FAULT,CPU;INTERVAL_FAULTS,NA,NA,NA,NA,NA,NA,NA,NA,NA,NA,NA,NA,NA,NA,NA,NA,NA,NA,NA,NA,NA,NA,NA,TARGET_GONE,identity no longer active
2026-10-02T16:05:33Z,APP_21879_3030045,21879,3030045,27,2793,201.198,0,0,-1,-1,0,0.999931471,NA,NA,70.000000000,MEASURED_CPU_FAULT,CPU;INTERVAL_FAULTS,NA,NA,NA,NA,NA,NA,NA,NA,NA,NA,NA,NA,NA,NA,NA,NA,NA,NA,NA,NA,NA,NA,NA,TARGET_GONE,identity no longer active
2026-10-02T16:05:34Z,APP_21879_3030045,21879,3030045,27,2794,198.142,0,0,-1,-1,0,0.999931471,NA,NA,70.000000000,MEASURED_CPU_FAULT,CPU;INTERVAL_FAULTS,NA,NA,NA,NA,NA,NA,NA,NA,NA,NA,NA,NA,NA,NA,NA,NA,NA,NA,NA,NA,NA,NA,NA,TARGET_GONE,identity no longer active
2026-10-02T16:05:34Z,APP_21879_3030045,21879,3030045,27,2795,200.897,0,0,-1,-1,0,0.999931471,NA,NA,70.000000000,MEASURED_CPU_FAULT,CPU;INTERVAL_FAULTS,NA,NA,NA,NA,NA,NA,NA,NA,NA,NA,NA,NA,NA,NA,NA,NA,NA,NA,NA,NA,NA,NA,NA,TARGET_GONE,identity no longer active
2026-10-02T16:05:34Z,APP_21879_3030045,21879,3030045,27,2796,197.938,0,0,-1,-1,0,0.999931471,NA,NA,70.000000000,MEASURED_CPU_FAULT,CPU;INTERVAL_FAULTS,NA,NA,NA,NA,NA,NA,NA,NA,NA,NA,NA,NA,NA,NA,NA,NA,NA,NA,NA,NA,NA,NA,NA,TARGET_GONE,identity no longer active
2026-10-02T16:05:34Z,APP_21879_3030045,21879,3030045,27,2797,201.499,0,0,-1,-1,0,0.999931471,NA,NA,70.000000000,MEASURED_CPU_FAULT,CPU;INTERVAL_FAULTS,NA,NA,NA,NA,NA,NA,NA,NA,NA,NA,NA,NA,NA,NA,NA,NA,NA,NA,NA,NA,NA,NA,NA,TARGET_GONE,identity no longer active
2026-10-02T16:05:34Z,APP_21879_3030045,21879,3030045,27,2798,202.625,0,0,-1,-1,0,0.999931471,NA,NA,70.000000000,MEASURED_CPU_FAULT,CPU;INTERVAL_FAULTS,NA,NA,NA,NA,NA,NA,NA,NA,NA,NA,NA,NA,NA,NA,NA,NA,NA,NA,NA,NA,NA,NA,NA,TARGET_GONE,identity no longer active
2026-10-02T16:05:34Z,APP_21879_3030045,21879,3030045,27,2799,192.192,0,0,-1,-1,0,0.999931471,NA,NA,70.000000000,MEASURED_CPU_FAULT,CPU;INTERVAL_FAULTS,NA,NA,NA,NA,NA,NA,NA,NA,NA,NA,NA,NA,NA,NA,NA,NA,NA,NA,NA,NA,NA,NA,NA,TARGET_GONE,identity no longer active
2026-10-02T16:05:34Z,APP_21879_3030045,21879,3030045,27,2800,201.198,0,0,-1,-1,0,0.999931471,NA,NA,70.000000000,MEASURED_CPU_FAULT,CPU;INTERVAL_FAULTS,NA,NA,NA,NA,NA,NA,NA,NA,NA,NA,NA,NA,NA,NA,NA,NA,NA,NA,NA,NA,NA,NA,NA,TARGET_GONE,identity no longer active
2026-10-02T16:05:34Z,APP_21879_3030045,21879,3030045,27,2801,199.253,0,0,-1,-1,0,0.999931471,NA,NA,70.000000000,MEASURED_CPU_FAULT,CPU;INTERVAL_FAULTS,NA,NA,NA,NA,NA,NA,NA,NA,NA,NA,NA,NA,NA,NA,NA,NA,NA,NA,NA,NA,NA,NA,NA,TARGET_GONE,identity no longer active
2026-10-02T16:05:34Z,APP_21879_3030045,21879,3030045,27,2802,201.802,0,0,-1,-1,0,0.999931471,NA,NA,70.000000000,MEASURED_CPU_FAULT,CPU;INTERVAL_FAULTS,NA,NA,NA,NA,NA,NA,NA,NA,NA,NA,NA,NA,NA,NA,NA,NA,NA,NA,NA,NA,NA,NA,NA,TARGET_GONE,identity no longer active
2026-10-02T16:05:35Z,APP_21879_3030045,21879,3030045,27,2803,197.328,0,0,-1,-1,0,0.999931471,NA,NA,70.000000000,MEASURED_CPU_FAULT,CPU;INTERVAL_FAULTS,NA,NA,NA,NA,NA,NA,NA,NA,NA,NA,NA,NA,NA,NA,NA,NA,NA,NA,NA,NA,NA,NA,NA,TARGET_GONE,identity no longer active
2026-10-02T16:05:35Z,APP_21879_3030045,21879,3030045,27,2804,201.499,0,0,-1,-1,0,0.999931471,NA,NA,70.000000000,MEASURED_CPU_FAULT,CPU;INTERVAL_FAULTS,NA,NA,NA,NA,NA,NA,NA,NA,NA,NA,NA,NA,NA,NA,NA,NA,NA,NA,NA,NA,NA,NA,NA,TARGET_GONE,identity no longer active
2026-10-02T16:05:35Z,APP_21879_3030045,21879,3030045,27,2805,198.142,0,0,-1,-1,0,0.999931471,NA,NA,70.000000000,MEASURED_CPU_FAULT,CPU;INTERVAL_FAULTS,NA,NA,NA,NA,NA,NA,NA,NA,NA,NA,NA,NA,NA,NA,NA,NA,NA,NA,NA,NA,NA,NA,NA,TARGET_GONE,identity no longer active
2026-10-02T16:05:35Z,APP_21879_3030045,21879,3030045,27,2806,201.198,0,0,-1,-1,0,0.999931471,NA,NA,70.000000000,MEASURED_CPU_FAULT,CPU;INTERVAL_FAULTS,NA,NA,NA,NA,NA,NA,NA,NA,NA,NA,NA,NA,NA,NA,NA,NA,NA,NA,NA,NA,NA,NA,NA,TARGET_GONE,identity no longer active
2026-10-02T16:05:35Z,APP_21879_3030045,21879,3030045,27,2807,203.253,0,0,-1,-1,0,0.999931471,NA,NA,70.000000000,MEASURED_CPU_FAULT,CPU;INTERVAL_FAULTS,NA,NA,NA,NA,NA,NA,NA,NA,NA,NA,NA,NA,NA,NA,NA,NA,NA,NA,NA,NA,NA,NA,NA,TARGET_GONE,identity no longer active
2026-10-02T16:05:35Z,APP_21879_3030045,21879,3030045,27,2808,192.192,0,0,-1,-1,0,0.999931471,NA,NA,70.000000000,MEASURED_CPU_FAULT,CPU;INTERVAL_FAULTS,NA,NA,NA,NA,NA,NA,NA,NA,NA,NA,NA,NA,NA,NA,NA,NA,NA,NA,NA,NA,NA,NA,NA,TARGET_GONE,identity no longer active
2026-10-02T16:05:35Z,APP_21879_3030045,21879,3030045,27,2809,201.499,0,0,-1,-1,0,0.999931471,NA,NA,70.000000000,MEASURED_CPU_FAULT,CPU;INTERVAL_FAULTS,NA,NA,NA,NA,NA,NA,NA,NA,NA,NA,NA,NA,NA,NA,NA,NA,NA,NA,NA,NA,NA,NA,NA,TARGET_GONE,identity no longer active
2026-10-02T16:05:35Z,APP_21879_3030045,21879,3030045,27,2810,199.253,0,0,-1,-1,0,0.999931471,NA,NA,70.000000000,MEASURED_CPU_FAULT,CPU;INTERVAL_FAULTS,NA,NA,NA,NA,NA,NA,NA,NA,NA,NA,NA,NA,NA,NA,NA,NA,NA,NA,NA,NA,NA,NA,NA,TARGET_GONE,identity no longer active
2026-10-02T16:05:36Z,APP_21879_3030045,21879,3030045,27,2811,201.198,0,0,-1,-1,0,0.999931471,NA,NA,70.000000000,MEASURED_CPU_FAULT,CPU;INTERVAL_FAULTS,NA,NA,NA,NA,NA,NA,NA,NA,NA,NA,NA,NA,NA,NA,NA,NA,NA,NA,NA,NA,NA,NA,NA,TARGET_GONE,identity no longer active
2026-10-02T16:05:36Z,APP_21879_3030045,21879,3030045,27,2812,197.938,0,0,-1,-1,0,0.999931471,NA,NA,70.000000000,MEASURED_CPU_FAULT,CPU;INTERVAL_FAULTS,NA,NA,NA,NA,NA,NA,NA,NA,NA,NA,NA,NA,NA,NA,NA,NA,NA,NA,NA,NA,NA,NA,NA,TARGET_GONE,identity no longer active
2026-10-02T16:05:36Z,APP_21879_3030045,21879,3030045,27,2813,201.198,0,0,-1,-1,0,0.999931471,NA,NA,70.000000000,MEASURED_CPU_FAULT,CPU;INTERVAL_FAULTS,NA,NA,NA,NA,NA,NA,NA,NA,NA,NA,NA,NA,NA,NA,NA,NA,NA,NA,NA,NA,NA,NA,NA,TARGET_GONE,identity no longer active
2026-10-02T16:05:36Z,APP_21879_3030045,21879,3030045,27,2814,197.734,0,0,-1,-1,0,0.999931471,NA,NA,70.000000000,MEASURED_CPU_FAULT,CPU;INTERVAL_FAULTS,NA,NA,NA,NA,NA,NA,NA,NA,NA,NA,NA,NA,NA,NA,NA,NA,NA,NA,NA,NA,NA,NA,NA,TARGET_GONE,identity no longer active
2026-10-02T16:05:36Z,APP_21879_3030045,21879,3030045,27,2815,201.802,0,0,-1,-1,0,0.999931471,NA,NA,70.000000000,MEASURED_CPU_FAULT,CPU;INTERVAL_FAULTS,NA,NA,NA,NA,NA,NA,NA,NA,NA,NA,NA,NA,NA,NA,NA,NA,NA,NA,NA,NA,NA,NA,NA,TARGET_GONE,identity no longer active
2026-10-02T16:05:36Z,APP_21879_3030045,21879,3030045,27,2816,203.096,0,0,-1,-1,0,0.999931471,NA,NA,70.000000000,MEASURED_CPU_FAULT,CPU;INTERVAL_FAULTS,NA,NA,NA,NA,NA,NA,NA,NA,NA,NA,NA,NA,NA,NA,NA,NA,NA,NA,NA,NA,NA,NA,NA,TARGET_GONE,identity no longer active
2026-10-02T16:05:36Z,APP_21879_3030045,21879,3030045,27,2817,191.617,0,0,-1,-1,0,0.999931471,NA,NA,70.000000000,MEASURED_CPU_FAULT,CPU;INTERVAL_FAULTS,NA,NA,NA,NA,NA,NA,NA,NA,NA,NA,NA,NA,NA,NA,NA,NA,NA,NA,NA,NA,NA,NA,NA,TARGET_GONE,identity no longer active
2026-10-02T16:05:36Z,APP_21879_3030045,21879,3030045,27,2818,201.499,0,0,-1,-1,0,0.999931471,NA,NA,70.000000000,MEASURED_CPU_FAULT,CPU;INTERVAL_FAULTS,NA,NA,NA,NA,NA,NA,NA,NA,NA,NA,NA,NA,NA,NA,NA,NA,NA,NA,NA,NA,NA,NA,NA,TARGET_GONE,identity no longer active
2026-10-02T16:05:37Z,APP_21879_3030045,21879,3030045,27,2819,199.253,0,0,-1,-1,0,0.999931471,NA,NA,70.000000000,MEASURED_CPU_FAULT,CPU;INTERVAL_FAULTS,NA,NA,NA,NA,NA,NA,NA,NA,NA,NA,NA,NA,NA,NA,NA,NA,NA,NA,NA,NA,NA,NA,NA,TARGET_GONE,identity no longer active
2026-10-02T16:05:37Z,APP_21879_3030045,21879,3030045,27,2820,201.198,0,0,-1,-1,0,0.999931471,NA,NA,70.000000000,MEASURED_CPU_FAULT,CPU;INTERVAL_FAULTS,NA,NA,NA,NA,NA,NA,NA,NA,NA,NA,NA,NA,NA,NA,NA,NA,NA,NA,NA,NA,NA,NA,NA,TARGET_GONE,identity no longer active
2026-10-02T16:05:37Z,APP_21879_3030045,21879,3030045,27,2821,197.734,0,0,-1,-1,0,0.999931471,NA,NA,70.000000000,MEASURED_CPU_FAULT,CPU;INTERVAL_FAULTS,NA,NA,NA,NA,NA,NA,NA,NA,NA,NA,NA,NA,NA,NA,NA,NA,NA,NA,NA,NA,NA,NA,NA,TARGET_GONE,identity no longer active
2026-10-02T16:05:37Z,APP_21879_3030045,21879,3030045,27,2822,201.802,0,0,-1,-1,0,0.999931471,NA,NA,70.000000000,MEASURED_CPU_FAULT,CPU;INTERVAL_FAULTS,NA,NA,NA,NA,NA,NA,NA,NA,NA,NA,NA,NA,NA,NA,NA,NA,NA,NA,NA,NA,NA,NA,NA,TARGET_GONE,identity no longer active
2026-10-02T16:05:37Z,APP_21879_3030045,21879,3030045,27,2823,197.531,0,0,-1,-1,0,0.999931471,NA,NA,70.000000000,MEASURED_CPU_FAULT,CPU;INTERVAL_FAULTS,NA,NA,NA,NA,NA,NA,NA,NA,NA,NA,NA,NA,NA,NA,NA,NA,NA,NA,NA,NA,NA,NA,NA,TARGET_GONE,identity no longer active
2026-10-02T16:05:37Z,APP_21879_3030045,21879,3030045,27,2824,201.499,0,0,-1,-1,0,0.999931471,NA,NA,70.000000000,MEASURED_CPU_FAULT,CPU;INTERVAL_FAULTS,NA,NA,NA,NA,NA,NA,NA,NA,NA,NA,NA,NA,NA,NA,NA,NA,NA,NA,NA,NA,NA,NA,NA,TARGET_GONE,identity no longer active
2026-10-02T16:05:37Z,APP_21879_3030045,21879,3030045,27,2825,202.755,0,0,-1,-1,0,0.999931471,NA,NA,70.000000000,MEASURED_CPU_FAULT,CPU;INTERVAL_FAULTS,NA,NA,NA,NA,NA,NA,NA,NA,NA,NA,NA,NA,NA,NA,NA,NA,NA,NA,NA,NA,NA,NA,NA,TARGET_GONE,identity no longer active
2026-10-02T16:05:37Z,APP_21879_3030045,21879,3030045,27,2826,191.617,0,0,-1,-1,0,0.999931471,NA,NA,70.000000000,MEASURED_CPU_FAULT,CPU;INTERVAL_FAULTS,NA,NA,NA,NA,NA,NA,NA,NA,NA,NA,NA,NA,NA,NA,NA,NA,NA,NA,NA,NA,NA,NA,NA,TARGET_GONE,identity no longer active
2026-10-02T16:05:38Z,APP_21879_3030045,21879,3030045,27,2827,201.499,0,0,-1,-1,0,0.999931471,NA,NA,70.000000000,MEASURED_CPU_FAULT,CPU;INTERVAL_FAULTS,NA,NA,NA,NA,NA,NA,NA,NA,NA,NA,NA,NA,NA,NA,NA,NA,NA,NA,NA,NA,NA,NA,NA,TARGET_GONE,identity no longer active
2026-10-02T16:05:38Z,APP_21879_3030045,21879,3030045,27,2828,206.708,0,0,-1,-1,0,0.999931471,NA,NA,70.000000000,MEASURED_CPU_FAULT,CPU;INTERVAL_FAULTS,NA,NA,NA,NA,NA,NA,NA,NA,NA,NA,NA,NA,NA,NA,NA,NA,NA,NA,NA,NA,NA,NA,NA,TARGET_GONE,identity no longer active
2026-10-02T16:05:38Z,APP_21879_3030045,21879,3030045,27,2829,191.617,0,0,-1,-1,0,0.999931471,NA,NA,70.000000000,MEASURED_CPU_FAULT,CPU;INTERVAL_FAULTS,NA,NA,NA,NA,NA,NA,NA,NA,NA,NA,NA,NA,NA,NA,NA,NA,NA,NA,NA,NA,NA,NA,NA,TARGET_GONE,identity no longer active
2026-10-02T16:05:38Z,APP_21879_3030045,21879,3030045,27,2830,200.607,0,0,-1,-1,0,0.999931471,NA,NA,70.000000000,MEASURED_CPU_FAULT,CPU;INTERVAL_FAULTS,NA,NA,NA,NA,NA,NA,NA,NA,NA,NA,NA,NA,NA,NA,NA,NA,NA,NA,NA,NA,NA,NA,NA,TARGET_GONE,identity no longer active
2026-10-02T16:05:38Z,APP_21879_3030045,21879,3030045,27,2831,201.198,0,0,-1,-1,0,0.999931471,NA,NA,70.000000000,MEASURED_CPU_FAULT,CPU;INTERVAL_FAULTS,NA,NA,NA,NA,NA,NA,NA,NA,NA,NA,NA,NA,NA,NA,NA,NA,NA,NA,NA,NA,NA,NA,NA,TARGET_GONE,identity no longer active
2026-10-02T16:05:38Z,APP_21879_3030045,21879,3030045,27,2832,199.610,0,0,-1,-1,0,0.999931471,NA,NA,70.000000000,MEASURED_CPU_FAULT,CPU;INTERVAL_FAULTS,NA,NA,NA,NA,NA,NA,NA,NA,NA,NA,NA,NA,NA,NA,NA,NA,NA,NA,NA,NA,NA,NA,NA,TARGET_GONE,identity no longer active
2026-10-02T16:05:38Z,APP_21879_3030045,21879,3030045,27,2833,201.198,0,0,-1,-1,0,0.999931471,NA,NA,70.000000000,MEASURED_CPU_FAULT,CPU;INTERVAL_FAULTS,NA,NA,NA,NA,NA,NA,NA,NA,NA,NA,NA,NA,NA,NA,NA,NA,NA,NA,NA,NA,NA,NA,NA,TARGET_GONE,identity no longer active
2026-10-02T16:05:39Z,APP_21879_3030045,21879,3030045,27,2834,200.000,0,0,-1,-1,0,0.999931471,NA,NA,70.000000000,MEASURED_CPU_FAULT,CPU;INTERVAL_FAULTS,NA,NA,NA,NA,NA,NA,NA,NA,NA,NA,NA,NA,NA,NA,NA,NA,NA,NA,NA,NA,NA,NA,NA,TARGET_GONE,identity no longer active
2026-10-02T16:05:39Z,APP_21879_3030045,21879,3030045,27,2835,192.192,0,0,-1,-1,0,0.999931471,NA,NA,70.000000000,MEASURED_CPU_FAULT,CPU;INTERVAL_FAULTS,NA,NA,NA,NA,NA,NA,NA,NA,NA,NA,NA,NA,NA,NA,NA,NA,NA,NA,NA,NA,NA,NA,NA,TARGET_GONE,identity no longer active
2026-10-02T16:05:39Z,APP_21879_3030045,21879,3030045,27,2836,201.802,0,0,-1,-1,0,0.999931471,NA,NA,70.000000000,MEASURED_CPU_FAULT,CPU;INTERVAL_FAULTS,NA,NA,NA,NA,NA,NA,NA,NA,NA,NA,NA,NA,NA,NA,NA,NA,NA,NA,NA,NA,NA,NA,NA,TARGET_GONE,identity no longer active
2026-10-02T16:05:39Z,APP_21879_3030045,21879,3030045,27,2837,198.758,0,0,-1,-1,0,0.999931471,NA,NA,70.000000000,MEASURED_CPU_FAULT,CPU;INTERVAL_FAULTS,NA,NA,NA,NA,NA,NA,NA,NA,NA,NA,NA,NA,NA,NA,NA,NA,NA,NA,NA,NA,NA,NA,NA,TARGET_GONE,identity no longer active
2026-10-02T16:05:39Z,APP_21879_3030045,21879,3030045,27,2838,210.463,0,0,-1,-1,0,0.999931471,NA,NA,70.000000000,MEASURED_CPU_FAULT,CPU;INTERVAL_FAULTS,NA,NA,NA,NA,NA,NA,NA,NA,NA,NA,NA,NA,NA,NA,NA,NA,NA,NA,NA,NA,NA,NA,NA,TARGET_GONE,identity no longer active
2026-10-02T16:05:39Z,APP_21879_3030045,21879,3030045,27,2839,191.736,0,0,-1,-1,0,0.999931471,NA,NA,70.000000000,MEASURED_CPU_FAULT,CPU;INTERVAL_FAULTS,NA,NA,NA,NA,NA,NA,NA,NA,NA,NA,NA,NA,NA,NA,NA,NA,NA,NA,NA,NA,NA,NA,NA,TARGET_GONE,identity no longer active
2026-10-02T16:05:39Z,APP_21879_3030045,21879,3030045,27,2840,200.897,0,0,-1,-1,0,0.999931471,NA,NA,70.000000000,MEASURED_CPU_FAULT,CPU;INTERVAL_FAULTS,NA,NA,NA,NA,NA,NA,NA,NA,NA,NA,NA,NA,NA,NA,NA,NA,NA,NA,NA,NA,NA,NA,NA,TARGET_GONE,identity no longer active
2026-10-02T16:05:39Z,APP_21879_3030045,21879,3030045,27,2841,200.607,0,0,-1,-1,0,0.999931471,NA,NA,70.000000000,MEASURED_CPU_FAULT,CPU;INTERVAL_FAULTS,NA,NA,NA,NA,NA,NA,NA,NA,NA,NA,NA,NA,NA,NA,NA,NA,NA,NA,NA,NA,NA,NA,NA,TARGET_GONE,identity no longer active
2026-10-02T16:05:39Z,APP_21879_3030045,21879,3030045,27,2842,201.802,0,0,-1,-1,0,0.999931471,NA,NA,70.000000000,MEASURED_CPU_FAULT,CPU;INTERVAL_FAULTS,NA,NA,NA,NA,NA,NA,NA,NA,NA,NA,NA,NA,NA,NA,NA,NA,NA,NA,NA,NA,NA,NA,NA,TARGET_GONE,identity no longer active
2026-10-02T16:05:40Z,APP_21879_3030045,21879,3030045,27,2843,198.230,0,0,-1,-1,0,0.999931471,NA,NA,70.000000000,MEASURED_CPU_FAULT,CPU;INTERVAL_FAULTS,NA,NA,NA,NA,NA,NA,NA,NA,NA,NA,NA,NA,NA,NA,NA,NA,NA,NA,NA,NA,NA,NA,NA,TARGET_GONE,identity no longer active
2026-10-02T16:05:40Z,APP_21879_3030045,21879,3030045,27,2844,210.778,0,0,-1,-1,0,0.999931471,NA,NA,70.000000000,MEASURED_CPU_FAULT,CPU;INTERVAL_FAULTS,NA,NA,NA,NA,NA,NA,NA,NA,NA,NA,NA,NA,NA,NA,NA,NA,NA,NA,NA,NA,NA,NA,NA,TARGET_GONE,identity no longer active
2026-10-02T16:05:40Z,APP_21879_3030045,21879,3030045,27,2845,201.802,0,0,-1,-1,0,0.999931471,NA,NA,70.000000000,MEASURED_CPU_FAULT,CPU;INTERVAL_FAULTS,NA,NA,NA,NA,NA,NA,NA,NA,NA,NA,NA,NA,NA,NA,NA,NA,NA,NA,NA,NA,NA,NA,NA,TARGET_GONE,identity no longer active
2026-10-02T16:05:40Z,APP_21879_3030045,21879,3030045,27,2846,194.411,0,0,-1,-1,0,0.999931471,NA,NA,70.000000000,MEASURED_CPU_FAULT,CPU;INTERVAL_FAULTS,NA,NA,NA,NA,NA,NA,NA,NA,NA,NA,NA,NA,NA,NA,NA,NA,NA,NA,NA,NA,NA,NA,NA,TARGET_GONE,identity no longer active
2026-10-02T16:05:40Z,APP_21879_3030045,21879,3030045,27,2847,210.463,0,0,-1,-1,0,0.999931471,NA,NA,70.000000000,MEASURED_CPU_FAULT,CPU;INTERVAL_FAULTS,NA,NA,NA,NA,NA,NA,NA,NA,NA,NA,NA,NA,NA,NA,NA,NA,NA,NA,NA,NA,NA,NA,NA,TARGET_GONE,identity no longer active
2026-10-02T16:05:40Z,APP_21879_3030045,21879,3030045,27,2848,194.135,0,0,-1,-1,0,0.999931471,NA,NA,70.000000000,MEASURED_CPU_FAULT,CPU;INTERVAL_FAULTS,NA,NA,NA,NA,NA,NA,NA,NA,NA,NA,NA,NA,NA,NA,NA,NA,NA,NA,NA,NA,NA,NA,NA,TARGET_GONE,identity no longer active
2026-10-02T16:05:40Z,APP_21879_3030045,21879,3030045,27,2849,201.499,0,0,-1,-1,0,0.999931471,NA,NA,70.000000000,MEASURED_CPU_FAULT,CPU;INTERVAL_FAULTS,NA,NA,NA,NA,NA,NA,NA,NA,NA,NA,NA,NA,NA,NA,NA,NA,NA,NA,NA,NA,NA,NA,NA,TARGET_GONE,identity no longer active
2026-10-02T16:05:40Z,APP_21879_3030045,21879,3030045,27,2850,200.607,0,0,-1,-1,0,0.999931471,NA,NA,70.000000000,MEASURED_CPU_FAULT,CPU;INTERVAL_FAULTS,NA,NA,NA,NA,NA,NA,NA,NA,NA,NA,NA,NA,NA,NA,NA,NA,NA,NA,NA,NA,NA,NA,NA,TARGET_GONE,identity no longer active
2026-10-02T16:05:41Z,APP_21879_3030045,21879,3030045,27,2851,201.499,0,0,-1,-1,0,0.999931471,NA,NA,70.000000000,MEASURED_CPU_FAULT,CPU;INTERVAL_FAULTS,NA,NA,NA,NA,NA,NA,NA,NA,NA,NA,NA,NA,NA,NA,NA,NA,NA,NA,NA,NA,NA,NA,NA,TARGET_GONE,identity no longer active
2026-10-02T16:05:41Z,APP_21879_3030045,21879,3030045,27,2852,200.447,0,0,-1,-1,0,0.999931471,NA,NA,70.000000000,MEASURED_CPU_FAULT,CPU;INTERVAL_FAULTS,NA,NA,NA,NA,NA,NA,NA,NA,NA,NA,NA,NA,NA,NA,NA,NA,NA,NA,NA,NA,NA,NA,NA,TARGET_GONE,identity no longer active
2026-10-02T16:05:41Z,APP_21879_3030045,21879,3030045,27,2853,191.617,0,0,-1,-1,0,0.999931471,NA,NA,70.000000000,MEASURED_CPU_FAULT,CPU;INTERVAL_FAULTS,NA,NA,NA,NA,NA,NA,NA,NA,NA,NA,NA,NA,NA,NA,NA,NA,NA,NA,NA,NA,NA,NA,NA,TARGET_GONE,identity no longer active
2026-10-02T16:05:41Z,APP_21879_3030045,21879,3030045,27,2854,201.499,0,0,-1,-1,0,0.999931471,NA,NA,70.000000000,MEASURED_CPU_FAULT,CPU;INTERVAL_FAULTS,NA,NA,NA,NA,NA,NA,NA,NA,NA,NA,NA,NA,NA,NA,NA,NA,NA,NA,NA,NA,NA,NA,NA,TARGET_GONE,identity no longer active
2026-10-02T16:05:41Z,APP_21879_3030045,21879,3030045,27,2855,202.187,0,0,-1,-1,0,0.999931471,NA,NA,70.000000000,MEASURED_CPU_FAULT,CPU;INTERVAL_FAULTS,NA,NA,NA,NA,NA,NA,NA,NA,NA,NA,NA,NA,NA,NA,NA,NA,NA,NA,NA,NA,NA,NA,NA,TARGET_GONE,identity no longer active
2026-10-02T16:05:41Z,APP_21879_3030045,21879,3030045,27,2856,201.499,0,0,-1,-1,0,0.999931471,NA,NA,70.000000000,MEASURED_CPU_FAULT,CPU;INTERVAL_FAULTS,NA,NA,NA,NA,NA,NA,NA,NA,NA,NA,NA,NA,NA,NA,NA,NA,NA,NA,NA,NA,NA,NA,NA,TARGET_GONE,identity no longer active
2026-10-02T16:05:41Z,APP_21879_3030045,21879,3030045,27,2857,194.529,0,0,-1,-1,0,0.999931471,NA,NA,70.000000000,MEASURED_CPU_FAULT,CPU;INTERVAL_FAULTS,NA,NA,NA,NA,NA,NA,NA,NA,NA,NA,NA,NA,NA,NA,NA,NA,NA,NA,NA,NA,NA,NA,NA,TARGET_GONE,identity no longer active
2026-10-02T16:05:41Z,APP_21879_3030045,21879,3030045,27,2858,201.198,0,0,-1,-1,0,0.999931471,NA,NA,70.000000000,MEASURED_CPU_FAULT,CPU;INTERVAL_FAULTS,NA,NA,NA,NA,NA,NA,NA,NA,NA,NA,NA,NA,NA,NA,NA,NA,NA,NA,NA,NA,NA,NA,NA,TARGET_GONE,identity no longer active
2026-10-02T16:05:42Z,APP_21879_3030045,21879,3030045,27,2859,200.607,0,0,-1,-1,0,0.999931471,NA,NA,70.000000000,MEASURED_CPU_FAULT,CPU;INTERVAL_FAULTS,NA,NA,NA,NA,NA,NA,NA,NA,NA,NA,NA,NA,NA,NA,NA,NA,NA,NA,NA,NA,NA,NA,NA,TARGET_GONE,identity no longer active
2026-10-02T16:05:42Z,APP_21879_3030045,21879,3030045,27,2860,201.198,0,0,-1,-1,0,0.999931471,NA,NA,70.000000000,MEASURED_CPU_FAULT,CPU;INTERVAL_FAULTS,NA,NA,NA,NA,NA,NA,NA,NA,NA,NA,NA,NA,NA,NA,NA,NA,NA,NA,NA,NA,NA,NA,NA,TARGET_GONE,identity no longer active
2026-10-02T16:05:42Z,APP_21879_3030045,21879,3030045,27,2861,204.458,0,0,-1,-1,0,0.999931471,NA,NA,70.000000000,MEASURED_CPU_FAULT,CPU;INTERVAL_FAULTS,NA,NA,NA,NA,NA,NA,NA,NA,NA,NA,NA,NA,NA,NA,NA,NA,NA,NA,NA,NA,NA,NA,NA,TARGET_GONE,identity no longer active
2026-10-02T16:05:42Z,APP_21879_3030045,21879,3030045,27,2862,192.192,0,0,-1,-1,0,0.999931471,NA,NA,70.000000000,MEASURED_CPU_FAULT,CPU;INTERVAL_FAULTS,NA,NA,NA,NA,NA,NA,NA,NA,NA,NA,NA,NA,NA,NA,NA,NA,NA,NA,NA,NA,NA,NA,NA,TARGET_GONE,identity no longer active
2026-10-02T16:05:42Z,APP_21879_3030045,21879,3030045,27,2863,201.802,0,0,-1,-1,0,0.999931471,NA,NA,70.000000000,MEASURED_CPU_FAULT,CPU;INTERVAL_FAULTS,NA,NA,NA,NA,NA,NA,NA,NA,NA,NA,NA,NA,NA,NA,NA,NA,NA,NA,NA,NA,NA,NA,NA,TARGET_GONE,identity no longer active
2026-10-02T16:05:42Z,APP_21879_3030045,21879,3030045,27,2864,194.411,0,0,-1,-1,0,0.999931471,NA,NA,70.000000000,MEASURED_CPU_FAULT,CPU;INTERVAL_FAULTS,NA,NA,NA,NA,NA,NA,NA,NA,NA,NA,NA,NA,NA,NA,NA,NA,NA,NA,NA,NA,NA,NA,NA,TARGET_GONE,identity no longer active
2026-10-02T16:05:42Z,APP_21879_3030045,21879,3030045,27,2865,201.802,0,0,-1,-1,0,0.999931471,NA,NA,70.000000000,MEASURED_CPU_FAULT,CPU;INTERVAL_FAULTS,NA,NA,NA,NA,NA,NA,NA,NA,NA,NA,NA,NA,NA,NA,NA,NA,NA,NA,NA,NA,NA,NA,NA,TARGET_GONE,identity no longer active
2026-10-02T16:05:42Z,APP_21879_3030045,21879,3030045,27,2866,201.179,0,0,-1,-1,0,0.999931471,NA,NA,70.000000000,MEASURED_CPU_FAULT,CPU;INTERVAL_FAULTS,NA,NA,NA,NA,NA,NA,NA,NA,NA,NA,NA,NA,NA,NA,NA,NA,NA,NA,NA,NA,NA,NA,NA,TARGET_GONE,identity no longer active
2026-10-02T16:05:43Z,APP_21879_3030045,21879,3030045,27,2867,201.802,0,0,-1,-1,0,0.999931471,NA,NA,70.000000000,MEASURED_CPU_FAULT,CPU;INTERVAL_FAULTS,NA,NA,NA,NA,NA,NA,NA,NA,NA,NA,NA,NA,NA,NA,NA,NA,NA,NA,NA,NA,NA,NA,NA,TARGET_GONE,identity no longer active
2026-10-02T16:05:43Z,APP_21879_3030045,21879,3030045,27,2868,194.135,0,0,-1,-1,0,0.999931471,NA,NA,70.000000000,MEASURED_CPU_FAULT,CPU;INTERVAL_FAULTS,NA,NA,NA,NA,NA,NA,NA,NA,NA,NA,NA,NA,NA,NA,NA,NA,NA,NA,NA,NA,NA,NA,NA,TARGET_GONE,identity no longer active
2026-10-02T16:05:43Z,APP_21879_3030045,21879,3030045,27,2869,201.802,0,0,-1,-1,0,0.999931471,NA,NA,70.000000000,MEASURED_CPU_FAULT,CPU;INTERVAL_FAULTS,NA,NA,NA,NA,NA,NA,NA,NA,NA,NA,NA,NA,NA,NA,NA,NA,NA,NA,NA,NA,NA,NA,NA,TARGET_GONE,identity no longer active
2026-10-02T16:05:43Z,APP_21879_3030045,21879,3030045,27,2870,200.583,0,0,-1,-1,0,0.999931471,NA,NA,70.000000000,MEASURED_CPU_FAULT,CPU;INTERVAL_FAULTS,NA,NA,NA,NA,NA,NA,NA,NA,NA,NA,NA,NA,NA,NA,NA,NA,NA,NA,NA,NA,NA,NA,NA,TARGET_GONE,identity no longer active
2026-10-02T16:05:43Z,APP_21879_3030045,21879,3030045,27,2871,210.778,0,0,-1,-1,0,0.999931471,NA,NA,70.000000000,MEASURED_CPU_FAULT,CPU;INTERVAL_FAULTS,NA,NA,NA,NA,NA,NA,NA,NA,NA,NA,NA,NA,NA,NA,NA,NA,NA,NA,NA,NA,NA,NA,NA,TARGET_GONE,identity no longer active
2026-10-02T16:05:43Z,APP_21879_3030045,21879,3030045,27,2872,201.499,0,0,-1,-1,0,0.999931471,NA,NA,70.000000000,MEASURED_CPU_FAULT,CPU;INTERVAL_FAULTS,NA,NA,NA,NA,NA,NA,NA,NA,NA,NA,NA,NA,NA,NA,NA,NA,NA,NA,NA,NA,NA,NA,NA,TARGET_GONE,identity no longer active
2026-10-02T16:05:43Z,APP_21879_3030045,21879,3030045,27,2873,194.411,0,0,-1,-1,0,0.999931471,NA,NA,70.000000000,MEASURED_CPU_FAULT,CPU;INTERVAL_FAULTS,NA,NA,NA,NA,NA,NA,NA,NA,NA,NA,NA,NA,NA,NA,NA,NA,NA,NA,NA,NA,NA,NA,NA,TARGET_GONE,identity no longer active
2026-10-02T16:05:43Z,APP_21879_3030045,21879,3030045,27,2874,201.499,0,0,-1,-1,0,0.999931471,NA,NA,70.000000000,MEASURED_CPU_FAULT,CPU;INTERVAL_FAULTS,NA,NA,NA,NA,NA,NA,NA,NA,NA,NA,NA,NA,NA,NA,NA,NA,NA,NA,NA,NA,NA,NA,NA,TARGET_GONE,identity no longer active
2026-10-02T16:05:44Z,APP_21879_3030045,21879,3030045,27,2875,201.258,0,0,-1,-1,0,0.999931471,NA,NA,70.000000000,MEASURED_CPU_FAULT,CPU;INTERVAL_FAULTS,NA,NA,NA,NA,NA,NA,NA,NA,NA,NA,NA,NA,NA,NA,NA,NA,NA,NA,NA,NA,NA,NA,NA,TARGET_GONE,identity no longer active
2026-10-02T16:05:44Z,APP_21879_3030045,21879,3030045,27,2876,201.499,0,0,-1,-1,0,0.999931471,NA,NA,70.000000000,MEASURED_CPU_FAULT,CPU;INTERVAL_FAULTS,NA,NA,NA,NA,NA,NA,NA,NA,NA,NA,NA,NA,NA,NA,NA,NA,NA,NA,NA,NA,NA,NA,NA,TARGET_GONE,identity no longer active
2026-10-02T16:05:44Z,APP_21879_3030045,21879,3030045,27,2877,204.325,0,0,-1,-1,0,0.999931471,NA,NA,70.000000000,MEASURED_CPU_FAULT,CPU;INTERVAL_FAULTS,NA,NA,NA,NA,NA,NA,NA,NA,NA,NA,NA,NA,NA,NA,NA,NA,NA,NA,NA,NA,NA,NA,NA,TARGET_GONE,identity no longer active
2026-10-02T16:05:44Z,APP_21879_3030045,21879,3030045,27,2878,192.192,0,0,-1,-1,0,0.999931471,NA,NA,70.000000000,MEASURED_CPU_FAULT,CPU;INTERVAL_FAULTS,NA,NA,NA,NA,NA,NA,NA,NA,NA,NA,NA,NA,NA,NA,NA,NA,NA,NA,NA,NA,NA,NA,NA,TARGET_GONE,identity no longer active
2026-10-02T16:05:44Z,APP_21879_3030045,21879,3030045,27,2879,202.423,0,0,-1,-1,0,0.999931471,NA,NA,70.000000000,MEASURED_CPU_FAULT,CPU;INTERVAL_FAULTS,NA,NA,NA,NA,NA,NA,NA,NA,NA,NA,NA,NA,NA,NA,NA,NA,NA,NA,NA,NA,NA,NA,NA,TARGET_GONE,identity no longer active
2026-10-02T16:05:44Z,APP_21879_3030045,21879,3030045,27,2880,191.617,0,0,-1,-1,0,0.999931471,NA,NA,70.000000000,MEASURED_CPU_FAULT,CPU;INTERVAL_FAULTS,NA,NA,NA,NA,NA,NA,NA,NA,NA,NA,NA,NA,NA,NA,NA,NA,NA,NA,NA,NA,NA,NA,NA,TARGET_GONE,identity no longer active
2026-10-02T16:05:44Z,APP_21879_3030045,21879,3030045,27,2881,201.499,0,0,-1,-1,0,0.999931471,NA,NA,70.000000000,MEASURED_CPU_FAULT,CPU;INTERVAL_FAULTS,NA,NA,NA,NA,NA,NA,NA,NA,NA,NA,NA,NA,NA,NA,NA,NA,NA,NA,NA,NA,NA,NA,NA,TARGET_GONE,identity no longer active
2026-10-02T16:05:44Z,APP_21879_3030045,21879,3030045,27,2882,199.005,0,0,-1,-1,0,0.999931471,NA,NA,70.000000000,MEASURED_CPU_FAULT,CPU;INTERVAL_FAULTS,NA,NA,NA,NA,NA,NA,NA,NA,NA,NA,NA,NA,NA,NA,NA,NA,NA,NA,NA,NA,NA,NA,NA,TARGET_GONE,identity no longer active
2026-10-02T16:05:45Z,APP_21879_3030045,21879,3030045,27,2883,201.802,0,0,-1,-1,0,0.999931471,NA,NA,70.000000000,MEASURED_CPU_FAULT,CPU;INTERVAL_FAULTS,NA,NA,NA,NA,NA,NA,NA,NA,NA,NA,NA,NA,NA,NA,NA,NA,NA,NA,NA,NA,NA,NA,NA,TARGET_GONE,identity no longer active
2026-10-02T16:05:45Z,APP_21879_3030045,21879,3030045,27,2884,200.607,0,0,-1,-1,0,0.999931471,NA,NA,70.000000000,MEASURED_CPU_FAULT,CPU;INTERVAL_FAULTS,NA,NA,NA,NA,NA,NA,NA,NA,NA,NA,NA,NA,NA,NA,NA,NA,NA,NA,NA,NA,NA,NA,NA,TARGET_GONE,identity no longer active
2026-10-02T16:05:45Z,APP_21879_3030045,21879,3030045,27,2885,201.198,0,0,-1,-1,0,0.999931471,NA,NA,70.000000000,MEASURED_CPU_FAULT,CPU;INTERVAL_FAULTS,NA,NA,NA,NA,NA,NA,NA,NA,NA,NA,NA,NA,NA,NA,NA,NA,NA,NA,NA,NA,NA,NA,NA,TARGET_GONE,identity no longer active
2026-10-02T16:05:45Z,APP_21879_3030045,21879,3030045,27,2886,201.013,0,0,-1,-1,0,0.999931471,NA,NA,70.000000000,MEASURED_CPU_FAULT,CPU;INTERVAL_FAULTS,NA,NA,NA,NA,NA,NA,NA,NA,NA,NA,NA,NA,NA,NA,NA,NA,NA,NA,NA,NA,NA,NA,NA,TARGET_GONE,identity no longer active
2026-10-02T16:05:45Z,APP_21879_3030045,21879,3030045,27,2887,201.499,0,0,-1,-1,0,0.999931471,NA,NA,70.000000000,MEASURED_CPU_FAULT,CPU;INTERVAL_FAULTS,NA,NA,NA,NA,NA,NA,NA,NA,NA,NA,NA,NA,NA,NA,NA,NA,NA,NA,NA,NA,NA,NA,NA,TARGET_GONE,identity no longer active
2026-10-02T16:05:45Z,APP_21879_3030045,21879,3030045,27,2888,199.740,0,0,-1,-1,0,0.999931471,NA,NA,70.000000000,MEASURED_CPU_FAULT,CPU;INTERVAL_FAULTS,NA,NA,NA,NA,NA,NA,NA,NA,NA,NA,NA,NA,NA,NA,NA,NA,NA,NA,NA,NA,NA,NA,NA,TARGET_GONE,identity no longer active
2026-10-02T16:05:45Z,APP_21879_3030045,21879,3030045,27,2889,192.771,0,0,-1,-1,0,0.999931471,NA,NA,70.000000000,MEASURED_CPU_FAULT,CPU;INTERVAL_FAULTS,NA,NA,NA,NA,NA,NA,NA,NA,NA,NA,NA,NA,NA,NA,NA,NA,NA,NA,NA,NA,NA,NA,NA,TARGET_GONE,identity no longer active
2026-10-02T16:05:45Z,APP_21879_3030045,21879,3030045,27,2890,201.499,0,0,-1,-1,0,0.999931471,NA,NA,70.000000000,MEASURED_CPU_FAULT,CPU;INTERVAL_FAULTS,NA,NA,NA,NA,NA,NA,NA,NA,NA,NA,NA,NA,NA,NA,NA,NA,NA,NA,NA,NA,NA,NA,NA,TARGET_GONE,identity no longer active
2026-10-02T16:05:46Z,APP_21879_3030045,21879,3030045,27,2891,194.175,0,0,-1,-1,0,0.999931471,NA,NA,70.000000000,MEASURED_CPU_FAULT,CPU;INTERVAL_FAULTS,NA,NA,NA,NA,NA,NA,NA,NA,NA,NA,NA,NA,NA,NA,NA,NA,NA,NA,NA,NA,NA,NA,NA,TARGET_GONE,identity no longer active
2026-10-02T16:05:46Z,APP_21879_3030045,21879,3030045,27,2892,201.499,0,0,-1,-1,0,0.999931471,NA,NA,70.000000000,MEASURED_CPU_FAULT,CPU;INTERVAL_FAULTS,NA,NA,NA,NA,NA,NA,NA,NA,NA,NA,NA,NA,NA,NA,NA,NA,NA,NA,NA,NA,NA,NA,NA,TARGET_GONE,identity no longer active
2026-10-02T16:05:46Z,APP_21879_3030045,21879,3030045,27,2893,200.607,0,0,-1,-1,0,0.999931471,NA,NA,70.000000000,MEASURED_CPU_FAULT,CPU;INTERVAL_FAULTS,NA,NA,NA,NA,NA,NA,NA,NA,NA,NA,NA,NA,NA,NA,NA,NA,NA,NA,NA,NA,NA,NA,NA,TARGET_GONE,identity no longer active
2026-10-02T16:05:46Z,APP_21879_3030045,21879,3030045,27,2894,201.499,0,0,-1,-1,0,0.999931471,NA,NA,70.000000000,MEASURED_CPU_FAULT,CPU;INTERVAL_FAULTS,NA,NA,NA,NA,NA,NA,NA,NA,NA,NA,NA,NA,NA,NA,NA,NA,NA,NA,NA,NA,NA,NA,NA,TARGET_GONE,identity no longer active
2026-10-02T16:05:46Z,APP_21879_3030045,21879,3030045,27,2895,200.607,0,0,-1,-1,0,0.999931471,NA,NA,70.000000000,MEASURED_CPU_FAULT,CPU;INTERVAL_FAULTS,NA,NA,NA,NA,NA,NA,NA,NA,NA,NA,NA,NA,NA,NA,NA,NA,NA,NA,NA,NA,NA,NA,NA,TARGET_GONE,identity no longer active
2026-10-02T16:05:46Z,APP_21879_3030045,21879,3030045,27,2896,201.499,0,0,-1,-1,0,0.999931471,NA,NA,70.000000000,MEASURED_CPU_FAULT,CPU;INTERVAL_FAULTS,NA,NA,NA,NA,NA,NA,NA,NA,NA,NA,NA,NA,NA,NA,NA,NA,NA,NA,NA,NA,NA,NA,NA,TARGET_GONE,identity no longer active
2026-10-02T16:05:46Z,APP_21879_3030045,21879,3030045,27,2897,202.559,0,0,-1,-1,0,0.999931471,NA,NA,70.000000000,MEASURED_CPU_FAULT,CPU;INTERVAL_FAULTS,NA,NA,NA,NA,NA,NA,NA,NA,NA,NA,NA,NA,NA,NA,NA,NA,NA,NA,NA,NA,NA,NA,NA,TARGET_GONE,identity no longer active
2026-10-02T16:05:46Z,APP_21879_3030045,21879,3030045,27,2898,191.617,0,0,-1,-1,0,0.999931471,NA,NA,70.000000000,MEASURED_CPU_FAULT,CPU;INTERVAL_FAULTS,NA,NA,NA,NA,NA,NA,NA,NA,NA,NA,NA,NA,NA,NA,NA,NA,NA,NA,NA,NA,NA,NA,NA,TARGET_GONE,identity no longer active
2026-10-02T16:05:47Z,APP_21879_3030045,21879,3030045,27,2899,201.802,0,0,-1,-1,0,0.999931471,NA,NA,70.000000000,MEASURED_CPU_FAULT,CPU;INTERVAL_FAULTS,NA,NA,NA,NA,NA,NA,NA,NA,NA,NA,NA,NA,NA,NA,NA,NA,NA,NA,NA,NA,NA,NA,NA,TARGET_GONE,identity no longer active
2026-10-02T16:05:47Z,APP_21879_3030045,21879,3030045,27,2900,194.647,0,0,-1,-1,0,0.999931471,NA,NA,70.000000000,MEASURED_CPU_FAULT,CPU;INTERVAL_FAULTS,NA,NA,NA,NA,NA,NA,NA,NA,NA,NA,NA,NA,NA,NA,NA,NA,NA,NA,NA,NA,NA,NA,NA,TARGET_GONE,identity no longer active
2026-10-02T16:05:47Z,APP_21879_3030045,21879,3030045,27,2901,201.499,0,0,-1,-1,0,0.999931471,NA,NA,70.000000000,MEASURED_CPU_FAULT,CPU;INTERVAL_FAULTS,NA,NA,NA,NA,NA,NA,NA,NA,NA,NA,NA,NA,NA,NA,NA,NA,NA,NA,NA,NA,NA,NA,NA,TARGET_GONE,identity no longer active
2026-10-02T16:05:47Z,APP_21879_3030045,21879,3030045,27,2902,200.810,0,0,-1,-1,0,0.999931471,NA,NA,70.000000000,MEASURED_CPU_FAULT,CPU;INTERVAL_FAULTS,NA,NA,NA,NA,NA,NA,NA,NA,NA,NA,NA,NA,NA,NA,NA,NA,NA,NA,NA,NA,NA,NA,NA,TARGET_GONE,identity no longer active
2026-10-02T16:05:47Z,APP_21879_3030045,21879,3030045,27,2903,201.499,0,0,-1,-1,0,0.999931471,NA,NA,70.000000000,MEASURED_CPU_FAULT,CPU;INTERVAL_FAULTS,NA,NA,NA,NA,NA,NA,NA,NA,NA,NA,NA,NA,NA,NA,NA,NA,NA,NA,NA,NA,NA,NA,NA,TARGET_GONE,identity no longer active
2026-10-02T16:05:47Z,APP_21879_3030045,21879,3030045,27,2904,200.607,0,0,-1,-1,0,0.999931471,NA,NA,70.000000000,MEASURED_CPU_FAULT,CPU;INTERVAL_FAULTS,NA,NA,NA,NA,NA,NA,NA,NA,NA,NA,NA,NA,NA,NA,NA,NA,NA,NA,NA,NA,NA,NA,NA,TARGET_GONE,identity no longer active
2026-10-02T16:05:47Z,APP_21879_3030045,21879,3030045,27,2905,191.617,0,0,-1,-1,0,0.999931471,NA,NA,70.000000000,MEASURED_CPU_FAULT,CPU;INTERVAL_FAULTS,NA,NA,NA,NA,NA,NA,NA,NA,NA,NA,NA,NA,NA,NA,NA,NA,NA,NA,NA,NA,NA,NA,NA,TARGET_GONE,identity no longer active
2026-10-02T16:05:48Z,APP_21879_3030045,21879,3030045,27,2906,201.186,0,0,-1,-1,0,0.999931471,NA,NA,70.000000000,MEASURED_CPU_FAULT,CPU;INTERVAL_FAULTS,NA,NA,NA,NA,NA,NA,NA,NA,NA,NA,NA,NA,NA,NA,NA,NA,NA,NA,NA,NA,NA,NA,NA,TARGET_GONE,identity no longer active
2026-10-02T16:05:48Z,APP_21879_3030045,21879,3030045,27,2907,204.800,0,0,-1,-1,0,0.999931471,NA,NA,70.000000000,MEASURED_CPU_FAULT,CPU;INTERVAL_FAULTS,NA,NA,NA,NA,NA,NA,NA,NA,NA,NA,NA,NA,NA,NA,NA,NA,NA,NA,NA,NA,NA,NA,NA,TARGET_GONE,identity no longer active
2026-10-02T16:05:48Z,APP_21879_3030045,21879,3030045,27,2908,201.198,0,0,-1,-1,0,0.999931471,NA,NA,70.000000000,MEASURED_CPU_FAULT,CPU;INTERVAL_FAULTS,NA,NA,NA,NA,NA,NA,NA,NA,NA,NA,NA,NA,NA,NA,NA,NA,NA,NA,NA,NA,NA,NA,NA,TARGET_GONE,identity no longer active
2026-10-02T16:05:48Z,APP_21879_3030045,21879,3030045,27,2909,195.719,0,0,-1,-1,0,0.999931471,NA,NA,70.000000000,MEASURED_CPU_FAULT,CPU;INTERVAL_FAULTS,NA,NA,NA,NA,NA,NA,NA,NA,NA,NA,NA,NA,NA,NA,NA,NA,NA,NA,NA,NA,NA,NA,NA,TARGET_GONE,identity no longer active
2026-10-02T16:05:48Z,APP_21879_3030045,21879,3030045,27,2910,210.778,0,0,-1,-1,0,0.999931471,NA,NA,70.000000000,MEASURED_CPU_FAULT,CPU;INTERVAL_FAULTS,NA,NA,NA,NA,NA,NA,NA,NA,NA,NA,NA,NA,NA,NA,NA,NA,NA,NA,NA,NA,NA,NA,NA,TARGET_GONE,identity no longer active
2026-10-02T16:05:48Z,APP_21879_3030045,21879,3030045,27,2911,194.135,0,0,-1,-1,0,0.999931471,NA,NA,70.000000000,MEASURED_CPU_FAULT,CPU;INTERVAL_FAULTS,NA,NA,NA,NA,NA,NA,NA,NA,NA,NA,NA,NA,NA,NA,NA,NA,NA,NA,NA,NA,NA,NA,NA,TARGET_GONE,identity no longer active
2026-10-02T16:05:48Z,APP_21879_3030045,21879,3030045,27,2912,201.499,0,0,-1,-1,0,0.999931471,NA,NA,70.000000000,MEASURED_CPU_FAULT,CPU;INTERVAL_FAULTS,NA,NA,NA,NA,NA,NA,NA,NA,NA,NA,NA,NA,NA,NA,NA,NA,NA,NA,NA,NA,NA,NA,NA,TARGET_GONE,identity no longer active
2026-10-02T16:05:48Z,APP_21879_3030045,21879,3030045,27,2913,200.607,0,0,-1,-1,0,0.999931471,NA,NA,70.000000000,MEASURED_CPU_FAULT,CPU;INTERVAL_FAULTS,NA,NA,NA,NA,NA,NA,NA,NA,NA,NA,NA,NA,NA,NA,NA,NA,NA,NA,NA,NA,NA,NA,NA,TARGET_GONE,identity no longer active
2026-10-02T16:05:48Z,APP_21879_3030045,21879,3030045,27,2914,201.499,0,0,-1,-1,0,0.999931471,NA,NA,70.000000000,MEASURED_CPU_FAULT,CPU;INTERVAL_FAULTS,NA,NA,NA,NA,NA,NA,NA,NA,NA,NA,NA,NA,NA,NA,NA,NA,NA,NA,NA,NA,NA,NA,NA,TARGET_GONE,identity no longer active
2026-10-02T16:05:49Z,APP_21879_3030045,21879,3030045,27,2915,202.062,0,0,-1,-1,0,0.999931471,NA,NA,70.000000000,MEASURED_CPU_FAULT,CPU;INTERVAL_FAULTS,NA,NA,NA,NA,NA,NA,NA,NA,NA,NA,NA,NA,NA,NA,NA,NA,NA,NA,NA,NA,NA,NA,NA,TARGET_GONE,identity no longer active
2026-10-02T16:05:49Z,APP_21879_3030045,21879,3030045,27,2916,192.385,0,0,-1,-1,0,0.999931471,NA,NA,70.000000000,MEASURED_CPU_FAULT,CPU;INTERVAL_FAULTS,NA,NA,NA,NA,NA,NA,NA,NA,NA,NA,NA,NA,NA,NA,NA,NA,NA,NA,NA,NA,NA,NA,NA,TARGET_GONE,identity no longer active
2026-10-02T16:05:49Z,APP_21879_3030045,21879,3030045,27,2917,201.499,0,0,-1,-1,0,0.999931471,NA,NA,70.000000000,MEASURED_CPU_FAULT,CPU;INTERVAL_FAULTS,NA,NA,NA,NA,NA,NA,NA,NA,NA,NA,NA,NA,NA,NA,NA,NA,NA,NA,NA,NA,NA,NA,NA,TARGET_GONE,identity no longer active
2026-10-02T16:05:49Z,APP_21879_3030045,21879,3030045,27,2918,200.284,0,0,-1,-1,0,0.999931471,NA,NA,70.000000000,MEASURED_CPU_FAULT,CPU;INTERVAL_FAULTS,NA,NA,NA,NA,NA,NA,NA,NA,NA,NA,NA,NA,NA,NA,NA,NA,NA,NA,NA,NA,NA,NA,NA,TARGET_GONE,identity no longer active
2026-10-02T16:05:49Z,APP_21879_3030045,21879,3030045,27,2919,201.499,0,0,-1,-1,0,0.999931471,NA,NA,70.000000000,MEASURED_CPU_FAULT,CPU;INTERVAL_FAULTS,NA,NA,NA,NA,NA,NA,NA,NA,NA,NA,NA,NA,NA,NA,NA,NA,NA,NA,NA,NA,NA,NA,NA,TARGET_GONE,identity no longer active
2026-10-02T16:05:49Z,APP_21879_3030045,21879,3030045,27,2920,197.734,0,0,-1,-1,0,0.999931471,NA,NA,70.000000000,MEASURED_CPU_FAULT,CPU;INTERVAL_FAULTS,NA,NA,NA,NA,NA,NA,NA,NA,NA,NA,NA,NA,NA,NA,NA,NA,NA,NA,NA,NA,NA,NA,NA,TARGET_GONE,identity no longer active
2026-10-02T16:05:49Z,APP_21879_3030045,21879,3030045,27,2921,202.105,0,0,-1,-1,0,0.999931471,NA,NA,70.000000000,MEASURED_CPU_FAULT,CPU;INTERVAL_FAULTS,NA,NA,NA,NA,NA,NA,NA,NA,NA,NA,NA,NA,NA,NA,NA,NA,NA,NA,NA,NA,NA,NA,NA,TARGET_GONE,identity no longer active
2026-10-02T16:05:50Z,APP_21879_3030045,21879,3030045,27,2922,197.328,0,0,-1,-1,0,0.999931471,NA,NA,70.000000000,MEASURED_CPU_FAULT,CPU;INTERVAL_FAULTS,NA,NA,NA,NA,NA,NA,NA,NA,NA,NA,NA,NA,NA,NA,NA,NA,NA,NA,NA,NA,NA,NA,NA,TARGET_GONE,identity no longer active
2026-10-02T16:05:50Z,APP_21879_3030045,21879,3030045,27,2923,201.802,0,0,-1,-1,0,0.999931471,NA,NA,70.000000000,MEASURED_CPU_FAULT,CPU;INTERVAL_FAULTS,NA,NA,NA,NA,NA,NA,NA,NA,NA,NA,NA,NA,NA,NA,NA,NA,NA,NA,NA,NA,NA,NA,NA,TARGET_GONE,identity no longer active
2026-10-02T16:05:50Z,APP_21879_3030045,21879,3030045,27,2924,197.753,0,0,-1,-1,0,0.999931471,NA,NA,70.000000000,MEASURED_CPU_FAULT,CPU;INTERVAL_FAULTS,NA,NA,NA,NA,NA,NA,NA,NA,NA,NA,NA,NA,NA,NA,NA,NA,NA,NA,NA,NA,NA,NA,NA,TARGET_GONE,identity no longer active
2026-10-02T16:05:50Z,APP_21879_3030045,21879,3030045,27,2925,204.391,0,0,-1,-1,0,0.999931471,NA,NA,70.000000000,MEASURED_CPU_FAULT,CPU;INTERVAL_FAULTS,NA,NA,NA,NA,NA,NA,NA,NA,NA,NA,NA,NA,NA,NA,NA,NA,NA,NA,NA,NA,NA,NA,NA,TARGET_GONE,identity no longer active
2026-10-02T16:05:50Z,APP_21879_3030045,21879,3030045,27,2926,201.802,0,0,-1,-1,0,0.999931471,NA,NA,70.000000000,MEASURED_CPU_FAULT,CPU;INTERVAL_FAULTS,NA,NA,NA,NA,NA,NA,NA,NA,NA,NA,NA,NA,NA,NA,NA,NA,NA,NA,NA,NA,NA,NA,NA,TARGET_GONE,identity no longer active
2026-10-02T16:05:50Z,APP_21879_3030045,21879,3030045,27,2927,200.942,0,0,-1,-1,0,0.999931471,NA,NA,70.000000000,MEASURED_CPU_FAULT,CPU;INTERVAL_FAULTS,NA,NA,NA,NA,NA,NA,NA,NA,NA,NA,NA,NA,NA,NA,NA,NA,NA,NA,NA,NA,NA,NA,NA,TARGET_GONE,identity no longer active
2026-10-02T16:05:50Z,APP_21879_3030045,21879,3030045,27,2928,201.499,0,0,-1,-1,0,0.999931471,NA,NA,70.000000000,MEASURED_CPU_FAULT,CPU;INTERVAL_FAULTS,NA,NA,NA,NA,NA,NA,NA,NA,NA,NA,NA,NA,NA,NA,NA,NA,NA,NA,NA,NA,NA,NA,NA,TARGET_GONE,identity no longer active
2026-10-02T16:05:50Z,APP_21879_3030045,21879,3030045,27,2929,197.938,0,0,-1,-1,0,0.999931471,NA,NA,70.000000000,MEASURED_CPU_FAULT,CPU;INTERVAL_FAULTS,NA,NA,NA,NA,NA,NA,NA,NA,NA,NA,NA,NA,NA,NA,NA,NA,NA,NA,NA,NA,NA,NA,NA,TARGET_GONE,identity no longer active
2026-10-02T16:05:51Z,APP_21879_3030045,21879,3030045,27,2930,201.499,0,0,-1,-1,0,0.999931471,NA,NA,70.000000000,MEASURED_CPU_FAULT,CPU;INTERVAL_FAULTS,NA,NA,NA,NA,NA,NA,NA,NA,NA,NA,NA,NA,NA,NA,NA,NA,NA,NA,NA,NA,NA,NA,NA,TARGET_GONE,identity no longer active
2026-10-02T16:05:51Z,APP_21879_3030045,21879,3030045,27,2931,197.938,0,0,-1,-1,0,0.999931471,NA,NA,70.000000000,MEASURED_CPU_FAULT,CPU;INTERVAL_FAULTS,NA,NA,NA,NA,NA,NA,NA,NA,NA,NA,NA,NA,NA,NA,NA,NA,NA,NA,NA,NA,NA,NA,NA,TARGET_GONE,identity no longer active
2026-10-02T16:05:51Z,APP_21879_3030045,21879,3030045,27,2932,202.105,0,0,-1,-1,0,0.999931471,NA,NA,70.000000000,MEASURED_CPU_FAULT,CPU;INTERVAL_FAULTS,NA,NA,NA,NA,NA,NA,NA,NA,NA,NA,NA,NA,NA,NA,NA,NA,NA,NA,NA,NA,NA,NA,NA,TARGET_GONE,identity no longer active
2026-10-02T16:05:51Z,APP_21879_3030045,21879,3030045,27,2933,199.660,0,0,-1,-1,0,0.999931471,NA,NA,70.000000000,MEASURED_CPU_FAULT,CPU;INTERVAL_FAULTS,NA,NA,NA,NA,NA,NA,NA,NA,NA,NA,NA,NA,NA,NA,NA,NA,NA,NA,NA,NA,NA,NA,NA,TARGET_GONE,identity no longer active
2026-10-02T16:05:51Z,APP_21879_3030045,21879,3030045,27,2934,205.210,0,0,-1,-1,0,0.999931471,NA,NA,70.000000000,MEASURED_CPU_FAULT,CPU;INTERVAL_FAULTS,NA,NA,NA,NA,NA,NA,NA,NA,NA,NA,NA,NA,NA,NA,NA,NA,NA,NA,NA,NA,NA,NA,NA,TARGET_GONE,identity no longer active
2026-10-02T16:05:51Z,APP_21879_3030045,21879,3030045,27,2935,191.904,0,0,-1,-1,0,0.999931471,NA,NA,70.000000000,MEASURED_CPU_FAULT,CPU;INTERVAL_FAULTS,NA,NA,NA,NA,NA,NA,NA,NA,NA,NA,NA,NA,NA,NA,NA,NA,NA,NA,NA,NA,NA,NA,NA,TARGET_GONE,identity no longer active
2026-10-02T16:05:51Z,APP_21879_3030045,21879,3030045,27,2936,206.708,0,0,-1,-1,0,0.999931471,NA,NA,70.000000000,MEASURED_CPU_FAULT,CPU;INTERVAL_FAULTS,NA,NA,NA,NA,NA,NA,NA,NA,NA,NA,NA,NA,NA,NA,NA,NA,NA,NA,NA,NA,NA,NA,NA,TARGET_GONE,identity no longer active
2026-10-02T16:05:51Z,APP_21879_3030045,21879,3030045,27,2937,201.802,0,0,-1,-1,0,0.999931471,NA,NA,70.000000000,MEASURED_CPU_FAULT,CPU;INTERVAL_FAULTS,NA,NA,NA,NA,NA,NA,NA,NA,NA,NA,NA,NA,NA,NA,NA,NA,NA,NA,NA,NA,NA,NA,NA,TARGET_GONE,identity no longer active
2026-10-02T16:05:52Z,APP_21879_3030045,21879,3030045,27,2938,198.347,0,0,-1,-1,0,0.999931471,NA,NA,70.000000000,MEASURED_CPU_FAULT,CPU;INTERVAL_FAULTS,NA,NA,NA,NA,NA,NA,NA,NA,NA,NA,NA,NA,NA,NA,NA,NA,NA,NA,NA,NA,NA,NA,NA,TARGET_GONE,identity no longer active
2026-10-02T16:05:52Z,APP_21879_3030045,21879,3030045,27,2939,201.802,0,0,-1,-1,0,0.999931471,NA,NA,70.000000000,MEASURED_CPU_FAULT,CPU;INTERVAL_FAULTS,NA,NA,NA,NA,NA,NA,NA,NA,NA,NA,NA,NA,NA,NA,NA,NA,NA,NA,NA,NA,NA,NA,NA,TARGET_GONE,identity no longer active
2026-10-02T16:05:52Z,APP_21879_3030045,21879,3030045,27,2940,198.142,0,0,-1,-1,0,0.999931471,NA,NA,70.000000000,MEASURED_CPU_FAULT,CPU;INTERVAL_FAULTS,NA,NA,NA,NA,NA,NA,NA,NA,NA,NA,NA,NA,NA,NA,NA,NA,NA,NA,NA,NA,NA,NA,NA,TARGET_GONE,identity no longer active
2026-10-02T16:05:52Z,APP_21879_3030045,21879,3030045,27,2941,201.499,0,0,-1,-1,0,0.999931471,NA,NA,70.000000000,MEASURED_CPU_FAULT,CPU;INTERVAL_FAULTS,NA,NA,NA,NA,NA,NA,NA,NA,NA,NA,NA,NA,NA,NA,NA,NA,NA,NA,NA,NA,NA,NA,NA,TARGET_GONE,identity no longer active
2026-10-02T16:05:52Z,APP_21879_3030045,21879,3030045,27,2942,198.964,0,0,-1,-1,0,0.999931471,NA,NA,70.000000000,MEASURED_CPU_FAULT,CPU;INTERVAL_FAULTS,NA,NA,NA,NA,NA,NA,NA,NA,NA,NA,NA,NA,NA,NA,NA,NA,NA,NA,NA,NA,NA,NA,NA,TARGET_GONE,identity no longer active
2026-10-02T16:05:52Z,APP_21879_3030045,21879,3030045,27,2943,191.617,0,0,-1,-1,0,0.999931471,NA,NA,70.000000000,MEASURED_CPU_FAULT,CPU;INTERVAL_FAULTS,NA,NA,NA,NA,NA,NA,NA,NA,NA,NA,NA,NA,NA,NA,NA,NA,NA,NA,NA,NA,NA,NA,NA,TARGET_GONE,identity no longer active
2026-10-02T16:05:52Z,APP_21879_3030045,21879,3030045,27,2944,211.411,0,0,-1,-1,0,0.999931471,NA,NA,70.000000000,MEASURED_CPU_FAULT,CPU;INTERVAL_FAULTS,NA,NA,NA,NA,NA,NA,NA,NA,NA,NA,NA,NA,NA,NA,NA,NA,NA,NA,NA,NA,NA,NA,NA,TARGET_GONE,identity no longer active
2026-10-02T16:05:53Z,APP_21879_3030045,21879,3030045,27,2945,199.005,0,0,-1,-1,0,0.999931471,NA,NA,70.000000000,MEASURED_CPU_FAULT,CPU;INTERVAL_FAULTS,NA,NA,NA,NA,NA,NA,NA,NA,NA,NA,NA,NA,NA,NA,NA,NA,NA,NA,NA,NA,NA,NA,NA,TARGET_GONE,identity no longer active
2026-10-02T16:05:53Z,APP_21879_3030045,21879,3030045,27,2946,201.198,0,0,-1,-1,0,0.999931471,NA,NA,70.000000000,MEASURED_CPU_FAULT,CPU;INTERVAL_FAULTS,NA,NA,NA,NA,NA,NA,NA,NA,NA,NA,NA,NA,NA,NA,NA,NA,NA,NA,NA,NA,NA,NA,NA,TARGET_GONE,identity no longer active
2026-10-02T16:05:53Z,APP_21879_3030045,21879,3030045,27,2947,197.938,0,0,-1,-1,0,0.999931471,NA,NA,70.000000000,MEASURED_CPU_FAULT,CPU;INTERVAL_FAULTS,NA,NA,NA,NA,NA,NA,NA,NA,NA,NA,NA,NA,NA,NA,NA,NA,NA,NA,NA,NA,NA,NA,NA,TARGET_GONE,identity no longer active
2026-10-02T16:05:53Z,APP_21879_3030045,21879,3030045,27,2948,201.499,0,0,-1,-1,0,0.999931471,NA,NA,70.000000000,MEASURED_CPU_FAULT,CPU;INTERVAL_FAULTS,NA,NA,NA,NA,NA,NA,NA,NA,NA,NA,NA,NA,NA,NA,NA,NA,NA,NA,NA,NA,NA,NA,NA,TARGET_GONE,identity no longer active
2026-10-02T16:05:53Z,APP_21879_3030045,21879,3030045,27,2949,197.938,0,0,-1,-1,0,0.999931471,NA,NA,70.000000000,MEASURED_CPU_FAULT,CPU;INTERVAL_FAULTS,NA,NA,NA,NA,NA,NA,NA,NA,NA,NA,NA,NA,NA,NA,NA,NA,NA,NA,NA,NA,NA,NA,NA,TARGET_GONE,identity no longer active
2026-10-02T16:05:53Z,APP_21879_3030045,21879,3030045,27,2950,201.198,0,0,-1,-1,0,0.999931471,NA,NA,70.000000000,MEASURED_CPU_FAULT,CPU;INTERVAL_FAULTS,NA,NA,NA,NA,NA,NA,NA,NA,NA,NA,NA,NA,NA,NA,NA,NA,NA,NA,NA,NA,NA,NA,NA,TARGET_GONE,identity no longer active
2026-10-02T16:05:53Z,APP_21879_3030045,21879,3030045,27,2951,200.130,0,0,-1,-1,0,0.999931471,NA,NA,70.000000000,MEASURED_CPU_FAULT,CPU;INTERVAL_FAULTS,NA,NA,NA,NA,NA,NA,NA,NA,NA,NA,NA,NA,NA,NA,NA,NA,NA,NA,NA,NA,NA,NA,NA,TARGET_GONE,identity no longer active
2026-10-02T16:05:53Z,APP_21879_3030045,21879,3030045,27,2952,204.391,0,0,-1,-1,0,0.999931471,NA,NA,70.000000000,MEASURED_CPU_FAULT,CPU;INTERVAL_FAULTS,NA,NA,NA,NA,NA,NA,NA,NA,NA,NA,NA,NA,NA,NA,NA,NA,NA,NA,NA,NA,NA,NA,NA,TARGET_GONE,identity no longer active
2026-10-02T16:05:54Z,APP_21879_3030045,21879,3030045,27,2953,201.802,0,0,-1,-1,0,0.999931471,NA,NA,70.000000000,MEASURED_CPU_FAULT,CPU;INTERVAL_FAULTS,NA,NA,NA,NA,NA,NA,NA,NA,NA,NA,NA,NA,NA,NA,NA,NA,NA,NA,NA,NA,NA,NA,NA,TARGET_GONE,identity no longer active
2026-10-02T16:05:54Z,APP_21879_3030045,21879,3030045,27,2954,199.005,0,0,-1,-1,0,0.999931471,NA,NA,70.000000000,MEASURED_CPU_FAULT,CPU;INTERVAL_FAULTS,NA,NA,NA,NA,NA,NA,NA,NA,NA,NA,NA,NA,NA,NA,NA,NA,NA,NA,NA,NA,NA,NA,NA,TARGET_GONE,identity no longer active
2026-10-02T16:05:54Z,APP_21879_3030045,21879,3030045,27,2955,191.617,0,0,-1,-1,0,0.999931471,NA,NA,70.000000000,MEASURED_CPU_FAULT,CPU;INTERVAL_FAULTS,NA,NA,NA,NA,NA,NA,NA,NA,NA,NA,NA,NA,NA,NA,NA,NA,NA,NA,NA,NA,NA,NA,NA,TARGET_GONE,identity no longer active
2026-10-02T16:05:54Z,APP_21879_3030045,21879,3030045,27,2956,204.325,0,0,-1,-1,0,0.999931471,NA,NA,70.000000000,MEASURED_CPU_FAULT,CPU;INTERVAL_FAULTS,NA,NA,NA,NA,NA,NA,NA,NA,NA,NA,NA,NA,NA,NA,NA,NA,NA,NA,NA,NA,NA,NA,NA,TARGET_GONE,identity no longer active
2026-10-02T16:05:54Z,APP_21879_3030045,21879,3030045,27,2957,201.499,0,0,-1,-1,0,0.999931471,NA,NA,70.000000000,MEASURED_CPU_FAULT,CPU;INTERVAL_FAULTS,NA,NA,NA,NA,NA,NA,NA,NA,NA,NA,NA,NA,NA,NA,NA,NA,NA,NA,NA,NA,NA,NA,NA,TARGET_GONE,identity no longer active
2026-10-02T16:05:54Z,APP_21879_3030045,21879,3030045,27,2958,197.531,0,0,-1,-1,0,0.999931471,NA,NA,70.000000000,MEASURED_CPU_FAULT,CPU;INTERVAL_FAULTS,NA,NA,NA,NA,NA,NA,NA,NA,NA,NA,NA,NA,NA,NA,NA,NA,NA,NA,NA,NA,NA,NA,NA,TARGET_GONE,identity no longer active
2026-10-02T16:05:54Z,APP_21879_3030045,21879,3030045,27,2959,201.802,0,0,-1,-1,0,0.999931471,NA,NA,70.000000000,MEASURED_CPU_FAULT,CPU;INTERVAL_FAULTS,NA,NA,NA,NA,NA,NA,NA,NA,NA,NA,NA,NA,NA,NA,NA,NA,NA,NA,NA,NA,NA,NA,NA,TARGET_GONE,identity no longer active
2026-10-02T16:05:55Z,APP_21879_3030045,21879,3030045,27,2960,197.095,0,0,-1,-1,0,0.999931471,NA,NA,70.000000000,MEASURED_CPU_FAULT,CPU;INTERVAL_FAULTS,NA,NA,NA,NA,NA,NA,NA,NA,NA,NA,NA,NA,NA,NA,NA,NA,NA,NA,NA,NA,NA,NA,NA,TARGET_GONE,identity no longer active
2026-10-02T16:05:55Z,APP_21879_3030045,21879,3030045,27,2961,204.800,0,0,-1,-1,0,0.999931471,NA,NA,70.000000000,MEASURED_CPU_FAULT,CPU;INTERVAL_FAULTS,NA,NA,NA,NA,NA,NA,NA,NA,NA,NA,NA,NA,NA,NA,NA,NA,NA,NA,NA,NA,NA,NA,NA,TARGET_GONE,identity no longer active
2026-10-02T16:05:55Z,APP_21879_3030045,21879,3030045,27,2962,201.499,0,0,-1,-1,0,0.999931471,NA,NA,70.000000000,MEASURED_CPU_FAULT,CPU;INTERVAL_FAULTS,NA,NA,NA,NA,NA,NA,NA,NA,NA,NA,NA,NA,NA,NA,NA,NA,NA,NA,NA,NA,NA,NA,NA,TARGET_GONE,identity no longer active
2026-10-02T16:05:55Z,APP_21879_3030045,21879,3030045,27,2963,201.143,0,0,-1,-1,0,0.999931471,NA,NA,70.000000000,MEASURED_CPU_FAULT,CPU;INTERVAL_FAULTS,NA,NA,NA,NA,NA,NA,NA,NA,NA,NA,NA,NA,NA,NA,NA,NA,NA,NA,NA,NA,NA,NA,NA,TARGET_GONE,identity no longer active
2026-10-02T16:05:55Z,APP_21879_3030045,21879,3030045,27,2964,201.499,0,0,-1,-1,0,0.999931471,NA,NA,70.000000000,MEASURED_CPU_FAULT,CPU;INTERVAL_FAULTS,NA,NA,NA,NA,NA,NA,NA,NA,NA,NA,NA,NA,NA,NA,NA,NA,NA,NA,NA,NA,NA,NA,NA,TARGET_GONE,identity no longer active
2026-10-02T16:05:55Z,APP_21879_3030045,21879,3030045,27,2965,199.078,0,0,-1,-1,0,0.999931471,NA,NA,70.000000000,MEASURED_CPU_FAULT,CPU;INTERVAL_FAULTS,NA,NA,NA,NA,NA,NA,NA,NA,NA,NA,NA,NA,NA,NA,NA,NA,NA,NA,NA,NA,NA,NA,NA,TARGET_GONE,identity no longer active
2026-10-02T16:05:55Z,APP_21879_3030045,21879,3030045,27,2966,204.391,0,0,-1,-1,0,0.999931471,NA,NA,70.000000000,MEASURED_CPU_FAULT,CPU;INTERVAL_FAULTS,NA,NA,NA,NA,NA,NA,NA,NA,NA,NA,NA,NA,NA,NA,NA,NA,NA,NA,NA,NA,NA,NA,NA,TARGET_GONE,identity no longer active
2026-10-02T16:05:55Z,APP_21879_3030045,21879,3030045,27,2967,201.802,0,0,-1,-1,0,0.999931471,NA,NA,70.000000000,MEASURED_CPU_FAULT,CPU;INTERVAL_FAULTS,NA,NA,NA,NA,NA,NA,NA,NA,NA,NA,NA,NA,NA,NA,NA,NA,NA,NA,NA,NA,NA,NA,NA,TARGET_GONE,identity no longer active
2026-10-02T16:05:55Z,APP_21879_3030045,21879,3030045,27,2968,192.275,0,0,-1,-1,0,0.999931471,NA,NA,70.000000000,MEASURED_CPU_FAULT,CPU;INTERVAL_FAULTS,NA,NA,NA,NA,NA,NA,NA,NA,NA,NA,NA,NA,NA,NA,NA,NA,NA,NA,NA,NA,NA,NA,NA,TARGET_GONE,identity no longer active
2026-10-02T16:05:55Z,APP_21879_3030045,21879,3030045,27,2969,201.198,0,0,-1,-1,0,0.999931471,NA,NA,70.000000000,MEASURED_CPU_FAULT,CPU;INTERVAL_FAULTS,NA,NA,NA,NA,NA,NA,NA,NA,NA,NA,NA,NA,NA,NA,NA,NA,NA,NA,NA,NA,NA,NA,NA,TARGET_GONE,identity no longer active
2026-10-02T16:05:56Z,APP_21879_3030045,21879,3030045,27,2970,202.299,0,0,-1,-1,0,0.999931471,NA,NA,70.000000000,MEASURED_CPU_FAULT,CPU;INTERVAL_FAULTS,NA,NA,NA,NA,NA,NA,NA,NA,NA,NA,NA,NA,NA,NA,NA,NA,NA,NA,NA,NA,NA,NA,NA,TARGET_GONE,identity no longer active
2026-10-02T16:05:56Z,APP_21879_3030045,21879,3030045,27,2971,192.385,0,0,-1,-1,0,0.999931471,NA,NA,70.000000000,MEASURED_CPU_FAULT,CPU;INTERVAL_FAULTS,NA,NA,NA,NA,NA,NA,NA,NA,NA,NA,NA,NA,NA,NA,NA,NA,NA,NA,NA,NA,NA,NA,NA,TARGET_GONE,identity no longer active
2026-10-02T16:05:56Z,APP_21879_3030045,21879,3030045,27,2972,201.499,0,0,-1,-1,0,0.999931471,NA,NA,70.000000000,MEASURED_CPU_FAULT,CPU;INTERVAL_FAULTS,NA,NA,NA,NA,NA,NA,NA,NA,NA,NA,NA,NA,NA,NA,NA,NA,NA,NA,NA,NA,NA,NA,NA,TARGET_GONE,identity no longer active
2026-10-02T16:05:56Z,APP_21879_3030045,21879,3030045,27,2973,200.570,0,0,-1,-1,0,0.999931471,NA,NA,70.000000000,MEASURED_CPU_FAULT,CPU;INTERVAL_FAULTS,NA,NA,NA,NA,NA,NA,NA,NA,NA,NA,NA,NA,NA,NA,NA,NA,NA,NA,NA,NA,NA,NA,NA,TARGET_GONE,identity no longer active
2026-10-02T16:05:56Z,APP_21879_3030045,21879,3030045,27,2974,201.499,0,0,-1,-1,0,0.999931471,NA,NA,70.000000000,MEASURED_CPU_FAULT,CPU;INTERVAL_FAULTS,NA,NA,NA,NA,NA,NA,NA,NA,NA,NA,NA,NA,NA,NA,NA,NA,NA,NA,NA,NA,NA,NA,NA,TARGET_GONE,identity no longer active
2026-10-02T16:05:56Z,APP_21879_3030045,21879,3030045,27,2975,199.538,0,0,-1,-1,0,0.999931471,NA,NA,70.000000000,MEASURED_CPU_FAULT,CPU;INTERVAL_FAULTS,NA,NA,NA,NA,NA,NA,NA,NA,NA,NA,NA,NA,NA,NA,NA,NA,NA,NA,NA,NA,NA,NA,NA,TARGET_GONE,identity no longer active
2026-10-02T16:05:56Z,APP_21879_3030045,21879,3030045,27,2976,204.391,0,0,-1,-1,0,0.999931471,NA,NA,70.000000000,MEASURED_CPU_FAULT,CPU;INTERVAL_FAULTS,NA,NA,NA,NA,NA,NA,NA,NA,NA,NA,NA,NA,NA,NA,NA,NA,NA,NA,NA,NA,NA,NA,NA,TARGET_GONE,identity no longer active
2026-10-02T16:05:56Z,APP_21879_3030045,21879,3030045,27,2977,192.192,0,0,-1,-1,0,0.999931471,NA,NA,70.000000000,MEASURED_CPU_FAULT,CPU;INTERVAL_FAULTS,NA,NA,NA,NA,NA,NA,NA,NA,NA,NA,NA,NA,NA,NA,NA,NA,NA,NA,NA,NA,NA,NA,NA,TARGET_GONE,identity no longer active
2026-10-02T16:05:57Z,APP_21879_3030045,21879,3030045,27,2978,209.687,0,0,-1,-1,0,0.999931471,NA,NA,70.000000000,MEASURED_CPU_FAULT,CPU;INTERVAL_FAULTS,NA,NA,NA,NA,NA,NA,NA,NA,NA,NA,NA,NA,NA,NA,NA,NA,NA,NA,NA,NA,NA,NA,NA,TARGET_GONE,identity no longer active
2026-10-02T16:05:57Z,APP_21879_3030045,21879,3030045,27,2979,201.802,0,0,-1,-1,0,0.999931471,NA,NA,70.000000000,MEASURED_CPU_FAULT,CPU;INTERVAL_FAULTS,NA,NA,NA,NA,NA,NA,NA,NA,NA,NA,NA,NA,NA,NA,NA,NA,NA,NA,NA,NA,NA,NA,NA,TARGET_GONE,identity no longer active
2026-10-02T16:05:57Z,APP_21879_3030045,21879,3030045,27,2980,200.522,0,0,-1,-1,0,0.999931471,NA,NA,70.000000000,MEASURED_CPU_FAULT,CPU;INTERVAL_FAULTS,NA,NA,NA,NA,NA,NA,NA,NA,NA,NA,NA,NA,NA,NA,NA,NA,NA,NA,NA,NA,NA,NA,NA,TARGET_GONE,identity no longer active
2026-10-02T16:05:57Z,APP_21879_3030045,21879,3030045,27,2981,192.000,0,0,-1,-1,0,0.999931471,NA,NA,70.000000000,MEASURED_CPU_FAULT,CPU;INTERVAL_FAULTS,NA,NA,NA,NA,NA,NA,NA,NA,NA,NA,NA,NA,NA,NA,NA,NA,NA,NA,NA,NA,NA,NA,NA,TARGET_GONE,identity no longer active
2026-10-02T16:05:57Z,APP_21879_3030045,21879,3030045,27,2982,201.802,0,0,-1,-1,0,0.999931471,NA,NA,70.000000000,MEASURED_CPU_FAULT,CPU;INTERVAL_FAULTS,NA,NA,NA,NA,NA,NA,NA,NA,NA,NA,NA,NA,NA,NA,NA,NA,NA,NA,NA,NA,NA,NA,NA,TARGET_GONE,identity no longer active
2026-10-02T16:05:57Z,APP_21879_3030045,21879,3030045,27,2983,191.726,0,0,-1,-1,0,0.999931471,NA,NA,70.000000000,MEASURED_CPU_FAULT,CPU;INTERVAL_FAULTS,NA,NA,NA,NA,NA,NA,NA,NA,NA,NA,NA,NA,NA,NA,NA,NA,NA,NA,NA,NA,NA,NA,NA,TARGET_GONE,identity no longer active
2026-10-02T16:05:57Z,APP_21879_3030045,21879,3030045,27,2984,210.778,0,0,-1,-1,0,0.999931471,NA,NA,70.000000000,MEASURED_CPU_FAULT,CPU;INTERVAL_FAULTS,NA,NA,NA,NA,NA,NA,NA,NA,NA,NA,NA,NA,NA,NA,NA,NA,NA,NA,NA,NA,NA,NA,NA,TARGET_GONE,identity no longer active
2026-10-02T16:05:57Z,APP_21879_3030045,21879,3030045,27,2985,192.370,0,0,-1,-1,0,0.999931471,NA,NA,70.000000000,MEASURED_CPU_FAULT,CPU;INTERVAL_FAULTS,NA,NA,NA,NA,NA,NA,NA,NA,NA,NA,NA,NA,NA,NA,NA,NA,NA,NA,NA,NA,NA,NA,NA,TARGET_GONE,identity no longer active
2026-10-02T16:05:57Z,APP_21879_3030045,21879,3030045,27,2986,204.391,0,0,-1,-1,0,0.999931471,NA,NA,70.000000000,MEASURED_CPU_FAULT,CPU;INTERVAL_FAULTS,NA,NA,NA,NA,NA,NA,NA,NA,NA,NA,NA,NA,NA,NA,NA,NA,NA,NA,NA,NA,NA,NA,NA,TARGET_GONE,identity no longer active
2026-10-02T16:05:58Z,APP_21879_3030045,21879,3030045,27,2987,201.802,0,0,-1,-1,0,0.999931471,NA,NA,70.000000000,MEASURED_CPU_FAULT,CPU;INTERVAL_FAULTS,NA,NA,NA,NA,NA,NA,NA,NA,NA,NA,NA,NA,NA,NA,NA,NA,NA,NA,NA,NA,NA,NA,NA,TARGET_GONE,identity no longer active
2026-10-02T16:05:58Z,APP_21879_3030045,21879,3030045,27,2988,200.856,0,0,-1,-1,0,0.999931471,NA,NA,70.000000000,MEASURED_CPU_FAULT,CPU;INTERVAL_FAULTS,NA,NA,NA,NA,NA,NA,NA,NA,NA,NA,NA,NA,NA,NA,NA,NA,NA,NA,NA,NA,NA,NA,NA,TARGET_GONE,identity no longer active
2026-10-02T16:05:58Z,APP_21879_3030045,21879,3030045,27,2989,192.192,0,0,-1,-1,0,0.999931471,NA,NA,70.000000000,MEASURED_CPU_FAULT,CPU;INTERVAL_FAULTS,NA,NA,NA,NA,NA,NA,NA,NA,NA,NA,NA,NA,NA,NA,NA,NA,NA,NA,NA,NA,NA,NA,NA,TARGET_GONE,identity no longer active
2026-10-02T16:05:27Z,APP_21879_3030045,21879,3030045,3,2990,0.000,0,0,-1,-1,0,0.999931471,1,true,0.000000000,MEASURED_CPU_FAULT,CPU;INTERVAL_FAULTS,HOT,669.474315258,0.560000000,0.700000000,NA,NA,NA,NA,0.560000000,0.000000000,0.700000000,0.000000000,-1.000000000,1.232000000,NA,MOVE_THREAD,INVALID,NOT_APPLICABLE,INVALID,MOVE_THREAD,-1,-1,false,TARGET_GONE,identity no longer active
2026-10-02T16:05:28Z,APP_21879_3030045,21879,3030045,3,2991,0.000,0,0,-1,-1,0,0.999931471,NA,NA,0.000000000,MEASURED_CPU_FAULT,CPU;INTERVAL_FAULTS,NA,NA,NA,NA,NA,NA,NA,NA,NA,NA,NA,NA,NA,NA,NA,NA,NA,NA,NA,NA,NA,NA,NA,TARGET_GONE,identity no longer active
2026-10-02T16:05:28Z,APP_21879_3030045,21879,3030045,3,2992,6.934,0,0,-1,-1,0,0.999931471,NA,NA,4.853800000,MEASURED_CPU_FAULT,CPU;INTERVAL_FAULTS,NA,NA,NA,NA,NA,NA,NA,NA,NA,NA,NA,NA,NA,NA,NA,NA,NA,NA,NA,NA,NA,NA,NA,TARGET_GONE,identity no longer active
2026-10-02T16:05:28Z,APP_21879_3030045,21879,3030045,3,2993,0.000,0,0,-1,-1,0,0.999931471,NA,NA,0.000000000,MEASURED_CPU_FAULT,CPU;INTERVAL_FAULTS,NA,NA,NA,NA,NA,NA,NA,NA,NA,NA,NA,NA,NA,NA,NA,NA,NA,NA,NA,NA,NA,NA,NA,TARGET_GONE,identity no longer active
2026-10-02T16:05:28Z,APP_21879_3030045,21879,3030045,3,2994,0.000,0,0,-1,-1,0,0.999931471,NA,NA,0.000000000,MEASURED_CPU_FAULT,CPU;INTERVAL_FAULTS,NA,NA,NA,NA,NA,NA,NA,NA,NA,NA,NA,NA,NA,NA,NA,NA,NA,NA,NA,NA,NA,NA,NA,TARGET_GONE,identity no longer active
2026-10-02T16:05:28Z,APP_21879_3030045,21879,3030045,3,2995,0.000,0,0,-1,-1,0,0.999931471,NA,NA,0.000000000,MEASURED_CPU_FAULT,CPU;INTERVAL_FAULTS,NA,NA,NA,NA,NA,NA,NA,NA,NA,NA,NA,NA,NA,NA,NA,NA,NA,NA,NA,NA,NA,NA,NA,TARGET_GONE,identity no longer active
2026-10-02T16:05:28Z,APP_21879_3030045,21879,3030045,3,2996,0.000,0,0,-1,-1,0,0.999931471,NA,NA,0.000000000,MEASURED_CPU_FAULT,CPU;INTERVAL_FAULTS,NA,NA,NA,NA,NA,NA,NA,NA,NA,NA,NA,NA,NA,NA,NA,NA,NA,NA,NA,NA,NA,NA,NA,TARGET_GONE,identity no longer active
2026-10-02T16:05:29Z,APP_21879_3030045,21879,3030045,3,2997,0.000,0,0,-1,-1,0,0.999931471,NA,NA,0.000000000,MEASURED_CPU_FAULT,CPU;INTERVAL_FAULTS,NA,NA,NA,NA,NA,NA,NA,NA,NA,NA,NA,NA,NA,NA,NA,NA,NA,NA,NA,NA,NA,NA,NA,TARGET_GONE,identity no longer active
2026-10-02T16:05:29Z,APP_21879_3030045,21879,3030045,3,2998,95.238,0,0,-1,-1,0,0.999931471,NA,NA,66.666600000,MEASURED_CPU_FAULT,CPU;INTERVAL_FAULTS,NA,NA,NA,NA,NA,NA,NA,NA,NA,NA,NA,NA,NA,NA,NA,NA,NA,NA,NA,NA,NA,NA,NA,TARGET_GONE,identity no longer active
2026-10-02T16:05:29Z,APP_21879_3030045,21879,3030045,3,2999,201.802,0,0,-1,-1,0,0.999931471,NA,NA,70.000000000,MEASURED_CPU_FAULT,CPU;INTERVAL_FAULTS,NA,NA,NA,NA,NA,NA,NA,NA,NA,NA,NA,NA,NA,NA,NA,NA,NA,NA,NA,NA,NA,NA,NA,TARGET_GONE,identity no longer active
2026-10-02T16:05:29Z,APP_21879_3030045,21879,3030045,3,3000,198.650,0,0,-1,-1,0,0.999931471,NA,NA,70.000000000,MEASURED_CPU_FAULT,CPU;INTERVAL_FAULTS,NA,NA,NA,NA,NA,NA,NA,NA,NA,NA,NA,NA,NA,NA,NA,NA,NA,NA,NA,NA,NA,NA,NA,TARGET_GONE,identity no longer active
2026-10-02T16:05:29Z,APP_21879_3030045,21879,3030045,3,3001,201.198,0,0,-1,-1,0,0.999931471,NA,NA,70.000000000,MEASURED_CPU_FAULT,CPU;INTERVAL_FAULTS,NA,NA,NA,NA,NA,NA,NA,NA,NA,NA,NA,NA,NA,NA,NA,NA,NA,NA,NA,NA,NA,NA,NA,TARGET_GONE,identity no longer active
2026-10-02T16:05:29Z,APP_21879_3030045,21879,3030045,3,3002,202.230,0,0,-1,-1,0,0.999931471,NA,NA,70.000000000,MEASURED_CPU_FAULT,CPU;INTERVAL_FAULTS,NA,NA,NA,NA,NA,NA,NA,NA,NA,NA,NA,NA,NA,NA,NA,NA,NA,NA,NA,NA,NA,NA,NA,TARGET_GONE,identity no longer active
2026-10-02T16:05:29Z,APP_21879_3030045,21879,3030045,3,3003,191.617,0,0,-1,-1,0,0.999931471,NA,NA,70.000000000,MEASURED_CPU_FAULT,CPU;INTERVAL_FAULTS,NA,NA,NA,NA,NA,NA,NA,NA,NA,NA,NA,NA,NA,NA,NA,NA,NA,NA,NA,NA,NA,NA,NA,TARGET_GONE,identity no longer active
2026-10-02T16:05:29Z,APP_21879_3030045,21879,3030045,3,3004,202.043,0,0,-1,-1,0,0.999931471,NA,NA,70.000000000,MEASURED_CPU_FAULT,CPU;INTERVAL_FAULTS,NA,NA,NA,NA,NA,NA,NA,NA,NA,NA,NA,NA,NA,NA,NA,NA,NA,NA,NA,NA,NA,NA,NA,TARGET_GONE,identity no longer active
2026-10-02T16:05:30Z,APP_21879_3030045,21879,3030045,3,3005,201.198,0,0,-1,-1,0,0.999931471,NA,NA,70.000000000,MEASURED_CPU_FAULT,CPU;INTERVAL_FAULTS,NA,NA,NA,NA,NA,NA,NA,NA,NA,NA,NA,NA,NA,NA,NA,NA,NA,NA,NA,NA,NA,NA,NA,TARGET_GONE,identity no longer active
2026-10-02T16:05:30Z,APP_21879_3030045,21879,3030045,3,3006,197.280,0,0,-1,-1,0,0.999931471,NA,NA,70.000000000,MEASURED_CPU_FAULT,CPU;INTERVAL_FAULTS,NA,NA,NA,NA,NA,NA,NA,NA,NA,NA,NA,NA,NA,NA,NA,NA,NA,NA,NA,NA,NA,NA,NA,TARGET_GONE,identity no longer active
2026-10-02T16:05:30Z,APP_21879_3030045,21879,3030045,3,3007,210.778,0,0,-1,-1,0,0.999931471,NA,NA,70.000000000,MEASURED_CPU_FAULT,CPU;INTERVAL_FAULTS,NA,NA,NA,NA,NA,NA,NA,NA,NA,NA,NA,NA,NA,NA,NA,NA,NA,NA,NA,NA,NA,NA,NA,TARGET_GONE,identity no longer active
2026-10-02T16:05:30Z,APP_21879_3030045,21879,3030045,3,3008,191.904,0,0,-1,-1,0,0.999931471,NA,NA,70.000000000,MEASURED_CPU_FAULT,CPU;INTERVAL_FAULTS,NA,NA,NA,NA,NA,NA,NA,NA,NA,NA,NA,NA,NA,NA,NA,NA,NA,NA,NA,NA,NA,NA,NA,TARGET_GONE,identity no longer active
2026-10-02T16:05:30Z,APP_21879_3030045,21879,3030045,3,3009,205.714,0,0,-1,-1,0,0.999931471,NA,NA,70.000000000,MEASURED_CPU_FAULT,CPU;INTERVAL_FAULTS,NA,NA,NA,NA,NA,NA,NA,NA,NA,NA,NA,NA,NA,NA,NA,NA,NA,NA,NA,NA,NA,NA,NA,TARGET_GONE,identity no longer active
2026-10-02T16:05:30Z,APP_21879_3030045,21879,3030045,3,3010,201.198,0,0,-1,-1,0,0.999931471,NA,NA,70.000000000,MEASURED_CPU_FAULT,CPU;INTERVAL_FAULTS,NA,NA,NA,NA,NA,NA,NA,NA,NA,NA,NA,NA,NA,NA,NA,NA,NA,NA,NA,NA,NA,NA,NA,TARGET_GONE,identity no longer active
2026-10-02T16:05:30Z,APP_21879_3030045,21879,3030045,3,3011,196.648,0,0,-1,-1,0,0.999931471,NA,NA,70.000000000,MEASURED_CPU_FAULT,CPU;INTERVAL_FAULTS,NA,NA,NA,NA,NA,NA,NA,NA,NA,NA,NA,NA,NA,NA,NA,NA,NA,NA,NA,NA,NA,NA,NA,TARGET_GONE,identity no longer active
2026-10-02T16:05:30Z,APP_21879_3030045,21879,3030045,3,3012,201.499,0,0,-1,-1,0,0.999931471,NA,NA,70.000000000,MEASURED_CPU_FAULT,CPU;INTERVAL_FAULTS,NA,NA,NA,NA,NA,NA,NA,NA,NA,NA,NA,NA,NA,NA,NA,NA,NA,NA,NA,NA,NA,NA,NA,TARGET_GONE,identity no longer active
2026-10-02T16:05:31Z,APP_21879_3030045,21879,3030045,3,3013,202.772,0,0,-1,-1,0,0.999931471,NA,NA,70.000000000,MEASURED_CPU_FAULT,CPU;INTERVAL_FAULTS,NA,NA,NA,NA,NA,NA,NA,NA,NA,NA,NA,NA,NA,NA,NA,NA,NA,NA,NA,NA,NA,NA,NA,TARGET_GONE,identity no longer active
2026-10-02T16:05:31Z,APP_21879_3030045,21879,3030045,3,3014,201.499,0,0,-1,-1,0,0.999931471,NA,NA,70.000000000,MEASURED_CPU_FAULT,CPU;INTERVAL_FAULTS,NA,NA,NA,NA,NA,NA,NA,NA,NA,NA,NA,NA,NA,NA,NA,NA,NA,NA,NA,NA,NA,NA,NA,TARGET_GONE,identity no longer active
2026-10-02T16:05:27Z,APP_21879_3030045,21879,3030045,4,3015,0.000,0,0,-1,-1,0,0.999931471,1,true,0.000000000,MEASURED_CPU_FAULT,CPU;INTERVAL_FAULTS,HOT,669.474315258,0.560000000,0.700000000,NA,NA,NA,NA,0.560000000,0.000000000,0.700000000,0.000000000,-1.000000000,1.232000000,NA,MOVE_THREAD,INVALID,NOT_APPLICABLE,INVALID,MOVE_THREAD,-1,-1,false,TARGET_GONE,identity no longer active
2026-10-02T16:05:28Z,APP_21879_3030045,21879,3030045,4,3016,0.000,0,0,-1,-1,0,0.999931471,NA,NA,0.000000000,MEASURED_CPU_FAULT,CPU;INTERVAL_FAULTS,NA,NA,NA,NA,NA,NA,NA,NA,NA,NA,NA,NA,NA,NA,NA,NA,NA,NA,NA,NA,NA,NA,NA,TARGET_GONE,identity no longer active
2026-10-02T16:05:28Z,APP_21879_3030045,21879,3030045,4,3017,6.934,0,0,-1,-1,0,0.999931471,NA,NA,4.853800000,MEASURED_CPU_FAULT,CPU;INTERVAL_FAULTS,NA,NA,NA,NA,NA,NA,NA,NA,NA,NA,NA,NA,NA,NA,NA,NA,NA,NA,NA,NA,NA,NA,NA,TARGET_GONE,identity no longer active
2026-10-02T16:05:28Z,APP_21879_3030045,21879,3030045,4,3018,0.000,0,0,-1,-1,0,0.999931471,NA,NA,0.000000000,MEASURED_CPU_FAULT,CPU;INTERVAL_FAULTS,NA,NA,NA,NA,NA,NA,NA,NA,NA,NA,NA,NA,NA,NA,NA,NA,NA,NA,NA,NA,NA,NA,NA,TARGET_GONE,identity no longer active
2026-10-02T16:05:28Z,APP_21879_3030045,21879,3030045,4,3019,0.000,0,0,-1,-1,0,0.999931471,NA,NA,0.000000000,MEASURED_CPU_FAULT,CPU;INTERVAL_FAULTS,NA,NA,NA,NA,NA,NA,NA,NA,NA,NA,NA,NA,NA,NA,NA,NA,NA,NA,NA,NA,NA,NA,NA,TARGET_GONE,identity no longer active
2026-10-02T16:05:28Z,APP_21879_3030045,21879,3030045,4,3020,0.000,0,0,-1,-1,0,0.999931471,NA,NA,0.000000000,MEASURED_CPU_FAULT,CPU;INTERVAL_FAULTS,NA,NA,NA,NA,NA,NA,NA,NA,NA,NA,NA,NA,NA,NA,NA,NA,NA,NA,NA,NA,NA,NA,NA,TARGET_GONE,identity no longer active
2026-10-02T16:05:28Z,APP_21879_3030045,21879,3030045,4,3021,0.000,0,0,-1,-1,0,0.999931471,NA,NA,0.000000000,MEASURED_CPU_FAULT,CPU;INTERVAL_FAULTS,NA,NA,NA,NA,NA,NA,NA,NA,NA,NA,NA,NA,NA,NA,NA,NA,NA,NA,NA,NA,NA,NA,NA,TARGET_GONE,identity no longer active
2026-10-02T16:05:29Z,APP_21879_3030045,21879,3030045,4,3022,0.000,0,0,-1,-1,0,0.999931471,NA,NA,0.000000000,MEASURED_CPU_FAULT,CPU;INTERVAL_FAULTS,NA,NA,NA,NA,NA,NA,NA,NA,NA,NA,NA,NA,NA,NA,NA,NA,NA,NA,NA,NA,NA,NA,NA,TARGET_GONE,identity no longer active
2026-10-02T16:05:29Z,APP_21879_3030045,21879,3030045,4,3023,95.238,0,0,-1,-1,0,0.999931471,NA,NA,66.666600000,MEASURED_CPU_FAULT,CPU;INTERVAL_FAULTS,NA,NA,NA,NA,NA,NA,NA,NA,NA,NA,NA,NA,NA,NA,NA,NA,NA,NA,NA,NA,NA,NA,NA,TARGET_GONE,identity no longer active
2026-10-02T16:05:29Z,APP_21879_3030045,21879,3030045,4,3024,201.802,0,0,-1,-1,0,0.999931471,NA,NA,70.000000000,MEASURED_CPU_FAULT,CPU;INTERVAL_FAULTS,NA,NA,NA,NA,NA,NA,NA,NA,NA,NA,NA,NA,NA,NA,NA,NA,NA,NA,NA,NA,NA,NA,NA,TARGET_GONE,identity no longer active
2026-10-02T16:05:29Z,APP_21879_3030045,21879,3030045,4,3025,198.650,0,0,-1,-1,0,0.999931471,NA,NA,70.000000000,MEASURED_CPU_FAULT,CPU;INTERVAL_FAULTS,NA,NA,NA,NA,NA,NA,NA,NA,NA,NA,NA,NA,NA,NA,NA,NA,NA,NA,NA,NA,NA,NA,NA,TARGET_GONE,identity no longer active
2026-10-02T16:05:29Z,APP_21879_3030045,21879,3030045,4,3026,201.198,0,0,-1,-1,0,0.999931471,NA,NA,70.000000000,MEASURED_CPU_FAULT,CPU;INTERVAL_FAULTS,NA,NA,NA,NA,NA,NA,NA,NA,NA,NA,NA,NA,NA,NA,NA,NA,NA,NA,NA,NA,NA,NA,NA,TARGET_GONE,identity no longer active
2026-10-02T16:05:29Z,APP_21879_3030045,21879,3030045,4,3027,202.230,0,0,-1,-1,0,0.999931471,NA,NA,70.000000000,MEASURED_CPU_FAULT,CPU;INTERVAL_FAULTS,NA,NA,NA,NA,NA,NA,NA,NA,NA,NA,NA,NA,NA,NA,NA,NA,NA,NA,NA,NA,NA,NA,NA,TARGET_GONE,identity no longer active
2026-10-02T16:05:29Z,APP_21879_3030045,21879,3030045,4,3028,191.617,0,0,-1,-1,0,0.999931471,NA,NA,70.000000000,MEASURED_CPU_FAULT,CPU;INTERVAL_FAULTS,NA,NA,NA,NA,NA,NA,NA,NA,NA,NA,NA,NA,NA,NA,NA,NA,NA,NA,NA,NA,NA,NA,NA,TARGET_GONE,identity no longer active
2026-10-02T16:05:29Z,APP_21879_3030045,21879,3030045,4,3029,202.043,0,0,-1,-1,0,0.999931471,NA,NA,70.000000000,MEASURED_CPU_FAULT,CPU;INTERVAL_FAULTS,NA,NA,NA,NA,NA,NA,NA,NA,NA,NA,NA,NA,NA,NA,NA,NA,NA,NA,NA,NA,NA,NA,NA,TARGET_GONE,identity no longer active
2026-10-02T16:05:30Z,APP_21879_3030045,21879,3030045,4,3030,201.198,0,0,-1,-1,0,0.999931471,NA,NA,70.000000000,MEASURED_CPU_FAULT,CPU;INTERVAL_FAULTS,NA,NA,NA,NA,NA,NA,NA,NA,NA,NA,NA,NA,NA,NA,NA,NA,NA,NA,NA,NA,NA,NA,NA,TARGET_GONE,identity no longer active
2026-10-02T16:05:30Z,APP_21879_3030045,21879,3030045,4,3031,197.280,0,0,-1,-1,0,0.999931471,NA,NA,70.000000000,MEASURED_CPU_FAULT,CPU;INTERVAL_FAULTS,NA,NA,NA,NA,NA,NA,NA,NA,NA,NA,NA,NA,NA,NA,NA,NA,NA,NA,NA,NA,NA,NA,NA,TARGET_GONE,identity no longer active
2026-10-02T16:05:30Z,APP_21879_3030045,21879,3030045,4,3032,210.778,0,0,-1,-1,0,0.999931471,NA,NA,70.000000000,MEASURED_CPU_FAULT,CPU;INTERVAL_FAULTS,NA,NA,NA,NA,NA,NA,NA,NA,NA,NA,NA,NA,NA,NA,NA,NA,NA,NA,NA,NA,NA,NA,NA,TARGET_GONE,identity no longer active
2026-10-02T16:05:30Z,APP_21879_3030045,21879,3030045,4,3033,191.904,0,0,-1,-1,0,0.999931471,NA,NA,70.000000000,MEASURED_CPU_FAULT,CPU;INTERVAL_FAULTS,NA,NA,NA,NA,NA,NA,NA,NA,NA,NA,NA,NA,NA,NA,NA,NA,NA,NA,NA,NA,NA,NA,NA,TARGET_GONE,identity no longer active
2026-10-02T16:05:30Z,APP_21879_3030045,21879,3030045,4,3034,205.714,0,0,-1,-1,0,0.999931471,NA,NA,70.000000000,MEASURED_CPU_FAULT,CPU;INTERVAL_FAULTS,NA,NA,NA,NA,NA,NA,NA,NA,NA,NA,NA,NA,NA,NA,NA,NA,NA,NA,NA,NA,NA,NA,NA,TARGET_GONE,identity no longer active
2026-10-02T16:05:30Z,APP_21879_3030045,21879,3030045,4,3035,201.198,0,0,-1,-1,0,0.999931471,NA,NA,70.000000000,MEASURED_CPU_FAULT,CPU;INTERVAL_FAULTS,NA,NA,NA,NA,NA,NA,NA,NA,NA,NA,NA,NA,NA,NA,NA,NA,NA,NA,NA,NA,NA,NA,NA,TARGET_GONE,identity no longer active
2026-10-02T16:05:30Z,APP_21879_3030045,21879,3030045,4,3036,196.648,0,0,-1,-1,0,0.999931471,NA,NA,70.000000000,MEASURED_CPU_FAULT,CPU;INTERVAL_FAULTS,NA,NA,NA,NA,NA,NA,NA,NA,NA,NA,NA,NA,NA,NA,NA,NA,NA,NA,NA,NA,NA,NA,NA,TARGET_GONE,identity no longer active
2026-10-02T16:05:30Z,APP_21879_3030045,21879,3030045,4,3037,201.499,0,0,-1,-1,0,0.999931471,NA,NA,70.000000000,MEASURED_CPU_FAULT,CPU;INTERVAL_FAULTS,NA,NA,NA,NA,NA,NA,NA,NA,NA,NA,NA,NA,NA,NA,NA,NA,NA,NA,NA,NA,NA,NA,NA,TARGET_GONE,identity no longer active
2026-10-02T16:05:31Z,APP_21879_3030045,21879,3030045,4,3038,202.772,0,0,-1,-1,0,0.999931471,NA,NA,70.000000000,MEASURED_CPU_FAULT,CPU;INTERVAL_FAULTS,NA,NA,NA,NA,NA,NA,NA,NA,NA,NA,NA,NA,NA,NA,NA,NA,NA,NA,NA,NA,NA,NA,NA,TARGET_GONE,identity no longer active
2026-10-02T16:05:31Z,APP_21879_3030045,21879,3030045,4,3039,201.499,0,0,-1,-1,0,0.999931471,NA,NA,70.000000000,MEASURED_CPU_FAULT,CPU;INTERVAL_FAULTS,NA,NA,NA,NA,NA,NA,NA,NA,NA,NA,NA,NA,NA,NA,NA,NA,NA,NA,NA,NA,NA,NA,NA,TARGET_GONE,identity no longer active
2026-10-02T16:05:31Z,APP_21879_3030045,21879,3030045,4,3040,195.918,0,0,-1,-1,0,0.999931471,NA,NA,70.000000000,MEASURED_CPU_FAULT,CPU;INTERVAL_FAULTS,NA,NA,NA,NA,NA,NA,NA,NA,NA,NA,NA,NA,NA,NA,NA,NA,NA,NA,NA,NA,NA,NA,NA,TARGET_GONE,identity no longer active
2026-10-02T16:05:31Z,APP_21879_3030045,21879,3030045,4,3041,211.411,0,0,-1,-1,0,0.999931471,NA,NA,70.000000000,MEASURED_CPU_FAULT,CPU;INTERVAL_FAULTS,NA,NA,NA,NA,NA,NA,NA,NA,NA,NA,NA,NA,NA,NA,NA,NA,NA,NA,NA,NA,NA,NA,NA,TARGET_GONE,identity no longer active
2026-10-02T16:05:31Z,APP_21879_3030045,21879,3030045,4,3042,201.499,0,0,-1,-1,0,0.999931471,NA,NA,70.000000000,MEASURED_CPU_FAULT,CPU;INTERVAL_FAULTS,NA,NA,NA,NA,NA,NA,NA,NA,NA,NA,NA,NA,NA,NA,NA,NA,NA,NA,NA,NA,NA,NA,NA,TARGET_GONE,identity no longer active
2026-10-02T16:05:31Z,APP_21879_3030045,21879,3030045,4,3043,198.706,0,0,-1,-1,0,0.999931471,NA,NA,70.000000000,MEASURED_CPU_FAULT,CPU;INTERVAL_FAULTS,NA,NA,NA,NA,NA,NA,NA,NA,NA,NA,NA,NA,NA,NA,NA,NA,NA,NA,NA,NA,NA,NA,NA,TARGET_GONE,identity no longer active
2026-10-02T16:05:31Z,APP_21879_3030045,21879,3030045,4,3044,191.904,0,0,-1,-1,0,0.999931471,NA,NA,70.000000000,MEASURED_CPU_FAULT,CPU;INTERVAL_FAULTS,NA,NA,NA,NA,NA,NA,NA,NA,NA,NA,NA,NA,NA,NA,NA,NA,NA,NA,NA,NA,NA,NA,NA,TARGET_GONE,identity no longer active
2026-10-02T16:05:31Z,APP_21879_3030045,21879,3030045,4,3045,204.325,0,0,-1,-1,0,0.999931471,NA,NA,70.000000000,MEASURED_CPU_FAULT,CPU;INTERVAL_FAULTS,NA,NA,NA,NA,NA,NA,NA,NA,NA,NA,NA,NA,NA,NA,NA,NA,NA,NA,NA,NA,NA,NA,NA,TARGET_GONE,identity no longer active
2026-10-02T16:05:31Z,APP_21879_3030045,21879,3030045,4,3046,201.499,0,0,-1,-1,0,0.999931471,NA,NA,70.000000000,MEASURED_CPU_FAULT,CPU;INTERVAL_FAULTS,NA,NA,NA,NA,NA,NA,NA,NA,NA,NA,NA,NA,NA,NA,NA,NA,NA,NA,NA,NA,NA,NA,NA,TARGET_GONE,identity no longer active
2026-10-02T16:05:32Z,APP_21879_3030045,21879,3030045,4,3047,197.531,0,0,-1,-1,0,0.999931471,NA,NA,70.000000000,MEASURED_CPU_FAULT,CPU;INTERVAL_FAULTS,NA,NA,NA,NA,NA,NA,NA,NA,NA,NA,NA,NA,NA,NA,NA,NA,NA,NA,NA,NA,NA,NA,NA,TARGET_GONE,identity no longer active
2026-10-02T16:05:32Z,APP_21879_3030045,21879,3030045,4,3048,201.499,0,0,-1,-1,0,0.999931471,NA,NA,70.000000000,MEASURED_CPU_FAULT,CPU;INTERVAL_FAULTS,NA,NA,NA,NA,NA,NA,NA,NA,NA,NA,NA,NA,NA,NA,NA,NA,NA,NA,NA,NA,NA,NA,NA,TARGET_GONE,identity no longer active
2026-10-02T16:05:27Z,APP_21879_3030045,21879,3030045,5,3049,0.000,0,0,-1,-1,0,0.999931471,1,true,0.000000000,MEASURED_CPU_FAULT,CPU;INTERVAL_FAULTS,HOT,669.474315258,0.560000000,0.700000000,NA,NA,NA,NA,0.560000000,0.000000000,0.700000000,0.000000000,-1.000000000,1.232000000,NA,MOVE_THREAD,INVALID,NOT_APPLICABLE,INVALID,MOVE_THREAD,-1,-1,false,TARGET_GONE,identity no longer active
2026-10-02T16:05:28Z,APP_21879_3030045,21879,3030045,5,3050,0.000,0,0,-1,-1,0,0.999931471,NA,NA,0.000000000,MEASURED_CPU_FAULT,CPU;INTERVAL_FAULTS,NA,NA,NA,NA,NA,NA,NA,NA,NA,NA,NA,NA,NA,NA,NA,NA,NA,NA,NA,NA,NA,NA,NA,TARGET_GONE,identity no longer active
2026-10-02T16:05:28Z,APP_21879_3030045,21879,3030045,5,3051,6.934,0,0,-1,-1,0,0.999931471,NA,NA,4.853800000,MEASURED_CPU_FAULT,CPU;INTERVAL_FAULTS,NA,NA,NA,NA,NA,NA,NA,NA,NA,NA,NA,NA,NA,NA,NA,NA,NA,NA,NA,NA,NA,NA,NA,TARGET_GONE,identity no longer active
2026-10-02T16:05:28Z,APP_21879_3030045,21879,3030045,5,3052,0.000,0,0,-1,-1,0,0.999931471,NA,NA,0.000000000,MEASURED_CPU_FAULT,CPU;INTERVAL_FAULTS,NA,NA,NA,NA,NA,NA,NA,NA,NA,NA,NA,NA,NA,NA,NA,NA,NA,NA,NA,NA,NA,NA,NA,TARGET_GONE,identity no longer active
2026-10-02T16:05:28Z,APP_21879_3030045,21879,3030045,5,3053,0.000,0,0,-1,-1,0,0.999931471,NA,NA,0.000000000,MEASURED_CPU_FAULT,CPU;INTERVAL_FAULTS,NA,NA,NA,NA,NA,NA,NA,NA,NA,NA,NA,NA,NA,NA,NA,NA,NA,NA,NA,NA,NA,NA,NA,TARGET_GONE,identity no longer active
2026-10-02T16:05:28Z,APP_21879_3030045,21879,3030045,5,3054,0.000,0,0,-1,-1,0,0.999931471,NA,NA,0.000000000,MEASURED_CPU_FAULT,CPU;INTERVAL_FAULTS,NA,NA,NA,NA,NA,NA,NA,NA,NA,NA,NA,NA,NA,NA,NA,NA,NA,NA,NA,NA,NA,NA,NA,TARGET_GONE,identity no longer active
2026-10-02T16:05:28Z,APP_21879_3030045,21879,3030045,5,3055,0.000,0,0,-1,-1,0,0.999931471,NA,NA,0.000000000,MEASURED_CPU_FAULT,CPU;INTERVAL_FAULTS,NA,NA,NA,NA,NA,NA,NA,NA,NA,NA,NA,NA,NA,NA,NA,NA,NA,NA,NA,NA,NA,NA,NA,TARGET_GONE,identity no longer active
2026-10-02T16:05:29Z,APP_21879_3030045,21879,3030045,5,3056,0.000,0,0,-1,-1,0,0.999931471,NA,NA,0.000000000,MEASURED_CPU_FAULT,CPU;INTERVAL_FAULTS,NA,NA,NA,NA,NA,NA,NA,NA,NA,NA,NA,NA,NA,NA,NA,NA,NA,NA,NA,NA,NA,NA,NA,TARGET_GONE,identity no longer active
2026-10-02T16:05:29Z,APP_21879_3030045,21879,3030045,5,3057,95.238,0,0,-1,-1,0,0.999931471,NA,NA,66.666600000,MEASURED_CPU_FAULT,CPU;INTERVAL_FAULTS,NA,NA,NA,NA,NA,NA,NA,NA,NA,NA,NA,NA,NA,NA,NA,NA,NA,NA,NA,NA,NA,NA,NA,TARGET_GONE,identity no longer active
2026-10-02T16:05:29Z,APP_21879_3030045,21879,3030045,5,3058,201.802,0,0,-1,-1,0,0.999931471,NA,NA,70.000000000,MEASURED_CPU_FAULT,CPU;INTERVAL_FAULTS,NA,NA,NA,NA,NA,NA,NA,NA,NA,NA,NA,NA,NA,NA,NA,NA,NA,NA,NA,NA,NA,NA,NA,TARGET_GONE,identity no longer active
2026-10-02T16:05:29Z,APP_21879_3030045,21879,3030045,5,3059,198.650,0,0,-1,-1,0,0.999931471,NA,NA,70.000000000,MEASURED_CPU_FAULT,CPU;INTERVAL_FAULTS,NA,NA,NA,NA,NA,NA,NA,NA,NA,NA,NA,NA,NA,NA,NA,NA,NA,NA,NA,NA,NA,NA,NA,TARGET_GONE,identity no longer active
2026-10-02T16:05:29Z,APP_21879_3030045,21879,3030045,5,3060,201.198,0,0,-1,-1,0,0.999931471,NA,NA,70.000000000,MEASURED_CPU_FAULT,CPU;INTERVAL_FAULTS,NA,NA,NA,NA,NA,NA,NA,NA,NA,NA,NA,NA,NA,NA,NA,NA,NA,NA,NA,NA,NA,NA,NA,TARGET_GONE,identity no longer active
2026-10-02T16:05:29Z,APP_21879_3030045,21879,3030045,5,3061,202.230,0,0,-1,-1,0,0.999931471,NA,NA,70.000000000,MEASURED_CPU_FAULT,CPU;INTERVAL_FAULTS,NA,NA,NA,NA,NA,NA,NA,NA,NA,NA,NA,NA,NA,NA,NA,NA,NA,NA,NA,NA,NA,NA,NA,TARGET_GONE,identity no longer active
2026-10-02T16:05:29Z,APP_21879_3030045,21879,3030045,5,3062,191.617,0,0,-1,-1,0,0.999931471,NA,NA,70.000000000,MEASURED_CPU_FAULT,CPU;INTERVAL_FAULTS,NA,NA,NA,NA,NA,NA,NA,NA,NA,NA,NA,NA,NA,NA,NA,NA,NA,NA,NA,NA,NA,NA,NA,TARGET_GONE,identity no longer active
2026-10-02T16:05:29Z,APP_21879_3030045,21879,3030045,5,3063,202.043,0,0,-1,-1,0,0.999931471,NA,NA,70.000000000,MEASURED_CPU_FAULT,CPU;INTERVAL_FAULTS,NA,NA,NA,NA,NA,NA,NA,NA,NA,NA,NA,NA,NA,NA,NA,NA,NA,NA,NA,NA,NA,NA,NA,TARGET_GONE,identity no longer active
2026-10-02T16:05:30Z,APP_21879_3030045,21879,3030045,5,3064,201.198,0,0,-1,-1,0,0.999931471,NA,NA,70.000000000,MEASURED_CPU_FAULT,CPU;INTERVAL_FAULTS,NA,NA,NA,NA,NA,NA,NA,NA,NA,NA,NA,NA,NA,NA,NA,NA,NA,NA,NA,NA,NA,NA,NA,TARGET_GONE,identity no longer active
2026-10-02T16:05:30Z,APP_21879_3030045,21879,3030045,5,3065,197.280,0,0,-1,-1,0,0.999931471,NA,NA,70.000000000,MEASURED_CPU_FAULT,CPU;INTERVAL_FAULTS,NA,NA,NA,NA,NA,NA,NA,NA,NA,NA,NA,NA,NA,NA,NA,NA,NA,NA,NA,NA,NA,NA,NA,TARGET_GONE,identity no longer active
2026-10-02T16:05:30Z,APP_21879_3030045,21879,3030045,5,3066,210.778,0,0,-1,-1,0,0.999931471,NA,NA,70.000000000,MEASURED_CPU_FAULT,CPU;INTERVAL_FAULTS,NA,NA,NA,NA,NA,NA,NA,NA,NA,NA,NA,NA,NA,NA,NA,NA,NA,NA,NA,NA,NA,NA,NA,TARGET_GONE,identity no longer active
2026-10-02T16:05:30Z,APP_21879_3030045,21879,3030045,5,3067,191.904,0,0,-1,-1,0,0.999931471,NA,NA,70.000000000,MEASURED_CPU_FAULT,CPU;INTERVAL_FAULTS,NA,NA,NA,NA,NA,NA,NA,NA,NA,NA,NA,NA,NA,NA,NA,NA,NA,NA,NA,NA,NA,NA,NA,TARGET_GONE,identity no longer active
2026-10-02T16:05:30Z,APP_21879_3030045,21879,3030045,5,3068,205.714,0,0,-1,-1,0,0.999931471,NA,NA,70.000000000,MEASURED_CPU_FAULT,CPU;INTERVAL_FAULTS,NA,NA,NA,NA,NA,NA,NA,NA,NA,NA,NA,NA,NA,NA,NA,NA,NA,NA,NA,NA,NA,NA,NA,TARGET_GONE,identity no longer active
2026-10-02T16:05:30Z,APP_21879_3030045,21879,3030045,5,3069,201.198,0,0,-1,-1,0,0.999931471,NA,NA,70.000000000,MEASURED_CPU_FAULT,CPU;INTERVAL_FAULTS,NA,NA,NA,NA,NA,NA,NA,NA,NA,NA,NA,NA,NA,NA,NA,NA,NA,NA,NA,NA,NA,NA,NA,TARGET_GONE,identity no longer active
2026-10-02T16:05:30Z,APP_21879_3030045,21879,3030045,5,3070,196.648,0,0,-1,-1,0,0.999931471,NA,NA,70.000000000,MEASURED_CPU_FAULT,CPU;INTERVAL_FAULTS,NA,NA,NA,NA,NA,NA,NA,NA,NA,NA,NA,NA,NA,NA,NA,NA,NA,NA,NA,NA,NA,NA,NA,TARGET_GONE,identity no longer active
2026-10-02T16:05:30Z,APP_21879_3030045,21879,3030045,5,3071,201.499,0,0,-1,-1,0,0.999931471,NA,NA,70.000000000,MEASURED_CPU_FAULT,CPU;INTERVAL_FAULTS,NA,NA,NA,NA,NA,NA,NA,NA,NA,NA,NA,NA,NA,NA,NA,NA,NA,NA,NA,NA,NA,NA,NA,TARGET_GONE,identity no longer active
2026-10-02T16:05:31Z,APP_21879_3030045,21879,3030045,5,3072,202.772,0,0,-1,-1,0,0.999931471,NA,NA,70.000000000,MEASURED_CPU_FAULT,CPU;INTERVAL_FAULTS,NA,NA,NA,NA,NA,NA,NA,NA,NA,NA,NA,NA,NA,NA,NA,NA,NA,NA,NA,NA,NA,NA,NA,TARGET_GONE,identity no longer active
2026-10-02T16:05:31Z,APP_21879_3030045,21879,3030045,5,3073,201.499,0,0,-1,-1,0,0.999931471,NA,NA,70.000000000,MEASURED_CPU_FAULT,CPU;INTERVAL_FAULTS,NA,NA,NA,NA,NA,NA,NA,NA,NA,NA,NA,NA,NA,NA,NA,NA,NA,NA,NA,NA,NA,NA,NA,TARGET_GONE,identity no longer active
2026-10-02T16:05:31Z,APP_21879_3030045,21879,3030045,5,3074,195.918,0,0,-1,-1,0,0.999931471,NA,NA,70.000000000,MEASURED_CPU_FAULT,CPU;INTERVAL_FAULTS,NA,NA,NA,NA,NA,NA,NA,NA,NA,NA,NA,NA,NA,NA,NA,NA,NA,NA,NA,NA,NA,NA,NA,TARGET_GONE,identity no longer active
2026-10-02T16:05:31Z,APP_21879_3030045,21879,3030045,5,3075,211.411,0,0,-1,-1,0,0.999931471,NA,NA,70.000000000,MEASURED_CPU_FAULT,CPU;INTERVAL_FAULTS,NA,NA,NA,NA,NA,NA,NA,NA,NA,NA,NA,NA,NA,NA,NA,NA,NA,NA,NA,NA,NA,NA,NA,TARGET_GONE,identity no longer active
2026-10-02T16:05:31Z,APP_21879_3030045,21879,3030045,5,3076,201.499,0,0,-1,-1,0,0.999931471,NA,NA,70.000000000,MEASURED_CPU_FAULT,CPU;INTERVAL_FAULTS,NA,NA,NA,NA,NA,NA,NA,NA,NA,NA,NA,NA,NA,NA,NA,NA,NA,NA,NA,NA,NA,NA,NA,TARGET_GONE,identity no longer active
2026-10-02T16:05:31Z,APP_21879_3030045,21879,3030045,5,3077,198.706,0,0,-1,-1,0,0.999931471,NA,NA,70.000000000,MEASURED_CPU_FAULT,CPU;INTERVAL_FAULTS,NA,NA,NA,NA,NA,NA,NA,NA,NA,NA,NA,NA,NA,NA,NA,NA,NA,NA,NA,NA,NA,NA,NA,TARGET_GONE,identity no longer active
2026-10-02T16:05:31Z,APP_21879_3030045,21879,3030045,5,3078,191.904,0,0,-1,-1,0,0.999931471,NA,NA,70.000000000,MEASURED_CPU_FAULT,CPU;INTERVAL_FAULTS,NA,NA,NA,NA,NA,NA,NA,NA,NA,NA,NA,NA,NA,NA,NA,NA,NA,NA,NA,NA,NA,NA,NA,TARGET_GONE,identity no longer active
2026-10-02T16:05:31Z,APP_21879_3030045,21879,3030045,5,3079,204.325,0,0,-1,-1,0,0.999931471,NA,NA,70.000000000,MEASURED_CPU_FAULT,CPU;INTERVAL_FAULTS,NA,NA,NA,NA,NA,NA,NA,NA,NA,NA,NA,NA,NA,NA,NA,NA,NA,NA,NA,NA,NA,NA,NA,TARGET_GONE,identity no longer active
2026-10-02T16:05:31Z,APP_21879_3030045,21879,3030045,5,3080,201.499,0,0,-1,-1,0,0.999931471,NA,NA,70.000000000,MEASURED_CPU_FAULT,CPU;INTERVAL_FAULTS,NA,NA,NA,NA,NA,NA,NA,NA,NA,NA,NA,NA,NA,NA,NA,NA,NA,NA,NA,NA,NA,NA,NA,TARGET_GONE,identity no longer active
2026-10-02T16:05:32Z,APP_21879_3030045,21879,3030045,5,3081,197.531,0,0,-1,-1,0,0.999931471,NA,NA,70.000000000,MEASURED_CPU_FAULT,CPU;INTERVAL_FAULTS,NA,NA,NA,NA,NA,NA,NA,NA,NA,NA,NA,NA,NA,NA,NA,NA,NA,NA,NA,NA,NA,NA,NA,TARGET_GONE,identity no longer active
2026-10-02T16:05:32Z,APP_21879_3030045,21879,3030045,5,3082,201.499,0,0,-1,-1,0,0.999931471,NA,NA,70.000000000,MEASURED_CPU_FAULT,CPU;INTERVAL_FAULTS,NA,NA,NA,NA,NA,NA,NA,NA,NA,NA,NA,NA,NA,NA,NA,NA,NA,NA,NA,NA,NA,NA,NA,TARGET_GONE,identity no longer active
2026-10-02T16:05:32Z,APP_21879_3030045,21879,3030045,5,3083,203.885,0,0,-1,-1,0,0.999931471,NA,NA,70.000000000,MEASURED_CPU_FAULT,CPU;INTERVAL_FAULTS,NA,NA,NA,NA,NA,NA,NA,NA,NA,NA,NA,NA,NA,NA,NA,NA,NA,NA,NA,NA,NA,NA,NA,TARGET_GONE,identity no longer active
2026-10-02T16:05:32Z,APP_21879_3030045,21879,3030045,5,3084,192.771,0,0,-1,-1,0,0.999931471,NA,NA,70.000000000,MEASURED_CPU_FAULT,CPU;INTERVAL_FAULTS,NA,NA,NA,NA,NA,NA,NA,NA,NA,NA,NA,NA,NA,NA,NA,NA,NA,NA,NA,NA,NA,NA,NA,TARGET_GONE,identity no longer active
2026-10-02T16:05:32Z,APP_21879_3030045,21879,3030045,5,3085,201.499,0,0,-1,-1,0,0.999931471,NA,NA,70.000000000,MEASURED_CPU_FAULT,CPU;INTERVAL_FAULTS,NA,NA,NA,NA,NA,NA,NA,NA,NA,NA,NA,NA,NA,NA,NA,NA,NA,NA,NA,NA,NA,NA,NA,TARGET_GONE,identity no longer active
2026-10-02T16:05:32Z,APP_21879_3030045,21879,3030045,5,3086,191.847,0,0,-1,-1,0,0.999931471,NA,NA,70.000000000,MEASURED_CPU_FAULT,CPU;INTERVAL_FAULTS,NA,NA,NA,NA,NA,NA,NA,NA,NA,NA,NA,NA,NA,NA,NA,NA,NA,NA,NA,NA,NA,NA,NA,TARGET_GONE,identity no longer active
2026-10-02T16:05:32Z,APP_21879_3030045,21879,3030045,5,3087,201.198,0,0,-1,-1,0,0.999931471,NA,NA,70.000000000,MEASURED_CPU_FAULT,CPU;INTERVAL_FAULTS,NA,NA,NA,NA,NA,NA,NA,NA,NA,NA,NA,NA,NA,NA,NA,NA,NA,NA,NA,NA,NA,NA,NA,TARGET_GONE,identity no longer active
2026-10-02T16:05:32Z,APP_21879_3030045,21879,3030045,5,3088,204.115,0,0,-1,-1,0,0.999931471,NA,NA,70.000000000,MEASURED_CPU_FAULT,CPU;INTERVAL_FAULTS,NA,NA,NA,NA,NA,NA,NA,NA,NA,NA,NA,NA,NA,NA,NA,NA,NA,NA,NA,NA,NA,NA,NA,TARGET_GONE,identity no longer active
2026-10-02T16:05:33Z,APP_21879_3030045,21879,3030045,5,3089,192.192,0,0,-1,-1,0,0.999931471,NA,NA,70.000000000,MEASURED_CPU_FAULT,CPU;INTERVAL_FAULTS,NA,NA,NA,NA,NA,NA,NA,NA,NA,NA,NA,NA,NA,NA,NA,NA,NA,NA,NA,NA,NA,NA,NA,TARGET_GONE,identity no longer active
2026-10-02T16:05:33Z,APP_21879_3030045,21879,3030045,5,3090,204.115,0,0,-1,-1,0,0.999931471,NA,NA,70.000000000,MEASURED_CPU_FAULT,CPU;INTERVAL_FAULTS,NA,NA,NA,NA,NA,NA,NA,NA,NA,NA,NA,NA,NA,NA,NA,NA,NA,NA,NA,NA,NA,NA,NA,TARGET_GONE,identity no longer active
2026-10-02T16:05:33Z,APP_21879_3030045,21879,3030045,5,3091,201.802,0,0,-1,-1,0,0.999931471,NA,NA,70.000000000,MEASURED_CPU_FAULT,CPU;INTERVAL_FAULTS,NA,NA,NA,NA,NA,NA,NA,NA,NA,NA,NA,NA,NA,NA,NA,NA,NA,NA,NA,NA,NA,NA,NA,TARGET_GONE,identity no longer active
2026-10-02T16:05:27Z,APP_21879_3030045,21879,3030045,6,3092,0.000,0,0,-1,-1,0,0.999931471,1,true,0.000000000,MEASURED_CPU_FAULT,CPU;INTERVAL_FAULTS,HOT,669.474315258,0.560000000,0.700000000,NA,NA,NA,NA,0.560000000,0.000000000,0.700000000,0.000000000,-1.000000000,1.232000000,NA,MOVE_THREAD,INVALID,NOT_APPLICABLE,INVALID,MOVE_THREAD,-1,-1,false,TARGET_GONE,identity no longer active
2026-10-02T16:05:28Z,APP_21879_3030045,21879,3030045,6,3093,0.000,0,0,-1,-1,0,0.999931471,NA,NA,0.000000000,MEASURED_CPU_FAULT,CPU;INTERVAL_FAULTS,NA,NA,NA,NA,NA,NA,NA,NA,NA,NA,NA,NA,NA,NA,NA,NA,NA,NA,NA,NA,NA,NA,NA,TARGET_GONE,identity no longer active
2026-10-02T16:05:28Z,APP_21879_3030045,21879,3030045,6,3094,6.934,0,0,-1,-1,0,0.999931471,NA,NA,4.853800000,MEASURED_CPU_FAULT,CPU;INTERVAL_FAULTS,NA,NA,NA,NA,NA,NA,NA,NA,NA,NA,NA,NA,NA,NA,NA,NA,NA,NA,NA,NA,NA,NA,NA,TARGET_GONE,identity no longer active
2026-10-02T16:05:28Z,APP_21879_3030045,21879,3030045,6,3095,0.000,0,0,-1,-1,0,0.999931471,NA,NA,0.000000000,MEASURED_CPU_FAULT,CPU;INTERVAL_FAULTS,NA,NA,NA,NA,NA,NA,NA,NA,NA,NA,NA,NA,NA,NA,NA,NA,NA,NA,NA,NA,NA,NA,NA,TARGET_GONE,identity no longer active
2026-10-02T16:05:28Z,APP_21879_3030045,21879,3030045,6,3096,0.000,0,0,-1,-1,0,0.999931471,NA,NA,0.000000000,MEASURED_CPU_FAULT,CPU;INTERVAL_FAULTS,NA,NA,NA,NA,NA,NA,NA,NA,NA,NA,NA,NA,NA,NA,NA,NA,NA,NA,NA,NA,NA,NA,NA,TARGET_GONE,identity no longer active
2026-10-02T16:05:28Z,APP_21879_3030045,21879,3030045,6,3097,0.000,0,0,-1,-1,0,0.999931471,NA,NA,0.000000000,MEASURED_CPU_FAULT,CPU;INTERVAL_FAULTS,NA,NA,NA,NA,NA,NA,NA,NA,NA,NA,NA,NA,NA,NA,NA,NA,NA,NA,NA,NA,NA,NA,NA,TARGET_GONE,identity no longer active
2026-10-02T16:05:28Z,APP_21879_3030045,21879,3030045,6,3098,0.000,0,0,-1,-1,0,0.999931471,NA,NA,0.000000000,MEASURED_CPU_FAULT,CPU;INTERVAL_FAULTS,NA,NA,NA,NA,NA,NA,NA,NA,NA,NA,NA,NA,NA,NA,NA,NA,NA,NA,NA,NA,NA,NA,NA,TARGET_GONE,identity no longer active
2026-10-02T16:05:29Z,APP_21879_3030045,21879,3030045,6,3099,0.000,0,0,-1,-1,0,0.999931471,NA,NA,0.000000000,MEASURED_CPU_FAULT,CPU;INTERVAL_FAULTS,NA,NA,NA,NA,NA,NA,NA,NA,NA,NA,NA,NA,NA,NA,NA,NA,NA,NA,NA,NA,NA,NA,NA,TARGET_GONE,identity no longer active
2026-10-02T16:05:29Z,APP_21879_3030045,21879,3030045,6,3100,95.238,0,0,-1,-1,0,0.999931471,NA,NA,66.666600000,MEASURED_CPU_FAULT,CPU;INTERVAL_FAULTS,NA,NA,NA,NA,NA,NA,NA,NA,NA,NA,NA,NA,NA,NA,NA,NA,NA,NA,NA,NA,NA,NA,NA,TARGET_GONE,identity no longer active
2026-10-02T16:05:29Z,APP_21879_3030045,21879,3030045,6,3101,201.802,0,0,-1,-1,0,0.999931471,NA,NA,70.000000000,MEASURED_CPU_FAULT,CPU;INTERVAL_FAULTS,NA,NA,NA,NA,NA,NA,NA,NA,NA,NA,NA,NA,NA,NA,NA,NA,NA,NA,NA,NA,NA,NA,NA,TARGET_GONE,identity no longer active
2026-10-02T16:05:29Z,APP_21879_3030045,21879,3030045,6,3102,198.650,0,0,-1,-1,0,0.999931471,NA,NA,70.000000000,MEASURED_CPU_FAULT,CPU;INTERVAL_FAULTS,NA,NA,NA,NA,NA,NA,NA,NA,NA,NA,NA,NA,NA,NA,NA,NA,NA,NA,NA,NA,NA,NA,NA,TARGET_GONE,identity no longer active
2026-10-02T16:05:29Z,APP_21879_3030045,21879,3030045,6,3103,201.198,0,0,-1,-1,0,0.999931471,NA,NA,70.000000000,MEASURED_CPU_FAULT,CPU;INTERVAL_FAULTS,NA,NA,NA,NA,NA,NA,NA,NA,NA,NA,NA,NA,NA,NA,NA,NA,NA,NA,NA,NA,NA,NA,NA,TARGET_GONE,identity no longer active
2026-10-02T16:05:29Z,APP_21879_3030045,21879,3030045,6,3104,202.230,0,0,-1,-1,0,0.999931471,NA,NA,70.000000000,MEASURED_CPU_FAULT,CPU;INTERVAL_FAULTS,NA,NA,NA,NA,NA,NA,NA,NA,NA,NA,NA,NA,NA,NA,NA,NA,NA,NA,NA,NA,NA,NA,NA,TARGET_GONE,identity no longer active
2026-10-02T16:05:29Z,APP_21879_3030045,21879,3030045,6,3105,191.617,0,0,-1,-1,0,0.999931471,NA,NA,70.000000000,MEASURED_CPU_FAULT,CPU;INTERVAL_FAULTS,NA,NA,NA,NA,NA,NA,NA,NA,NA,NA,NA,NA,NA,NA,NA,NA,NA,NA,NA,NA,NA,NA,NA,TARGET_GONE,identity no longer active
2026-10-02T16:05:29Z,APP_21879_3030045,21879,3030045,6,3106,202.043,0,0,-1,-1,0,0.999931471,NA,NA,70.000000000,MEASURED_CPU_FAULT,CPU;INTERVAL_FAULTS,NA,NA,NA,NA,NA,NA,NA,NA,NA,NA,NA,NA,NA,NA,NA,NA,NA,NA,NA,NA,NA,NA,NA,TARGET_GONE,identity no longer active
2026-10-02T16:05:30Z,APP_21879_3030045,21879,3030045,6,3107,201.198,0,0,-1,-1,0,0.999931471,NA,NA,70.000000000,MEASURED_CPU_FAULT,CPU;INTERVAL_FAULTS,NA,NA,NA,NA,NA,NA,NA,NA,NA,NA,NA,NA,NA,NA,NA,NA,NA,NA,NA,NA,NA,NA,NA,TARGET_GONE,identity no longer active
2026-10-02T16:05:30Z,APP_21879_3030045,21879,3030045,6,3108,197.280,0,0,-1,-1,0,0.999931471,NA,NA,70.000000000,MEASURED_CPU_FAULT,CPU;INTERVAL_FAULTS,NA,NA,NA,NA,NA,NA,NA,NA,NA,NA,NA,NA,NA,NA,NA,NA,NA,NA,NA,NA,NA,NA,NA,TARGET_GONE,identity no longer active
2026-10-02T16:05:30Z,APP_21879_3030045,21879,3030045,6,3109,210.778,0,0,-1,-1,0,0.999931471,NA,NA,70.000000000,MEASURED_CPU_FAULT,CPU;INTERVAL_FAULTS,NA,NA,NA,NA,NA,NA,NA,NA,NA,NA,NA,NA,NA,NA,NA,NA,NA,NA,NA,NA,NA,NA,NA,TARGET_GONE,identity no longer active
2026-10-02T16:05:30Z,APP_21879_3030045,21879,3030045,6,3110,191.904,0,0,-1,-1,0,0.999931471,NA,NA,70.000000000,MEASURED_CPU_FAULT,CPU;INTERVAL_FAULTS,NA,NA,NA,NA,NA,NA,NA,NA,NA,NA,NA,NA,NA,NA,NA,NA,NA,NA,NA,NA,NA,NA,NA,TARGET_GONE,identity no longer active
2026-10-02T16:05:30Z,APP_21879_3030045,21879,3030045,6,3111,205.714,0,0,-1,-1,0,0.999931471,NA,NA,70.000000000,MEASURED_CPU_FAULT,CPU;INTERVAL_FAULTS,NA,NA,NA,NA,NA,NA,NA,NA,NA,NA,NA,NA,NA,NA,NA,NA,NA,NA,NA,NA,NA,NA,NA,TARGET_GONE,identity no longer active
2026-10-02T16:05:30Z,APP_21879_3030045,21879,3030045,6,3112,201.198,0,0,-1,-1,0,0.999931471,NA,NA,70.000000000,MEASURED_CPU_FAULT,CPU;INTERVAL_FAULTS,NA,NA,NA,NA,NA,NA,NA,NA,NA,NA,NA,NA,NA,NA,NA,NA,NA,NA,NA,NA,NA,NA,NA,TARGET_GONE,identity no longer active
2026-10-02T16:05:30Z,APP_21879_3030045,21879,3030045,6,3113,196.648,0,0,-1,-1,0,0.999931471,NA,NA,70.000000000,MEASURED_CPU_FAULT,CPU;INTERVAL_FAULTS,NA,NA,NA,NA,NA,NA,NA,NA,NA,NA,NA,NA,NA,NA,NA,NA,NA,NA,NA,NA,NA,NA,NA,TARGET_GONE,identity no longer active
2026-10-02T16:05:30Z,APP_21879_3030045,21879,3030045,6,3114,201.499,0,0,-1,-1,0,0.999931471,NA,NA,70.000000000,MEASURED_CPU_FAULT,CPU;INTERVAL_FAULTS,NA,NA,NA,NA,NA,NA,NA,NA,NA,NA,NA,NA,NA,NA,NA,NA,NA,NA,NA,NA,NA,NA,NA,TARGET_GONE,identity no longer active
2026-10-02T16:05:31Z,APP_21879_3030045,21879,3030045,6,3115,202.772,0,0,-1,-1,0,0.999931471,NA,NA,70.000000000,MEASURED_CPU_FAULT,CPU;INTERVAL_FAULTS,NA,NA,NA,NA,NA,NA,NA,NA,NA,NA,NA,NA,NA,NA,NA,NA,NA,NA,NA,NA,NA,NA,NA,TARGET_GONE,identity no longer active
2026-10-02T16:05:31Z,APP_21879_3030045,21879,3030045,6,3116,201.499,0,0,-1,-1,0,0.999931471,NA,NA,70.000000000,MEASURED_CPU_FAULT,CPU;INTERVAL_FAULTS,NA,NA,NA,NA,NA,NA,NA,NA,NA,NA,NA,NA,NA,NA,NA,NA,NA,NA,NA,NA,NA,NA,NA,TARGET_GONE,identity no longer active
2026-10-02T16:05:31Z,APP_21879_3030045,21879,3030045,6,3117,195.918,0,0,-1,-1,0,0.999931471,NA,NA,70.000000000,MEASURED_CPU_FAULT,CPU;INTERVAL_FAULTS,NA,NA,NA,NA,NA,NA,NA,NA,NA,NA,NA,NA,NA,NA,NA,NA,NA,NA,NA,NA,NA,NA,NA,TARGET_GONE,identity no longer active
2026-10-02T16:05:31Z,APP_21879_3030045,21879,3030045,6,3118,211.411,0,0,-1,-1,0,0.999931471,NA,NA,70.000000000,MEASURED_CPU_FAULT,CPU;INTERVAL_FAULTS,NA,NA,NA,NA,NA,NA,NA,NA,NA,NA,NA,NA,NA,NA,NA,NA,NA,NA,NA,NA,NA,NA,NA,TARGET_GONE,identity no longer active
2026-10-02T16:05:31Z,APP_21879_3030045,21879,3030045,6,3119,201.499,0,0,-1,-1,0,0.999931471,NA,NA,70.000000000,MEASURED_CPU_FAULT,CPU;INTERVAL_FAULTS,NA,NA,NA,NA,NA,NA,NA,NA,NA,NA,NA,NA,NA,NA,NA,NA,NA,NA,NA,NA,NA,NA,NA,TARGET_GONE,identity no longer active
2026-10-02T16:05:31Z,APP_21879_3030045,21879,3030045,6,3120,198.706,0,0,-1,-1,0,0.999931471,NA,NA,70.000000000,MEASURED_CPU_FAULT,CPU;INTERVAL_FAULTS,NA,NA,NA,NA,NA,NA,NA,NA,NA,NA,NA,NA,NA,NA,NA,NA,NA,NA,NA,NA,NA,NA,NA,TARGET_GONE,identity no longer active
2026-10-02T16:05:31Z,APP_21879_3030045,21879,3030045,6,3121,191.904,0,0,-1,-1,0,0.999931471,NA,NA,70.000000000,MEASURED_CPU_FAULT,CPU;INTERVAL_FAULTS,NA,NA,NA,NA,NA,NA,NA,NA,NA,NA,NA,NA,NA,NA,NA,NA,NA,NA,NA,NA,NA,NA,NA,TARGET_GONE,identity no longer active
2026-10-02T16:05:31Z,APP_21879_3030045,21879,3030045,6,3122,204.325,0,0,-1,-1,0,0.999931471,NA,NA,70.000000000,MEASURED_CPU_FAULT,CPU;INTERVAL_FAULTS,NA,NA,NA,NA,NA,NA,NA,NA,NA,NA,NA,NA,NA,NA,NA,NA,NA,NA,NA,NA,NA,NA,NA,TARGET_GONE,identity no longer active
2026-10-02T16:05:31Z,APP_21879_3030045,21879,3030045,6,3123,201.499,0,0,-1,-1,0,0.999931471,NA,NA,70.000000000,MEASURED_CPU_FAULT,CPU;INTERVAL_FAULTS,NA,NA,NA,NA,NA,NA,NA,NA,NA,NA,NA,NA,NA,NA,NA,NA,NA,NA,NA,NA,NA,NA,NA,TARGET_GONE,identity no longer active
2026-10-02T16:05:32Z,APP_21879_3030045,21879,3030045,6,3124,197.531,0,0,-1,-1,0,0.999931471,NA,NA,70.000000000,MEASURED_CPU_FAULT,CPU;INTERVAL_FAULTS,NA,NA,NA,NA,NA,NA,NA,NA,NA,NA,NA,NA,NA,NA,NA,NA,NA,NA,NA,NA,NA,NA,NA,TARGET_GONE,identity no longer active
2026-10-02T16:05:32Z,APP_21879_3030045,21879,3030045,6,3125,201.499,0,0,-1,-1,0,0.999931471,NA,NA,70.000000000,MEASURED_CPU_FAULT,CPU;INTERVAL_FAULTS,NA,NA,NA,NA,NA,NA,NA,NA,NA,NA,NA,NA,NA,NA,NA,NA,NA,NA,NA,NA,NA,NA,NA,TARGET_GONE,identity no longer active
2026-10-02T16:05:32Z,APP_21879_3030045,21879,3030045,6,3126,203.885,0,0,-1,-1,0,0.999931471,NA,NA,70.000000000,MEASURED_CPU_FAULT,CPU;INTERVAL_FAULTS,NA,NA,NA,NA,NA,NA,NA,NA,NA,NA,NA,NA,NA,NA,NA,NA,NA,NA,NA,NA,NA,NA,NA,TARGET_GONE,identity no longer active
2026-10-02T16:05:32Z,APP_21879_3030045,21879,3030045,6,3127,192.771,0,0,-1,-1,0,0.999931471,NA,NA,70.000000000,MEASURED_CPU_FAULT,CPU;INTERVAL_FAULTS,NA,NA,NA,NA,NA,NA,NA,NA,NA,NA,NA,NA,NA,NA,NA,NA,NA,NA,NA,NA,NA,NA,NA,TARGET_GONE,identity no longer active
2026-10-02T16:05:32Z,APP_21879_3030045,21879,3030045,6,3128,201.499,0,0,-1,-1,0,0.999931471,NA,NA,70.000000000,MEASURED_CPU_FAULT,CPU;INTERVAL_FAULTS,NA,NA,NA,NA,NA,NA,NA,NA,NA,NA,NA,NA,NA,NA,NA,NA,NA,NA,NA,NA,NA,NA,NA,TARGET_GONE,identity no longer active
2026-10-02T16:05:32Z,APP_21879_3030045,21879,3030045,6,3129,191.847,0,0,-1,-1,0,0.999931471,NA,NA,70.000000000,MEASURED_CPU_FAULT,CPU;INTERVAL_FAULTS,NA,NA,NA,NA,NA,NA,NA,NA,NA,NA,NA,NA,NA,NA,NA,NA,NA,NA,NA,NA,NA,NA,NA,TARGET_GONE,identity no longer active
2026-10-02T16:05:32Z,APP_21879_3030045,21879,3030045,6,3130,201.198,0,0,-1,-1,0,0.999931471,NA,NA,70.000000000,MEASURED_CPU_FAULT,CPU;INTERVAL_FAULTS,NA,NA,NA,NA,NA,NA,NA,NA,NA,NA,NA,NA,NA,NA,NA,NA,NA,NA,NA,NA,NA,NA,NA,TARGET_GONE,identity no longer active
2026-10-02T16:05:32Z,APP_21879_3030045,21879,3030045,6,3131,204.115,0,0,-1,-1,0,0.999931471,NA,NA,70.000000000,MEASURED_CPU_FAULT,CPU;INTERVAL_FAULTS,NA,NA,NA,NA,NA,NA,NA,NA,NA,NA,NA,NA,NA,NA,NA,NA,NA,NA,NA,NA,NA,NA,NA,TARGET_GONE,identity no longer active
2026-10-02T16:05:33Z,APP_21879_3030045,21879,3030045,6,3132,192.192,0,0,-1,-1,0,0.999931471,NA,NA,70.000000000,MEASURED_CPU_FAULT,CPU;INTERVAL_FAULTS,NA,NA,NA,NA,NA,NA,NA,NA,NA,NA,NA,NA,NA,NA,NA,NA,NA,NA,NA,NA,NA,NA,NA,TARGET_GONE,identity no longer active
2026-10-02T16:05:33Z,APP_21879_3030045,21879,3030045,6,3133,204.115,0,0,-1,-1,0,0.999931471,NA,NA,70.000000000,MEASURED_CPU_FAULT,CPU;INTERVAL_FAULTS,NA,NA,NA,NA,NA,NA,NA,NA,NA,NA,NA,NA,NA,NA,NA,NA,NA,NA,NA,NA,NA,NA,NA,TARGET_GONE,identity no longer active
2026-10-02T16:05:33Z,APP_21879_3030045,21879,3030045,6,3134,201.802,0,0,-1,-1,0,0.999931471,NA,NA,70.000000000,MEASURED_CPU_FAULT,CPU;INTERVAL_FAULTS,NA,NA,NA,NA,NA,NA,NA,NA,NA,NA,NA,NA,NA,NA,NA,NA,NA,NA,NA,NA,NA,NA,NA,TARGET_GONE,identity no longer active
2026-10-02T16:05:33Z,APP_21879_3030045,21879,3030045,6,3135,201.491,0,0,-1,-1,0,0.999931471,NA,NA,70.000000000,MEASURED_CPU_FAULT,CPU;INTERVAL_FAULTS,NA,NA,NA,NA,NA,NA,NA,NA,NA,NA,NA,NA,NA,NA,NA,NA,NA,NA,NA,NA,NA,NA,NA,TARGET_GONE,identity no longer active
2026-10-02T16:05:33Z,APP_21879_3030045,21879,3030045,6,3136,192.771,0,0,-1,-1,0,0.999931471,NA,NA,70.000000000,MEASURED_CPU_FAULT,CPU;INTERVAL_FAULTS,NA,NA,NA,NA,NA,NA,NA,NA,NA,NA,NA,NA,NA,NA,NA,NA,NA,NA,NA,NA,NA,NA,NA,TARGET_GONE,identity no longer active
2026-10-02T16:05:33Z,APP_21879_3030045,21879,3030045,6,3137,201.499,0,0,-1,-1,0,0.999931471,NA,NA,70.000000000,MEASURED_CPU_FAULT,CPU;INTERVAL_FAULTS,NA,NA,NA,NA,NA,NA,NA,NA,NA,NA,NA,NA,NA,NA,NA,NA,NA,NA,NA,NA,NA,NA,NA,TARGET_GONE,identity no longer active
2026-10-02T16:05:33Z,APP_21879_3030045,21879,3030045,6,3138,199.253,0,0,-1,-1,0,0.999931471,NA,NA,70.000000000,MEASURED_CPU_FAULT,CPU;INTERVAL_FAULTS,NA,NA,NA,NA,NA,NA,NA,NA,NA,NA,NA,NA,NA,NA,NA,NA,NA,NA,NA,NA,NA,NA,NA,TARGET_GONE,identity no longer active
2026-10-02T16:05:33Z,APP_21879_3030045,21879,3030045,6,3139,201.198,0,0,-1,-1,0,0.999931471,NA,NA,70.000000000,MEASURED_CPU_FAULT,CPU;INTERVAL_FAULTS,NA,NA,NA,NA,NA,NA,NA,NA,NA,NA,NA,NA,NA,NA,NA,NA,NA,NA,NA,NA,NA,NA,NA,TARGET_GONE,identity no longer active
2026-10-02T16:05:34Z,APP_21879_3030045,21879,3030045,6,3140,198.142,0,0,-1,-1,0,0.999931471,NA,NA,70.000000000,MEASURED_CPU_FAULT,CPU;INTERVAL_FAULTS,NA,NA,NA,NA,NA,NA,NA,NA,NA,NA,NA,NA,NA,NA,NA,NA,NA,NA,NA,NA,NA,NA,NA,TARGET_GONE,identity no longer active
2026-10-02T16:05:34Z,APP_21879_3030045,21879,3030045,6,3141,200.897,0,0,-1,-1,0,0.999931471,NA,NA,70.000000000,MEASURED_CPU_FAULT,CPU;INTERVAL_FAULTS,NA,NA,NA,NA,NA,NA,NA,NA,NA,NA,NA,NA,NA,NA,NA,NA,NA,NA,NA,NA,NA,NA,NA,TARGET_GONE,identity no longer active
2026-10-02T16:05:34Z,APP_21879_3030045,21879,3030045,6,3142,197.938,0,0,-1,-1,0,0.999931471,NA,NA,70.000000000,MEASURED_CPU_FAULT,CPU;INTERVAL_FAULTS,NA,NA,NA,NA,NA,NA,NA,NA,NA,NA,NA,NA,NA,NA,NA,NA,NA,NA,NA,NA,NA,NA,NA,TARGET_GONE,identity no longer active
2026-10-02T16:05:34Z,APP_21879_3030045,21879,3030045,6,3143,201.499,0,0,-1,-1,0,0.999931471,NA,NA,70.000000000,MEASURED_CPU_FAULT,CPU;INTERVAL_FAULTS,NA,NA,NA,NA,NA,NA,NA,NA,NA,NA,NA,NA,NA,NA,NA,NA,NA,NA,NA,NA,NA,NA,NA,TARGET_GONE,identity no longer active
2026-10-02T16:05:27Z,APP_21879_3030045,21879,3030045,7,3144,0.000,0,0,-1,-1,0,0.999931471,1,true,0.000000000,MEASURED_CPU_FAULT,CPU;INTERVAL_FAULTS,HOT,669.474315258,0.560000000,0.700000000,NA,NA,NA,NA,0.560000000,0.000000000,0.700000000,0.000000000,-1.000000000,1.232000000,NA,MOVE_THREAD,INVALID,NOT_APPLICABLE,INVALID,MOVE_THREAD,-1,-1,false,TARGET_GONE,identity no longer active
2026-10-02T16:05:28Z,APP_21879_3030045,21879,3030045,7,3145,0.000,0,0,-1,-1,0,0.999931471,NA,NA,0.000000000,MEASURED_CPU_FAULT,CPU;INTERVAL_FAULTS,NA,NA,NA,NA,NA,NA,NA,NA,NA,NA,NA,NA,NA,NA,NA,NA,NA,NA,NA,NA,NA,NA,NA,TARGET_GONE,identity no longer active
2026-10-02T16:05:28Z,APP_21879_3030045,21879,3030045,7,3146,6.934,0,0,-1,-1,0,0.999931471,NA,NA,4.853800000,MEASURED_CPU_FAULT,CPU;INTERVAL_FAULTS,NA,NA,NA,NA,NA,NA,NA,NA,NA,NA,NA,NA,NA,NA,NA,NA,NA,NA,NA,NA,NA,NA,NA,TARGET_GONE,identity no longer active
2026-10-02T16:05:28Z,APP_21879_3030045,21879,3030045,7,3147,0.000,0,0,-1,-1,0,0.999931471,NA,NA,0.000000000,MEASURED_CPU_FAULT,CPU;INTERVAL_FAULTS,NA,NA,NA,NA,NA,NA,NA,NA,NA,NA,NA,NA,NA,NA,NA,NA,NA,NA,NA,NA,NA,NA,NA,TARGET_GONE,identity no longer active
2026-10-02T16:05:28Z,APP_21879_3030045,21879,3030045,7,3148,0.000,0,0,-1,-1,0,0.999931471,NA,NA,0.000000000,MEASURED_CPU_FAULT,CPU;INTERVAL_FAULTS,NA,NA,NA,NA,NA,NA,NA,NA,NA,NA,NA,NA,NA,NA,NA,NA,NA,NA,NA,NA,NA,NA,NA,TARGET_GONE,identity no longer active
2026-10-02T16:05:28Z,APP_21879_3030045,21879,3030045,7,3149,0.000,0,0,-1,-1,0,0.999931471,NA,NA,0.000000000,MEASURED_CPU_FAULT,CPU;INTERVAL_FAULTS,NA,NA,NA,NA,NA,NA,NA,NA,NA,NA,NA,NA,NA,NA,NA,NA,NA,NA,NA,NA,NA,NA,NA,TARGET_GONE,identity no longer active
2026-10-02T16:05:28Z,APP_21879_3030045,21879,3030045,7,3150,0.000,0,0,-1,-1,0,0.999931471,NA,NA,0.000000000,MEASURED_CPU_FAULT,CPU;INTERVAL_FAULTS,NA,NA,NA,NA,NA,NA,NA,NA,NA,NA,NA,NA,NA,NA,NA,NA,NA,NA,NA,NA,NA,NA,NA,TARGET_GONE,identity no longer active
2026-10-02T16:05:29Z,APP_21879_3030045,21879,3030045,7,3151,0.000,0,0,-1,-1,0,0.999931471,NA,NA,0.000000000,MEASURED_CPU_FAULT,CPU;INTERVAL_FAULTS,NA,NA,NA,NA,NA,NA,NA,NA,NA,NA,NA,NA,NA,NA,NA,NA,NA,NA,NA,NA,NA,NA,NA,TARGET_GONE,identity no longer active
2026-10-02T16:05:29Z,APP_21879_3030045,21879,3030045,7,3152,95.238,0,0,-1,-1,0,0.999931471,NA,NA,66.666600000,MEASURED_CPU_FAULT,CPU;INTERVAL_FAULTS,NA,NA,NA,NA,NA,NA,NA,NA,NA,NA,NA,NA,NA,NA,NA,NA,NA,NA,NA,NA,NA,NA,NA,TARGET_GONE,identity no longer active
2026-10-02T16:05:29Z,APP_21879_3030045,21879,3030045,7,3153,201.802,0,0,-1,-1,0,0.999931471,NA,NA,70.000000000,MEASURED_CPU_FAULT,CPU;INTERVAL_FAULTS,NA,NA,NA,NA,NA,NA,NA,NA,NA,NA,NA,NA,NA,NA,NA,NA,NA,NA,NA,NA,NA,NA,NA,TARGET_GONE,identity no longer active
2026-10-02T16:05:29Z,APP_21879_3030045,21879,3030045,7,3154,198.650,0,0,-1,-1,0,0.999931471,NA,NA,70.000000000,MEASURED_CPU_FAULT,CPU;INTERVAL_FAULTS,NA,NA,NA,NA,NA,NA,NA,NA,NA,NA,NA,NA,NA,NA,NA,NA,NA,NA,NA,NA,NA,NA,NA,TARGET_GONE,identity no longer active
2026-10-02T16:05:29Z,APP_21879_3030045,21879,3030045,7,3155,201.198,0,0,-1,-1,0,0.999931471,NA,NA,70.000000000,MEASURED_CPU_FAULT,CPU;INTERVAL_FAULTS,NA,NA,NA,NA,NA,NA,NA,NA,NA,NA,NA,NA,NA,NA,NA,NA,NA,NA,NA,NA,NA,NA,NA,TARGET_GONE,identity no longer active
2026-10-02T16:05:29Z,APP_21879_3030045,21879,3030045,7,3156,202.230,0,0,-1,-1,0,0.999931471,NA,NA,70.000000000,MEASURED_CPU_FAULT,CPU;INTERVAL_FAULTS,NA,NA,NA,NA,NA,NA,NA,NA,NA,NA,NA,NA,NA,NA,NA,NA,NA,NA,NA,NA,NA,NA,NA,TARGET_GONE,identity no longer active
2026-10-02T16:05:29Z,APP_21879_3030045,21879,3030045,7,3157,191.617,0,0,-1,-1,0,0.999931471,NA,NA,70.000000000,MEASURED_CPU_FAULT,CPU;INTERVAL_FAULTS,NA,NA,NA,NA,NA,NA,NA,NA,NA,NA,NA,NA,NA,NA,NA,NA,NA,NA,NA,NA,NA,NA,NA,TARGET_GONE,identity no longer active
2026-10-02T16:05:29Z,APP_21879_3030045,21879,3030045,7,3158,202.043,0,0,-1,-1,0,0.999931471,NA,NA,70.000000000,MEASURED_CPU_FAULT,CPU;INTERVAL_FAULTS,NA,NA,NA,NA,NA,NA,NA,NA,NA,NA,NA,NA,NA,NA,NA,NA,NA,NA,NA,NA,NA,NA,NA,TARGET_GONE,identity no longer active
2026-10-02T16:05:30Z,APP_21879_3030045,21879,3030045,7,3159,201.198,0,0,-1,-1,0,0.999931471,NA,NA,70.000000000,MEASURED_CPU_FAULT,CPU;INTERVAL_FAULTS,NA,NA,NA,NA,NA,NA,NA,NA,NA,NA,NA,NA,NA,NA,NA,NA,NA,NA,NA,NA,NA,NA,NA,TARGET_GONE,identity no longer active
2026-10-02T16:05:30Z,APP_21879_3030045,21879,3030045,7,3160,197.280,0,0,-1,-1,0,0.999931471,NA,NA,70.000000000,MEASURED_CPU_FAULT,CPU;INTERVAL_FAULTS,NA,NA,NA,NA,NA,NA,NA,NA,NA,NA,NA,NA,NA,NA,NA,NA,NA,NA,NA,NA,NA,NA,NA,TARGET_GONE,identity no longer active
2026-10-02T16:05:30Z,APP_21879_3030045,21879,3030045,7,3161,210.778,0,0,-1,-1,0,0.999931471,NA,NA,70.000000000,MEASURED_CPU_FAULT,CPU;INTERVAL_FAULTS,NA,NA,NA,NA,NA,NA,NA,NA,NA,NA,NA,NA,NA,NA,NA,NA,NA,NA,NA,NA,NA,NA,NA,TARGET_GONE,identity no longer active
2026-10-02T16:05:30Z,APP_21879_3030045,21879,3030045,7,3162,191.904,0,0,-1,-1,0,0.999931471,NA,NA,70.000000000,MEASURED_CPU_FAULT,CPU;INTERVAL_FAULTS,NA,NA,NA,NA,NA,NA,NA,NA,NA,NA,NA,NA,NA,NA,NA,NA,NA,NA,NA,NA,NA,NA,NA,TARGET_GONE,identity no longer active
2026-10-02T16:05:30Z,APP_21879_3030045,21879,3030045,7,3163,205.714,0,0,-1,-1,0,0.999931471,NA,NA,70.000000000,MEASURED_CPU_FAULT,CPU;INTERVAL_FAULTS,NA,NA,NA,NA,NA,NA,NA,NA,NA,NA,NA,NA,NA,NA,NA,NA,NA,NA,NA,NA,NA,NA,NA,TARGET_GONE,identity no longer active
2026-10-02T16:05:30Z,APP_21879_3030045,21879,3030045,7,3164,201.198,0,0,-1,-1,0,0.999931471,NA,NA,70.000000000,MEASURED_CPU_FAULT,CPU;INTERVAL_FAULTS,NA,NA,NA,NA,NA,NA,NA,NA,NA,NA,NA,NA,NA,NA,NA,NA,NA,NA,NA,NA,NA,NA,NA,TARGET_GONE,identity no longer active
2026-10-02T16:05:30Z,APP_21879_3030045,21879,3030045,7,3165,196.648,0,0,-1,-1,0,0.999931471,NA,NA,70.000000000,MEASURED_CPU_FAULT,CPU;INTERVAL_FAULTS,NA,NA,NA,NA,NA,NA,NA,NA,NA,NA,NA,NA,NA,NA,NA,NA,NA,NA,NA,NA,NA,NA,NA,TARGET_GONE,identity no longer active
2026-10-02T16:05:30Z,APP_21879_3030045,21879,3030045,7,3166,201.499,0,0,-1,-1,0,0.999931471,NA,NA,70.000000000,MEASURED_CPU_FAULT,CPU;INTERVAL_FAULTS,NA,NA,NA,NA,NA,NA,NA,NA,NA,NA,NA,NA,NA,NA,NA,NA,NA,NA,NA,NA,NA,NA,NA,TARGET_GONE,identity no longer active
2026-10-02T16:05:31Z,APP_21879_3030045,21879,3030045,7,3167,202.772,0,0,-1,-1,0,0.999931471,NA,NA,70.000000000,MEASURED_CPU_FAULT,CPU;INTERVAL_FAULTS,NA,NA,NA,NA,NA,NA,NA,NA,NA,NA,NA,NA,NA,NA,NA,NA,NA,NA,NA,NA,NA,NA,NA,TARGET_GONE,identity no longer active
2026-10-02T16:05:31Z,APP_21879_3030045,21879,3030045,7,3168,201.499,0,0,-1,-1,0,0.999931471,NA,NA,70.000000000,MEASURED_CPU_FAULT,CPU;INTERVAL_FAULTS,NA,NA,NA,NA,NA,NA,NA,NA,NA,NA,NA,NA,NA,NA,NA,NA,NA,NA,NA,NA,NA,NA,NA,TARGET_GONE,identity no longer active
2026-10-02T16:05:31Z,APP_21879_3030045,21879,3030045,7,3169,195.918,0,0,-1,-1,0,0.999931471,NA,NA,70.000000000,MEASURED_CPU_FAULT,CPU;INTERVAL_FAULTS,NA,NA,NA,NA,NA,NA,NA,NA,NA,NA,NA,NA,NA,NA,NA,NA,NA,NA,NA,NA,NA,NA,NA,TARGET_GONE,identity no longer active
2026-10-02T16:05:31Z,APP_21879_3030045,21879,3030045,7,3170,211.411,0,0,-1,-1,0,0.999931471,NA,NA,70.000000000,MEASURED_CPU_FAULT,CPU;INTERVAL_FAULTS,NA,NA,NA,NA,NA,NA,NA,NA,NA,NA,NA,NA,NA,NA,NA,NA,NA,NA,NA,NA,NA,NA,NA,TARGET_GONE,identity no longer active
2026-10-02T16:05:31Z,APP_21879_3030045,21879,3030045,7,3171,201.499,0,0,-1,-1,0,0.999931471,NA,NA,70.000000000,MEASURED_CPU_FAULT,CPU;INTERVAL_FAULTS,NA,NA,NA,NA,NA,NA,NA,NA,NA,NA,NA,NA,NA,NA,NA,NA,NA,NA,NA,NA,NA,NA,NA,TARGET_GONE,identity no longer active
2026-10-02T16:05:31Z,APP_21879_3030045,21879,3030045,7,3172,198.706,0,0,-1,-1,0,0.999931471,NA,NA,70.000000000,MEASURED_CPU_FAULT,CPU;INTERVAL_FAULTS,NA,NA,NA,NA,NA,NA,NA,NA,NA,NA,NA,NA,NA,NA,NA,NA,NA,NA,NA,NA,NA,NA,NA,TARGET_GONE,identity no longer active
2026-10-02T16:05:31Z,APP_21879_3030045,21879,3030045,7,3173,191.904,0,0,-1,-1,0,0.999931471,NA,NA,70.000000000,MEASURED_CPU_FAULT,CPU;INTERVAL_FAULTS,NA,NA,NA,NA,NA,NA,NA,NA,NA,NA,NA,NA,NA,NA,NA,NA,NA,NA,NA,NA,NA,NA,NA,TARGET_GONE,identity no longer active
2026-10-02T16:05:31Z,APP_21879_3030045,21879,3030045,7,3174,204.325,0,0,-1,-1,0,0.999931471,NA,NA,70.000000000,MEASURED_CPU_FAULT,CPU;INTERVAL_FAULTS,NA,NA,NA,NA,NA,NA,NA,NA,NA,NA,NA,NA,NA,NA,NA,NA,NA,NA,NA,NA,NA,NA,NA,TARGET_GONE,identity no longer active
2026-10-02T16:05:31Z,APP_21879_3030045,21879,3030045,7,3175,201.499,0,0,-1,-1,0,0.999931471,NA,NA,70.000000000,MEASURED_CPU_FAULT,CPU;INTERVAL_FAULTS,NA,NA,NA,NA,NA,NA,NA,NA,NA,NA,NA,NA,NA,NA,NA,NA,NA,NA,NA,NA,NA,NA,NA,TARGET_GONE,identity no longer active
2026-10-02T16:05:32Z,APP_21879_3030045,21879,3030045,7,3176,197.531,0,0,-1,-1,0,0.999931471,NA,NA,70.000000000,MEASURED_CPU_FAULT,CPU;INTERVAL_FAULTS,NA,NA,NA,NA,NA,NA,NA,NA,NA,NA,NA,NA,NA,NA,NA,NA,NA,NA,NA,NA,NA,NA,NA,TARGET_GONE,identity no longer active
2026-10-02T16:05:32Z,APP_21879_3030045,21879,3030045,7,3177,201.499,0,0,-1,-1,0,0.999931471,NA,NA,70.000000000,MEASURED_CPU_FAULT,CPU;INTERVAL_FAULTS,NA,NA,NA,NA,NA,NA,NA,NA,NA,NA,NA,NA,NA,NA,NA,NA,NA,NA,NA,NA,NA,NA,NA,TARGET_GONE,identity no longer active
2026-10-02T16:05:32Z,APP_21879_3030045,21879,3030045,7,3178,203.885,0,0,-1,-1,0,0.999931471,NA,NA,70.000000000,MEASURED_CPU_FAULT,CPU;INTERVAL_FAULTS,NA,NA,NA,NA,NA,NA,NA,NA,NA,NA,NA,NA,NA,NA,NA,NA,NA,NA,NA,NA,NA,NA,NA,TARGET_GONE,identity no longer active
2026-10-02T16:05:32Z,APP_21879_3030045,21879,3030045,7,3179,192.771,0,0,-1,-1,0,0.999931471,NA,NA,70.000000000,MEASURED_CPU_FAULT,CPU;INTERVAL_FAULTS,NA,NA,NA,NA,NA,NA,NA,NA,NA,NA,NA,NA,NA,NA,NA,NA,NA,NA,NA,NA,NA,NA,NA,TARGET_GONE,identity no longer active
2026-10-02T16:05:32Z,APP_21879_3030045,21879,3030045,7,3180,201.499,0,0,-1,-1,0,0.999931471,NA,NA,70.000000000,MEASURED_CPU_FAULT,CPU;INTERVAL_FAULTS,NA,NA,NA,NA,NA,NA,NA,NA,NA,NA,NA,NA,NA,NA,NA,NA,NA,NA,NA,NA,NA,NA,NA,TARGET_GONE,identity no longer active
2026-10-02T16:05:32Z,APP_21879_3030045,21879,3030045,7,3181,191.847,0,0,-1,-1,0,0.999931471,NA,NA,70.000000000,MEASURED_CPU_FAULT,CPU;INTERVAL_FAULTS,NA,NA,NA,NA,NA,NA,NA,NA,NA,NA,NA,NA,NA,NA,NA,NA,NA,NA,NA,NA,NA,NA,NA,TARGET_GONE,identity no longer active
2026-10-02T16:05:32Z,APP_21879_3030045,21879,3030045,7,3182,201.198,0,0,-1,-1,0,0.999931471,NA,NA,70.000000000,MEASURED_CPU_FAULT,CPU;INTERVAL_FAULTS,NA,NA,NA,NA,NA,NA,NA,NA,NA,NA,NA,NA,NA,NA,NA,NA,NA,NA,NA,NA,NA,NA,NA,TARGET_GONE,identity no longer active
2026-10-02T16:05:32Z,APP_21879_3030045,21879,3030045,7,3183,204.115,0,0,-1,-1,0,0.999931471,NA,NA,70.000000000,MEASURED_CPU_FAULT,CPU;INTERVAL_FAULTS,NA,NA,NA,NA,NA,NA,NA,NA,NA,NA,NA,NA,NA,NA,NA,NA,NA,NA,NA,NA,NA,NA,NA,TARGET_GONE,identity no longer active
2026-10-02T16:05:33Z,APP_21879_3030045,21879,3030045,7,3184,192.192,0,0,-1,-1,0,0.999931471,NA,NA,70.000000000,MEASURED_CPU_FAULT,CPU;INTERVAL_FAULTS,NA,NA,NA,NA,NA,NA,NA,NA,NA,NA,NA,NA,NA,NA,NA,NA,NA,NA,NA,NA,NA,NA,NA,TARGET_GONE,identity no longer active
2026-10-02T16:05:33Z,APP_21879_3030045,21879,3030045,7,3185,204.115,0,0,-1,-1,0,0.999931471,NA,NA,70.000000000,MEASURED_CPU_FAULT,CPU;INTERVAL_FAULTS,NA,NA,NA,NA,NA,NA,NA,NA,NA,NA,NA,NA,NA,NA,NA,NA,NA,NA,NA,NA,NA,NA,NA,TARGET_GONE,identity no longer active
2026-10-02T16:05:33Z,APP_21879_3030045,21879,3030045,7,3186,201.802,0,0,-1,-1,0,0.999931471,NA,NA,70.000000000,MEASURED_CPU_FAULT,CPU;INTERVAL_FAULTS,NA,NA,NA,NA,NA,NA,NA,NA,NA,NA,NA,NA,NA,NA,NA,NA,NA,NA,NA,NA,NA,NA,NA,TARGET_GONE,identity no longer active
2026-10-02T16:05:33Z,APP_21879_3030045,21879,3030045,7,3187,201.491,0,0,-1,-1,0,0.999931471,NA,NA,70.000000000,MEASURED_CPU_FAULT,CPU;INTERVAL_FAULTS,NA,NA,NA,NA,NA,NA,NA,NA,NA,NA,NA,NA,NA,NA,NA,NA,NA,NA,NA,NA,NA,NA,NA,TARGET_GONE,identity no longer active
2026-10-02T16:05:33Z,APP_21879_3030045,21879,3030045,7,3188,192.771,0,0,-1,-1,0,0.999931471,NA,NA,70.000000000,MEASURED_CPU_FAULT,CPU;INTERVAL_FAULTS,NA,NA,NA,NA,NA,NA,NA,NA,NA,NA,NA,NA,NA,NA,NA,NA,NA,NA,NA,NA,NA,NA,NA,TARGET_GONE,identity no longer active
2026-10-02T16:05:33Z,APP_21879_3030045,21879,3030045,7,3189,201.499,0,0,-1,-1,0,0.999931471,NA,NA,70.000000000,MEASURED_CPU_FAULT,CPU;INTERVAL_FAULTS,NA,NA,NA,NA,NA,NA,NA,NA,NA,NA,NA,NA,NA,NA,NA,NA,NA,NA,NA,NA,NA,NA,NA,TARGET_GONE,identity no longer active
2026-10-02T16:05:33Z,APP_21879_3030045,21879,3030045,7,3190,199.253,0,0,-1,-1,0,0.999931471,NA,NA,70.000000000,MEASURED_CPU_FAULT,CPU;INTERVAL_FAULTS,NA,NA,NA,NA,NA,NA,NA,NA,NA,NA,NA,NA,NA,NA,NA,NA,NA,NA,NA,NA,NA,NA,NA,TARGET_GONE,identity no longer active
2026-10-02T16:05:33Z,APP_21879_3030045,21879,3030045,7,3191,201.198,0,0,-1,-1,0,0.999931471,NA,NA,70.000000000,MEASURED_CPU_FAULT,CPU;INTERVAL_FAULTS,NA,NA,NA,NA,NA,NA,NA,NA,NA,NA,NA,NA,NA,NA,NA,NA,NA,NA,NA,NA,NA,NA,NA,TARGET_GONE,identity no longer active
2026-10-02T16:05:34Z,APP_21879_3030045,21879,3030045,7,3192,198.142,0,0,-1,-1,0,0.999931471,NA,NA,70.000000000,MEASURED_CPU_FAULT,CPU;INTERVAL_FAULTS,NA,NA,NA,NA,NA,NA,NA,NA,NA,NA,NA,NA,NA,NA,NA,NA,NA,NA,NA,NA,NA,NA,NA,TARGET_GONE,identity no longer active
2026-10-02T16:05:34Z,APP_21879_3030045,21879,3030045,7,3193,200.897,0,0,-1,-1,0,0.999931471,NA,NA,70.000000000,MEASURED_CPU_FAULT,CPU;INTERVAL_FAULTS,NA,NA,NA,NA,NA,NA,NA,NA,NA,NA,NA,NA,NA,NA,NA,NA,NA,NA,NA,NA,NA,NA,NA,TARGET_GONE,identity no longer active
2026-10-02T16:05:34Z,APP_21879_3030045,21879,3030045,7,3194,197.938,0,0,-1,-1,0,0.999931471,NA,NA,70.000000000,MEASURED_CPU_FAULT,CPU;INTERVAL_FAULTS,NA,NA,NA,NA,NA,NA,NA,NA,NA,NA,NA,NA,NA,NA,NA,NA,NA,NA,NA,NA,NA,NA,NA,TARGET_GONE,identity no longer active
2026-10-02T16:05:34Z,APP_21879_3030045,21879,3030045,7,3195,201.499,0,0,-1,-1,0,0.999931471,NA,NA,70.000000000,MEASURED_CPU_FAULT,CPU;INTERVAL_FAULTS,NA,NA,NA,NA,NA,NA,NA,NA,NA,NA,NA,NA,NA,NA,NA,NA,NA,NA,NA,NA,NA,NA,NA,TARGET_GONE,identity no longer active
2026-10-02T16:05:34Z,APP_21879_3030045,21879,3030045,7,3196,202.625,0,0,-1,-1,0,0.999931471,NA,NA,70.000000000,MEASURED_CPU_FAULT,CPU;INTERVAL_FAULTS,NA,NA,NA,NA,NA,NA,NA,NA,NA,NA,NA,NA,NA,NA,NA,NA,NA,NA,NA,NA,NA,NA,NA,TARGET_GONE,identity no longer active
2026-10-02T16:05:34Z,APP_21879_3030045,21879,3030045,7,3197,192.192,0,0,-1,-1,0,0.999931471,NA,NA,70.000000000,MEASURED_CPU_FAULT,CPU;INTERVAL_FAULTS,NA,NA,NA,NA,NA,NA,NA,NA,NA,NA,NA,NA,NA,NA,NA,NA,NA,NA,NA,NA,NA,NA,NA,TARGET_GONE,identity no longer active
2026-10-02T16:05:34Z,APP_21879_3030045,21879,3030045,7,3198,201.198,0,0,-1,-1,0,0.999931471,NA,NA,70.000000000,MEASURED_CPU_FAULT,CPU;INTERVAL_FAULTS,NA,NA,NA,NA,NA,NA,NA,NA,NA,NA,NA,NA,NA,NA,NA,NA,NA,NA,NA,NA,NA,NA,NA,TARGET_GONE,identity no longer active
2026-10-02T16:05:34Z,APP_21879_3030045,21879,3030045,7,3199,199.253,0,0,-1,-1,0,0.999931471,NA,NA,70.000000000,MEASURED_CPU_FAULT,CPU;INTERVAL_FAULTS,NA,NA,NA,NA,NA,NA,NA,NA,NA,NA,NA,NA,NA,NA,NA,NA,NA,NA,NA,NA,NA,NA,NA,TARGET_GONE,identity no longer active
2026-10-02T16:05:34Z,APP_21879_3030045,21879,3030045,7,3200,201.802,0,0,-1,-1,0,0.999931471,NA,NA,70.000000000,MEASURED_CPU_FAULT,CPU;INTERVAL_FAULTS,NA,NA,NA,NA,NA,NA,NA,NA,NA,NA,NA,NA,NA,NA,NA,NA,NA,NA,NA,NA,NA,NA,NA,TARGET_GONE,identity no longer active
2026-10-02T16:05:35Z,APP_21879_3030045,21879,3030045,7,3201,197.328,0,0,-1,-1,0,0.999931471,NA,NA,70.000000000,MEASURED_CPU_FAULT,CPU;INTERVAL_FAULTS,NA,NA,NA,NA,NA,NA,NA,NA,NA,NA,NA,NA,NA,NA,NA,NA,NA,NA,NA,NA,NA,NA,NA,TARGET_GONE,identity no longer active
2026-10-02T16:05:35Z,APP_21879_3030045,21879,3030045,7,3202,201.499,0,0,-1,-1,0,0.999931471,NA,NA,70.000000000,MEASURED_CPU_FAULT,CPU;INTERVAL_FAULTS,NA,NA,NA,NA,NA,NA,NA,NA,NA,NA,NA,NA,NA,NA,NA,NA,NA,NA,NA,NA,NA,NA,NA,TARGET_GONE,identity no longer active
2026-10-02T16:05:35Z,APP_21879_3030045,21879,3030045,7,3203,198.142,0,0,-1,-1,0,0.999931471,NA,NA,70.000000000,MEASURED_CPU_FAULT,CPU;INTERVAL_FAULTS,NA,NA,NA,NA,NA,NA,NA,NA,NA,NA,NA,NA,NA,NA,NA,NA,NA,NA,NA,NA,NA,NA,NA,TARGET_GONE,identity no longer active
2026-10-02T16:05:35Z,APP_21879_3030045,21879,3030045,7,3204,201.198,0,0,-1,-1,0,0.999931471,NA,NA,70.000000000,MEASURED_CPU_FAULT,CPU;INTERVAL_FAULTS,NA,NA,NA,NA,NA,NA,NA,NA,NA,NA,NA,NA,NA,NA,NA,NA,NA,NA,NA,NA,NA,NA,NA,TARGET_GONE,identity no longer active
2026-10-02T16:05:27Z,APP_21879_3030045,21879,3030045,8,3205,0.000,0,0,-1,-1,0,0.999931471,1,true,0.000000000,MEASURED_CPU_FAULT,CPU;INTERVAL_FAULTS,HOT,669.474315258,0.560000000,0.700000000,NA,NA,NA,NA,0.560000000,0.000000000,0.700000000,0.000000000,-1.000000000,1.232000000,NA,MOVE_THREAD,INVALID,NOT_APPLICABLE,INVALID,MOVE_THREAD,-1,-1,false,TARGET_GONE,identity no longer active
2026-10-02T16:05:28Z,APP_21879_3030045,21879,3030045,8,3206,0.000,0,0,-1,-1,0,0.999931471,NA,NA,0.000000000,MEASURED_CPU_FAULT,CPU;INTERVAL_FAULTS,NA,NA,NA,NA,NA,NA,NA,NA,NA,NA,NA,NA,NA,NA,NA,NA,NA,NA,NA,NA,NA,NA,NA,TARGET_GONE,identity no longer active
2026-10-02T16:05:28Z,APP_21879_3030045,21879,3030045,8,3207,6.934,0,0,-1,-1,0,0.999931471,NA,NA,4.853800000,MEASURED_CPU_FAULT,CPU;INTERVAL_FAULTS,NA,NA,NA,NA,NA,NA,NA,NA,NA,NA,NA,NA,NA,NA,NA,NA,NA,NA,NA,NA,NA,NA,NA,TARGET_GONE,identity no longer active
2026-10-02T16:05:28Z,APP_21879_3030045,21879,3030045,8,3208,0.000,0,0,-1,-1,0,0.999931471,NA,NA,0.000000000,MEASURED_CPU_FAULT,CPU;INTERVAL_FAULTS,NA,NA,NA,NA,NA,NA,NA,NA,NA,NA,NA,NA,NA,NA,NA,NA,NA,NA,NA,NA,NA,NA,NA,TARGET_GONE,identity no longer active
2026-10-02T16:05:28Z,APP_21879_3030045,21879,3030045,8,3209,0.000,0,0,-1,-1,0,0.999931471,NA,NA,0.000000000,MEASURED_CPU_FAULT,CPU;INTERVAL_FAULTS,NA,NA,NA,NA,NA,NA,NA,NA,NA,NA,NA,NA,NA,NA,NA,NA,NA,NA,NA,NA,NA,NA,NA,TARGET_GONE,identity no longer active
2026-10-02T16:05:28Z,APP_21879_3030045,21879,3030045,8,3210,0.000,0,0,-1,-1,0,0.999931471,NA,NA,0.000000000,MEASURED_CPU_FAULT,CPU;INTERVAL_FAULTS,NA,NA,NA,NA,NA,NA,NA,NA,NA,NA,NA,NA,NA,NA,NA,NA,NA,NA,NA,NA,NA,NA,NA,TARGET_GONE,identity no longer active
2026-10-02T16:05:28Z,APP_21879_3030045,21879,3030045,8,3211,0.000,0,0,-1,-1,0,0.999931471,NA,NA,0.000000000,MEASURED_CPU_FAULT,CPU;INTERVAL_FAULTS,NA,NA,NA,NA,NA,NA,NA,NA,NA,NA,NA,NA,NA,NA,NA,NA,NA,NA,NA,NA,NA,NA,NA,TARGET_GONE,identity no longer active
2026-10-02T16:05:29Z,APP_21879_3030045,21879,3030045,8,3212,0.000,0,0,-1,-1,0,0.999931471,NA,NA,0.000000000,MEASURED_CPU_FAULT,CPU;INTERVAL_FAULTS,NA,NA,NA,NA,NA,NA,NA,NA,NA,NA,NA,NA,NA,NA,NA,NA,NA,NA,NA,NA,NA,NA,NA,TARGET_GONE,identity no longer active
2026-10-02T16:05:29Z,APP_21879_3030045,21879,3030045,8,3213,95.238,0,0,-1,-1,0,0.999931471,NA,NA,66.666600000,MEASURED_CPU_FAULT,CPU;INTERVAL_FAULTS,NA,NA,NA,NA,NA,NA,NA,NA,NA,NA,NA,NA,NA,NA,NA,NA,NA,NA,NA,NA,NA,NA,NA,TARGET_GONE,identity no longer active
2026-10-02T16:05:29Z,APP_21879_3030045,21879,3030045,8,3214,201.802,0,0,-1,-1,0,0.999931471,NA,NA,70.000000000,MEASURED_CPU_FAULT,CPU;INTERVAL_FAULTS,NA,NA,NA,NA,NA,NA,NA,NA,NA,NA,NA,NA,NA,NA,NA,NA,NA,NA,NA,NA,NA,NA,NA,TARGET_GONE,identity no longer active
2026-10-02T16:05:29Z,APP_21879_3030045,21879,3030045,8,3215,198.650,0,0,-1,-1,0,0.999931471,NA,NA,70.000000000,MEASURED_CPU_FAULT,CPU;INTERVAL_FAULTS,NA,NA,NA,NA,NA,NA,NA,NA,NA,NA,NA,NA,NA,NA,NA,NA,NA,NA,NA,NA,NA,NA,NA,TARGET_GONE,identity no longer active
2026-10-02T16:05:29Z,APP_21879_3030045,21879,3030045,8,3216,201.198,0,0,-1,-1,0,0.999931471,NA,NA,70.000000000,MEASURED_CPU_FAULT,CPU;INTERVAL_FAULTS,NA,NA,NA,NA,NA,NA,NA,NA,NA,NA,NA,NA,NA,NA,NA,NA,NA,NA,NA,NA,NA,NA,NA,TARGET_GONE,identity no longer active
2026-10-02T16:05:29Z,APP_21879_3030045,21879,3030045,8,3217,202.230,0,0,-1,-1,0,0.999931471,NA,NA,70.000000000,MEASURED_CPU_FAULT,CPU;INTERVAL_FAULTS,NA,NA,NA,NA,NA,NA,NA,NA,NA,NA,NA,NA,NA,NA,NA,NA,NA,NA,NA,NA,NA,NA,NA,TARGET_GONE,identity no longer active
2026-10-02T16:05:29Z,APP_21879_3030045,21879,3030045,8,3218,191.617,0,0,-1,-1,0,0.999931471,NA,NA,70.000000000,MEASURED_CPU_FAULT,CPU;INTERVAL_FAULTS,NA,NA,NA,NA,NA,NA,NA,NA,NA,NA,NA,NA,NA,NA,NA,NA,NA,NA,NA,NA,NA,NA,NA,TARGET_GONE,identity no longer active
2026-10-02T16:05:29Z,APP_21879_3030045,21879,3030045,8,3219,202.043,0,0,-1,-1,0,0.999931471,NA,NA,70.000000000,MEASURED_CPU_FAULT,CPU;INTERVAL_FAULTS,NA,NA,NA,NA,NA,NA,NA,NA,NA,NA,NA,NA,NA,NA,NA,NA,NA,NA,NA,NA,NA,NA,NA,TARGET_GONE,identity no longer active
2026-10-02T16:05:30Z,APP_21879_3030045,21879,3030045,8,3220,201.198,0,0,-1,-1,0,0.999931471,NA,NA,70.000000000,MEASURED_CPU_FAULT,CPU;INTERVAL_FAULTS,NA,NA,NA,NA,NA,NA,NA,NA,NA,NA,NA,NA,NA,NA,NA,NA,NA,NA,NA,NA,NA,NA,NA,TARGET_GONE,identity no longer active
2026-10-02T16:05:30Z,APP_21879_3030045,21879,3030045,8,3221,197.280,0,0,-1,-1,0,0.999931471,NA,NA,70.000000000,MEASURED_CPU_FAULT,CPU;INTERVAL_FAULTS,NA,NA,NA,NA,NA,NA,NA,NA,NA,NA,NA,NA,NA,NA,NA,NA,NA,NA,NA,NA,NA,NA,NA,TARGET_GONE,identity no longer active
2026-10-02T16:05:30Z,APP_21879_3030045,21879,3030045,8,3222,210.778,0,0,-1,-1,0,0.999931471,NA,NA,70.000000000,MEASURED_CPU_FAULT,CPU;INTERVAL_FAULTS,NA,NA,NA,NA,NA,NA,NA,NA,NA,NA,NA,NA,NA,NA,NA,NA,NA,NA,NA,NA,NA,NA,NA,TARGET_GONE,identity no longer active
2026-10-02T16:05:30Z,APP_21879_3030045,21879,3030045,8,3223,191.904,0,0,-1,-1,0,0.999931471,NA,NA,70.000000000,MEASURED_CPU_FAULT,CPU;INTERVAL_FAULTS,NA,NA,NA,NA,NA,NA,NA,NA,NA,NA,NA,NA,NA,NA,NA,NA,NA,NA,NA,NA,NA,NA,NA,TARGET_GONE,identity no longer active
2026-10-02T16:05:30Z,APP_21879_3030045,21879,3030045,8,3224,205.714,0,0,-1,-1,0,0.999931471,NA,NA,70.000000000,MEASURED_CPU_FAULT,CPU;INTERVAL_FAULTS,NA,NA,NA,NA,NA,NA,NA,NA,NA,NA,NA,NA,NA,NA,NA,NA,NA,NA,NA,NA,NA,NA,NA,TARGET_GONE,identity no longer active
2026-10-02T16:05:30Z,APP_21879_3030045,21879,3030045,8,3225,201.198,0,0,-1,-1,0,0.999931471,NA,NA,70.000000000,MEASURED_CPU_FAULT,CPU;INTERVAL_FAULTS,NA,NA,NA,NA,NA,NA,NA,NA,NA,NA,NA,NA,NA,NA,NA,NA,NA,NA,NA,NA,NA,NA,NA,TARGET_GONE,identity no longer active
2026-10-02T16:05:30Z,APP_21879_3030045,21879,3030045,8,3226,196.648,0,0,-1,-1,0,0.999931471,NA,NA,70.000000000,MEASURED_CPU_FAULT,CPU;INTERVAL_FAULTS,NA,NA,NA,NA,NA,NA,NA,NA,NA,NA,NA,NA,NA,NA,NA,NA,NA,NA,NA,NA,NA,NA,NA,TARGET_GONE,identity no longer active
2026-10-02T16:05:30Z,APP_21879_3030045,21879,3030045,8,3227,201.499,0,0,-1,-1,0,0.999931471,NA,NA,70.000000000,MEASURED_CPU_FAULT,CPU;INTERVAL_FAULTS,NA,NA,NA,NA,NA,NA,NA,NA,NA,NA,NA,NA,NA,NA,NA,NA,NA,NA,NA,NA,NA,NA,NA,TARGET_GONE,identity no longer active
2026-10-02T16:05:31Z,APP_21879_3030045,21879,3030045,8,3228,202.772,0,0,-1,-1,0,0.999931471,NA,NA,70.000000000,MEASURED_CPU_FAULT,CPU;INTERVAL_FAULTS,NA,NA,NA,NA,NA,NA,NA,NA,NA,NA,NA,NA,NA,NA,NA,NA,NA,NA,NA,NA,NA,NA,NA,TARGET_GONE,identity no longer active
2026-10-02T16:05:31Z,APP_21879_3030045,21879,3030045,8,3229,201.499,0,0,-1,-1,0,0.999931471,NA,NA,70.000000000,MEASURED_CPU_FAULT,CPU;INTERVAL_FAULTS,NA,NA,NA,NA,NA,NA,NA,NA,NA,NA,NA,NA,NA,NA,NA,NA,NA,NA,NA,NA,NA,NA,NA,TARGET_GONE,identity no longer active
2026-10-02T16:05:31Z,APP_21879_3030045,21879,3030045,8,3230,195.918,0,0,-1,-1,0,0.999931471,NA,NA,70.000000000,MEASURED_CPU_FAULT,CPU;INTERVAL_FAULTS,NA,NA,NA,NA,NA,NA,NA,NA,NA,NA,NA,NA,NA,NA,NA,NA,NA,NA,NA,NA,NA,NA,NA,TARGET_GONE,identity no longer active
2026-10-02T16:05:31Z,APP_21879_3030045,21879,3030045,8,3231,211.411,0,0,-1,-1,0,0.999931471,NA,NA,70.000000000,MEASURED_CPU_FAULT,CPU;INTERVAL_FAULTS,NA,NA,NA,NA,NA,NA,NA,NA,NA,NA,NA,NA,NA,NA,NA,NA,NA,NA,NA,NA,NA,NA,NA,TARGET_GONE,identity no longer active
2026-10-02T16:05:31Z,APP_21879_3030045,21879,3030045,8,3232,201.499,0,0,-1,-1,0,0.999931471,NA,NA,70.000000000,MEASURED_CPU_FAULT,CPU;INTERVAL_FAULTS,NA,NA,NA,NA,NA,NA,NA,NA,NA,NA,NA,NA,NA,NA,NA,NA,NA,NA,NA,NA,NA,NA,NA,TARGET_GONE,identity no longer active
2026-10-02T16:05:31Z,APP_21879_3030045,21879,3030045,8,3233,198.706,0,0,-1,-1,0,0.999931471,NA,NA,70.000000000,MEASURED_CPU_FAULT,CPU;INTERVAL_FAULTS,NA,NA,NA,NA,NA,NA,NA,NA,NA,NA,NA,NA,NA,NA,NA,NA,NA,NA,NA,NA,NA,NA,NA,TARGET_GONE,identity no longer active
2026-10-02T16:05:31Z,APP_21879_3030045,21879,3030045,8,3234,191.904,0,0,-1,-1,0,0.999931471,NA,NA,70.000000000,MEASURED_CPU_FAULT,CPU;INTERVAL_FAULTS,NA,NA,NA,NA,NA,NA,NA,NA,NA,NA,NA,NA,NA,NA,NA,NA,NA,NA,NA,NA,NA,NA,NA,TARGET_GONE,identity no longer active
2026-10-02T16:05:31Z,APP_21879_3030045,21879,3030045,8,3235,204.325,0,0,-1,-1,0,0.999931471,NA,NA,70.000000000,MEASURED_CPU_FAULT,CPU;INTERVAL_FAULTS,NA,NA,NA,NA,NA,NA,NA,NA,NA,NA,NA,NA,NA,NA,NA,NA,NA,NA,NA,NA,NA,NA,NA,TARGET_GONE,identity no longer active
2026-10-02T16:05:31Z,APP_21879_3030045,21879,3030045,8,3236,201.499,0,0,-1,-1,0,0.999931471,NA,NA,70.000000000,MEASURED_CPU_FAULT,CPU;INTERVAL_FAULTS,NA,NA,NA,NA,NA,NA,NA,NA,NA,NA,NA,NA,NA,NA,NA,NA,NA,NA,NA,NA,NA,NA,NA,TARGET_GONE,identity no longer active
2026-10-02T16:05:32Z,APP_21879_3030045,21879,3030045,8,3237,197.531,0,0,-1,-1,0,0.999931471,NA,NA,70.000000000,MEASURED_CPU_FAULT,CPU;INTERVAL_FAULTS,NA,NA,NA,NA,NA,NA,NA,NA,NA,NA,NA,NA,NA,NA,NA,NA,NA,NA,NA,NA,NA,NA,NA,TARGET_GONE,identity no longer active
2026-10-02T16:05:32Z,APP_21879_3030045,21879,3030045,8,3238,201.499,0,0,-1,-1,0,0.999931471,NA,NA,70.000000000,MEASURED_CPU_FAULT,CPU;INTERVAL_FAULTS,NA,NA,NA,NA,NA,NA,NA,NA,NA,NA,NA,NA,NA,NA,NA,NA,NA,NA,NA,NA,NA,NA,NA,TARGET_GONE,identity no longer active
2026-10-02T16:05:32Z,APP_21879_3030045,21879,3030045,8,3239,203.885,0,0,-1,-1,0,0.999931471,NA,NA,70.000000000,MEASURED_CPU_FAULT,CPU;INTERVAL_FAULTS,NA,NA,NA,NA,NA,NA,NA,NA,NA,NA,NA,NA,NA,NA,NA,NA,NA,NA,NA,NA,NA,NA,NA,TARGET_GONE,identity no longer active
2026-10-02T16:05:32Z,APP_21879_3030045,21879,3030045,8,3240,192.771,0,0,-1,-1,0,0.999931471,NA,NA,70.000000000,MEASURED_CPU_FAULT,CPU;INTERVAL_FAULTS,NA,NA,NA,NA,NA,NA,NA,NA,NA,NA,NA,NA,NA,NA,NA,NA,NA,NA,NA,NA,NA,NA,NA,TARGET_GONE,identity no longer active
2026-10-02T16:05:32Z,APP_21879_3030045,21879,3030045,8,3241,201.499,0,0,-1,-1,0,0.999931471,NA,NA,70.000000000,MEASURED_CPU_FAULT,CPU;INTERVAL_FAULTS,NA,NA,NA,NA,NA,NA,NA,NA,NA,NA,NA,NA,NA,NA,NA,NA,NA,NA,NA,NA,NA,NA,NA,TARGET_GONE,identity no longer active
2026-10-02T16:05:32Z,APP_21879_3030045,21879,3030045,8,3242,191.847,0,0,-1,-1,0,0.999931471,NA,NA,70.000000000,MEASURED_CPU_FAULT,CPU;INTERVAL_FAULTS,NA,NA,NA,NA,NA,NA,NA,NA,NA,NA,NA,NA,NA,NA,NA,NA,NA,NA,NA,NA,NA,NA,NA,TARGET_GONE,identity no longer active
2026-10-02T16:05:32Z,APP_21879_3030045,21879,3030045,8,3243,201.198,0,0,-1,-1,0,0.999931471,NA,NA,70.000000000,MEASURED_CPU_FAULT,CPU;INTERVAL_FAULTS,NA,NA,NA,NA,NA,NA,NA,NA,NA,NA,NA,NA,NA,NA,NA,NA,NA,NA,NA,NA,NA,NA,NA,TARGET_GONE,identity no longer active
2026-10-02T16:05:32Z,APP_21879_3030045,21879,3030045,8,3244,204.115,0,0,-1,-1,0,0.999931471,NA,NA,70.000000000,MEASURED_CPU_FAULT,CPU;INTERVAL_FAULTS,NA,NA,NA,NA,NA,NA,NA,NA,NA,NA,NA,NA,NA,NA,NA,NA,NA,NA,NA,NA,NA,NA,NA,TARGET_GONE,identity no longer active
2026-10-02T16:05:33Z,APP_21879_3030045,21879,3030045,8,3245,192.192,0,0,-1,-1,0,0.999931471,NA,NA,70.000000000,MEASURED_CPU_FAULT,CPU;INTERVAL_FAULTS,NA,NA,NA,NA,NA,NA,NA,NA,NA,NA,NA,NA,NA,NA,NA,NA,NA,NA,NA,NA,NA,NA,NA,TARGET_GONE,identity no longer active
2026-10-02T16:05:33Z,APP_21879_3030045,21879,3030045,8,3246,204.115,0,0,-1,-1,0,0.999931471,NA,NA,70.000000000,MEASURED_CPU_FAULT,CPU;INTERVAL_FAULTS,NA,NA,NA,NA,NA,NA,NA,NA,NA,NA,NA,NA,NA,NA,NA,NA,NA,NA,NA,NA,NA,NA,NA,TARGET_GONE,identity no longer active
2026-10-02T16:05:33Z,APP_21879_3030045,21879,3030045,8,3247,201.802,0,0,-1,-1,0,0.999931471,NA,NA,70.000000000,MEASURED_CPU_FAULT,CPU;INTERVAL_FAULTS,NA,NA,NA,NA,NA,NA,NA,NA,NA,NA,NA,NA,NA,NA,NA,NA,NA,NA,NA,NA,NA,NA,NA,TARGET_GONE,identity no longer active
2026-10-02T16:05:33Z,APP_21879_3030045,21879,3030045,8,3248,201.491,0,0,-1,-1,0,0.999931471,NA,NA,70.000000000,MEASURED_CPU_FAULT,CPU;INTERVAL_FAULTS,NA,NA,NA,NA,NA,NA,NA,NA,NA,NA,NA,NA,NA,NA,NA,NA,NA,NA,NA,NA,NA,NA,NA,TARGET_GONE,identity no longer active
2026-10-02T16:05:33Z,APP_21879_3030045,21879,3030045,8,3249,192.771,0,0,-1,-1,0,0.999931471,NA,NA,70.000000000,MEASURED_CPU_FAULT,CPU;INTERVAL_FAULTS,NA,NA,NA,NA,NA,NA,NA,NA,NA,NA,NA,NA,NA,NA,NA,NA,NA,NA,NA,NA,NA,NA,NA,TARGET_GONE,identity no longer active
2026-10-02T16:05:33Z,APP_21879_3030045,21879,3030045,8,3250,201.499,0,0,-1,-1,0,0.999931471,NA,NA,70.000000000,MEASURED_CPU_FAULT,CPU;INTERVAL_FAULTS,NA,NA,NA,NA,NA,NA,NA,NA,NA,NA,NA,NA,NA,NA,NA,NA,NA,NA,NA,NA,NA,NA,NA,TARGET_GONE,identity no longer active
2026-10-02T16:05:33Z,APP_21879_3030045,21879,3030045,8,3251,199.253,0,0,-1,-1,0,0.999931471,NA,NA,70.000000000,MEASURED_CPU_FAULT,CPU;INTERVAL_FAULTS,NA,NA,NA,NA,NA,NA,NA,NA,NA,NA,NA,NA,NA,NA,NA,NA,NA,NA,NA,NA,NA,NA,NA,TARGET_GONE,identity no longer active
2026-10-02T16:05:33Z,APP_21879_3030045,21879,3030045,8,3252,201.198,0,0,-1,-1,0,0.999931471,NA,NA,70.000000000,MEASURED_CPU_FAULT,CPU;INTERVAL_FAULTS,NA,NA,NA,NA,NA,NA,NA,NA,NA,NA,NA,NA,NA,NA,NA,NA,NA,NA,NA,NA,NA,NA,NA,TARGET_GONE,identity no longer active
2026-10-02T16:05:34Z,APP_21879_3030045,21879,3030045,8,3253,198.142,0,0,-1,-1,0,0.999931471,NA,NA,70.000000000,MEASURED_CPU_FAULT,CPU;INTERVAL_FAULTS,NA,NA,NA,NA,NA,NA,NA,NA,NA,NA,NA,NA,NA,NA,NA,NA,NA,NA,NA,NA,NA,NA,NA,TARGET_GONE,identity no longer active
2026-10-02T16:05:34Z,APP_21879_3030045,21879,3030045,8,3254,200.897,0,0,-1,-1,0,0.999931471,NA,NA,70.000000000,MEASURED_CPU_FAULT,CPU;INTERVAL_FAULTS,NA,NA,NA,NA,NA,NA,NA,NA,NA,NA,NA,NA,NA,NA,NA,NA,NA,NA,NA,NA,NA,NA,NA,TARGET_GONE,identity no longer active
2026-10-02T16:05:34Z,APP_21879_3030045,21879,3030045,8,3255,197.938,0,0,-1,-1,0,0.999931471,NA,NA,70.000000000,MEASURED_CPU_FAULT,CPU;INTERVAL_FAULTS,NA,NA,NA,NA,NA,NA,NA,NA,NA,NA,NA,NA,NA,NA,NA,NA,NA,NA,NA,NA,NA,NA,NA,TARGET_GONE,identity no longer active
2026-10-02T16:05:34Z,APP_21879_3030045,21879,3030045,8,3256,201.499,0,0,-1,-1,0,0.999931471,NA,NA,70.000000000,MEASURED_CPU_FAULT,CPU;INTERVAL_FAULTS,NA,NA,NA,NA,NA,NA,NA,NA,NA,NA,NA,NA,NA,NA,NA,NA,NA,NA,NA,NA,NA,NA,NA,TARGET_GONE,identity no longer active
2026-10-02T16:05:34Z,APP_21879_3030045,21879,3030045,8,3257,202.625,0,0,-1,-1,0,0.999931471,NA,NA,70.000000000,MEASURED_CPU_FAULT,CPU;INTERVAL_FAULTS,NA,NA,NA,NA,NA,NA,NA,NA,NA,NA,NA,NA,NA,NA,NA,NA,NA,NA,NA,NA,NA,NA,NA,TARGET_GONE,identity no longer active
2026-10-02T16:05:34Z,APP_21879_3030045,21879,3030045,8,3258,192.192,0,0,-1,-1,0,0.999931471,NA,NA,70.000000000,MEASURED_CPU_FAULT,CPU;INTERVAL_FAULTS,NA,NA,NA,NA,NA,NA,NA,NA,NA,NA,NA,NA,NA,NA,NA,NA,NA,NA,NA,NA,NA,NA,NA,TARGET_GONE,identity no longer active
2026-10-02T16:05:34Z,APP_21879_3030045,21879,3030045,8,3259,201.198,0,0,-1,-1,0,0.999931471,NA,NA,70.000000000,MEASURED_CPU_FAULT,CPU;INTERVAL_FAULTS,NA,NA,NA,NA,NA,NA,NA,NA,NA,NA,NA,NA,NA,NA,NA,NA,NA,NA,NA,NA,NA,NA,NA,TARGET_GONE,identity no longer active
2026-10-02T16:05:34Z,APP_21879_3030045,21879,3030045,8,3260,199.253,0,0,-1,-1,0,0.999931471,NA,NA,70.000000000,MEASURED_CPU_FAULT,CPU;INTERVAL_FAULTS,NA,NA,NA,NA,NA,NA,NA,NA,NA,NA,NA,NA,NA,NA,NA,NA,NA,NA,NA,NA,NA,NA,NA,TARGET_GONE,identity no longer active
2026-10-02T16:05:34Z,APP_21879_3030045,21879,3030045,8,3261,201.802,0,0,-1,-1,0,0.999931471,NA,NA,70.000000000,MEASURED_CPU_FAULT,CPU;INTERVAL_FAULTS,NA,NA,NA,NA,NA,NA,NA,NA,NA,NA,NA,NA,NA,NA,NA,NA,NA,NA,NA,NA,NA,NA,NA,TARGET_GONE,identity no longer active
2026-10-02T16:05:35Z,APP_21879_3030045,21879,3030045,8,3262,197.328,0,0,-1,-1,0,0.999931471,NA,NA,70.000000000,MEASURED_CPU_FAULT,CPU;INTERVAL_FAULTS,NA,NA,NA,NA,NA,NA,NA,NA,NA,NA,NA,NA,NA,NA,NA,NA,NA,NA,NA,NA,NA,NA,NA,TARGET_GONE,identity no longer active
2026-10-02T16:05:35Z,APP_21879_3030045,21879,3030045,8,3263,201.499,0,0,-1,-1,0,0.999931471,NA,NA,70.000000000,MEASURED_CPU_FAULT,CPU;INTERVAL_FAULTS,NA,NA,NA,NA,NA,NA,NA,NA,NA,NA,NA,NA,NA,NA,NA,NA,NA,NA,NA,NA,NA,NA,NA,TARGET_GONE,identity no longer active
2026-10-02T16:05:35Z,APP_21879_3030045,21879,3030045,8,3264,198.142,0,0,-1,-1,0,0.999931471,NA,NA,70.000000000,MEASURED_CPU_FAULT,CPU;INTERVAL_FAULTS,NA,NA,NA,NA,NA,NA,NA,NA,NA,NA,NA,NA,NA,NA,NA,NA,NA,NA,NA,NA,NA,NA,NA,TARGET_GONE,identity no longer active
2026-10-02T16:05:35Z,APP_21879_3030045,21879,3030045,8,3265,201.198,0,0,-1,-1,0,0.999931471,NA,NA,70.000000000,MEASURED_CPU_FAULT,CPU;INTERVAL_FAULTS,NA,NA,NA,NA,NA,NA,NA,NA,NA,NA,NA,NA,NA,NA,NA,NA,NA,NA,NA,NA,NA,NA,NA,TARGET_GONE,identity no longer active
2026-10-02T16:05:35Z,APP_21879_3030045,21879,3030045,8,3266,203.253,0,0,-1,-1,0,0.999931471,NA,NA,70.000000000,MEASURED_CPU_FAULT,CPU;INTERVAL_FAULTS,NA,NA,NA,NA,NA,NA,NA,NA,NA,NA,NA,NA,NA,NA,NA,NA,NA,NA,NA,NA,NA,NA,NA,TARGET_GONE,identity no longer active
2026-10-02T16:05:35Z,APP_21879_3030045,21879,3030045,8,3267,192.192,0,0,-1,-1,0,0.999931471,NA,NA,70.000000000,MEASURED_CPU_FAULT,CPU;INTERVAL_FAULTS,NA,NA,NA,NA,NA,NA,NA,NA,NA,NA,NA,NA,NA,NA,NA,NA,NA,NA,NA,NA,NA,NA,NA,TARGET_GONE,identity no longer active
2026-10-02T16:05:35Z,APP_21879_3030045,21879,3030045,8,3268,201.499,0,0,-1,-1,0,0.999931471,NA,NA,70.000000000,MEASURED_CPU_FAULT,CPU;INTERVAL_FAULTS,NA,NA,NA,NA,NA,NA,NA,NA,NA,NA,NA,NA,NA,NA,NA,NA,NA,NA,NA,NA,NA,NA,NA,TARGET_GONE,identity no longer active
2026-10-02T16:05:35Z,APP_21879_3030045,21879,3030045,8,3269,199.253,0,0,-1,-1,0,0.999931471,NA,NA,70.000000000,MEASURED_CPU_FAULT,CPU;INTERVAL_FAULTS,NA,NA,NA,NA,NA,NA,NA,NA,NA,NA,NA,NA,NA,NA,NA,NA,NA,NA,NA,NA,NA,NA,NA,TARGET_GONE,identity no longer active
2026-10-02T16:05:36Z,APP_21879_3030045,21879,3030045,8,3270,201.198,0,0,-1,-1,0,0.999931471,NA,NA,70.000000000,MEASURED_CPU_FAULT,CPU;INTERVAL_FAULTS,NA,NA,NA,NA,NA,NA,NA,NA,NA,NA,NA,NA,NA,NA,NA,NA,NA,NA,NA,NA,NA,NA,NA,TARGET_GONE,identity no longer active
2026-10-02T16:05:36Z,APP_21879_3030045,21879,3030045,8,3271,197.938,0,0,-1,-1,0,0.999931471,NA,NA,70.000000000,MEASURED_CPU_FAULT,CPU;INTERVAL_FAULTS,NA,NA,NA,NA,NA,NA,NA,NA,NA,NA,NA,NA,NA,NA,NA,NA,NA,NA,NA,NA,NA,NA,NA,TARGET_GONE,identity no longer active
2026-10-02T16:05:36Z,APP_21879_3030045,21879,3030045,8,3272,201.198,0,0,-1,-1,0,0.999931471,NA,NA,70.000000000,MEASURED_CPU_FAULT,CPU;INTERVAL_FAULTS,NA,NA,NA,NA,NA,NA,NA,NA,NA,NA,NA,NA,NA,NA,NA,NA,NA,NA,NA,NA,NA,NA,NA,TARGET_GONE,identity no longer active
2026-10-02T16:05:36Z,APP_21879_3030045,21879,3030045,8,3273,197.734,0,0,-1,-1,0,0.999931471,NA,NA,70.000000000,MEASURED_CPU_FAULT,CPU;INTERVAL_FAULTS,NA,NA,NA,NA,NA,NA,NA,NA,NA,NA,NA,NA,NA,NA,NA,NA,NA,NA,NA,NA,NA,NA,NA,TARGET_GONE,identity no longer active
2026-10-02T16:05:36Z,APP_21879_3030045,21879,3030045,8,3274,201.802,0,0,-1,-1,0,0.999931471,NA,NA,70.000000000,MEASURED_CPU_FAULT,CPU;INTERVAL_FAULTS,NA,NA,NA,NA,NA,NA,NA,NA,NA,NA,NA,NA,NA,NA,NA,NA,NA,NA,NA,NA,NA,NA,NA,TARGET_GONE,identity no longer active
2026-10-02T16:05:27Z,APP_21879_3030045,21879,3030045,9,3275,0.000,0,0,-1,-1,0,0.999931471,1,true,0.000000000,MEASURED_CPU_FAULT,CPU;INTERVAL_FAULTS,HOT,669.474315258,0.560000000,0.700000000,NA,NA,NA,NA,0.560000000,0.000000000,0.700000000,0.000000000,-1.000000000,1.232000000,NA,MOVE_THREAD,INVALID,NOT_APPLICABLE,INVALID,MOVE_THREAD,-1,-1,false,TARGET_GONE,identity no longer active
2026-10-02T16:05:28Z,APP_21879_3030045,21879,3030045,9,3276,0.000,0,0,-1,-1,0,0.999931471,NA,NA,0.000000000,MEASURED_CPU_FAULT,CPU;INTERVAL_FAULTS,NA,NA,NA,NA,NA,NA,NA,NA,NA,NA,NA,NA,NA,NA,NA,NA,NA,NA,NA,NA,NA,NA,NA,TARGET_GONE,identity no longer active
2026-10-02T16:05:28Z,APP_21879_3030045,21879,3030045,9,3277,6.934,0,0,-1,-1,0,0.999931471,NA,NA,4.853800000,MEASURED_CPU_FAULT,CPU;INTERVAL_FAULTS,NA,NA,NA,NA,NA,NA,NA,NA,NA,NA,NA,NA,NA,NA,NA,NA,NA,NA,NA,NA,NA,NA,NA,TARGET_GONE,identity no longer active
2026-10-02T16:05:28Z,APP_21879_3030045,21879,3030045,9,3278,0.000,0,0,-1,-1,0,0.999931471,NA,NA,0.000000000,MEASURED_CPU_FAULT,CPU;INTERVAL_FAULTS,NA,NA,NA,NA,NA,NA,NA,NA,NA,NA,NA,NA,NA,NA,NA,NA,NA,NA,NA,NA,NA,NA,NA,TARGET_GONE,identity no longer active
2026-10-02T16:05:28Z,APP_21879_3030045,21879,3030045,9,3279,0.000,0,0,-1,-1,0,0.999931471,NA,NA,0.000000000,MEASURED_CPU_FAULT,CPU;INTERVAL_FAULTS,NA,NA,NA,NA,NA,NA,NA,NA,NA,NA,NA,NA,NA,NA,NA,NA,NA,NA,NA,NA,NA,NA,NA,TARGET_GONE,identity no longer active
2026-10-02T16:05:28Z,APP_21879_3030045,21879,3030045,9,3280,0.000,0,0,-1,-1,0,0.999931471,NA,NA,0.000000000,MEASURED_CPU_FAULT,CPU;INTERVAL_FAULTS,NA,NA,NA,NA,NA,NA,NA,NA,NA,NA,NA,NA,NA,NA,NA,NA,NA,NA,NA,NA,NA,NA,NA,TARGET_GONE,identity no longer active
2026-10-02T16:05:28Z,APP_21879_3030045,21879,3030045,9,3281,0.000,0,0,-1,-1,0,0.999931471,NA,NA,0.000000000,MEASURED_CPU_FAULT,CPU;INTERVAL_FAULTS,NA,NA,NA,NA,NA,NA,NA,NA,NA,NA,NA,NA,NA,NA,NA,NA,NA,NA,NA,NA,NA,NA,NA,TARGET_GONE,identity no longer active
2026-10-02T16:05:29Z,APP_21879_3030045,21879,3030045,9,3282,0.000,0,0,-1,-1,0,0.999931471,NA,NA,0.000000000,MEASURED_CPU_FAULT,CPU;INTERVAL_FAULTS,NA,NA,NA,NA,NA,NA,NA,NA,NA,NA,NA,NA,NA,NA,NA,NA,NA,NA,NA,NA,NA,NA,NA,TARGET_GONE,identity no longer active
2026-10-02T16:05:29Z,APP_21879_3030045,21879,3030045,9,3283,95.238,0,0,-1,-1,0,0.999931471,NA,NA,66.666600000,MEASURED_CPU_FAULT,CPU;INTERVAL_FAULTS,NA,NA,NA,NA,NA,NA,NA,NA,NA,NA,NA,NA,NA,NA,NA,NA,NA,NA,NA,NA,NA,NA,NA,TARGET_GONE,identity no longer active
2026-10-02T16:05:29Z,APP_21879_3030045,21879,3030045,9,3284,201.802,0,0,-1,-1,0,0.999931471,NA,NA,70.000000000,MEASURED_CPU_FAULT,CPU;INTERVAL_FAULTS,NA,NA,NA,NA,NA,NA,NA,NA,NA,NA,NA,NA,NA,NA,NA,NA,NA,NA,NA,NA,NA,NA,NA,TARGET_GONE,identity no longer active
2026-10-02T16:05:29Z,APP_21879_3030045,21879,3030045,9,3285,198.650,0,0,-1,-1,0,0.999931471,NA,NA,70.000000000,MEASURED_CPU_FAULT,CPU;INTERVAL_FAULTS,NA,NA,NA,NA,NA,NA,NA,NA,NA,NA,NA,NA,NA,NA,NA,NA,NA,NA,NA,NA,NA,NA,NA,TARGET_GONE,identity no longer active
2026-10-02T16:05:29Z,APP_21879_3030045,21879,3030045,9,3286,201.198,0,0,-1,-1,0,0.999931471,NA,NA,70.000000000,MEASURED_CPU_FAULT,CPU;INTERVAL_FAULTS,NA,NA,NA,NA,NA,NA,NA,NA,NA,NA,NA,NA,NA,NA,NA,NA,NA,NA,NA,NA,NA,NA,NA,TARGET_GONE,identity no longer active
2026-10-02T16:05:29Z,APP_21879_3030045,21879,3030045,9,3287,202.230,0,0,-1,-1,0,0.999931471,NA,NA,70.000000000,MEASURED_CPU_FAULT,CPU;INTERVAL_FAULTS,NA,NA,NA,NA,NA,NA,NA,NA,NA,NA,NA,NA,NA,NA,NA,NA,NA,NA,NA,NA,NA,NA,NA,TARGET_GONE,identity no longer active
2026-10-02T16:05:29Z,APP_21879_3030045,21879,3030045,9,3288,191.617,0,0,-1,-1,0,0.999931471,NA,NA,70.000000000,MEASURED_CPU_FAULT,CPU;INTERVAL_FAULTS,NA,NA,NA,NA,NA,NA,NA,NA,NA,NA,NA,NA,NA,NA,NA,NA,NA,NA,NA,NA,NA,NA,NA,TARGET_GONE,identity no longer active
2026-10-02T16:05:29Z,APP_21879_3030045,21879,3030045,9,3289,202.043,0,0,-1,-1,0,0.999931471,NA,NA,70.000000000,MEASURED_CPU_FAULT,CPU;INTERVAL_FAULTS,NA,NA,NA,NA,NA,NA,NA,NA,NA,NA,NA,NA,NA,NA,NA,NA,NA,NA,NA,NA,NA,NA,NA,TARGET_GONE,identity no longer active
2026-10-02T16:05:30Z,APP_21879_3030045,21879,3030045,9,3290,201.198,0,0,-1,-1,0,0.999931471,NA,NA,70.000000000,MEASURED_CPU_FAULT,CPU;INTERVAL_FAULTS,NA,NA,NA,NA,NA,NA,NA,NA,NA,NA,NA,NA,NA,NA,NA,NA,NA,NA,NA,NA,NA,NA,NA,TARGET_GONE,identity no longer active
2026-10-02T16:05:30Z,APP_21879_3030045,21879,3030045,9,3291,197.280,0,0,-1,-1,0,0.999931471,NA,NA,70.000000000,MEASURED_CPU_FAULT,CPU;INTERVAL_FAULTS,NA,NA,NA,NA,NA,NA,NA,NA,NA,NA,NA,NA,NA,NA,NA,NA,NA,NA,NA,NA,NA,NA,NA,TARGET_GONE,identity no longer active
2026-10-02T16:05:30Z,APP_21879_3030045,21879,3030045,9,3292,210.778,0,0,-1,-1,0,0.999931471,NA,NA,70.000000000,MEASURED_CPU_FAULT,CPU;INTERVAL_FAULTS,NA,NA,NA,NA,NA,NA,NA,NA,NA,NA,NA,NA,NA,NA,NA,NA,NA,NA,NA,NA,NA,NA,NA,TARGET_GONE,identity no longer active
2026-10-02T16:05:30Z,APP_21879_3030045,21879,3030045,9,3293,191.904,0,0,-1,-1,0,0.999931471,NA,NA,70.000000000,MEASURED_CPU_FAULT,CPU;INTERVAL_FAULTS,NA,NA,NA,NA,NA,NA,NA,NA,NA,NA,NA,NA,NA,NA,NA,NA,NA,NA,NA,NA,NA,NA,NA,TARGET_GONE,identity no longer active
2026-10-02T16:05:30Z,APP_21879_3030045,21879,3030045,9,3294,205.714,0,0,-1,-1,0,0.999931471,NA,NA,70.000000000,MEASURED_CPU_FAULT,CPU;INTERVAL_FAULTS,NA,NA,NA,NA,NA,NA,NA,NA,NA,NA,NA,NA,NA,NA,NA,NA,NA,NA,NA,NA,NA,NA,NA,TARGET_GONE,identity no longer active
2026-10-02T16:05:30Z,APP_21879_3030045,21879,3030045,9,3295,201.198,0,0,-1,-1,0,0.999931471,NA,NA,70.000000000,MEASURED_CPU_FAULT,CPU;INTERVAL_FAULTS,NA,NA,NA,NA,NA,NA,NA,NA,NA,NA,NA,NA,NA,NA,NA,NA,NA,NA,NA,NA,NA,NA,NA,TARGET_GONE,identity no longer active
2026-10-02T16:05:30Z,APP_21879_3030045,21879,3030045,9,3296,196.648,0,0,-1,-1,0,0.999931471,NA,NA,70.000000000,MEASURED_CPU_FAULT,CPU;INTERVAL_FAULTS,NA,NA,NA,NA,NA,NA,NA,NA,NA,NA,NA,NA,NA,NA,NA,NA,NA,NA,NA,NA,NA,NA,NA,TARGET_GONE,identity no longer active
2026-10-02T16:05:30Z,APP_21879_3030045,21879,3030045,9,3297,201.499,0,0,-1,-1,0,0.999931471,NA,NA,70.000000000,MEASURED_CPU_FAULT,CPU;INTERVAL_FAULTS,NA,NA,NA,NA,NA,NA,NA,NA,NA,NA,NA,NA,NA,NA,NA,NA,NA,NA,NA,NA,NA,NA,NA,TARGET_GONE,identity no longer active
2026-10-02T16:05:31Z,APP_21879_3030045,21879,3030045,9,3298,202.772,0,0,-1,-1,0,0.999931471,NA,NA,70.000000000,MEASURED_CPU_FAULT,CPU;INTERVAL_FAULTS,NA,NA,NA,NA,NA,NA,NA,NA,NA,NA,NA,NA,NA,NA,NA,NA,NA,NA,NA,NA,NA,NA,NA,TARGET_GONE,identity no longer active
2026-10-02T16:05:31Z,APP_21879_3030045,21879,3030045,9,3299,201.499,0,0,-1,-1,0,0.999931471,NA,NA,70.000000000,MEASURED_CPU_FAULT,CPU;INTERVAL_FAULTS,NA,NA,NA,NA,NA,NA,NA,NA,NA,NA,NA,NA,NA,NA,NA,NA,NA,NA,NA,NA,NA,NA,NA,TARGET_GONE,identity no longer active
2026-10-02T16:05:31Z,APP_21879_3030045,21879,3030045,9,3300,195.918,0,0,-1,-1,0,0.999931471,NA,NA,70.000000000,MEASURED_CPU_FAULT,CPU;INTERVAL_FAULTS,NA,NA,NA,NA,NA,NA,NA,NA,NA,NA,NA,NA,NA,NA,NA,NA,NA,NA,NA,NA,NA,NA,NA,TARGET_GONE,identity no longer active
2026-10-02T16:05:31Z,APP_21879_3030045,21879,3030045,9,3301,211.411,0,0,-1,-1,0,0.999931471,NA,NA,70.000000000,MEASURED_CPU_FAULT,CPU;INTERVAL_FAULTS,NA,NA,NA,NA,NA,NA,NA,NA,NA,NA,NA,NA,NA,NA,NA,NA,NA,NA,NA,NA,NA,NA,NA,TARGET_GONE,identity no longer active
2026-10-02T16:05:31Z,APP_21879_3030045,21879,3030045,9,3302,201.499,0,0,-1,-1,0,0.999931471,NA,NA,70.000000000,MEASURED_CPU_FAULT,CPU;INTERVAL_FAULTS,NA,NA,NA,NA,NA,NA,NA,NA,NA,NA,NA,NA,NA,NA,NA,NA,NA,NA,NA,NA,NA,NA,NA,TARGET_GONE,identity no longer active
2026-10-02T16:05:31Z,APP_21879_3030045,21879,3030045,9,3303,198.706,0,0,-1,-1,0,0.999931471,NA,NA,70.000000000,MEASURED_CPU_FAULT,CPU;INTERVAL_FAULTS,NA,NA,NA,NA,NA,NA,NA,NA,NA,NA,NA,NA,NA,NA,NA,NA,NA,NA,NA,NA,NA,NA,NA,TARGET_GONE,identity no longer active
2026-10-02T16:05:31Z,APP_21879_3030045,21879,3030045,9,3304,191.904,0,0,-1,-1,0,0.999931471,NA,NA,70.000000000,MEASURED_CPU_FAULT,CPU;INTERVAL_FAULTS,NA,NA,NA,NA,NA,NA,NA,NA,NA,NA,NA,NA,NA,NA,NA,NA,NA,NA,NA,NA,NA,NA,NA,TARGET_GONE,identity no longer active
2026-10-02T16:05:31Z,APP_21879_3030045,21879,3030045,9,3305,204.325,0,0,-1,-1,0,0.999931471,NA,NA,70.000000000,MEASURED_CPU_FAULT,CPU;INTERVAL_FAULTS,NA,NA,NA,NA,NA,NA,NA,NA,NA,NA,NA,NA,NA,NA,NA,NA,NA,NA,NA,NA,NA,NA,NA,TARGET_GONE,identity no longer active
2026-10-02T16:05:31Z,APP_21879_3030045,21879,3030045,9,3306,201.499,0,0,-1,-1,0,0.999931471,NA,NA,70.000000000,MEASURED_CPU_FAULT,CPU;INTERVAL_FAULTS,NA,NA,NA,NA,NA,NA,NA,NA,NA,NA,NA,NA,NA,NA,NA,NA,NA,NA,NA,NA,NA,NA,NA,TARGET_GONE,identity no longer active
2026-10-02T16:05:32Z,APP_21879_3030045,21879,3030045,9,3307,197.531,0,0,-1,-1,0,0.999931471,NA,NA,70.000000000,MEASURED_CPU_FAULT,CPU;INTERVAL_FAULTS,NA,NA,NA,NA,NA,NA,NA,NA,NA,NA,NA,NA,NA,NA,NA,NA,NA,NA,NA,NA,NA,NA,NA,TARGET_GONE,identity no longer active
2026-10-02T16:05:32Z,APP_21879_3030045,21879,3030045,9,3308,201.499,0,0,-1,-1,0,0.999931471,NA,NA,70.000000000,MEASURED_CPU_FAULT,CPU;INTERVAL_FAULTS,NA,NA,NA,NA,NA,NA,NA,NA,NA,NA,NA,NA,NA,NA,NA,NA,NA,NA,NA,NA,NA,NA,NA,TARGET_GONE,identity no longer active
2026-10-02T16:05:32Z,APP_21879_3030045,21879,3030045,9,3309,203.885,0,0,-1,-1,0,0.999931471,NA,NA,70.000000000,MEASURED_CPU_FAULT,CPU;INTERVAL_FAULTS,NA,NA,NA,NA,NA,NA,NA,NA,NA,NA,NA,NA,NA,NA,NA,NA,NA,NA,NA,NA,NA,NA,NA,TARGET_GONE,identity no longer active
2026-10-02T16:05:32Z,APP_21879_3030045,21879,3030045,9,3310,192.771,0,0,-1,-1,0,0.999931471,NA,NA,70.000000000,MEASURED_CPU_FAULT,CPU;INTERVAL_FAULTS,NA,NA,NA,NA,NA,NA,NA,NA,NA,NA,NA,NA,NA,NA,NA,NA,NA,NA,NA,NA,NA,NA,NA,TARGET_GONE,identity no longer active
2026-10-02T16:05:32Z,APP_21879_3030045,21879,3030045,9,3311,201.499,0,0,-1,-1,0,0.999931471,NA,NA,70.000000000,MEASURED_CPU_FAULT,CPU;INTERVAL_FAULTS,NA,NA,NA,NA,NA,NA,NA,NA,NA,NA,NA,NA,NA,NA,NA,NA,NA,NA,NA,NA,NA,NA,NA,TARGET_GONE,identity no longer active
2026-10-02T16:05:32Z,APP_21879_3030045,21879,3030045,9,3312,191.847,0,0,-1,-1,0,0.999931471,NA,NA,70.000000000,MEASURED_CPU_FAULT,CPU;INTERVAL_FAULTS,NA,NA,NA,NA,NA,NA,NA,NA,NA,NA,NA,NA,NA,NA,NA,NA,NA,NA,NA,NA,NA,NA,NA,TARGET_GONE,identity no longer active
2026-10-02T16:05:32Z,APP_21879_3030045,21879,3030045,9,3313,201.198,0,0,-1,-1,0,0.999931471,NA,NA,70.000000000,MEASURED_CPU_FAULT,CPU;INTERVAL_FAULTS,NA,NA,NA,NA,NA,NA,NA,NA,NA,NA,NA,NA,NA,NA,NA,NA,NA,NA,NA,NA,NA,NA,NA,TARGET_GONE,identity no longer active
2026-10-02T16:05:32Z,APP_21879_3030045,21879,3030045,9,3314,204.115,0,0,-1,-1,0,0.999931471,NA,NA,70.000000000,MEASURED_CPU_FAULT,CPU;INTERVAL_FAULTS,NA,NA,NA,NA,NA,NA,NA,NA,NA,NA,NA,NA,NA,NA,NA,NA,NA,NA,NA,NA,NA,NA,NA,TARGET_GONE,identity no longer active
2026-10-02T16:05:33Z,APP_21879_3030045,21879,3030045,9,3315,192.192,0,0,-1,-1,0,0.999931471,NA,NA,70.000000000,MEASURED_CPU_FAULT,CPU;INTERVAL_FAULTS,NA,NA,NA,NA,NA,NA,NA,NA,NA,NA,NA,NA,NA,NA,NA,NA,NA,NA,NA,NA,NA,NA,NA,TARGET_GONE,identity no longer active
2026-10-02T16:05:33Z,APP_21879_3030045,21879,3030045,9,3316,204.115,0,0,-1,-1,0,0.999931471,NA,NA,70.000000000,MEASURED_CPU_FAULT,CPU;INTERVAL_FAULTS,NA,NA,NA,NA,NA,NA,NA,NA,NA,NA,NA,NA,NA,NA,NA,NA,NA,NA,NA,NA,NA,NA,NA,TARGET_GONE,identity no longer active
2026-10-02T16:05:33Z,APP_21879_3030045,21879,3030045,9,3317,201.802,0,0,-1,-1,0,0.999931471,NA,NA,70.000000000,MEASURED_CPU_FAULT,CPU;INTERVAL_FAULTS,NA,NA,NA,NA,NA,NA,NA,NA,NA,NA,NA,NA,NA,NA,NA,NA,NA,NA,NA,NA,NA,NA,NA,TARGET_GONE,identity no longer active
2026-10-02T16:05:33Z,APP_21879_3030045,21879,3030045,9,3318,201.491,0,0,-1,-1,0,0.999931471,NA,NA,70.000000000,MEASURED_CPU_FAULT,CPU;INTERVAL_FAULTS,NA,NA,NA,NA,NA,NA,NA,NA,NA,NA,NA,NA,NA,NA,NA,NA,NA,NA,NA,NA,NA,NA,NA,TARGET_GONE,identity no longer active
2026-10-02T16:05:33Z,APP_21879_3030045,21879,3030045,9,3319,192.771,0,0,-1,-1,0,0.999931471,NA,NA,70.000000000,MEASURED_CPU_FAULT,CPU;INTERVAL_FAULTS,NA,NA,NA,NA,NA,NA,NA,NA,NA,NA,NA,NA,NA,NA,NA,NA,NA,NA,NA,NA,NA,NA,NA,TARGET_GONE,identity no longer active
2026-10-02T16:05:33Z,APP_21879_3030045,21879,3030045,9,3320,201.499,0,0,-1,-1,0,0.999931471,NA,NA,70.000000000,MEASURED_CPU_FAULT,CPU;INTERVAL_FAULTS,NA,NA,NA,NA,NA,NA,NA,NA,NA,NA,NA,NA,NA,NA,NA,NA,NA,NA,NA,NA,NA,NA,NA,TARGET_GONE,identity no longer active
2026-10-02T16:05:33Z,APP_21879_3030045,21879,3030045,9,3321,199.253,0,0,-1,-1,0,0.999931471,NA,NA,70.000000000,MEASURED_CPU_FAULT,CPU;INTERVAL_FAULTS,NA,NA,NA,NA,NA,NA,NA,NA,NA,NA,NA,NA,NA,NA,NA,NA,NA,NA,NA,NA,NA,NA,NA,TARGET_GONE,identity no longer active
2026-10-02T16:05:33Z,APP_21879_3030045,21879,3030045,9,3322,201.198,0,0,-1,-1,0,0.999931471,NA,NA,70.000000000,MEASURED_CPU_FAULT,CPU;INTERVAL_FAULTS,NA,NA,NA,NA,NA,NA,NA,NA,NA,NA,NA,NA,NA,NA,NA,NA,NA,NA,NA,NA,NA,NA,NA,TARGET_GONE,identity no longer active
2026-10-02T16:05:34Z,APP_21879_3030045,21879,3030045,9,3323,198.142,0,0,-1,-1,0,0.999931471,NA,NA,70.000000000,MEASURED_CPU_FAULT,CPU;INTERVAL_FAULTS,NA,NA,NA,NA,NA,NA,NA,NA,NA,NA,NA,NA,NA,NA,NA,NA,NA,NA,NA,NA,NA,NA,NA,TARGET_GONE,identity no longer active
2026-10-02T16:05:34Z,APP_21879_3030045,21879,3030045,9,3324,200.897,0,0,-1,-1,0,0.999931471,NA,NA,70.000000000,MEASURED_CPU_FAULT,CPU;INTERVAL_FAULTS,NA,NA,NA,NA,NA,NA,NA,NA,NA,NA,NA,NA,NA,NA,NA,NA,NA,NA,NA,NA,NA,NA,NA,TARGET_GONE,identity no longer active
2026-10-02T16:05:34Z,APP_21879_3030045,21879,3030045,9,3325,197.938,0,0,-1,-1,0,0.999931471,NA,NA,70.000000000,MEASURED_CPU_FAULT,CPU;INTERVAL_FAULTS,NA,NA,NA,NA,NA,NA,NA,NA,NA,NA,NA,NA,NA,NA,NA,NA,NA,NA,NA,NA,NA,NA,NA,TARGET_GONE,identity no longer active
2026-10-02T16:05:34Z,APP_21879_3030045,21879,3030045,9,3326,201.499,0,0,-1,-1,0,0.999931471,NA,NA,70.000000000,MEASURED_CPU_FAULT,CPU;INTERVAL_FAULTS,NA,NA,NA,NA,NA,NA,NA,NA,NA,NA,NA,NA,NA,NA,NA,NA,NA,NA,NA,NA,NA,NA,NA,TARGET_GONE,identity no longer active
2026-10-02T16:05:34Z,APP_21879_3030045,21879,3030045,9,3327,202.625,0,0,-1,-1,0,0.999931471,NA,NA,70.000000000,MEASURED_CPU_FAULT,CPU;INTERVAL_FAULTS,NA,NA,NA,NA,NA,NA,NA,NA,NA,NA,NA,NA,NA,NA,NA,NA,NA,NA,NA,NA,NA,NA,NA,TARGET_GONE,identity no longer active
2026-10-02T16:05:34Z,APP_21879_3030045,21879,3030045,9,3328,192.192,0,0,-1,-1,0,0.999931471,NA,NA,70.000000000,MEASURED_CPU_FAULT,CPU;INTERVAL_FAULTS,NA,NA,NA,NA,NA,NA,NA,NA,NA,NA,NA,NA,NA,NA,NA,NA,NA,NA,NA,NA,NA,NA,NA,TARGET_GONE,identity no longer active
2026-10-02T16:05:34Z,APP_21879_3030045,21879,3030045,9,3329,201.198,0,0,-1,-1,0,0.999931471,NA,NA,70.000000000,MEASURED_CPU_FAULT,CPU;INTERVAL_FAULTS,NA,NA,NA,NA,NA,NA,NA,NA,NA,NA,NA,NA,NA,NA,NA,NA,NA,NA,NA,NA,NA,NA,NA,TARGET_GONE,identity no longer active
2026-10-02T16:05:34Z,APP_21879_3030045,21879,3030045,9,3330,199.253,0,0,-1,-1,0,0.999931471,NA,NA,70.000000000,MEASURED_CPU_FAULT,CPU;INTERVAL_FAULTS,NA,NA,NA,NA,NA,NA,NA,NA,NA,NA,NA,NA,NA,NA,NA,NA,NA,NA,NA,NA,NA,NA,NA,TARGET_GONE,identity no longer active
2026-10-02T16:05:34Z,APP_21879_3030045,21879,3030045,9,3331,201.802,0,0,-1,-1,0,0.999931471,NA,NA,70.000000000,MEASURED_CPU_FAULT,CPU;INTERVAL_FAULTS,NA,NA,NA,NA,NA,NA,NA,NA,NA,NA,NA,NA,NA,NA,NA,NA,NA,NA,NA,NA,NA,NA,NA,TARGET_GONE,identity no longer active
2026-10-02T16:05:35Z,APP_21879_3030045,21879,3030045,9,3332,197.328,0,0,-1,-1,0,0.999931471,NA,NA,70.000000000,MEASURED_CPU_FAULT,CPU;INTERVAL_FAULTS,NA,NA,NA,NA,NA,NA,NA,NA,NA,NA,NA,NA,NA,NA,NA,NA,NA,NA,NA,NA,NA,NA,NA,TARGET_GONE,identity no longer active
2026-10-02T16:05:35Z,APP_21879_3030045,21879,3030045,9,3333,201.499,0,0,-1,-1,0,0.999931471,NA,NA,70.000000000,MEASURED_CPU_FAULT,CPU;INTERVAL_FAULTS,NA,NA,NA,NA,NA,NA,NA,NA,NA,NA,NA,NA,NA,NA,NA,NA,NA,NA,NA,NA,NA,NA,NA,TARGET_GONE,identity no longer active
2026-10-02T16:05:35Z,APP_21879_3030045,21879,3030045,9,3334,198.142,0,0,-1,-1,0,0.999931471,NA,NA,70.000000000,MEASURED_CPU_FAULT,CPU;INTERVAL_FAULTS,NA,NA,NA,NA,NA,NA,NA,NA,NA,NA,NA,NA,NA,NA,NA,NA,NA,NA,NA,NA,NA,NA,NA,TARGET_GONE,identity no longer active
2026-10-02T16:05:35Z,APP_21879_3030045,21879,3030045,9,3335,201.198,0,0,-1,-1,0,0.999931471,NA,NA,70.000000000,MEASURED_CPU_FAULT,CPU;INTERVAL_FAULTS,NA,NA,NA,NA,NA,NA,NA,NA,NA,NA,NA,NA,NA,NA,NA,NA,NA,NA,NA,NA,NA,NA,NA,TARGET_GONE,identity no longer active
2026-10-02T16:05:35Z,APP_21879_3030045,21879,3030045,9,3336,203.253,0,0,-1,-1,0,0.999931471,NA,NA,70.000000000,MEASURED_CPU_FAULT,CPU;INTERVAL_FAULTS,NA,NA,NA,NA,NA,NA,NA,NA,NA,NA,NA,NA,NA,NA,NA,NA,NA,NA,NA,NA,NA,NA,NA,TARGET_GONE,identity no longer active
2026-10-02T16:05:35Z,APP_21879_3030045,21879,3030045,9,3337,192.192,0,0,-1,-1,0,0.999931471,NA,NA,70.000000000,MEASURED_CPU_FAULT,CPU;INTERVAL_FAULTS,NA,NA,NA,NA,NA,NA,NA,NA,NA,NA,NA,NA,NA,NA,NA,NA,NA,NA,NA,NA,NA,NA,NA,TARGET_GONE,identity no longer active
2026-10-02T16:05:35Z,APP_21879_3030045,21879,3030045,9,3338,201.499,0,0,-1,-1,0,0.999931471,NA,NA,70.000000000,MEASURED_CPU_FAULT,CPU;INTERVAL_FAULTS,NA,NA,NA,NA,NA,NA,NA,NA,NA,NA,NA,NA,NA,NA,NA,NA,NA,NA,NA,NA,NA,NA,NA,TARGET_GONE,identity no longer active
2026-10-02T16:05:35Z,APP_21879_3030045,21879,3030045,9,3339,199.253,0,0,-1,-1,0,0.999931471,NA,NA,70.000000000,MEASURED_CPU_FAULT,CPU;INTERVAL_FAULTS,NA,NA,NA,NA,NA,NA,NA,NA,NA,NA,NA,NA,NA,NA,NA,NA,NA,NA,NA,NA,NA,NA,NA,TARGET_GONE,identity no longer active
2026-10-02T16:05:36Z,APP_21879_3030045,21879,3030045,9,3340,201.198,0,0,-1,-1,0,0.999931471,NA,NA,70.000000000,MEASURED_CPU_FAULT,CPU;INTERVAL_FAULTS,NA,NA,NA,NA,NA,NA,NA,NA,NA,NA,NA,NA,NA,NA,NA,NA,NA,NA,NA,NA,NA,NA,NA,TARGET_GONE,identity no longer active
2026-10-02T16:05:36Z,APP_21879_3030045,21879,3030045,9,3341,197.938,0,0,-1,-1,0,0.999931471,NA,NA,70.000000000,MEASURED_CPU_FAULT,CPU;INTERVAL_FAULTS,NA,NA,NA,NA,NA,NA,NA,NA,NA,NA,NA,NA,NA,NA,NA,NA,NA,NA,NA,NA,NA,NA,NA,TARGET_GONE,identity no longer active
2026-10-02T16:05:36Z,APP_21879_3030045,21879,3030045,9,3342,201.198,0,0,-1,-1,0,0.999931471,NA,NA,70.000000000,MEASURED_CPU_FAULT,CPU;INTERVAL_FAULTS,NA,NA,NA,NA,NA,NA,NA,NA,NA,NA,NA,NA,NA,NA,NA,NA,NA,NA,NA,NA,NA,NA,NA,TARGET_GONE,identity no longer active
2026-10-02T16:05:36Z,APP_21879_3030045,21879,3030045,9,3343,197.734,0,0,-1,-1,0,0.999931471,NA,NA,70.000000000,MEASURED_CPU_FAULT,CPU;INTERVAL_FAULTS,NA,NA,NA,NA,NA,NA,NA,NA,NA,NA,NA,NA,NA,NA,NA,NA,NA,NA,NA,NA,NA,NA,NA,TARGET_GONE,identity no longer active
2026-10-02T16:05:36Z,APP_21879_3030045,21879,3030045,9,3344,201.802,0,0,-1,-1,0,0.999931471,NA,NA,70.000000000,MEASURED_CPU_FAULT,CPU;INTERVAL_FAULTS,NA,NA,NA,NA,NA,NA,NA,NA,NA,NA,NA,NA,NA,NA,NA,NA,NA,NA,NA,NA,NA,NA,NA,TARGET_GONE,identity no longer active
2026-10-02T16:05:36Z,APP_21879_3030045,21879,3030045,9,3345,203.096,0,0,-1,-1,0,0.999931471,NA,NA,70.000000000,MEASURED_CPU_FAULT,CPU;INTERVAL_FAULTS,NA,NA,NA,NA,NA,NA,NA,NA,NA,NA,NA,NA,NA,NA,NA,NA,NA,NA,NA,NA,NA,NA,NA,TARGET_GONE,identity no longer active
2026-10-02T16:05:36Z,APP_21879_3030045,21879,3030045,9,3346,191.617,0,0,-1,-1,0,0.999931471,NA,NA,70.000000000,MEASURED_CPU_FAULT,CPU;INTERVAL_FAULTS,NA,NA,NA,NA,NA,NA,NA,NA,NA,NA,NA,NA,NA,NA,NA,NA,NA,NA,NA,NA,NA,NA,NA,TARGET_GONE,identity no longer active
2026-10-02T16:05:36Z,APP_21879_3030045,21879,3030045,9,3347,201.499,0,0,-1,-1,0,0.999931471,NA,NA,70.000000000,MEASURED_CPU_FAULT,CPU;INTERVAL_FAULTS,NA,NA,NA,NA,NA,NA,NA,NA,NA,NA,NA,NA,NA,NA,NA,NA,NA,NA,NA,NA,NA,NA,NA,TARGET_GONE,identity no longer active
2026-10-02T16:05:37Z,APP_21879_3030045,21879,3030045,9,3348,199.253,0,0,-1,-1,0,0.999931471,NA,NA,70.000000000,MEASURED_CPU_FAULT,CPU;INTERVAL_FAULTS,NA,NA,NA,NA,NA,NA,NA,NA,NA,NA,NA,NA,NA,NA,NA,NA,NA,NA,NA,NA,NA,NA,NA,TARGET_GONE,identity no longer active
2026-10-02T16:05:37Z,APP_21879_3030045,21879,3030045,9,3349,201.198,0,0,-1,-1,0,0.999931471,NA,NA,70.000000000,MEASURED_CPU_FAULT,CPU;INTERVAL_FAULTS,NA,NA,NA,NA,NA,NA,NA,NA,NA,NA,NA,NA,NA,NA,NA,NA,NA,NA,NA,NA,NA,NA,NA,TARGET_GONE,identity no longer active
2026-10-02T16:05:37Z,APP_21879_3030045,21879,3030045,9,3350,197.734,0,0,-1,-1,0,0.999931471,NA,NA,70.000000000,MEASURED_CPU_FAULT,CPU;INTERVAL_FAULTS,NA,NA,NA,NA,NA,NA,NA,NA,NA,NA,NA,NA,NA,NA,NA,NA,NA,NA,NA,NA,NA,NA,NA,TARGET_GONE,identity no longer active
2026-10-02T16:05:37Z,APP_21879_3030045,21879,3030045,9,3351,201.802,0,0,-1,-1,0,0.999931471,NA,NA,70.000000000,MEASURED_CPU_FAULT,CPU;INTERVAL_FAULTS,NA,NA,NA,NA,NA,NA,NA,NA,NA,NA,NA,NA,NA,NA,NA,NA,NA,NA,NA,NA,NA,NA,NA,TARGET_GONE,identity no longer active
2026-10-02T16:05:37Z,APP_21879_3030045,21879,3030045,9,3352,197.531,0,0,-1,-1,0,0.999931471,NA,NA,70.000000000,MEASURED_CPU_FAULT,CPU;INTERVAL_FAULTS,NA,NA,NA,NA,NA,NA,NA,NA,NA,NA,NA,NA,NA,NA,NA,NA,NA,NA,NA,NA,NA,NA,NA,TARGET_GONE,identity no longer active
2026-10-02T16:05:37Z,APP_21879_3030045,21879,3030045,9,3353,201.499,0,0,-1,-1,0,0.999931471,NA,NA,70.000000000,MEASURED_CPU_FAULT,CPU;INTERVAL_FAULTS,NA,NA,NA,NA,NA,NA,NA,NA,NA,NA,NA,NA,NA,NA,NA,NA,NA,NA,NA,NA,NA,NA,NA,TARGET_GONE,identity no longer active
