timestamp,app_id,pid,entity_id,classification,classification_score,f_access,f_threshold,f_gain_memory,f_cost_memory,f_cpu_memory,f_sharing_memory,f_gain_thread,f_cost_thread,f_cpu_thread,f_sharing_thread,memory_score_raw,thread_score_raw,memory_bias,thread_bias,memory_score_final,thread_score_final,decision_margin,epsilon,decision,weight_version,bias_version,status,history_relevance,recorded_at_epoch
2026-10-02T12:28:30,APP_15462_1728333,15462,workload,UNAVAILABLE,-1.000000000,-1.000000000,-1.000000000,-1.000000000,-1.000000000,-1.000000000,-1.000000000,-1.000000000,-1.000000000,-1.000000000,-1.000000000,-1.000000000,-1.000000000,0.000000000,0.000000000,-1.000000000,-1.000000000,NA,0.050000000,INSUFFICIENT_DECISION_SIGNAL,1,1,f_access;f_threshold;f_gain_memory;f_cost_memory;f_cpu_memory;f_sharing_memory;f_gain_thread;f_cost_thread;f_cpu_thread;f_sharing_thread,0.999965278,1790944111
2026-10-02T12:28:30,APP_15462_1728333,15462,workload,UNAVAILABLE,-1.000000000,-1.000000000,-1.000000000,-1.000000000,-1.000000000,-1.000000000,-1.000000000,-1.000000000,-1.000000000,-1.000000000,-1.000000000,-1.000000000,-1.000000000,0.000000000,0.000000000,-1.000000000,-1.000000000,NA,0.050000000,INSUFFICIENT_DECISION_SIGNAL,1,1,f_access;f_threshold;f_gain_memory;f_cost_memory;f_cpu_memory;f_sharing_memory;f_gain_thread;f_cost_thread;f_cpu_thread;f_sharing_thread,0.999965278,1790944111
2026-10-02T12:28:30,APP_15462_1728333,15462,workload,UNAVAILABLE,-1.000000000,-1.000000000,-1.000000000,-1.000000000,-1.000000000,-1.000000000,-1.000000000,-1.000000000,-1.000000000,-1.000000000,-1.000000000,-1.000000000,-1.000000000,0.000000000,0.000000000,-1.000000000,-1.000000000,NA,0.050000000,INSUFFICIENT_DECISION_SIGNAL,1,1,f_access;f_threshold;f_gain_memory;f_cost_memory;f_cpu_memory;f_sharing_memory;f_gain_thread;f_cost_thread;f_cpu_thread;f_sharing_thread,0.999965278,1790944111
2026-10-02T12:28:31,APP_15462_1728333,15462,workload,UNAVAILABLE,-1.000000000,-1.000000000,-1.000000000,-1.000000000,-1.000000000,-1.000000000,-1.000000000,-1.000000000,-1.000000000,-1.000000000,-1.000000000,-1.000000000,-1.000000000,0.000000000,0.000000000,-1.000000000,-1.000000000,NA,0.050000000,INSUFFICIENT_DECISION_SIGNAL,1,1,f_access;f_threshold;f_gain_memory;f_cost_memory;f_cpu_memory;f_sharing_memory;f_gain_thread;f_cost_thread;f_cpu_thread;f_sharing_thread,0.999965278,1790944111
2026-10-02T12:28:31,APP_15462_1728333,15462,workload,UNAVAILABLE,-1.000000000,-1.000000000,-1.000000000,-1.000000000,-1.000000000,-1.000000000,-1.000000000,-1.000000000,-1.000000000,-1.000000000,-1.000000000,-1.000000000,-1.000000000,0.000000000,0.000000000,-1.000000000,-1.000000000,NA,0.050000000,INSUFFICIENT_DECISION_SIGNAL,1,1,f_access;f_threshold;f_gain_memory;f_cost_memory;f_cpu_memory;f_sharing_memory;f_gain_thread;f_cost_thread;f_cpu_thread;f_sharing_thread,0.999965278,1790944111
2026-10-02T12:28:31,APP_15462_1728333,15462,workload,UNAVAILABLE,-1.000000000,-1.000000000,-1.000000000,-1.000000000,-1.000000000,-1.000000000,-1.000000000,-1.000000000,-1.000000000,-1.000000000,-1.000000000,-1.000000000,-1.000000000,0.000000000,0.000000000,-1.000000000,-1.000000000,NA,0.050000000,INSUFFICIENT_DECISION_SIGNAL,1,1,f_access;f_threshold;f_gain_memory;f_cost_memory;f_cpu_memory;f_sharing_memory;f_gain_thread;f_cost_thread;f_cpu_thread;f_sharing_thread,0.999965278,1790944111
2026-10-02T12:28:31,APP_15462_1728333,15462,workload,UNAVAILABLE,-1.000000000,-1.000000000,-1.000000000,-1.000000000,-1.000000000,-1.000000000,-1.000000000,-1.000000000,-1.000000000,-1.000000000,-1.000000000,-1.000000000,-1.000000000,0.000000000,0.000000000,-1.000000000,-1.000000000,NA,0.050000000,INSUFFICIENT_DECISION_SIGNAL,1,1,f_access;f_threshold;f_gain_memory;f_cost_memory;f_cpu_memory;f_sharing_memory;f_gain_thread;f_cost_thread;f_cpu_thread;f_sharing_thread,0.999965278,1790944111
2026-10-02T12:28:31,APP_15462_1728333,15462,workload,UNAVAILABLE,-1.000000000,-1.000000000,-1.000000000,-1.000000000,-1.000000000,-1.000000000,-1.000000000,-1.000000000,-1.000000000,-1.000000000,-1.000000000,-1.000000000,-1.000000000,0.000000000,0.000000000,-1.000000000,-1.000000000,NA,0.050000000,INSUFFICIENT_DECISION_SIGNAL,1,1,f_access;f_threshold;f_gain_memory;f_cost_memory;f_cpu_memory;f_sharing_memory;f_gain_thread;f_cost_thread;f_cpu_thread;f_sharing_thread,0.999965278,1790944111
2026-10-02T12:28:31,APP_15462_1728333,15462,workload,UNAVAILABLE,-1.000000000,-1.000000000,-1.000000000,-1.000000000,-1.000000000,-1.000000000,-1.000000000,-1.000000000,-1.000000000,-1.000000000,-1.000000000,-1.000000000,-1.000000000,0.000000000,0.000000000,-1.000000000,-1.000000000,NA,0.050000000,INSUFFICIENT_DECISION_SIGNAL,1,1,f_access;f_threshold;f_gain_memory;f_cost_memory;f_cpu_memory;f_sharing_memory;f_gain_thread;f_cost_thread;f_cpu_thread;f_sharing_thread,0.999966436,1790944112
2026-10-02T12:28:32,APP_15462_1728333,15462,workload,UNAVAILABLE,-1.000000000,-1.000000000,-1.000000000,-1.000000000,-1.000000000,-1.000000000,-1.000000000,-1.000000000,-1.000000000,-1.000000000,-1.000000000,-1.000000000,-1.000000000,0.000000000,0.000000000,-1.000000000,-1.000000000,NA,0.050000000,INSUFFICIENT_DECISION_SIGNAL,1,1,f_access;f_threshold;f_gain_memory;f_cost_memory;f_cpu_memory;f_sharing_memory;f_gain_thread;f_cost_thread;f_cpu_thread;f_sharing_thread,0.999966436,1790944112
2026-10-02T12:28:32,APP_15462_1728333,15462,workload,UNAVAILABLE,-1.000000000,-1.000000000,-1.000000000,-1.000000000,-1.000000000,-1.000000000,-1.000000000,-1.000000000,-1.000000000,-1.000000000,-1.000000000,-1.000000000,-1.000000000,0.000000000,0.000000000,-1.000000000,-1.000000000,NA,0.050000000,INSUFFICIENT_DECISION_SIGNAL,1,1,f_access;f_threshold;f_gain_memory;f_cost_memory;f_cpu_memory;f_sharing_memory;f_gain_thread;f_cost_thread;f_cpu_thread;f_sharing_thread,0.999966436,1790944112
2026-10-02T12:28:32,APP_15462_1728333,15462,workload,UNAVAILABLE,-1.000000000,-1.000000000,-1.000000000,-1.000000000,-1.000000000,-1.000000000,-1.000000000,-1.000000000,-1.000000000,-1.000000000,-1.000000000,-1.000000000,-1.000000000,0.000000000,0.000000000,-1.000000000,-1.000000000,NA,0.050000000,INSUFFICIENT_DECISION_SIGNAL,1,1,f_access;f_threshold;f_gain_memory;f_cost_memory;f_cpu_memory;f_sharing_memory;f_gain_thread;f_cost_thread;f_cpu_thread;f_sharing_thread,0.999966436,1790944112
2026-10-02T12:28:32,APP_15462_1728333,15462,workload,UNAVAILABLE,-1.000000000,-1.000000000,-1.000000000,-1.000000000,-1.000000000,-1.000000000,-1.000000000,-1.000000000,-1.000000000,-1.000000000,-1.000000000,-1.000000000,-1.000000000,0.000000000,0.000000000,-1.000000000,-1.000000000,NA,0.050000000,INSUFFICIENT_DECISION_SIGNAL,1,1,f_access;f_threshold;f_gain_memory;f_cost_memory;f_cpu_memory;f_sharing_memory;f_gain_thread;f_cost_thread;f_cpu_thread;f_sharing_thread,0.999966436,1790944112
2026-10-02T12:28:32,APP_15462_1728333,15462,workload,UNAVAILABLE,-1.000000000,-1.000000000,-1.000000000,-1.000000000,-1.000000000,-1.000000000,-1.000000000,-1.000000000,-1.000000000,-1.000000000,-1.000000000,-1.000000000,-1.000000000,0.000000000,0.000000000,-1.000000000,-1.000000000,NA,0.050000000,INSUFFICIENT_DECISION_SIGNAL,1,1,f_access;f_threshold;f_gain_memory;f_cost_memory;f_cpu_memory;f_sharing_memory;f_gain_thread;f_cost_thread;f_cpu_thread;f_sharing_thread,0.999966436,1790944112
2026-10-02T12:28:32,APP_15462_1728333,15462,workload,UNAVAILABLE,-1.000000000,-1.000000000,-1.000000000,-1.000000000,-1.000000000,-1.000000000,-1.000000000,-1.000000000,-1.000000000,-1.000000000,-1.000000000,-1.000000000,-1.000000000,0.000000000,0.000000000,-1.000000000,-1.000000000,NA,0.050000000,INSUFFICIENT_DECISION_SIGNAL,1,1,f_access;f_threshold;f_gain_memory;f_cost_memory;f_cpu_memory;f_sharing_memory;f_gain_thread;f_cost_thread;f_cpu_thread;f_sharing_thread,0.999966436,1790944112
2026-10-02T12:28:32,APP_15462_1728333,15462,workload,UNAVAILABLE,-1.000000000,-1.000000000,-1.000000000,-1.000000000,-1.000000000,-1.000000000,-1.000000000,-1.000000000,-1.000000000,-1.000000000,-1.000000000,-1.000000000,-1.000000000,0.000000000,0.000000000,-1.000000000,-1.000000000,NA,0.050000000,INSUFFICIENT_DECISION_SIGNAL,1,1,f_access;f_threshold;f_gain_memory;f_cost_memory;f_cpu_memory;f_sharing_memory;f_gain_thread;f_cost_thread;f_cpu_thread;f_sharing_thread,0.999966436,1790944112
2026-10-02T12:28:33,APP_15462_1728333,15462,workload,UNAVAILABLE,-1.000000000,-1.000000000,-1.000000000,-1.000000000,-1.000000000,-1.000000000,-1.000000000,-1.000000000,-1.000000000,-1.000000000,-1.000000000,-1.000000000,-1.000000000,0.000000000,0.000000000,-1.000000000,-1.000000000,NA,0.050000000,INSUFFICIENT_DECISION_SIGNAL,1,1,f_access;f_threshold;f_gain_memory;f_cost_memory;f_cpu_memory;f_sharing_memory;f_gain_thread;f_cost_thread;f_cpu_thread;f_sharing_thread,0.999968750,1790944114
2026-10-02T12:28:33,APP_15462_1728333,15462,workload,UNAVAILABLE,-1.000000000,-1.000000000,-1.000000000,-1.000000000,-1.000000000,-1.000000000,-1.000000000,-1.000000000,-1.000000000,-1.000000000,-1.000000000,-1.000000000,-1.000000000,0.000000000,0.000000000,-1.000000000,-1.000000000,NA,0.050000000,INSUFFICIENT_DECISION_SIGNAL,1,1,f_access;f_threshold;f_gain_memory;f_cost_memory;f_cpu_memory;f_sharing_memory;f_gain_thread;f_cost_thread;f_cpu_thread;f_sharing_thread,0.999968750,1790944114
2026-10-02T12:28:33,APP_15462_1728333,15462,workload,UNAVAILABLE,-1.000000000,-1.000000000,-1.000000000,-1.000000000,-1.000000000,-1.000000000,-1.000000000,-1.000000000,-1.000000000,-1.000000000,-1.000000000,-1.000000000,-1.000000000,0.000000000,0.000000000,-1.000000000,-1.000000000,NA,0.050000000,INSUFFICIENT_DECISION_SIGNAL,1,1,f_access;f_threshold;f_gain_memory;f_cost_memory;f_cpu_memory;f_sharing_memory;f_gain_thread;f_cost_thread;f_cpu_thread;f_sharing_thread,0.999968750,1790944114
2026-10-02T12:28:33,APP_15462_1728333,15462,workload,UNAVAILABLE,-1.000000000,-1.000000000,-1.000000000,-1.000000000,-1.000000000,-1.000000000,-1.000000000,-1.000000000,-1.000000000,-1.000000000,-1.000000000,-1.000000000,-1.000000000,0.000000000,0.000000000,-1.000000000,-1.000000000,NA,0.050000000,INSUFFICIENT_DECISION_SIGNAL,1,1,f_access;f_threshold;f_gain_memory;f_cost_memory;f_cpu_memory;f_sharing_memory;f_gain_thread;f_cost_thread;f_cpu_thread;f_sharing_thread,0.999968750,1790944114
2026-10-02T12:28:33,APP_15462_1728333,15462,workload,UNAVAILABLE,-1.000000000,-1.000000000,-1.000000000,-1.000000000,-1.000000000,-1.000000000,-1.000000000,-1.000000000,-1.000000000,-1.000000000,-1.000000000,-1.000000000,-1.000000000,0.000000000,0.000000000,-1.000000000,-1.000000000,NA,0.050000000,INSUFFICIENT_DECISION_SIGNAL,1,1,f_access;f_threshold;f_gain_memory;f_cost_memory;f_cpu_memory;f_sharing_memory;f_gain_thread;f_cost_thread;f_cpu_thread;f_sharing_thread,0.999968750,1790944114
2026-10-02T12:28:33,APP_15462_1728333,15462,workload,UNAVAILABLE,-1.000000000,-1.000000000,-1.000000000,-1.000000000,-1.000000000,-1.000000000,-1.000000000,-1.000000000,-1.000000000,-1.000000000,-1.000000000,-1.000000000,-1.000000000,0.000000000,0.000000000,-1.000000000,-1.000000000,NA,0.050000000,INSUFFICIENT_DECISION_SIGNAL,1,1,f_access;f_threshold;f_gain_memory;f_cost_memory;f_cpu_memory;f_sharing_memory;f_gain_thread;f_cost_thread;f_cpu_thread;f_sharing_thread,0.999968750,1790944114
2026-10-02T12:28:33,APP_15462_1728333,15462,workload,UNAVAILABLE,-1.000000000,-1.000000000,-1.000000000,-1.000000000,-1.000000000,-1.000000000,-1.000000000,-1.000000000,-1.000000000,-1.000000000,-1.000000000,-1.000000000,-1.000000000,0.000000000,0.000000000,-1.000000000,-1.000000000,NA,0.050000000,INSUFFICIENT_DECISION_SIGNAL,1,1,f_access;f_threshold;f_gain_memory;f_cost_memory;f_cpu_memory;f_sharing_memory;f_gain_thread;f_cost_thread;f_cpu_thread;f_sharing_thread,0.999968750,1790944114
2026-10-02T12:28:33,APP_15462_1728333,15462,workload,UNAVAILABLE,-1.000000000,-1.000000000,-1.000000000,-1.000000000,-1.000000000,-1.000000000,-1.000000000,-1.000000000,-1.000000000,-1.000000000,-1.000000000,-1.000000000,-1.000000000,0.000000000,0.000000000,-1.000000000,-1.000000000,NA,0.050000000,INSUFFICIENT_DECISION_SIGNAL,1,1,f_access;f_threshold;f_gain_memory;f_cost_memory;f_cpu_memory;f_sharing_memory;f_gain_thread;f_cost_thread;f_cpu_thread;f_sharing_thread,0.999968750,1790944114
2026-10-02T12:28:34,APP_15462_1728333,15462,workload,UNAVAILABLE,-1.000000000,-1.000000000,-1.000000000,-1.000000000,-1.000000000,-1.000000000,-1.000000000,-1.000000000,-1.000000000,-1.000000000,-1.000000000,-1.000000000,-1.000000000,0.000000000,0.000000000,-1.000000000,-1.000000000,NA,0.050000000,INSUFFICIENT_DECISION_SIGNAL,1,1,f_access;f_threshold;f_gain_memory;f_cost_memory;f_cpu_memory;f_sharing_memory;f_gain_thread;f_cost_thread;f_cpu_thread;f_sharing_thread,0.999968750,1790944114
2026-10-02T12:28:34,APP_15462_1728333,15462,workload,UNAVAILABLE,-1.000000000,-1.000000000,-1.000000000,-1.000000000,-1.000000000,-1.000000000,-1.000000000,-1.000000000,-1.000000000,-1.000000000,-1.000000000,-1.000000000,-1.000000000,0.000000000,0.000000000,-1.000000000,-1.000000000,NA,0.050000000,INSUFFICIENT_DECISION_SIGNAL,1,1,f_access;f_threshold;f_gain_memory;f_cost_memory;f_cpu_memory;f_sharing_memory;f_gain_thread;f_cost_thread;f_cpu_thread;f_sharing_thread,0.999969908,1790944115
2026-10-02T12:28:34,APP_15462_1728333,15462,workload,UNAVAILABLE,-1.000000000,-1.000000000,-1.000000000,-1.000000000,-1.000000000,-1.000000000,-1.000000000,-1.000000000,-1.000000000,-1.000000000,-1.000000000,-1.000000000,-1.000000000,0.000000000,0.000000000,-1.000000000,-1.000000000,NA,0.050000000,INSUFFICIENT_DECISION_SIGNAL,1,1,f_access;f_threshold;f_gain_memory;f_cost_memory;f_cpu_memory;f_sharing_memory;f_gain_thread;f_cost_thread;f_cpu_thread;f_sharing_thread,0.999969908,1790944115
2026-10-02T12:28:34,APP_15462_1728333,15462,workload,UNAVAILABLE,-1.000000000,-1.000000000,-1.000000000,-1.000000000,-1.000000000,-1.000000000,-1.000000000,-1.000000000,-1.000000000,-1.000000000,-1.000000000,-1.000000000,-1.000000000,0.000000000,0.000000000,-1.000000000,-1.000000000,NA,0.050000000,INSUFFICIENT_DECISION_SIGNAL,1,1,f_access;f_threshold;f_gain_memory;f_cost_memory;f_cpu_memory;f_sharing_memory;f_gain_thread;f_cost_thread;f_cpu_thread;f_sharing_thread,0.999969908,1790944115
2026-10-02T12:28:34,APP_15462_1728333,15462,workload,UNAVAILABLE,-1.000000000,-1.000000000,-1.000000000,-1.000000000,-1.000000000,-1.000000000,-1.000000000,-1.000000000,-1.000000000,-1.000000000,-1.000000000,-1.000000000,-1.000000000,0.000000000,0.000000000,-1.000000000,-1.000000000,NA,0.050000000,INSUFFICIENT_DECISION_SIGNAL,1,1,f_access;f_threshold;f_gain_memory;f_cost_memory;f_cpu_memory;f_sharing_memory;f_gain_thread;f_cost_thread;f_cpu_thread;f_sharing_thread,0.999969908,1790944115
2026-10-02T12:28:34,APP_15462_1728333,15462,workload,UNAVAILABLE,-1.000000000,-1.000000000,-1.000000000,-1.000000000,-1.000000000,-1.000000000,-1.000000000,-1.000000000,-1.000000000,-1.000000000,-1.000000000,-1.000000000,-1.000000000,0.000000000,0.000000000,-1.000000000,-1.000000000,NA,0.050000000,INSUFFICIENT_DECISION_SIGNAL,1,1,f_access;f_threshold;f_gain_memory;f_cost_memory;f_cpu_memory;f_sharing_memory;f_gain_thread;f_cost_thread;f_cpu_thread;f_sharing_thread,0.999969908,1790944115
2026-10-02T12:28:34,APP_15462_1728333,15462,workload,UNAVAILABLE,-1.000000000,-1.000000000,-1.000000000,-1.000000000,-1.000000000,-1.000000000,-1.000000000,-1.000000000,-1.000000000,-1.000000000,-1.000000000,-1.000000000,-1.000000000,0.000000000,0.000000000,-1.000000000,-1.000000000,NA,0.050000000,INSUFFICIENT_DECISION_SIGNAL,1,1,f_access;f_threshold;f_gain_memory;f_cost_memory;f_cpu_memory;f_sharing_memory;f_gain_thread;f_cost_thread;f_cpu_thread;f_sharing_thread,0.999969908,1790944115
2026-10-02T12:28:35,APP_15462_1728333,15462,workload,UNAVAILABLE,-1.000000000,-1.000000000,-1.000000000,-1.000000000,-1.000000000,-1.000000000,-1.000000000,-1.000000000,-1.000000000,-1.000000000,-1.000000000,-1.000000000,-1.000000000,0.000000000,0.000000000,-1.000000000,-1.000000000,NA,0.050000000,INSUFFICIENT_DECISION_SIGNAL,1,1,f_access;f_threshold;f_gain_memory;f_cost_memory;f_cpu_memory;f_sharing_memory;f_gain_thread;f_cost_thread;f_cpu_thread;f_sharing_thread,0.999969908,1790944115
2026-10-02T12:28:35,APP_15462_1728333,15462,workload,UNAVAILABLE,-1.000000000,-1.000000000,-1.000000000,-1.000000000,-1.000000000,-1.000000000,-1.000000000,-1.000000000,-1.000000000,-1.000000000,-1.000000000,-1.000000000,-1.000000000,0.000000000,0.000000000,-1.000000000,-1.000000000,NA,0.050000000,INSUFFICIENT_DECISION_SIGNAL,1,1,f_access;f_threshold;f_gain_memory;f_cost_memory;f_cpu_memory;f_sharing_memory;f_gain_thread;f_cost_thread;f_cpu_thread;f_sharing_thread,0.999971065,1790944116
2026-10-02T12:28:35,APP_15462_1728333,15462,workload,UNAVAILABLE,-1.000000000,-1.000000000,-1.000000000,-1.000000000,-1.000000000,-1.000000000,-1.000000000,-1.000000000,-1.000000000,-1.000000000,-1.000000000,-1.000000000,-1.000000000,0.000000000,0.000000000,-1.000000000,-1.000000000,NA,0.050000000,INSUFFICIENT_DECISION_SIGNAL,1,1,f_access;f_threshold;f_gain_memory;f_cost_memory;f_cpu_memory;f_sharing_memory;f_gain_thread;f_cost_thread;f_cpu_thread;f_sharing_thread,0.999971065,1790944116
2026-10-02T12:28:35,APP_15462_1728333,15462,workload,UNAVAILABLE,-1.000000000,-1.000000000,-1.000000000,-1.000000000,-1.000000000,-1.000000000,-1.000000000,-1.000000000,-1.000000000,-1.000000000,-1.000000000,-1.000000000,-1.000000000,0.000000000,0.000000000,-1.000000000,-1.000000000,NA,0.050000000,INSUFFICIENT_DECISION_SIGNAL,1,1,f_access;f_threshold;f_gain_memory;f_cost_memory;f_cpu_memory;f_sharing_memory;f_gain_thread;f_cost_thread;f_cpu_thread;f_sharing_thread,0.999971065,1790944116
2026-10-02T12:28:35,APP_15462_1728333,15462,workload,UNAVAILABLE,-1.000000000,-1.000000000,-1.000000000,-1.000000000,-1.000000000,-1.000000000,-1.000000000,-1.000000000,-1.000000000,-1.000000000,-1.000000000,-1.000000000,-1.000000000,0.000000000,0.000000000,-1.000000000,-1.000000000,NA,0.050000000,INSUFFICIENT_DECISION_SIGNAL,1,1,f_access;f_threshold;f_gain_memory;f_cost_memory;f_cpu_memory;f_sharing_memory;f_gain_thread;f_cost_thread;f_cpu_thread;f_sharing_thread,0.999971065,1790944116
2026-10-02T12:28:35,APP_15462_1728333,15462,workload,UNAVAILABLE,-1.000000000,-1.000000000,-1.000000000,-1.000000000,-1.000000000,-1.000000000,-1.000000000,-1.000000000,-1.000000000,-1.000000000,-1.000000000,-1.000000000,-1.000000000,0.000000000,0.000000000,-1.000000000,-1.000000000,NA,0.050000000,INSUFFICIENT_DECISION_SIGNAL,1,1,f_access;f_threshold;f_gain_memory;f_cost_memory;f_cpu_memory;f_sharing_memory;f_gain_thread;f_cost_thread;f_cpu_thread;f_sharing_thread,0.999971065,1790944116
2026-10-02T12:28:35,APP_15462_1728333,15462,workload,UNAVAILABLE,-1.000000000,-1.000000000,-1.000000000,-1.000000000,-1.000000000,-1.000000000,-1.000000000,-1.000000000,-1.000000000,-1.000000000,-1.000000000,-1.000000000,-1.000000000,0.000000000,0.000000000,-1.000000000,-1.000000000,NA,0.050000000,INSUFFICIENT_DECISION_SIGNAL,1,1,f_access;f_threshold;f_gain_memory;f_cost_memory;f_cpu_memory;f_sharing_memory;f_gain_thread;f_cost_thread;f_cpu_thread;f_sharing_thread,0.999971065,1790944116
2026-10-02T12:28:35,APP_15462_1728333,15462,workload,UNAVAILABLE,-1.000000000,-1.000000000,-1.000000000,-1.000000000,-1.000000000,-1.000000000,-1.000000000,-1.000000000,-1.000000000,-1.000000000,-1.000000000,-1.000000000,-1.000000000,0.000000000,0.000000000,-1.000000000,-1.000000000,NA,0.050000000,INSUFFICIENT_DECISION_SIGNAL,1,1,f_access;f_threshold;f_gain_memory;f_cost_memory;f_cpu_memory;f_sharing_memory;f_gain_thread;f_cost_thread;f_cpu_thread;f_sharing_thread,0.999971065,1790944116
2026-10-02T12:28:36,APP_15462_1728333,15462,workload,UNAVAILABLE,-1.000000000,-1.000000000,-1.000000000,-1.000000000,-1.000000000,-1.000000000,-1.000000000,-1.000000000,-1.000000000,-1.000000000,-1.000000000,-1.000000000,-1.000000000,0.000000000,0.000000000,-1.000000000,-1.000000000,NA,0.050000000,INSUFFICIENT_DECISION_SIGNAL,1,1,f_access;f_threshold;f_gain_memory;f_cost_memory;f_cpu_memory;f_sharing_memory;f_gain_thread;f_cost_thread;f_cpu_thread;f_sharing_thread,0.999971065,1790944116
2026-10-02T12:28:36,APP_15462_1728333,15462,workload,UNAVAILABLE,-1.000000000,-1.000000000,-1.000000000,-1.000000000,-1.000000000,-1.000000000,-1.000000000,-1.000000000,-1.000000000,-1.000000000,-1.000000000,-1.000000000,-1.000000000,0.000000000,0.000000000,-1.000000000,-1.000000000,NA,0.050000000,INSUFFICIENT_DECISION_SIGNAL,1,1,f_access;f_threshold;f_gain_memory;f_cost_memory;f_cpu_memory;f_sharing_memory;f_gain_thread;f_cost_thread;f_cpu_thread;f_sharing_thread,0.999971065,1790944116
2026-10-02T12:28:36,APP_15462_1728333,15462,workload,UNAVAILABLE,-1.000000000,-1.000000000,-1.000000000,-1.000000000,-1.000000000,-1.000000000,-1.000000000,-1.000000000,-1.000000000,-1.000000000,-1.000000000,-1.000000000,-1.000000000,0.000000000,0.000000000,-1.000000000,-1.000000000,NA,0.050000000,INSUFFICIENT_DECISION_SIGNAL,1,1,f_access;f_threshold;f_gain_memory;f_cost_memory;f_cpu_memory;f_sharing_memory;f_gain_thread;f_cost_thread;f_cpu_thread;f_sharing_thread,0.999972223,1790944117
2026-10-02T12:28:36,APP_15462_1728333,15462,workload,UNAVAILABLE,-1.000000000,-1.000000000,-1.000000000,-1.000000000,-1.000000000,-1.000000000,-1.000000000,-1.000000000,-1.000000000,-1.000000000,-1.000000000,-1.000000000,-1.000000000,0.000000000,0.000000000,-1.000000000,-1.000000000,NA,0.050000000,INSUFFICIENT_DECISION_SIGNAL,1,1,f_access;f_threshold;f_gain_memory;f_cost_memory;f_cpu_memory;f_sharing_memory;f_gain_thread;f_cost_thread;f_cpu_thread;f_sharing_thread,0.999972223,1790944117
2026-10-02T12:28:36,APP_15462_1728333,15462,workload,UNAVAILABLE,-1.000000000,-1.000000000,-1.000000000,-1.000000000,-1.000000000,-1.000000000,-1.000000000,-1.000000000,-1.000000000,-1.000000000,-1.000000000,-1.000000000,-1.000000000,0.000000000,0.000000000,-1.000000000,-1.000000000,NA,0.050000000,INSUFFICIENT_DECISION_SIGNAL,1,1,f_access;f_threshold;f_gain_memory;f_cost_memory;f_cpu_memory;f_sharing_memory;f_gain_thread;f_cost_thread;f_cpu_thread;f_sharing_thread,0.999972223,1790944117
2026-10-02T12:28:36,APP_15462_1728333,15462,workload,UNAVAILABLE,-1.000000000,-1.000000000,-1.000000000,-1.000000000,-1.000000000,-1.000000000,-1.000000000,-1.000000000,-1.000000000,-1.000000000,-1.000000000,-1.000000000,-1.000000000,0.000000000,0.000000000,-1.000000000,-1.000000000,NA,0.050000000,INSUFFICIENT_DECISION_SIGNAL,1,1,f_access;f_threshold;f_gain_memory;f_cost_memory;f_cpu_memory;f_sharing_memory;f_gain_thread;f_cost_thread;f_cpu_thread;f_sharing_thread,0.999972223,1790944117
2026-10-02T12:28:36,APP_15462_1728333,15462,workload,UNAVAILABLE,-1.000000000,-1.000000000,-1.000000000,-1.000000000,-1.000000000,-1.000000000,-1.000000000,-1.000000000,-1.000000000,-1.000000000,-1.000000000,-1.000000000,-1.000000000,0.000000000,0.000000000,-1.000000000,-1.000000000,NA,0.050000000,INSUFFICIENT_DECISION_SIGNAL,1,1,f_access;f_threshold;f_gain_memory;f_cost_memory;f_cpu_memory;f_sharing_memory;f_gain_thread;f_cost_thread;f_cpu_thread;f_sharing_thread,0.999972223,1790944117
2026-10-02T12:28:36,APP_15462_1728333,15462,workload,UNAVAILABLE,-1.000000000,-1.000000000,-1.000000000,-1.000000000,-1.000000000,-1.000000000,-1.000000000,-1.000000000,-1.000000000,-1.000000000,-1.000000000,-1.000000000,-1.000000000,0.000000000,0.000000000,-1.000000000,-1.000000000,NA,0.050000000,INSUFFICIENT_DECISION_SIGNAL,1,1,f_access;f_threshold;f_gain_memory;f_cost_memory;f_cpu_memory;f_sharing_memory;f_gain_thread;f_cost_thread;f_cpu_thread;f_sharing_thread,0.999972223,1790944117
2026-10-02T12:28:36,APP_15462_1728333,15462,workload,UNAVAILABLE,-1.000000000,-1.000000000,-1.000000000,-1.000000000,-1.000000000,-1.000000000,-1.000000000,-1.000000000,-1.000000000,-1.000000000,-1.000000000,-1.000000000,-1.000000000,0.000000000,0.000000000,-1.000000000,-1.000000000,NA,0.050000000,INSUFFICIENT_DECISION_SIGNAL,1,1,f_access;f_threshold;f_gain_memory;f_cost_memory;f_cpu_memory;f_sharing_memory;f_gain_thread;f_cost_thread;f_cpu_thread;f_sharing_thread,0.999972223,1790944117
2026-10-02T12:28:37,APP_15462_1728333,15462,workload,UNAVAILABLE,-1.000000000,-1.000000000,-1.000000000,-1.000000000,-1.000000000,-1.000000000,-1.000000000,-1.000000000,-1.000000000,-1.000000000,-1.000000000,-1.000000000,-1.000000000,0.000000000,0.000000000,-1.000000000,-1.000000000,NA,0.050000000,INSUFFICIENT_DECISION_SIGNAL,1,1,f_access;f_threshold;f_gain_memory;f_cost_memory;f_cpu_memory;f_sharing_memory;f_gain_thread;f_cost_thread;f_cpu_thread;f_sharing_thread,0.999972223,1790944117
2026-10-02T12:28:37,APP_15462_1728333,15462,workload,UNAVAILABLE,-1.000000000,-1.000000000,-1.000000000,-1.000000000,-1.000000000,-1.000000000,-1.000000000,-1.000000000,-1.000000000,-1.000000000,-1.000000000,-1.000000000,-1.000000000,0.000000000,0.000000000,-1.000000000,-1.000000000,NA,0.050000000,INSUFFICIENT_DECISION_SIGNAL,1,1,f_access;f_threshold;f_gain_memory;f_cost_memory;f_cpu_memory;f_sharing_memory;f_gain_thread;f_cost_thread;f_cpu_thread;f_sharing_thread,0.999972223,1790944117
2026-10-02T12:28:37,APP_15462_1728333,15462,workload,UNAVAILABLE,-1.000000000,-1.000000000,-1.000000000,-1.000000000,-1.000000000,-1.000000000,-1.000000000,-1.000000000,-1.000000000,-1.000000000,-1.000000000,-1.000000000,-1.000000000,0.000000000,0.000000000,-1.000000000,-1.000000000,NA,0.050000000,INSUFFICIENT_DECISION_SIGNAL,1,1,f_access;f_threshold;f_gain_memory;f_cost_memory;f_cpu_memory;f_sharing_memory;f_gain_thread;f_cost_thread;f_cpu_thread;f_sharing_thread,0.999973380,1790944118
2026-10-02T12:28:37,APP_15462_1728333,15462,workload,UNAVAILABLE,-1.000000000,-1.000000000,-1.000000000,-1.000000000,-1.000000000,-1.000000000,-1.000000000,-1.000000000,-1.000000000,-1.000000000,-1.000000000,-1.000000000,-1.000000000,0.000000000,0.000000000,-1.000000000,-1.000000000,NA,0.050000000,INSUFFICIENT_DECISION_SIGNAL,1,1,f_access;f_threshold;f_gain_memory;f_cost_memory;f_cpu_memory;f_sharing_memory;f_gain_thread;f_cost_thread;f_cpu_thread;f_sharing_thread,0.999973380,1790944118
2026-10-02T12:28:37,APP_15462_1728333,15462,workload,UNAVAILABLE,-1.000000000,-1.000000000,-1.000000000,-1.000000000,-1.000000000,-1.000000000,-1.000000000,-1.000000000,-1.000000000,-1.000000000,-1.000000000,-1.000000000,-1.000000000,0.000000000,0.000000000,-1.000000000,-1.000000000,NA,0.050000000,INSUFFICIENT_DECISION_SIGNAL,1,1,f_access;f_threshold;f_gain_memory;f_cost_memory;f_cpu_memory;f_sharing_memory;f_gain_thread;f_cost_thread;f_cpu_thread;f_sharing_thread,0.999973380,1790944118
2026-10-02T12:28:37,APP_15462_1728333,15462,workload,UNAVAILABLE,-1.000000000,-1.000000000,-1.000000000,-1.000000000,-1.000000000,-1.000000000,-1.000000000,-1.000000000,-1.000000000,-1.000000000,-1.000000000,-1.000000000,-1.000000000,0.000000000,0.000000000,-1.000000000,-1.000000000,NA,0.050000000,INSUFFICIENT_DECISION_SIGNAL,1,1,f_access;f_threshold;f_gain_memory;f_cost_memory;f_cpu_memory;f_sharing_memory;f_gain_thread;f_cost_thread;f_cpu_thread;f_sharing_thread,0.999973380,1790944118
2026-10-02T12:28:37,APP_15462_1728333,15462,workload,UNAVAILABLE,-1.000000000,-1.000000000,-1.000000000,-1.000000000,-1.000000000,-1.000000000,-1.000000000,-1.000000000,-1.000000000,-1.000000000,-1.000000000,-1.000000000,-1.000000000,0.000000000,0.000000000,-1.000000000,-1.000000000,NA,0.050000000,INSUFFICIENT_DECISION_SIGNAL,1,1,f_access;f_threshold;f_gain_memory;f_cost_memory;f_cpu_memory;f_sharing_memory;f_gain_thread;f_cost_thread;f_cpu_thread;f_sharing_thread,0.999973380,1790944118
2026-10-02T12:28:38,APP_15462_1728333,15462,workload,UNAVAILABLE,-1.000000000,-1.000000000,-1.000000000,-1.000000000,-1.000000000,-1.000000000,-1.000000000,-1.000000000,-1.000000000,-1.000000000,-1.000000000,-1.000000000,-1.000000000,0.000000000,0.000000000,-1.000000000,-1.000000000,NA,0.050000000,INSUFFICIENT_DECISION_SIGNAL,1,1,f_access;f_threshold;f_gain_memory;f_cost_memory;f_cpu_memory;f_sharing_memory;f_gain_thread;f_cost_thread;f_cpu_thread;f_sharing_thread,0.999973380,1790944118
2026-10-02T12:28:38,APP_15462_1728333,15462,workload,UNAVAILABLE,-1.000000000,-1.000000000,-1.000000000,-1.000000000,-1.000000000,-1.000000000,-1.000000000,-1.000000000,-1.000000000,-1.000000000,-1.000000000,-1.000000000,-1.000000000,0.000000000,0.000000000,-1.000000000,-1.000000000,NA,0.050000000,INSUFFICIENT_DECISION_SIGNAL,1,1,f_access;f_threshold;f_gain_memory;f_cost_memory;f_cpu_memory;f_sharing_memory;f_gain_thread;f_cost_thread;f_cpu_thread;f_sharing_thread,0.999973380,1790944118
2026-10-02T12:28:38,APP_15462_1728333,15462,workload,UNAVAILABLE,-1.000000000,-1.000000000,-1.000000000,-1.000000000,-1.000000000,-1.000000000,-1.000000000,-1.000000000,-1.000000000,-1.000000000,-1.000000000,-1.000000000,-1.000000000,0.000000000,0.000000000,-1.000000000,-1.000000000,NA,0.050000000,INSUFFICIENT_DECISION_SIGNAL,1,1,f_access;f_threshold;f_gain_memory;f_cost_memory;f_cpu_memory;f_sharing_memory;f_gain_thread;f_cost_thread;f_cpu_thread;f_sharing_thread,0.999973380,1790944118
2026-10-02T12:28:38,APP_15462_1728333,15462,workload,UNAVAILABLE,-1.000000000,-1.000000000,-1.000000000,-1.000000000,-1.000000000,-1.000000000,-1.000000000,-1.000000000,-1.000000000,-1.000000000,-1.000000000,-1.000000000,-1.000000000,0.000000000,0.000000000,-1.000000000,-1.000000000,NA,0.050000000,INSUFFICIENT_DECISION_SIGNAL,1,1,f_access;f_threshold;f_gain_memory;f_cost_memory;f_cpu_memory;f_sharing_memory;f_gain_thread;f_cost_thread;f_cpu_thread;f_sharing_thread,0.999974537,1790944119
2026-10-02T12:28:38,APP_15462_1728333,15462,workload,UNAVAILABLE,-1.000000000,-1.000000000,-1.000000000,-1.000000000,-1.000000000,-1.000000000,-1.000000000,-1.000000000,-1.000000000,-1.000000000,-1.000000000,-1.000000000,-1.000000000,0.000000000,0.000000000,-1.000000000,-1.000000000,NA,0.050000000,INSUFFICIENT_DECISION_SIGNAL,1,1,f_access;f_threshold;f_gain_memory;f_cost_memory;f_cpu_memory;f_sharing_memory;f_gain_thread;f_cost_thread;f_cpu_thread;f_sharing_thread,0.999974537,1790944119
2026-10-02T12:28:38,APP_15462_1728333,15462,workload,UNAVAILABLE,-1.000000000,-1.000000000,-1.000000000,-1.000000000,-1.000000000,-1.000000000,-1.000000000,-1.000000000,-1.000000000,-1.000000000,-1.000000000,-1.000000000,-1.000000000,0.000000000,0.000000000,-1.000000000,-1.000000000,NA,0.050000000,INSUFFICIENT_DECISION_SIGNAL,1,1,f_access;f_threshold;f_gain_memory;f_cost_memory;f_cpu_memory;f_sharing_memory;f_gain_thread;f_cost_thread;f_cpu_thread;f_sharing_thread,0.999974537,1790944119
2026-10-02T12:28:38,APP_15462_1728333,15462,workload,UNAVAILABLE,-1.000000000,-1.000000000,-1.000000000,-1.000000000,-1.000000000,-1.000000000,-1.000000000,-1.000000000,-1.000000000,-1.000000000,-1.000000000,-1.000000000,-1.000000000,0.000000000,0.000000000,-1.000000000,-1.000000000,NA,0.050000000,INSUFFICIENT_DECISION_SIGNAL,1,1,f_access;f_threshold;f_gain_memory;f_cost_memory;f_cpu_memory;f_sharing_memory;f_gain_thread;f_cost_thread;f_cpu_thread;f_sharing_thread,0.999974537,1790944119
2026-10-02T12:28:38,APP_15462_1728333,15462,workload,UNAVAILABLE,-1.000000000,-1.000000000,-1.000000000,-1.000000000,-1.000000000,-1.000000000,-1.000000000,-1.000000000,-1.000000000,-1.000000000,-1.000000000,-1.000000000,-1.000000000,0.000000000,0.000000000,-1.000000000,-1.000000000,NA,0.050000000,INSUFFICIENT_DECISION_SIGNAL,1,1,f_access;f_threshold;f_gain_memory;f_cost_memory;f_cpu_memory;f_sharing_memory;f_gain_thread;f_cost_thread;f_cpu_thread;f_sharing_thread,0.999974537,1790944119
2026-10-02T12:28:39,APP_15462_1728333,15462,workload,UNAVAILABLE,-1.000000000,-1.000000000,-1.000000000,-1.000000000,-1.000000000,-1.000000000,-1.000000000,-1.000000000,-1.000000000,-1.000000000,-1.000000000,-1.000000000,-1.000000000,0.000000000,0.000000000,-1.000000000,-1.000000000,NA,0.050000000,INSUFFICIENT_DECISION_SIGNAL,1,1,f_access;f_threshold;f_gain_memory;f_cost_memory;f_cpu_memory;f_sharing_memory;f_gain_thread;f_cost_thread;f_cpu_thread;f_sharing_thread,0.999974537,1790944119
2026-10-02T12:28:39,APP_15462_1728333,15462,workload,UNAVAILABLE,-1.000000000,-1.000000000,-1.000000000,-1.000000000,-1.000000000,-1.000000000,-1.000000000,-1.000000000,-1.000000000,-1.000000000,-1.000000000,-1.000000000,-1.000000000,0.000000000,0.000000000,-1.000000000,-1.000000000,NA,0.050000000,INSUFFICIENT_DECISION_SIGNAL,1,1,f_access;f_threshold;f_gain_memory;f_cost_memory;f_cpu_memory;f_sharing_memory;f_gain_thread;f_cost_thread;f_cpu_thread;f_sharing_thread,0.999974537,1790944119
2026-10-02T12:28:39,APP_15462_1728333,15462,workload,UNAVAILABLE,-1.000000000,-1.000000000,-1.000000000,-1.000000000,-1.000000000,-1.000000000,-1.000000000,-1.000000000,-1.000000000,-1.000000000,-1.000000000,-1.000000000,-1.000000000,0.000000000,0.000000000,-1.000000000,-1.000000000,NA,0.050000000,INSUFFICIENT_DECISION_SIGNAL,1,1,f_access;f_threshold;f_gain_memory;f_cost_memory;f_cpu_memory;f_sharing_memory;f_gain_thread;f_cost_thread;f_cpu_thread;f_sharing_thread,0.999974537,1790944119
2026-10-02T12:28:39,APP_15462_1728333,15462,workload,UNAVAILABLE,-1.000000000,-1.000000000,-1.000000000,-1.000000000,-1.000000000,-1.000000000,-1.000000000,-1.000000000,-1.000000000,-1.000000000,-1.000000000,-1.000000000,-1.000000000,0.000000000,0.000000000,-1.000000000,-1.000000000,NA,0.050000000,INSUFFICIENT_DECISION_SIGNAL,1,1,f_access;f_threshold;f_gain_memory;f_cost_memory;f_cpu_memory;f_sharing_memory;f_gain_thread;f_cost_thread;f_cpu_thread;f_sharing_thread,0.999974537,1790944119
2026-10-02T12:28:39,APP_15462_1728333,15462,workload,UNAVAILABLE,-1.000000000,-1.000000000,-1.000000000,-1.000000000,-1.000000000,-1.000000000,-1.000000000,-1.000000000,-1.000000000,-1.000000000,-1.000000000,-1.000000000,-1.000000000,0.000000000,0.000000000,-1.000000000,-1.000000000,NA,0.050000000,INSUFFICIENT_DECISION_SIGNAL,1,1,f_access;f_threshold;f_gain_memory;f_cost_memory;f_cpu_memory;f_sharing_memory;f_gain_thread;f_cost_thread;f_cpu_thread;f_sharing_thread,0.999975695,1790944120
2026-10-02T12:28:39,APP_15462_1728333,15462,workload,UNAVAILABLE,-1.000000000,-1.000000000,-1.000000000,-1.000000000,-1.000000000,-1.000000000,-1.000000000,-1.000000000,-1.000000000,-1.000000000,-1.000000000,-1.000000000,-1.000000000,0.000000000,0.000000000,-1.000000000,-1.000000000,NA,0.050000000,INSUFFICIENT_DECISION_SIGNAL,1,1,f_access;f_threshold;f_gain_memory;f_cost_memory;f_cpu_memory;f_sharing_memory;f_gain_thread;f_cost_thread;f_cpu_thread;f_sharing_thread,0.999975695,1790944120
2026-10-02T12:28:39,APP_15462_1728333,15462,workload,UNAVAILABLE,-1.000000000,-1.000000000,-1.000000000,-1.000000000,-1.000000000,-1.000000000,-1.000000000,-1.000000000,-1.000000000,-1.000000000,-1.000000000,-1.000000000,-1.000000000,0.000000000,0.000000000,-1.000000000,-1.000000000,NA,0.050000000,INSUFFICIENT_DECISION_SIGNAL,1,1,f_access;f_threshold;f_gain_memory;f_cost_memory;f_cpu_memory;f_sharing_memory;f_gain_thread;f_cost_thread;f_cpu_thread;f_sharing_thread,0.999975695,1790944120
2026-10-02T12:28:39,APP_15462_1728333,15462,workload,UNAVAILABLE,-1.000000000,-1.000000000,-1.000000000,-1.000000000,-1.000000000,-1.000000000,-1.000000000,-1.000000000,-1.000000000,-1.000000000,-1.000000000,-1.000000000,-1.000000000,0.000000000,0.000000000,-1.000000000,-1.000000000,NA,0.050000000,INSUFFICIENT_DECISION_SIGNAL,1,1,f_access;f_threshold;f_gain_memory;f_cost_memory;f_cpu_memory;f_sharing_memory;f_gain_thread;f_cost_thread;f_cpu_thread;f_sharing_thread,0.999975695,1790944120
2026-10-02T12:28:39,APP_15462_1728333,15462,workload,UNAVAILABLE,-1.000000000,-1.000000000,-1.000000000,-1.000000000,-1.000000000,-1.000000000,-1.000000000,-1.000000000,-1.000000000,-1.000000000,-1.000000000,-1.000000000,-1.000000000,0.000000000,0.000000000,-1.000000000,-1.000000000,NA,0.050000000,INSUFFICIENT_DECISION_SIGNAL,1,1,f_access;f_threshold;f_gain_memory;f_cost_memory;f_cpu_memory;f_sharing_memory;f_gain_thread;f_cost_thread;f_cpu_thread;f_sharing_thread,0.999975695,1790944120
2026-10-02T12:28:40,APP_15462_1728333,15462,workload,UNAVAILABLE,-1.000000000,-1.000000000,-1.000000000,-1.000000000,-1.000000000,-1.000000000,-1.000000000,-1.000000000,-1.000000000,-1.000000000,-1.000000000,-1.000000000,-1.000000000,0.000000000,0.000000000,-1.000000000,-1.000000000,NA,0.050000000,INSUFFICIENT_DECISION_SIGNAL,1,1,f_access;f_threshold;f_gain_memory;f_cost_memory;f_cpu_memory;f_sharing_memory;f_gain_thread;f_cost_thread;f_cpu_thread;f_sharing_thread,0.999975695,1790944120
2026-10-02T12:28:40,APP_15462_1728333,15462,workload,UNAVAILABLE,-1.000000000,-1.000000000,-1.000000000,-1.000000000,-1.000000000,-1.000000000,-1.000000000,-1.000000000,-1.000000000,-1.000000000,-1.000000000,-1.000000000,-1.000000000,0.000000000,0.000000000,-1.000000000,-1.000000000,NA,0.050000000,INSUFFICIENT_DECISION_SIGNAL,1,1,f_access;f_threshold;f_gain_memory;f_cost_memory;f_cpu_memory;f_sharing_memory;f_gain_thread;f_cost_thread;f_cpu_thread;f_sharing_thread,0.999975695,1790944120
2026-10-02T12:28:40,APP_15462_1728333,15462,workload,UNAVAILABLE,-1.000000000,-1.000000000,-1.000000000,-1.000000000,-1.000000000,-1.000000000,-1.000000000,-1.000000000,-1.000000000,-1.000000000,-1.000000000,-1.000000000,-1.000000000,0.000000000,0.000000000,-1.000000000,-1.000000000,NA,0.050000000,INSUFFICIENT_DECISION_SIGNAL,1,1,f_access;f_threshold;f_gain_memory;f_cost_memory;f_cpu_memory;f_sharing_memory;f_gain_thread;f_cost_thread;f_cpu_thread;f_sharing_thread,0.999975695,1790944120
2026-10-02T12:28:40,APP_15462_1728333,15462,workload,UNAVAILABLE,-1.000000000,-1.000000000,-1.000000000,-1.000000000,-1.000000000,-1.000000000,-1.000000000,-1.000000000,-1.000000000,-1.000000000,-1.000000000,-1.000000000,-1.000000000,0.000000000,0.000000000,-1.000000000,-1.000000000,NA,0.050000000,INSUFFICIENT_DECISION_SIGNAL,1,1,f_access;f_threshold;f_gain_memory;f_cost_memory;f_cpu_memory;f_sharing_memory;f_gain_thread;f_cost_thread;f_cpu_thread;f_sharing_thread,0.999975695,1790944120
2026-10-02T12:28:40,APP_15462_1728333,15462,workload,UNAVAILABLE,-1.000000000,-1.000000000,-1.000000000,-1.000000000,-1.000000000,-1.000000000,-1.000000000,-1.000000000,-1.000000000,-1.000000000,-1.000000000,-1.000000000,-1.000000000,0.000000000,0.000000000,-1.000000000,-1.000000000,NA,0.050000000,INSUFFICIENT_DECISION_SIGNAL,1,1,f_access;f_threshold;f_gain_memory;f_cost_memory;f_cpu_memory;f_sharing_memory;f_gain_thread;f_cost_thread;f_cpu_thread;f_sharing_thread,0.999976852,1790944121
2026-10-02T12:28:40,APP_15462_1728333,15462,workload,UNAVAILABLE,-1.000000000,-1.000000000,-1.000000000,-1.000000000,-1.000000000,-1.000000000,-1.000000000,-1.000000000,-1.000000000,-1.000000000,-1.000000000,-1.000000000,-1.000000000,0.000000000,0.000000000,-1.000000000,-1.000000000,NA,0.050000000,INSUFFICIENT_DECISION_SIGNAL,1,1,f_access;f_threshold;f_gain_memory;f_cost_memory;f_cpu_memory;f_sharing_memory;f_gain_thread;f_cost_thread;f_cpu_thread;f_sharing_thread,0.999976852,1790944121
2026-10-02T12:28:40,APP_15462_1728333,15462,workload,UNAVAILABLE,-1.000000000,-1.000000000,-1.000000000,-1.000000000,-1.000000000,-1.000000000,-1.000000000,-1.000000000,-1.000000000,-1.000000000,-1.000000000,-1.000000000,-1.000000000,0.000000000,0.000000000,-1.000000000,-1.000000000,NA,0.050000000,INSUFFICIENT_DECISION_SIGNAL,1,1,f_access;f_threshold;f_gain_memory;f_cost_memory;f_cpu_memory;f_sharing_memory;f_gain_thread;f_cost_thread;f_cpu_thread;f_sharing_thread,0.999976852,1790944121
2026-10-02T12:28:41,APP_15462_1728333,15462,workload,UNAVAILABLE,-1.000000000,-1.000000000,-1.000000000,-1.000000000,-1.000000000,-1.000000000,-1.000000000,-1.000000000,-1.000000000,-1.000000000,-1.000000000,-1.000000000,-1.000000000,0.000000000,0.000000000,-1.000000000,-1.000000000,NA,0.050000000,INSUFFICIENT_DECISION_SIGNAL,1,1,f_access;f_threshold;f_gain_memory;f_cost_memory;f_cpu_memory;f_sharing_memory;f_gain_thread;f_cost_thread;f_cpu_thread;f_sharing_thread,0.999976852,1790944121
2026-10-02T12:28:41,APP_15462_1728333,15462,workload,UNAVAILABLE,-1.000000000,-1.000000000,-1.000000000,-1.000000000,-1.000000000,-1.000000000,-1.000000000,-1.000000000,-1.000000000,-1.000000000,-1.000000000,-1.000000000,-1.000000000,0.000000000,0.000000000,-1.000000000,-1.000000000,NA,0.050000000,INSUFFICIENT_DECISION_SIGNAL,1,1,f_access;f_threshold;f_gain_memory;f_cost_memory;f_cpu_memory;f_sharing_memory;f_gain_thread;f_cost_thread;f_cpu_thread;f_sharing_thread,0.999976852,1790944121
2026-10-02T12:28:41,APP_15462_1728333,15462,workload,UNAVAILABLE,-1.000000000,-1.000000000,-1.000000000,-1.000000000,-1.000000000,-1.000000000,-1.000000000,-1.000000000,-1.000000000,-1.000000000,-1.000000000,-1.000000000,-1.000000000,0.000000000,0.000000000,-1.000000000,-1.000000000,NA,0.050000000,INSUFFICIENT_DECISION_SIGNAL,1,1,f_access;f_threshold;f_gain_memory;f_cost_memory;f_cpu_memory;f_sharing_memory;f_gain_thread;f_cost_thread;f_cpu_thread;f_sharing_thread,0.999976852,1790944121
2026-10-02T12:28:41,APP_15462_1728333,15462,workload,UNAVAILABLE,-1.000000000,-1.000000000,-1.000000000,-1.000000000,-1.000000000,-1.000000000,-1.000000000,-1.000000000,-1.000000000,-1.000000000,-1.000000000,-1.000000000,-1.000000000,0.000000000,0.000000000,-1.000000000,-1.000000000,NA,0.050000000,INSUFFICIENT_DECISION_SIGNAL,1,1,f_access;f_threshold;f_gain_memory;f_cost_memory;f_cpu_memory;f_sharing_memory;f_gain_thread;f_cost_thread;f_cpu_thread;f_sharing_thread,0.999976852,1790944121
2026-10-02T12:28:41,APP_15462_1728333,15462,workload,UNAVAILABLE,-1.000000000,-1.000000000,-1.000000000,-1.000000000,-1.000000000,-1.000000000,-1.000000000,-1.000000000,-1.000000000,-1.000000000,-1.000000000,-1.000000000,-1.000000000,0.000000000,0.000000000,-1.000000000,-1.000000000,NA,0.050000000,INSUFFICIENT_DECISION_SIGNAL,1,1,f_access;f_threshold;f_gain_memory;f_cost_memory;f_cpu_memory;f_sharing_memory;f_gain_thread;f_cost_thread;f_cpu_thread;f_sharing_thread,0.999976852,1790944121
2026-10-02T12:28:41,APP_15462_1728333,15462,workload,UNAVAILABLE,-1.000000000,-1.000000000,-1.000000000,-1.000000000,-1.000000000,-1.000000000,-1.000000000,-1.000000000,-1.000000000,-1.000000000,-1.000000000,-1.000000000,-1.000000000,0.000000000,0.000000000,-1.000000000,-1.000000000,NA,0.050000000,INSUFFICIENT_DECISION_SIGNAL,1,1,f_access;f_threshold;f_gain_memory;f_cost_memory;f_cpu_memory;f_sharing_memory;f_gain_thread;f_cost_thread;f_cpu_thread;f_sharing_thread,0.999978010,1790944122
2026-10-02T12:28:41,APP_15462_1728333,15462,workload,UNAVAILABLE,-1.000000000,-1.000000000,-1.000000000,-1.000000000,-1.000000000,-1.000000000,-1.000000000,-1.000000000,-1.000000000,-1.000000000,-1.000000000,-1.000000000,-1.000000000,0.000000000,0.000000000,-1.000000000,-1.000000000,NA,0.050000000,INSUFFICIENT_DECISION_SIGNAL,1,1,f_access;f_threshold;f_gain_memory;f_cost_memory;f_cpu_memory;f_sharing_memory;f_gain_thread;f_cost_thread;f_cpu_thread;f_sharing_thread,0.999978010,1790944122
2026-10-02T12:28:41,APP_15462_1728333,15462,workload,UNAVAILABLE,-1.000000000,-1.000000000,-1.000000000,-1.000000000,-1.000000000,-1.000000000,-1.000000000,-1.000000000,-1.000000000,-1.000000000,-1.000000000,-1.000000000,-1.000000000,0.000000000,0.000000000,-1.000000000,-1.000000000,NA,0.050000000,INSUFFICIENT_DECISION_SIGNAL,1,1,f_access;f_threshold;f_gain_memory;f_cost_memory;f_cpu_memory;f_sharing_memory;f_gain_thread;f_cost_thread;f_cpu_thread;f_sharing_thread,0.999978010,1790944122
2026-10-02T12:28:42,APP_15462_1728333,15462,workload,UNAVAILABLE,-1.000000000,-1.000000000,-1.000000000,-1.000000000,-1.000000000,-1.000000000,-1.000000000,-1.000000000,-1.000000000,-1.000000000,-1.000000000,-1.000000000,-1.000000000,0.000000000,0.000000000,-1.000000000,-1.000000000,NA,0.050000000,INSUFFICIENT_DECISION_SIGNAL,1,1,f_access;f_threshold;f_gain_memory;f_cost_memory;f_cpu_memory;f_sharing_memory;f_gain_thread;f_cost_thread;f_cpu_thread;f_sharing_thread,0.999978010,1790944122
2026-10-02T12:28:42,APP_15462_1728333,15462,workload,UNAVAILABLE,-1.000000000,-1.000000000,-1.000000000,-1.000000000,-1.000000000,-1.000000000,-1.000000000,-1.000000000,-1.000000000,-1.000000000,-1.000000000,-1.000000000,-1.000000000,0.000000000,0.000000000,-1.000000000,-1.000000000,NA,0.050000000,INSUFFICIENT_DECISION_SIGNAL,1,1,f_access;f_threshold;f_gain_memory;f_cost_memory;f_cpu_memory;f_sharing_memory;f_gain_thread;f_cost_thread;f_cpu_thread;f_sharing_thread,0.999978010,1790944122
2026-10-02T12:28:42,APP_15462_1728333,15462,workload,UNAVAILABLE,-1.000000000,-1.000000000,-1.000000000,-1.000000000,-1.000000000,-1.000000000,-1.000000000,-1.000000000,-1.000000000,-1.000000000,-1.000000000,-1.000000000,-1.000000000,0.000000000,0.000000000,-1.000000000,-1.000000000,NA,0.050000000,INSUFFICIENT_DECISION_SIGNAL,1,1,f_access;f_threshold;f_gain_memory;f_cost_memory;f_cpu_memory;f_sharing_memory;f_gain_thread;f_cost_thread;f_cpu_thread;f_sharing_thread,0.999978010,1790944122
2026-10-02T12:28:42,APP_15462_1728333,15462,workload,UNAVAILABLE,-1.000000000,-1.000000000,-1.000000000,-1.000000000,-1.000000000,-1.000000000,-1.000000000,-1.000000000,-1.000000000,-1.000000000,-1.000000000,-1.000000000,-1.000000000,0.000000000,0.000000000,-1.000000000,-1.000000000,NA,0.050000000,INSUFFICIENT_DECISION_SIGNAL,1,1,f_access;f_threshold;f_gain_memory;f_cost_memory;f_cpu_memory;f_sharing_memory;f_gain_thread;f_cost_thread;f_cpu_thread;f_sharing_thread,0.999978010,1790944122
2026-10-02T12:28:42,APP_15462_1728333,15462,workload,UNAVAILABLE,-1.000000000,-1.000000000,-1.000000000,-1.000000000,-1.000000000,-1.000000000,-1.000000000,-1.000000000,-1.000000000,-1.000000000,-1.000000000,-1.000000000,-1.000000000,0.000000000,0.000000000,-1.000000000,-1.000000000,NA,0.050000000,INSUFFICIENT_DECISION_SIGNAL,1,1,f_access;f_threshold;f_gain_memory;f_cost_memory;f_cpu_memory;f_sharing_memory;f_gain_thread;f_cost_thread;f_cpu_thread;f_sharing_thread,0.999978010,1790944122
2026-10-02T12:28:42,APP_15462_1728333,15462,workload,UNAVAILABLE,-1.000000000,-1.000000000,-1.000000000,-1.000000000,-1.000000000,-1.000000000,-1.000000000,-1.000000000,-1.000000000,-1.000000000,-1.000000000,-1.000000000,-1.000000000,0.000000000,0.000000000,-1.000000000,-1.000000000,NA,0.050000000,INSUFFICIENT_DECISION_SIGNAL,1,1,f_access;f_threshold;f_gain_memory;f_cost_memory;f_cpu_memory;f_sharing_memory;f_gain_thread;f_cost_thread;f_cpu_thread;f_sharing_thread,0.999979167,1790944123
2026-10-02T12:28:42,APP_15462_1728333,15462,workload,UNAVAILABLE,-1.000000000,-1.000000000,-1.000000000,-1.000000000,-1.000000000,-1.000000000,-1.000000000,-1.000000000,-1.000000000,-1.000000000,-1.000000000,-1.000000000,-1.000000000,0.000000000,0.000000000,-1.000000000,-1.000000000,NA,0.050000000,INSUFFICIENT_DECISION_SIGNAL,1,1,f_access;f_threshold;f_gain_memory;f_cost_memory;f_cpu_memory;f_sharing_memory;f_gain_thread;f_cost_thread;f_cpu_thread;f_sharing_thread,0.999979167,1790944123
2026-10-02T12:28:43,APP_15462_1728333,15462,workload,UNAVAILABLE,-1.000000000,-1.000000000,-1.000000000,-1.000000000,-1.000000000,-1.000000000,-1.000000000,-1.000000000,-1.000000000,-1.000000000,-1.000000000,-1.000000000,-1.000000000,0.000000000,0.000000000,-1.000000000,-1.000000000,NA,0.050000000,INSUFFICIENT_DECISION_SIGNAL,1,1,f_access;f_threshold;f_gain_memory;f_cost_memory;f_cpu_memory;f_sharing_memory;f_gain_thread;f_cost_thread;f_cpu_thread;f_sharing_thread,0.999979167,1790944123
2026-10-02T12:28:43,APP_15462_1728333,15462,workload,UNAVAILABLE,-1.000000000,-1.000000000,-1.000000000,-1.000000000,-1.000000000,-1.000000000,-1.000000000,-1.000000000,-1.000000000,-1.000000000,-1.000000000,-1.000000000,-1.000000000,0.000000000,0.000000000,-1.000000000,-1.000000000,NA,0.050000000,INSUFFICIENT_DECISION_SIGNAL,1,1,f_access;f_threshold;f_gain_memory;f_cost_memory;f_cpu_memory;f_sharing_memory;f_gain_thread;f_cost_thread;f_cpu_thread;f_sharing_thread,0.999979167,1790944123
2026-10-02T12:28:43,APP_15462_1728333,15462,workload,UNAVAILABLE,-1.000000000,-1.000000000,-1.000000000,-1.000000000,-1.000000000,-1.000000000,-1.000000000,-1.000000000,-1.000000000,-1.000000000,-1.000000000,-1.000000000,-1.000000000,0.000000000,0.000000000,-1.000000000,-1.000000000,NA,0.050000000,INSUFFICIENT_DECISION_SIGNAL,1,1,f_access;f_threshold;f_gain_memory;f_cost_memory;f_cpu_memory;f_sharing_memory;f_gain_thread;f_cost_thread;f_cpu_thread;f_sharing_thread,0.999979167,1790944123
2026-10-02T12:28:43,APP_15462_1728333,15462,workload,UNAVAILABLE,-1.000000000,-1.000000000,-1.000000000,-1.000000000,-1.000000000,-1.000000000,-1.000000000,-1.000000000,-1.000000000,-1.000000000,-1.000000000,-1.000000000,-1.000000000,0.000000000,0.000000000,-1.000000000,-1.000000000,NA,0.050000000,INSUFFICIENT_DECISION_SIGNAL,1,1,f_access;f_threshold;f_gain_memory;f_cost_memory;f_cpu_memory;f_sharing_memory;f_gain_thread;f_cost_thread;f_cpu_thread;f_sharing_thread,0.999979167,1790944123
2026-10-02T12:28:43,APP_15462_1728333,15462,workload,UNAVAILABLE,-1.000000000,-1.000000000,-1.000000000,-1.000000000,-1.000000000,-1.000000000,-1.000000000,-1.000000000,-1.000000000,-1.000000000,-1.000000000,-1.000000000,-1.000000000,0.000000000,0.000000000,-1.000000000,-1.000000000,NA,0.050000000,INSUFFICIENT_DECISION_SIGNAL,1,1,f_access;f_threshold;f_gain_memory;f_cost_memory;f_cpu_memory;f_sharing_memory;f_gain_thread;f_cost_thread;f_cpu_thread;f_sharing_thread,0.999979167,1790944123
2026-10-02T12:28:43,APP_15462_1728333,15462,workload,UNAVAILABLE,-1.000000000,-1.000000000,-1.000000000,-1.000000000,-1.000000000,-1.000000000,-1.000000000,-1.000000000,-1.000000000,-1.000000000,-1.000000000,-1.000000000,-1.000000000,0.000000000,0.000000000,-1.000000000,-1.000000000,NA,0.050000000,INSUFFICIENT_DECISION_SIGNAL,1,1,f_access;f_threshold;f_gain_memory;f_cost_memory;f_cpu_memory;f_sharing_memory;f_gain_thread;f_cost_thread;f_cpu_thread;f_sharing_thread,0.999979167,1790944123
2026-10-02T12:28:43,APP_15462_1728333,15462,workload,UNAVAILABLE,-1.000000000,-1.000000000,-1.000000000,-1.000000000,-1.000000000,-1.000000000,-1.000000000,-1.000000000,-1.000000000,-1.000000000,-1.000000000,-1.000000000,-1.000000000,0.000000000,0.000000000,-1.000000000,-1.000000000,NA,0.050000000,INSUFFICIENT_DECISION_SIGNAL,1,1,f_access;f_threshold;f_gain_memory;f_cost_memory;f_cpu_memory;f_sharing_memory;f_gain_thread;f_cost_thread;f_cpu_thread;f_sharing_thread,0.999979167,1790944123
2026-10-02T12:28:44,APP_15462_1728333,15462,workload,UNAVAILABLE,-1.000000000,-1.000000000,-1.000000000,-1.000000000,-1.000000000,-1.000000000,-1.000000000,-1.000000000,-1.000000000,-1.000000000,-1.000000000,-1.000000000,-1.000000000,0.000000000,0.000000000,-1.000000000,-1.000000000,NA,0.050000000,INSUFFICIENT_DECISION_SIGNAL,1,1,f_access;f_threshold;f_gain_memory;f_cost_memory;f_cpu_memory;f_sharing_memory;f_gain_thread;f_cost_thread;f_cpu_thread;f_sharing_thread,0.999980324,1790944124
2026-10-02T12:28:44,APP_15462_1728333,15462,workload,UNAVAILABLE,-1.000000000,-1.000000000,-1.000000000,-1.000000000,-1.000000000,-1.000000000,-1.000000000,-1.000000000,-1.000000000,-1.000000000,-1.000000000,-1.000000000,-1.000000000,0.000000000,0.000000000,-1.000000000,-1.000000000,NA,0.050000000,INSUFFICIENT_DECISION_SIGNAL,1,1,f_access;f_threshold;f_gain_memory;f_cost_memory;f_cpu_memory;f_sharing_memory;f_gain_thread;f_cost_thread;f_cpu_thread;f_sharing_thread,0.999980324,1790944124
2026-10-02T12:28:44,APP_15462_1728333,15462,workload,UNAVAILABLE,-1.000000000,-1.000000000,-1.000000000,-1.000000000,-1.000000000,-1.000000000,-1.000000000,-1.000000000,-1.000000000,-1.000000000,-1.000000000,-1.000000000,-1.000000000,0.000000000,0.000000000,-1.000000000,-1.000000000,NA,0.050000000,INSUFFICIENT_DECISION_SIGNAL,1,1,f_access;f_threshold;f_gain_memory;f_cost_memory;f_cpu_memory;f_sharing_memory;f_gain_thread;f_cost_thread;f_cpu_thread;f_sharing_thread,0.999980324,1790944124
2026-10-02T12:28:44,APP_15462_1728333,15462,workload,UNAVAILABLE,-1.000000000,-1.000000000,-1.000000000,-1.000000000,-1.000000000,-1.000000000,-1.000000000,-1.000000000,-1.000000000,-1.000000000,-1.000000000,-1.000000000,-1.000000000,0.000000000,0.000000000,-1.000000000,-1.000000000,NA,0.050000000,INSUFFICIENT_DECISION_SIGNAL,1,1,f_access;f_threshold;f_gain_memory;f_cost_memory;f_cpu_memory;f_sharing_memory;f_gain_thread;f_cost_thread;f_cpu_thread;f_sharing_thread,0.999980324,1790944124
2026-10-02T12:28:44,APP_15462_1728333,15462,workload,UNAVAILABLE,-1.000000000,-1.000000000,-1.000000000,-1.000000000,-1.000000000,-1.000000000,-1.000000000,-1.000000000,-1.000000000,-1.000000000,-1.000000000,-1.000000000,-1.000000000,0.000000000,0.000000000,-1.000000000,-1.000000000,NA,0.050000000,INSUFFICIENT_DECISION_SIGNAL,1,1,f_access;f_threshold;f_gain_memory;f_cost_memory;f_cpu_memory;f_sharing_memory;f_gain_thread;f_cost_thread;f_cpu_thread;f_sharing_thread,0.999980324,1790944124
2026-10-02T12:28:44,APP_15462_1728333,15462,workload,UNAVAILABLE,-1.000000000,-1.000000000,-1.000000000,-1.000000000,-1.000000000,-1.000000000,-1.000000000,-1.000000000,-1.000000000,-1.000000000,-1.000000000,-1.000000000,-1.000000000,0.000000000,0.000000000,-1.000000000,-1.000000000,NA,0.050000000,INSUFFICIENT_DECISION_SIGNAL,1,1,f_access;f_threshold;f_gain_memory;f_cost_memory;f_cpu_memory;f_sharing_memory;f_gain_thread;f_cost_thread;f_cpu_thread;f_sharing_thread,0.999980324,1790944124
2026-10-02T12:28:44,APP_15462_1728333,15462,workload,UNAVAILABLE,-1.000000000,-1.000000000,-1.000000000,-1.000000000,-1.000000000,-1.000000000,-1.000000000,-1.000000000,-1.000000000,-1.000000000,-1.000000000,-1.000000000,-1.000000000,0.000000000,0.000000000,-1.000000000,-1.000000000,NA,0.050000000,INSUFFICIENT_DECISION_SIGNAL,1,1,f_access;f_threshold;f_gain_memory;f_cost_memory;f_cpu_memory;f_sharing_memory;f_gain_thread;f_cost_thread;f_cpu_thread;f_sharing_thread,0.999980324,1790944124
2026-10-02T12:28:44,APP_15462_1728333,15462,workload,UNAVAILABLE,-1.000000000,-1.000000000,-1.000000000,-1.000000000,-1.000000000,-1.000000000,-1.000000000,-1.000000000,-1.000000000,-1.000000000,-1.000000000,-1.000000000,-1.000000000,0.000000000,0.000000000,-1.000000000,-1.000000000,NA,0.050000000,INSUFFICIENT_DECISION_SIGNAL,1,1,f_access;f_threshold;f_gain_memory;f_cost_memory;f_cpu_memory;f_sharing_memory;f_gain_thread;f_cost_thread;f_cpu_thread;f_sharing_thread,0.999980324,1790944124
2026-10-02T12:28:44,APP_15462_1728333,15462,workload,UNAVAILABLE,-1.000000000,-1.000000000,-1.000000000,-1.000000000,-1.000000000,-1.000000000,-1.000000000,-1.000000000,-1.000000000,-1.000000000,-1.000000000,-1.000000000,-1.000000000,0.000000000,0.000000000,-1.000000000,-1.000000000,NA,0.050000000,INSUFFICIENT_DECISION_SIGNAL,1,1,f_access;f_threshold;f_gain_memory;f_cost_memory;f_cpu_memory;f_sharing_memory;f_gain_thread;f_cost_thread;f_cpu_thread;f_sharing_thread,0.999980324,1790944124
2026-10-02T12:28:45,APP_15462_1728333,15462,workload,UNAVAILABLE,-1.000000000,-1.000000000,-1.000000000,-1.000000000,-1.000000000,-1.000000000,-1.000000000,-1.000000000,-1.000000000,-1.000000000,-1.000000000,-1.000000000,-1.000000000,0.000000000,0.000000000,-1.000000000,-1.000000000,NA,0.050000000,INSUFFICIENT_DECISION_SIGNAL,1,1,f_access;f_threshold;f_gain_memory;f_cost_memory;f_cpu_memory;f_sharing_memory;f_gain_thread;f_cost_thread;f_cpu_thread;f_sharing_thread,0.999982639,1790944126
2026-10-02T12:28:45,APP_15462_1728333,15462,workload,UNAVAILABLE,-1.000000000,-1.000000000,-1.000000000,-1.000000000,-1.000000000,-1.000000000,-1.000000000,-1.000000000,-1.000000000,-1.000000000,-1.000000000,-1.000000000,-1.000000000,0.000000000,0.000000000,-1.000000000,-1.000000000,NA,0.050000000,INSUFFICIENT_DECISION_SIGNAL,1,1,f_access;f_threshold;f_gain_memory;f_cost_memory;f_cpu_memory;f_sharing_memory;f_gain_thread;f_cost_thread;f_cpu_thread;f_sharing_thread,0.999982639,1790944126
2026-10-02T12:28:45,APP_15462_1728333,15462,workload,UNAVAILABLE,-1.000000000,-1.000000000,-1.000000000,-1.000000000,-1.000000000,-1.000000000,-1.000000000,-1.000000000,-1.000000000,-1.000000000,-1.000000000,-1.000000000,-1.000000000,0.000000000,0.000000000,-1.000000000,-1.000000000,NA,0.050000000,INSUFFICIENT_DECISION_SIGNAL,1,1,f_access;f_threshold;f_gain_memory;f_cost_memory;f_cpu_memory;f_sharing_memory;f_gain_thread;f_cost_thread;f_cpu_thread;f_sharing_thread,0.999982639,1790944126
2026-10-02T12:28:45,APP_15462_1728333,15462,workload,UNAVAILABLE,-1.000000000,-1.000000000,-1.000000000,-1.000000000,-1.000000000,-1.000000000,-1.000000000,-1.000000000,-1.000000000,-1.000000000,-1.000000000,-1.000000000,-1.000000000,0.000000000,0.000000000,-1.000000000,-1.000000000,NA,0.050000000,INSUFFICIENT_DECISION_SIGNAL,1,1,f_access;f_threshold;f_gain_memory;f_cost_memory;f_cpu_memory;f_sharing_memory;f_gain_thread;f_cost_thread;f_cpu_thread;f_sharing_thread,0.999982639,1790944126
2026-10-02T12:28:45,APP_15462_1728333,15462,workload,UNAVAILABLE,-1.000000000,-1.000000000,-1.000000000,-1.000000000,-1.000000000,-1.000000000,-1.000000000,-1.000000000,-1.000000000,-1.000000000,-1.000000000,-1.000000000,-1.000000000,0.000000000,0.000000000,-1.000000000,-1.000000000,NA,0.050000000,INSUFFICIENT_DECISION_SIGNAL,1,1,f_access;f_threshold;f_gain_memory;f_cost_memory;f_cpu_memory;f_sharing_memory;f_gain_thread;f_cost_thread;f_cpu_thread;f_sharing_thread,0.999982639,1790944126
2026-10-02T12:28:45,APP_15462_1728333,15462,workload,UNAVAILABLE,-1.000000000,-1.000000000,-1.000000000,-1.000000000,-1.000000000,-1.000000000,-1.000000000,-1.000000000,-1.000000000,-1.000000000,-1.000000000,-1.000000000,-1.000000000,0.000000000,0.000000000,-1.000000000,-1.000000000,NA,0.050000000,INSUFFICIENT_DECISION_SIGNAL,1,1,f_access;f_threshold;f_gain_memory;f_cost_memory;f_cpu_memory;f_sharing_memory;f_gain_thread;f_cost_thread;f_cpu_thread;f_sharing_thread,0.999982639,1790944126
2026-10-02T12:28:45,APP_15462_1728333,15462,workload,UNAVAILABLE,-1.000000000,-1.000000000,-1.000000000,-1.000000000,-1.000000000,-1.000000000,-1.000000000,-1.000000000,-1.000000000,-1.000000000,-1.000000000,-1.000000000,-1.000000000,0.000000000,0.000000000,-1.000000000,-1.000000000,NA,0.050000000,INSUFFICIENT_DECISION_SIGNAL,1,1,f_access;f_threshold;f_gain_memory;f_cost_memory;f_cpu_memory;f_sharing_memory;f_gain_thread;f_cost_thread;f_cpu_thread;f_sharing_thread,0.999982639,1790944126
2026-10-02T12:28:45,APP_15462_1728333,15462,workload,UNAVAILABLE,-1.000000000,-1.000000000,-1.000000000,-1.000000000,-1.000000000,-1.000000000,-1.000000000,-1.000000000,-1.000000000,-1.000000000,-1.000000000,-1.000000000,-1.000000000,0.000000000,0.000000000,-1.000000000,-1.000000000,NA,0.050000000,INSUFFICIENT_DECISION_SIGNAL,1,1,f_access;f_threshold;f_gain_memory;f_cost_memory;f_cpu_memory;f_sharing_memory;f_gain_thread;f_cost_thread;f_cpu_thread;f_sharing_thread,0.999982639,1790944126
2026-10-02T12:28:46,APP_15462_1728333,15462,workload,UNAVAILABLE,-1.000000000,-1.000000000,-1.000000000,-1.000000000,-1.000000000,-1.000000000,-1.000000000,-1.000000000,-1.000000000,-1.000000000,-1.000000000,-1.000000000,-1.000000000,0.000000000,0.000000000,-1.000000000,-1.000000000,NA,0.050000000,INSUFFICIENT_DECISION_SIGNAL,1,1,f_access;f_threshold;f_gain_memory;f_cost_memory;f_cpu_memory;f_sharing_memory;f_gain_thread;f_cost_thread;f_cpu_thread;f_sharing_thread,0.999982639,1790944126
2026-10-02T12:28:46,APP_15462_1728333,15462,workload,UNAVAILABLE,-1.000000000,-1.000000000,-1.000000000,-1.000000000,-1.000000000,-1.000000000,-1.000000000,-1.000000000,-1.000000000,-1.000000000,-1.000000000,-1.000000000,-1.000000000,0.000000000,0.000000000,-1.000000000,-1.000000000,NA,0.050000000,INSUFFICIENT_DECISION_SIGNAL,1,1,f_access;f_threshold;f_gain_memory;f_cost_memory;f_cpu_memory;f_sharing_memory;f_gain_thread;f_cost_thread;f_cpu_thread;f_sharing_thread,0.999983796,1790944127
2026-10-02T12:28:46,APP_15462_1728333,15462,workload,UNAVAILABLE,-1.000000000,-1.000000000,-1.000000000,-1.000000000,-1.000000000,-1.000000000,-1.000000000,-1.000000000,-1.000000000,-1.000000000,-1.000000000,-1.000000000,-1.000000000,0.000000000,0.000000000,-1.000000000,-1.000000000,NA,0.050000000,INSUFFICIENT_DECISION_SIGNAL,1,1,f_access;f_threshold;f_gain_memory;f_cost_memory;f_cpu_memory;f_sharing_memory;f_gain_thread;f_cost_thread;f_cpu_thread;f_sharing_thread,0.999983796,1790944127
2026-10-02T12:28:46,APP_15462_1728333,15462,workload,UNAVAILABLE,-1.000000000,-1.000000000,-1.000000000,-1.000000000,-1.000000000,-1.000000000,-1.000000000,-1.000000000,-1.000000000,-1.000000000,-1.000000000,-1.000000000,-1.000000000,0.000000000,0.000000000,-1.000000000,-1.000000000,NA,0.050000000,INSUFFICIENT_DECISION_SIGNAL,1,1,f_access;f_threshold;f_gain_memory;f_cost_memory;f_cpu_memory;f_sharing_memory;f_gain_thread;f_cost_thread;f_cpu_thread;f_sharing_thread,0.999983796,1790944127
2026-10-02T12:28:46,APP_15462_1728333,15462,workload,UNAVAILABLE,-1.000000000,-1.000000000,-1.000000000,-1.000000000,-1.000000000,-1.000000000,-1.000000000,-1.000000000,-1.000000000,-1.000000000,-1.000000000,-1.000000000,-1.000000000,0.000000000,0.000000000,-1.000000000,-1.000000000,NA,0.050000000,INSUFFICIENT_DECISION_SIGNAL,1,1,f_access;f_threshold;f_gain_memory;f_cost_memory;f_cpu_memory;f_sharing_memory;f_gain_thread;f_cost_thread;f_cpu_thread;f_sharing_thread,0.999983796,1790944127
2026-10-02T12:28:46,APP_15462_1728333,15462,workload,UNAVAILABLE,-1.000000000,-1.000000000,-1.000000000,-1.000000000,-1.000000000,-1.000000000,-1.000000000,-1.000000000,-1.000000000,-1.000000000,-1.000000000,-1.000000000,-1.000000000,0.000000000,0.000000000,-1.000000000,-1.000000000,NA,0.050000000,INSUFFICIENT_DECISION_SIGNAL,1,1,f_access;f_threshold;f_gain_memory;f_cost_memory;f_cpu_memory;f_sharing_memory;f_gain_thread;f_cost_thread;f_cpu_thread;f_sharing_thread,0.999983796,1790944127
2026-10-02T12:28:46,APP_15462_1728333,15462,workload,UNAVAILABLE,-1.000000000,-1.000000000,-1.000000000,-1.000000000,-1.000000000,-1.000000000,-1.000000000,-1.000000000,-1.000000000,-1.000000000,-1.000000000,-1.000000000,-1.000000000,0.000000000,0.000000000,-1.000000000,-1.000000000,NA,0.050000000,INSUFFICIENT_DECISION_SIGNAL,1,1,f_access;f_threshold;f_gain_memory;f_cost_memory;f_cpu_memory;f_sharing_memory;f_gain_thread;f_cost_thread;f_cpu_thread;f_sharing_thread,0.999983796,1790944127
2026-10-02T12:28:46,APP_15462_1728333,15462,workload,UNAVAILABLE,-1.000000000,-1.000000000,-1.000000000,-1.000000000,-1.000000000,-1.000000000,-1.000000000,-1.000000000,-1.000000000,-1.000000000,-1.000000000,-1.000000000,-1.000000000,0.000000000,0.000000000,-1.000000000,-1.000000000,NA,0.050000000,INSUFFICIENT_DECISION_SIGNAL,1,1,f_access;f_threshold;f_gain_memory;f_cost_memory;f_cpu_memory;f_sharing_memory;f_gain_thread;f_cost_thread;f_cpu_thread;f_sharing_thread,0.999983796,1790944127
2026-10-02T12:28:47,APP_15462_1728333,15462,workload,UNAVAILABLE,-1.000000000,-1.000000000,-1.000000000,-1.000000000,-1.000000000,-1.000000000,-1.000000000,-1.000000000,-1.000000000,-1.000000000,-1.000000000,-1.000000000,-1.000000000,0.000000000,0.000000000,-1.000000000,-1.000000000,NA,0.050000000,INSUFFICIENT_DECISION_SIGNAL,1,1,f_access;f_threshold;f_gain_memory;f_cost_memory;f_cpu_memory;f_sharing_memory;f_gain_thread;f_cost_thread;f_cpu_thread;f_sharing_thread,0.999983796,1790944127
2026-10-02T12:28:47,APP_15462_1728333,15462,workload,UNAVAILABLE,-1.000000000,-1.000000000,-1.000000000,-1.000000000,-1.000000000,-1.000000000,-1.000000000,-1.000000000,-1.000000000,-1.000000000,-1.000000000,-1.000000000,-1.000000000,0.000000000,0.000000000,-1.000000000,-1.000000000,NA,0.050000000,INSUFFICIENT_DECISION_SIGNAL,1,1,f_access;f_threshold;f_gain_memory;f_cost_memory;f_cpu_memory;f_sharing_memory;f_gain_thread;f_cost_thread;f_cpu_thread;f_sharing_thread,0.999983796,1790944127
2026-10-02T12:28:47,APP_15462_1728333,15462,workload,UNAVAILABLE,-1.000000000,-1.000000000,-1.000000000,-1.000000000,-1.000000000,-1.000000000,-1.000000000,-1.000000000,-1.000000000,-1.000000000,-1.000000000,-1.000000000,-1.000000000,0.000000000,0.000000000,-1.000000000,-1.000000000,NA,0.050000000,INSUFFICIENT_DECISION_SIGNAL,1,1,f_access;f_threshold;f_gain_memory;f_cost_memory;f_cpu_memory;f_sharing_memory;f_gain_thread;f_cost_thread;f_cpu_thread;f_sharing_thread,0.999984954,1790944128
2026-10-02T12:28:47,APP_15462_1728333,15462,workload,UNAVAILABLE,-1.000000000,-1.000000000,-1.000000000,-1.000000000,-1.000000000,-1.000000000,-1.000000000,-1.000000000,-1.000000000,-1.000000000,-1.000000000,-1.000000000,-1.000000000,0.000000000,0.000000000,-1.000000000,-1.000000000,NA,0.050000000,INSUFFICIENT_DECISION_SIGNAL,1,1,f_access;f_threshold;f_gain_memory;f_cost_memory;f_cpu_memory;f_sharing_memory;f_gain_thread;f_cost_thread;f_cpu_thread;f_sharing_thread,0.999984954,1790944128
2026-10-02T12:28:47,APP_15462_1728333,15462,workload,UNAVAILABLE,-1.000000000,-1.000000000,-1.000000000,-1.000000000,-1.000000000,-1.000000000,-1.000000000,-1.000000000,-1.000000000,-1.000000000,-1.000000000,-1.000000000,-1.000000000,0.000000000,0.000000000,-1.000000000,-1.000000000,NA,0.050000000,INSUFFICIENT_DECISION_SIGNAL,1,1,f_access;f_threshold;f_gain_memory;f_cost_memory;f_cpu_memory;f_sharing_memory;f_gain_thread;f_cost_thread;f_cpu_thread;f_sharing_thread,0.999984954,1790944128
2026-10-02T12:28:47,APP_15462_1728333,15462,workload,UNAVAILABLE,-1.000000000,-1.000000000,-1.000000000,-1.000000000,-1.000000000,-1.000000000,-1.000000000,-1.000000000,-1.000000000,-1.000000000,-1.000000000,-1.000000000,-1.000000000,0.000000000,0.000000000,-1.000000000,-1.000000000,NA,0.050000000,INSUFFICIENT_DECISION_SIGNAL,1,1,f_access;f_threshold;f_gain_memory;f_cost_memory;f_cpu_memory;f_sharing_memory;f_gain_thread;f_cost_thread;f_cpu_thread;f_sharing_thread,0.999984954,1790944128
2026-10-02T12:28:47,APP_15462_1728333,15462,workload,UNAVAILABLE,-1.000000000,-1.000000000,-1.000000000,-1.000000000,-1.000000000,-1.000000000,-1.000000000,-1.000000000,-1.000000000,-1.000000000,-1.000000000,-1.000000000,-1.000000000,0.000000000,0.000000000,-1.000000000,-1.000000000,NA,0.050000000,INSUFFICIENT_DECISION_SIGNAL,1,1,f_access;f_threshold;f_gain_memory;f_cost_memory;f_cpu_memory;f_sharing_memory;f_gain_thread;f_cost_thread;f_cpu_thread;f_sharing_thread,0.999984954,1790944128
2026-10-02T12:28:47,APP_15462_1728333,15462,workload,UNAVAILABLE,-1.000000000,-1.000000000,-1.000000000,-1.000000000,-1.000000000,-1.000000000,-1.000000000,-1.000000000,-1.000000000,-1.000000000,-1.000000000,-1.000000000,-1.000000000,0.000000000,0.000000000,-1.000000000,-1.000000000,NA,0.050000000,INSUFFICIENT_DECISION_SIGNAL,1,1,f_access;f_threshold;f_gain_memory;f_cost_memory;f_cpu_memory;f_sharing_memory;f_gain_thread;f_cost_thread;f_cpu_thread;f_sharing_thread,0.999984954,1790944128
2026-10-02T12:28:47,APP_15462_1728333,15462,workload,UNAVAILABLE,-1.000000000,-1.000000000,-1.000000000,-1.000000000,-1.000000000,-1.000000000,-1.000000000,-1.000000000,-1.000000000,-1.000000000,-1.000000000,-1.000000000,-1.000000000,0.000000000,0.000000000,-1.000000000,-1.000000000,NA,0.050000000,INSUFFICIENT_DECISION_SIGNAL,1,1,f_access;f_threshold;f_gain_memory;f_cost_memory;f_cpu_memory;f_sharing_memory;f_gain_thread;f_cost_thread;f_cpu_thread;f_sharing_thread,0.999984954,1790944128
2026-10-02T12:28:48,APP_15462_1728333,15462,workload,UNAVAILABLE,-1.000000000,-1.000000000,-1.000000000,-1.000000000,-1.000000000,-1.000000000,-1.000000000,-1.000000000,-1.000000000,-1.000000000,-1.000000000,-1.000000000,-1.000000000,0.000000000,0.000000000,-1.000000000,-1.000000000,NA,0.050000000,INSUFFICIENT_DECISION_SIGNAL,1,1,f_access;f_threshold;f_gain_memory;f_cost_memory;f_cpu_memory;f_sharing_memory;f_gain_thread;f_cost_thread;f_cpu_thread;f_sharing_thread,0.999984954,1790944128
2026-10-02T12:28:48,APP_15462_1728333,15462,workload,UNAVAILABLE,-1.000000000,-1.000000000,-1.000000000,-1.000000000,-1.000000000,-1.000000000,-1.000000000,-1.000000000,-1.000000000,-1.000000000,-1.000000000,-1.000000000,-1.000000000,0.000000000,0.000000000,-1.000000000,-1.000000000,NA,0.050000000,INSUFFICIENT_DECISION_SIGNAL,1,1,f_access;f_threshold;f_gain_memory;f_cost_memory;f_cpu_memory;f_sharing_memory;f_gain_thread;f_cost_thread;f_cpu_thread;f_sharing_thread,0.999984954,1790944128
2026-10-02T12:28:48,APP_15462_1728333,15462,workload,UNAVAILABLE,-1.000000000,-1.000000000,-1.000000000,-1.000000000,-1.000000000,-1.000000000,-1.000000000,-1.000000000,-1.000000000,-1.000000000,-1.000000000,-1.000000000,-1.000000000,0.000000000,0.000000000,-1.000000000,-1.000000000,NA,0.050000000,INSUFFICIENT_DECISION_SIGNAL,1,1,f_access;f_threshold;f_gain_memory;f_cost_memory;f_cpu_memory;f_sharing_memory;f_gain_thread;f_cost_thread;f_cpu_thread;f_sharing_thread,0.999986111,1790944129
2026-10-02T12:28:48,APP_15462_1728333,15462,workload,UNAVAILABLE,-1.000000000,-1.000000000,-1.000000000,-1.000000000,-1.000000000,-1.000000000,-1.000000000,-1.000000000,-1.000000000,-1.000000000,-1.000000000,-1.000000000,-1.000000000,0.000000000,0.000000000,-1.000000000,-1.000000000,NA,0.050000000,INSUFFICIENT_DECISION_SIGNAL,1,1,f_access;f_threshold;f_gain_memory;f_cost_memory;f_cpu_memory;f_sharing_memory;f_gain_thread;f_cost_thread;f_cpu_thread;f_sharing_thread,0.999986111,1790944129
2026-10-02T12:28:48,APP_15462_1728333,15462,workload,UNAVAILABLE,-1.000000000,-1.000000000,-1.000000000,-1.000000000,-1.000000000,-1.000000000,-1.000000000,-1.000000000,-1.000000000,-1.000000000,-1.000000000,-1.000000000,-1.000000000,0.000000000,0.000000000,-1.000000000,-1.000000000,NA,0.050000000,INSUFFICIENT_DECISION_SIGNAL,1,1,f_access;f_threshold;f_gain_memory;f_cost_memory;f_cpu_memory;f_sharing_memory;f_gain_thread;f_cost_thread;f_cpu_thread;f_sharing_thread,0.999986111,1790944129
2026-10-02T12:28:48,APP_15462_1728333,15462,workload,UNAVAILABLE,-1.000000000,-1.000000000,-1.000000000,-1.000000000,-1.000000000,-1.000000000,-1.000000000,-1.000000000,-1.000000000,-1.000000000,-1.000000000,-1.000000000,-1.000000000,0.000000000,0.000000000,-1.000000000,-1.000000000,NA,0.050000000,INSUFFICIENT_DECISION_SIGNAL,1,1,f_access;f_threshold;f_gain_memory;f_cost_memory;f_cpu_memory;f_sharing_memory;f_gain_thread;f_cost_thread;f_cpu_thread;f_sharing_thread,0.999986111,1790944129
2026-10-02T12:28:48,APP_15462_1728333,15462,workload,UNAVAILABLE,-1.000000000,-1.000000000,-1.000000000,-1.000000000,-1.000000000,-1.000000000,-1.000000000,-1.000000000,-1.000000000,-1.000000000,-1.000000000,-1.000000000,-1.000000000,0.000000000,0.000000000,-1.000000000,-1.000000000,NA,0.050000000,INSUFFICIENT_DECISION_SIGNAL,1,1,f_access;f_threshold;f_gain_memory;f_cost_memory;f_cpu_memory;f_sharing_memory;f_gain_thread;f_cost_thread;f_cpu_thread;f_sharing_thread,0.999986111,1790944129
2026-10-02T12:28:48,APP_15462_1728333,15462,workload,UNAVAILABLE,-1.000000000,-1.000000000,-1.000000000,-1.000000000,-1.000000000,-1.000000000,-1.000000000,-1.000000000,-1.000000000,-1.000000000,-1.000000000,-1.000000000,-1.000000000,0.000000000,0.000000000,-1.000000000,-1.000000000,NA,0.050000000,INSUFFICIENT_DECISION_SIGNAL,1,1,f_access;f_threshold;f_gain_memory;f_cost_memory;f_cpu_memory;f_sharing_memory;f_gain_thread;f_cost_thread;f_cpu_thread;f_sharing_thread,0.999986111,1790944129
2026-10-02T12:28:49,APP_15462_1728333,15462,workload,UNAVAILABLE,-1.000000000,-1.000000000,-1.000000000,-1.000000000,-1.000000000,-1.000000000,-1.000000000,-1.000000000,-1.000000000,-1.000000000,-1.000000000,-1.000000000,-1.000000000,0.000000000,0.000000000,-1.000000000,-1.000000000,NA,0.050000000,INSUFFICIENT_DECISION_SIGNAL,1,1,f_access;f_threshold;f_gain_memory;f_cost_memory;f_cpu_memory;f_sharing_memory;f_gain_thread;f_cost_thread;f_cpu_thread;f_sharing_thread,0.999986111,1790944129
2026-10-02T12:28:49,APP_15462_1728333,15462,workload,UNAVAILABLE,-1.000000000,-1.000000000,-1.000000000,-1.000000000,-1.000000000,-1.000000000,-1.000000000,-1.000000000,-1.000000000,-1.000000000,-1.000000000,-1.000000000,-1.000000000,0.000000000,0.000000000,-1.000000000,-1.000000000,NA,0.050000000,INSUFFICIENT_DECISION_SIGNAL,1,1,f_access;f_threshold;f_gain_memory;f_cost_memory;f_cpu_memory;f_sharing_memory;f_gain_thread;f_cost_thread;f_cpu_thread;f_sharing_thread,0.999986111,1790944129
2026-10-02T12:28:49,APP_15462_1728333,15462,workload,UNAVAILABLE,-1.000000000,-1.000000000,-1.000000000,-1.000000000,-1.000000000,-1.000000000,-1.000000000,-1.000000000,-1.000000000,-1.000000000,-1.000000000,-1.000000000,-1.000000000,0.000000000,0.000000000,-1.000000000,-1.000000000,NA,0.050000000,INSUFFICIENT_DECISION_SIGNAL,1,1,f_access;f_threshold;f_gain_memory;f_cost_memory;f_cpu_memory;f_sharing_memory;f_gain_thread;f_cost_thread;f_cpu_thread;f_sharing_thread,0.999986111,1790944129
2026-10-02T12:28:49,APP_15462_1728333,15462,workload,UNAVAILABLE,-1.000000000,-1.000000000,-1.000000000,-1.000000000,-1.000000000,-1.000000000,-1.000000000,-1.000000000,-1.000000000,-1.000000000,-1.000000000,-1.000000000,-1.000000000,0.000000000,0.000000000,-1.000000000,-1.000000000,NA,0.050000000,INSUFFICIENT_DECISION_SIGNAL,1,1,f_access;f_threshold;f_gain_memory;f_cost_memory;f_cpu_memory;f_sharing_memory;f_gain_thread;f_cost_thread;f_cpu_thread;f_sharing_thread,0.999987269,1790944130
2026-10-02T12:28:49,APP_15462_1728333,15462,workload,UNAVAILABLE,-1.000000000,-1.000000000,-1.000000000,-1.000000000,-1.000000000,-1.000000000,-1.000000000,-1.000000000,-1.000000000,-1.000000000,-1.000000000,-1.000000000,-1.000000000,0.000000000,0.000000000,-1.000000000,-1.000000000,NA,0.050000000,INSUFFICIENT_DECISION_SIGNAL,1,1,f_access;f_threshold;f_gain_memory;f_cost_memory;f_cpu_memory;f_sharing_memory;f_gain_thread;f_cost_thread;f_cpu_thread;f_sharing_thread,0.999987269,1790944130
2026-10-02T12:28:49,APP_15462_1728333,15462,workload,UNAVAILABLE,-1.000000000,-1.000000000,-1.000000000,-1.000000000,-1.000000000,-1.000000000,-1.000000000,-1.000000000,-1.000000000,-1.000000000,-1.000000000,-1.000000000,-1.000000000,0.000000000,0.000000000,-1.000000000,-1.000000000,NA,0.050000000,INSUFFICIENT_DECISION_SIGNAL,1,1,f_access;f_threshold;f_gain_memory;f_cost_memory;f_cpu_memory;f_sharing_memory;f_gain_thread;f_cost_thread;f_cpu_thread;f_sharing_thread,0.999987269,1790944130
2026-10-02T12:28:49,APP_15462_1728333,15462,workload,UNAVAILABLE,-1.000000000,-1.000000000,-1.000000000,-1.000000000,-1.000000000,-1.000000000,-1.000000000,-1.000000000,-1.000000000,-1.000000000,-1.000000000,-1.000000000,-1.000000000,0.000000000,0.000000000,-1.000000000,-1.000000000,NA,0.050000000,INSUFFICIENT_DECISION_SIGNAL,1,1,f_access;f_threshold;f_gain_memory;f_cost_memory;f_cpu_memory;f_sharing_memory;f_gain_thread;f_cost_thread;f_cpu_thread;f_sharing_thread,0.999987269,1790944130
2026-10-02T12:28:49,APP_15462_1728333,15462,workload,UNAVAILABLE,-1.000000000,-1.000000000,-1.000000000,-1.000000000,-1.000000000,-1.000000000,-1.000000000,-1.000000000,-1.000000000,-1.000000000,-1.000000000,-1.000000000,-1.000000000,0.000000000,0.000000000,-1.000000000,-1.000000000,NA,0.050000000,INSUFFICIENT_DECISION_SIGNAL,1,1,f_access;f_threshold;f_gain_memory;f_cost_memory;f_cpu_memory;f_sharing_memory;f_gain_thread;f_cost_thread;f_cpu_thread;f_sharing_thread,0.999987269,1790944130
2026-10-02T12:28:50,APP_15462_1728333,15462,workload,UNAVAILABLE,-1.000000000,-1.000000000,-1.000000000,-1.000000000,-1.000000000,-1.000000000,-1.000000000,-1.000000000,-1.000000000,-1.000000000,-1.000000000,-1.000000000,-1.000000000,0.000000000,0.000000000,-1.000000000,-1.000000000,NA,0.050000000,INSUFFICIENT_DECISION_SIGNAL,1,1,f_access;f_threshold;f_gain_memory;f_cost_memory;f_cpu_memory;f_sharing_memory;f_gain_thread;f_cost_thread;f_cpu_thread;f_sharing_thread,0.999987269,1790944130
2026-10-02T12:28:50,APP_15462_1728333,15462,workload,UNAVAILABLE,-1.000000000,-1.000000000,-1.000000000,-1.000000000,-1.000000000,-1.000000000,-1.000000000,-1.000000000,-1.000000000,-1.000000000,-1.000000000,-1.000000000,-1.000000000,0.000000000,0.000000000,-1.000000000,-1.000000000,NA,0.050000000,INSUFFICIENT_DECISION_SIGNAL,1,1,f_access;f_threshold;f_gain_memory;f_cost_memory;f_cpu_memory;f_sharing_memory;f_gain_thread;f_cost_thread;f_cpu_thread;f_sharing_thread,0.999987269,1790944130
2026-10-02T12:28:50,APP_15462_1728333,15462,workload,UNAVAILABLE,-1.000000000,-1.000000000,-1.000000000,-1.000000000,-1.000000000,-1.000000000,-1.000000000,-1.000000000,-1.000000000,-1.000000000,-1.000000000,-1.000000000,-1.000000000,0.000000000,0.000000000,-1.000000000,-1.000000000,NA,0.050000000,INSUFFICIENT_DECISION_SIGNAL,1,1,f_access;f_threshold;f_gain_memory;f_cost_memory;f_cpu_memory;f_sharing_memory;f_gain_thread;f_cost_thread;f_cpu_thread;f_sharing_thread,0.999987269,1790944130
2026-10-02T12:28:50,APP_15462_1728333,15462,workload,UNAVAILABLE,-1.000000000,-1.000000000,-1.000000000,-1.000000000,-1.000000000,-1.000000000,-1.000000000,-1.000000000,-1.000000000,-1.000000000,-1.000000000,-1.000000000,-1.000000000,0.000000000,0.000000000,-1.000000000,-1.000000000,NA,0.050000000,INSUFFICIENT_DECISION_SIGNAL,1,1,f_access;f_threshold;f_gain_memory;f_cost_memory;f_cpu_memory;f_sharing_memory;f_gain_thread;f_cost_thread;f_cpu_thread;f_sharing_thread,0.999987269,1790944130
2026-10-02T12:28:50,APP_15462_1728333,15462,workload,UNAVAILABLE,-1.000000000,-1.000000000,-1.000000000,-1.000000000,-1.000000000,-1.000000000,-1.000000000,-1.000000000,-1.000000000,-1.000000000,-1.000000000,-1.000000000,-1.000000000,0.000000000,0.000000000,-1.000000000,-1.000000000,NA,0.050000000,INSUFFICIENT_DECISION_SIGNAL,1,1,f_access;f_threshold;f_gain_memory;f_cost_memory;f_cpu_memory;f_sharing_memory;f_gain_thread;f_cost_thread;f_cpu_thread;f_sharing_thread,0.999988426,1790944131
2026-10-02T12:28:50,APP_15462_1728333,15462,workload,UNAVAILABLE,-1.000000000,-1.000000000,-1.000000000,-1.000000000,-1.000000000,-1.000000000,-1.000000000,-1.000000000,-1.000000000,-1.000000000,-1.000000000,-1.000000000,-1.000000000,0.000000000,0.000000000,-1.000000000,-1.000000000,NA,0.050000000,INSUFFICIENT_DECISION_SIGNAL,1,1,f_access;f_threshold;f_gain_memory;f_cost_memory;f_cpu_memory;f_sharing_memory;f_gain_thread;f_cost_thread;f_cpu_thread;f_sharing_thread,0.999988426,1790944131
2026-10-02T12:28:50,APP_15462_1728333,15462,workload,UNAVAILABLE,-1.000000000,-1.000000000,-1.000000000,-1.000000000,-1.000000000,-1.000000000,-1.000000000,-1.000000000,-1.000000000,-1.000000000,-1.000000000,-1.000000000,-1.000000000,0.000000000,0.000000000,-1.000000000,-1.000000000,NA,0.050000000,INSUFFICIENT_DECISION_SIGNAL,1,1,f_access;f_threshold;f_gain_memory;f_cost_memory;f_cpu_memory;f_sharing_memory;f_gain_thread;f_cost_thread;f_cpu_thread;f_sharing_thread,0.999988426,1790944131
2026-10-02T12:28:50,APP_15462_1728333,15462,workload,UNAVAILABLE,-1.000000000,-1.000000000,-1.000000000,-1.000000000,-1.000000000,-1.000000000,-1.000000000,-1.000000000,-1.000000000,-1.000000000,-1.000000000,-1.000000000,-1.000000000,0.000000000,0.000000000,-1.000000000,-1.000000000,NA,0.050000000,INSUFFICIENT_DECISION_SIGNAL,1,1,f_access;f_threshold;f_gain_memory;f_cost_memory;f_cpu_memory;f_sharing_memory;f_gain_thread;f_cost_thread;f_cpu_thread;f_sharing_thread,0.999988426,1790944131
2026-10-02T12:28:51,APP_15462_1728333,15462,workload,UNAVAILABLE,-1.000000000,-1.000000000,-1.000000000,-1.000000000,-1.000000000,-1.000000000,-1.000000000,-1.000000000,-1.000000000,-1.000000000,-1.000000000,-1.000000000,-1.000000000,0.000000000,0.000000000,-1.000000000,-1.000000000,NA,0.050000000,INSUFFICIENT_DECISION_SIGNAL,1,1,f_access;f_threshold;f_gain_memory;f_cost_memory;f_cpu_memory;f_sharing_memory;f_gain_thread;f_cost_thread;f_cpu_thread;f_sharing_thread,0.999988426,1790944131
2026-10-02T12:28:51,APP_15462_1728333,15462,workload,UNAVAILABLE,-1.000000000,-1.000000000,-1.000000000,-1.000000000,-1.000000000,-1.000000000,-1.000000000,-1.000000000,-1.000000000,-1.000000000,-1.000000000,-1.000000000,-1.000000000,0.000000000,0.000000000,-1.000000000,-1.000000000,NA,0.050000000,INSUFFICIENT_DECISION_SIGNAL,1,1,f_access;f_threshold;f_gain_memory;f_cost_memory;f_cpu_memory;f_sharing_memory;f_gain_thread;f_cost_thread;f_cpu_thread;f_sharing_thread,0.999988426,1790944131
2026-10-02T12:28:51,APP_15462_1728333,15462,workload,UNAVAILABLE,-1.000000000,-1.000000000,-1.000000000,-1.000000000,-1.000000000,-1.000000000,-1.000000000,-1.000000000,-1.000000000,-1.000000000,-1.000000000,-1.000000000,-1.000000000,0.000000000,0.000000000,-1.000000000,-1.000000000,NA,0.050000000,INSUFFICIENT_DECISION_SIGNAL,1,1,f_access;f_threshold;f_gain_memory;f_cost_memory;f_cpu_memory;f_sharing_memory;f_gain_thread;f_cost_thread;f_cpu_thread;f_sharing_thread,0.999988426,1790944131
2026-10-02T12:28:51,APP_15462_1728333,15462,workload,UNAVAILABLE,-1.000000000,-1.000000000,-1.000000000,-1.000000000,-1.000000000,-1.000000000,-1.000000000,-1.000000000,-1.000000000,-1.000000000,-1.000000000,-1.000000000,-1.000000000,0.000000000,0.000000000,-1.000000000,-1.000000000,NA,0.050000000,INSUFFICIENT_DECISION_SIGNAL,1,1,f_access;f_threshold;f_gain_memory;f_cost_memory;f_cpu_memory;f_sharing_memory;f_gain_thread;f_cost_thread;f_cpu_thread;f_sharing_thread,0.999988426,1790944131
2026-10-02T12:28:51,APP_15462_1728333,15462,workload,UNAVAILABLE,-1.000000000,-1.000000000,-1.000000000,-1.000000000,-1.000000000,-1.000000000,-1.000000000,-1.000000000,-1.000000000,-1.000000000,-1.000000000,-1.000000000,-1.000000000,0.000000000,0.000000000,-1.000000000,-1.000000000,NA,0.050000000,INSUFFICIENT_DECISION_SIGNAL,1,1,f_access;f_threshold;f_gain_memory;f_cost_memory;f_cpu_memory;f_sharing_memory;f_gain_thread;f_cost_thread;f_cpu_thread;f_sharing_thread,0.999988426,1790944131
2026-10-02T12:28:51,APP_15462_1728333,15462,workload,UNAVAILABLE,-1.000000000,-1.000000000,-1.000000000,-1.000000000,-1.000000000,-1.000000000,-1.000000000,-1.000000000,-1.000000000,-1.000000000,-1.000000000,-1.000000000,-1.000000000,0.000000000,0.000000000,-1.000000000,-1.000000000,NA,0.050000000,INSUFFICIENT_DECISION_SIGNAL,1,1,f_access;f_threshold;f_gain_memory;f_cost_memory;f_cpu_memory;f_sharing_memory;f_gain_thread;f_cost_thread;f_cpu_thread;f_sharing_thread,0.999989583,1790944132
2026-10-02T12:28:51,APP_15462_1728333,15462,workload,UNAVAILABLE,-1.000000000,-1.000000000,-1.000000000,-1.000000000,-1.000000000,-1.000000000,-1.000000000,-1.000000000,-1.000000000,-1.000000000,-1.000000000,-1.000000000,-1.000000000,0.000000000,0.000000000,-1.000000000,-1.000000000,NA,0.050000000,INSUFFICIENT_DECISION_SIGNAL,1,1,f_access;f_threshold;f_gain_memory;f_cost_memory;f_cpu_memory;f_sharing_memory;f_gain_thread;f_cost_thread;f_cpu_thread;f_sharing_thread,0.999989583,1790944132
2026-10-02T12:28:51,APP_15462_1728333,15462,workload,UNAVAILABLE,-1.000000000,-1.000000000,-1.000000000,-1.000000000,-1.000000000,-1.000000000,-1.000000000,-1.000000000,-1.000000000,-1.000000000,-1.000000000,-1.000000000,-1.000000000,0.000000000,0.000000000,-1.000000000,-1.000000000,NA,0.050000000,INSUFFICIENT_DECISION_SIGNAL,1,1,f_access;f_threshold;f_gain_memory;f_cost_memory;f_cpu_memory;f_sharing_memory;f_gain_thread;f_cost_thread;f_cpu_thread;f_sharing_thread,0.999989583,1790944132
2026-10-02T12:28:52,APP_15462_1728333,15462,workload,UNAVAILABLE,-1.000000000,-1.000000000,-1.000000000,-1.000000000,-1.000000000,-1.000000000,-1.000000000,-1.000000000,-1.000000000,-1.000000000,-1.000000000,-1.000000000,-1.000000000,0.000000000,0.000000000,-1.000000000,-1.000000000,NA,0.050000000,INSUFFICIENT_DECISION_SIGNAL,1,1,f_access;f_threshold;f_gain_memory;f_cost_memory;f_cpu_memory;f_sharing_memory;f_gain_thread;f_cost_thread;f_cpu_thread;f_sharing_thread,0.999989583,1790944132
2026-10-02T12:28:52,APP_15462_1728333,15462,workload,UNAVAILABLE,-1.000000000,-1.000000000,-1.000000000,-1.000000000,-1.000000000,-1.000000000,-1.000000000,-1.000000000,-1.000000000,-1.000000000,-1.000000000,-1.000000000,-1.000000000,0.000000000,0.000000000,-1.000000000,-1.000000000,NA,0.050000000,INSUFFICIENT_DECISION_SIGNAL,1,1,f_access;f_threshold;f_gain_memory;f_cost_memory;f_cpu_memory;f_sharing_memory;f_gain_thread;f_cost_thread;f_cpu_thread;f_sharing_thread,0.999989583,1790944132
2026-10-02T12:28:52,APP_15462_1728333,15462,workload,UNAVAILABLE,-1.000000000,-1.000000000,-1.000000000,-1.000000000,-1.000000000,-1.000000000,-1.000000000,-1.000000000,-1.000000000,-1.000000000,-1.000000000,-1.000000000,-1.000000000,0.000000000,0.000000000,-1.000000000,-1.000000000,NA,0.050000000,INSUFFICIENT_DECISION_SIGNAL,1,1,f_access;f_threshold;f_gain_memory;f_cost_memory;f_cpu_memory;f_sharing_memory;f_gain_thread;f_cost_thread;f_cpu_thread;f_sharing_thread,0.999989583,1790944132
2026-10-02T12:28:52,APP_15462_1728333,15462,workload,UNAVAILABLE,-1.000000000,-1.000000000,-1.000000000,-1.000000000,-1.000000000,-1.000000000,-1.000000000,-1.000000000,-1.000000000,-1.000000000,-1.000000000,-1.000000000,-1.000000000,0.000000000,0.000000000,-1.000000000,-1.000000000,NA,0.050000000,INSUFFICIENT_DECISION_SIGNAL,1,1,f_access;f_threshold;f_gain_memory;f_cost_memory;f_cpu_memory;f_sharing_memory;f_gain_thread;f_cost_thread;f_cpu_thread;f_sharing_thread,0.999989583,1790944132
2026-10-02T12:28:52,APP_15462_1728333,15462,workload,UNAVAILABLE,-1.000000000,-1.000000000,-1.000000000,-1.000000000,-1.000000000,-1.000000000,-1.000000000,-1.000000000,-1.000000000,-1.000000000,-1.000000000,-1.000000000,-1.000000000,0.000000000,0.000000000,-1.000000000,-1.000000000,NA,0.050000000,INSUFFICIENT_DECISION_SIGNAL,1,1,f_access;f_threshold;f_gain_memory;f_cost_memory;f_cpu_memory;f_sharing_memory;f_gain_thread;f_cost_thread;f_cpu_thread;f_sharing_thread,0.999989583,1790944132
2026-10-02T12:28:52,APP_15462_1728333,15462,workload,UNAVAILABLE,-1.000000000,-1.000000000,-1.000000000,-1.000000000,-1.000000000,-1.000000000,-1.000000000,-1.000000000,-1.000000000,-1.000000000,-1.000000000,-1.000000000,-1.000000000,0.000000000,0.000000000,-1.000000000,-1.000000000,NA,0.050000000,INSUFFICIENT_DECISION_SIGNAL,1,1,f_access;f_threshold;f_gain_memory;f_cost_memory;f_cpu_memory;f_sharing_memory;f_gain_thread;f_cost_thread;f_cpu_thread;f_sharing_thread,0.999989583,1790944132
2026-10-02T12:28:52,APP_15462_1728333,15462,workload,UNAVAILABLE,-1.000000000,-1.000000000,-1.000000000,-1.000000000,-1.000000000,-1.000000000,-1.000000000,-1.000000000,-1.000000000,-1.000000000,-1.000000000,-1.000000000,-1.000000000,0.000000000,0.000000000,-1.000000000,-1.000000000,NA,0.050000000,INSUFFICIENT_DECISION_SIGNAL,1,1,f_access;f_threshold;f_gain_memory;f_cost_memory;f_cpu_memory;f_sharing_memory;f_gain_thread;f_cost_thread;f_cpu_thread;f_sharing_thread,0.999990741,1790944133
2026-10-02T12:28:53,APP_15462_1728333,15462,workload,UNAVAILABLE,-1.000000000,-1.000000000,-1.000000000,-1.000000000,-1.000000000,-1.000000000,-1.000000000,-1.000000000,-1.000000000,-1.000000000,-1.000000000,-1.000000000,-1.000000000,0.000000000,0.000000000,-1.000000000,-1.000000000,NA,0.050000000,INSUFFICIENT_DECISION_SIGNAL,1,1,f_access;f_threshold;f_gain_memory;f_cost_memory;f_cpu_memory;f_sharing_memory;f_gain_thread;f_cost_thread;f_cpu_thread;f_sharing_thread,0.999990741,1790944133
2026-10-02T12:28:53,APP_15462_1728333,15462,workload,UNAVAILABLE,-1.000000000,-1.000000000,-1.000000000,-1.000000000,-1.000000000,-1.000000000,-1.000000000,-1.000000000,-1.000000000,-1.000000000,-1.000000000,-1.000000000,-1.000000000,0.000000000,0.000000000,-1.000000000,-1.000000000,NA,0.050000000,INSUFFICIENT_DECISION_SIGNAL,1,1,f_access;f_threshold;f_gain_memory;f_cost_memory;f_cpu_memory;f_sharing_memory;f_gain_thread;f_cost_thread;f_cpu_thread;f_sharing_thread,0.999990741,1790944133
2026-10-02T12:28:53,APP_15462_1728333,15462,workload,UNAVAILABLE,-1.000000000,-1.000000000,-1.000000000,-1.000000000,-1.000000000,-1.000000000,-1.000000000,-1.000000000,-1.000000000,-1.000000000,-1.000000000,-1.000000000,-1.000000000,0.000000000,0.000000000,-1.000000000,-1.000000000,NA,0.050000000,INSUFFICIENT_DECISION_SIGNAL,1,1,f_access;f_threshold;f_gain_memory;f_cost_memory;f_cpu_memory;f_sharing_memory;f_gain_thread;f_cost_thread;f_cpu_thread;f_sharing_thread,0.999990741,1790944133
2026-10-02T12:28:53,APP_15462_1728333,15462,workload,UNAVAILABLE,-1.000000000,-1.000000000,-1.000000000,-1.000000000,-1.000000000,-1.000000000,-1.000000000,-1.000000000,-1.000000000,-1.000000000,-1.000000000,-1.000000000,-1.000000000,0.000000000,0.000000000,-1.000000000,-1.000000000,NA,0.050000000,INSUFFICIENT_DECISION_SIGNAL,1,1,f_access;f_threshold;f_gain_memory;f_cost_memory;f_cpu_memory;f_sharing_memory;f_gain_thread;f_cost_thread;f_cpu_thread;f_sharing_thread,0.999990741,1790944133
2026-10-02T12:28:53,APP_15462_1728333,15462,workload,UNAVAILABLE,-1.000000000,-1.000000000,-1.000000000,-1.000000000,-1.000000000,-1.000000000,-1.000000000,-1.000000000,-1.000000000,-1.000000000,-1.000000000,-1.000000000,-1.000000000,0.000000000,0.000000000,-1.000000000,-1.000000000,NA,0.050000000,INSUFFICIENT_DECISION_SIGNAL,1,1,f_access;f_threshold;f_gain_memory;f_cost_memory;f_cpu_memory;f_sharing_memory;f_gain_thread;f_cost_thread;f_cpu_thread;f_sharing_thread,0.999990741,1790944133
2026-10-02T12:28:53,APP_15462_1728333,15462,workload,UNAVAILABLE,-1.000000000,-1.000000000,-1.000000000,-1.000000000,-1.000000000,-1.000000000,-1.000000000,-1.000000000,-1.000000000,-1.000000000,-1.000000000,-1.000000000,-1.000000000,0.000000000,0.000000000,-1.000000000,-1.000000000,NA,0.050000000,INSUFFICIENT_DECISION_SIGNAL,1,1,f_access;f_threshold;f_gain_memory;f_cost_memory;f_cpu_memory;f_sharing_memory;f_gain_thread;f_cost_thread;f_cpu_thread;f_sharing_thread,0.999990741,1790944133
2026-10-02T12:28:53,APP_15462_1728333,15462,workload,UNAVAILABLE,-1.000000000,-1.000000000,-1.000000000,-1.000000000,-1.000000000,-1.000000000,-1.000000000,-1.000000000,-1.000000000,-1.000000000,-1.000000000,-1.000000000,-1.000000000,0.000000000,0.000000000,-1.000000000,-1.000000000,NA,0.050000000,INSUFFICIENT_DECISION_SIGNAL,1,1,f_access;f_threshold;f_gain_memory;f_cost_memory;f_cpu_memory;f_sharing_memory;f_gain_thread;f_cost_thread;f_cpu_thread;f_sharing_thread,0.999990741,1790944133
2026-10-02T12:28:53,APP_15462_1728333,15462,workload,UNAVAILABLE,-1.000000000,-1.000000000,-1.000000000,-1.000000000,-1.000000000,-1.000000000,-1.000000000,-1.000000000,-1.000000000,-1.000000000,-1.000000000,-1.000000000,-1.000000000,0.000000000,0.000000000,-1.000000000,-1.000000000,NA,0.050000000,INSUFFICIENT_DECISION_SIGNAL,1,1,f_access;f_threshold;f_gain_memory;f_cost_memory;f_cpu_memory;f_sharing_memory;f_gain_thread;f_cost_thread;f_cpu_thread;f_sharing_thread,0.999990741,1790944133
2026-10-02T12:28:54,APP_15462_1728333,15462,workload,UNAVAILABLE,-1.000000000,-1.000000000,-1.000000000,-1.000000000,-1.000000000,-1.000000000,-1.000000000,-1.000000000,-1.000000000,-1.000000000,-1.000000000,-1.000000000,-1.000000000,0.000000000,0.000000000,-1.000000000,-1.000000000,NA,0.050000000,INSUFFICIENT_DECISION_SIGNAL,1,1,f_access;f_threshold;f_gain_memory;f_cost_memory;f_cpu_memory;f_sharing_memory;f_gain_thread;f_cost_thread;f_cpu_thread;f_sharing_thread,0.999993056,1790944135
2026-10-02T12:28:54,APP_15462_1728333,15462,workload,UNAVAILABLE,-1.000000000,-1.000000000,-1.000000000,-1.000000000,-1.000000000,-1.000000000,-1.000000000,-1.000000000,-1.000000000,-1.000000000,-1.000000000,-1.000000000,-1.000000000,0.000000000,0.000000000,-1.000000000,-1.000000000,NA,0.050000000,INSUFFICIENT_DECISION_SIGNAL,1,1,f_access;f_threshold;f_gain_memory;f_cost_memory;f_cpu_memory;f_sharing_memory;f_gain_thread;f_cost_thread;f_cpu_thread;f_sharing_thread,0.999993056,1790944135
2026-10-02T12:28:54,APP_15462_1728333,15462,workload,UNAVAILABLE,-1.000000000,-1.000000000,-1.000000000,-1.000000000,-1.000000000,-1.000000000,-1.000000000,-1.000000000,-1.000000000,-1.000000000,-1.000000000,-1.000000000,-1.000000000,0.000000000,0.000000000,-1.000000000,-1.000000000,NA,0.050000000,INSUFFICIENT_DECISION_SIGNAL,1,1,f_access;f_threshold;f_gain_memory;f_cost_memory;f_cpu_memory;f_sharing_memory;f_gain_thread;f_cost_thread;f_cpu_thread;f_sharing_thread,0.999993056,1790944135
2026-10-02T12:28:54,APP_15462_1728333,15462,workload,UNAVAILABLE,-1.000000000,-1.000000000,-1.000000000,-1.000000000,-1.000000000,-1.000000000,-1.000000000,-1.000000000,-1.000000000,-1.000000000,-1.000000000,-1.000000000,-1.000000000,0.000000000,0.000000000,-1.000000000,-1.000000000,NA,0.050000000,INSUFFICIENT_DECISION_SIGNAL,1,1,f_access;f_threshold;f_gain_memory;f_cost_memory;f_cpu_memory;f_sharing_memory;f_gain_thread;f_cost_thread;f_cpu_thread;f_sharing_thread,0.999993056,1790944135
2026-10-02T12:28:54,APP_15462_1728333,15462,workload,UNAVAILABLE,-1.000000000,-1.000000000,-1.000000000,-1.000000000,-1.000000000,-1.000000000,-1.000000000,-1.000000000,-1.000000000,-1.000000000,-1.000000000,-1.000000000,-1.000000000,0.000000000,0.000000000,-1.000000000,-1.000000000,NA,0.050000000,INSUFFICIENT_DECISION_SIGNAL,1,1,f_access;f_threshold;f_gain_memory;f_cost_memory;f_cpu_memory;f_sharing_memory;f_gain_thread;f_cost_thread;f_cpu_thread;f_sharing_thread,0.999993056,1790944135
2026-10-02T12:28:54,APP_15462_1728333,15462,workload,UNAVAILABLE,-1.000000000,-1.000000000,-1.000000000,-1.000000000,-1.000000000,-1.000000000,-1.000000000,-1.000000000,-1.000000000,-1.000000000,-1.000000000,-1.000000000,-1.000000000,0.000000000,0.000000000,-1.000000000,-1.000000000,NA,0.050000000,INSUFFICIENT_DECISION_SIGNAL,1,1,f_access;f_threshold;f_gain_memory;f_cost_memory;f_cpu_memory;f_sharing_memory;f_gain_thread;f_cost_thread;f_cpu_thread;f_sharing_thread,0.999993056,1790944135
2026-10-02T12:28:54,APP_15462_1728333,15462,workload,UNAVAILABLE,-1.000000000,-1.000000000,-1.000000000,-1.000000000,-1.000000000,-1.000000000,-1.000000000,-1.000000000,-1.000000000,-1.000000000,-1.000000000,-1.000000000,-1.000000000,0.000000000,0.000000000,-1.000000000,-1.000000000,NA,0.050000000,INSUFFICIENT_DECISION_SIGNAL,1,1,f_access;f_threshold;f_gain_memory;f_cost_memory;f_cpu_memory;f_sharing_memory;f_gain_thread;f_cost_thread;f_cpu_thread;f_sharing_thread,0.999993056,1790944135
2026-10-02T12:28:54,APP_15462_1728333,15462,workload,UNAVAILABLE,-1.000000000,-1.000000000,-1.000000000,-1.000000000,-1.000000000,-1.000000000,-1.000000000,-1.000000000,-1.000000000,-1.000000000,-1.000000000,-1.000000000,-1.000000000,0.000000000,0.000000000,-1.000000000,-1.000000000,NA,0.050000000,INSUFFICIENT_DECISION_SIGNAL,1,1,f_access;f_threshold;f_gain_memory;f_cost_memory;f_cpu_memory;f_sharing_memory;f_gain_thread;f_cost_thread;f_cpu_thread;f_sharing_thread,0.999993056,1790944135
2026-10-02T12:28:55,APP_15462_1728333,15462,workload,UNAVAILABLE,-1.000000000,-1.000000000,-1.000000000,-1.000000000,-1.000000000,-1.000000000,-1.000000000,-1.000000000,-1.000000000,-1.000000000,-1.000000000,-1.000000000,-1.000000000,0.000000000,0.000000000,-1.000000000,-1.000000000,NA,0.050000000,INSUFFICIENT_DECISION_SIGNAL,1,1,f_access;f_threshold;f_gain_memory;f_cost_memory;f_cpu_memory;f_sharing_memory;f_gain_thread;f_cost_thread;f_cpu_thread;f_sharing_thread,0.999994213,1790944136
2026-10-02T12:28:55,APP_15462_1728333,15462,workload,UNAVAILABLE,-1.000000000,-1.000000000,-1.000000000,-1.000000000,-1.000000000,-1.000000000,-1.000000000,-1.000000000,-1.000000000,-1.000000000,-1.000000000,-1.000000000,-1.000000000,0.000000000,0.000000000,-1.000000000,-1.000000000,NA,0.050000000,INSUFFICIENT_DECISION_SIGNAL,1,1,f_access;f_threshold;f_gain_memory;f_cost_memory;f_cpu_memory;f_sharing_memory;f_gain_thread;f_cost_thread;f_cpu_thread;f_sharing_thread,0.999994213,1790944136
2026-10-02T12:28:55,APP_15462_1728333,15462,workload,UNAVAILABLE,-1.000000000,-1.000000000,-1.000000000,-1.000000000,-1.000000000,-1.000000000,-1.000000000,-1.000000000,-1.000000000,-1.000000000,-1.000000000,-1.000000000,-1.000000000,0.000000000,0.000000000,-1.000000000,-1.000000000,NA,0.050000000,INSUFFICIENT_DECISION_SIGNAL,1,1,f_access;f_threshold;f_gain_memory;f_cost_memory;f_cpu_memory;f_sharing_memory;f_gain_thread;f_cost_thread;f_cpu_thread;f_sharing_thread,0.999994213,1790944136
2026-10-02T12:28:55,APP_15462_1728333,15462,workload,UNAVAILABLE,-1.000000000,-1.000000000,-1.000000000,-1.000000000,-1.000000000,-1.000000000,-1.000000000,-1.000000000,-1.000000000,-1.000000000,-1.000000000,-1.000000000,-1.000000000,0.000000000,0.000000000,-1.000000000,-1.000000000,NA,0.050000000,INSUFFICIENT_DECISION_SIGNAL,1,1,f_access;f_threshold;f_gain_memory;f_cost_memory;f_cpu_memory;f_sharing_memory;f_gain_thread;f_cost_thread;f_cpu_thread;f_sharing_thread,0.999994213,1790944136
2026-10-02T12:28:55,APP_15462_1728333,15462,workload,UNAVAILABLE,-1.000000000,-1.000000000,-1.000000000,-1.000000000,-1.000000000,-1.000000000,-1.000000000,-1.000000000,-1.000000000,-1.000000000,-1.000000000,-1.000000000,-1.000000000,0.000000000,0.000000000,-1.000000000,-1.000000000,NA,0.050000000,INSUFFICIENT_DECISION_SIGNAL,1,1,f_access;f_threshold;f_gain_memory;f_cost_memory;f_cpu_memory;f_sharing_memory;f_gain_thread;f_cost_thread;f_cpu_thread;f_sharing_thread,0.999994213,1790944136
2026-10-02T12:28:55,APP_15462_1728333,15462,workload,UNAVAILABLE,-1.000000000,-1.000000000,-1.000000000,-1.000000000,-1.000000000,-1.000000000,-1.000000000,-1.000000000,-1.000000000,-1.000000000,-1.000000000,-1.000000000,-1.000000000,0.000000000,0.000000000,-1.000000000,-1.000000000,NA,0.050000000,INSUFFICIENT_DECISION_SIGNAL,1,1,f_access;f_threshold;f_gain_memory;f_cost_memory;f_cpu_memory;f_sharing_memory;f_gain_thread;f_cost_thread;f_cpu_thread;f_sharing_thread,0.999994213,1790944136
2026-10-02T12:28:55,APP_15462_1728333,15462,workload,UNAVAILABLE,-1.000000000,-1.000000000,-1.000000000,-1.000000000,-1.000000000,-1.000000000,-1.000000000,-1.000000000,-1.000000000,-1.000000000,-1.000000000,-1.000000000,-1.000000000,0.000000000,0.000000000,-1.000000000,-1.000000000,NA,0.050000000,INSUFFICIENT_DECISION_SIGNAL,1,1,f_access;f_threshold;f_gain_memory;f_cost_memory;f_cpu_memory;f_sharing_memory;f_gain_thread;f_cost_thread;f_cpu_thread;f_sharing_thread,0.999994213,1790944136
2026-10-02T12:28:55,APP_15462_1728333,15462,workload,UNAVAILABLE,-1.000000000,-1.000000000,-1.000000000,-1.000000000,-1.000000000,-1.000000000,-1.000000000,-1.000000000,-1.000000000,-1.000000000,-1.000000000,-1.000000000,-1.000000000,0.000000000,0.000000000,-1.000000000,-1.000000000,NA,0.050000000,INSUFFICIENT_DECISION_SIGNAL,1,1,f_access;f_threshold;f_gain_memory;f_cost_memory;f_cpu_memory;f_sharing_memory;f_gain_thread;f_cost_thread;f_cpu_thread;f_sharing_thread,0.999994213,1790944136
2026-10-02T12:28:56,APP_15462_1728333,15462,workload,UNAVAILABLE,-1.000000000,-1.000000000,-1.000000000,-1.000000000,-1.000000000,-1.000000000,-1.000000000,-1.000000000,-1.000000000,-1.000000000,-1.000000000,-1.000000000,-1.000000000,0.000000000,0.000000000,-1.000000000,-1.000000000,NA,0.050000000,INSUFFICIENT_DECISION_SIGNAL,1,1,f_access;f_threshold;f_gain_memory;f_cost_memory;f_cpu_memory;f_sharing_memory;f_gain_thread;f_cost_thread;f_cpu_thread;f_sharing_thread,0.999994213,1790944136
2026-10-02T12:28:56,APP_15462_1728333,15462,workload,UNAVAILABLE,-1.000000000,-1.000000000,-1.000000000,-1.000000000,-1.000000000,-1.000000000,-1.000000000,-1.000000000,-1.000000000,-1.000000000,-1.000000000,-1.000000000,-1.000000000,0.000000000,0.000000000,-1.000000000,-1.000000000,NA,0.050000000,INSUFFICIENT_DECISION_SIGNAL,1,1,f_access;f_threshold;f_gain_memory;f_cost_memory;f_cpu_memory;f_sharing_memory;f_gain_thread;f_cost_thread;f_cpu_thread;f_sharing_thread,0.999995370,1790944137
2026-10-02T12:28:56,APP_15462_1728333,15462,workload,UNAVAILABLE,-1.000000000,-1.000000000,-1.000000000,-1.000000000,-1.000000000,-1.000000000,-1.000000000,-1.000000000,-1.000000000,-1.000000000,-1.000000000,-1.000000000,-1.000000000,0.000000000,0.000000000,-1.000000000,-1.000000000,NA,0.050000000,INSUFFICIENT_DECISION_SIGNAL,1,1,f_access;f_threshold;f_gain_memory;f_cost_memory;f_cpu_memory;f_sharing_memory;f_gain_thread;f_cost_thread;f_cpu_thread;f_sharing_thread,0.999995370,1790944137
2026-10-02T12:28:56,APP_15462_1728333,15462,workload,UNAVAILABLE,-1.000000000,-1.000000000,-1.000000000,-1.000000000,-1.000000000,-1.000000000,-1.000000000,-1.000000000,-1.000000000,-1.000000000,-1.000000000,-1.000000000,-1.000000000,0.000000000,0.000000000,-1.000000000,-1.000000000,NA,0.050000000,INSUFFICIENT_DECISION_SIGNAL,1,1,f_access;f_threshold;f_gain_memory;f_cost_memory;f_cpu_memory;f_sharing_memory;f_gain_thread;f_cost_thread;f_cpu_thread;f_sharing_thread,0.999995370,1790944137
2026-10-02T12:28:56,APP_15462_1728333,15462,workload,UNAVAILABLE,-1.000000000,-1.000000000,-1.000000000,-1.000000000,-1.000000000,-1.000000000,-1.000000000,-1.000000000,-1.000000000,-1.000000000,-1.000000000,-1.000000000,-1.000000000,0.000000000,0.000000000,-1.000000000,-1.000000000,NA,0.050000000,INSUFFICIENT_DECISION_SIGNAL,1,1,f_access;f_threshold;f_gain_memory;f_cost_memory;f_cpu_memory;f_sharing_memory;f_gain_thread;f_cost_thread;f_cpu_thread;f_sharing_thread,0.999995370,1790944137
2026-10-02T12:28:56,APP_15462_1728333,15462,workload,UNAVAILABLE,-1.000000000,-1.000000000,-1.000000000,-1.000000000,-1.000000000,-1.000000000,-1.000000000,-1.000000000,-1.000000000,-1.000000000,-1.000000000,-1.000000000,-1.000000000,0.000000000,0.000000000,-1.000000000,-1.000000000,NA,0.050000000,INSUFFICIENT_DECISION_SIGNAL,1,1,f_access;f_threshold;f_gain_memory;f_cost_memory;f_cpu_memory;f_sharing_memory;f_gain_thread;f_cost_thread;f_cpu_thread;f_sharing_thread,0.999995370,1790944137
2026-10-02T12:28:56,APP_15462_1728333,15462,workload,UNAVAILABLE,-1.000000000,-1.000000000,-1.000000000,-1.000000000,-1.000000000,-1.000000000,-1.000000000,-1.000000000,-1.000000000,-1.000000000,-1.000000000,-1.000000000,-1.000000000,0.000000000,0.000000000,-1.000000000,-1.000000000,NA,0.050000000,INSUFFICIENT_DECISION_SIGNAL,1,1,f_access;f_threshold;f_gain_memory;f_cost_memory;f_cpu_memory;f_sharing_memory;f_gain_thread;f_cost_thread;f_cpu_thread;f_sharing_thread,0.999995370,1790944137
2026-10-02T12:28:56,APP_15462_1728333,15462,workload,UNAVAILABLE,-1.000000000,-1.000000000,-1.000000000,-1.000000000,-1.000000000,-1.000000000,-1.000000000,-1.000000000,-1.000000000,-1.000000000,-1.000000000,-1.000000000,-1.000000000,0.000000000,0.000000000,-1.000000000,-1.000000000,NA,0.050000000,INSUFFICIENT_DECISION_SIGNAL,1,1,f_access;f_threshold;f_gain_memory;f_cost_memory;f_cpu_memory;f_sharing_memory;f_gain_thread;f_cost_thread;f_cpu_thread;f_sharing_thread,0.999995370,1790944137
2026-10-02T12:28:56,APP_15462_1728333,15462,workload,UNAVAILABLE,-1.000000000,-1.000000000,-1.000000000,-1.000000000,-1.000000000,-1.000000000,-1.000000000,-1.000000000,-1.000000000,-1.000000000,-1.000000000,-1.000000000,-1.000000000,0.000000000,0.000000000,-1.000000000,-1.000000000,NA,0.050000000,INSUFFICIENT_DECISION_SIGNAL,1,1,f_access;f_threshold;f_gain_memory;f_cost_memory;f_cpu_memory;f_sharing_memory;f_gain_thread;f_cost_thread;f_cpu_thread;f_sharing_thread,0.999995370,1790944137
2026-10-02T12:28:57,APP_15462_1728333,15462,workload,UNAVAILABLE,-1.000000000,-1.000000000,-1.000000000,-1.000000000,-1.000000000,-1.000000000,-1.000000000,-1.000000000,-1.000000000,-1.000000000,-1.000000000,-1.000000000,-1.000000000,0.000000000,0.000000000,-1.000000000,-1.000000000,NA,0.050000000,INSUFFICIENT_DECISION_SIGNAL,1,1,f_access;f_threshold;f_gain_memory;f_cost_memory;f_cpu_memory;f_sharing_memory;f_gain_thread;f_cost_thread;f_cpu_thread;f_sharing_thread,0.999995370,1790944137
2026-10-02T12:28:57,APP_15462_1728333,15462,workload,UNAVAILABLE,-1.000000000,-1.000000000,-1.000000000,-1.000000000,-1.000000000,-1.000000000,-1.000000000,-1.000000000,-1.000000000,-1.000000000,-1.000000000,-1.000000000,-1.000000000,0.000000000,0.000000000,-1.000000000,-1.000000000,NA,0.050000000,INSUFFICIENT_DECISION_SIGNAL,1,1,f_access;f_threshold;f_gain_memory;f_cost_memory;f_cpu_memory;f_sharing_memory;f_gain_thread;f_cost_thread;f_cpu_thread;f_sharing_thread,0.999995370,1790944137
2026-10-02T12:28:57,APP_15462_1728333,15462,workload,UNAVAILABLE,-1.000000000,-1.000000000,-1.000000000,-1.000000000,-1.000000000,-1.000000000,-1.000000000,-1.000000000,-1.000000000,-1.000000000,-1.000000000,-1.000000000,-1.000000000,0.000000000,0.000000000,-1.000000000,-1.000000000,NA,0.050000000,INSUFFICIENT_DECISION_SIGNAL,1,1,f_access;f_threshold;f_gain_memory;f_cost_memory;f_cpu_memory;f_sharing_memory;f_gain_thread;f_cost_thread;f_cpu_thread;f_sharing_thread,0.999996528,1790944138
2026-10-02T12:28:57,APP_15462_1728333,15462,workload,UNAVAILABLE,-1.000000000,-1.000000000,-1.000000000,-1.000000000,-1.000000000,-1.000000000,-1.000000000,-1.000000000,-1.000000000,-1.000000000,-1.000000000,-1.000000000,-1.000000000,0.000000000,0.000000000,-1.000000000,-1.000000000,NA,0.050000000,INSUFFICIENT_DECISION_SIGNAL,1,1,f_access;f_threshold;f_gain_memory;f_cost_memory;f_cpu_memory;f_sharing_memory;f_gain_thread;f_cost_thread;f_cpu_thread;f_sharing_thread,0.999996528,1790944138
2026-10-02T12:28:57,APP_15462_1728333,15462,workload,UNAVAILABLE,-1.000000000,-1.000000000,-1.000000000,-1.000000000,-1.000000000,-1.000000000,-1.000000000,-1.000000000,-1.000000000,-1.000000000,-1.000000000,-1.000000000,-1.000000000,0.000000000,0.000000000,-1.000000000,-1.000000000,NA,0.050000000,INSUFFICIENT_DECISION_SIGNAL,1,1,f_access;f_threshold;f_gain_memory;f_cost_memory;f_cpu_memory;f_sharing_memory;f_gain_thread;f_cost_thread;f_cpu_thread;f_sharing_thread,0.999996528,1790944138
2026-10-02T12:28:57,APP_15462_1728333,15462,workload,UNAVAILABLE,-1.000000000,-1.000000000,-1.000000000,-1.000000000,-1.000000000,-1.000000000,-1.000000000,-1.000000000,-1.000000000,-1.000000000,-1.000000000,-1.000000000,-1.000000000,0.000000000,0.000000000,-1.000000000,-1.000000000,NA,0.050000000,INSUFFICIENT_DECISION_SIGNAL,1,1,f_access;f_threshold;f_gain_memory;f_cost_memory;f_cpu_memory;f_sharing_memory;f_gain_thread;f_cost_thread;f_cpu_thread;f_sharing_thread,0.999996528,1790944138
2026-10-02T12:28:57,APP_15462_1728333,15462,workload,UNAVAILABLE,-1.000000000,-1.000000000,-1.000000000,-1.000000000,-1.000000000,-1.000000000,-1.000000000,-1.000000000,-1.000000000,-1.000000000,-1.000000000,-1.000000000,-1.000000000,0.000000000,0.000000000,-1.000000000,-1.000000000,NA,0.050000000,INSUFFICIENT_DECISION_SIGNAL,1,1,f_access;f_threshold;f_gain_memory;f_cost_memory;f_cpu_memory;f_sharing_memory;f_gain_thread;f_cost_thread;f_cpu_thread;f_sharing_thread,0.999996528,1790944138
2026-10-02T12:28:57,APP_15462_1728333,15462,workload,UNAVAILABLE,-1.000000000,-1.000000000,-1.000000000,-1.000000000,-1.000000000,-1.000000000,-1.000000000,-1.000000000,-1.000000000,-1.000000000,-1.000000000,-1.000000000,-1.000000000,0.000000000,0.000000000,-1.000000000,-1.000000000,NA,0.050000000,INSUFFICIENT_DECISION_SIGNAL,1,1,f_access;f_threshold;f_gain_memory;f_cost_memory;f_cpu_memory;f_sharing_memory;f_gain_thread;f_cost_thread;f_cpu_thread;f_sharing_thread,0.999996528,1790944138
2026-10-02T12:28:58,APP_15462_1728333,15462,workload,UNAVAILABLE,-1.000000000,-1.000000000,-1.000000000,-1.000000000,-1.000000000,-1.000000000,-1.000000000,-1.000000000,-1.000000000,-1.000000000,-1.000000000,-1.000000000,-1.000000000,0.000000000,0.000000000,-1.000000000,-1.000000000,NA,0.050000000,INSUFFICIENT_DECISION_SIGNAL,1,1,f_access;f_threshold;f_gain_memory;f_cost_memory;f_cpu_memory;f_sharing_memory;f_gain_thread;f_cost_thread;f_cpu_thread;f_sharing_thread,0.999996528,1790944138
2026-10-02T12:28:58,APP_15462_1728333,15462,workload,UNAVAILABLE,-1.000000000,-1.000000000,-1.000000000,-1.000000000,-1.000000000,-1.000000000,-1.000000000,-1.000000000,-1.000000000,-1.000000000,-1.000000000,-1.000000000,-1.000000000,0.000000000,0.000000000,-1.000000000,-1.000000000,NA,0.050000000,INSUFFICIENT_DECISION_SIGNAL,1,1,f_access;f_threshold;f_gain_memory;f_cost_memory;f_cpu_memory;f_sharing_memory;f_gain_thread;f_cost_thread;f_cpu_thread;f_sharing_thread,0.999996528,1790944138
2026-10-02T12:28:58,APP_15462_1728333,15462,workload,UNAVAILABLE,-1.000000000,-1.000000000,-1.000000000,-1.000000000,-1.000000000,-1.000000000,-1.000000000,-1.000000000,-1.000000000,-1.000000000,-1.000000000,-1.000000000,-1.000000000,0.000000000,0.000000000,-1.000000000,-1.000000000,NA,0.050000000,INSUFFICIENT_DECISION_SIGNAL,1,1,f_access;f_threshold;f_gain_memory;f_cost_memory;f_cpu_memory;f_sharing_memory;f_gain_thread;f_cost_thread;f_cpu_thread;f_sharing_thread,0.999996528,1790944138
2026-10-02T12:28:58,APP_15462_1728333,15462,workload,UNAVAILABLE,-1.000000000,-1.000000000,-1.000000000,-1.000000000,-1.000000000,-1.000000000,-1.000000000,-1.000000000,-1.000000000,-1.000000000,-1.000000000,-1.000000000,-1.000000000,0.000000000,0.000000000,-1.000000000,-1.000000000,NA,0.050000000,INSUFFICIENT_DECISION_SIGNAL,1,1,f_access;f_threshold;f_gain_memory;f_cost_memory;f_cpu_memory;f_sharing_memory;f_gain_thread;f_cost_thread;f_cpu_thread;f_sharing_thread,0.999997685,1790944139
2026-10-02T12:28:58,APP_15462_1728333,15462,workload,UNAVAILABLE,-1.000000000,-1.000000000,-1.000000000,-1.000000000,-1.000000000,-1.000000000,-1.000000000,-1.000000000,-1.000000000,-1.000000000,-1.000000000,-1.000000000,-1.000000000,0.000000000,0.000000000,-1.000000000,-1.000000000,NA,0.050000000,INSUFFICIENT_DECISION_SIGNAL,1,1,f_access;f_threshold;f_gain_memory;f_cost_memory;f_cpu_memory;f_sharing_memory;f_gain_thread;f_cost_thread;f_cpu_thread;f_sharing_thread,0.999997685,1790944139
2026-10-02T12:28:58,APP_15462_1728333,15462,workload,UNAVAILABLE,-1.000000000,-1.000000000,-1.000000000,-1.000000000,-1.000000000,-1.000000000,-1.000000000,-1.000000000,-1.000000000,-1.000000000,-1.000000000,-1.000000000,-1.000000000,0.000000000,0.000000000,-1.000000000,-1.000000000,NA,0.050000000,INSUFFICIENT_DECISION_SIGNAL,1,1,f_access;f_threshold;f_gain_memory;f_cost_memory;f_cpu_memory;f_sharing_memory;f_gain_thread;f_cost_thread;f_cpu_thread;f_sharing_thread,0.999997685,1790944139
2026-10-02T12:28:58,APP_15462_1728333,15462,workload,UNAVAILABLE,-1.000000000,-1.000000000,-1.000000000,-1.000000000,-1.000000000,-1.000000000,-1.000000000,-1.000000000,-1.000000000,-1.000000000,-1.000000000,-1.000000000,-1.000000000,0.000000000,0.000000000,-1.000000000,-1.000000000,NA,0.050000000,INSUFFICIENT_DECISION_SIGNAL,1,1,f_access;f_threshold;f_gain_memory;f_cost_memory;f_cpu_memory;f_sharing_memory;f_gain_thread;f_cost_thread;f_cpu_thread;f_sharing_thread,0.999997685,1790944139
2026-10-02T12:28:58,APP_15462_1728333,15462,workload,UNAVAILABLE,-1.000000000,-1.000000000,-1.000000000,-1.000000000,-1.000000000,-1.000000000,-1.000000000,-1.000000000,-1.000000000,-1.000000000,-1.000000000,-1.000000000,-1.000000000,0.000000000,0.000000000,-1.000000000,-1.000000000,NA,0.050000000,INSUFFICIENT_DECISION_SIGNAL,1,1,f_access;f_threshold;f_gain_memory;f_cost_memory;f_cpu_memory;f_sharing_memory;f_gain_thread;f_cost_thread;f_cpu_thread;f_sharing_thread,0.999997685,1790944139
2026-10-02T12:28:59,APP_15462_1728333,15462,workload,UNAVAILABLE,-1.000000000,-1.000000000,-1.000000000,-1.000000000,-1.000000000,-1.000000000,-1.000000000,-1.000000000,-1.000000000,-1.000000000,-1.000000000,-1.000000000,-1.000000000,0.000000000,0.000000000,-1.000000000,-1.000000000,NA,0.050000000,INSUFFICIENT_DECISION_SIGNAL,1,1,f_access;f_threshold;f_gain_memory;f_cost_memory;f_cpu_memory;f_sharing_memory;f_gain_thread;f_cost_thread;f_cpu_thread;f_sharing_thread,0.999997685,1790944139
2026-10-02T12:28:59,APP_15462_1728333,15462,workload,UNAVAILABLE,-1.000000000,-1.000000000,-1.000000000,-1.000000000,-1.000000000,-1.000000000,-1.000000000,-1.000000000,-1.000000000,-1.000000000,-1.000000000,-1.000000000,-1.000000000,0.000000000,0.000000000,-1.000000000,-1.000000000,NA,0.050000000,INSUFFICIENT_DECISION_SIGNAL,1,1,f_access;f_threshold;f_gain_memory;f_cost_memory;f_cpu_memory;f_sharing_memory;f_gain_thread;f_cost_thread;f_cpu_thread;f_sharing_thread,0.999997685,1790944139
2026-10-02T12:28:59,APP_15462_1728333,15462,workload,UNAVAILABLE,-1.000000000,-1.000000000,-1.000000000,-1.000000000,-1.000000000,-1.000000000,-1.000000000,-1.000000000,-1.000000000,-1.000000000,-1.000000000,-1.000000000,-1.000000000,0.000000000,0.000000000,-1.000000000,-1.000000000,NA,0.050000000,INSUFFICIENT_DECISION_SIGNAL,1,1,f_access;f_threshold;f_gain_memory;f_cost_memory;f_cpu_memory;f_sharing_memory;f_gain_thread;f_cost_thread;f_cpu_thread;f_sharing_thread,0.999997685,1790944139
2026-10-02T12:28:59,APP_15462_1728333,15462,workload,UNAVAILABLE,-1.000000000,-1.000000000,-1.000000000,-1.000000000,-1.000000000,-1.000000000,-1.000000000,-1.000000000,-1.000000000,-1.000000000,-1.000000000,-1.000000000,-1.000000000,0.000000000,0.000000000,-1.000000000,-1.000000000,NA,0.050000000,INSUFFICIENT_DECISION_SIGNAL,1,1,f_access;f_threshold;f_gain_memory;f_cost_memory;f_cpu_memory;f_sharing_memory;f_gain_thread;f_cost_thread;f_cpu_thread;f_sharing_thread,0.999997685,1790944139
2026-10-02T12:28:59,APP_15462_1728333,15462,workload,UNAVAILABLE,-1.000000000,-1.000000000,-1.000000000,-1.000000000,-1.000000000,-1.000000000,-1.000000000,-1.000000000,-1.000000000,-1.000000000,-1.000000000,-1.000000000,-1.000000000,0.000000000,0.000000000,-1.000000000,-1.000000000,NA,0.050000000,INSUFFICIENT_DECISION_SIGNAL,1,1,f_access;f_threshold;f_gain_memory;f_cost_memory;f_cpu_memory;f_sharing_memory;f_gain_thread;f_cost_thread;f_cpu_thread;f_sharing_thread,0.999998843,1790944140
2026-10-02T12:28:59,APP_15462_1728333,15462,workload,UNAVAILABLE,-1.000000000,-1.000000000,-1.000000000,-1.000000000,-1.000000000,-1.000000000,-1.000000000,-1.000000000,-1.000000000,-1.000000000,-1.000000000,-1.000000000,-1.000000000,0.000000000,0.000000000,-1.000000000,-1.000000000,NA,0.050000000,INSUFFICIENT_DECISION_SIGNAL,1,1,f_access;f_threshold;f_gain_memory;f_cost_memory;f_cpu_memory;f_sharing_memory;f_gain_thread;f_cost_thread;f_cpu_thread;f_sharing_thread,0.999998843,1790944140
2026-10-02T12:28:59,APP_15462_1728333,15462,workload,UNAVAILABLE,-1.000000000,-1.000000000,-1.000000000,-1.000000000,-1.000000000,-1.000000000,-1.000000000,-1.000000000,-1.000000000,-1.000000000,-1.000000000,-1.000000000,-1.000000000,0.000000000,0.000000000,-1.000000000,-1.000000000,NA,0.050000000,INSUFFICIENT_DECISION_SIGNAL,1,1,f_access;f_threshold;f_gain_memory;f_cost_memory;f_cpu_memory;f_sharing_memory;f_gain_thread;f_cost_thread;f_cpu_thread;f_sharing_thread,0.999998843,1790944140
2026-10-02T12:28:59,APP_15462_1728333,15462,workload,UNAVAILABLE,-1.000000000,-1.000000000,-1.000000000,-1.000000000,-1.000000000,-1.000000000,-1.000000000,-1.000000000,-1.000000000,-1.000000000,-1.000000000,-1.000000000,-1.000000000,0.000000000,0.000000000,-1.000000000,-1.000000000,NA,0.050000000,INSUFFICIENT_DECISION_SIGNAL,1,1,f_access;f_threshold;f_gain_memory;f_cost_memory;f_cpu_memory;f_sharing_memory;f_gain_thread;f_cost_thread;f_cpu_thread;f_sharing_thread,0.999998843,1790944140
2026-10-02T12:29:00,APP_15462_1728333,15462,workload,UNAVAILABLE,-1.000000000,-1.000000000,-1.000000000,-1.000000000,-1.000000000,-1.000000000,-1.000000000,-1.000000000,-1.000000000,-1.000000000,-1.000000000,-1.000000000,-1.000000000,0.000000000,0.000000000,-1.000000000,-1.000000000,NA,0.050000000,INSUFFICIENT_DECISION_SIGNAL,1,1,f_access;f_threshold;f_gain_memory;f_cost_memory;f_cpu_memory;f_sharing_memory;f_gain_thread;f_cost_thread;f_cpu_thread;f_sharing_thread,0.999998843,1790944140
2026-10-02T12:29:00,APP_15462_1728333,15462,workload,UNAVAILABLE,-1.000000000,-1.000000000,-1.000000000,-1.000000000,-1.000000000,-1.000000000,-1.000000000,-1.000000000,-1.000000000,-1.000000000,-1.000000000,-1.000000000,-1.000000000,0.000000000,0.000000000,-1.000000000,-1.000000000,NA,0.050000000,INSUFFICIENT_DECISION_SIGNAL,1,1,f_access;f_threshold;f_gain_memory;f_cost_memory;f_cpu_memory;f_sharing_memory;f_gain_thread;f_cost_thread;f_cpu_thread;f_sharing_thread,0.999998843,1790944140
2026-10-02T12:29:00,APP_15462_1728333,15462,workload,UNAVAILABLE,-1.000000000,-1.000000000,-1.000000000,-1.000000000,-1.000000000,-1.000000000,-1.000000000,-1.000000000,-1.000000000,-1.000000000,-1.000000000,-1.000000000,-1.000000000,0.000000000,0.000000000,-1.000000000,-1.000000000,NA,0.050000000,INSUFFICIENT_DECISION_SIGNAL,1,1,f_access;f_threshold;f_gain_memory;f_cost_memory;f_cpu_memory;f_sharing_memory;f_gain_thread;f_cost_thread;f_cpu_thread;f_sharing_thread,0.999998843,1790944140
2026-10-02T12:29:00,APP_15462_1728333,15462,workload,UNAVAILABLE,-1.000000000,-1.000000000,-1.000000000,-1.000000000,-1.000000000,-1.000000000,-1.000000000,-1.000000000,-1.000000000,-1.000000000,-1.000000000,-1.000000000,-1.000000000,0.000000000,0.000000000,-1.000000000,-1.000000000,NA,0.050000000,INSUFFICIENT_DECISION_SIGNAL,1,1,f_access;f_threshold;f_gain_memory;f_cost_memory;f_cpu_memory;f_sharing_memory;f_gain_thread;f_cost_thread;f_cpu_thread;f_sharing_thread,0.999998843,1790944140
2026-10-02T12:29:00,APP_15462_1728333,15462,workload,UNAVAILABLE,-1.000000000,-1.000000000,-1.000000000,-1.000000000,-1.000000000,-1.000000000,-1.000000000,-1.000000000,-1.000000000,-1.000000000,-1.000000000,-1.000000000,-1.000000000,0.000000000,0.000000000,-1.000000000,-1.000000000,NA,0.050000000,INSUFFICIENT_DECISION_SIGNAL,1,1,f_access;f_threshold;f_gain_memory;f_cost_memory;f_cpu_memory;f_sharing_memory;f_gain_thread;f_cost_thread;f_cpu_thread;f_sharing_thread,0.999998843,1790944140
2026-10-02T12:29:00,APP_15462_1728333,15462,workload,UNAVAILABLE,-1.000000000,-1.000000000,-1.000000000,-1.000000000,-1.000000000,-1.000000000,-1.000000000,-1.000000000,-1.000000000,-1.000000000,-1.000000000,-1.000000000,-1.000000000,0.000000000,0.000000000,-1.000000000,-1.000000000,NA,0.050000000,INSUFFICIENT_DECISION_SIGNAL,1,1,f_access;f_threshold;f_gain_memory;f_cost_memory;f_cpu_memory;f_sharing_memory;f_gain_thread;f_cost_thread;f_cpu_thread;f_sharing_thread,1.000000000,1790944141
2026-10-02T12:29:00,APP_15462_1728333,15462,workload,UNAVAILABLE,-1.000000000,-1.000000000,-1.000000000,-1.000000000,-1.000000000,-1.000000000,-1.000000000,-1.000000000,-1.000000000,-1.000000000,-1.000000000,-1.000000000,-1.000000000,0.000000000,0.000000000,-1.000000000,-1.000000000,NA,0.050000000,INSUFFICIENT_DECISION_SIGNAL,1,1,f_access;f_threshold;f_gain_memory;f_cost_memory;f_cpu_memory;f_sharing_memory;f_gain_thread;f_cost_thread;f_cpu_thread;f_sharing_thread,1.000000000,1790944141
2026-10-02T12:29:00,APP_15462_1728333,15462,workload,UNAVAILABLE,-1.000000000,-1.000000000,-1.000000000,-1.000000000,-1.000000000,-1.000000000,-1.000000000,-1.000000000,-1.000000000,-1.000000000,-1.000000000,-1.000000000,-1.000000000,0.000000000,0.000000000,-1.000000000,-1.000000000,NA,0.050000000,INSUFFICIENT_DECISION_SIGNAL,1,1,f_access;f_threshold;f_gain_memory;f_cost_memory;f_cpu_memory;f_sharing_memory;f_gain_thread;f_cost_thread;f_cpu_thread;f_sharing_thread,1.000000000,1790944141
2026-10-02T12:29:01,APP_15462_1728333,15462,workload,UNAVAILABLE,-1.000000000,-1.000000000,-1.000000000,-1.000000000,-1.000000000,-1.000000000,-1.000000000,-1.000000000,-1.000000000,-1.000000000,-1.000000000,-1.000000000,-1.000000000,0.000000000,0.000000000,-1.000000000,-1.000000000,NA,0.050000000,INSUFFICIENT_DECISION_SIGNAL,1,1,f_access;f_threshold;f_gain_memory;f_cost_memory;f_cpu_memory;f_sharing_memory;f_gain_thread;f_cost_thread;f_cpu_thread;f_sharing_thread,1.000000000,1790944141
2026-10-02T12:29:01,APP_15462_1728333,15462,workload,UNAVAILABLE,-1.000000000,-1.000000000,-1.000000000,-1.000000000,-1.000000000,-1.000000000,-1.000000000,-1.000000000,-1.000000000,-1.000000000,-1.000000000,-1.000000000,-1.000000000,0.000000000,0.000000000,-1.000000000,-1.000000000,NA,0.050000000,INSUFFICIENT_DECISION_SIGNAL,1,1,f_access;f_threshold;f_gain_memory;f_cost_memory;f_cpu_memory;f_sharing_memory;f_gain_thread;f_cost_thread;f_cpu_thread;f_sharing_thread,1.000000000,1790944141
2026-10-02T12:29:01,APP_15462_1728333,15462,workload,UNAVAILABLE,-1.000000000,-1.000000000,-1.000000000,-1.000000000,-1.000000000,-1.000000000,-1.000000000,-1.000000000,-1.000000000,-1.000000000,-1.000000000,-1.000000000,-1.000000000,0.000000000,0.000000000,-1.000000000,-1.000000000,NA,0.050000000,INSUFFICIENT_DECISION_SIGNAL,1,1,f_access;f_threshold;f_gain_memory;f_cost_memory;f_cpu_memory;f_sharing_memory;f_gain_thread;f_cost_thread;f_cpu_thread;f_sharing_thread,1.000000000,1790944141
2026-10-02T12:29:01,APP_15462_1728333,15462,workload,UNAVAILABLE,-1.000000000,-1.000000000,-1.000000000,-1.000000000,-1.000000000,-1.000000000,-1.000000000,-1.000000000,-1.000000000,-1.000000000,-1.000000000,-1.000000000,-1.000000000,0.000000000,0.000000000,-1.000000000,-1.000000000,NA,0.050000000,INSUFFICIENT_DECISION_SIGNAL,1,1,f_access;f_threshold;f_gain_memory;f_cost_memory;f_cpu_memory;f_sharing_memory;f_gain_thread;f_cost_thread;f_cpu_thread;f_sharing_thread,1.000000000,1790944141
2026-10-02T12:29:01,APP_15462_1728333,15462,workload,UNAVAILABLE,-1.000000000,-1.000000000,-1.000000000,-1.000000000,-1.000000000,-1.000000000,-1.000000000,-1.000000000,-1.000000000,-1.000000000,-1.000000000,-1.000000000,-1.000000000,0.000000000,0.000000000,-1.000000000,-1.000000000,NA,0.050000000,INSUFFICIENT_DECISION_SIGNAL,1,1,f_access;f_threshold;f_gain_memory;f_cost_memory;f_cpu_memory;f_sharing_memory;f_gain_thread;f_cost_thread;f_cpu_thread;f_sharing_thread,1.000000000,1790944141
2026-10-02T12:29:01,APP_15462_1728333,15462,workload,UNAVAILABLE,-1.000000000,-1.000000000,-1.000000000,-1.000000000,-1.000000000,-1.000000000,-1.000000000,-1.000000000,-1.000000000,-1.000000000,-1.000000000,-1.000000000,-1.000000000,0.000000000,0.000000000,-1.000000000,-1.000000000,NA,0.050000000,INSUFFICIENT_DECISION_SIGNAL,1,1,f_access;f_threshold;f_gain_memory;f_cost_memory;f_cpu_memory;f_sharing_memory;f_gain_thread;f_cost_thread;f_cpu_thread;f_sharing_thread,1.000000000,1790944141
