timestamp,app_id,pid,entity_id,classification,classification_score,f_access,f_threshold,f_gain_memory,f_cost_memory,f_cpu_memory,f_sharing_memory,f_gain_thread,f_cost_thread,f_cpu_thread,f_sharing_thread,memory_score_raw,thread_score_raw,memory_bias,thread_bias,memory_score_final,thread_score_final,decision_margin,epsilon,decision,weight_version,bias_version,status,history_relevance,recorded_at_epoch
2026-10-02T12:29:03,APP_15586_1731638,15586,workload,UNAVAILABLE,-1.000000000,-1.000000000,-1.000000000,-1.000000000,-1.000000000,-1.000000000,-1.000000000,-1.000000000,-1.000000000,-1.000000000,-1.000000000,-1.000000000,-1.000000000,0.000000000,0.000000000,-1.000000000,-1.000000000,NA,0.050000000,INSUFFICIENT_DECISION_SIGNAL,1,1,f_access;f_threshold;f_gain_memory;f_cost_memory;f_cpu_memory;f_sharing_memory;f_gain_thread;f_cost_thread;f_cpu_thread;f_sharing_thread,0.999965278,1790944144
2026-10-02T12:29:03,APP_15586_1731638,15586,workload,UNAVAILABLE,-1.000000000,-1.000000000,-1.000000000,-1.000000000,-1.000000000,-1.000000000,-1.000000000,-1.000000000,-1.000000000,-1.000000000,-1.000000000,-1.000000000,-1.000000000,0.000000000,0.000000000,-1.000000000,-1.000000000,NA,0.050000000,INSUFFICIENT_DECISION_SIGNAL,1,1,f_access;f_threshold;f_gain_memory;f_cost_memory;f_cpu_memory;f_sharing_memory;f_gain_thread;f_cost_thread;f_cpu_thread;f_sharing_thread,0.999965278,1790944144
2026-10-02T12:29:03,APP_15586_1731638,15586,workload,UNAVAILABLE,-1.000000000,-1.000000000,-1.000000000,-1.000000000,-1.000000000,-1.000000000,-1.000000000,-1.000000000,-1.000000000,-1.000000000,-1.000000000,-1.000000000,-1.000000000,0.000000000,0.000000000,-1.000000000,-1.000000000,NA,0.050000000,INSUFFICIENT_DECISION_SIGNAL,1,1,f_access;f_threshold;f_gain_memory;f_cost_memory;f_cpu_memory;f_sharing_memory;f_gain_thread;f_cost_thread;f_cpu_thread;f_sharing_thread,0.999965278,1790944144
2026-10-02T12:29:04,APP_15586_1731638,15586,workload,UNAVAILABLE,-1.000000000,-1.000000000,-1.000000000,-1.000000000,-1.000000000,-1.000000000,-1.000000000,-1.000000000,-1.000000000,-1.000000000,-1.000000000,-1.000000000,-1.000000000,0.000000000,0.000000000,-1.000000000,-1.000000000,NA,0.050000000,INSUFFICIENT_DECISION_SIGNAL,1,1,f_access;f_threshold;f_gain_memory;f_cost_memory;f_cpu_memory;f_sharing_memory;f_gain_thread;f_cost_thread;f_cpu_thread;f_sharing_thread,0.999965278,1790944144
2026-10-02T12:29:04,APP_15586_1731638,15586,workload,UNAVAILABLE,-1.000000000,-1.000000000,-1.000000000,-1.000000000,-1.000000000,-1.000000000,-1.000000000,-1.000000000,-1.000000000,-1.000000000,-1.000000000,-1.000000000,-1.000000000,0.000000000,0.000000000,-1.000000000,-1.000000000,NA,0.050000000,INSUFFICIENT_DECISION_SIGNAL,1,1,f_access;f_threshold;f_gain_memory;f_cost_memory;f_cpu_memory;f_sharing_memory;f_gain_thread;f_cost_thread;f_cpu_thread;f_sharing_thread,0.999965278,1790944144
2026-10-02T12:29:04,APP_15586_1731638,15586,workload,UNAVAILABLE,-1.000000000,-1.000000000,-1.000000000,-1.000000000,-1.000000000,-1.000000000,-1.000000000,-1.000000000,-1.000000000,-1.000000000,-1.000000000,-1.000000000,-1.000000000,0.000000000,0.000000000,-1.000000000,-1.000000000,NA,0.050000000,INSUFFICIENT_DECISION_SIGNAL,1,1,f_access;f_threshold;f_gain_memory;f_cost_memory;f_cpu_memory;f_sharing_memory;f_gain_thread;f_cost_thread;f_cpu_thread;f_sharing_thread,0.999965278,1790944144
2026-10-02T12:29:04,APP_15586_1731638,15586,workload,UNAVAILABLE,-1.000000000,-1.000000000,-1.000000000,-1.000000000,-1.000000000,-1.000000000,-1.000000000,-1.000000000,-1.000000000,-1.000000000,-1.000000000,-1.000000000,-1.000000000,0.000000000,0.000000000,-1.000000000,-1.000000000,NA,0.050000000,INSUFFICIENT_DECISION_SIGNAL,1,1,f_access;f_threshold;f_gain_memory;f_cost_memory;f_cpu_memory;f_sharing_memory;f_gain_thread;f_cost_thread;f_cpu_thread;f_sharing_thread,0.999965278,1790944144
2026-10-02T12:29:04,APP_15586_1731638,15586,workload,UNAVAILABLE,-1.000000000,-1.000000000,-1.000000000,-1.000000000,-1.000000000,-1.000000000,-1.000000000,-1.000000000,-1.000000000,-1.000000000,-1.000000000,-1.000000000,-1.000000000,0.000000000,0.000000000,-1.000000000,-1.000000000,NA,0.050000000,INSUFFICIENT_DECISION_SIGNAL,1,1,f_access;f_threshold;f_gain_memory;f_cost_memory;f_cpu_memory;f_sharing_memory;f_gain_thread;f_cost_thread;f_cpu_thread;f_sharing_thread,0.999965278,1790944144
2026-10-02T12:29:04,APP_15586_1731638,15586,workload,UNAVAILABLE,-1.000000000,-1.000000000,-1.000000000,-1.000000000,-1.000000000,-1.000000000,-1.000000000,-1.000000000,-1.000000000,-1.000000000,-1.000000000,-1.000000000,-1.000000000,0.000000000,0.000000000,-1.000000000,-1.000000000,NA,0.050000000,INSUFFICIENT_DECISION_SIGNAL,1,1,f_access;f_threshold;f_gain_memory;f_cost_memory;f_cpu_memory;f_sharing_memory;f_gain_thread;f_cost_thread;f_cpu_thread;f_sharing_thread,0.999965278,1790944144
2026-10-02T12:29:04,APP_15586_1731638,15586,workload,UNAVAILABLE,-1.000000000,-1.000000000,-1.000000000,-1.000000000,-1.000000000,-1.000000000,-1.000000000,-1.000000000,-1.000000000,-1.000000000,-1.000000000,-1.000000000,-1.000000000,0.000000000,0.000000000,-1.000000000,-1.000000000,NA,0.050000000,INSUFFICIENT_DECISION_SIGNAL,1,1,f_access;f_threshold;f_gain_memory;f_cost_memory;f_cpu_memory;f_sharing_memory;f_gain_thread;f_cost_thread;f_cpu_thread;f_sharing_thread,0.999966436,1790944145
2026-10-02T12:29:05,APP_15586_1731638,15586,workload,UNAVAILABLE,-1.000000000,-1.000000000,-1.000000000,-1.000000000,-1.000000000,-1.000000000,-1.000000000,-1.000000000,-1.000000000,-1.000000000,-1.000000000,-1.000000000,-1.000000000,0.000000000,0.000000000,-1.000000000,-1.000000000,NA,0.050000000,INSUFFICIENT_DECISION_SIGNAL,1,1,f_access;f_threshold;f_gain_memory;f_cost_memory;f_cpu_memory;f_sharing_memory;f_gain_thread;f_cost_thread;f_cpu_thread;f_sharing_thread,0.999966436,1790944145
2026-10-02T12:29:05,APP_15586_1731638,15586,workload,UNAVAILABLE,-1.000000000,-1.000000000,-1.000000000,-1.000000000,-1.000000000,-1.000000000,-1.000000000,-1.000000000,-1.000000000,-1.000000000,-1.000000000,-1.000000000,-1.000000000,0.000000000,0.000000000,-1.000000000,-1.000000000,NA,0.050000000,INSUFFICIENT_DECISION_SIGNAL,1,1,f_access;f_threshold;f_gain_memory;f_cost_memory;f_cpu_memory;f_sharing_memory;f_gain_thread;f_cost_thread;f_cpu_thread;f_sharing_thread,0.999966436,1790944145
2026-10-02T12:29:05,APP_15586_1731638,15586,workload,UNAVAILABLE,-1.000000000,-1.000000000,-1.000000000,-1.000000000,-1.000000000,-1.000000000,-1.000000000,-1.000000000,-1.000000000,-1.000000000,-1.000000000,-1.000000000,-1.000000000,0.000000000,0.000000000,-1.000000000,-1.000000000,NA,0.050000000,INSUFFICIENT_DECISION_SIGNAL,1,1,f_access;f_threshold;f_gain_memory;f_cost_memory;f_cpu_memory;f_sharing_memory;f_gain_thread;f_cost_thread;f_cpu_thread;f_sharing_thread,0.999966436,1790944145
2026-10-02T12:29:05,APP_15586_1731638,15586,workload,UNAVAILABLE,-1.000000000,-1.000000000,-1.000000000,-1.000000000,-1.000000000,-1.000000000,-1.000000000,-1.000000000,-1.000000000,-1.000000000,-1.000000000,-1.000000000,-1.000000000,0.000000000,0.000000000,-1.000000000,-1.000000000,NA,0.050000000,INSUFFICIENT_DECISION_SIGNAL,1,1,f_access;f_threshold;f_gain_memory;f_cost_memory;f_cpu_memory;f_sharing_memory;f_gain_thread;f_cost_thread;f_cpu_thread;f_sharing_thread,0.999966436,1790944145
2026-10-02T12:29:05,APP_15586_1731638,15586,workload,UNAVAILABLE,-1.000000000,-1.000000000,-1.000000000,-1.000000000,-1.000000000,-1.000000000,-1.000000000,-1.000000000,-1.000000000,-1.000000000,-1.000000000,-1.000000000,-1.000000000,0.000000000,0.000000000,-1.000000000,-1.000000000,NA,0.050000000,INSUFFICIENT_DECISION_SIGNAL,1,1,f_access;f_threshold;f_gain_memory;f_cost_memory;f_cpu_memory;f_sharing_memory;f_gain_thread;f_cost_thread;f_cpu_thread;f_sharing_thread,0.999966436,1790944145
2026-10-02T12:29:05,APP_15586_1731638,15586,workload,UNAVAILABLE,-1.000000000,-1.000000000,-1.000000000,-1.000000000,-1.000000000,-1.000000000,-1.000000000,-1.000000000,-1.000000000,-1.000000000,-1.000000000,-1.000000000,-1.000000000,0.000000000,0.000000000,-1.000000000,-1.000000000,NA,0.050000000,INSUFFICIENT_DECISION_SIGNAL,1,1,f_access;f_threshold;f_gain_memory;f_cost_memory;f_cpu_memory;f_sharing_memory;f_gain_thread;f_cost_thread;f_cpu_thread;f_sharing_thread,0.999966436,1790944145
2026-10-02T12:29:05,APP_15586_1731638,15586,workload,UNAVAILABLE,-1.000000000,-1.000000000,-1.000000000,-1.000000000,-1.000000000,-1.000000000,-1.000000000,-1.000000000,-1.000000000,-1.000000000,-1.000000000,-1.000000000,-1.000000000,0.000000000,0.000000000,-1.000000000,-1.000000000,NA,0.050000000,INSUFFICIENT_DECISION_SIGNAL,1,1,f_access;f_threshold;f_gain_memory;f_cost_memory;f_cpu_memory;f_sharing_memory;f_gain_thread;f_cost_thread;f_cpu_thread;f_sharing_thread,0.999966436,1790944145
2026-10-02T12:29:05,APP_15586_1731638,15586,workload,UNAVAILABLE,-1.000000000,-1.000000000,-1.000000000,-1.000000000,-1.000000000,-1.000000000,-1.000000000,-1.000000000,-1.000000000,-1.000000000,-1.000000000,-1.000000000,-1.000000000,0.000000000,0.000000000,-1.000000000,-1.000000000,NA,0.050000000,INSUFFICIENT_DECISION_SIGNAL,1,1,f_access;f_threshold;f_gain_memory;f_cost_memory;f_cpu_memory;f_sharing_memory;f_gain_thread;f_cost_thread;f_cpu_thread;f_sharing_thread,0.999966436,1790944145
2026-10-02T12:29:06,APP_15586_1731638,15586,workload,UNAVAILABLE,-1.000000000,-1.000000000,-1.000000000,-1.000000000,-1.000000000,-1.000000000,-1.000000000,-1.000000000,-1.000000000,-1.000000000,-1.000000000,-1.000000000,-1.000000000,0.000000000,0.000000000,-1.000000000,-1.000000000,NA,0.050000000,INSUFFICIENT_DECISION_SIGNAL,1,1,f_access;f_threshold;f_gain_memory;f_cost_memory;f_cpu_memory;f_sharing_memory;f_gain_thread;f_cost_thread;f_cpu_thread;f_sharing_thread,0.999968750,1790944147
2026-10-02T12:29:06,APP_15586_1731638,15586,workload,UNAVAILABLE,-1.000000000,-1.000000000,-1.000000000,-1.000000000,-1.000000000,-1.000000000,-1.000000000,-1.000000000,-1.000000000,-1.000000000,-1.000000000,-1.000000000,-1.000000000,0.000000000,0.000000000,-1.000000000,-1.000000000,NA,0.050000000,INSUFFICIENT_DECISION_SIGNAL,1,1,f_access;f_threshold;f_gain_memory;f_cost_memory;f_cpu_memory;f_sharing_memory;f_gain_thread;f_cost_thread;f_cpu_thread;f_sharing_thread,0.999968750,1790944147
2026-10-02T12:29:06,APP_15586_1731638,15586,workload,UNAVAILABLE,-1.000000000,-1.000000000,-1.000000000,-1.000000000,-1.000000000,-1.000000000,-1.000000000,-1.000000000,-1.000000000,-1.000000000,-1.000000000,-1.000000000,-1.000000000,0.000000000,0.000000000,-1.000000000,-1.000000000,NA,0.050000000,INSUFFICIENT_DECISION_SIGNAL,1,1,f_access;f_threshold;f_gain_memory;f_cost_memory;f_cpu_memory;f_sharing_memory;f_gain_thread;f_cost_thread;f_cpu_thread;f_sharing_thread,0.999968750,1790944147
2026-10-02T12:29:06,APP_15586_1731638,15586,workload,UNAVAILABLE,-1.000000000,-1.000000000,-1.000000000,-1.000000000,-1.000000000,-1.000000000,-1.000000000,-1.000000000,-1.000000000,-1.000000000,-1.000000000,-1.000000000,-1.000000000,0.000000000,0.000000000,-1.000000000,-1.000000000,NA,0.050000000,INSUFFICIENT_DECISION_SIGNAL,1,1,f_access;f_threshold;f_gain_memory;f_cost_memory;f_cpu_memory;f_sharing_memory;f_gain_thread;f_cost_thread;f_cpu_thread;f_sharing_thread,0.999968750,1790944147
2026-10-02T12:29:06,APP_15586_1731638,15586,workload,UNAVAILABLE,-1.000000000,-1.000000000,-1.000000000,-1.000000000,-1.000000000,-1.000000000,-1.000000000,-1.000000000,-1.000000000,-1.000000000,-1.000000000,-1.000000000,-1.000000000,0.000000000,0.000000000,-1.000000000,-1.000000000,NA,0.050000000,INSUFFICIENT_DECISION_SIGNAL,1,1,f_access;f_threshold;f_gain_memory;f_cost_memory;f_cpu_memory;f_sharing_memory;f_gain_thread;f_cost_thread;f_cpu_thread;f_sharing_thread,0.999968750,1790944147
2026-10-02T12:29:06,APP_15586_1731638,15586,workload,UNAVAILABLE,-1.000000000,-1.000000000,-1.000000000,-1.000000000,-1.000000000,-1.000000000,-1.000000000,-1.000000000,-1.000000000,-1.000000000,-1.000000000,-1.000000000,-1.000000000,0.000000000,0.000000000,-1.000000000,-1.000000000,NA,0.050000000,INSUFFICIENT_DECISION_SIGNAL,1,1,f_access;f_threshold;f_gain_memory;f_cost_memory;f_cpu_memory;f_sharing_memory;f_gain_thread;f_cost_thread;f_cpu_thread;f_sharing_thread,0.999968750,1790944147
2026-10-02T12:29:06,APP_15586_1731638,15586,workload,UNAVAILABLE,-1.000000000,-1.000000000,-1.000000000,-1.000000000,-1.000000000,-1.000000000,-1.000000000,-1.000000000,-1.000000000,-1.000000000,-1.000000000,-1.000000000,-1.000000000,0.000000000,0.000000000,-1.000000000,-1.000000000,NA,0.050000000,INSUFFICIENT_DECISION_SIGNAL,1,1,f_access;f_threshold;f_gain_memory;f_cost_memory;f_cpu_memory;f_sharing_memory;f_gain_thread;f_cost_thread;f_cpu_thread;f_sharing_thread,0.999968750,1790944147
2026-10-02T12:29:06,APP_15586_1731638,15586,workload,UNAVAILABLE,-1.000000000,-1.000000000,-1.000000000,-1.000000000,-1.000000000,-1.000000000,-1.000000000,-1.000000000,-1.000000000,-1.000000000,-1.000000000,-1.000000000,-1.000000000,0.000000000,0.000000000,-1.000000000,-1.000000000,NA,0.050000000,INSUFFICIENT_DECISION_SIGNAL,1,1,f_access;f_threshold;f_gain_memory;f_cost_memory;f_cpu_memory;f_sharing_memory;f_gain_thread;f_cost_thread;f_cpu_thread;f_sharing_thread,0.999968750,1790944147
2026-10-02T12:29:06,APP_15586_1731638,15586,workload,UNAVAILABLE,-1.000000000,-1.000000000,-1.000000000,-1.000000000,-1.000000000,-1.000000000,-1.000000000,-1.000000000,-1.000000000,-1.000000000,-1.000000000,-1.000000000,-1.000000000,0.000000000,0.000000000,-1.000000000,-1.000000000,NA,0.050000000,INSUFFICIENT_DECISION_SIGNAL,1,1,f_access;f_threshold;f_gain_memory;f_cost_memory;f_cpu_memory;f_sharing_memory;f_gain_thread;f_cost_thread;f_cpu_thread;f_sharing_thread,0.999968750,1790944147
2026-10-02T12:29:07,APP_15586_1731638,15586,workload,UNAVAILABLE,-1.000000000,-1.000000000,-1.000000000,-1.000000000,-1.000000000,-1.000000000,-1.000000000,-1.000000000,-1.000000000,-1.000000000,-1.000000000,-1.000000000,-1.000000000,0.000000000,0.000000000,-1.000000000,-1.000000000,NA,0.050000000,INSUFFICIENT_DECISION_SIGNAL,1,1,f_access;f_threshold;f_gain_memory;f_cost_memory;f_cpu_memory;f_sharing_memory;f_gain_thread;f_cost_thread;f_cpu_thread;f_sharing_thread,0.999969908,1790944148
2026-10-02T12:29:07,APP_15586_1731638,15586,workload,UNAVAILABLE,-1.000000000,-1.000000000,-1.000000000,-1.000000000,-1.000000000,-1.000000000,-1.000000000,-1.000000000,-1.000000000,-1.000000000,-1.000000000,-1.000000000,-1.000000000,0.000000000,0.000000000,-1.000000000,-1.000000000,NA,0.050000000,INSUFFICIENT_DECISION_SIGNAL,1,1,f_access;f_threshold;f_gain_memory;f_cost_memory;f_cpu_memory;f_sharing_memory;f_gain_thread;f_cost_thread;f_cpu_thread;f_sharing_thread,0.999969908,1790944148
2026-10-02T12:29:07,APP_15586_1731638,15586,workload,UNAVAILABLE,-1.000000000,-1.000000000,-1.000000000,-1.000000000,-1.000000000,-1.000000000,-1.000000000,-1.000000000,-1.000000000,-1.000000000,-1.000000000,-1.000000000,-1.000000000,0.000000000,0.000000000,-1.000000000,-1.000000000,NA,0.050000000,INSUFFICIENT_DECISION_SIGNAL,1,1,f_access;f_threshold;f_gain_memory;f_cost_memory;f_cpu_memory;f_sharing_memory;f_gain_thread;f_cost_thread;f_cpu_thread;f_sharing_thread,0.999969908,1790944148
2026-10-02T12:29:07,APP_15586_1731638,15586,workload,UNAVAILABLE,-1.000000000,-1.000000000,-1.000000000,-1.000000000,-1.000000000,-1.000000000,-1.000000000,-1.000000000,-1.000000000,-1.000000000,-1.000000000,-1.000000000,-1.000000000,0.000000000,0.000000000,-1.000000000,-1.000000000,NA,0.050000000,INSUFFICIENT_DECISION_SIGNAL,1,1,f_access;f_threshold;f_gain_memory;f_cost_memory;f_cpu_memory;f_sharing_memory;f_gain_thread;f_cost_thread;f_cpu_thread;f_sharing_thread,0.999969908,1790944148
2026-10-02T12:29:07,APP_15586_1731638,15586,workload,UNAVAILABLE,-1.000000000,-1.000000000,-1.000000000,-1.000000000,-1.000000000,-1.000000000,-1.000000000,-1.000000000,-1.000000000,-1.000000000,-1.000000000,-1.000000000,-1.000000000,0.000000000,0.000000000,-1.000000000,-1.000000000,NA,0.050000000,INSUFFICIENT_DECISION_SIGNAL,1,1,f_access;f_threshold;f_gain_memory;f_cost_memory;f_cpu_memory;f_sharing_memory;f_gain_thread;f_cost_thread;f_cpu_thread;f_sharing_thread,0.999969908,1790944148
2026-10-02T12:29:07,APP_15586_1731638,15586,workload,UNAVAILABLE,-1.000000000,-1.000000000,-1.000000000,-1.000000000,-1.000000000,-1.000000000,-1.000000000,-1.000000000,-1.000000000,-1.000000000,-1.000000000,-1.000000000,-1.000000000,0.000000000,0.000000000,-1.000000000,-1.000000000,NA,0.050000000,INSUFFICIENT_DECISION_SIGNAL,1,1,f_access;f_threshold;f_gain_memory;f_cost_memory;f_cpu_memory;f_sharing_memory;f_gain_thread;f_cost_thread;f_cpu_thread;f_sharing_thread,0.999969908,1790944148
2026-10-02T12:29:07,APP_15586_1731638,15586,workload,UNAVAILABLE,-1.000000000,-1.000000000,-1.000000000,-1.000000000,-1.000000000,-1.000000000,-1.000000000,-1.000000000,-1.000000000,-1.000000000,-1.000000000,-1.000000000,-1.000000000,0.000000000,0.000000000,-1.000000000,-1.000000000,NA,0.050000000,INSUFFICIENT_DECISION_SIGNAL,1,1,f_access;f_threshold;f_gain_memory;f_cost_memory;f_cpu_memory;f_sharing_memory;f_gain_thread;f_cost_thread;f_cpu_thread;f_sharing_thread,0.999969908,1790944148
2026-10-02T12:29:07,APP_15586_1731638,15586,workload,UNAVAILABLE,-1.000000000,-1.000000000,-1.000000000,-1.000000000,-1.000000000,-1.000000000,-1.000000000,-1.000000000,-1.000000000,-1.000000000,-1.000000000,-1.000000000,-1.000000000,0.000000000,0.000000000,-1.000000000,-1.000000000,NA,0.050000000,INSUFFICIENT_DECISION_SIGNAL,1,1,f_access;f_threshold;f_gain_memory;f_cost_memory;f_cpu_memory;f_sharing_memory;f_gain_thread;f_cost_thread;f_cpu_thread;f_sharing_thread,0.999969908,1790944148
2026-10-02T12:29:08,APP_15586_1731638,15586,workload,UNAVAILABLE,-1.000000000,-1.000000000,-1.000000000,-1.000000000,-1.000000000,-1.000000000,-1.000000000,-1.000000000,-1.000000000,-1.000000000,-1.000000000,-1.000000000,-1.000000000,0.000000000,0.000000000,-1.000000000,-1.000000000,NA,0.050000000,INSUFFICIENT_DECISION_SIGNAL,1,1,f_access;f_threshold;f_gain_memory;f_cost_memory;f_cpu_memory;f_sharing_memory;f_gain_thread;f_cost_thread;f_cpu_thread;f_sharing_thread,0.999969908,1790944148
2026-10-02T12:29:08,APP_15586_1731638,15586,workload,UNAVAILABLE,-1.000000000,-1.000000000,-1.000000000,-1.000000000,-1.000000000,-1.000000000,-1.000000000,-1.000000000,-1.000000000,-1.000000000,-1.000000000,-1.000000000,-1.000000000,0.000000000,0.000000000,-1.000000000,-1.000000000,NA,0.050000000,INSUFFICIENT_DECISION_SIGNAL,1,1,f_access;f_threshold;f_gain_memory;f_cost_memory;f_cpu_memory;f_sharing_memory;f_gain_thread;f_cost_thread;f_cpu_thread;f_sharing_thread,0.999971065,1790944149
2026-10-02T12:29:08,APP_15586_1731638,15586,workload,UNAVAILABLE,-1.000000000,-1.000000000,-1.000000000,-1.000000000,-1.000000000,-1.000000000,-1.000000000,-1.000000000,-1.000000000,-1.000000000,-1.000000000,-1.000000000,-1.000000000,0.000000000,0.000000000,-1.000000000,-1.000000000,NA,0.050000000,INSUFFICIENT_DECISION_SIGNAL,1,1,f_access;f_threshold;f_gain_memory;f_cost_memory;f_cpu_memory;f_sharing_memory;f_gain_thread;f_cost_thread;f_cpu_thread;f_sharing_thread,0.999971065,1790944149
2026-10-02T12:29:08,APP_15586_1731638,15586,workload,UNAVAILABLE,-1.000000000,-1.000000000,-1.000000000,-1.000000000,-1.000000000,-1.000000000,-1.000000000,-1.000000000,-1.000000000,-1.000000000,-1.000000000,-1.000000000,-1.000000000,0.000000000,0.000000000,-1.000000000,-1.000000000,NA,0.050000000,INSUFFICIENT_DECISION_SIGNAL,1,1,f_access;f_threshold;f_gain_memory;f_cost_memory;f_cpu_memory;f_sharing_memory;f_gain_thread;f_cost_thread;f_cpu_thread;f_sharing_thread,0.999971065,1790944149
2026-10-02T12:29:08,APP_15586_1731638,15586,workload,UNAVAILABLE,-1.000000000,-1.000000000,-1.000000000,-1.000000000,-1.000000000,-1.000000000,-1.000000000,-1.000000000,-1.000000000,-1.000000000,-1.000000000,-1.000000000,-1.000000000,0.000000000,0.000000000,-1.000000000,-1.000000000,NA,0.050000000,INSUFFICIENT_DECISION_SIGNAL,1,1,f_access;f_threshold;f_gain_memory;f_cost_memory;f_cpu_memory;f_sharing_memory;f_gain_thread;f_cost_thread;f_cpu_thread;f_sharing_thread,0.999971065,1790944149
2026-10-02T12:29:08,APP_15586_1731638,15586,workload,UNAVAILABLE,-1.000000000,-1.000000000,-1.000000000,-1.000000000,-1.000000000,-1.000000000,-1.000000000,-1.000000000,-1.000000000,-1.000000000,-1.000000000,-1.000000000,-1.000000000,0.000000000,0.000000000,-1.000000000,-1.000000000,NA,0.050000000,INSUFFICIENT_DECISION_SIGNAL,1,1,f_access;f_threshold;f_gain_memory;f_cost_memory;f_cpu_memory;f_sharing_memory;f_gain_thread;f_cost_thread;f_cpu_thread;f_sharing_thread,0.999971065,1790944149
2026-10-02T12:29:08,APP_15586_1731638,15586,workload,UNAVAILABLE,-1.000000000,-1.000000000,-1.000000000,-1.000000000,-1.000000000,-1.000000000,-1.000000000,-1.000000000,-1.000000000,-1.000000000,-1.000000000,-1.000000000,-1.000000000,0.000000000,0.000000000,-1.000000000,-1.000000000,NA,0.050000000,INSUFFICIENT_DECISION_SIGNAL,1,1,f_access;f_threshold;f_gain_memory;f_cost_memory;f_cpu_memory;f_sharing_memory;f_gain_thread;f_cost_thread;f_cpu_thread;f_sharing_thread,0.999971065,1790944149
2026-10-02T12:29:08,APP_15586_1731638,15586,workload,UNAVAILABLE,-1.000000000,-1.000000000,-1.000000000,-1.000000000,-1.000000000,-1.000000000,-1.000000000,-1.000000000,-1.000000000,-1.000000000,-1.000000000,-1.000000000,-1.000000000,0.000000000,0.000000000,-1.000000000,-1.000000000,NA,0.050000000,INSUFFICIENT_DECISION_SIGNAL,1,1,f_access;f_threshold;f_gain_memory;f_cost_memory;f_cpu_memory;f_sharing_memory;f_gain_thread;f_cost_thread;f_cpu_thread;f_sharing_thread,0.999971065,1790944149
2026-10-02T12:29:09,APP_15586_1731638,15586,workload,UNAVAILABLE,-1.000000000,-1.000000000,-1.000000000,-1.000000000,-1.000000000,-1.000000000,-1.000000000,-1.000000000,-1.000000000,-1.000000000,-1.000000000,-1.000000000,-1.000000000,0.000000000,0.000000000,-1.000000000,-1.000000000,NA,0.050000000,INSUFFICIENT_DECISION_SIGNAL,1,1,f_access;f_threshold;f_gain_memory;f_cost_memory;f_cpu_memory;f_sharing_memory;f_gain_thread;f_cost_thread;f_cpu_thread;f_sharing_thread,0.999971065,1790944149
2026-10-02T12:29:09,APP_15586_1731638,15586,workload,UNAVAILABLE,-1.000000000,-1.000000000,-1.000000000,-1.000000000,-1.000000000,-1.000000000,-1.000000000,-1.000000000,-1.000000000,-1.000000000,-1.000000000,-1.000000000,-1.000000000,0.000000000,0.000000000,-1.000000000,-1.000000000,NA,0.050000000,INSUFFICIENT_DECISION_SIGNAL,1,1,f_access;f_threshold;f_gain_memory;f_cost_memory;f_cpu_memory;f_sharing_memory;f_gain_thread;f_cost_thread;f_cpu_thread;f_sharing_thread,0.999971065,1790944149
2026-10-02T12:29:09,APP_15586_1731638,15586,workload,UNAVAILABLE,-1.000000000,-1.000000000,-1.000000000,-1.000000000,-1.000000000,-1.000000000,-1.000000000,-1.000000000,-1.000000000,-1.000000000,-1.000000000,-1.000000000,-1.000000000,0.000000000,0.000000000,-1.000000000,-1.000000000,NA,0.050000000,INSUFFICIENT_DECISION_SIGNAL,1,1,f_access;f_threshold;f_gain_memory;f_cost_memory;f_cpu_memory;f_sharing_memory;f_gain_thread;f_cost_thread;f_cpu_thread;f_sharing_thread,0.999971065,1790944149
2026-10-02T12:29:09,APP_15586_1731638,15586,workload,UNAVAILABLE,-1.000000000,-1.000000000,-1.000000000,-1.000000000,-1.000000000,-1.000000000,-1.000000000,-1.000000000,-1.000000000,-1.000000000,-1.000000000,-1.000000000,-1.000000000,0.000000000,0.000000000,-1.000000000,-1.000000000,NA,0.050000000,INSUFFICIENT_DECISION_SIGNAL,1,1,f_access;f_threshold;f_gain_memory;f_cost_memory;f_cpu_memory;f_sharing_memory;f_gain_thread;f_cost_thread;f_cpu_thread;f_sharing_thread,0.999972223,1790944150
2026-10-02T12:29:09,APP_15586_1731638,15586,workload,UNAVAILABLE,-1.000000000,-1.000000000,-1.000000000,-1.000000000,-1.000000000,-1.000000000,-1.000000000,-1.000000000,-1.000000000,-1.000000000,-1.000000000,-1.000000000,-1.000000000,0.000000000,0.000000000,-1.000000000,-1.000000000,NA,0.050000000,INSUFFICIENT_DECISION_SIGNAL,1,1,f_access;f_threshold;f_gain_memory;f_cost_memory;f_cpu_memory;f_sharing_memory;f_gain_thread;f_cost_thread;f_cpu_thread;f_sharing_thread,0.999972223,1790944150
2026-10-02T12:29:09,APP_15586_1731638,15586,workload,UNAVAILABLE,-1.000000000,-1.000000000,-1.000000000,-1.000000000,-1.000000000,-1.000000000,-1.000000000,-1.000000000,-1.000000000,-1.000000000,-1.000000000,-1.000000000,-1.000000000,0.000000000,0.000000000,-1.000000000,-1.000000000,NA,0.050000000,INSUFFICIENT_DECISION_SIGNAL,1,1,f_access;f_threshold;f_gain_memory;f_cost_memory;f_cpu_memory;f_sharing_memory;f_gain_thread;f_cost_thread;f_cpu_thread;f_sharing_thread,0.999972223,1790944150
2026-10-02T12:29:09,APP_15586_1731638,15586,workload,UNAVAILABLE,-1.000000000,-1.000000000,-1.000000000,-1.000000000,-1.000000000,-1.000000000,-1.000000000,-1.000000000,-1.000000000,-1.000000000,-1.000000000,-1.000000000,-1.000000000,0.000000000,0.000000000,-1.000000000,-1.000000000,NA,0.050000000,INSUFFICIENT_DECISION_SIGNAL,1,1,f_access;f_threshold;f_gain_memory;f_cost_memory;f_cpu_memory;f_sharing_memory;f_gain_thread;f_cost_thread;f_cpu_thread;f_sharing_thread,0.999972223,1790944150
2026-10-02T12:29:09,APP_15586_1731638,15586,workload,UNAVAILABLE,-1.000000000,-1.000000000,-1.000000000,-1.000000000,-1.000000000,-1.000000000,-1.000000000,-1.000000000,-1.000000000,-1.000000000,-1.000000000,-1.000000000,-1.000000000,0.000000000,0.000000000,-1.000000000,-1.000000000,NA,0.050000000,INSUFFICIENT_DECISION_SIGNAL,1,1,f_access;f_threshold;f_gain_memory;f_cost_memory;f_cpu_memory;f_sharing_memory;f_gain_thread;f_cost_thread;f_cpu_thread;f_sharing_thread,0.999972223,1790944150
2026-10-02T12:29:09,APP_15586_1731638,15586,workload,UNAVAILABLE,-1.000000000,-1.000000000,-1.000000000,-1.000000000,-1.000000000,-1.000000000,-1.000000000,-1.000000000,-1.000000000,-1.000000000,-1.000000000,-1.000000000,-1.000000000,0.000000000,0.000000000,-1.000000000,-1.000000000,NA,0.050000000,INSUFFICIENT_DECISION_SIGNAL,1,1,f_access;f_threshold;f_gain_memory;f_cost_memory;f_cpu_memory;f_sharing_memory;f_gain_thread;f_cost_thread;f_cpu_thread;f_sharing_thread,0.999972223,1790944150
2026-10-02T12:29:10,APP_15586_1731638,15586,workload,UNAVAILABLE,-1.000000000,-1.000000000,-1.000000000,-1.000000000,-1.000000000,-1.000000000,-1.000000000,-1.000000000,-1.000000000,-1.000000000,-1.000000000,-1.000000000,-1.000000000,0.000000000,0.000000000,-1.000000000,-1.000000000,NA,0.050000000,INSUFFICIENT_DECISION_SIGNAL,1,1,f_access;f_threshold;f_gain_memory;f_cost_memory;f_cpu_memory;f_sharing_memory;f_gain_thread;f_cost_thread;f_cpu_thread;f_sharing_thread,0.999972223,1790944150
2026-10-02T12:29:10,APP_15586_1731638,15586,workload,UNAVAILABLE,-1.000000000,-1.000000000,-1.000000000,-1.000000000,-1.000000000,-1.000000000,-1.000000000,-1.000000000,-1.000000000,-1.000000000,-1.000000000,-1.000000000,-1.000000000,0.000000000,0.000000000,-1.000000000,-1.000000000,NA,0.050000000,INSUFFICIENT_DECISION_SIGNAL,1,1,f_access;f_threshold;f_gain_memory;f_cost_memory;f_cpu_memory;f_sharing_memory;f_gain_thread;f_cost_thread;f_cpu_thread;f_sharing_thread,0.999972223,1790944150
2026-10-02T12:29:10,APP_15586_1731638,15586,workload,UNAVAILABLE,-1.000000000,-1.000000000,-1.000000000,-1.000000000,-1.000000000,-1.000000000,-1.000000000,-1.000000000,-1.000000000,-1.000000000,-1.000000000,-1.000000000,-1.000000000,0.000000000,0.000000000,-1.000000000,-1.000000000,NA,0.050000000,INSUFFICIENT_DECISION_SIGNAL,1,1,f_access;f_threshold;f_gain_memory;f_cost_memory;f_cpu_memory;f_sharing_memory;f_gain_thread;f_cost_thread;f_cpu_thread;f_sharing_thread,0.999972223,1790944150
2026-10-02T12:29:10,APP_15586_1731638,15586,workload,UNAVAILABLE,-1.000000000,-1.000000000,-1.000000000,-1.000000000,-1.000000000,-1.000000000,-1.000000000,-1.000000000,-1.000000000,-1.000000000,-1.000000000,-1.000000000,-1.000000000,0.000000000,0.000000000,-1.000000000,-1.000000000,NA,0.050000000,INSUFFICIENT_DECISION_SIGNAL,1,1,f_access;f_threshold;f_gain_memory;f_cost_memory;f_cpu_memory;f_sharing_memory;f_gain_thread;f_cost_thread;f_cpu_thread;f_sharing_thread,0.999973380,1790944151
2026-10-02T12:29:10,APP_15586_1731638,15586,workload,UNAVAILABLE,-1.000000000,-1.000000000,-1.000000000,-1.000000000,-1.000000000,-1.000000000,-1.000000000,-1.000000000,-1.000000000,-1.000000000,-1.000000000,-1.000000000,-1.000000000,0.000000000,0.000000000,-1.000000000,-1.000000000,NA,0.050000000,INSUFFICIENT_DECISION_SIGNAL,1,1,f_access;f_threshold;f_gain_memory;f_cost_memory;f_cpu_memory;f_sharing_memory;f_gain_thread;f_cost_thread;f_cpu_thread;f_sharing_thread,0.999973380,1790944151
2026-10-02T12:29:10,APP_15586_1731638,15586,workload,UNAVAILABLE,-1.000000000,-1.000000000,-1.000000000,-1.000000000,-1.000000000,-1.000000000,-1.000000000,-1.000000000,-1.000000000,-1.000000000,-1.000000000,-1.000000000,-1.000000000,0.000000000,0.000000000,-1.000000000,-1.000000000,NA,0.050000000,INSUFFICIENT_DECISION_SIGNAL,1,1,f_access;f_threshold;f_gain_memory;f_cost_memory;f_cpu_memory;f_sharing_memory;f_gain_thread;f_cost_thread;f_cpu_thread;f_sharing_thread,0.999973380,1790944151
2026-10-02T12:29:10,APP_15586_1731638,15586,workload,UNAVAILABLE,-1.000000000,-1.000000000,-1.000000000,-1.000000000,-1.000000000,-1.000000000,-1.000000000,-1.000000000,-1.000000000,-1.000000000,-1.000000000,-1.000000000,-1.000000000,0.000000000,0.000000000,-1.000000000,-1.000000000,NA,0.050000000,INSUFFICIENT_DECISION_SIGNAL,1,1,f_access;f_threshold;f_gain_memory;f_cost_memory;f_cpu_memory;f_sharing_memory;f_gain_thread;f_cost_thread;f_cpu_thread;f_sharing_thread,0.999973380,1790944151
2026-10-02T12:29:10,APP_15586_1731638,15586,workload,UNAVAILABLE,-1.000000000,-1.000000000,-1.000000000,-1.000000000,-1.000000000,-1.000000000,-1.000000000,-1.000000000,-1.000000000,-1.000000000,-1.000000000,-1.000000000,-1.000000000,0.000000000,0.000000000,-1.000000000,-1.000000000,NA,0.050000000,INSUFFICIENT_DECISION_SIGNAL,1,1,f_access;f_threshold;f_gain_memory;f_cost_memory;f_cpu_memory;f_sharing_memory;f_gain_thread;f_cost_thread;f_cpu_thread;f_sharing_thread,0.999973380,1790944151
2026-10-02T12:29:11,APP_15586_1731638,15586,workload,UNAVAILABLE,-1.000000000,-1.000000000,-1.000000000,-1.000000000,-1.000000000,-1.000000000,-1.000000000,-1.000000000,-1.000000000,-1.000000000,-1.000000000,-1.000000000,-1.000000000,0.000000000,0.000000000,-1.000000000,-1.000000000,NA,0.050000000,INSUFFICIENT_DECISION_SIGNAL,1,1,f_access;f_threshold;f_gain_memory;f_cost_memory;f_cpu_memory;f_sharing_memory;f_gain_thread;f_cost_thread;f_cpu_thread;f_sharing_thread,0.999973380,1790944151
2026-10-02T12:29:11,APP_15586_1731638,15586,workload,UNAVAILABLE,-1.000000000,-1.000000000,-1.000000000,-1.000000000,-1.000000000,-1.000000000,-1.000000000,-1.000000000,-1.000000000,-1.000000000,-1.000000000,-1.000000000,-1.000000000,0.000000000,0.000000000,-1.000000000,-1.000000000,NA,0.050000000,INSUFFICIENT_DECISION_SIGNAL,1,1,f_access;f_threshold;f_gain_memory;f_cost_memory;f_cpu_memory;f_sharing_memory;f_gain_thread;f_cost_thread;f_cpu_thread;f_sharing_thread,0.999973380,1790944151
2026-10-02T12:29:11,APP_15586_1731638,15586,workload,UNAVAILABLE,-1.000000000,-1.000000000,-1.000000000,-1.000000000,-1.000000000,-1.000000000,-1.000000000,-1.000000000,-1.000000000,-1.000000000,-1.000000000,-1.000000000,-1.000000000,0.000000000,0.000000000,-1.000000000,-1.000000000,NA,0.050000000,INSUFFICIENT_DECISION_SIGNAL,1,1,f_access;f_threshold;f_gain_memory;f_cost_memory;f_cpu_memory;f_sharing_memory;f_gain_thread;f_cost_thread;f_cpu_thread;f_sharing_thread,0.999973380,1790944151
2026-10-02T12:29:11,APP_15586_1731638,15586,workload,UNAVAILABLE,-1.000000000,-1.000000000,-1.000000000,-1.000000000,-1.000000000,-1.000000000,-1.000000000,-1.000000000,-1.000000000,-1.000000000,-1.000000000,-1.000000000,-1.000000000,0.000000000,0.000000000,-1.000000000,-1.000000000,NA,0.050000000,INSUFFICIENT_DECISION_SIGNAL,1,1,f_access;f_threshold;f_gain_memory;f_cost_memory;f_cpu_memory;f_sharing_memory;f_gain_thread;f_cost_thread;f_cpu_thread;f_sharing_thread,0.999973380,1790944151
2026-10-02T12:29:11,APP_15586_1731638,15586,workload,UNAVAILABLE,-1.000000000,-1.000000000,-1.000000000,-1.000000000,-1.000000000,-1.000000000,-1.000000000,-1.000000000,-1.000000000,-1.000000000,-1.000000000,-1.000000000,-1.000000000,0.000000000,0.000000000,-1.000000000,-1.000000000,NA,0.050000000,INSUFFICIENT_DECISION_SIGNAL,1,1,f_access;f_threshold;f_gain_memory;f_cost_memory;f_cpu_memory;f_sharing_memory;f_gain_thread;f_cost_thread;f_cpu_thread;f_sharing_thread,0.999974537,1790944152
2026-10-02T12:29:11,APP_15586_1731638,15586,workload,UNAVAILABLE,-1.000000000,-1.000000000,-1.000000000,-1.000000000,-1.000000000,-1.000000000,-1.000000000,-1.000000000,-1.000000000,-1.000000000,-1.000000000,-1.000000000,-1.000000000,0.000000000,0.000000000,-1.000000000,-1.000000000,NA,0.050000000,INSUFFICIENT_DECISION_SIGNAL,1,1,f_access;f_threshold;f_gain_memory;f_cost_memory;f_cpu_memory;f_sharing_memory;f_gain_thread;f_cost_thread;f_cpu_thread;f_sharing_thread,0.999974537,1790944152
2026-10-02T12:29:11,APP_15586_1731638,15586,workload,UNAVAILABLE,-1.000000000,-1.000000000,-1.000000000,-1.000000000,-1.000000000,-1.000000000,-1.000000000,-1.000000000,-1.000000000,-1.000000000,-1.000000000,-1.000000000,-1.000000000,0.000000000,0.000000000,-1.000000000,-1.000000000,NA,0.050000000,INSUFFICIENT_DECISION_SIGNAL,1,1,f_access;f_threshold;f_gain_memory;f_cost_memory;f_cpu_memory;f_sharing_memory;f_gain_thread;f_cost_thread;f_cpu_thread;f_sharing_thread,0.999974537,1790944152
2026-10-02T12:29:11,APP_15586_1731638,15586,workload,UNAVAILABLE,-1.000000000,-1.000000000,-1.000000000,-1.000000000,-1.000000000,-1.000000000,-1.000000000,-1.000000000,-1.000000000,-1.000000000,-1.000000000,-1.000000000,-1.000000000,0.000000000,0.000000000,-1.000000000,-1.000000000,NA,0.050000000,INSUFFICIENT_DECISION_SIGNAL,1,1,f_access;f_threshold;f_gain_memory;f_cost_memory;f_cpu_memory;f_sharing_memory;f_gain_thread;f_cost_thread;f_cpu_thread;f_sharing_thread,0.999974537,1790944152
2026-10-02T12:29:12,APP_15586_1731638,15586,workload,UNAVAILABLE,-1.000000000,-1.000000000,-1.000000000,-1.000000000,-1.000000000,-1.000000000,-1.000000000,-1.000000000,-1.000000000,-1.000000000,-1.000000000,-1.000000000,-1.000000000,0.000000000,0.000000000,-1.000000000,-1.000000000,NA,0.050000000,INSUFFICIENT_DECISION_SIGNAL,1,1,f_access;f_threshold;f_gain_memory;f_cost_memory;f_cpu_memory;f_sharing_memory;f_gain_thread;f_cost_thread;f_cpu_thread;f_sharing_thread,0.999974537,1790944152
2026-10-02T12:29:12,APP_15586_1731638,15586,workload,UNAVAILABLE,-1.000000000,-1.000000000,-1.000000000,-1.000000000,-1.000000000,-1.000000000,-1.000000000,-1.000000000,-1.000000000,-1.000000000,-1.000000000,-1.000000000,-1.000000000,0.000000000,0.000000000,-1.000000000,-1.000000000,NA,0.050000000,INSUFFICIENT_DECISION_SIGNAL,1,1,f_access;f_threshold;f_gain_memory;f_cost_memory;f_cpu_memory;f_sharing_memory;f_gain_thread;f_cost_thread;f_cpu_thread;f_sharing_thread,0.999974537,1790944152
2026-10-02T12:29:12,APP_15586_1731638,15586,workload,UNAVAILABLE,-1.000000000,-1.000000000,-1.000000000,-1.000000000,-1.000000000,-1.000000000,-1.000000000,-1.000000000,-1.000000000,-1.000000000,-1.000000000,-1.000000000,-1.000000000,0.000000000,0.000000000,-1.000000000,-1.000000000,NA,0.050000000,INSUFFICIENT_DECISION_SIGNAL,1,1,f_access;f_threshold;f_gain_memory;f_cost_memory;f_cpu_memory;f_sharing_memory;f_gain_thread;f_cost_thread;f_cpu_thread;f_sharing_thread,0.999974537,1790944152
2026-10-02T12:29:12,APP_15586_1731638,15586,workload,UNAVAILABLE,-1.000000000,-1.000000000,-1.000000000,-1.000000000,-1.000000000,-1.000000000,-1.000000000,-1.000000000,-1.000000000,-1.000000000,-1.000000000,-1.000000000,-1.000000000,0.000000000,0.000000000,-1.000000000,-1.000000000,NA,0.050000000,INSUFFICIENT_DECISION_SIGNAL,1,1,f_access;f_threshold;f_gain_memory;f_cost_memory;f_cpu_memory;f_sharing_memory;f_gain_thread;f_cost_thread;f_cpu_thread;f_sharing_thread,0.999974537,1790944152
2026-10-02T12:29:12,APP_15586_1731638,15586,workload,UNAVAILABLE,-1.000000000,-1.000000000,-1.000000000,-1.000000000,-1.000000000,-1.000000000,-1.000000000,-1.000000000,-1.000000000,-1.000000000,-1.000000000,-1.000000000,-1.000000000,0.000000000,0.000000000,-1.000000000,-1.000000000,NA,0.050000000,INSUFFICIENT_DECISION_SIGNAL,1,1,f_access;f_threshold;f_gain_memory;f_cost_memory;f_cpu_memory;f_sharing_memory;f_gain_thread;f_cost_thread;f_cpu_thread;f_sharing_thread,0.999975695,1790944153
2026-10-02T12:29:12,APP_15586_1731638,15586,workload,UNAVAILABLE,-1.000000000,-1.000000000,-1.000000000,-1.000000000,-1.000000000,-1.000000000,-1.000000000,-1.000000000,-1.000000000,-1.000000000,-1.000000000,-1.000000000,-1.000000000,0.000000000,0.000000000,-1.000000000,-1.000000000,NA,0.050000000,INSUFFICIENT_DECISION_SIGNAL,1,1,f_access;f_threshold;f_gain_memory;f_cost_memory;f_cpu_memory;f_sharing_memory;f_gain_thread;f_cost_thread;f_cpu_thread;f_sharing_thread,0.999975695,1790944153
2026-10-02T12:29:12,APP_15586_1731638,15586,workload,UNAVAILABLE,-1.000000000,-1.000000000,-1.000000000,-1.000000000,-1.000000000,-1.000000000,-1.000000000,-1.000000000,-1.000000000,-1.000000000,-1.000000000,-1.000000000,-1.000000000,0.000000000,0.000000000,-1.000000000,-1.000000000,NA,0.050000000,INSUFFICIENT_DECISION_SIGNAL,1,1,f_access;f_threshold;f_gain_memory;f_cost_memory;f_cpu_memory;f_sharing_memory;f_gain_thread;f_cost_thread;f_cpu_thread;f_sharing_thread,0.999975695,1790944153
2026-10-02T12:29:12,APP_15586_1731638,15586,workload,UNAVAILABLE,-1.000000000,-1.000000000,-1.000000000,-1.000000000,-1.000000000,-1.000000000,-1.000000000,-1.000000000,-1.000000000,-1.000000000,-1.000000000,-1.000000000,-1.000000000,0.000000000,0.000000000,-1.000000000,-1.000000000,NA,0.050000000,INSUFFICIENT_DECISION_SIGNAL,1,1,f_access;f_threshold;f_gain_memory;f_cost_memory;f_cpu_memory;f_sharing_memory;f_gain_thread;f_cost_thread;f_cpu_thread;f_sharing_thread,0.999975695,1790944153
2026-10-02T12:29:13,APP_15586_1731638,15586,workload,UNAVAILABLE,-1.000000000,-1.000000000,-1.000000000,-1.000000000,-1.000000000,-1.000000000,-1.000000000,-1.000000000,-1.000000000,-1.000000000,-1.000000000,-1.000000000,-1.000000000,0.000000000,0.000000000,-1.000000000,-1.000000000,NA,0.050000000,INSUFFICIENT_DECISION_SIGNAL,1,1,f_access;f_threshold;f_gain_memory;f_cost_memory;f_cpu_memory;f_sharing_memory;f_gain_thread;f_cost_thread;f_cpu_thread;f_sharing_thread,0.999975695,1790944153
2026-10-02T12:29:13,APP_15586_1731638,15586,workload,UNAVAILABLE,-1.000000000,-1.000000000,-1.000000000,-1.000000000,-1.000000000,-1.000000000,-1.000000000,-1.000000000,-1.000000000,-1.000000000,-1.000000000,-1.000000000,-1.000000000,0.000000000,0.000000000,-1.000000000,-1.000000000,NA,0.050000000,INSUFFICIENT_DECISION_SIGNAL,1,1,f_access;f_threshold;f_gain_memory;f_cost_memory;f_cpu_memory;f_sharing_memory;f_gain_thread;f_cost_thread;f_cpu_thread;f_sharing_thread,0.999975695,1790944153
2026-10-02T12:29:13,APP_15586_1731638,15586,workload,UNAVAILABLE,-1.000000000,-1.000000000,-1.000000000,-1.000000000,-1.000000000,-1.000000000,-1.000000000,-1.000000000,-1.000000000,-1.000000000,-1.000000000,-1.000000000,-1.000000000,0.000000000,0.000000000,-1.000000000,-1.000000000,NA,0.050000000,INSUFFICIENT_DECISION_SIGNAL,1,1,f_access;f_threshold;f_gain_memory;f_cost_memory;f_cpu_memory;f_sharing_memory;f_gain_thread;f_cost_thread;f_cpu_thread;f_sharing_thread,0.999975695,1790944153
2026-10-02T12:29:13,APP_15586_1731638,15586,workload,UNAVAILABLE,-1.000000000,-1.000000000,-1.000000000,-1.000000000,-1.000000000,-1.000000000,-1.000000000,-1.000000000,-1.000000000,-1.000000000,-1.000000000,-1.000000000,-1.000000000,0.000000000,0.000000000,-1.000000000,-1.000000000,NA,0.050000000,INSUFFICIENT_DECISION_SIGNAL,1,1,f_access;f_threshold;f_gain_memory;f_cost_memory;f_cpu_memory;f_sharing_memory;f_gain_thread;f_cost_thread;f_cpu_thread;f_sharing_thread,0.999975695,1790944153
2026-10-02T12:29:13,APP_15586_1731638,15586,workload,UNAVAILABLE,-1.000000000,-1.000000000,-1.000000000,-1.000000000,-1.000000000,-1.000000000,-1.000000000,-1.000000000,-1.000000000,-1.000000000,-1.000000000,-1.000000000,-1.000000000,0.000000000,0.000000000,-1.000000000,-1.000000000,NA,0.050000000,INSUFFICIENT_DECISION_SIGNAL,1,1,f_access;f_threshold;f_gain_memory;f_cost_memory;f_cpu_memory;f_sharing_memory;f_gain_thread;f_cost_thread;f_cpu_thread;f_sharing_thread,0.999975695,1790944153
2026-10-02T12:29:13,APP_15586_1731638,15586,workload,UNAVAILABLE,-1.000000000,-1.000000000,-1.000000000,-1.000000000,-1.000000000,-1.000000000,-1.000000000,-1.000000000,-1.000000000,-1.000000000,-1.000000000,-1.000000000,-1.000000000,0.000000000,0.000000000,-1.000000000,-1.000000000,NA,0.050000000,INSUFFICIENT_DECISION_SIGNAL,1,1,f_access;f_threshold;f_gain_memory;f_cost_memory;f_cpu_memory;f_sharing_memory;f_gain_thread;f_cost_thread;f_cpu_thread;f_sharing_thread,0.999976852,1790944154
2026-10-02T12:29:13,APP_15586_1731638,15586,workload,UNAVAILABLE,-1.000000000,-1.000000000,-1.000000000,-1.000000000,-1.000000000,-1.000000000,-1.000000000,-1.000000000,-1.000000000,-1.000000000,-1.000000000,-1.000000000,-1.000000000,0.000000000,0.000000000,-1.000000000,-1.000000000,NA,0.050000000,INSUFFICIENT_DECISION_SIGNAL,1,1,f_access;f_threshold;f_gain_memory;f_cost_memory;f_cpu_memory;f_sharing_memory;f_gain_thread;f_cost_thread;f_cpu_thread;f_sharing_thread,0.999976852,1790944154
2026-10-02T12:29:13,APP_15586_1731638,15586,workload,UNAVAILABLE,-1.000000000,-1.000000000,-1.000000000,-1.000000000,-1.000000000,-1.000000000,-1.000000000,-1.000000000,-1.000000000,-1.000000000,-1.000000000,-1.000000000,-1.000000000,0.000000000,0.000000000,-1.000000000,-1.000000000,NA,0.050000000,INSUFFICIENT_DECISION_SIGNAL,1,1,f_access;f_threshold;f_gain_memory;f_cost_memory;f_cpu_memory;f_sharing_memory;f_gain_thread;f_cost_thread;f_cpu_thread;f_sharing_thread,0.999976852,1790944154
2026-10-02T12:29:14,APP_15586_1731638,15586,workload,UNAVAILABLE,-1.000000000,-1.000000000,-1.000000000,-1.000000000,-1.000000000,-1.000000000,-1.000000000,-1.000000000,-1.000000000,-1.000000000,-1.000000000,-1.000000000,-1.000000000,0.000000000,0.000000000,-1.000000000,-1.000000000,NA,0.050000000,INSUFFICIENT_DECISION_SIGNAL,1,1,f_access;f_threshold;f_gain_memory;f_cost_memory;f_cpu_memory;f_sharing_memory;f_gain_thread;f_cost_thread;f_cpu_thread;f_sharing_thread,0.999976852,1790944154
2026-10-02T12:29:14,APP_15586_1731638,15586,workload,UNAVAILABLE,-1.000000000,-1.000000000,-1.000000000,-1.000000000,-1.000000000,-1.000000000,-1.000000000,-1.000000000,-1.000000000,-1.000000000,-1.000000000,-1.000000000,-1.000000000,0.000000000,0.000000000,-1.000000000,-1.000000000,NA,0.050000000,INSUFFICIENT_DECISION_SIGNAL,1,1,f_access;f_threshold;f_gain_memory;f_cost_memory;f_cpu_memory;f_sharing_memory;f_gain_thread;f_cost_thread;f_cpu_thread;f_sharing_thread,0.999976852,1790944154
2026-10-02T12:29:14,APP_15586_1731638,15586,workload,UNAVAILABLE,-1.000000000,-1.000000000,-1.000000000,-1.000000000,-1.000000000,-1.000000000,-1.000000000,-1.000000000,-1.000000000,-1.000000000,-1.000000000,-1.000000000,-1.000000000,0.000000000,0.000000000,-1.000000000,-1.000000000,NA,0.050000000,INSUFFICIENT_DECISION_SIGNAL,1,1,f_access;f_threshold;f_gain_memory;f_cost_memory;f_cpu_memory;f_sharing_memory;f_gain_thread;f_cost_thread;f_cpu_thread;f_sharing_thread,0.999976852,1790944154
2026-10-02T12:29:14,APP_15586_1731638,15586,workload,UNAVAILABLE,-1.000000000,-1.000000000,-1.000000000,-1.000000000,-1.000000000,-1.000000000,-1.000000000,-1.000000000,-1.000000000,-1.000000000,-1.000000000,-1.000000000,-1.000000000,0.000000000,0.000000000,-1.000000000,-1.000000000,NA,0.050000000,INSUFFICIENT_DECISION_SIGNAL,1,1,f_access;f_threshold;f_gain_memory;f_cost_memory;f_cpu_memory;f_sharing_memory;f_gain_thread;f_cost_thread;f_cpu_thread;f_sharing_thread,0.999976852,1790944154
2026-10-02T12:29:14,APP_15586_1731638,15586,workload,UNAVAILABLE,-1.000000000,-1.000000000,-1.000000000,-1.000000000,-1.000000000,-1.000000000,-1.000000000,-1.000000000,-1.000000000,-1.000000000,-1.000000000,-1.000000000,-1.000000000,0.000000000,0.000000000,-1.000000000,-1.000000000,NA,0.050000000,INSUFFICIENT_DECISION_SIGNAL,1,1,f_access;f_threshold;f_gain_memory;f_cost_memory;f_cpu_memory;f_sharing_memory;f_gain_thread;f_cost_thread;f_cpu_thread;f_sharing_thread,0.999976852,1790944154
2026-10-02T12:29:14,APP_15586_1731638,15586,workload,UNAVAILABLE,-1.000000000,-1.000000000,-1.000000000,-1.000000000,-1.000000000,-1.000000000,-1.000000000,-1.000000000,-1.000000000,-1.000000000,-1.000000000,-1.000000000,-1.000000000,0.000000000,0.000000000,-1.000000000,-1.000000000,NA,0.050000000,INSUFFICIENT_DECISION_SIGNAL,1,1,f_access;f_threshold;f_gain_memory;f_cost_memory;f_cpu_memory;f_sharing_memory;f_gain_thread;f_cost_thread;f_cpu_thread;f_sharing_thread,0.999976852,1790944154
2026-10-02T12:29:14,APP_15586_1731638,15586,workload,UNAVAILABLE,-1.000000000,-1.000000000,-1.000000000,-1.000000000,-1.000000000,-1.000000000,-1.000000000,-1.000000000,-1.000000000,-1.000000000,-1.000000000,-1.000000000,-1.000000000,0.000000000,0.000000000,-1.000000000,-1.000000000,NA,0.050000000,INSUFFICIENT_DECISION_SIGNAL,1,1,f_access;f_threshold;f_gain_memory;f_cost_memory;f_cpu_memory;f_sharing_memory;f_gain_thread;f_cost_thread;f_cpu_thread;f_sharing_thread,0.999978010,1790944155
2026-10-02T12:29:14,APP_15586_1731638,15586,workload,UNAVAILABLE,-1.000000000,-1.000000000,-1.000000000,-1.000000000,-1.000000000,-1.000000000,-1.000000000,-1.000000000,-1.000000000,-1.000000000,-1.000000000,-1.000000000,-1.000000000,0.000000000,0.000000000,-1.000000000,-1.000000000,NA,0.050000000,INSUFFICIENT_DECISION_SIGNAL,1,1,f_access;f_threshold;f_gain_memory;f_cost_memory;f_cpu_memory;f_sharing_memory;f_gain_thread;f_cost_thread;f_cpu_thread;f_sharing_thread,0.999978010,1790944155
2026-10-02T12:29:15,APP_15586_1731638,15586,workload,UNAVAILABLE,-1.000000000,-1.000000000,-1.000000000,-1.000000000,-1.000000000,-1.000000000,-1.000000000,-1.000000000,-1.000000000,-1.000000000,-1.000000000,-1.000000000,-1.000000000,0.000000000,0.000000000,-1.000000000,-1.000000000,NA,0.050000000,INSUFFICIENT_DECISION_SIGNAL,1,1,f_access;f_threshold;f_gain_memory;f_cost_memory;f_cpu_memory;f_sharing_memory;f_gain_thread;f_cost_thread;f_cpu_thread;f_sharing_thread,0.999978010,1790944155
2026-10-02T12:29:15,APP_15586_1731638,15586,workload,UNAVAILABLE,-1.000000000,-1.000000000,-1.000000000,-1.000000000,-1.000000000,-1.000000000,-1.000000000,-1.000000000,-1.000000000,-1.000000000,-1.000000000,-1.000000000,-1.000000000,0.000000000,0.000000000,-1.000000000,-1.000000000,NA,0.050000000,INSUFFICIENT_DECISION_SIGNAL,1,1,f_access;f_threshold;f_gain_memory;f_cost_memory;f_cpu_memory;f_sharing_memory;f_gain_thread;f_cost_thread;f_cpu_thread;f_sharing_thread,0.999978010,1790944155
2026-10-02T12:29:15,APP_15586_1731638,15586,workload,UNAVAILABLE,-1.000000000,-1.000000000,-1.000000000,-1.000000000,-1.000000000,-1.000000000,-1.000000000,-1.000000000,-1.000000000,-1.000000000,-1.000000000,-1.000000000,-1.000000000,0.000000000,0.000000000,-1.000000000,-1.000000000,NA,0.050000000,INSUFFICIENT_DECISION_SIGNAL,1,1,f_access;f_threshold;f_gain_memory;f_cost_memory;f_cpu_memory;f_sharing_memory;f_gain_thread;f_cost_thread;f_cpu_thread;f_sharing_thread,0.999978010,1790944155
2026-10-02T12:29:15,APP_15586_1731638,15586,workload,UNAVAILABLE,-1.000000000,-1.000000000,-1.000000000,-1.000000000,-1.000000000,-1.000000000,-1.000000000,-1.000000000,-1.000000000,-1.000000000,-1.000000000,-1.000000000,-1.000000000,0.000000000,0.000000000,-1.000000000,-1.000000000,NA,0.050000000,INSUFFICIENT_DECISION_SIGNAL,1,1,f_access;f_threshold;f_gain_memory;f_cost_memory;f_cpu_memory;f_sharing_memory;f_gain_thread;f_cost_thread;f_cpu_thread;f_sharing_thread,0.999978010,1790944155
2026-10-02T12:29:15,APP_15586_1731638,15586,workload,UNAVAILABLE,-1.000000000,-1.000000000,-1.000000000,-1.000000000,-1.000000000,-1.000000000,-1.000000000,-1.000000000,-1.000000000,-1.000000000,-1.000000000,-1.000000000,-1.000000000,0.000000000,0.000000000,-1.000000000,-1.000000000,NA,0.050000000,INSUFFICIENT_DECISION_SIGNAL,1,1,f_access;f_threshold;f_gain_memory;f_cost_memory;f_cpu_memory;f_sharing_memory;f_gain_thread;f_cost_thread;f_cpu_thread;f_sharing_thread,0.999978010,1790944155
2026-10-02T12:29:15,APP_15586_1731638,15586,workload,UNAVAILABLE,-1.000000000,-1.000000000,-1.000000000,-1.000000000,-1.000000000,-1.000000000,-1.000000000,-1.000000000,-1.000000000,-1.000000000,-1.000000000,-1.000000000,-1.000000000,0.000000000,0.000000000,-1.000000000,-1.000000000,NA,0.050000000,INSUFFICIENT_DECISION_SIGNAL,1,1,f_access;f_threshold;f_gain_memory;f_cost_memory;f_cpu_memory;f_sharing_memory;f_gain_thread;f_cost_thread;f_cpu_thread;f_sharing_thread,0.999978010,1790944155
2026-10-02T12:29:15,APP_15586_1731638,15586,workload,UNAVAILABLE,-1.000000000,-1.000000000,-1.000000000,-1.000000000,-1.000000000,-1.000000000,-1.000000000,-1.000000000,-1.000000000,-1.000000000,-1.000000000,-1.000000000,-1.000000000,0.000000000,0.000000000,-1.000000000,-1.000000000,NA,0.050000000,INSUFFICIENT_DECISION_SIGNAL,1,1,f_access;f_threshold;f_gain_memory;f_cost_memory;f_cpu_memory;f_sharing_memory;f_gain_thread;f_cost_thread;f_cpu_thread;f_sharing_thread,0.999978010,1790944155
2026-10-02T12:29:16,APP_15586_1731638,15586,workload,UNAVAILABLE,-1.000000000,-1.000000000,-1.000000000,-1.000000000,-1.000000000,-1.000000000,-1.000000000,-1.000000000,-1.000000000,-1.000000000,-1.000000000,-1.000000000,-1.000000000,0.000000000,0.000000000,-1.000000000,-1.000000000,NA,0.050000000,INSUFFICIENT_DECISION_SIGNAL,1,1,f_access;f_threshold;f_gain_memory;f_cost_memory;f_cpu_memory;f_sharing_memory;f_gain_thread;f_cost_thread;f_cpu_thread;f_sharing_thread,0.999979167,1790944156
2026-10-02T12:29:16,APP_15586_1731638,15586,workload,UNAVAILABLE,-1.000000000,-1.000000000,-1.000000000,-1.000000000,-1.000000000,-1.000000000,-1.000000000,-1.000000000,-1.000000000,-1.000000000,-1.000000000,-1.000000000,-1.000000000,0.000000000,0.000000000,-1.000000000,-1.000000000,NA,0.050000000,INSUFFICIENT_DECISION_SIGNAL,1,1,f_access;f_threshold;f_gain_memory;f_cost_memory;f_cpu_memory;f_sharing_memory;f_gain_thread;f_cost_thread;f_cpu_thread;f_sharing_thread,0.999979167,1790944156
2026-10-02T12:29:16,APP_15586_1731638,15586,workload,UNAVAILABLE,-1.000000000,-1.000000000,-1.000000000,-1.000000000,-1.000000000,-1.000000000,-1.000000000,-1.000000000,-1.000000000,-1.000000000,-1.000000000,-1.000000000,-1.000000000,0.000000000,0.000000000,-1.000000000,-1.000000000,NA,0.050000000,INSUFFICIENT_DECISION_SIGNAL,1,1,f_access;f_threshold;f_gain_memory;f_cost_memory;f_cpu_memory;f_sharing_memory;f_gain_thread;f_cost_thread;f_cpu_thread;f_sharing_thread,0.999979167,1790944156
2026-10-02T12:29:16,APP_15586_1731638,15586,workload,UNAVAILABLE,-1.000000000,-1.000000000,-1.000000000,-1.000000000,-1.000000000,-1.000000000,-1.000000000,-1.000000000,-1.000000000,-1.000000000,-1.000000000,-1.000000000,-1.000000000,0.000000000,0.000000000,-1.000000000,-1.000000000,NA,0.050000000,INSUFFICIENT_DECISION_SIGNAL,1,1,f_access;f_threshold;f_gain_memory;f_cost_memory;f_cpu_memory;f_sharing_memory;f_gain_thread;f_cost_thread;f_cpu_thread;f_sharing_thread,0.999979167,1790944156
2026-10-02T12:29:16,APP_15586_1731638,15586,workload,UNAVAILABLE,-1.000000000,-1.000000000,-1.000000000,-1.000000000,-1.000000000,-1.000000000,-1.000000000,-1.000000000,-1.000000000,-1.000000000,-1.000000000,-1.000000000,-1.000000000,0.000000000,0.000000000,-1.000000000,-1.000000000,NA,0.050000000,INSUFFICIENT_DECISION_SIGNAL,1,1,f_access;f_threshold;f_gain_memory;f_cost_memory;f_cpu_memory;f_sharing_memory;f_gain_thread;f_cost_thread;f_cpu_thread;f_sharing_thread,0.999979167,1790944156
2026-10-02T12:29:16,APP_15586_1731638,15586,workload,UNAVAILABLE,-1.000000000,-1.000000000,-1.000000000,-1.000000000,-1.000000000,-1.000000000,-1.000000000,-1.000000000,-1.000000000,-1.000000000,-1.000000000,-1.000000000,-1.000000000,0.000000000,0.000000000,-1.000000000,-1.000000000,NA,0.050000000,INSUFFICIENT_DECISION_SIGNAL,1,1,f_access;f_threshold;f_gain_memory;f_cost_memory;f_cpu_memory;f_sharing_memory;f_gain_thread;f_cost_thread;f_cpu_thread;f_sharing_thread,0.999979167,1790944156
2026-10-02T12:29:16,APP_15586_1731638,15586,workload,UNAVAILABLE,-1.000000000,-1.000000000,-1.000000000,-1.000000000,-1.000000000,-1.000000000,-1.000000000,-1.000000000,-1.000000000,-1.000000000,-1.000000000,-1.000000000,-1.000000000,0.000000000,0.000000000,-1.000000000,-1.000000000,NA,0.050000000,INSUFFICIENT_DECISION_SIGNAL,1,1,f_access;f_threshold;f_gain_memory;f_cost_memory;f_cpu_memory;f_sharing_memory;f_gain_thread;f_cost_thread;f_cpu_thread;f_sharing_thread,0.999979167,1790944156
2026-10-02T12:29:16,APP_15586_1731638,15586,workload,UNAVAILABLE,-1.000000000,-1.000000000,-1.000000000,-1.000000000,-1.000000000,-1.000000000,-1.000000000,-1.000000000,-1.000000000,-1.000000000,-1.000000000,-1.000000000,-1.000000000,0.000000000,0.000000000,-1.000000000,-1.000000000,NA,0.050000000,INSUFFICIENT_DECISION_SIGNAL,1,1,f_access;f_threshold;f_gain_memory;f_cost_memory;f_cpu_memory;f_sharing_memory;f_gain_thread;f_cost_thread;f_cpu_thread;f_sharing_thread,0.999979167,1790944156
2026-10-02T12:29:17,APP_15586_1731638,15586,workload,UNAVAILABLE,-1.000000000,-1.000000000,-1.000000000,-1.000000000,-1.000000000,-1.000000000,-1.000000000,-1.000000000,-1.000000000,-1.000000000,-1.000000000,-1.000000000,-1.000000000,0.000000000,0.000000000,-1.000000000,-1.000000000,NA,0.050000000,INSUFFICIENT_DECISION_SIGNAL,1,1,f_access;f_threshold;f_gain_memory;f_cost_memory;f_cpu_memory;f_sharing_memory;f_gain_thread;f_cost_thread;f_cpu_thread;f_sharing_thread,0.999981482,1790944158
2026-10-02T12:29:17,APP_15586_1731638,15586,workload,UNAVAILABLE,-1.000000000,-1.000000000,-1.000000000,-1.000000000,-1.000000000,-1.000000000,-1.000000000,-1.000000000,-1.000000000,-1.000000000,-1.000000000,-1.000000000,-1.000000000,0.000000000,0.000000000,-1.000000000,-1.000000000,NA,0.050000000,INSUFFICIENT_DECISION_SIGNAL,1,1,f_access;f_threshold;f_gain_memory;f_cost_memory;f_cpu_memory;f_sharing_memory;f_gain_thread;f_cost_thread;f_cpu_thread;f_sharing_thread,0.999981482,1790944158
2026-10-02T12:29:17,APP_15586_1731638,15586,workload,UNAVAILABLE,-1.000000000,-1.000000000,-1.000000000,-1.000000000,-1.000000000,-1.000000000,-1.000000000,-1.000000000,-1.000000000,-1.000000000,-1.000000000,-1.000000000,-1.000000000,0.000000000,0.000000000,-1.000000000,-1.000000000,NA,0.050000000,INSUFFICIENT_DECISION_SIGNAL,1,1,f_access;f_threshold;f_gain_memory;f_cost_memory;f_cpu_memory;f_sharing_memory;f_gain_thread;f_cost_thread;f_cpu_thread;f_sharing_thread,0.999981482,1790944158
2026-10-02T12:29:17,APP_15586_1731638,15586,workload,UNAVAILABLE,-1.000000000,-1.000000000,-1.000000000,-1.000000000,-1.000000000,-1.000000000,-1.000000000,-1.000000000,-1.000000000,-1.000000000,-1.000000000,-1.000000000,-1.000000000,0.000000000,0.000000000,-1.000000000,-1.000000000,NA,0.050000000,INSUFFICIENT_DECISION_SIGNAL,1,1,f_access;f_threshold;f_gain_memory;f_cost_memory;f_cpu_memory;f_sharing_memory;f_gain_thread;f_cost_thread;f_cpu_thread;f_sharing_thread,0.999981482,1790944158
2026-10-02T12:29:17,APP_15586_1731638,15586,workload,UNAVAILABLE,-1.000000000,-1.000000000,-1.000000000,-1.000000000,-1.000000000,-1.000000000,-1.000000000,-1.000000000,-1.000000000,-1.000000000,-1.000000000,-1.000000000,-1.000000000,0.000000000,0.000000000,-1.000000000,-1.000000000,NA,0.050000000,INSUFFICIENT_DECISION_SIGNAL,1,1,f_access;f_threshold;f_gain_memory;f_cost_memory;f_cpu_memory;f_sharing_memory;f_gain_thread;f_cost_thread;f_cpu_thread;f_sharing_thread,0.999981482,1790944158
2026-10-02T12:29:17,APP_15586_1731638,15586,workload,UNAVAILABLE,-1.000000000,-1.000000000,-1.000000000,-1.000000000,-1.000000000,-1.000000000,-1.000000000,-1.000000000,-1.000000000,-1.000000000,-1.000000000,-1.000000000,-1.000000000,0.000000000,0.000000000,-1.000000000,-1.000000000,NA,0.050000000,INSUFFICIENT_DECISION_SIGNAL,1,1,f_access;f_threshold;f_gain_memory;f_cost_memory;f_cpu_memory;f_sharing_memory;f_gain_thread;f_cost_thread;f_cpu_thread;f_sharing_thread,0.999981482,1790944158
2026-10-02T12:29:17,APP_15586_1731638,15586,workload,UNAVAILABLE,-1.000000000,-1.000000000,-1.000000000,-1.000000000,-1.000000000,-1.000000000,-1.000000000,-1.000000000,-1.000000000,-1.000000000,-1.000000000,-1.000000000,-1.000000000,0.000000000,0.000000000,-1.000000000,-1.000000000,NA,0.050000000,INSUFFICIENT_DECISION_SIGNAL,1,1,f_access;f_threshold;f_gain_memory;f_cost_memory;f_cpu_memory;f_sharing_memory;f_gain_thread;f_cost_thread;f_cpu_thread;f_sharing_thread,0.999981482,1790944158
2026-10-02T12:29:17,APP_15586_1731638,15586,workload,UNAVAILABLE,-1.000000000,-1.000000000,-1.000000000,-1.000000000,-1.000000000,-1.000000000,-1.000000000,-1.000000000,-1.000000000,-1.000000000,-1.000000000,-1.000000000,-1.000000000,0.000000000,0.000000000,-1.000000000,-1.000000000,NA,0.050000000,INSUFFICIENT_DECISION_SIGNAL,1,1,f_access;f_threshold;f_gain_memory;f_cost_memory;f_cpu_memory;f_sharing_memory;f_gain_thread;f_cost_thread;f_cpu_thread;f_sharing_thread,0.999981482,1790944158
2026-10-02T12:29:18,APP_15586_1731638,15586,workload,UNAVAILABLE,-1.000000000,-1.000000000,-1.000000000,-1.000000000,-1.000000000,-1.000000000,-1.000000000,-1.000000000,-1.000000000,-1.000000000,-1.000000000,-1.000000000,-1.000000000,0.000000000,0.000000000,-1.000000000,-1.000000000,NA,0.050000000,INSUFFICIENT_DECISION_SIGNAL,1,1,f_access;f_threshold;f_gain_memory;f_cost_memory;f_cpu_memory;f_sharing_memory;f_gain_thread;f_cost_thread;f_cpu_thread;f_sharing_thread,0.999981482,1790944158
2026-10-02T12:29:18,APP_15586_1731638,15586,workload,UNAVAILABLE,-1.000000000,-1.000000000,-1.000000000,-1.000000000,-1.000000000,-1.000000000,-1.000000000,-1.000000000,-1.000000000,-1.000000000,-1.000000000,-1.000000000,-1.000000000,0.000000000,0.000000000,-1.000000000,-1.000000000,NA,0.050000000,INSUFFICIENT_DECISION_SIGNAL,1,1,f_access;f_threshold;f_gain_memory;f_cost_memory;f_cpu_memory;f_sharing_memory;f_gain_thread;f_cost_thread;f_cpu_thread;f_sharing_thread,0.999982639,1790944159
2026-10-02T12:29:18,APP_15586_1731638,15586,workload,UNAVAILABLE,-1.000000000,-1.000000000,-1.000000000,-1.000000000,-1.000000000,-1.000000000,-1.000000000,-1.000000000,-1.000000000,-1.000000000,-1.000000000,-1.000000000,-1.000000000,0.000000000,0.000000000,-1.000000000,-1.000000000,NA,0.050000000,INSUFFICIENT_DECISION_SIGNAL,1,1,f_access;f_threshold;f_gain_memory;f_cost_memory;f_cpu_memory;f_sharing_memory;f_gain_thread;f_cost_thread;f_cpu_thread;f_sharing_thread,0.999982639,1790944159
2026-10-02T12:29:18,APP_15586_1731638,15586,workload,UNAVAILABLE,-1.000000000,-1.000000000,-1.000000000,-1.000000000,-1.000000000,-1.000000000,-1.000000000,-1.000000000,-1.000000000,-1.000000000,-1.000000000,-1.000000000,-1.000000000,0.000000000,0.000000000,-1.000000000,-1.000000000,NA,0.050000000,INSUFFICIENT_DECISION_SIGNAL,1,1,f_access;f_threshold;f_gain_memory;f_cost_memory;f_cpu_memory;f_sharing_memory;f_gain_thread;f_cost_thread;f_cpu_thread;f_sharing_thread,0.999982639,1790944159
2026-10-02T12:29:18,APP_15586_1731638,15586,workload,UNAVAILABLE,-1.000000000,-1.000000000,-1.000000000,-1.000000000,-1.000000000,-1.000000000,-1.000000000,-1.000000000,-1.000000000,-1.000000000,-1.000000000,-1.000000000,-1.000000000,0.000000000,0.000000000,-1.000000000,-1.000000000,NA,0.050000000,INSUFFICIENT_DECISION_SIGNAL,1,1,f_access;f_threshold;f_gain_memory;f_cost_memory;f_cpu_memory;f_sharing_memory;f_gain_thread;f_cost_thread;f_cpu_thread;f_sharing_thread,0.999982639,1790944159
2026-10-02T12:29:18,APP_15586_1731638,15586,workload,UNAVAILABLE,-1.000000000,-1.000000000,-1.000000000,-1.000000000,-1.000000000,-1.000000000,-1.000000000,-1.000000000,-1.000000000,-1.000000000,-1.000000000,-1.000000000,-1.000000000,0.000000000,0.000000000,-1.000000000,-1.000000000,NA,0.050000000,INSUFFICIENT_DECISION_SIGNAL,1,1,f_access;f_threshold;f_gain_memory;f_cost_memory;f_cpu_memory;f_sharing_memory;f_gain_thread;f_cost_thread;f_cpu_thread;f_sharing_thread,0.999982639,1790944159
2026-10-02T12:29:18,APP_15586_1731638,15586,workload,UNAVAILABLE,-1.000000000,-1.000000000,-1.000000000,-1.000000000,-1.000000000,-1.000000000,-1.000000000,-1.000000000,-1.000000000,-1.000000000,-1.000000000,-1.000000000,-1.000000000,0.000000000,0.000000000,-1.000000000,-1.000000000,NA,0.050000000,INSUFFICIENT_DECISION_SIGNAL,1,1,f_access;f_threshold;f_gain_memory;f_cost_memory;f_cpu_memory;f_sharing_memory;f_gain_thread;f_cost_thread;f_cpu_thread;f_sharing_thread,0.999982639,1790944159
2026-10-02T12:29:18,APP_15586_1731638,15586,workload,UNAVAILABLE,-1.000000000,-1.000000000,-1.000000000,-1.000000000,-1.000000000,-1.000000000,-1.000000000,-1.000000000,-1.000000000,-1.000000000,-1.000000000,-1.000000000,-1.000000000,0.000000000,0.000000000,-1.000000000,-1.000000000,NA,0.050000000,INSUFFICIENT_DECISION_SIGNAL,1,1,f_access;f_threshold;f_gain_memory;f_cost_memory;f_cpu_memory;f_sharing_memory;f_gain_thread;f_cost_thread;f_cpu_thread;f_sharing_thread,0.999982639,1790944159
2026-10-02T12:29:19,APP_15586_1731638,15586,workload,UNAVAILABLE,-1.000000000,-1.000000000,-1.000000000,-1.000000000,-1.000000000,-1.000000000,-1.000000000,-1.000000000,-1.000000000,-1.000000000,-1.000000000,-1.000000000,-1.000000000,0.000000000,0.000000000,-1.000000000,-1.000000000,NA,0.050000000,INSUFFICIENT_DECISION_SIGNAL,1,1,f_access;f_threshold;f_gain_memory;f_cost_memory;f_cpu_memory;f_sharing_memory;f_gain_thread;f_cost_thread;f_cpu_thread;f_sharing_thread,0.999982639,1790944159
2026-10-02T12:29:19,APP_15586_1731638,15586,workload,UNAVAILABLE,-1.000000000,-1.000000000,-1.000000000,-1.000000000,-1.000000000,-1.000000000,-1.000000000,-1.000000000,-1.000000000,-1.000000000,-1.000000000,-1.000000000,-1.000000000,0.000000000,0.000000000,-1.000000000,-1.000000000,NA,0.050000000,INSUFFICIENT_DECISION_SIGNAL,1,1,f_access;f_threshold;f_gain_memory;f_cost_memory;f_cpu_memory;f_sharing_memory;f_gain_thread;f_cost_thread;f_cpu_thread;f_sharing_thread,0.999982639,1790944159
2026-10-02T12:29:19,APP_15586_1731638,15586,workload,UNAVAILABLE,-1.000000000,-1.000000000,-1.000000000,-1.000000000,-1.000000000,-1.000000000,-1.000000000,-1.000000000,-1.000000000,-1.000000000,-1.000000000,-1.000000000,-1.000000000,0.000000000,0.000000000,-1.000000000,-1.000000000,NA,0.050000000,INSUFFICIENT_DECISION_SIGNAL,1,1,f_access;f_threshold;f_gain_memory;f_cost_memory;f_cpu_memory;f_sharing_memory;f_gain_thread;f_cost_thread;f_cpu_thread;f_sharing_thread,0.999983796,1790944160
2026-10-02T12:29:19,APP_15586_1731638,15586,workload,UNAVAILABLE,-1.000000000,-1.000000000,-1.000000000,-1.000000000,-1.000000000,-1.000000000,-1.000000000,-1.000000000,-1.000000000,-1.000000000,-1.000000000,-1.000000000,-1.000000000,0.000000000,0.000000000,-1.000000000,-1.000000000,NA,0.050000000,INSUFFICIENT_DECISION_SIGNAL,1,1,f_access;f_threshold;f_gain_memory;f_cost_memory;f_cpu_memory;f_sharing_memory;f_gain_thread;f_cost_thread;f_cpu_thread;f_sharing_thread,0.999983796,1790944160
2026-10-02T12:29:19,APP_15586_1731638,15586,workload,UNAVAILABLE,-1.000000000,-1.000000000,-1.000000000,-1.000000000,-1.000000000,-1.000000000,-1.000000000,-1.000000000,-1.000000000,-1.000000000,-1.000000000,-1.000000000,-1.000000000,0.000000000,0.000000000,-1.000000000,-1.000000000,NA,0.050000000,INSUFFICIENT_DECISION_SIGNAL,1,1,f_access;f_threshold;f_gain_memory;f_cost_memory;f_cpu_memory;f_sharing_memory;f_gain_thread;f_cost_thread;f_cpu_thread;f_sharing_thread,0.999983796,1790944160
2026-10-02T12:29:19,APP_15586_1731638,15586,workload,UNAVAILABLE,-1.000000000,-1.000000000,-1.000000000,-1.000000000,-1.000000000,-1.000000000,-1.000000000,-1.000000000,-1.000000000,-1.000000000,-1.000000000,-1.000000000,-1.000000000,0.000000000,0.000000000,-1.000000000,-1.000000000,NA,0.050000000,INSUFFICIENT_DECISION_SIGNAL,1,1,f_access;f_threshold;f_gain_memory;f_cost_memory;f_cpu_memory;f_sharing_memory;f_gain_thread;f_cost_thread;f_cpu_thread;f_sharing_thread,0.999983796,1790944160
2026-10-02T12:29:19,APP_15586_1731638,15586,workload,UNAVAILABLE,-1.000000000,-1.000000000,-1.000000000,-1.000000000,-1.000000000,-1.000000000,-1.000000000,-1.000000000,-1.000000000,-1.000000000,-1.000000000,-1.000000000,-1.000000000,0.000000000,0.000000000,-1.000000000,-1.000000000,NA,0.050000000,INSUFFICIENT_DECISION_SIGNAL,1,1,f_access;f_threshold;f_gain_memory;f_cost_memory;f_cpu_memory;f_sharing_memory;f_gain_thread;f_cost_thread;f_cpu_thread;f_sharing_thread,0.999983796,1790944160
2026-10-02T12:29:19,APP_15586_1731638,15586,workload,UNAVAILABLE,-1.000000000,-1.000000000,-1.000000000,-1.000000000,-1.000000000,-1.000000000,-1.000000000,-1.000000000,-1.000000000,-1.000000000,-1.000000000,-1.000000000,-1.000000000,0.000000000,0.000000000,-1.000000000,-1.000000000,NA,0.050000000,INSUFFICIENT_DECISION_SIGNAL,1,1,f_access;f_threshold;f_gain_memory;f_cost_memory;f_cpu_memory;f_sharing_memory;f_gain_thread;f_cost_thread;f_cpu_thread;f_sharing_thread,0.999983796,1790944160
2026-10-02T12:29:20,APP_15586_1731638,15586,workload,UNAVAILABLE,-1.000000000,-1.000000000,-1.000000000,-1.000000000,-1.000000000,-1.000000000,-1.000000000,-1.000000000,-1.000000000,-1.000000000,-1.000000000,-1.000000000,-1.000000000,0.000000000,0.000000000,-1.000000000,-1.000000000,NA,0.050000000,INSUFFICIENT_DECISION_SIGNAL,1,1,f_access;f_threshold;f_gain_memory;f_cost_memory;f_cpu_memory;f_sharing_memory;f_gain_thread;f_cost_thread;f_cpu_thread;f_sharing_thread,0.999983796,1790944160
2026-10-02T12:29:20,APP_15586_1731638,15586,workload,UNAVAILABLE,-1.000000000,-1.000000000,-1.000000000,-1.000000000,-1.000000000,-1.000000000,-1.000000000,-1.000000000,-1.000000000,-1.000000000,-1.000000000,-1.000000000,-1.000000000,0.000000000,0.000000000,-1.000000000,-1.000000000,NA,0.050000000,INSUFFICIENT_DECISION_SIGNAL,1,1,f_access;f_threshold;f_gain_memory;f_cost_memory;f_cpu_memory;f_sharing_memory;f_gain_thread;f_cost_thread;f_cpu_thread;f_sharing_thread,0.999983796,1790944160
2026-10-02T12:29:20,APP_15586_1731638,15586,workload,UNAVAILABLE,-1.000000000,-1.000000000,-1.000000000,-1.000000000,-1.000000000,-1.000000000,-1.000000000,-1.000000000,-1.000000000,-1.000000000,-1.000000000,-1.000000000,-1.000000000,0.000000000,0.000000000,-1.000000000,-1.000000000,NA,0.050000000,INSUFFICIENT_DECISION_SIGNAL,1,1,f_access;f_threshold;f_gain_memory;f_cost_memory;f_cpu_memory;f_sharing_memory;f_gain_thread;f_cost_thread;f_cpu_thread;f_sharing_thread,0.999984954,1790944161
2026-10-02T12:29:20,APP_15586_1731638,15586,workload,UNAVAILABLE,-1.000000000,-1.000000000,-1.000000000,-1.000000000,-1.000000000,-1.000000000,-1.000000000,-1.000000000,-1.000000000,-1.000000000,-1.000000000,-1.000000000,-1.000000000,0.000000000,0.000000000,-1.000000000,-1.000000000,NA,0.050000000,INSUFFICIENT_DECISION_SIGNAL,1,1,f_access;f_threshold;f_gain_memory;f_cost_memory;f_cpu_memory;f_sharing_memory;f_gain_thread;f_cost_thread;f_cpu_thread;f_sharing_thread,0.999984954,1790944161
2026-10-02T12:29:20,APP_15586_1731638,15586,workload,UNAVAILABLE,-1.000000000,-1.000000000,-1.000000000,-1.000000000,-1.000000000,-1.000000000,-1.000000000,-1.000000000,-1.000000000,-1.000000000,-1.000000000,-1.000000000,-1.000000000,0.000000000,0.000000000,-1.000000000,-1.000000000,NA,0.050000000,INSUFFICIENT_DECISION_SIGNAL,1,1,f_access;f_threshold;f_gain_memory;f_cost_memory;f_cpu_memory;f_sharing_memory;f_gain_thread;f_cost_thread;f_cpu_thread;f_sharing_thread,0.999984954,1790944161
2026-10-02T12:29:20,APP_15586_1731638,15586,workload,UNAVAILABLE,-1.000000000,-1.000000000,-1.000000000,-1.000000000,-1.000000000,-1.000000000,-1.000000000,-1.000000000,-1.000000000,-1.000000000,-1.000000000,-1.000000000,-1.000000000,0.000000000,0.000000000,-1.000000000,-1.000000000,NA,0.050000000,INSUFFICIENT_DECISION_SIGNAL,1,1,f_access;f_threshold;f_gain_memory;f_cost_memory;f_cpu_memory;f_sharing_memory;f_gain_thread;f_cost_thread;f_cpu_thread;f_sharing_thread,0.999984954,1790944161
2026-10-02T12:29:20,APP_15586_1731638,15586,workload,UNAVAILABLE,-1.000000000,-1.000000000,-1.000000000,-1.000000000,-1.000000000,-1.000000000,-1.000000000,-1.000000000,-1.000000000,-1.000000000,-1.000000000,-1.000000000,-1.000000000,0.000000000,0.000000000,-1.000000000,-1.000000000,NA,0.050000000,INSUFFICIENT_DECISION_SIGNAL,1,1,f_access;f_threshold;f_gain_memory;f_cost_memory;f_cpu_memory;f_sharing_memory;f_gain_thread;f_cost_thread;f_cpu_thread;f_sharing_thread,0.999984954,1790944161
2026-10-02T12:29:20,APP_15586_1731638,15586,workload,UNAVAILABLE,-1.000000000,-1.000000000,-1.000000000,-1.000000000,-1.000000000,-1.000000000,-1.000000000,-1.000000000,-1.000000000,-1.000000000,-1.000000000,-1.000000000,-1.000000000,0.000000000,0.000000000,-1.000000000,-1.000000000,NA,0.050000000,INSUFFICIENT_DECISION_SIGNAL,1,1,f_access;f_threshold;f_gain_memory;f_cost_memory;f_cpu_memory;f_sharing_memory;f_gain_thread;f_cost_thread;f_cpu_thread;f_sharing_thread,0.999984954,1790944161
2026-10-02T12:29:21,APP_15586_1731638,15586,workload,UNAVAILABLE,-1.000000000,-1.000000000,-1.000000000,-1.000000000,-1.000000000,-1.000000000,-1.000000000,-1.000000000,-1.000000000,-1.000000000,-1.000000000,-1.000000000,-1.000000000,0.000000000,0.000000000,-1.000000000,-1.000000000,NA,0.050000000,INSUFFICIENT_DECISION_SIGNAL,1,1,f_access;f_threshold;f_gain_memory;f_cost_memory;f_cpu_memory;f_sharing_memory;f_gain_thread;f_cost_thread;f_cpu_thread;f_sharing_thread,0.999984954,1790944161
2026-10-02T12:29:21,APP_15586_1731638,15586,workload,UNAVAILABLE,-1.000000000,-1.000000000,-1.000000000,-1.000000000,-1.000000000,-1.000000000,-1.000000000,-1.000000000,-1.000000000,-1.000000000,-1.000000000,-1.000000000,-1.000000000,0.000000000,0.000000000,-1.000000000,-1.000000000,NA,0.050000000,INSUFFICIENT_DECISION_SIGNAL,1,1,f_access;f_threshold;f_gain_memory;f_cost_memory;f_cpu_memory;f_sharing_memory;f_gain_thread;f_cost_thread;f_cpu_thread;f_sharing_thread,0.999984954,1790944161
2026-10-02T12:29:21,APP_15586_1731638,15586,workload,UNAVAILABLE,-1.000000000,-1.000000000,-1.000000000,-1.000000000,-1.000000000,-1.000000000,-1.000000000,-1.000000000,-1.000000000,-1.000000000,-1.000000000,-1.000000000,-1.000000000,0.000000000,0.000000000,-1.000000000,-1.000000000,NA,0.050000000,INSUFFICIENT_DECISION_SIGNAL,1,1,f_access;f_threshold;f_gain_memory;f_cost_memory;f_cpu_memory;f_sharing_memory;f_gain_thread;f_cost_thread;f_cpu_thread;f_sharing_thread,0.999984954,1790944161
2026-10-02T12:29:21,APP_15586_1731638,15586,workload,UNAVAILABLE,-1.000000000,-1.000000000,-1.000000000,-1.000000000,-1.000000000,-1.000000000,-1.000000000,-1.000000000,-1.000000000,-1.000000000,-1.000000000,-1.000000000,-1.000000000,0.000000000,0.000000000,-1.000000000,-1.000000000,NA,0.050000000,INSUFFICIENT_DECISION_SIGNAL,1,1,f_access;f_threshold;f_gain_memory;f_cost_memory;f_cpu_memory;f_sharing_memory;f_gain_thread;f_cost_thread;f_cpu_thread;f_sharing_thread,0.999986111,1790944162
2026-10-02T12:29:21,APP_15586_1731638,15586,workload,UNAVAILABLE,-1.000000000,-1.000000000,-1.000000000,-1.000000000,-1.000000000,-1.000000000,-1.000000000,-1.000000000,-1.000000000,-1.000000000,-1.000000000,-1.000000000,-1.000000000,0.000000000,0.000000000,-1.000000000,-1.000000000,NA,0.050000000,INSUFFICIENT_DECISION_SIGNAL,1,1,f_access;f_threshold;f_gain_memory;f_cost_memory;f_cpu_memory;f_sharing_memory;f_gain_thread;f_cost_thread;f_cpu_thread;f_sharing_thread,0.999986111,1790944162
2026-10-02T12:29:21,APP_15586_1731638,15586,workload,UNAVAILABLE,-1.000000000,-1.000000000,-1.000000000,-1.000000000,-1.000000000,-1.000000000,-1.000000000,-1.000000000,-1.000000000,-1.000000000,-1.000000000,-1.000000000,-1.000000000,0.000000000,0.000000000,-1.000000000,-1.000000000,NA,0.050000000,INSUFFICIENT_DECISION_SIGNAL,1,1,f_access;f_threshold;f_gain_memory;f_cost_memory;f_cpu_memory;f_sharing_memory;f_gain_thread;f_cost_thread;f_cpu_thread;f_sharing_thread,0.999986111,1790944162
2026-10-02T12:29:21,APP_15586_1731638,15586,workload,UNAVAILABLE,-1.000000000,-1.000000000,-1.000000000,-1.000000000,-1.000000000,-1.000000000,-1.000000000,-1.000000000,-1.000000000,-1.000000000,-1.000000000,-1.000000000,-1.000000000,0.000000000,0.000000000,-1.000000000,-1.000000000,NA,0.050000000,INSUFFICIENT_DECISION_SIGNAL,1,1,f_access;f_threshold;f_gain_memory;f_cost_memory;f_cpu_memory;f_sharing_memory;f_gain_thread;f_cost_thread;f_cpu_thread;f_sharing_thread,0.999986111,1790944162
2026-10-02T12:29:21,APP_15586_1731638,15586,workload,UNAVAILABLE,-1.000000000,-1.000000000,-1.000000000,-1.000000000,-1.000000000,-1.000000000,-1.000000000,-1.000000000,-1.000000000,-1.000000000,-1.000000000,-1.000000000,-1.000000000,0.000000000,0.000000000,-1.000000000,-1.000000000,NA,0.050000000,INSUFFICIENT_DECISION_SIGNAL,1,1,f_access;f_threshold;f_gain_memory;f_cost_memory;f_cpu_memory;f_sharing_memory;f_gain_thread;f_cost_thread;f_cpu_thread;f_sharing_thread,0.999986111,1790944162
2026-10-02T12:29:22,APP_15586_1731638,15586,workload,UNAVAILABLE,-1.000000000,-1.000000000,-1.000000000,-1.000000000,-1.000000000,-1.000000000,-1.000000000,-1.000000000,-1.000000000,-1.000000000,-1.000000000,-1.000000000,-1.000000000,0.000000000,0.000000000,-1.000000000,-1.000000000,NA,0.050000000,INSUFFICIENT_DECISION_SIGNAL,1,1,f_access;f_threshold;f_gain_memory;f_cost_memory;f_cpu_memory;f_sharing_memory;f_gain_thread;f_cost_thread;f_cpu_thread;f_sharing_thread,0.999986111,1790944162
2026-10-02T12:29:22,APP_15586_1731638,15586,workload,UNAVAILABLE,-1.000000000,-1.000000000,-1.000000000,-1.000000000,-1.000000000,-1.000000000,-1.000000000,-1.000000000,-1.000000000,-1.000000000,-1.000000000,-1.000000000,-1.000000000,0.000000000,0.000000000,-1.000000000,-1.000000000,NA,0.050000000,INSUFFICIENT_DECISION_SIGNAL,1,1,f_access;f_threshold;f_gain_memory;f_cost_memory;f_cpu_memory;f_sharing_memory;f_gain_thread;f_cost_thread;f_cpu_thread;f_sharing_thread,0.999986111,1790944162
2026-10-02T12:29:22,APP_15586_1731638,15586,workload,UNAVAILABLE,-1.000000000,-1.000000000,-1.000000000,-1.000000000,-1.000000000,-1.000000000,-1.000000000,-1.000000000,-1.000000000,-1.000000000,-1.000000000,-1.000000000,-1.000000000,0.000000000,0.000000000,-1.000000000,-1.000000000,NA,0.050000000,INSUFFICIENT_DECISION_SIGNAL,1,1,f_access;f_threshold;f_gain_memory;f_cost_memory;f_cpu_memory;f_sharing_memory;f_gain_thread;f_cost_thread;f_cpu_thread;f_sharing_thread,0.999986111,1790944162
2026-10-02T12:29:22,APP_15586_1731638,15586,workload,UNAVAILABLE,-1.000000000,-1.000000000,-1.000000000,-1.000000000,-1.000000000,-1.000000000,-1.000000000,-1.000000000,-1.000000000,-1.000000000,-1.000000000,-1.000000000,-1.000000000,0.000000000,0.000000000,-1.000000000,-1.000000000,NA,0.050000000,INSUFFICIENT_DECISION_SIGNAL,1,1,f_access;f_threshold;f_gain_memory;f_cost_memory;f_cpu_memory;f_sharing_memory;f_gain_thread;f_cost_thread;f_cpu_thread;f_sharing_thread,0.999986111,1790944162
2026-10-02T12:29:22,APP_15586_1731638,15586,workload,UNAVAILABLE,-1.000000000,-1.000000000,-1.000000000,-1.000000000,-1.000000000,-1.000000000,-1.000000000,-1.000000000,-1.000000000,-1.000000000,-1.000000000,-1.000000000,-1.000000000,0.000000000,0.000000000,-1.000000000,-1.000000000,NA,0.050000000,INSUFFICIENT_DECISION_SIGNAL,1,1,f_access;f_threshold;f_gain_memory;f_cost_memory;f_cpu_memory;f_sharing_memory;f_gain_thread;f_cost_thread;f_cpu_thread;f_sharing_thread,0.999987269,1790944163
2026-10-02T12:29:22,APP_15586_1731638,15586,workload,UNAVAILABLE,-1.000000000,-1.000000000,-1.000000000,-1.000000000,-1.000000000,-1.000000000,-1.000000000,-1.000000000,-1.000000000,-1.000000000,-1.000000000,-1.000000000,-1.000000000,0.000000000,0.000000000,-1.000000000,-1.000000000,NA,0.050000000,INSUFFICIENT_DECISION_SIGNAL,1,1,f_access;f_threshold;f_gain_memory;f_cost_memory;f_cpu_memory;f_sharing_memory;f_gain_thread;f_cost_thread;f_cpu_thread;f_sharing_thread,0.999987269,1790944163
2026-10-02T12:29:22,APP_15586_1731638,15586,workload,UNAVAILABLE,-1.000000000,-1.000000000,-1.000000000,-1.000000000,-1.000000000,-1.000000000,-1.000000000,-1.000000000,-1.000000000,-1.000000000,-1.000000000,-1.000000000,-1.000000000,0.000000000,0.000000000,-1.000000000,-1.000000000,NA,0.050000000,INSUFFICIENT_DECISION_SIGNAL,1,1,f_access;f_threshold;f_gain_memory;f_cost_memory;f_cpu_memory;f_sharing_memory;f_gain_thread;f_cost_thread;f_cpu_thread;f_sharing_thread,0.999987269,1790944163
2026-10-02T12:29:22,APP_15586_1731638,15586,workload,UNAVAILABLE,-1.000000000,-1.000000000,-1.000000000,-1.000000000,-1.000000000,-1.000000000,-1.000000000,-1.000000000,-1.000000000,-1.000000000,-1.000000000,-1.000000000,-1.000000000,0.000000000,0.000000000,-1.000000000,-1.000000000,NA,0.050000000,INSUFFICIENT_DECISION_SIGNAL,1,1,f_access;f_threshold;f_gain_memory;f_cost_memory;f_cpu_memory;f_sharing_memory;f_gain_thread;f_cost_thread;f_cpu_thread;f_sharing_thread,0.999987269,1790944163
2026-10-02T12:29:23,APP_15586_1731638,15586,workload,UNAVAILABLE,-1.000000000,-1.000000000,-1.000000000,-1.000000000,-1.000000000,-1.000000000,-1.000000000,-1.000000000,-1.000000000,-1.000000000,-1.000000000,-1.000000000,-1.000000000,0.000000000,0.000000000,-1.000000000,-1.000000000,NA,0.050000000,INSUFFICIENT_DECISION_SIGNAL,1,1,f_access;f_threshold;f_gain_memory;f_cost_memory;f_cpu_memory;f_sharing_memory;f_gain_thread;f_cost_thread;f_cpu_thread;f_sharing_thread,0.999987269,1790944163
2026-10-02T12:29:23,APP_15586_1731638,15586,workload,UNAVAILABLE,-1.000000000,-1.000000000,-1.000000000,-1.000000000,-1.000000000,-1.000000000,-1.000000000,-1.000000000,-1.000000000,-1.000000000,-1.000000000,-1.000000000,-1.000000000,0.000000000,0.000000000,-1.000000000,-1.000000000,NA,0.050000000,INSUFFICIENT_DECISION_SIGNAL,1,1,f_access;f_threshold;f_gain_memory;f_cost_memory;f_cpu_memory;f_sharing_memory;f_gain_thread;f_cost_thread;f_cpu_thread;f_sharing_thread,0.999987269,1790944163
2026-10-02T12:29:23,APP_15586_1731638,15586,workload,UNAVAILABLE,-1.000000000,-1.000000000,-1.000000000,-1.000000000,-1.000000000,-1.000000000,-1.000000000,-1.000000000,-1.000000000,-1.000000000,-1.000000000,-1.000000000,-1.000000000,0.000000000,0.000000000,-1.000000000,-1.000000000,NA,0.050000000,INSUFFICIENT_DECISION_SIGNAL,1,1,f_access;f_threshold;f_gain_memory;f_cost_memory;f_cpu_memory;f_sharing_memory;f_gain_thread;f_cost_thread;f_cpu_thread;f_sharing_thread,0.999987269,1790944163
2026-10-02T12:29:23,APP_15586_1731638,15586,workload,UNAVAILABLE,-1.000000000,-1.000000000,-1.000000000,-1.000000000,-1.000000000,-1.000000000,-1.000000000,-1.000000000,-1.000000000,-1.000000000,-1.000000000,-1.000000000,-1.000000000,0.000000000,0.000000000,-1.000000000,-1.000000000,NA,0.050000000,INSUFFICIENT_DECISION_SIGNAL,1,1,f_access;f_threshold;f_gain_memory;f_cost_memory;f_cpu_memory;f_sharing_memory;f_gain_thread;f_cost_thread;f_cpu_thread;f_sharing_thread,0.999987269,1790944163
2026-10-02T12:29:23,APP_15586_1731638,15586,workload,UNAVAILABLE,-1.000000000,-1.000000000,-1.000000000,-1.000000000,-1.000000000,-1.000000000,-1.000000000,-1.000000000,-1.000000000,-1.000000000,-1.000000000,-1.000000000,-1.000000000,0.000000000,0.000000000,-1.000000000,-1.000000000,NA,0.050000000,INSUFFICIENT_DECISION_SIGNAL,1,1,f_access;f_threshold;f_gain_memory;f_cost_memory;f_cpu_memory;f_sharing_memory;f_gain_thread;f_cost_thread;f_cpu_thread;f_sharing_thread,0.999987269,1790944163
2026-10-02T12:29:23,APP_15586_1731638,15586,workload,UNAVAILABLE,-1.000000000,-1.000000000,-1.000000000,-1.000000000,-1.000000000,-1.000000000,-1.000000000,-1.000000000,-1.000000000,-1.000000000,-1.000000000,-1.000000000,-1.000000000,0.000000000,0.000000000,-1.000000000,-1.000000000,NA,0.050000000,INSUFFICIENT_DECISION_SIGNAL,1,1,f_access;f_threshold;f_gain_memory;f_cost_memory;f_cpu_memory;f_sharing_memory;f_gain_thread;f_cost_thread;f_cpu_thread;f_sharing_thread,0.999988426,1790944164
2026-10-02T12:29:23,APP_15586_1731638,15586,workload,UNAVAILABLE,-1.000000000,-1.000000000,-1.000000000,-1.000000000,-1.000000000,-1.000000000,-1.000000000,-1.000000000,-1.000000000,-1.000000000,-1.000000000,-1.000000000,-1.000000000,0.000000000,0.000000000,-1.000000000,-1.000000000,NA,0.050000000,INSUFFICIENT_DECISION_SIGNAL,1,1,f_access;f_threshold;f_gain_memory;f_cost_memory;f_cpu_memory;f_sharing_memory;f_gain_thread;f_cost_thread;f_cpu_thread;f_sharing_thread,0.999988426,1790944164
2026-10-02T12:29:23,APP_15586_1731638,15586,workload,UNAVAILABLE,-1.000000000,-1.000000000,-1.000000000,-1.000000000,-1.000000000,-1.000000000,-1.000000000,-1.000000000,-1.000000000,-1.000000000,-1.000000000,-1.000000000,-1.000000000,0.000000000,0.000000000,-1.000000000,-1.000000000,NA,0.050000000,INSUFFICIENT_DECISION_SIGNAL,1,1,f_access;f_threshold;f_gain_memory;f_cost_memory;f_cpu_memory;f_sharing_memory;f_gain_thread;f_cost_thread;f_cpu_thread;f_sharing_thread,0.999988426,1790944164
2026-10-02T12:29:24,APP_15586_1731638,15586,workload,UNAVAILABLE,-1.000000000,-1.000000000,-1.000000000,-1.000000000,-1.000000000,-1.000000000,-1.000000000,-1.000000000,-1.000000000,-1.000000000,-1.000000000,-1.000000000,-1.000000000,0.000000000,0.000000000,-1.000000000,-1.000000000,NA,0.050000000,INSUFFICIENT_DECISION_SIGNAL,1,1,f_access;f_threshold;f_gain_memory;f_cost_memory;f_cpu_memory;f_sharing_memory;f_gain_thread;f_cost_thread;f_cpu_thread;f_sharing_thread,0.999988426,1790944164
2026-10-02T12:29:24,APP_15586_1731638,15586,workload,UNAVAILABLE,-1.000000000,-1.000000000,-1.000000000,-1.000000000,-1.000000000,-1.000000000,-1.000000000,-1.000000000,-1.000000000,-1.000000000,-1.000000000,-1.000000000,-1.000000000,0.000000000,0.000000000,-1.000000000,-1.000000000,NA,0.050000000,INSUFFICIENT_DECISION_SIGNAL,1,1,f_access;f_threshold;f_gain_memory;f_cost_memory;f_cpu_memory;f_sharing_memory;f_gain_thread;f_cost_thread;f_cpu_thread;f_sharing_thread,0.999988426,1790944164
2026-10-02T12:29:24,APP_15586_1731638,15586,workload,UNAVAILABLE,-1.000000000,-1.000000000,-1.000000000,-1.000000000,-1.000000000,-1.000000000,-1.000000000,-1.000000000,-1.000000000,-1.000000000,-1.000000000,-1.000000000,-1.000000000,0.000000000,0.000000000,-1.000000000,-1.000000000,NA,0.050000000,INSUFFICIENT_DECISION_SIGNAL,1,1,f_access;f_threshold;f_gain_memory;f_cost_memory;f_cpu_memory;f_sharing_memory;f_gain_thread;f_cost_thread;f_cpu_thread;f_sharing_thread,0.999988426,1790944164
2026-10-02T12:29:24,APP_15586_1731638,15586,workload,UNAVAILABLE,-1.000000000,-1.000000000,-1.000000000,-1.000000000,-1.000000000,-1.000000000,-1.000000000,-1.000000000,-1.000000000,-1.000000000,-1.000000000,-1.000000000,-1.000000000,0.000000000,0.000000000,-1.000000000,-1.000000000,NA,0.050000000,INSUFFICIENT_DECISION_SIGNAL,1,1,f_access;f_threshold;f_gain_memory;f_cost_memory;f_cpu_memory;f_sharing_memory;f_gain_thread;f_cost_thread;f_cpu_thread;f_sharing_thread,0.999988426,1790944164
2026-10-02T12:29:24,APP_15586_1731638,15586,workload,UNAVAILABLE,-1.000000000,-1.000000000,-1.000000000,-1.000000000,-1.000000000,-1.000000000,-1.000000000,-1.000000000,-1.000000000,-1.000000000,-1.000000000,-1.000000000,-1.000000000,0.000000000,0.000000000,-1.000000000,-1.000000000,NA,0.050000000,INSUFFICIENT_DECISION_SIGNAL,1,1,f_access;f_threshold;f_gain_memory;f_cost_memory;f_cpu_memory;f_sharing_memory;f_gain_thread;f_cost_thread;f_cpu_thread;f_sharing_thread,0.999988426,1790944164
2026-10-02T12:29:24,APP_15586_1731638,15586,workload,UNAVAILABLE,-1.000000000,-1.000000000,-1.000000000,-1.000000000,-1.000000000,-1.000000000,-1.000000000,-1.000000000,-1.000000000,-1.000000000,-1.000000000,-1.000000000,-1.000000000,0.000000000,0.000000000,-1.000000000,-1.000000000,NA,0.050000000,INSUFFICIENT_DECISION_SIGNAL,1,1,f_access;f_threshold;f_gain_memory;f_cost_memory;f_cpu_memory;f_sharing_memory;f_gain_thread;f_cost_thread;f_cpu_thread;f_sharing_thread,0.999988426,1790944164
2026-10-02T12:29:24,APP_15586_1731638,15586,workload,UNAVAILABLE,-1.000000000,-1.000000000,-1.000000000,-1.000000000,-1.000000000,-1.000000000,-1.000000000,-1.000000000,-1.000000000,-1.000000000,-1.000000000,-1.000000000,-1.000000000,0.000000000,0.000000000,-1.000000000,-1.000000000,NA,0.050000000,INSUFFICIENT_DECISION_SIGNAL,1,1,f_access;f_threshold;f_gain_memory;f_cost_memory;f_cpu_memory;f_sharing_memory;f_gain_thread;f_cost_thread;f_cpu_thread;f_sharing_thread,0.999989583,1790944165
2026-10-02T12:29:24,APP_15586_1731638,15586,workload,UNAVAILABLE,-1.000000000,-1.000000000,-1.000000000,-1.000000000,-1.000000000,-1.000000000,-1.000000000,-1.000000000,-1.000000000,-1.000000000,-1.000000000,-1.000000000,-1.000000000,0.000000000,0.000000000,-1.000000000,-1.000000000,NA,0.050000000,INSUFFICIENT_DECISION_SIGNAL,1,1,f_access;f_threshold;f_gain_memory;f_cost_memory;f_cpu_memory;f_sharing_memory;f_gain_thread;f_cost_thread;f_cpu_thread;f_sharing_thread,0.999989583,1790944165
2026-10-02T12:29:25,APP_15586_1731638,15586,workload,UNAVAILABLE,-1.000000000,-1.000000000,-1.000000000,-1.000000000,-1.000000000,-1.000000000,-1.000000000,-1.000000000,-1.000000000,-1.000000000,-1.000000000,-1.000000000,-1.000000000,0.000000000,0.000000000,-1.000000000,-1.000000000,NA,0.050000000,INSUFFICIENT_DECISION_SIGNAL,1,1,f_access;f_threshold;f_gain_memory;f_cost_memory;f_cpu_memory;f_sharing_memory;f_gain_thread;f_cost_thread;f_cpu_thread;f_sharing_thread,0.999989583,1790944165
2026-10-02T12:29:25,APP_15586_1731638,15586,workload,UNAVAILABLE,-1.000000000,-1.000000000,-1.000000000,-1.000000000,-1.000000000,-1.000000000,-1.000000000,-1.000000000,-1.000000000,-1.000000000,-1.000000000,-1.000000000,-1.000000000,0.000000000,0.000000000,-1.000000000,-1.000000000,NA,0.050000000,INSUFFICIENT_DECISION_SIGNAL,1,1,f_access;f_threshold;f_gain_memory;f_cost_memory;f_cpu_memory;f_sharing_memory;f_gain_thread;f_cost_thread;f_cpu_thread;f_sharing_thread,0.999989583,1790944165
2026-10-02T12:29:25,APP_15586_1731638,15586,workload,UNAVAILABLE,-1.000000000,-1.000000000,-1.000000000,-1.000000000,-1.000000000,-1.000000000,-1.000000000,-1.000000000,-1.000000000,-1.000000000,-1.000000000,-1.000000000,-1.000000000,0.000000000,0.000000000,-1.000000000,-1.000000000,NA,0.050000000,INSUFFICIENT_DECISION_SIGNAL,1,1,f_access;f_threshold;f_gain_memory;f_cost_memory;f_cpu_memory;f_sharing_memory;f_gain_thread;f_cost_thread;f_cpu_thread;f_sharing_thread,0.999989583,1790944165
2026-10-02T12:29:25,APP_15586_1731638,15586,workload,UNAVAILABLE,-1.000000000,-1.000000000,-1.000000000,-1.000000000,-1.000000000,-1.000000000,-1.000000000,-1.000000000,-1.000000000,-1.000000000,-1.000000000,-1.000000000,-1.000000000,0.000000000,0.000000000,-1.000000000,-1.000000000,NA,0.050000000,INSUFFICIENT_DECISION_SIGNAL,1,1,f_access;f_threshold;f_gain_memory;f_cost_memory;f_cpu_memory;f_sharing_memory;f_gain_thread;f_cost_thread;f_cpu_thread;f_sharing_thread,0.999989583,1790944165
2026-10-02T12:29:25,APP_15586_1731638,15586,workload,UNAVAILABLE,-1.000000000,-1.000000000,-1.000000000,-1.000000000,-1.000000000,-1.000000000,-1.000000000,-1.000000000,-1.000000000,-1.000000000,-1.000000000,-1.000000000,-1.000000000,0.000000000,0.000000000,-1.000000000,-1.000000000,NA,0.050000000,INSUFFICIENT_DECISION_SIGNAL,1,1,f_access;f_threshold;f_gain_memory;f_cost_memory;f_cpu_memory;f_sharing_memory;f_gain_thread;f_cost_thread;f_cpu_thread;f_sharing_thread,0.999989583,1790944165
2026-10-02T12:29:25,APP_15586_1731638,15586,workload,UNAVAILABLE,-1.000000000,-1.000000000,-1.000000000,-1.000000000,-1.000000000,-1.000000000,-1.000000000,-1.000000000,-1.000000000,-1.000000000,-1.000000000,-1.000000000,-1.000000000,0.000000000,0.000000000,-1.000000000,-1.000000000,NA,0.050000000,INSUFFICIENT_DECISION_SIGNAL,1,1,f_access;f_threshold;f_gain_memory;f_cost_memory;f_cpu_memory;f_sharing_memory;f_gain_thread;f_cost_thread;f_cpu_thread;f_sharing_thread,0.999989583,1790944165
2026-10-02T12:29:26,APP_15586_1731638,15586,workload,UNAVAILABLE,-1.000000000,-1.000000000,-1.000000000,-1.000000000,-1.000000000,-1.000000000,-1.000000000,-1.000000000,-1.000000000,-1.000000000,-1.000000000,-1.000000000,-1.000000000,0.000000000,0.000000000,-1.000000000,-1.000000000,NA,0.050000000,INSUFFICIENT_DECISION_SIGNAL,1,1,f_access;f_threshold;f_gain_memory;f_cost_memory;f_cpu_memory;f_sharing_memory;f_gain_thread;f_cost_thread;f_cpu_thread;f_sharing_thread,0.999991898,1790944167
2026-10-02T12:29:26,APP_15586_1731638,15586,workload,UNAVAILABLE,-1.000000000,-1.000000000,-1.000000000,-1.000000000,-1.000000000,-1.000000000,-1.000000000,-1.000000000,-1.000000000,-1.000000000,-1.000000000,-1.000000000,-1.000000000,0.000000000,0.000000000,-1.000000000,-1.000000000,NA,0.050000000,INSUFFICIENT_DECISION_SIGNAL,1,1,f_access;f_threshold;f_gain_memory;f_cost_memory;f_cpu_memory;f_sharing_memory;f_gain_thread;f_cost_thread;f_cpu_thread;f_sharing_thread,0.999991898,1790944167
2026-10-02T12:29:26,APP_15586_1731638,15586,workload,UNAVAILABLE,-1.000000000,-1.000000000,-1.000000000,-1.000000000,-1.000000000,-1.000000000,-1.000000000,-1.000000000,-1.000000000,-1.000000000,-1.000000000,-1.000000000,-1.000000000,0.000000000,0.000000000,-1.000000000,-1.000000000,NA,0.050000000,INSUFFICIENT_DECISION_SIGNAL,1,1,f_access;f_threshold;f_gain_memory;f_cost_memory;f_cpu_memory;f_sharing_memory;f_gain_thread;f_cost_thread;f_cpu_thread;f_sharing_thread,0.999991898,1790944167
2026-10-02T12:29:26,APP_15586_1731638,15586,workload,UNAVAILABLE,-1.000000000,-1.000000000,-1.000000000,-1.000000000,-1.000000000,-1.000000000,-1.000000000,-1.000000000,-1.000000000,-1.000000000,-1.000000000,-1.000000000,-1.000000000,0.000000000,0.000000000,-1.000000000,-1.000000000,NA,0.050000000,INSUFFICIENT_DECISION_SIGNAL,1,1,f_access;f_threshold;f_gain_memory;f_cost_memory;f_cpu_memory;f_sharing_memory;f_gain_thread;f_cost_thread;f_cpu_thread;f_sharing_thread,0.999991898,1790944167
2026-10-02T12:29:26,APP_15586_1731638,15586,workload,UNAVAILABLE,-1.000000000,-1.000000000,-1.000000000,-1.000000000,-1.000000000,-1.000000000,-1.000000000,-1.000000000,-1.000000000,-1.000000000,-1.000000000,-1.000000000,-1.000000000,0.000000000,0.000000000,-1.000000000,-1.000000000,NA,0.050000000,INSUFFICIENT_DECISION_SIGNAL,1,1,f_access;f_threshold;f_gain_memory;f_cost_memory;f_cpu_memory;f_sharing_memory;f_gain_thread;f_cost_thread;f_cpu_thread;f_sharing_thread,0.999991898,1790944167
2026-10-02T12:29:26,APP_15586_1731638,15586,workload,UNAVAILABLE,-1.000000000,-1.000000000,-1.000000000,-1.000000000,-1.000000000,-1.000000000,-1.000000000,-1.000000000,-1.000000000,-1.000000000,-1.000000000,-1.000000000,-1.000000000,0.000000000,0.000000000,-1.000000000,-1.000000000,NA,0.050000000,INSUFFICIENT_DECISION_SIGNAL,1,1,f_access;f_threshold;f_gain_memory;f_cost_memory;f_cpu_memory;f_sharing_memory;f_gain_thread;f_cost_thread;f_cpu_thread;f_sharing_thread,0.999991898,1790944167
2026-10-02T12:29:26,APP_15586_1731638,15586,workload,UNAVAILABLE,-1.000000000,-1.000000000,-1.000000000,-1.000000000,-1.000000000,-1.000000000,-1.000000000,-1.000000000,-1.000000000,-1.000000000,-1.000000000,-1.000000000,-1.000000000,0.000000000,0.000000000,-1.000000000,-1.000000000,NA,0.050000000,INSUFFICIENT_DECISION_SIGNAL,1,1,f_access;f_threshold;f_gain_memory;f_cost_memory;f_cpu_memory;f_sharing_memory;f_gain_thread;f_cost_thread;f_cpu_thread;f_sharing_thread,0.999991898,1790944167
2026-10-02T12:29:26,APP_15586_1731638,15586,workload,UNAVAILABLE,-1.000000000,-1.000000000,-1.000000000,-1.000000000,-1.000000000,-1.000000000,-1.000000000,-1.000000000,-1.000000000,-1.000000000,-1.000000000,-1.000000000,-1.000000000,0.000000000,0.000000000,-1.000000000,-1.000000000,NA,0.050000000,INSUFFICIENT_DECISION_SIGNAL,1,1,f_access;f_threshold;f_gain_memory;f_cost_memory;f_cpu_memory;f_sharing_memory;f_gain_thread;f_cost_thread;f_cpu_thread;f_sharing_thread,0.999991898,1790944167
2026-10-02T12:29:26,APP_15586_1731638,15586,workload,UNAVAILABLE,-1.000000000,-1.000000000,-1.000000000,-1.000000000,-1.000000000,-1.000000000,-1.000000000,-1.000000000,-1.000000000,-1.000000000,-1.000000000,-1.000000000,-1.000000000,0.000000000,0.000000000,-1.000000000,-1.000000000,NA,0.050000000,INSUFFICIENT_DECISION_SIGNAL,1,1,f_access;f_threshold;f_gain_memory;f_cost_memory;f_cpu_memory;f_sharing_memory;f_gain_thread;f_cost_thread;f_cpu_thread;f_sharing_thread,0.999991898,1790944167
2026-10-02T12:29:27,APP_15586_1731638,15586,workload,UNAVAILABLE,-1.000000000,-1.000000000,-1.000000000,-1.000000000,-1.000000000,-1.000000000,-1.000000000,-1.000000000,-1.000000000,-1.000000000,-1.000000000,-1.000000000,-1.000000000,0.000000000,0.000000000,-1.000000000,-1.000000000,NA,0.050000000,INSUFFICIENT_DECISION_SIGNAL,1,1,f_access;f_threshold;f_gain_memory;f_cost_memory;f_cpu_memory;f_sharing_memory;f_gain_thread;f_cost_thread;f_cpu_thread;f_sharing_thread,0.999993056,1790944168
2026-10-02T12:29:27,APP_15586_1731638,15586,workload,UNAVAILABLE,-1.000000000,-1.000000000,-1.000000000,-1.000000000,-1.000000000,-1.000000000,-1.000000000,-1.000000000,-1.000000000,-1.000000000,-1.000000000,-1.000000000,-1.000000000,0.000000000,0.000000000,-1.000000000,-1.000000000,NA,0.050000000,INSUFFICIENT_DECISION_SIGNAL,1,1,f_access;f_threshold;f_gain_memory;f_cost_memory;f_cpu_memory;f_sharing_memory;f_gain_thread;f_cost_thread;f_cpu_thread;f_sharing_thread,0.999993056,1790944168
2026-10-02T12:29:27,APP_15586_1731638,15586,workload,UNAVAILABLE,-1.000000000,-1.000000000,-1.000000000,-1.000000000,-1.000000000,-1.000000000,-1.000000000,-1.000000000,-1.000000000,-1.000000000,-1.000000000,-1.000000000,-1.000000000,0.000000000,0.000000000,-1.000000000,-1.000000000,NA,0.050000000,INSUFFICIENT_DECISION_SIGNAL,1,1,f_access;f_threshold;f_gain_memory;f_cost_memory;f_cpu_memory;f_sharing_memory;f_gain_thread;f_cost_thread;f_cpu_thread;f_sharing_thread,0.999993056,1790944168
2026-10-02T12:29:27,APP_15586_1731638,15586,workload,UNAVAILABLE,-1.000000000,-1.000000000,-1.000000000,-1.000000000,-1.000000000,-1.000000000,-1.000000000,-1.000000000,-1.000000000,-1.000000000,-1.000000000,-1.000000000,-1.000000000,0.000000000,0.000000000,-1.000000000,-1.000000000,NA,0.050000000,INSUFFICIENT_DECISION_SIGNAL,1,1,f_access;f_threshold;f_gain_memory;f_cost_memory;f_cpu_memory;f_sharing_memory;f_gain_thread;f_cost_thread;f_cpu_thread;f_sharing_thread,0.999993056,1790944168
2026-10-02T12:29:27,APP_15586_1731638,15586,workload,UNAVAILABLE,-1.000000000,-1.000000000,-1.000000000,-1.000000000,-1.000000000,-1.000000000,-1.000000000,-1.000000000,-1.000000000,-1.000000000,-1.000000000,-1.000000000,-1.000000000,0.000000000,0.000000000,-1.000000000,-1.000000000,NA,0.050000000,INSUFFICIENT_DECISION_SIGNAL,1,1,f_access;f_threshold;f_gain_memory;f_cost_memory;f_cpu_memory;f_sharing_memory;f_gain_thread;f_cost_thread;f_cpu_thread;f_sharing_thread,0.999993056,1790944168
2026-10-02T12:29:27,APP_15586_1731638,15586,workload,UNAVAILABLE,-1.000000000,-1.000000000,-1.000000000,-1.000000000,-1.000000000,-1.000000000,-1.000000000,-1.000000000,-1.000000000,-1.000000000,-1.000000000,-1.000000000,-1.000000000,0.000000000,0.000000000,-1.000000000,-1.000000000,NA,0.050000000,INSUFFICIENT_DECISION_SIGNAL,1,1,f_access;f_threshold;f_gain_memory;f_cost_memory;f_cpu_memory;f_sharing_memory;f_gain_thread;f_cost_thread;f_cpu_thread;f_sharing_thread,0.999993056,1790944168
2026-10-02T12:29:27,APP_15586_1731638,15586,workload,UNAVAILABLE,-1.000000000,-1.000000000,-1.000000000,-1.000000000,-1.000000000,-1.000000000,-1.000000000,-1.000000000,-1.000000000,-1.000000000,-1.000000000,-1.000000000,-1.000000000,0.000000000,0.000000000,-1.000000000,-1.000000000,NA,0.050000000,INSUFFICIENT_DECISION_SIGNAL,1,1,f_access;f_threshold;f_gain_memory;f_cost_memory;f_cpu_memory;f_sharing_memory;f_gain_thread;f_cost_thread;f_cpu_thread;f_sharing_thread,0.999993056,1790944168
2026-10-02T12:29:28,APP_15586_1731638,15586,workload,UNAVAILABLE,-1.000000000,-1.000000000,-1.000000000,-1.000000000,-1.000000000,-1.000000000,-1.000000000,-1.000000000,-1.000000000,-1.000000000,-1.000000000,-1.000000000,-1.000000000,0.000000000,0.000000000,-1.000000000,-1.000000000,NA,0.050000000,INSUFFICIENT_DECISION_SIGNAL,1,1,f_access;f_threshold;f_gain_memory;f_cost_memory;f_cpu_memory;f_sharing_memory;f_gain_thread;f_cost_thread;f_cpu_thread;f_sharing_thread,0.999993056,1790944168
2026-10-02T12:29:28,APP_15586_1731638,15586,workload,UNAVAILABLE,-1.000000000,-1.000000000,-1.000000000,-1.000000000,-1.000000000,-1.000000000,-1.000000000,-1.000000000,-1.000000000,-1.000000000,-1.000000000,-1.000000000,-1.000000000,0.000000000,0.000000000,-1.000000000,-1.000000000,NA,0.050000000,INSUFFICIENT_DECISION_SIGNAL,1,1,f_access;f_threshold;f_gain_memory;f_cost_memory;f_cpu_memory;f_sharing_memory;f_gain_thread;f_cost_thread;f_cpu_thread;f_sharing_thread,0.999994213,1790944169
2026-10-02T12:29:28,APP_15586_1731638,15586,workload,UNAVAILABLE,-1.000000000,-1.000000000,-1.000000000,-1.000000000,-1.000000000,-1.000000000,-1.000000000,-1.000000000,-1.000000000,-1.000000000,-1.000000000,-1.000000000,-1.000000000,0.000000000,0.000000000,-1.000000000,-1.000000000,NA,0.050000000,INSUFFICIENT_DECISION_SIGNAL,1,1,f_access;f_threshold;f_gain_memory;f_cost_memory;f_cpu_memory;f_sharing_memory;f_gain_thread;f_cost_thread;f_cpu_thread;f_sharing_thread,0.999994213,1790944169
2026-10-02T12:29:28,APP_15586_1731638,15586,workload,UNAVAILABLE,-1.000000000,-1.000000000,-1.000000000,-1.000000000,-1.000000000,-1.000000000,-1.000000000,-1.000000000,-1.000000000,-1.000000000,-1.000000000,-1.000000000,-1.000000000,0.000000000,0.000000000,-1.000000000,-1.000000000,NA,0.050000000,INSUFFICIENT_DECISION_SIGNAL,1,1,f_access;f_threshold;f_gain_memory;f_cost_memory;f_cpu_memory;f_sharing_memory;f_gain_thread;f_cost_thread;f_cpu_thread;f_sharing_thread,0.999994213,1790944169
2026-10-02T12:29:28,APP_15586_1731638,15586,workload,UNAVAILABLE,-1.000000000,-1.000000000,-1.000000000,-1.000000000,-1.000000000,-1.000000000,-1.000000000,-1.000000000,-1.000000000,-1.000000000,-1.000000000,-1.000000000,-1.000000000,0.000000000,0.000000000,-1.000000000,-1.000000000,NA,0.050000000,INSUFFICIENT_DECISION_SIGNAL,1,1,f_access;f_threshold;f_gain_memory;f_cost_memory;f_cpu_memory;f_sharing_memory;f_gain_thread;f_cost_thread;f_cpu_thread;f_sharing_thread,0.999994213,1790944169
2026-10-02T12:29:28,APP_15586_1731638,15586,workload,UNAVAILABLE,-1.000000000,-1.000000000,-1.000000000,-1.000000000,-1.000000000,-1.000000000,-1.000000000,-1.000000000,-1.000000000,-1.000000000,-1.000000000,-1.000000000,-1.000000000,0.000000000,0.000000000,-1.000000000,-1.000000000,NA,0.050000000,INSUFFICIENT_DECISION_SIGNAL,1,1,f_access;f_threshold;f_gain_memory;f_cost_memory;f_cpu_memory;f_sharing_memory;f_gain_thread;f_cost_thread;f_cpu_thread;f_sharing_thread,0.999994213,1790944169
2026-10-02T12:29:28,APP_15586_1731638,15586,workload,UNAVAILABLE,-1.000000000,-1.000000000,-1.000000000,-1.000000000,-1.000000000,-1.000000000,-1.000000000,-1.000000000,-1.000000000,-1.000000000,-1.000000000,-1.000000000,-1.000000000,0.000000000,0.000000000,-1.000000000,-1.000000000,NA,0.050000000,INSUFFICIENT_DECISION_SIGNAL,1,1,f_access;f_threshold;f_gain_memory;f_cost_memory;f_cpu_memory;f_sharing_memory;f_gain_thread;f_cost_thread;f_cpu_thread;f_sharing_thread,0.999994213,1790944169
2026-10-02T12:29:28,APP_15586_1731638,15586,workload,UNAVAILABLE,-1.000000000,-1.000000000,-1.000000000,-1.000000000,-1.000000000,-1.000000000,-1.000000000,-1.000000000,-1.000000000,-1.000000000,-1.000000000,-1.000000000,-1.000000000,0.000000000,0.000000000,-1.000000000,-1.000000000,NA,0.050000000,INSUFFICIENT_DECISION_SIGNAL,1,1,f_access;f_threshold;f_gain_memory;f_cost_memory;f_cpu_memory;f_sharing_memory;f_gain_thread;f_cost_thread;f_cpu_thread;f_sharing_thread,0.999994213,1790944169
2026-10-02T12:29:29,APP_15586_1731638,15586,workload,UNAVAILABLE,-1.000000000,-1.000000000,-1.000000000,-1.000000000,-1.000000000,-1.000000000,-1.000000000,-1.000000000,-1.000000000,-1.000000000,-1.000000000,-1.000000000,-1.000000000,0.000000000,0.000000000,-1.000000000,-1.000000000,NA,0.050000000,INSUFFICIENT_DECISION_SIGNAL,1,1,f_access;f_threshold;f_gain_memory;f_cost_memory;f_cpu_memory;f_sharing_memory;f_gain_thread;f_cost_thread;f_cpu_thread;f_sharing_thread,0.999994213,1790944169
2026-10-02T12:29:29,APP_15586_1731638,15586,workload,UNAVAILABLE,-1.000000000,-1.000000000,-1.000000000,-1.000000000,-1.000000000,-1.000000000,-1.000000000,-1.000000000,-1.000000000,-1.000000000,-1.000000000,-1.000000000,-1.000000000,0.000000000,0.000000000,-1.000000000,-1.000000000,NA,0.050000000,INSUFFICIENT_DECISION_SIGNAL,1,1,f_access;f_threshold;f_gain_memory;f_cost_memory;f_cpu_memory;f_sharing_memory;f_gain_thread;f_cost_thread;f_cpu_thread;f_sharing_thread,0.999994213,1790944169
2026-10-02T12:29:29,APP_15586_1731638,15586,workload,UNAVAILABLE,-1.000000000,-1.000000000,-1.000000000,-1.000000000,-1.000000000,-1.000000000,-1.000000000,-1.000000000,-1.000000000,-1.000000000,-1.000000000,-1.000000000,-1.000000000,0.000000000,0.000000000,-1.000000000,-1.000000000,NA,0.050000000,INSUFFICIENT_DECISION_SIGNAL,1,1,f_access;f_threshold;f_gain_memory;f_cost_memory;f_cpu_memory;f_sharing_memory;f_gain_thread;f_cost_thread;f_cpu_thread;f_sharing_thread,0.999995370,1790944170
2026-10-02T12:29:29,APP_15586_1731638,15586,workload,UNAVAILABLE,-1.000000000,-1.000000000,-1.000000000,-1.000000000,-1.000000000,-1.000000000,-1.000000000,-1.000000000,-1.000000000,-1.000000000,-1.000000000,-1.000000000,-1.000000000,0.000000000,0.000000000,-1.000000000,-1.000000000,NA,0.050000000,INSUFFICIENT_DECISION_SIGNAL,1,1,f_access;f_threshold;f_gain_memory;f_cost_memory;f_cpu_memory;f_sharing_memory;f_gain_thread;f_cost_thread;f_cpu_thread;f_sharing_thread,0.999995370,1790944170
2026-10-02T12:29:29,APP_15586_1731638,15586,workload,UNAVAILABLE,-1.000000000,-1.000000000,-1.000000000,-1.000000000,-1.000000000,-1.000000000,-1.000000000,-1.000000000,-1.000000000,-1.000000000,-1.000000000,-1.000000000,-1.000000000,0.000000000,0.000000000,-1.000000000,-1.000000000,NA,0.050000000,INSUFFICIENT_DECISION_SIGNAL,1,1,f_access;f_threshold;f_gain_memory;f_cost_memory;f_cpu_memory;f_sharing_memory;f_gain_thread;f_cost_thread;f_cpu_thread;f_sharing_thread,0.999995370,1790944170
2026-10-02T12:29:29,APP_15586_1731638,15586,workload,UNAVAILABLE,-1.000000000,-1.000000000,-1.000000000,-1.000000000,-1.000000000,-1.000000000,-1.000000000,-1.000000000,-1.000000000,-1.000000000,-1.000000000,-1.000000000,-1.000000000,0.000000000,0.000000000,-1.000000000,-1.000000000,NA,0.050000000,INSUFFICIENT_DECISION_SIGNAL,1,1,f_access;f_threshold;f_gain_memory;f_cost_memory;f_cpu_memory;f_sharing_memory;f_gain_thread;f_cost_thread;f_cpu_thread;f_sharing_thread,0.999995370,1790944170
2026-10-02T12:29:29,APP_15586_1731638,15586,workload,UNAVAILABLE,-1.000000000,-1.000000000,-1.000000000,-1.000000000,-1.000000000,-1.000000000,-1.000000000,-1.000000000,-1.000000000,-1.000000000,-1.000000000,-1.000000000,-1.000000000,0.000000000,0.000000000,-1.000000000,-1.000000000,NA,0.050000000,INSUFFICIENT_DECISION_SIGNAL,1,1,f_access;f_threshold;f_gain_memory;f_cost_memory;f_cpu_memory;f_sharing_memory;f_gain_thread;f_cost_thread;f_cpu_thread;f_sharing_thread,0.999995370,1790944170
2026-10-02T12:29:29,APP_15586_1731638,15586,workload,UNAVAILABLE,-1.000000000,-1.000000000,-1.000000000,-1.000000000,-1.000000000,-1.000000000,-1.000000000,-1.000000000,-1.000000000,-1.000000000,-1.000000000,-1.000000000,-1.000000000,0.000000000,0.000000000,-1.000000000,-1.000000000,NA,0.050000000,INSUFFICIENT_DECISION_SIGNAL,1,1,f_access;f_threshold;f_gain_memory;f_cost_memory;f_cpu_memory;f_sharing_memory;f_gain_thread;f_cost_thread;f_cpu_thread;f_sharing_thread,0.999995370,1790944170
2026-10-02T12:29:30,APP_15586_1731638,15586,workload,UNAVAILABLE,-1.000000000,-1.000000000,-1.000000000,-1.000000000,-1.000000000,-1.000000000,-1.000000000,-1.000000000,-1.000000000,-1.000000000,-1.000000000,-1.000000000,-1.000000000,0.000000000,0.000000000,-1.000000000,-1.000000000,NA,0.050000000,INSUFFICIENT_DECISION_SIGNAL,1,1,f_access;f_threshold;f_gain_memory;f_cost_memory;f_cpu_memory;f_sharing_memory;f_gain_thread;f_cost_thread;f_cpu_thread;f_sharing_thread,0.999995370,1790944170
2026-10-02T12:29:30,APP_15586_1731638,15586,workload,UNAVAILABLE,-1.000000000,-1.000000000,-1.000000000,-1.000000000,-1.000000000,-1.000000000,-1.000000000,-1.000000000,-1.000000000,-1.000000000,-1.000000000,-1.000000000,-1.000000000,0.000000000,0.000000000,-1.000000000,-1.000000000,NA,0.050000000,INSUFFICIENT_DECISION_SIGNAL,1,1,f_access;f_threshold;f_gain_memory;f_cost_memory;f_cpu_memory;f_sharing_memory;f_gain_thread;f_cost_thread;f_cpu_thread;f_sharing_thread,0.999995370,1790944170
2026-10-02T12:29:30,APP_15586_1731638,15586,workload,UNAVAILABLE,-1.000000000,-1.000000000,-1.000000000,-1.000000000,-1.000000000,-1.000000000,-1.000000000,-1.000000000,-1.000000000,-1.000000000,-1.000000000,-1.000000000,-1.000000000,0.000000000,0.000000000,-1.000000000,-1.000000000,NA,0.050000000,INSUFFICIENT_DECISION_SIGNAL,1,1,f_access;f_threshold;f_gain_memory;f_cost_memory;f_cpu_memory;f_sharing_memory;f_gain_thread;f_cost_thread;f_cpu_thread;f_sharing_thread,0.999995370,1790944170
2026-10-02T12:29:30,APP_15586_1731638,15586,workload,UNAVAILABLE,-1.000000000,-1.000000000,-1.000000000,-1.000000000,-1.000000000,-1.000000000,-1.000000000,-1.000000000,-1.000000000,-1.000000000,-1.000000000,-1.000000000,-1.000000000,0.000000000,0.000000000,-1.000000000,-1.000000000,NA,0.050000000,INSUFFICIENT_DECISION_SIGNAL,1,1,f_access;f_threshold;f_gain_memory;f_cost_memory;f_cpu_memory;f_sharing_memory;f_gain_thread;f_cost_thread;f_cpu_thread;f_sharing_thread,0.999996528,1790944171
2026-10-02T12:29:30,APP_15586_1731638,15586,workload,UNAVAILABLE,-1.000000000,-1.000000000,-1.000000000,-1.000000000,-1.000000000,-1.000000000,-1.000000000,-1.000000000,-1.000000000,-1.000000000,-1.000000000,-1.000000000,-1.000000000,0.000000000,0.000000000,-1.000000000,-1.000000000,NA,0.050000000,INSUFFICIENT_DECISION_SIGNAL,1,1,f_access;f_threshold;f_gain_memory;f_cost_memory;f_cpu_memory;f_sharing_memory;f_gain_thread;f_cost_thread;f_cpu_thread;f_sharing_thread,0.999996528,1790944171
2026-10-02T12:29:30,APP_15586_1731638,15586,workload,UNAVAILABLE,-1.000000000,-1.000000000,-1.000000000,-1.000000000,-1.000000000,-1.000000000,-1.000000000,-1.000000000,-1.000000000,-1.000000000,-1.000000000,-1.000000000,-1.000000000,0.000000000,0.000000000,-1.000000000,-1.000000000,NA,0.050000000,INSUFFICIENT_DECISION_SIGNAL,1,1,f_access;f_threshold;f_gain_memory;f_cost_memory;f_cpu_memory;f_sharing_memory;f_gain_thread;f_cost_thread;f_cpu_thread;f_sharing_thread,0.999996528,1790944171
2026-10-02T12:29:30,APP_15586_1731638,15586,workload,UNAVAILABLE,-1.000000000,-1.000000000,-1.000000000,-1.000000000,-1.000000000,-1.000000000,-1.000000000,-1.000000000,-1.000000000,-1.000000000,-1.000000000,-1.000000000,-1.000000000,0.000000000,0.000000000,-1.000000000,-1.000000000,NA,0.050000000,INSUFFICIENT_DECISION_SIGNAL,1,1,f_access;f_threshold;f_gain_memory;f_cost_memory;f_cpu_memory;f_sharing_memory;f_gain_thread;f_cost_thread;f_cpu_thread;f_sharing_thread,0.999996528,1790944171
2026-10-02T12:29:30,APP_15586_1731638,15586,workload,UNAVAILABLE,-1.000000000,-1.000000000,-1.000000000,-1.000000000,-1.000000000,-1.000000000,-1.000000000,-1.000000000,-1.000000000,-1.000000000,-1.000000000,-1.000000000,-1.000000000,0.000000000,0.000000000,-1.000000000,-1.000000000,NA,0.050000000,INSUFFICIENT_DECISION_SIGNAL,1,1,f_access;f_threshold;f_gain_memory;f_cost_memory;f_cpu_memory;f_sharing_memory;f_gain_thread;f_cost_thread;f_cpu_thread;f_sharing_thread,0.999996528,1790944171
2026-10-02T12:29:31,APP_15586_1731638,15586,workload,UNAVAILABLE,-1.000000000,-1.000000000,-1.000000000,-1.000000000,-1.000000000,-1.000000000,-1.000000000,-1.000000000,-1.000000000,-1.000000000,-1.000000000,-1.000000000,-1.000000000,0.000000000,0.000000000,-1.000000000,-1.000000000,NA,0.050000000,INSUFFICIENT_DECISION_SIGNAL,1,1,f_access;f_threshold;f_gain_memory;f_cost_memory;f_cpu_memory;f_sharing_memory;f_gain_thread;f_cost_thread;f_cpu_thread;f_sharing_thread,0.999996528,1790944171
2026-10-02T12:29:31,APP_15586_1731638,15586,workload,UNAVAILABLE,-1.000000000,-1.000000000,-1.000000000,-1.000000000,-1.000000000,-1.000000000,-1.000000000,-1.000000000,-1.000000000,-1.000000000,-1.000000000,-1.000000000,-1.000000000,0.000000000,0.000000000,-1.000000000,-1.000000000,NA,0.050000000,INSUFFICIENT_DECISION_SIGNAL,1,1,f_access;f_threshold;f_gain_memory;f_cost_memory;f_cpu_memory;f_sharing_memory;f_gain_thread;f_cost_thread;f_cpu_thread;f_sharing_thread,0.999996528,1790944171
2026-10-02T12:29:31,APP_15586_1731638,15586,workload,UNAVAILABLE,-1.000000000,-1.000000000,-1.000000000,-1.000000000,-1.000000000,-1.000000000,-1.000000000,-1.000000000,-1.000000000,-1.000000000,-1.000000000,-1.000000000,-1.000000000,0.000000000,0.000000000,-1.000000000,-1.000000000,NA,0.050000000,INSUFFICIENT_DECISION_SIGNAL,1,1,f_access;f_threshold;f_gain_memory;f_cost_memory;f_cpu_memory;f_sharing_memory;f_gain_thread;f_cost_thread;f_cpu_thread;f_sharing_thread,0.999996528,1790944171
2026-10-02T12:29:31,APP_15586_1731638,15586,workload,UNAVAILABLE,-1.000000000,-1.000000000,-1.000000000,-1.000000000,-1.000000000,-1.000000000,-1.000000000,-1.000000000,-1.000000000,-1.000000000,-1.000000000,-1.000000000,-1.000000000,0.000000000,0.000000000,-1.000000000,-1.000000000,NA,0.050000000,INSUFFICIENT_DECISION_SIGNAL,1,1,f_access;f_threshold;f_gain_memory;f_cost_memory;f_cpu_memory;f_sharing_memory;f_gain_thread;f_cost_thread;f_cpu_thread;f_sharing_thread,0.999997685,1790944172
2026-10-02T12:29:31,APP_15586_1731638,15586,workload,UNAVAILABLE,-1.000000000,-1.000000000,-1.000000000,-1.000000000,-1.000000000,-1.000000000,-1.000000000,-1.000000000,-1.000000000,-1.000000000,-1.000000000,-1.000000000,-1.000000000,0.000000000,0.000000000,-1.000000000,-1.000000000,NA,0.050000000,INSUFFICIENT_DECISION_SIGNAL,1,1,f_access;f_threshold;f_gain_memory;f_cost_memory;f_cpu_memory;f_sharing_memory;f_gain_thread;f_cost_thread;f_cpu_thread;f_sharing_thread,0.999997685,1790944172
2026-10-02T12:29:31,APP_15586_1731638,15586,workload,UNAVAILABLE,-1.000000000,-1.000000000,-1.000000000,-1.000000000,-1.000000000,-1.000000000,-1.000000000,-1.000000000,-1.000000000,-1.000000000,-1.000000000,-1.000000000,-1.000000000,0.000000000,0.000000000,-1.000000000,-1.000000000,NA,0.050000000,INSUFFICIENT_DECISION_SIGNAL,1,1,f_access;f_threshold;f_gain_memory;f_cost_memory;f_cpu_memory;f_sharing_memory;f_gain_thread;f_cost_thread;f_cpu_thread;f_sharing_thread,0.999997685,1790944172
2026-10-02T12:29:31,APP_15586_1731638,15586,workload,UNAVAILABLE,-1.000000000,-1.000000000,-1.000000000,-1.000000000,-1.000000000,-1.000000000,-1.000000000,-1.000000000,-1.000000000,-1.000000000,-1.000000000,-1.000000000,-1.000000000,0.000000000,0.000000000,-1.000000000,-1.000000000,NA,0.050000000,INSUFFICIENT_DECISION_SIGNAL,1,1,f_access;f_threshold;f_gain_memory;f_cost_memory;f_cpu_memory;f_sharing_memory;f_gain_thread;f_cost_thread;f_cpu_thread;f_sharing_thread,0.999997685,1790944172
2026-10-02T12:29:32,APP_15586_1731638,15586,workload,UNAVAILABLE,-1.000000000,-1.000000000,-1.000000000,-1.000000000,-1.000000000,-1.000000000,-1.000000000,-1.000000000,-1.000000000,-1.000000000,-1.000000000,-1.000000000,-1.000000000,0.000000000,0.000000000,-1.000000000,-1.000000000,NA,0.050000000,INSUFFICIENT_DECISION_SIGNAL,1,1,f_access;f_threshold;f_gain_memory;f_cost_memory;f_cpu_memory;f_sharing_memory;f_gain_thread;f_cost_thread;f_cpu_thread;f_sharing_thread,0.999997685,1790944172
2026-10-02T12:29:32,APP_15586_1731638,15586,workload,UNAVAILABLE,-1.000000000,-1.000000000,-1.000000000,-1.000000000,-1.000000000,-1.000000000,-1.000000000,-1.000000000,-1.000000000,-1.000000000,-1.000000000,-1.000000000,-1.000000000,0.000000000,0.000000000,-1.000000000,-1.000000000,NA,0.050000000,INSUFFICIENT_DECISION_SIGNAL,1,1,f_access;f_threshold;f_gain_memory;f_cost_memory;f_cpu_memory;f_sharing_memory;f_gain_thread;f_cost_thread;f_cpu_thread;f_sharing_thread,0.999997685,1790944172
2026-10-02T12:29:32,APP_15586_1731638,15586,workload,UNAVAILABLE,-1.000000000,-1.000000000,-1.000000000,-1.000000000,-1.000000000,-1.000000000,-1.000000000,-1.000000000,-1.000000000,-1.000000000,-1.000000000,-1.000000000,-1.000000000,0.000000000,0.000000000,-1.000000000,-1.000000000,NA,0.050000000,INSUFFICIENT_DECISION_SIGNAL,1,1,f_access;f_threshold;f_gain_memory;f_cost_memory;f_cpu_memory;f_sharing_memory;f_gain_thread;f_cost_thread;f_cpu_thread;f_sharing_thread,0.999997685,1790944172
2026-10-02T12:29:32,APP_15586_1731638,15586,workload,UNAVAILABLE,-1.000000000,-1.000000000,-1.000000000,-1.000000000,-1.000000000,-1.000000000,-1.000000000,-1.000000000,-1.000000000,-1.000000000,-1.000000000,-1.000000000,-1.000000000,0.000000000,0.000000000,-1.000000000,-1.000000000,NA,0.050000000,INSUFFICIENT_DECISION_SIGNAL,1,1,f_access;f_threshold;f_gain_memory;f_cost_memory;f_cpu_memory;f_sharing_memory;f_gain_thread;f_cost_thread;f_cpu_thread;f_sharing_thread,0.999997685,1790944172
2026-10-02T12:29:32,APP_15586_1731638,15586,workload,UNAVAILABLE,-1.000000000,-1.000000000,-1.000000000,-1.000000000,-1.000000000,-1.000000000,-1.000000000,-1.000000000,-1.000000000,-1.000000000,-1.000000000,-1.000000000,-1.000000000,0.000000000,0.000000000,-1.000000000,-1.000000000,NA,0.050000000,INSUFFICIENT_DECISION_SIGNAL,1,1,f_access;f_threshold;f_gain_memory;f_cost_memory;f_cpu_memory;f_sharing_memory;f_gain_thread;f_cost_thread;f_cpu_thread;f_sharing_thread,0.999997685,1790944172
2026-10-02T12:29:32,APP_15586_1731638,15586,workload,UNAVAILABLE,-1.000000000,-1.000000000,-1.000000000,-1.000000000,-1.000000000,-1.000000000,-1.000000000,-1.000000000,-1.000000000,-1.000000000,-1.000000000,-1.000000000,-1.000000000,0.000000000,0.000000000,-1.000000000,-1.000000000,NA,0.050000000,INSUFFICIENT_DECISION_SIGNAL,1,1,f_access;f_threshold;f_gain_memory;f_cost_memory;f_cpu_memory;f_sharing_memory;f_gain_thread;f_cost_thread;f_cpu_thread;f_sharing_thread,0.999998843,1790944173
2026-10-02T12:29:32,APP_15586_1731638,15586,workload,UNAVAILABLE,-1.000000000,-1.000000000,-1.000000000,-1.000000000,-1.000000000,-1.000000000,-1.000000000,-1.000000000,-1.000000000,-1.000000000,-1.000000000,-1.000000000,-1.000000000,0.000000000,0.000000000,-1.000000000,-1.000000000,NA,0.050000000,INSUFFICIENT_DECISION_SIGNAL,1,1,f_access;f_threshold;f_gain_memory;f_cost_memory;f_cpu_memory;f_sharing_memory;f_gain_thread;f_cost_thread;f_cpu_thread;f_sharing_thread,0.999998843,1790944173
2026-10-02T12:29:32,APP_15586_1731638,15586,workload,UNAVAILABLE,-1.000000000,-1.000000000,-1.000000000,-1.000000000,-1.000000000,-1.000000000,-1.000000000,-1.000000000,-1.000000000,-1.000000000,-1.000000000,-1.000000000,-1.000000000,0.000000000,0.000000000,-1.000000000,-1.000000000,NA,0.050000000,INSUFFICIENT_DECISION_SIGNAL,1,1,f_access;f_threshold;f_gain_memory;f_cost_memory;f_cpu_memory;f_sharing_memory;f_gain_thread;f_cost_thread;f_cpu_thread;f_sharing_thread,0.999998843,1790944173
2026-10-02T12:29:33,APP_15586_1731638,15586,workload,UNAVAILABLE,-1.000000000,-1.000000000,-1.000000000,-1.000000000,-1.000000000,-1.000000000,-1.000000000,-1.000000000,-1.000000000,-1.000000000,-1.000000000,-1.000000000,-1.000000000,0.000000000,0.000000000,-1.000000000,-1.000000000,NA,0.050000000,INSUFFICIENT_DECISION_SIGNAL,1,1,f_access;f_threshold;f_gain_memory;f_cost_memory;f_cpu_memory;f_sharing_memory;f_gain_thread;f_cost_thread;f_cpu_thread;f_sharing_thread,0.999998843,1790944173
2026-10-02T12:29:33,APP_15586_1731638,15586,workload,UNAVAILABLE,-1.000000000,-1.000000000,-1.000000000,-1.000000000,-1.000000000,-1.000000000,-1.000000000,-1.000000000,-1.000000000,-1.000000000,-1.000000000,-1.000000000,-1.000000000,0.000000000,0.000000000,-1.000000000,-1.000000000,NA,0.050000000,INSUFFICIENT_DECISION_SIGNAL,1,1,f_access;f_threshold;f_gain_memory;f_cost_memory;f_cpu_memory;f_sharing_memory;f_gain_thread;f_cost_thread;f_cpu_thread;f_sharing_thread,0.999998843,1790944173
2026-10-02T12:29:33,APP_15586_1731638,15586,workload,UNAVAILABLE,-1.000000000,-1.000000000,-1.000000000,-1.000000000,-1.000000000,-1.000000000,-1.000000000,-1.000000000,-1.000000000,-1.000000000,-1.000000000,-1.000000000,-1.000000000,0.000000000,0.000000000,-1.000000000,-1.000000000,NA,0.050000000,INSUFFICIENT_DECISION_SIGNAL,1,1,f_access;f_threshold;f_gain_memory;f_cost_memory;f_cpu_memory;f_sharing_memory;f_gain_thread;f_cost_thread;f_cpu_thread;f_sharing_thread,0.999998843,1790944173
2026-10-02T12:29:33,APP_15586_1731638,15586,workload,UNAVAILABLE,-1.000000000,-1.000000000,-1.000000000,-1.000000000,-1.000000000,-1.000000000,-1.000000000,-1.000000000,-1.000000000,-1.000000000,-1.000000000,-1.000000000,-1.000000000,0.000000000,0.000000000,-1.000000000,-1.000000000,NA,0.050000000,INSUFFICIENT_DECISION_SIGNAL,1,1,f_access;f_threshold;f_gain_memory;f_cost_memory;f_cpu_memory;f_sharing_memory;f_gain_thread;f_cost_thread;f_cpu_thread;f_sharing_thread,0.999998843,1790944173
2026-10-02T12:29:33,APP_15586_1731638,15586,workload,UNAVAILABLE,-1.000000000,-1.000000000,-1.000000000,-1.000000000,-1.000000000,-1.000000000,-1.000000000,-1.000000000,-1.000000000,-1.000000000,-1.000000000,-1.000000000,-1.000000000,0.000000000,0.000000000,-1.000000000,-1.000000000,NA,0.050000000,INSUFFICIENT_DECISION_SIGNAL,1,1,f_access;f_threshold;f_gain_memory;f_cost_memory;f_cpu_memory;f_sharing_memory;f_gain_thread;f_cost_thread;f_cpu_thread;f_sharing_thread,0.999998843,1790944173
2026-10-02T12:29:33,APP_15586_1731638,15586,workload,UNAVAILABLE,-1.000000000,-1.000000000,-1.000000000,-1.000000000,-1.000000000,-1.000000000,-1.000000000,-1.000000000,-1.000000000,-1.000000000,-1.000000000,-1.000000000,-1.000000000,0.000000000,0.000000000,-1.000000000,-1.000000000,NA,0.050000000,INSUFFICIENT_DECISION_SIGNAL,1,1,f_access;f_threshold;f_gain_memory;f_cost_memory;f_cpu_memory;f_sharing_memory;f_gain_thread;f_cost_thread;f_cpu_thread;f_sharing_thread,0.999998843,1790944173
2026-10-02T12:29:33,APP_15586_1731638,15586,workload,UNAVAILABLE,-1.000000000,-1.000000000,-1.000000000,-1.000000000,-1.000000000,-1.000000000,-1.000000000,-1.000000000,-1.000000000,-1.000000000,-1.000000000,-1.000000000,-1.000000000,0.000000000,0.000000000,-1.000000000,-1.000000000,NA,0.050000000,INSUFFICIENT_DECISION_SIGNAL,1,1,f_access;f_threshold;f_gain_memory;f_cost_memory;f_cpu_memory;f_sharing_memory;f_gain_thread;f_cost_thread;f_cpu_thread;f_sharing_thread,1.000000000,1790944174
2026-10-02T12:29:34,APP_15586_1731638,15586,workload,UNAVAILABLE,-1.000000000,-1.000000000,-1.000000000,-1.000000000,-1.000000000,-1.000000000,-1.000000000,-1.000000000,-1.000000000,-1.000000000,-1.000000000,-1.000000000,-1.000000000,0.000000000,0.000000000,-1.000000000,-1.000000000,NA,0.050000000,INSUFFICIENT_DECISION_SIGNAL,1,1,f_access;f_threshold;f_gain_memory;f_cost_memory;f_cpu_memory;f_sharing_memory;f_gain_thread;f_cost_thread;f_cpu_thread;f_sharing_thread,1.000000000,1790944174
2026-10-02T12:29:34,APP_15586_1731638,15586,workload,UNAVAILABLE,-1.000000000,-1.000000000,-1.000000000,-1.000000000,-1.000000000,-1.000000000,-1.000000000,-1.000000000,-1.000000000,-1.000000000,-1.000000000,-1.000000000,-1.000000000,0.000000000,0.000000000,-1.000000000,-1.000000000,NA,0.050000000,INSUFFICIENT_DECISION_SIGNAL,1,1,f_access;f_threshold;f_gain_memory;f_cost_memory;f_cpu_memory;f_sharing_memory;f_gain_thread;f_cost_thread;f_cpu_thread;f_sharing_thread,1.000000000,1790944174
2026-10-02T12:29:34,APP_15586_1731638,15586,workload,UNAVAILABLE,-1.000000000,-1.000000000,-1.000000000,-1.000000000,-1.000000000,-1.000000000,-1.000000000,-1.000000000,-1.000000000,-1.000000000,-1.000000000,-1.000000000,-1.000000000,0.000000000,0.000000000,-1.000000000,-1.000000000,NA,0.050000000,INSUFFICIENT_DECISION_SIGNAL,1,1,f_access;f_threshold;f_gain_memory;f_cost_memory;f_cpu_memory;f_sharing_memory;f_gain_thread;f_cost_thread;f_cpu_thread;f_sharing_thread,1.000000000,1790944174
2026-10-02T12:29:34,APP_15586_1731638,15586,workload,UNAVAILABLE,-1.000000000,-1.000000000,-1.000000000,-1.000000000,-1.000000000,-1.000000000,-1.000000000,-1.000000000,-1.000000000,-1.000000000,-1.000000000,-1.000000000,-1.000000000,0.000000000,0.000000000,-1.000000000,-1.000000000,NA,0.050000000,INSUFFICIENT_DECISION_SIGNAL,1,1,f_access;f_threshold;f_gain_memory;f_cost_memory;f_cpu_memory;f_sharing_memory;f_gain_thread;f_cost_thread;f_cpu_thread;f_sharing_thread,1.000000000,1790944174
2026-10-02T12:29:34,APP_15586_1731638,15586,workload,UNAVAILABLE,-1.000000000,-1.000000000,-1.000000000,-1.000000000,-1.000000000,-1.000000000,-1.000000000,-1.000000000,-1.000000000,-1.000000000,-1.000000000,-1.000000000,-1.000000000,0.000000000,0.000000000,-1.000000000,-1.000000000,NA,0.050000000,INSUFFICIENT_DECISION_SIGNAL,1,1,f_access;f_threshold;f_gain_memory;f_cost_memory;f_cpu_memory;f_sharing_memory;f_gain_thread;f_cost_thread;f_cpu_thread;f_sharing_thread,1.000000000,1790944174
2026-10-02T12:29:34,APP_15586_1731638,15586,workload,UNAVAILABLE,-1.000000000,-1.000000000,-1.000000000,-1.000000000,-1.000000000,-1.000000000,-1.000000000,-1.000000000,-1.000000000,-1.000000000,-1.000000000,-1.000000000,-1.000000000,0.000000000,0.000000000,-1.000000000,-1.000000000,NA,0.050000000,INSUFFICIENT_DECISION_SIGNAL,1,1,f_access;f_threshold;f_gain_memory;f_cost_memory;f_cpu_memory;f_sharing_memory;f_gain_thread;f_cost_thread;f_cpu_thread;f_sharing_thread,1.000000000,1790944174
2026-10-02T12:29:34,APP_15586_1731638,15586,workload,UNAVAILABLE,-1.000000000,-1.000000000,-1.000000000,-1.000000000,-1.000000000,-1.000000000,-1.000000000,-1.000000000,-1.000000000,-1.000000000,-1.000000000,-1.000000000,-1.000000000,0.000000000,0.000000000,-1.000000000,-1.000000000,NA,0.050000000,INSUFFICIENT_DECISION_SIGNAL,1,1,f_access;f_threshold;f_gain_memory;f_cost_memory;f_cpu_memory;f_sharing_memory;f_gain_thread;f_cost_thread;f_cpu_thread;f_sharing_thread,1.000000000,1790944174
2026-10-02T12:29:34,APP_15586_1731638,15586,workload,UNAVAILABLE,-1.000000000,-1.000000000,-1.000000000,-1.000000000,-1.000000000,-1.000000000,-1.000000000,-1.000000000,-1.000000000,-1.000000000,-1.000000000,-1.000000000,-1.000000000,0.000000000,0.000000000,-1.000000000,-1.000000000,NA,0.050000000,INSUFFICIENT_DECISION_SIGNAL,1,1,f_access;f_threshold;f_gain_memory;f_cost_memory;f_cpu_memory;f_sharing_memory;f_gain_thread;f_cost_thread;f_cpu_thread;f_sharing_thread,1.000000000,1790944174
