timestamp,app_id,pid,entity_id,classification,classification_score,f_access,f_threshold,f_gain_memory,f_cost_memory,f_cpu_memory,f_sharing_memory,f_gain_thread,f_cost_thread,f_cpu_thread,f_sharing_thread,memory_score_raw,thread_score_raw,memory_bias,thread_bias,memory_score_final,thread_score_final,decision_margin,epsilon,decision,weight_version,bias_version,status,history_relevance,recorded_at_epoch
2026-10-02T12:27:57,APP_15343_1725035,15343,workload,UNAVAILABLE,-1.000000000,-1.000000000,-1.000000000,-1.000000000,-1.000000000,-1.000000000,-1.000000000,-1.000000000,-1.000000000,-1.000000000,-1.000000000,-1.000000000,-1.000000000,0.000000000,0.000000000,-1.000000000,-1.000000000,NA,0.050000000,INSUFFICIENT_DECISION_SIGNAL,1,1,f_access;f_threshold;f_gain_memory;f_cost_memory;f_cpu_memory;f_sharing_memory;f_gain_thread;f_cost_thread;f_cpu_thread;f_sharing_thread,0.999965278,1790944078
2026-10-02T12:27:57,APP_15343_1725035,15343,workload,UNAVAILABLE,-1.000000000,-1.000000000,-1.000000000,-1.000000000,-1.000000000,-1.000000000,-1.000000000,-1.000000000,-1.000000000,-1.000000000,-1.000000000,-1.000000000,-1.000000000,0.000000000,0.000000000,-1.000000000,-1.000000000,NA,0.050000000,INSUFFICIENT_DECISION_SIGNAL,1,1,f_access;f_threshold;f_gain_memory;f_cost_memory;f_cpu_memory;f_sharing_memory;f_gain_thread;f_cost_thread;f_cpu_thread;f_sharing_thread,0.999965278,1790944078
2026-10-02T12:27:57,APP_15343_1725035,15343,workload,UNAVAILABLE,-1.000000000,-1.000000000,-1.000000000,-1.000000000,-1.000000000,-1.000000000,-1.000000000,-1.000000000,-1.000000000,-1.000000000,-1.000000000,-1.000000000,-1.000000000,0.000000000,0.000000000,-1.000000000,-1.000000000,NA,0.050000000,INSUFFICIENT_DECISION_SIGNAL,1,1,f_access;f_threshold;f_gain_memory;f_cost_memory;f_cpu_memory;f_sharing_memory;f_gain_thread;f_cost_thread;f_cpu_thread;f_sharing_thread,0.999965278,1790944078
2026-10-02T12:27:58,APP_15343_1725035,15343,workload,UNAVAILABLE,-1.000000000,-1.000000000,-1.000000000,-1.000000000,-1.000000000,-1.000000000,-1.000000000,-1.000000000,-1.000000000,-1.000000000,-1.000000000,-1.000000000,-1.000000000,0.000000000,0.000000000,-1.000000000,-1.000000000,NA,0.050000000,INSUFFICIENT_DECISION_SIGNAL,1,1,f_access;f_threshold;f_gain_memory;f_cost_memory;f_cpu_memory;f_sharing_memory;f_gain_thread;f_cost_thread;f_cpu_thread;f_sharing_thread,0.999965278,1790944078
2026-10-02T12:27:58,APP_15343_1725035,15343,workload,UNAVAILABLE,-1.000000000,-1.000000000,-1.000000000,-1.000000000,-1.000000000,-1.000000000,-1.000000000,-1.000000000,-1.000000000,-1.000000000,-1.000000000,-1.000000000,-1.000000000,0.000000000,0.000000000,-1.000000000,-1.000000000,NA,0.050000000,INSUFFICIENT_DECISION_SIGNAL,1,1,f_access;f_threshold;f_gain_memory;f_cost_memory;f_cpu_memory;f_sharing_memory;f_gain_thread;f_cost_thread;f_cpu_thread;f_sharing_thread,0.999965278,1790944078
2026-10-02T12:27:58,APP_15343_1725035,15343,workload,UNAVAILABLE,-1.000000000,-1.000000000,-1.000000000,-1.000000000,-1.000000000,-1.000000000,-1.000000000,-1.000000000,-1.000000000,-1.000000000,-1.000000000,-1.000000000,-1.000000000,0.000000000,0.000000000,-1.000000000,-1.000000000,NA,0.050000000,INSUFFICIENT_DECISION_SIGNAL,1,1,f_access;f_threshold;f_gain_memory;f_cost_memory;f_cpu_memory;f_sharing_memory;f_gain_thread;f_cost_thread;f_cpu_thread;f_sharing_thread,0.999965278,1790944078
2026-10-02T12:27:58,APP_15343_1725035,15343,workload,UNAVAILABLE,-1.000000000,-1.000000000,-1.000000000,-1.000000000,-1.000000000,-1.000000000,-1.000000000,-1.000000000,-1.000000000,-1.000000000,-1.000000000,-1.000000000,-1.000000000,0.000000000,0.000000000,-1.000000000,-1.000000000,NA,0.050000000,INSUFFICIENT_DECISION_SIGNAL,1,1,f_access;f_threshold;f_gain_memory;f_cost_memory;f_cpu_memory;f_sharing_memory;f_gain_thread;f_cost_thread;f_cpu_thread;f_sharing_thread,0.999965278,1790944078
2026-10-02T12:27:58,APP_15343_1725035,15343,workload,UNAVAILABLE,-1.000000000,-1.000000000,-1.000000000,-1.000000000,-1.000000000,-1.000000000,-1.000000000,-1.000000000,-1.000000000,-1.000000000,-1.000000000,-1.000000000,-1.000000000,0.000000000,0.000000000,-1.000000000,-1.000000000,NA,0.050000000,INSUFFICIENT_DECISION_SIGNAL,1,1,f_access;f_threshold;f_gain_memory;f_cost_memory;f_cpu_memory;f_sharing_memory;f_gain_thread;f_cost_thread;f_cpu_thread;f_sharing_thread,0.999965278,1790944078
2026-10-02T12:27:59,APP_15343_1725035,15343,workload,UNAVAILABLE,-1.000000000,-1.000000000,-1.000000000,-1.000000000,-1.000000000,-1.000000000,-1.000000000,-1.000000000,-1.000000000,-1.000000000,-1.000000000,-1.000000000,-1.000000000,0.000000000,0.000000000,-1.000000000,-1.000000000,NA,0.050000000,INSUFFICIENT_DECISION_SIGNAL,1,1,f_access;f_threshold;f_gain_memory;f_cost_memory;f_cpu_memory;f_sharing_memory;f_gain_thread;f_cost_thread;f_cpu_thread;f_sharing_thread,0.999966436,1790944079
2026-10-02T12:27:59,APP_15343_1725035,15343,workload,UNAVAILABLE,-1.000000000,-1.000000000,-1.000000000,-1.000000000,-1.000000000,-1.000000000,-1.000000000,-1.000000000,-1.000000000,-1.000000000,-1.000000000,-1.000000000,-1.000000000,0.000000000,0.000000000,-1.000000000,-1.000000000,NA,0.050000000,INSUFFICIENT_DECISION_SIGNAL,1,1,f_access;f_threshold;f_gain_memory;f_cost_memory;f_cpu_memory;f_sharing_memory;f_gain_thread;f_cost_thread;f_cpu_thread;f_sharing_thread,0.999966436,1790944079
2026-10-02T12:27:59,APP_15343_1725035,15343,workload,UNAVAILABLE,-1.000000000,-1.000000000,-1.000000000,-1.000000000,-1.000000000,-1.000000000,-1.000000000,-1.000000000,-1.000000000,-1.000000000,-1.000000000,-1.000000000,-1.000000000,0.000000000,0.000000000,-1.000000000,-1.000000000,NA,0.050000000,INSUFFICIENT_DECISION_SIGNAL,1,1,f_access;f_threshold;f_gain_memory;f_cost_memory;f_cpu_memory;f_sharing_memory;f_gain_thread;f_cost_thread;f_cpu_thread;f_sharing_thread,0.999966436,1790944079
2026-10-02T12:27:59,APP_15343_1725035,15343,workload,UNAVAILABLE,-1.000000000,-1.000000000,-1.000000000,-1.000000000,-1.000000000,-1.000000000,-1.000000000,-1.000000000,-1.000000000,-1.000000000,-1.000000000,-1.000000000,-1.000000000,0.000000000,0.000000000,-1.000000000,-1.000000000,NA,0.050000000,INSUFFICIENT_DECISION_SIGNAL,1,1,f_access;f_threshold;f_gain_memory;f_cost_memory;f_cpu_memory;f_sharing_memory;f_gain_thread;f_cost_thread;f_cpu_thread;f_sharing_thread,0.999966436,1790944079
2026-10-02T12:27:59,APP_15343_1725035,15343,workload,UNAVAILABLE,-1.000000000,-1.000000000,-1.000000000,-1.000000000,-1.000000000,-1.000000000,-1.000000000,-1.000000000,-1.000000000,-1.000000000,-1.000000000,-1.000000000,-1.000000000,0.000000000,0.000000000,-1.000000000,-1.000000000,NA,0.050000000,INSUFFICIENT_DECISION_SIGNAL,1,1,f_access;f_threshold;f_gain_memory;f_cost_memory;f_cpu_memory;f_sharing_memory;f_gain_thread;f_cost_thread;f_cpu_thread;f_sharing_thread,0.999966436,1790944079
2026-10-02T12:27:59,APP_15343_1725035,15343,workload,UNAVAILABLE,-1.000000000,-1.000000000,-1.000000000,-1.000000000,-1.000000000,-1.000000000,-1.000000000,-1.000000000,-1.000000000,-1.000000000,-1.000000000,-1.000000000,-1.000000000,0.000000000,0.000000000,-1.000000000,-1.000000000,NA,0.050000000,INSUFFICIENT_DECISION_SIGNAL,1,1,f_access;f_threshold;f_gain_memory;f_cost_memory;f_cpu_memory;f_sharing_memory;f_gain_thread;f_cost_thread;f_cpu_thread;f_sharing_thread,0.999966436,1790944079
2026-10-02T12:27:59,APP_15343_1725035,15343,workload,UNAVAILABLE,-1.000000000,-1.000000000,-1.000000000,-1.000000000,-1.000000000,-1.000000000,-1.000000000,-1.000000000,-1.000000000,-1.000000000,-1.000000000,-1.000000000,-1.000000000,0.000000000,0.000000000,-1.000000000,-1.000000000,NA,0.050000000,INSUFFICIENT_DECISION_SIGNAL,1,1,f_access;f_threshold;f_gain_memory;f_cost_memory;f_cpu_memory;f_sharing_memory;f_gain_thread;f_cost_thread;f_cpu_thread;f_sharing_thread,0.999966436,1790944079
2026-10-02T12:27:59,APP_15343_1725035,15343,workload,UNAVAILABLE,-1.000000000,-1.000000000,-1.000000000,-1.000000000,-1.000000000,-1.000000000,-1.000000000,-1.000000000,-1.000000000,-1.000000000,-1.000000000,-1.000000000,-1.000000000,0.000000000,0.000000000,-1.000000000,-1.000000000,NA,0.050000000,INSUFFICIENT_DECISION_SIGNAL,1,1,f_access;f_threshold;f_gain_memory;f_cost_memory;f_cpu_memory;f_sharing_memory;f_gain_thread;f_cost_thread;f_cpu_thread;f_sharing_thread,0.999966436,1790944079
2026-10-02T12:27:59,APP_15343_1725035,15343,workload,UNAVAILABLE,-1.000000000,-1.000000000,-1.000000000,-1.000000000,-1.000000000,-1.000000000,-1.000000000,-1.000000000,-1.000000000,-1.000000000,-1.000000000,-1.000000000,-1.000000000,0.000000000,0.000000000,-1.000000000,-1.000000000,NA,0.050000000,INSUFFICIENT_DECISION_SIGNAL,1,1,f_access;f_threshold;f_gain_memory;f_cost_memory;f_cpu_memory;f_sharing_memory;f_gain_thread;f_cost_thread;f_cpu_thread;f_sharing_thread,0.999966436,1790944079
2026-10-02T12:28:00,APP_15343_1725035,15343,workload,UNAVAILABLE,-1.000000000,-1.000000000,-1.000000000,-1.000000000,-1.000000000,-1.000000000,-1.000000000,-1.000000000,-1.000000000,-1.000000000,-1.000000000,-1.000000000,-1.000000000,0.000000000,0.000000000,-1.000000000,-1.000000000,NA,0.050000000,INSUFFICIENT_DECISION_SIGNAL,1,1,f_access;f_threshold;f_gain_memory;f_cost_memory;f_cpu_memory;f_sharing_memory;f_gain_thread;f_cost_thread;f_cpu_thread;f_sharing_thread,0.999968750,1790944081
2026-10-02T12:28:00,APP_15343_1725035,15343,workload,UNAVAILABLE,-1.000000000,-1.000000000,-1.000000000,-1.000000000,-1.000000000,-1.000000000,-1.000000000,-1.000000000,-1.000000000,-1.000000000,-1.000000000,-1.000000000,-1.000000000,0.000000000,0.000000000,-1.000000000,-1.000000000,NA,0.050000000,INSUFFICIENT_DECISION_SIGNAL,1,1,f_access;f_threshold;f_gain_memory;f_cost_memory;f_cpu_memory;f_sharing_memory;f_gain_thread;f_cost_thread;f_cpu_thread;f_sharing_thread,0.999968750,1790944081
2026-10-02T12:28:00,APP_15343_1725035,15343,workload,UNAVAILABLE,-1.000000000,-1.000000000,-1.000000000,-1.000000000,-1.000000000,-1.000000000,-1.000000000,-1.000000000,-1.000000000,-1.000000000,-1.000000000,-1.000000000,-1.000000000,0.000000000,0.000000000,-1.000000000,-1.000000000,NA,0.050000000,INSUFFICIENT_DECISION_SIGNAL,1,1,f_access;f_threshold;f_gain_memory;f_cost_memory;f_cpu_memory;f_sharing_memory;f_gain_thread;f_cost_thread;f_cpu_thread;f_sharing_thread,0.999968750,1790944081
2026-10-02T12:28:00,APP_15343_1725035,15343,workload,UNAVAILABLE,-1.000000000,-1.000000000,-1.000000000,-1.000000000,-1.000000000,-1.000000000,-1.000000000,-1.000000000,-1.000000000,-1.000000000,-1.000000000,-1.000000000,-1.000000000,0.000000000,0.000000000,-1.000000000,-1.000000000,NA,0.050000000,INSUFFICIENT_DECISION_SIGNAL,1,1,f_access;f_threshold;f_gain_memory;f_cost_memory;f_cpu_memory;f_sharing_memory;f_gain_thread;f_cost_thread;f_cpu_thread;f_sharing_thread,0.999968750,1790944081
2026-10-02T12:28:00,APP_15343_1725035,15343,workload,UNAVAILABLE,-1.000000000,-1.000000000,-1.000000000,-1.000000000,-1.000000000,-1.000000000,-1.000000000,-1.000000000,-1.000000000,-1.000000000,-1.000000000,-1.000000000,-1.000000000,0.000000000,0.000000000,-1.000000000,-1.000000000,NA,0.050000000,INSUFFICIENT_DECISION_SIGNAL,1,1,f_access;f_threshold;f_gain_memory;f_cost_memory;f_cpu_memory;f_sharing_memory;f_gain_thread;f_cost_thread;f_cpu_thread;f_sharing_thread,0.999968750,1790944081
2026-10-02T12:28:00,APP_15343_1725035,15343,workload,UNAVAILABLE,-1.000000000,-1.000000000,-1.000000000,-1.000000000,-1.000000000,-1.000000000,-1.000000000,-1.000000000,-1.000000000,-1.000000000,-1.000000000,-1.000000000,-1.000000000,0.000000000,0.000000000,-1.000000000,-1.000000000,NA,0.050000000,INSUFFICIENT_DECISION_SIGNAL,1,1,f_access;f_threshold;f_gain_memory;f_cost_memory;f_cpu_memory;f_sharing_memory;f_gain_thread;f_cost_thread;f_cpu_thread;f_sharing_thread,0.999968750,1790944081
2026-10-02T12:28:00,APP_15343_1725035,15343,workload,UNAVAILABLE,-1.000000000,-1.000000000,-1.000000000,-1.000000000,-1.000000000,-1.000000000,-1.000000000,-1.000000000,-1.000000000,-1.000000000,-1.000000000,-1.000000000,-1.000000000,0.000000000,0.000000000,-1.000000000,-1.000000000,NA,0.050000000,INSUFFICIENT_DECISION_SIGNAL,1,1,f_access;f_threshold;f_gain_memory;f_cost_memory;f_cpu_memory;f_sharing_memory;f_gain_thread;f_cost_thread;f_cpu_thread;f_sharing_thread,0.999968750,1790944081
2026-10-02T12:28:00,APP_15343_1725035,15343,workload,UNAVAILABLE,-1.000000000,-1.000000000,-1.000000000,-1.000000000,-1.000000000,-1.000000000,-1.000000000,-1.000000000,-1.000000000,-1.000000000,-1.000000000,-1.000000000,-1.000000000,0.000000000,0.000000000,-1.000000000,-1.000000000,NA,0.050000000,INSUFFICIENT_DECISION_SIGNAL,1,1,f_access;f_threshold;f_gain_memory;f_cost_memory;f_cpu_memory;f_sharing_memory;f_gain_thread;f_cost_thread;f_cpu_thread;f_sharing_thread,0.999968750,1790944081
2026-10-02T12:28:01,APP_15343_1725035,15343,workload,UNAVAILABLE,-1.000000000,-1.000000000,-1.000000000,-1.000000000,-1.000000000,-1.000000000,-1.000000000,-1.000000000,-1.000000000,-1.000000000,-1.000000000,-1.000000000,-1.000000000,0.000000000,0.000000000,-1.000000000,-1.000000000,NA,0.050000000,INSUFFICIENT_DECISION_SIGNAL,1,1,f_access;f_threshold;f_gain_memory;f_cost_memory;f_cpu_memory;f_sharing_memory;f_gain_thread;f_cost_thread;f_cpu_thread;f_sharing_thread,0.999968750,1790944081
2026-10-02T12:28:01,APP_15343_1725035,15343,workload,UNAVAILABLE,-1.000000000,-1.000000000,-1.000000000,-1.000000000,-1.000000000,-1.000000000,-1.000000000,-1.000000000,-1.000000000,-1.000000000,-1.000000000,-1.000000000,-1.000000000,0.000000000,0.000000000,-1.000000000,-1.000000000,NA,0.050000000,INSUFFICIENT_DECISION_SIGNAL,1,1,f_access;f_threshold;f_gain_memory;f_cost_memory;f_cpu_memory;f_sharing_memory;f_gain_thread;f_cost_thread;f_cpu_thread;f_sharing_thread,0.999969908,1790944082
2026-10-02T12:28:01,APP_15343_1725035,15343,workload,UNAVAILABLE,-1.000000000,-1.000000000,-1.000000000,-1.000000000,-1.000000000,-1.000000000,-1.000000000,-1.000000000,-1.000000000,-1.000000000,-1.000000000,-1.000000000,-1.000000000,0.000000000,0.000000000,-1.000000000,-1.000000000,NA,0.050000000,INSUFFICIENT_DECISION_SIGNAL,1,1,f_access;f_threshold;f_gain_memory;f_cost_memory;f_cpu_memory;f_sharing_memory;f_gain_thread;f_cost_thread;f_cpu_thread;f_sharing_thread,0.999969908,1790944082
2026-10-02T12:28:01,APP_15343_1725035,15343,workload,UNAVAILABLE,-1.000000000,-1.000000000,-1.000000000,-1.000000000,-1.000000000,-1.000000000,-1.000000000,-1.000000000,-1.000000000,-1.000000000,-1.000000000,-1.000000000,-1.000000000,0.000000000,0.000000000,-1.000000000,-1.000000000,NA,0.050000000,INSUFFICIENT_DECISION_SIGNAL,1,1,f_access;f_threshold;f_gain_memory;f_cost_memory;f_cpu_memory;f_sharing_memory;f_gain_thread;f_cost_thread;f_cpu_thread;f_sharing_thread,0.999969908,1790944082
2026-10-02T12:28:01,APP_15343_1725035,15343,workload,UNAVAILABLE,-1.000000000,-1.000000000,-1.000000000,-1.000000000,-1.000000000,-1.000000000,-1.000000000,-1.000000000,-1.000000000,-1.000000000,-1.000000000,-1.000000000,-1.000000000,0.000000000,0.000000000,-1.000000000,-1.000000000,NA,0.050000000,INSUFFICIENT_DECISION_SIGNAL,1,1,f_access;f_threshold;f_gain_memory;f_cost_memory;f_cpu_memory;f_sharing_memory;f_gain_thread;f_cost_thread;f_cpu_thread;f_sharing_thread,0.999969908,1790944082
2026-10-02T12:28:01,APP_15343_1725035,15343,workload,UNAVAILABLE,-1.000000000,-1.000000000,-1.000000000,-1.000000000,-1.000000000,-1.000000000,-1.000000000,-1.000000000,-1.000000000,-1.000000000,-1.000000000,-1.000000000,-1.000000000,0.000000000,0.000000000,-1.000000000,-1.000000000,NA,0.050000000,INSUFFICIENT_DECISION_SIGNAL,1,1,f_access;f_threshold;f_gain_memory;f_cost_memory;f_cpu_memory;f_sharing_memory;f_gain_thread;f_cost_thread;f_cpu_thread;f_sharing_thread,0.999969908,1790944082
2026-10-02T12:28:01,APP_15343_1725035,15343,workload,UNAVAILABLE,-1.000000000,-1.000000000,-1.000000000,-1.000000000,-1.000000000,-1.000000000,-1.000000000,-1.000000000,-1.000000000,-1.000000000,-1.000000000,-1.000000000,-1.000000000,0.000000000,0.000000000,-1.000000000,-1.000000000,NA,0.050000000,INSUFFICIENT_DECISION_SIGNAL,1,1,f_access;f_threshold;f_gain_memory;f_cost_memory;f_cpu_memory;f_sharing_memory;f_gain_thread;f_cost_thread;f_cpu_thread;f_sharing_thread,0.999969908,1790944082
2026-10-02T12:28:01,APP_15343_1725035,15343,workload,UNAVAILABLE,-1.000000000,-1.000000000,-1.000000000,-1.000000000,-1.000000000,-1.000000000,-1.000000000,-1.000000000,-1.000000000,-1.000000000,-1.000000000,-1.000000000,-1.000000000,0.000000000,0.000000000,-1.000000000,-1.000000000,NA,0.050000000,INSUFFICIENT_DECISION_SIGNAL,1,1,f_access;f_threshold;f_gain_memory;f_cost_memory;f_cpu_memory;f_sharing_memory;f_gain_thread;f_cost_thread;f_cpu_thread;f_sharing_thread,0.999969908,1790944082
2026-10-02T12:28:02,APP_15343_1725035,15343,workload,UNAVAILABLE,-1.000000000,-1.000000000,-1.000000000,-1.000000000,-1.000000000,-1.000000000,-1.000000000,-1.000000000,-1.000000000,-1.000000000,-1.000000000,-1.000000000,-1.000000000,0.000000000,0.000000000,-1.000000000,-1.000000000,NA,0.050000000,INSUFFICIENT_DECISION_SIGNAL,1,1,f_access;f_threshold;f_gain_memory;f_cost_memory;f_cpu_memory;f_sharing_memory;f_gain_thread;f_cost_thread;f_cpu_thread;f_sharing_thread,0.999969908,1790944082
2026-10-02T12:28:02,APP_15343_1725035,15343,workload,UNAVAILABLE,-1.000000000,-1.000000000,-1.000000000,-1.000000000,-1.000000000,-1.000000000,-1.000000000,-1.000000000,-1.000000000,-1.000000000,-1.000000000,-1.000000000,-1.000000000,0.000000000,0.000000000,-1.000000000,-1.000000000,NA,0.050000000,INSUFFICIENT_DECISION_SIGNAL,1,1,f_access;f_threshold;f_gain_memory;f_cost_memory;f_cpu_memory;f_sharing_memory;f_gain_thread;f_cost_thread;f_cpu_thread;f_sharing_thread,0.999971065,1790944083
2026-10-02T12:28:02,APP_15343_1725035,15343,workload,UNAVAILABLE,-1.000000000,-1.000000000,-1.000000000,-1.000000000,-1.000000000,-1.000000000,-1.000000000,-1.000000000,-1.000000000,-1.000000000,-1.000000000,-1.000000000,-1.000000000,0.000000000,0.000000000,-1.000000000,-1.000000000,NA,0.050000000,INSUFFICIENT_DECISION_SIGNAL,1,1,f_access;f_threshold;f_gain_memory;f_cost_memory;f_cpu_memory;f_sharing_memory;f_gain_thread;f_cost_thread;f_cpu_thread;f_sharing_thread,0.999971065,1790944083
2026-10-02T12:28:02,APP_15343_1725035,15343,workload,UNAVAILABLE,-1.000000000,-1.000000000,-1.000000000,-1.000000000,-1.000000000,-1.000000000,-1.000000000,-1.000000000,-1.000000000,-1.000000000,-1.000000000,-1.000000000,-1.000000000,0.000000000,0.000000000,-1.000000000,-1.000000000,NA,0.050000000,INSUFFICIENT_DECISION_SIGNAL,1,1,f_access;f_threshold;f_gain_memory;f_cost_memory;f_cpu_memory;f_sharing_memory;f_gain_thread;f_cost_thread;f_cpu_thread;f_sharing_thread,0.999971065,1790944083
2026-10-02T12:28:02,APP_15343_1725035,15343,workload,UNAVAILABLE,-1.000000000,-1.000000000,-1.000000000,-1.000000000,-1.000000000,-1.000000000,-1.000000000,-1.000000000,-1.000000000,-1.000000000,-1.000000000,-1.000000000,-1.000000000,0.000000000,0.000000000,-1.000000000,-1.000000000,NA,0.050000000,INSUFFICIENT_DECISION_SIGNAL,1,1,f_access;f_threshold;f_gain_memory;f_cost_memory;f_cpu_memory;f_sharing_memory;f_gain_thread;f_cost_thread;f_cpu_thread;f_sharing_thread,0.999971065,1790944083
2026-10-02T12:28:02,APP_15343_1725035,15343,workload,UNAVAILABLE,-1.000000000,-1.000000000,-1.000000000,-1.000000000,-1.000000000,-1.000000000,-1.000000000,-1.000000000,-1.000000000,-1.000000000,-1.000000000,-1.000000000,-1.000000000,0.000000000,0.000000000,-1.000000000,-1.000000000,NA,0.050000000,INSUFFICIENT_DECISION_SIGNAL,1,1,f_access;f_threshold;f_gain_memory;f_cost_memory;f_cpu_memory;f_sharing_memory;f_gain_thread;f_cost_thread;f_cpu_thread;f_sharing_thread,0.999971065,1790944083
2026-10-02T12:28:02,APP_15343_1725035,15343,workload,UNAVAILABLE,-1.000000000,-1.000000000,-1.000000000,-1.000000000,-1.000000000,-1.000000000,-1.000000000,-1.000000000,-1.000000000,-1.000000000,-1.000000000,-1.000000000,-1.000000000,0.000000000,0.000000000,-1.000000000,-1.000000000,NA,0.050000000,INSUFFICIENT_DECISION_SIGNAL,1,1,f_access;f_threshold;f_gain_memory;f_cost_memory;f_cpu_memory;f_sharing_memory;f_gain_thread;f_cost_thread;f_cpu_thread;f_sharing_thread,0.999971065,1790944083
2026-10-02T12:28:02,APP_15343_1725035,15343,workload,UNAVAILABLE,-1.000000000,-1.000000000,-1.000000000,-1.000000000,-1.000000000,-1.000000000,-1.000000000,-1.000000000,-1.000000000,-1.000000000,-1.000000000,-1.000000000,-1.000000000,0.000000000,0.000000000,-1.000000000,-1.000000000,NA,0.050000000,INSUFFICIENT_DECISION_SIGNAL,1,1,f_access;f_threshold;f_gain_memory;f_cost_memory;f_cpu_memory;f_sharing_memory;f_gain_thread;f_cost_thread;f_cpu_thread;f_sharing_thread,0.999971065,1790944083
2026-10-02T12:28:03,APP_15343_1725035,15343,workload,UNAVAILABLE,-1.000000000,-1.000000000,-1.000000000,-1.000000000,-1.000000000,-1.000000000,-1.000000000,-1.000000000,-1.000000000,-1.000000000,-1.000000000,-1.000000000,-1.000000000,0.000000000,0.000000000,-1.000000000,-1.000000000,NA,0.050000000,INSUFFICIENT_DECISION_SIGNAL,1,1,f_access;f_threshold;f_gain_memory;f_cost_memory;f_cpu_memory;f_sharing_memory;f_gain_thread;f_cost_thread;f_cpu_thread;f_sharing_thread,0.999971065,1790944083
2026-10-02T12:28:03,APP_15343_1725035,15343,workload,UNAVAILABLE,-1.000000000,-1.000000000,-1.000000000,-1.000000000,-1.000000000,-1.000000000,-1.000000000,-1.000000000,-1.000000000,-1.000000000,-1.000000000,-1.000000000,-1.000000000,0.000000000,0.000000000,-1.000000000,-1.000000000,NA,0.050000000,INSUFFICIENT_DECISION_SIGNAL,1,1,f_access;f_threshold;f_gain_memory;f_cost_memory;f_cpu_memory;f_sharing_memory;f_gain_thread;f_cost_thread;f_cpu_thread;f_sharing_thread,0.999971065,1790944083
2026-10-02T12:28:03,APP_15343_1725035,15343,workload,UNAVAILABLE,-1.000000000,-1.000000000,-1.000000000,-1.000000000,-1.000000000,-1.000000000,-1.000000000,-1.000000000,-1.000000000,-1.000000000,-1.000000000,-1.000000000,-1.000000000,0.000000000,0.000000000,-1.000000000,-1.000000000,NA,0.050000000,INSUFFICIENT_DECISION_SIGNAL,1,1,f_access;f_threshold;f_gain_memory;f_cost_memory;f_cpu_memory;f_sharing_memory;f_gain_thread;f_cost_thread;f_cpu_thread;f_sharing_thread,0.999972223,1790944084
2026-10-02T12:28:03,APP_15343_1725035,15343,workload,UNAVAILABLE,-1.000000000,-1.000000000,-1.000000000,-1.000000000,-1.000000000,-1.000000000,-1.000000000,-1.000000000,-1.000000000,-1.000000000,-1.000000000,-1.000000000,-1.000000000,0.000000000,0.000000000,-1.000000000,-1.000000000,NA,0.050000000,INSUFFICIENT_DECISION_SIGNAL,1,1,f_access;f_threshold;f_gain_memory;f_cost_memory;f_cpu_memory;f_sharing_memory;f_gain_thread;f_cost_thread;f_cpu_thread;f_sharing_thread,0.999972223,1790944084
2026-10-02T12:28:03,APP_15343_1725035,15343,workload,UNAVAILABLE,-1.000000000,-1.000000000,-1.000000000,-1.000000000,-1.000000000,-1.000000000,-1.000000000,-1.000000000,-1.000000000,-1.000000000,-1.000000000,-1.000000000,-1.000000000,0.000000000,0.000000000,-1.000000000,-1.000000000,NA,0.050000000,INSUFFICIENT_DECISION_SIGNAL,1,1,f_access;f_threshold;f_gain_memory;f_cost_memory;f_cpu_memory;f_sharing_memory;f_gain_thread;f_cost_thread;f_cpu_thread;f_sharing_thread,0.999972223,1790944084
2026-10-02T12:28:03,APP_15343_1725035,15343,workload,UNAVAILABLE,-1.000000000,-1.000000000,-1.000000000,-1.000000000,-1.000000000,-1.000000000,-1.000000000,-1.000000000,-1.000000000,-1.000000000,-1.000000000,-1.000000000,-1.000000000,0.000000000,0.000000000,-1.000000000,-1.000000000,NA,0.050000000,INSUFFICIENT_DECISION_SIGNAL,1,1,f_access;f_threshold;f_gain_memory;f_cost_memory;f_cpu_memory;f_sharing_memory;f_gain_thread;f_cost_thread;f_cpu_thread;f_sharing_thread,0.999972223,1790944084
2026-10-02T12:28:03,APP_15343_1725035,15343,workload,UNAVAILABLE,-1.000000000,-1.000000000,-1.000000000,-1.000000000,-1.000000000,-1.000000000,-1.000000000,-1.000000000,-1.000000000,-1.000000000,-1.000000000,-1.000000000,-1.000000000,0.000000000,0.000000000,-1.000000000,-1.000000000,NA,0.050000000,INSUFFICIENT_DECISION_SIGNAL,1,1,f_access;f_threshold;f_gain_memory;f_cost_memory;f_cpu_memory;f_sharing_memory;f_gain_thread;f_cost_thread;f_cpu_thread;f_sharing_thread,0.999972223,1790944084
2026-10-02T12:28:03,APP_15343_1725035,15343,workload,UNAVAILABLE,-1.000000000,-1.000000000,-1.000000000,-1.000000000,-1.000000000,-1.000000000,-1.000000000,-1.000000000,-1.000000000,-1.000000000,-1.000000000,-1.000000000,-1.000000000,0.000000000,0.000000000,-1.000000000,-1.000000000,NA,0.050000000,INSUFFICIENT_DECISION_SIGNAL,1,1,f_access;f_threshold;f_gain_memory;f_cost_memory;f_cpu_memory;f_sharing_memory;f_gain_thread;f_cost_thread;f_cpu_thread;f_sharing_thread,0.999972223,1790944084
2026-10-02T12:28:04,APP_15343_1725035,15343,workload,UNAVAILABLE,-1.000000000,-1.000000000,-1.000000000,-1.000000000,-1.000000000,-1.000000000,-1.000000000,-1.000000000,-1.000000000,-1.000000000,-1.000000000,-1.000000000,-1.000000000,0.000000000,0.000000000,-1.000000000,-1.000000000,NA,0.050000000,INSUFFICIENT_DECISION_SIGNAL,1,1,f_access;f_threshold;f_gain_memory;f_cost_memory;f_cpu_memory;f_sharing_memory;f_gain_thread;f_cost_thread;f_cpu_thread;f_sharing_thread,0.999972223,1790944084
2026-10-02T12:28:04,APP_15343_1725035,15343,workload,UNAVAILABLE,-1.000000000,-1.000000000,-1.000000000,-1.000000000,-1.000000000,-1.000000000,-1.000000000,-1.000000000,-1.000000000,-1.000000000,-1.000000000,-1.000000000,-1.000000000,0.000000000,0.000000000,-1.000000000,-1.000000000,NA,0.050000000,INSUFFICIENT_DECISION_SIGNAL,1,1,f_access;f_threshold;f_gain_memory;f_cost_memory;f_cpu_memory;f_sharing_memory;f_gain_thread;f_cost_thread;f_cpu_thread;f_sharing_thread,0.999972223,1790944084
2026-10-02T12:28:04,APP_15343_1725035,15343,workload,UNAVAILABLE,-1.000000000,-1.000000000,-1.000000000,-1.000000000,-1.000000000,-1.000000000,-1.000000000,-1.000000000,-1.000000000,-1.000000000,-1.000000000,-1.000000000,-1.000000000,0.000000000,0.000000000,-1.000000000,-1.000000000,NA,0.050000000,INSUFFICIENT_DECISION_SIGNAL,1,1,f_access;f_threshold;f_gain_memory;f_cost_memory;f_cpu_memory;f_sharing_memory;f_gain_thread;f_cost_thread;f_cpu_thread;f_sharing_thread,0.999972223,1790944084
2026-10-02T12:28:04,APP_15343_1725035,15343,workload,UNAVAILABLE,-1.000000000,-1.000000000,-1.000000000,-1.000000000,-1.000000000,-1.000000000,-1.000000000,-1.000000000,-1.000000000,-1.000000000,-1.000000000,-1.000000000,-1.000000000,0.000000000,0.000000000,-1.000000000,-1.000000000,NA,0.050000000,INSUFFICIENT_DECISION_SIGNAL,1,1,f_access;f_threshold;f_gain_memory;f_cost_memory;f_cpu_memory;f_sharing_memory;f_gain_thread;f_cost_thread;f_cpu_thread;f_sharing_thread,0.999973380,1790944085
2026-10-02T12:28:04,APP_15343_1725035,15343,workload,UNAVAILABLE,-1.000000000,-1.000000000,-1.000000000,-1.000000000,-1.000000000,-1.000000000,-1.000000000,-1.000000000,-1.000000000,-1.000000000,-1.000000000,-1.000000000,-1.000000000,0.000000000,0.000000000,-1.000000000,-1.000000000,NA,0.050000000,INSUFFICIENT_DECISION_SIGNAL,1,1,f_access;f_threshold;f_gain_memory;f_cost_memory;f_cpu_memory;f_sharing_memory;f_gain_thread;f_cost_thread;f_cpu_thread;f_sharing_thread,0.999973380,1790944085
2026-10-02T12:28:04,APP_15343_1725035,15343,workload,UNAVAILABLE,-1.000000000,-1.000000000,-1.000000000,-1.000000000,-1.000000000,-1.000000000,-1.000000000,-1.000000000,-1.000000000,-1.000000000,-1.000000000,-1.000000000,-1.000000000,0.000000000,0.000000000,-1.000000000,-1.000000000,NA,0.050000000,INSUFFICIENT_DECISION_SIGNAL,1,1,f_access;f_threshold;f_gain_memory;f_cost_memory;f_cpu_memory;f_sharing_memory;f_gain_thread;f_cost_thread;f_cpu_thread;f_sharing_thread,0.999973380,1790944085
2026-10-02T12:28:04,APP_15343_1725035,15343,workload,UNAVAILABLE,-1.000000000,-1.000000000,-1.000000000,-1.000000000,-1.000000000,-1.000000000,-1.000000000,-1.000000000,-1.000000000,-1.000000000,-1.000000000,-1.000000000,-1.000000000,0.000000000,0.000000000,-1.000000000,-1.000000000,NA,0.050000000,INSUFFICIENT_DECISION_SIGNAL,1,1,f_access;f_threshold;f_gain_memory;f_cost_memory;f_cpu_memory;f_sharing_memory;f_gain_thread;f_cost_thread;f_cpu_thread;f_sharing_thread,0.999973380,1790944085
2026-10-02T12:28:04,APP_15343_1725035,15343,workload,UNAVAILABLE,-1.000000000,-1.000000000,-1.000000000,-1.000000000,-1.000000000,-1.000000000,-1.000000000,-1.000000000,-1.000000000,-1.000000000,-1.000000000,-1.000000000,-1.000000000,0.000000000,0.000000000,-1.000000000,-1.000000000,NA,0.050000000,INSUFFICIENT_DECISION_SIGNAL,1,1,f_access;f_threshold;f_gain_memory;f_cost_memory;f_cpu_memory;f_sharing_memory;f_gain_thread;f_cost_thread;f_cpu_thread;f_sharing_thread,0.999973380,1790944085
2026-10-02T12:28:05,APP_15343_1725035,15343,workload,UNAVAILABLE,-1.000000000,-1.000000000,-1.000000000,-1.000000000,-1.000000000,-1.000000000,-1.000000000,-1.000000000,-1.000000000,-1.000000000,-1.000000000,-1.000000000,-1.000000000,0.000000000,0.000000000,-1.000000000,-1.000000000,NA,0.050000000,INSUFFICIENT_DECISION_SIGNAL,1,1,f_access;f_threshold;f_gain_memory;f_cost_memory;f_cpu_memory;f_sharing_memory;f_gain_thread;f_cost_thread;f_cpu_thread;f_sharing_thread,0.999973380,1790944085
2026-10-02T12:28:05,APP_15343_1725035,15343,workload,UNAVAILABLE,-1.000000000,-1.000000000,-1.000000000,-1.000000000,-1.000000000,-1.000000000,-1.000000000,-1.000000000,-1.000000000,-1.000000000,-1.000000000,-1.000000000,-1.000000000,0.000000000,0.000000000,-1.000000000,-1.000000000,NA,0.050000000,INSUFFICIENT_DECISION_SIGNAL,1,1,f_access;f_threshold;f_gain_memory;f_cost_memory;f_cpu_memory;f_sharing_memory;f_gain_thread;f_cost_thread;f_cpu_thread;f_sharing_thread,0.999973380,1790944085
2026-10-02T12:28:05,APP_15343_1725035,15343,workload,UNAVAILABLE,-1.000000000,-1.000000000,-1.000000000,-1.000000000,-1.000000000,-1.000000000,-1.000000000,-1.000000000,-1.000000000,-1.000000000,-1.000000000,-1.000000000,-1.000000000,0.000000000,0.000000000,-1.000000000,-1.000000000,NA,0.050000000,INSUFFICIENT_DECISION_SIGNAL,1,1,f_access;f_threshold;f_gain_memory;f_cost_memory;f_cpu_memory;f_sharing_memory;f_gain_thread;f_cost_thread;f_cpu_thread;f_sharing_thread,0.999973380,1790944085
2026-10-02T12:28:05,APP_15343_1725035,15343,workload,UNAVAILABLE,-1.000000000,-1.000000000,-1.000000000,-1.000000000,-1.000000000,-1.000000000,-1.000000000,-1.000000000,-1.000000000,-1.000000000,-1.000000000,-1.000000000,-1.000000000,0.000000000,0.000000000,-1.000000000,-1.000000000,NA,0.050000000,INSUFFICIENT_DECISION_SIGNAL,1,1,f_access;f_threshold;f_gain_memory;f_cost_memory;f_cpu_memory;f_sharing_memory;f_gain_thread;f_cost_thread;f_cpu_thread;f_sharing_thread,0.999973380,1790944085
2026-10-02T12:28:05,APP_15343_1725035,15343,workload,UNAVAILABLE,-1.000000000,-1.000000000,-1.000000000,-1.000000000,-1.000000000,-1.000000000,-1.000000000,-1.000000000,-1.000000000,-1.000000000,-1.000000000,-1.000000000,-1.000000000,0.000000000,0.000000000,-1.000000000,-1.000000000,NA,0.050000000,INSUFFICIENT_DECISION_SIGNAL,1,1,f_access;f_threshold;f_gain_memory;f_cost_memory;f_cpu_memory;f_sharing_memory;f_gain_thread;f_cost_thread;f_cpu_thread;f_sharing_thread,0.999974537,1790944086
2026-10-02T12:28:05,APP_15343_1725035,15343,workload,UNAVAILABLE,-1.000000000,-1.000000000,-1.000000000,-1.000000000,-1.000000000,-1.000000000,-1.000000000,-1.000000000,-1.000000000,-1.000000000,-1.000000000,-1.000000000,-1.000000000,0.000000000,0.000000000,-1.000000000,-1.000000000,NA,0.050000000,INSUFFICIENT_DECISION_SIGNAL,1,1,f_access;f_threshold;f_gain_memory;f_cost_memory;f_cpu_memory;f_sharing_memory;f_gain_thread;f_cost_thread;f_cpu_thread;f_sharing_thread,0.999974537,1790944086
2026-10-02T12:28:05,APP_15343_1725035,15343,workload,UNAVAILABLE,-1.000000000,-1.000000000,-1.000000000,-1.000000000,-1.000000000,-1.000000000,-1.000000000,-1.000000000,-1.000000000,-1.000000000,-1.000000000,-1.000000000,-1.000000000,0.000000000,0.000000000,-1.000000000,-1.000000000,NA,0.050000000,INSUFFICIENT_DECISION_SIGNAL,1,1,f_access;f_threshold;f_gain_memory;f_cost_memory;f_cpu_memory;f_sharing_memory;f_gain_thread;f_cost_thread;f_cpu_thread;f_sharing_thread,0.999974537,1790944086
2026-10-02T12:28:05,APP_15343_1725035,15343,workload,UNAVAILABLE,-1.000000000,-1.000000000,-1.000000000,-1.000000000,-1.000000000,-1.000000000,-1.000000000,-1.000000000,-1.000000000,-1.000000000,-1.000000000,-1.000000000,-1.000000000,0.000000000,0.000000000,-1.000000000,-1.000000000,NA,0.050000000,INSUFFICIENT_DECISION_SIGNAL,1,1,f_access;f_threshold;f_gain_memory;f_cost_memory;f_cpu_memory;f_sharing_memory;f_gain_thread;f_cost_thread;f_cpu_thread;f_sharing_thread,0.999974537,1790944086
2026-10-02T12:28:05,APP_15343_1725035,15343,workload,UNAVAILABLE,-1.000000000,-1.000000000,-1.000000000,-1.000000000,-1.000000000,-1.000000000,-1.000000000,-1.000000000,-1.000000000,-1.000000000,-1.000000000,-1.000000000,-1.000000000,0.000000000,0.000000000,-1.000000000,-1.000000000,NA,0.050000000,INSUFFICIENT_DECISION_SIGNAL,1,1,f_access;f_threshold;f_gain_memory;f_cost_memory;f_cpu_memory;f_sharing_memory;f_gain_thread;f_cost_thread;f_cpu_thread;f_sharing_thread,0.999974537,1790944086
2026-10-02T12:28:06,APP_15343_1725035,15343,workload,UNAVAILABLE,-1.000000000,-1.000000000,-1.000000000,-1.000000000,-1.000000000,-1.000000000,-1.000000000,-1.000000000,-1.000000000,-1.000000000,-1.000000000,-1.000000000,-1.000000000,0.000000000,0.000000000,-1.000000000,-1.000000000,NA,0.050000000,INSUFFICIENT_DECISION_SIGNAL,1,1,f_access;f_threshold;f_gain_memory;f_cost_memory;f_cpu_memory;f_sharing_memory;f_gain_thread;f_cost_thread;f_cpu_thread;f_sharing_thread,0.999974537,1790944086
2026-10-02T12:28:06,APP_15343_1725035,15343,workload,UNAVAILABLE,-1.000000000,-1.000000000,-1.000000000,-1.000000000,-1.000000000,-1.000000000,-1.000000000,-1.000000000,-1.000000000,-1.000000000,-1.000000000,-1.000000000,-1.000000000,0.000000000,0.000000000,-1.000000000,-1.000000000,NA,0.050000000,INSUFFICIENT_DECISION_SIGNAL,1,1,f_access;f_threshold;f_gain_memory;f_cost_memory;f_cpu_memory;f_sharing_memory;f_gain_thread;f_cost_thread;f_cpu_thread;f_sharing_thread,0.999974537,1790944086
2026-10-02T12:28:06,APP_15343_1725035,15343,workload,UNAVAILABLE,-1.000000000,-1.000000000,-1.000000000,-1.000000000,-1.000000000,-1.000000000,-1.000000000,-1.000000000,-1.000000000,-1.000000000,-1.000000000,-1.000000000,-1.000000000,0.000000000,0.000000000,-1.000000000,-1.000000000,NA,0.050000000,INSUFFICIENT_DECISION_SIGNAL,1,1,f_access;f_threshold;f_gain_memory;f_cost_memory;f_cpu_memory;f_sharing_memory;f_gain_thread;f_cost_thread;f_cpu_thread;f_sharing_thread,0.999974537,1790944086
2026-10-02T12:28:06,APP_15343_1725035,15343,workload,UNAVAILABLE,-1.000000000,-1.000000000,-1.000000000,-1.000000000,-1.000000000,-1.000000000,-1.000000000,-1.000000000,-1.000000000,-1.000000000,-1.000000000,-1.000000000,-1.000000000,0.000000000,0.000000000,-1.000000000,-1.000000000,NA,0.050000000,INSUFFICIENT_DECISION_SIGNAL,1,1,f_access;f_threshold;f_gain_memory;f_cost_memory;f_cpu_memory;f_sharing_memory;f_gain_thread;f_cost_thread;f_cpu_thread;f_sharing_thread,0.999974537,1790944086
2026-10-02T12:28:06,APP_15343_1725035,15343,workload,UNAVAILABLE,-1.000000000,-1.000000000,-1.000000000,-1.000000000,-1.000000000,-1.000000000,-1.000000000,-1.000000000,-1.000000000,-1.000000000,-1.000000000,-1.000000000,-1.000000000,0.000000000,0.000000000,-1.000000000,-1.000000000,NA,0.050000000,INSUFFICIENT_DECISION_SIGNAL,1,1,f_access;f_threshold;f_gain_memory;f_cost_memory;f_cpu_memory;f_sharing_memory;f_gain_thread;f_cost_thread;f_cpu_thread;f_sharing_thread,0.999975695,1790944087
2026-10-02T12:28:06,APP_15343_1725035,15343,workload,UNAVAILABLE,-1.000000000,-1.000000000,-1.000000000,-1.000000000,-1.000000000,-1.000000000,-1.000000000,-1.000000000,-1.000000000,-1.000000000,-1.000000000,-1.000000000,-1.000000000,0.000000000,0.000000000,-1.000000000,-1.000000000,NA,0.050000000,INSUFFICIENT_DECISION_SIGNAL,1,1,f_access;f_threshold;f_gain_memory;f_cost_memory;f_cpu_memory;f_sharing_memory;f_gain_thread;f_cost_thread;f_cpu_thread;f_sharing_thread,0.999975695,1790944087
2026-10-02T12:28:06,APP_15343_1725035,15343,workload,UNAVAILABLE,-1.000000000,-1.000000000,-1.000000000,-1.000000000,-1.000000000,-1.000000000,-1.000000000,-1.000000000,-1.000000000,-1.000000000,-1.000000000,-1.000000000,-1.000000000,0.000000000,0.000000000,-1.000000000,-1.000000000,NA,0.050000000,INSUFFICIENT_DECISION_SIGNAL,1,1,f_access;f_threshold;f_gain_memory;f_cost_memory;f_cpu_memory;f_sharing_memory;f_gain_thread;f_cost_thread;f_cpu_thread;f_sharing_thread,0.999975695,1790944087
2026-10-02T12:28:06,APP_15343_1725035,15343,workload,UNAVAILABLE,-1.000000000,-1.000000000,-1.000000000,-1.000000000,-1.000000000,-1.000000000,-1.000000000,-1.000000000,-1.000000000,-1.000000000,-1.000000000,-1.000000000,-1.000000000,0.000000000,0.000000000,-1.000000000,-1.000000000,NA,0.050000000,INSUFFICIENT_DECISION_SIGNAL,1,1,f_access;f_threshold;f_gain_memory;f_cost_memory;f_cpu_memory;f_sharing_memory;f_gain_thread;f_cost_thread;f_cpu_thread;f_sharing_thread,0.999975695,1790944087
2026-10-02T12:28:07,APP_15343_1725035,15343,workload,UNAVAILABLE,-1.000000000,-1.000000000,-1.000000000,-1.000000000,-1.000000000,-1.000000000,-1.000000000,-1.000000000,-1.000000000,-1.000000000,-1.000000000,-1.000000000,-1.000000000,0.000000000,0.000000000,-1.000000000,-1.000000000,NA,0.050000000,INSUFFICIENT_DECISION_SIGNAL,1,1,f_access;f_threshold;f_gain_memory;f_cost_memory;f_cpu_memory;f_sharing_memory;f_gain_thread;f_cost_thread;f_cpu_thread;f_sharing_thread,0.999975695,1790944087
2026-10-02T12:28:07,APP_15343_1725035,15343,workload,UNAVAILABLE,-1.000000000,-1.000000000,-1.000000000,-1.000000000,-1.000000000,-1.000000000,-1.000000000,-1.000000000,-1.000000000,-1.000000000,-1.000000000,-1.000000000,-1.000000000,0.000000000,0.000000000,-1.000000000,-1.000000000,NA,0.050000000,INSUFFICIENT_DECISION_SIGNAL,1,1,f_access;f_threshold;f_gain_memory;f_cost_memory;f_cpu_memory;f_sharing_memory;f_gain_thread;f_cost_thread;f_cpu_thread;f_sharing_thread,0.999975695,1790944087
2026-10-02T12:28:07,APP_15343_1725035,15343,workload,UNAVAILABLE,-1.000000000,-1.000000000,-1.000000000,-1.000000000,-1.000000000,-1.000000000,-1.000000000,-1.000000000,-1.000000000,-1.000000000,-1.000000000,-1.000000000,-1.000000000,0.000000000,0.000000000,-1.000000000,-1.000000000,NA,0.050000000,INSUFFICIENT_DECISION_SIGNAL,1,1,f_access;f_threshold;f_gain_memory;f_cost_memory;f_cpu_memory;f_sharing_memory;f_gain_thread;f_cost_thread;f_cpu_thread;f_sharing_thread,0.999975695,1790944087
2026-10-02T12:28:07,APP_15343_1725035,15343,workload,UNAVAILABLE,-1.000000000,-1.000000000,-1.000000000,-1.000000000,-1.000000000,-1.000000000,-1.000000000,-1.000000000,-1.000000000,-1.000000000,-1.000000000,-1.000000000,-1.000000000,0.000000000,0.000000000,-1.000000000,-1.000000000,NA,0.050000000,INSUFFICIENT_DECISION_SIGNAL,1,1,f_access;f_threshold;f_gain_memory;f_cost_memory;f_cpu_memory;f_sharing_memory;f_gain_thread;f_cost_thread;f_cpu_thread;f_sharing_thread,0.999975695,1790944087
2026-10-02T12:28:07,APP_15343_1725035,15343,workload,UNAVAILABLE,-1.000000000,-1.000000000,-1.000000000,-1.000000000,-1.000000000,-1.000000000,-1.000000000,-1.000000000,-1.000000000,-1.000000000,-1.000000000,-1.000000000,-1.000000000,0.000000000,0.000000000,-1.000000000,-1.000000000,NA,0.050000000,INSUFFICIENT_DECISION_SIGNAL,1,1,f_access;f_threshold;f_gain_memory;f_cost_memory;f_cpu_memory;f_sharing_memory;f_gain_thread;f_cost_thread;f_cpu_thread;f_sharing_thread,0.999975695,1790944087
2026-10-02T12:28:07,APP_15343_1725035,15343,workload,UNAVAILABLE,-1.000000000,-1.000000000,-1.000000000,-1.000000000,-1.000000000,-1.000000000,-1.000000000,-1.000000000,-1.000000000,-1.000000000,-1.000000000,-1.000000000,-1.000000000,0.000000000,0.000000000,-1.000000000,-1.000000000,NA,0.050000000,INSUFFICIENT_DECISION_SIGNAL,1,1,f_access;f_threshold;f_gain_memory;f_cost_memory;f_cpu_memory;f_sharing_memory;f_gain_thread;f_cost_thread;f_cpu_thread;f_sharing_thread,0.999976852,1790944088
2026-10-02T12:28:07,APP_15343_1725035,15343,workload,UNAVAILABLE,-1.000000000,-1.000000000,-1.000000000,-1.000000000,-1.000000000,-1.000000000,-1.000000000,-1.000000000,-1.000000000,-1.000000000,-1.000000000,-1.000000000,-1.000000000,0.000000000,0.000000000,-1.000000000,-1.000000000,NA,0.050000000,INSUFFICIENT_DECISION_SIGNAL,1,1,f_access;f_threshold;f_gain_memory;f_cost_memory;f_cpu_memory;f_sharing_memory;f_gain_thread;f_cost_thread;f_cpu_thread;f_sharing_thread,0.999976852,1790944088
2026-10-02T12:28:07,APP_15343_1725035,15343,workload,UNAVAILABLE,-1.000000000,-1.000000000,-1.000000000,-1.000000000,-1.000000000,-1.000000000,-1.000000000,-1.000000000,-1.000000000,-1.000000000,-1.000000000,-1.000000000,-1.000000000,0.000000000,0.000000000,-1.000000000,-1.000000000,NA,0.050000000,INSUFFICIENT_DECISION_SIGNAL,1,1,f_access;f_threshold;f_gain_memory;f_cost_memory;f_cpu_memory;f_sharing_memory;f_gain_thread;f_cost_thread;f_cpu_thread;f_sharing_thread,0.999976852,1790944088
2026-10-02T12:28:08,APP_15343_1725035,15343,workload,UNAVAILABLE,-1.000000000,-1.000000000,-1.000000000,-1.000000000,-1.000000000,-1.000000000,-1.000000000,-1.000000000,-1.000000000,-1.000000000,-1.000000000,-1.000000000,-1.000000000,0.000000000,0.000000000,-1.000000000,-1.000000000,NA,0.050000000,INSUFFICIENT_DECISION_SIGNAL,1,1,f_access;f_threshold;f_gain_memory;f_cost_memory;f_cpu_memory;f_sharing_memory;f_gain_thread;f_cost_thread;f_cpu_thread;f_sharing_thread,0.999976852,1790944088
2026-10-02T12:28:08,APP_15343_1725035,15343,workload,UNAVAILABLE,-1.000000000,-1.000000000,-1.000000000,-1.000000000,-1.000000000,-1.000000000,-1.000000000,-1.000000000,-1.000000000,-1.000000000,-1.000000000,-1.000000000,-1.000000000,0.000000000,0.000000000,-1.000000000,-1.000000000,NA,0.050000000,INSUFFICIENT_DECISION_SIGNAL,1,1,f_access;f_threshold;f_gain_memory;f_cost_memory;f_cpu_memory;f_sharing_memory;f_gain_thread;f_cost_thread;f_cpu_thread;f_sharing_thread,0.999976852,1790944088
2026-10-02T12:28:08,APP_15343_1725035,15343,workload,UNAVAILABLE,-1.000000000,-1.000000000,-1.000000000,-1.000000000,-1.000000000,-1.000000000,-1.000000000,-1.000000000,-1.000000000,-1.000000000,-1.000000000,-1.000000000,-1.000000000,0.000000000,0.000000000,-1.000000000,-1.000000000,NA,0.050000000,INSUFFICIENT_DECISION_SIGNAL,1,1,f_access;f_threshold;f_gain_memory;f_cost_memory;f_cpu_memory;f_sharing_memory;f_gain_thread;f_cost_thread;f_cpu_thread;f_sharing_thread,0.999976852,1790944088
2026-10-02T12:28:08,APP_15343_1725035,15343,workload,UNAVAILABLE,-1.000000000,-1.000000000,-1.000000000,-1.000000000,-1.000000000,-1.000000000,-1.000000000,-1.000000000,-1.000000000,-1.000000000,-1.000000000,-1.000000000,-1.000000000,0.000000000,0.000000000,-1.000000000,-1.000000000,NA,0.050000000,INSUFFICIENT_DECISION_SIGNAL,1,1,f_access;f_threshold;f_gain_memory;f_cost_memory;f_cpu_memory;f_sharing_memory;f_gain_thread;f_cost_thread;f_cpu_thread;f_sharing_thread,0.999976852,1790944088
2026-10-02T12:28:08,APP_15343_1725035,15343,workload,UNAVAILABLE,-1.000000000,-1.000000000,-1.000000000,-1.000000000,-1.000000000,-1.000000000,-1.000000000,-1.000000000,-1.000000000,-1.000000000,-1.000000000,-1.000000000,-1.000000000,0.000000000,0.000000000,-1.000000000,-1.000000000,NA,0.050000000,INSUFFICIENT_DECISION_SIGNAL,1,1,f_access;f_threshold;f_gain_memory;f_cost_memory;f_cpu_memory;f_sharing_memory;f_gain_thread;f_cost_thread;f_cpu_thread;f_sharing_thread,0.999976852,1790944088
2026-10-02T12:28:08,APP_15343_1725035,15343,workload,UNAVAILABLE,-1.000000000,-1.000000000,-1.000000000,-1.000000000,-1.000000000,-1.000000000,-1.000000000,-1.000000000,-1.000000000,-1.000000000,-1.000000000,-1.000000000,-1.000000000,0.000000000,0.000000000,-1.000000000,-1.000000000,NA,0.050000000,INSUFFICIENT_DECISION_SIGNAL,1,1,f_access;f_threshold;f_gain_memory;f_cost_memory;f_cpu_memory;f_sharing_memory;f_gain_thread;f_cost_thread;f_cpu_thread;f_sharing_thread,0.999976852,1790944088
2026-10-02T12:28:08,APP_15343_1725035,15343,workload,UNAVAILABLE,-1.000000000,-1.000000000,-1.000000000,-1.000000000,-1.000000000,-1.000000000,-1.000000000,-1.000000000,-1.000000000,-1.000000000,-1.000000000,-1.000000000,-1.000000000,0.000000000,0.000000000,-1.000000000,-1.000000000,NA,0.050000000,INSUFFICIENT_DECISION_SIGNAL,1,1,f_access;f_threshold;f_gain_memory;f_cost_memory;f_cpu_memory;f_sharing_memory;f_gain_thread;f_cost_thread;f_cpu_thread;f_sharing_thread,0.999978010,1790944089
2026-10-02T12:28:08,APP_15343_1725035,15343,workload,UNAVAILABLE,-1.000000000,-1.000000000,-1.000000000,-1.000000000,-1.000000000,-1.000000000,-1.000000000,-1.000000000,-1.000000000,-1.000000000,-1.000000000,-1.000000000,-1.000000000,0.000000000,0.000000000,-1.000000000,-1.000000000,NA,0.050000000,INSUFFICIENT_DECISION_SIGNAL,1,1,f_access;f_threshold;f_gain_memory;f_cost_memory;f_cpu_memory;f_sharing_memory;f_gain_thread;f_cost_thread;f_cpu_thread;f_sharing_thread,0.999978010,1790944089
2026-10-02T12:28:09,APP_15343_1725035,15343,workload,UNAVAILABLE,-1.000000000,-1.000000000,-1.000000000,-1.000000000,-1.000000000,-1.000000000,-1.000000000,-1.000000000,-1.000000000,-1.000000000,-1.000000000,-1.000000000,-1.000000000,0.000000000,0.000000000,-1.000000000,-1.000000000,NA,0.050000000,INSUFFICIENT_DECISION_SIGNAL,1,1,f_access;f_threshold;f_gain_memory;f_cost_memory;f_cpu_memory;f_sharing_memory;f_gain_thread;f_cost_thread;f_cpu_thread;f_sharing_thread,0.999978010,1790944089
2026-10-02T12:28:09,APP_15343_1725035,15343,workload,UNAVAILABLE,-1.000000000,-1.000000000,-1.000000000,-1.000000000,-1.000000000,-1.000000000,-1.000000000,-1.000000000,-1.000000000,-1.000000000,-1.000000000,-1.000000000,-1.000000000,0.000000000,0.000000000,-1.000000000,-1.000000000,NA,0.050000000,INSUFFICIENT_DECISION_SIGNAL,1,1,f_access;f_threshold;f_gain_memory;f_cost_memory;f_cpu_memory;f_sharing_memory;f_gain_thread;f_cost_thread;f_cpu_thread;f_sharing_thread,0.999978010,1790944089
2026-10-02T12:28:09,APP_15343_1725035,15343,workload,UNAVAILABLE,-1.000000000,-1.000000000,-1.000000000,-1.000000000,-1.000000000,-1.000000000,-1.000000000,-1.000000000,-1.000000000,-1.000000000,-1.000000000,-1.000000000,-1.000000000,0.000000000,0.000000000,-1.000000000,-1.000000000,NA,0.050000000,INSUFFICIENT_DECISION_SIGNAL,1,1,f_access;f_threshold;f_gain_memory;f_cost_memory;f_cpu_memory;f_sharing_memory;f_gain_thread;f_cost_thread;f_cpu_thread;f_sharing_thread,0.999978010,1790944089
2026-10-02T12:28:09,APP_15343_1725035,15343,workload,UNAVAILABLE,-1.000000000,-1.000000000,-1.000000000,-1.000000000,-1.000000000,-1.000000000,-1.000000000,-1.000000000,-1.000000000,-1.000000000,-1.000000000,-1.000000000,-1.000000000,0.000000000,0.000000000,-1.000000000,-1.000000000,NA,0.050000000,INSUFFICIENT_DECISION_SIGNAL,1,1,f_access;f_threshold;f_gain_memory;f_cost_memory;f_cpu_memory;f_sharing_memory;f_gain_thread;f_cost_thread;f_cpu_thread;f_sharing_thread,0.999978010,1790944089
2026-10-02T12:28:09,APP_15343_1725035,15343,workload,UNAVAILABLE,-1.000000000,-1.000000000,-1.000000000,-1.000000000,-1.000000000,-1.000000000,-1.000000000,-1.000000000,-1.000000000,-1.000000000,-1.000000000,-1.000000000,-1.000000000,0.000000000,0.000000000,-1.000000000,-1.000000000,NA,0.050000000,INSUFFICIENT_DECISION_SIGNAL,1,1,f_access;f_threshold;f_gain_memory;f_cost_memory;f_cpu_memory;f_sharing_memory;f_gain_thread;f_cost_thread;f_cpu_thread;f_sharing_thread,0.999978010,1790944089
2026-10-02T12:28:09,APP_15343_1725035,15343,workload,UNAVAILABLE,-1.000000000,-1.000000000,-1.000000000,-1.000000000,-1.000000000,-1.000000000,-1.000000000,-1.000000000,-1.000000000,-1.000000000,-1.000000000,-1.000000000,-1.000000000,0.000000000,0.000000000,-1.000000000,-1.000000000,NA,0.050000000,INSUFFICIENT_DECISION_SIGNAL,1,1,f_access;f_threshold;f_gain_memory;f_cost_memory;f_cpu_memory;f_sharing_memory;f_gain_thread;f_cost_thread;f_cpu_thread;f_sharing_thread,0.999978010,1790944089
2026-10-02T12:28:09,APP_15343_1725035,15343,workload,UNAVAILABLE,-1.000000000,-1.000000000,-1.000000000,-1.000000000,-1.000000000,-1.000000000,-1.000000000,-1.000000000,-1.000000000,-1.000000000,-1.000000000,-1.000000000,-1.000000000,0.000000000,0.000000000,-1.000000000,-1.000000000,NA,0.050000000,INSUFFICIENT_DECISION_SIGNAL,1,1,f_access;f_threshold;f_gain_memory;f_cost_memory;f_cpu_memory;f_sharing_memory;f_gain_thread;f_cost_thread;f_cpu_thread;f_sharing_thread,0.999978010,1790944089
2026-10-02T12:28:09,APP_15343_1725035,15343,workload,UNAVAILABLE,-1.000000000,-1.000000000,-1.000000000,-1.000000000,-1.000000000,-1.000000000,-1.000000000,-1.000000000,-1.000000000,-1.000000000,-1.000000000,-1.000000000,-1.000000000,0.000000000,0.000000000,-1.000000000,-1.000000000,NA,0.050000000,INSUFFICIENT_DECISION_SIGNAL,1,1,f_access;f_threshold;f_gain_memory;f_cost_memory;f_cpu_memory;f_sharing_memory;f_gain_thread;f_cost_thread;f_cpu_thread;f_sharing_thread,0.999979167,1790944090
2026-10-02T12:28:10,APP_15343_1725035,15343,workload,UNAVAILABLE,-1.000000000,-1.000000000,-1.000000000,-1.000000000,-1.000000000,-1.000000000,-1.000000000,-1.000000000,-1.000000000,-1.000000000,-1.000000000,-1.000000000,-1.000000000,0.000000000,0.000000000,-1.000000000,-1.000000000,NA,0.050000000,INSUFFICIENT_DECISION_SIGNAL,1,1,f_access;f_threshold;f_gain_memory;f_cost_memory;f_cpu_memory;f_sharing_memory;f_gain_thread;f_cost_thread;f_cpu_thread;f_sharing_thread,0.999979167,1790944090
2026-10-02T12:28:10,APP_15343_1725035,15343,workload,UNAVAILABLE,-1.000000000,-1.000000000,-1.000000000,-1.000000000,-1.000000000,-1.000000000,-1.000000000,-1.000000000,-1.000000000,-1.000000000,-1.000000000,-1.000000000,-1.000000000,0.000000000,0.000000000,-1.000000000,-1.000000000,NA,0.050000000,INSUFFICIENT_DECISION_SIGNAL,1,1,f_access;f_threshold;f_gain_memory;f_cost_memory;f_cpu_memory;f_sharing_memory;f_gain_thread;f_cost_thread;f_cpu_thread;f_sharing_thread,0.999979167,1790944090
2026-10-02T12:28:10,APP_15343_1725035,15343,workload,UNAVAILABLE,-1.000000000,-1.000000000,-1.000000000,-1.000000000,-1.000000000,-1.000000000,-1.000000000,-1.000000000,-1.000000000,-1.000000000,-1.000000000,-1.000000000,-1.000000000,0.000000000,0.000000000,-1.000000000,-1.000000000,NA,0.050000000,INSUFFICIENT_DECISION_SIGNAL,1,1,f_access;f_threshold;f_gain_memory;f_cost_memory;f_cpu_memory;f_sharing_memory;f_gain_thread;f_cost_thread;f_cpu_thread;f_sharing_thread,0.999979167,1790944090
2026-10-02T12:28:10,APP_15343_1725035,15343,workload,UNAVAILABLE,-1.000000000,-1.000000000,-1.000000000,-1.000000000,-1.000000000,-1.000000000,-1.000000000,-1.000000000,-1.000000000,-1.000000000,-1.000000000,-1.000000000,-1.000000000,0.000000000,0.000000000,-1.000000000,-1.000000000,NA,0.050000000,INSUFFICIENT_DECISION_SIGNAL,1,1,f_access;f_threshold;f_gain_memory;f_cost_memory;f_cpu_memory;f_sharing_memory;f_gain_thread;f_cost_thread;f_cpu_thread;f_sharing_thread,0.999979167,1790944090
2026-10-02T12:28:10,APP_15343_1725035,15343,workload,UNAVAILABLE,-1.000000000,-1.000000000,-1.000000000,-1.000000000,-1.000000000,-1.000000000,-1.000000000,-1.000000000,-1.000000000,-1.000000000,-1.000000000,-1.000000000,-1.000000000,0.000000000,0.000000000,-1.000000000,-1.000000000,NA,0.050000000,INSUFFICIENT_DECISION_SIGNAL,1,1,f_access;f_threshold;f_gain_memory;f_cost_memory;f_cpu_memory;f_sharing_memory;f_gain_thread;f_cost_thread;f_cpu_thread;f_sharing_thread,0.999979167,1790944090
2026-10-02T12:28:10,APP_15343_1725035,15343,workload,UNAVAILABLE,-1.000000000,-1.000000000,-1.000000000,-1.000000000,-1.000000000,-1.000000000,-1.000000000,-1.000000000,-1.000000000,-1.000000000,-1.000000000,-1.000000000,-1.000000000,0.000000000,0.000000000,-1.000000000,-1.000000000,NA,0.050000000,INSUFFICIENT_DECISION_SIGNAL,1,1,f_access;f_threshold;f_gain_memory;f_cost_memory;f_cpu_memory;f_sharing_memory;f_gain_thread;f_cost_thread;f_cpu_thread;f_sharing_thread,0.999979167,1790944090
2026-10-02T12:28:10,APP_15343_1725035,15343,workload,UNAVAILABLE,-1.000000000,-1.000000000,-1.000000000,-1.000000000,-1.000000000,-1.000000000,-1.000000000,-1.000000000,-1.000000000,-1.000000000,-1.000000000,-1.000000000,-1.000000000,0.000000000,0.000000000,-1.000000000,-1.000000000,NA,0.050000000,INSUFFICIENT_DECISION_SIGNAL,1,1,f_access;f_threshold;f_gain_memory;f_cost_memory;f_cpu_memory;f_sharing_memory;f_gain_thread;f_cost_thread;f_cpu_thread;f_sharing_thread,0.999979167,1790944090
2026-10-02T12:28:10,APP_15343_1725035,15343,workload,UNAVAILABLE,-1.000000000,-1.000000000,-1.000000000,-1.000000000,-1.000000000,-1.000000000,-1.000000000,-1.000000000,-1.000000000,-1.000000000,-1.000000000,-1.000000000,-1.000000000,0.000000000,0.000000000,-1.000000000,-1.000000000,NA,0.050000000,INSUFFICIENT_DECISION_SIGNAL,1,1,f_access;f_threshold;f_gain_memory;f_cost_memory;f_cpu_memory;f_sharing_memory;f_gain_thread;f_cost_thread;f_cpu_thread;f_sharing_thread,0.999979167,1790944090
2026-10-02T12:28:11,APP_15343_1725035,15343,workload,UNAVAILABLE,-1.000000000,-1.000000000,-1.000000000,-1.000000000,-1.000000000,-1.000000000,-1.000000000,-1.000000000,-1.000000000,-1.000000000,-1.000000000,-1.000000000,-1.000000000,0.000000000,0.000000000,-1.000000000,-1.000000000,NA,0.050000000,INSUFFICIENT_DECISION_SIGNAL,1,1,f_access;f_threshold;f_gain_memory;f_cost_memory;f_cpu_memory;f_sharing_memory;f_gain_thread;f_cost_thread;f_cpu_thread;f_sharing_thread,0.999981482,1790944092
2026-10-02T12:28:11,APP_15343_1725035,15343,workload,UNAVAILABLE,-1.000000000,-1.000000000,-1.000000000,-1.000000000,-1.000000000,-1.000000000,-1.000000000,-1.000000000,-1.000000000,-1.000000000,-1.000000000,-1.000000000,-1.000000000,0.000000000,0.000000000,-1.000000000,-1.000000000,NA,0.050000000,INSUFFICIENT_DECISION_SIGNAL,1,1,f_access;f_threshold;f_gain_memory;f_cost_memory;f_cpu_memory;f_sharing_memory;f_gain_thread;f_cost_thread;f_cpu_thread;f_sharing_thread,0.999981482,1790944092
2026-10-02T12:28:11,APP_15343_1725035,15343,workload,UNAVAILABLE,-1.000000000,-1.000000000,-1.000000000,-1.000000000,-1.000000000,-1.000000000,-1.000000000,-1.000000000,-1.000000000,-1.000000000,-1.000000000,-1.000000000,-1.000000000,0.000000000,0.000000000,-1.000000000,-1.000000000,NA,0.050000000,INSUFFICIENT_DECISION_SIGNAL,1,1,f_access;f_threshold;f_gain_memory;f_cost_memory;f_cpu_memory;f_sharing_memory;f_gain_thread;f_cost_thread;f_cpu_thread;f_sharing_thread,0.999981482,1790944092
2026-10-02T12:28:11,APP_15343_1725035,15343,workload,UNAVAILABLE,-1.000000000,-1.000000000,-1.000000000,-1.000000000,-1.000000000,-1.000000000,-1.000000000,-1.000000000,-1.000000000,-1.000000000,-1.000000000,-1.000000000,-1.000000000,0.000000000,0.000000000,-1.000000000,-1.000000000,NA,0.050000000,INSUFFICIENT_DECISION_SIGNAL,1,1,f_access;f_threshold;f_gain_memory;f_cost_memory;f_cpu_memory;f_sharing_memory;f_gain_thread;f_cost_thread;f_cpu_thread;f_sharing_thread,0.999981482,1790944092
2026-10-02T12:28:11,APP_15343_1725035,15343,workload,UNAVAILABLE,-1.000000000,-1.000000000,-1.000000000,-1.000000000,-1.000000000,-1.000000000,-1.000000000,-1.000000000,-1.000000000,-1.000000000,-1.000000000,-1.000000000,-1.000000000,0.000000000,0.000000000,-1.000000000,-1.000000000,NA,0.050000000,INSUFFICIENT_DECISION_SIGNAL,1,1,f_access;f_threshold;f_gain_memory;f_cost_memory;f_cpu_memory;f_sharing_memory;f_gain_thread;f_cost_thread;f_cpu_thread;f_sharing_thread,0.999981482,1790944092
2026-10-02T12:28:11,APP_15343_1725035,15343,workload,UNAVAILABLE,-1.000000000,-1.000000000,-1.000000000,-1.000000000,-1.000000000,-1.000000000,-1.000000000,-1.000000000,-1.000000000,-1.000000000,-1.000000000,-1.000000000,-1.000000000,0.000000000,0.000000000,-1.000000000,-1.000000000,NA,0.050000000,INSUFFICIENT_DECISION_SIGNAL,1,1,f_access;f_threshold;f_gain_memory;f_cost_memory;f_cpu_memory;f_sharing_memory;f_gain_thread;f_cost_thread;f_cpu_thread;f_sharing_thread,0.999981482,1790944092
2026-10-02T12:28:11,APP_15343_1725035,15343,workload,UNAVAILABLE,-1.000000000,-1.000000000,-1.000000000,-1.000000000,-1.000000000,-1.000000000,-1.000000000,-1.000000000,-1.000000000,-1.000000000,-1.000000000,-1.000000000,-1.000000000,0.000000000,0.000000000,-1.000000000,-1.000000000,NA,0.050000000,INSUFFICIENT_DECISION_SIGNAL,1,1,f_access;f_threshold;f_gain_memory;f_cost_memory;f_cpu_memory;f_sharing_memory;f_gain_thread;f_cost_thread;f_cpu_thread;f_sharing_thread,0.999981482,1790944092
2026-10-02T12:28:11,APP_15343_1725035,15343,workload,UNAVAILABLE,-1.000000000,-1.000000000,-1.000000000,-1.000000000,-1.000000000,-1.000000000,-1.000000000,-1.000000000,-1.000000000,-1.000000000,-1.000000000,-1.000000000,-1.000000000,0.000000000,0.000000000,-1.000000000,-1.000000000,NA,0.050000000,INSUFFICIENT_DECISION_SIGNAL,1,1,f_access;f_threshold;f_gain_memory;f_cost_memory;f_cpu_memory;f_sharing_memory;f_gain_thread;f_cost_thread;f_cpu_thread;f_sharing_thread,0.999981482,1790944092
2026-10-02T12:28:11,APP_15343_1725035,15343,workload,UNAVAILABLE,-1.000000000,-1.000000000,-1.000000000,-1.000000000,-1.000000000,-1.000000000,-1.000000000,-1.000000000,-1.000000000,-1.000000000,-1.000000000,-1.000000000,-1.000000000,0.000000000,0.000000000,-1.000000000,-1.000000000,NA,0.050000000,INSUFFICIENT_DECISION_SIGNAL,1,1,f_access;f_threshold;f_gain_memory;f_cost_memory;f_cpu_memory;f_sharing_memory;f_gain_thread;f_cost_thread;f_cpu_thread;f_sharing_thread,0.999981482,1790944092
2026-10-02T12:28:12,APP_15343_1725035,15343,workload,UNAVAILABLE,-1.000000000,-1.000000000,-1.000000000,-1.000000000,-1.000000000,-1.000000000,-1.000000000,-1.000000000,-1.000000000,-1.000000000,-1.000000000,-1.000000000,-1.000000000,0.000000000,0.000000000,-1.000000000,-1.000000000,NA,0.050000000,INSUFFICIENT_DECISION_SIGNAL,1,1,f_access;f_threshold;f_gain_memory;f_cost_memory;f_cpu_memory;f_sharing_memory;f_gain_thread;f_cost_thread;f_cpu_thread;f_sharing_thread,0.999982639,1790944093
2026-10-02T12:28:12,APP_15343_1725035,15343,workload,UNAVAILABLE,-1.000000000,-1.000000000,-1.000000000,-1.000000000,-1.000000000,-1.000000000,-1.000000000,-1.000000000,-1.000000000,-1.000000000,-1.000000000,-1.000000000,-1.000000000,0.000000000,0.000000000,-1.000000000,-1.000000000,NA,0.050000000,INSUFFICIENT_DECISION_SIGNAL,1,1,f_access;f_threshold;f_gain_memory;f_cost_memory;f_cpu_memory;f_sharing_memory;f_gain_thread;f_cost_thread;f_cpu_thread;f_sharing_thread,0.999982639,1790944093
2026-10-02T12:28:12,APP_15343_1725035,15343,workload,UNAVAILABLE,-1.000000000,-1.000000000,-1.000000000,-1.000000000,-1.000000000,-1.000000000,-1.000000000,-1.000000000,-1.000000000,-1.000000000,-1.000000000,-1.000000000,-1.000000000,0.000000000,0.000000000,-1.000000000,-1.000000000,NA,0.050000000,INSUFFICIENT_DECISION_SIGNAL,1,1,f_access;f_threshold;f_gain_memory;f_cost_memory;f_cpu_memory;f_sharing_memory;f_gain_thread;f_cost_thread;f_cpu_thread;f_sharing_thread,0.999982639,1790944093
2026-10-02T12:28:12,APP_15343_1725035,15343,workload,UNAVAILABLE,-1.000000000,-1.000000000,-1.000000000,-1.000000000,-1.000000000,-1.000000000,-1.000000000,-1.000000000,-1.000000000,-1.000000000,-1.000000000,-1.000000000,-1.000000000,0.000000000,0.000000000,-1.000000000,-1.000000000,NA,0.050000000,INSUFFICIENT_DECISION_SIGNAL,1,1,f_access;f_threshold;f_gain_memory;f_cost_memory;f_cpu_memory;f_sharing_memory;f_gain_thread;f_cost_thread;f_cpu_thread;f_sharing_thread,0.999982639,1790944093
2026-10-02T12:28:12,APP_15343_1725035,15343,workload,UNAVAILABLE,-1.000000000,-1.000000000,-1.000000000,-1.000000000,-1.000000000,-1.000000000,-1.000000000,-1.000000000,-1.000000000,-1.000000000,-1.000000000,-1.000000000,-1.000000000,0.000000000,0.000000000,-1.000000000,-1.000000000,NA,0.050000000,INSUFFICIENT_DECISION_SIGNAL,1,1,f_access;f_threshold;f_gain_memory;f_cost_memory;f_cpu_memory;f_sharing_memory;f_gain_thread;f_cost_thread;f_cpu_thread;f_sharing_thread,0.999982639,1790944093
2026-10-02T12:28:12,APP_15343_1725035,15343,workload,UNAVAILABLE,-1.000000000,-1.000000000,-1.000000000,-1.000000000,-1.000000000,-1.000000000,-1.000000000,-1.000000000,-1.000000000,-1.000000000,-1.000000000,-1.000000000,-1.000000000,0.000000000,0.000000000,-1.000000000,-1.000000000,NA,0.050000000,INSUFFICIENT_DECISION_SIGNAL,1,1,f_access;f_threshold;f_gain_memory;f_cost_memory;f_cpu_memory;f_sharing_memory;f_gain_thread;f_cost_thread;f_cpu_thread;f_sharing_thread,0.999982639,1790944093
2026-10-02T12:28:12,APP_15343_1725035,15343,workload,UNAVAILABLE,-1.000000000,-1.000000000,-1.000000000,-1.000000000,-1.000000000,-1.000000000,-1.000000000,-1.000000000,-1.000000000,-1.000000000,-1.000000000,-1.000000000,-1.000000000,0.000000000,0.000000000,-1.000000000,-1.000000000,NA,0.050000000,INSUFFICIENT_DECISION_SIGNAL,1,1,f_access;f_threshold;f_gain_memory;f_cost_memory;f_cpu_memory;f_sharing_memory;f_gain_thread;f_cost_thread;f_cpu_thread;f_sharing_thread,0.999982639,1790944093
2026-10-02T12:28:12,APP_15343_1725035,15343,workload,UNAVAILABLE,-1.000000000,-1.000000000,-1.000000000,-1.000000000,-1.000000000,-1.000000000,-1.000000000,-1.000000000,-1.000000000,-1.000000000,-1.000000000,-1.000000000,-1.000000000,0.000000000,0.000000000,-1.000000000,-1.000000000,NA,0.050000000,INSUFFICIENT_DECISION_SIGNAL,1,1,f_access;f_threshold;f_gain_memory;f_cost_memory;f_cpu_memory;f_sharing_memory;f_gain_thread;f_cost_thread;f_cpu_thread;f_sharing_thread,0.999982639,1790944093
2026-10-02T12:28:13,APP_15343_1725035,15343,workload,UNAVAILABLE,-1.000000000,-1.000000000,-1.000000000,-1.000000000,-1.000000000,-1.000000000,-1.000000000,-1.000000000,-1.000000000,-1.000000000,-1.000000000,-1.000000000,-1.000000000,0.000000000,0.000000000,-1.000000000,-1.000000000,NA,0.050000000,INSUFFICIENT_DECISION_SIGNAL,1,1,f_access;f_threshold;f_gain_memory;f_cost_memory;f_cpu_memory;f_sharing_memory;f_gain_thread;f_cost_thread;f_cpu_thread;f_sharing_thread,0.999982639,1790944093
2026-10-02T12:28:13,APP_15343_1725035,15343,workload,UNAVAILABLE,-1.000000000,-1.000000000,-1.000000000,-1.000000000,-1.000000000,-1.000000000,-1.000000000,-1.000000000,-1.000000000,-1.000000000,-1.000000000,-1.000000000,-1.000000000,0.000000000,0.000000000,-1.000000000,-1.000000000,NA,0.050000000,INSUFFICIENT_DECISION_SIGNAL,1,1,f_access;f_threshold;f_gain_memory;f_cost_memory;f_cpu_memory;f_sharing_memory;f_gain_thread;f_cost_thread;f_cpu_thread;f_sharing_thread,0.999983796,1790944094
2026-10-02T12:28:13,APP_15343_1725035,15343,workload,UNAVAILABLE,-1.000000000,-1.000000000,-1.000000000,-1.000000000,-1.000000000,-1.000000000,-1.000000000,-1.000000000,-1.000000000,-1.000000000,-1.000000000,-1.000000000,-1.000000000,0.000000000,0.000000000,-1.000000000,-1.000000000,NA,0.050000000,INSUFFICIENT_DECISION_SIGNAL,1,1,f_access;f_threshold;f_gain_memory;f_cost_memory;f_cpu_memory;f_sharing_memory;f_gain_thread;f_cost_thread;f_cpu_thread;f_sharing_thread,0.999983796,1790944094
2026-10-02T12:28:13,APP_15343_1725035,15343,workload,UNAVAILABLE,-1.000000000,-1.000000000,-1.000000000,-1.000000000,-1.000000000,-1.000000000,-1.000000000,-1.000000000,-1.000000000,-1.000000000,-1.000000000,-1.000000000,-1.000000000,0.000000000,0.000000000,-1.000000000,-1.000000000,NA,0.050000000,INSUFFICIENT_DECISION_SIGNAL,1,1,f_access;f_threshold;f_gain_memory;f_cost_memory;f_cpu_memory;f_sharing_memory;f_gain_thread;f_cost_thread;f_cpu_thread;f_sharing_thread,0.999983796,1790944094
2026-10-02T12:28:13,APP_15343_1725035,15343,workload,UNAVAILABLE,-1.000000000,-1.000000000,-1.000000000,-1.000000000,-1.000000000,-1.000000000,-1.000000000,-1.000000000,-1.000000000,-1.000000000,-1.000000000,-1.000000000,-1.000000000,0.000000000,0.000000000,-1.000000000,-1.000000000,NA,0.050000000,INSUFFICIENT_DECISION_SIGNAL,1,1,f_access;f_threshold;f_gain_memory;f_cost_memory;f_cpu_memory;f_sharing_memory;f_gain_thread;f_cost_thread;f_cpu_thread;f_sharing_thread,0.999983796,1790944094
2026-10-02T12:28:13,APP_15343_1725035,15343,workload,UNAVAILABLE,-1.000000000,-1.000000000,-1.000000000,-1.000000000,-1.000000000,-1.000000000,-1.000000000,-1.000000000,-1.000000000,-1.000000000,-1.000000000,-1.000000000,-1.000000000,0.000000000,0.000000000,-1.000000000,-1.000000000,NA,0.050000000,INSUFFICIENT_DECISION_SIGNAL,1,1,f_access;f_threshold;f_gain_memory;f_cost_memory;f_cpu_memory;f_sharing_memory;f_gain_thread;f_cost_thread;f_cpu_thread;f_sharing_thread,0.999983796,1790944094
2026-10-02T12:28:13,APP_15343_1725035,15343,workload,UNAVAILABLE,-1.000000000,-1.000000000,-1.000000000,-1.000000000,-1.000000000,-1.000000000,-1.000000000,-1.000000000,-1.000000000,-1.000000000,-1.000000000,-1.000000000,-1.000000000,0.000000000,0.000000000,-1.000000000,-1.000000000,NA,0.050000000,INSUFFICIENT_DECISION_SIGNAL,1,1,f_access;f_threshold;f_gain_memory;f_cost_memory;f_cpu_memory;f_sharing_memory;f_gain_thread;f_cost_thread;f_cpu_thread;f_sharing_thread,0.999983796,1790944094
2026-10-02T12:28:13,APP_15343_1725035,15343,workload,UNAVAILABLE,-1.000000000,-1.000000000,-1.000000000,-1.000000000,-1.000000000,-1.000000000,-1.000000000,-1.000000000,-1.000000000,-1.000000000,-1.000000000,-1.000000000,-1.000000000,0.000000000,0.000000000,-1.000000000,-1.000000000,NA,0.050000000,INSUFFICIENT_DECISION_SIGNAL,1,1,f_access;f_threshold;f_gain_memory;f_cost_memory;f_cpu_memory;f_sharing_memory;f_gain_thread;f_cost_thread;f_cpu_thread;f_sharing_thread,0.999983796,1790944094
2026-10-02T12:28:14,APP_15343_1725035,15343,workload,UNAVAILABLE,-1.000000000,-1.000000000,-1.000000000,-1.000000000,-1.000000000,-1.000000000,-1.000000000,-1.000000000,-1.000000000,-1.000000000,-1.000000000,-1.000000000,-1.000000000,0.000000000,0.000000000,-1.000000000,-1.000000000,NA,0.050000000,INSUFFICIENT_DECISION_SIGNAL,1,1,f_access;f_threshold;f_gain_memory;f_cost_memory;f_cpu_memory;f_sharing_memory;f_gain_thread;f_cost_thread;f_cpu_thread;f_sharing_thread,0.999983796,1790944094
2026-10-02T12:28:14,APP_15343_1725035,15343,workload,UNAVAILABLE,-1.000000000,-1.000000000,-1.000000000,-1.000000000,-1.000000000,-1.000000000,-1.000000000,-1.000000000,-1.000000000,-1.000000000,-1.000000000,-1.000000000,-1.000000000,0.000000000,0.000000000,-1.000000000,-1.000000000,NA,0.050000000,INSUFFICIENT_DECISION_SIGNAL,1,1,f_access;f_threshold;f_gain_memory;f_cost_memory;f_cpu_memory;f_sharing_memory;f_gain_thread;f_cost_thread;f_cpu_thread;f_sharing_thread,0.999983796,1790944094
2026-10-02T12:28:14,APP_15343_1725035,15343,workload,UNAVAILABLE,-1.000000000,-1.000000000,-1.000000000,-1.000000000,-1.000000000,-1.000000000,-1.000000000,-1.000000000,-1.000000000,-1.000000000,-1.000000000,-1.000000000,-1.000000000,0.000000000,0.000000000,-1.000000000,-1.000000000,NA,0.050000000,INSUFFICIENT_DECISION_SIGNAL,1,1,f_access;f_threshold;f_gain_memory;f_cost_memory;f_cpu_memory;f_sharing_memory;f_gain_thread;f_cost_thread;f_cpu_thread;f_sharing_thread,0.999984954,1790944095
2026-10-02T12:28:14,APP_15343_1725035,15343,workload,UNAVAILABLE,-1.000000000,-1.000000000,-1.000000000,-1.000000000,-1.000000000,-1.000000000,-1.000000000,-1.000000000,-1.000000000,-1.000000000,-1.000000000,-1.000000000,-1.000000000,0.000000000,0.000000000,-1.000000000,-1.000000000,NA,0.050000000,INSUFFICIENT_DECISION_SIGNAL,1,1,f_access;f_threshold;f_gain_memory;f_cost_memory;f_cpu_memory;f_sharing_memory;f_gain_thread;f_cost_thread;f_cpu_thread;f_sharing_thread,0.999984954,1790944095
2026-10-02T12:28:14,APP_15343_1725035,15343,workload,UNAVAILABLE,-1.000000000,-1.000000000,-1.000000000,-1.000000000,-1.000000000,-1.000000000,-1.000000000,-1.000000000,-1.000000000,-1.000000000,-1.000000000,-1.000000000,-1.000000000,0.000000000,0.000000000,-1.000000000,-1.000000000,NA,0.050000000,INSUFFICIENT_DECISION_SIGNAL,1,1,f_access;f_threshold;f_gain_memory;f_cost_memory;f_cpu_memory;f_sharing_memory;f_gain_thread;f_cost_thread;f_cpu_thread;f_sharing_thread,0.999984954,1790944095
2026-10-02T12:28:14,APP_15343_1725035,15343,workload,UNAVAILABLE,-1.000000000,-1.000000000,-1.000000000,-1.000000000,-1.000000000,-1.000000000,-1.000000000,-1.000000000,-1.000000000,-1.000000000,-1.000000000,-1.000000000,-1.000000000,0.000000000,0.000000000,-1.000000000,-1.000000000,NA,0.050000000,INSUFFICIENT_DECISION_SIGNAL,1,1,f_access;f_threshold;f_gain_memory;f_cost_memory;f_cpu_memory;f_sharing_memory;f_gain_thread;f_cost_thread;f_cpu_thread;f_sharing_thread,0.999984954,1790944095
2026-10-02T12:28:14,APP_15343_1725035,15343,workload,UNAVAILABLE,-1.000000000,-1.000000000,-1.000000000,-1.000000000,-1.000000000,-1.000000000,-1.000000000,-1.000000000,-1.000000000,-1.000000000,-1.000000000,-1.000000000,-1.000000000,0.000000000,0.000000000,-1.000000000,-1.000000000,NA,0.050000000,INSUFFICIENT_DECISION_SIGNAL,1,1,f_access;f_threshold;f_gain_memory;f_cost_memory;f_cpu_memory;f_sharing_memory;f_gain_thread;f_cost_thread;f_cpu_thread;f_sharing_thread,0.999984954,1790944095
2026-10-02T12:28:14,APP_15343_1725035,15343,workload,UNAVAILABLE,-1.000000000,-1.000000000,-1.000000000,-1.000000000,-1.000000000,-1.000000000,-1.000000000,-1.000000000,-1.000000000,-1.000000000,-1.000000000,-1.000000000,-1.000000000,0.000000000,0.000000000,-1.000000000,-1.000000000,NA,0.050000000,INSUFFICIENT_DECISION_SIGNAL,1,1,f_access;f_threshold;f_gain_memory;f_cost_memory;f_cpu_memory;f_sharing_memory;f_gain_thread;f_cost_thread;f_cpu_thread;f_sharing_thread,0.999984954,1790944095
2026-10-02T12:28:15,APP_15343_1725035,15343,workload,UNAVAILABLE,-1.000000000,-1.000000000,-1.000000000,-1.000000000,-1.000000000,-1.000000000,-1.000000000,-1.000000000,-1.000000000,-1.000000000,-1.000000000,-1.000000000,-1.000000000,0.000000000,0.000000000,-1.000000000,-1.000000000,NA,0.050000000,INSUFFICIENT_DECISION_SIGNAL,1,1,f_access;f_threshold;f_gain_memory;f_cost_memory;f_cpu_memory;f_sharing_memory;f_gain_thread;f_cost_thread;f_cpu_thread;f_sharing_thread,0.999984954,1790944095
2026-10-02T12:28:15,APP_15343_1725035,15343,workload,UNAVAILABLE,-1.000000000,-1.000000000,-1.000000000,-1.000000000,-1.000000000,-1.000000000,-1.000000000,-1.000000000,-1.000000000,-1.000000000,-1.000000000,-1.000000000,-1.000000000,0.000000000,0.000000000,-1.000000000,-1.000000000,NA,0.050000000,INSUFFICIENT_DECISION_SIGNAL,1,1,f_access;f_threshold;f_gain_memory;f_cost_memory;f_cpu_memory;f_sharing_memory;f_gain_thread;f_cost_thread;f_cpu_thread;f_sharing_thread,0.999984954,1790944095
2026-10-02T12:28:15,APP_15343_1725035,15343,workload,UNAVAILABLE,-1.000000000,-1.000000000,-1.000000000,-1.000000000,-1.000000000,-1.000000000,-1.000000000,-1.000000000,-1.000000000,-1.000000000,-1.000000000,-1.000000000,-1.000000000,0.000000000,0.000000000,-1.000000000,-1.000000000,NA,0.050000000,INSUFFICIENT_DECISION_SIGNAL,1,1,f_access;f_threshold;f_gain_memory;f_cost_memory;f_cpu_memory;f_sharing_memory;f_gain_thread;f_cost_thread;f_cpu_thread;f_sharing_thread,0.999984954,1790944095
2026-10-02T12:28:15,APP_15343_1725035,15343,workload,UNAVAILABLE,-1.000000000,-1.000000000,-1.000000000,-1.000000000,-1.000000000,-1.000000000,-1.000000000,-1.000000000,-1.000000000,-1.000000000,-1.000000000,-1.000000000,-1.000000000,0.000000000,0.000000000,-1.000000000,-1.000000000,NA,0.050000000,INSUFFICIENT_DECISION_SIGNAL,1,1,f_access;f_threshold;f_gain_memory;f_cost_memory;f_cpu_memory;f_sharing_memory;f_gain_thread;f_cost_thread;f_cpu_thread;f_sharing_thread,0.999986111,1790944096
2026-10-02T12:28:15,APP_15343_1725035,15343,workload,UNAVAILABLE,-1.000000000,-1.000000000,-1.000000000,-1.000000000,-1.000000000,-1.000000000,-1.000000000,-1.000000000,-1.000000000,-1.000000000,-1.000000000,-1.000000000,-1.000000000,0.000000000,0.000000000,-1.000000000,-1.000000000,NA,0.050000000,INSUFFICIENT_DECISION_SIGNAL,1,1,f_access;f_threshold;f_gain_memory;f_cost_memory;f_cpu_memory;f_sharing_memory;f_gain_thread;f_cost_thread;f_cpu_thread;f_sharing_thread,0.999986111,1790944096
2026-10-02T12:28:15,APP_15343_1725035,15343,workload,UNAVAILABLE,-1.000000000,-1.000000000,-1.000000000,-1.000000000,-1.000000000,-1.000000000,-1.000000000,-1.000000000,-1.000000000,-1.000000000,-1.000000000,-1.000000000,-1.000000000,0.000000000,0.000000000,-1.000000000,-1.000000000,NA,0.050000000,INSUFFICIENT_DECISION_SIGNAL,1,1,f_access;f_threshold;f_gain_memory;f_cost_memory;f_cpu_memory;f_sharing_memory;f_gain_thread;f_cost_thread;f_cpu_thread;f_sharing_thread,0.999986111,1790944096
2026-10-02T12:28:15,APP_15343_1725035,15343,workload,UNAVAILABLE,-1.000000000,-1.000000000,-1.000000000,-1.000000000,-1.000000000,-1.000000000,-1.000000000,-1.000000000,-1.000000000,-1.000000000,-1.000000000,-1.000000000,-1.000000000,0.000000000,0.000000000,-1.000000000,-1.000000000,NA,0.050000000,INSUFFICIENT_DECISION_SIGNAL,1,1,f_access;f_threshold;f_gain_memory;f_cost_memory;f_cpu_memory;f_sharing_memory;f_gain_thread;f_cost_thread;f_cpu_thread;f_sharing_thread,0.999986111,1790944096
2026-10-02T12:28:15,APP_15343_1725035,15343,workload,UNAVAILABLE,-1.000000000,-1.000000000,-1.000000000,-1.000000000,-1.000000000,-1.000000000,-1.000000000,-1.000000000,-1.000000000,-1.000000000,-1.000000000,-1.000000000,-1.000000000,0.000000000,0.000000000,-1.000000000,-1.000000000,NA,0.050000000,INSUFFICIENT_DECISION_SIGNAL,1,1,f_access;f_threshold;f_gain_memory;f_cost_memory;f_cpu_memory;f_sharing_memory;f_gain_thread;f_cost_thread;f_cpu_thread;f_sharing_thread,0.999986111,1790944096
2026-10-02T12:28:16,APP_15343_1725035,15343,workload,UNAVAILABLE,-1.000000000,-1.000000000,-1.000000000,-1.000000000,-1.000000000,-1.000000000,-1.000000000,-1.000000000,-1.000000000,-1.000000000,-1.000000000,-1.000000000,-1.000000000,0.000000000,0.000000000,-1.000000000,-1.000000000,NA,0.050000000,INSUFFICIENT_DECISION_SIGNAL,1,1,f_access;f_threshold;f_gain_memory;f_cost_memory;f_cpu_memory;f_sharing_memory;f_gain_thread;f_cost_thread;f_cpu_thread;f_sharing_thread,0.999986111,1790944096
2026-10-02T12:28:16,APP_15343_1725035,15343,workload,UNAVAILABLE,-1.000000000,-1.000000000,-1.000000000,-1.000000000,-1.000000000,-1.000000000,-1.000000000,-1.000000000,-1.000000000,-1.000000000,-1.000000000,-1.000000000,-1.000000000,0.000000000,0.000000000,-1.000000000,-1.000000000,NA,0.050000000,INSUFFICIENT_DECISION_SIGNAL,1,1,f_access;f_threshold;f_gain_memory;f_cost_memory;f_cpu_memory;f_sharing_memory;f_gain_thread;f_cost_thread;f_cpu_thread;f_sharing_thread,0.999986111,1790944096
2026-10-02T12:28:16,APP_15343_1725035,15343,workload,UNAVAILABLE,-1.000000000,-1.000000000,-1.000000000,-1.000000000,-1.000000000,-1.000000000,-1.000000000,-1.000000000,-1.000000000,-1.000000000,-1.000000000,-1.000000000,-1.000000000,0.000000000,0.000000000,-1.000000000,-1.000000000,NA,0.050000000,INSUFFICIENT_DECISION_SIGNAL,1,1,f_access;f_threshold;f_gain_memory;f_cost_memory;f_cpu_memory;f_sharing_memory;f_gain_thread;f_cost_thread;f_cpu_thread;f_sharing_thread,0.999986111,1790944096
2026-10-02T12:28:16,APP_15343_1725035,15343,workload,UNAVAILABLE,-1.000000000,-1.000000000,-1.000000000,-1.000000000,-1.000000000,-1.000000000,-1.000000000,-1.000000000,-1.000000000,-1.000000000,-1.000000000,-1.000000000,-1.000000000,0.000000000,0.000000000,-1.000000000,-1.000000000,NA,0.050000000,INSUFFICIENT_DECISION_SIGNAL,1,1,f_access;f_threshold;f_gain_memory;f_cost_memory;f_cpu_memory;f_sharing_memory;f_gain_thread;f_cost_thread;f_cpu_thread;f_sharing_thread,0.999987269,1790944097
2026-10-02T12:28:16,APP_15343_1725035,15343,workload,UNAVAILABLE,-1.000000000,-1.000000000,-1.000000000,-1.000000000,-1.000000000,-1.000000000,-1.000000000,-1.000000000,-1.000000000,-1.000000000,-1.000000000,-1.000000000,-1.000000000,0.000000000,0.000000000,-1.000000000,-1.000000000,NA,0.050000000,INSUFFICIENT_DECISION_SIGNAL,1,1,f_access;f_threshold;f_gain_memory;f_cost_memory;f_cpu_memory;f_sharing_memory;f_gain_thread;f_cost_thread;f_cpu_thread;f_sharing_thread,0.999987269,1790944097
2026-10-02T12:28:16,APP_15343_1725035,15343,workload,UNAVAILABLE,-1.000000000,-1.000000000,-1.000000000,-1.000000000,-1.000000000,-1.000000000,-1.000000000,-1.000000000,-1.000000000,-1.000000000,-1.000000000,-1.000000000,-1.000000000,0.000000000,0.000000000,-1.000000000,-1.000000000,NA,0.050000000,INSUFFICIENT_DECISION_SIGNAL,1,1,f_access;f_threshold;f_gain_memory;f_cost_memory;f_cpu_memory;f_sharing_memory;f_gain_thread;f_cost_thread;f_cpu_thread;f_sharing_thread,0.999987269,1790944097
2026-10-02T12:28:16,APP_15343_1725035,15343,workload,UNAVAILABLE,-1.000000000,-1.000000000,-1.000000000,-1.000000000,-1.000000000,-1.000000000,-1.000000000,-1.000000000,-1.000000000,-1.000000000,-1.000000000,-1.000000000,-1.000000000,0.000000000,0.000000000,-1.000000000,-1.000000000,NA,0.050000000,INSUFFICIENT_DECISION_SIGNAL,1,1,f_access;f_threshold;f_gain_memory;f_cost_memory;f_cpu_memory;f_sharing_memory;f_gain_thread;f_cost_thread;f_cpu_thread;f_sharing_thread,0.999987269,1790944097
2026-10-02T12:28:16,APP_15343_1725035,15343,workload,UNAVAILABLE,-1.000000000,-1.000000000,-1.000000000,-1.000000000,-1.000000000,-1.000000000,-1.000000000,-1.000000000,-1.000000000,-1.000000000,-1.000000000,-1.000000000,-1.000000000,0.000000000,0.000000000,-1.000000000,-1.000000000,NA,0.050000000,INSUFFICIENT_DECISION_SIGNAL,1,1,f_access;f_threshold;f_gain_memory;f_cost_memory;f_cpu_memory;f_sharing_memory;f_gain_thread;f_cost_thread;f_cpu_thread;f_sharing_thread,0.999987269,1790944097
2026-10-02T12:28:17,APP_15343_1725035,15343,workload,UNAVAILABLE,-1.000000000,-1.000000000,-1.000000000,-1.000000000,-1.000000000,-1.000000000,-1.000000000,-1.000000000,-1.000000000,-1.000000000,-1.000000000,-1.000000000,-1.000000000,0.000000000,0.000000000,-1.000000000,-1.000000000,NA,0.050000000,INSUFFICIENT_DECISION_SIGNAL,1,1,f_access;f_threshold;f_gain_memory;f_cost_memory;f_cpu_memory;f_sharing_memory;f_gain_thread;f_cost_thread;f_cpu_thread;f_sharing_thread,0.999987269,1790944097
2026-10-02T12:28:17,APP_15343_1725035,15343,workload,UNAVAILABLE,-1.000000000,-1.000000000,-1.000000000,-1.000000000,-1.000000000,-1.000000000,-1.000000000,-1.000000000,-1.000000000,-1.000000000,-1.000000000,-1.000000000,-1.000000000,0.000000000,0.000000000,-1.000000000,-1.000000000,NA,0.050000000,INSUFFICIENT_DECISION_SIGNAL,1,1,f_access;f_threshold;f_gain_memory;f_cost_memory;f_cpu_memory;f_sharing_memory;f_gain_thread;f_cost_thread;f_cpu_thread;f_sharing_thread,0.999987269,1790944097
2026-10-02T12:28:17,APP_15343_1725035,15343,workload,UNAVAILABLE,-1.000000000,-1.000000000,-1.000000000,-1.000000000,-1.000000000,-1.000000000,-1.000000000,-1.000000000,-1.000000000,-1.000000000,-1.000000000,-1.000000000,-1.000000000,0.000000000,0.000000000,-1.000000000,-1.000000000,NA,0.050000000,INSUFFICIENT_DECISION_SIGNAL,1,1,f_access;f_threshold;f_gain_memory;f_cost_memory;f_cpu_memory;f_sharing_memory;f_gain_thread;f_cost_thread;f_cpu_thread;f_sharing_thread,0.999987269,1790944097
2026-10-02T12:28:17,APP_15343_1725035,15343,workload,UNAVAILABLE,-1.000000000,-1.000000000,-1.000000000,-1.000000000,-1.000000000,-1.000000000,-1.000000000,-1.000000000,-1.000000000,-1.000000000,-1.000000000,-1.000000000,-1.000000000,0.000000000,0.000000000,-1.000000000,-1.000000000,NA,0.050000000,INSUFFICIENT_DECISION_SIGNAL,1,1,f_access;f_threshold;f_gain_memory;f_cost_memory;f_cpu_memory;f_sharing_memory;f_gain_thread;f_cost_thread;f_cpu_thread;f_sharing_thread,0.999987269,1790944097
2026-10-02T12:28:17,APP_15343_1725035,15343,workload,UNAVAILABLE,-1.000000000,-1.000000000,-1.000000000,-1.000000000,-1.000000000,-1.000000000,-1.000000000,-1.000000000,-1.000000000,-1.000000000,-1.000000000,-1.000000000,-1.000000000,0.000000000,0.000000000,-1.000000000,-1.000000000,NA,0.050000000,INSUFFICIENT_DECISION_SIGNAL,1,1,f_access;f_threshold;f_gain_memory;f_cost_memory;f_cpu_memory;f_sharing_memory;f_gain_thread;f_cost_thread;f_cpu_thread;f_sharing_thread,0.999988426,1790944098
2026-10-02T12:28:17,APP_15343_1725035,15343,workload,UNAVAILABLE,-1.000000000,-1.000000000,-1.000000000,-1.000000000,-1.000000000,-1.000000000,-1.000000000,-1.000000000,-1.000000000,-1.000000000,-1.000000000,-1.000000000,-1.000000000,0.000000000,0.000000000,-1.000000000,-1.000000000,NA,0.050000000,INSUFFICIENT_DECISION_SIGNAL,1,1,f_access;f_threshold;f_gain_memory;f_cost_memory;f_cpu_memory;f_sharing_memory;f_gain_thread;f_cost_thread;f_cpu_thread;f_sharing_thread,0.999988426,1790944098
2026-10-02T12:28:17,APP_15343_1725035,15343,workload,UNAVAILABLE,-1.000000000,-1.000000000,-1.000000000,-1.000000000,-1.000000000,-1.000000000,-1.000000000,-1.000000000,-1.000000000,-1.000000000,-1.000000000,-1.000000000,-1.000000000,0.000000000,0.000000000,-1.000000000,-1.000000000,NA,0.050000000,INSUFFICIENT_DECISION_SIGNAL,1,1,f_access;f_threshold;f_gain_memory;f_cost_memory;f_cpu_memory;f_sharing_memory;f_gain_thread;f_cost_thread;f_cpu_thread;f_sharing_thread,0.999988426,1790944098
2026-10-02T12:28:17,APP_15343_1725035,15343,workload,UNAVAILABLE,-1.000000000,-1.000000000,-1.000000000,-1.000000000,-1.000000000,-1.000000000,-1.000000000,-1.000000000,-1.000000000,-1.000000000,-1.000000000,-1.000000000,-1.000000000,0.000000000,0.000000000,-1.000000000,-1.000000000,NA,0.050000000,INSUFFICIENT_DECISION_SIGNAL,1,1,f_access;f_threshold;f_gain_memory;f_cost_memory;f_cpu_memory;f_sharing_memory;f_gain_thread;f_cost_thread;f_cpu_thread;f_sharing_thread,0.999988426,1790944098
2026-10-02T12:28:18,APP_15343_1725035,15343,workload,UNAVAILABLE,-1.000000000,-1.000000000,-1.000000000,-1.000000000,-1.000000000,-1.000000000,-1.000000000,-1.000000000,-1.000000000,-1.000000000,-1.000000000,-1.000000000,-1.000000000,0.000000000,0.000000000,-1.000000000,-1.000000000,NA,0.050000000,INSUFFICIENT_DECISION_SIGNAL,1,1,f_access;f_threshold;f_gain_memory;f_cost_memory;f_cpu_memory;f_sharing_memory;f_gain_thread;f_cost_thread;f_cpu_thread;f_sharing_thread,0.999988426,1790944098
2026-10-02T12:28:18,APP_15343_1725035,15343,workload,UNAVAILABLE,-1.000000000,-1.000000000,-1.000000000,-1.000000000,-1.000000000,-1.000000000,-1.000000000,-1.000000000,-1.000000000,-1.000000000,-1.000000000,-1.000000000,-1.000000000,0.000000000,0.000000000,-1.000000000,-1.000000000,NA,0.050000000,INSUFFICIENT_DECISION_SIGNAL,1,1,f_access;f_threshold;f_gain_memory;f_cost_memory;f_cpu_memory;f_sharing_memory;f_gain_thread;f_cost_thread;f_cpu_thread;f_sharing_thread,0.999988426,1790944098
2026-10-02T12:28:18,APP_15343_1725035,15343,workload,UNAVAILABLE,-1.000000000,-1.000000000,-1.000000000,-1.000000000,-1.000000000,-1.000000000,-1.000000000,-1.000000000,-1.000000000,-1.000000000,-1.000000000,-1.000000000,-1.000000000,0.000000000,0.000000000,-1.000000000,-1.000000000,NA,0.050000000,INSUFFICIENT_DECISION_SIGNAL,1,1,f_access;f_threshold;f_gain_memory;f_cost_memory;f_cpu_memory;f_sharing_memory;f_gain_thread;f_cost_thread;f_cpu_thread;f_sharing_thread,0.999988426,1790944098
2026-10-02T12:28:18,APP_15343_1725035,15343,workload,UNAVAILABLE,-1.000000000,-1.000000000,-1.000000000,-1.000000000,-1.000000000,-1.000000000,-1.000000000,-1.000000000,-1.000000000,-1.000000000,-1.000000000,-1.000000000,-1.000000000,0.000000000,0.000000000,-1.000000000,-1.000000000,NA,0.050000000,INSUFFICIENT_DECISION_SIGNAL,1,1,f_access;f_threshold;f_gain_memory;f_cost_memory;f_cpu_memory;f_sharing_memory;f_gain_thread;f_cost_thread;f_cpu_thread;f_sharing_thread,0.999988426,1790944098
2026-10-02T12:28:18,APP_15343_1725035,15343,workload,UNAVAILABLE,-1.000000000,-1.000000000,-1.000000000,-1.000000000,-1.000000000,-1.000000000,-1.000000000,-1.000000000,-1.000000000,-1.000000000,-1.000000000,-1.000000000,-1.000000000,0.000000000,0.000000000,-1.000000000,-1.000000000,NA,0.050000000,INSUFFICIENT_DECISION_SIGNAL,1,1,f_access;f_threshold;f_gain_memory;f_cost_memory;f_cpu_memory;f_sharing_memory;f_gain_thread;f_cost_thread;f_cpu_thread;f_sharing_thread,0.999988426,1790944098
2026-10-02T12:28:18,APP_15343_1725035,15343,workload,UNAVAILABLE,-1.000000000,-1.000000000,-1.000000000,-1.000000000,-1.000000000,-1.000000000,-1.000000000,-1.000000000,-1.000000000,-1.000000000,-1.000000000,-1.000000000,-1.000000000,0.000000000,0.000000000,-1.000000000,-1.000000000,NA,0.050000000,INSUFFICIENT_DECISION_SIGNAL,1,1,f_access;f_threshold;f_gain_memory;f_cost_memory;f_cpu_memory;f_sharing_memory;f_gain_thread;f_cost_thread;f_cpu_thread;f_sharing_thread,0.999989583,1790944099
2026-10-02T12:28:18,APP_15343_1725035,15343,workload,UNAVAILABLE,-1.000000000,-1.000000000,-1.000000000,-1.000000000,-1.000000000,-1.000000000,-1.000000000,-1.000000000,-1.000000000,-1.000000000,-1.000000000,-1.000000000,-1.000000000,0.000000000,0.000000000,-1.000000000,-1.000000000,NA,0.050000000,INSUFFICIENT_DECISION_SIGNAL,1,1,f_access;f_threshold;f_gain_memory;f_cost_memory;f_cpu_memory;f_sharing_memory;f_gain_thread;f_cost_thread;f_cpu_thread;f_sharing_thread,0.999989583,1790944099
2026-10-02T12:28:18,APP_15343_1725035,15343,workload,UNAVAILABLE,-1.000000000,-1.000000000,-1.000000000,-1.000000000,-1.000000000,-1.000000000,-1.000000000,-1.000000000,-1.000000000,-1.000000000,-1.000000000,-1.000000000,-1.000000000,0.000000000,0.000000000,-1.000000000,-1.000000000,NA,0.050000000,INSUFFICIENT_DECISION_SIGNAL,1,1,f_access;f_threshold;f_gain_memory;f_cost_memory;f_cpu_memory;f_sharing_memory;f_gain_thread;f_cost_thread;f_cpu_thread;f_sharing_thread,0.999989583,1790944099
2026-10-02T12:28:19,APP_15343_1725035,15343,workload,UNAVAILABLE,-1.000000000,-1.000000000,-1.000000000,-1.000000000,-1.000000000,-1.000000000,-1.000000000,-1.000000000,-1.000000000,-1.000000000,-1.000000000,-1.000000000,-1.000000000,0.000000000,0.000000000,-1.000000000,-1.000000000,NA,0.050000000,INSUFFICIENT_DECISION_SIGNAL,1,1,f_access;f_threshold;f_gain_memory;f_cost_memory;f_cpu_memory;f_sharing_memory;f_gain_thread;f_cost_thread;f_cpu_thread;f_sharing_thread,0.999989583,1790944099
2026-10-02T12:28:19,APP_15343_1725035,15343,workload,UNAVAILABLE,-1.000000000,-1.000000000,-1.000000000,-1.000000000,-1.000000000,-1.000000000,-1.000000000,-1.000000000,-1.000000000,-1.000000000,-1.000000000,-1.000000000,-1.000000000,0.000000000,0.000000000,-1.000000000,-1.000000000,NA,0.050000000,INSUFFICIENT_DECISION_SIGNAL,1,1,f_access;f_threshold;f_gain_memory;f_cost_memory;f_cpu_memory;f_sharing_memory;f_gain_thread;f_cost_thread;f_cpu_thread;f_sharing_thread,0.999989583,1790944099
2026-10-02T12:28:19,APP_15343_1725035,15343,workload,UNAVAILABLE,-1.000000000,-1.000000000,-1.000000000,-1.000000000,-1.000000000,-1.000000000,-1.000000000,-1.000000000,-1.000000000,-1.000000000,-1.000000000,-1.000000000,-1.000000000,0.000000000,0.000000000,-1.000000000,-1.000000000,NA,0.050000000,INSUFFICIENT_DECISION_SIGNAL,1,1,f_access;f_threshold;f_gain_memory;f_cost_memory;f_cpu_memory;f_sharing_memory;f_gain_thread;f_cost_thread;f_cpu_thread;f_sharing_thread,0.999989583,1790944099
2026-10-02T12:28:19,APP_15343_1725035,15343,workload,UNAVAILABLE,-1.000000000,-1.000000000,-1.000000000,-1.000000000,-1.000000000,-1.000000000,-1.000000000,-1.000000000,-1.000000000,-1.000000000,-1.000000000,-1.000000000,-1.000000000,0.000000000,0.000000000,-1.000000000,-1.000000000,NA,0.050000000,INSUFFICIENT_DECISION_SIGNAL,1,1,f_access;f_threshold;f_gain_memory;f_cost_memory;f_cpu_memory;f_sharing_memory;f_gain_thread;f_cost_thread;f_cpu_thread;f_sharing_thread,0.999989583,1790944099
2026-10-02T12:28:19,APP_15343_1725035,15343,workload,UNAVAILABLE,-1.000000000,-1.000000000,-1.000000000,-1.000000000,-1.000000000,-1.000000000,-1.000000000,-1.000000000,-1.000000000,-1.000000000,-1.000000000,-1.000000000,-1.000000000,0.000000000,0.000000000,-1.000000000,-1.000000000,NA,0.050000000,INSUFFICIENT_DECISION_SIGNAL,1,1,f_access;f_threshold;f_gain_memory;f_cost_memory;f_cpu_memory;f_sharing_memory;f_gain_thread;f_cost_thread;f_cpu_thread;f_sharing_thread,0.999989583,1790944099
2026-10-02T12:28:19,APP_15343_1725035,15343,workload,UNAVAILABLE,-1.000000000,-1.000000000,-1.000000000,-1.000000000,-1.000000000,-1.000000000,-1.000000000,-1.000000000,-1.000000000,-1.000000000,-1.000000000,-1.000000000,-1.000000000,0.000000000,0.000000000,-1.000000000,-1.000000000,NA,0.050000000,INSUFFICIENT_DECISION_SIGNAL,1,1,f_access;f_threshold;f_gain_memory;f_cost_memory;f_cpu_memory;f_sharing_memory;f_gain_thread;f_cost_thread;f_cpu_thread;f_sharing_thread,0.999990741,1790944100
2026-10-02T12:28:19,APP_15343_1725035,15343,workload,UNAVAILABLE,-1.000000000,-1.000000000,-1.000000000,-1.000000000,-1.000000000,-1.000000000,-1.000000000,-1.000000000,-1.000000000,-1.000000000,-1.000000000,-1.000000000,-1.000000000,0.000000000,0.000000000,-1.000000000,-1.000000000,NA,0.050000000,INSUFFICIENT_DECISION_SIGNAL,1,1,f_access;f_threshold;f_gain_memory;f_cost_memory;f_cpu_memory;f_sharing_memory;f_gain_thread;f_cost_thread;f_cpu_thread;f_sharing_thread,0.999990741,1790944100
2026-10-02T12:28:20,APP_15343_1725035,15343,workload,UNAVAILABLE,-1.000000000,-1.000000000,-1.000000000,-1.000000000,-1.000000000,-1.000000000,-1.000000000,-1.000000000,-1.000000000,-1.000000000,-1.000000000,-1.000000000,-1.000000000,0.000000000,0.000000000,-1.000000000,-1.000000000,NA,0.050000000,INSUFFICIENT_DECISION_SIGNAL,1,1,f_access;f_threshold;f_gain_memory;f_cost_memory;f_cpu_memory;f_sharing_memory;f_gain_thread;f_cost_thread;f_cpu_thread;f_sharing_thread,0.999990741,1790944100
2026-10-02T12:28:20,APP_15343_1725035,15343,workload,UNAVAILABLE,-1.000000000,-1.000000000,-1.000000000,-1.000000000,-1.000000000,-1.000000000,-1.000000000,-1.000000000,-1.000000000,-1.000000000,-1.000000000,-1.000000000,-1.000000000,0.000000000,0.000000000,-1.000000000,-1.000000000,NA,0.050000000,INSUFFICIENT_DECISION_SIGNAL,1,1,f_access;f_threshold;f_gain_memory;f_cost_memory;f_cpu_memory;f_sharing_memory;f_gain_thread;f_cost_thread;f_cpu_thread;f_sharing_thread,0.999990741,1790944100
2026-10-02T12:28:20,APP_15343_1725035,15343,workload,UNAVAILABLE,-1.000000000,-1.000000000,-1.000000000,-1.000000000,-1.000000000,-1.000000000,-1.000000000,-1.000000000,-1.000000000,-1.000000000,-1.000000000,-1.000000000,-1.000000000,0.000000000,0.000000000,-1.000000000,-1.000000000,NA,0.050000000,INSUFFICIENT_DECISION_SIGNAL,1,1,f_access;f_threshold;f_gain_memory;f_cost_memory;f_cpu_memory;f_sharing_memory;f_gain_thread;f_cost_thread;f_cpu_thread;f_sharing_thread,0.999990741,1790944100
2026-10-02T12:28:20,APP_15343_1725035,15343,workload,UNAVAILABLE,-1.000000000,-1.000000000,-1.000000000,-1.000000000,-1.000000000,-1.000000000,-1.000000000,-1.000000000,-1.000000000,-1.000000000,-1.000000000,-1.000000000,-1.000000000,0.000000000,0.000000000,-1.000000000,-1.000000000,NA,0.050000000,INSUFFICIENT_DECISION_SIGNAL,1,1,f_access;f_threshold;f_gain_memory;f_cost_memory;f_cpu_memory;f_sharing_memory;f_gain_thread;f_cost_thread;f_cpu_thread;f_sharing_thread,0.999990741,1790944100
2026-10-02T12:28:20,APP_15343_1725035,15343,workload,UNAVAILABLE,-1.000000000,-1.000000000,-1.000000000,-1.000000000,-1.000000000,-1.000000000,-1.000000000,-1.000000000,-1.000000000,-1.000000000,-1.000000000,-1.000000000,-1.000000000,0.000000000,0.000000000,-1.000000000,-1.000000000,NA,0.050000000,INSUFFICIENT_DECISION_SIGNAL,1,1,f_access;f_threshold;f_gain_memory;f_cost_memory;f_cpu_memory;f_sharing_memory;f_gain_thread;f_cost_thread;f_cpu_thread;f_sharing_thread,0.999990741,1790944100
2026-10-02T12:28:20,APP_15343_1725035,15343,workload,UNAVAILABLE,-1.000000000,-1.000000000,-1.000000000,-1.000000000,-1.000000000,-1.000000000,-1.000000000,-1.000000000,-1.000000000,-1.000000000,-1.000000000,-1.000000000,-1.000000000,0.000000000,0.000000000,-1.000000000,-1.000000000,NA,0.050000000,INSUFFICIENT_DECISION_SIGNAL,1,1,f_access;f_threshold;f_gain_memory;f_cost_memory;f_cpu_memory;f_sharing_memory;f_gain_thread;f_cost_thread;f_cpu_thread;f_sharing_thread,0.999990741,1790944100
2026-10-02T12:28:20,APP_15343_1725035,15343,workload,UNAVAILABLE,-1.000000000,-1.000000000,-1.000000000,-1.000000000,-1.000000000,-1.000000000,-1.000000000,-1.000000000,-1.000000000,-1.000000000,-1.000000000,-1.000000000,-1.000000000,0.000000000,0.000000000,-1.000000000,-1.000000000,NA,0.050000000,INSUFFICIENT_DECISION_SIGNAL,1,1,f_access;f_threshold;f_gain_memory;f_cost_memory;f_cpu_memory;f_sharing_memory;f_gain_thread;f_cost_thread;f_cpu_thread;f_sharing_thread,0.999990741,1790944100
2026-10-02T12:28:20,APP_15343_1725035,15343,workload,UNAVAILABLE,-1.000000000,-1.000000000,-1.000000000,-1.000000000,-1.000000000,-1.000000000,-1.000000000,-1.000000000,-1.000000000,-1.000000000,-1.000000000,-1.000000000,-1.000000000,0.000000000,0.000000000,-1.000000000,-1.000000000,NA,0.050000000,INSUFFICIENT_DECISION_SIGNAL,1,1,f_access;f_threshold;f_gain_memory;f_cost_memory;f_cpu_memory;f_sharing_memory;f_gain_thread;f_cost_thread;f_cpu_thread;f_sharing_thread,0.999991898,1790944101
2026-10-02T12:28:21,APP_15343_1725035,15343,workload,UNAVAILABLE,-1.000000000,-1.000000000,-1.000000000,-1.000000000,-1.000000000,-1.000000000,-1.000000000,-1.000000000,-1.000000000,-1.000000000,-1.000000000,-1.000000000,-1.000000000,0.000000000,0.000000000,-1.000000000,-1.000000000,NA,0.050000000,INSUFFICIENT_DECISION_SIGNAL,1,1,f_access;f_threshold;f_gain_memory;f_cost_memory;f_cpu_memory;f_sharing_memory;f_gain_thread;f_cost_thread;f_cpu_thread;f_sharing_thread,0.999991898,1790944101
2026-10-02T12:28:21,APP_15343_1725035,15343,workload,UNAVAILABLE,-1.000000000,-1.000000000,-1.000000000,-1.000000000,-1.000000000,-1.000000000,-1.000000000,-1.000000000,-1.000000000,-1.000000000,-1.000000000,-1.000000000,-1.000000000,0.000000000,0.000000000,-1.000000000,-1.000000000,NA,0.050000000,INSUFFICIENT_DECISION_SIGNAL,1,1,f_access;f_threshold;f_gain_memory;f_cost_memory;f_cpu_memory;f_sharing_memory;f_gain_thread;f_cost_thread;f_cpu_thread;f_sharing_thread,0.999991898,1790944101
2026-10-02T12:28:21,APP_15343_1725035,15343,workload,UNAVAILABLE,-1.000000000,-1.000000000,-1.000000000,-1.000000000,-1.000000000,-1.000000000,-1.000000000,-1.000000000,-1.000000000,-1.000000000,-1.000000000,-1.000000000,-1.000000000,0.000000000,0.000000000,-1.000000000,-1.000000000,NA,0.050000000,INSUFFICIENT_DECISION_SIGNAL,1,1,f_access;f_threshold;f_gain_memory;f_cost_memory;f_cpu_memory;f_sharing_memory;f_gain_thread;f_cost_thread;f_cpu_thread;f_sharing_thread,0.999991898,1790944101
2026-10-02T12:28:21,APP_15343_1725035,15343,workload,UNAVAILABLE,-1.000000000,-1.000000000,-1.000000000,-1.000000000,-1.000000000,-1.000000000,-1.000000000,-1.000000000,-1.000000000,-1.000000000,-1.000000000,-1.000000000,-1.000000000,0.000000000,0.000000000,-1.000000000,-1.000000000,NA,0.050000000,INSUFFICIENT_DECISION_SIGNAL,1,1,f_access;f_threshold;f_gain_memory;f_cost_memory;f_cpu_memory;f_sharing_memory;f_gain_thread;f_cost_thread;f_cpu_thread;f_sharing_thread,0.999991898,1790944101
2026-10-02T12:28:21,APP_15343_1725035,15343,workload,UNAVAILABLE,-1.000000000,-1.000000000,-1.000000000,-1.000000000,-1.000000000,-1.000000000,-1.000000000,-1.000000000,-1.000000000,-1.000000000,-1.000000000,-1.000000000,-1.000000000,0.000000000,0.000000000,-1.000000000,-1.000000000,NA,0.050000000,INSUFFICIENT_DECISION_SIGNAL,1,1,f_access;f_threshold;f_gain_memory;f_cost_memory;f_cpu_memory;f_sharing_memory;f_gain_thread;f_cost_thread;f_cpu_thread;f_sharing_thread,0.999991898,1790944101
2026-10-02T12:28:21,APP_15343_1725035,15343,workload,UNAVAILABLE,-1.000000000,-1.000000000,-1.000000000,-1.000000000,-1.000000000,-1.000000000,-1.000000000,-1.000000000,-1.000000000,-1.000000000,-1.000000000,-1.000000000,-1.000000000,0.000000000,0.000000000,-1.000000000,-1.000000000,NA,0.050000000,INSUFFICIENT_DECISION_SIGNAL,1,1,f_access;f_threshold;f_gain_memory;f_cost_memory;f_cpu_memory;f_sharing_memory;f_gain_thread;f_cost_thread;f_cpu_thread;f_sharing_thread,0.999991898,1790944101
2026-10-02T12:28:21,APP_15343_1725035,15343,workload,UNAVAILABLE,-1.000000000,-1.000000000,-1.000000000,-1.000000000,-1.000000000,-1.000000000,-1.000000000,-1.000000000,-1.000000000,-1.000000000,-1.000000000,-1.000000000,-1.000000000,0.000000000,0.000000000,-1.000000000,-1.000000000,NA,0.050000000,INSUFFICIENT_DECISION_SIGNAL,1,1,f_access;f_threshold;f_gain_memory;f_cost_memory;f_cpu_memory;f_sharing_memory;f_gain_thread;f_cost_thread;f_cpu_thread;f_sharing_thread,0.999991898,1790944101
2026-10-02T12:28:21,APP_15343_1725035,15343,workload,UNAVAILABLE,-1.000000000,-1.000000000,-1.000000000,-1.000000000,-1.000000000,-1.000000000,-1.000000000,-1.000000000,-1.000000000,-1.000000000,-1.000000000,-1.000000000,-1.000000000,0.000000000,0.000000000,-1.000000000,-1.000000000,NA,0.050000000,INSUFFICIENT_DECISION_SIGNAL,1,1,f_access;f_threshold;f_gain_memory;f_cost_memory;f_cpu_memory;f_sharing_memory;f_gain_thread;f_cost_thread;f_cpu_thread;f_sharing_thread,0.999991898,1790944101
2026-10-02T12:28:22,APP_15343_1725035,15343,workload,UNAVAILABLE,-1.000000000,-1.000000000,-1.000000000,-1.000000000,-1.000000000,-1.000000000,-1.000000000,-1.000000000,-1.000000000,-1.000000000,-1.000000000,-1.000000000,-1.000000000,0.000000000,0.000000000,-1.000000000,-1.000000000,NA,0.050000000,INSUFFICIENT_DECISION_SIGNAL,1,1,f_access;f_threshold;f_gain_memory;f_cost_memory;f_cpu_memory;f_sharing_memory;f_gain_thread;f_cost_thread;f_cpu_thread;f_sharing_thread,0.999994213,1790944103
2026-10-02T12:28:22,APP_15343_1725035,15343,workload,UNAVAILABLE,-1.000000000,-1.000000000,-1.000000000,-1.000000000,-1.000000000,-1.000000000,-1.000000000,-1.000000000,-1.000000000,-1.000000000,-1.000000000,-1.000000000,-1.000000000,0.000000000,0.000000000,-1.000000000,-1.000000000,NA,0.050000000,INSUFFICIENT_DECISION_SIGNAL,1,1,f_access;f_threshold;f_gain_memory;f_cost_memory;f_cpu_memory;f_sharing_memory;f_gain_thread;f_cost_thread;f_cpu_thread;f_sharing_thread,0.999994213,1790944103
2026-10-02T12:28:22,APP_15343_1725035,15343,workload,UNAVAILABLE,-1.000000000,-1.000000000,-1.000000000,-1.000000000,-1.000000000,-1.000000000,-1.000000000,-1.000000000,-1.000000000,-1.000000000,-1.000000000,-1.000000000,-1.000000000,0.000000000,0.000000000,-1.000000000,-1.000000000,NA,0.050000000,INSUFFICIENT_DECISION_SIGNAL,1,1,f_access;f_threshold;f_gain_memory;f_cost_memory;f_cpu_memory;f_sharing_memory;f_gain_thread;f_cost_thread;f_cpu_thread;f_sharing_thread,0.999994213,1790944103
2026-10-02T12:28:22,APP_15343_1725035,15343,workload,UNAVAILABLE,-1.000000000,-1.000000000,-1.000000000,-1.000000000,-1.000000000,-1.000000000,-1.000000000,-1.000000000,-1.000000000,-1.000000000,-1.000000000,-1.000000000,-1.000000000,0.000000000,0.000000000,-1.000000000,-1.000000000,NA,0.050000000,INSUFFICIENT_DECISION_SIGNAL,1,1,f_access;f_threshold;f_gain_memory;f_cost_memory;f_cpu_memory;f_sharing_memory;f_gain_thread;f_cost_thread;f_cpu_thread;f_sharing_thread,0.999994213,1790944103
2026-10-02T12:28:22,APP_15343_1725035,15343,workload,UNAVAILABLE,-1.000000000,-1.000000000,-1.000000000,-1.000000000,-1.000000000,-1.000000000,-1.000000000,-1.000000000,-1.000000000,-1.000000000,-1.000000000,-1.000000000,-1.000000000,0.000000000,0.000000000,-1.000000000,-1.000000000,NA,0.050000000,INSUFFICIENT_DECISION_SIGNAL,1,1,f_access;f_threshold;f_gain_memory;f_cost_memory;f_cpu_memory;f_sharing_memory;f_gain_thread;f_cost_thread;f_cpu_thread;f_sharing_thread,0.999994213,1790944103
2026-10-02T12:28:22,APP_15343_1725035,15343,workload,UNAVAILABLE,-1.000000000,-1.000000000,-1.000000000,-1.000000000,-1.000000000,-1.000000000,-1.000000000,-1.000000000,-1.000000000,-1.000000000,-1.000000000,-1.000000000,-1.000000000,0.000000000,0.000000000,-1.000000000,-1.000000000,NA,0.050000000,INSUFFICIENT_DECISION_SIGNAL,1,1,f_access;f_threshold;f_gain_memory;f_cost_memory;f_cpu_memory;f_sharing_memory;f_gain_thread;f_cost_thread;f_cpu_thread;f_sharing_thread,0.999994213,1790944103
2026-10-02T12:28:22,APP_15343_1725035,15343,workload,UNAVAILABLE,-1.000000000,-1.000000000,-1.000000000,-1.000000000,-1.000000000,-1.000000000,-1.000000000,-1.000000000,-1.000000000,-1.000000000,-1.000000000,-1.000000000,-1.000000000,0.000000000,0.000000000,-1.000000000,-1.000000000,NA,0.050000000,INSUFFICIENT_DECISION_SIGNAL,1,1,f_access;f_threshold;f_gain_memory;f_cost_memory;f_cpu_memory;f_sharing_memory;f_gain_thread;f_cost_thread;f_cpu_thread;f_sharing_thread,0.999994213,1790944103
2026-10-02T12:28:22,APP_15343_1725035,15343,workload,UNAVAILABLE,-1.000000000,-1.000000000,-1.000000000,-1.000000000,-1.000000000,-1.000000000,-1.000000000,-1.000000000,-1.000000000,-1.000000000,-1.000000000,-1.000000000,-1.000000000,0.000000000,0.000000000,-1.000000000,-1.000000000,NA,0.050000000,INSUFFICIENT_DECISION_SIGNAL,1,1,f_access;f_threshold;f_gain_memory;f_cost_memory;f_cpu_memory;f_sharing_memory;f_gain_thread;f_cost_thread;f_cpu_thread;f_sharing_thread,0.999994213,1790944103
2026-10-02T12:28:23,APP_15343_1725035,15343,workload,UNAVAILABLE,-1.000000000,-1.000000000,-1.000000000,-1.000000000,-1.000000000,-1.000000000,-1.000000000,-1.000000000,-1.000000000,-1.000000000,-1.000000000,-1.000000000,-1.000000000,0.000000000,0.000000000,-1.000000000,-1.000000000,NA,0.050000000,INSUFFICIENT_DECISION_SIGNAL,1,1,f_access;f_threshold;f_gain_memory;f_cost_memory;f_cpu_memory;f_sharing_memory;f_gain_thread;f_cost_thread;f_cpu_thread;f_sharing_thread,0.999994213,1790944103
2026-10-02T12:28:23,APP_15343_1725035,15343,workload,UNAVAILABLE,-1.000000000,-1.000000000,-1.000000000,-1.000000000,-1.000000000,-1.000000000,-1.000000000,-1.000000000,-1.000000000,-1.000000000,-1.000000000,-1.000000000,-1.000000000,0.000000000,0.000000000,-1.000000000,-1.000000000,NA,0.050000000,INSUFFICIENT_DECISION_SIGNAL,1,1,f_access;f_threshold;f_gain_memory;f_cost_memory;f_cpu_memory;f_sharing_memory;f_gain_thread;f_cost_thread;f_cpu_thread;f_sharing_thread,0.999995370,1790944104
2026-10-02T12:28:23,APP_15343_1725035,15343,workload,UNAVAILABLE,-1.000000000,-1.000000000,-1.000000000,-1.000000000,-1.000000000,-1.000000000,-1.000000000,-1.000000000,-1.000000000,-1.000000000,-1.000000000,-1.000000000,-1.000000000,0.000000000,0.000000000,-1.000000000,-1.000000000,NA,0.050000000,INSUFFICIENT_DECISION_SIGNAL,1,1,f_access;f_threshold;f_gain_memory;f_cost_memory;f_cpu_memory;f_sharing_memory;f_gain_thread;f_cost_thread;f_cpu_thread;f_sharing_thread,0.999995370,1790944104
2026-10-02T12:28:23,APP_15343_1725035,15343,workload,UNAVAILABLE,-1.000000000,-1.000000000,-1.000000000,-1.000000000,-1.000000000,-1.000000000,-1.000000000,-1.000000000,-1.000000000,-1.000000000,-1.000000000,-1.000000000,-1.000000000,0.000000000,0.000000000,-1.000000000,-1.000000000,NA,0.050000000,INSUFFICIENT_DECISION_SIGNAL,1,1,f_access;f_threshold;f_gain_memory;f_cost_memory;f_cpu_memory;f_sharing_memory;f_gain_thread;f_cost_thread;f_cpu_thread;f_sharing_thread,0.999995370,1790944104
2026-10-02T12:28:23,APP_15343_1725035,15343,workload,UNAVAILABLE,-1.000000000,-1.000000000,-1.000000000,-1.000000000,-1.000000000,-1.000000000,-1.000000000,-1.000000000,-1.000000000,-1.000000000,-1.000000000,-1.000000000,-1.000000000,0.000000000,0.000000000,-1.000000000,-1.000000000,NA,0.050000000,INSUFFICIENT_DECISION_SIGNAL,1,1,f_access;f_threshold;f_gain_memory;f_cost_memory;f_cpu_memory;f_sharing_memory;f_gain_thread;f_cost_thread;f_cpu_thread;f_sharing_thread,0.999995370,1790944104
2026-10-02T12:28:23,APP_15343_1725035,15343,workload,UNAVAILABLE,-1.000000000,-1.000000000,-1.000000000,-1.000000000,-1.000000000,-1.000000000,-1.000000000,-1.000000000,-1.000000000,-1.000000000,-1.000000000,-1.000000000,-1.000000000,0.000000000,0.000000000,-1.000000000,-1.000000000,NA,0.050000000,INSUFFICIENT_DECISION_SIGNAL,1,1,f_access;f_threshold;f_gain_memory;f_cost_memory;f_cpu_memory;f_sharing_memory;f_gain_thread;f_cost_thread;f_cpu_thread;f_sharing_thread,0.999995370,1790944104
2026-10-02T12:28:23,APP_15343_1725035,15343,workload,UNAVAILABLE,-1.000000000,-1.000000000,-1.000000000,-1.000000000,-1.000000000,-1.000000000,-1.000000000,-1.000000000,-1.000000000,-1.000000000,-1.000000000,-1.000000000,-1.000000000,0.000000000,0.000000000,-1.000000000,-1.000000000,NA,0.050000000,INSUFFICIENT_DECISION_SIGNAL,1,1,f_access;f_threshold;f_gain_memory;f_cost_memory;f_cpu_memory;f_sharing_memory;f_gain_thread;f_cost_thread;f_cpu_thread;f_sharing_thread,0.999995370,1790944104
2026-10-02T12:28:23,APP_15343_1725035,15343,workload,UNAVAILABLE,-1.000000000,-1.000000000,-1.000000000,-1.000000000,-1.000000000,-1.000000000,-1.000000000,-1.000000000,-1.000000000,-1.000000000,-1.000000000,-1.000000000,-1.000000000,0.000000000,0.000000000,-1.000000000,-1.000000000,NA,0.050000000,INSUFFICIENT_DECISION_SIGNAL,1,1,f_access;f_threshold;f_gain_memory;f_cost_memory;f_cpu_memory;f_sharing_memory;f_gain_thread;f_cost_thread;f_cpu_thread;f_sharing_thread,0.999995370,1790944104
2026-10-02T12:28:24,APP_15343_1725035,15343,workload,UNAVAILABLE,-1.000000000,-1.000000000,-1.000000000,-1.000000000,-1.000000000,-1.000000000,-1.000000000,-1.000000000,-1.000000000,-1.000000000,-1.000000000,-1.000000000,-1.000000000,0.000000000,0.000000000,-1.000000000,-1.000000000,NA,0.050000000,INSUFFICIENT_DECISION_SIGNAL,1,1,f_access;f_threshold;f_gain_memory;f_cost_memory;f_cpu_memory;f_sharing_memory;f_gain_thread;f_cost_thread;f_cpu_thread;f_sharing_thread,0.999995370,1790944104
2026-10-02T12:28:24,APP_15343_1725035,15343,workload,UNAVAILABLE,-1.000000000,-1.000000000,-1.000000000,-1.000000000,-1.000000000,-1.000000000,-1.000000000,-1.000000000,-1.000000000,-1.000000000,-1.000000000,-1.000000000,-1.000000000,0.000000000,0.000000000,-1.000000000,-1.000000000,NA,0.050000000,INSUFFICIENT_DECISION_SIGNAL,1,1,f_access;f_threshold;f_gain_memory;f_cost_memory;f_cpu_memory;f_sharing_memory;f_gain_thread;f_cost_thread;f_cpu_thread;f_sharing_thread,0.999995370,1790944104
2026-10-02T12:28:24,APP_15343_1725035,15343,workload,UNAVAILABLE,-1.000000000,-1.000000000,-1.000000000,-1.000000000,-1.000000000,-1.000000000,-1.000000000,-1.000000000,-1.000000000,-1.000000000,-1.000000000,-1.000000000,-1.000000000,0.000000000,0.000000000,-1.000000000,-1.000000000,NA,0.050000000,INSUFFICIENT_DECISION_SIGNAL,1,1,f_access;f_threshold;f_gain_memory;f_cost_memory;f_cpu_memory;f_sharing_memory;f_gain_thread;f_cost_thread;f_cpu_thread;f_sharing_thread,0.999996528,1790944105
2026-10-02T12:28:24,APP_15343_1725035,15343,workload,UNAVAILABLE,-1.000000000,-1.000000000,-1.000000000,-1.000000000,-1.000000000,-1.000000000,-1.000000000,-1.000000000,-1.000000000,-1.000000000,-1.000000000,-1.000000000,-1.000000000,0.000000000,0.000000000,-1.000000000,-1.000000000,NA,0.050000000,INSUFFICIENT_DECISION_SIGNAL,1,1,f_access;f_threshold;f_gain_memory;f_cost_memory;f_cpu_memory;f_sharing_memory;f_gain_thread;f_cost_thread;f_cpu_thread;f_sharing_thread,0.999996528,1790944105
2026-10-02T12:28:24,APP_15343_1725035,15343,workload,UNAVAILABLE,-1.000000000,-1.000000000,-1.000000000,-1.000000000,-1.000000000,-1.000000000,-1.000000000,-1.000000000,-1.000000000,-1.000000000,-1.000000000,-1.000000000,-1.000000000,0.000000000,0.000000000,-1.000000000,-1.000000000,NA,0.050000000,INSUFFICIENT_DECISION_SIGNAL,1,1,f_access;f_threshold;f_gain_memory;f_cost_memory;f_cpu_memory;f_sharing_memory;f_gain_thread;f_cost_thread;f_cpu_thread;f_sharing_thread,0.999996528,1790944105
2026-10-02T12:28:24,APP_15343_1725035,15343,workload,UNAVAILABLE,-1.000000000,-1.000000000,-1.000000000,-1.000000000,-1.000000000,-1.000000000,-1.000000000,-1.000000000,-1.000000000,-1.000000000,-1.000000000,-1.000000000,-1.000000000,0.000000000,0.000000000,-1.000000000,-1.000000000,NA,0.050000000,INSUFFICIENT_DECISION_SIGNAL,1,1,f_access;f_threshold;f_gain_memory;f_cost_memory;f_cpu_memory;f_sharing_memory;f_gain_thread;f_cost_thread;f_cpu_thread;f_sharing_thread,0.999996528,1790944105
2026-10-02T12:28:24,APP_15343_1725035,15343,workload,UNAVAILABLE,-1.000000000,-1.000000000,-1.000000000,-1.000000000,-1.000000000,-1.000000000,-1.000000000,-1.000000000,-1.000000000,-1.000000000,-1.000000000,-1.000000000,-1.000000000,0.000000000,0.000000000,-1.000000000,-1.000000000,NA,0.050000000,INSUFFICIENT_DECISION_SIGNAL,1,1,f_access;f_threshold;f_gain_memory;f_cost_memory;f_cpu_memory;f_sharing_memory;f_gain_thread;f_cost_thread;f_cpu_thread;f_sharing_thread,0.999996528,1790944105
2026-10-02T12:28:24,APP_15343_1725035,15343,workload,UNAVAILABLE,-1.000000000,-1.000000000,-1.000000000,-1.000000000,-1.000000000,-1.000000000,-1.000000000,-1.000000000,-1.000000000,-1.000000000,-1.000000000,-1.000000000,-1.000000000,0.000000000,0.000000000,-1.000000000,-1.000000000,NA,0.050000000,INSUFFICIENT_DECISION_SIGNAL,1,1,f_access;f_threshold;f_gain_memory;f_cost_memory;f_cpu_memory;f_sharing_memory;f_gain_thread;f_cost_thread;f_cpu_thread;f_sharing_thread,0.999996528,1790944105
2026-10-02T12:28:25,APP_15343_1725035,15343,workload,UNAVAILABLE,-1.000000000,-1.000000000,-1.000000000,-1.000000000,-1.000000000,-1.000000000,-1.000000000,-1.000000000,-1.000000000,-1.000000000,-1.000000000,-1.000000000,-1.000000000,0.000000000,0.000000000,-1.000000000,-1.000000000,NA,0.050000000,INSUFFICIENT_DECISION_SIGNAL,1,1,f_access;f_threshold;f_gain_memory;f_cost_memory;f_cpu_memory;f_sharing_memory;f_gain_thread;f_cost_thread;f_cpu_thread;f_sharing_thread,0.999996528,1790944105
2026-10-02T12:28:25,APP_15343_1725035,15343,workload,UNAVAILABLE,-1.000000000,-1.000000000,-1.000000000,-1.000000000,-1.000000000,-1.000000000,-1.000000000,-1.000000000,-1.000000000,-1.000000000,-1.000000000,-1.000000000,-1.000000000,0.000000000,0.000000000,-1.000000000,-1.000000000,NA,0.050000000,INSUFFICIENT_DECISION_SIGNAL,1,1,f_access;f_threshold;f_gain_memory;f_cost_memory;f_cpu_memory;f_sharing_memory;f_gain_thread;f_cost_thread;f_cpu_thread;f_sharing_thread,0.999996528,1790944105
2026-10-02T12:28:25,APP_15343_1725035,15343,workload,UNAVAILABLE,-1.000000000,-1.000000000,-1.000000000,-1.000000000,-1.000000000,-1.000000000,-1.000000000,-1.000000000,-1.000000000,-1.000000000,-1.000000000,-1.000000000,-1.000000000,0.000000000,0.000000000,-1.000000000,-1.000000000,NA,0.050000000,INSUFFICIENT_DECISION_SIGNAL,1,1,f_access;f_threshold;f_gain_memory;f_cost_memory;f_cpu_memory;f_sharing_memory;f_gain_thread;f_cost_thread;f_cpu_thread;f_sharing_thread,0.999996528,1790944105
2026-10-02T12:28:25,APP_15343_1725035,15343,workload,UNAVAILABLE,-1.000000000,-1.000000000,-1.000000000,-1.000000000,-1.000000000,-1.000000000,-1.000000000,-1.000000000,-1.000000000,-1.000000000,-1.000000000,-1.000000000,-1.000000000,0.000000000,0.000000000,-1.000000000,-1.000000000,NA,0.050000000,INSUFFICIENT_DECISION_SIGNAL,1,1,f_access;f_threshold;f_gain_memory;f_cost_memory;f_cpu_memory;f_sharing_memory;f_gain_thread;f_cost_thread;f_cpu_thread;f_sharing_thread,0.999997685,1790944106
2026-10-02T12:28:25,APP_15343_1725035,15343,workload,UNAVAILABLE,-1.000000000,-1.000000000,-1.000000000,-1.000000000,-1.000000000,-1.000000000,-1.000000000,-1.000000000,-1.000000000,-1.000000000,-1.000000000,-1.000000000,-1.000000000,0.000000000,0.000000000,-1.000000000,-1.000000000,NA,0.050000000,INSUFFICIENT_DECISION_SIGNAL,1,1,f_access;f_threshold;f_gain_memory;f_cost_memory;f_cpu_memory;f_sharing_memory;f_gain_thread;f_cost_thread;f_cpu_thread;f_sharing_thread,0.999997685,1790944106
2026-10-02T12:28:25,APP_15343_1725035,15343,workload,UNAVAILABLE,-1.000000000,-1.000000000,-1.000000000,-1.000000000,-1.000000000,-1.000000000,-1.000000000,-1.000000000,-1.000000000,-1.000000000,-1.000000000,-1.000000000,-1.000000000,0.000000000,0.000000000,-1.000000000,-1.000000000,NA,0.050000000,INSUFFICIENT_DECISION_SIGNAL,1,1,f_access;f_threshold;f_gain_memory;f_cost_memory;f_cpu_memory;f_sharing_memory;f_gain_thread;f_cost_thread;f_cpu_thread;f_sharing_thread,0.999997685,1790944106
2026-10-02T12:28:25,APP_15343_1725035,15343,workload,UNAVAILABLE,-1.000000000,-1.000000000,-1.000000000,-1.000000000,-1.000000000,-1.000000000,-1.000000000,-1.000000000,-1.000000000,-1.000000000,-1.000000000,-1.000000000,-1.000000000,0.000000000,0.000000000,-1.000000000,-1.000000000,NA,0.050000000,INSUFFICIENT_DECISION_SIGNAL,1,1,f_access;f_threshold;f_gain_memory;f_cost_memory;f_cpu_memory;f_sharing_memory;f_gain_thread;f_cost_thread;f_cpu_thread;f_sharing_thread,0.999997685,1790944106
2026-10-02T12:28:25,APP_15343_1725035,15343,workload,UNAVAILABLE,-1.000000000,-1.000000000,-1.000000000,-1.000000000,-1.000000000,-1.000000000,-1.000000000,-1.000000000,-1.000000000,-1.000000000,-1.000000000,-1.000000000,-1.000000000,0.000000000,0.000000000,-1.000000000,-1.000000000,NA,0.050000000,INSUFFICIENT_DECISION_SIGNAL,1,1,f_access;f_threshold;f_gain_memory;f_cost_memory;f_cpu_memory;f_sharing_memory;f_gain_thread;f_cost_thread;f_cpu_thread;f_sharing_thread,0.999997685,1790944106
2026-10-02T12:28:26,APP_15343_1725035,15343,workload,UNAVAILABLE,-1.000000000,-1.000000000,-1.000000000,-1.000000000,-1.000000000,-1.000000000,-1.000000000,-1.000000000,-1.000000000,-1.000000000,-1.000000000,-1.000000000,-1.000000000,0.000000000,0.000000000,-1.000000000,-1.000000000,NA,0.050000000,INSUFFICIENT_DECISION_SIGNAL,1,1,f_access;f_threshold;f_gain_memory;f_cost_memory;f_cpu_memory;f_sharing_memory;f_gain_thread;f_cost_thread;f_cpu_thread;f_sharing_thread,0.999997685,1790944106
2026-10-02T12:28:26,APP_15343_1725035,15343,workload,UNAVAILABLE,-1.000000000,-1.000000000,-1.000000000,-1.000000000,-1.000000000,-1.000000000,-1.000000000,-1.000000000,-1.000000000,-1.000000000,-1.000000000,-1.000000000,-1.000000000,0.000000000,0.000000000,-1.000000000,-1.000000000,NA,0.050000000,INSUFFICIENT_DECISION_SIGNAL,1,1,f_access;f_threshold;f_gain_memory;f_cost_memory;f_cpu_memory;f_sharing_memory;f_gain_thread;f_cost_thread;f_cpu_thread;f_sharing_thread,0.999997685,1790944106
2026-10-02T12:28:26,APP_15343_1725035,15343,workload,UNAVAILABLE,-1.000000000,-1.000000000,-1.000000000,-1.000000000,-1.000000000,-1.000000000,-1.000000000,-1.000000000,-1.000000000,-1.000000000,-1.000000000,-1.000000000,-1.000000000,0.000000000,0.000000000,-1.000000000,-1.000000000,NA,0.050000000,INSUFFICIENT_DECISION_SIGNAL,1,1,f_access;f_threshold;f_gain_memory;f_cost_memory;f_cpu_memory;f_sharing_memory;f_gain_thread;f_cost_thread;f_cpu_thread;f_sharing_thread,0.999997685,1790944106
2026-10-02T12:28:26,APP_15343_1725035,15343,workload,UNAVAILABLE,-1.000000000,-1.000000000,-1.000000000,-1.000000000,-1.000000000,-1.000000000,-1.000000000,-1.000000000,-1.000000000,-1.000000000,-1.000000000,-1.000000000,-1.000000000,0.000000000,0.000000000,-1.000000000,-1.000000000,NA,0.050000000,INSUFFICIENT_DECISION_SIGNAL,1,1,f_access;f_threshold;f_gain_memory;f_cost_memory;f_cpu_memory;f_sharing_memory;f_gain_thread;f_cost_thread;f_cpu_thread;f_sharing_thread,0.999998843,1790944107
2026-10-02T12:28:26,APP_15343_1725035,15343,workload,UNAVAILABLE,-1.000000000,-1.000000000,-1.000000000,-1.000000000,-1.000000000,-1.000000000,-1.000000000,-1.000000000,-1.000000000,-1.000000000,-1.000000000,-1.000000000,-1.000000000,0.000000000,0.000000000,-1.000000000,-1.000000000,NA,0.050000000,INSUFFICIENT_DECISION_SIGNAL,1,1,f_access;f_threshold;f_gain_memory;f_cost_memory;f_cpu_memory;f_sharing_memory;f_gain_thread;f_cost_thread;f_cpu_thread;f_sharing_thread,0.999998843,1790944107
2026-10-02T12:28:26,APP_15343_1725035,15343,workload,UNAVAILABLE,-1.000000000,-1.000000000,-1.000000000,-1.000000000,-1.000000000,-1.000000000,-1.000000000,-1.000000000,-1.000000000,-1.000000000,-1.000000000,-1.000000000,-1.000000000,0.000000000,0.000000000,-1.000000000,-1.000000000,NA,0.050000000,INSUFFICIENT_DECISION_SIGNAL,1,1,f_access;f_threshold;f_gain_memory;f_cost_memory;f_cpu_memory;f_sharing_memory;f_gain_thread;f_cost_thread;f_cpu_thread;f_sharing_thread,0.999998843,1790944107
2026-10-02T12:28:26,APP_15343_1725035,15343,workload,UNAVAILABLE,-1.000000000,-1.000000000,-1.000000000,-1.000000000,-1.000000000,-1.000000000,-1.000000000,-1.000000000,-1.000000000,-1.000000000,-1.000000000,-1.000000000,-1.000000000,0.000000000,0.000000000,-1.000000000,-1.000000000,NA,0.050000000,INSUFFICIENT_DECISION_SIGNAL,1,1,f_access;f_threshold;f_gain_memory;f_cost_memory;f_cpu_memory;f_sharing_memory;f_gain_thread;f_cost_thread;f_cpu_thread;f_sharing_thread,0.999998843,1790944107
2026-10-02T12:28:26,APP_15343_1725035,15343,workload,UNAVAILABLE,-1.000000000,-1.000000000,-1.000000000,-1.000000000,-1.000000000,-1.000000000,-1.000000000,-1.000000000,-1.000000000,-1.000000000,-1.000000000,-1.000000000,-1.000000000,0.000000000,0.000000000,-1.000000000,-1.000000000,NA,0.050000000,INSUFFICIENT_DECISION_SIGNAL,1,1,f_access;f_threshold;f_gain_memory;f_cost_memory;f_cpu_memory;f_sharing_memory;f_gain_thread;f_cost_thread;f_cpu_thread;f_sharing_thread,0.999998843,1790944107
2026-10-02T12:28:27,APP_15343_1725035,15343,workload,UNAVAILABLE,-1.000000000,-1.000000000,-1.000000000,-1.000000000,-1.000000000,-1.000000000,-1.000000000,-1.000000000,-1.000000000,-1.000000000,-1.000000000,-1.000000000,-1.000000000,0.000000000,0.000000000,-1.000000000,-1.000000000,NA,0.050000000,INSUFFICIENT_DECISION_SIGNAL,1,1,f_access;f_threshold;f_gain_memory;f_cost_memory;f_cpu_memory;f_sharing_memory;f_gain_thread;f_cost_thread;f_cpu_thread;f_sharing_thread,0.999998843,1790944107
2026-10-02T12:28:27,APP_15343_1725035,15343,workload,UNAVAILABLE,-1.000000000,-1.000000000,-1.000000000,-1.000000000,-1.000000000,-1.000000000,-1.000000000,-1.000000000,-1.000000000,-1.000000000,-1.000000000,-1.000000000,-1.000000000,0.000000000,0.000000000,-1.000000000,-1.000000000,NA,0.050000000,INSUFFICIENT_DECISION_SIGNAL,1,1,f_access;f_threshold;f_gain_memory;f_cost_memory;f_cpu_memory;f_sharing_memory;f_gain_thread;f_cost_thread;f_cpu_thread;f_sharing_thread,0.999998843,1790944107
2026-10-02T12:28:27,APP_15343_1725035,15343,workload,UNAVAILABLE,-1.000000000,-1.000000000,-1.000000000,-1.000000000,-1.000000000,-1.000000000,-1.000000000,-1.000000000,-1.000000000,-1.000000000,-1.000000000,-1.000000000,-1.000000000,0.000000000,0.000000000,-1.000000000,-1.000000000,NA,0.050000000,INSUFFICIENT_DECISION_SIGNAL,1,1,f_access;f_threshold;f_gain_memory;f_cost_memory;f_cpu_memory;f_sharing_memory;f_gain_thread;f_cost_thread;f_cpu_thread;f_sharing_thread,0.999998843,1790944107
2026-10-02T12:28:27,APP_15343_1725035,15343,workload,UNAVAILABLE,-1.000000000,-1.000000000,-1.000000000,-1.000000000,-1.000000000,-1.000000000,-1.000000000,-1.000000000,-1.000000000,-1.000000000,-1.000000000,-1.000000000,-1.000000000,0.000000000,0.000000000,-1.000000000,-1.000000000,NA,0.050000000,INSUFFICIENT_DECISION_SIGNAL,1,1,f_access;f_threshold;f_gain_memory;f_cost_memory;f_cpu_memory;f_sharing_memory;f_gain_thread;f_cost_thread;f_cpu_thread;f_sharing_thread,0.999998843,1790944107
2026-10-02T12:28:27,APP_15343_1725035,15343,workload,UNAVAILABLE,-1.000000000,-1.000000000,-1.000000000,-1.000000000,-1.000000000,-1.000000000,-1.000000000,-1.000000000,-1.000000000,-1.000000000,-1.000000000,-1.000000000,-1.000000000,0.000000000,0.000000000,-1.000000000,-1.000000000,NA,0.050000000,INSUFFICIENT_DECISION_SIGNAL,1,1,f_access;f_threshold;f_gain_memory;f_cost_memory;f_cpu_memory;f_sharing_memory;f_gain_thread;f_cost_thread;f_cpu_thread;f_sharing_thread,1.000000000,1790944108
2026-10-02T12:28:27,APP_15343_1725035,15343,workload,UNAVAILABLE,-1.000000000,-1.000000000,-1.000000000,-1.000000000,-1.000000000,-1.000000000,-1.000000000,-1.000000000,-1.000000000,-1.000000000,-1.000000000,-1.000000000,-1.000000000,0.000000000,0.000000000,-1.000000000,-1.000000000,NA,0.050000000,INSUFFICIENT_DECISION_SIGNAL,1,1,f_access;f_threshold;f_gain_memory;f_cost_memory;f_cpu_memory;f_sharing_memory;f_gain_thread;f_cost_thread;f_cpu_thread;f_sharing_thread,1.000000000,1790944108
2026-10-02T12:28:27,APP_15343_1725035,15343,workload,UNAVAILABLE,-1.000000000,-1.000000000,-1.000000000,-1.000000000,-1.000000000,-1.000000000,-1.000000000,-1.000000000,-1.000000000,-1.000000000,-1.000000000,-1.000000000,-1.000000000,0.000000000,0.000000000,-1.000000000,-1.000000000,NA,0.050000000,INSUFFICIENT_DECISION_SIGNAL,1,1,f_access;f_threshold;f_gain_memory;f_cost_memory;f_cpu_memory;f_sharing_memory;f_gain_thread;f_cost_thread;f_cpu_thread;f_sharing_thread,1.000000000,1790944108
2026-10-02T12:28:27,APP_15343_1725035,15343,workload,UNAVAILABLE,-1.000000000,-1.000000000,-1.000000000,-1.000000000,-1.000000000,-1.000000000,-1.000000000,-1.000000000,-1.000000000,-1.000000000,-1.000000000,-1.000000000,-1.000000000,0.000000000,0.000000000,-1.000000000,-1.000000000,NA,0.050000000,INSUFFICIENT_DECISION_SIGNAL,1,1,f_access;f_threshold;f_gain_memory;f_cost_memory;f_cpu_memory;f_sharing_memory;f_gain_thread;f_cost_thread;f_cpu_thread;f_sharing_thread,1.000000000,1790944108
2026-10-02T12:28:28,APP_15343_1725035,15343,workload,UNAVAILABLE,-1.000000000,-1.000000000,-1.000000000,-1.000000000,-1.000000000,-1.000000000,-1.000000000,-1.000000000,-1.000000000,-1.000000000,-1.000000000,-1.000000000,-1.000000000,0.000000000,0.000000000,-1.000000000,-1.000000000,NA,0.050000000,INSUFFICIENT_DECISION_SIGNAL,1,1,f_access;f_threshold;f_gain_memory;f_cost_memory;f_cpu_memory;f_sharing_memory;f_gain_thread;f_cost_thread;f_cpu_thread;f_sharing_thread,1.000000000,1790944108
2026-10-02T12:28:28,APP_15343_1725035,15343,workload,UNAVAILABLE,-1.000000000,-1.000000000,-1.000000000,-1.000000000,-1.000000000,-1.000000000,-1.000000000,-1.000000000,-1.000000000,-1.000000000,-1.000000000,-1.000000000,-1.000000000,0.000000000,0.000000000,-1.000000000,-1.000000000,NA,0.050000000,INSUFFICIENT_DECISION_SIGNAL,1,1,f_access;f_threshold;f_gain_memory;f_cost_memory;f_cpu_memory;f_sharing_memory;f_gain_thread;f_cost_thread;f_cpu_thread;f_sharing_thread,1.000000000,1790944108
2026-10-02T12:28:28,APP_15343_1725035,15343,workload,UNAVAILABLE,-1.000000000,-1.000000000,-1.000000000,-1.000000000,-1.000000000,-1.000000000,-1.000000000,-1.000000000,-1.000000000,-1.000000000,-1.000000000,-1.000000000,-1.000000000,0.000000000,0.000000000,-1.000000000,-1.000000000,NA,0.050000000,INSUFFICIENT_DECISION_SIGNAL,1,1,f_access;f_threshold;f_gain_memory;f_cost_memory;f_cpu_memory;f_sharing_memory;f_gain_thread;f_cost_thread;f_cpu_thread;f_sharing_thread,1.000000000,1790944108
2026-10-02T12:28:28,APP_15343_1725035,15343,workload,UNAVAILABLE,-1.000000000,-1.000000000,-1.000000000,-1.000000000,-1.000000000,-1.000000000,-1.000000000,-1.000000000,-1.000000000,-1.000000000,-1.000000000,-1.000000000,-1.000000000,0.000000000,0.000000000,-1.000000000,-1.000000000,NA,0.050000000,INSUFFICIENT_DECISION_SIGNAL,1,1,f_access;f_threshold;f_gain_memory;f_cost_memory;f_cpu_memory;f_sharing_memory;f_gain_thread;f_cost_thread;f_cpu_thread;f_sharing_thread,1.000000000,1790944108
2026-10-02T12:28:28,APP_15343_1725035,15343,workload,UNAVAILABLE,-1.000000000,-1.000000000,-1.000000000,-1.000000000,-1.000000000,-1.000000000,-1.000000000,-1.000000000,-1.000000000,-1.000000000,-1.000000000,-1.000000000,-1.000000000,0.000000000,0.000000000,-1.000000000,-1.000000000,NA,0.050000000,INSUFFICIENT_DECISION_SIGNAL,1,1,f_access;f_threshold;f_gain_memory;f_cost_memory;f_cpu_memory;f_sharing_memory;f_gain_thread;f_cost_thread;f_cpu_thread;f_sharing_thread,1.000000000,1790944108
