timestamp,app_id,pid,start_time_ticks,cycle_id,sample_index,process_cpu_utilization_percent,interval_minor_faults,interval_major_faults,cache_references,cache_misses,memory_dominant_node,memory_dominant_fraction,thread_current_node,remote_placement,access_value,access_status,access_sources,classification,classification_score,f_access,f_threshold,f_gain_memory,f_cost_memory,f_cpu_memory,f_sharing_memory,f_gain_thread,f_cost_thread,f_cpu_thread,f_sharing_thread,memory_score,thread_score,decision_margin,decision,confidence_gate,roi_gate,safety_gate,proposed_action,source_node,destination_node,migration_authorized,migration_result,rejection_reason
2026-10-02T16:04:13Z,APP_21637_3022645,21637,3022645,1,0,0.000,0,0,-1,-1,0,0.999931461,1,true,0.000000000,MEASURED_CPU_FAULT,CPU;INTERVAL_FAULTS,COLD,0.000000000,0.000000000,0.000000000,NA,NA,NA,NA,0.000000000,0.000000000,0.000000000,0.000000000,-1.000000000,0.000000000,NA,NO_MIGRATION,INVALID,INVALID,INVALID,NO_MIGRATION,-1,-1,false,TARGET_GONE,identity no longer active
2026-10-02T16:04:14Z,APP_21637_3022645,21637,3022645,1,1,0.000,0,0,-1,-1,0,0.999931461,NA,NA,0.000000000,MEASURED_CPU_FAULT,CPU;INTERVAL_FAULTS,NA,NA,NA,NA,NA,NA,NA,NA,NA,NA,NA,NA,NA,NA,NA,NA,NA,NA,NA,NA,NA,NA,NA,TARGET_GONE,identity no longer active
2026-10-02T16:04:14Z,APP_21637_3022645,21637,3022645,1,2,0.000,0,0,-1,-1,0,0.999931461,NA,NA,0.000000000,MEASURED_CPU_FAULT,CPU;INTERVAL_FAULTS,NA,NA,NA,NA,NA,NA,NA,NA,NA,NA,NA,NA,NA,NA,NA,NA,NA,NA,NA,NA,NA,NA,NA,TARGET_GONE,identity no longer active
2026-10-02T16:04:14Z,APP_21637_3022645,21637,3022645,1,3,0.000,0,0,-1,-1,0,0.999931461,NA,NA,0.000000000,MEASURED_CPU_FAULT,CPU;INTERVAL_FAULTS,NA,NA,NA,NA,NA,NA,NA,NA,NA,NA,NA,NA,NA,NA,NA,NA,NA,NA,NA,NA,NA,NA,NA,TARGET_GONE,identity no longer active
2026-10-02T16:04:14Z,APP_21637_3022645,21637,3022645,1,4,0.000,0,0,-1,-1,0,0.999931461,NA,NA,0.000000000,MEASURED_CPU_FAULT,CPU;INTERVAL_FAULTS,NA,NA,NA,NA,NA,NA,NA,NA,NA,NA,NA,NA,NA,NA,NA,NA,NA,NA,NA,NA,NA,NA,NA,TARGET_GONE,identity no longer active
2026-10-02T16:04:14Z,APP_21637_3022645,21637,3022645,1,5,0.000,0,0,-1,-1,0,0.999931461,NA,NA,0.000000000,MEASURED_CPU_FAULT,CPU;INTERVAL_FAULTS,NA,NA,NA,NA,NA,NA,NA,NA,NA,NA,NA,NA,NA,NA,NA,NA,NA,NA,NA,NA,NA,NA,NA,TARGET_GONE,identity no longer active
2026-10-02T16:04:14Z,APP_21637_3022645,21637,3022645,1,6,0.000,0,0,-1,-1,0,0.999931461,NA,NA,0.000000000,MEASURED_CPU_FAULT,CPU;INTERVAL_FAULTS,NA,NA,NA,NA,NA,NA,NA,NA,NA,NA,NA,NA,NA,NA,NA,NA,NA,NA,NA,NA,NA,NA,NA,TARGET_GONE,identity no longer active
2026-10-02T16:04:13Z,APP_21637_3022645,21637,3022645,10,7,0.000,0,0,-1,-1,0,0.999931461,1,true,0.000000000,MEASURED_CPU_FAULT,CPU;INTERVAL_FAULTS,HOT,669.474315258,0.560000000,0.700000000,NA,NA,NA,NA,0.560000000,0.000000000,0.700000000,0.000000000,-1.000000000,1.232000000,NA,MOVE_THREAD,INVALID,NOT_APPLICABLE,INVALID,MOVE_THREAD,-1,-1,false,TARGET_GONE,identity no longer active
2026-10-02T16:04:14Z,APP_21637_3022645,21637,3022645,10,8,0.000,0,0,-1,-1,0,0.999931461,NA,NA,0.000000000,MEASURED_CPU_FAULT,CPU;INTERVAL_FAULTS,NA,NA,NA,NA,NA,NA,NA,NA,NA,NA,NA,NA,NA,NA,NA,NA,NA,NA,NA,NA,NA,NA,NA,TARGET_GONE,identity no longer active
2026-10-02T16:04:14Z,APP_21637_3022645,21637,3022645,10,9,0.000,0,0,-1,-1,0,0.999931461,NA,NA,0.000000000,MEASURED_CPU_FAULT,CPU;INTERVAL_FAULTS,NA,NA,NA,NA,NA,NA,NA,NA,NA,NA,NA,NA,NA,NA,NA,NA,NA,NA,NA,NA,NA,NA,NA,TARGET_GONE,identity no longer active
2026-10-02T16:04:14Z,APP_21637_3022645,21637,3022645,10,10,0.000,0,0,-1,-1,0,0.999931461,NA,NA,0.000000000,MEASURED_CPU_FAULT,CPU;INTERVAL_FAULTS,NA,NA,NA,NA,NA,NA,NA,NA,NA,NA,NA,NA,NA,NA,NA,NA,NA,NA,NA,NA,NA,NA,NA,TARGET_GONE,identity no longer active
2026-10-02T16:04:14Z,APP_21637_3022645,21637,3022645,10,11,0.000,0,0,-1,-1,0,0.999931461,NA,NA,0.000000000,MEASURED_CPU_FAULT,CPU;INTERVAL_FAULTS,NA,NA,NA,NA,NA,NA,NA,NA,NA,NA,NA,NA,NA,NA,NA,NA,NA,NA,NA,NA,NA,NA,NA,TARGET_GONE,identity no longer active
2026-10-02T16:04:14Z,APP_21637_3022645,21637,3022645,10,12,0.000,0,0,-1,-1,0,0.999931461,NA,NA,0.000000000,MEASURED_CPU_FAULT,CPU;INTERVAL_FAULTS,NA,NA,NA,NA,NA,NA,NA,NA,NA,NA,NA,NA,NA,NA,NA,NA,NA,NA,NA,NA,NA,NA,NA,TARGET_GONE,identity no longer active
2026-10-02T16:04:14Z,APP_21637_3022645,21637,3022645,10,13,0.000,0,0,-1,-1,0,0.999931461,NA,NA,0.000000000,MEASURED_CPU_FAULT,CPU;INTERVAL_FAULTS,NA,NA,NA,NA,NA,NA,NA,NA,NA,NA,NA,NA,NA,NA,NA,NA,NA,NA,NA,NA,NA,NA,NA,TARGET_GONE,identity no longer active
2026-10-02T16:04:15Z,APP_21637_3022645,21637,3022645,10,14,18.907,0,0,-1,-1,0,0.999931461,NA,NA,13.234900000,MEASURED_CPU_FAULT,CPU;INTERVAL_FAULTS,NA,NA,NA,NA,NA,NA,NA,NA,NA,NA,NA,NA,NA,NA,NA,NA,NA,NA,NA,NA,NA,NA,NA,TARGET_GONE,identity no longer active
2026-10-02T16:04:15Z,APP_21637_3022645,21637,3022645,10,15,191.617,0,0,-1,-1,0,0.999931461,NA,NA,70.000000000,MEASURED_CPU_FAULT,CPU;INTERVAL_FAULTS,NA,NA,NA,NA,NA,NA,NA,NA,NA,NA,NA,NA,NA,NA,NA,NA,NA,NA,NA,NA,NA,NA,NA,TARGET_GONE,identity no longer active
2026-10-02T16:04:15Z,APP_21637_3022645,21637,3022645,10,16,201.499,0,0,-1,-1,0,0.999931461,NA,NA,70.000000000,MEASURED_CPU_FAULT,CPU;INTERVAL_FAULTS,NA,NA,NA,NA,NA,NA,NA,NA,NA,NA,NA,NA,NA,NA,NA,NA,NA,NA,NA,NA,NA,NA,NA,TARGET_GONE,identity no longer active
2026-10-02T16:04:15Z,APP_21637_3022645,21637,3022645,10,17,200.272,0,0,-1,-1,0,0.999931461,NA,NA,70.000000000,MEASURED_CPU_FAULT,CPU;INTERVAL_FAULTS,NA,NA,NA,NA,NA,NA,NA,NA,NA,NA,NA,NA,NA,NA,NA,NA,NA,NA,NA,NA,NA,NA,NA,TARGET_GONE,identity no longer active
2026-10-02T16:04:15Z,APP_21637_3022645,21637,3022645,10,18,201.198,0,0,-1,-1,0,0.999931461,NA,NA,70.000000000,MEASURED_CPU_FAULT,CPU;INTERVAL_FAULTS,NA,NA,NA,NA,NA,NA,NA,NA,NA,NA,NA,NA,NA,NA,NA,NA,NA,NA,NA,NA,NA,NA,NA,TARGET_GONE,identity no longer active
2026-10-02T16:04:15Z,APP_21637_3022645,21637,3022645,10,19,196.831,0,0,-1,-1,0,0.999931461,NA,NA,70.000000000,MEASURED_CPU_FAULT,CPU;INTERVAL_FAULTS,NA,NA,NA,NA,NA,NA,NA,NA,NA,NA,NA,NA,NA,NA,NA,NA,NA,NA,NA,NA,NA,NA,NA,TARGET_GONE,identity no longer active
2026-10-02T16:04:15Z,APP_21637_3022645,21637,3022645,10,20,201.499,0,0,-1,-1,0,0.999931461,NA,NA,70.000000000,MEASURED_CPU_FAULT,CPU;INTERVAL_FAULTS,NA,NA,NA,NA,NA,NA,NA,NA,NA,NA,NA,NA,NA,NA,NA,NA,NA,NA,NA,NA,NA,NA,NA,TARGET_GONE,identity no longer active
2026-10-02T16:04:15Z,APP_21637_3022645,21637,3022645,10,21,197.610,0,0,-1,-1,0,0.999931461,NA,NA,70.000000000,MEASURED_CPU_FAULT,CPU;INTERVAL_FAULTS,NA,NA,NA,NA,NA,NA,NA,NA,NA,NA,NA,NA,NA,NA,NA,NA,NA,NA,NA,NA,NA,NA,NA,TARGET_GONE,identity no longer active
2026-10-02T16:04:15Z,APP_21637_3022645,21637,3022645,10,22,201.499,0,0,-1,-1,0,0.999931461,NA,NA,70.000000000,MEASURED_CPU_FAULT,CPU;INTERVAL_FAULTS,NA,NA,NA,NA,NA,NA,NA,NA,NA,NA,NA,NA,NA,NA,NA,NA,NA,NA,NA,NA,NA,NA,NA,TARGET_GONE,identity no longer active
2026-10-02T16:04:16Z,APP_21637_3022645,21637,3022645,10,23,203.787,0,0,-1,-1,0,0.999931461,NA,NA,70.000000000,MEASURED_CPU_FAULT,CPU;INTERVAL_FAULTS,NA,NA,NA,NA,NA,NA,NA,NA,NA,NA,NA,NA,NA,NA,NA,NA,NA,NA,NA,NA,NA,NA,NA,TARGET_GONE,identity no longer active
2026-10-02T16:04:16Z,APP_21637_3022645,21637,3022645,10,24,192.192,0,0,-1,-1,0,0.999931461,NA,NA,70.000000000,MEASURED_CPU_FAULT,CPU;INTERVAL_FAULTS,NA,NA,NA,NA,NA,NA,NA,NA,NA,NA,NA,NA,NA,NA,NA,NA,NA,NA,NA,NA,NA,NA,NA,TARGET_GONE,identity no longer active
2026-10-02T16:04:16Z,APP_21637_3022645,21637,3022645,10,25,201.499,0,0,-1,-1,0,0.999931461,NA,NA,70.000000000,MEASURED_CPU_FAULT,CPU;INTERVAL_FAULTS,NA,NA,NA,NA,NA,NA,NA,NA,NA,NA,NA,NA,NA,NA,NA,NA,NA,NA,NA,NA,NA,NA,NA,TARGET_GONE,identity no longer active
2026-10-02T16:04:16Z,APP_21637_3022645,21637,3022645,10,26,205.714,0,0,-1,-1,0,0.999931461,NA,NA,70.000000000,MEASURED_CPU_FAULT,CPU;INTERVAL_FAULTS,NA,NA,NA,NA,NA,NA,NA,NA,NA,NA,NA,NA,NA,NA,NA,NA,NA,NA,NA,NA,NA,NA,NA,TARGET_GONE,identity no longer active
2026-10-02T16:04:16Z,APP_21637_3022645,21637,3022645,10,27,191.617,0,0,-1,-1,0,0.999931461,NA,NA,70.000000000,MEASURED_CPU_FAULT,CPU;INTERVAL_FAULTS,NA,NA,NA,NA,NA,NA,NA,NA,NA,NA,NA,NA,NA,NA,NA,NA,NA,NA,NA,NA,NA,NA,NA,TARGET_GONE,identity no longer active
2026-10-02T16:04:16Z,APP_21637_3022645,21637,3022645,10,28,203.781,0,0,-1,-1,0,0.999931461,NA,NA,70.000000000,MEASURED_CPU_FAULT,CPU;INTERVAL_FAULTS,NA,NA,NA,NA,NA,NA,NA,NA,NA,NA,NA,NA,NA,NA,NA,NA,NA,NA,NA,NA,NA,NA,NA,TARGET_GONE,identity no longer active
2026-10-02T16:04:16Z,APP_21637_3022645,21637,3022645,10,29,192.192,0,0,-1,-1,0,0.999931461,NA,NA,70.000000000,MEASURED_CPU_FAULT,CPU;INTERVAL_FAULTS,NA,NA,NA,NA,NA,NA,NA,NA,NA,NA,NA,NA,NA,NA,NA,NA,NA,NA,NA,NA,NA,NA,NA,TARGET_GONE,identity no longer active
2026-10-02T16:04:16Z,APP_21637_3022645,21637,3022645,10,30,203.579,0,0,-1,-1,0,0.999931461,NA,NA,70.000000000,MEASURED_CPU_FAULT,CPU;INTERVAL_FAULTS,NA,NA,NA,NA,NA,NA,NA,NA,NA,NA,NA,NA,NA,NA,NA,NA,NA,NA,NA,NA,NA,NA,NA,TARGET_GONE,identity no longer active
2026-10-02T16:04:17Z,APP_21637_3022645,21637,3022645,10,31,201.499,0,0,-1,-1,0,0.999931461,NA,NA,70.000000000,MEASURED_CPU_FAULT,CPU;INTERVAL_FAULTS,NA,NA,NA,NA,NA,NA,NA,NA,NA,NA,NA,NA,NA,NA,NA,NA,NA,NA,NA,NA,NA,NA,NA,TARGET_GONE,identity no longer active
2026-10-02T16:04:17Z,APP_21637_3022645,21637,3022645,10,32,198.450,0,0,-1,-1,0,0.999931461,NA,NA,70.000000000,MEASURED_CPU_FAULT,CPU;INTERVAL_FAULTS,NA,NA,NA,NA,NA,NA,NA,NA,NA,NA,NA,NA,NA,NA,NA,NA,NA,NA,NA,NA,NA,NA,NA,TARGET_GONE,identity no longer active
2026-10-02T16:04:17Z,APP_21637_3022645,21637,3022645,10,33,211.411,0,0,-1,-1,0,0.999931461,NA,NA,70.000000000,MEASURED_CPU_FAULT,CPU;INTERVAL_FAULTS,NA,NA,NA,NA,NA,NA,NA,NA,NA,NA,NA,NA,NA,NA,NA,NA,NA,NA,NA,NA,NA,NA,NA,TARGET_GONE,identity no longer active
2026-10-02T16:04:17Z,APP_21637_3022645,21637,3022645,10,34,191.904,0,0,-1,-1,0,0.999931461,NA,NA,70.000000000,MEASURED_CPU_FAULT,CPU;INTERVAL_FAULTS,NA,NA,NA,NA,NA,NA,NA,NA,NA,NA,NA,NA,NA,NA,NA,NA,NA,NA,NA,NA,NA,NA,NA,TARGET_GONE,identity no longer active
2026-10-02T16:04:17Z,APP_21637_3022645,21637,3022645,10,35,205.714,0,0,-1,-1,0,0.999931461,NA,NA,70.000000000,MEASURED_CPU_FAULT,CPU;INTERVAL_FAULTS,NA,NA,NA,NA,NA,NA,NA,NA,NA,NA,NA,NA,NA,NA,NA,NA,NA,NA,NA,NA,NA,NA,NA,TARGET_GONE,identity no longer active
2026-10-02T16:04:17Z,APP_21637_3022645,21637,3022645,10,36,201.802,0,0,-1,-1,0,0.999931461,NA,NA,70.000000000,MEASURED_CPU_FAULT,CPU;INTERVAL_FAULTS,NA,NA,NA,NA,NA,NA,NA,NA,NA,NA,NA,NA,NA,NA,NA,NA,NA,NA,NA,NA,NA,NA,NA,TARGET_GONE,identity no longer active
2026-10-02T16:04:17Z,APP_21637_3022645,21637,3022645,10,37,197.217,0,0,-1,-1,0,0.999931461,NA,NA,70.000000000,MEASURED_CPU_FAULT,CPU;INTERVAL_FAULTS,NA,NA,NA,NA,NA,NA,NA,NA,NA,NA,NA,NA,NA,NA,NA,NA,NA,NA,NA,NA,NA,NA,NA,TARGET_GONE,identity no longer active
2026-10-02T16:04:17Z,APP_21637_3022645,21637,3022645,10,38,201.499,0,0,-1,-1,0,0.999931461,NA,NA,70.000000000,MEASURED_CPU_FAULT,CPU;INTERVAL_FAULTS,NA,NA,NA,NA,NA,NA,NA,NA,NA,NA,NA,NA,NA,NA,NA,NA,NA,NA,NA,NA,NA,NA,NA,TARGET_GONE,identity no longer active
2026-10-02T16:04:18Z,APP_21637_3022645,21637,3022645,10,39,197.807,0,0,-1,-1,0,0.999931461,NA,NA,70.000000000,MEASURED_CPU_FAULT,CPU;INTERVAL_FAULTS,NA,NA,NA,NA,NA,NA,NA,NA,NA,NA,NA,NA,NA,NA,NA,NA,NA,NA,NA,NA,NA,NA,NA,TARGET_GONE,identity no longer active
2026-10-02T16:04:18Z,APP_21637_3022645,21637,3022645,10,40,200.897,0,0,-1,-1,0,0.999931461,NA,NA,70.000000000,MEASURED_CPU_FAULT,CPU;INTERVAL_FAULTS,NA,NA,NA,NA,NA,NA,NA,NA,NA,NA,NA,NA,NA,NA,NA,NA,NA,NA,NA,NA,NA,NA,NA,TARGET_GONE,identity no longer active
2026-10-02T16:04:18Z,APP_21637_3022645,21637,3022645,10,41,199.555,0,0,-1,-1,0,0.999931461,NA,NA,70.000000000,MEASURED_CPU_FAULT,CPU;INTERVAL_FAULTS,NA,NA,NA,NA,NA,NA,NA,NA,NA,NA,NA,NA,NA,NA,NA,NA,NA,NA,NA,NA,NA,NA,NA,TARGET_GONE,identity no longer active
2026-10-02T16:04:18Z,APP_21637_3022645,21637,3022645,10,42,191.617,0,0,-1,-1,0,0.999931461,NA,NA,70.000000000,MEASURED_CPU_FAULT,CPU;INTERVAL_FAULTS,NA,NA,NA,NA,NA,NA,NA,NA,NA,NA,NA,NA,NA,NA,NA,NA,NA,NA,NA,NA,NA,NA,NA,TARGET_GONE,identity no longer active
2026-10-02T16:04:18Z,APP_21637_3022645,21637,3022645,10,43,201.499,0,0,-1,-1,0,0.999931461,NA,NA,70.000000000,MEASURED_CPU_FAULT,CPU;INTERVAL_FAULTS,NA,NA,NA,NA,NA,NA,NA,NA,NA,NA,NA,NA,NA,NA,NA,NA,NA,NA,NA,NA,NA,NA,NA,TARGET_GONE,identity no longer active
2026-10-02T16:04:18Z,APP_21637_3022645,21637,3022645,10,44,198.393,0,0,-1,-1,0,0.999931461,NA,NA,70.000000000,MEASURED_CPU_FAULT,CPU;INTERVAL_FAULTS,NA,NA,NA,NA,NA,NA,NA,NA,NA,NA,NA,NA,NA,NA,NA,NA,NA,NA,NA,NA,NA,NA,NA,TARGET_GONE,identity no longer active
2026-10-02T16:04:18Z,APP_21637_3022645,21637,3022645,10,45,201.802,0,0,-1,-1,0,0.999931461,NA,NA,70.000000000,MEASURED_CPU_FAULT,CPU;INTERVAL_FAULTS,NA,NA,NA,NA,NA,NA,NA,NA,NA,NA,NA,NA,NA,NA,NA,NA,NA,NA,NA,NA,NA,NA,NA,TARGET_GONE,identity no longer active
2026-10-02T16:04:18Z,APP_21637_3022645,21637,3022645,10,46,203.175,0,0,-1,-1,0,0.999931461,NA,NA,70.000000000,MEASURED_CPU_FAULT,CPU;INTERVAL_FAULTS,NA,NA,NA,NA,NA,NA,NA,NA,NA,NA,NA,NA,NA,NA,NA,NA,NA,NA,NA,NA,NA,NA,NA,TARGET_GONE,identity no longer active
2026-10-02T16:04:19Z,APP_21637_3022645,21637,3022645,10,47,201.802,0,0,-1,-1,0,0.999931461,NA,NA,70.000000000,MEASURED_CPU_FAULT,CPU;INTERVAL_FAULTS,NA,NA,NA,NA,NA,NA,NA,NA,NA,NA,NA,NA,NA,NA,NA,NA,NA,NA,NA,NA,NA,NA,NA,TARGET_GONE,identity no longer active
2026-10-02T16:04:19Z,APP_21637_3022645,21637,3022645,10,48,197.413,0,0,-1,-1,0,0.999931461,NA,NA,70.000000000,MEASURED_CPU_FAULT,CPU;INTERVAL_FAULTS,NA,NA,NA,NA,NA,NA,NA,NA,NA,NA,NA,NA,NA,NA,NA,NA,NA,NA,NA,NA,NA,NA,NA,TARGET_GONE,identity no longer active
2026-10-02T16:04:19Z,APP_21637_3022645,21637,3022645,10,49,201.499,0,0,-1,-1,0,0.999931461,NA,NA,70.000000000,MEASURED_CPU_FAULT,CPU;INTERVAL_FAULTS,NA,NA,NA,NA,NA,NA,NA,NA,NA,NA,NA,NA,NA,NA,NA,NA,NA,NA,NA,NA,NA,NA,NA,TARGET_GONE,identity no longer active
2026-10-02T16:04:19Z,APP_21637_3022645,21637,3022645,10,50,203.262,0,0,-1,-1,0,0.999931461,NA,NA,70.000000000,MEASURED_CPU_FAULT,CPU;INTERVAL_FAULTS,NA,NA,NA,NA,NA,NA,NA,NA,NA,NA,NA,NA,NA,NA,NA,NA,NA,NA,NA,NA,NA,NA,NA,TARGET_GONE,identity no longer active
2026-10-02T16:04:19Z,APP_21637_3022645,21637,3022645,10,51,201.499,0,0,-1,-1,0,0.999931461,NA,NA,70.000000000,MEASURED_CPU_FAULT,CPU;INTERVAL_FAULTS,NA,NA,NA,NA,NA,NA,NA,NA,NA,NA,NA,NA,NA,NA,NA,NA,NA,NA,NA,NA,NA,NA,NA,TARGET_GONE,identity no longer active
2026-10-02T16:04:19Z,APP_21637_3022645,21637,3022645,10,52,197.610,0,0,-1,-1,0,0.999931461,NA,NA,70.000000000,MEASURED_CPU_FAULT,CPU;INTERVAL_FAULTS,NA,NA,NA,NA,NA,NA,NA,NA,NA,NA,NA,NA,NA,NA,NA,NA,NA,NA,NA,NA,NA,NA,NA,TARGET_GONE,identity no longer active
2026-10-02T16:04:19Z,APP_21637_3022645,21637,3022645,10,53,201.499,0,0,-1,-1,0,0.999931461,NA,NA,70.000000000,MEASURED_CPU_FAULT,CPU;INTERVAL_FAULTS,NA,NA,NA,NA,NA,NA,NA,NA,NA,NA,NA,NA,NA,NA,NA,NA,NA,NA,NA,NA,NA,NA,NA,TARGET_GONE,identity no longer active
2026-10-02T16:04:20Z,APP_21637_3022645,21637,3022645,10,54,197.610,0,0,-1,-1,0,0.999931461,NA,NA,70.000000000,MEASURED_CPU_FAULT,CPU;INTERVAL_FAULTS,NA,NA,NA,NA,NA,NA,NA,NA,NA,NA,NA,NA,NA,NA,NA,NA,NA,NA,NA,NA,NA,NA,NA,TARGET_GONE,identity no longer active
2026-10-02T16:04:20Z,APP_21637_3022645,21637,3022645,10,55,201.499,0,0,-1,-1,0,0.999931461,NA,NA,70.000000000,MEASURED_CPU_FAULT,CPU;INTERVAL_FAULTS,NA,NA,NA,NA,NA,NA,NA,NA,NA,NA,NA,NA,NA,NA,NA,NA,NA,NA,NA,NA,NA,NA,NA,TARGET_GONE,identity no longer active
2026-10-02T16:04:20Z,APP_21637_3022645,21637,3022645,10,56,202.973,0,0,-1,-1,0,0.999931461,NA,NA,70.000000000,MEASURED_CPU_FAULT,CPU;INTERVAL_FAULTS,NA,NA,NA,NA,NA,NA,NA,NA,NA,NA,NA,NA,NA,NA,NA,NA,NA,NA,NA,NA,NA,NA,NA,TARGET_GONE,identity no longer active
2026-10-02T16:04:20Z,APP_21637_3022645,21637,3022645,10,57,191.904,0,0,-1,-1,0,0.999931461,NA,NA,70.000000000,MEASURED_CPU_FAULT,CPU;INTERVAL_FAULTS,NA,NA,NA,NA,NA,NA,NA,NA,NA,NA,NA,NA,NA,NA,NA,NA,NA,NA,NA,NA,NA,NA,NA,TARGET_GONE,identity no longer active
2026-10-02T16:04:20Z,APP_21637_3022645,21637,3022645,10,58,201.942,0,0,-1,-1,0,0.999931461,NA,NA,70.000000000,MEASURED_CPU_FAULT,CPU;INTERVAL_FAULTS,NA,NA,NA,NA,NA,NA,NA,NA,NA,NA,NA,NA,NA,NA,NA,NA,NA,NA,NA,NA,NA,NA,NA,TARGET_GONE,identity no longer active
2026-10-02T16:04:20Z,APP_21637_3022645,21637,3022645,10,59,191.617,0,0,-1,-1,0,0.999931461,NA,NA,70.000000000,MEASURED_CPU_FAULT,CPU;INTERVAL_FAULTS,NA,NA,NA,NA,NA,NA,NA,NA,NA,NA,NA,NA,NA,NA,NA,NA,NA,NA,NA,NA,NA,NA,NA,TARGET_GONE,identity no longer active
2026-10-02T16:04:20Z,APP_21637_3022645,21637,3022645,10,60,201.802,0,0,-1,-1,0,0.999931461,NA,NA,70.000000000,MEASURED_CPU_FAULT,CPU;INTERVAL_FAULTS,NA,NA,NA,NA,NA,NA,NA,NA,NA,NA,NA,NA,NA,NA,NA,NA,NA,NA,NA,NA,NA,NA,NA,TARGET_GONE,identity no longer active
2026-10-02T16:04:20Z,APP_21637_3022645,21637,3022645,10,61,198.331,0,0,-1,-1,0,0.999931461,NA,NA,70.000000000,MEASURED_CPU_FAULT,CPU;INTERVAL_FAULTS,NA,NA,NA,NA,NA,NA,NA,NA,NA,NA,NA,NA,NA,NA,NA,NA,NA,NA,NA,NA,NA,NA,NA,TARGET_GONE,identity no longer active
2026-10-02T16:04:20Z,APP_21637_3022645,21637,3022645,10,62,201.499,0,0,-1,-1,0,0.999931461,NA,NA,70.000000000,MEASURED_CPU_FAULT,CPU;INTERVAL_FAULTS,NA,NA,NA,NA,NA,NA,NA,NA,NA,NA,NA,NA,NA,NA,NA,NA,NA,NA,NA,NA,NA,NA,NA,TARGET_GONE,identity no longer active
2026-10-02T16:04:21Z,APP_21637_3022645,21637,3022645,10,63,197.413,0,0,-1,-1,0,0.999931461,NA,NA,70.000000000,MEASURED_CPU_FAULT,CPU;INTERVAL_FAULTS,NA,NA,NA,NA,NA,NA,NA,NA,NA,NA,NA,NA,NA,NA,NA,NA,NA,NA,NA,NA,NA,NA,NA,TARGET_GONE,identity no longer active
2026-10-02T16:04:21Z,APP_21637_3022645,21637,3022645,10,64,201.499,0,0,-1,-1,0,0.999931461,NA,NA,70.000000000,MEASURED_CPU_FAULT,CPU;INTERVAL_FAULTS,NA,NA,NA,NA,NA,NA,NA,NA,NA,NA,NA,NA,NA,NA,NA,NA,NA,NA,NA,NA,NA,NA,NA,TARGET_GONE,identity no longer active
2026-10-02T16:04:21Z,APP_21637_3022645,21637,3022645,10,65,203.579,0,0,-1,-1,0,0.999931461,NA,NA,70.000000000,MEASURED_CPU_FAULT,CPU;INTERVAL_FAULTS,NA,NA,NA,NA,NA,NA,NA,NA,NA,NA,NA,NA,NA,NA,NA,NA,NA,NA,NA,NA,NA,NA,NA,TARGET_GONE,identity no longer active
2026-10-02T16:04:21Z,APP_21637_3022645,21637,3022645,10,66,201.499,0,0,-1,-1,0,0.999931461,NA,NA,70.000000000,MEASURED_CPU_FAULT,CPU;INTERVAL_FAULTS,NA,NA,NA,NA,NA,NA,NA,NA,NA,NA,NA,NA,NA,NA,NA,NA,NA,NA,NA,NA,NA,NA,NA,TARGET_GONE,identity no longer active
2026-10-02T16:04:21Z,APP_21637_3022645,21637,3022645,10,67,199.555,0,0,-1,-1,0,0.999931461,NA,NA,70.000000000,MEASURED_CPU_FAULT,CPU;INTERVAL_FAULTS,NA,NA,NA,NA,NA,NA,NA,NA,NA,NA,NA,NA,NA,NA,NA,NA,NA,NA,NA,NA,NA,NA,NA,TARGET_GONE,identity no longer active
2026-10-02T16:04:21Z,APP_21637_3022645,21637,3022645,10,68,192.192,0,0,-1,-1,0,0.999931461,NA,NA,70.000000000,MEASURED_CPU_FAULT,CPU;INTERVAL_FAULTS,NA,NA,NA,NA,NA,NA,NA,NA,NA,NA,NA,NA,NA,NA,NA,NA,NA,NA,NA,NA,NA,NA,NA,TARGET_GONE,identity no longer active
2026-10-02T16:04:21Z,APP_21637_3022645,21637,3022645,10,69,200.897,0,0,-1,-1,0,0.999931461,NA,NA,70.000000000,MEASURED_CPU_FAULT,CPU;INTERVAL_FAULTS,NA,NA,NA,NA,NA,NA,NA,NA,NA,NA,NA,NA,NA,NA,NA,NA,NA,NA,NA,NA,NA,NA,NA,TARGET_GONE,identity no longer active
2026-10-02T16:04:22Z,APP_21637_3022645,21637,3022645,10,70,198.568,0,0,-1,-1,0,0.999931461,NA,NA,70.000000000,MEASURED_CPU_FAULT,CPU;INTERVAL_FAULTS,NA,NA,NA,NA,NA,NA,NA,NA,NA,NA,NA,NA,NA,NA,NA,NA,NA,NA,NA,NA,NA,NA,NA,TARGET_GONE,identity no longer active
2026-10-02T16:04:22Z,APP_21637_3022645,21637,3022645,10,71,201.198,0,0,-1,-1,0,0.999931461,NA,NA,70.000000000,MEASURED_CPU_FAULT,CPU;INTERVAL_FAULTS,NA,NA,NA,NA,NA,NA,NA,NA,NA,NA,NA,NA,NA,NA,NA,NA,NA,NA,NA,NA,NA,NA,NA,TARGET_GONE,identity no longer active
2026-10-02T16:04:22Z,APP_21637_3022645,21637,3022645,10,72,203.376,0,0,-1,-1,0,0.999931461,NA,NA,70.000000000,MEASURED_CPU_FAULT,CPU;INTERVAL_FAULTS,NA,NA,NA,NA,NA,NA,NA,NA,NA,NA,NA,NA,NA,NA,NA,NA,NA,NA,NA,NA,NA,NA,NA,TARGET_GONE,identity no longer active
2026-10-02T16:04:22Z,APP_21637_3022645,21637,3022645,10,73,201.198,0,0,-1,-1,0,0.999931461,NA,NA,70.000000000,MEASURED_CPU_FAULT,CPU;INTERVAL_FAULTS,NA,NA,NA,NA,NA,NA,NA,NA,NA,NA,NA,NA,NA,NA,NA,NA,NA,NA,NA,NA,NA,NA,NA,TARGET_GONE,identity no longer active
2026-10-02T16:04:22Z,APP_21637_3022645,21637,3022645,10,74,197.413,0,0,-1,-1,0,0.999931461,NA,NA,70.000000000,MEASURED_CPU_FAULT,CPU;INTERVAL_FAULTS,NA,NA,NA,NA,NA,NA,NA,NA,NA,NA,NA,NA,NA,NA,NA,NA,NA,NA,NA,NA,NA,NA,NA,TARGET_GONE,identity no longer active
2026-10-02T16:04:22Z,APP_21637_3022645,21637,3022645,10,75,201.499,0,0,-1,-1,0,0.999931461,NA,NA,70.000000000,MEASURED_CPU_FAULT,CPU;INTERVAL_FAULTS,NA,NA,NA,NA,NA,NA,NA,NA,NA,NA,NA,NA,NA,NA,NA,NA,NA,NA,NA,NA,NA,NA,NA,TARGET_GONE,identity no longer active
2026-10-02T16:04:22Z,APP_21637_3022645,21637,3022645,10,76,200.805,0,0,-1,-1,0,0.999931461,NA,NA,70.000000000,MEASURED_CPU_FAULT,CPU;INTERVAL_FAULTS,NA,NA,NA,NA,NA,NA,NA,NA,NA,NA,NA,NA,NA,NA,NA,NA,NA,NA,NA,NA,NA,NA,NA,TARGET_GONE,identity no longer active
2026-10-02T16:04:22Z,APP_21637_3022645,21637,3022645,10,77,192.192,0,0,-1,-1,0,0.999931461,NA,NA,70.000000000,MEASURED_CPU_FAULT,CPU;INTERVAL_FAULTS,NA,NA,NA,NA,NA,NA,NA,NA,NA,NA,NA,NA,NA,NA,NA,NA,NA,NA,NA,NA,NA,NA,NA,TARGET_GONE,identity no longer active
2026-10-02T16:04:22Z,APP_21637_3022645,21637,3022645,10,78,201.499,0,0,-1,-1,0,0.999931461,NA,NA,70.000000000,MEASURED_CPU_FAULT,CPU;INTERVAL_FAULTS,NA,NA,NA,NA,NA,NA,NA,NA,NA,NA,NA,NA,NA,NA,NA,NA,NA,NA,NA,NA,NA,NA,NA,TARGET_GONE,identity no longer active
2026-10-02T16:04:23Z,APP_21637_3022645,21637,3022645,10,79,206.205,0,0,-1,-1,0,0.999931461,NA,NA,70.000000000,MEASURED_CPU_FAULT,CPU;INTERVAL_FAULTS,NA,NA,NA,NA,NA,NA,NA,NA,NA,NA,NA,NA,NA,NA,NA,NA,NA,NA,NA,NA,NA,NA,NA,TARGET_GONE,identity no longer active
2026-10-02T16:04:23Z,APP_21637_3022645,21637,3022645,10,80,192.192,0,0,-1,-1,0,0.999931461,NA,NA,70.000000000,MEASURED_CPU_FAULT,CPU;INTERVAL_FAULTS,NA,NA,NA,NA,NA,NA,NA,NA,NA,NA,NA,NA,NA,NA,NA,NA,NA,NA,NA,NA,NA,NA,NA,TARGET_GONE,identity no longer active
2026-10-02T16:04:23Z,APP_21637_3022645,21637,3022645,10,81,203.175,0,0,-1,-1,0,0.999931461,NA,NA,70.000000000,MEASURED_CPU_FAULT,CPU;INTERVAL_FAULTS,NA,NA,NA,NA,NA,NA,NA,NA,NA,NA,NA,NA,NA,NA,NA,NA,NA,NA,NA,NA,NA,NA,NA,TARGET_GONE,identity no longer active
2026-10-02T16:04:23Z,APP_21637_3022645,21637,3022645,10,82,192.481,0,0,-1,-1,0,0.999931461,NA,NA,70.000000000,MEASURED_CPU_FAULT,CPU;INTERVAL_FAULTS,NA,NA,NA,NA,NA,NA,NA,NA,NA,NA,NA,NA,NA,NA,NA,NA,NA,NA,NA,NA,NA,NA,NA,TARGET_GONE,identity no longer active
2026-10-02T16:04:23Z,APP_21637_3022645,21637,3022645,10,83,203.781,0,0,-1,-1,0,0.999931461,NA,NA,70.000000000,MEASURED_CPU_FAULT,CPU;INTERVAL_FAULTS,NA,NA,NA,NA,NA,NA,NA,NA,NA,NA,NA,NA,NA,NA,NA,NA,NA,NA,NA,NA,NA,NA,NA,TARGET_GONE,identity no longer active
2026-10-02T16:04:23Z,APP_21637_3022645,21637,3022645,10,84,191.904,0,0,-1,-1,0,0.999931461,NA,NA,70.000000000,MEASURED_CPU_FAULT,CPU;INTERVAL_FAULTS,NA,NA,NA,NA,NA,NA,NA,NA,NA,NA,NA,NA,NA,NA,NA,NA,NA,NA,NA,NA,NA,NA,NA,TARGET_GONE,identity no longer active
2026-10-02T16:04:23Z,APP_21637_3022645,21637,3022645,10,85,202.157,0,0,-1,-1,0,0.999931461,NA,NA,70.000000000,MEASURED_CPU_FAULT,CPU;INTERVAL_FAULTS,NA,NA,NA,NA,NA,NA,NA,NA,NA,NA,NA,NA,NA,NA,NA,NA,NA,NA,NA,NA,NA,NA,NA,TARGET_GONE,identity no longer active
2026-10-02T16:04:23Z,APP_21637_3022645,21637,3022645,10,86,211.411,0,0,-1,-1,0,0.999931461,NA,NA,70.000000000,MEASURED_CPU_FAULT,CPU;INTERVAL_FAULTS,NA,NA,NA,NA,NA,NA,NA,NA,NA,NA,NA,NA,NA,NA,NA,NA,NA,NA,NA,NA,NA,NA,NA,TARGET_GONE,identity no longer active
2026-10-02T16:04:24Z,APP_21637_3022645,21637,3022645,10,87,191.904,0,0,-1,-1,0,0.999931461,NA,NA,70.000000000,MEASURED_CPU_FAULT,CPU;INTERVAL_FAULTS,NA,NA,NA,NA,NA,NA,NA,NA,NA,NA,NA,NA,NA,NA,NA,NA,NA,NA,NA,NA,NA,NA,NA,TARGET_GONE,identity no longer active
2026-10-02T16:04:24Z,APP_21637_3022645,21637,3022645,10,88,205.470,0,0,-1,-1,0,0.999931461,NA,NA,70.000000000,MEASURED_CPU_FAULT,CPU;INTERVAL_FAULTS,NA,NA,NA,NA,NA,NA,NA,NA,NA,NA,NA,NA,NA,NA,NA,NA,NA,NA,NA,NA,NA,NA,NA,TARGET_GONE,identity no longer active
2026-10-02T16:04:24Z,APP_21637_3022645,21637,3022645,10,89,201.802,0,0,-1,-1,0,0.999931461,NA,NA,70.000000000,MEASURED_CPU_FAULT,CPU;INTERVAL_FAULTS,NA,NA,NA,NA,NA,NA,NA,NA,NA,NA,NA,NA,NA,NA,NA,NA,NA,NA,NA,NA,NA,NA,NA,TARGET_GONE,identity no longer active
2026-10-02T16:04:24Z,APP_21637_3022645,21637,3022645,10,90,197.217,0,0,-1,-1,0,0.999931461,NA,NA,70.000000000,MEASURED_CPU_FAULT,CPU;INTERVAL_FAULTS,NA,NA,NA,NA,NA,NA,NA,NA,NA,NA,NA,NA,NA,NA,NA,NA,NA,NA,NA,NA,NA,NA,NA,TARGET_GONE,identity no longer active
2026-10-02T16:04:24Z,APP_21637_3022645,21637,3022645,10,91,201.499,0,0,-1,-1,0,0.999931461,NA,NA,70.000000000,MEASURED_CPU_FAULT,CPU;INTERVAL_FAULTS,NA,NA,NA,NA,NA,NA,NA,NA,NA,NA,NA,NA,NA,NA,NA,NA,NA,NA,NA,NA,NA,NA,NA,TARGET_GONE,identity no longer active
2026-10-02T16:04:24Z,APP_21637_3022645,21637,3022645,10,92,203.376,0,0,-1,-1,0,0.999931461,NA,NA,70.000000000,MEASURED_CPU_FAULT,CPU;INTERVAL_FAULTS,NA,NA,NA,NA,NA,NA,NA,NA,NA,NA,NA,NA,NA,NA,NA,NA,NA,NA,NA,NA,NA,NA,NA,TARGET_GONE,identity no longer active
2026-10-02T16:04:24Z,APP_21637_3022645,21637,3022645,10,93,191.904,0,0,-1,-1,0,0.999931461,NA,NA,70.000000000,MEASURED_CPU_FAULT,CPU;INTERVAL_FAULTS,NA,NA,NA,NA,NA,NA,NA,NA,NA,NA,NA,NA,NA,NA,NA,NA,NA,NA,NA,NA,NA,NA,NA,TARGET_GONE,identity no longer active
2026-10-02T16:04:13Z,APP_21637_3022645,21637,3022645,11,94,0.000,0,0,-1,-1,0,0.999931461,1,true,0.000000000,MEASURED_CPU_FAULT,CPU;INTERVAL_FAULTS,HOT,669.474315258,0.560000000,0.700000000,NA,NA,NA,NA,0.560000000,0.000000000,0.700000000,0.000000000,-1.000000000,1.232000000,NA,MOVE_THREAD,INVALID,NOT_APPLICABLE,INVALID,MOVE_THREAD,-1,-1,false,TARGET_GONE,identity no longer active
2026-10-02T16:04:14Z,APP_21637_3022645,21637,3022645,11,95,0.000,0,0,-1,-1,0,0.999931461,NA,NA,0.000000000,MEASURED_CPU_FAULT,CPU;INTERVAL_FAULTS,NA,NA,NA,NA,NA,NA,NA,NA,NA,NA,NA,NA,NA,NA,NA,NA,NA,NA,NA,NA,NA,NA,NA,TARGET_GONE,identity no longer active
2026-10-02T16:04:14Z,APP_21637_3022645,21637,3022645,11,96,0.000,0,0,-1,-1,0,0.999931461,NA,NA,0.000000000,MEASURED_CPU_FAULT,CPU;INTERVAL_FAULTS,NA,NA,NA,NA,NA,NA,NA,NA,NA,NA,NA,NA,NA,NA,NA,NA,NA,NA,NA,NA,NA,NA,NA,TARGET_GONE,identity no longer active
2026-10-02T16:04:14Z,APP_21637_3022645,21637,3022645,11,97,0.000,0,0,-1,-1,0,0.999931461,NA,NA,0.000000000,MEASURED_CPU_FAULT,CPU;INTERVAL_FAULTS,NA,NA,NA,NA,NA,NA,NA,NA,NA,NA,NA,NA,NA,NA,NA,NA,NA,NA,NA,NA,NA,NA,NA,TARGET_GONE,identity no longer active
2026-10-02T16:04:14Z,APP_21637_3022645,21637,3022645,11,98,0.000,0,0,-1,-1,0,0.999931461,NA,NA,0.000000000,MEASURED_CPU_FAULT,CPU;INTERVAL_FAULTS,NA,NA,NA,NA,NA,NA,NA,NA,NA,NA,NA,NA,NA,NA,NA,NA,NA,NA,NA,NA,NA,NA,NA,TARGET_GONE,identity no longer active
2026-10-02T16:04:14Z,APP_21637_3022645,21637,3022645,11,99,0.000,0,0,-1,-1,0,0.999931461,NA,NA,0.000000000,MEASURED_CPU_FAULT,CPU;INTERVAL_FAULTS,NA,NA,NA,NA,NA,NA,NA,NA,NA,NA,NA,NA,NA,NA,NA,NA,NA,NA,NA,NA,NA,NA,NA,TARGET_GONE,identity no longer active
2026-10-02T16:04:14Z,APP_21637_3022645,21637,3022645,11,100,0.000,0,0,-1,-1,0,0.999931461,NA,NA,0.000000000,MEASURED_CPU_FAULT,CPU;INTERVAL_FAULTS,NA,NA,NA,NA,NA,NA,NA,NA,NA,NA,NA,NA,NA,NA,NA,NA,NA,NA,NA,NA,NA,NA,NA,TARGET_GONE,identity no longer active
2026-10-02T16:04:15Z,APP_21637_3022645,21637,3022645,11,101,18.907,0,0,-1,-1,0,0.999931461,NA,NA,13.234900000,MEASURED_CPU_FAULT,CPU;INTERVAL_FAULTS,NA,NA,NA,NA,NA,NA,NA,NA,NA,NA,NA,NA,NA,NA,NA,NA,NA,NA,NA,NA,NA,NA,NA,TARGET_GONE,identity no longer active
2026-10-02T16:04:15Z,APP_21637_3022645,21637,3022645,11,102,191.617,0,0,-1,-1,0,0.999931461,NA,NA,70.000000000,MEASURED_CPU_FAULT,CPU;INTERVAL_FAULTS,NA,NA,NA,NA,NA,NA,NA,NA,NA,NA,NA,NA,NA,NA,NA,NA,NA,NA,NA,NA,NA,NA,NA,TARGET_GONE,identity no longer active
2026-10-02T16:04:15Z,APP_21637_3022645,21637,3022645,11,103,201.499,0,0,-1,-1,0,0.999931461,NA,NA,70.000000000,MEASURED_CPU_FAULT,CPU;INTERVAL_FAULTS,NA,NA,NA,NA,NA,NA,NA,NA,NA,NA,NA,NA,NA,NA,NA,NA,NA,NA,NA,NA,NA,NA,NA,TARGET_GONE,identity no longer active
2026-10-02T16:04:15Z,APP_21637_3022645,21637,3022645,11,104,200.272,0,0,-1,-1,0,0.999931461,NA,NA,70.000000000,MEASURED_CPU_FAULT,CPU;INTERVAL_FAULTS,NA,NA,NA,NA,NA,NA,NA,NA,NA,NA,NA,NA,NA,NA,NA,NA,NA,NA,NA,NA,NA,NA,NA,TARGET_GONE,identity no longer active
2026-10-02T16:04:15Z,APP_21637_3022645,21637,3022645,11,105,201.198,0,0,-1,-1,0,0.999931461,NA,NA,70.000000000,MEASURED_CPU_FAULT,CPU;INTERVAL_FAULTS,NA,NA,NA,NA,NA,NA,NA,NA,NA,NA,NA,NA,NA,NA,NA,NA,NA,NA,NA,NA,NA,NA,NA,TARGET_GONE,identity no longer active
2026-10-02T16:04:15Z,APP_21637_3022645,21637,3022645,11,106,196.831,0,0,-1,-1,0,0.999931461,NA,NA,70.000000000,MEASURED_CPU_FAULT,CPU;INTERVAL_FAULTS,NA,NA,NA,NA,NA,NA,NA,NA,NA,NA,NA,NA,NA,NA,NA,NA,NA,NA,NA,NA,NA,NA,NA,TARGET_GONE,identity no longer active
2026-10-02T16:04:15Z,APP_21637_3022645,21637,3022645,11,107,201.499,0,0,-1,-1,0,0.999931461,NA,NA,70.000000000,MEASURED_CPU_FAULT,CPU;INTERVAL_FAULTS,NA,NA,NA,NA,NA,NA,NA,NA,NA,NA,NA,NA,NA,NA,NA,NA,NA,NA,NA,NA,NA,NA,NA,TARGET_GONE,identity no longer active
2026-10-02T16:04:15Z,APP_21637_3022645,21637,3022645,11,108,197.610,0,0,-1,-1,0,0.999931461,NA,NA,70.000000000,MEASURED_CPU_FAULT,CPU;INTERVAL_FAULTS,NA,NA,NA,NA,NA,NA,NA,NA,NA,NA,NA,NA,NA,NA,NA,NA,NA,NA,NA,NA,NA,NA,NA,TARGET_GONE,identity no longer active
2026-10-02T16:04:15Z,APP_21637_3022645,21637,3022645,11,109,201.499,0,0,-1,-1,0,0.999931461,NA,NA,70.000000000,MEASURED_CPU_FAULT,CPU;INTERVAL_FAULTS,NA,NA,NA,NA,NA,NA,NA,NA,NA,NA,NA,NA,NA,NA,NA,NA,NA,NA,NA,NA,NA,NA,NA,TARGET_GONE,identity no longer active
2026-10-02T16:04:16Z,APP_21637_3022645,21637,3022645,11,110,203.787,0,0,-1,-1,0,0.999931461,NA,NA,70.000000000,MEASURED_CPU_FAULT,CPU;INTERVAL_FAULTS,NA,NA,NA,NA,NA,NA,NA,NA,NA,NA,NA,NA,NA,NA,NA,NA,NA,NA,NA,NA,NA,NA,NA,TARGET_GONE,identity no longer active
2026-10-02T16:04:16Z,APP_21637_3022645,21637,3022645,11,111,192.192,0,0,-1,-1,0,0.999931461,NA,NA,70.000000000,MEASURED_CPU_FAULT,CPU;INTERVAL_FAULTS,NA,NA,NA,NA,NA,NA,NA,NA,NA,NA,NA,NA,NA,NA,NA,NA,NA,NA,NA,NA,NA,NA,NA,TARGET_GONE,identity no longer active
2026-10-02T16:04:16Z,APP_21637_3022645,21637,3022645,11,112,201.499,0,0,-1,-1,0,0.999931461,NA,NA,70.000000000,MEASURED_CPU_FAULT,CPU;INTERVAL_FAULTS,NA,NA,NA,NA,NA,NA,NA,NA,NA,NA,NA,NA,NA,NA,NA,NA,NA,NA,NA,NA,NA,NA,NA,TARGET_GONE,identity no longer active
2026-10-02T16:04:16Z,APP_21637_3022645,21637,3022645,11,113,205.714,0,0,-1,-1,0,0.999931461,NA,NA,70.000000000,MEASURED_CPU_FAULT,CPU;INTERVAL_FAULTS,NA,NA,NA,NA,NA,NA,NA,NA,NA,NA,NA,NA,NA,NA,NA,NA,NA,NA,NA,NA,NA,NA,NA,TARGET_GONE,identity no longer active
2026-10-02T16:04:16Z,APP_21637_3022645,21637,3022645,11,114,191.617,0,0,-1,-1,0,0.999931461,NA,NA,70.000000000,MEASURED_CPU_FAULT,CPU;INTERVAL_FAULTS,NA,NA,NA,NA,NA,NA,NA,NA,NA,NA,NA,NA,NA,NA,NA,NA,NA,NA,NA,NA,NA,NA,NA,TARGET_GONE,identity no longer active
2026-10-02T16:04:16Z,APP_21637_3022645,21637,3022645,11,115,203.781,0,0,-1,-1,0,0.999931461,NA,NA,70.000000000,MEASURED_CPU_FAULT,CPU;INTERVAL_FAULTS,NA,NA,NA,NA,NA,NA,NA,NA,NA,NA,NA,NA,NA,NA,NA,NA,NA,NA,NA,NA,NA,NA,NA,TARGET_GONE,identity no longer active
2026-10-02T16:04:16Z,APP_21637_3022645,21637,3022645,11,116,192.192,0,0,-1,-1,0,0.999931461,NA,NA,70.000000000,MEASURED_CPU_FAULT,CPU;INTERVAL_FAULTS,NA,NA,NA,NA,NA,NA,NA,NA,NA,NA,NA,NA,NA,NA,NA,NA,NA,NA,NA,NA,NA,NA,NA,TARGET_GONE,identity no longer active
2026-10-02T16:04:16Z,APP_21637_3022645,21637,3022645,11,117,203.579,0,0,-1,-1,0,0.999931461,NA,NA,70.000000000,MEASURED_CPU_FAULT,CPU;INTERVAL_FAULTS,NA,NA,NA,NA,NA,NA,NA,NA,NA,NA,NA,NA,NA,NA,NA,NA,NA,NA,NA,NA,NA,NA,NA,TARGET_GONE,identity no longer active
2026-10-02T16:04:17Z,APP_21637_3022645,21637,3022645,11,118,201.499,0,0,-1,-1,0,0.999931461,NA,NA,70.000000000,MEASURED_CPU_FAULT,CPU;INTERVAL_FAULTS,NA,NA,NA,NA,NA,NA,NA,NA,NA,NA,NA,NA,NA,NA,NA,NA,NA,NA,NA,NA,NA,NA,NA,TARGET_GONE,identity no longer active
2026-10-02T16:04:17Z,APP_21637_3022645,21637,3022645,11,119,198.450,0,0,-1,-1,0,0.999931461,NA,NA,70.000000000,MEASURED_CPU_FAULT,CPU;INTERVAL_FAULTS,NA,NA,NA,NA,NA,NA,NA,NA,NA,NA,NA,NA,NA,NA,NA,NA,NA,NA,NA,NA,NA,NA,NA,TARGET_GONE,identity no longer active
2026-10-02T16:04:17Z,APP_21637_3022645,21637,3022645,11,120,211.411,0,0,-1,-1,0,0.999931461,NA,NA,70.000000000,MEASURED_CPU_FAULT,CPU;INTERVAL_FAULTS,NA,NA,NA,NA,NA,NA,NA,NA,NA,NA,NA,NA,NA,NA,NA,NA,NA,NA,NA,NA,NA,NA,NA,TARGET_GONE,identity no longer active
2026-10-02T16:04:17Z,APP_21637_3022645,21637,3022645,11,121,191.904,0,0,-1,-1,0,0.999931461,NA,NA,70.000000000,MEASURED_CPU_FAULT,CPU;INTERVAL_FAULTS,NA,NA,NA,NA,NA,NA,NA,NA,NA,NA,NA,NA,NA,NA,NA,NA,NA,NA,NA,NA,NA,NA,NA,TARGET_GONE,identity no longer active
2026-10-02T16:04:17Z,APP_21637_3022645,21637,3022645,11,122,205.714,0,0,-1,-1,0,0.999931461,NA,NA,70.000000000,MEASURED_CPU_FAULT,CPU;INTERVAL_FAULTS,NA,NA,NA,NA,NA,NA,NA,NA,NA,NA,NA,NA,NA,NA,NA,NA,NA,NA,NA,NA,NA,NA,NA,TARGET_GONE,identity no longer active
2026-10-02T16:04:17Z,APP_21637_3022645,21637,3022645,11,123,201.802,0,0,-1,-1,0,0.999931461,NA,NA,70.000000000,MEASURED_CPU_FAULT,CPU;INTERVAL_FAULTS,NA,NA,NA,NA,NA,NA,NA,NA,NA,NA,NA,NA,NA,NA,NA,NA,NA,NA,NA,NA,NA,NA,NA,TARGET_GONE,identity no longer active
2026-10-02T16:04:17Z,APP_21637_3022645,21637,3022645,11,124,197.217,0,0,-1,-1,0,0.999931461,NA,NA,70.000000000,MEASURED_CPU_FAULT,CPU;INTERVAL_FAULTS,NA,NA,NA,NA,NA,NA,NA,NA,NA,NA,NA,NA,NA,NA,NA,NA,NA,NA,NA,NA,NA,NA,NA,TARGET_GONE,identity no longer active
2026-10-02T16:04:17Z,APP_21637_3022645,21637,3022645,11,125,201.499,0,0,-1,-1,0,0.999931461,NA,NA,70.000000000,MEASURED_CPU_FAULT,CPU;INTERVAL_FAULTS,NA,NA,NA,NA,NA,NA,NA,NA,NA,NA,NA,NA,NA,NA,NA,NA,NA,NA,NA,NA,NA,NA,NA,TARGET_GONE,identity no longer active
2026-10-02T16:04:18Z,APP_21637_3022645,21637,3022645,11,126,197.807,0,0,-1,-1,0,0.999931461,NA,NA,70.000000000,MEASURED_CPU_FAULT,CPU;INTERVAL_FAULTS,NA,NA,NA,NA,NA,NA,NA,NA,NA,NA,NA,NA,NA,NA,NA,NA,NA,NA,NA,NA,NA,NA,NA,TARGET_GONE,identity no longer active
2026-10-02T16:04:18Z,APP_21637_3022645,21637,3022645,11,127,200.897,0,0,-1,-1,0,0.999931461,NA,NA,70.000000000,MEASURED_CPU_FAULT,CPU;INTERVAL_FAULTS,NA,NA,NA,NA,NA,NA,NA,NA,NA,NA,NA,NA,NA,NA,NA,NA,NA,NA,NA,NA,NA,NA,NA,TARGET_GONE,identity no longer active
2026-10-02T16:04:18Z,APP_21637_3022645,21637,3022645,11,128,199.555,0,0,-1,-1,0,0.999931461,NA,NA,70.000000000,MEASURED_CPU_FAULT,CPU;INTERVAL_FAULTS,NA,NA,NA,NA,NA,NA,NA,NA,NA,NA,NA,NA,NA,NA,NA,NA,NA,NA,NA,NA,NA,NA,NA,TARGET_GONE,identity no longer active
2026-10-02T16:04:18Z,APP_21637_3022645,21637,3022645,11,129,191.617,0,0,-1,-1,0,0.999931461,NA,NA,70.000000000,MEASURED_CPU_FAULT,CPU;INTERVAL_FAULTS,NA,NA,NA,NA,NA,NA,NA,NA,NA,NA,NA,NA,NA,NA,NA,NA,NA,NA,NA,NA,NA,NA,NA,TARGET_GONE,identity no longer active
2026-10-02T16:04:18Z,APP_21637_3022645,21637,3022645,11,130,201.499,0,0,-1,-1,0,0.999931461,NA,NA,70.000000000,MEASURED_CPU_FAULT,CPU;INTERVAL_FAULTS,NA,NA,NA,NA,NA,NA,NA,NA,NA,NA,NA,NA,NA,NA,NA,NA,NA,NA,NA,NA,NA,NA,NA,TARGET_GONE,identity no longer active
2026-10-02T16:04:18Z,APP_21637_3022645,21637,3022645,11,131,198.393,0,0,-1,-1,0,0.999931461,NA,NA,70.000000000,MEASURED_CPU_FAULT,CPU;INTERVAL_FAULTS,NA,NA,NA,NA,NA,NA,NA,NA,NA,NA,NA,NA,NA,NA,NA,NA,NA,NA,NA,NA,NA,NA,NA,TARGET_GONE,identity no longer active
2026-10-02T16:04:18Z,APP_21637_3022645,21637,3022645,11,132,201.802,0,0,-1,-1,0,0.999931461,NA,NA,70.000000000,MEASURED_CPU_FAULT,CPU;INTERVAL_FAULTS,NA,NA,NA,NA,NA,NA,NA,NA,NA,NA,NA,NA,NA,NA,NA,NA,NA,NA,NA,NA,NA,NA,NA,TARGET_GONE,identity no longer active
2026-10-02T16:04:18Z,APP_21637_3022645,21637,3022645,11,133,203.175,0,0,-1,-1,0,0.999931461,NA,NA,70.000000000,MEASURED_CPU_FAULT,CPU;INTERVAL_FAULTS,NA,NA,NA,NA,NA,NA,NA,NA,NA,NA,NA,NA,NA,NA,NA,NA,NA,NA,NA,NA,NA,NA,NA,TARGET_GONE,identity no longer active
2026-10-02T16:04:19Z,APP_21637_3022645,21637,3022645,11,134,201.802,0,0,-1,-1,0,0.999931461,NA,NA,70.000000000,MEASURED_CPU_FAULT,CPU;INTERVAL_FAULTS,NA,NA,NA,NA,NA,NA,NA,NA,NA,NA,NA,NA,NA,NA,NA,NA,NA,NA,NA,NA,NA,NA,NA,TARGET_GONE,identity no longer active
2026-10-02T16:04:19Z,APP_21637_3022645,21637,3022645,11,135,197.413,0,0,-1,-1,0,0.999931461,NA,NA,70.000000000,MEASURED_CPU_FAULT,CPU;INTERVAL_FAULTS,NA,NA,NA,NA,NA,NA,NA,NA,NA,NA,NA,NA,NA,NA,NA,NA,NA,NA,NA,NA,NA,NA,NA,TARGET_GONE,identity no longer active
2026-10-02T16:04:19Z,APP_21637_3022645,21637,3022645,11,136,201.499,0,0,-1,-1,0,0.999931461,NA,NA,70.000000000,MEASURED_CPU_FAULT,CPU;INTERVAL_FAULTS,NA,NA,NA,NA,NA,NA,NA,NA,NA,NA,NA,NA,NA,NA,NA,NA,NA,NA,NA,NA,NA,NA,NA,TARGET_GONE,identity no longer active
2026-10-02T16:04:19Z,APP_21637_3022645,21637,3022645,11,137,203.262,0,0,-1,-1,0,0.999931461,NA,NA,70.000000000,MEASURED_CPU_FAULT,CPU;INTERVAL_FAULTS,NA,NA,NA,NA,NA,NA,NA,NA,NA,NA,NA,NA,NA,NA,NA,NA,NA,NA,NA,NA,NA,NA,NA,TARGET_GONE,identity no longer active
2026-10-02T16:04:19Z,APP_21637_3022645,21637,3022645,11,138,201.499,0,0,-1,-1,0,0.999931461,NA,NA,70.000000000,MEASURED_CPU_FAULT,CPU;INTERVAL_FAULTS,NA,NA,NA,NA,NA,NA,NA,NA,NA,NA,NA,NA,NA,NA,NA,NA,NA,NA,NA,NA,NA,NA,NA,TARGET_GONE,identity no longer active
2026-10-02T16:04:19Z,APP_21637_3022645,21637,3022645,11,139,197.610,0,0,-1,-1,0,0.999931461,NA,NA,70.000000000,MEASURED_CPU_FAULT,CPU;INTERVAL_FAULTS,NA,NA,NA,NA,NA,NA,NA,NA,NA,NA,NA,NA,NA,NA,NA,NA,NA,NA,NA,NA,NA,NA,NA,TARGET_GONE,identity no longer active
2026-10-02T16:04:19Z,APP_21637_3022645,21637,3022645,11,140,201.499,0,0,-1,-1,0,0.999931461,NA,NA,70.000000000,MEASURED_CPU_FAULT,CPU;INTERVAL_FAULTS,NA,NA,NA,NA,NA,NA,NA,NA,NA,NA,NA,NA,NA,NA,NA,NA,NA,NA,NA,NA,NA,NA,NA,TARGET_GONE,identity no longer active
2026-10-02T16:04:20Z,APP_21637_3022645,21637,3022645,11,141,197.610,0,0,-1,-1,0,0.999931461,NA,NA,70.000000000,MEASURED_CPU_FAULT,CPU;INTERVAL_FAULTS,NA,NA,NA,NA,NA,NA,NA,NA,NA,NA,NA,NA,NA,NA,NA,NA,NA,NA,NA,NA,NA,NA,NA,TARGET_GONE,identity no longer active
2026-10-02T16:04:20Z,APP_21637_3022645,21637,3022645,11,142,201.499,0,0,-1,-1,0,0.999931461,NA,NA,70.000000000,MEASURED_CPU_FAULT,CPU;INTERVAL_FAULTS,NA,NA,NA,NA,NA,NA,NA,NA,NA,NA,NA,NA,NA,NA,NA,NA,NA,NA,NA,NA,NA,NA,NA,TARGET_GONE,identity no longer active
2026-10-02T16:04:20Z,APP_21637_3022645,21637,3022645,11,143,202.973,0,0,-1,-1,0,0.999931461,NA,NA,70.000000000,MEASURED_CPU_FAULT,CPU;INTERVAL_FAULTS,NA,NA,NA,NA,NA,NA,NA,NA,NA,NA,NA,NA,NA,NA,NA,NA,NA,NA,NA,NA,NA,NA,NA,TARGET_GONE,identity no longer active
2026-10-02T16:04:20Z,APP_21637_3022645,21637,3022645,11,144,191.904,0,0,-1,-1,0,0.999931461,NA,NA,70.000000000,MEASURED_CPU_FAULT,CPU;INTERVAL_FAULTS,NA,NA,NA,NA,NA,NA,NA,NA,NA,NA,NA,NA,NA,NA,NA,NA,NA,NA,NA,NA,NA,NA,NA,TARGET_GONE,identity no longer active
2026-10-02T16:04:20Z,APP_21637_3022645,21637,3022645,11,145,201.942,0,0,-1,-1,0,0.999931461,NA,NA,70.000000000,MEASURED_CPU_FAULT,CPU;INTERVAL_FAULTS,NA,NA,NA,NA,NA,NA,NA,NA,NA,NA,NA,NA,NA,NA,NA,NA,NA,NA,NA,NA,NA,NA,NA,TARGET_GONE,identity no longer active
2026-10-02T16:04:20Z,APP_21637_3022645,21637,3022645,11,146,191.617,0,0,-1,-1,0,0.999931461,NA,NA,70.000000000,MEASURED_CPU_FAULT,CPU;INTERVAL_FAULTS,NA,NA,NA,NA,NA,NA,NA,NA,NA,NA,NA,NA,NA,NA,NA,NA,NA,NA,NA,NA,NA,NA,NA,TARGET_GONE,identity no longer active
2026-10-02T16:04:20Z,APP_21637_3022645,21637,3022645,11,147,201.802,0,0,-1,-1,0,0.999931461,NA,NA,70.000000000,MEASURED_CPU_FAULT,CPU;INTERVAL_FAULTS,NA,NA,NA,NA,NA,NA,NA,NA,NA,NA,NA,NA,NA,NA,NA,NA,NA,NA,NA,NA,NA,NA,NA,TARGET_GONE,identity no longer active
2026-10-02T16:04:20Z,APP_21637_3022645,21637,3022645,11,148,198.331,0,0,-1,-1,0,0.999931461,NA,NA,70.000000000,MEASURED_CPU_FAULT,CPU;INTERVAL_FAULTS,NA,NA,NA,NA,NA,NA,NA,NA,NA,NA,NA,NA,NA,NA,NA,NA,NA,NA,NA,NA,NA,NA,NA,TARGET_GONE,identity no longer active
2026-10-02T16:04:20Z,APP_21637_3022645,21637,3022645,11,149,201.499,0,0,-1,-1,0,0.999931461,NA,NA,70.000000000,MEASURED_CPU_FAULT,CPU;INTERVAL_FAULTS,NA,NA,NA,NA,NA,NA,NA,NA,NA,NA,NA,NA,NA,NA,NA,NA,NA,NA,NA,NA,NA,NA,NA,TARGET_GONE,identity no longer active
2026-10-02T16:04:21Z,APP_21637_3022645,21637,3022645,11,150,197.413,0,0,-1,-1,0,0.999931461,NA,NA,70.000000000,MEASURED_CPU_FAULT,CPU;INTERVAL_FAULTS,NA,NA,NA,NA,NA,NA,NA,NA,NA,NA,NA,NA,NA,NA,NA,NA,NA,NA,NA,NA,NA,NA,NA,TARGET_GONE,identity no longer active
2026-10-02T16:04:21Z,APP_21637_3022645,21637,3022645,11,151,201.499,0,0,-1,-1,0,0.999931461,NA,NA,70.000000000,MEASURED_CPU_FAULT,CPU;INTERVAL_FAULTS,NA,NA,NA,NA,NA,NA,NA,NA,NA,NA,NA,NA,NA,NA,NA,NA,NA,NA,NA,NA,NA,NA,NA,TARGET_GONE,identity no longer active
2026-10-02T16:04:21Z,APP_21637_3022645,21637,3022645,11,152,203.579,0,0,-1,-1,0,0.999931461,NA,NA,70.000000000,MEASURED_CPU_FAULT,CPU;INTERVAL_FAULTS,NA,NA,NA,NA,NA,NA,NA,NA,NA,NA,NA,NA,NA,NA,NA,NA,NA,NA,NA,NA,NA,NA,NA,TARGET_GONE,identity no longer active
2026-10-02T16:04:21Z,APP_21637_3022645,21637,3022645,11,153,201.499,0,0,-1,-1,0,0.999931461,NA,NA,70.000000000,MEASURED_CPU_FAULT,CPU;INTERVAL_FAULTS,NA,NA,NA,NA,NA,NA,NA,NA,NA,NA,NA,NA,NA,NA,NA,NA,NA,NA,NA,NA,NA,NA,NA,TARGET_GONE,identity no longer active
2026-10-02T16:04:21Z,APP_21637_3022645,21637,3022645,11,154,199.555,0,0,-1,-1,0,0.999931461,NA,NA,70.000000000,MEASURED_CPU_FAULT,CPU;INTERVAL_FAULTS,NA,NA,NA,NA,NA,NA,NA,NA,NA,NA,NA,NA,NA,NA,NA,NA,NA,NA,NA,NA,NA,NA,NA,TARGET_GONE,identity no longer active
2026-10-02T16:04:21Z,APP_21637_3022645,21637,3022645,11,155,192.192,0,0,-1,-1,0,0.999931461,NA,NA,70.000000000,MEASURED_CPU_FAULT,CPU;INTERVAL_FAULTS,NA,NA,NA,NA,NA,NA,NA,NA,NA,NA,NA,NA,NA,NA,NA,NA,NA,NA,NA,NA,NA,NA,NA,TARGET_GONE,identity no longer active
2026-10-02T16:04:21Z,APP_21637_3022645,21637,3022645,11,156,200.897,0,0,-1,-1,0,0.999931461,NA,NA,70.000000000,MEASURED_CPU_FAULT,CPU;INTERVAL_FAULTS,NA,NA,NA,NA,NA,NA,NA,NA,NA,NA,NA,NA,NA,NA,NA,NA,NA,NA,NA,NA,NA,NA,NA,TARGET_GONE,identity no longer active
2026-10-02T16:04:22Z,APP_21637_3022645,21637,3022645,11,157,198.568,0,0,-1,-1,0,0.999931461,NA,NA,70.000000000,MEASURED_CPU_FAULT,CPU;INTERVAL_FAULTS,NA,NA,NA,NA,NA,NA,NA,NA,NA,NA,NA,NA,NA,NA,NA,NA,NA,NA,NA,NA,NA,NA,NA,TARGET_GONE,identity no longer active
2026-10-02T16:04:22Z,APP_21637_3022645,21637,3022645,11,158,201.198,0,0,-1,-1,0,0.999931461,NA,NA,70.000000000,MEASURED_CPU_FAULT,CPU;INTERVAL_FAULTS,NA,NA,NA,NA,NA,NA,NA,NA,NA,NA,NA,NA,NA,NA,NA,NA,NA,NA,NA,NA,NA,NA,NA,TARGET_GONE,identity no longer active
2026-10-02T16:04:22Z,APP_21637_3022645,21637,3022645,11,159,203.376,0,0,-1,-1,0,0.999931461,NA,NA,70.000000000,MEASURED_CPU_FAULT,CPU;INTERVAL_FAULTS,NA,NA,NA,NA,NA,NA,NA,NA,NA,NA,NA,NA,NA,NA,NA,NA,NA,NA,NA,NA,NA,NA,NA,TARGET_GONE,identity no longer active
2026-10-02T16:04:22Z,APP_21637_3022645,21637,3022645,11,160,201.198,0,0,-1,-1,0,0.999931461,NA,NA,70.000000000,MEASURED_CPU_FAULT,CPU;INTERVAL_FAULTS,NA,NA,NA,NA,NA,NA,NA,NA,NA,NA,NA,NA,NA,NA,NA,NA,NA,NA,NA,NA,NA,NA,NA,TARGET_GONE,identity no longer active
2026-10-02T16:04:22Z,APP_21637_3022645,21637,3022645,11,161,197.413,0,0,-1,-1,0,0.999931461,NA,NA,70.000000000,MEASURED_CPU_FAULT,CPU;INTERVAL_FAULTS,NA,NA,NA,NA,NA,NA,NA,NA,NA,NA,NA,NA,NA,NA,NA,NA,NA,NA,NA,NA,NA,NA,NA,TARGET_GONE,identity no longer active
2026-10-02T16:04:22Z,APP_21637_3022645,21637,3022645,11,162,201.499,0,0,-1,-1,0,0.999931461,NA,NA,70.000000000,MEASURED_CPU_FAULT,CPU;INTERVAL_FAULTS,NA,NA,NA,NA,NA,NA,NA,NA,NA,NA,NA,NA,NA,NA,NA,NA,NA,NA,NA,NA,NA,NA,NA,TARGET_GONE,identity no longer active
2026-10-02T16:04:22Z,APP_21637_3022645,21637,3022645,11,163,200.805,0,0,-1,-1,0,0.999931461,NA,NA,70.000000000,MEASURED_CPU_FAULT,CPU;INTERVAL_FAULTS,NA,NA,NA,NA,NA,NA,NA,NA,NA,NA,NA,NA,NA,NA,NA,NA,NA,NA,NA,NA,NA,NA,NA,TARGET_GONE,identity no longer active
2026-10-02T16:04:22Z,APP_21637_3022645,21637,3022645,11,164,192.192,0,0,-1,-1,0,0.999931461,NA,NA,70.000000000,MEASURED_CPU_FAULT,CPU;INTERVAL_FAULTS,NA,NA,NA,NA,NA,NA,NA,NA,NA,NA,NA,NA,NA,NA,NA,NA,NA,NA,NA,NA,NA,NA,NA,TARGET_GONE,identity no longer active
2026-10-02T16:04:22Z,APP_21637_3022645,21637,3022645,11,165,201.499,0,0,-1,-1,0,0.999931461,NA,NA,70.000000000,MEASURED_CPU_FAULT,CPU;INTERVAL_FAULTS,NA,NA,NA,NA,NA,NA,NA,NA,NA,NA,NA,NA,NA,NA,NA,NA,NA,NA,NA,NA,NA,NA,NA,TARGET_GONE,identity no longer active
2026-10-02T16:04:23Z,APP_21637_3022645,21637,3022645,11,166,206.205,0,0,-1,-1,0,0.999931461,NA,NA,70.000000000,MEASURED_CPU_FAULT,CPU;INTERVAL_FAULTS,NA,NA,NA,NA,NA,NA,NA,NA,NA,NA,NA,NA,NA,NA,NA,NA,NA,NA,NA,NA,NA,NA,NA,TARGET_GONE,identity no longer active
2026-10-02T16:04:23Z,APP_21637_3022645,21637,3022645,11,167,192.192,0,0,-1,-1,0,0.999931461,NA,NA,70.000000000,MEASURED_CPU_FAULT,CPU;INTERVAL_FAULTS,NA,NA,NA,NA,NA,NA,NA,NA,NA,NA,NA,NA,NA,NA,NA,NA,NA,NA,NA,NA,NA,NA,NA,TARGET_GONE,identity no longer active
2026-10-02T16:04:23Z,APP_21637_3022645,21637,3022645,11,168,203.175,0,0,-1,-1,0,0.999931461,NA,NA,70.000000000,MEASURED_CPU_FAULT,CPU;INTERVAL_FAULTS,NA,NA,NA,NA,NA,NA,NA,NA,NA,NA,NA,NA,NA,NA,NA,NA,NA,NA,NA,NA,NA,NA,NA,TARGET_GONE,identity no longer active
2026-10-02T16:04:23Z,APP_21637_3022645,21637,3022645,11,169,192.481,0,0,-1,-1,0,0.999931461,NA,NA,70.000000000,MEASURED_CPU_FAULT,CPU;INTERVAL_FAULTS,NA,NA,NA,NA,NA,NA,NA,NA,NA,NA,NA,NA,NA,NA,NA,NA,NA,NA,NA,NA,NA,NA,NA,TARGET_GONE,identity no longer active
2026-10-02T16:04:23Z,APP_21637_3022645,21637,3022645,11,170,203.781,0,0,-1,-1,0,0.999931461,NA,NA,70.000000000,MEASURED_CPU_FAULT,CPU;INTERVAL_FAULTS,NA,NA,NA,NA,NA,NA,NA,NA,NA,NA,NA,NA,NA,NA,NA,NA,NA,NA,NA,NA,NA,NA,NA,TARGET_GONE,identity no longer active
2026-10-02T16:04:23Z,APP_21637_3022645,21637,3022645,11,171,191.904,0,0,-1,-1,0,0.999931461,NA,NA,70.000000000,MEASURED_CPU_FAULT,CPU;INTERVAL_FAULTS,NA,NA,NA,NA,NA,NA,NA,NA,NA,NA,NA,NA,NA,NA,NA,NA,NA,NA,NA,NA,NA,NA,NA,TARGET_GONE,identity no longer active
2026-10-02T16:04:23Z,APP_21637_3022645,21637,3022645,11,172,202.157,0,0,-1,-1,0,0.999931461,NA,NA,70.000000000,MEASURED_CPU_FAULT,CPU;INTERVAL_FAULTS,NA,NA,NA,NA,NA,NA,NA,NA,NA,NA,NA,NA,NA,NA,NA,NA,NA,NA,NA,NA,NA,NA,NA,TARGET_GONE,identity no longer active
2026-10-02T16:04:23Z,APP_21637_3022645,21637,3022645,11,173,211.411,0,0,-1,-1,0,0.999931461,NA,NA,70.000000000,MEASURED_CPU_FAULT,CPU;INTERVAL_FAULTS,NA,NA,NA,NA,NA,NA,NA,NA,NA,NA,NA,NA,NA,NA,NA,NA,NA,NA,NA,NA,NA,NA,NA,TARGET_GONE,identity no longer active
2026-10-02T16:04:24Z,APP_21637_3022645,21637,3022645,11,174,191.904,0,0,-1,-1,0,0.999931461,NA,NA,70.000000000,MEASURED_CPU_FAULT,CPU;INTERVAL_FAULTS,NA,NA,NA,NA,NA,NA,NA,NA,NA,NA,NA,NA,NA,NA,NA,NA,NA,NA,NA,NA,NA,NA,NA,TARGET_GONE,identity no longer active
2026-10-02T16:04:24Z,APP_21637_3022645,21637,3022645,11,175,205.470,0,0,-1,-1,0,0.999931461,NA,NA,70.000000000,MEASURED_CPU_FAULT,CPU;INTERVAL_FAULTS,NA,NA,NA,NA,NA,NA,NA,NA,NA,NA,NA,NA,NA,NA,NA,NA,NA,NA,NA,NA,NA,NA,NA,TARGET_GONE,identity no longer active
2026-10-02T16:04:24Z,APP_21637_3022645,21637,3022645,11,176,201.802,0,0,-1,-1,0,0.999931461,NA,NA,70.000000000,MEASURED_CPU_FAULT,CPU;INTERVAL_FAULTS,NA,NA,NA,NA,NA,NA,NA,NA,NA,NA,NA,NA,NA,NA,NA,NA,NA,NA,NA,NA,NA,NA,NA,TARGET_GONE,identity no longer active
2026-10-02T16:04:24Z,APP_21637_3022645,21637,3022645,11,177,197.217,0,0,-1,-1,0,0.999931461,NA,NA,70.000000000,MEASURED_CPU_FAULT,CPU;INTERVAL_FAULTS,NA,NA,NA,NA,NA,NA,NA,NA,NA,NA,NA,NA,NA,NA,NA,NA,NA,NA,NA,NA,NA,NA,NA,TARGET_GONE,identity no longer active
2026-10-02T16:04:24Z,APP_21637_3022645,21637,3022645,11,178,201.499,0,0,-1,-1,0,0.999931461,NA,NA,70.000000000,MEASURED_CPU_FAULT,CPU;INTERVAL_FAULTS,NA,NA,NA,NA,NA,NA,NA,NA,NA,NA,NA,NA,NA,NA,NA,NA,NA,NA,NA,NA,NA,NA,NA,TARGET_GONE,identity no longer active
2026-10-02T16:04:24Z,APP_21637_3022645,21637,3022645,11,179,203.376,0,0,-1,-1,0,0.999931461,NA,NA,70.000000000,MEASURED_CPU_FAULT,CPU;INTERVAL_FAULTS,NA,NA,NA,NA,NA,NA,NA,NA,NA,NA,NA,NA,NA,NA,NA,NA,NA,NA,NA,NA,NA,NA,NA,TARGET_GONE,identity no longer active
2026-10-02T16:04:24Z,APP_21637_3022645,21637,3022645,11,180,191.904,0,0,-1,-1,0,0.999931461,NA,NA,70.000000000,MEASURED_CPU_FAULT,CPU;INTERVAL_FAULTS,NA,NA,NA,NA,NA,NA,NA,NA,NA,NA,NA,NA,NA,NA,NA,NA,NA,NA,NA,NA,NA,NA,NA,TARGET_GONE,identity no longer active
2026-10-02T16:04:25Z,APP_21637_3022645,21637,3022645,11,181,200.149,0,0,-1,-1,0,0.999931461,NA,NA,70.000000000,MEASURED_CPU_FAULT,CPU;INTERVAL_FAULTS,NA,NA,NA,NA,NA,NA,NA,NA,NA,NA,NA,NA,NA,NA,NA,NA,NA,NA,NA,NA,NA,NA,NA,TARGET_GONE,identity no longer active
2026-10-02T16:04:25Z,APP_21637_3022645,21637,3022645,11,182,191.617,0,0,-1,-1,0,0.999931461,NA,NA,70.000000000,MEASURED_CPU_FAULT,CPU;INTERVAL_FAULTS,NA,NA,NA,NA,NA,NA,NA,NA,NA,NA,NA,NA,NA,NA,NA,NA,NA,NA,NA,NA,NA,NA,NA,TARGET_GONE,identity no longer active
2026-10-02T16:04:25Z,APP_21637_3022645,21637,3022645,11,183,201.499,0,0,-1,-1,0,0.999931461,NA,NA,70.000000000,MEASURED_CPU_FAULT,CPU;INTERVAL_FAULTS,NA,NA,NA,NA,NA,NA,NA,NA,NA,NA,NA,NA,NA,NA,NA,NA,NA,NA,NA,NA,NA,NA,NA,TARGET_GONE,identity no longer active
2026-10-02T16:04:25Z,APP_21637_3022645,21637,3022645,11,184,206.205,0,0,-1,-1,0,0.999931461,NA,NA,70.000000000,MEASURED_CPU_FAULT,CPU;INTERVAL_FAULTS,NA,NA,NA,NA,NA,NA,NA,NA,NA,NA,NA,NA,NA,NA,NA,NA,NA,NA,NA,NA,NA,NA,NA,TARGET_GONE,identity no longer active
2026-10-02T16:04:25Z,APP_21637_3022645,21637,3022645,11,185,191.904,0,0,-1,-1,0,0.999931461,NA,NA,70.000000000,MEASURED_CPU_FAULT,CPU;INTERVAL_FAULTS,NA,NA,NA,NA,NA,NA,NA,NA,NA,NA,NA,NA,NA,NA,NA,NA,NA,NA,NA,NA,NA,NA,NA,TARGET_GONE,identity no longer active
2026-10-02T16:04:25Z,APP_21637_3022645,21637,3022645,11,186,203.984,0,0,-1,-1,0,0.999931461,NA,NA,70.000000000,MEASURED_CPU_FAULT,CPU;INTERVAL_FAULTS,NA,NA,NA,NA,NA,NA,NA,NA,NA,NA,NA,NA,NA,NA,NA,NA,NA,NA,NA,NA,NA,NA,NA,TARGET_GONE,identity no longer active
2026-10-02T16:04:25Z,APP_21637_3022645,21637,3022645,11,187,191.904,0,0,-1,-1,0,0.999931461,NA,NA,70.000000000,MEASURED_CPU_FAULT,CPU;INTERVAL_FAULTS,NA,NA,NA,NA,NA,NA,NA,NA,NA,NA,NA,NA,NA,NA,NA,NA,NA,NA,NA,NA,NA,NA,NA,TARGET_GONE,identity no longer active
2026-10-02T16:04:25Z,APP_21637_3022645,21637,3022645,11,188,203.376,0,0,-1,-1,0,0.999931461,NA,NA,70.000000000,MEASURED_CPU_FAULT,CPU;INTERVAL_FAULTS,NA,NA,NA,NA,NA,NA,NA,NA,NA,NA,NA,NA,NA,NA,NA,NA,NA,NA,NA,NA,NA,NA,NA,TARGET_GONE,identity no longer active
2026-10-02T16:04:25Z,APP_21637_3022645,21637,3022645,11,189,201.802,0,0,-1,-1,0,0.999931461,NA,NA,70.000000000,MEASURED_CPU_FAULT,CPU;INTERVAL_FAULTS,NA,NA,NA,NA,NA,NA,NA,NA,NA,NA,NA,NA,NA,NA,NA,NA,NA,NA,NA,NA,NA,NA,NA,TARGET_GONE,identity no longer active
2026-10-02T16:04:13Z,APP_21637_3022645,21637,3022645,12,190,0.000,0,0,-1,-1,0,0.999931461,1,true,0.000000000,MEASURED_CPU_FAULT,CPU;INTERVAL_FAULTS,HOT,669.474315258,0.560000000,0.700000000,NA,NA,NA,NA,0.560000000,0.000000000,0.700000000,0.000000000,-1.000000000,1.232000000,NA,MOVE_THREAD,INVALID,NOT_APPLICABLE,INVALID,MOVE_THREAD,-1,-1,false,TARGET_GONE,identity no longer active
2026-10-02T16:04:14Z,APP_21637_3022645,21637,3022645,12,191,0.000,0,0,-1,-1,0,0.999931461,NA,NA,0.000000000,MEASURED_CPU_FAULT,CPU;INTERVAL_FAULTS,NA,NA,NA,NA,NA,NA,NA,NA,NA,NA,NA,NA,NA,NA,NA,NA,NA,NA,NA,NA,NA,NA,NA,TARGET_GONE,identity no longer active
2026-10-02T16:04:14Z,APP_21637_3022645,21637,3022645,12,192,0.000,0,0,-1,-1,0,0.999931461,NA,NA,0.000000000,MEASURED_CPU_FAULT,CPU;INTERVAL_FAULTS,NA,NA,NA,NA,NA,NA,NA,NA,NA,NA,NA,NA,NA,NA,NA,NA,NA,NA,NA,NA,NA,NA,NA,TARGET_GONE,identity no longer active
2026-10-02T16:04:14Z,APP_21637_3022645,21637,3022645,12,193,0.000,0,0,-1,-1,0,0.999931461,NA,NA,0.000000000,MEASURED_CPU_FAULT,CPU;INTERVAL_FAULTS,NA,NA,NA,NA,NA,NA,NA,NA,NA,NA,NA,NA,NA,NA,NA,NA,NA,NA,NA,NA,NA,NA,NA,TARGET_GONE,identity no longer active
2026-10-02T16:04:14Z,APP_21637_3022645,21637,3022645,12,194,0.000,0,0,-1,-1,0,0.999931461,NA,NA,0.000000000,MEASURED_CPU_FAULT,CPU;INTERVAL_FAULTS,NA,NA,NA,NA,NA,NA,NA,NA,NA,NA,NA,NA,NA,NA,NA,NA,NA,NA,NA,NA,NA,NA,NA,TARGET_GONE,identity no longer active
2026-10-02T16:04:14Z,APP_21637_3022645,21637,3022645,12,195,0.000,0,0,-1,-1,0,0.999931461,NA,NA,0.000000000,MEASURED_CPU_FAULT,CPU;INTERVAL_FAULTS,NA,NA,NA,NA,NA,NA,NA,NA,NA,NA,NA,NA,NA,NA,NA,NA,NA,NA,NA,NA,NA,NA,NA,TARGET_GONE,identity no longer active
2026-10-02T16:04:14Z,APP_21637_3022645,21637,3022645,12,196,0.000,0,0,-1,-1,0,0.999931461,NA,NA,0.000000000,MEASURED_CPU_FAULT,CPU;INTERVAL_FAULTS,NA,NA,NA,NA,NA,NA,NA,NA,NA,NA,NA,NA,NA,NA,NA,NA,NA,NA,NA,NA,NA,NA,NA,TARGET_GONE,identity no longer active
2026-10-02T16:04:15Z,APP_21637_3022645,21637,3022645,12,197,18.907,0,0,-1,-1,0,0.999931461,NA,NA,13.234900000,MEASURED_CPU_FAULT,CPU;INTERVAL_FAULTS,NA,NA,NA,NA,NA,NA,NA,NA,NA,NA,NA,NA,NA,NA,NA,NA,NA,NA,NA,NA,NA,NA,NA,TARGET_GONE,identity no longer active
2026-10-02T16:04:15Z,APP_21637_3022645,21637,3022645,12,198,191.617,0,0,-1,-1,0,0.999931461,NA,NA,70.000000000,MEASURED_CPU_FAULT,CPU;INTERVAL_FAULTS,NA,NA,NA,NA,NA,NA,NA,NA,NA,NA,NA,NA,NA,NA,NA,NA,NA,NA,NA,NA,NA,NA,NA,TARGET_GONE,identity no longer active
2026-10-02T16:04:15Z,APP_21637_3022645,21637,3022645,12,199,201.499,0,0,-1,-1,0,0.999931461,NA,NA,70.000000000,MEASURED_CPU_FAULT,CPU;INTERVAL_FAULTS,NA,NA,NA,NA,NA,NA,NA,NA,NA,NA,NA,NA,NA,NA,NA,NA,NA,NA,NA,NA,NA,NA,NA,TARGET_GONE,identity no longer active
2026-10-02T16:04:15Z,APP_21637_3022645,21637,3022645,12,200,200.272,0,0,-1,-1,0,0.999931461,NA,NA,70.000000000,MEASURED_CPU_FAULT,CPU;INTERVAL_FAULTS,NA,NA,NA,NA,NA,NA,NA,NA,NA,NA,NA,NA,NA,NA,NA,NA,NA,NA,NA,NA,NA,NA,NA,TARGET_GONE,identity no longer active
2026-10-02T16:04:15Z,APP_21637_3022645,21637,3022645,12,201,201.198,0,0,-1,-1,0,0.999931461,NA,NA,70.000000000,MEASURED_CPU_FAULT,CPU;INTERVAL_FAULTS,NA,NA,NA,NA,NA,NA,NA,NA,NA,NA,NA,NA,NA,NA,NA,NA,NA,NA,NA,NA,NA,NA,NA,TARGET_GONE,identity no longer active
2026-10-02T16:04:15Z,APP_21637_3022645,21637,3022645,12,202,196.831,0,0,-1,-1,0,0.999931461,NA,NA,70.000000000,MEASURED_CPU_FAULT,CPU;INTERVAL_FAULTS,NA,NA,NA,NA,NA,NA,NA,NA,NA,NA,NA,NA,NA,NA,NA,NA,NA,NA,NA,NA,NA,NA,NA,TARGET_GONE,identity no longer active
2026-10-02T16:04:15Z,APP_21637_3022645,21637,3022645,12,203,201.499,0,0,-1,-1,0,0.999931461,NA,NA,70.000000000,MEASURED_CPU_FAULT,CPU;INTERVAL_FAULTS,NA,NA,NA,NA,NA,NA,NA,NA,NA,NA,NA,NA,NA,NA,NA,NA,NA,NA,NA,NA,NA,NA,NA,TARGET_GONE,identity no longer active
2026-10-02T16:04:15Z,APP_21637_3022645,21637,3022645,12,204,197.610,0,0,-1,-1,0,0.999931461,NA,NA,70.000000000,MEASURED_CPU_FAULT,CPU;INTERVAL_FAULTS,NA,NA,NA,NA,NA,NA,NA,NA,NA,NA,NA,NA,NA,NA,NA,NA,NA,NA,NA,NA,NA,NA,NA,TARGET_GONE,identity no longer active
2026-10-02T16:04:15Z,APP_21637_3022645,21637,3022645,12,205,201.499,0,0,-1,-1,0,0.999931461,NA,NA,70.000000000,MEASURED_CPU_FAULT,CPU;INTERVAL_FAULTS,NA,NA,NA,NA,NA,NA,NA,NA,NA,NA,NA,NA,NA,NA,NA,NA,NA,NA,NA,NA,NA,NA,NA,TARGET_GONE,identity no longer active
2026-10-02T16:04:16Z,APP_21637_3022645,21637,3022645,12,206,203.787,0,0,-1,-1,0,0.999931461,NA,NA,70.000000000,MEASURED_CPU_FAULT,CPU;INTERVAL_FAULTS,NA,NA,NA,NA,NA,NA,NA,NA,NA,NA,NA,NA,NA,NA,NA,NA,NA,NA,NA,NA,NA,NA,NA,TARGET_GONE,identity no longer active
2026-10-02T16:04:16Z,APP_21637_3022645,21637,3022645,12,207,192.192,0,0,-1,-1,0,0.999931461,NA,NA,70.000000000,MEASURED_CPU_FAULT,CPU;INTERVAL_FAULTS,NA,NA,NA,NA,NA,NA,NA,NA,NA,NA,NA,NA,NA,NA,NA,NA,NA,NA,NA,NA,NA,NA,NA,TARGET_GONE,identity no longer active
2026-10-02T16:04:16Z,APP_21637_3022645,21637,3022645,12,208,201.499,0,0,-1,-1,0,0.999931461,NA,NA,70.000000000,MEASURED_CPU_FAULT,CPU;INTERVAL_FAULTS,NA,NA,NA,NA,NA,NA,NA,NA,NA,NA,NA,NA,NA,NA,NA,NA,NA,NA,NA,NA,NA,NA,NA,TARGET_GONE,identity no longer active
2026-10-02T16:04:16Z,APP_21637_3022645,21637,3022645,12,209,205.714,0,0,-1,-1,0,0.999931461,NA,NA,70.000000000,MEASURED_CPU_FAULT,CPU;INTERVAL_FAULTS,NA,NA,NA,NA,NA,NA,NA,NA,NA,NA,NA,NA,NA,NA,NA,NA,NA,NA,NA,NA,NA,NA,NA,TARGET_GONE,identity no longer active
2026-10-02T16:04:16Z,APP_21637_3022645,21637,3022645,12,210,191.617,0,0,-1,-1,0,0.999931461,NA,NA,70.000000000,MEASURED_CPU_FAULT,CPU;INTERVAL_FAULTS,NA,NA,NA,NA,NA,NA,NA,NA,NA,NA,NA,NA,NA,NA,NA,NA,NA,NA,NA,NA,NA,NA,NA,TARGET_GONE,identity no longer active
2026-10-02T16:04:16Z,APP_21637_3022645,21637,3022645,12,211,203.781,0,0,-1,-1,0,0.999931461,NA,NA,70.000000000,MEASURED_CPU_FAULT,CPU;INTERVAL_FAULTS,NA,NA,NA,NA,NA,NA,NA,NA,NA,NA,NA,NA,NA,NA,NA,NA,NA,NA,NA,NA,NA,NA,NA,TARGET_GONE,identity no longer active
2026-10-02T16:04:16Z,APP_21637_3022645,21637,3022645,12,212,192.192,0,0,-1,-1,0,0.999931461,NA,NA,70.000000000,MEASURED_CPU_FAULT,CPU;INTERVAL_FAULTS,NA,NA,NA,NA,NA,NA,NA,NA,NA,NA,NA,NA,NA,NA,NA,NA,NA,NA,NA,NA,NA,NA,NA,TARGET_GONE,identity no longer active
2026-10-02T16:04:16Z,APP_21637_3022645,21637,3022645,12,213,203.579,0,0,-1,-1,0,0.999931461,NA,NA,70.000000000,MEASURED_CPU_FAULT,CPU;INTERVAL_FAULTS,NA,NA,NA,NA,NA,NA,NA,NA,NA,NA,NA,NA,NA,NA,NA,NA,NA,NA,NA,NA,NA,NA,NA,TARGET_GONE,identity no longer active
2026-10-02T16:04:17Z,APP_21637_3022645,21637,3022645,12,214,201.499,0,0,-1,-1,0,0.999931461,NA,NA,70.000000000,MEASURED_CPU_FAULT,CPU;INTERVAL_FAULTS,NA,NA,NA,NA,NA,NA,NA,NA,NA,NA,NA,NA,NA,NA,NA,NA,NA,NA,NA,NA,NA,NA,NA,TARGET_GONE,identity no longer active
2026-10-02T16:04:17Z,APP_21637_3022645,21637,3022645,12,215,198.450,0,0,-1,-1,0,0.999931461,NA,NA,70.000000000,MEASURED_CPU_FAULT,CPU;INTERVAL_FAULTS,NA,NA,NA,NA,NA,NA,NA,NA,NA,NA,NA,NA,NA,NA,NA,NA,NA,NA,NA,NA,NA,NA,NA,TARGET_GONE,identity no longer active
2026-10-02T16:04:17Z,APP_21637_3022645,21637,3022645,12,216,211.411,0,0,-1,-1,0,0.999931461,NA,NA,70.000000000,MEASURED_CPU_FAULT,CPU;INTERVAL_FAULTS,NA,NA,NA,NA,NA,NA,NA,NA,NA,NA,NA,NA,NA,NA,NA,NA,NA,NA,NA,NA,NA,NA,NA,TARGET_GONE,identity no longer active
2026-10-02T16:04:17Z,APP_21637_3022645,21637,3022645,12,217,191.904,0,0,-1,-1,0,0.999931461,NA,NA,70.000000000,MEASURED_CPU_FAULT,CPU;INTERVAL_FAULTS,NA,NA,NA,NA,NA,NA,NA,NA,NA,NA,NA,NA,NA,NA,NA,NA,NA,NA,NA,NA,NA,NA,NA,TARGET_GONE,identity no longer active
2026-10-02T16:04:17Z,APP_21637_3022645,21637,3022645,12,218,205.714,0,0,-1,-1,0,0.999931461,NA,NA,70.000000000,MEASURED_CPU_FAULT,CPU;INTERVAL_FAULTS,NA,NA,NA,NA,NA,NA,NA,NA,NA,NA,NA,NA,NA,NA,NA,NA,NA,NA,NA,NA,NA,NA,NA,TARGET_GONE,identity no longer active
2026-10-02T16:04:17Z,APP_21637_3022645,21637,3022645,12,219,201.802,0,0,-1,-1,0,0.999931461,NA,NA,70.000000000,MEASURED_CPU_FAULT,CPU;INTERVAL_FAULTS,NA,NA,NA,NA,NA,NA,NA,NA,NA,NA,NA,NA,NA,NA,NA,NA,NA,NA,NA,NA,NA,NA,NA,TARGET_GONE,identity no longer active
2026-10-02T16:04:17Z,APP_21637_3022645,21637,3022645,12,220,197.217,0,0,-1,-1,0,0.999931461,NA,NA,70.000000000,MEASURED_CPU_FAULT,CPU;INTERVAL_FAULTS,NA,NA,NA,NA,NA,NA,NA,NA,NA,NA,NA,NA,NA,NA,NA,NA,NA,NA,NA,NA,NA,NA,NA,TARGET_GONE,identity no longer active
2026-10-02T16:04:17Z,APP_21637_3022645,21637,3022645,12,221,201.499,0,0,-1,-1,0,0.999931461,NA,NA,70.000000000,MEASURED_CPU_FAULT,CPU;INTERVAL_FAULTS,NA,NA,NA,NA,NA,NA,NA,NA,NA,NA,NA,NA,NA,NA,NA,NA,NA,NA,NA,NA,NA,NA,NA,TARGET_GONE,identity no longer active
2026-10-02T16:04:18Z,APP_21637_3022645,21637,3022645,12,222,197.807,0,0,-1,-1,0,0.999931461,NA,NA,70.000000000,MEASURED_CPU_FAULT,CPU;INTERVAL_FAULTS,NA,NA,NA,NA,NA,NA,NA,NA,NA,NA,NA,NA,NA,NA,NA,NA,NA,NA,NA,NA,NA,NA,NA,TARGET_GONE,identity no longer active
2026-10-02T16:04:18Z,APP_21637_3022645,21637,3022645,12,223,200.897,0,0,-1,-1,0,0.999931461,NA,NA,70.000000000,MEASURED_CPU_FAULT,CPU;INTERVAL_FAULTS,NA,NA,NA,NA,NA,NA,NA,NA,NA,NA,NA,NA,NA,NA,NA,NA,NA,NA,NA,NA,NA,NA,NA,TARGET_GONE,identity no longer active
2026-10-02T16:04:18Z,APP_21637_3022645,21637,3022645,12,224,199.555,0,0,-1,-1,0,0.999931461,NA,NA,70.000000000,MEASURED_CPU_FAULT,CPU;INTERVAL_FAULTS,NA,NA,NA,NA,NA,NA,NA,NA,NA,NA,NA,NA,NA,NA,NA,NA,NA,NA,NA,NA,NA,NA,NA,TARGET_GONE,identity no longer active
2026-10-02T16:04:18Z,APP_21637_3022645,21637,3022645,12,225,191.617,0,0,-1,-1,0,0.999931461,NA,NA,70.000000000,MEASURED_CPU_FAULT,CPU;INTERVAL_FAULTS,NA,NA,NA,NA,NA,NA,NA,NA,NA,NA,NA,NA,NA,NA,NA,NA,NA,NA,NA,NA,NA,NA,NA,TARGET_GONE,identity no longer active
2026-10-02T16:04:18Z,APP_21637_3022645,21637,3022645,12,226,201.499,0,0,-1,-1,0,0.999931461,NA,NA,70.000000000,MEASURED_CPU_FAULT,CPU;INTERVAL_FAULTS,NA,NA,NA,NA,NA,NA,NA,NA,NA,NA,NA,NA,NA,NA,NA,NA,NA,NA,NA,NA,NA,NA,NA,TARGET_GONE,identity no longer active
2026-10-02T16:04:18Z,APP_21637_3022645,21637,3022645,12,227,198.393,0,0,-1,-1,0,0.999931461,NA,NA,70.000000000,MEASURED_CPU_FAULT,CPU;INTERVAL_FAULTS,NA,NA,NA,NA,NA,NA,NA,NA,NA,NA,NA,NA,NA,NA,NA,NA,NA,NA,NA,NA,NA,NA,NA,TARGET_GONE,identity no longer active
2026-10-02T16:04:18Z,APP_21637_3022645,21637,3022645,12,228,201.802,0,0,-1,-1,0,0.999931461,NA,NA,70.000000000,MEASURED_CPU_FAULT,CPU;INTERVAL_FAULTS,NA,NA,NA,NA,NA,NA,NA,NA,NA,NA,NA,NA,NA,NA,NA,NA,NA,NA,NA,NA,NA,NA,NA,TARGET_GONE,identity no longer active
2026-10-02T16:04:18Z,APP_21637_3022645,21637,3022645,12,229,203.175,0,0,-1,-1,0,0.999931461,NA,NA,70.000000000,MEASURED_CPU_FAULT,CPU;INTERVAL_FAULTS,NA,NA,NA,NA,NA,NA,NA,NA,NA,NA,NA,NA,NA,NA,NA,NA,NA,NA,NA,NA,NA,NA,NA,TARGET_GONE,identity no longer active
2026-10-02T16:04:19Z,APP_21637_3022645,21637,3022645,12,230,201.802,0,0,-1,-1,0,0.999931461,NA,NA,70.000000000,MEASURED_CPU_FAULT,CPU;INTERVAL_FAULTS,NA,NA,NA,NA,NA,NA,NA,NA,NA,NA,NA,NA,NA,NA,NA,NA,NA,NA,NA,NA,NA,NA,NA,TARGET_GONE,identity no longer active
2026-10-02T16:04:19Z,APP_21637_3022645,21637,3022645,12,231,197.413,0,0,-1,-1,0,0.999931461,NA,NA,70.000000000,MEASURED_CPU_FAULT,CPU;INTERVAL_FAULTS,NA,NA,NA,NA,NA,NA,NA,NA,NA,NA,NA,NA,NA,NA,NA,NA,NA,NA,NA,NA,NA,NA,NA,TARGET_GONE,identity no longer active
2026-10-02T16:04:19Z,APP_21637_3022645,21637,3022645,12,232,201.499,0,0,-1,-1,0,0.999931461,NA,NA,70.000000000,MEASURED_CPU_FAULT,CPU;INTERVAL_FAULTS,NA,NA,NA,NA,NA,NA,NA,NA,NA,NA,NA,NA,NA,NA,NA,NA,NA,NA,NA,NA,NA,NA,NA,TARGET_GONE,identity no longer active
2026-10-02T16:04:19Z,APP_21637_3022645,21637,3022645,12,233,203.262,0,0,-1,-1,0,0.999931461,NA,NA,70.000000000,MEASURED_CPU_FAULT,CPU;INTERVAL_FAULTS,NA,NA,NA,NA,NA,NA,NA,NA,NA,NA,NA,NA,NA,NA,NA,NA,NA,NA,NA,NA,NA,NA,NA,TARGET_GONE,identity no longer active
2026-10-02T16:04:19Z,APP_21637_3022645,21637,3022645,12,234,201.499,0,0,-1,-1,0,0.999931461,NA,NA,70.000000000,MEASURED_CPU_FAULT,CPU;INTERVAL_FAULTS,NA,NA,NA,NA,NA,NA,NA,NA,NA,NA,NA,NA,NA,NA,NA,NA,NA,NA,NA,NA,NA,NA,NA,TARGET_GONE,identity no longer active
2026-10-02T16:04:19Z,APP_21637_3022645,21637,3022645,12,235,197.610,0,0,-1,-1,0,0.999931461,NA,NA,70.000000000,MEASURED_CPU_FAULT,CPU;INTERVAL_FAULTS,NA,NA,NA,NA,NA,NA,NA,NA,NA,NA,NA,NA,NA,NA,NA,NA,NA,NA,NA,NA,NA,NA,NA,TARGET_GONE,identity no longer active
2026-10-02T16:04:19Z,APP_21637_3022645,21637,3022645,12,236,201.499,0,0,-1,-1,0,0.999931461,NA,NA,70.000000000,MEASURED_CPU_FAULT,CPU;INTERVAL_FAULTS,NA,NA,NA,NA,NA,NA,NA,NA,NA,NA,NA,NA,NA,NA,NA,NA,NA,NA,NA,NA,NA,NA,NA,TARGET_GONE,identity no longer active
2026-10-02T16:04:20Z,APP_21637_3022645,21637,3022645,12,237,197.610,0,0,-1,-1,0,0.999931461,NA,NA,70.000000000,MEASURED_CPU_FAULT,CPU;INTERVAL_FAULTS,NA,NA,NA,NA,NA,NA,NA,NA,NA,NA,NA,NA,NA,NA,NA,NA,NA,NA,NA,NA,NA,NA,NA,TARGET_GONE,identity no longer active
2026-10-02T16:04:20Z,APP_21637_3022645,21637,3022645,12,238,201.499,0,0,-1,-1,0,0.999931461,NA,NA,70.000000000,MEASURED_CPU_FAULT,CPU;INTERVAL_FAULTS,NA,NA,NA,NA,NA,NA,NA,NA,NA,NA,NA,NA,NA,NA,NA,NA,NA,NA,NA,NA,NA,NA,NA,TARGET_GONE,identity no longer active
2026-10-02T16:04:20Z,APP_21637_3022645,21637,3022645,12,239,202.973,0,0,-1,-1,0,0.999931461,NA,NA,70.000000000,MEASURED_CPU_FAULT,CPU;INTERVAL_FAULTS,NA,NA,NA,NA,NA,NA,NA,NA,NA,NA,NA,NA,NA,NA,NA,NA,NA,NA,NA,NA,NA,NA,NA,TARGET_GONE,identity no longer active
2026-10-02T16:04:20Z,APP_21637_3022645,21637,3022645,12,240,191.904,0,0,-1,-1,0,0.999931461,NA,NA,70.000000000,MEASURED_CPU_FAULT,CPU;INTERVAL_FAULTS,NA,NA,NA,NA,NA,NA,NA,NA,NA,NA,NA,NA,NA,NA,NA,NA,NA,NA,NA,NA,NA,NA,NA,TARGET_GONE,identity no longer active
2026-10-02T16:04:20Z,APP_21637_3022645,21637,3022645,12,241,201.942,0,0,-1,-1,0,0.999931461,NA,NA,70.000000000,MEASURED_CPU_FAULT,CPU;INTERVAL_FAULTS,NA,NA,NA,NA,NA,NA,NA,NA,NA,NA,NA,NA,NA,NA,NA,NA,NA,NA,NA,NA,NA,NA,NA,TARGET_GONE,identity no longer active
2026-10-02T16:04:20Z,APP_21637_3022645,21637,3022645,12,242,191.617,0,0,-1,-1,0,0.999931461,NA,NA,70.000000000,MEASURED_CPU_FAULT,CPU;INTERVAL_FAULTS,NA,NA,NA,NA,NA,NA,NA,NA,NA,NA,NA,NA,NA,NA,NA,NA,NA,NA,NA,NA,NA,NA,NA,TARGET_GONE,identity no longer active
2026-10-02T16:04:20Z,APP_21637_3022645,21637,3022645,12,243,201.802,0,0,-1,-1,0,0.999931461,NA,NA,70.000000000,MEASURED_CPU_FAULT,CPU;INTERVAL_FAULTS,NA,NA,NA,NA,NA,NA,NA,NA,NA,NA,NA,NA,NA,NA,NA,NA,NA,NA,NA,NA,NA,NA,NA,TARGET_GONE,identity no longer active
2026-10-02T16:04:20Z,APP_21637_3022645,21637,3022645,12,244,198.331,0,0,-1,-1,0,0.999931461,NA,NA,70.000000000,MEASURED_CPU_FAULT,CPU;INTERVAL_FAULTS,NA,NA,NA,NA,NA,NA,NA,NA,NA,NA,NA,NA,NA,NA,NA,NA,NA,NA,NA,NA,NA,NA,NA,TARGET_GONE,identity no longer active
2026-10-02T16:04:20Z,APP_21637_3022645,21637,3022645,12,245,201.499,0,0,-1,-1,0,0.999931461,NA,NA,70.000000000,MEASURED_CPU_FAULT,CPU;INTERVAL_FAULTS,NA,NA,NA,NA,NA,NA,NA,NA,NA,NA,NA,NA,NA,NA,NA,NA,NA,NA,NA,NA,NA,NA,NA,TARGET_GONE,identity no longer active
2026-10-02T16:04:21Z,APP_21637_3022645,21637,3022645,12,246,197.413,0,0,-1,-1,0,0.999931461,NA,NA,70.000000000,MEASURED_CPU_FAULT,CPU;INTERVAL_FAULTS,NA,NA,NA,NA,NA,NA,NA,NA,NA,NA,NA,NA,NA,NA,NA,NA,NA,NA,NA,NA,NA,NA,NA,TARGET_GONE,identity no longer active
2026-10-02T16:04:21Z,APP_21637_3022645,21637,3022645,12,247,201.499,0,0,-1,-1,0,0.999931461,NA,NA,70.000000000,MEASURED_CPU_FAULT,CPU;INTERVAL_FAULTS,NA,NA,NA,NA,NA,NA,NA,NA,NA,NA,NA,NA,NA,NA,NA,NA,NA,NA,NA,NA,NA,NA,NA,TARGET_GONE,identity no longer active
2026-10-02T16:04:21Z,APP_21637_3022645,21637,3022645,12,248,203.579,0,0,-1,-1,0,0.999931461,NA,NA,70.000000000,MEASURED_CPU_FAULT,CPU;INTERVAL_FAULTS,NA,NA,NA,NA,NA,NA,NA,NA,NA,NA,NA,NA,NA,NA,NA,NA,NA,NA,NA,NA,NA,NA,NA,TARGET_GONE,identity no longer active
2026-10-02T16:04:21Z,APP_21637_3022645,21637,3022645,12,249,201.499,0,0,-1,-1,0,0.999931461,NA,NA,70.000000000,MEASURED_CPU_FAULT,CPU;INTERVAL_FAULTS,NA,NA,NA,NA,NA,NA,NA,NA,NA,NA,NA,NA,NA,NA,NA,NA,NA,NA,NA,NA,NA,NA,NA,TARGET_GONE,identity no longer active
2026-10-02T16:04:21Z,APP_21637_3022645,21637,3022645,12,250,199.555,0,0,-1,-1,0,0.999931461,NA,NA,70.000000000,MEASURED_CPU_FAULT,CPU;INTERVAL_FAULTS,NA,NA,NA,NA,NA,NA,NA,NA,NA,NA,NA,NA,NA,NA,NA,NA,NA,NA,NA,NA,NA,NA,NA,TARGET_GONE,identity no longer active
2026-10-02T16:04:21Z,APP_21637_3022645,21637,3022645,12,251,192.192,0,0,-1,-1,0,0.999931461,NA,NA,70.000000000,MEASURED_CPU_FAULT,CPU;INTERVAL_FAULTS,NA,NA,NA,NA,NA,NA,NA,NA,NA,NA,NA,NA,NA,NA,NA,NA,NA,NA,NA,NA,NA,NA,NA,TARGET_GONE,identity no longer active
2026-10-02T16:04:21Z,APP_21637_3022645,21637,3022645,12,252,200.897,0,0,-1,-1,0,0.999931461,NA,NA,70.000000000,MEASURED_CPU_FAULT,CPU;INTERVAL_FAULTS,NA,NA,NA,NA,NA,NA,NA,NA,NA,NA,NA,NA,NA,NA,NA,NA,NA,NA,NA,NA,NA,NA,NA,TARGET_GONE,identity no longer active
2026-10-02T16:04:22Z,APP_21637_3022645,21637,3022645,12,253,198.568,0,0,-1,-1,0,0.999931461,NA,NA,70.000000000,MEASURED_CPU_FAULT,CPU;INTERVAL_FAULTS,NA,NA,NA,NA,NA,NA,NA,NA,NA,NA,NA,NA,NA,NA,NA,NA,NA,NA,NA,NA,NA,NA,NA,TARGET_GONE,identity no longer active
2026-10-02T16:04:22Z,APP_21637_3022645,21637,3022645,12,254,201.198,0,0,-1,-1,0,0.999931461,NA,NA,70.000000000,MEASURED_CPU_FAULT,CPU;INTERVAL_FAULTS,NA,NA,NA,NA,NA,NA,NA,NA,NA,NA,NA,NA,NA,NA,NA,NA,NA,NA,NA,NA,NA,NA,NA,TARGET_GONE,identity no longer active
2026-10-02T16:04:22Z,APP_21637_3022645,21637,3022645,12,255,203.376,0,0,-1,-1,0,0.999931461,NA,NA,70.000000000,MEASURED_CPU_FAULT,CPU;INTERVAL_FAULTS,NA,NA,NA,NA,NA,NA,NA,NA,NA,NA,NA,NA,NA,NA,NA,NA,NA,NA,NA,NA,NA,NA,NA,TARGET_GONE,identity no longer active
2026-10-02T16:04:22Z,APP_21637_3022645,21637,3022645,12,256,201.198,0,0,-1,-1,0,0.999931461,NA,NA,70.000000000,MEASURED_CPU_FAULT,CPU;INTERVAL_FAULTS,NA,NA,NA,NA,NA,NA,NA,NA,NA,NA,NA,NA,NA,NA,NA,NA,NA,NA,NA,NA,NA,NA,NA,TARGET_GONE,identity no longer active
2026-10-02T16:04:22Z,APP_21637_3022645,21637,3022645,12,257,197.413,0,0,-1,-1,0,0.999931461,NA,NA,70.000000000,MEASURED_CPU_FAULT,CPU;INTERVAL_FAULTS,NA,NA,NA,NA,NA,NA,NA,NA,NA,NA,NA,NA,NA,NA,NA,NA,NA,NA,NA,NA,NA,NA,NA,TARGET_GONE,identity no longer active
2026-10-02T16:04:22Z,APP_21637_3022645,21637,3022645,12,258,201.499,0,0,-1,-1,0,0.999931461,NA,NA,70.000000000,MEASURED_CPU_FAULT,CPU;INTERVAL_FAULTS,NA,NA,NA,NA,NA,NA,NA,NA,NA,NA,NA,NA,NA,NA,NA,NA,NA,NA,NA,NA,NA,NA,NA,TARGET_GONE,identity no longer active
2026-10-02T16:04:22Z,APP_21637_3022645,21637,3022645,12,259,200.805,0,0,-1,-1,0,0.999931461,NA,NA,70.000000000,MEASURED_CPU_FAULT,CPU;INTERVAL_FAULTS,NA,NA,NA,NA,NA,NA,NA,NA,NA,NA,NA,NA,NA,NA,NA,NA,NA,NA,NA,NA,NA,NA,NA,TARGET_GONE,identity no longer active
2026-10-02T16:04:22Z,APP_21637_3022645,21637,3022645,12,260,192.192,0,0,-1,-1,0,0.999931461,NA,NA,70.000000000,MEASURED_CPU_FAULT,CPU;INTERVAL_FAULTS,NA,NA,NA,NA,NA,NA,NA,NA,NA,NA,NA,NA,NA,NA,NA,NA,NA,NA,NA,NA,NA,NA,NA,TARGET_GONE,identity no longer active
2026-10-02T16:04:22Z,APP_21637_3022645,21637,3022645,12,261,201.499,0,0,-1,-1,0,0.999931461,NA,NA,70.000000000,MEASURED_CPU_FAULT,CPU;INTERVAL_FAULTS,NA,NA,NA,NA,NA,NA,NA,NA,NA,NA,NA,NA,NA,NA,NA,NA,NA,NA,NA,NA,NA,NA,NA,TARGET_GONE,identity no longer active
2026-10-02T16:04:23Z,APP_21637_3022645,21637,3022645,12,262,206.205,0,0,-1,-1,0,0.999931461,NA,NA,70.000000000,MEASURED_CPU_FAULT,CPU;INTERVAL_FAULTS,NA,NA,NA,NA,NA,NA,NA,NA,NA,NA,NA,NA,NA,NA,NA,NA,NA,NA,NA,NA,NA,NA,NA,TARGET_GONE,identity no longer active
2026-10-02T16:04:23Z,APP_21637_3022645,21637,3022645,12,263,192.192,0,0,-1,-1,0,0.999931461,NA,NA,70.000000000,MEASURED_CPU_FAULT,CPU;INTERVAL_FAULTS,NA,NA,NA,NA,NA,NA,NA,NA,NA,NA,NA,NA,NA,NA,NA,NA,NA,NA,NA,NA,NA,NA,NA,TARGET_GONE,identity no longer active
2026-10-02T16:04:23Z,APP_21637_3022645,21637,3022645,12,264,203.175,0,0,-1,-1,0,0.999931461,NA,NA,70.000000000,MEASURED_CPU_FAULT,CPU;INTERVAL_FAULTS,NA,NA,NA,NA,NA,NA,NA,NA,NA,NA,NA,NA,NA,NA,NA,NA,NA,NA,NA,NA,NA,NA,NA,TARGET_GONE,identity no longer active
2026-10-02T16:04:23Z,APP_21637_3022645,21637,3022645,12,265,192.481,0,0,-1,-1,0,0.999931461,NA,NA,70.000000000,MEASURED_CPU_FAULT,CPU;INTERVAL_FAULTS,NA,NA,NA,NA,NA,NA,NA,NA,NA,NA,NA,NA,NA,NA,NA,NA,NA,NA,NA,NA,NA,NA,NA,TARGET_GONE,identity no longer active
2026-10-02T16:04:23Z,APP_21637_3022645,21637,3022645,12,266,203.781,0,0,-1,-1,0,0.999931461,NA,NA,70.000000000,MEASURED_CPU_FAULT,CPU;INTERVAL_FAULTS,NA,NA,NA,NA,NA,NA,NA,NA,NA,NA,NA,NA,NA,NA,NA,NA,NA,NA,NA,NA,NA,NA,NA,TARGET_GONE,identity no longer active
2026-10-02T16:04:23Z,APP_21637_3022645,21637,3022645,12,267,191.904,0,0,-1,-1,0,0.999931461,NA,NA,70.000000000,MEASURED_CPU_FAULT,CPU;INTERVAL_FAULTS,NA,NA,NA,NA,NA,NA,NA,NA,NA,NA,NA,NA,NA,NA,NA,NA,NA,NA,NA,NA,NA,NA,NA,TARGET_GONE,identity no longer active
2026-10-02T16:04:23Z,APP_21637_3022645,21637,3022645,12,268,202.157,0,0,-1,-1,0,0.999931461,NA,NA,70.000000000,MEASURED_CPU_FAULT,CPU;INTERVAL_FAULTS,NA,NA,NA,NA,NA,NA,NA,NA,NA,NA,NA,NA,NA,NA,NA,NA,NA,NA,NA,NA,NA,NA,NA,TARGET_GONE,identity no longer active
2026-10-02T16:04:23Z,APP_21637_3022645,21637,3022645,12,269,211.411,0,0,-1,-1,0,0.999931461,NA,NA,70.000000000,MEASURED_CPU_FAULT,CPU;INTERVAL_FAULTS,NA,NA,NA,NA,NA,NA,NA,NA,NA,NA,NA,NA,NA,NA,NA,NA,NA,NA,NA,NA,NA,NA,NA,TARGET_GONE,identity no longer active
2026-10-02T16:04:24Z,APP_21637_3022645,21637,3022645,12,270,191.904,0,0,-1,-1,0,0.999931461,NA,NA,70.000000000,MEASURED_CPU_FAULT,CPU;INTERVAL_FAULTS,NA,NA,NA,NA,NA,NA,NA,NA,NA,NA,NA,NA,NA,NA,NA,NA,NA,NA,NA,NA,NA,NA,NA,TARGET_GONE,identity no longer active
2026-10-02T16:04:24Z,APP_21637_3022645,21637,3022645,12,271,205.470,0,0,-1,-1,0,0.999931461,NA,NA,70.000000000,MEASURED_CPU_FAULT,CPU;INTERVAL_FAULTS,NA,NA,NA,NA,NA,NA,NA,NA,NA,NA,NA,NA,NA,NA,NA,NA,NA,NA,NA,NA,NA,NA,NA,TARGET_GONE,identity no longer active
2026-10-02T16:04:24Z,APP_21637_3022645,21637,3022645,12,272,201.802,0,0,-1,-1,0,0.999931461,NA,NA,70.000000000,MEASURED_CPU_FAULT,CPU;INTERVAL_FAULTS,NA,NA,NA,NA,NA,NA,NA,NA,NA,NA,NA,NA,NA,NA,NA,NA,NA,NA,NA,NA,NA,NA,NA,TARGET_GONE,identity no longer active
2026-10-02T16:04:24Z,APP_21637_3022645,21637,3022645,12,273,197.217,0,0,-1,-1,0,0.999931461,NA,NA,70.000000000,MEASURED_CPU_FAULT,CPU;INTERVAL_FAULTS,NA,NA,NA,NA,NA,NA,NA,NA,NA,NA,NA,NA,NA,NA,NA,NA,NA,NA,NA,NA,NA,NA,NA,TARGET_GONE,identity no longer active
2026-10-02T16:04:24Z,APP_21637_3022645,21637,3022645,12,274,201.499,0,0,-1,-1,0,0.999931461,NA,NA,70.000000000,MEASURED_CPU_FAULT,CPU;INTERVAL_FAULTS,NA,NA,NA,NA,NA,NA,NA,NA,NA,NA,NA,NA,NA,NA,NA,NA,NA,NA,NA,NA,NA,NA,NA,TARGET_GONE,identity no longer active
2026-10-02T16:04:24Z,APP_21637_3022645,21637,3022645,12,275,203.376,0,0,-1,-1,0,0.999931461,NA,NA,70.000000000,MEASURED_CPU_FAULT,CPU;INTERVAL_FAULTS,NA,NA,NA,NA,NA,NA,NA,NA,NA,NA,NA,NA,NA,NA,NA,NA,NA,NA,NA,NA,NA,NA,NA,TARGET_GONE,identity no longer active
2026-10-02T16:04:24Z,APP_21637_3022645,21637,3022645,12,276,191.904,0,0,-1,-1,0,0.999931461,NA,NA,70.000000000,MEASURED_CPU_FAULT,CPU;INTERVAL_FAULTS,NA,NA,NA,NA,NA,NA,NA,NA,NA,NA,NA,NA,NA,NA,NA,NA,NA,NA,NA,NA,NA,NA,NA,TARGET_GONE,identity no longer active
2026-10-02T16:04:25Z,APP_21637_3022645,21637,3022645,12,277,200.149,0,0,-1,-1,0,0.999931461,NA,NA,70.000000000,MEASURED_CPU_FAULT,CPU;INTERVAL_FAULTS,NA,NA,NA,NA,NA,NA,NA,NA,NA,NA,NA,NA,NA,NA,NA,NA,NA,NA,NA,NA,NA,NA,NA,TARGET_GONE,identity no longer active
2026-10-02T16:04:25Z,APP_21637_3022645,21637,3022645,12,278,191.617,0,0,-1,-1,0,0.999931461,NA,NA,70.000000000,MEASURED_CPU_FAULT,CPU;INTERVAL_FAULTS,NA,NA,NA,NA,NA,NA,NA,NA,NA,NA,NA,NA,NA,NA,NA,NA,NA,NA,NA,NA,NA,NA,NA,TARGET_GONE,identity no longer active
2026-10-02T16:04:25Z,APP_21637_3022645,21637,3022645,12,279,201.499,0,0,-1,-1,0,0.999931461,NA,NA,70.000000000,MEASURED_CPU_FAULT,CPU;INTERVAL_FAULTS,NA,NA,NA,NA,NA,NA,NA,NA,NA,NA,NA,NA,NA,NA,NA,NA,NA,NA,NA,NA,NA,NA,NA,TARGET_GONE,identity no longer active
2026-10-02T16:04:25Z,APP_21637_3022645,21637,3022645,12,280,206.205,0,0,-1,-1,0,0.999931461,NA,NA,70.000000000,MEASURED_CPU_FAULT,CPU;INTERVAL_FAULTS,NA,NA,NA,NA,NA,NA,NA,NA,NA,NA,NA,NA,NA,NA,NA,NA,NA,NA,NA,NA,NA,NA,NA,TARGET_GONE,identity no longer active
2026-10-02T16:04:25Z,APP_21637_3022645,21637,3022645,12,281,191.904,0,0,-1,-1,0,0.999931461,NA,NA,70.000000000,MEASURED_CPU_FAULT,CPU;INTERVAL_FAULTS,NA,NA,NA,NA,NA,NA,NA,NA,NA,NA,NA,NA,NA,NA,NA,NA,NA,NA,NA,NA,NA,NA,NA,TARGET_GONE,identity no longer active
2026-10-02T16:04:25Z,APP_21637_3022645,21637,3022645,12,282,203.984,0,0,-1,-1,0,0.999931461,NA,NA,70.000000000,MEASURED_CPU_FAULT,CPU;INTERVAL_FAULTS,NA,NA,NA,NA,NA,NA,NA,NA,NA,NA,NA,NA,NA,NA,NA,NA,NA,NA,NA,NA,NA,NA,NA,TARGET_GONE,identity no longer active
2026-10-02T16:04:25Z,APP_21637_3022645,21637,3022645,12,283,191.904,0,0,-1,-1,0,0.999931461,NA,NA,70.000000000,MEASURED_CPU_FAULT,CPU;INTERVAL_FAULTS,NA,NA,NA,NA,NA,NA,NA,NA,NA,NA,NA,NA,NA,NA,NA,NA,NA,NA,NA,NA,NA,NA,NA,TARGET_GONE,identity no longer active
2026-10-02T16:04:25Z,APP_21637_3022645,21637,3022645,12,284,203.376,0,0,-1,-1,0,0.999931461,NA,NA,70.000000000,MEASURED_CPU_FAULT,CPU;INTERVAL_FAULTS,NA,NA,NA,NA,NA,NA,NA,NA,NA,NA,NA,NA,NA,NA,NA,NA,NA,NA,NA,NA,NA,NA,NA,TARGET_GONE,identity no longer active
2026-10-02T16:04:25Z,APP_21637_3022645,21637,3022645,12,285,201.802,0,0,-1,-1,0,0.999931461,NA,NA,70.000000000,MEASURED_CPU_FAULT,CPU;INTERVAL_FAULTS,NA,NA,NA,NA,NA,NA,NA,NA,NA,NA,NA,NA,NA,NA,NA,NA,NA,NA,NA,NA,NA,NA,NA,TARGET_GONE,identity no longer active
2026-10-02T16:04:26Z,APP_21637_3022645,21637,3022645,12,286,197.531,0,0,-1,-1,0,0.999931461,NA,NA,70.000000000,MEASURED_CPU_FAULT,CPU;INTERVAL_FAULTS,NA,NA,NA,NA,NA,NA,NA,NA,NA,NA,NA,NA,NA,NA,NA,NA,NA,NA,NA,NA,NA,NA,NA,TARGET_GONE,identity no longer active
2026-10-02T16:04:26Z,APP_21637_3022645,21637,3022645,12,287,210.778,0,0,-1,-1,0,0.999931461,NA,NA,70.000000000,MEASURED_CPU_FAULT,CPU;INTERVAL_FAULTS,NA,NA,NA,NA,NA,NA,NA,NA,NA,NA,NA,NA,NA,NA,NA,NA,NA,NA,NA,NA,NA,NA,NA,TARGET_GONE,identity no longer active
2026-10-02T16:04:26Z,APP_21637_3022645,21637,3022645,12,288,201.499,0,0,-1,-1,0,0.999931461,NA,NA,70.000000000,MEASURED_CPU_FAULT,CPU;INTERVAL_FAULTS,NA,NA,NA,NA,NA,NA,NA,NA,NA,NA,NA,NA,NA,NA,NA,NA,NA,NA,NA,NA,NA,NA,NA,TARGET_GONE,identity no longer active
2026-10-02T16:04:26Z,APP_21637_3022645,21637,3022645,12,289,198.568,0,0,-1,-1,0,0.999931461,NA,NA,70.000000000,MEASURED_CPU_FAULT,CPU;INTERVAL_FAULTS,NA,NA,NA,NA,NA,NA,NA,NA,NA,NA,NA,NA,NA,NA,NA,NA,NA,NA,NA,NA,NA,NA,NA,TARGET_GONE,identity no longer active
2026-10-02T16:04:26Z,APP_21637_3022645,21637,3022645,12,290,201.198,0,0,-1,-1,0,0.999931461,NA,NA,70.000000000,MEASURED_CPU_FAULT,CPU;INTERVAL_FAULTS,NA,NA,NA,NA,NA,NA,NA,NA,NA,NA,NA,NA,NA,NA,NA,NA,NA,NA,NA,NA,NA,NA,NA,TARGET_GONE,identity no longer active
2026-10-02T16:04:26Z,APP_21637_3022645,21637,3022645,12,291,203.376,0,0,-1,-1,0,0.999931461,NA,NA,70.000000000,MEASURED_CPU_FAULT,CPU;INTERVAL_FAULTS,NA,NA,NA,NA,NA,NA,NA,NA,NA,NA,NA,NA,NA,NA,NA,NA,NA,NA,NA,NA,NA,NA,NA,TARGET_GONE,identity no longer active
2026-10-02T16:04:26Z,APP_21637_3022645,21637,3022645,12,292,191.904,0,0,-1,-1,0,0.999931461,NA,NA,70.000000000,MEASURED_CPU_FAULT,CPU;INTERVAL_FAULTS,NA,NA,NA,NA,NA,NA,NA,NA,NA,NA,NA,NA,NA,NA,NA,NA,NA,NA,NA,NA,NA,NA,NA,TARGET_GONE,identity no longer active
2026-10-02T16:04:26Z,APP_21637_3022645,21637,3022645,12,293,203.781,0,0,-1,-1,0,0.999931461,NA,NA,70.000000000,MEASURED_CPU_FAULT,CPU;INTERVAL_FAULTS,NA,NA,NA,NA,NA,NA,NA,NA,NA,NA,NA,NA,NA,NA,NA,NA,NA,NA,NA,NA,NA,NA,NA,TARGET_GONE,identity no longer active
2026-10-02T16:04:27Z,APP_21637_3022645,21637,3022645,12,294,191.617,0,0,-1,-1,0,0.999931461,NA,NA,70.000000000,MEASURED_CPU_FAULT,CPU;INTERVAL_FAULTS,NA,NA,NA,NA,NA,NA,NA,NA,NA,NA,NA,NA,NA,NA,NA,NA,NA,NA,NA,NA,NA,NA,NA,TARGET_GONE,identity no longer active
2026-10-02T16:04:13Z,APP_21637_3022645,21637,3022645,13,295,0.000,0,0,-1,-1,0,0.999931461,1,true,0.000000000,MEASURED_CPU_FAULT,CPU;INTERVAL_FAULTS,HOT,669.474315258,0.560000000,0.700000000,NA,NA,NA,NA,0.560000000,0.000000000,0.700000000,0.000000000,-1.000000000,1.232000000,NA,MOVE_THREAD,INVALID,NOT_APPLICABLE,INVALID,MOVE_THREAD,-1,-1,false,TARGET_GONE,identity no longer active
2026-10-02T16:04:14Z,APP_21637_3022645,21637,3022645,13,296,0.000,0,0,-1,-1,0,0.999931461,NA,NA,0.000000000,MEASURED_CPU_FAULT,CPU;INTERVAL_FAULTS,NA,NA,NA,NA,NA,NA,NA,NA,NA,NA,NA,NA,NA,NA,NA,NA,NA,NA,NA,NA,NA,NA,NA,TARGET_GONE,identity no longer active
2026-10-02T16:04:14Z,APP_21637_3022645,21637,3022645,13,297,0.000,0,0,-1,-1,0,0.999931461,NA,NA,0.000000000,MEASURED_CPU_FAULT,CPU;INTERVAL_FAULTS,NA,NA,NA,NA,NA,NA,NA,NA,NA,NA,NA,NA,NA,NA,NA,NA,NA,NA,NA,NA,NA,NA,NA,TARGET_GONE,identity no longer active
2026-10-02T16:04:14Z,APP_21637_3022645,21637,3022645,13,298,0.000,0,0,-1,-1,0,0.999931461,NA,NA,0.000000000,MEASURED_CPU_FAULT,CPU;INTERVAL_FAULTS,NA,NA,NA,NA,NA,NA,NA,NA,NA,NA,NA,NA,NA,NA,NA,NA,NA,NA,NA,NA,NA,NA,NA,TARGET_GONE,identity no longer active
2026-10-02T16:04:14Z,APP_21637_3022645,21637,3022645,13,299,0.000,0,0,-1,-1,0,0.999931461,NA,NA,0.000000000,MEASURED_CPU_FAULT,CPU;INTERVAL_FAULTS,NA,NA,NA,NA,NA,NA,NA,NA,NA,NA,NA,NA,NA,NA,NA,NA,NA,NA,NA,NA,NA,NA,NA,TARGET_GONE,identity no longer active
2026-10-02T16:04:14Z,APP_21637_3022645,21637,3022645,13,300,0.000,0,0,-1,-1,0,0.999931461,NA,NA,0.000000000,MEASURED_CPU_FAULT,CPU;INTERVAL_FAULTS,NA,NA,NA,NA,NA,NA,NA,NA,NA,NA,NA,NA,NA,NA,NA,NA,NA,NA,NA,NA,NA,NA,NA,TARGET_GONE,identity no longer active
2026-10-02T16:04:14Z,APP_21637_3022645,21637,3022645,13,301,0.000,0,0,-1,-1,0,0.999931461,NA,NA,0.000000000,MEASURED_CPU_FAULT,CPU;INTERVAL_FAULTS,NA,NA,NA,NA,NA,NA,NA,NA,NA,NA,NA,NA,NA,NA,NA,NA,NA,NA,NA,NA,NA,NA,NA,TARGET_GONE,identity no longer active
2026-10-02T16:04:15Z,APP_21637_3022645,21637,3022645,13,302,18.907,0,0,-1,-1,0,0.999931461,NA,NA,13.234900000,MEASURED_CPU_FAULT,CPU;INTERVAL_FAULTS,NA,NA,NA,NA,NA,NA,NA,NA,NA,NA,NA,NA,NA,NA,NA,NA,NA,NA,NA,NA,NA,NA,NA,TARGET_GONE,identity no longer active
2026-10-02T16:04:15Z,APP_21637_3022645,21637,3022645,13,303,191.617,0,0,-1,-1,0,0.999931461,NA,NA,70.000000000,MEASURED_CPU_FAULT,CPU;INTERVAL_FAULTS,NA,NA,NA,NA,NA,NA,NA,NA,NA,NA,NA,NA,NA,NA,NA,NA,NA,NA,NA,NA,NA,NA,NA,TARGET_GONE,identity no longer active
2026-10-02T16:04:15Z,APP_21637_3022645,21637,3022645,13,304,201.499,0,0,-1,-1,0,0.999931461,NA,NA,70.000000000,MEASURED_CPU_FAULT,CPU;INTERVAL_FAULTS,NA,NA,NA,NA,NA,NA,NA,NA,NA,NA,NA,NA,NA,NA,NA,NA,NA,NA,NA,NA,NA,NA,NA,TARGET_GONE,identity no longer active
2026-10-02T16:04:15Z,APP_21637_3022645,21637,3022645,13,305,200.272,0,0,-1,-1,0,0.999931461,NA,NA,70.000000000,MEASURED_CPU_FAULT,CPU;INTERVAL_FAULTS,NA,NA,NA,NA,NA,NA,NA,NA,NA,NA,NA,NA,NA,NA,NA,NA,NA,NA,NA,NA,NA,NA,NA,TARGET_GONE,identity no longer active
2026-10-02T16:04:15Z,APP_21637_3022645,21637,3022645,13,306,201.198,0,0,-1,-1,0,0.999931461,NA,NA,70.000000000,MEASURED_CPU_FAULT,CPU;INTERVAL_FAULTS,NA,NA,NA,NA,NA,NA,NA,NA,NA,NA,NA,NA,NA,NA,NA,NA,NA,NA,NA,NA,NA,NA,NA,TARGET_GONE,identity no longer active
2026-10-02T16:04:15Z,APP_21637_3022645,21637,3022645,13,307,196.831,0,0,-1,-1,0,0.999931461,NA,NA,70.000000000,MEASURED_CPU_FAULT,CPU;INTERVAL_FAULTS,NA,NA,NA,NA,NA,NA,NA,NA,NA,NA,NA,NA,NA,NA,NA,NA,NA,NA,NA,NA,NA,NA,NA,TARGET_GONE,identity no longer active
2026-10-02T16:04:15Z,APP_21637_3022645,21637,3022645,13,308,201.499,0,0,-1,-1,0,0.999931461,NA,NA,70.000000000,MEASURED_CPU_FAULT,CPU;INTERVAL_FAULTS,NA,NA,NA,NA,NA,NA,NA,NA,NA,NA,NA,NA,NA,NA,NA,NA,NA,NA,NA,NA,NA,NA,NA,TARGET_GONE,identity no longer active
2026-10-02T16:04:15Z,APP_21637_3022645,21637,3022645,13,309,197.610,0,0,-1,-1,0,0.999931461,NA,NA,70.000000000,MEASURED_CPU_FAULT,CPU;INTERVAL_FAULTS,NA,NA,NA,NA,NA,NA,NA,NA,NA,NA,NA,NA,NA,NA,NA,NA,NA,NA,NA,NA,NA,NA,NA,TARGET_GONE,identity no longer active
2026-10-02T16:04:15Z,APP_21637_3022645,21637,3022645,13,310,201.499,0,0,-1,-1,0,0.999931461,NA,NA,70.000000000,MEASURED_CPU_FAULT,CPU;INTERVAL_FAULTS,NA,NA,NA,NA,NA,NA,NA,NA,NA,NA,NA,NA,NA,NA,NA,NA,NA,NA,NA,NA,NA,NA,NA,TARGET_GONE,identity no longer active
2026-10-02T16:04:16Z,APP_21637_3022645,21637,3022645,13,311,203.787,0,0,-1,-1,0,0.999931461,NA,NA,70.000000000,MEASURED_CPU_FAULT,CPU;INTERVAL_FAULTS,NA,NA,NA,NA,NA,NA,NA,NA,NA,NA,NA,NA,NA,NA,NA,NA,NA,NA,NA,NA,NA,NA,NA,TARGET_GONE,identity no longer active
2026-10-02T16:04:16Z,APP_21637_3022645,21637,3022645,13,312,192.192,0,0,-1,-1,0,0.999931461,NA,NA,70.000000000,MEASURED_CPU_FAULT,CPU;INTERVAL_FAULTS,NA,NA,NA,NA,NA,NA,NA,NA,NA,NA,NA,NA,NA,NA,NA,NA,NA,NA,NA,NA,NA,NA,NA,TARGET_GONE,identity no longer active
2026-10-02T16:04:16Z,APP_21637_3022645,21637,3022645,13,313,201.499,0,0,-1,-1,0,0.999931461,NA,NA,70.000000000,MEASURED_CPU_FAULT,CPU;INTERVAL_FAULTS,NA,NA,NA,NA,NA,NA,NA,NA,NA,NA,NA,NA,NA,NA,NA,NA,NA,NA,NA,NA,NA,NA,NA,TARGET_GONE,identity no longer active
2026-10-02T16:04:16Z,APP_21637_3022645,21637,3022645,13,314,205.714,0,0,-1,-1,0,0.999931461,NA,NA,70.000000000,MEASURED_CPU_FAULT,CPU;INTERVAL_FAULTS,NA,NA,NA,NA,NA,NA,NA,NA,NA,NA,NA,NA,NA,NA,NA,NA,NA,NA,NA,NA,NA,NA,NA,TARGET_GONE,identity no longer active
2026-10-02T16:04:16Z,APP_21637_3022645,21637,3022645,13,315,191.617,0,0,-1,-1,0,0.999931461,NA,NA,70.000000000,MEASURED_CPU_FAULT,CPU;INTERVAL_FAULTS,NA,NA,NA,NA,NA,NA,NA,NA,NA,NA,NA,NA,NA,NA,NA,NA,NA,NA,NA,NA,NA,NA,NA,TARGET_GONE,identity no longer active
2026-10-02T16:04:16Z,APP_21637_3022645,21637,3022645,13,316,203.781,0,0,-1,-1,0,0.999931461,NA,NA,70.000000000,MEASURED_CPU_FAULT,CPU;INTERVAL_FAULTS,NA,NA,NA,NA,NA,NA,NA,NA,NA,NA,NA,NA,NA,NA,NA,NA,NA,NA,NA,NA,NA,NA,NA,TARGET_GONE,identity no longer active
2026-10-02T16:04:16Z,APP_21637_3022645,21637,3022645,13,317,192.192,0,0,-1,-1,0,0.999931461,NA,NA,70.000000000,MEASURED_CPU_FAULT,CPU;INTERVAL_FAULTS,NA,NA,NA,NA,NA,NA,NA,NA,NA,NA,NA,NA,NA,NA,NA,NA,NA,NA,NA,NA,NA,NA,NA,TARGET_GONE,identity no longer active
2026-10-02T16:04:16Z,APP_21637_3022645,21637,3022645,13,318,203.579,0,0,-1,-1,0,0.999931461,NA,NA,70.000000000,MEASURED_CPU_FAULT,CPU;INTERVAL_FAULTS,NA,NA,NA,NA,NA,NA,NA,NA,NA,NA,NA,NA,NA,NA,NA,NA,NA,NA,NA,NA,NA,NA,NA,TARGET_GONE,identity no longer active
2026-10-02T16:04:17Z,APP_21637_3022645,21637,3022645,13,319,201.499,0,0,-1,-1,0,0.999931461,NA,NA,70.000000000,MEASURED_CPU_FAULT,CPU;INTERVAL_FAULTS,NA,NA,NA,NA,NA,NA,NA,NA,NA,NA,NA,NA,NA,NA,NA,NA,NA,NA,NA,NA,NA,NA,NA,TARGET_GONE,identity no longer active
2026-10-02T16:04:17Z,APP_21637_3022645,21637,3022645,13,320,198.450,0,0,-1,-1,0,0.999931461,NA,NA,70.000000000,MEASURED_CPU_FAULT,CPU;INTERVAL_FAULTS,NA,NA,NA,NA,NA,NA,NA,NA,NA,NA,NA,NA,NA,NA,NA,NA,NA,NA,NA,NA,NA,NA,NA,TARGET_GONE,identity no longer active
2026-10-02T16:04:17Z,APP_21637_3022645,21637,3022645,13,321,211.411,0,0,-1,-1,0,0.999931461,NA,NA,70.000000000,MEASURED_CPU_FAULT,CPU;INTERVAL_FAULTS,NA,NA,NA,NA,NA,NA,NA,NA,NA,NA,NA,NA,NA,NA,NA,NA,NA,NA,NA,NA,NA,NA,NA,TARGET_GONE,identity no longer active
2026-10-02T16:04:17Z,APP_21637_3022645,21637,3022645,13,322,191.904,0,0,-1,-1,0,0.999931461,NA,NA,70.000000000,MEASURED_CPU_FAULT,CPU;INTERVAL_FAULTS,NA,NA,NA,NA,NA,NA,NA,NA,NA,NA,NA,NA,NA,NA,NA,NA,NA,NA,NA,NA,NA,NA,NA,TARGET_GONE,identity no longer active
2026-10-02T16:04:17Z,APP_21637_3022645,21637,3022645,13,323,205.714,0,0,-1,-1,0,0.999931461,NA,NA,70.000000000,MEASURED_CPU_FAULT,CPU;INTERVAL_FAULTS,NA,NA,NA,NA,NA,NA,NA,NA,NA,NA,NA,NA,NA,NA,NA,NA,NA,NA,NA,NA,NA,NA,NA,TARGET_GONE,identity no longer active
2026-10-02T16:04:17Z,APP_21637_3022645,21637,3022645,13,324,201.802,0,0,-1,-1,0,0.999931461,NA,NA,70.000000000,MEASURED_CPU_FAULT,CPU;INTERVAL_FAULTS,NA,NA,NA,NA,NA,NA,NA,NA,NA,NA,NA,NA,NA,NA,NA,NA,NA,NA,NA,NA,NA,NA,NA,TARGET_GONE,identity no longer active
2026-10-02T16:04:17Z,APP_21637_3022645,21637,3022645,13,325,197.217,0,0,-1,-1,0,0.999931461,NA,NA,70.000000000,MEASURED_CPU_FAULT,CPU;INTERVAL_FAULTS,NA,NA,NA,NA,NA,NA,NA,NA,NA,NA,NA,NA,NA,NA,NA,NA,NA,NA,NA,NA,NA,NA,NA,TARGET_GONE,identity no longer active
2026-10-02T16:04:17Z,APP_21637_3022645,21637,3022645,13,326,201.499,0,0,-1,-1,0,0.999931461,NA,NA,70.000000000,MEASURED_CPU_FAULT,CPU;INTERVAL_FAULTS,NA,NA,NA,NA,NA,NA,NA,NA,NA,NA,NA,NA,NA,NA,NA,NA,NA,NA,NA,NA,NA,NA,NA,TARGET_GONE,identity no longer active
2026-10-02T16:04:18Z,APP_21637_3022645,21637,3022645,13,327,197.807,0,0,-1,-1,0,0.999931461,NA,NA,70.000000000,MEASURED_CPU_FAULT,CPU;INTERVAL_FAULTS,NA,NA,NA,NA,NA,NA,NA,NA,NA,NA,NA,NA,NA,NA,NA,NA,NA,NA,NA,NA,NA,NA,NA,TARGET_GONE,identity no longer active
2026-10-02T16:04:18Z,APP_21637_3022645,21637,3022645,13,328,200.897,0,0,-1,-1,0,0.999931461,NA,NA,70.000000000,MEASURED_CPU_FAULT,CPU;INTERVAL_FAULTS,NA,NA,NA,NA,NA,NA,NA,NA,NA,NA,NA,NA,NA,NA,NA,NA,NA,NA,NA,NA,NA,NA,NA,TARGET_GONE,identity no longer active
2026-10-02T16:04:18Z,APP_21637_3022645,21637,3022645,13,329,199.555,0,0,-1,-1,0,0.999931461,NA,NA,70.000000000,MEASURED_CPU_FAULT,CPU;INTERVAL_FAULTS,NA,NA,NA,NA,NA,NA,NA,NA,NA,NA,NA,NA,NA,NA,NA,NA,NA,NA,NA,NA,NA,NA,NA,TARGET_GONE,identity no longer active
2026-10-02T16:04:18Z,APP_21637_3022645,21637,3022645,13,330,191.617,0,0,-1,-1,0,0.999931461,NA,NA,70.000000000,MEASURED_CPU_FAULT,CPU;INTERVAL_FAULTS,NA,NA,NA,NA,NA,NA,NA,NA,NA,NA,NA,NA,NA,NA,NA,NA,NA,NA,NA,NA,NA,NA,NA,TARGET_GONE,identity no longer active
2026-10-02T16:04:18Z,APP_21637_3022645,21637,3022645,13,331,201.499,0,0,-1,-1,0,0.999931461,NA,NA,70.000000000,MEASURED_CPU_FAULT,CPU;INTERVAL_FAULTS,NA,NA,NA,NA,NA,NA,NA,NA,NA,NA,NA,NA,NA,NA,NA,NA,NA,NA,NA,NA,NA,NA,NA,TARGET_GONE,identity no longer active
2026-10-02T16:04:18Z,APP_21637_3022645,21637,3022645,13,332,198.393,0,0,-1,-1,0,0.999931461,NA,NA,70.000000000,MEASURED_CPU_FAULT,CPU;INTERVAL_FAULTS,NA,NA,NA,NA,NA,NA,NA,NA,NA,NA,NA,NA,NA,NA,NA,NA,NA,NA,NA,NA,NA,NA,NA,TARGET_GONE,identity no longer active
2026-10-02T16:04:18Z,APP_21637_3022645,21637,3022645,13,333,201.802,0,0,-1,-1,0,0.999931461,NA,NA,70.000000000,MEASURED_CPU_FAULT,CPU;INTERVAL_FAULTS,NA,NA,NA,NA,NA,NA,NA,NA,NA,NA,NA,NA,NA,NA,NA,NA,NA,NA,NA,NA,NA,NA,NA,TARGET_GONE,identity no longer active
2026-10-02T16:04:18Z,APP_21637_3022645,21637,3022645,13,334,203.175,0,0,-1,-1,0,0.999931461,NA,NA,70.000000000,MEASURED_CPU_FAULT,CPU;INTERVAL_FAULTS,NA,NA,NA,NA,NA,NA,NA,NA,NA,NA,NA,NA,NA,NA,NA,NA,NA,NA,NA,NA,NA,NA,NA,TARGET_GONE,identity no longer active
2026-10-02T16:04:19Z,APP_21637_3022645,21637,3022645,13,335,201.802,0,0,-1,-1,0,0.999931461,NA,NA,70.000000000,MEASURED_CPU_FAULT,CPU;INTERVAL_FAULTS,NA,NA,NA,NA,NA,NA,NA,NA,NA,NA,NA,NA,NA,NA,NA,NA,NA,NA,NA,NA,NA,NA,NA,TARGET_GONE,identity no longer active
2026-10-02T16:04:19Z,APP_21637_3022645,21637,3022645,13,336,197.413,0,0,-1,-1,0,0.999931461,NA,NA,70.000000000,MEASURED_CPU_FAULT,CPU;INTERVAL_FAULTS,NA,NA,NA,NA,NA,NA,NA,NA,NA,NA,NA,NA,NA,NA,NA,NA,NA,NA,NA,NA,NA,NA,NA,TARGET_GONE,identity no longer active
2026-10-02T16:04:19Z,APP_21637_3022645,21637,3022645,13,337,201.499,0,0,-1,-1,0,0.999931461,NA,NA,70.000000000,MEASURED_CPU_FAULT,CPU;INTERVAL_FAULTS,NA,NA,NA,NA,NA,NA,NA,NA,NA,NA,NA,NA,NA,NA,NA,NA,NA,NA,NA,NA,NA,NA,NA,TARGET_GONE,identity no longer active
2026-10-02T16:04:19Z,APP_21637_3022645,21637,3022645,13,338,203.262,0,0,-1,-1,0,0.999931461,NA,NA,70.000000000,MEASURED_CPU_FAULT,CPU;INTERVAL_FAULTS,NA,NA,NA,NA,NA,NA,NA,NA,NA,NA,NA,NA,NA,NA,NA,NA,NA,NA,NA,NA,NA,NA,NA,TARGET_GONE,identity no longer active
2026-10-02T16:04:19Z,APP_21637_3022645,21637,3022645,13,339,201.499,0,0,-1,-1,0,0.999931461,NA,NA,70.000000000,MEASURED_CPU_FAULT,CPU;INTERVAL_FAULTS,NA,NA,NA,NA,NA,NA,NA,NA,NA,NA,NA,NA,NA,NA,NA,NA,NA,NA,NA,NA,NA,NA,NA,TARGET_GONE,identity no longer active
2026-10-02T16:04:19Z,APP_21637_3022645,21637,3022645,13,340,197.610,0,0,-1,-1,0,0.999931461,NA,NA,70.000000000,MEASURED_CPU_FAULT,CPU;INTERVAL_FAULTS,NA,NA,NA,NA,NA,NA,NA,NA,NA,NA,NA,NA,NA,NA,NA,NA,NA,NA,NA,NA,NA,NA,NA,TARGET_GONE,identity no longer active
2026-10-02T16:04:19Z,APP_21637_3022645,21637,3022645,13,341,201.499,0,0,-1,-1,0,0.999931461,NA,NA,70.000000000,MEASURED_CPU_FAULT,CPU;INTERVAL_FAULTS,NA,NA,NA,NA,NA,NA,NA,NA,NA,NA,NA,NA,NA,NA,NA,NA,NA,NA,NA,NA,NA,NA,NA,TARGET_GONE,identity no longer active
2026-10-02T16:04:20Z,APP_21637_3022645,21637,3022645,13,342,197.610,0,0,-1,-1,0,0.999931461,NA,NA,70.000000000,MEASURED_CPU_FAULT,CPU;INTERVAL_FAULTS,NA,NA,NA,NA,NA,NA,NA,NA,NA,NA,NA,NA,NA,NA,NA,NA,NA,NA,NA,NA,NA,NA,NA,TARGET_GONE,identity no longer active
2026-10-02T16:04:20Z,APP_21637_3022645,21637,3022645,13,343,201.499,0,0,-1,-1,0,0.999931461,NA,NA,70.000000000,MEASURED_CPU_FAULT,CPU;INTERVAL_FAULTS,NA,NA,NA,NA,NA,NA,NA,NA,NA,NA,NA,NA,NA,NA,NA,NA,NA,NA,NA,NA,NA,NA,NA,TARGET_GONE,identity no longer active
2026-10-02T16:04:20Z,APP_21637_3022645,21637,3022645,13,344,202.973,0,0,-1,-1,0,0.999931461,NA,NA,70.000000000,MEASURED_CPU_FAULT,CPU;INTERVAL_FAULTS,NA,NA,NA,NA,NA,NA,NA,NA,NA,NA,NA,NA,NA,NA,NA,NA,NA,NA,NA,NA,NA,NA,NA,TARGET_GONE,identity no longer active
2026-10-02T16:04:20Z,APP_21637_3022645,21637,3022645,13,345,191.904,0,0,-1,-1,0,0.999931461,NA,NA,70.000000000,MEASURED_CPU_FAULT,CPU;INTERVAL_FAULTS,NA,NA,NA,NA,NA,NA,NA,NA,NA,NA,NA,NA,NA,NA,NA,NA,NA,NA,NA,NA,NA,NA,NA,TARGET_GONE,identity no longer active
2026-10-02T16:04:20Z,APP_21637_3022645,21637,3022645,13,346,201.942,0,0,-1,-1,0,0.999931461,NA,NA,70.000000000,MEASURED_CPU_FAULT,CPU;INTERVAL_FAULTS,NA,NA,NA,NA,NA,NA,NA,NA,NA,NA,NA,NA,NA,NA,NA,NA,NA,NA,NA,NA,NA,NA,NA,TARGET_GONE,identity no longer active
2026-10-02T16:04:20Z,APP_21637_3022645,21637,3022645,13,347,191.617,0,0,-1,-1,0,0.999931461,NA,NA,70.000000000,MEASURED_CPU_FAULT,CPU;INTERVAL_FAULTS,NA,NA,NA,NA,NA,NA,NA,NA,NA,NA,NA,NA,NA,NA,NA,NA,NA,NA,NA,NA,NA,NA,NA,TARGET_GONE,identity no longer active
2026-10-02T16:04:20Z,APP_21637_3022645,21637,3022645,13,348,201.802,0,0,-1,-1,0,0.999931461,NA,NA,70.000000000,MEASURED_CPU_FAULT,CPU;INTERVAL_FAULTS,NA,NA,NA,NA,NA,NA,NA,NA,NA,NA,NA,NA,NA,NA,NA,NA,NA,NA,NA,NA,NA,NA,NA,TARGET_GONE,identity no longer active
2026-10-02T16:04:20Z,APP_21637_3022645,21637,3022645,13,349,198.331,0,0,-1,-1,0,0.999931461,NA,NA,70.000000000,MEASURED_CPU_FAULT,CPU;INTERVAL_FAULTS,NA,NA,NA,NA,NA,NA,NA,NA,NA,NA,NA,NA,NA,NA,NA,NA,NA,NA,NA,NA,NA,NA,NA,TARGET_GONE,identity no longer active
2026-10-02T16:04:20Z,APP_21637_3022645,21637,3022645,13,350,201.499,0,0,-1,-1,0,0.999931461,NA,NA,70.000000000,MEASURED_CPU_FAULT,CPU;INTERVAL_FAULTS,NA,NA,NA,NA,NA,NA,NA,NA,NA,NA,NA,NA,NA,NA,NA,NA,NA,NA,NA,NA,NA,NA,NA,TARGET_GONE,identity no longer active
2026-10-02T16:04:21Z,APP_21637_3022645,21637,3022645,13,351,197.413,0,0,-1,-1,0,0.999931461,NA,NA,70.000000000,MEASURED_CPU_FAULT,CPU;INTERVAL_FAULTS,NA,NA,NA,NA,NA,NA,NA,NA,NA,NA,NA,NA,NA,NA,NA,NA,NA,NA,NA,NA,NA,NA,NA,TARGET_GONE,identity no longer active
2026-10-02T16:04:21Z,APP_21637_3022645,21637,3022645,13,352,201.499,0,0,-1,-1,0,0.999931461,NA,NA,70.000000000,MEASURED_CPU_FAULT,CPU;INTERVAL_FAULTS,NA,NA,NA,NA,NA,NA,NA,NA,NA,NA,NA,NA,NA,NA,NA,NA,NA,NA,NA,NA,NA,NA,NA,TARGET_GONE,identity no longer active
2026-10-02T16:04:21Z,APP_21637_3022645,21637,3022645,13,353,203.579,0,0,-1,-1,0,0.999931461,NA,NA,70.000000000,MEASURED_CPU_FAULT,CPU;INTERVAL_FAULTS,NA,NA,NA,NA,NA,NA,NA,NA,NA,NA,NA,NA,NA,NA,NA,NA,NA,NA,NA,NA,NA,NA,NA,TARGET_GONE,identity no longer active
2026-10-02T16:04:21Z,APP_21637_3022645,21637,3022645,13,354,201.499,0,0,-1,-1,0,0.999931461,NA,NA,70.000000000,MEASURED_CPU_FAULT,CPU;INTERVAL_FAULTS,NA,NA,NA,NA,NA,NA,NA,NA,NA,NA,NA,NA,NA,NA,NA,NA,NA,NA,NA,NA,NA,NA,NA,TARGET_GONE,identity no longer active
2026-10-02T16:04:21Z,APP_21637_3022645,21637,3022645,13,355,199.555,0,0,-1,-1,0,0.999931461,NA,NA,70.000000000,MEASURED_CPU_FAULT,CPU;INTERVAL_FAULTS,NA,NA,NA,NA,NA,NA,NA,NA,NA,NA,NA,NA,NA,NA,NA,NA,NA,NA,NA,NA,NA,NA,NA,TARGET_GONE,identity no longer active
2026-10-02T16:04:21Z,APP_21637_3022645,21637,3022645,13,356,192.192,0,0,-1,-1,0,0.999931461,NA,NA,70.000000000,MEASURED_CPU_FAULT,CPU;INTERVAL_FAULTS,NA,NA,NA,NA,NA,NA,NA,NA,NA,NA,NA,NA,NA,NA,NA,NA,NA,NA,NA,NA,NA,NA,NA,TARGET_GONE,identity no longer active
2026-10-02T16:04:21Z,APP_21637_3022645,21637,3022645,13,357,200.897,0,0,-1,-1,0,0.999931461,NA,NA,70.000000000,MEASURED_CPU_FAULT,CPU;INTERVAL_FAULTS,NA,NA,NA,NA,NA,NA,NA,NA,NA,NA,NA,NA,NA,NA,NA,NA,NA,NA,NA,NA,NA,NA,NA,TARGET_GONE,identity no longer active
2026-10-02T16:04:22Z,APP_21637_3022645,21637,3022645,13,358,198.568,0,0,-1,-1,0,0.999931461,NA,NA,70.000000000,MEASURED_CPU_FAULT,CPU;INTERVAL_FAULTS,NA,NA,NA,NA,NA,NA,NA,NA,NA,NA,NA,NA,NA,NA,NA,NA,NA,NA,NA,NA,NA,NA,NA,TARGET_GONE,identity no longer active
2026-10-02T16:04:22Z,APP_21637_3022645,21637,3022645,13,359,201.198,0,0,-1,-1,0,0.999931461,NA,NA,70.000000000,MEASURED_CPU_FAULT,CPU;INTERVAL_FAULTS,NA,NA,NA,NA,NA,NA,NA,NA,NA,NA,NA,NA,NA,NA,NA,NA,NA,NA,NA,NA,NA,NA,NA,TARGET_GONE,identity no longer active
2026-10-02T16:04:22Z,APP_21637_3022645,21637,3022645,13,360,203.376,0,0,-1,-1,0,0.999931461,NA,NA,70.000000000,MEASURED_CPU_FAULT,CPU;INTERVAL_FAULTS,NA,NA,NA,NA,NA,NA,NA,NA,NA,NA,NA,NA,NA,NA,NA,NA,NA,NA,NA,NA,NA,NA,NA,TARGET_GONE,identity no longer active
2026-10-02T16:04:22Z,APP_21637_3022645,21637,3022645,13,361,201.198,0,0,-1,-1,0,0.999931461,NA,NA,70.000000000,MEASURED_CPU_FAULT,CPU;INTERVAL_FAULTS,NA,NA,NA,NA,NA,NA,NA,NA,NA,NA,NA,NA,NA,NA,NA,NA,NA,NA,NA,NA,NA,NA,NA,TARGET_GONE,identity no longer active
2026-10-02T16:04:22Z,APP_21637_3022645,21637,3022645,13,362,197.413,0,0,-1,-1,0,0.999931461,NA,NA,70.000000000,MEASURED_CPU_FAULT,CPU;INTERVAL_FAULTS,NA,NA,NA,NA,NA,NA,NA,NA,NA,NA,NA,NA,NA,NA,NA,NA,NA,NA,NA,NA,NA,NA,NA,TARGET_GONE,identity no longer active
2026-10-02T16:04:22Z,APP_21637_3022645,21637,3022645,13,363,201.499,0,0,-1,-1,0,0.999931461,NA,NA,70.000000000,MEASURED_CPU_FAULT,CPU;INTERVAL_FAULTS,NA,NA,NA,NA,NA,NA,NA,NA,NA,NA,NA,NA,NA,NA,NA,NA,NA,NA,NA,NA,NA,NA,NA,TARGET_GONE,identity no longer active
2026-10-02T16:04:22Z,APP_21637_3022645,21637,3022645,13,364,200.805,0,0,-1,-1,0,0.999931461,NA,NA,70.000000000,MEASURED_CPU_FAULT,CPU;INTERVAL_FAULTS,NA,NA,NA,NA,NA,NA,NA,NA,NA,NA,NA,NA,NA,NA,NA,NA,NA,NA,NA,NA,NA,NA,NA,TARGET_GONE,identity no longer active
2026-10-02T16:04:22Z,APP_21637_3022645,21637,3022645,13,365,192.192,0,0,-1,-1,0,0.999931461,NA,NA,70.000000000,MEASURED_CPU_FAULT,CPU;INTERVAL_FAULTS,NA,NA,NA,NA,NA,NA,NA,NA,NA,NA,NA,NA,NA,NA,NA,NA,NA,NA,NA,NA,NA,NA,NA,TARGET_GONE,identity no longer active
2026-10-02T16:04:22Z,APP_21637_3022645,21637,3022645,13,366,201.499,0,0,-1,-1,0,0.999931461,NA,NA,70.000000000,MEASURED_CPU_FAULT,CPU;INTERVAL_FAULTS,NA,NA,NA,NA,NA,NA,NA,NA,NA,NA,NA,NA,NA,NA,NA,NA,NA,NA,NA,NA,NA,NA,NA,TARGET_GONE,identity no longer active
2026-10-02T16:04:23Z,APP_21637_3022645,21637,3022645,13,367,206.205,0,0,-1,-1,0,0.999931461,NA,NA,70.000000000,MEASURED_CPU_FAULT,CPU;INTERVAL_FAULTS,NA,NA,NA,NA,NA,NA,NA,NA,NA,NA,NA,NA,NA,NA,NA,NA,NA,NA,NA,NA,NA,NA,NA,TARGET_GONE,identity no longer active
2026-10-02T16:04:23Z,APP_21637_3022645,21637,3022645,13,368,192.192,0,0,-1,-1,0,0.999931461,NA,NA,70.000000000,MEASURED_CPU_FAULT,CPU;INTERVAL_FAULTS,NA,NA,NA,NA,NA,NA,NA,NA,NA,NA,NA,NA,NA,NA,NA,NA,NA,NA,NA,NA,NA,NA,NA,TARGET_GONE,identity no longer active
2026-10-02T16:04:23Z,APP_21637_3022645,21637,3022645,13,369,203.175,0,0,-1,-1,0,0.999931461,NA,NA,70.000000000,MEASURED_CPU_FAULT,CPU;INTERVAL_FAULTS,NA,NA,NA,NA,NA,NA,NA,NA,NA,NA,NA,NA,NA,NA,NA,NA,NA,NA,NA,NA,NA,NA,NA,TARGET_GONE,identity no longer active
2026-10-02T16:04:23Z,APP_21637_3022645,21637,3022645,13,370,192.481,0,0,-1,-1,0,0.999931461,NA,NA,70.000000000,MEASURED_CPU_FAULT,CPU;INTERVAL_FAULTS,NA,NA,NA,NA,NA,NA,NA,NA,NA,NA,NA,NA,NA,NA,NA,NA,NA,NA,NA,NA,NA,NA,NA,TARGET_GONE,identity no longer active
2026-10-02T16:04:23Z,APP_21637_3022645,21637,3022645,13,371,203.781,0,0,-1,-1,0,0.999931461,NA,NA,70.000000000,MEASURED_CPU_FAULT,CPU;INTERVAL_FAULTS,NA,NA,NA,NA,NA,NA,NA,NA,NA,NA,NA,NA,NA,NA,NA,NA,NA,NA,NA,NA,NA,NA,NA,TARGET_GONE,identity no longer active
2026-10-02T16:04:23Z,APP_21637_3022645,21637,3022645,13,372,191.904,0,0,-1,-1,0,0.999931461,NA,NA,70.000000000,MEASURED_CPU_FAULT,CPU;INTERVAL_FAULTS,NA,NA,NA,NA,NA,NA,NA,NA,NA,NA,NA,NA,NA,NA,NA,NA,NA,NA,NA,NA,NA,NA,NA,TARGET_GONE,identity no longer active
2026-10-02T16:04:23Z,APP_21637_3022645,21637,3022645,13,373,202.157,0,0,-1,-1,0,0.999931461,NA,NA,70.000000000,MEASURED_CPU_FAULT,CPU;INTERVAL_FAULTS,NA,NA,NA,NA,NA,NA,NA,NA,NA,NA,NA,NA,NA,NA,NA,NA,NA,NA,NA,NA,NA,NA,NA,TARGET_GONE,identity no longer active
2026-10-02T16:04:23Z,APP_21637_3022645,21637,3022645,13,374,211.411,0,0,-1,-1,0,0.999931461,NA,NA,70.000000000,MEASURED_CPU_FAULT,CPU;INTERVAL_FAULTS,NA,NA,NA,NA,NA,NA,NA,NA,NA,NA,NA,NA,NA,NA,NA,NA,NA,NA,NA,NA,NA,NA,NA,TARGET_GONE,identity no longer active
2026-10-02T16:04:24Z,APP_21637_3022645,21637,3022645,13,375,191.904,0,0,-1,-1,0,0.999931461,NA,NA,70.000000000,MEASURED_CPU_FAULT,CPU;INTERVAL_FAULTS,NA,NA,NA,NA,NA,NA,NA,NA,NA,NA,NA,NA,NA,NA,NA,NA,NA,NA,NA,NA,NA,NA,NA,TARGET_GONE,identity no longer active
2026-10-02T16:04:24Z,APP_21637_3022645,21637,3022645,13,376,205.470,0,0,-1,-1,0,0.999931461,NA,NA,70.000000000,MEASURED_CPU_FAULT,CPU;INTERVAL_FAULTS,NA,NA,NA,NA,NA,NA,NA,NA,NA,NA,NA,NA,NA,NA,NA,NA,NA,NA,NA,NA,NA,NA,NA,TARGET_GONE,identity no longer active
2026-10-02T16:04:24Z,APP_21637_3022645,21637,3022645,13,377,201.802,0,0,-1,-1,0,0.999931461,NA,NA,70.000000000,MEASURED_CPU_FAULT,CPU;INTERVAL_FAULTS,NA,NA,NA,NA,NA,NA,NA,NA,NA,NA,NA,NA,NA,NA,NA,NA,NA,NA,NA,NA,NA,NA,NA,TARGET_GONE,identity no longer active
2026-10-02T16:04:24Z,APP_21637_3022645,21637,3022645,13,378,197.217,0,0,-1,-1,0,0.999931461,NA,NA,70.000000000,MEASURED_CPU_FAULT,CPU;INTERVAL_FAULTS,NA,NA,NA,NA,NA,NA,NA,NA,NA,NA,NA,NA,NA,NA,NA,NA,NA,NA,NA,NA,NA,NA,NA,TARGET_GONE,identity no longer active
2026-10-02T16:04:24Z,APP_21637_3022645,21637,3022645,13,379,201.499,0,0,-1,-1,0,0.999931461,NA,NA,70.000000000,MEASURED_CPU_FAULT,CPU;INTERVAL_FAULTS,NA,NA,NA,NA,NA,NA,NA,NA,NA,NA,NA,NA,NA,NA,NA,NA,NA,NA,NA,NA,NA,NA,NA,TARGET_GONE,identity no longer active
2026-10-02T16:04:24Z,APP_21637_3022645,21637,3022645,13,380,203.376,0,0,-1,-1,0,0.999931461,NA,NA,70.000000000,MEASURED_CPU_FAULT,CPU;INTERVAL_FAULTS,NA,NA,NA,NA,NA,NA,NA,NA,NA,NA,NA,NA,NA,NA,NA,NA,NA,NA,NA,NA,NA,NA,NA,TARGET_GONE,identity no longer active
2026-10-02T16:04:24Z,APP_21637_3022645,21637,3022645,13,381,191.904,0,0,-1,-1,0,0.999931461,NA,NA,70.000000000,MEASURED_CPU_FAULT,CPU;INTERVAL_FAULTS,NA,NA,NA,NA,NA,NA,NA,NA,NA,NA,NA,NA,NA,NA,NA,NA,NA,NA,NA,NA,NA,NA,NA,TARGET_GONE,identity no longer active
2026-10-02T16:04:25Z,APP_21637_3022645,21637,3022645,13,382,200.149,0,0,-1,-1,0,0.999931461,NA,NA,70.000000000,MEASURED_CPU_FAULT,CPU;INTERVAL_FAULTS,NA,NA,NA,NA,NA,NA,NA,NA,NA,NA,NA,NA,NA,NA,NA,NA,NA,NA,NA,NA,NA,NA,NA,TARGET_GONE,identity no longer active
2026-10-02T16:04:25Z,APP_21637_3022645,21637,3022645,13,383,191.617,0,0,-1,-1,0,0.999931461,NA,NA,70.000000000,MEASURED_CPU_FAULT,CPU;INTERVAL_FAULTS,NA,NA,NA,NA,NA,NA,NA,NA,NA,NA,NA,NA,NA,NA,NA,NA,NA,NA,NA,NA,NA,NA,NA,TARGET_GONE,identity no longer active
2026-10-02T16:04:25Z,APP_21637_3022645,21637,3022645,13,384,201.499,0,0,-1,-1,0,0.999931461,NA,NA,70.000000000,MEASURED_CPU_FAULT,CPU;INTERVAL_FAULTS,NA,NA,NA,NA,NA,NA,NA,NA,NA,NA,NA,NA,NA,NA,NA,NA,NA,NA,NA,NA,NA,NA,NA,TARGET_GONE,identity no longer active
2026-10-02T16:04:25Z,APP_21637_3022645,21637,3022645,13,385,206.205,0,0,-1,-1,0,0.999931461,NA,NA,70.000000000,MEASURED_CPU_FAULT,CPU;INTERVAL_FAULTS,NA,NA,NA,NA,NA,NA,NA,NA,NA,NA,NA,NA,NA,NA,NA,NA,NA,NA,NA,NA,NA,NA,NA,TARGET_GONE,identity no longer active
2026-10-02T16:04:25Z,APP_21637_3022645,21637,3022645,13,386,191.904,0,0,-1,-1,0,0.999931461,NA,NA,70.000000000,MEASURED_CPU_FAULT,CPU;INTERVAL_FAULTS,NA,NA,NA,NA,NA,NA,NA,NA,NA,NA,NA,NA,NA,NA,NA,NA,NA,NA,NA,NA,NA,NA,NA,TARGET_GONE,identity no longer active
2026-10-02T16:04:25Z,APP_21637_3022645,21637,3022645,13,387,203.984,0,0,-1,-1,0,0.999931461,NA,NA,70.000000000,MEASURED_CPU_FAULT,CPU;INTERVAL_FAULTS,NA,NA,NA,NA,NA,NA,NA,NA,NA,NA,NA,NA,NA,NA,NA,NA,NA,NA,NA,NA,NA,NA,NA,TARGET_GONE,identity no longer active
2026-10-02T16:04:25Z,APP_21637_3022645,21637,3022645,13,388,191.904,0,0,-1,-1,0,0.999931461,NA,NA,70.000000000,MEASURED_CPU_FAULT,CPU;INTERVAL_FAULTS,NA,NA,NA,NA,NA,NA,NA,NA,NA,NA,NA,NA,NA,NA,NA,NA,NA,NA,NA,NA,NA,NA,NA,TARGET_GONE,identity no longer active
2026-10-02T16:04:25Z,APP_21637_3022645,21637,3022645,13,389,203.376,0,0,-1,-1,0,0.999931461,NA,NA,70.000000000,MEASURED_CPU_FAULT,CPU;INTERVAL_FAULTS,NA,NA,NA,NA,NA,NA,NA,NA,NA,NA,NA,NA,NA,NA,NA,NA,NA,NA,NA,NA,NA,NA,NA,TARGET_GONE,identity no longer active
2026-10-02T16:04:25Z,APP_21637_3022645,21637,3022645,13,390,201.802,0,0,-1,-1,0,0.999931461,NA,NA,70.000000000,MEASURED_CPU_FAULT,CPU;INTERVAL_FAULTS,NA,NA,NA,NA,NA,NA,NA,NA,NA,NA,NA,NA,NA,NA,NA,NA,NA,NA,NA,NA,NA,NA,NA,TARGET_GONE,identity no longer active
2026-10-02T16:04:26Z,APP_21637_3022645,21637,3022645,13,391,197.531,0,0,-1,-1,0,0.999931461,NA,NA,70.000000000,MEASURED_CPU_FAULT,CPU;INTERVAL_FAULTS,NA,NA,NA,NA,NA,NA,NA,NA,NA,NA,NA,NA,NA,NA,NA,NA,NA,NA,NA,NA,NA,NA,NA,TARGET_GONE,identity no longer active
2026-10-02T16:04:26Z,APP_21637_3022645,21637,3022645,13,392,210.778,0,0,-1,-1,0,0.999931461,NA,NA,70.000000000,MEASURED_CPU_FAULT,CPU;INTERVAL_FAULTS,NA,NA,NA,NA,NA,NA,NA,NA,NA,NA,NA,NA,NA,NA,NA,NA,NA,NA,NA,NA,NA,NA,NA,TARGET_GONE,identity no longer active
2026-10-02T16:04:26Z,APP_21637_3022645,21637,3022645,13,393,201.499,0,0,-1,-1,0,0.999931461,NA,NA,70.000000000,MEASURED_CPU_FAULT,CPU;INTERVAL_FAULTS,NA,NA,NA,NA,NA,NA,NA,NA,NA,NA,NA,NA,NA,NA,NA,NA,NA,NA,NA,NA,NA,NA,NA,TARGET_GONE,identity no longer active
2026-10-02T16:04:26Z,APP_21637_3022645,21637,3022645,13,394,198.568,0,0,-1,-1,0,0.999931461,NA,NA,70.000000000,MEASURED_CPU_FAULT,CPU;INTERVAL_FAULTS,NA,NA,NA,NA,NA,NA,NA,NA,NA,NA,NA,NA,NA,NA,NA,NA,NA,NA,NA,NA,NA,NA,NA,TARGET_GONE,identity no longer active
2026-10-02T16:04:26Z,APP_21637_3022645,21637,3022645,13,395,201.198,0,0,-1,-1,0,0.999931461,NA,NA,70.000000000,MEASURED_CPU_FAULT,CPU;INTERVAL_FAULTS,NA,NA,NA,NA,NA,NA,NA,NA,NA,NA,NA,NA,NA,NA,NA,NA,NA,NA,NA,NA,NA,NA,NA,TARGET_GONE,identity no longer active
2026-10-02T16:04:26Z,APP_21637_3022645,21637,3022645,13,396,203.376,0,0,-1,-1,0,0.999931461,NA,NA,70.000000000,MEASURED_CPU_FAULT,CPU;INTERVAL_FAULTS,NA,NA,NA,NA,NA,NA,NA,NA,NA,NA,NA,NA,NA,NA,NA,NA,NA,NA,NA,NA,NA,NA,NA,TARGET_GONE,identity no longer active
2026-10-02T16:04:26Z,APP_21637_3022645,21637,3022645,13,397,191.904,0,0,-1,-1,0,0.999931461,NA,NA,70.000000000,MEASURED_CPU_FAULT,CPU;INTERVAL_FAULTS,NA,NA,NA,NA,NA,NA,NA,NA,NA,NA,NA,NA,NA,NA,NA,NA,NA,NA,NA,NA,NA,NA,NA,TARGET_GONE,identity no longer active
2026-10-02T16:04:26Z,APP_21637_3022645,21637,3022645,13,398,203.781,0,0,-1,-1,0,0.999931461,NA,NA,70.000000000,MEASURED_CPU_FAULT,CPU;INTERVAL_FAULTS,NA,NA,NA,NA,NA,NA,NA,NA,NA,NA,NA,NA,NA,NA,NA,NA,NA,NA,NA,NA,NA,NA,NA,TARGET_GONE,identity no longer active
2026-10-02T16:04:27Z,APP_21637_3022645,21637,3022645,13,399,191.617,0,0,-1,-1,0,0.999931461,NA,NA,70.000000000,MEASURED_CPU_FAULT,CPU;INTERVAL_FAULTS,NA,NA,NA,NA,NA,NA,NA,NA,NA,NA,NA,NA,NA,NA,NA,NA,NA,NA,NA,NA,NA,NA,NA,TARGET_GONE,identity no longer active
2026-10-02T16:04:27Z,APP_21637_3022645,21637,3022645,13,400,201.575,0,0,-1,-1,0,0.999931461,NA,NA,70.000000000,MEASURED_CPU_FAULT,CPU;INTERVAL_FAULTS,NA,NA,NA,NA,NA,NA,NA,NA,NA,NA,NA,NA,NA,NA,NA,NA,NA,NA,NA,NA,NA,NA,NA,TARGET_GONE,identity no longer active
2026-10-02T16:04:27Z,APP_21637_3022645,21637,3022645,13,401,211.411,0,0,-1,-1,0,0.999931461,NA,NA,70.000000000,MEASURED_CPU_FAULT,CPU;INTERVAL_FAULTS,NA,NA,NA,NA,NA,NA,NA,NA,NA,NA,NA,NA,NA,NA,NA,NA,NA,NA,NA,NA,NA,NA,NA,TARGET_GONE,identity no longer active
2026-10-02T16:04:27Z,APP_21637_3022645,21637,3022645,13,402,201.802,0,0,-1,-1,0,0.999931461,NA,NA,70.000000000,MEASURED_CPU_FAULT,CPU;INTERVAL_FAULTS,NA,NA,NA,NA,NA,NA,NA,NA,NA,NA,NA,NA,NA,NA,NA,NA,NA,NA,NA,NA,NA,NA,NA,TARGET_GONE,identity no longer active
2026-10-02T16:04:27Z,APP_21637_3022645,21637,3022645,13,403,198.095,0,0,-1,-1,0,0.999931461,NA,NA,70.000000000,MEASURED_CPU_FAULT,CPU;INTERVAL_FAULTS,NA,NA,NA,NA,NA,NA,NA,NA,NA,NA,NA,NA,NA,NA,NA,NA,NA,NA,NA,NA,NA,NA,NA,TARGET_GONE,identity no longer active
2026-10-02T16:04:27Z,APP_21637_3022645,21637,3022645,13,404,201.802,0,0,-1,-1,0,0.999931461,NA,NA,70.000000000,MEASURED_CPU_FAULT,CPU;INTERVAL_FAULTS,NA,NA,NA,NA,NA,NA,NA,NA,NA,NA,NA,NA,NA,NA,NA,NA,NA,NA,NA,NA,NA,NA,NA,TARGET_GONE,identity no longer active
2026-10-02T16:04:27Z,APP_21637_3022645,21637,3022645,13,405,197.413,0,0,-1,-1,0,0.999931461,NA,NA,70.000000000,MEASURED_CPU_FAULT,CPU;INTERVAL_FAULTS,NA,NA,NA,NA,NA,NA,NA,NA,NA,NA,NA,NA,NA,NA,NA,NA,NA,NA,NA,NA,NA,NA,NA,TARGET_GONE,identity no longer active
2026-10-02T16:04:27Z,APP_21637_3022645,21637,3022645,13,406,201.499,0,0,-1,-1,0,0.999931461,NA,NA,70.000000000,MEASURED_CPU_FAULT,CPU;INTERVAL_FAULTS,NA,NA,NA,NA,NA,NA,NA,NA,NA,NA,NA,NA,NA,NA,NA,NA,NA,NA,NA,NA,NA,NA,NA,TARGET_GONE,identity no longer active
2026-10-02T16:04:28Z,APP_21637_3022645,21637,3022645,13,407,198.066,0,0,-1,-1,0,0.999931461,NA,NA,70.000000000,MEASURED_CPU_FAULT,CPU;INTERVAL_FAULTS,NA,NA,NA,NA,NA,NA,NA,NA,NA,NA,NA,NA,NA,NA,NA,NA,NA,NA,NA,NA,NA,NA,NA,TARGET_GONE,identity no longer active
2026-10-02T16:04:28Z,APP_21637_3022645,21637,3022645,13,408,201.198,0,0,-1,-1,0,0.999931461,NA,NA,70.000000000,MEASURED_CPU_FAULT,CPU;INTERVAL_FAULTS,NA,NA,NA,NA,NA,NA,NA,NA,NA,NA,NA,NA,NA,NA,NA,NA,NA,NA,NA,NA,NA,NA,NA,TARGET_GONE,identity no longer active
2026-10-02T16:04:13Z,APP_21637_3022645,21637,3022645,14,409,0.000,0,0,-1,-1,0,0.999931461,1,true,0.000000000,MEASURED_CPU_FAULT,CPU;INTERVAL_FAULTS,HOT,669.474315258,0.560000000,0.700000000,NA,NA,NA,NA,0.560000000,0.000000000,0.700000000,0.000000000,-1.000000000,1.232000000,NA,MOVE_THREAD,INVALID,NOT_APPLICABLE,INVALID,MOVE_THREAD,-1,-1,false,TARGET_GONE,identity no longer active
2026-10-02T16:04:14Z,APP_21637_3022645,21637,3022645,14,410,0.000,0,0,-1,-1,0,0.999931461,NA,NA,0.000000000,MEASURED_CPU_FAULT,CPU;INTERVAL_FAULTS,NA,NA,NA,NA,NA,NA,NA,NA,NA,NA,NA,NA,NA,NA,NA,NA,NA,NA,NA,NA,NA,NA,NA,TARGET_GONE,identity no longer active
2026-10-02T16:04:14Z,APP_21637_3022645,21637,3022645,14,411,0.000,0,0,-1,-1,0,0.999931461,NA,NA,0.000000000,MEASURED_CPU_FAULT,CPU;INTERVAL_FAULTS,NA,NA,NA,NA,NA,NA,NA,NA,NA,NA,NA,NA,NA,NA,NA,NA,NA,NA,NA,NA,NA,NA,NA,TARGET_GONE,identity no longer active
2026-10-02T16:04:14Z,APP_21637_3022645,21637,3022645,14,412,0.000,0,0,-1,-1,0,0.999931461,NA,NA,0.000000000,MEASURED_CPU_FAULT,CPU;INTERVAL_FAULTS,NA,NA,NA,NA,NA,NA,NA,NA,NA,NA,NA,NA,NA,NA,NA,NA,NA,NA,NA,NA,NA,NA,NA,TARGET_GONE,identity no longer active
2026-10-02T16:04:14Z,APP_21637_3022645,21637,3022645,14,413,0.000,0,0,-1,-1,0,0.999931461,NA,NA,0.000000000,MEASURED_CPU_FAULT,CPU;INTERVAL_FAULTS,NA,NA,NA,NA,NA,NA,NA,NA,NA,NA,NA,NA,NA,NA,NA,NA,NA,NA,NA,NA,NA,NA,NA,TARGET_GONE,identity no longer active
2026-10-02T16:04:14Z,APP_21637_3022645,21637,3022645,14,414,0.000,0,0,-1,-1,0,0.999931461,NA,NA,0.000000000,MEASURED_CPU_FAULT,CPU;INTERVAL_FAULTS,NA,NA,NA,NA,NA,NA,NA,NA,NA,NA,NA,NA,NA,NA,NA,NA,NA,NA,NA,NA,NA,NA,NA,TARGET_GONE,identity no longer active
2026-10-02T16:04:14Z,APP_21637_3022645,21637,3022645,14,415,0.000,0,0,-1,-1,0,0.999931461,NA,NA,0.000000000,MEASURED_CPU_FAULT,CPU;INTERVAL_FAULTS,NA,NA,NA,NA,NA,NA,NA,NA,NA,NA,NA,NA,NA,NA,NA,NA,NA,NA,NA,NA,NA,NA,NA,TARGET_GONE,identity no longer active
2026-10-02T16:04:15Z,APP_21637_3022645,21637,3022645,14,416,18.907,0,0,-1,-1,0,0.999931461,NA,NA,13.234900000,MEASURED_CPU_FAULT,CPU;INTERVAL_FAULTS,NA,NA,NA,NA,NA,NA,NA,NA,NA,NA,NA,NA,NA,NA,NA,NA,NA,NA,NA,NA,NA,NA,NA,TARGET_GONE,identity no longer active
2026-10-02T16:04:15Z,APP_21637_3022645,21637,3022645,14,417,191.617,0,0,-1,-1,0,0.999931461,NA,NA,70.000000000,MEASURED_CPU_FAULT,CPU;INTERVAL_FAULTS,NA,NA,NA,NA,NA,NA,NA,NA,NA,NA,NA,NA,NA,NA,NA,NA,NA,NA,NA,NA,NA,NA,NA,TARGET_GONE,identity no longer active
2026-10-02T16:04:15Z,APP_21637_3022645,21637,3022645,14,418,201.499,0,0,-1,-1,0,0.999931461,NA,NA,70.000000000,MEASURED_CPU_FAULT,CPU;INTERVAL_FAULTS,NA,NA,NA,NA,NA,NA,NA,NA,NA,NA,NA,NA,NA,NA,NA,NA,NA,NA,NA,NA,NA,NA,NA,TARGET_GONE,identity no longer active
2026-10-02T16:04:15Z,APP_21637_3022645,21637,3022645,14,419,200.272,0,0,-1,-1,0,0.999931461,NA,NA,70.000000000,MEASURED_CPU_FAULT,CPU;INTERVAL_FAULTS,NA,NA,NA,NA,NA,NA,NA,NA,NA,NA,NA,NA,NA,NA,NA,NA,NA,NA,NA,NA,NA,NA,NA,TARGET_GONE,identity no longer active
2026-10-02T16:04:15Z,APP_21637_3022645,21637,3022645,14,420,201.198,0,0,-1,-1,0,0.999931461,NA,NA,70.000000000,MEASURED_CPU_FAULT,CPU;INTERVAL_FAULTS,NA,NA,NA,NA,NA,NA,NA,NA,NA,NA,NA,NA,NA,NA,NA,NA,NA,NA,NA,NA,NA,NA,NA,TARGET_GONE,identity no longer active
2026-10-02T16:04:15Z,APP_21637_3022645,21637,3022645,14,421,196.831,0,0,-1,-1,0,0.999931461,NA,NA,70.000000000,MEASURED_CPU_FAULT,CPU;INTERVAL_FAULTS,NA,NA,NA,NA,NA,NA,NA,NA,NA,NA,NA,NA,NA,NA,NA,NA,NA,NA,NA,NA,NA,NA,NA,TARGET_GONE,identity no longer active
2026-10-02T16:04:15Z,APP_21637_3022645,21637,3022645,14,422,201.499,0,0,-1,-1,0,0.999931461,NA,NA,70.000000000,MEASURED_CPU_FAULT,CPU;INTERVAL_FAULTS,NA,NA,NA,NA,NA,NA,NA,NA,NA,NA,NA,NA,NA,NA,NA,NA,NA,NA,NA,NA,NA,NA,NA,TARGET_GONE,identity no longer active
2026-10-02T16:04:15Z,APP_21637_3022645,21637,3022645,14,423,197.610,0,0,-1,-1,0,0.999931461,NA,NA,70.000000000,MEASURED_CPU_FAULT,CPU;INTERVAL_FAULTS,NA,NA,NA,NA,NA,NA,NA,NA,NA,NA,NA,NA,NA,NA,NA,NA,NA,NA,NA,NA,NA,NA,NA,TARGET_GONE,identity no longer active
2026-10-02T16:04:15Z,APP_21637_3022645,21637,3022645,14,424,201.499,0,0,-1,-1,0,0.999931461,NA,NA,70.000000000,MEASURED_CPU_FAULT,CPU;INTERVAL_FAULTS,NA,NA,NA,NA,NA,NA,NA,NA,NA,NA,NA,NA,NA,NA,NA,NA,NA,NA,NA,NA,NA,NA,NA,TARGET_GONE,identity no longer active
2026-10-02T16:04:16Z,APP_21637_3022645,21637,3022645,14,425,203.787,0,0,-1,-1,0,0.999931461,NA,NA,70.000000000,MEASURED_CPU_FAULT,CPU;INTERVAL_FAULTS,NA,NA,NA,NA,NA,NA,NA,NA,NA,NA,NA,NA,NA,NA,NA,NA,NA,NA,NA,NA,NA,NA,NA,TARGET_GONE,identity no longer active
2026-10-02T16:04:16Z,APP_21637_3022645,21637,3022645,14,426,192.192,0,0,-1,-1,0,0.999931461,NA,NA,70.000000000,MEASURED_CPU_FAULT,CPU;INTERVAL_FAULTS,NA,NA,NA,NA,NA,NA,NA,NA,NA,NA,NA,NA,NA,NA,NA,NA,NA,NA,NA,NA,NA,NA,NA,TARGET_GONE,identity no longer active
2026-10-02T16:04:16Z,APP_21637_3022645,21637,3022645,14,427,201.499,0,0,-1,-1,0,0.999931461,NA,NA,70.000000000,MEASURED_CPU_FAULT,CPU;INTERVAL_FAULTS,NA,NA,NA,NA,NA,NA,NA,NA,NA,NA,NA,NA,NA,NA,NA,NA,NA,NA,NA,NA,NA,NA,NA,TARGET_GONE,identity no longer active
2026-10-02T16:04:16Z,APP_21637_3022645,21637,3022645,14,428,205.714,0,0,-1,-1,0,0.999931461,NA,NA,70.000000000,MEASURED_CPU_FAULT,CPU;INTERVAL_FAULTS,NA,NA,NA,NA,NA,NA,NA,NA,NA,NA,NA,NA,NA,NA,NA,NA,NA,NA,NA,NA,NA,NA,NA,TARGET_GONE,identity no longer active
2026-10-02T16:04:16Z,APP_21637_3022645,21637,3022645,14,429,191.617,0,0,-1,-1,0,0.999931461,NA,NA,70.000000000,MEASURED_CPU_FAULT,CPU;INTERVAL_FAULTS,NA,NA,NA,NA,NA,NA,NA,NA,NA,NA,NA,NA,NA,NA,NA,NA,NA,NA,NA,NA,NA,NA,NA,TARGET_GONE,identity no longer active
2026-10-02T16:04:16Z,APP_21637_3022645,21637,3022645,14,430,203.781,0,0,-1,-1,0,0.999931461,NA,NA,70.000000000,MEASURED_CPU_FAULT,CPU;INTERVAL_FAULTS,NA,NA,NA,NA,NA,NA,NA,NA,NA,NA,NA,NA,NA,NA,NA,NA,NA,NA,NA,NA,NA,NA,NA,TARGET_GONE,identity no longer active
2026-10-02T16:04:16Z,APP_21637_3022645,21637,3022645,14,431,192.192,0,0,-1,-1,0,0.999931461,NA,NA,70.000000000,MEASURED_CPU_FAULT,CPU;INTERVAL_FAULTS,NA,NA,NA,NA,NA,NA,NA,NA,NA,NA,NA,NA,NA,NA,NA,NA,NA,NA,NA,NA,NA,NA,NA,TARGET_GONE,identity no longer active
2026-10-02T16:04:16Z,APP_21637_3022645,21637,3022645,14,432,203.579,0,0,-1,-1,0,0.999931461,NA,NA,70.000000000,MEASURED_CPU_FAULT,CPU;INTERVAL_FAULTS,NA,NA,NA,NA,NA,NA,NA,NA,NA,NA,NA,NA,NA,NA,NA,NA,NA,NA,NA,NA,NA,NA,NA,TARGET_GONE,identity no longer active
2026-10-02T16:04:17Z,APP_21637_3022645,21637,3022645,14,433,201.499,0,0,-1,-1,0,0.999931461,NA,NA,70.000000000,MEASURED_CPU_FAULT,CPU;INTERVAL_FAULTS,NA,NA,NA,NA,NA,NA,NA,NA,NA,NA,NA,NA,NA,NA,NA,NA,NA,NA,NA,NA,NA,NA,NA,TARGET_GONE,identity no longer active
2026-10-02T16:04:17Z,APP_21637_3022645,21637,3022645,14,434,198.450,0,0,-1,-1,0,0.999931461,NA,NA,70.000000000,MEASURED_CPU_FAULT,CPU;INTERVAL_FAULTS,NA,NA,NA,NA,NA,NA,NA,NA,NA,NA,NA,NA,NA,NA,NA,NA,NA,NA,NA,NA,NA,NA,NA,TARGET_GONE,identity no longer active
2026-10-02T16:04:17Z,APP_21637_3022645,21637,3022645,14,435,211.411,0,0,-1,-1,0,0.999931461,NA,NA,70.000000000,MEASURED_CPU_FAULT,CPU;INTERVAL_FAULTS,NA,NA,NA,NA,NA,NA,NA,NA,NA,NA,NA,NA,NA,NA,NA,NA,NA,NA,NA,NA,NA,NA,NA,TARGET_GONE,identity no longer active
2026-10-02T16:04:17Z,APP_21637_3022645,21637,3022645,14,436,191.904,0,0,-1,-1,0,0.999931461,NA,NA,70.000000000,MEASURED_CPU_FAULT,CPU;INTERVAL_FAULTS,NA,NA,NA,NA,NA,NA,NA,NA,NA,NA,NA,NA,NA,NA,NA,NA,NA,NA,NA,NA,NA,NA,NA,TARGET_GONE,identity no longer active
2026-10-02T16:04:17Z,APP_21637_3022645,21637,3022645,14,437,205.714,0,0,-1,-1,0,0.999931461,NA,NA,70.000000000,MEASURED_CPU_FAULT,CPU;INTERVAL_FAULTS,NA,NA,NA,NA,NA,NA,NA,NA,NA,NA,NA,NA,NA,NA,NA,NA,NA,NA,NA,NA,NA,NA,NA,TARGET_GONE,identity no longer active
2026-10-02T16:04:17Z,APP_21637_3022645,21637,3022645,14,438,201.802,0,0,-1,-1,0,0.999931461,NA,NA,70.000000000,MEASURED_CPU_FAULT,CPU;INTERVAL_FAULTS,NA,NA,NA,NA,NA,NA,NA,NA,NA,NA,NA,NA,NA,NA,NA,NA,NA,NA,NA,NA,NA,NA,NA,TARGET_GONE,identity no longer active
2026-10-02T16:04:17Z,APP_21637_3022645,21637,3022645,14,439,197.217,0,0,-1,-1,0,0.999931461,NA,NA,70.000000000,MEASURED_CPU_FAULT,CPU;INTERVAL_FAULTS,NA,NA,NA,NA,NA,NA,NA,NA,NA,NA,NA,NA,NA,NA,NA,NA,NA,NA,NA,NA,NA,NA,NA,TARGET_GONE,identity no longer active
2026-10-02T16:04:17Z,APP_21637_3022645,21637,3022645,14,440,201.499,0,0,-1,-1,0,0.999931461,NA,NA,70.000000000,MEASURED_CPU_FAULT,CPU;INTERVAL_FAULTS,NA,NA,NA,NA,NA,NA,NA,NA,NA,NA,NA,NA,NA,NA,NA,NA,NA,NA,NA,NA,NA,NA,NA,TARGET_GONE,identity no longer active
2026-10-02T16:04:18Z,APP_21637_3022645,21637,3022645,14,441,197.807,0,0,-1,-1,0,0.999931461,NA,NA,70.000000000,MEASURED_CPU_FAULT,CPU;INTERVAL_FAULTS,NA,NA,NA,NA,NA,NA,NA,NA,NA,NA,NA,NA,NA,NA,NA,NA,NA,NA,NA,NA,NA,NA,NA,TARGET_GONE,identity no longer active
2026-10-02T16:04:18Z,APP_21637_3022645,21637,3022645,14,442,200.897,0,0,-1,-1,0,0.999931461,NA,NA,70.000000000,MEASURED_CPU_FAULT,CPU;INTERVAL_FAULTS,NA,NA,NA,NA,NA,NA,NA,NA,NA,NA,NA,NA,NA,NA,NA,NA,NA,NA,NA,NA,NA,NA,NA,TARGET_GONE,identity no longer active
2026-10-02T16:04:18Z,APP_21637_3022645,21637,3022645,14,443,199.555,0,0,-1,-1,0,0.999931461,NA,NA,70.000000000,MEASURED_CPU_FAULT,CPU;INTERVAL_FAULTS,NA,NA,NA,NA,NA,NA,NA,NA,NA,NA,NA,NA,NA,NA,NA,NA,NA,NA,NA,NA,NA,NA,NA,TARGET_GONE,identity no longer active
2026-10-02T16:04:18Z,APP_21637_3022645,21637,3022645,14,444,191.617,0,0,-1,-1,0,0.999931461,NA,NA,70.000000000,MEASURED_CPU_FAULT,CPU;INTERVAL_FAULTS,NA,NA,NA,NA,NA,NA,NA,NA,NA,NA,NA,NA,NA,NA,NA,NA,NA,NA,NA,NA,NA,NA,NA,TARGET_GONE,identity no longer active
2026-10-02T16:04:18Z,APP_21637_3022645,21637,3022645,14,445,201.499,0,0,-1,-1,0,0.999931461,NA,NA,70.000000000,MEASURED_CPU_FAULT,CPU;INTERVAL_FAULTS,NA,NA,NA,NA,NA,NA,NA,NA,NA,NA,NA,NA,NA,NA,NA,NA,NA,NA,NA,NA,NA,NA,NA,TARGET_GONE,identity no longer active
2026-10-02T16:04:18Z,APP_21637_3022645,21637,3022645,14,446,198.393,0,0,-1,-1,0,0.999931461,NA,NA,70.000000000,MEASURED_CPU_FAULT,CPU;INTERVAL_FAULTS,NA,NA,NA,NA,NA,NA,NA,NA,NA,NA,NA,NA,NA,NA,NA,NA,NA,NA,NA,NA,NA,NA,NA,TARGET_GONE,identity no longer active
2026-10-02T16:04:18Z,APP_21637_3022645,21637,3022645,14,447,201.802,0,0,-1,-1,0,0.999931461,NA,NA,70.000000000,MEASURED_CPU_FAULT,CPU;INTERVAL_FAULTS,NA,NA,NA,NA,NA,NA,NA,NA,NA,NA,NA,NA,NA,NA,NA,NA,NA,NA,NA,NA,NA,NA,NA,TARGET_GONE,identity no longer active
2026-10-02T16:04:18Z,APP_21637_3022645,21637,3022645,14,448,203.175,0,0,-1,-1,0,0.999931461,NA,NA,70.000000000,MEASURED_CPU_FAULT,CPU;INTERVAL_FAULTS,NA,NA,NA,NA,NA,NA,NA,NA,NA,NA,NA,NA,NA,NA,NA,NA,NA,NA,NA,NA,NA,NA,NA,TARGET_GONE,identity no longer active
2026-10-02T16:04:19Z,APP_21637_3022645,21637,3022645,14,449,201.802,0,0,-1,-1,0,0.999931461,NA,NA,70.000000000,MEASURED_CPU_FAULT,CPU;INTERVAL_FAULTS,NA,NA,NA,NA,NA,NA,NA,NA,NA,NA,NA,NA,NA,NA,NA,NA,NA,NA,NA,NA,NA,NA,NA,TARGET_GONE,identity no longer active
2026-10-02T16:04:19Z,APP_21637_3022645,21637,3022645,14,450,197.413,0,0,-1,-1,0,0.999931461,NA,NA,70.000000000,MEASURED_CPU_FAULT,CPU;INTERVAL_FAULTS,NA,NA,NA,NA,NA,NA,NA,NA,NA,NA,NA,NA,NA,NA,NA,NA,NA,NA,NA,NA,NA,NA,NA,TARGET_GONE,identity no longer active
2026-10-02T16:04:19Z,APP_21637_3022645,21637,3022645,14,451,201.499,0,0,-1,-1,0,0.999931461,NA,NA,70.000000000,MEASURED_CPU_FAULT,CPU;INTERVAL_FAULTS,NA,NA,NA,NA,NA,NA,NA,NA,NA,NA,NA,NA,NA,NA,NA,NA,NA,NA,NA,NA,NA,NA,NA,TARGET_GONE,identity no longer active
2026-10-02T16:04:19Z,APP_21637_3022645,21637,3022645,14,452,203.262,0,0,-1,-1,0,0.999931461,NA,NA,70.000000000,MEASURED_CPU_FAULT,CPU;INTERVAL_FAULTS,NA,NA,NA,NA,NA,NA,NA,NA,NA,NA,NA,NA,NA,NA,NA,NA,NA,NA,NA,NA,NA,NA,NA,TARGET_GONE,identity no longer active
2026-10-02T16:04:19Z,APP_21637_3022645,21637,3022645,14,453,201.499,0,0,-1,-1,0,0.999931461,NA,NA,70.000000000,MEASURED_CPU_FAULT,CPU;INTERVAL_FAULTS,NA,NA,NA,NA,NA,NA,NA,NA,NA,NA,NA,NA,NA,NA,NA,NA,NA,NA,NA,NA,NA,NA,NA,TARGET_GONE,identity no longer active
2026-10-02T16:04:19Z,APP_21637_3022645,21637,3022645,14,454,197.610,0,0,-1,-1,0,0.999931461,NA,NA,70.000000000,MEASURED_CPU_FAULT,CPU;INTERVAL_FAULTS,NA,NA,NA,NA,NA,NA,NA,NA,NA,NA,NA,NA,NA,NA,NA,NA,NA,NA,NA,NA,NA,NA,NA,TARGET_GONE,identity no longer active
2026-10-02T16:04:19Z,APP_21637_3022645,21637,3022645,14,455,201.499,0,0,-1,-1,0,0.999931461,NA,NA,70.000000000,MEASURED_CPU_FAULT,CPU;INTERVAL_FAULTS,NA,NA,NA,NA,NA,NA,NA,NA,NA,NA,NA,NA,NA,NA,NA,NA,NA,NA,NA,NA,NA,NA,NA,TARGET_GONE,identity no longer active
2026-10-02T16:04:20Z,APP_21637_3022645,21637,3022645,14,456,197.610,0,0,-1,-1,0,0.999931461,NA,NA,70.000000000,MEASURED_CPU_FAULT,CPU;INTERVAL_FAULTS,NA,NA,NA,NA,NA,NA,NA,NA,NA,NA,NA,NA,NA,NA,NA,NA,NA,NA,NA,NA,NA,NA,NA,TARGET_GONE,identity no longer active
2026-10-02T16:04:20Z,APP_21637_3022645,21637,3022645,14,457,201.499,0,0,-1,-1,0,0.999931461,NA,NA,70.000000000,MEASURED_CPU_FAULT,CPU;INTERVAL_FAULTS,NA,NA,NA,NA,NA,NA,NA,NA,NA,NA,NA,NA,NA,NA,NA,NA,NA,NA,NA,NA,NA,NA,NA,TARGET_GONE,identity no longer active
2026-10-02T16:04:20Z,APP_21637_3022645,21637,3022645,14,458,202.973,0,0,-1,-1,0,0.999931461,NA,NA,70.000000000,MEASURED_CPU_FAULT,CPU;INTERVAL_FAULTS,NA,NA,NA,NA,NA,NA,NA,NA,NA,NA,NA,NA,NA,NA,NA,NA,NA,NA,NA,NA,NA,NA,NA,TARGET_GONE,identity no longer active
2026-10-02T16:04:20Z,APP_21637_3022645,21637,3022645,14,459,191.904,0,0,-1,-1,0,0.999931461,NA,NA,70.000000000,MEASURED_CPU_FAULT,CPU;INTERVAL_FAULTS,NA,NA,NA,NA,NA,NA,NA,NA,NA,NA,NA,NA,NA,NA,NA,NA,NA,NA,NA,NA,NA,NA,NA,TARGET_GONE,identity no longer active
2026-10-02T16:04:20Z,APP_21637_3022645,21637,3022645,14,460,201.942,0,0,-1,-1,0,0.999931461,NA,NA,70.000000000,MEASURED_CPU_FAULT,CPU;INTERVAL_FAULTS,NA,NA,NA,NA,NA,NA,NA,NA,NA,NA,NA,NA,NA,NA,NA,NA,NA,NA,NA,NA,NA,NA,NA,TARGET_GONE,identity no longer active
2026-10-02T16:04:20Z,APP_21637_3022645,21637,3022645,14,461,191.617,0,0,-1,-1,0,0.999931461,NA,NA,70.000000000,MEASURED_CPU_FAULT,CPU;INTERVAL_FAULTS,NA,NA,NA,NA,NA,NA,NA,NA,NA,NA,NA,NA,NA,NA,NA,NA,NA,NA,NA,NA,NA,NA,NA,TARGET_GONE,identity no longer active
2026-10-02T16:04:20Z,APP_21637_3022645,21637,3022645,14,462,201.802,0,0,-1,-1,0,0.999931461,NA,NA,70.000000000,MEASURED_CPU_FAULT,CPU;INTERVAL_FAULTS,NA,NA,NA,NA,NA,NA,NA,NA,NA,NA,NA,NA,NA,NA,NA,NA,NA,NA,NA,NA,NA,NA,NA,TARGET_GONE,identity no longer active
2026-10-02T16:04:20Z,APP_21637_3022645,21637,3022645,14,463,198.331,0,0,-1,-1,0,0.999931461,NA,NA,70.000000000,MEASURED_CPU_FAULT,CPU;INTERVAL_FAULTS,NA,NA,NA,NA,NA,NA,NA,NA,NA,NA,NA,NA,NA,NA,NA,NA,NA,NA,NA,NA,NA,NA,NA,TARGET_GONE,identity no longer active
2026-10-02T16:04:20Z,APP_21637_3022645,21637,3022645,14,464,201.499,0,0,-1,-1,0,0.999931461,NA,NA,70.000000000,MEASURED_CPU_FAULT,CPU;INTERVAL_FAULTS,NA,NA,NA,NA,NA,NA,NA,NA,NA,NA,NA,NA,NA,NA,NA,NA,NA,NA,NA,NA,NA,NA,NA,TARGET_GONE,identity no longer active
2026-10-02T16:04:21Z,APP_21637_3022645,21637,3022645,14,465,197.413,0,0,-1,-1,0,0.999931461,NA,NA,70.000000000,MEASURED_CPU_FAULT,CPU;INTERVAL_FAULTS,NA,NA,NA,NA,NA,NA,NA,NA,NA,NA,NA,NA,NA,NA,NA,NA,NA,NA,NA,NA,NA,NA,NA,TARGET_GONE,identity no longer active
2026-10-02T16:04:21Z,APP_21637_3022645,21637,3022645,14,466,201.499,0,0,-1,-1,0,0.999931461,NA,NA,70.000000000,MEASURED_CPU_FAULT,CPU;INTERVAL_FAULTS,NA,NA,NA,NA,NA,NA,NA,NA,NA,NA,NA,NA,NA,NA,NA,NA,NA,NA,NA,NA,NA,NA,NA,TARGET_GONE,identity no longer active
2026-10-02T16:04:21Z,APP_21637_3022645,21637,3022645,14,467,203.579,0,0,-1,-1,0,0.999931461,NA,NA,70.000000000,MEASURED_CPU_FAULT,CPU;INTERVAL_FAULTS,NA,NA,NA,NA,NA,NA,NA,NA,NA,NA,NA,NA,NA,NA,NA,NA,NA,NA,NA,NA,NA,NA,NA,TARGET_GONE,identity no longer active
2026-10-02T16:04:21Z,APP_21637_3022645,21637,3022645,14,468,201.499,0,0,-1,-1,0,0.999931461,NA,NA,70.000000000,MEASURED_CPU_FAULT,CPU;INTERVAL_FAULTS,NA,NA,NA,NA,NA,NA,NA,NA,NA,NA,NA,NA,NA,NA,NA,NA,NA,NA,NA,NA,NA,NA,NA,TARGET_GONE,identity no longer active
2026-10-02T16:04:21Z,APP_21637_3022645,21637,3022645,14,469,199.555,0,0,-1,-1,0,0.999931461,NA,NA,70.000000000,MEASURED_CPU_FAULT,CPU;INTERVAL_FAULTS,NA,NA,NA,NA,NA,NA,NA,NA,NA,NA,NA,NA,NA,NA,NA,NA,NA,NA,NA,NA,NA,NA,NA,TARGET_GONE,identity no longer active
2026-10-02T16:04:21Z,APP_21637_3022645,21637,3022645,14,470,192.192,0,0,-1,-1,0,0.999931461,NA,NA,70.000000000,MEASURED_CPU_FAULT,CPU;INTERVAL_FAULTS,NA,NA,NA,NA,NA,NA,NA,NA,NA,NA,NA,NA,NA,NA,NA,NA,NA,NA,NA,NA,NA,NA,NA,TARGET_GONE,identity no longer active
2026-10-02T16:04:21Z,APP_21637_3022645,21637,3022645,14,471,200.897,0,0,-1,-1,0,0.999931461,NA,NA,70.000000000,MEASURED_CPU_FAULT,CPU;INTERVAL_FAULTS,NA,NA,NA,NA,NA,NA,NA,NA,NA,NA,NA,NA,NA,NA,NA,NA,NA,NA,NA,NA,NA,NA,NA,TARGET_GONE,identity no longer active
2026-10-02T16:04:22Z,APP_21637_3022645,21637,3022645,14,472,198.568,0,0,-1,-1,0,0.999931461,NA,NA,70.000000000,MEASURED_CPU_FAULT,CPU;INTERVAL_FAULTS,NA,NA,NA,NA,NA,NA,NA,NA,NA,NA,NA,NA,NA,NA,NA,NA,NA,NA,NA,NA,NA,NA,NA,TARGET_GONE,identity no longer active
2026-10-02T16:04:22Z,APP_21637_3022645,21637,3022645,14,473,201.198,0,0,-1,-1,0,0.999931461,NA,NA,70.000000000,MEASURED_CPU_FAULT,CPU;INTERVAL_FAULTS,NA,NA,NA,NA,NA,NA,NA,NA,NA,NA,NA,NA,NA,NA,NA,NA,NA,NA,NA,NA,NA,NA,NA,TARGET_GONE,identity no longer active
2026-10-02T16:04:22Z,APP_21637_3022645,21637,3022645,14,474,203.376,0,0,-1,-1,0,0.999931461,NA,NA,70.000000000,MEASURED_CPU_FAULT,CPU;INTERVAL_FAULTS,NA,NA,NA,NA,NA,NA,NA,NA,NA,NA,NA,NA,NA,NA,NA,NA,NA,NA,NA,NA,NA,NA,NA,TARGET_GONE,identity no longer active
2026-10-02T16:04:22Z,APP_21637_3022645,21637,3022645,14,475,201.198,0,0,-1,-1,0,0.999931461,NA,NA,70.000000000,MEASURED_CPU_FAULT,CPU;INTERVAL_FAULTS,NA,NA,NA,NA,NA,NA,NA,NA,NA,NA,NA,NA,NA,NA,NA,NA,NA,NA,NA,NA,NA,NA,NA,TARGET_GONE,identity no longer active
2026-10-02T16:04:22Z,APP_21637_3022645,21637,3022645,14,476,197.413,0,0,-1,-1,0,0.999931461,NA,NA,70.000000000,MEASURED_CPU_FAULT,CPU;INTERVAL_FAULTS,NA,NA,NA,NA,NA,NA,NA,NA,NA,NA,NA,NA,NA,NA,NA,NA,NA,NA,NA,NA,NA,NA,NA,TARGET_GONE,identity no longer active
2026-10-02T16:04:22Z,APP_21637_3022645,21637,3022645,14,477,201.499,0,0,-1,-1,0,0.999931461,NA,NA,70.000000000,MEASURED_CPU_FAULT,CPU;INTERVAL_FAULTS,NA,NA,NA,NA,NA,NA,NA,NA,NA,NA,NA,NA,NA,NA,NA,NA,NA,NA,NA,NA,NA,NA,NA,TARGET_GONE,identity no longer active
2026-10-02T16:04:22Z,APP_21637_3022645,21637,3022645,14,478,200.805,0,0,-1,-1,0,0.999931461,NA,NA,70.000000000,MEASURED_CPU_FAULT,CPU;INTERVAL_FAULTS,NA,NA,NA,NA,NA,NA,NA,NA,NA,NA,NA,NA,NA,NA,NA,NA,NA,NA,NA,NA,NA,NA,NA,TARGET_GONE,identity no longer active
2026-10-02T16:04:22Z,APP_21637_3022645,21637,3022645,14,479,192.192,0,0,-1,-1,0,0.999931461,NA,NA,70.000000000,MEASURED_CPU_FAULT,CPU;INTERVAL_FAULTS,NA,NA,NA,NA,NA,NA,NA,NA,NA,NA,NA,NA,NA,NA,NA,NA,NA,NA,NA,NA,NA,NA,NA,TARGET_GONE,identity no longer active
2026-10-02T16:04:22Z,APP_21637_3022645,21637,3022645,14,480,201.499,0,0,-1,-1,0,0.999931461,NA,NA,70.000000000,MEASURED_CPU_FAULT,CPU;INTERVAL_FAULTS,NA,NA,NA,NA,NA,NA,NA,NA,NA,NA,NA,NA,NA,NA,NA,NA,NA,NA,NA,NA,NA,NA,NA,TARGET_GONE,identity no longer active
2026-10-02T16:04:23Z,APP_21637_3022645,21637,3022645,14,481,206.205,0,0,-1,-1,0,0.999931461,NA,NA,70.000000000,MEASURED_CPU_FAULT,CPU;INTERVAL_FAULTS,NA,NA,NA,NA,NA,NA,NA,NA,NA,NA,NA,NA,NA,NA,NA,NA,NA,NA,NA,NA,NA,NA,NA,TARGET_GONE,identity no longer active
2026-10-02T16:04:23Z,APP_21637_3022645,21637,3022645,14,482,192.192,0,0,-1,-1,0,0.999931461,NA,NA,70.000000000,MEASURED_CPU_FAULT,CPU;INTERVAL_FAULTS,NA,NA,NA,NA,NA,NA,NA,NA,NA,NA,NA,NA,NA,NA,NA,NA,NA,NA,NA,NA,NA,NA,NA,TARGET_GONE,identity no longer active
2026-10-02T16:04:23Z,APP_21637_3022645,21637,3022645,14,483,203.175,0,0,-1,-1,0,0.999931461,NA,NA,70.000000000,MEASURED_CPU_FAULT,CPU;INTERVAL_FAULTS,NA,NA,NA,NA,NA,NA,NA,NA,NA,NA,NA,NA,NA,NA,NA,NA,NA,NA,NA,NA,NA,NA,NA,TARGET_GONE,identity no longer active
2026-10-02T16:04:23Z,APP_21637_3022645,21637,3022645,14,484,192.481,0,0,-1,-1,0,0.999931461,NA,NA,70.000000000,MEASURED_CPU_FAULT,CPU;INTERVAL_FAULTS,NA,NA,NA,NA,NA,NA,NA,NA,NA,NA,NA,NA,NA,NA,NA,NA,NA,NA,NA,NA,NA,NA,NA,TARGET_GONE,identity no longer active
2026-10-02T16:04:23Z,APP_21637_3022645,21637,3022645,14,485,203.781,0,0,-1,-1,0,0.999931461,NA,NA,70.000000000,MEASURED_CPU_FAULT,CPU;INTERVAL_FAULTS,NA,NA,NA,NA,NA,NA,NA,NA,NA,NA,NA,NA,NA,NA,NA,NA,NA,NA,NA,NA,NA,NA,NA,TARGET_GONE,identity no longer active
2026-10-02T16:04:23Z,APP_21637_3022645,21637,3022645,14,486,191.904,0,0,-1,-1,0,0.999931461,NA,NA,70.000000000,MEASURED_CPU_FAULT,CPU;INTERVAL_FAULTS,NA,NA,NA,NA,NA,NA,NA,NA,NA,NA,NA,NA,NA,NA,NA,NA,NA,NA,NA,NA,NA,NA,NA,TARGET_GONE,identity no longer active
2026-10-02T16:04:23Z,APP_21637_3022645,21637,3022645,14,487,202.157,0,0,-1,-1,0,0.999931461,NA,NA,70.000000000,MEASURED_CPU_FAULT,CPU;INTERVAL_FAULTS,NA,NA,NA,NA,NA,NA,NA,NA,NA,NA,NA,NA,NA,NA,NA,NA,NA,NA,NA,NA,NA,NA,NA,TARGET_GONE,identity no longer active
2026-10-02T16:04:23Z,APP_21637_3022645,21637,3022645,14,488,211.411,0,0,-1,-1,0,0.999931461,NA,NA,70.000000000,MEASURED_CPU_FAULT,CPU;INTERVAL_FAULTS,NA,NA,NA,NA,NA,NA,NA,NA,NA,NA,NA,NA,NA,NA,NA,NA,NA,NA,NA,NA,NA,NA,NA,TARGET_GONE,identity no longer active
2026-10-02T16:04:24Z,APP_21637_3022645,21637,3022645,14,489,191.904,0,0,-1,-1,0,0.999931461,NA,NA,70.000000000,MEASURED_CPU_FAULT,CPU;INTERVAL_FAULTS,NA,NA,NA,NA,NA,NA,NA,NA,NA,NA,NA,NA,NA,NA,NA,NA,NA,NA,NA,NA,NA,NA,NA,TARGET_GONE,identity no longer active
2026-10-02T16:04:24Z,APP_21637_3022645,21637,3022645,14,490,205.470,0,0,-1,-1,0,0.999931461,NA,NA,70.000000000,MEASURED_CPU_FAULT,CPU;INTERVAL_FAULTS,NA,NA,NA,NA,NA,NA,NA,NA,NA,NA,NA,NA,NA,NA,NA,NA,NA,NA,NA,NA,NA,NA,NA,TARGET_GONE,identity no longer active
2026-10-02T16:04:24Z,APP_21637_3022645,21637,3022645,14,491,201.802,0,0,-1,-1,0,0.999931461,NA,NA,70.000000000,MEASURED_CPU_FAULT,CPU;INTERVAL_FAULTS,NA,NA,NA,NA,NA,NA,NA,NA,NA,NA,NA,NA,NA,NA,NA,NA,NA,NA,NA,NA,NA,NA,NA,TARGET_GONE,identity no longer active
2026-10-02T16:04:24Z,APP_21637_3022645,21637,3022645,14,492,197.217,0,0,-1,-1,0,0.999931461,NA,NA,70.000000000,MEASURED_CPU_FAULT,CPU;INTERVAL_FAULTS,NA,NA,NA,NA,NA,NA,NA,NA,NA,NA,NA,NA,NA,NA,NA,NA,NA,NA,NA,NA,NA,NA,NA,TARGET_GONE,identity no longer active
2026-10-02T16:04:24Z,APP_21637_3022645,21637,3022645,14,493,201.499,0,0,-1,-1,0,0.999931461,NA,NA,70.000000000,MEASURED_CPU_FAULT,CPU;INTERVAL_FAULTS,NA,NA,NA,NA,NA,NA,NA,NA,NA,NA,NA,NA,NA,NA,NA,NA,NA,NA,NA,NA,NA,NA,NA,TARGET_GONE,identity no longer active
2026-10-02T16:04:24Z,APP_21637_3022645,21637,3022645,14,494,203.376,0,0,-1,-1,0,0.999931461,NA,NA,70.000000000,MEASURED_CPU_FAULT,CPU;INTERVAL_FAULTS,NA,NA,NA,NA,NA,NA,NA,NA,NA,NA,NA,NA,NA,NA,NA,NA,NA,NA,NA,NA,NA,NA,NA,TARGET_GONE,identity no longer active
2026-10-02T16:04:24Z,APP_21637_3022645,21637,3022645,14,495,191.904,0,0,-1,-1,0,0.999931461,NA,NA,70.000000000,MEASURED_CPU_FAULT,CPU;INTERVAL_FAULTS,NA,NA,NA,NA,NA,NA,NA,NA,NA,NA,NA,NA,NA,NA,NA,NA,NA,NA,NA,NA,NA,NA,NA,TARGET_GONE,identity no longer active
2026-10-02T16:04:25Z,APP_21637_3022645,21637,3022645,14,496,200.149,0,0,-1,-1,0,0.999931461,NA,NA,70.000000000,MEASURED_CPU_FAULT,CPU;INTERVAL_FAULTS,NA,NA,NA,NA,NA,NA,NA,NA,NA,NA,NA,NA,NA,NA,NA,NA,NA,NA,NA,NA,NA,NA,NA,TARGET_GONE,identity no longer active
2026-10-02T16:04:25Z,APP_21637_3022645,21637,3022645,14,497,191.617,0,0,-1,-1,0,0.999931461,NA,NA,70.000000000,MEASURED_CPU_FAULT,CPU;INTERVAL_FAULTS,NA,NA,NA,NA,NA,NA,NA,NA,NA,NA,NA,NA,NA,NA,NA,NA,NA,NA,NA,NA,NA,NA,NA,TARGET_GONE,identity no longer active
2026-10-02T16:04:25Z,APP_21637_3022645,21637,3022645,14,498,201.499,0,0,-1,-1,0,0.999931461,NA,NA,70.000000000,MEASURED_CPU_FAULT,CPU;INTERVAL_FAULTS,NA,NA,NA,NA,NA,NA,NA,NA,NA,NA,NA,NA,NA,NA,NA,NA,NA,NA,NA,NA,NA,NA,NA,TARGET_GONE,identity no longer active
2026-10-02T16:04:25Z,APP_21637_3022645,21637,3022645,14,499,206.205,0,0,-1,-1,0,0.999931461,NA,NA,70.000000000,MEASURED_CPU_FAULT,CPU;INTERVAL_FAULTS,NA,NA,NA,NA,NA,NA,NA,NA,NA,NA,NA,NA,NA,NA,NA,NA,NA,NA,NA,NA,NA,NA,NA,TARGET_GONE,identity no longer active
2026-10-02T16:04:25Z,APP_21637_3022645,21637,3022645,14,500,191.904,0,0,-1,-1,0,0.999931461,NA,NA,70.000000000,MEASURED_CPU_FAULT,CPU;INTERVAL_FAULTS,NA,NA,NA,NA,NA,NA,NA,NA,NA,NA,NA,NA,NA,NA,NA,NA,NA,NA,NA,NA,NA,NA,NA,TARGET_GONE,identity no longer active
2026-10-02T16:04:25Z,APP_21637_3022645,21637,3022645,14,501,203.984,0,0,-1,-1,0,0.999931461,NA,NA,70.000000000,MEASURED_CPU_FAULT,CPU;INTERVAL_FAULTS,NA,NA,NA,NA,NA,NA,NA,NA,NA,NA,NA,NA,NA,NA,NA,NA,NA,NA,NA,NA,NA,NA,NA,TARGET_GONE,identity no longer active
2026-10-02T16:04:25Z,APP_21637_3022645,21637,3022645,14,502,191.904,0,0,-1,-1,0,0.999931461,NA,NA,70.000000000,MEASURED_CPU_FAULT,CPU;INTERVAL_FAULTS,NA,NA,NA,NA,NA,NA,NA,NA,NA,NA,NA,NA,NA,NA,NA,NA,NA,NA,NA,NA,NA,NA,NA,TARGET_GONE,identity no longer active
2026-10-02T16:04:25Z,APP_21637_3022645,21637,3022645,14,503,203.376,0,0,-1,-1,0,0.999931461,NA,NA,70.000000000,MEASURED_CPU_FAULT,CPU;INTERVAL_FAULTS,NA,NA,NA,NA,NA,NA,NA,NA,NA,NA,NA,NA,NA,NA,NA,NA,NA,NA,NA,NA,NA,NA,NA,TARGET_GONE,identity no longer active
2026-10-02T16:04:25Z,APP_21637_3022645,21637,3022645,14,504,201.802,0,0,-1,-1,0,0.999931461,NA,NA,70.000000000,MEASURED_CPU_FAULT,CPU;INTERVAL_FAULTS,NA,NA,NA,NA,NA,NA,NA,NA,NA,NA,NA,NA,NA,NA,NA,NA,NA,NA,NA,NA,NA,NA,NA,TARGET_GONE,identity no longer active
2026-10-02T16:04:26Z,APP_21637_3022645,21637,3022645,14,505,197.531,0,0,-1,-1,0,0.999931461,NA,NA,70.000000000,MEASURED_CPU_FAULT,CPU;INTERVAL_FAULTS,NA,NA,NA,NA,NA,NA,NA,NA,NA,NA,NA,NA,NA,NA,NA,NA,NA,NA,NA,NA,NA,NA,NA,TARGET_GONE,identity no longer active
2026-10-02T16:04:26Z,APP_21637_3022645,21637,3022645,14,506,210.778,0,0,-1,-1,0,0.999931461,NA,NA,70.000000000,MEASURED_CPU_FAULT,CPU;INTERVAL_FAULTS,NA,NA,NA,NA,NA,NA,NA,NA,NA,NA,NA,NA,NA,NA,NA,NA,NA,NA,NA,NA,NA,NA,NA,TARGET_GONE,identity no longer active
2026-10-02T16:04:26Z,APP_21637_3022645,21637,3022645,14,507,201.499,0,0,-1,-1,0,0.999931461,NA,NA,70.000000000,MEASURED_CPU_FAULT,CPU;INTERVAL_FAULTS,NA,NA,NA,NA,NA,NA,NA,NA,NA,NA,NA,NA,NA,NA,NA,NA,NA,NA,NA,NA,NA,NA,NA,TARGET_GONE,identity no longer active
2026-10-02T16:04:26Z,APP_21637_3022645,21637,3022645,14,508,198.568,0,0,-1,-1,0,0.999931461,NA,NA,70.000000000,MEASURED_CPU_FAULT,CPU;INTERVAL_FAULTS,NA,NA,NA,NA,NA,NA,NA,NA,NA,NA,NA,NA,NA,NA,NA,NA,NA,NA,NA,NA,NA,NA,NA,TARGET_GONE,identity no longer active
2026-10-02T16:04:26Z,APP_21637_3022645,21637,3022645,14,509,201.198,0,0,-1,-1,0,0.999931461,NA,NA,70.000000000,MEASURED_CPU_FAULT,CPU;INTERVAL_FAULTS,NA,NA,NA,NA,NA,NA,NA,NA,NA,NA,NA,NA,NA,NA,NA,NA,NA,NA,NA,NA,NA,NA,NA,TARGET_GONE,identity no longer active
2026-10-02T16:04:26Z,APP_21637_3022645,21637,3022645,14,510,203.376,0,0,-1,-1,0,0.999931461,NA,NA,70.000000000,MEASURED_CPU_FAULT,CPU;INTERVAL_FAULTS,NA,NA,NA,NA,NA,NA,NA,NA,NA,NA,NA,NA,NA,NA,NA,NA,NA,NA,NA,NA,NA,NA,NA,TARGET_GONE,identity no longer active
2026-10-02T16:04:26Z,APP_21637_3022645,21637,3022645,14,511,191.904,0,0,-1,-1,0,0.999931461,NA,NA,70.000000000,MEASURED_CPU_FAULT,CPU;INTERVAL_FAULTS,NA,NA,NA,NA,NA,NA,NA,NA,NA,NA,NA,NA,NA,NA,NA,NA,NA,NA,NA,NA,NA,NA,NA,TARGET_GONE,identity no longer active
2026-10-02T16:04:26Z,APP_21637_3022645,21637,3022645,14,512,203.781,0,0,-1,-1,0,0.999931461,NA,NA,70.000000000,MEASURED_CPU_FAULT,CPU;INTERVAL_FAULTS,NA,NA,NA,NA,NA,NA,NA,NA,NA,NA,NA,NA,NA,NA,NA,NA,NA,NA,NA,NA,NA,NA,NA,TARGET_GONE,identity no longer active
2026-10-02T16:04:27Z,APP_21637_3022645,21637,3022645,14,513,191.617,0,0,-1,-1,0,0.999931461,NA,NA,70.000000000,MEASURED_CPU_FAULT,CPU;INTERVAL_FAULTS,NA,NA,NA,NA,NA,NA,NA,NA,NA,NA,NA,NA,NA,NA,NA,NA,NA,NA,NA,NA,NA,NA,NA,TARGET_GONE,identity no longer active
2026-10-02T16:04:27Z,APP_21637_3022645,21637,3022645,14,514,201.575,0,0,-1,-1,0,0.999931461,NA,NA,70.000000000,MEASURED_CPU_FAULT,CPU;INTERVAL_FAULTS,NA,NA,NA,NA,NA,NA,NA,NA,NA,NA,NA,NA,NA,NA,NA,NA,NA,NA,NA,NA,NA,NA,NA,TARGET_GONE,identity no longer active
2026-10-02T16:04:27Z,APP_21637_3022645,21637,3022645,14,515,211.411,0,0,-1,-1,0,0.999931461,NA,NA,70.000000000,MEASURED_CPU_FAULT,CPU;INTERVAL_FAULTS,NA,NA,NA,NA,NA,NA,NA,NA,NA,NA,NA,NA,NA,NA,NA,NA,NA,NA,NA,NA,NA,NA,NA,TARGET_GONE,identity no longer active
2026-10-02T16:04:27Z,APP_21637_3022645,21637,3022645,14,516,201.802,0,0,-1,-1,0,0.999931461,NA,NA,70.000000000,MEASURED_CPU_FAULT,CPU;INTERVAL_FAULTS,NA,NA,NA,NA,NA,NA,NA,NA,NA,NA,NA,NA,NA,NA,NA,NA,NA,NA,NA,NA,NA,NA,NA,TARGET_GONE,identity no longer active
2026-10-02T16:04:27Z,APP_21637_3022645,21637,3022645,14,517,198.095,0,0,-1,-1,0,0.999931461,NA,NA,70.000000000,MEASURED_CPU_FAULT,CPU;INTERVAL_FAULTS,NA,NA,NA,NA,NA,NA,NA,NA,NA,NA,NA,NA,NA,NA,NA,NA,NA,NA,NA,NA,NA,NA,NA,TARGET_GONE,identity no longer active
2026-10-02T16:04:27Z,APP_21637_3022645,21637,3022645,14,518,201.802,0,0,-1,-1,0,0.999931461,NA,NA,70.000000000,MEASURED_CPU_FAULT,CPU;INTERVAL_FAULTS,NA,NA,NA,NA,NA,NA,NA,NA,NA,NA,NA,NA,NA,NA,NA,NA,NA,NA,NA,NA,NA,NA,NA,TARGET_GONE,identity no longer active
2026-10-02T16:04:27Z,APP_21637_3022645,21637,3022645,14,519,197.413,0,0,-1,-1,0,0.999931461,NA,NA,70.000000000,MEASURED_CPU_FAULT,CPU;INTERVAL_FAULTS,NA,NA,NA,NA,NA,NA,NA,NA,NA,NA,NA,NA,NA,NA,NA,NA,NA,NA,NA,NA,NA,NA,NA,TARGET_GONE,identity no longer active
2026-10-02T16:04:27Z,APP_21637_3022645,21637,3022645,14,520,201.499,0,0,-1,-1,0,0.999931461,NA,NA,70.000000000,MEASURED_CPU_FAULT,CPU;INTERVAL_FAULTS,NA,NA,NA,NA,NA,NA,NA,NA,NA,NA,NA,NA,NA,NA,NA,NA,NA,NA,NA,NA,NA,NA,NA,TARGET_GONE,identity no longer active
2026-10-02T16:04:28Z,APP_21637_3022645,21637,3022645,14,521,198.066,0,0,-1,-1,0,0.999931461,NA,NA,70.000000000,MEASURED_CPU_FAULT,CPU;INTERVAL_FAULTS,NA,NA,NA,NA,NA,NA,NA,NA,NA,NA,NA,NA,NA,NA,NA,NA,NA,NA,NA,NA,NA,NA,NA,TARGET_GONE,identity no longer active
2026-10-02T16:04:28Z,APP_21637_3022645,21637,3022645,14,522,201.198,0,0,-1,-1,0,0.999931461,NA,NA,70.000000000,MEASURED_CPU_FAULT,CPU;INTERVAL_FAULTS,NA,NA,NA,NA,NA,NA,NA,NA,NA,NA,NA,NA,NA,NA,NA,NA,NA,NA,NA,NA,NA,NA,NA,TARGET_GONE,identity no longer active
2026-10-02T16:04:28Z,APP_21637_3022645,21637,3022645,14,523,198.621,0,0,-1,-1,0,0.999931461,NA,NA,70.000000000,MEASURED_CPU_FAULT,CPU;INTERVAL_FAULTS,NA,NA,NA,NA,NA,NA,NA,NA,NA,NA,NA,NA,NA,NA,NA,NA,NA,NA,NA,NA,NA,NA,NA,TARGET_GONE,identity no longer active
2026-10-02T16:04:28Z,APP_21637_3022645,21637,3022645,14,524,211.411,0,0,-1,-1,0,0.999931461,NA,NA,70.000000000,MEASURED_CPU_FAULT,CPU;INTERVAL_FAULTS,NA,NA,NA,NA,NA,NA,NA,NA,NA,NA,NA,NA,NA,NA,NA,NA,NA,NA,NA,NA,NA,NA,NA,TARGET_GONE,identity no longer active
2026-10-02T16:04:28Z,APP_21637_3022645,21637,3022645,14,525,201.499,0,0,-1,-1,0,0.999931461,NA,NA,70.000000000,MEASURED_CPU_FAULT,CPU;INTERVAL_FAULTS,NA,NA,NA,NA,NA,NA,NA,NA,NA,NA,NA,NA,NA,NA,NA,NA,NA,NA,NA,NA,NA,NA,NA,TARGET_GONE,identity no longer active
2026-10-02T16:04:28Z,APP_21637_3022645,21637,3022645,14,526,198.331,0,0,-1,-1,0,0.999931461,NA,NA,70.000000000,MEASURED_CPU_FAULT,CPU;INTERVAL_FAULTS,NA,NA,NA,NA,NA,NA,NA,NA,NA,NA,NA,NA,NA,NA,NA,NA,NA,NA,NA,NA,NA,NA,NA,TARGET_GONE,identity no longer active
2026-10-02T16:04:28Z,APP_21637_3022645,21637,3022645,14,527,201.198,0,0,-1,-1,0,0.999931461,NA,NA,70.000000000,MEASURED_CPU_FAULT,CPU;INTERVAL_FAULTS,NA,NA,NA,NA,NA,NA,NA,NA,NA,NA,NA,NA,NA,NA,NA,NA,NA,NA,NA,NA,NA,NA,NA,TARGET_GONE,identity no longer active
2026-10-02T16:04:28Z,APP_21637_3022645,21637,3022645,14,528,197.610,0,0,-1,-1,0,0.999931461,NA,NA,70.000000000,MEASURED_CPU_FAULT,CPU;INTERVAL_FAULTS,NA,NA,NA,NA,NA,NA,NA,NA,NA,NA,NA,NA,NA,NA,NA,NA,NA,NA,NA,NA,NA,NA,NA,TARGET_GONE,identity no longer active
2026-10-02T16:04:29Z,APP_21637_3022645,21637,3022645,14,529,201.499,0,0,-1,-1,0,0.999931461,NA,NA,70.000000000,MEASURED_CPU_FAULT,CPU;INTERVAL_FAULTS,NA,NA,NA,NA,NA,NA,NA,NA,NA,NA,NA,NA,NA,NA,NA,NA,NA,NA,NA,NA,NA,NA,NA,TARGET_GONE,identity no longer active
2026-10-02T16:04:29Z,APP_21637_3022645,21637,3022645,14,530,197.413,0,0,-1,-1,0,0.999931461,NA,NA,70.000000000,MEASURED_CPU_FAULT,CPU;INTERVAL_FAULTS,NA,NA,NA,NA,NA,NA,NA,NA,NA,NA,NA,NA,NA,NA,NA,NA,NA,NA,NA,NA,NA,NA,NA,TARGET_GONE,identity no longer active
2026-10-02T16:04:29Z,APP_21637_3022645,21637,3022645,14,531,211.094,0,0,-1,-1,0,0.999931461,NA,NA,70.000000000,MEASURED_CPU_FAULT,CPU;INTERVAL_FAULTS,NA,NA,NA,NA,NA,NA,NA,NA,NA,NA,NA,NA,NA,NA,NA,NA,NA,NA,NA,NA,NA,NA,NA,TARGET_GONE,identity no longer active
2026-10-02T16:04:13Z,APP_21637_3022645,21637,3022645,15,532,0.000,0,0,-1,-1,0,0.999931461,1,true,0.000000000,MEASURED_CPU_FAULT,CPU;INTERVAL_FAULTS,HOT,669.474315258,0.560000000,0.700000000,NA,NA,NA,NA,0.560000000,0.000000000,0.700000000,0.000000000,-1.000000000,1.232000000,NA,MOVE_THREAD,INVALID,NOT_APPLICABLE,INVALID,MOVE_THREAD,-1,-1,false,TARGET_GONE,identity no longer active
2026-10-02T16:04:14Z,APP_21637_3022645,21637,3022645,15,533,0.000,0,0,-1,-1,0,0.999931461,NA,NA,0.000000000,MEASURED_CPU_FAULT,CPU;INTERVAL_FAULTS,NA,NA,NA,NA,NA,NA,NA,NA,NA,NA,NA,NA,NA,NA,NA,NA,NA,NA,NA,NA,NA,NA,NA,TARGET_GONE,identity no longer active
2026-10-02T16:04:14Z,APP_21637_3022645,21637,3022645,15,534,0.000,0,0,-1,-1,0,0.999931461,NA,NA,0.000000000,MEASURED_CPU_FAULT,CPU;INTERVAL_FAULTS,NA,NA,NA,NA,NA,NA,NA,NA,NA,NA,NA,NA,NA,NA,NA,NA,NA,NA,NA,NA,NA,NA,NA,TARGET_GONE,identity no longer active
2026-10-02T16:04:14Z,APP_21637_3022645,21637,3022645,15,535,0.000,0,0,-1,-1,0,0.999931461,NA,NA,0.000000000,MEASURED_CPU_FAULT,CPU;INTERVAL_FAULTS,NA,NA,NA,NA,NA,NA,NA,NA,NA,NA,NA,NA,NA,NA,NA,NA,NA,NA,NA,NA,NA,NA,NA,TARGET_GONE,identity no longer active
2026-10-02T16:04:14Z,APP_21637_3022645,21637,3022645,15,536,0.000,0,0,-1,-1,0,0.999931461,NA,NA,0.000000000,MEASURED_CPU_FAULT,CPU;INTERVAL_FAULTS,NA,NA,NA,NA,NA,NA,NA,NA,NA,NA,NA,NA,NA,NA,NA,NA,NA,NA,NA,NA,NA,NA,NA,TARGET_GONE,identity no longer active
2026-10-02T16:04:14Z,APP_21637_3022645,21637,3022645,15,537,0.000,0,0,-1,-1,0,0.999931461,NA,NA,0.000000000,MEASURED_CPU_FAULT,CPU;INTERVAL_FAULTS,NA,NA,NA,NA,NA,NA,NA,NA,NA,NA,NA,NA,NA,NA,NA,NA,NA,NA,NA,NA,NA,NA,NA,TARGET_GONE,identity no longer active
2026-10-02T16:04:14Z,APP_21637_3022645,21637,3022645,15,538,0.000,0,0,-1,-1,0,0.999931461,NA,NA,0.000000000,MEASURED_CPU_FAULT,CPU;INTERVAL_FAULTS,NA,NA,NA,NA,NA,NA,NA,NA,NA,NA,NA,NA,NA,NA,NA,NA,NA,NA,NA,NA,NA,NA,NA,TARGET_GONE,identity no longer active
2026-10-02T16:04:15Z,APP_21637_3022645,21637,3022645,15,539,18.907,0,0,-1,-1,0,0.999931461,NA,NA,13.234900000,MEASURED_CPU_FAULT,CPU;INTERVAL_FAULTS,NA,NA,NA,NA,NA,NA,NA,NA,NA,NA,NA,NA,NA,NA,NA,NA,NA,NA,NA,NA,NA,NA,NA,TARGET_GONE,identity no longer active
2026-10-02T16:04:15Z,APP_21637_3022645,21637,3022645,15,540,191.617,0,0,-1,-1,0,0.999931461,NA,NA,70.000000000,MEASURED_CPU_FAULT,CPU;INTERVAL_FAULTS,NA,NA,NA,NA,NA,NA,NA,NA,NA,NA,NA,NA,NA,NA,NA,NA,NA,NA,NA,NA,NA,NA,NA,TARGET_GONE,identity no longer active
2026-10-02T16:04:15Z,APP_21637_3022645,21637,3022645,15,541,201.499,0,0,-1,-1,0,0.999931461,NA,NA,70.000000000,MEASURED_CPU_FAULT,CPU;INTERVAL_FAULTS,NA,NA,NA,NA,NA,NA,NA,NA,NA,NA,NA,NA,NA,NA,NA,NA,NA,NA,NA,NA,NA,NA,NA,TARGET_GONE,identity no longer active
2026-10-02T16:04:15Z,APP_21637_3022645,21637,3022645,15,542,200.272,0,0,-1,-1,0,0.999931461,NA,NA,70.000000000,MEASURED_CPU_FAULT,CPU;INTERVAL_FAULTS,NA,NA,NA,NA,NA,NA,NA,NA,NA,NA,NA,NA,NA,NA,NA,NA,NA,NA,NA,NA,NA,NA,NA,TARGET_GONE,identity no longer active
2026-10-02T16:04:15Z,APP_21637_3022645,21637,3022645,15,543,201.198,0,0,-1,-1,0,0.999931461,NA,NA,70.000000000,MEASURED_CPU_FAULT,CPU;INTERVAL_FAULTS,NA,NA,NA,NA,NA,NA,NA,NA,NA,NA,NA,NA,NA,NA,NA,NA,NA,NA,NA,NA,NA,NA,NA,TARGET_GONE,identity no longer active
2026-10-02T16:04:15Z,APP_21637_3022645,21637,3022645,15,544,196.831,0,0,-1,-1,0,0.999931461,NA,NA,70.000000000,MEASURED_CPU_FAULT,CPU;INTERVAL_FAULTS,NA,NA,NA,NA,NA,NA,NA,NA,NA,NA,NA,NA,NA,NA,NA,NA,NA,NA,NA,NA,NA,NA,NA,TARGET_GONE,identity no longer active
2026-10-02T16:04:15Z,APP_21637_3022645,21637,3022645,15,545,201.499,0,0,-1,-1,0,0.999931461,NA,NA,70.000000000,MEASURED_CPU_FAULT,CPU;INTERVAL_FAULTS,NA,NA,NA,NA,NA,NA,NA,NA,NA,NA,NA,NA,NA,NA,NA,NA,NA,NA,NA,NA,NA,NA,NA,TARGET_GONE,identity no longer active
2026-10-02T16:04:15Z,APP_21637_3022645,21637,3022645,15,546,197.610,0,0,-1,-1,0,0.999931461,NA,NA,70.000000000,MEASURED_CPU_FAULT,CPU;INTERVAL_FAULTS,NA,NA,NA,NA,NA,NA,NA,NA,NA,NA,NA,NA,NA,NA,NA,NA,NA,NA,NA,NA,NA,NA,NA,TARGET_GONE,identity no longer active
2026-10-02T16:04:15Z,APP_21637_3022645,21637,3022645,15,547,201.499,0,0,-1,-1,0,0.999931461,NA,NA,70.000000000,MEASURED_CPU_FAULT,CPU;INTERVAL_FAULTS,NA,NA,NA,NA,NA,NA,NA,NA,NA,NA,NA,NA,NA,NA,NA,NA,NA,NA,NA,NA,NA,NA,NA,TARGET_GONE,identity no longer active
2026-10-02T16:04:16Z,APP_21637_3022645,21637,3022645,15,548,203.787,0,0,-1,-1,0,0.999931461,NA,NA,70.000000000,MEASURED_CPU_FAULT,CPU;INTERVAL_FAULTS,NA,NA,NA,NA,NA,NA,NA,NA,NA,NA,NA,NA,NA,NA,NA,NA,NA,NA,NA,NA,NA,NA,NA,TARGET_GONE,identity no longer active
2026-10-02T16:04:16Z,APP_21637_3022645,21637,3022645,15,549,192.192,0,0,-1,-1,0,0.999931461,NA,NA,70.000000000,MEASURED_CPU_FAULT,CPU;INTERVAL_FAULTS,NA,NA,NA,NA,NA,NA,NA,NA,NA,NA,NA,NA,NA,NA,NA,NA,NA,NA,NA,NA,NA,NA,NA,TARGET_GONE,identity no longer active
2026-10-02T16:04:16Z,APP_21637_3022645,21637,3022645,15,550,201.499,0,0,-1,-1,0,0.999931461,NA,NA,70.000000000,MEASURED_CPU_FAULT,CPU;INTERVAL_FAULTS,NA,NA,NA,NA,NA,NA,NA,NA,NA,NA,NA,NA,NA,NA,NA,NA,NA,NA,NA,NA,NA,NA,NA,TARGET_GONE,identity no longer active
2026-10-02T16:04:16Z,APP_21637_3022645,21637,3022645,15,551,205.714,0,0,-1,-1,0,0.999931461,NA,NA,70.000000000,MEASURED_CPU_FAULT,CPU;INTERVAL_FAULTS,NA,NA,NA,NA,NA,NA,NA,NA,NA,NA,NA,NA,NA,NA,NA,NA,NA,NA,NA,NA,NA,NA,NA,TARGET_GONE,identity no longer active
2026-10-02T16:04:16Z,APP_21637_3022645,21637,3022645,15,552,191.617,0,0,-1,-1,0,0.999931461,NA,NA,70.000000000,MEASURED_CPU_FAULT,CPU;INTERVAL_FAULTS,NA,NA,NA,NA,NA,NA,NA,NA,NA,NA,NA,NA,NA,NA,NA,NA,NA,NA,NA,NA,NA,NA,NA,TARGET_GONE,identity no longer active
2026-10-02T16:04:16Z,APP_21637_3022645,21637,3022645,15,553,203.781,0,0,-1,-1,0,0.999931461,NA,NA,70.000000000,MEASURED_CPU_FAULT,CPU;INTERVAL_FAULTS,NA,NA,NA,NA,NA,NA,NA,NA,NA,NA,NA,NA,NA,NA,NA,NA,NA,NA,NA,NA,NA,NA,NA,TARGET_GONE,identity no longer active
2026-10-02T16:04:16Z,APP_21637_3022645,21637,3022645,15,554,192.192,0,0,-1,-1,0,0.999931461,NA,NA,70.000000000,MEASURED_CPU_FAULT,CPU;INTERVAL_FAULTS,NA,NA,NA,NA,NA,NA,NA,NA,NA,NA,NA,NA,NA,NA,NA,NA,NA,NA,NA,NA,NA,NA,NA,TARGET_GONE,identity no longer active
2026-10-02T16:04:16Z,APP_21637_3022645,21637,3022645,15,555,203.579,0,0,-1,-1,0,0.999931461,NA,NA,70.000000000,MEASURED_CPU_FAULT,CPU;INTERVAL_FAULTS,NA,NA,NA,NA,NA,NA,NA,NA,NA,NA,NA,NA,NA,NA,NA,NA,NA,NA,NA,NA,NA,NA,NA,TARGET_GONE,identity no longer active
2026-10-02T16:04:17Z,APP_21637_3022645,21637,3022645,15,556,201.499,0,0,-1,-1,0,0.999931461,NA,NA,70.000000000,MEASURED_CPU_FAULT,CPU;INTERVAL_FAULTS,NA,NA,NA,NA,NA,NA,NA,NA,NA,NA,NA,NA,NA,NA,NA,NA,NA,NA,NA,NA,NA,NA,NA,TARGET_GONE,identity no longer active
2026-10-02T16:04:17Z,APP_21637_3022645,21637,3022645,15,557,198.450,0,0,-1,-1,0,0.999931461,NA,NA,70.000000000,MEASURED_CPU_FAULT,CPU;INTERVAL_FAULTS,NA,NA,NA,NA,NA,NA,NA,NA,NA,NA,NA,NA,NA,NA,NA,NA,NA,NA,NA,NA,NA,NA,NA,TARGET_GONE,identity no longer active
2026-10-02T16:04:17Z,APP_21637_3022645,21637,3022645,15,558,211.411,0,0,-1,-1,0,0.999931461,NA,NA,70.000000000,MEASURED_CPU_FAULT,CPU;INTERVAL_FAULTS,NA,NA,NA,NA,NA,NA,NA,NA,NA,NA,NA,NA,NA,NA,NA,NA,NA,NA,NA,NA,NA,NA,NA,TARGET_GONE,identity no longer active
2026-10-02T16:04:17Z,APP_21637_3022645,21637,3022645,15,559,191.904,0,0,-1,-1,0,0.999931461,NA,NA,70.000000000,MEASURED_CPU_FAULT,CPU;INTERVAL_FAULTS,NA,NA,NA,NA,NA,NA,NA,NA,NA,NA,NA,NA,NA,NA,NA,NA,NA,NA,NA,NA,NA,NA,NA,TARGET_GONE,identity no longer active
2026-10-02T16:04:17Z,APP_21637_3022645,21637,3022645,15,560,205.714,0,0,-1,-1,0,0.999931461,NA,NA,70.000000000,MEASURED_CPU_FAULT,CPU;INTERVAL_FAULTS,NA,NA,NA,NA,NA,NA,NA,NA,NA,NA,NA,NA,NA,NA,NA,NA,NA,NA,NA,NA,NA,NA,NA,TARGET_GONE,identity no longer active
2026-10-02T16:04:17Z,APP_21637_3022645,21637,3022645,15,561,201.802,0,0,-1,-1,0,0.999931461,NA,NA,70.000000000,MEASURED_CPU_FAULT,CPU;INTERVAL_FAULTS,NA,NA,NA,NA,NA,NA,NA,NA,NA,NA,NA,NA,NA,NA,NA,NA,NA,NA,NA,NA,NA,NA,NA,TARGET_GONE,identity no longer active
2026-10-02T16:04:17Z,APP_21637_3022645,21637,3022645,15,562,197.217,0,0,-1,-1,0,0.999931461,NA,NA,70.000000000,MEASURED_CPU_FAULT,CPU;INTERVAL_FAULTS,NA,NA,NA,NA,NA,NA,NA,NA,NA,NA,NA,NA,NA,NA,NA,NA,NA,NA,NA,NA,NA,NA,NA,TARGET_GONE,identity no longer active
2026-10-02T16:04:17Z,APP_21637_3022645,21637,3022645,15,563,201.499,0,0,-1,-1,0,0.999931461,NA,NA,70.000000000,MEASURED_CPU_FAULT,CPU;INTERVAL_FAULTS,NA,NA,NA,NA,NA,NA,NA,NA,NA,NA,NA,NA,NA,NA,NA,NA,NA,NA,NA,NA,NA,NA,NA,TARGET_GONE,identity no longer active
2026-10-02T16:04:18Z,APP_21637_3022645,21637,3022645,15,564,197.807,0,0,-1,-1,0,0.999931461,NA,NA,70.000000000,MEASURED_CPU_FAULT,CPU;INTERVAL_FAULTS,NA,NA,NA,NA,NA,NA,NA,NA,NA,NA,NA,NA,NA,NA,NA,NA,NA,NA,NA,NA,NA,NA,NA,TARGET_GONE,identity no longer active
2026-10-02T16:04:18Z,APP_21637_3022645,21637,3022645,15,565,200.897,0,0,-1,-1,0,0.999931461,NA,NA,70.000000000,MEASURED_CPU_FAULT,CPU;INTERVAL_FAULTS,NA,NA,NA,NA,NA,NA,NA,NA,NA,NA,NA,NA,NA,NA,NA,NA,NA,NA,NA,NA,NA,NA,NA,TARGET_GONE,identity no longer active
2026-10-02T16:04:18Z,APP_21637_3022645,21637,3022645,15,566,199.555,0,0,-1,-1,0,0.999931461,NA,NA,70.000000000,MEASURED_CPU_FAULT,CPU;INTERVAL_FAULTS,NA,NA,NA,NA,NA,NA,NA,NA,NA,NA,NA,NA,NA,NA,NA,NA,NA,NA,NA,NA,NA,NA,NA,TARGET_GONE,identity no longer active
2026-10-02T16:04:18Z,APP_21637_3022645,21637,3022645,15,567,191.617,0,0,-1,-1,0,0.999931461,NA,NA,70.000000000,MEASURED_CPU_FAULT,CPU;INTERVAL_FAULTS,NA,NA,NA,NA,NA,NA,NA,NA,NA,NA,NA,NA,NA,NA,NA,NA,NA,NA,NA,NA,NA,NA,NA,TARGET_GONE,identity no longer active
2026-10-02T16:04:18Z,APP_21637_3022645,21637,3022645,15,568,201.499,0,0,-1,-1,0,0.999931461,NA,NA,70.000000000,MEASURED_CPU_FAULT,CPU;INTERVAL_FAULTS,NA,NA,NA,NA,NA,NA,NA,NA,NA,NA,NA,NA,NA,NA,NA,NA,NA,NA,NA,NA,NA,NA,NA,TARGET_GONE,identity no longer active
2026-10-02T16:04:18Z,APP_21637_3022645,21637,3022645,15,569,198.393,0,0,-1,-1,0,0.999931461,NA,NA,70.000000000,MEASURED_CPU_FAULT,CPU;INTERVAL_FAULTS,NA,NA,NA,NA,NA,NA,NA,NA,NA,NA,NA,NA,NA,NA,NA,NA,NA,NA,NA,NA,NA,NA,NA,TARGET_GONE,identity no longer active
2026-10-02T16:04:18Z,APP_21637_3022645,21637,3022645,15,570,201.802,0,0,-1,-1,0,0.999931461,NA,NA,70.000000000,MEASURED_CPU_FAULT,CPU;INTERVAL_FAULTS,NA,NA,NA,NA,NA,NA,NA,NA,NA,NA,NA,NA,NA,NA,NA,NA,NA,NA,NA,NA,NA,NA,NA,TARGET_GONE,identity no longer active
2026-10-02T16:04:18Z,APP_21637_3022645,21637,3022645,15,571,203.175,0,0,-1,-1,0,0.999931461,NA,NA,70.000000000,MEASURED_CPU_FAULT,CPU;INTERVAL_FAULTS,NA,NA,NA,NA,NA,NA,NA,NA,NA,NA,NA,NA,NA,NA,NA,NA,NA,NA,NA,NA,NA,NA,NA,TARGET_GONE,identity no longer active
2026-10-02T16:04:19Z,APP_21637_3022645,21637,3022645,15,572,201.802,0,0,-1,-1,0,0.999931461,NA,NA,70.000000000,MEASURED_CPU_FAULT,CPU;INTERVAL_FAULTS,NA,NA,NA,NA,NA,NA,NA,NA,NA,NA,NA,NA,NA,NA,NA,NA,NA,NA,NA,NA,NA,NA,NA,TARGET_GONE,identity no longer active
2026-10-02T16:04:19Z,APP_21637_3022645,21637,3022645,15,573,197.413,0,0,-1,-1,0,0.999931461,NA,NA,70.000000000,MEASURED_CPU_FAULT,CPU;INTERVAL_FAULTS,NA,NA,NA,NA,NA,NA,NA,NA,NA,NA,NA,NA,NA,NA,NA,NA,NA,NA,NA,NA,NA,NA,NA,TARGET_GONE,identity no longer active
2026-10-02T16:04:19Z,APP_21637_3022645,21637,3022645,15,574,201.499,0,0,-1,-1,0,0.999931461,NA,NA,70.000000000,MEASURED_CPU_FAULT,CPU;INTERVAL_FAULTS,NA,NA,NA,NA,NA,NA,NA,NA,NA,NA,NA,NA,NA,NA,NA,NA,NA,NA,NA,NA,NA,NA,NA,TARGET_GONE,identity no longer active
2026-10-02T16:04:19Z,APP_21637_3022645,21637,3022645,15,575,203.262,0,0,-1,-1,0,0.999931461,NA,NA,70.000000000,MEASURED_CPU_FAULT,CPU;INTERVAL_FAULTS,NA,NA,NA,NA,NA,NA,NA,NA,NA,NA,NA,NA,NA,NA,NA,NA,NA,NA,NA,NA,NA,NA,NA,TARGET_GONE,identity no longer active
2026-10-02T16:04:19Z,APP_21637_3022645,21637,3022645,15,576,201.499,0,0,-1,-1,0,0.999931461,NA,NA,70.000000000,MEASURED_CPU_FAULT,CPU;INTERVAL_FAULTS,NA,NA,NA,NA,NA,NA,NA,NA,NA,NA,NA,NA,NA,NA,NA,NA,NA,NA,NA,NA,NA,NA,NA,TARGET_GONE,identity no longer active
2026-10-02T16:04:19Z,APP_21637_3022645,21637,3022645,15,577,197.610,0,0,-1,-1,0,0.999931461,NA,NA,70.000000000,MEASURED_CPU_FAULT,CPU;INTERVAL_FAULTS,NA,NA,NA,NA,NA,NA,NA,NA,NA,NA,NA,NA,NA,NA,NA,NA,NA,NA,NA,NA,NA,NA,NA,TARGET_GONE,identity no longer active
2026-10-02T16:04:19Z,APP_21637_3022645,21637,3022645,15,578,201.499,0,0,-1,-1,0,0.999931461,NA,NA,70.000000000,MEASURED_CPU_FAULT,CPU;INTERVAL_FAULTS,NA,NA,NA,NA,NA,NA,NA,NA,NA,NA,NA,NA,NA,NA,NA,NA,NA,NA,NA,NA,NA,NA,NA,TARGET_GONE,identity no longer active
2026-10-02T16:04:20Z,APP_21637_3022645,21637,3022645,15,579,197.610,0,0,-1,-1,0,0.999931461,NA,NA,70.000000000,MEASURED_CPU_FAULT,CPU;INTERVAL_FAULTS,NA,NA,NA,NA,NA,NA,NA,NA,NA,NA,NA,NA,NA,NA,NA,NA,NA,NA,NA,NA,NA,NA,NA,TARGET_GONE,identity no longer active
2026-10-02T16:04:20Z,APP_21637_3022645,21637,3022645,15,580,201.499,0,0,-1,-1,0,0.999931461,NA,NA,70.000000000,MEASURED_CPU_FAULT,CPU;INTERVAL_FAULTS,NA,NA,NA,NA,NA,NA,NA,NA,NA,NA,NA,NA,NA,NA,NA,NA,NA,NA,NA,NA,NA,NA,NA,TARGET_GONE,identity no longer active
2026-10-02T16:04:20Z,APP_21637_3022645,21637,3022645,15,581,202.973,0,0,-1,-1,0,0.999931461,NA,NA,70.000000000,MEASURED_CPU_FAULT,CPU;INTERVAL_FAULTS,NA,NA,NA,NA,NA,NA,NA,NA,NA,NA,NA,NA,NA,NA,NA,NA,NA,NA,NA,NA,NA,NA,NA,TARGET_GONE,identity no longer active
2026-10-02T16:04:20Z,APP_21637_3022645,21637,3022645,15,582,191.904,0,0,-1,-1,0,0.999931461,NA,NA,70.000000000,MEASURED_CPU_FAULT,CPU;INTERVAL_FAULTS,NA,NA,NA,NA,NA,NA,NA,NA,NA,NA,NA,NA,NA,NA,NA,NA,NA,NA,NA,NA,NA,NA,NA,TARGET_GONE,identity no longer active
2026-10-02T16:04:20Z,APP_21637_3022645,21637,3022645,15,583,201.942,0,0,-1,-1,0,0.999931461,NA,NA,70.000000000,MEASURED_CPU_FAULT,CPU;INTERVAL_FAULTS,NA,NA,NA,NA,NA,NA,NA,NA,NA,NA,NA,NA,NA,NA,NA,NA,NA,NA,NA,NA,NA,NA,NA,TARGET_GONE,identity no longer active
2026-10-02T16:04:20Z,APP_21637_3022645,21637,3022645,15,584,191.617,0,0,-1,-1,0,0.999931461,NA,NA,70.000000000,MEASURED_CPU_FAULT,CPU;INTERVAL_FAULTS,NA,NA,NA,NA,NA,NA,NA,NA,NA,NA,NA,NA,NA,NA,NA,NA,NA,NA,NA,NA,NA,NA,NA,TARGET_GONE,identity no longer active
2026-10-02T16:04:20Z,APP_21637_3022645,21637,3022645,15,585,201.802,0,0,-1,-1,0,0.999931461,NA,NA,70.000000000,MEASURED_CPU_FAULT,CPU;INTERVAL_FAULTS,NA,NA,NA,NA,NA,NA,NA,NA,NA,NA,NA,NA,NA,NA,NA,NA,NA,NA,NA,NA,NA,NA,NA,TARGET_GONE,identity no longer active
2026-10-02T16:04:20Z,APP_21637_3022645,21637,3022645,15,586,198.331,0,0,-1,-1,0,0.999931461,NA,NA,70.000000000,MEASURED_CPU_FAULT,CPU;INTERVAL_FAULTS,NA,NA,NA,NA,NA,NA,NA,NA,NA,NA,NA,NA,NA,NA,NA,NA,NA,NA,NA,NA,NA,NA,NA,TARGET_GONE,identity no longer active
2026-10-02T16:04:20Z,APP_21637_3022645,21637,3022645,15,587,201.499,0,0,-1,-1,0,0.999931461,NA,NA,70.000000000,MEASURED_CPU_FAULT,CPU;INTERVAL_FAULTS,NA,NA,NA,NA,NA,NA,NA,NA,NA,NA,NA,NA,NA,NA,NA,NA,NA,NA,NA,NA,NA,NA,NA,TARGET_GONE,identity no longer active
2026-10-02T16:04:21Z,APP_21637_3022645,21637,3022645,15,588,197.413,0,0,-1,-1,0,0.999931461,NA,NA,70.000000000,MEASURED_CPU_FAULT,CPU;INTERVAL_FAULTS,NA,NA,NA,NA,NA,NA,NA,NA,NA,NA,NA,NA,NA,NA,NA,NA,NA,NA,NA,NA,NA,NA,NA,TARGET_GONE,identity no longer active
2026-10-02T16:04:21Z,APP_21637_3022645,21637,3022645,15,589,201.499,0,0,-1,-1,0,0.999931461,NA,NA,70.000000000,MEASURED_CPU_FAULT,CPU;INTERVAL_FAULTS,NA,NA,NA,NA,NA,NA,NA,NA,NA,NA,NA,NA,NA,NA,NA,NA,NA,NA,NA,NA,NA,NA,NA,TARGET_GONE,identity no longer active
2026-10-02T16:04:21Z,APP_21637_3022645,21637,3022645,15,590,203.579,0,0,-1,-1,0,0.999931461,NA,NA,70.000000000,MEASURED_CPU_FAULT,CPU;INTERVAL_FAULTS,NA,NA,NA,NA,NA,NA,NA,NA,NA,NA,NA,NA,NA,NA,NA,NA,NA,NA,NA,NA,NA,NA,NA,TARGET_GONE,identity no longer active
2026-10-02T16:04:21Z,APP_21637_3022645,21637,3022645,15,591,201.499,0,0,-1,-1,0,0.999931461,NA,NA,70.000000000,MEASURED_CPU_FAULT,CPU;INTERVAL_FAULTS,NA,NA,NA,NA,NA,NA,NA,NA,NA,NA,NA,NA,NA,NA,NA,NA,NA,NA,NA,NA,NA,NA,NA,TARGET_GONE,identity no longer active
2026-10-02T16:04:21Z,APP_21637_3022645,21637,3022645,15,592,199.555,0,0,-1,-1,0,0.999931461,NA,NA,70.000000000,MEASURED_CPU_FAULT,CPU;INTERVAL_FAULTS,NA,NA,NA,NA,NA,NA,NA,NA,NA,NA,NA,NA,NA,NA,NA,NA,NA,NA,NA,NA,NA,NA,NA,TARGET_GONE,identity no longer active
2026-10-02T16:04:21Z,APP_21637_3022645,21637,3022645,15,593,192.192,0,0,-1,-1,0,0.999931461,NA,NA,70.000000000,MEASURED_CPU_FAULT,CPU;INTERVAL_FAULTS,NA,NA,NA,NA,NA,NA,NA,NA,NA,NA,NA,NA,NA,NA,NA,NA,NA,NA,NA,NA,NA,NA,NA,TARGET_GONE,identity no longer active
2026-10-02T16:04:21Z,APP_21637_3022645,21637,3022645,15,594,200.897,0,0,-1,-1,0,0.999931461,NA,NA,70.000000000,MEASURED_CPU_FAULT,CPU;INTERVAL_FAULTS,NA,NA,NA,NA,NA,NA,NA,NA,NA,NA,NA,NA,NA,NA,NA,NA,NA,NA,NA,NA,NA,NA,NA,TARGET_GONE,identity no longer active
2026-10-02T16:04:22Z,APP_21637_3022645,21637,3022645,15,595,198.568,0,0,-1,-1,0,0.999931461,NA,NA,70.000000000,MEASURED_CPU_FAULT,CPU;INTERVAL_FAULTS,NA,NA,NA,NA,NA,NA,NA,NA,NA,NA,NA,NA,NA,NA,NA,NA,NA,NA,NA,NA,NA,NA,NA,TARGET_GONE,identity no longer active
2026-10-02T16:04:22Z,APP_21637_3022645,21637,3022645,15,596,201.198,0,0,-1,-1,0,0.999931461,NA,NA,70.000000000,MEASURED_CPU_FAULT,CPU;INTERVAL_FAULTS,NA,NA,NA,NA,NA,NA,NA,NA,NA,NA,NA,NA,NA,NA,NA,NA,NA,NA,NA,NA,NA,NA,NA,TARGET_GONE,identity no longer active
2026-10-02T16:04:22Z,APP_21637_3022645,21637,3022645,15,597,203.376,0,0,-1,-1,0,0.999931461,NA,NA,70.000000000,MEASURED_CPU_FAULT,CPU;INTERVAL_FAULTS,NA,NA,NA,NA,NA,NA,NA,NA,NA,NA,NA,NA,NA,NA,NA,NA,NA,NA,NA,NA,NA,NA,NA,TARGET_GONE,identity no longer active
2026-10-02T16:04:22Z,APP_21637_3022645,21637,3022645,15,598,201.198,0,0,-1,-1,0,0.999931461,NA,NA,70.000000000,MEASURED_CPU_FAULT,CPU;INTERVAL_FAULTS,NA,NA,NA,NA,NA,NA,NA,NA,NA,NA,NA,NA,NA,NA,NA,NA,NA,NA,NA,NA,NA,NA,NA,TARGET_GONE,identity no longer active
2026-10-02T16:04:22Z,APP_21637_3022645,21637,3022645,15,599,197.413,0,0,-1,-1,0,0.999931461,NA,NA,70.000000000,MEASURED_CPU_FAULT,CPU;INTERVAL_FAULTS,NA,NA,NA,NA,NA,NA,NA,NA,NA,NA,NA,NA,NA,NA,NA,NA,NA,NA,NA,NA,NA,NA,NA,TARGET_GONE,identity no longer active
2026-10-02T16:04:22Z,APP_21637_3022645,21637,3022645,15,600,201.499,0,0,-1,-1,0,0.999931461,NA,NA,70.000000000,MEASURED_CPU_FAULT,CPU;INTERVAL_FAULTS,NA,NA,NA,NA,NA,NA,NA,NA,NA,NA,NA,NA,NA,NA,NA,NA,NA,NA,NA,NA,NA,NA,NA,TARGET_GONE,identity no longer active
2026-10-02T16:04:22Z,APP_21637_3022645,21637,3022645,15,601,200.805,0,0,-1,-1,0,0.999931461,NA,NA,70.000000000,MEASURED_CPU_FAULT,CPU;INTERVAL_FAULTS,NA,NA,NA,NA,NA,NA,NA,NA,NA,NA,NA,NA,NA,NA,NA,NA,NA,NA,NA,NA,NA,NA,NA,TARGET_GONE,identity no longer active
2026-10-02T16:04:22Z,APP_21637_3022645,21637,3022645,15,602,192.192,0,0,-1,-1,0,0.999931461,NA,NA,70.000000000,MEASURED_CPU_FAULT,CPU;INTERVAL_FAULTS,NA,NA,NA,NA,NA,NA,NA,NA,NA,NA,NA,NA,NA,NA,NA,NA,NA,NA,NA,NA,NA,NA,NA,TARGET_GONE,identity no longer active
2026-10-02T16:04:22Z,APP_21637_3022645,21637,3022645,15,603,201.499,0,0,-1,-1,0,0.999931461,NA,NA,70.000000000,MEASURED_CPU_FAULT,CPU;INTERVAL_FAULTS,NA,NA,NA,NA,NA,NA,NA,NA,NA,NA,NA,NA,NA,NA,NA,NA,NA,NA,NA,NA,NA,NA,NA,TARGET_GONE,identity no longer active
2026-10-02T16:04:23Z,APP_21637_3022645,21637,3022645,15,604,206.205,0,0,-1,-1,0,0.999931461,NA,NA,70.000000000,MEASURED_CPU_FAULT,CPU;INTERVAL_FAULTS,NA,NA,NA,NA,NA,NA,NA,NA,NA,NA,NA,NA,NA,NA,NA,NA,NA,NA,NA,NA,NA,NA,NA,TARGET_GONE,identity no longer active
2026-10-02T16:04:23Z,APP_21637_3022645,21637,3022645,15,605,192.192,0,0,-1,-1,0,0.999931461,NA,NA,70.000000000,MEASURED_CPU_FAULT,CPU;INTERVAL_FAULTS,NA,NA,NA,NA,NA,NA,NA,NA,NA,NA,NA,NA,NA,NA,NA,NA,NA,NA,NA,NA,NA,NA,NA,TARGET_GONE,identity no longer active
2026-10-02T16:04:23Z,APP_21637_3022645,21637,3022645,15,606,203.175,0,0,-1,-1,0,0.999931461,NA,NA,70.000000000,MEASURED_CPU_FAULT,CPU;INTERVAL_FAULTS,NA,NA,NA,NA,NA,NA,NA,NA,NA,NA,NA,NA,NA,NA,NA,NA,NA,NA,NA,NA,NA,NA,NA,TARGET_GONE,identity no longer active
2026-10-02T16:04:23Z,APP_21637_3022645,21637,3022645,15,607,192.481,0,0,-1,-1,0,0.999931461,NA,NA,70.000000000,MEASURED_CPU_FAULT,CPU;INTERVAL_FAULTS,NA,NA,NA,NA,NA,NA,NA,NA,NA,NA,NA,NA,NA,NA,NA,NA,NA,NA,NA,NA,NA,NA,NA,TARGET_GONE,identity no longer active
2026-10-02T16:04:23Z,APP_21637_3022645,21637,3022645,15,608,203.781,0,0,-1,-1,0,0.999931461,NA,NA,70.000000000,MEASURED_CPU_FAULT,CPU;INTERVAL_FAULTS,NA,NA,NA,NA,NA,NA,NA,NA,NA,NA,NA,NA,NA,NA,NA,NA,NA,NA,NA,NA,NA,NA,NA,TARGET_GONE,identity no longer active
2026-10-02T16:04:23Z,APP_21637_3022645,21637,3022645,15,609,191.904,0,0,-1,-1,0,0.999931461,NA,NA,70.000000000,MEASURED_CPU_FAULT,CPU;INTERVAL_FAULTS,NA,NA,NA,NA,NA,NA,NA,NA,NA,NA,NA,NA,NA,NA,NA,NA,NA,NA,NA,NA,NA,NA,NA,TARGET_GONE,identity no longer active
2026-10-02T16:04:23Z,APP_21637_3022645,21637,3022645,15,610,202.157,0,0,-1,-1,0,0.999931461,NA,NA,70.000000000,MEASURED_CPU_FAULT,CPU;INTERVAL_FAULTS,NA,NA,NA,NA,NA,NA,NA,NA,NA,NA,NA,NA,NA,NA,NA,NA,NA,NA,NA,NA,NA,NA,NA,TARGET_GONE,identity no longer active
2026-10-02T16:04:23Z,APP_21637_3022645,21637,3022645,15,611,211.411,0,0,-1,-1,0,0.999931461,NA,NA,70.000000000,MEASURED_CPU_FAULT,CPU;INTERVAL_FAULTS,NA,NA,NA,NA,NA,NA,NA,NA,NA,NA,NA,NA,NA,NA,NA,NA,NA,NA,NA,NA,NA,NA,NA,TARGET_GONE,identity no longer active
2026-10-02T16:04:24Z,APP_21637_3022645,21637,3022645,15,612,191.904,0,0,-1,-1,0,0.999931461,NA,NA,70.000000000,MEASURED_CPU_FAULT,CPU;INTERVAL_FAULTS,NA,NA,NA,NA,NA,NA,NA,NA,NA,NA,NA,NA,NA,NA,NA,NA,NA,NA,NA,NA,NA,NA,NA,TARGET_GONE,identity no longer active
2026-10-02T16:04:24Z,APP_21637_3022645,21637,3022645,15,613,205.470,0,0,-1,-1,0,0.999931461,NA,NA,70.000000000,MEASURED_CPU_FAULT,CPU;INTERVAL_FAULTS,NA,NA,NA,NA,NA,NA,NA,NA,NA,NA,NA,NA,NA,NA,NA,NA,NA,NA,NA,NA,NA,NA,NA,TARGET_GONE,identity no longer active
2026-10-02T16:04:24Z,APP_21637_3022645,21637,3022645,15,614,201.802,0,0,-1,-1,0,0.999931461,NA,NA,70.000000000,MEASURED_CPU_FAULT,CPU;INTERVAL_FAULTS,NA,NA,NA,NA,NA,NA,NA,NA,NA,NA,NA,NA,NA,NA,NA,NA,NA,NA,NA,NA,NA,NA,NA,TARGET_GONE,identity no longer active
2026-10-02T16:04:24Z,APP_21637_3022645,21637,3022645,15,615,197.217,0,0,-1,-1,0,0.999931461,NA,NA,70.000000000,MEASURED_CPU_FAULT,CPU;INTERVAL_FAULTS,NA,NA,NA,NA,NA,NA,NA,NA,NA,NA,NA,NA,NA,NA,NA,NA,NA,NA,NA,NA,NA,NA,NA,TARGET_GONE,identity no longer active
2026-10-02T16:04:24Z,APP_21637_3022645,21637,3022645,15,616,201.499,0,0,-1,-1,0,0.999931461,NA,NA,70.000000000,MEASURED_CPU_FAULT,CPU;INTERVAL_FAULTS,NA,NA,NA,NA,NA,NA,NA,NA,NA,NA,NA,NA,NA,NA,NA,NA,NA,NA,NA,NA,NA,NA,NA,TARGET_GONE,identity no longer active
2026-10-02T16:04:24Z,APP_21637_3022645,21637,3022645,15,617,203.376,0,0,-1,-1,0,0.999931461,NA,NA,70.000000000,MEASURED_CPU_FAULT,CPU;INTERVAL_FAULTS,NA,NA,NA,NA,NA,NA,NA,NA,NA,NA,NA,NA,NA,NA,NA,NA,NA,NA,NA,NA,NA,NA,NA,TARGET_GONE,identity no longer active
2026-10-02T16:04:24Z,APP_21637_3022645,21637,3022645,15,618,191.904,0,0,-1,-1,0,0.999931461,NA,NA,70.000000000,MEASURED_CPU_FAULT,CPU;INTERVAL_FAULTS,NA,NA,NA,NA,NA,NA,NA,NA,NA,NA,NA,NA,NA,NA,NA,NA,NA,NA,NA,NA,NA,NA,NA,TARGET_GONE,identity no longer active
2026-10-02T16:04:25Z,APP_21637_3022645,21637,3022645,15,619,200.149,0,0,-1,-1,0,0.999931461,NA,NA,70.000000000,MEASURED_CPU_FAULT,CPU;INTERVAL_FAULTS,NA,NA,NA,NA,NA,NA,NA,NA,NA,NA,NA,NA,NA,NA,NA,NA,NA,NA,NA,NA,NA,NA,NA,TARGET_GONE,identity no longer active
2026-10-02T16:04:25Z,APP_21637_3022645,21637,3022645,15,620,191.617,0,0,-1,-1,0,0.999931461,NA,NA,70.000000000,MEASURED_CPU_FAULT,CPU;INTERVAL_FAULTS,NA,NA,NA,NA,NA,NA,NA,NA,NA,NA,NA,NA,NA,NA,NA,NA,NA,NA,NA,NA,NA,NA,NA,TARGET_GONE,identity no longer active
2026-10-02T16:04:25Z,APP_21637_3022645,21637,3022645,15,621,201.499,0,0,-1,-1,0,0.999931461,NA,NA,70.000000000,MEASURED_CPU_FAULT,CPU;INTERVAL_FAULTS,NA,NA,NA,NA,NA,NA,NA,NA,NA,NA,NA,NA,NA,NA,NA,NA,NA,NA,NA,NA,NA,NA,NA,TARGET_GONE,identity no longer active
2026-10-02T16:04:25Z,APP_21637_3022645,21637,3022645,15,622,206.205,0,0,-1,-1,0,0.999931461,NA,NA,70.000000000,MEASURED_CPU_FAULT,CPU;INTERVAL_FAULTS,NA,NA,NA,NA,NA,NA,NA,NA,NA,NA,NA,NA,NA,NA,NA,NA,NA,NA,NA,NA,NA,NA,NA,TARGET_GONE,identity no longer active
2026-10-02T16:04:25Z,APP_21637_3022645,21637,3022645,15,623,191.904,0,0,-1,-1,0,0.999931461,NA,NA,70.000000000,MEASURED_CPU_FAULT,CPU;INTERVAL_FAULTS,NA,NA,NA,NA,NA,NA,NA,NA,NA,NA,NA,NA,NA,NA,NA,NA,NA,NA,NA,NA,NA,NA,NA,TARGET_GONE,identity no longer active
2026-10-02T16:04:25Z,APP_21637_3022645,21637,3022645,15,624,203.984,0,0,-1,-1,0,0.999931461,NA,NA,70.000000000,MEASURED_CPU_FAULT,CPU;INTERVAL_FAULTS,NA,NA,NA,NA,NA,NA,NA,NA,NA,NA,NA,NA,NA,NA,NA,NA,NA,NA,NA,NA,NA,NA,NA,TARGET_GONE,identity no longer active
2026-10-02T16:04:25Z,APP_21637_3022645,21637,3022645,15,625,191.904,0,0,-1,-1,0,0.999931461,NA,NA,70.000000000,MEASURED_CPU_FAULT,CPU;INTERVAL_FAULTS,NA,NA,NA,NA,NA,NA,NA,NA,NA,NA,NA,NA,NA,NA,NA,NA,NA,NA,NA,NA,NA,NA,NA,TARGET_GONE,identity no longer active
2026-10-02T16:04:25Z,APP_21637_3022645,21637,3022645,15,626,203.376,0,0,-1,-1,0,0.999931461,NA,NA,70.000000000,MEASURED_CPU_FAULT,CPU;INTERVAL_FAULTS,NA,NA,NA,NA,NA,NA,NA,NA,NA,NA,NA,NA,NA,NA,NA,NA,NA,NA,NA,NA,NA,NA,NA,TARGET_GONE,identity no longer active
2026-10-02T16:04:25Z,APP_21637_3022645,21637,3022645,15,627,201.802,0,0,-1,-1,0,0.999931461,NA,NA,70.000000000,MEASURED_CPU_FAULT,CPU;INTERVAL_FAULTS,NA,NA,NA,NA,NA,NA,NA,NA,NA,NA,NA,NA,NA,NA,NA,NA,NA,NA,NA,NA,NA,NA,NA,TARGET_GONE,identity no longer active
2026-10-02T16:04:26Z,APP_21637_3022645,21637,3022645,15,628,197.531,0,0,-1,-1,0,0.999931461,NA,NA,70.000000000,MEASURED_CPU_FAULT,CPU;INTERVAL_FAULTS,NA,NA,NA,NA,NA,NA,NA,NA,NA,NA,NA,NA,NA,NA,NA,NA,NA,NA,NA,NA,NA,NA,NA,TARGET_GONE,identity no longer active
2026-10-02T16:04:26Z,APP_21637_3022645,21637,3022645,15,629,210.778,0,0,-1,-1,0,0.999931461,NA,NA,70.000000000,MEASURED_CPU_FAULT,CPU;INTERVAL_FAULTS,NA,NA,NA,NA,NA,NA,NA,NA,NA,NA,NA,NA,NA,NA,NA,NA,NA,NA,NA,NA,NA,NA,NA,TARGET_GONE,identity no longer active
2026-10-02T16:04:26Z,APP_21637_3022645,21637,3022645,15,630,201.499,0,0,-1,-1,0,0.999931461,NA,NA,70.000000000,MEASURED_CPU_FAULT,CPU;INTERVAL_FAULTS,NA,NA,NA,NA,NA,NA,NA,NA,NA,NA,NA,NA,NA,NA,NA,NA,NA,NA,NA,NA,NA,NA,NA,TARGET_GONE,identity no longer active
2026-10-02T16:04:26Z,APP_21637_3022645,21637,3022645,15,631,198.568,0,0,-1,-1,0,0.999931461,NA,NA,70.000000000,MEASURED_CPU_FAULT,CPU;INTERVAL_FAULTS,NA,NA,NA,NA,NA,NA,NA,NA,NA,NA,NA,NA,NA,NA,NA,NA,NA,NA,NA,NA,NA,NA,NA,TARGET_GONE,identity no longer active
2026-10-02T16:04:26Z,APP_21637_3022645,21637,3022645,15,632,201.198,0,0,-1,-1,0,0.999931461,NA,NA,70.000000000,MEASURED_CPU_FAULT,CPU;INTERVAL_FAULTS,NA,NA,NA,NA,NA,NA,NA,NA,NA,NA,NA,NA,NA,NA,NA,NA,NA,NA,NA,NA,NA,NA,NA,TARGET_GONE,identity no longer active
2026-10-02T16:04:26Z,APP_21637_3022645,21637,3022645,15,633,203.376,0,0,-1,-1,0,0.999931461,NA,NA,70.000000000,MEASURED_CPU_FAULT,CPU;INTERVAL_FAULTS,NA,NA,NA,NA,NA,NA,NA,NA,NA,NA,NA,NA,NA,NA,NA,NA,NA,NA,NA,NA,NA,NA,NA,TARGET_GONE,identity no longer active
2026-10-02T16:04:26Z,APP_21637_3022645,21637,3022645,15,634,191.904,0,0,-1,-1,0,0.999931461,NA,NA,70.000000000,MEASURED_CPU_FAULT,CPU;INTERVAL_FAULTS,NA,NA,NA,NA,NA,NA,NA,NA,NA,NA,NA,NA,NA,NA,NA,NA,NA,NA,NA,NA,NA,NA,NA,TARGET_GONE,identity no longer active
2026-10-02T16:04:26Z,APP_21637_3022645,21637,3022645,15,635,203.781,0,0,-1,-1,0,0.999931461,NA,NA,70.000000000,MEASURED_CPU_FAULT,CPU;INTERVAL_FAULTS,NA,NA,NA,NA,NA,NA,NA,NA,NA,NA,NA,NA,NA,NA,NA,NA,NA,NA,NA,NA,NA,NA,NA,TARGET_GONE,identity no longer active
2026-10-02T16:04:27Z,APP_21637_3022645,21637,3022645,15,636,191.617,0,0,-1,-1,0,0.999931461,NA,NA,70.000000000,MEASURED_CPU_FAULT,CPU;INTERVAL_FAULTS,NA,NA,NA,NA,NA,NA,NA,NA,NA,NA,NA,NA,NA,NA,NA,NA,NA,NA,NA,NA,NA,NA,NA,TARGET_GONE,identity no longer active
2026-10-02T16:04:27Z,APP_21637_3022645,21637,3022645,15,637,201.575,0,0,-1,-1,0,0.999931461,NA,NA,70.000000000,MEASURED_CPU_FAULT,CPU;INTERVAL_FAULTS,NA,NA,NA,NA,NA,NA,NA,NA,NA,NA,NA,NA,NA,NA,NA,NA,NA,NA,NA,NA,NA,NA,NA,TARGET_GONE,identity no longer active
2026-10-02T16:04:27Z,APP_21637_3022645,21637,3022645,15,638,211.411,0,0,-1,-1,0,0.999931461,NA,NA,70.000000000,MEASURED_CPU_FAULT,CPU;INTERVAL_FAULTS,NA,NA,NA,NA,NA,NA,NA,NA,NA,NA,NA,NA,NA,NA,NA,NA,NA,NA,NA,NA,NA,NA,NA,TARGET_GONE,identity no longer active
2026-10-02T16:04:27Z,APP_21637_3022645,21637,3022645,15,639,201.802,0,0,-1,-1,0,0.999931461,NA,NA,70.000000000,MEASURED_CPU_FAULT,CPU;INTERVAL_FAULTS,NA,NA,NA,NA,NA,NA,NA,NA,NA,NA,NA,NA,NA,NA,NA,NA,NA,NA,NA,NA,NA,NA,NA,TARGET_GONE,identity no longer active
2026-10-02T16:04:27Z,APP_21637_3022645,21637,3022645,15,640,198.095,0,0,-1,-1,0,0.999931461,NA,NA,70.000000000,MEASURED_CPU_FAULT,CPU;INTERVAL_FAULTS,NA,NA,NA,NA,NA,NA,NA,NA,NA,NA,NA,NA,NA,NA,NA,NA,NA,NA,NA,NA,NA,NA,NA,TARGET_GONE,identity no longer active
2026-10-02T16:04:27Z,APP_21637_3022645,21637,3022645,15,641,201.802,0,0,-1,-1,0,0.999931461,NA,NA,70.000000000,MEASURED_CPU_FAULT,CPU;INTERVAL_FAULTS,NA,NA,NA,NA,NA,NA,NA,NA,NA,NA,NA,NA,NA,NA,NA,NA,NA,NA,NA,NA,NA,NA,NA,TARGET_GONE,identity no longer active
2026-10-02T16:04:27Z,APP_21637_3022645,21637,3022645,15,642,197.413,0,0,-1,-1,0,0.999931461,NA,NA,70.000000000,MEASURED_CPU_FAULT,CPU;INTERVAL_FAULTS,NA,NA,NA,NA,NA,NA,NA,NA,NA,NA,NA,NA,NA,NA,NA,NA,NA,NA,NA,NA,NA,NA,NA,TARGET_GONE,identity no longer active
2026-10-02T16:04:27Z,APP_21637_3022645,21637,3022645,15,643,201.499,0,0,-1,-1,0,0.999931461,NA,NA,70.000000000,MEASURED_CPU_FAULT,CPU;INTERVAL_FAULTS,NA,NA,NA,NA,NA,NA,NA,NA,NA,NA,NA,NA,NA,NA,NA,NA,NA,NA,NA,NA,NA,NA,NA,TARGET_GONE,identity no longer active
2026-10-02T16:04:28Z,APP_21637_3022645,21637,3022645,15,644,198.066,0,0,-1,-1,0,0.999931461,NA,NA,70.000000000,MEASURED_CPU_FAULT,CPU;INTERVAL_FAULTS,NA,NA,NA,NA,NA,NA,NA,NA,NA,NA,NA,NA,NA,NA,NA,NA,NA,NA,NA,NA,NA,NA,NA,TARGET_GONE,identity no longer active
2026-10-02T16:04:28Z,APP_21637_3022645,21637,3022645,15,645,201.198,0,0,-1,-1,0,0.999931461,NA,NA,70.000000000,MEASURED_CPU_FAULT,CPU;INTERVAL_FAULTS,NA,NA,NA,NA,NA,NA,NA,NA,NA,NA,NA,NA,NA,NA,NA,NA,NA,NA,NA,NA,NA,NA,NA,TARGET_GONE,identity no longer active
2026-10-02T16:04:28Z,APP_21637_3022645,21637,3022645,15,646,198.621,0,0,-1,-1,0,0.999931461,NA,NA,70.000000000,MEASURED_CPU_FAULT,CPU;INTERVAL_FAULTS,NA,NA,NA,NA,NA,NA,NA,NA,NA,NA,NA,NA,NA,NA,NA,NA,NA,NA,NA,NA,NA,NA,NA,TARGET_GONE,identity no longer active
2026-10-02T16:04:28Z,APP_21637_3022645,21637,3022645,15,647,211.411,0,0,-1,-1,0,0.999931461,NA,NA,70.000000000,MEASURED_CPU_FAULT,CPU;INTERVAL_FAULTS,NA,NA,NA,NA,NA,NA,NA,NA,NA,NA,NA,NA,NA,NA,NA,NA,NA,NA,NA,NA,NA,NA,NA,TARGET_GONE,identity no longer active
2026-10-02T16:04:28Z,APP_21637_3022645,21637,3022645,15,648,201.499,0,0,-1,-1,0,0.999931461,NA,NA,70.000000000,MEASURED_CPU_FAULT,CPU;INTERVAL_FAULTS,NA,NA,NA,NA,NA,NA,NA,NA,NA,NA,NA,NA,NA,NA,NA,NA,NA,NA,NA,NA,NA,NA,NA,TARGET_GONE,identity no longer active
2026-10-02T16:04:28Z,APP_21637_3022645,21637,3022645,15,649,198.331,0,0,-1,-1,0,0.999931461,NA,NA,70.000000000,MEASURED_CPU_FAULT,CPU;INTERVAL_FAULTS,NA,NA,NA,NA,NA,NA,NA,NA,NA,NA,NA,NA,NA,NA,NA,NA,NA,NA,NA,NA,NA,NA,NA,TARGET_GONE,identity no longer active
2026-10-02T16:04:28Z,APP_21637_3022645,21637,3022645,15,650,201.198,0,0,-1,-1,0,0.999931461,NA,NA,70.000000000,MEASURED_CPU_FAULT,CPU;INTERVAL_FAULTS,NA,NA,NA,NA,NA,NA,NA,NA,NA,NA,NA,NA,NA,NA,NA,NA,NA,NA,NA,NA,NA,NA,NA,TARGET_GONE,identity no longer active
2026-10-02T16:04:28Z,APP_21637_3022645,21637,3022645,15,651,197.610,0,0,-1,-1,0,0.999931461,NA,NA,70.000000000,MEASURED_CPU_FAULT,CPU;INTERVAL_FAULTS,NA,NA,NA,NA,NA,NA,NA,NA,NA,NA,NA,NA,NA,NA,NA,NA,NA,NA,NA,NA,NA,NA,NA,TARGET_GONE,identity no longer active
2026-10-02T16:04:29Z,APP_21637_3022645,21637,3022645,15,652,201.499,0,0,-1,-1,0,0.999931461,NA,NA,70.000000000,MEASURED_CPU_FAULT,CPU;INTERVAL_FAULTS,NA,NA,NA,NA,NA,NA,NA,NA,NA,NA,NA,NA,NA,NA,NA,NA,NA,NA,NA,NA,NA,NA,NA,TARGET_GONE,identity no longer active
2026-10-02T16:04:29Z,APP_21637_3022645,21637,3022645,15,653,197.413,0,0,-1,-1,0,0.999931461,NA,NA,70.000000000,MEASURED_CPU_FAULT,CPU;INTERVAL_FAULTS,NA,NA,NA,NA,NA,NA,NA,NA,NA,NA,NA,NA,NA,NA,NA,NA,NA,NA,NA,NA,NA,NA,NA,TARGET_GONE,identity no longer active
2026-10-02T16:04:29Z,APP_21637_3022645,21637,3022645,15,654,211.094,0,0,-1,-1,0,0.999931461,NA,NA,70.000000000,MEASURED_CPU_FAULT,CPU;INTERVAL_FAULTS,NA,NA,NA,NA,NA,NA,NA,NA,NA,NA,NA,NA,NA,NA,NA,NA,NA,NA,NA,NA,NA,NA,NA,TARGET_GONE,identity no longer active
2026-10-02T16:04:29Z,APP_21637_3022645,21637,3022645,15,655,196.587,0,0,-1,-1,0,0.999931461,NA,NA,70.000000000,MEASURED_CPU_FAULT,CPU;INTERVAL_FAULTS,NA,NA,NA,NA,NA,NA,NA,NA,NA,NA,NA,NA,NA,NA,NA,NA,NA,NA,NA,NA,NA,NA,NA,TARGET_GONE,identity no longer active
2026-10-02T16:04:29Z,APP_21637_3022645,21637,3022645,15,656,210.778,0,0,-1,-1,0,0.999931461,NA,NA,70.000000000,MEASURED_CPU_FAULT,CPU;INTERVAL_FAULTS,NA,NA,NA,NA,NA,NA,NA,NA,NA,NA,NA,NA,NA,NA,NA,NA,NA,NA,NA,NA,NA,NA,NA,TARGET_GONE,identity no longer active
2026-10-02T16:04:29Z,APP_21637_3022645,21637,3022645,15,657,192.192,0,0,-1,-1,0,0.999931461,NA,NA,70.000000000,MEASURED_CPU_FAULT,CPU;INTERVAL_FAULTS,NA,NA,NA,NA,NA,NA,NA,NA,NA,NA,NA,NA,NA,NA,NA,NA,NA,NA,NA,NA,NA,NA,NA,TARGET_GONE,identity no longer active
2026-10-02T16:04:29Z,APP_21637_3022645,21637,3022645,15,658,205.959,0,0,-1,-1,0,0.999931461,NA,NA,70.000000000,MEASURED_CPU_FAULT,CPU;INTERVAL_FAULTS,NA,NA,NA,NA,NA,NA,NA,NA,NA,NA,NA,NA,NA,NA,NA,NA,NA,NA,NA,NA,NA,NA,NA,TARGET_GONE,identity no longer active
2026-10-02T16:04:29Z,APP_21637_3022645,21637,3022645,15,659,201.198,0,0,-1,-1,0,0.999931461,NA,NA,70.000000000,MEASURED_CPU_FAULT,CPU;INTERVAL_FAULTS,NA,NA,NA,NA,NA,NA,NA,NA,NA,NA,NA,NA,NA,NA,NA,NA,NA,NA,NA,NA,NA,NA,NA,TARGET_GONE,identity no longer active
2026-10-02T16:04:30Z,APP_21637_3022645,21637,3022645,15,660,197.610,0,0,-1,-1,0,0.999931461,NA,NA,70.000000000,MEASURED_CPU_FAULT,CPU;INTERVAL_FAULTS,NA,NA,NA,NA,NA,NA,NA,NA,NA,NA,NA,NA,NA,NA,NA,NA,NA,NA,NA,NA,NA,NA,NA,TARGET_GONE,identity no longer active
2026-10-02T16:04:30Z,APP_21637_3022645,21637,3022645,15,661,201.802,0,0,-1,-1,0,0.999931461,NA,NA,70.000000000,MEASURED_CPU_FAULT,CPU;INTERVAL_FAULTS,NA,NA,NA,NA,NA,NA,NA,NA,NA,NA,NA,NA,NA,NA,NA,NA,NA,NA,NA,NA,NA,NA,NA,TARGET_GONE,identity no longer active
2026-10-02T16:04:30Z,APP_21637_3022645,21637,3022645,15,662,197.217,0,0,-1,-1,0,0.999931461,NA,NA,70.000000000,MEASURED_CPU_FAULT,CPU;INTERVAL_FAULTS,NA,NA,NA,NA,NA,NA,NA,NA,NA,NA,NA,NA,NA,NA,NA,NA,NA,NA,NA,NA,NA,NA,NA,TARGET_GONE,identity no longer active
2026-10-02T16:04:30Z,APP_21637_3022645,21637,3022645,15,663,201.802,0,0,-1,-1,0,0.999931461,NA,NA,70.000000000,MEASURED_CPU_FAULT,CPU;INTERVAL_FAULTS,NA,NA,NA,NA,NA,NA,NA,NA,NA,NA,NA,NA,NA,NA,NA,NA,NA,NA,NA,NA,NA,NA,NA,TARGET_GONE,identity no longer active
2026-10-02T16:04:13Z,APP_21637_3022645,21637,3022645,16,664,0.000,0,0,-1,-1,0,0.999931461,1,true,0.000000000,MEASURED_CPU_FAULT,CPU;INTERVAL_FAULTS,HOT,669.474315258,0.560000000,0.700000000,NA,NA,NA,NA,0.560000000,0.000000000,0.700000000,0.000000000,-1.000000000,1.232000000,NA,MOVE_THREAD,INVALID,NOT_APPLICABLE,INVALID,MOVE_THREAD,-1,-1,false,TARGET_GONE,identity no longer active
2026-10-02T16:04:14Z,APP_21637_3022645,21637,3022645,16,665,0.000,0,0,-1,-1,0,0.999931461,NA,NA,0.000000000,MEASURED_CPU_FAULT,CPU;INTERVAL_FAULTS,NA,NA,NA,NA,NA,NA,NA,NA,NA,NA,NA,NA,NA,NA,NA,NA,NA,NA,NA,NA,NA,NA,NA,TARGET_GONE,identity no longer active
2026-10-02T16:04:14Z,APP_21637_3022645,21637,3022645,16,666,0.000,0,0,-1,-1,0,0.999931461,NA,NA,0.000000000,MEASURED_CPU_FAULT,CPU;INTERVAL_FAULTS,NA,NA,NA,NA,NA,NA,NA,NA,NA,NA,NA,NA,NA,NA,NA,NA,NA,NA,NA,NA,NA,NA,NA,TARGET_GONE,identity no longer active
2026-10-02T16:04:14Z,APP_21637_3022645,21637,3022645,16,667,0.000,0,0,-1,-1,0,0.999931461,NA,NA,0.000000000,MEASURED_CPU_FAULT,CPU;INTERVAL_FAULTS,NA,NA,NA,NA,NA,NA,NA,NA,NA,NA,NA,NA,NA,NA,NA,NA,NA,NA,NA,NA,NA,NA,NA,TARGET_GONE,identity no longer active
2026-10-02T16:04:14Z,APP_21637_3022645,21637,3022645,16,668,0.000,0,0,-1,-1,0,0.999931461,NA,NA,0.000000000,MEASURED_CPU_FAULT,CPU;INTERVAL_FAULTS,NA,NA,NA,NA,NA,NA,NA,NA,NA,NA,NA,NA,NA,NA,NA,NA,NA,NA,NA,NA,NA,NA,NA,TARGET_GONE,identity no longer active
2026-10-02T16:04:14Z,APP_21637_3022645,21637,3022645,16,669,0.000,0,0,-1,-1,0,0.999931461,NA,NA,0.000000000,MEASURED_CPU_FAULT,CPU;INTERVAL_FAULTS,NA,NA,NA,NA,NA,NA,NA,NA,NA,NA,NA,NA,NA,NA,NA,NA,NA,NA,NA,NA,NA,NA,NA,TARGET_GONE,identity no longer active
2026-10-02T16:04:14Z,APP_21637_3022645,21637,3022645,16,670,0.000,0,0,-1,-1,0,0.999931461,NA,NA,0.000000000,MEASURED_CPU_FAULT,CPU;INTERVAL_FAULTS,NA,NA,NA,NA,NA,NA,NA,NA,NA,NA,NA,NA,NA,NA,NA,NA,NA,NA,NA,NA,NA,NA,NA,TARGET_GONE,identity no longer active
2026-10-02T16:04:15Z,APP_21637_3022645,21637,3022645,16,671,18.907,0,0,-1,-1,0,0.999931461,NA,NA,13.234900000,MEASURED_CPU_FAULT,CPU;INTERVAL_FAULTS,NA,NA,NA,NA,NA,NA,NA,NA,NA,NA,NA,NA,NA,NA,NA,NA,NA,NA,NA,NA,NA,NA,NA,TARGET_GONE,identity no longer active
2026-10-02T16:04:15Z,APP_21637_3022645,21637,3022645,16,672,191.617,0,0,-1,-1,0,0.999931461,NA,NA,70.000000000,MEASURED_CPU_FAULT,CPU;INTERVAL_FAULTS,NA,NA,NA,NA,NA,NA,NA,NA,NA,NA,NA,NA,NA,NA,NA,NA,NA,NA,NA,NA,NA,NA,NA,TARGET_GONE,identity no longer active
2026-10-02T16:04:15Z,APP_21637_3022645,21637,3022645,16,673,201.499,0,0,-1,-1,0,0.999931461,NA,NA,70.000000000,MEASURED_CPU_FAULT,CPU;INTERVAL_FAULTS,NA,NA,NA,NA,NA,NA,NA,NA,NA,NA,NA,NA,NA,NA,NA,NA,NA,NA,NA,NA,NA,NA,NA,TARGET_GONE,identity no longer active
2026-10-02T16:04:15Z,APP_21637_3022645,21637,3022645,16,674,200.272,0,0,-1,-1,0,0.999931461,NA,NA,70.000000000,MEASURED_CPU_FAULT,CPU;INTERVAL_FAULTS,NA,NA,NA,NA,NA,NA,NA,NA,NA,NA,NA,NA,NA,NA,NA,NA,NA,NA,NA,NA,NA,NA,NA,TARGET_GONE,identity no longer active
2026-10-02T16:04:15Z,APP_21637_3022645,21637,3022645,16,675,201.198,0,0,-1,-1,0,0.999931461,NA,NA,70.000000000,MEASURED_CPU_FAULT,CPU;INTERVAL_FAULTS,NA,NA,NA,NA,NA,NA,NA,NA,NA,NA,NA,NA,NA,NA,NA,NA,NA,NA,NA,NA,NA,NA,NA,TARGET_GONE,identity no longer active
2026-10-02T16:04:15Z,APP_21637_3022645,21637,3022645,16,676,196.831,0,0,-1,-1,0,0.999931461,NA,NA,70.000000000,MEASURED_CPU_FAULT,CPU;INTERVAL_FAULTS,NA,NA,NA,NA,NA,NA,NA,NA,NA,NA,NA,NA,NA,NA,NA,NA,NA,NA,NA,NA,NA,NA,NA,TARGET_GONE,identity no longer active
2026-10-02T16:04:15Z,APP_21637_3022645,21637,3022645,16,677,201.499,0,0,-1,-1,0,0.999931461,NA,NA,70.000000000,MEASURED_CPU_FAULT,CPU;INTERVAL_FAULTS,NA,NA,NA,NA,NA,NA,NA,NA,NA,NA,NA,NA,NA,NA,NA,NA,NA,NA,NA,NA,NA,NA,NA,TARGET_GONE,identity no longer active
2026-10-02T16:04:15Z,APP_21637_3022645,21637,3022645,16,678,197.610,0,0,-1,-1,0,0.999931461,NA,NA,70.000000000,MEASURED_CPU_FAULT,CPU;INTERVAL_FAULTS,NA,NA,NA,NA,NA,NA,NA,NA,NA,NA,NA,NA,NA,NA,NA,NA,NA,NA,NA,NA,NA,NA,NA,TARGET_GONE,identity no longer active
2026-10-02T16:04:15Z,APP_21637_3022645,21637,3022645,16,679,201.499,0,0,-1,-1,0,0.999931461,NA,NA,70.000000000,MEASURED_CPU_FAULT,CPU;INTERVAL_FAULTS,NA,NA,NA,NA,NA,NA,NA,NA,NA,NA,NA,NA,NA,NA,NA,NA,NA,NA,NA,NA,NA,NA,NA,TARGET_GONE,identity no longer active
2026-10-02T16:04:16Z,APP_21637_3022645,21637,3022645,16,680,203.787,0,0,-1,-1,0,0.999931461,NA,NA,70.000000000,MEASURED_CPU_FAULT,CPU;INTERVAL_FAULTS,NA,NA,NA,NA,NA,NA,NA,NA,NA,NA,NA,NA,NA,NA,NA,NA,NA,NA,NA,NA,NA,NA,NA,TARGET_GONE,identity no longer active
2026-10-02T16:04:16Z,APP_21637_3022645,21637,3022645,16,681,192.192,0,0,-1,-1,0,0.999931461,NA,NA,70.000000000,MEASURED_CPU_FAULT,CPU;INTERVAL_FAULTS,NA,NA,NA,NA,NA,NA,NA,NA,NA,NA,NA,NA,NA,NA,NA,NA,NA,NA,NA,NA,NA,NA,NA,TARGET_GONE,identity no longer active
2026-10-02T16:04:16Z,APP_21637_3022645,21637,3022645,16,682,201.499,0,0,-1,-1,0,0.999931461,NA,NA,70.000000000,MEASURED_CPU_FAULT,CPU;INTERVAL_FAULTS,NA,NA,NA,NA,NA,NA,NA,NA,NA,NA,NA,NA,NA,NA,NA,NA,NA,NA,NA,NA,NA,NA,NA,TARGET_GONE,identity no longer active
2026-10-02T16:04:16Z,APP_21637_3022645,21637,3022645,16,683,205.714,0,0,-1,-1,0,0.999931461,NA,NA,70.000000000,MEASURED_CPU_FAULT,CPU;INTERVAL_FAULTS,NA,NA,NA,NA,NA,NA,NA,NA,NA,NA,NA,NA,NA,NA,NA,NA,NA,NA,NA,NA,NA,NA,NA,TARGET_GONE,identity no longer active
2026-10-02T16:04:16Z,APP_21637_3022645,21637,3022645,16,684,191.617,0,0,-1,-1,0,0.999931461,NA,NA,70.000000000,MEASURED_CPU_FAULT,CPU;INTERVAL_FAULTS,NA,NA,NA,NA,NA,NA,NA,NA,NA,NA,NA,NA,NA,NA,NA,NA,NA,NA,NA,NA,NA,NA,NA,TARGET_GONE,identity no longer active
2026-10-02T16:04:16Z,APP_21637_3022645,21637,3022645,16,685,203.781,0,0,-1,-1,0,0.999931461,NA,NA,70.000000000,MEASURED_CPU_FAULT,CPU;INTERVAL_FAULTS,NA,NA,NA,NA,NA,NA,NA,NA,NA,NA,NA,NA,NA,NA,NA,NA,NA,NA,NA,NA,NA,NA,NA,TARGET_GONE,identity no longer active
2026-10-02T16:04:16Z,APP_21637_3022645,21637,3022645,16,686,192.192,0,0,-1,-1,0,0.999931461,NA,NA,70.000000000,MEASURED_CPU_FAULT,CPU;INTERVAL_FAULTS,NA,NA,NA,NA,NA,NA,NA,NA,NA,NA,NA,NA,NA,NA,NA,NA,NA,NA,NA,NA,NA,NA,NA,TARGET_GONE,identity no longer active
2026-10-02T16:04:16Z,APP_21637_3022645,21637,3022645,16,687,203.579,0,0,-1,-1,0,0.999931461,NA,NA,70.000000000,MEASURED_CPU_FAULT,CPU;INTERVAL_FAULTS,NA,NA,NA,NA,NA,NA,NA,NA,NA,NA,NA,NA,NA,NA,NA,NA,NA,NA,NA,NA,NA,NA,NA,TARGET_GONE,identity no longer active
2026-10-02T16:04:17Z,APP_21637_3022645,21637,3022645,16,688,201.499,0,0,-1,-1,0,0.999931461,NA,NA,70.000000000,MEASURED_CPU_FAULT,CPU;INTERVAL_FAULTS,NA,NA,NA,NA,NA,NA,NA,NA,NA,NA,NA,NA,NA,NA,NA,NA,NA,NA,NA,NA,NA,NA,NA,TARGET_GONE,identity no longer active
2026-10-02T16:04:17Z,APP_21637_3022645,21637,3022645,16,689,198.450,0,0,-1,-1,0,0.999931461,NA,NA,70.000000000,MEASURED_CPU_FAULT,CPU;INTERVAL_FAULTS,NA,NA,NA,NA,NA,NA,NA,NA,NA,NA,NA,NA,NA,NA,NA,NA,NA,NA,NA,NA,NA,NA,NA,TARGET_GONE,identity no longer active
2026-10-02T16:04:17Z,APP_21637_3022645,21637,3022645,16,690,211.411,0,0,-1,-1,0,0.999931461,NA,NA,70.000000000,MEASURED_CPU_FAULT,CPU;INTERVAL_FAULTS,NA,NA,NA,NA,NA,NA,NA,NA,NA,NA,NA,NA,NA,NA,NA,NA,NA,NA,NA,NA,NA,NA,NA,TARGET_GONE,identity no longer active
2026-10-02T16:04:17Z,APP_21637_3022645,21637,3022645,16,691,191.904,0,0,-1,-1,0,0.999931461,NA,NA,70.000000000,MEASURED_CPU_FAULT,CPU;INTERVAL_FAULTS,NA,NA,NA,NA,NA,NA,NA,NA,NA,NA,NA,NA,NA,NA,NA,NA,NA,NA,NA,NA,NA,NA,NA,TARGET_GONE,identity no longer active
2026-10-02T16:04:17Z,APP_21637_3022645,21637,3022645,16,692,205.714,0,0,-1,-1,0,0.999931461,NA,NA,70.000000000,MEASURED_CPU_FAULT,CPU;INTERVAL_FAULTS,NA,NA,NA,NA,NA,NA,NA,NA,NA,NA,NA,NA,NA,NA,NA,NA,NA,NA,NA,NA,NA,NA,NA,TARGET_GONE,identity no longer active
2026-10-02T16:04:17Z,APP_21637_3022645,21637,3022645,16,693,201.802,0,0,-1,-1,0,0.999931461,NA,NA,70.000000000,MEASURED_CPU_FAULT,CPU;INTERVAL_FAULTS,NA,NA,NA,NA,NA,NA,NA,NA,NA,NA,NA,NA,NA,NA,NA,NA,NA,NA,NA,NA,NA,NA,NA,TARGET_GONE,identity no longer active
2026-10-02T16:04:17Z,APP_21637_3022645,21637,3022645,16,694,197.217,0,0,-1,-1,0,0.999931461,NA,NA,70.000000000,MEASURED_CPU_FAULT,CPU;INTERVAL_FAULTS,NA,NA,NA,NA,NA,NA,NA,NA,NA,NA,NA,NA,NA,NA,NA,NA,NA,NA,NA,NA,NA,NA,NA,TARGET_GONE,identity no longer active
2026-10-02T16:04:17Z,APP_21637_3022645,21637,3022645,16,695,201.499,0,0,-1,-1,0,0.999931461,NA,NA,70.000000000,MEASURED_CPU_FAULT,CPU;INTERVAL_FAULTS,NA,NA,NA,NA,NA,NA,NA,NA,NA,NA,NA,NA,NA,NA,NA,NA,NA,NA,NA,NA,NA,NA,NA,TARGET_GONE,identity no longer active
2026-10-02T16:04:18Z,APP_21637_3022645,21637,3022645,16,696,197.807,0,0,-1,-1,0,0.999931461,NA,NA,70.000000000,MEASURED_CPU_FAULT,CPU;INTERVAL_FAULTS,NA,NA,NA,NA,NA,NA,NA,NA,NA,NA,NA,NA,NA,NA,NA,NA,NA,NA,NA,NA,NA,NA,NA,TARGET_GONE,identity no longer active
2026-10-02T16:04:18Z,APP_21637_3022645,21637,3022645,16,697,200.897,0,0,-1,-1,0,0.999931461,NA,NA,70.000000000,MEASURED_CPU_FAULT,CPU;INTERVAL_FAULTS,NA,NA,NA,NA,NA,NA,NA,NA,NA,NA,NA,NA,NA,NA,NA,NA,NA,NA,NA,NA,NA,NA,NA,TARGET_GONE,identity no longer active
2026-10-02T16:04:18Z,APP_21637_3022645,21637,3022645,16,698,199.555,0,0,-1,-1,0,0.999931461,NA,NA,70.000000000,MEASURED_CPU_FAULT,CPU;INTERVAL_FAULTS,NA,NA,NA,NA,NA,NA,NA,NA,NA,NA,NA,NA,NA,NA,NA,NA,NA,NA,NA,NA,NA,NA,NA,TARGET_GONE,identity no longer active
2026-10-02T16:04:18Z,APP_21637_3022645,21637,3022645,16,699,191.617,0,0,-1,-1,0,0.999931461,NA,NA,70.000000000,MEASURED_CPU_FAULT,CPU;INTERVAL_FAULTS,NA,NA,NA,NA,NA,NA,NA,NA,NA,NA,NA,NA,NA,NA,NA,NA,NA,NA,NA,NA,NA,NA,NA,TARGET_GONE,identity no longer active
2026-10-02T16:04:18Z,APP_21637_3022645,21637,3022645,16,700,201.499,0,0,-1,-1,0,0.999931461,NA,NA,70.000000000,MEASURED_CPU_FAULT,CPU;INTERVAL_FAULTS,NA,NA,NA,NA,NA,NA,NA,NA,NA,NA,NA,NA,NA,NA,NA,NA,NA,NA,NA,NA,NA,NA,NA,TARGET_GONE,identity no longer active
2026-10-02T16:04:18Z,APP_21637_3022645,21637,3022645,16,701,198.393,0,0,-1,-1,0,0.999931461,NA,NA,70.000000000,MEASURED_CPU_FAULT,CPU;INTERVAL_FAULTS,NA,NA,NA,NA,NA,NA,NA,NA,NA,NA,NA,NA,NA,NA,NA,NA,NA,NA,NA,NA,NA,NA,NA,TARGET_GONE,identity no longer active
2026-10-02T16:04:18Z,APP_21637_3022645,21637,3022645,16,702,201.802,0,0,-1,-1,0,0.999931461,NA,NA,70.000000000,MEASURED_CPU_FAULT,CPU;INTERVAL_FAULTS,NA,NA,NA,NA,NA,NA,NA,NA,NA,NA,NA,NA,NA,NA,NA,NA,NA,NA,NA,NA,NA,NA,NA,TARGET_GONE,identity no longer active
2026-10-02T16:04:18Z,APP_21637_3022645,21637,3022645,16,703,203.175,0,0,-1,-1,0,0.999931461,NA,NA,70.000000000,MEASURED_CPU_FAULT,CPU;INTERVAL_FAULTS,NA,NA,NA,NA,NA,NA,NA,NA,NA,NA,NA,NA,NA,NA,NA,NA,NA,NA,NA,NA,NA,NA,NA,TARGET_GONE,identity no longer active
2026-10-02T16:04:19Z,APP_21637_3022645,21637,3022645,16,704,201.802,0,0,-1,-1,0,0.999931461,NA,NA,70.000000000,MEASURED_CPU_FAULT,CPU;INTERVAL_FAULTS,NA,NA,NA,NA,NA,NA,NA,NA,NA,NA,NA,NA,NA,NA,NA,NA,NA,NA,NA,NA,NA,NA,NA,TARGET_GONE,identity no longer active
2026-10-02T16:04:19Z,APP_21637_3022645,21637,3022645,16,705,197.413,0,0,-1,-1,0,0.999931461,NA,NA,70.000000000,MEASURED_CPU_FAULT,CPU;INTERVAL_FAULTS,NA,NA,NA,NA,NA,NA,NA,NA,NA,NA,NA,NA,NA,NA,NA,NA,NA,NA,NA,NA,NA,NA,NA,TARGET_GONE,identity no longer active
2026-10-02T16:04:19Z,APP_21637_3022645,21637,3022645,16,706,201.499,0,0,-1,-1,0,0.999931461,NA,NA,70.000000000,MEASURED_CPU_FAULT,CPU;INTERVAL_FAULTS,NA,NA,NA,NA,NA,NA,NA,NA,NA,NA,NA,NA,NA,NA,NA,NA,NA,NA,NA,NA,NA,NA,NA,TARGET_GONE,identity no longer active
2026-10-02T16:04:19Z,APP_21637_3022645,21637,3022645,16,707,203.262,0,0,-1,-1,0,0.999931461,NA,NA,70.000000000,MEASURED_CPU_FAULT,CPU;INTERVAL_FAULTS,NA,NA,NA,NA,NA,NA,NA,NA,NA,NA,NA,NA,NA,NA,NA,NA,NA,NA,NA,NA,NA,NA,NA,TARGET_GONE,identity no longer active
2026-10-02T16:04:19Z,APP_21637_3022645,21637,3022645,16,708,201.499,0,0,-1,-1,0,0.999931461,NA,NA,70.000000000,MEASURED_CPU_FAULT,CPU;INTERVAL_FAULTS,NA,NA,NA,NA,NA,NA,NA,NA,NA,NA,NA,NA,NA,NA,NA,NA,NA,NA,NA,NA,NA,NA,NA,TARGET_GONE,identity no longer active
2026-10-02T16:04:19Z,APP_21637_3022645,21637,3022645,16,709,197.610,0,0,-1,-1,0,0.999931461,NA,NA,70.000000000,MEASURED_CPU_FAULT,CPU;INTERVAL_FAULTS,NA,NA,NA,NA,NA,NA,NA,NA,NA,NA,NA,NA,NA,NA,NA,NA,NA,NA,NA,NA,NA,NA,NA,TARGET_GONE,identity no longer active
2026-10-02T16:04:19Z,APP_21637_3022645,21637,3022645,16,710,201.499,0,0,-1,-1,0,0.999931461,NA,NA,70.000000000,MEASURED_CPU_FAULT,CPU;INTERVAL_FAULTS,NA,NA,NA,NA,NA,NA,NA,NA,NA,NA,NA,NA,NA,NA,NA,NA,NA,NA,NA,NA,NA,NA,NA,TARGET_GONE,identity no longer active
2026-10-02T16:04:20Z,APP_21637_3022645,21637,3022645,16,711,197.610,0,0,-1,-1,0,0.999931461,NA,NA,70.000000000,MEASURED_CPU_FAULT,CPU;INTERVAL_FAULTS,NA,NA,NA,NA,NA,NA,NA,NA,NA,NA,NA,NA,NA,NA,NA,NA,NA,NA,NA,NA,NA,NA,NA,TARGET_GONE,identity no longer active
2026-10-02T16:04:20Z,APP_21637_3022645,21637,3022645,16,712,201.499,0,0,-1,-1,0,0.999931461,NA,NA,70.000000000,MEASURED_CPU_FAULT,CPU;INTERVAL_FAULTS,NA,NA,NA,NA,NA,NA,NA,NA,NA,NA,NA,NA,NA,NA,NA,NA,NA,NA,NA,NA,NA,NA,NA,TARGET_GONE,identity no longer active
2026-10-02T16:04:20Z,APP_21637_3022645,21637,3022645,16,713,202.973,0,0,-1,-1,0,0.999931461,NA,NA,70.000000000,MEASURED_CPU_FAULT,CPU;INTERVAL_FAULTS,NA,NA,NA,NA,NA,NA,NA,NA,NA,NA,NA,NA,NA,NA,NA,NA,NA,NA,NA,NA,NA,NA,NA,TARGET_GONE,identity no longer active
2026-10-02T16:04:20Z,APP_21637_3022645,21637,3022645,16,714,191.904,0,0,-1,-1,0,0.999931461,NA,NA,70.000000000,MEASURED_CPU_FAULT,CPU;INTERVAL_FAULTS,NA,NA,NA,NA,NA,NA,NA,NA,NA,NA,NA,NA,NA,NA,NA,NA,NA,NA,NA,NA,NA,NA,NA,TARGET_GONE,identity no longer active
2026-10-02T16:04:20Z,APP_21637_3022645,21637,3022645,16,715,201.942,0,0,-1,-1,0,0.999931461,NA,NA,70.000000000,MEASURED_CPU_FAULT,CPU;INTERVAL_FAULTS,NA,NA,NA,NA,NA,NA,NA,NA,NA,NA,NA,NA,NA,NA,NA,NA,NA,NA,NA,NA,NA,NA,NA,TARGET_GONE,identity no longer active
2026-10-02T16:04:20Z,APP_21637_3022645,21637,3022645,16,716,191.617,0,0,-1,-1,0,0.999931461,NA,NA,70.000000000,MEASURED_CPU_FAULT,CPU;INTERVAL_FAULTS,NA,NA,NA,NA,NA,NA,NA,NA,NA,NA,NA,NA,NA,NA,NA,NA,NA,NA,NA,NA,NA,NA,NA,TARGET_GONE,identity no longer active
2026-10-02T16:04:20Z,APP_21637_3022645,21637,3022645,16,717,201.802,0,0,-1,-1,0,0.999931461,NA,NA,70.000000000,MEASURED_CPU_FAULT,CPU;INTERVAL_FAULTS,NA,NA,NA,NA,NA,NA,NA,NA,NA,NA,NA,NA,NA,NA,NA,NA,NA,NA,NA,NA,NA,NA,NA,TARGET_GONE,identity no longer active
2026-10-02T16:04:20Z,APP_21637_3022645,21637,3022645,16,718,198.331,0,0,-1,-1,0,0.999931461,NA,NA,70.000000000,MEASURED_CPU_FAULT,CPU;INTERVAL_FAULTS,NA,NA,NA,NA,NA,NA,NA,NA,NA,NA,NA,NA,NA,NA,NA,NA,NA,NA,NA,NA,NA,NA,NA,TARGET_GONE,identity no longer active
2026-10-02T16:04:20Z,APP_21637_3022645,21637,3022645,16,719,201.499,0,0,-1,-1,0,0.999931461,NA,NA,70.000000000,MEASURED_CPU_FAULT,CPU;INTERVAL_FAULTS,NA,NA,NA,NA,NA,NA,NA,NA,NA,NA,NA,NA,NA,NA,NA,NA,NA,NA,NA,NA,NA,NA,NA,TARGET_GONE,identity no longer active
2026-10-02T16:04:21Z,APP_21637_3022645,21637,3022645,16,720,197.413,0,0,-1,-1,0,0.999931461,NA,NA,70.000000000,MEASURED_CPU_FAULT,CPU;INTERVAL_FAULTS,NA,NA,NA,NA,NA,NA,NA,NA,NA,NA,NA,NA,NA,NA,NA,NA,NA,NA,NA,NA,NA,NA,NA,TARGET_GONE,identity no longer active
2026-10-02T16:04:21Z,APP_21637_3022645,21637,3022645,16,721,201.499,0,0,-1,-1,0,0.999931461,NA,NA,70.000000000,MEASURED_CPU_FAULT,CPU;INTERVAL_FAULTS,NA,NA,NA,NA,NA,NA,NA,NA,NA,NA,NA,NA,NA,NA,NA,NA,NA,NA,NA,NA,NA,NA,NA,TARGET_GONE,identity no longer active
2026-10-02T16:04:21Z,APP_21637_3022645,21637,3022645,16,722,203.579,0,0,-1,-1,0,0.999931461,NA,NA,70.000000000,MEASURED_CPU_FAULT,CPU;INTERVAL_FAULTS,NA,NA,NA,NA,NA,NA,NA,NA,NA,NA,NA,NA,NA,NA,NA,NA,NA,NA,NA,NA,NA,NA,NA,TARGET_GONE,identity no longer active
2026-10-02T16:04:21Z,APP_21637_3022645,21637,3022645,16,723,201.499,0,0,-1,-1,0,0.999931461,NA,NA,70.000000000,MEASURED_CPU_FAULT,CPU;INTERVAL_FAULTS,NA,NA,NA,NA,NA,NA,NA,NA,NA,NA,NA,NA,NA,NA,NA,NA,NA,NA,NA,NA,NA,NA,NA,TARGET_GONE,identity no longer active
2026-10-02T16:04:21Z,APP_21637_3022645,21637,3022645,16,724,199.555,0,0,-1,-1,0,0.999931461,NA,NA,70.000000000,MEASURED_CPU_FAULT,CPU;INTERVAL_FAULTS,NA,NA,NA,NA,NA,NA,NA,NA,NA,NA,NA,NA,NA,NA,NA,NA,NA,NA,NA,NA,NA,NA,NA,TARGET_GONE,identity no longer active
2026-10-02T16:04:21Z,APP_21637_3022645,21637,3022645,16,725,192.192,0,0,-1,-1,0,0.999931461,NA,NA,70.000000000,MEASURED_CPU_FAULT,CPU;INTERVAL_FAULTS,NA,NA,NA,NA,NA,NA,NA,NA,NA,NA,NA,NA,NA,NA,NA,NA,NA,NA,NA,NA,NA,NA,NA,TARGET_GONE,identity no longer active
2026-10-02T16:04:21Z,APP_21637_3022645,21637,3022645,16,726,200.897,0,0,-1,-1,0,0.999931461,NA,NA,70.000000000,MEASURED_CPU_FAULT,CPU;INTERVAL_FAULTS,NA,NA,NA,NA,NA,NA,NA,NA,NA,NA,NA,NA,NA,NA,NA,NA,NA,NA,NA,NA,NA,NA,NA,TARGET_GONE,identity no longer active
2026-10-02T16:04:22Z,APP_21637_3022645,21637,3022645,16,727,198.568,0,0,-1,-1,0,0.999931461,NA,NA,70.000000000,MEASURED_CPU_FAULT,CPU;INTERVAL_FAULTS,NA,NA,NA,NA,NA,NA,NA,NA,NA,NA,NA,NA,NA,NA,NA,NA,NA,NA,NA,NA,NA,NA,NA,TARGET_GONE,identity no longer active
2026-10-02T16:04:22Z,APP_21637_3022645,21637,3022645,16,728,201.198,0,0,-1,-1,0,0.999931461,NA,NA,70.000000000,MEASURED_CPU_FAULT,CPU;INTERVAL_FAULTS,NA,NA,NA,NA,NA,NA,NA,NA,NA,NA,NA,NA,NA,NA,NA,NA,NA,NA,NA,NA,NA,NA,NA,TARGET_GONE,identity no longer active
2026-10-02T16:04:22Z,APP_21637_3022645,21637,3022645,16,729,203.376,0,0,-1,-1,0,0.999931461,NA,NA,70.000000000,MEASURED_CPU_FAULT,CPU;INTERVAL_FAULTS,NA,NA,NA,NA,NA,NA,NA,NA,NA,NA,NA,NA,NA,NA,NA,NA,NA,NA,NA,NA,NA,NA,NA,TARGET_GONE,identity no longer active
2026-10-02T16:04:22Z,APP_21637_3022645,21637,3022645,16,730,201.198,0,0,-1,-1,0,0.999931461,NA,NA,70.000000000,MEASURED_CPU_FAULT,CPU;INTERVAL_FAULTS,NA,NA,NA,NA,NA,NA,NA,NA,NA,NA,NA,NA,NA,NA,NA,NA,NA,NA,NA,NA,NA,NA,NA,TARGET_GONE,identity no longer active
2026-10-02T16:04:22Z,APP_21637_3022645,21637,3022645,16,731,197.413,0,0,-1,-1,0,0.999931461,NA,NA,70.000000000,MEASURED_CPU_FAULT,CPU;INTERVAL_FAULTS,NA,NA,NA,NA,NA,NA,NA,NA,NA,NA,NA,NA,NA,NA,NA,NA,NA,NA,NA,NA,NA,NA,NA,TARGET_GONE,identity no longer active
2026-10-02T16:04:22Z,APP_21637_3022645,21637,3022645,16,732,201.499,0,0,-1,-1,0,0.999931461,NA,NA,70.000000000,MEASURED_CPU_FAULT,CPU;INTERVAL_FAULTS,NA,NA,NA,NA,NA,NA,NA,NA,NA,NA,NA,NA,NA,NA,NA,NA,NA,NA,NA,NA,NA,NA,NA,TARGET_GONE,identity no longer active
2026-10-02T16:04:22Z,APP_21637_3022645,21637,3022645,16,733,200.805,0,0,-1,-1,0,0.999931461,NA,NA,70.000000000,MEASURED_CPU_FAULT,CPU;INTERVAL_FAULTS,NA,NA,NA,NA,NA,NA,NA,NA,NA,NA,NA,NA,NA,NA,NA,NA,NA,NA,NA,NA,NA,NA,NA,TARGET_GONE,identity no longer active
2026-10-02T16:04:22Z,APP_21637_3022645,21637,3022645,16,734,192.192,0,0,-1,-1,0,0.999931461,NA,NA,70.000000000,MEASURED_CPU_FAULT,CPU;INTERVAL_FAULTS,NA,NA,NA,NA,NA,NA,NA,NA,NA,NA,NA,NA,NA,NA,NA,NA,NA,NA,NA,NA,NA,NA,NA,TARGET_GONE,identity no longer active
2026-10-02T16:04:22Z,APP_21637_3022645,21637,3022645,16,735,201.499,0,0,-1,-1,0,0.999931461,NA,NA,70.000000000,MEASURED_CPU_FAULT,CPU;INTERVAL_FAULTS,NA,NA,NA,NA,NA,NA,NA,NA,NA,NA,NA,NA,NA,NA,NA,NA,NA,NA,NA,NA,NA,NA,NA,TARGET_GONE,identity no longer active
2026-10-02T16:04:23Z,APP_21637_3022645,21637,3022645,16,736,206.205,0,0,-1,-1,0,0.999931461,NA,NA,70.000000000,MEASURED_CPU_FAULT,CPU;INTERVAL_FAULTS,NA,NA,NA,NA,NA,NA,NA,NA,NA,NA,NA,NA,NA,NA,NA,NA,NA,NA,NA,NA,NA,NA,NA,TARGET_GONE,identity no longer active
2026-10-02T16:04:23Z,APP_21637_3022645,21637,3022645,16,737,192.192,0,0,-1,-1,0,0.999931461,NA,NA,70.000000000,MEASURED_CPU_FAULT,CPU;INTERVAL_FAULTS,NA,NA,NA,NA,NA,NA,NA,NA,NA,NA,NA,NA,NA,NA,NA,NA,NA,NA,NA,NA,NA,NA,NA,TARGET_GONE,identity no longer active
2026-10-02T16:04:23Z,APP_21637_3022645,21637,3022645,16,738,203.175,0,0,-1,-1,0,0.999931461,NA,NA,70.000000000,MEASURED_CPU_FAULT,CPU;INTERVAL_FAULTS,NA,NA,NA,NA,NA,NA,NA,NA,NA,NA,NA,NA,NA,NA,NA,NA,NA,NA,NA,NA,NA,NA,NA,TARGET_GONE,identity no longer active
2026-10-02T16:04:23Z,APP_21637_3022645,21637,3022645,16,739,192.481,0,0,-1,-1,0,0.999931461,NA,NA,70.000000000,MEASURED_CPU_FAULT,CPU;INTERVAL_FAULTS,NA,NA,NA,NA,NA,NA,NA,NA,NA,NA,NA,NA,NA,NA,NA,NA,NA,NA,NA,NA,NA,NA,NA,TARGET_GONE,identity no longer active
2026-10-02T16:04:23Z,APP_21637_3022645,21637,3022645,16,740,203.781,0,0,-1,-1,0,0.999931461,NA,NA,70.000000000,MEASURED_CPU_FAULT,CPU;INTERVAL_FAULTS,NA,NA,NA,NA,NA,NA,NA,NA,NA,NA,NA,NA,NA,NA,NA,NA,NA,NA,NA,NA,NA,NA,NA,TARGET_GONE,identity no longer active
2026-10-02T16:04:23Z,APP_21637_3022645,21637,3022645,16,741,191.904,0,0,-1,-1,0,0.999931461,NA,NA,70.000000000,MEASURED_CPU_FAULT,CPU;INTERVAL_FAULTS,NA,NA,NA,NA,NA,NA,NA,NA,NA,NA,NA,NA,NA,NA,NA,NA,NA,NA,NA,NA,NA,NA,NA,TARGET_GONE,identity no longer active
2026-10-02T16:04:23Z,APP_21637_3022645,21637,3022645,16,742,202.157,0,0,-1,-1,0,0.999931461,NA,NA,70.000000000,MEASURED_CPU_FAULT,CPU;INTERVAL_FAULTS,NA,NA,NA,NA,NA,NA,NA,NA,NA,NA,NA,NA,NA,NA,NA,NA,NA,NA,NA,NA,NA,NA,NA,TARGET_GONE,identity no longer active
2026-10-02T16:04:23Z,APP_21637_3022645,21637,3022645,16,743,211.411,0,0,-1,-1,0,0.999931461,NA,NA,70.000000000,MEASURED_CPU_FAULT,CPU;INTERVAL_FAULTS,NA,NA,NA,NA,NA,NA,NA,NA,NA,NA,NA,NA,NA,NA,NA,NA,NA,NA,NA,NA,NA,NA,NA,TARGET_GONE,identity no longer active
2026-10-02T16:04:24Z,APP_21637_3022645,21637,3022645,16,744,191.904,0,0,-1,-1,0,0.999931461,NA,NA,70.000000000,MEASURED_CPU_FAULT,CPU;INTERVAL_FAULTS,NA,NA,NA,NA,NA,NA,NA,NA,NA,NA,NA,NA,NA,NA,NA,NA,NA,NA,NA,NA,NA,NA,NA,TARGET_GONE,identity no longer active
2026-10-02T16:04:24Z,APP_21637_3022645,21637,3022645,16,745,205.470,0,0,-1,-1,0,0.999931461,NA,NA,70.000000000,MEASURED_CPU_FAULT,CPU;INTERVAL_FAULTS,NA,NA,NA,NA,NA,NA,NA,NA,NA,NA,NA,NA,NA,NA,NA,NA,NA,NA,NA,NA,NA,NA,NA,TARGET_GONE,identity no longer active
2026-10-02T16:04:24Z,APP_21637_3022645,21637,3022645,16,746,201.802,0,0,-1,-1,0,0.999931461,NA,NA,70.000000000,MEASURED_CPU_FAULT,CPU;INTERVAL_FAULTS,NA,NA,NA,NA,NA,NA,NA,NA,NA,NA,NA,NA,NA,NA,NA,NA,NA,NA,NA,NA,NA,NA,NA,TARGET_GONE,identity no longer active
2026-10-02T16:04:24Z,APP_21637_3022645,21637,3022645,16,747,197.217,0,0,-1,-1,0,0.999931461,NA,NA,70.000000000,MEASURED_CPU_FAULT,CPU;INTERVAL_FAULTS,NA,NA,NA,NA,NA,NA,NA,NA,NA,NA,NA,NA,NA,NA,NA,NA,NA,NA,NA,NA,NA,NA,NA,TARGET_GONE,identity no longer active
2026-10-02T16:04:24Z,APP_21637_3022645,21637,3022645,16,748,201.499,0,0,-1,-1,0,0.999931461,NA,NA,70.000000000,MEASURED_CPU_FAULT,CPU;INTERVAL_FAULTS,NA,NA,NA,NA,NA,NA,NA,NA,NA,NA,NA,NA,NA,NA,NA,NA,NA,NA,NA,NA,NA,NA,NA,TARGET_GONE,identity no longer active
2026-10-02T16:04:24Z,APP_21637_3022645,21637,3022645,16,749,203.376,0,0,-1,-1,0,0.999931461,NA,NA,70.000000000,MEASURED_CPU_FAULT,CPU;INTERVAL_FAULTS,NA,NA,NA,NA,NA,NA,NA,NA,NA,NA,NA,NA,NA,NA,NA,NA,NA,NA,NA,NA,NA,NA,NA,TARGET_GONE,identity no longer active
2026-10-02T16:04:24Z,APP_21637_3022645,21637,3022645,16,750,191.904,0,0,-1,-1,0,0.999931461,NA,NA,70.000000000,MEASURED_CPU_FAULT,CPU;INTERVAL_FAULTS,NA,NA,NA,NA,NA,NA,NA,NA,NA,NA,NA,NA,NA,NA,NA,NA,NA,NA,NA,NA,NA,NA,NA,TARGET_GONE,identity no longer active
2026-10-02T16:04:25Z,APP_21637_3022645,21637,3022645,16,751,200.149,0,0,-1,-1,0,0.999931461,NA,NA,70.000000000,MEASURED_CPU_FAULT,CPU;INTERVAL_FAULTS,NA,NA,NA,NA,NA,NA,NA,NA,NA,NA,NA,NA,NA,NA,NA,NA,NA,NA,NA,NA,NA,NA,NA,TARGET_GONE,identity no longer active
2026-10-02T16:04:25Z,APP_21637_3022645,21637,3022645,16,752,191.617,0,0,-1,-1,0,0.999931461,NA,NA,70.000000000,MEASURED_CPU_FAULT,CPU;INTERVAL_FAULTS,NA,NA,NA,NA,NA,NA,NA,NA,NA,NA,NA,NA,NA,NA,NA,NA,NA,NA,NA,NA,NA,NA,NA,TARGET_GONE,identity no longer active
2026-10-02T16:04:25Z,APP_21637_3022645,21637,3022645,16,753,201.499,0,0,-1,-1,0,0.999931461,NA,NA,70.000000000,MEASURED_CPU_FAULT,CPU;INTERVAL_FAULTS,NA,NA,NA,NA,NA,NA,NA,NA,NA,NA,NA,NA,NA,NA,NA,NA,NA,NA,NA,NA,NA,NA,NA,TARGET_GONE,identity no longer active
2026-10-02T16:04:25Z,APP_21637_3022645,21637,3022645,16,754,206.205,0,0,-1,-1,0,0.999931461,NA,NA,70.000000000,MEASURED_CPU_FAULT,CPU;INTERVAL_FAULTS,NA,NA,NA,NA,NA,NA,NA,NA,NA,NA,NA,NA,NA,NA,NA,NA,NA,NA,NA,NA,NA,NA,NA,TARGET_GONE,identity no longer active
2026-10-02T16:04:25Z,APP_21637_3022645,21637,3022645,16,755,191.904,0,0,-1,-1,0,0.999931461,NA,NA,70.000000000,MEASURED_CPU_FAULT,CPU;INTERVAL_FAULTS,NA,NA,NA,NA,NA,NA,NA,NA,NA,NA,NA,NA,NA,NA,NA,NA,NA,NA,NA,NA,NA,NA,NA,TARGET_GONE,identity no longer active
2026-10-02T16:04:25Z,APP_21637_3022645,21637,3022645,16,756,203.984,0,0,-1,-1,0,0.999931461,NA,NA,70.000000000,MEASURED_CPU_FAULT,CPU;INTERVAL_FAULTS,NA,NA,NA,NA,NA,NA,NA,NA,NA,NA,NA,NA,NA,NA,NA,NA,NA,NA,NA,NA,NA,NA,NA,TARGET_GONE,identity no longer active
2026-10-02T16:04:25Z,APP_21637_3022645,21637,3022645,16,757,191.904,0,0,-1,-1,0,0.999931461,NA,NA,70.000000000,MEASURED_CPU_FAULT,CPU;INTERVAL_FAULTS,NA,NA,NA,NA,NA,NA,NA,NA,NA,NA,NA,NA,NA,NA,NA,NA,NA,NA,NA,NA,NA,NA,NA,TARGET_GONE,identity no longer active
2026-10-02T16:04:25Z,APP_21637_3022645,21637,3022645,16,758,203.376,0,0,-1,-1,0,0.999931461,NA,NA,70.000000000,MEASURED_CPU_FAULT,CPU;INTERVAL_FAULTS,NA,NA,NA,NA,NA,NA,NA,NA,NA,NA,NA,NA,NA,NA,NA,NA,NA,NA,NA,NA,NA,NA,NA,TARGET_GONE,identity no longer active
2026-10-02T16:04:25Z,APP_21637_3022645,21637,3022645,16,759,201.802,0,0,-1,-1,0,0.999931461,NA,NA,70.000000000,MEASURED_CPU_FAULT,CPU;INTERVAL_FAULTS,NA,NA,NA,NA,NA,NA,NA,NA,NA,NA,NA,NA,NA,NA,NA,NA,NA,NA,NA,NA,NA,NA,NA,TARGET_GONE,identity no longer active
2026-10-02T16:04:26Z,APP_21637_3022645,21637,3022645,16,760,197.531,0,0,-1,-1,0,0.999931461,NA,NA,70.000000000,MEASURED_CPU_FAULT,CPU;INTERVAL_FAULTS,NA,NA,NA,NA,NA,NA,NA,NA,NA,NA,NA,NA,NA,NA,NA,NA,NA,NA,NA,NA,NA,NA,NA,TARGET_GONE,identity no longer active
2026-10-02T16:04:26Z,APP_21637_3022645,21637,3022645,16,761,210.778,0,0,-1,-1,0,0.999931461,NA,NA,70.000000000,MEASURED_CPU_FAULT,CPU;INTERVAL_FAULTS,NA,NA,NA,NA,NA,NA,NA,NA,NA,NA,NA,NA,NA,NA,NA,NA,NA,NA,NA,NA,NA,NA,NA,TARGET_GONE,identity no longer active
2026-10-02T16:04:26Z,APP_21637_3022645,21637,3022645,16,762,201.499,0,0,-1,-1,0,0.999931461,NA,NA,70.000000000,MEASURED_CPU_FAULT,CPU;INTERVAL_FAULTS,NA,NA,NA,NA,NA,NA,NA,NA,NA,NA,NA,NA,NA,NA,NA,NA,NA,NA,NA,NA,NA,NA,NA,TARGET_GONE,identity no longer active
2026-10-02T16:04:26Z,APP_21637_3022645,21637,3022645,16,763,198.568,0,0,-1,-1,0,0.999931461,NA,NA,70.000000000,MEASURED_CPU_FAULT,CPU;INTERVAL_FAULTS,NA,NA,NA,NA,NA,NA,NA,NA,NA,NA,NA,NA,NA,NA,NA,NA,NA,NA,NA,NA,NA,NA,NA,TARGET_GONE,identity no longer active
2026-10-02T16:04:26Z,APP_21637_3022645,21637,3022645,16,764,201.198,0,0,-1,-1,0,0.999931461,NA,NA,70.000000000,MEASURED_CPU_FAULT,CPU;INTERVAL_FAULTS,NA,NA,NA,NA,NA,NA,NA,NA,NA,NA,NA,NA,NA,NA,NA,NA,NA,NA,NA,NA,NA,NA,NA,TARGET_GONE,identity no longer active
2026-10-02T16:04:26Z,APP_21637_3022645,21637,3022645,16,765,203.376,0,0,-1,-1,0,0.999931461,NA,NA,70.000000000,MEASURED_CPU_FAULT,CPU;INTERVAL_FAULTS,NA,NA,NA,NA,NA,NA,NA,NA,NA,NA,NA,NA,NA,NA,NA,NA,NA,NA,NA,NA,NA,NA,NA,TARGET_GONE,identity no longer active
2026-10-02T16:04:26Z,APP_21637_3022645,21637,3022645,16,766,191.904,0,0,-1,-1,0,0.999931461,NA,NA,70.000000000,MEASURED_CPU_FAULT,CPU;INTERVAL_FAULTS,NA,NA,NA,NA,NA,NA,NA,NA,NA,NA,NA,NA,NA,NA,NA,NA,NA,NA,NA,NA,NA,NA,NA,TARGET_GONE,identity no longer active
2026-10-02T16:04:26Z,APP_21637_3022645,21637,3022645,16,767,203.781,0,0,-1,-1,0,0.999931461,NA,NA,70.000000000,MEASURED_CPU_FAULT,CPU;INTERVAL_FAULTS,NA,NA,NA,NA,NA,NA,NA,NA,NA,NA,NA,NA,NA,NA,NA,NA,NA,NA,NA,NA,NA,NA,NA,TARGET_GONE,identity no longer active
2026-10-02T16:04:27Z,APP_21637_3022645,21637,3022645,16,768,191.617,0,0,-1,-1,0,0.999931461,NA,NA,70.000000000,MEASURED_CPU_FAULT,CPU;INTERVAL_FAULTS,NA,NA,NA,NA,NA,NA,NA,NA,NA,NA,NA,NA,NA,NA,NA,NA,NA,NA,NA,NA,NA,NA,NA,TARGET_GONE,identity no longer active
2026-10-02T16:04:27Z,APP_21637_3022645,21637,3022645,16,769,201.575,0,0,-1,-1,0,0.999931461,NA,NA,70.000000000,MEASURED_CPU_FAULT,CPU;INTERVAL_FAULTS,NA,NA,NA,NA,NA,NA,NA,NA,NA,NA,NA,NA,NA,NA,NA,NA,NA,NA,NA,NA,NA,NA,NA,TARGET_GONE,identity no longer active
2026-10-02T16:04:27Z,APP_21637_3022645,21637,3022645,16,770,211.411,0,0,-1,-1,0,0.999931461,NA,NA,70.000000000,MEASURED_CPU_FAULT,CPU;INTERVAL_FAULTS,NA,NA,NA,NA,NA,NA,NA,NA,NA,NA,NA,NA,NA,NA,NA,NA,NA,NA,NA,NA,NA,NA,NA,TARGET_GONE,identity no longer active
2026-10-02T16:04:27Z,APP_21637_3022645,21637,3022645,16,771,201.802,0,0,-1,-1,0,0.999931461,NA,NA,70.000000000,MEASURED_CPU_FAULT,CPU;INTERVAL_FAULTS,NA,NA,NA,NA,NA,NA,NA,NA,NA,NA,NA,NA,NA,NA,NA,NA,NA,NA,NA,NA,NA,NA,NA,TARGET_GONE,identity no longer active
2026-10-02T16:04:27Z,APP_21637_3022645,21637,3022645,16,772,198.095,0,0,-1,-1,0,0.999931461,NA,NA,70.000000000,MEASURED_CPU_FAULT,CPU;INTERVAL_FAULTS,NA,NA,NA,NA,NA,NA,NA,NA,NA,NA,NA,NA,NA,NA,NA,NA,NA,NA,NA,NA,NA,NA,NA,TARGET_GONE,identity no longer active
2026-10-02T16:04:27Z,APP_21637_3022645,21637,3022645,16,773,201.802,0,0,-1,-1,0,0.999931461,NA,NA,70.000000000,MEASURED_CPU_FAULT,CPU;INTERVAL_FAULTS,NA,NA,NA,NA,NA,NA,NA,NA,NA,NA,NA,NA,NA,NA,NA,NA,NA,NA,NA,NA,NA,NA,NA,TARGET_GONE,identity no longer active
2026-10-02T16:04:27Z,APP_21637_3022645,21637,3022645,16,774,197.413,0,0,-1,-1,0,0.999931461,NA,NA,70.000000000,MEASURED_CPU_FAULT,CPU;INTERVAL_FAULTS,NA,NA,NA,NA,NA,NA,NA,NA,NA,NA,NA,NA,NA,NA,NA,NA,NA,NA,NA,NA,NA,NA,NA,TARGET_GONE,identity no longer active
2026-10-02T16:04:27Z,APP_21637_3022645,21637,3022645,16,775,201.499,0,0,-1,-1,0,0.999931461,NA,NA,70.000000000,MEASURED_CPU_FAULT,CPU;INTERVAL_FAULTS,NA,NA,NA,NA,NA,NA,NA,NA,NA,NA,NA,NA,NA,NA,NA,NA,NA,NA,NA,NA,NA,NA,NA,TARGET_GONE,identity no longer active
2026-10-02T16:04:28Z,APP_21637_3022645,21637,3022645,16,776,198.066,0,0,-1,-1,0,0.999931461,NA,NA,70.000000000,MEASURED_CPU_FAULT,CPU;INTERVAL_FAULTS,NA,NA,NA,NA,NA,NA,NA,NA,NA,NA,NA,NA,NA,NA,NA,NA,NA,NA,NA,NA,NA,NA,NA,TARGET_GONE,identity no longer active
2026-10-02T16:04:28Z,APP_21637_3022645,21637,3022645,16,777,201.198,0,0,-1,-1,0,0.999931461,NA,NA,70.000000000,MEASURED_CPU_FAULT,CPU;INTERVAL_FAULTS,NA,NA,NA,NA,NA,NA,NA,NA,NA,NA,NA,NA,NA,NA,NA,NA,NA,NA,NA,NA,NA,NA,NA,TARGET_GONE,identity no longer active
2026-10-02T16:04:28Z,APP_21637_3022645,21637,3022645,16,778,198.621,0,0,-1,-1,0,0.999931461,NA,NA,70.000000000,MEASURED_CPU_FAULT,CPU;INTERVAL_FAULTS,NA,NA,NA,NA,NA,NA,NA,NA,NA,NA,NA,NA,NA,NA,NA,NA,NA,NA,NA,NA,NA,NA,NA,TARGET_GONE,identity no longer active
2026-10-02T16:04:28Z,APP_21637_3022645,21637,3022645,16,779,211.411,0,0,-1,-1,0,0.999931461,NA,NA,70.000000000,MEASURED_CPU_FAULT,CPU;INTERVAL_FAULTS,NA,NA,NA,NA,NA,NA,NA,NA,NA,NA,NA,NA,NA,NA,NA,NA,NA,NA,NA,NA,NA,NA,NA,TARGET_GONE,identity no longer active
2026-10-02T16:04:28Z,APP_21637_3022645,21637,3022645,16,780,201.499,0,0,-1,-1,0,0.999931461,NA,NA,70.000000000,MEASURED_CPU_FAULT,CPU;INTERVAL_FAULTS,NA,NA,NA,NA,NA,NA,NA,NA,NA,NA,NA,NA,NA,NA,NA,NA,NA,NA,NA,NA,NA,NA,NA,TARGET_GONE,identity no longer active
2026-10-02T16:04:28Z,APP_21637_3022645,21637,3022645,16,781,198.331,0,0,-1,-1,0,0.999931461,NA,NA,70.000000000,MEASURED_CPU_FAULT,CPU;INTERVAL_FAULTS,NA,NA,NA,NA,NA,NA,NA,NA,NA,NA,NA,NA,NA,NA,NA,NA,NA,NA,NA,NA,NA,NA,NA,TARGET_GONE,identity no longer active
2026-10-02T16:04:28Z,APP_21637_3022645,21637,3022645,16,782,201.198,0,0,-1,-1,0,0.999931461,NA,NA,70.000000000,MEASURED_CPU_FAULT,CPU;INTERVAL_FAULTS,NA,NA,NA,NA,NA,NA,NA,NA,NA,NA,NA,NA,NA,NA,NA,NA,NA,NA,NA,NA,NA,NA,NA,TARGET_GONE,identity no longer active
2026-10-02T16:04:28Z,APP_21637_3022645,21637,3022645,16,783,197.610,0,0,-1,-1,0,0.999931461,NA,NA,70.000000000,MEASURED_CPU_FAULT,CPU;INTERVAL_FAULTS,NA,NA,NA,NA,NA,NA,NA,NA,NA,NA,NA,NA,NA,NA,NA,NA,NA,NA,NA,NA,NA,NA,NA,TARGET_GONE,identity no longer active
2026-10-02T16:04:29Z,APP_21637_3022645,21637,3022645,16,784,201.499,0,0,-1,-1,0,0.999931461,NA,NA,70.000000000,MEASURED_CPU_FAULT,CPU;INTERVAL_FAULTS,NA,NA,NA,NA,NA,NA,NA,NA,NA,NA,NA,NA,NA,NA,NA,NA,NA,NA,NA,NA,NA,NA,NA,TARGET_GONE,identity no longer active
2026-10-02T16:04:29Z,APP_21637_3022645,21637,3022645,16,785,197.413,0,0,-1,-1,0,0.999931461,NA,NA,70.000000000,MEASURED_CPU_FAULT,CPU;INTERVAL_FAULTS,NA,NA,NA,NA,NA,NA,NA,NA,NA,NA,NA,NA,NA,NA,NA,NA,NA,NA,NA,NA,NA,NA,NA,TARGET_GONE,identity no longer active
2026-10-02T16:04:29Z,APP_21637_3022645,21637,3022645,16,786,211.094,0,0,-1,-1,0,0.999931461,NA,NA,70.000000000,MEASURED_CPU_FAULT,CPU;INTERVAL_FAULTS,NA,NA,NA,NA,NA,NA,NA,NA,NA,NA,NA,NA,NA,NA,NA,NA,NA,NA,NA,NA,NA,NA,NA,TARGET_GONE,identity no longer active
2026-10-02T16:04:29Z,APP_21637_3022645,21637,3022645,16,787,196.587,0,0,-1,-1,0,0.999931461,NA,NA,70.000000000,MEASURED_CPU_FAULT,CPU;INTERVAL_FAULTS,NA,NA,NA,NA,NA,NA,NA,NA,NA,NA,NA,NA,NA,NA,NA,NA,NA,NA,NA,NA,NA,NA,NA,TARGET_GONE,identity no longer active
2026-10-02T16:04:29Z,APP_21637_3022645,21637,3022645,16,788,210.778,0,0,-1,-1,0,0.999931461,NA,NA,70.000000000,MEASURED_CPU_FAULT,CPU;INTERVAL_FAULTS,NA,NA,NA,NA,NA,NA,NA,NA,NA,NA,NA,NA,NA,NA,NA,NA,NA,NA,NA,NA,NA,NA,NA,TARGET_GONE,identity no longer active
2026-10-02T16:04:29Z,APP_21637_3022645,21637,3022645,16,789,192.192,0,0,-1,-1,0,0.999931461,NA,NA,70.000000000,MEASURED_CPU_FAULT,CPU;INTERVAL_FAULTS,NA,NA,NA,NA,NA,NA,NA,NA,NA,NA,NA,NA,NA,NA,NA,NA,NA,NA,NA,NA,NA,NA,NA,TARGET_GONE,identity no longer active
2026-10-02T16:04:29Z,APP_21637_3022645,21637,3022645,16,790,205.959,0,0,-1,-1,0,0.999931461,NA,NA,70.000000000,MEASURED_CPU_FAULT,CPU;INTERVAL_FAULTS,NA,NA,NA,NA,NA,NA,NA,NA,NA,NA,NA,NA,NA,NA,NA,NA,NA,NA,NA,NA,NA,NA,NA,TARGET_GONE,identity no longer active
2026-10-02T16:04:29Z,APP_21637_3022645,21637,3022645,16,791,201.198,0,0,-1,-1,0,0.999931461,NA,NA,70.000000000,MEASURED_CPU_FAULT,CPU;INTERVAL_FAULTS,NA,NA,NA,NA,NA,NA,NA,NA,NA,NA,NA,NA,NA,NA,NA,NA,NA,NA,NA,NA,NA,NA,NA,TARGET_GONE,identity no longer active
2026-10-02T16:04:30Z,APP_21637_3022645,21637,3022645,16,792,197.610,0,0,-1,-1,0,0.999931461,NA,NA,70.000000000,MEASURED_CPU_FAULT,CPU;INTERVAL_FAULTS,NA,NA,NA,NA,NA,NA,NA,NA,NA,NA,NA,NA,NA,NA,NA,NA,NA,NA,NA,NA,NA,NA,NA,TARGET_GONE,identity no longer active
2026-10-02T16:04:30Z,APP_21637_3022645,21637,3022645,16,793,201.802,0,0,-1,-1,0,0.999931461,NA,NA,70.000000000,MEASURED_CPU_FAULT,CPU;INTERVAL_FAULTS,NA,NA,NA,NA,NA,NA,NA,NA,NA,NA,NA,NA,NA,NA,NA,NA,NA,NA,NA,NA,NA,NA,NA,TARGET_GONE,identity no longer active
2026-10-02T16:04:30Z,APP_21637_3022645,21637,3022645,16,794,197.217,0,0,-1,-1,0,0.999931461,NA,NA,70.000000000,MEASURED_CPU_FAULT,CPU;INTERVAL_FAULTS,NA,NA,NA,NA,NA,NA,NA,NA,NA,NA,NA,NA,NA,NA,NA,NA,NA,NA,NA,NA,NA,NA,NA,TARGET_GONE,identity no longer active
2026-10-02T16:04:30Z,APP_21637_3022645,21637,3022645,16,795,201.802,0,0,-1,-1,0,0.999931461,NA,NA,70.000000000,MEASURED_CPU_FAULT,CPU;INTERVAL_FAULTS,NA,NA,NA,NA,NA,NA,NA,NA,NA,NA,NA,NA,NA,NA,NA,NA,NA,NA,NA,NA,NA,NA,NA,TARGET_GONE,identity no longer active
2026-10-02T16:04:30Z,APP_21637_3022645,21637,3022645,16,796,200.801,0,0,-1,-1,0,0.999931461,NA,NA,70.000000000,MEASURED_CPU_FAULT,CPU;INTERVAL_FAULTS,NA,NA,NA,NA,NA,NA,NA,NA,NA,NA,NA,NA,NA,NA,NA,NA,NA,NA,NA,NA,NA,NA,NA,TARGET_GONE,identity no longer active
2026-10-02T16:04:30Z,APP_21637_3022645,21637,3022645,16,797,191.045,0,0,-1,-1,0,0.999931461,NA,NA,70.000000000,MEASURED_CPU_FAULT,CPU;INTERVAL_FAULTS,NA,NA,NA,NA,NA,NA,NA,NA,NA,NA,NA,NA,NA,NA,NA,NA,NA,NA,NA,NA,NA,NA,NA,TARGET_GONE,identity no longer active
2026-10-02T16:04:30Z,APP_21637_3022645,21637,3022645,16,798,201.499,0,0,-1,-1,0,0.999931461,NA,NA,70.000000000,MEASURED_CPU_FAULT,CPU;INTERVAL_FAULTS,NA,NA,NA,NA,NA,NA,NA,NA,NA,NA,NA,NA,NA,NA,NA,NA,NA,NA,NA,NA,NA,NA,NA,TARGET_GONE,identity no longer active
2026-10-02T16:04:30Z,APP_21637_3022645,21637,3022645,16,799,198.331,0,0,-1,-1,0,0.999931461,NA,NA,70.000000000,MEASURED_CPU_FAULT,CPU;INTERVAL_FAULTS,NA,NA,NA,NA,NA,NA,NA,NA,NA,NA,NA,NA,NA,NA,NA,NA,NA,NA,NA,NA,NA,NA,NA,TARGET_GONE,identity no longer active
2026-10-02T16:04:31Z,APP_21637_3022645,21637,3022645,16,800,201.198,0,0,-1,-1,0,0.999931461,NA,NA,70.000000000,MEASURED_CPU_FAULT,CPU;INTERVAL_FAULTS,NA,NA,NA,NA,NA,NA,NA,NA,NA,NA,NA,NA,NA,NA,NA,NA,NA,NA,NA,NA,NA,NA,NA,TARGET_GONE,identity no longer active
2026-10-02T16:04:31Z,APP_21637_3022645,21637,3022645,16,801,197.413,0,0,-1,-1,0,0.999931461,NA,NA,70.000000000,MEASURED_CPU_FAULT,CPU;INTERVAL_FAULTS,NA,NA,NA,NA,NA,NA,NA,NA,NA,NA,NA,NA,NA,NA,NA,NA,NA,NA,NA,NA,NA,NA,NA,TARGET_GONE,identity no longer active
2026-10-02T16:04:31Z,APP_21637_3022645,21637,3022645,16,802,201.499,0,0,-1,-1,0,0.999931461,NA,NA,70.000000000,MEASURED_CPU_FAULT,CPU;INTERVAL_FAULTS,NA,NA,NA,NA,NA,NA,NA,NA,NA,NA,NA,NA,NA,NA,NA,NA,NA,NA,NA,NA,NA,NA,NA,TARGET_GONE,identity no longer active
2026-10-02T16:04:31Z,APP_21637_3022645,21637,3022645,16,803,197.610,0,0,-1,-1,0,0.999931461,NA,NA,70.000000000,MEASURED_CPU_FAULT,CPU;INTERVAL_FAULTS,NA,NA,NA,NA,NA,NA,NA,NA,NA,NA,NA,NA,NA,NA,NA,NA,NA,NA,NA,NA,NA,NA,NA,TARGET_GONE,identity no longer active
2026-10-02T16:04:31Z,APP_21637_3022645,21637,3022645,16,804,211.094,0,0,-1,-1,0,0.999931461,NA,NA,70.000000000,MEASURED_CPU_FAULT,CPU;INTERVAL_FAULTS,NA,NA,NA,NA,NA,NA,NA,NA,NA,NA,NA,NA,NA,NA,NA,NA,NA,NA,NA,NA,NA,NA,NA,TARGET_GONE,identity no longer active
2026-10-02T16:04:13Z,APP_21637_3022645,21637,3022645,17,805,0.000,0,0,-1,-1,0,0.999931461,1,true,0.000000000,MEASURED_CPU_FAULT,CPU;INTERVAL_FAULTS,HOT,669.474315258,0.560000000,0.700000000,NA,NA,NA,NA,0.560000000,0.000000000,0.700000000,0.000000000,-1.000000000,1.232000000,NA,MOVE_THREAD,INVALID,NOT_APPLICABLE,INVALID,MOVE_THREAD,-1,-1,false,TARGET_GONE,identity no longer active
2026-10-02T16:04:14Z,APP_21637_3022645,21637,3022645,17,806,0.000,0,0,-1,-1,0,0.999931461,NA,NA,0.000000000,MEASURED_CPU_FAULT,CPU;INTERVAL_FAULTS,NA,NA,NA,NA,NA,NA,NA,NA,NA,NA,NA,NA,NA,NA,NA,NA,NA,NA,NA,NA,NA,NA,NA,TARGET_GONE,identity no longer active
2026-10-02T16:04:14Z,APP_21637_3022645,21637,3022645,17,807,0.000,0,0,-1,-1,0,0.999931461,NA,NA,0.000000000,MEASURED_CPU_FAULT,CPU;INTERVAL_FAULTS,NA,NA,NA,NA,NA,NA,NA,NA,NA,NA,NA,NA,NA,NA,NA,NA,NA,NA,NA,NA,NA,NA,NA,TARGET_GONE,identity no longer active
2026-10-02T16:04:14Z,APP_21637_3022645,21637,3022645,17,808,0.000,0,0,-1,-1,0,0.999931461,NA,NA,0.000000000,MEASURED_CPU_FAULT,CPU;INTERVAL_FAULTS,NA,NA,NA,NA,NA,NA,NA,NA,NA,NA,NA,NA,NA,NA,NA,NA,NA,NA,NA,NA,NA,NA,NA,TARGET_GONE,identity no longer active
2026-10-02T16:04:14Z,APP_21637_3022645,21637,3022645,17,809,0.000,0,0,-1,-1,0,0.999931461,NA,NA,0.000000000,MEASURED_CPU_FAULT,CPU;INTERVAL_FAULTS,NA,NA,NA,NA,NA,NA,NA,NA,NA,NA,NA,NA,NA,NA,NA,NA,NA,NA,NA,NA,NA,NA,NA,TARGET_GONE,identity no longer active
2026-10-02T16:04:14Z,APP_21637_3022645,21637,3022645,17,810,0.000,0,0,-1,-1,0,0.999931461,NA,NA,0.000000000,MEASURED_CPU_FAULT,CPU;INTERVAL_FAULTS,NA,NA,NA,NA,NA,NA,NA,NA,NA,NA,NA,NA,NA,NA,NA,NA,NA,NA,NA,NA,NA,NA,NA,TARGET_GONE,identity no longer active
2026-10-02T16:04:14Z,APP_21637_3022645,21637,3022645,17,811,0.000,0,0,-1,-1,0,0.999931461,NA,NA,0.000000000,MEASURED_CPU_FAULT,CPU;INTERVAL_FAULTS,NA,NA,NA,NA,NA,NA,NA,NA,NA,NA,NA,NA,NA,NA,NA,NA,NA,NA,NA,NA,NA,NA,NA,TARGET_GONE,identity no longer active
2026-10-02T16:04:15Z,APP_21637_3022645,21637,3022645,17,812,18.907,0,0,-1,-1,0,0.999931461,NA,NA,13.234900000,MEASURED_CPU_FAULT,CPU;INTERVAL_FAULTS,NA,NA,NA,NA,NA,NA,NA,NA,NA,NA,NA,NA,NA,NA,NA,NA,NA,NA,NA,NA,NA,NA,NA,TARGET_GONE,identity no longer active
2026-10-02T16:04:15Z,APP_21637_3022645,21637,3022645,17,813,191.617,0,0,-1,-1,0,0.999931461,NA,NA,70.000000000,MEASURED_CPU_FAULT,CPU;INTERVAL_FAULTS,NA,NA,NA,NA,NA,NA,NA,NA,NA,NA,NA,NA,NA,NA,NA,NA,NA,NA,NA,NA,NA,NA,NA,TARGET_GONE,identity no longer active
2026-10-02T16:04:15Z,APP_21637_3022645,21637,3022645,17,814,201.499,0,0,-1,-1,0,0.999931461,NA,NA,70.000000000,MEASURED_CPU_FAULT,CPU;INTERVAL_FAULTS,NA,NA,NA,NA,NA,NA,NA,NA,NA,NA,NA,NA,NA,NA,NA,NA,NA,NA,NA,NA,NA,NA,NA,TARGET_GONE,identity no longer active
2026-10-02T16:04:15Z,APP_21637_3022645,21637,3022645,17,815,200.272,0,0,-1,-1,0,0.999931461,NA,NA,70.000000000,MEASURED_CPU_FAULT,CPU;INTERVAL_FAULTS,NA,NA,NA,NA,NA,NA,NA,NA,NA,NA,NA,NA,NA,NA,NA,NA,NA,NA,NA,NA,NA,NA,NA,TARGET_GONE,identity no longer active
2026-10-02T16:04:15Z,APP_21637_3022645,21637,3022645,17,816,201.198,0,0,-1,-1,0,0.999931461,NA,NA,70.000000000,MEASURED_CPU_FAULT,CPU;INTERVAL_FAULTS,NA,NA,NA,NA,NA,NA,NA,NA,NA,NA,NA,NA,NA,NA,NA,NA,NA,NA,NA,NA,NA,NA,NA,TARGET_GONE,identity no longer active
2026-10-02T16:04:15Z,APP_21637_3022645,21637,3022645,17,817,196.831,0,0,-1,-1,0,0.999931461,NA,NA,70.000000000,MEASURED_CPU_FAULT,CPU;INTERVAL_FAULTS,NA,NA,NA,NA,NA,NA,NA,NA,NA,NA,NA,NA,NA,NA,NA,NA,NA,NA,NA,NA,NA,NA,NA,TARGET_GONE,identity no longer active
2026-10-02T16:04:15Z,APP_21637_3022645,21637,3022645,17,818,201.499,0,0,-1,-1,0,0.999931461,NA,NA,70.000000000,MEASURED_CPU_FAULT,CPU;INTERVAL_FAULTS,NA,NA,NA,NA,NA,NA,NA,NA,NA,NA,NA,NA,NA,NA,NA,NA,NA,NA,NA,NA,NA,NA,NA,TARGET_GONE,identity no longer active
2026-10-02T16:04:15Z,APP_21637_3022645,21637,3022645,17,819,197.610,0,0,-1,-1,0,0.999931461,NA,NA,70.000000000,MEASURED_CPU_FAULT,CPU;INTERVAL_FAULTS,NA,NA,NA,NA,NA,NA,NA,NA,NA,NA,NA,NA,NA,NA,NA,NA,NA,NA,NA,NA,NA,NA,NA,TARGET_GONE,identity no longer active
2026-10-02T16:04:15Z,APP_21637_3022645,21637,3022645,17,820,201.499,0,0,-1,-1,0,0.999931461,NA,NA,70.000000000,MEASURED_CPU_FAULT,CPU;INTERVAL_FAULTS,NA,NA,NA,NA,NA,NA,NA,NA,NA,NA,NA,NA,NA,NA,NA,NA,NA,NA,NA,NA,NA,NA,NA,TARGET_GONE,identity no longer active
2026-10-02T16:04:16Z,APP_21637_3022645,21637,3022645,17,821,203.787,0,0,-1,-1,0,0.999931461,NA,NA,70.000000000,MEASURED_CPU_FAULT,CPU;INTERVAL_FAULTS,NA,NA,NA,NA,NA,NA,NA,NA,NA,NA,NA,NA,NA,NA,NA,NA,NA,NA,NA,NA,NA,NA,NA,TARGET_GONE,identity no longer active
2026-10-02T16:04:16Z,APP_21637_3022645,21637,3022645,17,822,192.192,0,0,-1,-1,0,0.999931461,NA,NA,70.000000000,MEASURED_CPU_FAULT,CPU;INTERVAL_FAULTS,NA,NA,NA,NA,NA,NA,NA,NA,NA,NA,NA,NA,NA,NA,NA,NA,NA,NA,NA,NA,NA,NA,NA,TARGET_GONE,identity no longer active
2026-10-02T16:04:16Z,APP_21637_3022645,21637,3022645,17,823,201.499,0,0,-1,-1,0,0.999931461,NA,NA,70.000000000,MEASURED_CPU_FAULT,CPU;INTERVAL_FAULTS,NA,NA,NA,NA,NA,NA,NA,NA,NA,NA,NA,NA,NA,NA,NA,NA,NA,NA,NA,NA,NA,NA,NA,TARGET_GONE,identity no longer active
2026-10-02T16:04:16Z,APP_21637_3022645,21637,3022645,17,824,205.714,0,0,-1,-1,0,0.999931461,NA,NA,70.000000000,MEASURED_CPU_FAULT,CPU;INTERVAL_FAULTS,NA,NA,NA,NA,NA,NA,NA,NA,NA,NA,NA,NA,NA,NA,NA,NA,NA,NA,NA,NA,NA,NA,NA,TARGET_GONE,identity no longer active
2026-10-02T16:04:16Z,APP_21637_3022645,21637,3022645,17,825,191.617,0,0,-1,-1,0,0.999931461,NA,NA,70.000000000,MEASURED_CPU_FAULT,CPU;INTERVAL_FAULTS,NA,NA,NA,NA,NA,NA,NA,NA,NA,NA,NA,NA,NA,NA,NA,NA,NA,NA,NA,NA,NA,NA,NA,TARGET_GONE,identity no longer active
2026-10-02T16:04:16Z,APP_21637_3022645,21637,3022645,17,826,203.781,0,0,-1,-1,0,0.999931461,NA,NA,70.000000000,MEASURED_CPU_FAULT,CPU;INTERVAL_FAULTS,NA,NA,NA,NA,NA,NA,NA,NA,NA,NA,NA,NA,NA,NA,NA,NA,NA,NA,NA,NA,NA,NA,NA,TARGET_GONE,identity no longer active
2026-10-02T16:04:16Z,APP_21637_3022645,21637,3022645,17,827,192.192,0,0,-1,-1,0,0.999931461,NA,NA,70.000000000,MEASURED_CPU_FAULT,CPU;INTERVAL_FAULTS,NA,NA,NA,NA,NA,NA,NA,NA,NA,NA,NA,NA,NA,NA,NA,NA,NA,NA,NA,NA,NA,NA,NA,TARGET_GONE,identity no longer active
2026-10-02T16:04:16Z,APP_21637_3022645,21637,3022645,17,828,203.579,0,0,-1,-1,0,0.999931461,NA,NA,70.000000000,MEASURED_CPU_FAULT,CPU;INTERVAL_FAULTS,NA,NA,NA,NA,NA,NA,NA,NA,NA,NA,NA,NA,NA,NA,NA,NA,NA,NA,NA,NA,NA,NA,NA,TARGET_GONE,identity no longer active
2026-10-02T16:04:17Z,APP_21637_3022645,21637,3022645,17,829,201.499,0,0,-1,-1,0,0.999931461,NA,NA,70.000000000,MEASURED_CPU_FAULT,CPU;INTERVAL_FAULTS,NA,NA,NA,NA,NA,NA,NA,NA,NA,NA,NA,NA,NA,NA,NA,NA,NA,NA,NA,NA,NA,NA,NA,TARGET_GONE,identity no longer active
2026-10-02T16:04:17Z,APP_21637_3022645,21637,3022645,17,830,198.450,0,0,-1,-1,0,0.999931461,NA,NA,70.000000000,MEASURED_CPU_FAULT,CPU;INTERVAL_FAULTS,NA,NA,NA,NA,NA,NA,NA,NA,NA,NA,NA,NA,NA,NA,NA,NA,NA,NA,NA,NA,NA,NA,NA,TARGET_GONE,identity no longer active
2026-10-02T16:04:17Z,APP_21637_3022645,21637,3022645,17,831,211.411,0,0,-1,-1,0,0.999931461,NA,NA,70.000000000,MEASURED_CPU_FAULT,CPU;INTERVAL_FAULTS,NA,NA,NA,NA,NA,NA,NA,NA,NA,NA,NA,NA,NA,NA,NA,NA,NA,NA,NA,NA,NA,NA,NA,TARGET_GONE,identity no longer active
2026-10-02T16:04:17Z,APP_21637_3022645,21637,3022645,17,832,191.904,0,0,-1,-1,0,0.999931461,NA,NA,70.000000000,MEASURED_CPU_FAULT,CPU;INTERVAL_FAULTS,NA,NA,NA,NA,NA,NA,NA,NA,NA,NA,NA,NA,NA,NA,NA,NA,NA,NA,NA,NA,NA,NA,NA,TARGET_GONE,identity no longer active
2026-10-02T16:04:17Z,APP_21637_3022645,21637,3022645,17,833,205.714,0,0,-1,-1,0,0.999931461,NA,NA,70.000000000,MEASURED_CPU_FAULT,CPU;INTERVAL_FAULTS,NA,NA,NA,NA,NA,NA,NA,NA,NA,NA,NA,NA,NA,NA,NA,NA,NA,NA,NA,NA,NA,NA,NA,TARGET_GONE,identity no longer active
2026-10-02T16:04:17Z,APP_21637_3022645,21637,3022645,17,834,201.802,0,0,-1,-1,0,0.999931461,NA,NA,70.000000000,MEASURED_CPU_FAULT,CPU;INTERVAL_FAULTS,NA,NA,NA,NA,NA,NA,NA,NA,NA,NA,NA,NA,NA,NA,NA,NA,NA,NA,NA,NA,NA,NA,NA,TARGET_GONE,identity no longer active
2026-10-02T16:04:17Z,APP_21637_3022645,21637,3022645,17,835,197.217,0,0,-1,-1,0,0.999931461,NA,NA,70.000000000,MEASURED_CPU_FAULT,CPU;INTERVAL_FAULTS,NA,NA,NA,NA,NA,NA,NA,NA,NA,NA,NA,NA,NA,NA,NA,NA,NA,NA,NA,NA,NA,NA,NA,TARGET_GONE,identity no longer active
2026-10-02T16:04:17Z,APP_21637_3022645,21637,3022645,17,836,201.499,0,0,-1,-1,0,0.999931461,NA,NA,70.000000000,MEASURED_CPU_FAULT,CPU;INTERVAL_FAULTS,NA,NA,NA,NA,NA,NA,NA,NA,NA,NA,NA,NA,NA,NA,NA,NA,NA,NA,NA,NA,NA,NA,NA,TARGET_GONE,identity no longer active
2026-10-02T16:04:18Z,APP_21637_3022645,21637,3022645,17,837,197.807,0,0,-1,-1,0,0.999931461,NA,NA,70.000000000,MEASURED_CPU_FAULT,CPU;INTERVAL_FAULTS,NA,NA,NA,NA,NA,NA,NA,NA,NA,NA,NA,NA,NA,NA,NA,NA,NA,NA,NA,NA,NA,NA,NA,TARGET_GONE,identity no longer active
2026-10-02T16:04:18Z,APP_21637_3022645,21637,3022645,17,838,200.897,0,0,-1,-1,0,0.999931461,NA,NA,70.000000000,MEASURED_CPU_FAULT,CPU;INTERVAL_FAULTS,NA,NA,NA,NA,NA,NA,NA,NA,NA,NA,NA,NA,NA,NA,NA,NA,NA,NA,NA,NA,NA,NA,NA,TARGET_GONE,identity no longer active
2026-10-02T16:04:18Z,APP_21637_3022645,21637,3022645,17,839,199.555,0,0,-1,-1,0,0.999931461,NA,NA,70.000000000,MEASURED_CPU_FAULT,CPU;INTERVAL_FAULTS,NA,NA,NA,NA,NA,NA,NA,NA,NA,NA,NA,NA,NA,NA,NA,NA,NA,NA,NA,NA,NA,NA,NA,TARGET_GONE,identity no longer active
2026-10-02T16:04:18Z,APP_21637_3022645,21637,3022645,17,840,191.617,0,0,-1,-1,0,0.999931461,NA,NA,70.000000000,MEASURED_CPU_FAULT,CPU;INTERVAL_FAULTS,NA,NA,NA,NA,NA,NA,NA,NA,NA,NA,NA,NA,NA,NA,NA,NA,NA,NA,NA,NA,NA,NA,NA,TARGET_GONE,identity no longer active
2026-10-02T16:04:18Z,APP_21637_3022645,21637,3022645,17,841,201.499,0,0,-1,-1,0,0.999931461,NA,NA,70.000000000,MEASURED_CPU_FAULT,CPU;INTERVAL_FAULTS,NA,NA,NA,NA,NA,NA,NA,NA,NA,NA,NA,NA,NA,NA,NA,NA,NA,NA,NA,NA,NA,NA,NA,TARGET_GONE,identity no longer active
2026-10-02T16:04:18Z,APP_21637_3022645,21637,3022645,17,842,198.393,0,0,-1,-1,0,0.999931461,NA,NA,70.000000000,MEASURED_CPU_FAULT,CPU;INTERVAL_FAULTS,NA,NA,NA,NA,NA,NA,NA,NA,NA,NA,NA,NA,NA,NA,NA,NA,NA,NA,NA,NA,NA,NA,NA,TARGET_GONE,identity no longer active
2026-10-02T16:04:18Z,APP_21637_3022645,21637,3022645,17,843,201.802,0,0,-1,-1,0,0.999931461,NA,NA,70.000000000,MEASURED_CPU_FAULT,CPU;INTERVAL_FAULTS,NA,NA,NA,NA,NA,NA,NA,NA,NA,NA,NA,NA,NA,NA,NA,NA,NA,NA,NA,NA,NA,NA,NA,TARGET_GONE,identity no longer active
2026-10-02T16:04:18Z,APP_21637_3022645,21637,3022645,17,844,203.175,0,0,-1,-1,0,0.999931461,NA,NA,70.000000000,MEASURED_CPU_FAULT,CPU;INTERVAL_FAULTS,NA,NA,NA,NA,NA,NA,NA,NA,NA,NA,NA,NA,NA,NA,NA,NA,NA,NA,NA,NA,NA,NA,NA,TARGET_GONE,identity no longer active
2026-10-02T16:04:19Z,APP_21637_3022645,21637,3022645,17,845,201.802,0,0,-1,-1,0,0.999931461,NA,NA,70.000000000,MEASURED_CPU_FAULT,CPU;INTERVAL_FAULTS,NA,NA,NA,NA,NA,NA,NA,NA,NA,NA,NA,NA,NA,NA,NA,NA,NA,NA,NA,NA,NA,NA,NA,TARGET_GONE,identity no longer active
2026-10-02T16:04:19Z,APP_21637_3022645,21637,3022645,17,846,197.413,0,0,-1,-1,0,0.999931461,NA,NA,70.000000000,MEASURED_CPU_FAULT,CPU;INTERVAL_FAULTS,NA,NA,NA,NA,NA,NA,NA,NA,NA,NA,NA,NA,NA,NA,NA,NA,NA,NA,NA,NA,NA,NA,NA,TARGET_GONE,identity no longer active
2026-10-02T16:04:19Z,APP_21637_3022645,21637,3022645,17,847,201.499,0,0,-1,-1,0,0.999931461,NA,NA,70.000000000,MEASURED_CPU_FAULT,CPU;INTERVAL_FAULTS,NA,NA,NA,NA,NA,NA,NA,NA,NA,NA,NA,NA,NA,NA,NA,NA,NA,NA,NA,NA,NA,NA,NA,TARGET_GONE,identity no longer active
2026-10-02T16:04:19Z,APP_21637_3022645,21637,3022645,17,848,203.262,0,0,-1,-1,0,0.999931461,NA,NA,70.000000000,MEASURED_CPU_FAULT,CPU;INTERVAL_FAULTS,NA,NA,NA,NA,NA,NA,NA,NA,NA,NA,NA,NA,NA,NA,NA,NA,NA,NA,NA,NA,NA,NA,NA,TARGET_GONE,identity no longer active
2026-10-02T16:04:19Z,APP_21637_3022645,21637,3022645,17,849,201.499,0,0,-1,-1,0,0.999931461,NA,NA,70.000000000,MEASURED_CPU_FAULT,CPU;INTERVAL_FAULTS,NA,NA,NA,NA,NA,NA,NA,NA,NA,NA,NA,NA,NA,NA,NA,NA,NA,NA,NA,NA,NA,NA,NA,TARGET_GONE,identity no longer active
2026-10-02T16:04:19Z,APP_21637_3022645,21637,3022645,17,850,197.610,0,0,-1,-1,0,0.999931461,NA,NA,70.000000000,MEASURED_CPU_FAULT,CPU;INTERVAL_FAULTS,NA,NA,NA,NA,NA,NA,NA,NA,NA,NA,NA,NA,NA,NA,NA,NA,NA,NA,NA,NA,NA,NA,NA,TARGET_GONE,identity no longer active
2026-10-02T16:04:19Z,APP_21637_3022645,21637,3022645,17,851,201.499,0,0,-1,-1,0,0.999931461,NA,NA,70.000000000,MEASURED_CPU_FAULT,CPU;INTERVAL_FAULTS,NA,NA,NA,NA,NA,NA,NA,NA,NA,NA,NA,NA,NA,NA,NA,NA,NA,NA,NA,NA,NA,NA,NA,TARGET_GONE,identity no longer active
2026-10-02T16:04:20Z,APP_21637_3022645,21637,3022645,17,852,197.610,0,0,-1,-1,0,0.999931461,NA,NA,70.000000000,MEASURED_CPU_FAULT,CPU;INTERVAL_FAULTS,NA,NA,NA,NA,NA,NA,NA,NA,NA,NA,NA,NA,NA,NA,NA,NA,NA,NA,NA,NA,NA,NA,NA,TARGET_GONE,identity no longer active
2026-10-02T16:04:20Z,APP_21637_3022645,21637,3022645,17,853,201.499,0,0,-1,-1,0,0.999931461,NA,NA,70.000000000,MEASURED_CPU_FAULT,CPU;INTERVAL_FAULTS,NA,NA,NA,NA,NA,NA,NA,NA,NA,NA,NA,NA,NA,NA,NA,NA,NA,NA,NA,NA,NA,NA,NA,TARGET_GONE,identity no longer active
2026-10-02T16:04:20Z,APP_21637_3022645,21637,3022645,17,854,202.973,0,0,-1,-1,0,0.999931461,NA,NA,70.000000000,MEASURED_CPU_FAULT,CPU;INTERVAL_FAULTS,NA,NA,NA,NA,NA,NA,NA,NA,NA,NA,NA,NA,NA,NA,NA,NA,NA,NA,NA,NA,NA,NA,NA,TARGET_GONE,identity no longer active
2026-10-02T16:04:20Z,APP_21637_3022645,21637,3022645,17,855,191.904,0,0,-1,-1,0,0.999931461,NA,NA,70.000000000,MEASURED_CPU_FAULT,CPU;INTERVAL_FAULTS,NA,NA,NA,NA,NA,NA,NA,NA,NA,NA,NA,NA,NA,NA,NA,NA,NA,NA,NA,NA,NA,NA,NA,TARGET_GONE,identity no longer active
2026-10-02T16:04:20Z,APP_21637_3022645,21637,3022645,17,856,201.942,0,0,-1,-1,0,0.999931461,NA,NA,70.000000000,MEASURED_CPU_FAULT,CPU;INTERVAL_FAULTS,NA,NA,NA,NA,NA,NA,NA,NA,NA,NA,NA,NA,NA,NA,NA,NA,NA,NA,NA,NA,NA,NA,NA,TARGET_GONE,identity no longer active
2026-10-02T16:04:20Z,APP_21637_3022645,21637,3022645,17,857,191.617,0,0,-1,-1,0,0.999931461,NA,NA,70.000000000,MEASURED_CPU_FAULT,CPU;INTERVAL_FAULTS,NA,NA,NA,NA,NA,NA,NA,NA,NA,NA,NA,NA,NA,NA,NA,NA,NA,NA,NA,NA,NA,NA,NA,TARGET_GONE,identity no longer active
2026-10-02T16:04:20Z,APP_21637_3022645,21637,3022645,17,858,201.802,0,0,-1,-1,0,0.999931461,NA,NA,70.000000000,MEASURED_CPU_FAULT,CPU;INTERVAL_FAULTS,NA,NA,NA,NA,NA,NA,NA,NA,NA,NA,NA,NA,NA,NA,NA,NA,NA,NA,NA,NA,NA,NA,NA,TARGET_GONE,identity no longer active
2026-10-02T16:04:20Z,APP_21637_3022645,21637,3022645,17,859,198.331,0,0,-1,-1,0,0.999931461,NA,NA,70.000000000,MEASURED_CPU_FAULT,CPU;INTERVAL_FAULTS,NA,NA,NA,NA,NA,NA,NA,NA,NA,NA,NA,NA,NA,NA,NA,NA,NA,NA,NA,NA,NA,NA,NA,TARGET_GONE,identity no longer active
2026-10-02T16:04:20Z,APP_21637_3022645,21637,3022645,17,860,201.499,0,0,-1,-1,0,0.999931461,NA,NA,70.000000000,MEASURED_CPU_FAULT,CPU;INTERVAL_FAULTS,NA,NA,NA,NA,NA,NA,NA,NA,NA,NA,NA,NA,NA,NA,NA,NA,NA,NA,NA,NA,NA,NA,NA,TARGET_GONE,identity no longer active
2026-10-02T16:04:21Z,APP_21637_3022645,21637,3022645,17,861,197.413,0,0,-1,-1,0,0.999931461,NA,NA,70.000000000,MEASURED_CPU_FAULT,CPU;INTERVAL_FAULTS,NA,NA,NA,NA,NA,NA,NA,NA,NA,NA,NA,NA,NA,NA,NA,NA,NA,NA,NA,NA,NA,NA,NA,TARGET_GONE,identity no longer active
2026-10-02T16:04:21Z,APP_21637_3022645,21637,3022645,17,862,201.499,0,0,-1,-1,0,0.999931461,NA,NA,70.000000000,MEASURED_CPU_FAULT,CPU;INTERVAL_FAULTS,NA,NA,NA,NA,NA,NA,NA,NA,NA,NA,NA,NA,NA,NA,NA,NA,NA,NA,NA,NA,NA,NA,NA,TARGET_GONE,identity no longer active
2026-10-02T16:04:21Z,APP_21637_3022645,21637,3022645,17,863,203.579,0,0,-1,-1,0,0.999931461,NA,NA,70.000000000,MEASURED_CPU_FAULT,CPU;INTERVAL_FAULTS,NA,NA,NA,NA,NA,NA,NA,NA,NA,NA,NA,NA,NA,NA,NA,NA,NA,NA,NA,NA,NA,NA,NA,TARGET_GONE,identity no longer active
2026-10-02T16:04:21Z,APP_21637_3022645,21637,3022645,17,864,201.499,0,0,-1,-1,0,0.999931461,NA,NA,70.000000000,MEASURED_CPU_FAULT,CPU;INTERVAL_FAULTS,NA,NA,NA,NA,NA,NA,NA,NA,NA,NA,NA,NA,NA,NA,NA,NA,NA,NA,NA,NA,NA,NA,NA,TARGET_GONE,identity no longer active
2026-10-02T16:04:21Z,APP_21637_3022645,21637,3022645,17,865,199.555,0,0,-1,-1,0,0.999931461,NA,NA,70.000000000,MEASURED_CPU_FAULT,CPU;INTERVAL_FAULTS,NA,NA,NA,NA,NA,NA,NA,NA,NA,NA,NA,NA,NA,NA,NA,NA,NA,NA,NA,NA,NA,NA,NA,TARGET_GONE,identity no longer active
2026-10-02T16:04:21Z,APP_21637_3022645,21637,3022645,17,866,192.192,0,0,-1,-1,0,0.999931461,NA,NA,70.000000000,MEASURED_CPU_FAULT,CPU;INTERVAL_FAULTS,NA,NA,NA,NA,NA,NA,NA,NA,NA,NA,NA,NA,NA,NA,NA,NA,NA,NA,NA,NA,NA,NA,NA,TARGET_GONE,identity no longer active
2026-10-02T16:04:21Z,APP_21637_3022645,21637,3022645,17,867,200.897,0,0,-1,-1,0,0.999931461,NA,NA,70.000000000,MEASURED_CPU_FAULT,CPU;INTERVAL_FAULTS,NA,NA,NA,NA,NA,NA,NA,NA,NA,NA,NA,NA,NA,NA,NA,NA,NA,NA,NA,NA,NA,NA,NA,TARGET_GONE,identity no longer active
2026-10-02T16:04:22Z,APP_21637_3022645,21637,3022645,17,868,198.568,0,0,-1,-1,0,0.999931461,NA,NA,70.000000000,MEASURED_CPU_FAULT,CPU;INTERVAL_FAULTS,NA,NA,NA,NA,NA,NA,NA,NA,NA,NA,NA,NA,NA,NA,NA,NA,NA,NA,NA,NA,NA,NA,NA,TARGET_GONE,identity no longer active
2026-10-02T16:04:22Z,APP_21637_3022645,21637,3022645,17,869,201.198,0,0,-1,-1,0,0.999931461,NA,NA,70.000000000,MEASURED_CPU_FAULT,CPU;INTERVAL_FAULTS,NA,NA,NA,NA,NA,NA,NA,NA,NA,NA,NA,NA,NA,NA,NA,NA,NA,NA,NA,NA,NA,NA,NA,TARGET_GONE,identity no longer active
2026-10-02T16:04:22Z,APP_21637_3022645,21637,3022645,17,870,203.376,0,0,-1,-1,0,0.999931461,NA,NA,70.000000000,MEASURED_CPU_FAULT,CPU;INTERVAL_FAULTS,NA,NA,NA,NA,NA,NA,NA,NA,NA,NA,NA,NA,NA,NA,NA,NA,NA,NA,NA,NA,NA,NA,NA,TARGET_GONE,identity no longer active
2026-10-02T16:04:22Z,APP_21637_3022645,21637,3022645,17,871,201.198,0,0,-1,-1,0,0.999931461,NA,NA,70.000000000,MEASURED_CPU_FAULT,CPU;INTERVAL_FAULTS,NA,NA,NA,NA,NA,NA,NA,NA,NA,NA,NA,NA,NA,NA,NA,NA,NA,NA,NA,NA,NA,NA,NA,TARGET_GONE,identity no longer active
2026-10-02T16:04:22Z,APP_21637_3022645,21637,3022645,17,872,197.413,0,0,-1,-1,0,0.999931461,NA,NA,70.000000000,MEASURED_CPU_FAULT,CPU;INTERVAL_FAULTS,NA,NA,NA,NA,NA,NA,NA,NA,NA,NA,NA,NA,NA,NA,NA,NA,NA,NA,NA,NA,NA,NA,NA,TARGET_GONE,identity no longer active
2026-10-02T16:04:22Z,APP_21637_3022645,21637,3022645,17,873,201.499,0,0,-1,-1,0,0.999931461,NA,NA,70.000000000,MEASURED_CPU_FAULT,CPU;INTERVAL_FAULTS,NA,NA,NA,NA,NA,NA,NA,NA,NA,NA,NA,NA,NA,NA,NA,NA,NA,NA,NA,NA,NA,NA,NA,TARGET_GONE,identity no longer active
2026-10-02T16:04:22Z,APP_21637_3022645,21637,3022645,17,874,200.805,0,0,-1,-1,0,0.999931461,NA,NA,70.000000000,MEASURED_CPU_FAULT,CPU;INTERVAL_FAULTS,NA,NA,NA,NA,NA,NA,NA,NA,NA,NA,NA,NA,NA,NA,NA,NA,NA,NA,NA,NA,NA,NA,NA,TARGET_GONE,identity no longer active
2026-10-02T16:04:22Z,APP_21637_3022645,21637,3022645,17,875,192.192,0,0,-1,-1,0,0.999931461,NA,NA,70.000000000,MEASURED_CPU_FAULT,CPU;INTERVAL_FAULTS,NA,NA,NA,NA,NA,NA,NA,NA,NA,NA,NA,NA,NA,NA,NA,NA,NA,NA,NA,NA,NA,NA,NA,TARGET_GONE,identity no longer active
2026-10-02T16:04:22Z,APP_21637_3022645,21637,3022645,17,876,201.499,0,0,-1,-1,0,0.999931461,NA,NA,70.000000000,MEASURED_CPU_FAULT,CPU;INTERVAL_FAULTS,NA,NA,NA,NA,NA,NA,NA,NA,NA,NA,NA,NA,NA,NA,NA,NA,NA,NA,NA,NA,NA,NA,NA,TARGET_GONE,identity no longer active
2026-10-02T16:04:23Z,APP_21637_3022645,21637,3022645,17,877,206.205,0,0,-1,-1,0,0.999931461,NA,NA,70.000000000,MEASURED_CPU_FAULT,CPU;INTERVAL_FAULTS,NA,NA,NA,NA,NA,NA,NA,NA,NA,NA,NA,NA,NA,NA,NA,NA,NA,NA,NA,NA,NA,NA,NA,TARGET_GONE,identity no longer active
2026-10-02T16:04:23Z,APP_21637_3022645,21637,3022645,17,878,192.192,0,0,-1,-1,0,0.999931461,NA,NA,70.000000000,MEASURED_CPU_FAULT,CPU;INTERVAL_FAULTS,NA,NA,NA,NA,NA,NA,NA,NA,NA,NA,NA,NA,NA,NA,NA,NA,NA,NA,NA,NA,NA,NA,NA,TARGET_GONE,identity no longer active
2026-10-02T16:04:23Z,APP_21637_3022645,21637,3022645,17,879,203.175,0,0,-1,-1,0,0.999931461,NA,NA,70.000000000,MEASURED_CPU_FAULT,CPU;INTERVAL_FAULTS,NA,NA,NA,NA,NA,NA,NA,NA,NA,NA,NA,NA,NA,NA,NA,NA,NA,NA,NA,NA,NA,NA,NA,TARGET_GONE,identity no longer active
2026-10-02T16:04:23Z,APP_21637_3022645,21637,3022645,17,880,192.481,0,0,-1,-1,0,0.999931461,NA,NA,70.000000000,MEASURED_CPU_FAULT,CPU;INTERVAL_FAULTS,NA,NA,NA,NA,NA,NA,NA,NA,NA,NA,NA,NA,NA,NA,NA,NA,NA,NA,NA,NA,NA,NA,NA,TARGET_GONE,identity no longer active
2026-10-02T16:04:23Z,APP_21637_3022645,21637,3022645,17,881,203.781,0,0,-1,-1,0,0.999931461,NA,NA,70.000000000,MEASURED_CPU_FAULT,CPU;INTERVAL_FAULTS,NA,NA,NA,NA,NA,NA,NA,NA,NA,NA,NA,NA,NA,NA,NA,NA,NA,NA,NA,NA,NA,NA,NA,TARGET_GONE,identity no longer active
2026-10-02T16:04:23Z,APP_21637_3022645,21637,3022645,17,882,191.904,0,0,-1,-1,0,0.999931461,NA,NA,70.000000000,MEASURED_CPU_FAULT,CPU;INTERVAL_FAULTS,NA,NA,NA,NA,NA,NA,NA,NA,NA,NA,NA,NA,NA,NA,NA,NA,NA,NA,NA,NA,NA,NA,NA,TARGET_GONE,identity no longer active
2026-10-02T16:04:23Z,APP_21637_3022645,21637,3022645,17,883,202.157,0,0,-1,-1,0,0.999931461,NA,NA,70.000000000,MEASURED_CPU_FAULT,CPU;INTERVAL_FAULTS,NA,NA,NA,NA,NA,NA,NA,NA,NA,NA,NA,NA,NA,NA,NA,NA,NA,NA,NA,NA,NA,NA,NA,TARGET_GONE,identity no longer active
2026-10-02T16:04:23Z,APP_21637_3022645,21637,3022645,17,884,211.411,0,0,-1,-1,0,0.999931461,NA,NA,70.000000000,MEASURED_CPU_FAULT,CPU;INTERVAL_FAULTS,NA,NA,NA,NA,NA,NA,NA,NA,NA,NA,NA,NA,NA,NA,NA,NA,NA,NA,NA,NA,NA,NA,NA,TARGET_GONE,identity no longer active
2026-10-02T16:04:24Z,APP_21637_3022645,21637,3022645,17,885,191.904,0,0,-1,-1,0,0.999931461,NA,NA,70.000000000,MEASURED_CPU_FAULT,CPU;INTERVAL_FAULTS,NA,NA,NA,NA,NA,NA,NA,NA,NA,NA,NA,NA,NA,NA,NA,NA,NA,NA,NA,NA,NA,NA,NA,TARGET_GONE,identity no longer active
2026-10-02T16:04:24Z,APP_21637_3022645,21637,3022645,17,886,205.470,0,0,-1,-1,0,0.999931461,NA,NA,70.000000000,MEASURED_CPU_FAULT,CPU;INTERVAL_FAULTS,NA,NA,NA,NA,NA,NA,NA,NA,NA,NA,NA,NA,NA,NA,NA,NA,NA,NA,NA,NA,NA,NA,NA,TARGET_GONE,identity no longer active
2026-10-02T16:04:24Z,APP_21637_3022645,21637,3022645,17,887,201.802,0,0,-1,-1,0,0.999931461,NA,NA,70.000000000,MEASURED_CPU_FAULT,CPU;INTERVAL_FAULTS,NA,NA,NA,NA,NA,NA,NA,NA,NA,NA,NA,NA,NA,NA,NA,NA,NA,NA,NA,NA,NA,NA,NA,TARGET_GONE,identity no longer active
2026-10-02T16:04:24Z,APP_21637_3022645,21637,3022645,17,888,197.217,0,0,-1,-1,0,0.999931461,NA,NA,70.000000000,MEASURED_CPU_FAULT,CPU;INTERVAL_FAULTS,NA,NA,NA,NA,NA,NA,NA,NA,NA,NA,NA,NA,NA,NA,NA,NA,NA,NA,NA,NA,NA,NA,NA,TARGET_GONE,identity no longer active
2026-10-02T16:04:24Z,APP_21637_3022645,21637,3022645,17,889,201.499,0,0,-1,-1,0,0.999931461,NA,NA,70.000000000,MEASURED_CPU_FAULT,CPU;INTERVAL_FAULTS,NA,NA,NA,NA,NA,NA,NA,NA,NA,NA,NA,NA,NA,NA,NA,NA,NA,NA,NA,NA,NA,NA,NA,TARGET_GONE,identity no longer active
2026-10-02T16:04:24Z,APP_21637_3022645,21637,3022645,17,890,203.376,0,0,-1,-1,0,0.999931461,NA,NA,70.000000000,MEASURED_CPU_FAULT,CPU;INTERVAL_FAULTS,NA,NA,NA,NA,NA,NA,NA,NA,NA,NA,NA,NA,NA,NA,NA,NA,NA,NA,NA,NA,NA,NA,NA,TARGET_GONE,identity no longer active
2026-10-02T16:04:24Z,APP_21637_3022645,21637,3022645,17,891,191.904,0,0,-1,-1,0,0.999931461,NA,NA,70.000000000,MEASURED_CPU_FAULT,CPU;INTERVAL_FAULTS,NA,NA,NA,NA,NA,NA,NA,NA,NA,NA,NA,NA,NA,NA,NA,NA,NA,NA,NA,NA,NA,NA,NA,TARGET_GONE,identity no longer active
2026-10-02T16:04:25Z,APP_21637_3022645,21637,3022645,17,892,200.149,0,0,-1,-1,0,0.999931461,NA,NA,70.000000000,MEASURED_CPU_FAULT,CPU;INTERVAL_FAULTS,NA,NA,NA,NA,NA,NA,NA,NA,NA,NA,NA,NA,NA,NA,NA,NA,NA,NA,NA,NA,NA,NA,NA,TARGET_GONE,identity no longer active
2026-10-02T16:04:25Z,APP_21637_3022645,21637,3022645,17,893,191.617,0,0,-1,-1,0,0.999931461,NA,NA,70.000000000,MEASURED_CPU_FAULT,CPU;INTERVAL_FAULTS,NA,NA,NA,NA,NA,NA,NA,NA,NA,NA,NA,NA,NA,NA,NA,NA,NA,NA,NA,NA,NA,NA,NA,TARGET_GONE,identity no longer active
2026-10-02T16:04:25Z,APP_21637_3022645,21637,3022645,17,894,201.499,0,0,-1,-1,0,0.999931461,NA,NA,70.000000000,MEASURED_CPU_FAULT,CPU;INTERVAL_FAULTS,NA,NA,NA,NA,NA,NA,NA,NA,NA,NA,NA,NA,NA,NA,NA,NA,NA,NA,NA,NA,NA,NA,NA,TARGET_GONE,identity no longer active
2026-10-02T16:04:25Z,APP_21637_3022645,21637,3022645,17,895,206.205,0,0,-1,-1,0,0.999931461,NA,NA,70.000000000,MEASURED_CPU_FAULT,CPU;INTERVAL_FAULTS,NA,NA,NA,NA,NA,NA,NA,NA,NA,NA,NA,NA,NA,NA,NA,NA,NA,NA,NA,NA,NA,NA,NA,TARGET_GONE,identity no longer active
2026-10-02T16:04:25Z,APP_21637_3022645,21637,3022645,17,896,191.904,0,0,-1,-1,0,0.999931461,NA,NA,70.000000000,MEASURED_CPU_FAULT,CPU;INTERVAL_FAULTS,NA,NA,NA,NA,NA,NA,NA,NA,NA,NA,NA,NA,NA,NA,NA,NA,NA,NA,NA,NA,NA,NA,NA,TARGET_GONE,identity no longer active
2026-10-02T16:04:25Z,APP_21637_3022645,21637,3022645,17,897,203.984,0,0,-1,-1,0,0.999931461,NA,NA,70.000000000,MEASURED_CPU_FAULT,CPU;INTERVAL_FAULTS,NA,NA,NA,NA,NA,NA,NA,NA,NA,NA,NA,NA,NA,NA,NA,NA,NA,NA,NA,NA,NA,NA,NA,TARGET_GONE,identity no longer active
2026-10-02T16:04:25Z,APP_21637_3022645,21637,3022645,17,898,191.904,0,0,-1,-1,0,0.999931461,NA,NA,70.000000000,MEASURED_CPU_FAULT,CPU;INTERVAL_FAULTS,NA,NA,NA,NA,NA,NA,NA,NA,NA,NA,NA,NA,NA,NA,NA,NA,NA,NA,NA,NA,NA,NA,NA,TARGET_GONE,identity no longer active
2026-10-02T16:04:25Z,APP_21637_3022645,21637,3022645,17,899,203.376,0,0,-1,-1,0,0.999931461,NA,NA,70.000000000,MEASURED_CPU_FAULT,CPU;INTERVAL_FAULTS,NA,NA,NA,NA,NA,NA,NA,NA,NA,NA,NA,NA,NA,NA,NA,NA,NA,NA,NA,NA,NA,NA,NA,TARGET_GONE,identity no longer active
2026-10-02T16:04:25Z,APP_21637_3022645,21637,3022645,17,900,201.802,0,0,-1,-1,0,0.999931461,NA,NA,70.000000000,MEASURED_CPU_FAULT,CPU;INTERVAL_FAULTS,NA,NA,NA,NA,NA,NA,NA,NA,NA,NA,NA,NA,NA,NA,NA,NA,NA,NA,NA,NA,NA,NA,NA,TARGET_GONE,identity no longer active
2026-10-02T16:04:26Z,APP_21637_3022645,21637,3022645,17,901,197.531,0,0,-1,-1,0,0.999931461,NA,NA,70.000000000,MEASURED_CPU_FAULT,CPU;INTERVAL_FAULTS,NA,NA,NA,NA,NA,NA,NA,NA,NA,NA,NA,NA,NA,NA,NA,NA,NA,NA,NA,NA,NA,NA,NA,TARGET_GONE,identity no longer active
2026-10-02T16:04:26Z,APP_21637_3022645,21637,3022645,17,902,210.778,0,0,-1,-1,0,0.999931461,NA,NA,70.000000000,MEASURED_CPU_FAULT,CPU;INTERVAL_FAULTS,NA,NA,NA,NA,NA,NA,NA,NA,NA,NA,NA,NA,NA,NA,NA,NA,NA,NA,NA,NA,NA,NA,NA,TARGET_GONE,identity no longer active
2026-10-02T16:04:26Z,APP_21637_3022645,21637,3022645,17,903,201.499,0,0,-1,-1,0,0.999931461,NA,NA,70.000000000,MEASURED_CPU_FAULT,CPU;INTERVAL_FAULTS,NA,NA,NA,NA,NA,NA,NA,NA,NA,NA,NA,NA,NA,NA,NA,NA,NA,NA,NA,NA,NA,NA,NA,TARGET_GONE,identity no longer active
2026-10-02T16:04:26Z,APP_21637_3022645,21637,3022645,17,904,198.568,0,0,-1,-1,0,0.999931461,NA,NA,70.000000000,MEASURED_CPU_FAULT,CPU;INTERVAL_FAULTS,NA,NA,NA,NA,NA,NA,NA,NA,NA,NA,NA,NA,NA,NA,NA,NA,NA,NA,NA,NA,NA,NA,NA,TARGET_GONE,identity no longer active
2026-10-02T16:04:26Z,APP_21637_3022645,21637,3022645,17,905,201.198,0,0,-1,-1,0,0.999931461,NA,NA,70.000000000,MEASURED_CPU_FAULT,CPU;INTERVAL_FAULTS,NA,NA,NA,NA,NA,NA,NA,NA,NA,NA,NA,NA,NA,NA,NA,NA,NA,NA,NA,NA,NA,NA,NA,TARGET_GONE,identity no longer active
2026-10-02T16:04:26Z,APP_21637_3022645,21637,3022645,17,906,203.376,0,0,-1,-1,0,0.999931461,NA,NA,70.000000000,MEASURED_CPU_FAULT,CPU;INTERVAL_FAULTS,NA,NA,NA,NA,NA,NA,NA,NA,NA,NA,NA,NA,NA,NA,NA,NA,NA,NA,NA,NA,NA,NA,NA,TARGET_GONE,identity no longer active
2026-10-02T16:04:26Z,APP_21637_3022645,21637,3022645,17,907,191.904,0,0,-1,-1,0,0.999931461,NA,NA,70.000000000,MEASURED_CPU_FAULT,CPU;INTERVAL_FAULTS,NA,NA,NA,NA,NA,NA,NA,NA,NA,NA,NA,NA,NA,NA,NA,NA,NA,NA,NA,NA,NA,NA,NA,TARGET_GONE,identity no longer active
2026-10-02T16:04:26Z,APP_21637_3022645,21637,3022645,17,908,203.781,0,0,-1,-1,0,0.999931461,NA,NA,70.000000000,MEASURED_CPU_FAULT,CPU;INTERVAL_FAULTS,NA,NA,NA,NA,NA,NA,NA,NA,NA,NA,NA,NA,NA,NA,NA,NA,NA,NA,NA,NA,NA,NA,NA,TARGET_GONE,identity no longer active
2026-10-02T16:04:27Z,APP_21637_3022645,21637,3022645,17,909,191.617,0,0,-1,-1,0,0.999931461,NA,NA,70.000000000,MEASURED_CPU_FAULT,CPU;INTERVAL_FAULTS,NA,NA,NA,NA,NA,NA,NA,NA,NA,NA,NA,NA,NA,NA,NA,NA,NA,NA,NA,NA,NA,NA,NA,TARGET_GONE,identity no longer active
2026-10-02T16:04:27Z,APP_21637_3022645,21637,3022645,17,910,201.575,0,0,-1,-1,0,0.999931461,NA,NA,70.000000000,MEASURED_CPU_FAULT,CPU;INTERVAL_FAULTS,NA,NA,NA,NA,NA,NA,NA,NA,NA,NA,NA,NA,NA,NA,NA,NA,NA,NA,NA,NA,NA,NA,NA,TARGET_GONE,identity no longer active
2026-10-02T16:04:27Z,APP_21637_3022645,21637,3022645,17,911,211.411,0,0,-1,-1,0,0.999931461,NA,NA,70.000000000,MEASURED_CPU_FAULT,CPU;INTERVAL_FAULTS,NA,NA,NA,NA,NA,NA,NA,NA,NA,NA,NA,NA,NA,NA,NA,NA,NA,NA,NA,NA,NA,NA,NA,TARGET_GONE,identity no longer active
2026-10-02T16:04:27Z,APP_21637_3022645,21637,3022645,17,912,201.802,0,0,-1,-1,0,0.999931461,NA,NA,70.000000000,MEASURED_CPU_FAULT,CPU;INTERVAL_FAULTS,NA,NA,NA,NA,NA,NA,NA,NA,NA,NA,NA,NA,NA,NA,NA,NA,NA,NA,NA,NA,NA,NA,NA,TARGET_GONE,identity no longer active
2026-10-02T16:04:27Z,APP_21637_3022645,21637,3022645,17,913,198.095,0,0,-1,-1,0,0.999931461,NA,NA,70.000000000,MEASURED_CPU_FAULT,CPU;INTERVAL_FAULTS,NA,NA,NA,NA,NA,NA,NA,NA,NA,NA,NA,NA,NA,NA,NA,NA,NA,NA,NA,NA,NA,NA,NA,TARGET_GONE,identity no longer active
2026-10-02T16:04:27Z,APP_21637_3022645,21637,3022645,17,914,201.802,0,0,-1,-1,0,0.999931461,NA,NA,70.000000000,MEASURED_CPU_FAULT,CPU;INTERVAL_FAULTS,NA,NA,NA,NA,NA,NA,NA,NA,NA,NA,NA,NA,NA,NA,NA,NA,NA,NA,NA,NA,NA,NA,NA,TARGET_GONE,identity no longer active
2026-10-02T16:04:27Z,APP_21637_3022645,21637,3022645,17,915,197.413,0,0,-1,-1,0,0.999931461,NA,NA,70.000000000,MEASURED_CPU_FAULT,CPU;INTERVAL_FAULTS,NA,NA,NA,NA,NA,NA,NA,NA,NA,NA,NA,NA,NA,NA,NA,NA,NA,NA,NA,NA,NA,NA,NA,TARGET_GONE,identity no longer active
2026-10-02T16:04:27Z,APP_21637_3022645,21637,3022645,17,916,201.499,0,0,-1,-1,0,0.999931461,NA,NA,70.000000000,MEASURED_CPU_FAULT,CPU;INTERVAL_FAULTS,NA,NA,NA,NA,NA,NA,NA,NA,NA,NA,NA,NA,NA,NA,NA,NA,NA,NA,NA,NA,NA,NA,NA,TARGET_GONE,identity no longer active
2026-10-02T16:04:28Z,APP_21637_3022645,21637,3022645,17,917,198.066,0,0,-1,-1,0,0.999931461,NA,NA,70.000000000,MEASURED_CPU_FAULT,CPU;INTERVAL_FAULTS,NA,NA,NA,NA,NA,NA,NA,NA,NA,NA,NA,NA,NA,NA,NA,NA,NA,NA,NA,NA,NA,NA,NA,TARGET_GONE,identity no longer active
2026-10-02T16:04:28Z,APP_21637_3022645,21637,3022645,17,918,201.198,0,0,-1,-1,0,0.999931461,NA,NA,70.000000000,MEASURED_CPU_FAULT,CPU;INTERVAL_FAULTS,NA,NA,NA,NA,NA,NA,NA,NA,NA,NA,NA,NA,NA,NA,NA,NA,NA,NA,NA,NA,NA,NA,NA,TARGET_GONE,identity no longer active
2026-10-02T16:04:28Z,APP_21637_3022645,21637,3022645,17,919,198.621,0,0,-1,-1,0,0.999931461,NA,NA,70.000000000,MEASURED_CPU_FAULT,CPU;INTERVAL_FAULTS,NA,NA,NA,NA,NA,NA,NA,NA,NA,NA,NA,NA,NA,NA,NA,NA,NA,NA,NA,NA,NA,NA,NA,TARGET_GONE,identity no longer active
2026-10-02T16:04:28Z,APP_21637_3022645,21637,3022645,17,920,211.411,0,0,-1,-1,0,0.999931461,NA,NA,70.000000000,MEASURED_CPU_FAULT,CPU;INTERVAL_FAULTS,NA,NA,NA,NA,NA,NA,NA,NA,NA,NA,NA,NA,NA,NA,NA,NA,NA,NA,NA,NA,NA,NA,NA,TARGET_GONE,identity no longer active
2026-10-02T16:04:28Z,APP_21637_3022645,21637,3022645,17,921,201.499,0,0,-1,-1,0,0.999931461,NA,NA,70.000000000,MEASURED_CPU_FAULT,CPU;INTERVAL_FAULTS,NA,NA,NA,NA,NA,NA,NA,NA,NA,NA,NA,NA,NA,NA,NA,NA,NA,NA,NA,NA,NA,NA,NA,TARGET_GONE,identity no longer active
2026-10-02T16:04:28Z,APP_21637_3022645,21637,3022645,17,922,198.331,0,0,-1,-1,0,0.999931461,NA,NA,70.000000000,MEASURED_CPU_FAULT,CPU;INTERVAL_FAULTS,NA,NA,NA,NA,NA,NA,NA,NA,NA,NA,NA,NA,NA,NA,NA,NA,NA,NA,NA,NA,NA,NA,NA,TARGET_GONE,identity no longer active
2026-10-02T16:04:28Z,APP_21637_3022645,21637,3022645,17,923,201.198,0,0,-1,-1,0,0.999931461,NA,NA,70.000000000,MEASURED_CPU_FAULT,CPU;INTERVAL_FAULTS,NA,NA,NA,NA,NA,NA,NA,NA,NA,NA,NA,NA,NA,NA,NA,NA,NA,NA,NA,NA,NA,NA,NA,TARGET_GONE,identity no longer active
2026-10-02T16:04:28Z,APP_21637_3022645,21637,3022645,17,924,197.610,0,0,-1,-1,0,0.999931461,NA,NA,70.000000000,MEASURED_CPU_FAULT,CPU;INTERVAL_FAULTS,NA,NA,NA,NA,NA,NA,NA,NA,NA,NA,NA,NA,NA,NA,NA,NA,NA,NA,NA,NA,NA,NA,NA,TARGET_GONE,identity no longer active
2026-10-02T16:04:29Z,APP_21637_3022645,21637,3022645,17,925,201.499,0,0,-1,-1,0,0.999931461,NA,NA,70.000000000,MEASURED_CPU_FAULT,CPU;INTERVAL_FAULTS,NA,NA,NA,NA,NA,NA,NA,NA,NA,NA,NA,NA,NA,NA,NA,NA,NA,NA,NA,NA,NA,NA,NA,TARGET_GONE,identity no longer active
2026-10-02T16:04:29Z,APP_21637_3022645,21637,3022645,17,926,197.413,0,0,-1,-1,0,0.999931461,NA,NA,70.000000000,MEASURED_CPU_FAULT,CPU;INTERVAL_FAULTS,NA,NA,NA,NA,NA,NA,NA,NA,NA,NA,NA,NA,NA,NA,NA,NA,NA,NA,NA,NA,NA,NA,NA,TARGET_GONE,identity no longer active
2026-10-02T16:04:29Z,APP_21637_3022645,21637,3022645,17,927,211.094,0,0,-1,-1,0,0.999931461,NA,NA,70.000000000,MEASURED_CPU_FAULT,CPU;INTERVAL_FAULTS,NA,NA,NA,NA,NA,NA,NA,NA,NA,NA,NA,NA,NA,NA,NA,NA,NA,NA,NA,NA,NA,NA,NA,TARGET_GONE,identity no longer active
2026-10-02T16:04:29Z,APP_21637_3022645,21637,3022645,17,928,196.587,0,0,-1,-1,0,0.999931461,NA,NA,70.000000000,MEASURED_CPU_FAULT,CPU;INTERVAL_FAULTS,NA,NA,NA,NA,NA,NA,NA,NA,NA,NA,NA,NA,NA,NA,NA,NA,NA,NA,NA,NA,NA,NA,NA,TARGET_GONE,identity no longer active
2026-10-02T16:04:29Z,APP_21637_3022645,21637,3022645,17,929,210.778,0,0,-1,-1,0,0.999931461,NA,NA,70.000000000,MEASURED_CPU_FAULT,CPU;INTERVAL_FAULTS,NA,NA,NA,NA,NA,NA,NA,NA,NA,NA,NA,NA,NA,NA,NA,NA,NA,NA,NA,NA,NA,NA,NA,TARGET_GONE,identity no longer active
2026-10-02T16:04:29Z,APP_21637_3022645,21637,3022645,17,930,192.192,0,0,-1,-1,0,0.999931461,NA,NA,70.000000000,MEASURED_CPU_FAULT,CPU;INTERVAL_FAULTS,NA,NA,NA,NA,NA,NA,NA,NA,NA,NA,NA,NA,NA,NA,NA,NA,NA,NA,NA,NA,NA,NA,NA,TARGET_GONE,identity no longer active
2026-10-02T16:04:29Z,APP_21637_3022645,21637,3022645,17,931,205.959,0,0,-1,-1,0,0.999931461,NA,NA,70.000000000,MEASURED_CPU_FAULT,CPU;INTERVAL_FAULTS,NA,NA,NA,NA,NA,NA,NA,NA,NA,NA,NA,NA,NA,NA,NA,NA,NA,NA,NA,NA,NA,NA,NA,TARGET_GONE,identity no longer active
2026-10-02T16:04:29Z,APP_21637_3022645,21637,3022645,17,932,201.198,0,0,-1,-1,0,0.999931461,NA,NA,70.000000000,MEASURED_CPU_FAULT,CPU;INTERVAL_FAULTS,NA,NA,NA,NA,NA,NA,NA,NA,NA,NA,NA,NA,NA,NA,NA,NA,NA,NA,NA,NA,NA,NA,NA,TARGET_GONE,identity no longer active
2026-10-02T16:04:30Z,APP_21637_3022645,21637,3022645,17,933,197.610,0,0,-1,-1,0,0.999931461,NA,NA,70.000000000,MEASURED_CPU_FAULT,CPU;INTERVAL_FAULTS,NA,NA,NA,NA,NA,NA,NA,NA,NA,NA,NA,NA,NA,NA,NA,NA,NA,NA,NA,NA,NA,NA,NA,TARGET_GONE,identity no longer active
2026-10-02T16:04:30Z,APP_21637_3022645,21637,3022645,17,934,201.802,0,0,-1,-1,0,0.999931461,NA,NA,70.000000000,MEASURED_CPU_FAULT,CPU;INTERVAL_FAULTS,NA,NA,NA,NA,NA,NA,NA,NA,NA,NA,NA,NA,NA,NA,NA,NA,NA,NA,NA,NA,NA,NA,NA,TARGET_GONE,identity no longer active
2026-10-02T16:04:30Z,APP_21637_3022645,21637,3022645,17,935,197.217,0,0,-1,-1,0,0.999931461,NA,NA,70.000000000,MEASURED_CPU_FAULT,CPU;INTERVAL_FAULTS,NA,NA,NA,NA,NA,NA,NA,NA,NA,NA,NA,NA,NA,NA,NA,NA,NA,NA,NA,NA,NA,NA,NA,TARGET_GONE,identity no longer active
2026-10-02T16:04:30Z,APP_21637_3022645,21637,3022645,17,936,201.802,0,0,-1,-1,0,0.999931461,NA,NA,70.000000000,MEASURED_CPU_FAULT,CPU;INTERVAL_FAULTS,NA,NA,NA,NA,NA,NA,NA,NA,NA,NA,NA,NA,NA,NA,NA,NA,NA,NA,NA,NA,NA,NA,NA,TARGET_GONE,identity no longer active
2026-10-02T16:04:30Z,APP_21637_3022645,21637,3022645,17,937,200.801,0,0,-1,-1,0,0.999931461,NA,NA,70.000000000,MEASURED_CPU_FAULT,CPU;INTERVAL_FAULTS,NA,NA,NA,NA,NA,NA,NA,NA,NA,NA,NA,NA,NA,NA,NA,NA,NA,NA,NA,NA,NA,NA,NA,TARGET_GONE,identity no longer active
2026-10-02T16:04:30Z,APP_21637_3022645,21637,3022645,17,938,191.045,0,0,-1,-1,0,0.999931461,NA,NA,70.000000000,MEASURED_CPU_FAULT,CPU;INTERVAL_FAULTS,NA,NA,NA,NA,NA,NA,NA,NA,NA,NA,NA,NA,NA,NA,NA,NA,NA,NA,NA,NA,NA,NA,NA,TARGET_GONE,identity no longer active
2026-10-02T16:04:30Z,APP_21637_3022645,21637,3022645,17,939,201.499,0,0,-1,-1,0,0.999931461,NA,NA,70.000000000,MEASURED_CPU_FAULT,CPU;INTERVAL_FAULTS,NA,NA,NA,NA,NA,NA,NA,NA,NA,NA,NA,NA,NA,NA,NA,NA,NA,NA,NA,NA,NA,NA,NA,TARGET_GONE,identity no longer active
2026-10-02T16:04:30Z,APP_21637_3022645,21637,3022645,17,940,198.331,0,0,-1,-1,0,0.999931461,NA,NA,70.000000000,MEASURED_CPU_FAULT,CPU;INTERVAL_FAULTS,NA,NA,NA,NA,NA,NA,NA,NA,NA,NA,NA,NA,NA,NA,NA,NA,NA,NA,NA,NA,NA,NA,NA,TARGET_GONE,identity no longer active
2026-10-02T16:04:31Z,APP_21637_3022645,21637,3022645,17,941,201.198,0,0,-1,-1,0,0.999931461,NA,NA,70.000000000,MEASURED_CPU_FAULT,CPU;INTERVAL_FAULTS,NA,NA,NA,NA,NA,NA,NA,NA,NA,NA,NA,NA,NA,NA,NA,NA,NA,NA,NA,NA,NA,NA,NA,TARGET_GONE,identity no longer active
2026-10-02T16:04:31Z,APP_21637_3022645,21637,3022645,17,942,197.413,0,0,-1,-1,0,0.999931461,NA,NA,70.000000000,MEASURED_CPU_FAULT,CPU;INTERVAL_FAULTS,NA,NA,NA,NA,NA,NA,NA,NA,NA,NA,NA,NA,NA,NA,NA,NA,NA,NA,NA,NA,NA,NA,NA,TARGET_GONE,identity no longer active
2026-10-02T16:04:31Z,APP_21637_3022645,21637,3022645,17,943,201.499,0,0,-1,-1,0,0.999931461,NA,NA,70.000000000,MEASURED_CPU_FAULT,CPU;INTERVAL_FAULTS,NA,NA,NA,NA,NA,NA,NA,NA,NA,NA,NA,NA,NA,NA,NA,NA,NA,NA,NA,NA,NA,NA,NA,TARGET_GONE,identity no longer active
2026-10-02T16:04:31Z,APP_21637_3022645,21637,3022645,17,944,197.610,0,0,-1,-1,0,0.999931461,NA,NA,70.000000000,MEASURED_CPU_FAULT,CPU;INTERVAL_FAULTS,NA,NA,NA,NA,NA,NA,NA,NA,NA,NA,NA,NA,NA,NA,NA,NA,NA,NA,NA,NA,NA,NA,NA,TARGET_GONE,identity no longer active
2026-10-02T16:04:31Z,APP_21637_3022645,21637,3022645,17,945,211.094,0,0,-1,-1,0,0.999931461,NA,NA,70.000000000,MEASURED_CPU_FAULT,CPU;INTERVAL_FAULTS,NA,NA,NA,NA,NA,NA,NA,NA,NA,NA,NA,NA,NA,NA,NA,NA,NA,NA,NA,NA,NA,NA,NA,TARGET_GONE,identity no longer active
2026-10-02T16:04:31Z,APP_21637_3022645,21637,3022645,17,946,198.706,0,0,-1,-1,0,0.999931461,NA,NA,70.000000000,MEASURED_CPU_FAULT,CPU;INTERVAL_FAULTS,NA,NA,NA,NA,NA,NA,NA,NA,NA,NA,NA,NA,NA,NA,NA,NA,NA,NA,NA,NA,NA,NA,NA,TARGET_GONE,identity no longer active
2026-10-02T16:04:31Z,APP_21637_3022645,21637,3022645,17,947,191.617,0,0,-1,-1,0,0.999931461,NA,NA,70.000000000,MEASURED_CPU_FAULT,CPU;INTERVAL_FAULTS,NA,NA,NA,NA,NA,NA,NA,NA,NA,NA,NA,NA,NA,NA,NA,NA,NA,NA,NA,NA,NA,NA,NA,TARGET_GONE,identity no longer active
2026-10-02T16:04:32Z,APP_21637_3022645,21637,3022645,17,948,201.499,0,0,-1,-1,0,0.999931461,NA,NA,70.000000000,MEASURED_CPU_FAULT,CPU;INTERVAL_FAULTS,NA,NA,NA,NA,NA,NA,NA,NA,NA,NA,NA,NA,NA,NA,NA,NA,NA,NA,NA,NA,NA,NA,NA,TARGET_GONE,identity no longer active
2026-10-02T16:04:32Z,APP_21637_3022645,21637,3022645,17,949,206.205,0,0,-1,-1,0,0.999931461,NA,NA,70.000000000,MEASURED_CPU_FAULT,CPU;INTERVAL_FAULTS,NA,NA,NA,NA,NA,NA,NA,NA,NA,NA,NA,NA,NA,NA,NA,NA,NA,NA,NA,NA,NA,NA,NA,TARGET_GONE,identity no longer active
2026-10-02T16:04:32Z,APP_21637_3022645,21637,3022645,17,950,191.617,0,0,-1,-1,0,0.999931461,NA,NA,70.000000000,MEASURED_CPU_FAULT,CPU;INTERVAL_FAULTS,NA,NA,NA,NA,NA,NA,NA,NA,NA,NA,NA,NA,NA,NA,NA,NA,NA,NA,NA,NA,NA,NA,NA,TARGET_GONE,identity no longer active
2026-10-02T16:04:32Z,APP_21637_3022645,21637,3022645,17,951,203.781,0,0,-1,-1,0,0.999931461,NA,NA,70.000000000,MEASURED_CPU_FAULT,CPU;INTERVAL_FAULTS,NA,NA,NA,NA,NA,NA,NA,NA,NA,NA,NA,NA,NA,NA,NA,NA,NA,NA,NA,NA,NA,NA,NA,TARGET_GONE,identity no longer active
2026-10-02T16:04:32Z,APP_21637_3022645,21637,3022645,17,952,191.904,0,0,-1,-1,0,0.999931461,NA,NA,70.000000000,MEASURED_CPU_FAULT,CPU;INTERVAL_FAULTS,NA,NA,NA,NA,NA,NA,NA,NA,NA,NA,NA,NA,NA,NA,NA,NA,NA,NA,NA,NA,NA,NA,NA,TARGET_GONE,identity no longer active
2026-10-02T16:04:32Z,APP_21637_3022645,21637,3022645,17,953,204.187,0,0,-1,-1,0,0.999931461,NA,NA,70.000000000,MEASURED_CPU_FAULT,CPU;INTERVAL_FAULTS,NA,NA,NA,NA,NA,NA,NA,NA,NA,NA,NA,NA,NA,NA,NA,NA,NA,NA,NA,NA,NA,NA,NA,TARGET_GONE,identity no longer active
2026-10-02T16:04:32Z,APP_21637_3022645,21637,3022645,17,954,191.904,0,0,-1,-1,0,0.999931461,NA,NA,70.000000000,MEASURED_CPU_FAULT,CPU;INTERVAL_FAULTS,NA,NA,NA,NA,NA,NA,NA,NA,NA,NA,NA,NA,NA,NA,NA,NA,NA,NA,NA,NA,NA,NA,NA,TARGET_GONE,identity no longer active
2026-10-02T16:04:13Z,APP_21637_3022645,21637,3022645,18,955,0.000,0,0,-1,-1,0,0.999931461,1,true,0.000000000,MEASURED_CPU_FAULT,CPU;INTERVAL_FAULTS,HOT,669.474315258,0.560000000,0.700000000,NA,NA,NA,NA,0.560000000,0.000000000,0.700000000,0.000000000,-1.000000000,1.232000000,NA,MOVE_THREAD,INVALID,NOT_APPLICABLE,INVALID,MOVE_THREAD,-1,-1,false,TARGET_GONE,identity no longer active
2026-10-02T16:04:14Z,APP_21637_3022645,21637,3022645,18,956,0.000,0,0,-1,-1,0,0.999931461,NA,NA,0.000000000,MEASURED_CPU_FAULT,CPU;INTERVAL_FAULTS,NA,NA,NA,NA,NA,NA,NA,NA,NA,NA,NA,NA,NA,NA,NA,NA,NA,NA,NA,NA,NA,NA,NA,TARGET_GONE,identity no longer active
2026-10-02T16:04:14Z,APP_21637_3022645,21637,3022645,18,957,0.000,0,0,-1,-1,0,0.999931461,NA,NA,0.000000000,MEASURED_CPU_FAULT,CPU;INTERVAL_FAULTS,NA,NA,NA,NA,NA,NA,NA,NA,NA,NA,NA,NA,NA,NA,NA,NA,NA,NA,NA,NA,NA,NA,NA,TARGET_GONE,identity no longer active
2026-10-02T16:04:14Z,APP_21637_3022645,21637,3022645,18,958,0.000,0,0,-1,-1,0,0.999931461,NA,NA,0.000000000,MEASURED_CPU_FAULT,CPU;INTERVAL_FAULTS,NA,NA,NA,NA,NA,NA,NA,NA,NA,NA,NA,NA,NA,NA,NA,NA,NA,NA,NA,NA,NA,NA,NA,TARGET_GONE,identity no longer active
2026-10-02T16:04:14Z,APP_21637_3022645,21637,3022645,18,959,0.000,0,0,-1,-1,0,0.999931461,NA,NA,0.000000000,MEASURED_CPU_FAULT,CPU;INTERVAL_FAULTS,NA,NA,NA,NA,NA,NA,NA,NA,NA,NA,NA,NA,NA,NA,NA,NA,NA,NA,NA,NA,NA,NA,NA,TARGET_GONE,identity no longer active
2026-10-02T16:04:14Z,APP_21637_3022645,21637,3022645,18,960,0.000,0,0,-1,-1,0,0.999931461,NA,NA,0.000000000,MEASURED_CPU_FAULT,CPU;INTERVAL_FAULTS,NA,NA,NA,NA,NA,NA,NA,NA,NA,NA,NA,NA,NA,NA,NA,NA,NA,NA,NA,NA,NA,NA,NA,TARGET_GONE,identity no longer active
2026-10-02T16:04:14Z,APP_21637_3022645,21637,3022645,18,961,0.000,0,0,-1,-1,0,0.999931461,NA,NA,0.000000000,MEASURED_CPU_FAULT,CPU;INTERVAL_FAULTS,NA,NA,NA,NA,NA,NA,NA,NA,NA,NA,NA,NA,NA,NA,NA,NA,NA,NA,NA,NA,NA,NA,NA,TARGET_GONE,identity no longer active
2026-10-02T16:04:15Z,APP_21637_3022645,21637,3022645,18,962,18.907,0,0,-1,-1,0,0.999931461,NA,NA,13.234900000,MEASURED_CPU_FAULT,CPU;INTERVAL_FAULTS,NA,NA,NA,NA,NA,NA,NA,NA,NA,NA,NA,NA,NA,NA,NA,NA,NA,NA,NA,NA,NA,NA,NA,TARGET_GONE,identity no longer active
2026-10-02T16:04:15Z,APP_21637_3022645,21637,3022645,18,963,191.617,0,0,-1,-1,0,0.999931461,NA,NA,70.000000000,MEASURED_CPU_FAULT,CPU;INTERVAL_FAULTS,NA,NA,NA,NA,NA,NA,NA,NA,NA,NA,NA,NA,NA,NA,NA,NA,NA,NA,NA,NA,NA,NA,NA,TARGET_GONE,identity no longer active
2026-10-02T16:04:15Z,APP_21637_3022645,21637,3022645,18,964,201.499,0,0,-1,-1,0,0.999931461,NA,NA,70.000000000,MEASURED_CPU_FAULT,CPU;INTERVAL_FAULTS,NA,NA,NA,NA,NA,NA,NA,NA,NA,NA,NA,NA,NA,NA,NA,NA,NA,NA,NA,NA,NA,NA,NA,TARGET_GONE,identity no longer active
2026-10-02T16:04:15Z,APP_21637_3022645,21637,3022645,18,965,200.272,0,0,-1,-1,0,0.999931461,NA,NA,70.000000000,MEASURED_CPU_FAULT,CPU;INTERVAL_FAULTS,NA,NA,NA,NA,NA,NA,NA,NA,NA,NA,NA,NA,NA,NA,NA,NA,NA,NA,NA,NA,NA,NA,NA,TARGET_GONE,identity no longer active
2026-10-02T16:04:15Z,APP_21637_3022645,21637,3022645,18,966,201.198,0,0,-1,-1,0,0.999931461,NA,NA,70.000000000,MEASURED_CPU_FAULT,CPU;INTERVAL_FAULTS,NA,NA,NA,NA,NA,NA,NA,NA,NA,NA,NA,NA,NA,NA,NA,NA,NA,NA,NA,NA,NA,NA,NA,TARGET_GONE,identity no longer active
2026-10-02T16:04:15Z,APP_21637_3022645,21637,3022645,18,967,196.831,0,0,-1,-1,0,0.999931461,NA,NA,70.000000000,MEASURED_CPU_FAULT,CPU;INTERVAL_FAULTS,NA,NA,NA,NA,NA,NA,NA,NA,NA,NA,NA,NA,NA,NA,NA,NA,NA,NA,NA,NA,NA,NA,NA,TARGET_GONE,identity no longer active
2026-10-02T16:04:15Z,APP_21637_3022645,21637,3022645,18,968,201.499,0,0,-1,-1,0,0.999931461,NA,NA,70.000000000,MEASURED_CPU_FAULT,CPU;INTERVAL_FAULTS,NA,NA,NA,NA,NA,NA,NA,NA,NA,NA,NA,NA,NA,NA,NA,NA,NA,NA,NA,NA,NA,NA,NA,TARGET_GONE,identity no longer active
2026-10-02T16:04:15Z,APP_21637_3022645,21637,3022645,18,969,197.610,0,0,-1,-1,0,0.999931461,NA,NA,70.000000000,MEASURED_CPU_FAULT,CPU;INTERVAL_FAULTS,NA,NA,NA,NA,NA,NA,NA,NA,NA,NA,NA,NA,NA,NA,NA,NA,NA,NA,NA,NA,NA,NA,NA,TARGET_GONE,identity no longer active
2026-10-02T16:04:15Z,APP_21637_3022645,21637,3022645,18,970,201.499,0,0,-1,-1,0,0.999931461,NA,NA,70.000000000,MEASURED_CPU_FAULT,CPU;INTERVAL_FAULTS,NA,NA,NA,NA,NA,NA,NA,NA,NA,NA,NA,NA,NA,NA,NA,NA,NA,NA,NA,NA,NA,NA,NA,TARGET_GONE,identity no longer active
2026-10-02T16:04:16Z,APP_21637_3022645,21637,3022645,18,971,203.787,0,0,-1,-1,0,0.999931461,NA,NA,70.000000000,MEASURED_CPU_FAULT,CPU;INTERVAL_FAULTS,NA,NA,NA,NA,NA,NA,NA,NA,NA,NA,NA,NA,NA,NA,NA,NA,NA,NA,NA,NA,NA,NA,NA,TARGET_GONE,identity no longer active
2026-10-02T16:04:16Z,APP_21637_3022645,21637,3022645,18,972,192.192,0,0,-1,-1,0,0.999931461,NA,NA,70.000000000,MEASURED_CPU_FAULT,CPU;INTERVAL_FAULTS,NA,NA,NA,NA,NA,NA,NA,NA,NA,NA,NA,NA,NA,NA,NA,NA,NA,NA,NA,NA,NA,NA,NA,TARGET_GONE,identity no longer active
2026-10-02T16:04:16Z,APP_21637_3022645,21637,3022645,18,973,201.499,0,0,-1,-1,0,0.999931461,NA,NA,70.000000000,MEASURED_CPU_FAULT,CPU;INTERVAL_FAULTS,NA,NA,NA,NA,NA,NA,NA,NA,NA,NA,NA,NA,NA,NA,NA,NA,NA,NA,NA,NA,NA,NA,NA,TARGET_GONE,identity no longer active
2026-10-02T16:04:16Z,APP_21637_3022645,21637,3022645,18,974,205.714,0,0,-1,-1,0,0.999931461,NA,NA,70.000000000,MEASURED_CPU_FAULT,CPU;INTERVAL_FAULTS,NA,NA,NA,NA,NA,NA,NA,NA,NA,NA,NA,NA,NA,NA,NA,NA,NA,NA,NA,NA,NA,NA,NA,TARGET_GONE,identity no longer active
2026-10-02T16:04:16Z,APP_21637_3022645,21637,3022645,18,975,191.617,0,0,-1,-1,0,0.999931461,NA,NA,70.000000000,MEASURED_CPU_FAULT,CPU;INTERVAL_FAULTS,NA,NA,NA,NA,NA,NA,NA,NA,NA,NA,NA,NA,NA,NA,NA,NA,NA,NA,NA,NA,NA,NA,NA,TARGET_GONE,identity no longer active
2026-10-02T16:04:16Z,APP_21637_3022645,21637,3022645,18,976,203.781,0,0,-1,-1,0,0.999931461,NA,NA,70.000000000,MEASURED_CPU_FAULT,CPU;INTERVAL_FAULTS,NA,NA,NA,NA,NA,NA,NA,NA,NA,NA,NA,NA,NA,NA,NA,NA,NA,NA,NA,NA,NA,NA,NA,TARGET_GONE,identity no longer active
2026-10-02T16:04:16Z,APP_21637_3022645,21637,3022645,18,977,192.192,0,0,-1,-1,0,0.999931461,NA,NA,70.000000000,MEASURED_CPU_FAULT,CPU;INTERVAL_FAULTS,NA,NA,NA,NA,NA,NA,NA,NA,NA,NA,NA,NA,NA,NA,NA,NA,NA,NA,NA,NA,NA,NA,NA,TARGET_GONE,identity no longer active
2026-10-02T16:04:16Z,APP_21637_3022645,21637,3022645,18,978,203.579,0,0,-1,-1,0,0.999931461,NA,NA,70.000000000,MEASURED_CPU_FAULT,CPU;INTERVAL_FAULTS,NA,NA,NA,NA,NA,NA,NA,NA,NA,NA,NA,NA,NA,NA,NA,NA,NA,NA,NA,NA,NA,NA,NA,TARGET_GONE,identity no longer active
2026-10-02T16:04:17Z,APP_21637_3022645,21637,3022645,18,979,201.499,0,0,-1,-1,0,0.999931461,NA,NA,70.000000000,MEASURED_CPU_FAULT,CPU;INTERVAL_FAULTS,NA,NA,NA,NA,NA,NA,NA,NA,NA,NA,NA,NA,NA,NA,NA,NA,NA,NA,NA,NA,NA,NA,NA,TARGET_GONE,identity no longer active
2026-10-02T16:04:17Z,APP_21637_3022645,21637,3022645,18,980,198.450,0,0,-1,-1,0,0.999931461,NA,NA,70.000000000,MEASURED_CPU_FAULT,CPU;INTERVAL_FAULTS,NA,NA,NA,NA,NA,NA,NA,NA,NA,NA,NA,NA,NA,NA,NA,NA,NA,NA,NA,NA,NA,NA,NA,TARGET_GONE,identity no longer active
2026-10-02T16:04:17Z,APP_21637_3022645,21637,3022645,18,981,211.411,0,0,-1,-1,0,0.999931461,NA,NA,70.000000000,MEASURED_CPU_FAULT,CPU;INTERVAL_FAULTS,NA,NA,NA,NA,NA,NA,NA,NA,NA,NA,NA,NA,NA,NA,NA,NA,NA,NA,NA,NA,NA,NA,NA,TARGET_GONE,identity no longer active
2026-10-02T16:04:17Z,APP_21637_3022645,21637,3022645,18,982,191.904,0,0,-1,-1,0,0.999931461,NA,NA,70.000000000,MEASURED_CPU_FAULT,CPU;INTERVAL_FAULTS,NA,NA,NA,NA,NA,NA,NA,NA,NA,NA,NA,NA,NA,NA,NA,NA,NA,NA,NA,NA,NA,NA,NA,TARGET_GONE,identity no longer active
2026-10-02T16:04:17Z,APP_21637_3022645,21637,3022645,18,983,205.714,0,0,-1,-1,0,0.999931461,NA,NA,70.000000000,MEASURED_CPU_FAULT,CPU;INTERVAL_FAULTS,NA,NA,NA,NA,NA,NA,NA,NA,NA,NA,NA,NA,NA,NA,NA,NA,NA,NA,NA,NA,NA,NA,NA,TARGET_GONE,identity no longer active
2026-10-02T16:04:17Z,APP_21637_3022645,21637,3022645,18,984,201.802,0,0,-1,-1,0,0.999931461,NA,NA,70.000000000,MEASURED_CPU_FAULT,CPU;INTERVAL_FAULTS,NA,NA,NA,NA,NA,NA,NA,NA,NA,NA,NA,NA,NA,NA,NA,NA,NA,NA,NA,NA,NA,NA,NA,TARGET_GONE,identity no longer active
2026-10-02T16:04:17Z,APP_21637_3022645,21637,3022645,18,985,197.217,0,0,-1,-1,0,0.999931461,NA,NA,70.000000000,MEASURED_CPU_FAULT,CPU;INTERVAL_FAULTS,NA,NA,NA,NA,NA,NA,NA,NA,NA,NA,NA,NA,NA,NA,NA,NA,NA,NA,NA,NA,NA,NA,NA,TARGET_GONE,identity no longer active
2026-10-02T16:04:17Z,APP_21637_3022645,21637,3022645,18,986,201.499,0,0,-1,-1,0,0.999931461,NA,NA,70.000000000,MEASURED_CPU_FAULT,CPU;INTERVAL_FAULTS,NA,NA,NA,NA,NA,NA,NA,NA,NA,NA,NA,NA,NA,NA,NA,NA,NA,NA,NA,NA,NA,NA,NA,TARGET_GONE,identity no longer active
2026-10-02T16:04:18Z,APP_21637_3022645,21637,3022645,18,987,197.807,0,0,-1,-1,0,0.999931461,NA,NA,70.000000000,MEASURED_CPU_FAULT,CPU;INTERVAL_FAULTS,NA,NA,NA,NA,NA,NA,NA,NA,NA,NA,NA,NA,NA,NA,NA,NA,NA,NA,NA,NA,NA,NA,NA,TARGET_GONE,identity no longer active
2026-10-02T16:04:18Z,APP_21637_3022645,21637,3022645,18,988,200.897,0,0,-1,-1,0,0.999931461,NA,NA,70.000000000,MEASURED_CPU_FAULT,CPU;INTERVAL_FAULTS,NA,NA,NA,NA,NA,NA,NA,NA,NA,NA,NA,NA,NA,NA,NA,NA,NA,NA,NA,NA,NA,NA,NA,TARGET_GONE,identity no longer active
2026-10-02T16:04:18Z,APP_21637_3022645,21637,3022645,18,989,199.555,0,0,-1,-1,0,0.999931461,NA,NA,70.000000000,MEASURED_CPU_FAULT,CPU;INTERVAL_FAULTS,NA,NA,NA,NA,NA,NA,NA,NA,NA,NA,NA,NA,NA,NA,NA,NA,NA,NA,NA,NA,NA,NA,NA,TARGET_GONE,identity no longer active
2026-10-02T16:04:18Z,APP_21637_3022645,21637,3022645,18,990,191.617,0,0,-1,-1,0,0.999931461,NA,NA,70.000000000,MEASURED_CPU_FAULT,CPU;INTERVAL_FAULTS,NA,NA,NA,NA,NA,NA,NA,NA,NA,NA,NA,NA,NA,NA,NA,NA,NA,NA,NA,NA,NA,NA,NA,TARGET_GONE,identity no longer active
2026-10-02T16:04:18Z,APP_21637_3022645,21637,3022645,18,991,201.499,0,0,-1,-1,0,0.999931461,NA,NA,70.000000000,MEASURED_CPU_FAULT,CPU;INTERVAL_FAULTS,NA,NA,NA,NA,NA,NA,NA,NA,NA,NA,NA,NA,NA,NA,NA,NA,NA,NA,NA,NA,NA,NA,NA,TARGET_GONE,identity no longer active
2026-10-02T16:04:18Z,APP_21637_3022645,21637,3022645,18,992,198.393,0,0,-1,-1,0,0.999931461,NA,NA,70.000000000,MEASURED_CPU_FAULT,CPU;INTERVAL_FAULTS,NA,NA,NA,NA,NA,NA,NA,NA,NA,NA,NA,NA,NA,NA,NA,NA,NA,NA,NA,NA,NA,NA,NA,TARGET_GONE,identity no longer active
2026-10-02T16:04:18Z,APP_21637_3022645,21637,3022645,18,993,201.802,0,0,-1,-1,0,0.999931461,NA,NA,70.000000000,MEASURED_CPU_FAULT,CPU;INTERVAL_FAULTS,NA,NA,NA,NA,NA,NA,NA,NA,NA,NA,NA,NA,NA,NA,NA,NA,NA,NA,NA,NA,NA,NA,NA,TARGET_GONE,identity no longer active
2026-10-02T16:04:18Z,APP_21637_3022645,21637,3022645,18,994,203.175,0,0,-1,-1,0,0.999931461,NA,NA,70.000000000,MEASURED_CPU_FAULT,CPU;INTERVAL_FAULTS,NA,NA,NA,NA,NA,NA,NA,NA,NA,NA,NA,NA,NA,NA,NA,NA,NA,NA,NA,NA,NA,NA,NA,TARGET_GONE,identity no longer active
2026-10-02T16:04:19Z,APP_21637_3022645,21637,3022645,18,995,201.802,0,0,-1,-1,0,0.999931461,NA,NA,70.000000000,MEASURED_CPU_FAULT,CPU;INTERVAL_FAULTS,NA,NA,NA,NA,NA,NA,NA,NA,NA,NA,NA,NA,NA,NA,NA,NA,NA,NA,NA,NA,NA,NA,NA,TARGET_GONE,identity no longer active
2026-10-02T16:04:19Z,APP_21637_3022645,21637,3022645,18,996,197.413,0,0,-1,-1,0,0.999931461,NA,NA,70.000000000,MEASURED_CPU_FAULT,CPU;INTERVAL_FAULTS,NA,NA,NA,NA,NA,NA,NA,NA,NA,NA,NA,NA,NA,NA,NA,NA,NA,NA,NA,NA,NA,NA,NA,TARGET_GONE,identity no longer active
2026-10-02T16:04:19Z,APP_21637_3022645,21637,3022645,18,997,201.499,0,0,-1,-1,0,0.999931461,NA,NA,70.000000000,MEASURED_CPU_FAULT,CPU;INTERVAL_FAULTS,NA,NA,NA,NA,NA,NA,NA,NA,NA,NA,NA,NA,NA,NA,NA,NA,NA,NA,NA,NA,NA,NA,NA,TARGET_GONE,identity no longer active
2026-10-02T16:04:19Z,APP_21637_3022645,21637,3022645,18,998,203.262,0,0,-1,-1,0,0.999931461,NA,NA,70.000000000,MEASURED_CPU_FAULT,CPU;INTERVAL_FAULTS,NA,NA,NA,NA,NA,NA,NA,NA,NA,NA,NA,NA,NA,NA,NA,NA,NA,NA,NA,NA,NA,NA,NA,TARGET_GONE,identity no longer active
2026-10-02T16:04:19Z,APP_21637_3022645,21637,3022645,18,999,201.499,0,0,-1,-1,0,0.999931461,NA,NA,70.000000000,MEASURED_CPU_FAULT,CPU;INTERVAL_FAULTS,NA,NA,NA,NA,NA,NA,NA,NA,NA,NA,NA,NA,NA,NA,NA,NA,NA,NA,NA,NA,NA,NA,NA,TARGET_GONE,identity no longer active
2026-10-02T16:04:19Z,APP_21637_3022645,21637,3022645,18,1000,197.610,0,0,-1,-1,0,0.999931461,NA,NA,70.000000000,MEASURED_CPU_FAULT,CPU;INTERVAL_FAULTS,NA,NA,NA,NA,NA,NA,NA,NA,NA,NA,NA,NA,NA,NA,NA,NA,NA,NA,NA,NA,NA,NA,NA,TARGET_GONE,identity no longer active
2026-10-02T16:04:19Z,APP_21637_3022645,21637,3022645,18,1001,201.499,0,0,-1,-1,0,0.999931461,NA,NA,70.000000000,MEASURED_CPU_FAULT,CPU;INTERVAL_FAULTS,NA,NA,NA,NA,NA,NA,NA,NA,NA,NA,NA,NA,NA,NA,NA,NA,NA,NA,NA,NA,NA,NA,NA,TARGET_GONE,identity no longer active
2026-10-02T16:04:20Z,APP_21637_3022645,21637,3022645,18,1002,197.610,0,0,-1,-1,0,0.999931461,NA,NA,70.000000000,MEASURED_CPU_FAULT,CPU;INTERVAL_FAULTS,NA,NA,NA,NA,NA,NA,NA,NA,NA,NA,NA,NA,NA,NA,NA,NA,NA,NA,NA,NA,NA,NA,NA,TARGET_GONE,identity no longer active
2026-10-02T16:04:20Z,APP_21637_3022645,21637,3022645,18,1003,201.499,0,0,-1,-1,0,0.999931461,NA,NA,70.000000000,MEASURED_CPU_FAULT,CPU;INTERVAL_FAULTS,NA,NA,NA,NA,NA,NA,NA,NA,NA,NA,NA,NA,NA,NA,NA,NA,NA,NA,NA,NA,NA,NA,NA,TARGET_GONE,identity no longer active
2026-10-02T16:04:20Z,APP_21637_3022645,21637,3022645,18,1004,202.973,0,0,-1,-1,0,0.999931461,NA,NA,70.000000000,MEASURED_CPU_FAULT,CPU;INTERVAL_FAULTS,NA,NA,NA,NA,NA,NA,NA,NA,NA,NA,NA,NA,NA,NA,NA,NA,NA,NA,NA,NA,NA,NA,NA,TARGET_GONE,identity no longer active
2026-10-02T16:04:20Z,APP_21637_3022645,21637,3022645,18,1005,191.904,0,0,-1,-1,0,0.999931461,NA,NA,70.000000000,MEASURED_CPU_FAULT,CPU;INTERVAL_FAULTS,NA,NA,NA,NA,NA,NA,NA,NA,NA,NA,NA,NA,NA,NA,NA,NA,NA,NA,NA,NA,NA,NA,NA,TARGET_GONE,identity no longer active
2026-10-02T16:04:20Z,APP_21637_3022645,21637,3022645,18,1006,201.942,0,0,-1,-1,0,0.999931461,NA,NA,70.000000000,MEASURED_CPU_FAULT,CPU;INTERVAL_FAULTS,NA,NA,NA,NA,NA,NA,NA,NA,NA,NA,NA,NA,NA,NA,NA,NA,NA,NA,NA,NA,NA,NA,NA,TARGET_GONE,identity no longer active
2026-10-02T16:04:20Z,APP_21637_3022645,21637,3022645,18,1007,191.617,0,0,-1,-1,0,0.999931461,NA,NA,70.000000000,MEASURED_CPU_FAULT,CPU;INTERVAL_FAULTS,NA,NA,NA,NA,NA,NA,NA,NA,NA,NA,NA,NA,NA,NA,NA,NA,NA,NA,NA,NA,NA,NA,NA,TARGET_GONE,identity no longer active
2026-10-02T16:04:20Z,APP_21637_3022645,21637,3022645,18,1008,201.802,0,0,-1,-1,0,0.999931461,NA,NA,70.000000000,MEASURED_CPU_FAULT,CPU;INTERVAL_FAULTS,NA,NA,NA,NA,NA,NA,NA,NA,NA,NA,NA,NA,NA,NA,NA,NA,NA,NA,NA,NA,NA,NA,NA,TARGET_GONE,identity no longer active
2026-10-02T16:04:20Z,APP_21637_3022645,21637,3022645,18,1009,198.331,0,0,-1,-1,0,0.999931461,NA,NA,70.000000000,MEASURED_CPU_FAULT,CPU;INTERVAL_FAULTS,NA,NA,NA,NA,NA,NA,NA,NA,NA,NA,NA,NA,NA,NA,NA,NA,NA,NA,NA,NA,NA,NA,NA,TARGET_GONE,identity no longer active
2026-10-02T16:04:20Z,APP_21637_3022645,21637,3022645,18,1010,201.499,0,0,-1,-1,0,0.999931461,NA,NA,70.000000000,MEASURED_CPU_FAULT,CPU;INTERVAL_FAULTS,NA,NA,NA,NA,NA,NA,NA,NA,NA,NA,NA,NA,NA,NA,NA,NA,NA,NA,NA,NA,NA,NA,NA,TARGET_GONE,identity no longer active
2026-10-02T16:04:21Z,APP_21637_3022645,21637,3022645,18,1011,197.413,0,0,-1,-1,0,0.999931461,NA,NA,70.000000000,MEASURED_CPU_FAULT,CPU;INTERVAL_FAULTS,NA,NA,NA,NA,NA,NA,NA,NA,NA,NA,NA,NA,NA,NA,NA,NA,NA,NA,NA,NA,NA,NA,NA,TARGET_GONE,identity no longer active
2026-10-02T16:04:21Z,APP_21637_3022645,21637,3022645,18,1012,201.499,0,0,-1,-1,0,0.999931461,NA,NA,70.000000000,MEASURED_CPU_FAULT,CPU;INTERVAL_FAULTS,NA,NA,NA,NA,NA,NA,NA,NA,NA,NA,NA,NA,NA,NA,NA,NA,NA,NA,NA,NA,NA,NA,NA,TARGET_GONE,identity no longer active
2026-10-02T16:04:21Z,APP_21637_3022645,21637,3022645,18,1013,203.579,0,0,-1,-1,0,0.999931461,NA,NA,70.000000000,MEASURED_CPU_FAULT,CPU;INTERVAL_FAULTS,NA,NA,NA,NA,NA,NA,NA,NA,NA,NA,NA,NA,NA,NA,NA,NA,NA,NA,NA,NA,NA,NA,NA,TARGET_GONE,identity no longer active
2026-10-02T16:04:21Z,APP_21637_3022645,21637,3022645,18,1014,201.499,0,0,-1,-1,0,0.999931461,NA,NA,70.000000000,MEASURED_CPU_FAULT,CPU;INTERVAL_FAULTS,NA,NA,NA,NA,NA,NA,NA,NA,NA,NA,NA,NA,NA,NA,NA,NA,NA,NA,NA,NA,NA,NA,NA,TARGET_GONE,identity no longer active
2026-10-02T16:04:21Z,APP_21637_3022645,21637,3022645,18,1015,199.555,0,0,-1,-1,0,0.999931461,NA,NA,70.000000000,MEASURED_CPU_FAULT,CPU;INTERVAL_FAULTS,NA,NA,NA,NA,NA,NA,NA,NA,NA,NA,NA,NA,NA,NA,NA,NA,NA,NA,NA,NA,NA,NA,NA,TARGET_GONE,identity no longer active
2026-10-02T16:04:21Z,APP_21637_3022645,21637,3022645,18,1016,192.192,0,0,-1,-1,0,0.999931461,NA,NA,70.000000000,MEASURED_CPU_FAULT,CPU;INTERVAL_FAULTS,NA,NA,NA,NA,NA,NA,NA,NA,NA,NA,NA,NA,NA,NA,NA,NA,NA,NA,NA,NA,NA,NA,NA,TARGET_GONE,identity no longer active
2026-10-02T16:04:21Z,APP_21637_3022645,21637,3022645,18,1017,200.897,0,0,-1,-1,0,0.999931461,NA,NA,70.000000000,MEASURED_CPU_FAULT,CPU;INTERVAL_FAULTS,NA,NA,NA,NA,NA,NA,NA,NA,NA,NA,NA,NA,NA,NA,NA,NA,NA,NA,NA,NA,NA,NA,NA,TARGET_GONE,identity no longer active
2026-10-02T16:04:22Z,APP_21637_3022645,21637,3022645,18,1018,198.568,0,0,-1,-1,0,0.999931461,NA,NA,70.000000000,MEASURED_CPU_FAULT,CPU;INTERVAL_FAULTS,NA,NA,NA,NA,NA,NA,NA,NA,NA,NA,NA,NA,NA,NA,NA,NA,NA,NA,NA,NA,NA,NA,NA,TARGET_GONE,identity no longer active
2026-10-02T16:04:22Z,APP_21637_3022645,21637,3022645,18,1019,201.198,0,0,-1,-1,0,0.999931461,NA,NA,70.000000000,MEASURED_CPU_FAULT,CPU;INTERVAL_FAULTS,NA,NA,NA,NA,NA,NA,NA,NA,NA,NA,NA,NA,NA,NA,NA,NA,NA,NA,NA,NA,NA,NA,NA,TARGET_GONE,identity no longer active
2026-10-02T16:04:22Z,APP_21637_3022645,21637,3022645,18,1020,203.376,0,0,-1,-1,0,0.999931461,NA,NA,70.000000000,MEASURED_CPU_FAULT,CPU;INTERVAL_FAULTS,NA,NA,NA,NA,NA,NA,NA,NA,NA,NA,NA,NA,NA,NA,NA,NA,NA,NA,NA,NA,NA,NA,NA,TARGET_GONE,identity no longer active
2026-10-02T16:04:22Z,APP_21637_3022645,21637,3022645,18,1021,201.198,0,0,-1,-1,0,0.999931461,NA,NA,70.000000000,MEASURED_CPU_FAULT,CPU;INTERVAL_FAULTS,NA,NA,NA,NA,NA,NA,NA,NA,NA,NA,NA,NA,NA,NA,NA,NA,NA,NA,NA,NA,NA,NA,NA,TARGET_GONE,identity no longer active
2026-10-02T16:04:22Z,APP_21637_3022645,21637,3022645,18,1022,197.413,0,0,-1,-1,0,0.999931461,NA,NA,70.000000000,MEASURED_CPU_FAULT,CPU;INTERVAL_FAULTS,NA,NA,NA,NA,NA,NA,NA,NA,NA,NA,NA,NA,NA,NA,NA,NA,NA,NA,NA,NA,NA,NA,NA,TARGET_GONE,identity no longer active
2026-10-02T16:04:22Z,APP_21637_3022645,21637,3022645,18,1023,201.499,0,0,-1,-1,0,0.999931461,NA,NA,70.000000000,MEASURED_CPU_FAULT,CPU;INTERVAL_FAULTS,NA,NA,NA,NA,NA,NA,NA,NA,NA,NA,NA,NA,NA,NA,NA,NA,NA,NA,NA,NA,NA,NA,NA,TARGET_GONE,identity no longer active
2026-10-02T16:04:22Z,APP_21637_3022645,21637,3022645,18,1024,200.805,0,0,-1,-1,0,0.999931461,NA,NA,70.000000000,MEASURED_CPU_FAULT,CPU;INTERVAL_FAULTS,NA,NA,NA,NA,NA,NA,NA,NA,NA,NA,NA,NA,NA,NA,NA,NA,NA,NA,NA,NA,NA,NA,NA,TARGET_GONE,identity no longer active
2026-10-02T16:04:22Z,APP_21637_3022645,21637,3022645,18,1025,192.192,0,0,-1,-1,0,0.999931461,NA,NA,70.000000000,MEASURED_CPU_FAULT,CPU;INTERVAL_FAULTS,NA,NA,NA,NA,NA,NA,NA,NA,NA,NA,NA,NA,NA,NA,NA,NA,NA,NA,NA,NA,NA,NA,NA,TARGET_GONE,identity no longer active
2026-10-02T16:04:22Z,APP_21637_3022645,21637,3022645,18,1026,201.499,0,0,-1,-1,0,0.999931461,NA,NA,70.000000000,MEASURED_CPU_FAULT,CPU;INTERVAL_FAULTS,NA,NA,NA,NA,NA,NA,NA,NA,NA,NA,NA,NA,NA,NA,NA,NA,NA,NA,NA,NA,NA,NA,NA,TARGET_GONE,identity no longer active
2026-10-02T16:04:23Z,APP_21637_3022645,21637,3022645,18,1027,206.205,0,0,-1,-1,0,0.999931461,NA,NA,70.000000000,MEASURED_CPU_FAULT,CPU;INTERVAL_FAULTS,NA,NA,NA,NA,NA,NA,NA,NA,NA,NA,NA,NA,NA,NA,NA,NA,NA,NA,NA,NA,NA,NA,NA,TARGET_GONE,identity no longer active
2026-10-02T16:04:23Z,APP_21637_3022645,21637,3022645,18,1028,192.192,0,0,-1,-1,0,0.999931461,NA,NA,70.000000000,MEASURED_CPU_FAULT,CPU;INTERVAL_FAULTS,NA,NA,NA,NA,NA,NA,NA,NA,NA,NA,NA,NA,NA,NA,NA,NA,NA,NA,NA,NA,NA,NA,NA,TARGET_GONE,identity no longer active
2026-10-02T16:04:23Z,APP_21637_3022645,21637,3022645,18,1029,203.175,0,0,-1,-1,0,0.999931461,NA,NA,70.000000000,MEASURED_CPU_FAULT,CPU;INTERVAL_FAULTS,NA,NA,NA,NA,NA,NA,NA,NA,NA,NA,NA,NA,NA,NA,NA,NA,NA,NA,NA,NA,NA,NA,NA,TARGET_GONE,identity no longer active
2026-10-02T16:04:23Z,APP_21637_3022645,21637,3022645,18,1030,192.481,0,0,-1,-1,0,0.999931461,NA,NA,70.000000000,MEASURED_CPU_FAULT,CPU;INTERVAL_FAULTS,NA,NA,NA,NA,NA,NA,NA,NA,NA,NA,NA,NA,NA,NA,NA,NA,NA,NA,NA,NA,NA,NA,NA,TARGET_GONE,identity no longer active
2026-10-02T16:04:23Z,APP_21637_3022645,21637,3022645,18,1031,203.781,0,0,-1,-1,0,0.999931461,NA,NA,70.000000000,MEASURED_CPU_FAULT,CPU;INTERVAL_FAULTS,NA,NA,NA,NA,NA,NA,NA,NA,NA,NA,NA,NA,NA,NA,NA,NA,NA,NA,NA,NA,NA,NA,NA,TARGET_GONE,identity no longer active
2026-10-02T16:04:23Z,APP_21637_3022645,21637,3022645,18,1032,191.904,0,0,-1,-1,0,0.999931461,NA,NA,70.000000000,MEASURED_CPU_FAULT,CPU;INTERVAL_FAULTS,NA,NA,NA,NA,NA,NA,NA,NA,NA,NA,NA,NA,NA,NA,NA,NA,NA,NA,NA,NA,NA,NA,NA,TARGET_GONE,identity no longer active
2026-10-02T16:04:23Z,APP_21637_3022645,21637,3022645,18,1033,202.157,0,0,-1,-1,0,0.999931461,NA,NA,70.000000000,MEASURED_CPU_FAULT,CPU;INTERVAL_FAULTS,NA,NA,NA,NA,NA,NA,NA,NA,NA,NA,NA,NA,NA,NA,NA,NA,NA,NA,NA,NA,NA,NA,NA,TARGET_GONE,identity no longer active
2026-10-02T16:04:23Z,APP_21637_3022645,21637,3022645,18,1034,211.411,0,0,-1,-1,0,0.999931461,NA,NA,70.000000000,MEASURED_CPU_FAULT,CPU;INTERVAL_FAULTS,NA,NA,NA,NA,NA,NA,NA,NA,NA,NA,NA,NA,NA,NA,NA,NA,NA,NA,NA,NA,NA,NA,NA,TARGET_GONE,identity no longer active
2026-10-02T16:04:24Z,APP_21637_3022645,21637,3022645,18,1035,191.904,0,0,-1,-1,0,0.999931461,NA,NA,70.000000000,MEASURED_CPU_FAULT,CPU;INTERVAL_FAULTS,NA,NA,NA,NA,NA,NA,NA,NA,NA,NA,NA,NA,NA,NA,NA,NA,NA,NA,NA,NA,NA,NA,NA,TARGET_GONE,identity no longer active
2026-10-02T16:04:24Z,APP_21637_3022645,21637,3022645,18,1036,205.470,0,0,-1,-1,0,0.999931461,NA,NA,70.000000000,MEASURED_CPU_FAULT,CPU;INTERVAL_FAULTS,NA,NA,NA,NA,NA,NA,NA,NA,NA,NA,NA,NA,NA,NA,NA,NA,NA,NA,NA,NA,NA,NA,NA,TARGET_GONE,identity no longer active
2026-10-02T16:04:24Z,APP_21637_3022645,21637,3022645,18,1037,201.802,0,0,-1,-1,0,0.999931461,NA,NA,70.000000000,MEASURED_CPU_FAULT,CPU;INTERVAL_FAULTS,NA,NA,NA,NA,NA,NA,NA,NA,NA,NA,NA,NA,NA,NA,NA,NA,NA,NA,NA,NA,NA,NA,NA,TARGET_GONE,identity no longer active
2026-10-02T16:04:24Z,APP_21637_3022645,21637,3022645,18,1038,197.217,0,0,-1,-1,0,0.999931461,NA,NA,70.000000000,MEASURED_CPU_FAULT,CPU;INTERVAL_FAULTS,NA,NA,NA,NA,NA,NA,NA,NA,NA,NA,NA,NA,NA,NA,NA,NA,NA,NA,NA,NA,NA,NA,NA,TARGET_GONE,identity no longer active
2026-10-02T16:04:24Z,APP_21637_3022645,21637,3022645,18,1039,201.499,0,0,-1,-1,0,0.999931461,NA,NA,70.000000000,MEASURED_CPU_FAULT,CPU;INTERVAL_FAULTS,NA,NA,NA,NA,NA,NA,NA,NA,NA,NA,NA,NA,NA,NA,NA,NA,NA,NA,NA,NA,NA,NA,NA,TARGET_GONE,identity no longer active
2026-10-02T16:04:24Z,APP_21637_3022645,21637,3022645,18,1040,203.376,0,0,-1,-1,0,0.999931461,NA,NA,70.000000000,MEASURED_CPU_FAULT,CPU;INTERVAL_FAULTS,NA,NA,NA,NA,NA,NA,NA,NA,NA,NA,NA,NA,NA,NA,NA,NA,NA,NA,NA,NA,NA,NA,NA,TARGET_GONE,identity no longer active
2026-10-02T16:04:24Z,APP_21637_3022645,21637,3022645,18,1041,191.904,0,0,-1,-1,0,0.999931461,NA,NA,70.000000000,MEASURED_CPU_FAULT,CPU;INTERVAL_FAULTS,NA,NA,NA,NA,NA,NA,NA,NA,NA,NA,NA,NA,NA,NA,NA,NA,NA,NA,NA,NA,NA,NA,NA,TARGET_GONE,identity no longer active
2026-10-02T16:04:25Z,APP_21637_3022645,21637,3022645,18,1042,200.149,0,0,-1,-1,0,0.999931461,NA,NA,70.000000000,MEASURED_CPU_FAULT,CPU;INTERVAL_FAULTS,NA,NA,NA,NA,NA,NA,NA,NA,NA,NA,NA,NA,NA,NA,NA,NA,NA,NA,NA,NA,NA,NA,NA,TARGET_GONE,identity no longer active
2026-10-02T16:04:25Z,APP_21637_3022645,21637,3022645,18,1043,191.617,0,0,-1,-1,0,0.999931461,NA,NA,70.000000000,MEASURED_CPU_FAULT,CPU;INTERVAL_FAULTS,NA,NA,NA,NA,NA,NA,NA,NA,NA,NA,NA,NA,NA,NA,NA,NA,NA,NA,NA,NA,NA,NA,NA,TARGET_GONE,identity no longer active
2026-10-02T16:04:25Z,APP_21637_3022645,21637,3022645,18,1044,201.499,0,0,-1,-1,0,0.999931461,NA,NA,70.000000000,MEASURED_CPU_FAULT,CPU;INTERVAL_FAULTS,NA,NA,NA,NA,NA,NA,NA,NA,NA,NA,NA,NA,NA,NA,NA,NA,NA,NA,NA,NA,NA,NA,NA,TARGET_GONE,identity no longer active
2026-10-02T16:04:25Z,APP_21637_3022645,21637,3022645,18,1045,206.205,0,0,-1,-1,0,0.999931461,NA,NA,70.000000000,MEASURED_CPU_FAULT,CPU;INTERVAL_FAULTS,NA,NA,NA,NA,NA,NA,NA,NA,NA,NA,NA,NA,NA,NA,NA,NA,NA,NA,NA,NA,NA,NA,NA,TARGET_GONE,identity no longer active
2026-10-02T16:04:25Z,APP_21637_3022645,21637,3022645,18,1046,191.904,0,0,-1,-1,0,0.999931461,NA,NA,70.000000000,MEASURED_CPU_FAULT,CPU;INTERVAL_FAULTS,NA,NA,NA,NA,NA,NA,NA,NA,NA,NA,NA,NA,NA,NA,NA,NA,NA,NA,NA,NA,NA,NA,NA,TARGET_GONE,identity no longer active
2026-10-02T16:04:25Z,APP_21637_3022645,21637,3022645,18,1047,203.984,0,0,-1,-1,0,0.999931461,NA,NA,70.000000000,MEASURED_CPU_FAULT,CPU;INTERVAL_FAULTS,NA,NA,NA,NA,NA,NA,NA,NA,NA,NA,NA,NA,NA,NA,NA,NA,NA,NA,NA,NA,NA,NA,NA,TARGET_GONE,identity no longer active
2026-10-02T16:04:25Z,APP_21637_3022645,21637,3022645,18,1048,191.904,0,0,-1,-1,0,0.999931461,NA,NA,70.000000000,MEASURED_CPU_FAULT,CPU;INTERVAL_FAULTS,NA,NA,NA,NA,NA,NA,NA,NA,NA,NA,NA,NA,NA,NA,NA,NA,NA,NA,NA,NA,NA,NA,NA,TARGET_GONE,identity no longer active
2026-10-02T16:04:25Z,APP_21637_3022645,21637,3022645,18,1049,203.376,0,0,-1,-1,0,0.999931461,NA,NA,70.000000000,MEASURED_CPU_FAULT,CPU;INTERVAL_FAULTS,NA,NA,NA,NA,NA,NA,NA,NA,NA,NA,NA,NA,NA,NA,NA,NA,NA,NA,NA,NA,NA,NA,NA,TARGET_GONE,identity no longer active
2026-10-02T16:04:25Z,APP_21637_3022645,21637,3022645,18,1050,201.802,0,0,-1,-1,0,0.999931461,NA,NA,70.000000000,MEASURED_CPU_FAULT,CPU;INTERVAL_FAULTS,NA,NA,NA,NA,NA,NA,NA,NA,NA,NA,NA,NA,NA,NA,NA,NA,NA,NA,NA,NA,NA,NA,NA,TARGET_GONE,identity no longer active
2026-10-02T16:04:26Z,APP_21637_3022645,21637,3022645,18,1051,197.531,0,0,-1,-1,0,0.999931461,NA,NA,70.000000000,MEASURED_CPU_FAULT,CPU;INTERVAL_FAULTS,NA,NA,NA,NA,NA,NA,NA,NA,NA,NA,NA,NA,NA,NA,NA,NA,NA,NA,NA,NA,NA,NA,NA,TARGET_GONE,identity no longer active
2026-10-02T16:04:26Z,APP_21637_3022645,21637,3022645,18,1052,210.778,0,0,-1,-1,0,0.999931461,NA,NA,70.000000000,MEASURED_CPU_FAULT,CPU;INTERVAL_FAULTS,NA,NA,NA,NA,NA,NA,NA,NA,NA,NA,NA,NA,NA,NA,NA,NA,NA,NA,NA,NA,NA,NA,NA,TARGET_GONE,identity no longer active
2026-10-02T16:04:26Z,APP_21637_3022645,21637,3022645,18,1053,201.499,0,0,-1,-1,0,0.999931461,NA,NA,70.000000000,MEASURED_CPU_FAULT,CPU;INTERVAL_FAULTS,NA,NA,NA,NA,NA,NA,NA,NA,NA,NA,NA,NA,NA,NA,NA,NA,NA,NA,NA,NA,NA,NA,NA,TARGET_GONE,identity no longer active
2026-10-02T16:04:26Z,APP_21637_3022645,21637,3022645,18,1054,198.568,0,0,-1,-1,0,0.999931461,NA,NA,70.000000000,MEASURED_CPU_FAULT,CPU;INTERVAL_FAULTS,NA,NA,NA,NA,NA,NA,NA,NA,NA,NA,NA,NA,NA,NA,NA,NA,NA,NA,NA,NA,NA,NA,NA,TARGET_GONE,identity no longer active
2026-10-02T16:04:26Z,APP_21637_3022645,21637,3022645,18,1055,201.198,0,0,-1,-1,0,0.999931461,NA,NA,70.000000000,MEASURED_CPU_FAULT,CPU;INTERVAL_FAULTS,NA,NA,NA,NA,NA,NA,NA,NA,NA,NA,NA,NA,NA,NA,NA,NA,NA,NA,NA,NA,NA,NA,NA,TARGET_GONE,identity no longer active
2026-10-02T16:04:26Z,APP_21637_3022645,21637,3022645,18,1056,203.376,0,0,-1,-1,0,0.999931461,NA,NA,70.000000000,MEASURED_CPU_FAULT,CPU;INTERVAL_FAULTS,NA,NA,NA,NA,NA,NA,NA,NA,NA,NA,NA,NA,NA,NA,NA,NA,NA,NA,NA,NA,NA,NA,NA,TARGET_GONE,identity no longer active
2026-10-02T16:04:26Z,APP_21637_3022645,21637,3022645,18,1057,191.904,0,0,-1,-1,0,0.999931461,NA,NA,70.000000000,MEASURED_CPU_FAULT,CPU;INTERVAL_FAULTS,NA,NA,NA,NA,NA,NA,NA,NA,NA,NA,NA,NA,NA,NA,NA,NA,NA,NA,NA,NA,NA,NA,NA,TARGET_GONE,identity no longer active
2026-10-02T16:04:26Z,APP_21637_3022645,21637,3022645,18,1058,203.781,0,0,-1,-1,0,0.999931461,NA,NA,70.000000000,MEASURED_CPU_FAULT,CPU;INTERVAL_FAULTS,NA,NA,NA,NA,NA,NA,NA,NA,NA,NA,NA,NA,NA,NA,NA,NA,NA,NA,NA,NA,NA,NA,NA,TARGET_GONE,identity no longer active
2026-10-02T16:04:27Z,APP_21637_3022645,21637,3022645,18,1059,191.617,0,0,-1,-1,0,0.999931461,NA,NA,70.000000000,MEASURED_CPU_FAULT,CPU;INTERVAL_FAULTS,NA,NA,NA,NA,NA,NA,NA,NA,NA,NA,NA,NA,NA,NA,NA,NA,NA,NA,NA,NA,NA,NA,NA,TARGET_GONE,identity no longer active
2026-10-02T16:04:27Z,APP_21637_3022645,21637,3022645,18,1060,201.575,0,0,-1,-1,0,0.999931461,NA,NA,70.000000000,MEASURED_CPU_FAULT,CPU;INTERVAL_FAULTS,NA,NA,NA,NA,NA,NA,NA,NA,NA,NA,NA,NA,NA,NA,NA,NA,NA,NA,NA,NA,NA,NA,NA,TARGET_GONE,identity no longer active
2026-10-02T16:04:27Z,APP_21637_3022645,21637,3022645,18,1061,211.411,0,0,-1,-1,0,0.999931461,NA,NA,70.000000000,MEASURED_CPU_FAULT,CPU;INTERVAL_FAULTS,NA,NA,NA,NA,NA,NA,NA,NA,NA,NA,NA,NA,NA,NA,NA,NA,NA,NA,NA,NA,NA,NA,NA,TARGET_GONE,identity no longer active
2026-10-02T16:04:27Z,APP_21637_3022645,21637,3022645,18,1062,201.802,0,0,-1,-1,0,0.999931461,NA,NA,70.000000000,MEASURED_CPU_FAULT,CPU;INTERVAL_FAULTS,NA,NA,NA,NA,NA,NA,NA,NA,NA,NA,NA,NA,NA,NA,NA,NA,NA,NA,NA,NA,NA,NA,NA,TARGET_GONE,identity no longer active
2026-10-02T16:04:27Z,APP_21637_3022645,21637,3022645,18,1063,198.095,0,0,-1,-1,0,0.999931461,NA,NA,70.000000000,MEASURED_CPU_FAULT,CPU;INTERVAL_FAULTS,NA,NA,NA,NA,NA,NA,NA,NA,NA,NA,NA,NA,NA,NA,NA,NA,NA,NA,NA,NA,NA,NA,NA,TARGET_GONE,identity no longer active
2026-10-02T16:04:27Z,APP_21637_3022645,21637,3022645,18,1064,201.802,0,0,-1,-1,0,0.999931461,NA,NA,70.000000000,MEASURED_CPU_FAULT,CPU;INTERVAL_FAULTS,NA,NA,NA,NA,NA,NA,NA,NA,NA,NA,NA,NA,NA,NA,NA,NA,NA,NA,NA,NA,NA,NA,NA,TARGET_GONE,identity no longer active
2026-10-02T16:04:27Z,APP_21637_3022645,21637,3022645,18,1065,197.413,0,0,-1,-1,0,0.999931461,NA,NA,70.000000000,MEASURED_CPU_FAULT,CPU;INTERVAL_FAULTS,NA,NA,NA,NA,NA,NA,NA,NA,NA,NA,NA,NA,NA,NA,NA,NA,NA,NA,NA,NA,NA,NA,NA,TARGET_GONE,identity no longer active
2026-10-02T16:04:27Z,APP_21637_3022645,21637,3022645,18,1066,201.499,0,0,-1,-1,0,0.999931461,NA,NA,70.000000000,MEASURED_CPU_FAULT,CPU;INTERVAL_FAULTS,NA,NA,NA,NA,NA,NA,NA,NA,NA,NA,NA,NA,NA,NA,NA,NA,NA,NA,NA,NA,NA,NA,NA,TARGET_GONE,identity no longer active
2026-10-02T16:04:28Z,APP_21637_3022645,21637,3022645,18,1067,198.066,0,0,-1,-1,0,0.999931461,NA,NA,70.000000000,MEASURED_CPU_FAULT,CPU;INTERVAL_FAULTS,NA,NA,NA,NA,NA,NA,NA,NA,NA,NA,NA,NA,NA,NA,NA,NA,NA,NA,NA,NA,NA,NA,NA,TARGET_GONE,identity no longer active
2026-10-02T16:04:28Z,APP_21637_3022645,21637,3022645,18,1068,201.198,0,0,-1,-1,0,0.999931461,NA,NA,70.000000000,MEASURED_CPU_FAULT,CPU;INTERVAL_FAULTS,NA,NA,NA,NA,NA,NA,NA,NA,NA,NA,NA,NA,NA,NA,NA,NA,NA,NA,NA,NA,NA,NA,NA,TARGET_GONE,identity no longer active
2026-10-02T16:04:28Z,APP_21637_3022645,21637,3022645,18,1069,198.621,0,0,-1,-1,0,0.999931461,NA,NA,70.000000000,MEASURED_CPU_FAULT,CPU;INTERVAL_FAULTS,NA,NA,NA,NA,NA,NA,NA,NA,NA,NA,NA,NA,NA,NA,NA,NA,NA,NA,NA,NA,NA,NA,NA,TARGET_GONE,identity no longer active
2026-10-02T16:04:28Z,APP_21637_3022645,21637,3022645,18,1070,211.411,0,0,-1,-1,0,0.999931461,NA,NA,70.000000000,MEASURED_CPU_FAULT,CPU;INTERVAL_FAULTS,NA,NA,NA,NA,NA,NA,NA,NA,NA,NA,NA,NA,NA,NA,NA,NA,NA,NA,NA,NA,NA,NA,NA,TARGET_GONE,identity no longer active
2026-10-02T16:04:28Z,APP_21637_3022645,21637,3022645,18,1071,201.499,0,0,-1,-1,0,0.999931461,NA,NA,70.000000000,MEASURED_CPU_FAULT,CPU;INTERVAL_FAULTS,NA,NA,NA,NA,NA,NA,NA,NA,NA,NA,NA,NA,NA,NA,NA,NA,NA,NA,NA,NA,NA,NA,NA,TARGET_GONE,identity no longer active
2026-10-02T16:04:28Z,APP_21637_3022645,21637,3022645,18,1072,198.331,0,0,-1,-1,0,0.999931461,NA,NA,70.000000000,MEASURED_CPU_FAULT,CPU;INTERVAL_FAULTS,NA,NA,NA,NA,NA,NA,NA,NA,NA,NA,NA,NA,NA,NA,NA,NA,NA,NA,NA,NA,NA,NA,NA,TARGET_GONE,identity no longer active
2026-10-02T16:04:28Z,APP_21637_3022645,21637,3022645,18,1073,201.198,0,0,-1,-1,0,0.999931461,NA,NA,70.000000000,MEASURED_CPU_FAULT,CPU;INTERVAL_FAULTS,NA,NA,NA,NA,NA,NA,NA,NA,NA,NA,NA,NA,NA,NA,NA,NA,NA,NA,NA,NA,NA,NA,NA,TARGET_GONE,identity no longer active
2026-10-02T16:04:28Z,APP_21637_3022645,21637,3022645,18,1074,197.610,0,0,-1,-1,0,0.999931461,NA,NA,70.000000000,MEASURED_CPU_FAULT,CPU;INTERVAL_FAULTS,NA,NA,NA,NA,NA,NA,NA,NA,NA,NA,NA,NA,NA,NA,NA,NA,NA,NA,NA,NA,NA,NA,NA,TARGET_GONE,identity no longer active
2026-10-02T16:04:29Z,APP_21637_3022645,21637,3022645,18,1075,201.499,0,0,-1,-1,0,0.999931461,NA,NA,70.000000000,MEASURED_CPU_FAULT,CPU;INTERVAL_FAULTS,NA,NA,NA,NA,NA,NA,NA,NA,NA,NA,NA,NA,NA,NA,NA,NA,NA,NA,NA,NA,NA,NA,NA,TARGET_GONE,identity no longer active
2026-10-02T16:04:29Z,APP_21637_3022645,21637,3022645,18,1076,197.413,0,0,-1,-1,0,0.999931461,NA,NA,70.000000000,MEASURED_CPU_FAULT,CPU;INTERVAL_FAULTS,NA,NA,NA,NA,NA,NA,NA,NA,NA,NA,NA,NA,NA,NA,NA,NA,NA,NA,NA,NA,NA,NA,NA,TARGET_GONE,identity no longer active
2026-10-02T16:04:29Z,APP_21637_3022645,21637,3022645,18,1077,211.094,0,0,-1,-1,0,0.999931461,NA,NA,70.000000000,MEASURED_CPU_FAULT,CPU;INTERVAL_FAULTS,NA,NA,NA,NA,NA,NA,NA,NA,NA,NA,NA,NA,NA,NA,NA,NA,NA,NA,NA,NA,NA,NA,NA,TARGET_GONE,identity no longer active
2026-10-02T16:04:29Z,APP_21637_3022645,21637,3022645,18,1078,196.587,0,0,-1,-1,0,0.999931461,NA,NA,70.000000000,MEASURED_CPU_FAULT,CPU;INTERVAL_FAULTS,NA,NA,NA,NA,NA,NA,NA,NA,NA,NA,NA,NA,NA,NA,NA,NA,NA,NA,NA,NA,NA,NA,NA,TARGET_GONE,identity no longer active
2026-10-02T16:04:29Z,APP_21637_3022645,21637,3022645,18,1079,210.778,0,0,-1,-1,0,0.999931461,NA,NA,70.000000000,MEASURED_CPU_FAULT,CPU;INTERVAL_FAULTS,NA,NA,NA,NA,NA,NA,NA,NA,NA,NA,NA,NA,NA,NA,NA,NA,NA,NA,NA,NA,NA,NA,NA,TARGET_GONE,identity no longer active
2026-10-02T16:04:29Z,APP_21637_3022645,21637,3022645,18,1080,192.192,0,0,-1,-1,0,0.999931461,NA,NA,70.000000000,MEASURED_CPU_FAULT,CPU;INTERVAL_FAULTS,NA,NA,NA,NA,NA,NA,NA,NA,NA,NA,NA,NA,NA,NA,NA,NA,NA,NA,NA,NA,NA,NA,NA,TARGET_GONE,identity no longer active
2026-10-02T16:04:29Z,APP_21637_3022645,21637,3022645,18,1081,205.959,0,0,-1,-1,0,0.999931461,NA,NA,70.000000000,MEASURED_CPU_FAULT,CPU;INTERVAL_FAULTS,NA,NA,NA,NA,NA,NA,NA,NA,NA,NA,NA,NA,NA,NA,NA,NA,NA,NA,NA,NA,NA,NA,NA,TARGET_GONE,identity no longer active
2026-10-02T16:04:29Z,APP_21637_3022645,21637,3022645,18,1082,201.198,0,0,-1,-1,0,0.999931461,NA,NA,70.000000000,MEASURED_CPU_FAULT,CPU;INTERVAL_FAULTS,NA,NA,NA,NA,NA,NA,NA,NA,NA,NA,NA,NA,NA,NA,NA,NA,NA,NA,NA,NA,NA,NA,NA,TARGET_GONE,identity no longer active
2026-10-02T16:04:30Z,APP_21637_3022645,21637,3022645,18,1083,197.610,0,0,-1,-1,0,0.999931461,NA,NA,70.000000000,MEASURED_CPU_FAULT,CPU;INTERVAL_FAULTS,NA,NA,NA,NA,NA,NA,NA,NA,NA,NA,NA,NA,NA,NA,NA,NA,NA,NA,NA,NA,NA,NA,NA,TARGET_GONE,identity no longer active
2026-10-02T16:04:30Z,APP_21637_3022645,21637,3022645,18,1084,201.802,0,0,-1,-1,0,0.999931461,NA,NA,70.000000000,MEASURED_CPU_FAULT,CPU;INTERVAL_FAULTS,NA,NA,NA,NA,NA,NA,NA,NA,NA,NA,NA,NA,NA,NA,NA,NA,NA,NA,NA,NA,NA,NA,NA,TARGET_GONE,identity no longer active
2026-10-02T16:04:30Z,APP_21637_3022645,21637,3022645,18,1085,197.217,0,0,-1,-1,0,0.999931461,NA,NA,70.000000000,MEASURED_CPU_FAULT,CPU;INTERVAL_FAULTS,NA,NA,NA,NA,NA,NA,NA,NA,NA,NA,NA,NA,NA,NA,NA,NA,NA,NA,NA,NA,NA,NA,NA,TARGET_GONE,identity no longer active
2026-10-02T16:04:30Z,APP_21637_3022645,21637,3022645,18,1086,201.802,0,0,-1,-1,0,0.999931461,NA,NA,70.000000000,MEASURED_CPU_FAULT,CPU;INTERVAL_FAULTS,NA,NA,NA,NA,NA,NA,NA,NA,NA,NA,NA,NA,NA,NA,NA,NA,NA,NA,NA,NA,NA,NA,NA,TARGET_GONE,identity no longer active
2026-10-02T16:04:30Z,APP_21637_3022645,21637,3022645,18,1087,200.801,0,0,-1,-1,0,0.999931461,NA,NA,70.000000000,MEASURED_CPU_FAULT,CPU;INTERVAL_FAULTS,NA,NA,NA,NA,NA,NA,NA,NA,NA,NA,NA,NA,NA,NA,NA,NA,NA,NA,NA,NA,NA,NA,NA,TARGET_GONE,identity no longer active
2026-10-02T16:04:30Z,APP_21637_3022645,21637,3022645,18,1088,191.045,0,0,-1,-1,0,0.999931461,NA,NA,70.000000000,MEASURED_CPU_FAULT,CPU;INTERVAL_FAULTS,NA,NA,NA,NA,NA,NA,NA,NA,NA,NA,NA,NA,NA,NA,NA,NA,NA,NA,NA,NA,NA,NA,NA,TARGET_GONE,identity no longer active
2026-10-02T16:04:30Z,APP_21637_3022645,21637,3022645,18,1089,201.499,0,0,-1,-1,0,0.999931461,NA,NA,70.000000000,MEASURED_CPU_FAULT,CPU;INTERVAL_FAULTS,NA,NA,NA,NA,NA,NA,NA,NA,NA,NA,NA,NA,NA,NA,NA,NA,NA,NA,NA,NA,NA,NA,NA,TARGET_GONE,identity no longer active
2026-10-02T16:04:30Z,APP_21637_3022645,21637,3022645,18,1090,198.331,0,0,-1,-1,0,0.999931461,NA,NA,70.000000000,MEASURED_CPU_FAULT,CPU;INTERVAL_FAULTS,NA,NA,NA,NA,NA,NA,NA,NA,NA,NA,NA,NA,NA,NA,NA,NA,NA,NA,NA,NA,NA,NA,NA,TARGET_GONE,identity no longer active
2026-10-02T16:04:31Z,APP_21637_3022645,21637,3022645,18,1091,201.198,0,0,-1,-1,0,0.999931461,NA,NA,70.000000000,MEASURED_CPU_FAULT,CPU;INTERVAL_FAULTS,NA,NA,NA,NA,NA,NA,NA,NA,NA,NA,NA,NA,NA,NA,NA,NA,NA,NA,NA,NA,NA,NA,NA,TARGET_GONE,identity no longer active
2026-10-02T16:04:31Z,APP_21637_3022645,21637,3022645,18,1092,197.413,0,0,-1,-1,0,0.999931461,NA,NA,70.000000000,MEASURED_CPU_FAULT,CPU;INTERVAL_FAULTS,NA,NA,NA,NA,NA,NA,NA,NA,NA,NA,NA,NA,NA,NA,NA,NA,NA,NA,NA,NA,NA,NA,NA,TARGET_GONE,identity no longer active
2026-10-02T16:04:31Z,APP_21637_3022645,21637,3022645,18,1093,201.499,0,0,-1,-1,0,0.999931461,NA,NA,70.000000000,MEASURED_CPU_FAULT,CPU;INTERVAL_FAULTS,NA,NA,NA,NA,NA,NA,NA,NA,NA,NA,NA,NA,NA,NA,NA,NA,NA,NA,NA,NA,NA,NA,NA,TARGET_GONE,identity no longer active
2026-10-02T16:04:31Z,APP_21637_3022645,21637,3022645,18,1094,197.610,0,0,-1,-1,0,0.999931461,NA,NA,70.000000000,MEASURED_CPU_FAULT,CPU;INTERVAL_FAULTS,NA,NA,NA,NA,NA,NA,NA,NA,NA,NA,NA,NA,NA,NA,NA,NA,NA,NA,NA,NA,NA,NA,NA,TARGET_GONE,identity no longer active
2026-10-02T16:04:31Z,APP_21637_3022645,21637,3022645,18,1095,211.094,0,0,-1,-1,0,0.999931461,NA,NA,70.000000000,MEASURED_CPU_FAULT,CPU;INTERVAL_FAULTS,NA,NA,NA,NA,NA,NA,NA,NA,NA,NA,NA,NA,NA,NA,NA,NA,NA,NA,NA,NA,NA,NA,NA,TARGET_GONE,identity no longer active
2026-10-02T16:04:31Z,APP_21637_3022645,21637,3022645,18,1096,198.706,0,0,-1,-1,0,0.999931461,NA,NA,70.000000000,MEASURED_CPU_FAULT,CPU;INTERVAL_FAULTS,NA,NA,NA,NA,NA,NA,NA,NA,NA,NA,NA,NA,NA,NA,NA,NA,NA,NA,NA,NA,NA,NA,NA,TARGET_GONE,identity no longer active
2026-10-02T16:04:31Z,APP_21637_3022645,21637,3022645,18,1097,191.617,0,0,-1,-1,0,0.999931461,NA,NA,70.000000000,MEASURED_CPU_FAULT,CPU;INTERVAL_FAULTS,NA,NA,NA,NA,NA,NA,NA,NA,NA,NA,NA,NA,NA,NA,NA,NA,NA,NA,NA,NA,NA,NA,NA,TARGET_GONE,identity no longer active
2026-10-02T16:04:32Z,APP_21637_3022645,21637,3022645,18,1098,201.499,0,0,-1,-1,0,0.999931461,NA,NA,70.000000000,MEASURED_CPU_FAULT,CPU;INTERVAL_FAULTS,NA,NA,NA,NA,NA,NA,NA,NA,NA,NA,NA,NA,NA,NA,NA,NA,NA,NA,NA,NA,NA,NA,NA,TARGET_GONE,identity no longer active
2026-10-02T16:04:32Z,APP_21637_3022645,21637,3022645,18,1099,206.205,0,0,-1,-1,0,0.999931461,NA,NA,70.000000000,MEASURED_CPU_FAULT,CPU;INTERVAL_FAULTS,NA,NA,NA,NA,NA,NA,NA,NA,NA,NA,NA,NA,NA,NA,NA,NA,NA,NA,NA,NA,NA,NA,NA,TARGET_GONE,identity no longer active
2026-10-02T16:04:32Z,APP_21637_3022645,21637,3022645,18,1100,191.617,0,0,-1,-1,0,0.999931461,NA,NA,70.000000000,MEASURED_CPU_FAULT,CPU;INTERVAL_FAULTS,NA,NA,NA,NA,NA,NA,NA,NA,NA,NA,NA,NA,NA,NA,NA,NA,NA,NA,NA,NA,NA,NA,NA,TARGET_GONE,identity no longer active
2026-10-02T16:04:32Z,APP_21637_3022645,21637,3022645,18,1101,203.781,0,0,-1,-1,0,0.999931461,NA,NA,70.000000000,MEASURED_CPU_FAULT,CPU;INTERVAL_FAULTS,NA,NA,NA,NA,NA,NA,NA,NA,NA,NA,NA,NA,NA,NA,NA,NA,NA,NA,NA,NA,NA,NA,NA,TARGET_GONE,identity no longer active
2026-10-02T16:04:32Z,APP_21637_3022645,21637,3022645,18,1102,191.904,0,0,-1,-1,0,0.999931461,NA,NA,70.000000000,MEASURED_CPU_FAULT,CPU;INTERVAL_FAULTS,NA,NA,NA,NA,NA,NA,NA,NA,NA,NA,NA,NA,NA,NA,NA,NA,NA,NA,NA,NA,NA,NA,NA,TARGET_GONE,identity no longer active
2026-10-02T16:04:32Z,APP_21637_3022645,21637,3022645,18,1103,204.187,0,0,-1,-1,0,0.999931461,NA,NA,70.000000000,MEASURED_CPU_FAULT,CPU;INTERVAL_FAULTS,NA,NA,NA,NA,NA,NA,NA,NA,NA,NA,NA,NA,NA,NA,NA,NA,NA,NA,NA,NA,NA,NA,NA,TARGET_GONE,identity no longer active
2026-10-02T16:04:32Z,APP_21637_3022645,21637,3022645,18,1104,191.904,0,0,-1,-1,0,0.999931461,NA,NA,70.000000000,MEASURED_CPU_FAULT,CPU;INTERVAL_FAULTS,NA,NA,NA,NA,NA,NA,NA,NA,NA,NA,NA,NA,NA,NA,NA,NA,NA,NA,NA,NA,NA,NA,NA,TARGET_GONE,identity no longer active
2026-10-02T16:04:33Z,APP_21637_3022645,21637,3022645,18,1105,203.579,0,0,-1,-1,0,0.999931461,NA,NA,70.000000000,MEASURED_CPU_FAULT,CPU;INTERVAL_FAULTS,NA,NA,NA,NA,NA,NA,NA,NA,NA,NA,NA,NA,NA,NA,NA,NA,NA,NA,NA,NA,NA,NA,NA,TARGET_GONE,identity no longer active
2026-10-02T16:04:33Z,APP_21637_3022645,21637,3022645,18,1106,191.045,0,0,-1,-1,0,0.999931461,NA,NA,70.000000000,MEASURED_CPU_FAULT,CPU;INTERVAL_FAULTS,NA,NA,NA,NA,NA,NA,NA,NA,NA,NA,NA,NA,NA,NA,NA,NA,NA,NA,NA,NA,NA,NA,NA,TARGET_GONE,identity no longer active
2026-10-02T16:04:33Z,APP_21637_3022645,21637,3022645,18,1107,211.094,0,0,-1,-1,0,0.999931461,NA,NA,70.000000000,MEASURED_CPU_FAULT,CPU;INTERVAL_FAULTS,NA,NA,NA,NA,NA,NA,NA,NA,NA,NA,NA,NA,NA,NA,NA,NA,NA,NA,NA,NA,NA,NA,NA,TARGET_GONE,identity no longer active
2026-10-02T16:04:33Z,APP_21637_3022645,21637,3022645,18,1108,190.931,0,0,-1,-1,0,0.999931461,NA,NA,70.000000000,MEASURED_CPU_FAULT,CPU;INTERVAL_FAULTS,NA,NA,NA,NA,NA,NA,NA,NA,NA,NA,NA,NA,NA,NA,NA,NA,NA,NA,NA,NA,NA,NA,NA,TARGET_GONE,identity no longer active
2026-10-02T16:04:33Z,APP_21637_3022645,21637,3022645,18,1109,201.499,0,0,-1,-1,0,0.999931461,NA,NA,70.000000000,MEASURED_CPU_FAULT,CPU;INTERVAL_FAULTS,NA,NA,NA,NA,NA,NA,NA,NA,NA,NA,NA,NA,NA,NA,NA,NA,NA,NA,NA,NA,NA,NA,NA,TARGET_GONE,identity no longer active
2026-10-02T16:04:33Z,APP_21637_3022645,21637,3022645,18,1110,202.973,0,0,-1,-1,0,0.999931461,NA,NA,70.000000000,MEASURED_CPU_FAULT,CPU;INTERVAL_FAULTS,NA,NA,NA,NA,NA,NA,NA,NA,NA,NA,NA,NA,NA,NA,NA,NA,NA,NA,NA,NA,NA,NA,NA,TARGET_GONE,identity no longer active
2026-10-02T16:04:33Z,APP_21637_3022645,21637,3022645,18,1111,202.105,0,0,-1,-1,0,0.999931461,NA,NA,70.000000000,MEASURED_CPU_FAULT,CPU;INTERVAL_FAULTS,NA,NA,NA,NA,NA,NA,NA,NA,NA,NA,NA,NA,NA,NA,NA,NA,NA,NA,NA,NA,NA,NA,NA,TARGET_GONE,identity no longer active
2026-10-02T16:04:33Z,APP_21637_3022645,21637,3022645,18,1112,197.413,0,0,-1,-1,0,0.999931461,NA,NA,70.000000000,MEASURED_CPU_FAULT,CPU;INTERVAL_FAULTS,NA,NA,NA,NA,NA,NA,NA,NA,NA,NA,NA,NA,NA,NA,NA,NA,NA,NA,NA,NA,NA,NA,NA,TARGET_GONE,identity no longer active
2026-10-02T16:04:33Z,APP_21637_3022645,21637,3022645,18,1113,201.802,0,0,-1,-1,0,0.999931461,NA,NA,70.000000000,MEASURED_CPU_FAULT,CPU;INTERVAL_FAULTS,NA,NA,NA,NA,NA,NA,NA,NA,NA,NA,NA,NA,NA,NA,NA,NA,NA,NA,NA,NA,NA,NA,NA,TARGET_GONE,identity no longer active
2026-10-02T16:04:13Z,APP_21637_3022645,21637,3022645,19,1114,0.000,0,0,-1,-1,0,0.999931461,1,true,0.000000000,MEASURED_CPU_FAULT,CPU;INTERVAL_FAULTS,HOT,669.474315258,0.560000000,0.700000000,NA,NA,NA,NA,0.560000000,0.000000000,0.700000000,0.000000000,-1.000000000,1.232000000,NA,MOVE_THREAD,INVALID,NOT_APPLICABLE,INVALID,MOVE_THREAD,-1,-1,false,TARGET_GONE,identity no longer active
2026-10-02T16:04:14Z,APP_21637_3022645,21637,3022645,19,1115,0.000,0,0,-1,-1,0,0.999931461,NA,NA,0.000000000,MEASURED_CPU_FAULT,CPU;INTERVAL_FAULTS,NA,NA,NA,NA,NA,NA,NA,NA,NA,NA,NA,NA,NA,NA,NA,NA,NA,NA,NA,NA,NA,NA,NA,TARGET_GONE,identity no longer active
2026-10-02T16:04:14Z,APP_21637_3022645,21637,3022645,19,1116,0.000,0,0,-1,-1,0,0.999931461,NA,NA,0.000000000,MEASURED_CPU_FAULT,CPU;INTERVAL_FAULTS,NA,NA,NA,NA,NA,NA,NA,NA,NA,NA,NA,NA,NA,NA,NA,NA,NA,NA,NA,NA,NA,NA,NA,TARGET_GONE,identity no longer active
2026-10-02T16:04:14Z,APP_21637_3022645,21637,3022645,19,1117,0.000,0,0,-1,-1,0,0.999931461,NA,NA,0.000000000,MEASURED_CPU_FAULT,CPU;INTERVAL_FAULTS,NA,NA,NA,NA,NA,NA,NA,NA,NA,NA,NA,NA,NA,NA,NA,NA,NA,NA,NA,NA,NA,NA,NA,TARGET_GONE,identity no longer active
2026-10-02T16:04:14Z,APP_21637_3022645,21637,3022645,19,1118,0.000,0,0,-1,-1,0,0.999931461,NA,NA,0.000000000,MEASURED_CPU_FAULT,CPU;INTERVAL_FAULTS,NA,NA,NA,NA,NA,NA,NA,NA,NA,NA,NA,NA,NA,NA,NA,NA,NA,NA,NA,NA,NA,NA,NA,TARGET_GONE,identity no longer active
2026-10-02T16:04:14Z,APP_21637_3022645,21637,3022645,19,1119,0.000,0,0,-1,-1,0,0.999931461,NA,NA,0.000000000,MEASURED_CPU_FAULT,CPU;INTERVAL_FAULTS,NA,NA,NA,NA,NA,NA,NA,NA,NA,NA,NA,NA,NA,NA,NA,NA,NA,NA,NA,NA,NA,NA,NA,TARGET_GONE,identity no longer active
2026-10-02T16:04:14Z,APP_21637_3022645,21637,3022645,19,1120,0.000,0,0,-1,-1,0,0.999931461,NA,NA,0.000000000,MEASURED_CPU_FAULT,CPU;INTERVAL_FAULTS,NA,NA,NA,NA,NA,NA,NA,NA,NA,NA,NA,NA,NA,NA,NA,NA,NA,NA,NA,NA,NA,NA,NA,TARGET_GONE,identity no longer active
2026-10-02T16:04:15Z,APP_21637_3022645,21637,3022645,19,1121,18.907,0,0,-1,-1,0,0.999931461,NA,NA,13.234900000,MEASURED_CPU_FAULT,CPU;INTERVAL_FAULTS,NA,NA,NA,NA,NA,NA,NA,NA,NA,NA,NA,NA,NA,NA,NA,NA,NA,NA,NA,NA,NA,NA,NA,TARGET_GONE,identity no longer active
2026-10-02T16:04:15Z,APP_21637_3022645,21637,3022645,19,1122,191.617,0,0,-1,-1,0,0.999931461,NA,NA,70.000000000,MEASURED_CPU_FAULT,CPU;INTERVAL_FAULTS,NA,NA,NA,NA,NA,NA,NA,NA,NA,NA,NA,NA,NA,NA,NA,NA,NA,NA,NA,NA,NA,NA,NA,TARGET_GONE,identity no longer active
2026-10-02T16:04:15Z,APP_21637_3022645,21637,3022645,19,1123,201.499,0,0,-1,-1,0,0.999931461,NA,NA,70.000000000,MEASURED_CPU_FAULT,CPU;INTERVAL_FAULTS,NA,NA,NA,NA,NA,NA,NA,NA,NA,NA,NA,NA,NA,NA,NA,NA,NA,NA,NA,NA,NA,NA,NA,TARGET_GONE,identity no longer active
2026-10-02T16:04:15Z,APP_21637_3022645,21637,3022645,19,1124,200.272,0,0,-1,-1,0,0.999931461,NA,NA,70.000000000,MEASURED_CPU_FAULT,CPU;INTERVAL_FAULTS,NA,NA,NA,NA,NA,NA,NA,NA,NA,NA,NA,NA,NA,NA,NA,NA,NA,NA,NA,NA,NA,NA,NA,TARGET_GONE,identity no longer active
2026-10-02T16:04:15Z,APP_21637_3022645,21637,3022645,19,1125,201.198,0,0,-1,-1,0,0.999931461,NA,NA,70.000000000,MEASURED_CPU_FAULT,CPU;INTERVAL_FAULTS,NA,NA,NA,NA,NA,NA,NA,NA,NA,NA,NA,NA,NA,NA,NA,NA,NA,NA,NA,NA,NA,NA,NA,TARGET_GONE,identity no longer active
2026-10-02T16:04:15Z,APP_21637_3022645,21637,3022645,19,1126,196.831,0,0,-1,-1,0,0.999931461,NA,NA,70.000000000,MEASURED_CPU_FAULT,CPU;INTERVAL_FAULTS,NA,NA,NA,NA,NA,NA,NA,NA,NA,NA,NA,NA,NA,NA,NA,NA,NA,NA,NA,NA,NA,NA,NA,TARGET_GONE,identity no longer active
2026-10-02T16:04:15Z,APP_21637_3022645,21637,3022645,19,1127,201.499,0,0,-1,-1,0,0.999931461,NA,NA,70.000000000,MEASURED_CPU_FAULT,CPU;INTERVAL_FAULTS,NA,NA,NA,NA,NA,NA,NA,NA,NA,NA,NA,NA,NA,NA,NA,NA,NA,NA,NA,NA,NA,NA,NA,TARGET_GONE,identity no longer active
2026-10-02T16:04:15Z,APP_21637_3022645,21637,3022645,19,1128,197.610,0,0,-1,-1,0,0.999931461,NA,NA,70.000000000,MEASURED_CPU_FAULT,CPU;INTERVAL_FAULTS,NA,NA,NA,NA,NA,NA,NA,NA,NA,NA,NA,NA,NA,NA,NA,NA,NA,NA,NA,NA,NA,NA,NA,TARGET_GONE,identity no longer active
2026-10-02T16:04:15Z,APP_21637_3022645,21637,3022645,19,1129,201.499,0,0,-1,-1,0,0.999931461,NA,NA,70.000000000,MEASURED_CPU_FAULT,CPU;INTERVAL_FAULTS,NA,NA,NA,NA,NA,NA,NA,NA,NA,NA,NA,NA,NA,NA,NA,NA,NA,NA,NA,NA,NA,NA,NA,TARGET_GONE,identity no longer active
2026-10-02T16:04:16Z,APP_21637_3022645,21637,3022645,19,1130,203.787,0,0,-1,-1,0,0.999931461,NA,NA,70.000000000,MEASURED_CPU_FAULT,CPU;INTERVAL_FAULTS,NA,NA,NA,NA,NA,NA,NA,NA,NA,NA,NA,NA,NA,NA,NA,NA,NA,NA,NA,NA,NA,NA,NA,TARGET_GONE,identity no longer active
2026-10-02T16:04:16Z,APP_21637_3022645,21637,3022645,19,1131,192.192,0,0,-1,-1,0,0.999931461,NA,NA,70.000000000,MEASURED_CPU_FAULT,CPU;INTERVAL_FAULTS,NA,NA,NA,NA,NA,NA,NA,NA,NA,NA,NA,NA,NA,NA,NA,NA,NA,NA,NA,NA,NA,NA,NA,TARGET_GONE,identity no longer active
2026-10-02T16:04:16Z,APP_21637_3022645,21637,3022645,19,1132,201.499,0,0,-1,-1,0,0.999931461,NA,NA,70.000000000,MEASURED_CPU_FAULT,CPU;INTERVAL_FAULTS,NA,NA,NA,NA,NA,NA,NA,NA,NA,NA,NA,NA,NA,NA,NA,NA,NA,NA,NA,NA,NA,NA,NA,TARGET_GONE,identity no longer active
2026-10-02T16:04:16Z,APP_21637_3022645,21637,3022645,19,1133,205.714,0,0,-1,-1,0,0.999931461,NA,NA,70.000000000,MEASURED_CPU_FAULT,CPU;INTERVAL_FAULTS,NA,NA,NA,NA,NA,NA,NA,NA,NA,NA,NA,NA,NA,NA,NA,NA,NA,NA,NA,NA,NA,NA,NA,TARGET_GONE,identity no longer active
2026-10-02T16:04:16Z,APP_21637_3022645,21637,3022645,19,1134,191.617,0,0,-1,-1,0,0.999931461,NA,NA,70.000000000,MEASURED_CPU_FAULT,CPU;INTERVAL_FAULTS,NA,NA,NA,NA,NA,NA,NA,NA,NA,NA,NA,NA,NA,NA,NA,NA,NA,NA,NA,NA,NA,NA,NA,TARGET_GONE,identity no longer active
2026-10-02T16:04:16Z,APP_21637_3022645,21637,3022645,19,1135,203.781,0,0,-1,-1,0,0.999931461,NA,NA,70.000000000,MEASURED_CPU_FAULT,CPU;INTERVAL_FAULTS,NA,NA,NA,NA,NA,NA,NA,NA,NA,NA,NA,NA,NA,NA,NA,NA,NA,NA,NA,NA,NA,NA,NA,TARGET_GONE,identity no longer active
2026-10-02T16:04:16Z,APP_21637_3022645,21637,3022645,19,1136,192.192,0,0,-1,-1,0,0.999931461,NA,NA,70.000000000,MEASURED_CPU_FAULT,CPU;INTERVAL_FAULTS,NA,NA,NA,NA,NA,NA,NA,NA,NA,NA,NA,NA,NA,NA,NA,NA,NA,NA,NA,NA,NA,NA,NA,TARGET_GONE,identity no longer active
2026-10-02T16:04:16Z,APP_21637_3022645,21637,3022645,19,1137,203.579,0,0,-1,-1,0,0.999931461,NA,NA,70.000000000,MEASURED_CPU_FAULT,CPU;INTERVAL_FAULTS,NA,NA,NA,NA,NA,NA,NA,NA,NA,NA,NA,NA,NA,NA,NA,NA,NA,NA,NA,NA,NA,NA,NA,TARGET_GONE,identity no longer active
2026-10-02T16:04:17Z,APP_21637_3022645,21637,3022645,19,1138,201.499,0,0,-1,-1,0,0.999931461,NA,NA,70.000000000,MEASURED_CPU_FAULT,CPU;INTERVAL_FAULTS,NA,NA,NA,NA,NA,NA,NA,NA,NA,NA,NA,NA,NA,NA,NA,NA,NA,NA,NA,NA,NA,NA,NA,TARGET_GONE,identity no longer active
2026-10-02T16:04:17Z,APP_21637_3022645,21637,3022645,19,1139,198.450,0,0,-1,-1,0,0.999931461,NA,NA,70.000000000,MEASURED_CPU_FAULT,CPU;INTERVAL_FAULTS,NA,NA,NA,NA,NA,NA,NA,NA,NA,NA,NA,NA,NA,NA,NA,NA,NA,NA,NA,NA,NA,NA,NA,TARGET_GONE,identity no longer active
2026-10-02T16:04:17Z,APP_21637_3022645,21637,3022645,19,1140,211.411,0,0,-1,-1,0,0.999931461,NA,NA,70.000000000,MEASURED_CPU_FAULT,CPU;INTERVAL_FAULTS,NA,NA,NA,NA,NA,NA,NA,NA,NA,NA,NA,NA,NA,NA,NA,NA,NA,NA,NA,NA,NA,NA,NA,TARGET_GONE,identity no longer active
2026-10-02T16:04:17Z,APP_21637_3022645,21637,3022645,19,1141,191.904,0,0,-1,-1,0,0.999931461,NA,NA,70.000000000,MEASURED_CPU_FAULT,CPU;INTERVAL_FAULTS,NA,NA,NA,NA,NA,NA,NA,NA,NA,NA,NA,NA,NA,NA,NA,NA,NA,NA,NA,NA,NA,NA,NA,TARGET_GONE,identity no longer active
2026-10-02T16:04:17Z,APP_21637_3022645,21637,3022645,19,1142,205.714,0,0,-1,-1,0,0.999931461,NA,NA,70.000000000,MEASURED_CPU_FAULT,CPU;INTERVAL_FAULTS,NA,NA,NA,NA,NA,NA,NA,NA,NA,NA,NA,NA,NA,NA,NA,NA,NA,NA,NA,NA,NA,NA,NA,TARGET_GONE,identity no longer active
2026-10-02T16:04:17Z,APP_21637_3022645,21637,3022645,19,1143,201.802,0,0,-1,-1,0,0.999931461,NA,NA,70.000000000,MEASURED_CPU_FAULT,CPU;INTERVAL_FAULTS,NA,NA,NA,NA,NA,NA,NA,NA,NA,NA,NA,NA,NA,NA,NA,NA,NA,NA,NA,NA,NA,NA,NA,TARGET_GONE,identity no longer active
2026-10-02T16:04:17Z,APP_21637_3022645,21637,3022645,19,1144,197.217,0,0,-1,-1,0,0.999931461,NA,NA,70.000000000,MEASURED_CPU_FAULT,CPU;INTERVAL_FAULTS,NA,NA,NA,NA,NA,NA,NA,NA,NA,NA,NA,NA,NA,NA,NA,NA,NA,NA,NA,NA,NA,NA,NA,TARGET_GONE,identity no longer active
2026-10-02T16:04:17Z,APP_21637_3022645,21637,3022645,19,1145,201.499,0,0,-1,-1,0,0.999931461,NA,NA,70.000000000,MEASURED_CPU_FAULT,CPU;INTERVAL_FAULTS,NA,NA,NA,NA,NA,NA,NA,NA,NA,NA,NA,NA,NA,NA,NA,NA,NA,NA,NA,NA,NA,NA,NA,TARGET_GONE,identity no longer active
2026-10-02T16:04:18Z,APP_21637_3022645,21637,3022645,19,1146,197.807,0,0,-1,-1,0,0.999931461,NA,NA,70.000000000,MEASURED_CPU_FAULT,CPU;INTERVAL_FAULTS,NA,NA,NA,NA,NA,NA,NA,NA,NA,NA,NA,NA,NA,NA,NA,NA,NA,NA,NA,NA,NA,NA,NA,TARGET_GONE,identity no longer active
2026-10-02T16:04:18Z,APP_21637_3022645,21637,3022645,19,1147,200.897,0,0,-1,-1,0,0.999931461,NA,NA,70.000000000,MEASURED_CPU_FAULT,CPU;INTERVAL_FAULTS,NA,NA,NA,NA,NA,NA,NA,NA,NA,NA,NA,NA,NA,NA,NA,NA,NA,NA,NA,NA,NA,NA,NA,TARGET_GONE,identity no longer active
2026-10-02T16:04:18Z,APP_21637_3022645,21637,3022645,19,1148,199.555,0,0,-1,-1,0,0.999931461,NA,NA,70.000000000,MEASURED_CPU_FAULT,CPU;INTERVAL_FAULTS,NA,NA,NA,NA,NA,NA,NA,NA,NA,NA,NA,NA,NA,NA,NA,NA,NA,NA,NA,NA,NA,NA,NA,TARGET_GONE,identity no longer active
2026-10-02T16:04:18Z,APP_21637_3022645,21637,3022645,19,1149,191.617,0,0,-1,-1,0,0.999931461,NA,NA,70.000000000,MEASURED_CPU_FAULT,CPU;INTERVAL_FAULTS,NA,NA,NA,NA,NA,NA,NA,NA,NA,NA,NA,NA,NA,NA,NA,NA,NA,NA,NA,NA,NA,NA,NA,TARGET_GONE,identity no longer active
2026-10-02T16:04:18Z,APP_21637_3022645,21637,3022645,19,1150,201.499,0,0,-1,-1,0,0.999931461,NA,NA,70.000000000,MEASURED_CPU_FAULT,CPU;INTERVAL_FAULTS,NA,NA,NA,NA,NA,NA,NA,NA,NA,NA,NA,NA,NA,NA,NA,NA,NA,NA,NA,NA,NA,NA,NA,TARGET_GONE,identity no longer active
2026-10-02T16:04:18Z,APP_21637_3022645,21637,3022645,19,1151,198.393,0,0,-1,-1,0,0.999931461,NA,NA,70.000000000,MEASURED_CPU_FAULT,CPU;INTERVAL_FAULTS,NA,NA,NA,NA,NA,NA,NA,NA,NA,NA,NA,NA,NA,NA,NA,NA,NA,NA,NA,NA,NA,NA,NA,TARGET_GONE,identity no longer active
2026-10-02T16:04:18Z,APP_21637_3022645,21637,3022645,19,1152,201.802,0,0,-1,-1,0,0.999931461,NA,NA,70.000000000,MEASURED_CPU_FAULT,CPU;INTERVAL_FAULTS,NA,NA,NA,NA,NA,NA,NA,NA,NA,NA,NA,NA,NA,NA,NA,NA,NA,NA,NA,NA,NA,NA,NA,TARGET_GONE,identity no longer active
2026-10-02T16:04:18Z,APP_21637_3022645,21637,3022645,19,1153,203.175,0,0,-1,-1,0,0.999931461,NA,NA,70.000000000,MEASURED_CPU_FAULT,CPU;INTERVAL_FAULTS,NA,NA,NA,NA,NA,NA,NA,NA,NA,NA,NA,NA,NA,NA,NA,NA,NA,NA,NA,NA,NA,NA,NA,TARGET_GONE,identity no longer active
2026-10-02T16:04:19Z,APP_21637_3022645,21637,3022645,19,1154,201.802,0,0,-1,-1,0,0.999931461,NA,NA,70.000000000,MEASURED_CPU_FAULT,CPU;INTERVAL_FAULTS,NA,NA,NA,NA,NA,NA,NA,NA,NA,NA,NA,NA,NA,NA,NA,NA,NA,NA,NA,NA,NA,NA,NA,TARGET_GONE,identity no longer active
2026-10-02T16:04:19Z,APP_21637_3022645,21637,3022645,19,1155,197.413,0,0,-1,-1,0,0.999931461,NA,NA,70.000000000,MEASURED_CPU_FAULT,CPU;INTERVAL_FAULTS,NA,NA,NA,NA,NA,NA,NA,NA,NA,NA,NA,NA,NA,NA,NA,NA,NA,NA,NA,NA,NA,NA,NA,TARGET_GONE,identity no longer active
2026-10-02T16:04:19Z,APP_21637_3022645,21637,3022645,19,1156,201.499,0,0,-1,-1,0,0.999931461,NA,NA,70.000000000,MEASURED_CPU_FAULT,CPU;INTERVAL_FAULTS,NA,NA,NA,NA,NA,NA,NA,NA,NA,NA,NA,NA,NA,NA,NA,NA,NA,NA,NA,NA,NA,NA,NA,TARGET_GONE,identity no longer active
2026-10-02T16:04:19Z,APP_21637_3022645,21637,3022645,19,1157,203.262,0,0,-1,-1,0,0.999931461,NA,NA,70.000000000,MEASURED_CPU_FAULT,CPU;INTERVAL_FAULTS,NA,NA,NA,NA,NA,NA,NA,NA,NA,NA,NA,NA,NA,NA,NA,NA,NA,NA,NA,NA,NA,NA,NA,TARGET_GONE,identity no longer active
2026-10-02T16:04:19Z,APP_21637_3022645,21637,3022645,19,1158,201.499,0,0,-1,-1,0,0.999931461,NA,NA,70.000000000,MEASURED_CPU_FAULT,CPU;INTERVAL_FAULTS,NA,NA,NA,NA,NA,NA,NA,NA,NA,NA,NA,NA,NA,NA,NA,NA,NA,NA,NA,NA,NA,NA,NA,TARGET_GONE,identity no longer active
2026-10-02T16:04:19Z,APP_21637_3022645,21637,3022645,19,1159,197.610,0,0,-1,-1,0,0.999931461,NA,NA,70.000000000,MEASURED_CPU_FAULT,CPU;INTERVAL_FAULTS,NA,NA,NA,NA,NA,NA,NA,NA,NA,NA,NA,NA,NA,NA,NA,NA,NA,NA,NA,NA,NA,NA,NA,TARGET_GONE,identity no longer active
2026-10-02T16:04:19Z,APP_21637_3022645,21637,3022645,19,1160,201.499,0,0,-1,-1,0,0.999931461,NA,NA,70.000000000,MEASURED_CPU_FAULT,CPU;INTERVAL_FAULTS,NA,NA,NA,NA,NA,NA,NA,NA,NA,NA,NA,NA,NA,NA,NA,NA,NA,NA,NA,NA,NA,NA,NA,TARGET_GONE,identity no longer active
2026-10-02T16:04:20Z,APP_21637_3022645,21637,3022645,19,1161,197.610,0,0,-1,-1,0,0.999931461,NA,NA,70.000000000,MEASURED_CPU_FAULT,CPU;INTERVAL_FAULTS,NA,NA,NA,NA,NA,NA,NA,NA,NA,NA,NA,NA,NA,NA,NA,NA,NA,NA,NA,NA,NA,NA,NA,TARGET_GONE,identity no longer active
2026-10-02T16:04:20Z,APP_21637_3022645,21637,3022645,19,1162,201.499,0,0,-1,-1,0,0.999931461,NA,NA,70.000000000,MEASURED_CPU_FAULT,CPU;INTERVAL_FAULTS,NA,NA,NA,NA,NA,NA,NA,NA,NA,NA,NA,NA,NA,NA,NA,NA,NA,NA,NA,NA,NA,NA,NA,TARGET_GONE,identity no longer active
2026-10-02T16:04:20Z,APP_21637_3022645,21637,3022645,19,1163,202.973,0,0,-1,-1,0,0.999931461,NA,NA,70.000000000,MEASURED_CPU_FAULT,CPU;INTERVAL_FAULTS,NA,NA,NA,NA,NA,NA,NA,NA,NA,NA,NA,NA,NA,NA,NA,NA,NA,NA,NA,NA,NA,NA,NA,TARGET_GONE,identity no longer active
2026-10-02T16:04:20Z,APP_21637_3022645,21637,3022645,19,1164,191.904,0,0,-1,-1,0,0.999931461,NA,NA,70.000000000,MEASURED_CPU_FAULT,CPU;INTERVAL_FAULTS,NA,NA,NA,NA,NA,NA,NA,NA,NA,NA,NA,NA,NA,NA,NA,NA,NA,NA,NA,NA,NA,NA,NA,TARGET_GONE,identity no longer active
2026-10-02T16:04:20Z,APP_21637_3022645,21637,3022645,19,1165,201.942,0,0,-1,-1,0,0.999931461,NA,NA,70.000000000,MEASURED_CPU_FAULT,CPU;INTERVAL_FAULTS,NA,NA,NA,NA,NA,NA,NA,NA,NA,NA,NA,NA,NA,NA,NA,NA,NA,NA,NA,NA,NA,NA,NA,TARGET_GONE,identity no longer active
2026-10-02T16:04:20Z,APP_21637_3022645,21637,3022645,19,1166,191.617,0,0,-1,-1,0,0.999931461,NA,NA,70.000000000,MEASURED_CPU_FAULT,CPU;INTERVAL_FAULTS,NA,NA,NA,NA,NA,NA,NA,NA,NA,NA,NA,NA,NA,NA,NA,NA,NA,NA,NA,NA,NA,NA,NA,TARGET_GONE,identity no longer active
2026-10-02T16:04:20Z,APP_21637_3022645,21637,3022645,19,1167,201.802,0,0,-1,-1,0,0.999931461,NA,NA,70.000000000,MEASURED_CPU_FAULT,CPU;INTERVAL_FAULTS,NA,NA,NA,NA,NA,NA,NA,NA,NA,NA,NA,NA,NA,NA,NA,NA,NA,NA,NA,NA,NA,NA,NA,TARGET_GONE,identity no longer active
2026-10-02T16:04:20Z,APP_21637_3022645,21637,3022645,19,1168,198.331,0,0,-1,-1,0,0.999931461,NA,NA,70.000000000,MEASURED_CPU_FAULT,CPU;INTERVAL_FAULTS,NA,NA,NA,NA,NA,NA,NA,NA,NA,NA,NA,NA,NA,NA,NA,NA,NA,NA,NA,NA,NA,NA,NA,TARGET_GONE,identity no longer active
2026-10-02T16:04:20Z,APP_21637_3022645,21637,3022645,19,1169,201.499,0,0,-1,-1,0,0.999931461,NA,NA,70.000000000,MEASURED_CPU_FAULT,CPU;INTERVAL_FAULTS,NA,NA,NA,NA,NA,NA,NA,NA,NA,NA,NA,NA,NA,NA,NA,NA,NA,NA,NA,NA,NA,NA,NA,TARGET_GONE,identity no longer active
2026-10-02T16:04:21Z,APP_21637_3022645,21637,3022645,19,1170,197.413,0,0,-1,-1,0,0.999931461,NA,NA,70.000000000,MEASURED_CPU_FAULT,CPU;INTERVAL_FAULTS,NA,NA,NA,NA,NA,NA,NA,NA,NA,NA,NA,NA,NA,NA,NA,NA,NA,NA,NA,NA,NA,NA,NA,TARGET_GONE,identity no longer active
2026-10-02T16:04:21Z,APP_21637_3022645,21637,3022645,19,1171,201.499,0,0,-1,-1,0,0.999931461,NA,NA,70.000000000,MEASURED_CPU_FAULT,CPU;INTERVAL_FAULTS,NA,NA,NA,NA,NA,NA,NA,NA,NA,NA,NA,NA,NA,NA,NA,NA,NA,NA,NA,NA,NA,NA,NA,TARGET_GONE,identity no longer active
2026-10-02T16:04:21Z,APP_21637_3022645,21637,3022645,19,1172,203.579,0,0,-1,-1,0,0.999931461,NA,NA,70.000000000,MEASURED_CPU_FAULT,CPU;INTERVAL_FAULTS,NA,NA,NA,NA,NA,NA,NA,NA,NA,NA,NA,NA,NA,NA,NA,NA,NA,NA,NA,NA,NA,NA,NA,TARGET_GONE,identity no longer active
2026-10-02T16:04:21Z,APP_21637_3022645,21637,3022645,19,1173,201.499,0,0,-1,-1,0,0.999931461,NA,NA,70.000000000,MEASURED_CPU_FAULT,CPU;INTERVAL_FAULTS,NA,NA,NA,NA,NA,NA,NA,NA,NA,NA,NA,NA,NA,NA,NA,NA,NA,NA,NA,NA,NA,NA,NA,TARGET_GONE,identity no longer active
2026-10-02T16:04:21Z,APP_21637_3022645,21637,3022645,19,1174,199.555,0,0,-1,-1,0,0.999931461,NA,NA,70.000000000,MEASURED_CPU_FAULT,CPU;INTERVAL_FAULTS,NA,NA,NA,NA,NA,NA,NA,NA,NA,NA,NA,NA,NA,NA,NA,NA,NA,NA,NA,NA,NA,NA,NA,TARGET_GONE,identity no longer active
2026-10-02T16:04:21Z,APP_21637_3022645,21637,3022645,19,1175,192.192,0,0,-1,-1,0,0.999931461,NA,NA,70.000000000,MEASURED_CPU_FAULT,CPU;INTERVAL_FAULTS,NA,NA,NA,NA,NA,NA,NA,NA,NA,NA,NA,NA,NA,NA,NA,NA,NA,NA,NA,NA,NA,NA,NA,TARGET_GONE,identity no longer active
2026-10-02T16:04:21Z,APP_21637_3022645,21637,3022645,19,1176,200.897,0,0,-1,-1,0,0.999931461,NA,NA,70.000000000,MEASURED_CPU_FAULT,CPU;INTERVAL_FAULTS,NA,NA,NA,NA,NA,NA,NA,NA,NA,NA,NA,NA,NA,NA,NA,NA,NA,NA,NA,NA,NA,NA,NA,TARGET_GONE,identity no longer active
2026-10-02T16:04:22Z,APP_21637_3022645,21637,3022645,19,1177,198.568,0,0,-1,-1,0,0.999931461,NA,NA,70.000000000,MEASURED_CPU_FAULT,CPU;INTERVAL_FAULTS,NA,NA,NA,NA,NA,NA,NA,NA,NA,NA,NA,NA,NA,NA,NA,NA,NA,NA,NA,NA,NA,NA,NA,TARGET_GONE,identity no longer active
2026-10-02T16:04:22Z,APP_21637_3022645,21637,3022645,19,1178,201.198,0,0,-1,-1,0,0.999931461,NA,NA,70.000000000,MEASURED_CPU_FAULT,CPU;INTERVAL_FAULTS,NA,NA,NA,NA,NA,NA,NA,NA,NA,NA,NA,NA,NA,NA,NA,NA,NA,NA,NA,NA,NA,NA,NA,TARGET_GONE,identity no longer active
2026-10-02T16:04:22Z,APP_21637_3022645,21637,3022645,19,1179,203.376,0,0,-1,-1,0,0.999931461,NA,NA,70.000000000,MEASURED_CPU_FAULT,CPU;INTERVAL_FAULTS,NA,NA,NA,NA,NA,NA,NA,NA,NA,NA,NA,NA,NA,NA,NA,NA,NA,NA,NA,NA,NA,NA,NA,TARGET_GONE,identity no longer active
2026-10-02T16:04:22Z,APP_21637_3022645,21637,3022645,19,1180,201.198,0,0,-1,-1,0,0.999931461,NA,NA,70.000000000,MEASURED_CPU_FAULT,CPU;INTERVAL_FAULTS,NA,NA,NA,NA,NA,NA,NA,NA,NA,NA,NA,NA,NA,NA,NA,NA,NA,NA,NA,NA,NA,NA,NA,TARGET_GONE,identity no longer active
2026-10-02T16:04:22Z,APP_21637_3022645,21637,3022645,19,1181,197.413,0,0,-1,-1,0,0.999931461,NA,NA,70.000000000,MEASURED_CPU_FAULT,CPU;INTERVAL_FAULTS,NA,NA,NA,NA,NA,NA,NA,NA,NA,NA,NA,NA,NA,NA,NA,NA,NA,NA,NA,NA,NA,NA,NA,TARGET_GONE,identity no longer active
2026-10-02T16:04:22Z,APP_21637_3022645,21637,3022645,19,1182,201.499,0,0,-1,-1,0,0.999931461,NA,NA,70.000000000,MEASURED_CPU_FAULT,CPU;INTERVAL_FAULTS,NA,NA,NA,NA,NA,NA,NA,NA,NA,NA,NA,NA,NA,NA,NA,NA,NA,NA,NA,NA,NA,NA,NA,TARGET_GONE,identity no longer active
2026-10-02T16:04:22Z,APP_21637_3022645,21637,3022645,19,1183,200.805,0,0,-1,-1,0,0.999931461,NA,NA,70.000000000,MEASURED_CPU_FAULT,CPU;INTERVAL_FAULTS,NA,NA,NA,NA,NA,NA,NA,NA,NA,NA,NA,NA,NA,NA,NA,NA,NA,NA,NA,NA,NA,NA,NA,TARGET_GONE,identity no longer active
2026-10-02T16:04:22Z,APP_21637_3022645,21637,3022645,19,1184,192.192,0,0,-1,-1,0,0.999931461,NA,NA,70.000000000,MEASURED_CPU_FAULT,CPU;INTERVAL_FAULTS,NA,NA,NA,NA,NA,NA,NA,NA,NA,NA,NA,NA,NA,NA,NA,NA,NA,NA,NA,NA,NA,NA,NA,TARGET_GONE,identity no longer active
2026-10-02T16:04:22Z,APP_21637_3022645,21637,3022645,19,1185,201.499,0,0,-1,-1,0,0.999931461,NA,NA,70.000000000,MEASURED_CPU_FAULT,CPU;INTERVAL_FAULTS,NA,NA,NA,NA,NA,NA,NA,NA,NA,NA,NA,NA,NA,NA,NA,NA,NA,NA,NA,NA,NA,NA,NA,TARGET_GONE,identity no longer active
2026-10-02T16:04:23Z,APP_21637_3022645,21637,3022645,19,1186,206.205,0,0,-1,-1,0,0.999931461,NA,NA,70.000000000,MEASURED_CPU_FAULT,CPU;INTERVAL_FAULTS,NA,NA,NA,NA,NA,NA,NA,NA,NA,NA,NA,NA,NA,NA,NA,NA,NA,NA,NA,NA,NA,NA,NA,TARGET_GONE,identity no longer active
2026-10-02T16:04:23Z,APP_21637_3022645,21637,3022645,19,1187,192.192,0,0,-1,-1,0,0.999931461,NA,NA,70.000000000,MEASURED_CPU_FAULT,CPU;INTERVAL_FAULTS,NA,NA,NA,NA,NA,NA,NA,NA,NA,NA,NA,NA,NA,NA,NA,NA,NA,NA,NA,NA,NA,NA,NA,TARGET_GONE,identity no longer active
2026-10-02T16:04:23Z,APP_21637_3022645,21637,3022645,19,1188,203.175,0,0,-1,-1,0,0.999931461,NA,NA,70.000000000,MEASURED_CPU_FAULT,CPU;INTERVAL_FAULTS,NA,NA,NA,NA,NA,NA,NA,NA,NA,NA,NA,NA,NA,NA,NA,NA,NA,NA,NA,NA,NA,NA,NA,TARGET_GONE,identity no longer active
2026-10-02T16:04:23Z,APP_21637_3022645,21637,3022645,19,1189,192.481,0,0,-1,-1,0,0.999931461,NA,NA,70.000000000,MEASURED_CPU_FAULT,CPU;INTERVAL_FAULTS,NA,NA,NA,NA,NA,NA,NA,NA,NA,NA,NA,NA,NA,NA,NA,NA,NA,NA,NA,NA,NA,NA,NA,TARGET_GONE,identity no longer active
2026-10-02T16:04:23Z,APP_21637_3022645,21637,3022645,19,1190,203.781,0,0,-1,-1,0,0.999931461,NA,NA,70.000000000,MEASURED_CPU_FAULT,CPU;INTERVAL_FAULTS,NA,NA,NA,NA,NA,NA,NA,NA,NA,NA,NA,NA,NA,NA,NA,NA,NA,NA,NA,NA,NA,NA,NA,TARGET_GONE,identity no longer active
2026-10-02T16:04:23Z,APP_21637_3022645,21637,3022645,19,1191,191.904,0,0,-1,-1,0,0.999931461,NA,NA,70.000000000,MEASURED_CPU_FAULT,CPU;INTERVAL_FAULTS,NA,NA,NA,NA,NA,NA,NA,NA,NA,NA,NA,NA,NA,NA,NA,NA,NA,NA,NA,NA,NA,NA,NA,TARGET_GONE,identity no longer active
2026-10-02T16:04:23Z,APP_21637_3022645,21637,3022645,19,1192,202.157,0,0,-1,-1,0,0.999931461,NA,NA,70.000000000,MEASURED_CPU_FAULT,CPU;INTERVAL_FAULTS,NA,NA,NA,NA,NA,NA,NA,NA,NA,NA,NA,NA,NA,NA,NA,NA,NA,NA,NA,NA,NA,NA,NA,TARGET_GONE,identity no longer active
2026-10-02T16:04:23Z,APP_21637_3022645,21637,3022645,19,1193,211.411,0,0,-1,-1,0,0.999931461,NA,NA,70.000000000,MEASURED_CPU_FAULT,CPU;INTERVAL_FAULTS,NA,NA,NA,NA,NA,NA,NA,NA,NA,NA,NA,NA,NA,NA,NA,NA,NA,NA,NA,NA,NA,NA,NA,TARGET_GONE,identity no longer active
2026-10-02T16:04:24Z,APP_21637_3022645,21637,3022645,19,1194,191.904,0,0,-1,-1,0,0.999931461,NA,NA,70.000000000,MEASURED_CPU_FAULT,CPU;INTERVAL_FAULTS,NA,NA,NA,NA,NA,NA,NA,NA,NA,NA,NA,NA,NA,NA,NA,NA,NA,NA,NA,NA,NA,NA,NA,TARGET_GONE,identity no longer active
2026-10-02T16:04:24Z,APP_21637_3022645,21637,3022645,19,1195,205.470,0,0,-1,-1,0,0.999931461,NA,NA,70.000000000,MEASURED_CPU_FAULT,CPU;INTERVAL_FAULTS,NA,NA,NA,NA,NA,NA,NA,NA,NA,NA,NA,NA,NA,NA,NA,NA,NA,NA,NA,NA,NA,NA,NA,TARGET_GONE,identity no longer active
2026-10-02T16:04:24Z,APP_21637_3022645,21637,3022645,19,1196,201.802,0,0,-1,-1,0,0.999931461,NA,NA,70.000000000,MEASURED_CPU_FAULT,CPU;INTERVAL_FAULTS,NA,NA,NA,NA,NA,NA,NA,NA,NA,NA,NA,NA,NA,NA,NA,NA,NA,NA,NA,NA,NA,NA,NA,TARGET_GONE,identity no longer active
2026-10-02T16:04:24Z,APP_21637_3022645,21637,3022645,19,1197,197.217,0,0,-1,-1,0,0.999931461,NA,NA,70.000000000,MEASURED_CPU_FAULT,CPU;INTERVAL_FAULTS,NA,NA,NA,NA,NA,NA,NA,NA,NA,NA,NA,NA,NA,NA,NA,NA,NA,NA,NA,NA,NA,NA,NA,TARGET_GONE,identity no longer active
2026-10-02T16:04:24Z,APP_21637_3022645,21637,3022645,19,1198,201.499,0,0,-1,-1,0,0.999931461,NA,NA,70.000000000,MEASURED_CPU_FAULT,CPU;INTERVAL_FAULTS,NA,NA,NA,NA,NA,NA,NA,NA,NA,NA,NA,NA,NA,NA,NA,NA,NA,NA,NA,NA,NA,NA,NA,TARGET_GONE,identity no longer active
2026-10-02T16:04:24Z,APP_21637_3022645,21637,3022645,19,1199,203.376,0,0,-1,-1,0,0.999931461,NA,NA,70.000000000,MEASURED_CPU_FAULT,CPU;INTERVAL_FAULTS,NA,NA,NA,NA,NA,NA,NA,NA,NA,NA,NA,NA,NA,NA,NA,NA,NA,NA,NA,NA,NA,NA,NA,TARGET_GONE,identity no longer active
2026-10-02T16:04:24Z,APP_21637_3022645,21637,3022645,19,1200,191.904,0,0,-1,-1,0,0.999931461,NA,NA,70.000000000,MEASURED_CPU_FAULT,CPU;INTERVAL_FAULTS,NA,NA,NA,NA,NA,NA,NA,NA,NA,NA,NA,NA,NA,NA,NA,NA,NA,NA,NA,NA,NA,NA,NA,TARGET_GONE,identity no longer active
2026-10-02T16:04:25Z,APP_21637_3022645,21637,3022645,19,1201,200.149,0,0,-1,-1,0,0.999931461,NA,NA,70.000000000,MEASURED_CPU_FAULT,CPU;INTERVAL_FAULTS,NA,NA,NA,NA,NA,NA,NA,NA,NA,NA,NA,NA,NA,NA,NA,NA,NA,NA,NA,NA,NA,NA,NA,TARGET_GONE,identity no longer active
2026-10-02T16:04:25Z,APP_21637_3022645,21637,3022645,19,1202,191.617,0,0,-1,-1,0,0.999931461,NA,NA,70.000000000,MEASURED_CPU_FAULT,CPU;INTERVAL_FAULTS,NA,NA,NA,NA,NA,NA,NA,NA,NA,NA,NA,NA,NA,NA,NA,NA,NA,NA,NA,NA,NA,NA,NA,TARGET_GONE,identity no longer active
2026-10-02T16:04:25Z,APP_21637_3022645,21637,3022645,19,1203,201.499,0,0,-1,-1,0,0.999931461,NA,NA,70.000000000,MEASURED_CPU_FAULT,CPU;INTERVAL_FAULTS,NA,NA,NA,NA,NA,NA,NA,NA,NA,NA,NA,NA,NA,NA,NA,NA,NA,NA,NA,NA,NA,NA,NA,TARGET_GONE,identity no longer active
2026-10-02T16:04:25Z,APP_21637_3022645,21637,3022645,19,1204,206.205,0,0,-1,-1,0,0.999931461,NA,NA,70.000000000,MEASURED_CPU_FAULT,CPU;INTERVAL_FAULTS,NA,NA,NA,NA,NA,NA,NA,NA,NA,NA,NA,NA,NA,NA,NA,NA,NA,NA,NA,NA,NA,NA,NA,TARGET_GONE,identity no longer active
2026-10-02T16:04:25Z,APP_21637_3022645,21637,3022645,19,1205,191.904,0,0,-1,-1,0,0.999931461,NA,NA,70.000000000,MEASURED_CPU_FAULT,CPU;INTERVAL_FAULTS,NA,NA,NA,NA,NA,NA,NA,NA,NA,NA,NA,NA,NA,NA,NA,NA,NA,NA,NA,NA,NA,NA,NA,TARGET_GONE,identity no longer active
2026-10-02T16:04:25Z,APP_21637_3022645,21637,3022645,19,1206,203.984,0,0,-1,-1,0,0.999931461,NA,NA,70.000000000,MEASURED_CPU_FAULT,CPU;INTERVAL_FAULTS,NA,NA,NA,NA,NA,NA,NA,NA,NA,NA,NA,NA,NA,NA,NA,NA,NA,NA,NA,NA,NA,NA,NA,TARGET_GONE,identity no longer active
2026-10-02T16:04:25Z,APP_21637_3022645,21637,3022645,19,1207,191.904,0,0,-1,-1,0,0.999931461,NA,NA,70.000000000,MEASURED_CPU_FAULT,CPU;INTERVAL_FAULTS,NA,NA,NA,NA,NA,NA,NA,NA,NA,NA,NA,NA,NA,NA,NA,NA,NA,NA,NA,NA,NA,NA,NA,TARGET_GONE,identity no longer active
2026-10-02T16:04:25Z,APP_21637_3022645,21637,3022645,19,1208,203.376,0,0,-1,-1,0,0.999931461,NA,NA,70.000000000,MEASURED_CPU_FAULT,CPU;INTERVAL_FAULTS,NA,NA,NA,NA,NA,NA,NA,NA,NA,NA,NA,NA,NA,NA,NA,NA,NA,NA,NA,NA,NA,NA,NA,TARGET_GONE,identity no longer active
2026-10-02T16:04:25Z,APP_21637_3022645,21637,3022645,19,1209,201.802,0,0,-1,-1,0,0.999931461,NA,NA,70.000000000,MEASURED_CPU_FAULT,CPU;INTERVAL_FAULTS,NA,NA,NA,NA,NA,NA,NA,NA,NA,NA,NA,NA,NA,NA,NA,NA,NA,NA,NA,NA,NA,NA,NA,TARGET_GONE,identity no longer active
2026-10-02T16:04:26Z,APP_21637_3022645,21637,3022645,19,1210,197.531,0,0,-1,-1,0,0.999931461,NA,NA,70.000000000,MEASURED_CPU_FAULT,CPU;INTERVAL_FAULTS,NA,NA,NA,NA,NA,NA,NA,NA,NA,NA,NA,NA,NA,NA,NA,NA,NA,NA,NA,NA,NA,NA,NA,TARGET_GONE,identity no longer active
2026-10-02T16:04:26Z,APP_21637_3022645,21637,3022645,19,1211,210.778,0,0,-1,-1,0,0.999931461,NA,NA,70.000000000,MEASURED_CPU_FAULT,CPU;INTERVAL_FAULTS,NA,NA,NA,NA,NA,NA,NA,NA,NA,NA,NA,NA,NA,NA,NA,NA,NA,NA,NA,NA,NA,NA,NA,TARGET_GONE,identity no longer active
2026-10-02T16:04:26Z,APP_21637_3022645,21637,3022645,19,1212,201.499,0,0,-1,-1,0,0.999931461,NA,NA,70.000000000,MEASURED_CPU_FAULT,CPU;INTERVAL_FAULTS,NA,NA,NA,NA,NA,NA,NA,NA,NA,NA,NA,NA,NA,NA,NA,NA,NA,NA,NA,NA,NA,NA,NA,TARGET_GONE,identity no longer active
2026-10-02T16:04:26Z,APP_21637_3022645,21637,3022645,19,1213,198.568,0,0,-1,-1,0,0.999931461,NA,NA,70.000000000,MEASURED_CPU_FAULT,CPU;INTERVAL_FAULTS,NA,NA,NA,NA,NA,NA,NA,NA,NA,NA,NA,NA,NA,NA,NA,NA,NA,NA,NA,NA,NA,NA,NA,TARGET_GONE,identity no longer active
2026-10-02T16:04:26Z,APP_21637_3022645,21637,3022645,19,1214,201.198,0,0,-1,-1,0,0.999931461,NA,NA,70.000000000,MEASURED_CPU_FAULT,CPU;INTERVAL_FAULTS,NA,NA,NA,NA,NA,NA,NA,NA,NA,NA,NA,NA,NA,NA,NA,NA,NA,NA,NA,NA,NA,NA,NA,TARGET_GONE,identity no longer active
2026-10-02T16:04:26Z,APP_21637_3022645,21637,3022645,19,1215,203.376,0,0,-1,-1,0,0.999931461,NA,NA,70.000000000,MEASURED_CPU_FAULT,CPU;INTERVAL_FAULTS,NA,NA,NA,NA,NA,NA,NA,NA,NA,NA,NA,NA,NA,NA,NA,NA,NA,NA,NA,NA,NA,NA,NA,TARGET_GONE,identity no longer active
2026-10-02T16:04:26Z,APP_21637_3022645,21637,3022645,19,1216,191.904,0,0,-1,-1,0,0.999931461,NA,NA,70.000000000,MEASURED_CPU_FAULT,CPU;INTERVAL_FAULTS,NA,NA,NA,NA,NA,NA,NA,NA,NA,NA,NA,NA,NA,NA,NA,NA,NA,NA,NA,NA,NA,NA,NA,TARGET_GONE,identity no longer active
2026-10-02T16:04:26Z,APP_21637_3022645,21637,3022645,19,1217,203.781,0,0,-1,-1,0,0.999931461,NA,NA,70.000000000,MEASURED_CPU_FAULT,CPU;INTERVAL_FAULTS,NA,NA,NA,NA,NA,NA,NA,NA,NA,NA,NA,NA,NA,NA,NA,NA,NA,NA,NA,NA,NA,NA,NA,TARGET_GONE,identity no longer active
2026-10-02T16:04:27Z,APP_21637_3022645,21637,3022645,19,1218,191.617,0,0,-1,-1,0,0.999931461,NA,NA,70.000000000,MEASURED_CPU_FAULT,CPU;INTERVAL_FAULTS,NA,NA,NA,NA,NA,NA,NA,NA,NA,NA,NA,NA,NA,NA,NA,NA,NA,NA,NA,NA,NA,NA,NA,TARGET_GONE,identity no longer active
2026-10-02T16:04:27Z,APP_21637_3022645,21637,3022645,19,1219,201.575,0,0,-1,-1,0,0.999931461,NA,NA,70.000000000,MEASURED_CPU_FAULT,CPU;INTERVAL_FAULTS,NA,NA,NA,NA,NA,NA,NA,NA,NA,NA,NA,NA,NA,NA,NA,NA,NA,NA,NA,NA,NA,NA,NA,TARGET_GONE,identity no longer active
2026-10-02T16:04:27Z,APP_21637_3022645,21637,3022645,19,1220,211.411,0,0,-1,-1,0,0.999931461,NA,NA,70.000000000,MEASURED_CPU_FAULT,CPU;INTERVAL_FAULTS,NA,NA,NA,NA,NA,NA,NA,NA,NA,NA,NA,NA,NA,NA,NA,NA,NA,NA,NA,NA,NA,NA,NA,TARGET_GONE,identity no longer active
2026-10-02T16:04:27Z,APP_21637_3022645,21637,3022645,19,1221,201.802,0,0,-1,-1,0,0.999931461,NA,NA,70.000000000,MEASURED_CPU_FAULT,CPU;INTERVAL_FAULTS,NA,NA,NA,NA,NA,NA,NA,NA,NA,NA,NA,NA,NA,NA,NA,NA,NA,NA,NA,NA,NA,NA,NA,TARGET_GONE,identity no longer active
2026-10-02T16:04:27Z,APP_21637_3022645,21637,3022645,19,1222,198.095,0,0,-1,-1,0,0.999931461,NA,NA,70.000000000,MEASURED_CPU_FAULT,CPU;INTERVAL_FAULTS,NA,NA,NA,NA,NA,NA,NA,NA,NA,NA,NA,NA,NA,NA,NA,NA,NA,NA,NA,NA,NA,NA,NA,TARGET_GONE,identity no longer active
2026-10-02T16:04:27Z,APP_21637_3022645,21637,3022645,19,1223,201.802,0,0,-1,-1,0,0.999931461,NA,NA,70.000000000,MEASURED_CPU_FAULT,CPU;INTERVAL_FAULTS,NA,NA,NA,NA,NA,NA,NA,NA,NA,NA,NA,NA,NA,NA,NA,NA,NA,NA,NA,NA,NA,NA,NA,TARGET_GONE,identity no longer active
2026-10-02T16:04:27Z,APP_21637_3022645,21637,3022645,19,1224,197.413,0,0,-1,-1,0,0.999931461,NA,NA,70.000000000,MEASURED_CPU_FAULT,CPU;INTERVAL_FAULTS,NA,NA,NA,NA,NA,NA,NA,NA,NA,NA,NA,NA,NA,NA,NA,NA,NA,NA,NA,NA,NA,NA,NA,TARGET_GONE,identity no longer active
2026-10-02T16:04:27Z,APP_21637_3022645,21637,3022645,19,1225,201.499,0,0,-1,-1,0,0.999931461,NA,NA,70.000000000,MEASURED_CPU_FAULT,CPU;INTERVAL_FAULTS,NA,NA,NA,NA,NA,NA,NA,NA,NA,NA,NA,NA,NA,NA,NA,NA,NA,NA,NA,NA,NA,NA,NA,TARGET_GONE,identity no longer active
2026-10-02T16:04:28Z,APP_21637_3022645,21637,3022645,19,1226,198.066,0,0,-1,-1,0,0.999931461,NA,NA,70.000000000,MEASURED_CPU_FAULT,CPU;INTERVAL_FAULTS,NA,NA,NA,NA,NA,NA,NA,NA,NA,NA,NA,NA,NA,NA,NA,NA,NA,NA,NA,NA,NA,NA,NA,TARGET_GONE,identity no longer active
2026-10-02T16:04:28Z,APP_21637_3022645,21637,3022645,19,1227,201.198,0,0,-1,-1,0,0.999931461,NA,NA,70.000000000,MEASURED_CPU_FAULT,CPU;INTERVAL_FAULTS,NA,NA,NA,NA,NA,NA,NA,NA,NA,NA,NA,NA,NA,NA,NA,NA,NA,NA,NA,NA,NA,NA,NA,TARGET_GONE,identity no longer active
2026-10-02T16:04:28Z,APP_21637_3022645,21637,3022645,19,1228,198.621,0,0,-1,-1,0,0.999931461,NA,NA,70.000000000,MEASURED_CPU_FAULT,CPU;INTERVAL_FAULTS,NA,NA,NA,NA,NA,NA,NA,NA,NA,NA,NA,NA,NA,NA,NA,NA,NA,NA,NA,NA,NA,NA,NA,TARGET_GONE,identity no longer active
2026-10-02T16:04:28Z,APP_21637_3022645,21637,3022645,19,1229,211.411,0,0,-1,-1,0,0.999931461,NA,NA,70.000000000,MEASURED_CPU_FAULT,CPU;INTERVAL_FAULTS,NA,NA,NA,NA,NA,NA,NA,NA,NA,NA,NA,NA,NA,NA,NA,NA,NA,NA,NA,NA,NA,NA,NA,TARGET_GONE,identity no longer active
2026-10-02T16:04:28Z,APP_21637_3022645,21637,3022645,19,1230,201.499,0,0,-1,-1,0,0.999931461,NA,NA,70.000000000,MEASURED_CPU_FAULT,CPU;INTERVAL_FAULTS,NA,NA,NA,NA,NA,NA,NA,NA,NA,NA,NA,NA,NA,NA,NA,NA,NA,NA,NA,NA,NA,NA,NA,TARGET_GONE,identity no longer active
2026-10-02T16:04:28Z,APP_21637_3022645,21637,3022645,19,1231,198.331,0,0,-1,-1,0,0.999931461,NA,NA,70.000000000,MEASURED_CPU_FAULT,CPU;INTERVAL_FAULTS,NA,NA,NA,NA,NA,NA,NA,NA,NA,NA,NA,NA,NA,NA,NA,NA,NA,NA,NA,NA,NA,NA,NA,TARGET_GONE,identity no longer active
2026-10-02T16:04:28Z,APP_21637_3022645,21637,3022645,19,1232,201.198,0,0,-1,-1,0,0.999931461,NA,NA,70.000000000,MEASURED_CPU_FAULT,CPU;INTERVAL_FAULTS,NA,NA,NA,NA,NA,NA,NA,NA,NA,NA,NA,NA,NA,NA,NA,NA,NA,NA,NA,NA,NA,NA,NA,TARGET_GONE,identity no longer active
2026-10-02T16:04:28Z,APP_21637_3022645,21637,3022645,19,1233,197.610,0,0,-1,-1,0,0.999931461,NA,NA,70.000000000,MEASURED_CPU_FAULT,CPU;INTERVAL_FAULTS,NA,NA,NA,NA,NA,NA,NA,NA,NA,NA,NA,NA,NA,NA,NA,NA,NA,NA,NA,NA,NA,NA,NA,TARGET_GONE,identity no longer active
2026-10-02T16:04:29Z,APP_21637_3022645,21637,3022645,19,1234,201.499,0,0,-1,-1,0,0.999931461,NA,NA,70.000000000,MEASURED_CPU_FAULT,CPU;INTERVAL_FAULTS,NA,NA,NA,NA,NA,NA,NA,NA,NA,NA,NA,NA,NA,NA,NA,NA,NA,NA,NA,NA,NA,NA,NA,TARGET_GONE,identity no longer active
2026-10-02T16:04:29Z,APP_21637_3022645,21637,3022645,19,1235,197.413,0,0,-1,-1,0,0.999931461,NA,NA,70.000000000,MEASURED_CPU_FAULT,CPU;INTERVAL_FAULTS,NA,NA,NA,NA,NA,NA,NA,NA,NA,NA,NA,NA,NA,NA,NA,NA,NA,NA,NA,NA,NA,NA,NA,TARGET_GONE,identity no longer active
2026-10-02T16:04:29Z,APP_21637_3022645,21637,3022645,19,1236,211.094,0,0,-1,-1,0,0.999931461,NA,NA,70.000000000,MEASURED_CPU_FAULT,CPU;INTERVAL_FAULTS,NA,NA,NA,NA,NA,NA,NA,NA,NA,NA,NA,NA,NA,NA,NA,NA,NA,NA,NA,NA,NA,NA,NA,TARGET_GONE,identity no longer active
2026-10-02T16:04:29Z,APP_21637_3022645,21637,3022645,19,1237,196.587,0,0,-1,-1,0,0.999931461,NA,NA,70.000000000,MEASURED_CPU_FAULT,CPU;INTERVAL_FAULTS,NA,NA,NA,NA,NA,NA,NA,NA,NA,NA,NA,NA,NA,NA,NA,NA,NA,NA,NA,NA,NA,NA,NA,TARGET_GONE,identity no longer active
2026-10-02T16:04:29Z,APP_21637_3022645,21637,3022645,19,1238,210.778,0,0,-1,-1,0,0.999931461,NA,NA,70.000000000,MEASURED_CPU_FAULT,CPU;INTERVAL_FAULTS,NA,NA,NA,NA,NA,NA,NA,NA,NA,NA,NA,NA,NA,NA,NA,NA,NA,NA,NA,NA,NA,NA,NA,TARGET_GONE,identity no longer active
2026-10-02T16:04:29Z,APP_21637_3022645,21637,3022645,19,1239,192.192,0,0,-1,-1,0,0.999931461,NA,NA,70.000000000,MEASURED_CPU_FAULT,CPU;INTERVAL_FAULTS,NA,NA,NA,NA,NA,NA,NA,NA,NA,NA,NA,NA,NA,NA,NA,NA,NA,NA,NA,NA,NA,NA,NA,TARGET_GONE,identity no longer active
2026-10-02T16:04:29Z,APP_21637_3022645,21637,3022645,19,1240,205.959,0,0,-1,-1,0,0.999931461,NA,NA,70.000000000,MEASURED_CPU_FAULT,CPU;INTERVAL_FAULTS,NA,NA,NA,NA,NA,NA,NA,NA,NA,NA,NA,NA,NA,NA,NA,NA,NA,NA,NA,NA,NA,NA,NA,TARGET_GONE,identity no longer active
2026-10-02T16:04:29Z,APP_21637_3022645,21637,3022645,19,1241,201.198,0,0,-1,-1,0,0.999931461,NA,NA,70.000000000,MEASURED_CPU_FAULT,CPU;INTERVAL_FAULTS,NA,NA,NA,NA,NA,NA,NA,NA,NA,NA,NA,NA,NA,NA,NA,NA,NA,NA,NA,NA,NA,NA,NA,TARGET_GONE,identity no longer active
2026-10-02T16:04:30Z,APP_21637_3022645,21637,3022645,19,1242,197.610,0,0,-1,-1,0,0.999931461,NA,NA,70.000000000,MEASURED_CPU_FAULT,CPU;INTERVAL_FAULTS,NA,NA,NA,NA,NA,NA,NA,NA,NA,NA,NA,NA,NA,NA,NA,NA,NA,NA,NA,NA,NA,NA,NA,TARGET_GONE,identity no longer active
2026-10-02T16:04:30Z,APP_21637_3022645,21637,3022645,19,1243,201.802,0,0,-1,-1,0,0.999931461,NA,NA,70.000000000,MEASURED_CPU_FAULT,CPU;INTERVAL_FAULTS,NA,NA,NA,NA,NA,NA,NA,NA,NA,NA,NA,NA,NA,NA,NA,NA,NA,NA,NA,NA,NA,NA,NA,TARGET_GONE,identity no longer active
2026-10-02T16:04:30Z,APP_21637_3022645,21637,3022645,19,1244,197.217,0,0,-1,-1,0,0.999931461,NA,NA,70.000000000,MEASURED_CPU_FAULT,CPU;INTERVAL_FAULTS,NA,NA,NA,NA,NA,NA,NA,NA,NA,NA,NA,NA,NA,NA,NA,NA,NA,NA,NA,NA,NA,NA,NA,TARGET_GONE,identity no longer active
2026-10-02T16:04:30Z,APP_21637_3022645,21637,3022645,19,1245,201.802,0,0,-1,-1,0,0.999931461,NA,NA,70.000000000,MEASURED_CPU_FAULT,CPU;INTERVAL_FAULTS,NA,NA,NA,NA,NA,NA,NA,NA,NA,NA,NA,NA,NA,NA,NA,NA,NA,NA,NA,NA,NA,NA,NA,TARGET_GONE,identity no longer active
2026-10-02T16:04:30Z,APP_21637_3022645,21637,3022645,19,1246,200.801,0,0,-1,-1,0,0.999931461,NA,NA,70.000000000,MEASURED_CPU_FAULT,CPU;INTERVAL_FAULTS,NA,NA,NA,NA,NA,NA,NA,NA,NA,NA,NA,NA,NA,NA,NA,NA,NA,NA,NA,NA,NA,NA,NA,TARGET_GONE,identity no longer active
2026-10-02T16:04:30Z,APP_21637_3022645,21637,3022645,19,1247,191.045,0,0,-1,-1,0,0.999931461,NA,NA,70.000000000,MEASURED_CPU_FAULT,CPU;INTERVAL_FAULTS,NA,NA,NA,NA,NA,NA,NA,NA,NA,NA,NA,NA,NA,NA,NA,NA,NA,NA,NA,NA,NA,NA,NA,TARGET_GONE,identity no longer active
2026-10-02T16:04:30Z,APP_21637_3022645,21637,3022645,19,1248,201.499,0,0,-1,-1,0,0.999931461,NA,NA,70.000000000,MEASURED_CPU_FAULT,CPU;INTERVAL_FAULTS,NA,NA,NA,NA,NA,NA,NA,NA,NA,NA,NA,NA,NA,NA,NA,NA,NA,NA,NA,NA,NA,NA,NA,TARGET_GONE,identity no longer active
2026-10-02T16:04:30Z,APP_21637_3022645,21637,3022645,19,1249,198.331,0,0,-1,-1,0,0.999931461,NA,NA,70.000000000,MEASURED_CPU_FAULT,CPU;INTERVAL_FAULTS,NA,NA,NA,NA,NA,NA,NA,NA,NA,NA,NA,NA,NA,NA,NA,NA,NA,NA,NA,NA,NA,NA,NA,TARGET_GONE,identity no longer active
2026-10-02T16:04:31Z,APP_21637_3022645,21637,3022645,19,1250,201.198,0,0,-1,-1,0,0.999931461,NA,NA,70.000000000,MEASURED_CPU_FAULT,CPU;INTERVAL_FAULTS,NA,NA,NA,NA,NA,NA,NA,NA,NA,NA,NA,NA,NA,NA,NA,NA,NA,NA,NA,NA,NA,NA,NA,TARGET_GONE,identity no longer active
2026-10-02T16:04:31Z,APP_21637_3022645,21637,3022645,19,1251,197.413,0,0,-1,-1,0,0.999931461,NA,NA,70.000000000,MEASURED_CPU_FAULT,CPU;INTERVAL_FAULTS,NA,NA,NA,NA,NA,NA,NA,NA,NA,NA,NA,NA,NA,NA,NA,NA,NA,NA,NA,NA,NA,NA,NA,TARGET_GONE,identity no longer active
2026-10-02T16:04:31Z,APP_21637_3022645,21637,3022645,19,1252,201.499,0,0,-1,-1,0,0.999931461,NA,NA,70.000000000,MEASURED_CPU_FAULT,CPU;INTERVAL_FAULTS,NA,NA,NA,NA,NA,NA,NA,NA,NA,NA,NA,NA,NA,NA,NA,NA,NA,NA,NA,NA,NA,NA,NA,TARGET_GONE,identity no longer active
2026-10-02T16:04:31Z,APP_21637_3022645,21637,3022645,19,1253,197.610,0,0,-1,-1,0,0.999931461,NA,NA,70.000000000,MEASURED_CPU_FAULT,CPU;INTERVAL_FAULTS,NA,NA,NA,NA,NA,NA,NA,NA,NA,NA,NA,NA,NA,NA,NA,NA,NA,NA,NA,NA,NA,NA,NA,TARGET_GONE,identity no longer active
2026-10-02T16:04:31Z,APP_21637_3022645,21637,3022645,19,1254,211.094,0,0,-1,-1,0,0.999931461,NA,NA,70.000000000,MEASURED_CPU_FAULT,CPU;INTERVAL_FAULTS,NA,NA,NA,NA,NA,NA,NA,NA,NA,NA,NA,NA,NA,NA,NA,NA,NA,NA,NA,NA,NA,NA,NA,TARGET_GONE,identity no longer active
2026-10-02T16:04:31Z,APP_21637_3022645,21637,3022645,19,1255,198.706,0,0,-1,-1,0,0.999931461,NA,NA,70.000000000,MEASURED_CPU_FAULT,CPU;INTERVAL_FAULTS,NA,NA,NA,NA,NA,NA,NA,NA,NA,NA,NA,NA,NA,NA,NA,NA,NA,NA,NA,NA,NA,NA,NA,TARGET_GONE,identity no longer active
2026-10-02T16:04:31Z,APP_21637_3022645,21637,3022645,19,1256,191.617,0,0,-1,-1,0,0.999931461,NA,NA,70.000000000,MEASURED_CPU_FAULT,CPU;INTERVAL_FAULTS,NA,NA,NA,NA,NA,NA,NA,NA,NA,NA,NA,NA,NA,NA,NA,NA,NA,NA,NA,NA,NA,NA,NA,TARGET_GONE,identity no longer active
2026-10-02T16:04:32Z,APP_21637_3022645,21637,3022645,19,1257,201.499,0,0,-1,-1,0,0.999931461,NA,NA,70.000000000,MEASURED_CPU_FAULT,CPU;INTERVAL_FAULTS,NA,NA,NA,NA,NA,NA,NA,NA,NA,NA,NA,NA,NA,NA,NA,NA,NA,NA,NA,NA,NA,NA,NA,TARGET_GONE,identity no longer active
2026-10-02T16:04:32Z,APP_21637_3022645,21637,3022645,19,1258,206.205,0,0,-1,-1,0,0.999931461,NA,NA,70.000000000,MEASURED_CPU_FAULT,CPU;INTERVAL_FAULTS,NA,NA,NA,NA,NA,NA,NA,NA,NA,NA,NA,NA,NA,NA,NA,NA,NA,NA,NA,NA,NA,NA,NA,TARGET_GONE,identity no longer active
2026-10-02T16:04:32Z,APP_21637_3022645,21637,3022645,19,1259,191.617,0,0,-1,-1,0,0.999931461,NA,NA,70.000000000,MEASURED_CPU_FAULT,CPU;INTERVAL_FAULTS,NA,NA,NA,NA,NA,NA,NA,NA,NA,NA,NA,NA,NA,NA,NA,NA,NA,NA,NA,NA,NA,NA,NA,TARGET_GONE,identity no longer active
2026-10-02T16:04:32Z,APP_21637_3022645,21637,3022645,19,1260,203.781,0,0,-1,-1,0,0.999931461,NA,NA,70.000000000,MEASURED_CPU_FAULT,CPU;INTERVAL_FAULTS,NA,NA,NA,NA,NA,NA,NA,NA,NA,NA,NA,NA,NA,NA,NA,NA,NA,NA,NA,NA,NA,NA,NA,TARGET_GONE,identity no longer active
2026-10-02T16:04:32Z,APP_21637_3022645,21637,3022645,19,1261,191.904,0,0,-1,-1,0,0.999931461,NA,NA,70.000000000,MEASURED_CPU_FAULT,CPU;INTERVAL_FAULTS,NA,NA,NA,NA,NA,NA,NA,NA,NA,NA,NA,NA,NA,NA,NA,NA,NA,NA,NA,NA,NA,NA,NA,TARGET_GONE,identity no longer active
2026-10-02T16:04:32Z,APP_21637_3022645,21637,3022645,19,1262,204.187,0,0,-1,-1,0,0.999931461,NA,NA,70.000000000,MEASURED_CPU_FAULT,CPU;INTERVAL_FAULTS,NA,NA,NA,NA,NA,NA,NA,NA,NA,NA,NA,NA,NA,NA,NA,NA,NA,NA,NA,NA,NA,NA,NA,TARGET_GONE,identity no longer active
2026-10-02T16:04:32Z,APP_21637_3022645,21637,3022645,19,1263,191.904,0,0,-1,-1,0,0.999931461,NA,NA,70.000000000,MEASURED_CPU_FAULT,CPU;INTERVAL_FAULTS,NA,NA,NA,NA,NA,NA,NA,NA,NA,NA,NA,NA,NA,NA,NA,NA,NA,NA,NA,NA,NA,NA,NA,TARGET_GONE,identity no longer active
2026-10-02T16:04:33Z,APP_21637_3022645,21637,3022645,19,1264,203.579,0,0,-1,-1,0,0.999931461,NA,NA,70.000000000,MEASURED_CPU_FAULT,CPU;INTERVAL_FAULTS,NA,NA,NA,NA,NA,NA,NA,NA,NA,NA,NA,NA,NA,NA,NA,NA,NA,NA,NA,NA,NA,NA,NA,TARGET_GONE,identity no longer active
2026-10-02T16:04:33Z,APP_21637_3022645,21637,3022645,19,1265,191.045,0,0,-1,-1,0,0.999931461,NA,NA,70.000000000,MEASURED_CPU_FAULT,CPU;INTERVAL_FAULTS,NA,NA,NA,NA,NA,NA,NA,NA,NA,NA,NA,NA,NA,NA,NA,NA,NA,NA,NA,NA,NA,NA,NA,TARGET_GONE,identity no longer active
2026-10-02T16:04:33Z,APP_21637_3022645,21637,3022645,19,1266,211.094,0,0,-1,-1,0,0.999931461,NA,NA,70.000000000,MEASURED_CPU_FAULT,CPU;INTERVAL_FAULTS,NA,NA,NA,NA,NA,NA,NA,NA,NA,NA,NA,NA,NA,NA,NA,NA,NA,NA,NA,NA,NA,NA,NA,TARGET_GONE,identity no longer active
2026-10-02T16:04:33Z,APP_21637_3022645,21637,3022645,19,1267,190.931,0,0,-1,-1,0,0.999931461,NA,NA,70.000000000,MEASURED_CPU_FAULT,CPU;INTERVAL_FAULTS,NA,NA,NA,NA,NA,NA,NA,NA,NA,NA,NA,NA,NA,NA,NA,NA,NA,NA,NA,NA,NA,NA,NA,TARGET_GONE,identity no longer active
2026-10-02T16:04:33Z,APP_21637_3022645,21637,3022645,19,1268,201.499,0,0,-1,-1,0,0.999931461,NA,NA,70.000000000,MEASURED_CPU_FAULT,CPU;INTERVAL_FAULTS,NA,NA,NA,NA,NA,NA,NA,NA,NA,NA,NA,NA,NA,NA,NA,NA,NA,NA,NA,NA,NA,NA,NA,TARGET_GONE,identity no longer active
2026-10-02T16:04:33Z,APP_21637_3022645,21637,3022645,19,1269,202.973,0,0,-1,-1,0,0.999931461,NA,NA,70.000000000,MEASURED_CPU_FAULT,CPU;INTERVAL_FAULTS,NA,NA,NA,NA,NA,NA,NA,NA,NA,NA,NA,NA,NA,NA,NA,NA,NA,NA,NA,NA,NA,NA,NA,TARGET_GONE,identity no longer active
2026-10-02T16:04:33Z,APP_21637_3022645,21637,3022645,19,1270,202.105,0,0,-1,-1,0,0.999931461,NA,NA,70.000000000,MEASURED_CPU_FAULT,CPU;INTERVAL_FAULTS,NA,NA,NA,NA,NA,NA,NA,NA,NA,NA,NA,NA,NA,NA,NA,NA,NA,NA,NA,NA,NA,NA,NA,TARGET_GONE,identity no longer active
2026-10-02T16:04:33Z,APP_21637_3022645,21637,3022645,19,1271,197.413,0,0,-1,-1,0,0.999931461,NA,NA,70.000000000,MEASURED_CPU_FAULT,CPU;INTERVAL_FAULTS,NA,NA,NA,NA,NA,NA,NA,NA,NA,NA,NA,NA,NA,NA,NA,NA,NA,NA,NA,NA,NA,NA,NA,TARGET_GONE,identity no longer active
2026-10-02T16:04:33Z,APP_21637_3022645,21637,3022645,19,1272,201.802,0,0,-1,-1,0,0.999931461,NA,NA,70.000000000,MEASURED_CPU_FAULT,CPU;INTERVAL_FAULTS,NA,NA,NA,NA,NA,NA,NA,NA,NA,NA,NA,NA,NA,NA,NA,NA,NA,NA,NA,NA,NA,NA,NA,TARGET_GONE,identity no longer active
2026-10-02T16:04:34Z,APP_21637_3022645,21637,3022645,19,1273,200.000,0,0,-1,-1,0,0.999931461,NA,NA,70.000000000,MEASURED_CPU_FAULT,CPU;INTERVAL_FAULTS,NA,NA,NA,NA,NA,NA,NA,NA,NA,NA,NA,NA,NA,NA,NA,NA,NA,NA,NA,NA,NA,NA,NA,TARGET_GONE,identity no longer active
2026-10-02T16:04:34Z,APP_21637_3022645,21637,3022645,19,1274,191.617,0,0,-1,-1,0,0.999931461,NA,NA,70.000000000,MEASURED_CPU_FAULT,CPU;INTERVAL_FAULTS,NA,NA,NA,NA,NA,NA,NA,NA,NA,NA,NA,NA,NA,NA,NA,NA,NA,NA,NA,NA,NA,NA,NA,TARGET_GONE,identity no longer active
2026-10-02T16:04:34Z,APP_21637_3022645,21637,3022645,19,1275,201.499,0,0,-1,-1,0,0.999931461,NA,NA,70.000000000,MEASURED_CPU_FAULT,CPU;INTERVAL_FAULTS,NA,NA,NA,NA,NA,NA,NA,NA,NA,NA,NA,NA,NA,NA,NA,NA,NA,NA,NA,NA,NA,NA,NA,TARGET_GONE,identity no longer active
2026-10-02T16:04:34Z,APP_21637_3022645,21637,3022645,19,1276,198.568,0,0,-1,-1,0,0.999931461,NA,NA,70.000000000,MEASURED_CPU_FAULT,CPU;INTERVAL_FAULTS,NA,NA,NA,NA,NA,NA,NA,NA,NA,NA,NA,NA,NA,NA,NA,NA,NA,NA,NA,NA,NA,NA,NA,TARGET_GONE,identity no longer active
2026-10-02T16:04:34Z,APP_21637_3022645,21637,3022645,19,1277,201.198,0,0,-1,-1,0,0.999931461,NA,NA,70.000000000,MEASURED_CPU_FAULT,CPU;INTERVAL_FAULTS,NA,NA,NA,NA,NA,NA,NA,NA,NA,NA,NA,NA,NA,NA,NA,NA,NA,NA,NA,NA,NA,NA,NA,TARGET_GONE,identity no longer active
2026-10-02T16:04:34Z,APP_21637_3022645,21637,3022645,19,1278,203.175,0,0,-1,-1,0,0.999931461,NA,NA,70.000000000,MEASURED_CPU_FAULT,CPU;INTERVAL_FAULTS,NA,NA,NA,NA,NA,NA,NA,NA,NA,NA,NA,NA,NA,NA,NA,NA,NA,NA,NA,NA,NA,NA,NA,TARGET_GONE,identity no longer active
2026-10-02T16:04:34Z,APP_21637_3022645,21637,3022645,19,1279,201.802,0,0,-1,-1,0,0.999931461,NA,NA,70.000000000,MEASURED_CPU_FAULT,CPU;INTERVAL_FAULTS,NA,NA,NA,NA,NA,NA,NA,NA,NA,NA,NA,NA,NA,NA,NA,NA,NA,NA,NA,NA,NA,NA,NA,TARGET_GONE,identity no longer active
2026-10-02T16:04:35Z,APP_21637_3022645,21637,3022645,19,1280,197.610,0,0,-1,-1,0,0.999931461,NA,NA,70.000000000,MEASURED_CPU_FAULT,CPU;INTERVAL_FAULTS,NA,NA,NA,NA,NA,NA,NA,NA,NA,NA,NA,NA,NA,NA,NA,NA,NA,NA,NA,NA,NA,NA,NA,TARGET_GONE,identity no longer active
2026-10-02T16:04:35Z,APP_21637_3022645,21637,3022645,19,1281,201.198,0,0,-1,-1,0,0.999931461,NA,NA,70.000000000,MEASURED_CPU_FAULT,CPU;INTERVAL_FAULTS,NA,NA,NA,NA,NA,NA,NA,NA,NA,NA,NA,NA,NA,NA,NA,NA,NA,NA,NA,NA,NA,NA,NA,TARGET_GONE,identity no longer active
2026-10-02T16:04:13Z,APP_21637_3022645,21637,3022645,2,1282,0.000,0,0,-1,-1,0,0.999931461,1,true,0.000000000,MEASURED_CPU_FAULT,CPU;INTERVAL_FAULTS,HOT,553.098340575,0.560000000,0.700000000,NA,NA,NA,NA,0.560000000,0.000000000,0.700000000,0.000000000,-1.000000000,1.232000000,NA,MOVE_THREAD,INVALID,NOT_APPLICABLE,INVALID,MOVE_THREAD,-1,-1,false,TARGET_GONE,identity no longer active
2026-10-02T16:04:14Z,APP_21637_3022645,21637,3022645,2,1283,0.000,0,0,-1,-1,0,0.999931461,NA,NA,0.000000000,MEASURED_CPU_FAULT,CPU;INTERVAL_FAULTS,NA,NA,NA,NA,NA,NA,NA,NA,NA,NA,NA,NA,NA,NA,NA,NA,NA,NA,NA,NA,NA,NA,NA,TARGET_GONE,identity no longer active
2026-10-02T16:04:14Z,APP_21637_3022645,21637,3022645,2,1284,0.000,0,0,-1,-1,0,0.999931461,NA,NA,0.000000000,MEASURED_CPU_FAULT,CPU;INTERVAL_FAULTS,NA,NA,NA,NA,NA,NA,NA,NA,NA,NA,NA,NA,NA,NA,NA,NA,NA,NA,NA,NA,NA,NA,NA,TARGET_GONE,identity no longer active
2026-10-02T16:04:14Z,APP_21637_3022645,21637,3022645,2,1285,0.000,0,0,-1,-1,0,0.999931461,NA,NA,0.000000000,MEASURED_CPU_FAULT,CPU;INTERVAL_FAULTS,NA,NA,NA,NA,NA,NA,NA,NA,NA,NA,NA,NA,NA,NA,NA,NA,NA,NA,NA,NA,NA,NA,NA,TARGET_GONE,identity no longer active
2026-10-02T16:04:14Z,APP_21637_3022645,21637,3022645,2,1286,0.000,0,0,-1,-1,0,0.999931461,NA,NA,0.000000000,MEASURED_CPU_FAULT,CPU;INTERVAL_FAULTS,NA,NA,NA,NA,NA,NA,NA,NA,NA,NA,NA,NA,NA,NA,NA,NA,NA,NA,NA,NA,NA,NA,NA,TARGET_GONE,identity no longer active
2026-10-02T16:04:14Z,APP_21637_3022645,21637,3022645,2,1287,0.000,0,0,-1,-1,0,0.999931461,NA,NA,0.000000000,MEASURED_CPU_FAULT,CPU;INTERVAL_FAULTS,NA,NA,NA,NA,NA,NA,NA,NA,NA,NA,NA,NA,NA,NA,NA,NA,NA,NA,NA,NA,NA,NA,NA,TARGET_GONE,identity no longer active
2026-10-02T16:04:14Z,APP_21637_3022645,21637,3022645,2,1288,0.000,0,0,-1,-1,0,0.999931461,NA,NA,0.000000000,MEASURED_CPU_FAULT,CPU;INTERVAL_FAULTS,NA,NA,NA,NA,NA,NA,NA,NA,NA,NA,NA,NA,NA,NA,NA,NA,NA,NA,NA,NA,NA,NA,NA,TARGET_GONE,identity no longer active
2026-10-02T16:04:15Z,APP_21637_3022645,21637,3022645,2,1289,18.907,0,0,-1,-1,0,0.999931461,NA,NA,13.234900000,MEASURED_CPU_FAULT,CPU;INTERVAL_FAULTS,NA,NA,NA,NA,NA,NA,NA,NA,NA,NA,NA,NA,NA,NA,NA,NA,NA,NA,NA,NA,NA,NA,NA,TARGET_GONE,identity no longer active
2026-10-02T16:04:15Z,APP_21637_3022645,21637,3022645,2,1290,191.617,0,0,-1,-1,0,0.999931461,NA,NA,70.000000000,MEASURED_CPU_FAULT,CPU;INTERVAL_FAULTS,NA,NA,NA,NA,NA,NA,NA,NA,NA,NA,NA,NA,NA,NA,NA,NA,NA,NA,NA,NA,NA,NA,NA,TARGET_GONE,identity no longer active
2026-10-02T16:04:15Z,APP_21637_3022645,21637,3022645,2,1291,201.499,0,0,-1,-1,0,0.999931461,NA,NA,70.000000000,MEASURED_CPU_FAULT,CPU;INTERVAL_FAULTS,NA,NA,NA,NA,NA,NA,NA,NA,NA,NA,NA,NA,NA,NA,NA,NA,NA,NA,NA,NA,NA,NA,NA,TARGET_GONE,identity no longer active
2026-10-02T16:04:15Z,APP_21637_3022645,21637,3022645,2,1292,200.272,0,0,-1,-1,0,0.999931461,NA,NA,70.000000000,MEASURED_CPU_FAULT,CPU;INTERVAL_FAULTS,NA,NA,NA,NA,NA,NA,NA,NA,NA,NA,NA,NA,NA,NA,NA,NA,NA,NA,NA,NA,NA,NA,NA,TARGET_GONE,identity no longer active
2026-10-02T16:04:15Z,APP_21637_3022645,21637,3022645,2,1293,201.198,0,0,-1,-1,0,0.999931461,NA,NA,70.000000000,MEASURED_CPU_FAULT,CPU;INTERVAL_FAULTS,NA,NA,NA,NA,NA,NA,NA,NA,NA,NA,NA,NA,NA,NA,NA,NA,NA,NA,NA,NA,NA,NA,NA,TARGET_GONE,identity no longer active
2026-10-02T16:04:15Z,APP_21637_3022645,21637,3022645,2,1294,196.831,0,0,-1,-1,0,0.999931461,NA,NA,70.000000000,MEASURED_CPU_FAULT,CPU;INTERVAL_FAULTS,NA,NA,NA,NA,NA,NA,NA,NA,NA,NA,NA,NA,NA,NA,NA,NA,NA,NA,NA,NA,NA,NA,NA,TARGET_GONE,identity no longer active
2026-10-02T16:04:15Z,APP_21637_3022645,21637,3022645,2,1295,201.499,0,0,-1,-1,0,0.999931461,NA,NA,70.000000000,MEASURED_CPU_FAULT,CPU;INTERVAL_FAULTS,NA,NA,NA,NA,NA,NA,NA,NA,NA,NA,NA,NA,NA,NA,NA,NA,NA,NA,NA,NA,NA,NA,NA,TARGET_GONE,identity no longer active
2026-10-02T16:04:15Z,APP_21637_3022645,21637,3022645,2,1296,197.610,0,0,-1,-1,0,0.999931461,NA,NA,70.000000000,MEASURED_CPU_FAULT,CPU;INTERVAL_FAULTS,NA,NA,NA,NA,NA,NA,NA,NA,NA,NA,NA,NA,NA,NA,NA,NA,NA,NA,NA,NA,NA,NA,NA,TARGET_GONE,identity no longer active
2026-10-02T16:04:15Z,APP_21637_3022645,21637,3022645,2,1297,201.499,0,0,-1,-1,0,0.999931461,NA,NA,70.000000000,MEASURED_CPU_FAULT,CPU;INTERVAL_FAULTS,NA,NA,NA,NA,NA,NA,NA,NA,NA,NA,NA,NA,NA,NA,NA,NA,NA,NA,NA,NA,NA,NA,NA,TARGET_GONE,identity no longer active
2026-10-02T16:04:13Z,APP_21637_3022645,21637,3022645,20,1298,0.000,0,0,-1,-1,0,0.999931461,1,true,0.000000000,MEASURED_CPU_FAULT,CPU;INTERVAL_FAULTS,HOT,669.474315258,0.560000000,0.700000000,NA,NA,NA,NA,0.560000000,0.000000000,0.700000000,0.000000000,-1.000000000,1.232000000,NA,MOVE_THREAD,INVALID,NOT_APPLICABLE,INVALID,MOVE_THREAD,-1,-1,false,TARGET_GONE,identity no longer active
2026-10-02T16:04:14Z,APP_21637_3022645,21637,3022645,20,1299,0.000,0,0,-1,-1,0,0.999931461,NA,NA,0.000000000,MEASURED_CPU_FAULT,CPU;INTERVAL_FAULTS,NA,NA,NA,NA,NA,NA,NA,NA,NA,NA,NA,NA,NA,NA,NA,NA,NA,NA,NA,NA,NA,NA,NA,TARGET_GONE,identity no longer active
2026-10-02T16:04:14Z,APP_21637_3022645,21637,3022645,20,1300,0.000,0,0,-1,-1,0,0.999931461,NA,NA,0.000000000,MEASURED_CPU_FAULT,CPU;INTERVAL_FAULTS,NA,NA,NA,NA,NA,NA,NA,NA,NA,NA,NA,NA,NA,NA,NA,NA,NA,NA,NA,NA,NA,NA,NA,TARGET_GONE,identity no longer active
2026-10-02T16:04:14Z,APP_21637_3022645,21637,3022645,20,1301,0.000,0,0,-1,-1,0,0.999931461,NA,NA,0.000000000,MEASURED_CPU_FAULT,CPU;INTERVAL_FAULTS,NA,NA,NA,NA,NA,NA,NA,NA,NA,NA,NA,NA,NA,NA,NA,NA,NA,NA,NA,NA,NA,NA,NA,TARGET_GONE,identity no longer active
2026-10-02T16:04:14Z,APP_21637_3022645,21637,3022645,20,1302,0.000,0,0,-1,-1,0,0.999931461,NA,NA,0.000000000,MEASURED_CPU_FAULT,CPU;INTERVAL_FAULTS,NA,NA,NA,NA,NA,NA,NA,NA,NA,NA,NA,NA,NA,NA,NA,NA,NA,NA,NA,NA,NA,NA,NA,TARGET_GONE,identity no longer active
2026-10-02T16:04:14Z,APP_21637_3022645,21637,3022645,20,1303,0.000,0,0,-1,-1,0,0.999931461,NA,NA,0.000000000,MEASURED_CPU_FAULT,CPU;INTERVAL_FAULTS,NA,NA,NA,NA,NA,NA,NA,NA,NA,NA,NA,NA,NA,NA,NA,NA,NA,NA,NA,NA,NA,NA,NA,TARGET_GONE,identity no longer active
2026-10-02T16:04:14Z,APP_21637_3022645,21637,3022645,20,1304,0.000,0,0,-1,-1,0,0.999931461,NA,NA,0.000000000,MEASURED_CPU_FAULT,CPU;INTERVAL_FAULTS,NA,NA,NA,NA,NA,NA,NA,NA,NA,NA,NA,NA,NA,NA,NA,NA,NA,NA,NA,NA,NA,NA,NA,TARGET_GONE,identity no longer active
2026-10-02T16:04:15Z,APP_21637_3022645,21637,3022645,20,1305,18.907,0,0,-1,-1,0,0.999931461,NA,NA,13.234900000,MEASURED_CPU_FAULT,CPU;INTERVAL_FAULTS,NA,NA,NA,NA,NA,NA,NA,NA,NA,NA,NA,NA,NA,NA,NA,NA,NA,NA,NA,NA,NA,NA,NA,TARGET_GONE,identity no longer active
2026-10-02T16:04:15Z,APP_21637_3022645,21637,3022645,20,1306,191.617,0,0,-1,-1,0,0.999931461,NA,NA,70.000000000,MEASURED_CPU_FAULT,CPU;INTERVAL_FAULTS,NA,NA,NA,NA,NA,NA,NA,NA,NA,NA,NA,NA,NA,NA,NA,NA,NA,NA,NA,NA,NA,NA,NA,TARGET_GONE,identity no longer active
2026-10-02T16:04:15Z,APP_21637_3022645,21637,3022645,20,1307,201.499,0,0,-1,-1,0,0.999931461,NA,NA,70.000000000,MEASURED_CPU_FAULT,CPU;INTERVAL_FAULTS,NA,NA,NA,NA,NA,NA,NA,NA,NA,NA,NA,NA,NA,NA,NA,NA,NA,NA,NA,NA,NA,NA,NA,TARGET_GONE,identity no longer active
2026-10-02T16:04:15Z,APP_21637_3022645,21637,3022645,20,1308,200.272,0,0,-1,-1,0,0.999931461,NA,NA,70.000000000,MEASURED_CPU_FAULT,CPU;INTERVAL_FAULTS,NA,NA,NA,NA,NA,NA,NA,NA,NA,NA,NA,NA,NA,NA,NA,NA,NA,NA,NA,NA,NA,NA,NA,TARGET_GONE,identity no longer active
2026-10-02T16:04:15Z,APP_21637_3022645,21637,3022645,20,1309,201.198,0,0,-1,-1,0,0.999931461,NA,NA,70.000000000,MEASURED_CPU_FAULT,CPU;INTERVAL_FAULTS,NA,NA,NA,NA,NA,NA,NA,NA,NA,NA,NA,NA,NA,NA,NA,NA,NA,NA,NA,NA,NA,NA,NA,TARGET_GONE,identity no longer active
2026-10-02T16:04:15Z,APP_21637_3022645,21637,3022645,20,1310,196.831,0,0,-1,-1,0,0.999931461,NA,NA,70.000000000,MEASURED_CPU_FAULT,CPU;INTERVAL_FAULTS,NA,NA,NA,NA,NA,NA,NA,NA,NA,NA,NA,NA,NA,NA,NA,NA,NA,NA,NA,NA,NA,NA,NA,TARGET_GONE,identity no longer active
2026-10-02T16:04:15Z,APP_21637_3022645,21637,3022645,20,1311,201.499,0,0,-1,-1,0,0.999931461,NA,NA,70.000000000,MEASURED_CPU_FAULT,CPU;INTERVAL_FAULTS,NA,NA,NA,NA,NA,NA,NA,NA,NA,NA,NA,NA,NA,NA,NA,NA,NA,NA,NA,NA,NA,NA,NA,TARGET_GONE,identity no longer active
2026-10-02T16:04:15Z,APP_21637_3022645,21637,3022645,20,1312,197.610,0,0,-1,-1,0,0.999931461,NA,NA,70.000000000,MEASURED_CPU_FAULT,CPU;INTERVAL_FAULTS,NA,NA,NA,NA,NA,NA,NA,NA,NA,NA,NA,NA,NA,NA,NA,NA,NA,NA,NA,NA,NA,NA,NA,TARGET_GONE,identity no longer active
2026-10-02T16:04:15Z,APP_21637_3022645,21637,3022645,20,1313,201.499,0,0,-1,-1,0,0.999931461,NA,NA,70.000000000,MEASURED_CPU_FAULT,CPU;INTERVAL_FAULTS,NA,NA,NA,NA,NA,NA,NA,NA,NA,NA,NA,NA,NA,NA,NA,NA,NA,NA,NA,NA,NA,NA,NA,TARGET_GONE,identity no longer active
2026-10-02T16:04:16Z,APP_21637_3022645,21637,3022645,20,1314,203.787,0,0,-1,-1,0,0.999931461,NA,NA,70.000000000,MEASURED_CPU_FAULT,CPU;INTERVAL_FAULTS,NA,NA,NA,NA,NA,NA,NA,NA,NA,NA,NA,NA,NA,NA,NA,NA,NA,NA,NA,NA,NA,NA,NA,TARGET_GONE,identity no longer active
2026-10-02T16:04:16Z,APP_21637_3022645,21637,3022645,20,1315,192.192,0,0,-1,-1,0,0.999931461,NA,NA,70.000000000,MEASURED_CPU_FAULT,CPU;INTERVAL_FAULTS,NA,NA,NA,NA,NA,NA,NA,NA,NA,NA,NA,NA,NA,NA,NA,NA,NA,NA,NA,NA,NA,NA,NA,TARGET_GONE,identity no longer active
2026-10-02T16:04:16Z,APP_21637_3022645,21637,3022645,20,1316,201.499,0,0,-1,-1,0,0.999931461,NA,NA,70.000000000,MEASURED_CPU_FAULT,CPU;INTERVAL_FAULTS,NA,NA,NA,NA,NA,NA,NA,NA,NA,NA,NA,NA,NA,NA,NA,NA,NA,NA,NA,NA,NA,NA,NA,TARGET_GONE,identity no longer active
2026-10-02T16:04:16Z,APP_21637_3022645,21637,3022645,20,1317,205.714,0,0,-1,-1,0,0.999931461,NA,NA,70.000000000,MEASURED_CPU_FAULT,CPU;INTERVAL_FAULTS,NA,NA,NA,NA,NA,NA,NA,NA,NA,NA,NA,NA,NA,NA,NA,NA,NA,NA,NA,NA,NA,NA,NA,TARGET_GONE,identity no longer active
2026-10-02T16:04:16Z,APP_21637_3022645,21637,3022645,20,1318,191.617,0,0,-1,-1,0,0.999931461,NA,NA,70.000000000,MEASURED_CPU_FAULT,CPU;INTERVAL_FAULTS,NA,NA,NA,NA,NA,NA,NA,NA,NA,NA,NA,NA,NA,NA,NA,NA,NA,NA,NA,NA,NA,NA,NA,TARGET_GONE,identity no longer active
2026-10-02T16:04:16Z,APP_21637_3022645,21637,3022645,20,1319,203.781,0,0,-1,-1,0,0.999931461,NA,NA,70.000000000,MEASURED_CPU_FAULT,CPU;INTERVAL_FAULTS,NA,NA,NA,NA,NA,NA,NA,NA,NA,NA,NA,NA,NA,NA,NA,NA,NA,NA,NA,NA,NA,NA,NA,TARGET_GONE,identity no longer active
2026-10-02T16:04:16Z,APP_21637_3022645,21637,3022645,20,1320,192.192,0,0,-1,-1,0,0.999931461,NA,NA,70.000000000,MEASURED_CPU_FAULT,CPU;INTERVAL_FAULTS,NA,NA,NA,NA,NA,NA,NA,NA,NA,NA,NA,NA,NA,NA,NA,NA,NA,NA,NA,NA,NA,NA,NA,TARGET_GONE,identity no longer active
2026-10-02T16:04:16Z,APP_21637_3022645,21637,3022645,20,1321,203.579,0,0,-1,-1,0,0.999931461,NA,NA,70.000000000,MEASURED_CPU_FAULT,CPU;INTERVAL_FAULTS,NA,NA,NA,NA,NA,NA,NA,NA,NA,NA,NA,NA,NA,NA,NA,NA,NA,NA,NA,NA,NA,NA,NA,TARGET_GONE,identity no longer active
2026-10-02T16:04:17Z,APP_21637_3022645,21637,3022645,20,1322,201.499,0,0,-1,-1,0,0.999931461,NA,NA,70.000000000,MEASURED_CPU_FAULT,CPU;INTERVAL_FAULTS,NA,NA,NA,NA,NA,NA,NA,NA,NA,NA,NA,NA,NA,NA,NA,NA,NA,NA,NA,NA,NA,NA,NA,TARGET_GONE,identity no longer active
2026-10-02T16:04:17Z,APP_21637_3022645,21637,3022645,20,1323,198.450,0,0,-1,-1,0,0.999931461,NA,NA,70.000000000,MEASURED_CPU_FAULT,CPU;INTERVAL_FAULTS,NA,NA,NA,NA,NA,NA,NA,NA,NA,NA,NA,NA,NA,NA,NA,NA,NA,NA,NA,NA,NA,NA,NA,TARGET_GONE,identity no longer active
2026-10-02T16:04:17Z,APP_21637_3022645,21637,3022645,20,1324,211.411,0,0,-1,-1,0,0.999931461,NA,NA,70.000000000,MEASURED_CPU_FAULT,CPU;INTERVAL_FAULTS,NA,NA,NA,NA,NA,NA,NA,NA,NA,NA,NA,NA,NA,NA,NA,NA,NA,NA,NA,NA,NA,NA,NA,TARGET_GONE,identity no longer active
2026-10-02T16:04:17Z,APP_21637_3022645,21637,3022645,20,1325,191.904,0,0,-1,-1,0,0.999931461,NA,NA,70.000000000,MEASURED_CPU_FAULT,CPU;INTERVAL_FAULTS,NA,NA,NA,NA,NA,NA,NA,NA,NA,NA,NA,NA,NA,NA,NA,NA,NA,NA,NA,NA,NA,NA,NA,TARGET_GONE,identity no longer active
2026-10-02T16:04:17Z,APP_21637_3022645,21637,3022645,20,1326,205.714,0,0,-1,-1,0,0.999931461,NA,NA,70.000000000,MEASURED_CPU_FAULT,CPU;INTERVAL_FAULTS,NA,NA,NA,NA,NA,NA,NA,NA,NA,NA,NA,NA,NA,NA,NA,NA,NA,NA,NA,NA,NA,NA,NA,TARGET_GONE,identity no longer active
2026-10-02T16:04:17Z,APP_21637_3022645,21637,3022645,20,1327,201.802,0,0,-1,-1,0,0.999931461,NA,NA,70.000000000,MEASURED_CPU_FAULT,CPU;INTERVAL_FAULTS,NA,NA,NA,NA,NA,NA,NA,NA,NA,NA,NA,NA,NA,NA,NA,NA,NA,NA,NA,NA,NA,NA,NA,TARGET_GONE,identity no longer active
2026-10-02T16:04:17Z,APP_21637_3022645,21637,3022645,20,1328,197.217,0,0,-1,-1,0,0.999931461,NA,NA,70.000000000,MEASURED_CPU_FAULT,CPU;INTERVAL_FAULTS,NA,NA,NA,NA,NA,NA,NA,NA,NA,NA,NA,NA,NA,NA,NA,NA,NA,NA,NA,NA,NA,NA,NA,TARGET_GONE,identity no longer active
2026-10-02T16:04:17Z,APP_21637_3022645,21637,3022645,20,1329,201.499,0,0,-1,-1,0,0.999931461,NA,NA,70.000000000,MEASURED_CPU_FAULT,CPU;INTERVAL_FAULTS,NA,NA,NA,NA,NA,NA,NA,NA,NA,NA,NA,NA,NA,NA,NA,NA,NA,NA,NA,NA,NA,NA,NA,TARGET_GONE,identity no longer active
2026-10-02T16:04:18Z,APP_21637_3022645,21637,3022645,20,1330,197.807,0,0,-1,-1,0,0.999931461,NA,NA,70.000000000,MEASURED_CPU_FAULT,CPU;INTERVAL_FAULTS,NA,NA,NA,NA,NA,NA,NA,NA,NA,NA,NA,NA,NA,NA,NA,NA,NA,NA,NA,NA,NA,NA,NA,TARGET_GONE,identity no longer active
2026-10-02T16:04:18Z,APP_21637_3022645,21637,3022645,20,1331,200.897,0,0,-1,-1,0,0.999931461,NA,NA,70.000000000,MEASURED_CPU_FAULT,CPU;INTERVAL_FAULTS,NA,NA,NA,NA,NA,NA,NA,NA,NA,NA,NA,NA,NA,NA,NA,NA,NA,NA,NA,NA,NA,NA,NA,TARGET_GONE,identity no longer active
2026-10-02T16:04:18Z,APP_21637_3022645,21637,3022645,20,1332,199.555,0,0,-1,-1,0,0.999931461,NA,NA,70.000000000,MEASURED_CPU_FAULT,CPU;INTERVAL_FAULTS,NA,NA,NA,NA,NA,NA,NA,NA,NA,NA,NA,NA,NA,NA,NA,NA,NA,NA,NA,NA,NA,NA,NA,TARGET_GONE,identity no longer active
2026-10-02T16:04:18Z,APP_21637_3022645,21637,3022645,20,1333,191.617,0,0,-1,-1,0,0.999931461,NA,NA,70.000000000,MEASURED_CPU_FAULT,CPU;INTERVAL_FAULTS,NA,NA,NA,NA,NA,NA,NA,NA,NA,NA,NA,NA,NA,NA,NA,NA,NA,NA,NA,NA,NA,NA,NA,TARGET_GONE,identity no longer active
2026-10-02T16:04:18Z,APP_21637_3022645,21637,3022645,20,1334,201.499,0,0,-1,-1,0,0.999931461,NA,NA,70.000000000,MEASURED_CPU_FAULT,CPU;INTERVAL_FAULTS,NA,NA,NA,NA,NA,NA,NA,NA,NA,NA,NA,NA,NA,NA,NA,NA,NA,NA,NA,NA,NA,NA,NA,TARGET_GONE,identity no longer active
2026-10-02T16:04:18Z,APP_21637_3022645,21637,3022645,20,1335,198.393,0,0,-1,-1,0,0.999931461,NA,NA,70.000000000,MEASURED_CPU_FAULT,CPU;INTERVAL_FAULTS,NA,NA,NA,NA,NA,NA,NA,NA,NA,NA,NA,NA,NA,NA,NA,NA,NA,NA,NA,NA,NA,NA,NA,TARGET_GONE,identity no longer active
2026-10-02T16:04:18Z,APP_21637_3022645,21637,3022645,20,1336,201.802,0,0,-1,-1,0,0.999931461,NA,NA,70.000000000,MEASURED_CPU_FAULT,CPU;INTERVAL_FAULTS,NA,NA,NA,NA,NA,NA,NA,NA,NA,NA,NA,NA,NA,NA,NA,NA,NA,NA,NA,NA,NA,NA,NA,TARGET_GONE,identity no longer active
2026-10-02T16:04:18Z,APP_21637_3022645,21637,3022645,20,1337,203.175,0,0,-1,-1,0,0.999931461,NA,NA,70.000000000,MEASURED_CPU_FAULT,CPU;INTERVAL_FAULTS,NA,NA,NA,NA,NA,NA,NA,NA,NA,NA,NA,NA,NA,NA,NA,NA,NA,NA,NA,NA,NA,NA,NA,TARGET_GONE,identity no longer active
2026-10-02T16:04:19Z,APP_21637_3022645,21637,3022645,20,1338,201.802,0,0,-1,-1,0,0.999931461,NA,NA,70.000000000,MEASURED_CPU_FAULT,CPU;INTERVAL_FAULTS,NA,NA,NA,NA,NA,NA,NA,NA,NA,NA,NA,NA,NA,NA,NA,NA,NA,NA,NA,NA,NA,NA,NA,TARGET_GONE,identity no longer active
2026-10-02T16:04:19Z,APP_21637_3022645,21637,3022645,20,1339,197.413,0,0,-1,-1,0,0.999931461,NA,NA,70.000000000,MEASURED_CPU_FAULT,CPU;INTERVAL_FAULTS,NA,NA,NA,NA,NA,NA,NA,NA,NA,NA,NA,NA,NA,NA,NA,NA,NA,NA,NA,NA,NA,NA,NA,TARGET_GONE,identity no longer active
2026-10-02T16:04:19Z,APP_21637_3022645,21637,3022645,20,1340,201.499,0,0,-1,-1,0,0.999931461,NA,NA,70.000000000,MEASURED_CPU_FAULT,CPU;INTERVAL_FAULTS,NA,NA,NA,NA,NA,NA,NA,NA,NA,NA,NA,NA,NA,NA,NA,NA,NA,NA,NA,NA,NA,NA,NA,TARGET_GONE,identity no longer active
2026-10-02T16:04:19Z,APP_21637_3022645,21637,3022645,20,1341,203.262,0,0,-1,-1,0,0.999931461,NA,NA,70.000000000,MEASURED_CPU_FAULT,CPU;INTERVAL_FAULTS,NA,NA,NA,NA,NA,NA,NA,NA,NA,NA,NA,NA,NA,NA,NA,NA,NA,NA,NA,NA,NA,NA,NA,TARGET_GONE,identity no longer active
2026-10-02T16:04:19Z,APP_21637_3022645,21637,3022645,20,1342,201.499,0,0,-1,-1,0,0.999931461,NA,NA,70.000000000,MEASURED_CPU_FAULT,CPU;INTERVAL_FAULTS,NA,NA,NA,NA,NA,NA,NA,NA,NA,NA,NA,NA,NA,NA,NA,NA,NA,NA,NA,NA,NA,NA,NA,TARGET_GONE,identity no longer active
2026-10-02T16:04:19Z,APP_21637_3022645,21637,3022645,20,1343,197.610,0,0,-1,-1,0,0.999931461,NA,NA,70.000000000,MEASURED_CPU_FAULT,CPU;INTERVAL_FAULTS,NA,NA,NA,NA,NA,NA,NA,NA,NA,NA,NA,NA,NA,NA,NA,NA,NA,NA,NA,NA,NA,NA,NA,TARGET_GONE,identity no longer active
2026-10-02T16:04:19Z,APP_21637_3022645,21637,3022645,20,1344,201.499,0,0,-1,-1,0,0.999931461,NA,NA,70.000000000,MEASURED_CPU_FAULT,CPU;INTERVAL_FAULTS,NA,NA,NA,NA,NA,NA,NA,NA,NA,NA,NA,NA,NA,NA,NA,NA,NA,NA,NA,NA,NA,NA,NA,TARGET_GONE,identity no longer active
2026-10-02T16:04:20Z,APP_21637_3022645,21637,3022645,20,1345,197.610,0,0,-1,-1,0,0.999931461,NA,NA,70.000000000,MEASURED_CPU_FAULT,CPU;INTERVAL_FAULTS,NA,NA,NA,NA,NA,NA,NA,NA,NA,NA,NA,NA,NA,NA,NA,NA,NA,NA,NA,NA,NA,NA,NA,TARGET_GONE,identity no longer active
2026-10-02T16:04:20Z,APP_21637_3022645,21637,3022645,20,1346,201.499,0,0,-1,-1,0,0.999931461,NA,NA,70.000000000,MEASURED_CPU_FAULT,CPU;INTERVAL_FAULTS,NA,NA,NA,NA,NA,NA,NA,NA,NA,NA,NA,NA,NA,NA,NA,NA,NA,NA,NA,NA,NA,NA,NA,TARGET_GONE,identity no longer active
2026-10-02T16:04:20Z,APP_21637_3022645,21637,3022645,20,1347,202.973,0,0,-1,-1,0,0.999931461,NA,NA,70.000000000,MEASURED_CPU_FAULT,CPU;INTERVAL_FAULTS,NA,NA,NA,NA,NA,NA,NA,NA,NA,NA,NA,NA,NA,NA,NA,NA,NA,NA,NA,NA,NA,NA,NA,TARGET_GONE,identity no longer active
2026-10-02T16:04:20Z,APP_21637_3022645,21637,3022645,20,1348,191.904,0,0,-1,-1,0,0.999931461,NA,NA,70.000000000,MEASURED_CPU_FAULT,CPU;INTERVAL_FAULTS,NA,NA,NA,NA,NA,NA,NA,NA,NA,NA,NA,NA,NA,NA,NA,NA,NA,NA,NA,NA,NA,NA,NA,TARGET_GONE,identity no longer active
2026-10-02T16:04:20Z,APP_21637_3022645,21637,3022645,20,1349,201.942,0,0,-1,-1,0,0.999931461,NA,NA,70.000000000,MEASURED_CPU_FAULT,CPU;INTERVAL_FAULTS,NA,NA,NA,NA,NA,NA,NA,NA,NA,NA,NA,NA,NA,NA,NA,NA,NA,NA,NA,NA,NA,NA,NA,TARGET_GONE,identity no longer active
2026-10-02T16:04:20Z,APP_21637_3022645,21637,3022645,20,1350,191.617,0,0,-1,-1,0,0.999931461,NA,NA,70.000000000,MEASURED_CPU_FAULT,CPU;INTERVAL_FAULTS,NA,NA,NA,NA,NA,NA,NA,NA,NA,NA,NA,NA,NA,NA,NA,NA,NA,NA,NA,NA,NA,NA,NA,TARGET_GONE,identity no longer active
2026-10-02T16:04:20Z,APP_21637_3022645,21637,3022645,20,1351,201.802,0,0,-1,-1,0,0.999931461,NA,NA,70.000000000,MEASURED_CPU_FAULT,CPU;INTERVAL_FAULTS,NA,NA,NA,NA,NA,NA,NA,NA,NA,NA,NA,NA,NA,NA,NA,NA,NA,NA,NA,NA,NA,NA,NA,TARGET_GONE,identity no longer active
2026-10-02T16:04:20Z,APP_21637_3022645,21637,3022645,20,1352,198.331,0,0,-1,-1,0,0.999931461,NA,NA,70.000000000,MEASURED_CPU_FAULT,CPU;INTERVAL_FAULTS,NA,NA,NA,NA,NA,NA,NA,NA,NA,NA,NA,NA,NA,NA,NA,NA,NA,NA,NA,NA,NA,NA,NA,TARGET_GONE,identity no longer active
2026-10-02T16:04:20Z,APP_21637_3022645,21637,3022645,20,1353,201.499,0,0,-1,-1,0,0.999931461,NA,NA,70.000000000,MEASURED_CPU_FAULT,CPU;INTERVAL_FAULTS,NA,NA,NA,NA,NA,NA,NA,NA,NA,NA,NA,NA,NA,NA,NA,NA,NA,NA,NA,NA,NA,NA,NA,TARGET_GONE,identity no longer active
2026-10-02T16:04:21Z,APP_21637_3022645,21637,3022645,20,1354,197.413,0,0,-1,-1,0,0.999931461,NA,NA,70.000000000,MEASURED_CPU_FAULT,CPU;INTERVAL_FAULTS,NA,NA,NA,NA,NA,NA,NA,NA,NA,NA,NA,NA,NA,NA,NA,NA,NA,NA,NA,NA,NA,NA,NA,TARGET_GONE,identity no longer active
2026-10-02T16:04:21Z,APP_21637_3022645,21637,3022645,20,1355,201.499,0,0,-1,-1,0,0.999931461,NA,NA,70.000000000,MEASURED_CPU_FAULT,CPU;INTERVAL_FAULTS,NA,NA,NA,NA,NA,NA,NA,NA,NA,NA,NA,NA,NA,NA,NA,NA,NA,NA,NA,NA,NA,NA,NA,TARGET_GONE,identity no longer active
2026-10-02T16:04:21Z,APP_21637_3022645,21637,3022645,20,1356,203.579,0,0,-1,-1,0,0.999931461,NA,NA,70.000000000,MEASURED_CPU_FAULT,CPU;INTERVAL_FAULTS,NA,NA,NA,NA,NA,NA,NA,NA,NA,NA,NA,NA,NA,NA,NA,NA,NA,NA,NA,NA,NA,NA,NA,TARGET_GONE,identity no longer active
2026-10-02T16:04:21Z,APP_21637_3022645,21637,3022645,20,1357,201.499,0,0,-1,-1,0,0.999931461,NA,NA,70.000000000,MEASURED_CPU_FAULT,CPU;INTERVAL_FAULTS,NA,NA,NA,NA,NA,NA,NA,NA,NA,NA,NA,NA,NA,NA,NA,NA,NA,NA,NA,NA,NA,NA,NA,TARGET_GONE,identity no longer active
2026-10-02T16:04:21Z,APP_21637_3022645,21637,3022645,20,1358,199.555,0,0,-1,-1,0,0.999931461,NA,NA,70.000000000,MEASURED_CPU_FAULT,CPU;INTERVAL_FAULTS,NA,NA,NA,NA,NA,NA,NA,NA,NA,NA,NA,NA,NA,NA,NA,NA,NA,NA,NA,NA,NA,NA,NA,TARGET_GONE,identity no longer active
2026-10-02T16:04:21Z,APP_21637_3022645,21637,3022645,20,1359,192.192,0,0,-1,-1,0,0.999931461,NA,NA,70.000000000,MEASURED_CPU_FAULT,CPU;INTERVAL_FAULTS,NA,NA,NA,NA,NA,NA,NA,NA,NA,NA,NA,NA,NA,NA,NA,NA,NA,NA,NA,NA,NA,NA,NA,TARGET_GONE,identity no longer active
2026-10-02T16:04:21Z,APP_21637_3022645,21637,3022645,20,1360,200.897,0,0,-1,-1,0,0.999931461,NA,NA,70.000000000,MEASURED_CPU_FAULT,CPU;INTERVAL_FAULTS,NA,NA,NA,NA,NA,NA,NA,NA,NA,NA,NA,NA,NA,NA,NA,NA,NA,NA,NA,NA,NA,NA,NA,TARGET_GONE,identity no longer active
2026-10-02T16:04:22Z,APP_21637_3022645,21637,3022645,20,1361,198.568,0,0,-1,-1,0,0.999931461,NA,NA,70.000000000,MEASURED_CPU_FAULT,CPU;INTERVAL_FAULTS,NA,NA,NA,NA,NA,NA,NA,NA,NA,NA,NA,NA,NA,NA,NA,NA,NA,NA,NA,NA,NA,NA,NA,TARGET_GONE,identity no longer active
2026-10-02T16:04:22Z,APP_21637_3022645,21637,3022645,20,1362,201.198,0,0,-1,-1,0,0.999931461,NA,NA,70.000000000,MEASURED_CPU_FAULT,CPU;INTERVAL_FAULTS,NA,NA,NA,NA,NA,NA,NA,NA,NA,NA,NA,NA,NA,NA,NA,NA,NA,NA,NA,NA,NA,NA,NA,TARGET_GONE,identity no longer active
2026-10-02T16:04:22Z,APP_21637_3022645,21637,3022645,20,1363,203.376,0,0,-1,-1,0,0.999931461,NA,NA,70.000000000,MEASURED_CPU_FAULT,CPU;INTERVAL_FAULTS,NA,NA,NA,NA,NA,NA,NA,NA,NA,NA,NA,NA,NA,NA,NA,NA,NA,NA,NA,NA,NA,NA,NA,TARGET_GONE,identity no longer active
2026-10-02T16:04:22Z,APP_21637_3022645,21637,3022645,20,1364,201.198,0,0,-1,-1,0,0.999931461,NA,NA,70.000000000,MEASURED_CPU_FAULT,CPU;INTERVAL_FAULTS,NA,NA,NA,NA,NA,NA,NA,NA,NA,NA,NA,NA,NA,NA,NA,NA,NA,NA,NA,NA,NA,NA,NA,TARGET_GONE,identity no longer active
2026-10-02T16:04:22Z,APP_21637_3022645,21637,3022645,20,1365,197.413,0,0,-1,-1,0,0.999931461,NA,NA,70.000000000,MEASURED_CPU_FAULT,CPU;INTERVAL_FAULTS,NA,NA,NA,NA,NA,NA,NA,NA,NA,NA,NA,NA,NA,NA,NA,NA,NA,NA,NA,NA,NA,NA,NA,TARGET_GONE,identity no longer active
2026-10-02T16:04:22Z,APP_21637_3022645,21637,3022645,20,1366,201.499,0,0,-1,-1,0,0.999931461,NA,NA,70.000000000,MEASURED_CPU_FAULT,CPU;INTERVAL_FAULTS,NA,NA,NA,NA,NA,NA,NA,NA,NA,NA,NA,NA,NA,NA,NA,NA,NA,NA,NA,NA,NA,NA,NA,TARGET_GONE,identity no longer active
2026-10-02T16:04:22Z,APP_21637_3022645,21637,3022645,20,1367,200.805,0,0,-1,-1,0,0.999931461,NA,NA,70.000000000,MEASURED_CPU_FAULT,CPU;INTERVAL_FAULTS,NA,NA,NA,NA,NA,NA,NA,NA,NA,NA,NA,NA,NA,NA,NA,NA,NA,NA,NA,NA,NA,NA,NA,TARGET_GONE,identity no longer active
2026-10-02T16:04:22Z,APP_21637_3022645,21637,3022645,20,1368,192.192,0,0,-1,-1,0,0.999931461,NA,NA,70.000000000,MEASURED_CPU_FAULT,CPU;INTERVAL_FAULTS,NA,NA,NA,NA,NA,NA,NA,NA,NA,NA,NA,NA,NA,NA,NA,NA,NA,NA,NA,NA,NA,NA,NA,TARGET_GONE,identity no longer active
2026-10-02T16:04:22Z,APP_21637_3022645,21637,3022645,20,1369,201.499,0,0,-1,-1,0,0.999931461,NA,NA,70.000000000,MEASURED_CPU_FAULT,CPU;INTERVAL_FAULTS,NA,NA,NA,NA,NA,NA,NA,NA,NA,NA,NA,NA,NA,NA,NA,NA,NA,NA,NA,NA,NA,NA,NA,TARGET_GONE,identity no longer active
2026-10-02T16:04:23Z,APP_21637_3022645,21637,3022645,20,1370,206.205,0,0,-1,-1,0,0.999931461,NA,NA,70.000000000,MEASURED_CPU_FAULT,CPU;INTERVAL_FAULTS,NA,NA,NA,NA,NA,NA,NA,NA,NA,NA,NA,NA,NA,NA,NA,NA,NA,NA,NA,NA,NA,NA,NA,TARGET_GONE,identity no longer active
2026-10-02T16:04:23Z,APP_21637_3022645,21637,3022645,20,1371,192.192,0,0,-1,-1,0,0.999931461,NA,NA,70.000000000,MEASURED_CPU_FAULT,CPU;INTERVAL_FAULTS,NA,NA,NA,NA,NA,NA,NA,NA,NA,NA,NA,NA,NA,NA,NA,NA,NA,NA,NA,NA,NA,NA,NA,TARGET_GONE,identity no longer active
2026-10-02T16:04:23Z,APP_21637_3022645,21637,3022645,20,1372,203.175,0,0,-1,-1,0,0.999931461,NA,NA,70.000000000,MEASURED_CPU_FAULT,CPU;INTERVAL_FAULTS,NA,NA,NA,NA,NA,NA,NA,NA,NA,NA,NA,NA,NA,NA,NA,NA,NA,NA,NA,NA,NA,NA,NA,TARGET_GONE,identity no longer active
2026-10-02T16:04:23Z,APP_21637_3022645,21637,3022645,20,1373,192.481,0,0,-1,-1,0,0.999931461,NA,NA,70.000000000,MEASURED_CPU_FAULT,CPU;INTERVAL_FAULTS,NA,NA,NA,NA,NA,NA,NA,NA,NA,NA,NA,NA,NA,NA,NA,NA,NA,NA,NA,NA,NA,NA,NA,TARGET_GONE,identity no longer active
2026-10-02T16:04:23Z,APP_21637_3022645,21637,3022645,20,1374,203.781,0,0,-1,-1,0,0.999931461,NA,NA,70.000000000,MEASURED_CPU_FAULT,CPU;INTERVAL_FAULTS,NA,NA,NA,NA,NA,NA,NA,NA,NA,NA,NA,NA,NA,NA,NA,NA,NA,NA,NA,NA,NA,NA,NA,TARGET_GONE,identity no longer active
2026-10-02T16:04:23Z,APP_21637_3022645,21637,3022645,20,1375,191.904,0,0,-1,-1,0,0.999931461,NA,NA,70.000000000,MEASURED_CPU_FAULT,CPU;INTERVAL_FAULTS,NA,NA,NA,NA,NA,NA,NA,NA,NA,NA,NA,NA,NA,NA,NA,NA,NA,NA,NA,NA,NA,NA,NA,TARGET_GONE,identity no longer active
2026-10-02T16:04:23Z,APP_21637_3022645,21637,3022645,20,1376,202.157,0,0,-1,-1,0,0.999931461,NA,NA,70.000000000,MEASURED_CPU_FAULT,CPU;INTERVAL_FAULTS,NA,NA,NA,NA,NA,NA,NA,NA,NA,NA,NA,NA,NA,NA,NA,NA,NA,NA,NA,NA,NA,NA,NA,TARGET_GONE,identity no longer active
2026-10-02T16:04:23Z,APP_21637_3022645,21637,3022645,20,1377,211.411,0,0,-1,-1,0,0.999931461,NA,NA,70.000000000,MEASURED_CPU_FAULT,CPU;INTERVAL_FAULTS,NA,NA,NA,NA,NA,NA,NA,NA,NA,NA,NA,NA,NA,NA,NA,NA,NA,NA,NA,NA,NA,NA,NA,TARGET_GONE,identity no longer active
2026-10-02T16:04:24Z,APP_21637_3022645,21637,3022645,20,1378,191.904,0,0,-1,-1,0,0.999931461,NA,NA,70.000000000,MEASURED_CPU_FAULT,CPU;INTERVAL_FAULTS,NA,NA,NA,NA,NA,NA,NA,NA,NA,NA,NA,NA,NA,NA,NA,NA,NA,NA,NA,NA,NA,NA,NA,TARGET_GONE,identity no longer active
2026-10-02T16:04:24Z,APP_21637_3022645,21637,3022645,20,1379,205.470,0,0,-1,-1,0,0.999931461,NA,NA,70.000000000,MEASURED_CPU_FAULT,CPU;INTERVAL_FAULTS,NA,NA,NA,NA,NA,NA,NA,NA,NA,NA,NA,NA,NA,NA,NA,NA,NA,NA,NA,NA,NA,NA,NA,TARGET_GONE,identity no longer active
2026-10-02T16:04:24Z,APP_21637_3022645,21637,3022645,20,1380,201.802,0,0,-1,-1,0,0.999931461,NA,NA,70.000000000,MEASURED_CPU_FAULT,CPU;INTERVAL_FAULTS,NA,NA,NA,NA,NA,NA,NA,NA,NA,NA,NA,NA,NA,NA,NA,NA,NA,NA,NA,NA,NA,NA,NA,TARGET_GONE,identity no longer active
2026-10-02T16:04:24Z,APP_21637_3022645,21637,3022645,20,1381,197.217,0,0,-1,-1,0,0.999931461,NA,NA,70.000000000,MEASURED_CPU_FAULT,CPU;INTERVAL_FAULTS,NA,NA,NA,NA,NA,NA,NA,NA,NA,NA,NA,NA,NA,NA,NA,NA,NA,NA,NA,NA,NA,NA,NA,TARGET_GONE,identity no longer active
2026-10-02T16:04:24Z,APP_21637_3022645,21637,3022645,20,1382,201.499,0,0,-1,-1,0,0.999931461,NA,NA,70.000000000,MEASURED_CPU_FAULT,CPU;INTERVAL_FAULTS,NA,NA,NA,NA,NA,NA,NA,NA,NA,NA,NA,NA,NA,NA,NA,NA,NA,NA,NA,NA,NA,NA,NA,TARGET_GONE,identity no longer active
2026-10-02T16:04:24Z,APP_21637_3022645,21637,3022645,20,1383,203.376,0,0,-1,-1,0,0.999931461,NA,NA,70.000000000,MEASURED_CPU_FAULT,CPU;INTERVAL_FAULTS,NA,NA,NA,NA,NA,NA,NA,NA,NA,NA,NA,NA,NA,NA,NA,NA,NA,NA,NA,NA,NA,NA,NA,TARGET_GONE,identity no longer active
2026-10-02T16:04:24Z,APP_21637_3022645,21637,3022645,20,1384,191.904,0,0,-1,-1,0,0.999931461,NA,NA,70.000000000,MEASURED_CPU_FAULT,CPU;INTERVAL_FAULTS,NA,NA,NA,NA,NA,NA,NA,NA,NA,NA,NA,NA,NA,NA,NA,NA,NA,NA,NA,NA,NA,NA,NA,TARGET_GONE,identity no longer active
2026-10-02T16:04:25Z,APP_21637_3022645,21637,3022645,20,1385,200.149,0,0,-1,-1,0,0.999931461,NA,NA,70.000000000,MEASURED_CPU_FAULT,CPU;INTERVAL_FAULTS,NA,NA,NA,NA,NA,NA,NA,NA,NA,NA,NA,NA,NA,NA,NA,NA,NA,NA,NA,NA,NA,NA,NA,TARGET_GONE,identity no longer active
2026-10-02T16:04:25Z,APP_21637_3022645,21637,3022645,20,1386,191.617,0,0,-1,-1,0,0.999931461,NA,NA,70.000000000,MEASURED_CPU_FAULT,CPU;INTERVAL_FAULTS,NA,NA,NA,NA,NA,NA,NA,NA,NA,NA,NA,NA,NA,NA,NA,NA,NA,NA,NA,NA,NA,NA,NA,TARGET_GONE,identity no longer active
2026-10-02T16:04:25Z,APP_21637_3022645,21637,3022645,20,1387,201.499,0,0,-1,-1,0,0.999931461,NA,NA,70.000000000,MEASURED_CPU_FAULT,CPU;INTERVAL_FAULTS,NA,NA,NA,NA,NA,NA,NA,NA,NA,NA,NA,NA,NA,NA,NA,NA,NA,NA,NA,NA,NA,NA,NA,TARGET_GONE,identity no longer active
2026-10-02T16:04:25Z,APP_21637_3022645,21637,3022645,20,1388,206.205,0,0,-1,-1,0,0.999931461,NA,NA,70.000000000,MEASURED_CPU_FAULT,CPU;INTERVAL_FAULTS,NA,NA,NA,NA,NA,NA,NA,NA,NA,NA,NA,NA,NA,NA,NA,NA,NA,NA,NA,NA,NA,NA,NA,TARGET_GONE,identity no longer active
2026-10-02T16:04:25Z,APP_21637_3022645,21637,3022645,20,1389,191.904,0,0,-1,-1,0,0.999931461,NA,NA,70.000000000,MEASURED_CPU_FAULT,CPU;INTERVAL_FAULTS,NA,NA,NA,NA,NA,NA,NA,NA,NA,NA,NA,NA,NA,NA,NA,NA,NA,NA,NA,NA,NA,NA,NA,TARGET_GONE,identity no longer active
2026-10-02T16:04:25Z,APP_21637_3022645,21637,3022645,20,1390,203.984,0,0,-1,-1,0,0.999931461,NA,NA,70.000000000,MEASURED_CPU_FAULT,CPU;INTERVAL_FAULTS,NA,NA,NA,NA,NA,NA,NA,NA,NA,NA,NA,NA,NA,NA,NA,NA,NA,NA,NA,NA,NA,NA,NA,TARGET_GONE,identity no longer active
2026-10-02T16:04:25Z,APP_21637_3022645,21637,3022645,20,1391,191.904,0,0,-1,-1,0,0.999931461,NA,NA,70.000000000,MEASURED_CPU_FAULT,CPU;INTERVAL_FAULTS,NA,NA,NA,NA,NA,NA,NA,NA,NA,NA,NA,NA,NA,NA,NA,NA,NA,NA,NA,NA,NA,NA,NA,TARGET_GONE,identity no longer active
2026-10-02T16:04:25Z,APP_21637_3022645,21637,3022645,20,1392,203.376,0,0,-1,-1,0,0.999931461,NA,NA,70.000000000,MEASURED_CPU_FAULT,CPU;INTERVAL_FAULTS,NA,NA,NA,NA,NA,NA,NA,NA,NA,NA,NA,NA,NA,NA,NA,NA,NA,NA,NA,NA,NA,NA,NA,TARGET_GONE,identity no longer active
2026-10-02T16:04:25Z,APP_21637_3022645,21637,3022645,20,1393,201.802,0,0,-1,-1,0,0.999931461,NA,NA,70.000000000,MEASURED_CPU_FAULT,CPU;INTERVAL_FAULTS,NA,NA,NA,NA,NA,NA,NA,NA,NA,NA,NA,NA,NA,NA,NA,NA,NA,NA,NA,NA,NA,NA,NA,TARGET_GONE,identity no longer active
2026-10-02T16:04:26Z,APP_21637_3022645,21637,3022645,20,1394,197.531,0,0,-1,-1,0,0.999931461,NA,NA,70.000000000,MEASURED_CPU_FAULT,CPU;INTERVAL_FAULTS,NA,NA,NA,NA,NA,NA,NA,NA,NA,NA,NA,NA,NA,NA,NA,NA,NA,NA,NA,NA,NA,NA,NA,TARGET_GONE,identity no longer active
2026-10-02T16:04:26Z,APP_21637_3022645,21637,3022645,20,1395,210.778,0,0,-1,-1,0,0.999931461,NA,NA,70.000000000,MEASURED_CPU_FAULT,CPU;INTERVAL_FAULTS,NA,NA,NA,NA,NA,NA,NA,NA,NA,NA,NA,NA,NA,NA,NA,NA,NA,NA,NA,NA,NA,NA,NA,TARGET_GONE,identity no longer active
2026-10-02T16:04:26Z,APP_21637_3022645,21637,3022645,20,1396,201.499,0,0,-1,-1,0,0.999931461,NA,NA,70.000000000,MEASURED_CPU_FAULT,CPU;INTERVAL_FAULTS,NA,NA,NA,NA,NA,NA,NA,NA,NA,NA,NA,NA,NA,NA,NA,NA,NA,NA,NA,NA,NA,NA,NA,TARGET_GONE,identity no longer active
2026-10-02T16:04:26Z,APP_21637_3022645,21637,3022645,20,1397,198.568,0,0,-1,-1,0,0.999931461,NA,NA,70.000000000,MEASURED_CPU_FAULT,CPU;INTERVAL_FAULTS,NA,NA,NA,NA,NA,NA,NA,NA,NA,NA,NA,NA,NA,NA,NA,NA,NA,NA,NA,NA,NA,NA,NA,TARGET_GONE,identity no longer active
2026-10-02T16:04:26Z,APP_21637_3022645,21637,3022645,20,1398,201.198,0,0,-1,-1,0,0.999931461,NA,NA,70.000000000,MEASURED_CPU_FAULT,CPU;INTERVAL_FAULTS,NA,NA,NA,NA,NA,NA,NA,NA,NA,NA,NA,NA,NA,NA,NA,NA,NA,NA,NA,NA,NA,NA,NA,TARGET_GONE,identity no longer active
2026-10-02T16:04:26Z,APP_21637_3022645,21637,3022645,20,1399,203.376,0,0,-1,-1,0,0.999931461,NA,NA,70.000000000,MEASURED_CPU_FAULT,CPU;INTERVAL_FAULTS,NA,NA,NA,NA,NA,NA,NA,NA,NA,NA,NA,NA,NA,NA,NA,NA,NA,NA,NA,NA,NA,NA,NA,TARGET_GONE,identity no longer active
2026-10-02T16:04:26Z,APP_21637_3022645,21637,3022645,20,1400,191.904,0,0,-1,-1,0,0.999931461,NA,NA,70.000000000,MEASURED_CPU_FAULT,CPU;INTERVAL_FAULTS,NA,NA,NA,NA,NA,NA,NA,NA,NA,NA,NA,NA,NA,NA,NA,NA,NA,NA,NA,NA,NA,NA,NA,TARGET_GONE,identity no longer active
2026-10-02T16:04:26Z,APP_21637_3022645,21637,3022645,20,1401,203.781,0,0,-1,-1,0,0.999931461,NA,NA,70.000000000,MEASURED_CPU_FAULT,CPU;INTERVAL_FAULTS,NA,NA,NA,NA,NA,NA,NA,NA,NA,NA,NA,NA,NA,NA,NA,NA,NA,NA,NA,NA,NA,NA,NA,TARGET_GONE,identity no longer active
2026-10-02T16:04:27Z,APP_21637_3022645,21637,3022645,20,1402,191.617,0,0,-1,-1,0,0.999931461,NA,NA,70.000000000,MEASURED_CPU_FAULT,CPU;INTERVAL_FAULTS,NA,NA,NA,NA,NA,NA,NA,NA,NA,NA,NA,NA,NA,NA,NA,NA,NA,NA,NA,NA,NA,NA,NA,TARGET_GONE,identity no longer active
2026-10-02T16:04:27Z,APP_21637_3022645,21637,3022645,20,1403,201.575,0,0,-1,-1,0,0.999931461,NA,NA,70.000000000,MEASURED_CPU_FAULT,CPU;INTERVAL_FAULTS,NA,NA,NA,NA,NA,NA,NA,NA,NA,NA,NA,NA,NA,NA,NA,NA,NA,NA,NA,NA,NA,NA,NA,TARGET_GONE,identity no longer active
2026-10-02T16:04:27Z,APP_21637_3022645,21637,3022645,20,1404,211.411,0,0,-1,-1,0,0.999931461,NA,NA,70.000000000,MEASURED_CPU_FAULT,CPU;INTERVAL_FAULTS,NA,NA,NA,NA,NA,NA,NA,NA,NA,NA,NA,NA,NA,NA,NA,NA,NA,NA,NA,NA,NA,NA,NA,TARGET_GONE,identity no longer active
2026-10-02T16:04:27Z,APP_21637_3022645,21637,3022645,20,1405,201.802,0,0,-1,-1,0,0.999931461,NA,NA,70.000000000,MEASURED_CPU_FAULT,CPU;INTERVAL_FAULTS,NA,NA,NA,NA,NA,NA,NA,NA,NA,NA,NA,NA,NA,NA,NA,NA,NA,NA,NA,NA,NA,NA,NA,TARGET_GONE,identity no longer active
2026-10-02T16:04:27Z,APP_21637_3022645,21637,3022645,20,1406,198.095,0,0,-1,-1,0,0.999931461,NA,NA,70.000000000,MEASURED_CPU_FAULT,CPU;INTERVAL_FAULTS,NA,NA,NA,NA,NA,NA,NA,NA,NA,NA,NA,NA,NA,NA,NA,NA,NA,NA,NA,NA,NA,NA,NA,TARGET_GONE,identity no longer active
2026-10-02T16:04:27Z,APP_21637_3022645,21637,3022645,20,1407,201.802,0,0,-1,-1,0,0.999931461,NA,NA,70.000000000,MEASURED_CPU_FAULT,CPU;INTERVAL_FAULTS,NA,NA,NA,NA,NA,NA,NA,NA,NA,NA,NA,NA,NA,NA,NA,NA,NA,NA,NA,NA,NA,NA,NA,TARGET_GONE,identity no longer active
2026-10-02T16:04:27Z,APP_21637_3022645,21637,3022645,20,1408,197.413,0,0,-1,-1,0,0.999931461,NA,NA,70.000000000,MEASURED_CPU_FAULT,CPU;INTERVAL_FAULTS,NA,NA,NA,NA,NA,NA,NA,NA,NA,NA,NA,NA,NA,NA,NA,NA,NA,NA,NA,NA,NA,NA,NA,TARGET_GONE,identity no longer active
2026-10-02T16:04:27Z,APP_21637_3022645,21637,3022645,20,1409,201.499,0,0,-1,-1,0,0.999931461,NA,NA,70.000000000,MEASURED_CPU_FAULT,CPU;INTERVAL_FAULTS,NA,NA,NA,NA,NA,NA,NA,NA,NA,NA,NA,NA,NA,NA,NA,NA,NA,NA,NA,NA,NA,NA,NA,TARGET_GONE,identity no longer active
2026-10-02T16:04:28Z,APP_21637_3022645,21637,3022645,20,1410,198.066,0,0,-1,-1,0,0.999931461,NA,NA,70.000000000,MEASURED_CPU_FAULT,CPU;INTERVAL_FAULTS,NA,NA,NA,NA,NA,NA,NA,NA,NA,NA,NA,NA,NA,NA,NA,NA,NA,NA,NA,NA,NA,NA,NA,TARGET_GONE,identity no longer active
2026-10-02T16:04:28Z,APP_21637_3022645,21637,3022645,20,1411,201.198,0,0,-1,-1,0,0.999931461,NA,NA,70.000000000,MEASURED_CPU_FAULT,CPU;INTERVAL_FAULTS,NA,NA,NA,NA,NA,NA,NA,NA,NA,NA,NA,NA,NA,NA,NA,NA,NA,NA,NA,NA,NA,NA,NA,TARGET_GONE,identity no longer active
2026-10-02T16:04:28Z,APP_21637_3022645,21637,3022645,20,1412,198.621,0,0,-1,-1,0,0.999931461,NA,NA,70.000000000,MEASURED_CPU_FAULT,CPU;INTERVAL_FAULTS,NA,NA,NA,NA,NA,NA,NA,NA,NA,NA,NA,NA,NA,NA,NA,NA,NA,NA,NA,NA,NA,NA,NA,TARGET_GONE,identity no longer active
2026-10-02T16:04:28Z,APP_21637_3022645,21637,3022645,20,1413,211.411,0,0,-1,-1,0,0.999931461,NA,NA,70.000000000,MEASURED_CPU_FAULT,CPU;INTERVAL_FAULTS,NA,NA,NA,NA,NA,NA,NA,NA,NA,NA,NA,NA,NA,NA,NA,NA,NA,NA,NA,NA,NA,NA,NA,TARGET_GONE,identity no longer active
2026-10-02T16:04:28Z,APP_21637_3022645,21637,3022645,20,1414,201.499,0,0,-1,-1,0,0.999931461,NA,NA,70.000000000,MEASURED_CPU_FAULT,CPU;INTERVAL_FAULTS,NA,NA,NA,NA,NA,NA,NA,NA,NA,NA,NA,NA,NA,NA,NA,NA,NA,NA,NA,NA,NA,NA,NA,TARGET_GONE,identity no longer active
2026-10-02T16:04:28Z,APP_21637_3022645,21637,3022645,20,1415,198.331,0,0,-1,-1,0,0.999931461,NA,NA,70.000000000,MEASURED_CPU_FAULT,CPU;INTERVAL_FAULTS,NA,NA,NA,NA,NA,NA,NA,NA,NA,NA,NA,NA,NA,NA,NA,NA,NA,NA,NA,NA,NA,NA,NA,TARGET_GONE,identity no longer active
2026-10-02T16:04:28Z,APP_21637_3022645,21637,3022645,20,1416,201.198,0,0,-1,-1,0,0.999931461,NA,NA,70.000000000,MEASURED_CPU_FAULT,CPU;INTERVAL_FAULTS,NA,NA,NA,NA,NA,NA,NA,NA,NA,NA,NA,NA,NA,NA,NA,NA,NA,NA,NA,NA,NA,NA,NA,TARGET_GONE,identity no longer active
2026-10-02T16:04:28Z,APP_21637_3022645,21637,3022645,20,1417,197.610,0,0,-1,-1,0,0.999931461,NA,NA,70.000000000,MEASURED_CPU_FAULT,CPU;INTERVAL_FAULTS,NA,NA,NA,NA,NA,NA,NA,NA,NA,NA,NA,NA,NA,NA,NA,NA,NA,NA,NA,NA,NA,NA,NA,TARGET_GONE,identity no longer active
2026-10-02T16:04:29Z,APP_21637_3022645,21637,3022645,20,1418,201.499,0,0,-1,-1,0,0.999931461,NA,NA,70.000000000,MEASURED_CPU_FAULT,CPU;INTERVAL_FAULTS,NA,NA,NA,NA,NA,NA,NA,NA,NA,NA,NA,NA,NA,NA,NA,NA,NA,NA,NA,NA,NA,NA,NA,TARGET_GONE,identity no longer active
2026-10-02T16:04:29Z,APP_21637_3022645,21637,3022645,20,1419,197.413,0,0,-1,-1,0,0.999931461,NA,NA,70.000000000,MEASURED_CPU_FAULT,CPU;INTERVAL_FAULTS,NA,NA,NA,NA,NA,NA,NA,NA,NA,NA,NA,NA,NA,NA,NA,NA,NA,NA,NA,NA,NA,NA,NA,TARGET_GONE,identity no longer active
2026-10-02T16:04:29Z,APP_21637_3022645,21637,3022645,20,1420,211.094,0,0,-1,-1,0,0.999931461,NA,NA,70.000000000,MEASURED_CPU_FAULT,CPU;INTERVAL_FAULTS,NA,NA,NA,NA,NA,NA,NA,NA,NA,NA,NA,NA,NA,NA,NA,NA,NA,NA,NA,NA,NA,NA,NA,TARGET_GONE,identity no longer active
2026-10-02T16:04:29Z,APP_21637_3022645,21637,3022645,20,1421,196.587,0,0,-1,-1,0,0.999931461,NA,NA,70.000000000,MEASURED_CPU_FAULT,CPU;INTERVAL_FAULTS,NA,NA,NA,NA,NA,NA,NA,NA,NA,NA,NA,NA,NA,NA,NA,NA,NA,NA,NA,NA,NA,NA,NA,TARGET_GONE,identity no longer active
2026-10-02T16:04:29Z,APP_21637_3022645,21637,3022645,20,1422,210.778,0,0,-1,-1,0,0.999931461,NA,NA,70.000000000,MEASURED_CPU_FAULT,CPU;INTERVAL_FAULTS,NA,NA,NA,NA,NA,NA,NA,NA,NA,NA,NA,NA,NA,NA,NA,NA,NA,NA,NA,NA,NA,NA,NA,TARGET_GONE,identity no longer active
2026-10-02T16:04:29Z,APP_21637_3022645,21637,3022645,20,1423,192.192,0,0,-1,-1,0,0.999931461,NA,NA,70.000000000,MEASURED_CPU_FAULT,CPU;INTERVAL_FAULTS,NA,NA,NA,NA,NA,NA,NA,NA,NA,NA,NA,NA,NA,NA,NA,NA,NA,NA,NA,NA,NA,NA,NA,TARGET_GONE,identity no longer active
2026-10-02T16:04:29Z,APP_21637_3022645,21637,3022645,20,1424,205.959,0,0,-1,-1,0,0.999931461,NA,NA,70.000000000,MEASURED_CPU_FAULT,CPU;INTERVAL_FAULTS,NA,NA,NA,NA,NA,NA,NA,NA,NA,NA,NA,NA,NA,NA,NA,NA,NA,NA,NA,NA,NA,NA,NA,TARGET_GONE,identity no longer active
2026-10-02T16:04:29Z,APP_21637_3022645,21637,3022645,20,1425,201.198,0,0,-1,-1,0,0.999931461,NA,NA,70.000000000,MEASURED_CPU_FAULT,CPU;INTERVAL_FAULTS,NA,NA,NA,NA,NA,NA,NA,NA,NA,NA,NA,NA,NA,NA,NA,NA,NA,NA,NA,NA,NA,NA,NA,TARGET_GONE,identity no longer active
2026-10-02T16:04:30Z,APP_21637_3022645,21637,3022645,20,1426,197.610,0,0,-1,-1,0,0.999931461,NA,NA,70.000000000,MEASURED_CPU_FAULT,CPU;INTERVAL_FAULTS,NA,NA,NA,NA,NA,NA,NA,NA,NA,NA,NA,NA,NA,NA,NA,NA,NA,NA,NA,NA,NA,NA,NA,TARGET_GONE,identity no longer active
2026-10-02T16:04:30Z,APP_21637_3022645,21637,3022645,20,1427,201.802,0,0,-1,-1,0,0.999931461,NA,NA,70.000000000,MEASURED_CPU_FAULT,CPU;INTERVAL_FAULTS,NA,NA,NA,NA,NA,NA,NA,NA,NA,NA,NA,NA,NA,NA,NA,NA,NA,NA,NA,NA,NA,NA,NA,TARGET_GONE,identity no longer active
2026-10-02T16:04:30Z,APP_21637_3022645,21637,3022645,20,1428,197.217,0,0,-1,-1,0,0.999931461,NA,NA,70.000000000,MEASURED_CPU_FAULT,CPU;INTERVAL_FAULTS,NA,NA,NA,NA,NA,NA,NA,NA,NA,NA,NA,NA,NA,NA,NA,NA,NA,NA,NA,NA,NA,NA,NA,TARGET_GONE,identity no longer active
2026-10-02T16:04:30Z,APP_21637_3022645,21637,3022645,20,1429,201.802,0,0,-1,-1,0,0.999931461,NA,NA,70.000000000,MEASURED_CPU_FAULT,CPU;INTERVAL_FAULTS,NA,NA,NA,NA,NA,NA,NA,NA,NA,NA,NA,NA,NA,NA,NA,NA,NA,NA,NA,NA,NA,NA,NA,TARGET_GONE,identity no longer active
2026-10-02T16:04:30Z,APP_21637_3022645,21637,3022645,20,1430,200.801,0,0,-1,-1,0,0.999931461,NA,NA,70.000000000,MEASURED_CPU_FAULT,CPU;INTERVAL_FAULTS,NA,NA,NA,NA,NA,NA,NA,NA,NA,NA,NA,NA,NA,NA,NA,NA,NA,NA,NA,NA,NA,NA,NA,TARGET_GONE,identity no longer active
2026-10-02T16:04:30Z,APP_21637_3022645,21637,3022645,20,1431,191.045,0,0,-1,-1,0,0.999931461,NA,NA,70.000000000,MEASURED_CPU_FAULT,CPU;INTERVAL_FAULTS,NA,NA,NA,NA,NA,NA,NA,NA,NA,NA,NA,NA,NA,NA,NA,NA,NA,NA,NA,NA,NA,NA,NA,TARGET_GONE,identity no longer active
2026-10-02T16:04:30Z,APP_21637_3022645,21637,3022645,20,1432,201.499,0,0,-1,-1,0,0.999931461,NA,NA,70.000000000,MEASURED_CPU_FAULT,CPU;INTERVAL_FAULTS,NA,NA,NA,NA,NA,NA,NA,NA,NA,NA,NA,NA,NA,NA,NA,NA,NA,NA,NA,NA,NA,NA,NA,TARGET_GONE,identity no longer active
2026-10-02T16:04:30Z,APP_21637_3022645,21637,3022645,20,1433,198.331,0,0,-1,-1,0,0.999931461,NA,NA,70.000000000,MEASURED_CPU_FAULT,CPU;INTERVAL_FAULTS,NA,NA,NA,NA,NA,NA,NA,NA,NA,NA,NA,NA,NA,NA,NA,NA,NA,NA,NA,NA,NA,NA,NA,TARGET_GONE,identity no longer active
2026-10-02T16:04:31Z,APP_21637_3022645,21637,3022645,20,1434,201.198,0,0,-1,-1,0,0.999931461,NA,NA,70.000000000,MEASURED_CPU_FAULT,CPU;INTERVAL_FAULTS,NA,NA,NA,NA,NA,NA,NA,NA,NA,NA,NA,NA,NA,NA,NA,NA,NA,NA,NA,NA,NA,NA,NA,TARGET_GONE,identity no longer active
2026-10-02T16:04:31Z,APP_21637_3022645,21637,3022645,20,1435,197.413,0,0,-1,-1,0,0.999931461,NA,NA,70.000000000,MEASURED_CPU_FAULT,CPU;INTERVAL_FAULTS,NA,NA,NA,NA,NA,NA,NA,NA,NA,NA,NA,NA,NA,NA,NA,NA,NA,NA,NA,NA,NA,NA,NA,TARGET_GONE,identity no longer active
2026-10-02T16:04:31Z,APP_21637_3022645,21637,3022645,20,1436,201.499,0,0,-1,-1,0,0.999931461,NA,NA,70.000000000,MEASURED_CPU_FAULT,CPU;INTERVAL_FAULTS,NA,NA,NA,NA,NA,NA,NA,NA,NA,NA,NA,NA,NA,NA,NA,NA,NA,NA,NA,NA,NA,NA,NA,TARGET_GONE,identity no longer active
2026-10-02T16:04:31Z,APP_21637_3022645,21637,3022645,20,1437,197.610,0,0,-1,-1,0,0.999931461,NA,NA,70.000000000,MEASURED_CPU_FAULT,CPU;INTERVAL_FAULTS,NA,NA,NA,NA,NA,NA,NA,NA,NA,NA,NA,NA,NA,NA,NA,NA,NA,NA,NA,NA,NA,NA,NA,TARGET_GONE,identity no longer active
2026-10-02T16:04:31Z,APP_21637_3022645,21637,3022645,20,1438,211.094,0,0,-1,-1,0,0.999931461,NA,NA,70.000000000,MEASURED_CPU_FAULT,CPU;INTERVAL_FAULTS,NA,NA,NA,NA,NA,NA,NA,NA,NA,NA,NA,NA,NA,NA,NA,NA,NA,NA,NA,NA,NA,NA,NA,TARGET_GONE,identity no longer active
2026-10-02T16:04:31Z,APP_21637_3022645,21637,3022645,20,1439,198.706,0,0,-1,-1,0,0.999931461,NA,NA,70.000000000,MEASURED_CPU_FAULT,CPU;INTERVAL_FAULTS,NA,NA,NA,NA,NA,NA,NA,NA,NA,NA,NA,NA,NA,NA,NA,NA,NA,NA,NA,NA,NA,NA,NA,TARGET_GONE,identity no longer active
2026-10-02T16:04:31Z,APP_21637_3022645,21637,3022645,20,1440,191.617,0,0,-1,-1,0,0.999931461,NA,NA,70.000000000,MEASURED_CPU_FAULT,CPU;INTERVAL_FAULTS,NA,NA,NA,NA,NA,NA,NA,NA,NA,NA,NA,NA,NA,NA,NA,NA,NA,NA,NA,NA,NA,NA,NA,TARGET_GONE,identity no longer active
2026-10-02T16:04:32Z,APP_21637_3022645,21637,3022645,20,1441,201.499,0,0,-1,-1,0,0.999931461,NA,NA,70.000000000,MEASURED_CPU_FAULT,CPU;INTERVAL_FAULTS,NA,NA,NA,NA,NA,NA,NA,NA,NA,NA,NA,NA,NA,NA,NA,NA,NA,NA,NA,NA,NA,NA,NA,TARGET_GONE,identity no longer active
2026-10-02T16:04:32Z,APP_21637_3022645,21637,3022645,20,1442,206.205,0,0,-1,-1,0,0.999931461,NA,NA,70.000000000,MEASURED_CPU_FAULT,CPU;INTERVAL_FAULTS,NA,NA,NA,NA,NA,NA,NA,NA,NA,NA,NA,NA,NA,NA,NA,NA,NA,NA,NA,NA,NA,NA,NA,TARGET_GONE,identity no longer active
2026-10-02T16:04:32Z,APP_21637_3022645,21637,3022645,20,1443,191.617,0,0,-1,-1,0,0.999931461,NA,NA,70.000000000,MEASURED_CPU_FAULT,CPU;INTERVAL_FAULTS,NA,NA,NA,NA,NA,NA,NA,NA,NA,NA,NA,NA,NA,NA,NA,NA,NA,NA,NA,NA,NA,NA,NA,TARGET_GONE,identity no longer active
2026-10-02T16:04:32Z,APP_21637_3022645,21637,3022645,20,1444,203.781,0,0,-1,-1,0,0.999931461,NA,NA,70.000000000,MEASURED_CPU_FAULT,CPU;INTERVAL_FAULTS,NA,NA,NA,NA,NA,NA,NA,NA,NA,NA,NA,NA,NA,NA,NA,NA,NA,NA,NA,NA,NA,NA,NA,TARGET_GONE,identity no longer active
2026-10-02T16:04:32Z,APP_21637_3022645,21637,3022645,20,1445,191.904,0,0,-1,-1,0,0.999931461,NA,NA,70.000000000,MEASURED_CPU_FAULT,CPU;INTERVAL_FAULTS,NA,NA,NA,NA,NA,NA,NA,NA,NA,NA,NA,NA,NA,NA,NA,NA,NA,NA,NA,NA,NA,NA,NA,TARGET_GONE,identity no longer active
2026-10-02T16:04:32Z,APP_21637_3022645,21637,3022645,20,1446,204.187,0,0,-1,-1,0,0.999931461,NA,NA,70.000000000,MEASURED_CPU_FAULT,CPU;INTERVAL_FAULTS,NA,NA,NA,NA,NA,NA,NA,NA,NA,NA,NA,NA,NA,NA,NA,NA,NA,NA,NA,NA,NA,NA,NA,TARGET_GONE,identity no longer active
2026-10-02T16:04:32Z,APP_21637_3022645,21637,3022645,20,1447,191.904,0,0,-1,-1,0,0.999931461,NA,NA,70.000000000,MEASURED_CPU_FAULT,CPU;INTERVAL_FAULTS,NA,NA,NA,NA,NA,NA,NA,NA,NA,NA,NA,NA,NA,NA,NA,NA,NA,NA,NA,NA,NA,NA,NA,TARGET_GONE,identity no longer active
2026-10-02T16:04:33Z,APP_21637_3022645,21637,3022645,20,1448,203.579,0,0,-1,-1,0,0.999931461,NA,NA,70.000000000,MEASURED_CPU_FAULT,CPU;INTERVAL_FAULTS,NA,NA,NA,NA,NA,NA,NA,NA,NA,NA,NA,NA,NA,NA,NA,NA,NA,NA,NA,NA,NA,NA,NA,TARGET_GONE,identity no longer active
2026-10-02T16:04:33Z,APP_21637_3022645,21637,3022645,20,1449,191.045,0,0,-1,-1,0,0.999931461,NA,NA,70.000000000,MEASURED_CPU_FAULT,CPU;INTERVAL_FAULTS,NA,NA,NA,NA,NA,NA,NA,NA,NA,NA,NA,NA,NA,NA,NA,NA,NA,NA,NA,NA,NA,NA,NA,TARGET_GONE,identity no longer active
2026-10-02T16:04:33Z,APP_21637_3022645,21637,3022645,20,1450,211.094,0,0,-1,-1,0,0.999931461,NA,NA,70.000000000,MEASURED_CPU_FAULT,CPU;INTERVAL_FAULTS,NA,NA,NA,NA,NA,NA,NA,NA,NA,NA,NA,NA,NA,NA,NA,NA,NA,NA,NA,NA,NA,NA,NA,TARGET_GONE,identity no longer active
2026-10-02T16:04:33Z,APP_21637_3022645,21637,3022645,20,1451,190.931,0,0,-1,-1,0,0.999931461,NA,NA,70.000000000,MEASURED_CPU_FAULT,CPU;INTERVAL_FAULTS,NA,NA,NA,NA,NA,NA,NA,NA,NA,NA,NA,NA,NA,NA,NA,NA,NA,NA,NA,NA,NA,NA,NA,TARGET_GONE,identity no longer active
2026-10-02T16:04:33Z,APP_21637_3022645,21637,3022645,20,1452,201.499,0,0,-1,-1,0,0.999931461,NA,NA,70.000000000,MEASURED_CPU_FAULT,CPU;INTERVAL_FAULTS,NA,NA,NA,NA,NA,NA,NA,NA,NA,NA,NA,NA,NA,NA,NA,NA,NA,NA,NA,NA,NA,NA,NA,TARGET_GONE,identity no longer active
2026-10-02T16:04:33Z,APP_21637_3022645,21637,3022645,20,1453,202.973,0,0,-1,-1,0,0.999931461,NA,NA,70.000000000,MEASURED_CPU_FAULT,CPU;INTERVAL_FAULTS,NA,NA,NA,NA,NA,NA,NA,NA,NA,NA,NA,NA,NA,NA,NA,NA,NA,NA,NA,NA,NA,NA,NA,TARGET_GONE,identity no longer active
2026-10-02T16:04:33Z,APP_21637_3022645,21637,3022645,20,1454,202.105,0,0,-1,-1,0,0.999931461,NA,NA,70.000000000,MEASURED_CPU_FAULT,CPU;INTERVAL_FAULTS,NA,NA,NA,NA,NA,NA,NA,NA,NA,NA,NA,NA,NA,NA,NA,NA,NA,NA,NA,NA,NA,NA,NA,TARGET_GONE,identity no longer active
2026-10-02T16:04:33Z,APP_21637_3022645,21637,3022645,20,1455,197.413,0,0,-1,-1,0,0.999931461,NA,NA,70.000000000,MEASURED_CPU_FAULT,CPU;INTERVAL_FAULTS,NA,NA,NA,NA,NA,NA,NA,NA,NA,NA,NA,NA,NA,NA,NA,NA,NA,NA,NA,NA,NA,NA,NA,TARGET_GONE,identity no longer active
2026-10-02T16:04:33Z,APP_21637_3022645,21637,3022645,20,1456,201.802,0,0,-1,-1,0,0.999931461,NA,NA,70.000000000,MEASURED_CPU_FAULT,CPU;INTERVAL_FAULTS,NA,NA,NA,NA,NA,NA,NA,NA,NA,NA,NA,NA,NA,NA,NA,NA,NA,NA,NA,NA,NA,NA,NA,TARGET_GONE,identity no longer active
2026-10-02T16:04:34Z,APP_21637_3022645,21637,3022645,20,1457,200.000,0,0,-1,-1,0,0.999931461,NA,NA,70.000000000,MEASURED_CPU_FAULT,CPU;INTERVAL_FAULTS,NA,NA,NA,NA,NA,NA,NA,NA,NA,NA,NA,NA,NA,NA,NA,NA,NA,NA,NA,NA,NA,NA,NA,TARGET_GONE,identity no longer active
2026-10-02T16:04:34Z,APP_21637_3022645,21637,3022645,20,1458,191.617,0,0,-1,-1,0,0.999931461,NA,NA,70.000000000,MEASURED_CPU_FAULT,CPU;INTERVAL_FAULTS,NA,NA,NA,NA,NA,NA,NA,NA,NA,NA,NA,NA,NA,NA,NA,NA,NA,NA,NA,NA,NA,NA,NA,TARGET_GONE,identity no longer active
2026-10-02T16:04:34Z,APP_21637_3022645,21637,3022645,20,1459,201.499,0,0,-1,-1,0,0.999931461,NA,NA,70.000000000,MEASURED_CPU_FAULT,CPU;INTERVAL_FAULTS,NA,NA,NA,NA,NA,NA,NA,NA,NA,NA,NA,NA,NA,NA,NA,NA,NA,NA,NA,NA,NA,NA,NA,TARGET_GONE,identity no longer active
2026-10-02T16:04:34Z,APP_21637_3022645,21637,3022645,20,1460,198.568,0,0,-1,-1,0,0.999931461,NA,NA,70.000000000,MEASURED_CPU_FAULT,CPU;INTERVAL_FAULTS,NA,NA,NA,NA,NA,NA,NA,NA,NA,NA,NA,NA,NA,NA,NA,NA,NA,NA,NA,NA,NA,NA,NA,TARGET_GONE,identity no longer active
2026-10-02T16:04:34Z,APP_21637_3022645,21637,3022645,20,1461,201.198,0,0,-1,-1,0,0.999931461,NA,NA,70.000000000,MEASURED_CPU_FAULT,CPU;INTERVAL_FAULTS,NA,NA,NA,NA,NA,NA,NA,NA,NA,NA,NA,NA,NA,NA,NA,NA,NA,NA,NA,NA,NA,NA,NA,TARGET_GONE,identity no longer active
2026-10-02T16:04:34Z,APP_21637_3022645,21637,3022645,20,1462,203.175,0,0,-1,-1,0,0.999931461,NA,NA,70.000000000,MEASURED_CPU_FAULT,CPU;INTERVAL_FAULTS,NA,NA,NA,NA,NA,NA,NA,NA,NA,NA,NA,NA,NA,NA,NA,NA,NA,NA,NA,NA,NA,NA,NA,TARGET_GONE,identity no longer active
2026-10-02T16:04:34Z,APP_21637_3022645,21637,3022645,20,1463,201.802,0,0,-1,-1,0,0.999931461,NA,NA,70.000000000,MEASURED_CPU_FAULT,CPU;INTERVAL_FAULTS,NA,NA,NA,NA,NA,NA,NA,NA,NA,NA,NA,NA,NA,NA,NA,NA,NA,NA,NA,NA,NA,NA,NA,TARGET_GONE,identity no longer active
2026-10-02T16:04:35Z,APP_21637_3022645,21637,3022645,20,1464,197.610,0,0,-1,-1,0,0.999931461,NA,NA,70.000000000,MEASURED_CPU_FAULT,CPU;INTERVAL_FAULTS,NA,NA,NA,NA,NA,NA,NA,NA,NA,NA,NA,NA,NA,NA,NA,NA,NA,NA,NA,NA,NA,NA,NA,TARGET_GONE,identity no longer active
2026-10-02T16:04:35Z,APP_21637_3022645,21637,3022645,20,1465,201.198,0,0,-1,-1,0,0.999931461,NA,NA,70.000000000,MEASURED_CPU_FAULT,CPU;INTERVAL_FAULTS,NA,NA,NA,NA,NA,NA,NA,NA,NA,NA,NA,NA,NA,NA,NA,NA,NA,NA,NA,NA,NA,NA,NA,TARGET_GONE,identity no longer active
2026-10-02T16:04:35Z,APP_21637_3022645,21637,3022645,20,1466,200.784,0,0,-1,-1,0,0.999931461,NA,NA,70.000000000,MEASURED_CPU_FAULT,CPU;INTERVAL_FAULTS,NA,NA,NA,NA,NA,NA,NA,NA,NA,NA,NA,NA,NA,NA,NA,NA,NA,NA,NA,NA,NA,NA,NA,TARGET_GONE,identity no longer active
2026-10-02T16:04:35Z,APP_21637_3022645,21637,3022645,20,1467,192.385,0,0,-1,-1,0,0.999931461,NA,NA,70.000000000,MEASURED_CPU_FAULT,CPU;INTERVAL_FAULTS,NA,NA,NA,NA,NA,NA,NA,NA,NA,NA,NA,NA,NA,NA,NA,NA,NA,NA,NA,NA,NA,NA,NA,TARGET_GONE,identity no longer active
2026-10-02T16:04:35Z,APP_21637_3022645,21637,3022645,20,1468,201.198,0,0,-1,-1,0,0.999931461,NA,NA,70.000000000,MEASURED_CPU_FAULT,CPU;INTERVAL_FAULTS,NA,NA,NA,NA,NA,NA,NA,NA,NA,NA,NA,NA,NA,NA,NA,NA,NA,NA,NA,NA,NA,NA,NA,TARGET_GONE,identity no longer active
2026-10-02T16:04:35Z,APP_21637_3022645,21637,3022645,20,1469,199.703,0,0,-1,-1,0,0.999931461,NA,NA,70.000000000,MEASURED_CPU_FAULT,CPU;INTERVAL_FAULTS,NA,NA,NA,NA,NA,NA,NA,NA,NA,NA,NA,NA,NA,NA,NA,NA,NA,NA,NA,NA,NA,NA,NA,TARGET_GONE,identity no longer active
2026-10-02T16:04:35Z,APP_21637_3022645,21637,3022645,20,1470,201.499,0,0,-1,-1,0,0.999931461,NA,NA,70.000000000,MEASURED_CPU_FAULT,CPU;INTERVAL_FAULTS,NA,NA,NA,NA,NA,NA,NA,NA,NA,NA,NA,NA,NA,NA,NA,NA,NA,NA,NA,NA,NA,NA,NA,TARGET_GONE,identity no longer active
2026-10-02T16:04:35Z,APP_21637_3022645,21637,3022645,20,1471,197.217,0,0,-1,-1,0,0.999931461,NA,NA,70.000000000,MEASURED_CPU_FAULT,CPU;INTERVAL_FAULTS,NA,NA,NA,NA,NA,NA,NA,NA,NA,NA,NA,NA,NA,NA,NA,NA,NA,NA,NA,NA,NA,NA,NA,TARGET_GONE,identity no longer active
2026-10-02T16:04:36Z,APP_21637_3022645,21637,3022645,20,1472,201.198,0,0,-1,-1,0,0.999931461,NA,NA,70.000000000,MEASURED_CPU_FAULT,CPU;INTERVAL_FAULTS,NA,NA,NA,NA,NA,NA,NA,NA,NA,NA,NA,NA,NA,NA,NA,NA,NA,NA,NA,NA,NA,NA,NA,TARGET_GONE,identity no longer active
2026-10-02T16:04:36Z,APP_21637_3022645,21637,3022645,20,1473,197.807,0,0,-1,-1,0,0.999931461,NA,NA,70.000000000,MEASURED_CPU_FAULT,CPU;INTERVAL_FAULTS,NA,NA,NA,NA,NA,NA,NA,NA,NA,NA,NA,NA,NA,NA,NA,NA,NA,NA,NA,NA,NA,NA,NA,TARGET_GONE,identity no longer active
2026-10-02T16:04:36Z,APP_21637_3022645,21637,3022645,20,1474,210.778,0,0,-1,-1,0,0.999931461,NA,NA,70.000000000,MEASURED_CPU_FAULT,CPU;INTERVAL_FAULTS,NA,NA,NA,NA,NA,NA,NA,NA,NA,NA,NA,NA,NA,NA,NA,NA,NA,NA,NA,NA,NA,NA,NA,TARGET_GONE,identity no longer active
2026-10-02T16:04:13Z,APP_21637_3022645,21637,3022645,21,1475,0.000,0,0,-1,-1,0,0.999931461,1,true,0.000000000,MEASURED_CPU_FAULT,CPU;INTERVAL_FAULTS,HOT,669.474315258,0.560000000,0.700000000,NA,NA,NA,NA,0.560000000,0.000000000,0.700000000,0.000000000,-1.000000000,1.232000000,NA,MOVE_THREAD,INVALID,NOT_APPLICABLE,INVALID,MOVE_THREAD,-1,-1,false,TARGET_GONE,identity no longer active
2026-10-02T16:04:14Z,APP_21637_3022645,21637,3022645,21,1476,0.000,0,0,-1,-1,0,0.999931461,NA,NA,0.000000000,MEASURED_CPU_FAULT,CPU;INTERVAL_FAULTS,NA,NA,NA,NA,NA,NA,NA,NA,NA,NA,NA,NA,NA,NA,NA,NA,NA,NA,NA,NA,NA,NA,NA,TARGET_GONE,identity no longer active
2026-10-02T16:04:14Z,APP_21637_3022645,21637,3022645,21,1477,0.000,0,0,-1,-1,0,0.999931461,NA,NA,0.000000000,MEASURED_CPU_FAULT,CPU;INTERVAL_FAULTS,NA,NA,NA,NA,NA,NA,NA,NA,NA,NA,NA,NA,NA,NA,NA,NA,NA,NA,NA,NA,NA,NA,NA,TARGET_GONE,identity no longer active
2026-10-02T16:04:14Z,APP_21637_3022645,21637,3022645,21,1478,0.000,0,0,-1,-1,0,0.999931461,NA,NA,0.000000000,MEASURED_CPU_FAULT,CPU;INTERVAL_FAULTS,NA,NA,NA,NA,NA,NA,NA,NA,NA,NA,NA,NA,NA,NA,NA,NA,NA,NA,NA,NA,NA,NA,NA,TARGET_GONE,identity no longer active
2026-10-02T16:04:14Z,APP_21637_3022645,21637,3022645,21,1479,0.000,0,0,-1,-1,0,0.999931461,NA,NA,0.000000000,MEASURED_CPU_FAULT,CPU;INTERVAL_FAULTS,NA,NA,NA,NA,NA,NA,NA,NA,NA,NA,NA,NA,NA,NA,NA,NA,NA,NA,NA,NA,NA,NA,NA,TARGET_GONE,identity no longer active
2026-10-02T16:04:14Z,APP_21637_3022645,21637,3022645,21,1480,0.000,0,0,-1,-1,0,0.999931461,NA,NA,0.000000000,MEASURED_CPU_FAULT,CPU;INTERVAL_FAULTS,NA,NA,NA,NA,NA,NA,NA,NA,NA,NA,NA,NA,NA,NA,NA,NA,NA,NA,NA,NA,NA,NA,NA,TARGET_GONE,identity no longer active
2026-10-02T16:04:14Z,APP_21637_3022645,21637,3022645,21,1481,0.000,0,0,-1,-1,0,0.999931461,NA,NA,0.000000000,MEASURED_CPU_FAULT,CPU;INTERVAL_FAULTS,NA,NA,NA,NA,NA,NA,NA,NA,NA,NA,NA,NA,NA,NA,NA,NA,NA,NA,NA,NA,NA,NA,NA,TARGET_GONE,identity no longer active
2026-10-02T16:04:15Z,APP_21637_3022645,21637,3022645,21,1482,18.907,0,0,-1,-1,0,0.999931461,NA,NA,13.234900000,MEASURED_CPU_FAULT,CPU;INTERVAL_FAULTS,NA,NA,NA,NA,NA,NA,NA,NA,NA,NA,NA,NA,NA,NA,NA,NA,NA,NA,NA,NA,NA,NA,NA,TARGET_GONE,identity no longer active
2026-10-02T16:04:15Z,APP_21637_3022645,21637,3022645,21,1483,191.617,0,0,-1,-1,0,0.999931461,NA,NA,70.000000000,MEASURED_CPU_FAULT,CPU;INTERVAL_FAULTS,NA,NA,NA,NA,NA,NA,NA,NA,NA,NA,NA,NA,NA,NA,NA,NA,NA,NA,NA,NA,NA,NA,NA,TARGET_GONE,identity no longer active
2026-10-02T16:04:15Z,APP_21637_3022645,21637,3022645,21,1484,201.499,0,0,-1,-1,0,0.999931461,NA,NA,70.000000000,MEASURED_CPU_FAULT,CPU;INTERVAL_FAULTS,NA,NA,NA,NA,NA,NA,NA,NA,NA,NA,NA,NA,NA,NA,NA,NA,NA,NA,NA,NA,NA,NA,NA,TARGET_GONE,identity no longer active
2026-10-02T16:04:15Z,APP_21637_3022645,21637,3022645,21,1485,200.272,0,0,-1,-1,0,0.999931461,NA,NA,70.000000000,MEASURED_CPU_FAULT,CPU;INTERVAL_FAULTS,NA,NA,NA,NA,NA,NA,NA,NA,NA,NA,NA,NA,NA,NA,NA,NA,NA,NA,NA,NA,NA,NA,NA,TARGET_GONE,identity no longer active
2026-10-02T16:04:15Z,APP_21637_3022645,21637,3022645,21,1486,201.198,0,0,-1,-1,0,0.999931461,NA,NA,70.000000000,MEASURED_CPU_FAULT,CPU;INTERVAL_FAULTS,NA,NA,NA,NA,NA,NA,NA,NA,NA,NA,NA,NA,NA,NA,NA,NA,NA,NA,NA,NA,NA,NA,NA,TARGET_GONE,identity no longer active
2026-10-02T16:04:15Z,APP_21637_3022645,21637,3022645,21,1487,196.831,0,0,-1,-1,0,0.999931461,NA,NA,70.000000000,MEASURED_CPU_FAULT,CPU;INTERVAL_FAULTS,NA,NA,NA,NA,NA,NA,NA,NA,NA,NA,NA,NA,NA,NA,NA,NA,NA,NA,NA,NA,NA,NA,NA,TARGET_GONE,identity no longer active
2026-10-02T16:04:15Z,APP_21637_3022645,21637,3022645,21,1488,201.499,0,0,-1,-1,0,0.999931461,NA,NA,70.000000000,MEASURED_CPU_FAULT,CPU;INTERVAL_FAULTS,NA,NA,NA,NA,NA,NA,NA,NA,NA,NA,NA,NA,NA,NA,NA,NA,NA,NA,NA,NA,NA,NA,NA,TARGET_GONE,identity no longer active
2026-10-02T16:04:15Z,APP_21637_3022645,21637,3022645,21,1489,197.610,0,0,-1,-1,0,0.999931461,NA,NA,70.000000000,MEASURED_CPU_FAULT,CPU;INTERVAL_FAULTS,NA,NA,NA,NA,NA,NA,NA,NA,NA,NA,NA,NA,NA,NA,NA,NA,NA,NA,NA,NA,NA,NA,NA,TARGET_GONE,identity no longer active
2026-10-02T16:04:15Z,APP_21637_3022645,21637,3022645,21,1490,201.499,0,0,-1,-1,0,0.999931461,NA,NA,70.000000000,MEASURED_CPU_FAULT,CPU;INTERVAL_FAULTS,NA,NA,NA,NA,NA,NA,NA,NA,NA,NA,NA,NA,NA,NA,NA,NA,NA,NA,NA,NA,NA,NA,NA,TARGET_GONE,identity no longer active
2026-10-02T16:04:16Z,APP_21637_3022645,21637,3022645,21,1491,203.787,0,0,-1,-1,0,0.999931461,NA,NA,70.000000000,MEASURED_CPU_FAULT,CPU;INTERVAL_FAULTS,NA,NA,NA,NA,NA,NA,NA,NA,NA,NA,NA,NA,NA,NA,NA,NA,NA,NA,NA,NA,NA,NA,NA,TARGET_GONE,identity no longer active
2026-10-02T16:04:16Z,APP_21637_3022645,21637,3022645,21,1492,192.192,0,0,-1,-1,0,0.999931461,NA,NA,70.000000000,MEASURED_CPU_FAULT,CPU;INTERVAL_FAULTS,NA,NA,NA,NA,NA,NA,NA,NA,NA,NA,NA,NA,NA,NA,NA,NA,NA,NA,NA,NA,NA,NA,NA,TARGET_GONE,identity no longer active
2026-10-02T16:04:16Z,APP_21637_3022645,21637,3022645,21,1493,201.499,0,0,-1,-1,0,0.999931461,NA,NA,70.000000000,MEASURED_CPU_FAULT,CPU;INTERVAL_FAULTS,NA,NA,NA,NA,NA,NA,NA,NA,NA,NA,NA,NA,NA,NA,NA,NA,NA,NA,NA,NA,NA,NA,NA,TARGET_GONE,identity no longer active
2026-10-02T16:04:16Z,APP_21637_3022645,21637,3022645,21,1494,205.714,0,0,-1,-1,0,0.999931461,NA,NA,70.000000000,MEASURED_CPU_FAULT,CPU;INTERVAL_FAULTS,NA,NA,NA,NA,NA,NA,NA,NA,NA,NA,NA,NA,NA,NA,NA,NA,NA,NA,NA,NA,NA,NA,NA,TARGET_GONE,identity no longer active
2026-10-02T16:04:16Z,APP_21637_3022645,21637,3022645,21,1495,191.617,0,0,-1,-1,0,0.999931461,NA,NA,70.000000000,MEASURED_CPU_FAULT,CPU;INTERVAL_FAULTS,NA,NA,NA,NA,NA,NA,NA,NA,NA,NA,NA,NA,NA,NA,NA,NA,NA,NA,NA,NA,NA,NA,NA,TARGET_GONE,identity no longer active
2026-10-02T16:04:16Z,APP_21637_3022645,21637,3022645,21,1496,203.781,0,0,-1,-1,0,0.999931461,NA,NA,70.000000000,MEASURED_CPU_FAULT,CPU;INTERVAL_FAULTS,NA,NA,NA,NA,NA,NA,NA,NA,NA,NA,NA,NA,NA,NA,NA,NA,NA,NA,NA,NA,NA,NA,NA,TARGET_GONE,identity no longer active
2026-10-02T16:04:16Z,APP_21637_3022645,21637,3022645,21,1497,192.192,0,0,-1,-1,0,0.999931461,NA,NA,70.000000000,MEASURED_CPU_FAULT,CPU;INTERVAL_FAULTS,NA,NA,NA,NA,NA,NA,NA,NA,NA,NA,NA,NA,NA,NA,NA,NA,NA,NA,NA,NA,NA,NA,NA,TARGET_GONE,identity no longer active
2026-10-02T16:04:16Z,APP_21637_3022645,21637,3022645,21,1498,203.579,0,0,-1,-1,0,0.999931461,NA,NA,70.000000000,MEASURED_CPU_FAULT,CPU;INTERVAL_FAULTS,NA,NA,NA,NA,NA,NA,NA,NA,NA,NA,NA,NA,NA,NA,NA,NA,NA,NA,NA,NA,NA,NA,NA,TARGET_GONE,identity no longer active
2026-10-02T16:04:17Z,APP_21637_3022645,21637,3022645,21,1499,201.499,0,0,-1,-1,0,0.999931461,NA,NA,70.000000000,MEASURED_CPU_FAULT,CPU;INTERVAL_FAULTS,NA,NA,NA,NA,NA,NA,NA,NA,NA,NA,NA,NA,NA,NA,NA,NA,NA,NA,NA,NA,NA,NA,NA,TARGET_GONE,identity no longer active
2026-10-02T16:04:17Z,APP_21637_3022645,21637,3022645,21,1500,198.450,0,0,-1,-1,0,0.999931461,NA,NA,70.000000000,MEASURED_CPU_FAULT,CPU;INTERVAL_FAULTS,NA,NA,NA,NA,NA,NA,NA,NA,NA,NA,NA,NA,NA,NA,NA,NA,NA,NA,NA,NA,NA,NA,NA,TARGET_GONE,identity no longer active
2026-10-02T16:04:17Z,APP_21637_3022645,21637,3022645,21,1501,211.411,0,0,-1,-1,0,0.999931461,NA,NA,70.000000000,MEASURED_CPU_FAULT,CPU;INTERVAL_FAULTS,NA,NA,NA,NA,NA,NA,NA,NA,NA,NA,NA,NA,NA,NA,NA,NA,NA,NA,NA,NA,NA,NA,NA,TARGET_GONE,identity no longer active
2026-10-02T16:04:17Z,APP_21637_3022645,21637,3022645,21,1502,191.904,0,0,-1,-1,0,0.999931461,NA,NA,70.000000000,MEASURED_CPU_FAULT,CPU;INTERVAL_FAULTS,NA,NA,NA,NA,NA,NA,NA,NA,NA,NA,NA,NA,NA,NA,NA,NA,NA,NA,NA,NA,NA,NA,NA,TARGET_GONE,identity no longer active
2026-10-02T16:04:17Z,APP_21637_3022645,21637,3022645,21,1503,205.714,0,0,-1,-1,0,0.999931461,NA,NA,70.000000000,MEASURED_CPU_FAULT,CPU;INTERVAL_FAULTS,NA,NA,NA,NA,NA,NA,NA,NA,NA,NA,NA,NA,NA,NA,NA,NA,NA,NA,NA,NA,NA,NA,NA,TARGET_GONE,identity no longer active
2026-10-02T16:04:17Z,APP_21637_3022645,21637,3022645,21,1504,201.802,0,0,-1,-1,0,0.999931461,NA,NA,70.000000000,MEASURED_CPU_FAULT,CPU;INTERVAL_FAULTS,NA,NA,NA,NA,NA,NA,NA,NA,NA,NA,NA,NA,NA,NA,NA,NA,NA,NA,NA,NA,NA,NA,NA,TARGET_GONE,identity no longer active
2026-10-02T16:04:17Z,APP_21637_3022645,21637,3022645,21,1505,197.217,0,0,-1,-1,0,0.999931461,NA,NA,70.000000000,MEASURED_CPU_FAULT,CPU;INTERVAL_FAULTS,NA,NA,NA,NA,NA,NA,NA,NA,NA,NA,NA,NA,NA,NA,NA,NA,NA,NA,NA,NA,NA,NA,NA,TARGET_GONE,identity no longer active
2026-10-02T16:04:17Z,APP_21637_3022645,21637,3022645,21,1506,201.499,0,0,-1,-1,0,0.999931461,NA,NA,70.000000000,MEASURED_CPU_FAULT,CPU;INTERVAL_FAULTS,NA,NA,NA,NA,NA,NA,NA,NA,NA,NA,NA,NA,NA,NA,NA,NA,NA,NA,NA,NA,NA,NA,NA,TARGET_GONE,identity no longer active
2026-10-02T16:04:18Z,APP_21637_3022645,21637,3022645,21,1507,197.807,0,0,-1,-1,0,0.999931461,NA,NA,70.000000000,MEASURED_CPU_FAULT,CPU;INTERVAL_FAULTS,NA,NA,NA,NA,NA,NA,NA,NA,NA,NA,NA,NA,NA,NA,NA,NA,NA,NA,NA,NA,NA,NA,NA,TARGET_GONE,identity no longer active
2026-10-02T16:04:18Z,APP_21637_3022645,21637,3022645,21,1508,200.897,0,0,-1,-1,0,0.999931461,NA,NA,70.000000000,MEASURED_CPU_FAULT,CPU;INTERVAL_FAULTS,NA,NA,NA,NA,NA,NA,NA,NA,NA,NA,NA,NA,NA,NA,NA,NA,NA,NA,NA,NA,NA,NA,NA,TARGET_GONE,identity no longer active
2026-10-02T16:04:18Z,APP_21637_3022645,21637,3022645,21,1509,199.555,0,0,-1,-1,0,0.999931461,NA,NA,70.000000000,MEASURED_CPU_FAULT,CPU;INTERVAL_FAULTS,NA,NA,NA,NA,NA,NA,NA,NA,NA,NA,NA,NA,NA,NA,NA,NA,NA,NA,NA,NA,NA,NA,NA,TARGET_GONE,identity no longer active
2026-10-02T16:04:18Z,APP_21637_3022645,21637,3022645,21,1510,191.617,0,0,-1,-1,0,0.999931461,NA,NA,70.000000000,MEASURED_CPU_FAULT,CPU;INTERVAL_FAULTS,NA,NA,NA,NA,NA,NA,NA,NA,NA,NA,NA,NA,NA,NA,NA,NA,NA,NA,NA,NA,NA,NA,NA,TARGET_GONE,identity no longer active
2026-10-02T16:04:18Z,APP_21637_3022645,21637,3022645,21,1511,201.499,0,0,-1,-1,0,0.999931461,NA,NA,70.000000000,MEASURED_CPU_FAULT,CPU;INTERVAL_FAULTS,NA,NA,NA,NA,NA,NA,NA,NA,NA,NA,NA,NA,NA,NA,NA,NA,NA,NA,NA,NA,NA,NA,NA,TARGET_GONE,identity no longer active
2026-10-02T16:04:18Z,APP_21637_3022645,21637,3022645,21,1512,198.393,0,0,-1,-1,0,0.999931461,NA,NA,70.000000000,MEASURED_CPU_FAULT,CPU;INTERVAL_FAULTS,NA,NA,NA,NA,NA,NA,NA,NA,NA,NA,NA,NA,NA,NA,NA,NA,NA,NA,NA,NA,NA,NA,NA,TARGET_GONE,identity no longer active
2026-10-02T16:04:18Z,APP_21637_3022645,21637,3022645,21,1513,201.802,0,0,-1,-1,0,0.999931461,NA,NA,70.000000000,MEASURED_CPU_FAULT,CPU;INTERVAL_FAULTS,NA,NA,NA,NA,NA,NA,NA,NA,NA,NA,NA,NA,NA,NA,NA,NA,NA,NA,NA,NA,NA,NA,NA,TARGET_GONE,identity no longer active
2026-10-02T16:04:18Z,APP_21637_3022645,21637,3022645,21,1514,203.175,0,0,-1,-1,0,0.999931461,NA,NA,70.000000000,MEASURED_CPU_FAULT,CPU;INTERVAL_FAULTS,NA,NA,NA,NA,NA,NA,NA,NA,NA,NA,NA,NA,NA,NA,NA,NA,NA,NA,NA,NA,NA,NA,NA,TARGET_GONE,identity no longer active
2026-10-02T16:04:19Z,APP_21637_3022645,21637,3022645,21,1515,201.802,0,0,-1,-1,0,0.999931461,NA,NA,70.000000000,MEASURED_CPU_FAULT,CPU;INTERVAL_FAULTS,NA,NA,NA,NA,NA,NA,NA,NA,NA,NA,NA,NA,NA,NA,NA,NA,NA,NA,NA,NA,NA,NA,NA,TARGET_GONE,identity no longer active
2026-10-02T16:04:19Z,APP_21637_3022645,21637,3022645,21,1516,197.413,0,0,-1,-1,0,0.999931461,NA,NA,70.000000000,MEASURED_CPU_FAULT,CPU;INTERVAL_FAULTS,NA,NA,NA,NA,NA,NA,NA,NA,NA,NA,NA,NA,NA,NA,NA,NA,NA,NA,NA,NA,NA,NA,NA,TARGET_GONE,identity no longer active
2026-10-02T16:04:19Z,APP_21637_3022645,21637,3022645,21,1517,201.499,0,0,-1,-1,0,0.999931461,NA,NA,70.000000000,MEASURED_CPU_FAULT,CPU;INTERVAL_FAULTS,NA,NA,NA,NA,NA,NA,NA,NA,NA,NA,NA,NA,NA,NA,NA,NA,NA,NA,NA,NA,NA,NA,NA,TARGET_GONE,identity no longer active
2026-10-02T16:04:19Z,APP_21637_3022645,21637,3022645,21,1518,203.262,0,0,-1,-1,0,0.999931461,NA,NA,70.000000000,MEASURED_CPU_FAULT,CPU;INTERVAL_FAULTS,NA,NA,NA,NA,NA,NA,NA,NA,NA,NA,NA,NA,NA,NA,NA,NA,NA,NA,NA,NA,NA,NA,NA,TARGET_GONE,identity no longer active
2026-10-02T16:04:19Z,APP_21637_3022645,21637,3022645,21,1519,201.499,0,0,-1,-1,0,0.999931461,NA,NA,70.000000000,MEASURED_CPU_FAULT,CPU;INTERVAL_FAULTS,NA,NA,NA,NA,NA,NA,NA,NA,NA,NA,NA,NA,NA,NA,NA,NA,NA,NA,NA,NA,NA,NA,NA,TARGET_GONE,identity no longer active
2026-10-02T16:04:19Z,APP_21637_3022645,21637,3022645,21,1520,197.610,0,0,-1,-1,0,0.999931461,NA,NA,70.000000000,MEASURED_CPU_FAULT,CPU;INTERVAL_FAULTS,NA,NA,NA,NA,NA,NA,NA,NA,NA,NA,NA,NA,NA,NA,NA,NA,NA,NA,NA,NA,NA,NA,NA,TARGET_GONE,identity no longer active
2026-10-02T16:04:19Z,APP_21637_3022645,21637,3022645,21,1521,201.499,0,0,-1,-1,0,0.999931461,NA,NA,70.000000000,MEASURED_CPU_FAULT,CPU;INTERVAL_FAULTS,NA,NA,NA,NA,NA,NA,NA,NA,NA,NA,NA,NA,NA,NA,NA,NA,NA,NA,NA,NA,NA,NA,NA,TARGET_GONE,identity no longer active
2026-10-02T16:04:20Z,APP_21637_3022645,21637,3022645,21,1522,197.610,0,0,-1,-1,0,0.999931461,NA,NA,70.000000000,MEASURED_CPU_FAULT,CPU;INTERVAL_FAULTS,NA,NA,NA,NA,NA,NA,NA,NA,NA,NA,NA,NA,NA,NA,NA,NA,NA,NA,NA,NA,NA,NA,NA,TARGET_GONE,identity no longer active
2026-10-02T16:04:20Z,APP_21637_3022645,21637,3022645,21,1523,201.499,0,0,-1,-1,0,0.999931461,NA,NA,70.000000000,MEASURED_CPU_FAULT,CPU;INTERVAL_FAULTS,NA,NA,NA,NA,NA,NA,NA,NA,NA,NA,NA,NA,NA,NA,NA,NA,NA,NA,NA,NA,NA,NA,NA,TARGET_GONE,identity no longer active
2026-10-02T16:04:20Z,APP_21637_3022645,21637,3022645,21,1524,202.973,0,0,-1,-1,0,0.999931461,NA,NA,70.000000000,MEASURED_CPU_FAULT,CPU;INTERVAL_FAULTS,NA,NA,NA,NA,NA,NA,NA,NA,NA,NA,NA,NA,NA,NA,NA,NA,NA,NA,NA,NA,NA,NA,NA,TARGET_GONE,identity no longer active
2026-10-02T16:04:20Z,APP_21637_3022645,21637,3022645,21,1525,191.904,0,0,-1,-1,0,0.999931461,NA,NA,70.000000000,MEASURED_CPU_FAULT,CPU;INTERVAL_FAULTS,NA,NA,NA,NA,NA,NA,NA,NA,NA,NA,NA,NA,NA,NA,NA,NA,NA,NA,NA,NA,NA,NA,NA,TARGET_GONE,identity no longer active
2026-10-02T16:04:20Z,APP_21637_3022645,21637,3022645,21,1526,201.942,0,0,-1,-1,0,0.999931461,NA,NA,70.000000000,MEASURED_CPU_FAULT,CPU;INTERVAL_FAULTS,NA,NA,NA,NA,NA,NA,NA,NA,NA,NA,NA,NA,NA,NA,NA,NA,NA,NA,NA,NA,NA,NA,NA,TARGET_GONE,identity no longer active
2026-10-02T16:04:20Z,APP_21637_3022645,21637,3022645,21,1527,191.617,0,0,-1,-1,0,0.999931461,NA,NA,70.000000000,MEASURED_CPU_FAULT,CPU;INTERVAL_FAULTS,NA,NA,NA,NA,NA,NA,NA,NA,NA,NA,NA,NA,NA,NA,NA,NA,NA,NA,NA,NA,NA,NA,NA,TARGET_GONE,identity no longer active
2026-10-02T16:04:20Z,APP_21637_3022645,21637,3022645,21,1528,201.802,0,0,-1,-1,0,0.999931461,NA,NA,70.000000000,MEASURED_CPU_FAULT,CPU;INTERVAL_FAULTS,NA,NA,NA,NA,NA,NA,NA,NA,NA,NA,NA,NA,NA,NA,NA,NA,NA,NA,NA,NA,NA,NA,NA,TARGET_GONE,identity no longer active
2026-10-02T16:04:20Z,APP_21637_3022645,21637,3022645,21,1529,198.331,0,0,-1,-1,0,0.999931461,NA,NA,70.000000000,MEASURED_CPU_FAULT,CPU;INTERVAL_FAULTS,NA,NA,NA,NA,NA,NA,NA,NA,NA,NA,NA,NA,NA,NA,NA,NA,NA,NA,NA,NA,NA,NA,NA,TARGET_GONE,identity no longer active
2026-10-02T16:04:20Z,APP_21637_3022645,21637,3022645,21,1530,201.499,0,0,-1,-1,0,0.999931461,NA,NA,70.000000000,MEASURED_CPU_FAULT,CPU;INTERVAL_FAULTS,NA,NA,NA,NA,NA,NA,NA,NA,NA,NA,NA,NA,NA,NA,NA,NA,NA,NA,NA,NA,NA,NA,NA,TARGET_GONE,identity no longer active
2026-10-02T16:04:21Z,APP_21637_3022645,21637,3022645,21,1531,197.413,0,0,-1,-1,0,0.999931461,NA,NA,70.000000000,MEASURED_CPU_FAULT,CPU;INTERVAL_FAULTS,NA,NA,NA,NA,NA,NA,NA,NA,NA,NA,NA,NA,NA,NA,NA,NA,NA,NA,NA,NA,NA,NA,NA,TARGET_GONE,identity no longer active
2026-10-02T16:04:21Z,APP_21637_3022645,21637,3022645,21,1532,201.499,0,0,-1,-1,0,0.999931461,NA,NA,70.000000000,MEASURED_CPU_FAULT,CPU;INTERVAL_FAULTS,NA,NA,NA,NA,NA,NA,NA,NA,NA,NA,NA,NA,NA,NA,NA,NA,NA,NA,NA,NA,NA,NA,NA,TARGET_GONE,identity no longer active
2026-10-02T16:04:21Z,APP_21637_3022645,21637,3022645,21,1533,203.579,0,0,-1,-1,0,0.999931461,NA,NA,70.000000000,MEASURED_CPU_FAULT,CPU;INTERVAL_FAULTS,NA,NA,NA,NA,NA,NA,NA,NA,NA,NA,NA,NA,NA,NA,NA,NA,NA,NA,NA,NA,NA,NA,NA,TARGET_GONE,identity no longer active
2026-10-02T16:04:21Z,APP_21637_3022645,21637,3022645,21,1534,201.499,0,0,-1,-1,0,0.999931461,NA,NA,70.000000000,MEASURED_CPU_FAULT,CPU;INTERVAL_FAULTS,NA,NA,NA,NA,NA,NA,NA,NA,NA,NA,NA,NA,NA,NA,NA,NA,NA,NA,NA,NA,NA,NA,NA,TARGET_GONE,identity no longer active
2026-10-02T16:04:21Z,APP_21637_3022645,21637,3022645,21,1535,199.555,0,0,-1,-1,0,0.999931461,NA,NA,70.000000000,MEASURED_CPU_FAULT,CPU;INTERVAL_FAULTS,NA,NA,NA,NA,NA,NA,NA,NA,NA,NA,NA,NA,NA,NA,NA,NA,NA,NA,NA,NA,NA,NA,NA,TARGET_GONE,identity no longer active
2026-10-02T16:04:21Z,APP_21637_3022645,21637,3022645,21,1536,192.192,0,0,-1,-1,0,0.999931461,NA,NA,70.000000000,MEASURED_CPU_FAULT,CPU;INTERVAL_FAULTS,NA,NA,NA,NA,NA,NA,NA,NA,NA,NA,NA,NA,NA,NA,NA,NA,NA,NA,NA,NA,NA,NA,NA,TARGET_GONE,identity no longer active
2026-10-02T16:04:21Z,APP_21637_3022645,21637,3022645,21,1537,200.897,0,0,-1,-1,0,0.999931461,NA,NA,70.000000000,MEASURED_CPU_FAULT,CPU;INTERVAL_FAULTS,NA,NA,NA,NA,NA,NA,NA,NA,NA,NA,NA,NA,NA,NA,NA,NA,NA,NA,NA,NA,NA,NA,NA,TARGET_GONE,identity no longer active
2026-10-02T16:04:22Z,APP_21637_3022645,21637,3022645,21,1538,198.568,0,0,-1,-1,0,0.999931461,NA,NA,70.000000000,MEASURED_CPU_FAULT,CPU;INTERVAL_FAULTS,NA,NA,NA,NA,NA,NA,NA,NA,NA,NA,NA,NA,NA,NA,NA,NA,NA,NA,NA,NA,NA,NA,NA,TARGET_GONE,identity no longer active
2026-10-02T16:04:22Z,APP_21637_3022645,21637,3022645,21,1539,201.198,0,0,-1,-1,0,0.999931461,NA,NA,70.000000000,MEASURED_CPU_FAULT,CPU;INTERVAL_FAULTS,NA,NA,NA,NA,NA,NA,NA,NA,NA,NA,NA,NA,NA,NA,NA,NA,NA,NA,NA,NA,NA,NA,NA,TARGET_GONE,identity no longer active
2026-10-02T16:04:22Z,APP_21637_3022645,21637,3022645,21,1540,203.376,0,0,-1,-1,0,0.999931461,NA,NA,70.000000000,MEASURED_CPU_FAULT,CPU;INTERVAL_FAULTS,NA,NA,NA,NA,NA,NA,NA,NA,NA,NA,NA,NA,NA,NA,NA,NA,NA,NA,NA,NA,NA,NA,NA,TARGET_GONE,identity no longer active
2026-10-02T16:04:22Z,APP_21637_3022645,21637,3022645,21,1541,201.198,0,0,-1,-1,0,0.999931461,NA,NA,70.000000000,MEASURED_CPU_FAULT,CPU;INTERVAL_FAULTS,NA,NA,NA,NA,NA,NA,NA,NA,NA,NA,NA,NA,NA,NA,NA,NA,NA,NA,NA,NA,NA,NA,NA,TARGET_GONE,identity no longer active
2026-10-02T16:04:22Z,APP_21637_3022645,21637,3022645,21,1542,197.413,0,0,-1,-1,0,0.999931461,NA,NA,70.000000000,MEASURED_CPU_FAULT,CPU;INTERVAL_FAULTS,NA,NA,NA,NA,NA,NA,NA,NA,NA,NA,NA,NA,NA,NA,NA,NA,NA,NA,NA,NA,NA,NA,NA,TARGET_GONE,identity no longer active
2026-10-02T16:04:22Z,APP_21637_3022645,21637,3022645,21,1543,201.499,0,0,-1,-1,0,0.999931461,NA,NA,70.000000000,MEASURED_CPU_FAULT,CPU;INTERVAL_FAULTS,NA,NA,NA,NA,NA,NA,NA,NA,NA,NA,NA,NA,NA,NA,NA,NA,NA,NA,NA,NA,NA,NA,NA,TARGET_GONE,identity no longer active
2026-10-02T16:04:22Z,APP_21637_3022645,21637,3022645,21,1544,200.805,0,0,-1,-1,0,0.999931461,NA,NA,70.000000000,MEASURED_CPU_FAULT,CPU;INTERVAL_FAULTS,NA,NA,NA,NA,NA,NA,NA,NA,NA,NA,NA,NA,NA,NA,NA,NA,NA,NA,NA,NA,NA,NA,NA,TARGET_GONE,identity no longer active
2026-10-02T16:04:22Z,APP_21637_3022645,21637,3022645,21,1545,192.192,0,0,-1,-1,0,0.999931461,NA,NA,70.000000000,MEASURED_CPU_FAULT,CPU;INTERVAL_FAULTS,NA,NA,NA,NA,NA,NA,NA,NA,NA,NA,NA,NA,NA,NA,NA,NA,NA,NA,NA,NA,NA,NA,NA,TARGET_GONE,identity no longer active
2026-10-02T16:04:22Z,APP_21637_3022645,21637,3022645,21,1546,201.499,0,0,-1,-1,0,0.999931461,NA,NA,70.000000000,MEASURED_CPU_FAULT,CPU;INTERVAL_FAULTS,NA,NA,NA,NA,NA,NA,NA,NA,NA,NA,NA,NA,NA,NA,NA,NA,NA,NA,NA,NA,NA,NA,NA,TARGET_GONE,identity no longer active
2026-10-02T16:04:23Z,APP_21637_3022645,21637,3022645,21,1547,206.205,0,0,-1,-1,0,0.999931461,NA,NA,70.000000000,MEASURED_CPU_FAULT,CPU;INTERVAL_FAULTS,NA,NA,NA,NA,NA,NA,NA,NA,NA,NA,NA,NA,NA,NA,NA,NA,NA,NA,NA,NA,NA,NA,NA,TARGET_GONE,identity no longer active
2026-10-02T16:04:23Z,APP_21637_3022645,21637,3022645,21,1548,192.192,0,0,-1,-1,0,0.999931461,NA,NA,70.000000000,MEASURED_CPU_FAULT,CPU;INTERVAL_FAULTS,NA,NA,NA,NA,NA,NA,NA,NA,NA,NA,NA,NA,NA,NA,NA,NA,NA,NA,NA,NA,NA,NA,NA,TARGET_GONE,identity no longer active
2026-10-02T16:04:23Z,APP_21637_3022645,21637,3022645,21,1549,203.175,0,0,-1,-1,0,0.999931461,NA,NA,70.000000000,MEASURED_CPU_FAULT,CPU;INTERVAL_FAULTS,NA,NA,NA,NA,NA,NA,NA,NA,NA,NA,NA,NA,NA,NA,NA,NA,NA,NA,NA,NA,NA,NA,NA,TARGET_GONE,identity no longer active
2026-10-02T16:04:23Z,APP_21637_3022645,21637,3022645,21,1550,192.481,0,0,-1,-1,0,0.999931461,NA,NA,70.000000000,MEASURED_CPU_FAULT,CPU;INTERVAL_FAULTS,NA,NA,NA,NA,NA,NA,NA,NA,NA,NA,NA,NA,NA,NA,NA,NA,NA,NA,NA,NA,NA,NA,NA,TARGET_GONE,identity no longer active
2026-10-02T16:04:23Z,APP_21637_3022645,21637,3022645,21,1551,203.781,0,0,-1,-1,0,0.999931461,NA,NA,70.000000000,MEASURED_CPU_FAULT,CPU;INTERVAL_FAULTS,NA,NA,NA,NA,NA,NA,NA,NA,NA,NA,NA,NA,NA,NA,NA,NA,NA,NA,NA,NA,NA,NA,NA,TARGET_GONE,identity no longer active
2026-10-02T16:04:23Z,APP_21637_3022645,21637,3022645,21,1552,191.904,0,0,-1,-1,0,0.999931461,NA,NA,70.000000000,MEASURED_CPU_FAULT,CPU;INTERVAL_FAULTS,NA,NA,NA,NA,NA,NA,NA,NA,NA,NA,NA,NA,NA,NA,NA,NA,NA,NA,NA,NA,NA,NA,NA,TARGET_GONE,identity no longer active
2026-10-02T16:04:23Z,APP_21637_3022645,21637,3022645,21,1553,202.157,0,0,-1,-1,0,0.999931461,NA,NA,70.000000000,MEASURED_CPU_FAULT,CPU;INTERVAL_FAULTS,NA,NA,NA,NA,NA,NA,NA,NA,NA,NA,NA,NA,NA,NA,NA,NA,NA,NA,NA,NA,NA,NA,NA,TARGET_GONE,identity no longer active
2026-10-02T16:04:23Z,APP_21637_3022645,21637,3022645,21,1554,211.411,0,0,-1,-1,0,0.999931461,NA,NA,70.000000000,MEASURED_CPU_FAULT,CPU;INTERVAL_FAULTS,NA,NA,NA,NA,NA,NA,NA,NA,NA,NA,NA,NA,NA,NA,NA,NA,NA,NA,NA,NA,NA,NA,NA,TARGET_GONE,identity no longer active
2026-10-02T16:04:24Z,APP_21637_3022645,21637,3022645,21,1555,191.904,0,0,-1,-1,0,0.999931461,NA,NA,70.000000000,MEASURED_CPU_FAULT,CPU;INTERVAL_FAULTS,NA,NA,NA,NA,NA,NA,NA,NA,NA,NA,NA,NA,NA,NA,NA,NA,NA,NA,NA,NA,NA,NA,NA,TARGET_GONE,identity no longer active
2026-10-02T16:04:24Z,APP_21637_3022645,21637,3022645,21,1556,205.470,0,0,-1,-1,0,0.999931461,NA,NA,70.000000000,MEASURED_CPU_FAULT,CPU;INTERVAL_FAULTS,NA,NA,NA,NA,NA,NA,NA,NA,NA,NA,NA,NA,NA,NA,NA,NA,NA,NA,NA,NA,NA,NA,NA,TARGET_GONE,identity no longer active
2026-10-02T16:04:24Z,APP_21637_3022645,21637,3022645,21,1557,201.802,0,0,-1,-1,0,0.999931461,NA,NA,70.000000000,MEASURED_CPU_FAULT,CPU;INTERVAL_FAULTS,NA,NA,NA,NA,NA,NA,NA,NA,NA,NA,NA,NA,NA,NA,NA,NA,NA,NA,NA,NA,NA,NA,NA,TARGET_GONE,identity no longer active
2026-10-02T16:04:24Z,APP_21637_3022645,21637,3022645,21,1558,197.217,0,0,-1,-1,0,0.999931461,NA,NA,70.000000000,MEASURED_CPU_FAULT,CPU;INTERVAL_FAULTS,NA,NA,NA,NA,NA,NA,NA,NA,NA,NA,NA,NA,NA,NA,NA,NA,NA,NA,NA,NA,NA,NA,NA,TARGET_GONE,identity no longer active
2026-10-02T16:04:24Z,APP_21637_3022645,21637,3022645,21,1559,201.499,0,0,-1,-1,0,0.999931461,NA,NA,70.000000000,MEASURED_CPU_FAULT,CPU;INTERVAL_FAULTS,NA,NA,NA,NA,NA,NA,NA,NA,NA,NA,NA,NA,NA,NA,NA,NA,NA,NA,NA,NA,NA,NA,NA,TARGET_GONE,identity no longer active
2026-10-02T16:04:24Z,APP_21637_3022645,21637,3022645,21,1560,203.376,0,0,-1,-1,0,0.999931461,NA,NA,70.000000000,MEASURED_CPU_FAULT,CPU;INTERVAL_FAULTS,NA,NA,NA,NA,NA,NA,NA,NA,NA,NA,NA,NA,NA,NA,NA,NA,NA,NA,NA,NA,NA,NA,NA,TARGET_GONE,identity no longer active
2026-10-02T16:04:24Z,APP_21637_3022645,21637,3022645,21,1561,191.904,0,0,-1,-1,0,0.999931461,NA,NA,70.000000000,MEASURED_CPU_FAULT,CPU;INTERVAL_FAULTS,NA,NA,NA,NA,NA,NA,NA,NA,NA,NA,NA,NA,NA,NA,NA,NA,NA,NA,NA,NA,NA,NA,NA,TARGET_GONE,identity no longer active
2026-10-02T16:04:25Z,APP_21637_3022645,21637,3022645,21,1562,200.149,0,0,-1,-1,0,0.999931461,NA,NA,70.000000000,MEASURED_CPU_FAULT,CPU;INTERVAL_FAULTS,NA,NA,NA,NA,NA,NA,NA,NA,NA,NA,NA,NA,NA,NA,NA,NA,NA,NA,NA,NA,NA,NA,NA,TARGET_GONE,identity no longer active
2026-10-02T16:04:25Z,APP_21637_3022645,21637,3022645,21,1563,191.617,0,0,-1,-1,0,0.999931461,NA,NA,70.000000000,MEASURED_CPU_FAULT,CPU;INTERVAL_FAULTS,NA,NA,NA,NA,NA,NA,NA,NA,NA,NA,NA,NA,NA,NA,NA,NA,NA,NA,NA,NA,NA,NA,NA,TARGET_GONE,identity no longer active
2026-10-02T16:04:25Z,APP_21637_3022645,21637,3022645,21,1564,201.499,0,0,-1,-1,0,0.999931461,NA,NA,70.000000000,MEASURED_CPU_FAULT,CPU;INTERVAL_FAULTS,NA,NA,NA,NA,NA,NA,NA,NA,NA,NA,NA,NA,NA,NA,NA,NA,NA,NA,NA,NA,NA,NA,NA,TARGET_GONE,identity no longer active
2026-10-02T16:04:25Z,APP_21637_3022645,21637,3022645,21,1565,206.205,0,0,-1,-1,0,0.999931461,NA,NA,70.000000000,MEASURED_CPU_FAULT,CPU;INTERVAL_FAULTS,NA,NA,NA,NA,NA,NA,NA,NA,NA,NA,NA,NA,NA,NA,NA,NA,NA,NA,NA,NA,NA,NA,NA,TARGET_GONE,identity no longer active
2026-10-02T16:04:25Z,APP_21637_3022645,21637,3022645,21,1566,191.904,0,0,-1,-1,0,0.999931461,NA,NA,70.000000000,MEASURED_CPU_FAULT,CPU;INTERVAL_FAULTS,NA,NA,NA,NA,NA,NA,NA,NA,NA,NA,NA,NA,NA,NA,NA,NA,NA,NA,NA,NA,NA,NA,NA,TARGET_GONE,identity no longer active
2026-10-02T16:04:25Z,APP_21637_3022645,21637,3022645,21,1567,203.984,0,0,-1,-1,0,0.999931461,NA,NA,70.000000000,MEASURED_CPU_FAULT,CPU;INTERVAL_FAULTS,NA,NA,NA,NA,NA,NA,NA,NA,NA,NA,NA,NA,NA,NA,NA,NA,NA,NA,NA,NA,NA,NA,NA,TARGET_GONE,identity no longer active
2026-10-02T16:04:25Z,APP_21637_3022645,21637,3022645,21,1568,191.904,0,0,-1,-1,0,0.999931461,NA,NA,70.000000000,MEASURED_CPU_FAULT,CPU;INTERVAL_FAULTS,NA,NA,NA,NA,NA,NA,NA,NA,NA,NA,NA,NA,NA,NA,NA,NA,NA,NA,NA,NA,NA,NA,NA,TARGET_GONE,identity no longer active
2026-10-02T16:04:25Z,APP_21637_3022645,21637,3022645,21,1569,203.376,0,0,-1,-1,0,0.999931461,NA,NA,70.000000000,MEASURED_CPU_FAULT,CPU;INTERVAL_FAULTS,NA,NA,NA,NA,NA,NA,NA,NA,NA,NA,NA,NA,NA,NA,NA,NA,NA,NA,NA,NA,NA,NA,NA,TARGET_GONE,identity no longer active
2026-10-02T16:04:25Z,APP_21637_3022645,21637,3022645,21,1570,201.802,0,0,-1,-1,0,0.999931461,NA,NA,70.000000000,MEASURED_CPU_FAULT,CPU;INTERVAL_FAULTS,NA,NA,NA,NA,NA,NA,NA,NA,NA,NA,NA,NA,NA,NA,NA,NA,NA,NA,NA,NA,NA,NA,NA,TARGET_GONE,identity no longer active
2026-10-02T16:04:26Z,APP_21637_3022645,21637,3022645,21,1571,197.531,0,0,-1,-1,0,0.999931461,NA,NA,70.000000000,MEASURED_CPU_FAULT,CPU;INTERVAL_FAULTS,NA,NA,NA,NA,NA,NA,NA,NA,NA,NA,NA,NA,NA,NA,NA,NA,NA,NA,NA,NA,NA,NA,NA,TARGET_GONE,identity no longer active
2026-10-02T16:04:26Z,APP_21637_3022645,21637,3022645,21,1572,210.778,0,0,-1,-1,0,0.999931461,NA,NA,70.000000000,MEASURED_CPU_FAULT,CPU;INTERVAL_FAULTS,NA,NA,NA,NA,NA,NA,NA,NA,NA,NA,NA,NA,NA,NA,NA,NA,NA,NA,NA,NA,NA,NA,NA,TARGET_GONE,identity no longer active
2026-10-02T16:04:26Z,APP_21637_3022645,21637,3022645,21,1573,201.499,0,0,-1,-1,0,0.999931461,NA,NA,70.000000000,MEASURED_CPU_FAULT,CPU;INTERVAL_FAULTS,NA,NA,NA,NA,NA,NA,NA,NA,NA,NA,NA,NA,NA,NA,NA,NA,NA,NA,NA,NA,NA,NA,NA,TARGET_GONE,identity no longer active
2026-10-02T16:04:26Z,APP_21637_3022645,21637,3022645,21,1574,198.568,0,0,-1,-1,0,0.999931461,NA,NA,70.000000000,MEASURED_CPU_FAULT,CPU;INTERVAL_FAULTS,NA,NA,NA,NA,NA,NA,NA,NA,NA,NA,NA,NA,NA,NA,NA,NA,NA,NA,NA,NA,NA,NA,NA,TARGET_GONE,identity no longer active
2026-10-02T16:04:26Z,APP_21637_3022645,21637,3022645,21,1575,201.198,0,0,-1,-1,0,0.999931461,NA,NA,70.000000000,MEASURED_CPU_FAULT,CPU;INTERVAL_FAULTS,NA,NA,NA,NA,NA,NA,NA,NA,NA,NA,NA,NA,NA,NA,NA,NA,NA,NA,NA,NA,NA,NA,NA,TARGET_GONE,identity no longer active
2026-10-02T16:04:26Z,APP_21637_3022645,21637,3022645,21,1576,203.376,0,0,-1,-1,0,0.999931461,NA,NA,70.000000000,MEASURED_CPU_FAULT,CPU;INTERVAL_FAULTS,NA,NA,NA,NA,NA,NA,NA,NA,NA,NA,NA,NA,NA,NA,NA,NA,NA,NA,NA,NA,NA,NA,NA,TARGET_GONE,identity no longer active
2026-10-02T16:04:26Z,APP_21637_3022645,21637,3022645,21,1577,191.904,0,0,-1,-1,0,0.999931461,NA,NA,70.000000000,MEASURED_CPU_FAULT,CPU;INTERVAL_FAULTS,NA,NA,NA,NA,NA,NA,NA,NA,NA,NA,NA,NA,NA,NA,NA,NA,NA,NA,NA,NA,NA,NA,NA,TARGET_GONE,identity no longer active
2026-10-02T16:04:26Z,APP_21637_3022645,21637,3022645,21,1578,203.781,0,0,-1,-1,0,0.999931461,NA,NA,70.000000000,MEASURED_CPU_FAULT,CPU;INTERVAL_FAULTS,NA,NA,NA,NA,NA,NA,NA,NA,NA,NA,NA,NA,NA,NA,NA,NA,NA,NA,NA,NA,NA,NA,NA,TARGET_GONE,identity no longer active
2026-10-02T16:04:27Z,APP_21637_3022645,21637,3022645,21,1579,191.617,0,0,-1,-1,0,0.999931461,NA,NA,70.000000000,MEASURED_CPU_FAULT,CPU;INTERVAL_FAULTS,NA,NA,NA,NA,NA,NA,NA,NA,NA,NA,NA,NA,NA,NA,NA,NA,NA,NA,NA,NA,NA,NA,NA,TARGET_GONE,identity no longer active
2026-10-02T16:04:27Z,APP_21637_3022645,21637,3022645,21,1580,201.575,0,0,-1,-1,0,0.999931461,NA,NA,70.000000000,MEASURED_CPU_FAULT,CPU;INTERVAL_FAULTS,NA,NA,NA,NA,NA,NA,NA,NA,NA,NA,NA,NA,NA,NA,NA,NA,NA,NA,NA,NA,NA,NA,NA,TARGET_GONE,identity no longer active
2026-10-02T16:04:27Z,APP_21637_3022645,21637,3022645,21,1581,211.411,0,0,-1,-1,0,0.999931461,NA,NA,70.000000000,MEASURED_CPU_FAULT,CPU;INTERVAL_FAULTS,NA,NA,NA,NA,NA,NA,NA,NA,NA,NA,NA,NA,NA,NA,NA,NA,NA,NA,NA,NA,NA,NA,NA,TARGET_GONE,identity no longer active
2026-10-02T16:04:27Z,APP_21637_3022645,21637,3022645,21,1582,201.802,0,0,-1,-1,0,0.999931461,NA,NA,70.000000000,MEASURED_CPU_FAULT,CPU;INTERVAL_FAULTS,NA,NA,NA,NA,NA,NA,NA,NA,NA,NA,NA,NA,NA,NA,NA,NA,NA,NA,NA,NA,NA,NA,NA,TARGET_GONE,identity no longer active
2026-10-02T16:04:27Z,APP_21637_3022645,21637,3022645,21,1583,198.095,0,0,-1,-1,0,0.999931461,NA,NA,70.000000000,MEASURED_CPU_FAULT,CPU;INTERVAL_FAULTS,NA,NA,NA,NA,NA,NA,NA,NA,NA,NA,NA,NA,NA,NA,NA,NA,NA,NA,NA,NA,NA,NA,NA,TARGET_GONE,identity no longer active
2026-10-02T16:04:27Z,APP_21637_3022645,21637,3022645,21,1584,201.802,0,0,-1,-1,0,0.999931461,NA,NA,70.000000000,MEASURED_CPU_FAULT,CPU;INTERVAL_FAULTS,NA,NA,NA,NA,NA,NA,NA,NA,NA,NA,NA,NA,NA,NA,NA,NA,NA,NA,NA,NA,NA,NA,NA,TARGET_GONE,identity no longer active
2026-10-02T16:04:27Z,APP_21637_3022645,21637,3022645,21,1585,197.413,0,0,-1,-1,0,0.999931461,NA,NA,70.000000000,MEASURED_CPU_FAULT,CPU;INTERVAL_FAULTS,NA,NA,NA,NA,NA,NA,NA,NA,NA,NA,NA,NA,NA,NA,NA,NA,NA,NA,NA,NA,NA,NA,NA,TARGET_GONE,identity no longer active
2026-10-02T16:04:27Z,APP_21637_3022645,21637,3022645,21,1586,201.499,0,0,-1,-1,0,0.999931461,NA,NA,70.000000000,MEASURED_CPU_FAULT,CPU;INTERVAL_FAULTS,NA,NA,NA,NA,NA,NA,NA,NA,NA,NA,NA,NA,NA,NA,NA,NA,NA,NA,NA,NA,NA,NA,NA,TARGET_GONE,identity no longer active
2026-10-02T16:04:28Z,APP_21637_3022645,21637,3022645,21,1587,198.066,0,0,-1,-1,0,0.999931461,NA,NA,70.000000000,MEASURED_CPU_FAULT,CPU;INTERVAL_FAULTS,NA,NA,NA,NA,NA,NA,NA,NA,NA,NA,NA,NA,NA,NA,NA,NA,NA,NA,NA,NA,NA,NA,NA,TARGET_GONE,identity no longer active
2026-10-02T16:04:28Z,APP_21637_3022645,21637,3022645,21,1588,201.198,0,0,-1,-1,0,0.999931461,NA,NA,70.000000000,MEASURED_CPU_FAULT,CPU;INTERVAL_FAULTS,NA,NA,NA,NA,NA,NA,NA,NA,NA,NA,NA,NA,NA,NA,NA,NA,NA,NA,NA,NA,NA,NA,NA,TARGET_GONE,identity no longer active
2026-10-02T16:04:28Z,APP_21637_3022645,21637,3022645,21,1589,198.621,0,0,-1,-1,0,0.999931461,NA,NA,70.000000000,MEASURED_CPU_FAULT,CPU;INTERVAL_FAULTS,NA,NA,NA,NA,NA,NA,NA,NA,NA,NA,NA,NA,NA,NA,NA,NA,NA,NA,NA,NA,NA,NA,NA,TARGET_GONE,identity no longer active
2026-10-02T16:04:28Z,APP_21637_3022645,21637,3022645,21,1590,211.411,0,0,-1,-1,0,0.999931461,NA,NA,70.000000000,MEASURED_CPU_FAULT,CPU;INTERVAL_FAULTS,NA,NA,NA,NA,NA,NA,NA,NA,NA,NA,NA,NA,NA,NA,NA,NA,NA,NA,NA,NA,NA,NA,NA,TARGET_GONE,identity no longer active
2026-10-02T16:04:28Z,APP_21637_3022645,21637,3022645,21,1591,201.499,0,0,-1,-1,0,0.999931461,NA,NA,70.000000000,MEASURED_CPU_FAULT,CPU;INTERVAL_FAULTS,NA,NA,NA,NA,NA,NA,NA,NA,NA,NA,NA,NA,NA,NA,NA,NA,NA,NA,NA,NA,NA,NA,NA,TARGET_GONE,identity no longer active
2026-10-02T16:04:28Z,APP_21637_3022645,21637,3022645,21,1592,198.331,0,0,-1,-1,0,0.999931461,NA,NA,70.000000000,MEASURED_CPU_FAULT,CPU;INTERVAL_FAULTS,NA,NA,NA,NA,NA,NA,NA,NA,NA,NA,NA,NA,NA,NA,NA,NA,NA,NA,NA,NA,NA,NA,NA,TARGET_GONE,identity no longer active
2026-10-02T16:04:28Z,APP_21637_3022645,21637,3022645,21,1593,201.198,0,0,-1,-1,0,0.999931461,NA,NA,70.000000000,MEASURED_CPU_FAULT,CPU;INTERVAL_FAULTS,NA,NA,NA,NA,NA,NA,NA,NA,NA,NA,NA,NA,NA,NA,NA,NA,NA,NA,NA,NA,NA,NA,NA,TARGET_GONE,identity no longer active
2026-10-02T16:04:28Z,APP_21637_3022645,21637,3022645,21,1594,197.610,0,0,-1,-1,0,0.999931461,NA,NA,70.000000000,MEASURED_CPU_FAULT,CPU;INTERVAL_FAULTS,NA,NA,NA,NA,NA,NA,NA,NA,NA,NA,NA,NA,NA,NA,NA,NA,NA,NA,NA,NA,NA,NA,NA,TARGET_GONE,identity no longer active
2026-10-02T16:04:29Z,APP_21637_3022645,21637,3022645,21,1595,201.499,0,0,-1,-1,0,0.999931461,NA,NA,70.000000000,MEASURED_CPU_FAULT,CPU;INTERVAL_FAULTS,NA,NA,NA,NA,NA,NA,NA,NA,NA,NA,NA,NA,NA,NA,NA,NA,NA,NA,NA,NA,NA,NA,NA,TARGET_GONE,identity no longer active
2026-10-02T16:04:29Z,APP_21637_3022645,21637,3022645,21,1596,197.413,0,0,-1,-1,0,0.999931461,NA,NA,70.000000000,MEASURED_CPU_FAULT,CPU;INTERVAL_FAULTS,NA,NA,NA,NA,NA,NA,NA,NA,NA,NA,NA,NA,NA,NA,NA,NA,NA,NA,NA,NA,NA,NA,NA,TARGET_GONE,identity no longer active
2026-10-02T16:04:29Z,APP_21637_3022645,21637,3022645,21,1597,211.094,0,0,-1,-1,0,0.999931461,NA,NA,70.000000000,MEASURED_CPU_FAULT,CPU;INTERVAL_FAULTS,NA,NA,NA,NA,NA,NA,NA,NA,NA,NA,NA,NA,NA,NA,NA,NA,NA,NA,NA,NA,NA,NA,NA,TARGET_GONE,identity no longer active
2026-10-02T16:04:29Z,APP_21637_3022645,21637,3022645,21,1598,196.587,0,0,-1,-1,0,0.999931461,NA,NA,70.000000000,MEASURED_CPU_FAULT,CPU;INTERVAL_FAULTS,NA,NA,NA,NA,NA,NA,NA,NA,NA,NA,NA,NA,NA,NA,NA,NA,NA,NA,NA,NA,NA,NA,NA,TARGET_GONE,identity no longer active
2026-10-02T16:04:29Z,APP_21637_3022645,21637,3022645,21,1599,210.778,0,0,-1,-1,0,0.999931461,NA,NA,70.000000000,MEASURED_CPU_FAULT,CPU;INTERVAL_FAULTS,NA,NA,NA,NA,NA,NA,NA,NA,NA,NA,NA,NA,NA,NA,NA,NA,NA,NA,NA,NA,NA,NA,NA,TARGET_GONE,identity no longer active
2026-10-02T16:04:29Z,APP_21637_3022645,21637,3022645,21,1600,192.192,0,0,-1,-1,0,0.999931461,NA,NA,70.000000000,MEASURED_CPU_FAULT,CPU;INTERVAL_FAULTS,NA,NA,NA,NA,NA,NA,NA,NA,NA,NA,NA,NA,NA,NA,NA,NA,NA,NA,NA,NA,NA,NA,NA,TARGET_GONE,identity no longer active
2026-10-02T16:04:29Z,APP_21637_3022645,21637,3022645,21,1601,205.959,0,0,-1,-1,0,0.999931461,NA,NA,70.000000000,MEASURED_CPU_FAULT,CPU;INTERVAL_FAULTS,NA,NA,NA,NA,NA,NA,NA,NA,NA,NA,NA,NA,NA,NA,NA,NA,NA,NA,NA,NA,NA,NA,NA,TARGET_GONE,identity no longer active
2026-10-02T16:04:29Z,APP_21637_3022645,21637,3022645,21,1602,201.198,0,0,-1,-1,0,0.999931461,NA,NA,70.000000000,MEASURED_CPU_FAULT,CPU;INTERVAL_FAULTS,NA,NA,NA,NA,NA,NA,NA,NA,NA,NA,NA,NA,NA,NA,NA,NA,NA,NA,NA,NA,NA,NA,NA,TARGET_GONE,identity no longer active
2026-10-02T16:04:30Z,APP_21637_3022645,21637,3022645,21,1603,197.610,0,0,-1,-1,0,0.999931461,NA,NA,70.000000000,MEASURED_CPU_FAULT,CPU;INTERVAL_FAULTS,NA,NA,NA,NA,NA,NA,NA,NA,NA,NA,NA,NA,NA,NA,NA,NA,NA,NA,NA,NA,NA,NA,NA,TARGET_GONE,identity no longer active
2026-10-02T16:04:30Z,APP_21637_3022645,21637,3022645,21,1604,201.802,0,0,-1,-1,0,0.999931461,NA,NA,70.000000000,MEASURED_CPU_FAULT,CPU;INTERVAL_FAULTS,NA,NA,NA,NA,NA,NA,NA,NA,NA,NA,NA,NA,NA,NA,NA,NA,NA,NA,NA,NA,NA,NA,NA,TARGET_GONE,identity no longer active
2026-10-02T16:04:30Z,APP_21637_3022645,21637,3022645,21,1605,197.217,0,0,-1,-1,0,0.999931461,NA,NA,70.000000000,MEASURED_CPU_FAULT,CPU;INTERVAL_FAULTS,NA,NA,NA,NA,NA,NA,NA,NA,NA,NA,NA,NA,NA,NA,NA,NA,NA,NA,NA,NA,NA,NA,NA,TARGET_GONE,identity no longer active
2026-10-02T16:04:30Z,APP_21637_3022645,21637,3022645,21,1606,201.802,0,0,-1,-1,0,0.999931461,NA,NA,70.000000000,MEASURED_CPU_FAULT,CPU;INTERVAL_FAULTS,NA,NA,NA,NA,NA,NA,NA,NA,NA,NA,NA,NA,NA,NA,NA,NA,NA,NA,NA,NA,NA,NA,NA,TARGET_GONE,identity no longer active
2026-10-02T16:04:30Z,APP_21637_3022645,21637,3022645,21,1607,200.801,0,0,-1,-1,0,0.999931461,NA,NA,70.000000000,MEASURED_CPU_FAULT,CPU;INTERVAL_FAULTS,NA,NA,NA,NA,NA,NA,NA,NA,NA,NA,NA,NA,NA,NA,NA,NA,NA,NA,NA,NA,NA,NA,NA,TARGET_GONE,identity no longer active
2026-10-02T16:04:30Z,APP_21637_3022645,21637,3022645,21,1608,191.045,0,0,-1,-1,0,0.999931461,NA,NA,70.000000000,MEASURED_CPU_FAULT,CPU;INTERVAL_FAULTS,NA,NA,NA,NA,NA,NA,NA,NA,NA,NA,NA,NA,NA,NA,NA,NA,NA,NA,NA,NA,NA,NA,NA,TARGET_GONE,identity no longer active
2026-10-02T16:04:30Z,APP_21637_3022645,21637,3022645,21,1609,201.499,0,0,-1,-1,0,0.999931461,NA,NA,70.000000000,MEASURED_CPU_FAULT,CPU;INTERVAL_FAULTS,NA,NA,NA,NA,NA,NA,NA,NA,NA,NA,NA,NA,NA,NA,NA,NA,NA,NA,NA,NA,NA,NA,NA,TARGET_GONE,identity no longer active
2026-10-02T16:04:30Z,APP_21637_3022645,21637,3022645,21,1610,198.331,0,0,-1,-1,0,0.999931461,NA,NA,70.000000000,MEASURED_CPU_FAULT,CPU;INTERVAL_FAULTS,NA,NA,NA,NA,NA,NA,NA,NA,NA,NA,NA,NA,NA,NA,NA,NA,NA,NA,NA,NA,NA,NA,NA,TARGET_GONE,identity no longer active
2026-10-02T16:04:31Z,APP_21637_3022645,21637,3022645,21,1611,201.198,0,0,-1,-1,0,0.999931461,NA,NA,70.000000000,MEASURED_CPU_FAULT,CPU;INTERVAL_FAULTS,NA,NA,NA,NA,NA,NA,NA,NA,NA,NA,NA,NA,NA,NA,NA,NA,NA,NA,NA,NA,NA,NA,NA,TARGET_GONE,identity no longer active
2026-10-02T16:04:31Z,APP_21637_3022645,21637,3022645,21,1612,197.413,0,0,-1,-1,0,0.999931461,NA,NA,70.000000000,MEASURED_CPU_FAULT,CPU;INTERVAL_FAULTS,NA,NA,NA,NA,NA,NA,NA,NA,NA,NA,NA,NA,NA,NA,NA,NA,NA,NA,NA,NA,NA,NA,NA,TARGET_GONE,identity no longer active
2026-10-02T16:04:31Z,APP_21637_3022645,21637,3022645,21,1613,201.499,0,0,-1,-1,0,0.999931461,NA,NA,70.000000000,MEASURED_CPU_FAULT,CPU;INTERVAL_FAULTS,NA,NA,NA,NA,NA,NA,NA,NA,NA,NA,NA,NA,NA,NA,NA,NA,NA,NA,NA,NA,NA,NA,NA,TARGET_GONE,identity no longer active
2026-10-02T16:04:31Z,APP_21637_3022645,21637,3022645,21,1614,197.610,0,0,-1,-1,0,0.999931461,NA,NA,70.000000000,MEASURED_CPU_FAULT,CPU;INTERVAL_FAULTS,NA,NA,NA,NA,NA,NA,NA,NA,NA,NA,NA,NA,NA,NA,NA,NA,NA,NA,NA,NA,NA,NA,NA,TARGET_GONE,identity no longer active
2026-10-02T16:04:31Z,APP_21637_3022645,21637,3022645,21,1615,211.094,0,0,-1,-1,0,0.999931461,NA,NA,70.000000000,MEASURED_CPU_FAULT,CPU;INTERVAL_FAULTS,NA,NA,NA,NA,NA,NA,NA,NA,NA,NA,NA,NA,NA,NA,NA,NA,NA,NA,NA,NA,NA,NA,NA,TARGET_GONE,identity no longer active
2026-10-02T16:04:31Z,APP_21637_3022645,21637,3022645,21,1616,198.706,0,0,-1,-1,0,0.999931461,NA,NA,70.000000000,MEASURED_CPU_FAULT,CPU;INTERVAL_FAULTS,NA,NA,NA,NA,NA,NA,NA,NA,NA,NA,NA,NA,NA,NA,NA,NA,NA,NA,NA,NA,NA,NA,NA,TARGET_GONE,identity no longer active
2026-10-02T16:04:31Z,APP_21637_3022645,21637,3022645,21,1617,191.617,0,0,-1,-1,0,0.999931461,NA,NA,70.000000000,MEASURED_CPU_FAULT,CPU;INTERVAL_FAULTS,NA,NA,NA,NA,NA,NA,NA,NA,NA,NA,NA,NA,NA,NA,NA,NA,NA,NA,NA,NA,NA,NA,NA,TARGET_GONE,identity no longer active
2026-10-02T16:04:32Z,APP_21637_3022645,21637,3022645,21,1618,201.499,0,0,-1,-1,0,0.999931461,NA,NA,70.000000000,MEASURED_CPU_FAULT,CPU;INTERVAL_FAULTS,NA,NA,NA,NA,NA,NA,NA,NA,NA,NA,NA,NA,NA,NA,NA,NA,NA,NA,NA,NA,NA,NA,NA,TARGET_GONE,identity no longer active
2026-10-02T16:04:32Z,APP_21637_3022645,21637,3022645,21,1619,206.205,0,0,-1,-1,0,0.999931461,NA,NA,70.000000000,MEASURED_CPU_FAULT,CPU;INTERVAL_FAULTS,NA,NA,NA,NA,NA,NA,NA,NA,NA,NA,NA,NA,NA,NA,NA,NA,NA,NA,NA,NA,NA,NA,NA,TARGET_GONE,identity no longer active
2026-10-02T16:04:32Z,APP_21637_3022645,21637,3022645,21,1620,191.617,0,0,-1,-1,0,0.999931461,NA,NA,70.000000000,MEASURED_CPU_FAULT,CPU;INTERVAL_FAULTS,NA,NA,NA,NA,NA,NA,NA,NA,NA,NA,NA,NA,NA,NA,NA,NA,NA,NA,NA,NA,NA,NA,NA,TARGET_GONE,identity no longer active
2026-10-02T16:04:32Z,APP_21637_3022645,21637,3022645,21,1621,203.781,0,0,-1,-1,0,0.999931461,NA,NA,70.000000000,MEASURED_CPU_FAULT,CPU;INTERVAL_FAULTS,NA,NA,NA,NA,NA,NA,NA,NA,NA,NA,NA,NA,NA,NA,NA,NA,NA,NA,NA,NA,NA,NA,NA,TARGET_GONE,identity no longer active
2026-10-02T16:04:32Z,APP_21637_3022645,21637,3022645,21,1622,191.904,0,0,-1,-1,0,0.999931461,NA,NA,70.000000000,MEASURED_CPU_FAULT,CPU;INTERVAL_FAULTS,NA,NA,NA,NA,NA,NA,NA,NA,NA,NA,NA,NA,NA,NA,NA,NA,NA,NA,NA,NA,NA,NA,NA,TARGET_GONE,identity no longer active
2026-10-02T16:04:32Z,APP_21637_3022645,21637,3022645,21,1623,204.187,0,0,-1,-1,0,0.999931461,NA,NA,70.000000000,MEASURED_CPU_FAULT,CPU;INTERVAL_FAULTS,NA,NA,NA,NA,NA,NA,NA,NA,NA,NA,NA,NA,NA,NA,NA,NA,NA,NA,NA,NA,NA,NA,NA,TARGET_GONE,identity no longer active
2026-10-02T16:04:32Z,APP_21637_3022645,21637,3022645,21,1624,191.904,0,0,-1,-1,0,0.999931461,NA,NA,70.000000000,MEASURED_CPU_FAULT,CPU;INTERVAL_FAULTS,NA,NA,NA,NA,NA,NA,NA,NA,NA,NA,NA,NA,NA,NA,NA,NA,NA,NA,NA,NA,NA,NA,NA,TARGET_GONE,identity no longer active
2026-10-02T16:04:33Z,APP_21637_3022645,21637,3022645,21,1625,203.579,0,0,-1,-1,0,0.999931461,NA,NA,70.000000000,MEASURED_CPU_FAULT,CPU;INTERVAL_FAULTS,NA,NA,NA,NA,NA,NA,NA,NA,NA,NA,NA,NA,NA,NA,NA,NA,NA,NA,NA,NA,NA,NA,NA,TARGET_GONE,identity no longer active
2026-10-02T16:04:33Z,APP_21637_3022645,21637,3022645,21,1626,191.045,0,0,-1,-1,0,0.999931461,NA,NA,70.000000000,MEASURED_CPU_FAULT,CPU;INTERVAL_FAULTS,NA,NA,NA,NA,NA,NA,NA,NA,NA,NA,NA,NA,NA,NA,NA,NA,NA,NA,NA,NA,NA,NA,NA,TARGET_GONE,identity no longer active
2026-10-02T16:04:33Z,APP_21637_3022645,21637,3022645,21,1627,211.094,0,0,-1,-1,0,0.999931461,NA,NA,70.000000000,MEASURED_CPU_FAULT,CPU;INTERVAL_FAULTS,NA,NA,NA,NA,NA,NA,NA,NA,NA,NA,NA,NA,NA,NA,NA,NA,NA,NA,NA,NA,NA,NA,NA,TARGET_GONE,identity no longer active
2026-10-02T16:04:33Z,APP_21637_3022645,21637,3022645,21,1628,190.931,0,0,-1,-1,0,0.999931461,NA,NA,70.000000000,MEASURED_CPU_FAULT,CPU;INTERVAL_FAULTS,NA,NA,NA,NA,NA,NA,NA,NA,NA,NA,NA,NA,NA,NA,NA,NA,NA,NA,NA,NA,NA,NA,NA,TARGET_GONE,identity no longer active
2026-10-02T16:04:33Z,APP_21637_3022645,21637,3022645,21,1629,201.499,0,0,-1,-1,0,0.999931461,NA,NA,70.000000000,MEASURED_CPU_FAULT,CPU;INTERVAL_FAULTS,NA,NA,NA,NA,NA,NA,NA,NA,NA,NA,NA,NA,NA,NA,NA,NA,NA,NA,NA,NA,NA,NA,NA,TARGET_GONE,identity no longer active
2026-10-02T16:04:33Z,APP_21637_3022645,21637,3022645,21,1630,202.973,0,0,-1,-1,0,0.999931461,NA,NA,70.000000000,MEASURED_CPU_FAULT,CPU;INTERVAL_FAULTS,NA,NA,NA,NA,NA,NA,NA,NA,NA,NA,NA,NA,NA,NA,NA,NA,NA,NA,NA,NA,NA,NA,NA,TARGET_GONE,identity no longer active
2026-10-02T16:04:33Z,APP_21637_3022645,21637,3022645,21,1631,202.105,0,0,-1,-1,0,0.999931461,NA,NA,70.000000000,MEASURED_CPU_FAULT,CPU;INTERVAL_FAULTS,NA,NA,NA,NA,NA,NA,NA,NA,NA,NA,NA,NA,NA,NA,NA,NA,NA,NA,NA,NA,NA,NA,NA,TARGET_GONE,identity no longer active
2026-10-02T16:04:33Z,APP_21637_3022645,21637,3022645,21,1632,197.413,0,0,-1,-1,0,0.999931461,NA,NA,70.000000000,MEASURED_CPU_FAULT,CPU;INTERVAL_FAULTS,NA,NA,NA,NA,NA,NA,NA,NA,NA,NA,NA,NA,NA,NA,NA,NA,NA,NA,NA,NA,NA,NA,NA,TARGET_GONE,identity no longer active
2026-10-02T16:04:33Z,APP_21637_3022645,21637,3022645,21,1633,201.802,0,0,-1,-1,0,0.999931461,NA,NA,70.000000000,MEASURED_CPU_FAULT,CPU;INTERVAL_FAULTS,NA,NA,NA,NA,NA,NA,NA,NA,NA,NA,NA,NA,NA,NA,NA,NA,NA,NA,NA,NA,NA,NA,NA,TARGET_GONE,identity no longer active
2026-10-02T16:04:34Z,APP_21637_3022645,21637,3022645,21,1634,200.000,0,0,-1,-1,0,0.999931461,NA,NA,70.000000000,MEASURED_CPU_FAULT,CPU;INTERVAL_FAULTS,NA,NA,NA,NA,NA,NA,NA,NA,NA,NA,NA,NA,NA,NA,NA,NA,NA,NA,NA,NA,NA,NA,NA,TARGET_GONE,identity no longer active
2026-10-02T16:04:34Z,APP_21637_3022645,21637,3022645,21,1635,191.617,0,0,-1,-1,0,0.999931461,NA,NA,70.000000000,MEASURED_CPU_FAULT,CPU;INTERVAL_FAULTS,NA,NA,NA,NA,NA,NA,NA,NA,NA,NA,NA,NA,NA,NA,NA,NA,NA,NA,NA,NA,NA,NA,NA,TARGET_GONE,identity no longer active
2026-10-02T16:04:34Z,APP_21637_3022645,21637,3022645,21,1636,201.499,0,0,-1,-1,0,0.999931461,NA,NA,70.000000000,MEASURED_CPU_FAULT,CPU;INTERVAL_FAULTS,NA,NA,NA,NA,NA,NA,NA,NA,NA,NA,NA,NA,NA,NA,NA,NA,NA,NA,NA,NA,NA,NA,NA,TARGET_GONE,identity no longer active
2026-10-02T16:04:34Z,APP_21637_3022645,21637,3022645,21,1637,198.568,0,0,-1,-1,0,0.999931461,NA,NA,70.000000000,MEASURED_CPU_FAULT,CPU;INTERVAL_FAULTS,NA,NA,NA,NA,NA,NA,NA,NA,NA,NA,NA,NA,NA,NA,NA,NA,NA,NA,NA,NA,NA,NA,NA,TARGET_GONE,identity no longer active
2026-10-02T16:04:34Z,APP_21637_3022645,21637,3022645,21,1638,201.198,0,0,-1,-1,0,0.999931461,NA,NA,70.000000000,MEASURED_CPU_FAULT,CPU;INTERVAL_FAULTS,NA,NA,NA,NA,NA,NA,NA,NA,NA,NA,NA,NA,NA,NA,NA,NA,NA,NA,NA,NA,NA,NA,NA,TARGET_GONE,identity no longer active
2026-10-02T16:04:34Z,APP_21637_3022645,21637,3022645,21,1639,203.175,0,0,-1,-1,0,0.999931461,NA,NA,70.000000000,MEASURED_CPU_FAULT,CPU;INTERVAL_FAULTS,NA,NA,NA,NA,NA,NA,NA,NA,NA,NA,NA,NA,NA,NA,NA,NA,NA,NA,NA,NA,NA,NA,NA,TARGET_GONE,identity no longer active
2026-10-02T16:04:34Z,APP_21637_3022645,21637,3022645,21,1640,201.802,0,0,-1,-1,0,0.999931461,NA,NA,70.000000000,MEASURED_CPU_FAULT,CPU;INTERVAL_FAULTS,NA,NA,NA,NA,NA,NA,NA,NA,NA,NA,NA,NA,NA,NA,NA,NA,NA,NA,NA,NA,NA,NA,NA,TARGET_GONE,identity no longer active
2026-10-02T16:04:35Z,APP_21637_3022645,21637,3022645,21,1641,197.610,0,0,-1,-1,0,0.999931461,NA,NA,70.000000000,MEASURED_CPU_FAULT,CPU;INTERVAL_FAULTS,NA,NA,NA,NA,NA,NA,NA,NA,NA,NA,NA,NA,NA,NA,NA,NA,NA,NA,NA,NA,NA,NA,NA,TARGET_GONE,identity no longer active
2026-10-02T16:04:35Z,APP_21637_3022645,21637,3022645,21,1642,201.198,0,0,-1,-1,0,0.999931461,NA,NA,70.000000000,MEASURED_CPU_FAULT,CPU;INTERVAL_FAULTS,NA,NA,NA,NA,NA,NA,NA,NA,NA,NA,NA,NA,NA,NA,NA,NA,NA,NA,NA,NA,NA,NA,NA,TARGET_GONE,identity no longer active
2026-10-02T16:04:35Z,APP_21637_3022645,21637,3022645,21,1643,200.784,0,0,-1,-1,0,0.999931461,NA,NA,70.000000000,MEASURED_CPU_FAULT,CPU;INTERVAL_FAULTS,NA,NA,NA,NA,NA,NA,NA,NA,NA,NA,NA,NA,NA,NA,NA,NA,NA,NA,NA,NA,NA,NA,NA,TARGET_GONE,identity no longer active
2026-10-02T16:04:35Z,APP_21637_3022645,21637,3022645,21,1644,192.385,0,0,-1,-1,0,0.999931461,NA,NA,70.000000000,MEASURED_CPU_FAULT,CPU;INTERVAL_FAULTS,NA,NA,NA,NA,NA,NA,NA,NA,NA,NA,NA,NA,NA,NA,NA,NA,NA,NA,NA,NA,NA,NA,NA,TARGET_GONE,identity no longer active
2026-10-02T16:04:35Z,APP_21637_3022645,21637,3022645,21,1645,201.198,0,0,-1,-1,0,0.999931461,NA,NA,70.000000000,MEASURED_CPU_FAULT,CPU;INTERVAL_FAULTS,NA,NA,NA,NA,NA,NA,NA,NA,NA,NA,NA,NA,NA,NA,NA,NA,NA,NA,NA,NA,NA,NA,NA,TARGET_GONE,identity no longer active
2026-10-02T16:04:35Z,APP_21637_3022645,21637,3022645,21,1646,199.703,0,0,-1,-1,0,0.999931461,NA,NA,70.000000000,MEASURED_CPU_FAULT,CPU;INTERVAL_FAULTS,NA,NA,NA,NA,NA,NA,NA,NA,NA,NA,NA,NA,NA,NA,NA,NA,NA,NA,NA,NA,NA,NA,NA,TARGET_GONE,identity no longer active
2026-10-02T16:04:35Z,APP_21637_3022645,21637,3022645,21,1647,201.499,0,0,-1,-1,0,0.999931461,NA,NA,70.000000000,MEASURED_CPU_FAULT,CPU;INTERVAL_FAULTS,NA,NA,NA,NA,NA,NA,NA,NA,NA,NA,NA,NA,NA,NA,NA,NA,NA,NA,NA,NA,NA,NA,NA,TARGET_GONE,identity no longer active
2026-10-02T16:04:35Z,APP_21637_3022645,21637,3022645,21,1648,197.217,0,0,-1,-1,0,0.999931461,NA,NA,70.000000000,MEASURED_CPU_FAULT,CPU;INTERVAL_FAULTS,NA,NA,NA,NA,NA,NA,NA,NA,NA,NA,NA,NA,NA,NA,NA,NA,NA,NA,NA,NA,NA,NA,NA,TARGET_GONE,identity no longer active
2026-10-02T16:04:36Z,APP_21637_3022645,21637,3022645,21,1649,201.198,0,0,-1,-1,0,0.999931461,NA,NA,70.000000000,MEASURED_CPU_FAULT,CPU;INTERVAL_FAULTS,NA,NA,NA,NA,NA,NA,NA,NA,NA,NA,NA,NA,NA,NA,NA,NA,NA,NA,NA,NA,NA,NA,NA,TARGET_GONE,identity no longer active
2026-10-02T16:04:36Z,APP_21637_3022645,21637,3022645,21,1650,197.807,0,0,-1,-1,0,0.999931461,NA,NA,70.000000000,MEASURED_CPU_FAULT,CPU;INTERVAL_FAULTS,NA,NA,NA,NA,NA,NA,NA,NA,NA,NA,NA,NA,NA,NA,NA,NA,NA,NA,NA,NA,NA,NA,NA,TARGET_GONE,identity no longer active
2026-10-02T16:04:36Z,APP_21637_3022645,21637,3022645,21,1651,210.778,0,0,-1,-1,0,0.999931461,NA,NA,70.000000000,MEASURED_CPU_FAULT,CPU;INTERVAL_FAULTS,NA,NA,NA,NA,NA,NA,NA,NA,NA,NA,NA,NA,NA,NA,NA,NA,NA,NA,NA,NA,NA,NA,NA,TARGET_GONE,identity no longer active
2026-10-02T16:04:36Z,APP_21637_3022645,21637,3022645,21,1652,198.578,0,0,-1,-1,0,0.999931461,NA,NA,70.000000000,MEASURED_CPU_FAULT,CPU;INTERVAL_FAULTS,NA,NA,NA,NA,NA,NA,NA,NA,NA,NA,NA,NA,NA,NA,NA,NA,NA,NA,NA,NA,NA,NA,NA,TARGET_GONE,identity no longer active
2026-10-02T16:04:36Z,APP_21637_3022645,21637,3022645,21,1653,204.391,0,0,-1,-1,0,0.999931461,NA,NA,70.000000000,MEASURED_CPU_FAULT,CPU;INTERVAL_FAULTS,NA,NA,NA,NA,NA,NA,NA,NA,NA,NA,NA,NA,NA,NA,NA,NA,NA,NA,NA,NA,NA,NA,NA,TARGET_GONE,identity no longer active
2026-10-02T16:04:36Z,APP_21637_3022645,21637,3022645,21,1654,201.802,0,0,-1,-1,0,0.999931461,NA,NA,70.000000000,MEASURED_CPU_FAULT,CPU;INTERVAL_FAULTS,NA,NA,NA,NA,NA,NA,NA,NA,NA,NA,NA,NA,NA,NA,NA,NA,NA,NA,NA,NA,NA,NA,NA,TARGET_GONE,identity no longer active
2026-10-02T16:04:36Z,APP_21637_3022645,21637,3022645,21,1655,196.267,0,0,-1,-1,0,0.999931461,NA,NA,70.000000000,MEASURED_CPU_FAULT,CPU;INTERVAL_FAULTS,NA,NA,NA,NA,NA,NA,NA,NA,NA,NA,NA,NA,NA,NA,NA,NA,NA,NA,NA,NA,NA,NA,NA,TARGET_GONE,identity no longer active
2026-10-02T16:04:36Z,APP_21637_3022645,21637,3022645,21,1656,201.802,0,0,-1,-1,0,0.999931461,NA,NA,70.000000000,MEASURED_CPU_FAULT,CPU;INTERVAL_FAULTS,NA,NA,NA,NA,NA,NA,NA,NA,NA,NA,NA,NA,NA,NA,NA,NA,NA,NA,NA,NA,NA,NA,NA,TARGET_GONE,identity no longer active
2026-10-02T16:04:37Z,APP_21637_3022645,21637,3022645,21,1657,200.190,0,0,-1,-1,0,0.999931461,NA,NA,70.000000000,MEASURED_CPU_FAULT,CPU;INTERVAL_FAULTS,NA,NA,NA,NA,NA,NA,NA,NA,NA,NA,NA,NA,NA,NA,NA,NA,NA,NA,NA,NA,NA,NA,NA,TARGET_GONE,identity no longer active
2026-10-02T16:04:37Z,APP_21637_3022645,21637,3022645,21,1658,191.904,0,0,-1,-1,0,0.999931461,NA,NA,70.000000000,MEASURED_CPU_FAULT,CPU;INTERVAL_FAULTS,NA,NA,NA,NA,NA,NA,NA,NA,NA,NA,NA,NA,NA,NA,NA,NA,NA,NA,NA,NA,NA,NA,NA,TARGET_GONE,identity no longer active
2026-10-02T16:04:37Z,APP_21637_3022645,21637,3022645,21,1659,201.527,0,0,-1,-1,0,0.999931461,NA,NA,70.000000000,MEASURED_CPU_FAULT,CPU;INTERVAL_FAULTS,NA,NA,NA,NA,NA,NA,NA,NA,NA,NA,NA,NA,NA,NA,NA,NA,NA,NA,NA,NA,NA,NA,NA,TARGET_GONE,identity no longer active
2026-10-02T16:04:37Z,APP_21637_3022645,21637,3022645,21,1660,201.198,0,0,-1,-1,0,0.999931461,NA,NA,70.000000000,MEASURED_CPU_FAULT,CPU;INTERVAL_FAULTS,NA,NA,NA,NA,NA,NA,NA,NA,NA,NA,NA,NA,NA,NA,NA,NA,NA,NA,NA,NA,NA,NA,NA,TARGET_GONE,identity no longer active
2026-10-02T16:04:13Z,APP_21637_3022645,21637,3022645,22,1661,0.000,0,0,-1,-1,0,0.999931461,1,true,0.000000000,MEASURED_CPU_FAULT,CPU;INTERVAL_FAULTS,HOT,669.474315258,0.560000000,0.700000000,NA,NA,NA,NA,0.560000000,0.000000000,0.700000000,0.000000000,-1.000000000,1.232000000,NA,MOVE_THREAD,INVALID,NOT_APPLICABLE,INVALID,MOVE_THREAD,-1,-1,false,TARGET_GONE,identity no longer active
2026-10-02T16:04:14Z,APP_21637_3022645,21637,3022645,22,1662,0.000,0,0,-1,-1,0,0.999931461,NA,NA,0.000000000,MEASURED_CPU_FAULT,CPU;INTERVAL_FAULTS,NA,NA,NA,NA,NA,NA,NA,NA,NA,NA,NA,NA,NA,NA,NA,NA,NA,NA,NA,NA,NA,NA,NA,TARGET_GONE,identity no longer active
2026-10-02T16:04:14Z,APP_21637_3022645,21637,3022645,22,1663,0.000,0,0,-1,-1,0,0.999931461,NA,NA,0.000000000,MEASURED_CPU_FAULT,CPU;INTERVAL_FAULTS,NA,NA,NA,NA,NA,NA,NA,NA,NA,NA,NA,NA,NA,NA,NA,NA,NA,NA,NA,NA,NA,NA,NA,TARGET_GONE,identity no longer active
2026-10-02T16:04:14Z,APP_21637_3022645,21637,3022645,22,1664,0.000,0,0,-1,-1,0,0.999931461,NA,NA,0.000000000,MEASURED_CPU_FAULT,CPU;INTERVAL_FAULTS,NA,NA,NA,NA,NA,NA,NA,NA,NA,NA,NA,NA,NA,NA,NA,NA,NA,NA,NA,NA,NA,NA,NA,TARGET_GONE,identity no longer active
2026-10-02T16:04:14Z,APP_21637_3022645,21637,3022645,22,1665,0.000,0,0,-1,-1,0,0.999931461,NA,NA,0.000000000,MEASURED_CPU_FAULT,CPU;INTERVAL_FAULTS,NA,NA,NA,NA,NA,NA,NA,NA,NA,NA,NA,NA,NA,NA,NA,NA,NA,NA,NA,NA,NA,NA,NA,TARGET_GONE,identity no longer active
2026-10-02T16:04:14Z,APP_21637_3022645,21637,3022645,22,1666,0.000,0,0,-1,-1,0,0.999931461,NA,NA,0.000000000,MEASURED_CPU_FAULT,CPU;INTERVAL_FAULTS,NA,NA,NA,NA,NA,NA,NA,NA,NA,NA,NA,NA,NA,NA,NA,NA,NA,NA,NA,NA,NA,NA,NA,TARGET_GONE,identity no longer active
2026-10-02T16:04:14Z,APP_21637_3022645,21637,3022645,22,1667,0.000,0,0,-1,-1,0,0.999931461,NA,NA,0.000000000,MEASURED_CPU_FAULT,CPU;INTERVAL_FAULTS,NA,NA,NA,NA,NA,NA,NA,NA,NA,NA,NA,NA,NA,NA,NA,NA,NA,NA,NA,NA,NA,NA,NA,TARGET_GONE,identity no longer active
2026-10-02T16:04:15Z,APP_21637_3022645,21637,3022645,22,1668,18.907,0,0,-1,-1,0,0.999931461,NA,NA,13.234900000,MEASURED_CPU_FAULT,CPU;INTERVAL_FAULTS,NA,NA,NA,NA,NA,NA,NA,NA,NA,NA,NA,NA,NA,NA,NA,NA,NA,NA,NA,NA,NA,NA,NA,TARGET_GONE,identity no longer active
2026-10-02T16:04:15Z,APP_21637_3022645,21637,3022645,22,1669,191.617,0,0,-1,-1,0,0.999931461,NA,NA,70.000000000,MEASURED_CPU_FAULT,CPU;INTERVAL_FAULTS,NA,NA,NA,NA,NA,NA,NA,NA,NA,NA,NA,NA,NA,NA,NA,NA,NA,NA,NA,NA,NA,NA,NA,TARGET_GONE,identity no longer active
2026-10-02T16:04:15Z,APP_21637_3022645,21637,3022645,22,1670,201.499,0,0,-1,-1,0,0.999931461,NA,NA,70.000000000,MEASURED_CPU_FAULT,CPU;INTERVAL_FAULTS,NA,NA,NA,NA,NA,NA,NA,NA,NA,NA,NA,NA,NA,NA,NA,NA,NA,NA,NA,NA,NA,NA,NA,TARGET_GONE,identity no longer active
2026-10-02T16:04:15Z,APP_21637_3022645,21637,3022645,22,1671,200.272,0,0,-1,-1,0,0.999931461,NA,NA,70.000000000,MEASURED_CPU_FAULT,CPU;INTERVAL_FAULTS,NA,NA,NA,NA,NA,NA,NA,NA,NA,NA,NA,NA,NA,NA,NA,NA,NA,NA,NA,NA,NA,NA,NA,TARGET_GONE,identity no longer active
2026-10-02T16:04:15Z,APP_21637_3022645,21637,3022645,22,1672,201.198,0,0,-1,-1,0,0.999931461,NA,NA,70.000000000,MEASURED_CPU_FAULT,CPU;INTERVAL_FAULTS,NA,NA,NA,NA,NA,NA,NA,NA,NA,NA,NA,NA,NA,NA,NA,NA,NA,NA,NA,NA,NA,NA,NA,TARGET_GONE,identity no longer active
2026-10-02T16:04:15Z,APP_21637_3022645,21637,3022645,22,1673,196.831,0,0,-1,-1,0,0.999931461,NA,NA,70.000000000,MEASURED_CPU_FAULT,CPU;INTERVAL_FAULTS,NA,NA,NA,NA,NA,NA,NA,NA,NA,NA,NA,NA,NA,NA,NA,NA,NA,NA,NA,NA,NA,NA,NA,TARGET_GONE,identity no longer active
2026-10-02T16:04:15Z,APP_21637_3022645,21637,3022645,22,1674,201.499,0,0,-1,-1,0,0.999931461,NA,NA,70.000000000,MEASURED_CPU_FAULT,CPU;INTERVAL_FAULTS,NA,NA,NA,NA,NA,NA,NA,NA,NA,NA,NA,NA,NA,NA,NA,NA,NA,NA,NA,NA,NA,NA,NA,TARGET_GONE,identity no longer active
2026-10-02T16:04:15Z,APP_21637_3022645,21637,3022645,22,1675,197.610,0,0,-1,-1,0,0.999931461,NA,NA,70.000000000,MEASURED_CPU_FAULT,CPU;INTERVAL_FAULTS,NA,NA,NA,NA,NA,NA,NA,NA,NA,NA,NA,NA,NA,NA,NA,NA,NA,NA,NA,NA,NA,NA,NA,TARGET_GONE,identity no longer active
2026-10-02T16:04:15Z,APP_21637_3022645,21637,3022645,22,1676,201.499,0,0,-1,-1,0,0.999931461,NA,NA,70.000000000,MEASURED_CPU_FAULT,CPU;INTERVAL_FAULTS,NA,NA,NA,NA,NA,NA,NA,NA,NA,NA,NA,NA,NA,NA,NA,NA,NA,NA,NA,NA,NA,NA,NA,TARGET_GONE,identity no longer active
2026-10-02T16:04:16Z,APP_21637_3022645,21637,3022645,22,1677,203.787,0,0,-1,-1,0,0.999931461,NA,NA,70.000000000,MEASURED_CPU_FAULT,CPU;INTERVAL_FAULTS,NA,NA,NA,NA,NA,NA,NA,NA,NA,NA,NA,NA,NA,NA,NA,NA,NA,NA,NA,NA,NA,NA,NA,TARGET_GONE,identity no longer active
2026-10-02T16:04:16Z,APP_21637_3022645,21637,3022645,22,1678,192.192,0,0,-1,-1,0,0.999931461,NA,NA,70.000000000,MEASURED_CPU_FAULT,CPU;INTERVAL_FAULTS,NA,NA,NA,NA,NA,NA,NA,NA,NA,NA,NA,NA,NA,NA,NA,NA,NA,NA,NA,NA,NA,NA,NA,TARGET_GONE,identity no longer active
2026-10-02T16:04:16Z,APP_21637_3022645,21637,3022645,22,1679,201.499,0,0,-1,-1,0,0.999931461,NA,NA,70.000000000,MEASURED_CPU_FAULT,CPU;INTERVAL_FAULTS,NA,NA,NA,NA,NA,NA,NA,NA,NA,NA,NA,NA,NA,NA,NA,NA,NA,NA,NA,NA,NA,NA,NA,TARGET_GONE,identity no longer active
2026-10-02T16:04:16Z,APP_21637_3022645,21637,3022645,22,1680,205.714,0,0,-1,-1,0,0.999931461,NA,NA,70.000000000,MEASURED_CPU_FAULT,CPU;INTERVAL_FAULTS,NA,NA,NA,NA,NA,NA,NA,NA,NA,NA,NA,NA,NA,NA,NA,NA,NA,NA,NA,NA,NA,NA,NA,TARGET_GONE,identity no longer active
2026-10-02T16:04:16Z,APP_21637_3022645,21637,3022645,22,1681,191.617,0,0,-1,-1,0,0.999931461,NA,NA,70.000000000,MEASURED_CPU_FAULT,CPU;INTERVAL_FAULTS,NA,NA,NA,NA,NA,NA,NA,NA,NA,NA,NA,NA,NA,NA,NA,NA,NA,NA,NA,NA,NA,NA,NA,TARGET_GONE,identity no longer active
2026-10-02T16:04:16Z,APP_21637_3022645,21637,3022645,22,1682,203.781,0,0,-1,-1,0,0.999931461,NA,NA,70.000000000,MEASURED_CPU_FAULT,CPU;INTERVAL_FAULTS,NA,NA,NA,NA,NA,NA,NA,NA,NA,NA,NA,NA,NA,NA,NA,NA,NA,NA,NA,NA,NA,NA,NA,TARGET_GONE,identity no longer active
2026-10-02T16:04:16Z,APP_21637_3022645,21637,3022645,22,1683,192.192,0,0,-1,-1,0,0.999931461,NA,NA,70.000000000,MEASURED_CPU_FAULT,CPU;INTERVAL_FAULTS,NA,NA,NA,NA,NA,NA,NA,NA,NA,NA,NA,NA,NA,NA,NA,NA,NA,NA,NA,NA,NA,NA,NA,TARGET_GONE,identity no longer active
2026-10-02T16:04:16Z,APP_21637_3022645,21637,3022645,22,1684,203.579,0,0,-1,-1,0,0.999931461,NA,NA,70.000000000,MEASURED_CPU_FAULT,CPU;INTERVAL_FAULTS,NA,NA,NA,NA,NA,NA,NA,NA,NA,NA,NA,NA,NA,NA,NA,NA,NA,NA,NA,NA,NA,NA,NA,TARGET_GONE,identity no longer active
2026-10-02T16:04:17Z,APP_21637_3022645,21637,3022645,22,1685,201.499,0,0,-1,-1,0,0.999931461,NA,NA,70.000000000,MEASURED_CPU_FAULT,CPU;INTERVAL_FAULTS,NA,NA,NA,NA,NA,NA,NA,NA,NA,NA,NA,NA,NA,NA,NA,NA,NA,NA,NA,NA,NA,NA,NA,TARGET_GONE,identity no longer active
2026-10-02T16:04:17Z,APP_21637_3022645,21637,3022645,22,1686,198.450,0,0,-1,-1,0,0.999931461,NA,NA,70.000000000,MEASURED_CPU_FAULT,CPU;INTERVAL_FAULTS,NA,NA,NA,NA,NA,NA,NA,NA,NA,NA,NA,NA,NA,NA,NA,NA,NA,NA,NA,NA,NA,NA,NA,TARGET_GONE,identity no longer active
2026-10-02T16:04:17Z,APP_21637_3022645,21637,3022645,22,1687,211.411,0,0,-1,-1,0,0.999931461,NA,NA,70.000000000,MEASURED_CPU_FAULT,CPU;INTERVAL_FAULTS,NA,NA,NA,NA,NA,NA,NA,NA,NA,NA,NA,NA,NA,NA,NA,NA,NA,NA,NA,NA,NA,NA,NA,TARGET_GONE,identity no longer active
2026-10-02T16:04:17Z,APP_21637_3022645,21637,3022645,22,1688,191.904,0,0,-1,-1,0,0.999931461,NA,NA,70.000000000,MEASURED_CPU_FAULT,CPU;INTERVAL_FAULTS,NA,NA,NA,NA,NA,NA,NA,NA,NA,NA,NA,NA,NA,NA,NA,NA,NA,NA,NA,NA,NA,NA,NA,TARGET_GONE,identity no longer active
2026-10-02T16:04:17Z,APP_21637_3022645,21637,3022645,22,1689,205.714,0,0,-1,-1,0,0.999931461,NA,NA,70.000000000,MEASURED_CPU_FAULT,CPU;INTERVAL_FAULTS,NA,NA,NA,NA,NA,NA,NA,NA,NA,NA,NA,NA,NA,NA,NA,NA,NA,NA,NA,NA,NA,NA,NA,TARGET_GONE,identity no longer active
2026-10-02T16:04:17Z,APP_21637_3022645,21637,3022645,22,1690,201.802,0,0,-1,-1,0,0.999931461,NA,NA,70.000000000,MEASURED_CPU_FAULT,CPU;INTERVAL_FAULTS,NA,NA,NA,NA,NA,NA,NA,NA,NA,NA,NA,NA,NA,NA,NA,NA,NA,NA,NA,NA,NA,NA,NA,TARGET_GONE,identity no longer active
2026-10-02T16:04:17Z,APP_21637_3022645,21637,3022645,22,1691,197.217,0,0,-1,-1,0,0.999931461,NA,NA,70.000000000,MEASURED_CPU_FAULT,CPU;INTERVAL_FAULTS,NA,NA,NA,NA,NA,NA,NA,NA,NA,NA,NA,NA,NA,NA,NA,NA,NA,NA,NA,NA,NA,NA,NA,TARGET_GONE,identity no longer active
2026-10-02T16:04:17Z,APP_21637_3022645,21637,3022645,22,1692,201.499,0,0,-1,-1,0,0.999931461,NA,NA,70.000000000,MEASURED_CPU_FAULT,CPU;INTERVAL_FAULTS,NA,NA,NA,NA,NA,NA,NA,NA,NA,NA,NA,NA,NA,NA,NA,NA,NA,NA,NA,NA,NA,NA,NA,TARGET_GONE,identity no longer active
2026-10-02T16:04:18Z,APP_21637_3022645,21637,3022645,22,1693,197.807,0,0,-1,-1,0,0.999931461,NA,NA,70.000000000,MEASURED_CPU_FAULT,CPU;INTERVAL_FAULTS,NA,NA,NA,NA,NA,NA,NA,NA,NA,NA,NA,NA,NA,NA,NA,NA,NA,NA,NA,NA,NA,NA,NA,TARGET_GONE,identity no longer active
2026-10-02T16:04:18Z,APP_21637_3022645,21637,3022645,22,1694,200.897,0,0,-1,-1,0,0.999931461,NA,NA,70.000000000,MEASURED_CPU_FAULT,CPU;INTERVAL_FAULTS,NA,NA,NA,NA,NA,NA,NA,NA,NA,NA,NA,NA,NA,NA,NA,NA,NA,NA,NA,NA,NA,NA,NA,TARGET_GONE,identity no longer active
2026-10-02T16:04:18Z,APP_21637_3022645,21637,3022645,22,1695,199.555,0,0,-1,-1,0,0.999931461,NA,NA,70.000000000,MEASURED_CPU_FAULT,CPU;INTERVAL_FAULTS,NA,NA,NA,NA,NA,NA,NA,NA,NA,NA,NA,NA,NA,NA,NA,NA,NA,NA,NA,NA,NA,NA,NA,TARGET_GONE,identity no longer active
2026-10-02T16:04:18Z,APP_21637_3022645,21637,3022645,22,1696,191.617,0,0,-1,-1,0,0.999931461,NA,NA,70.000000000,MEASURED_CPU_FAULT,CPU;INTERVAL_FAULTS,NA,NA,NA,NA,NA,NA,NA,NA,NA,NA,NA,NA,NA,NA,NA,NA,NA,NA,NA,NA,NA,NA,NA,TARGET_GONE,identity no longer active
2026-10-02T16:04:18Z,APP_21637_3022645,21637,3022645,22,1697,201.499,0,0,-1,-1,0,0.999931461,NA,NA,70.000000000,MEASURED_CPU_FAULT,CPU;INTERVAL_FAULTS,NA,NA,NA,NA,NA,NA,NA,NA,NA,NA,NA,NA,NA,NA,NA,NA,NA,NA,NA,NA,NA,NA,NA,TARGET_GONE,identity no longer active
2026-10-02T16:04:18Z,APP_21637_3022645,21637,3022645,22,1698,198.393,0,0,-1,-1,0,0.999931461,NA,NA,70.000000000,MEASURED_CPU_FAULT,CPU;INTERVAL_FAULTS,NA,NA,NA,NA,NA,NA,NA,NA,NA,NA,NA,NA,NA,NA,NA,NA,NA,NA,NA,NA,NA,NA,NA,TARGET_GONE,identity no longer active
2026-10-02T16:04:18Z,APP_21637_3022645,21637,3022645,22,1699,201.802,0,0,-1,-1,0,0.999931461,NA,NA,70.000000000,MEASURED_CPU_FAULT,CPU;INTERVAL_FAULTS,NA,NA,NA,NA,NA,NA,NA,NA,NA,NA,NA,NA,NA,NA,NA,NA,NA,NA,NA,NA,NA,NA,NA,TARGET_GONE,identity no longer active
2026-10-02T16:04:18Z,APP_21637_3022645,21637,3022645,22,1700,203.175,0,0,-1,-1,0,0.999931461,NA,NA,70.000000000,MEASURED_CPU_FAULT,CPU;INTERVAL_FAULTS,NA,NA,NA,NA,NA,NA,NA,NA,NA,NA,NA,NA,NA,NA,NA,NA,NA,NA,NA,NA,NA,NA,NA,TARGET_GONE,identity no longer active
2026-10-02T16:04:19Z,APP_21637_3022645,21637,3022645,22,1701,201.802,0,0,-1,-1,0,0.999931461,NA,NA,70.000000000,MEASURED_CPU_FAULT,CPU;INTERVAL_FAULTS,NA,NA,NA,NA,NA,NA,NA,NA,NA,NA,NA,NA,NA,NA,NA,NA,NA,NA,NA,NA,NA,NA,NA,TARGET_GONE,identity no longer active
2026-10-02T16:04:19Z,APP_21637_3022645,21637,3022645,22,1702,197.413,0,0,-1,-1,0,0.999931461,NA,NA,70.000000000,MEASURED_CPU_FAULT,CPU;INTERVAL_FAULTS,NA,NA,NA,NA,NA,NA,NA,NA,NA,NA,NA,NA,NA,NA,NA,NA,NA,NA,NA,NA,NA,NA,NA,TARGET_GONE,identity no longer active
2026-10-02T16:04:19Z,APP_21637_3022645,21637,3022645,22,1703,201.499,0,0,-1,-1,0,0.999931461,NA,NA,70.000000000,MEASURED_CPU_FAULT,CPU;INTERVAL_FAULTS,NA,NA,NA,NA,NA,NA,NA,NA,NA,NA,NA,NA,NA,NA,NA,NA,NA,NA,NA,NA,NA,NA,NA,TARGET_GONE,identity no longer active
2026-10-02T16:04:19Z,APP_21637_3022645,21637,3022645,22,1704,203.262,0,0,-1,-1,0,0.999931461,NA,NA,70.000000000,MEASURED_CPU_FAULT,CPU;INTERVAL_FAULTS,NA,NA,NA,NA,NA,NA,NA,NA,NA,NA,NA,NA,NA,NA,NA,NA,NA,NA,NA,NA,NA,NA,NA,TARGET_GONE,identity no longer active
2026-10-02T16:04:19Z,APP_21637_3022645,21637,3022645,22,1705,201.499,0,0,-1,-1,0,0.999931461,NA,NA,70.000000000,MEASURED_CPU_FAULT,CPU;INTERVAL_FAULTS,NA,NA,NA,NA,NA,NA,NA,NA,NA,NA,NA,NA,NA,NA,NA,NA,NA,NA,NA,NA,NA,NA,NA,TARGET_GONE,identity no longer active
2026-10-02T16:04:19Z,APP_21637_3022645,21637,3022645,22,1706,197.610,0,0,-1,-1,0,0.999931461,NA,NA,70.000000000,MEASURED_CPU_FAULT,CPU;INTERVAL_FAULTS,NA,NA,NA,NA,NA,NA,NA,NA,NA,NA,NA,NA,NA,NA,NA,NA,NA,NA,NA,NA,NA,NA,NA,TARGET_GONE,identity no longer active
2026-10-02T16:04:19Z,APP_21637_3022645,21637,3022645,22,1707,201.499,0,0,-1,-1,0,0.999931461,NA,NA,70.000000000,MEASURED_CPU_FAULT,CPU;INTERVAL_FAULTS,NA,NA,NA,NA,NA,NA,NA,NA,NA,NA,NA,NA,NA,NA,NA,NA,NA,NA,NA,NA,NA,NA,NA,TARGET_GONE,identity no longer active
2026-10-02T16:04:20Z,APP_21637_3022645,21637,3022645,22,1708,197.610,0,0,-1,-1,0,0.999931461,NA,NA,70.000000000,MEASURED_CPU_FAULT,CPU;INTERVAL_FAULTS,NA,NA,NA,NA,NA,NA,NA,NA,NA,NA,NA,NA,NA,NA,NA,NA,NA,NA,NA,NA,NA,NA,NA,TARGET_GONE,identity no longer active
2026-10-02T16:04:20Z,APP_21637_3022645,21637,3022645,22,1709,201.499,0,0,-1,-1,0,0.999931461,NA,NA,70.000000000,MEASURED_CPU_FAULT,CPU;INTERVAL_FAULTS,NA,NA,NA,NA,NA,NA,NA,NA,NA,NA,NA,NA,NA,NA,NA,NA,NA,NA,NA,NA,NA,NA,NA,TARGET_GONE,identity no longer active
2026-10-02T16:04:20Z,APP_21637_3022645,21637,3022645,22,1710,202.973,0,0,-1,-1,0,0.999931461,NA,NA,70.000000000,MEASURED_CPU_FAULT,CPU;INTERVAL_FAULTS,NA,NA,NA,NA,NA,NA,NA,NA,NA,NA,NA,NA,NA,NA,NA,NA,NA,NA,NA,NA,NA,NA,NA,TARGET_GONE,identity no longer active
2026-10-02T16:04:20Z,APP_21637_3022645,21637,3022645,22,1711,191.904,0,0,-1,-1,0,0.999931461,NA,NA,70.000000000,MEASURED_CPU_FAULT,CPU;INTERVAL_FAULTS,NA,NA,NA,NA,NA,NA,NA,NA,NA,NA,NA,NA,NA,NA,NA,NA,NA,NA,NA,NA,NA,NA,NA,TARGET_GONE,identity no longer active
2026-10-02T16:04:20Z,APP_21637_3022645,21637,3022645,22,1712,201.942,0,0,-1,-1,0,0.999931461,NA,NA,70.000000000,MEASURED_CPU_FAULT,CPU;INTERVAL_FAULTS,NA,NA,NA,NA,NA,NA,NA,NA,NA,NA,NA,NA,NA,NA,NA,NA,NA,NA,NA,NA,NA,NA,NA,TARGET_GONE,identity no longer active
2026-10-02T16:04:20Z,APP_21637_3022645,21637,3022645,22,1713,191.617,0,0,-1,-1,0,0.999931461,NA,NA,70.000000000,MEASURED_CPU_FAULT,CPU;INTERVAL_FAULTS,NA,NA,NA,NA,NA,NA,NA,NA,NA,NA,NA,NA,NA,NA,NA,NA,NA,NA,NA,NA,NA,NA,NA,TARGET_GONE,identity no longer active
2026-10-02T16:04:20Z,APP_21637_3022645,21637,3022645,22,1714,201.802,0,0,-1,-1,0,0.999931461,NA,NA,70.000000000,MEASURED_CPU_FAULT,CPU;INTERVAL_FAULTS,NA,NA,NA,NA,NA,NA,NA,NA,NA,NA,NA,NA,NA,NA,NA,NA,NA,NA,NA,NA,NA,NA,NA,TARGET_GONE,identity no longer active
2026-10-02T16:04:20Z,APP_21637_3022645,21637,3022645,22,1715,198.331,0,0,-1,-1,0,0.999931461,NA,NA,70.000000000,MEASURED_CPU_FAULT,CPU;INTERVAL_FAULTS,NA,NA,NA,NA,NA,NA,NA,NA,NA,NA,NA,NA,NA,NA,NA,NA,NA,NA,NA,NA,NA,NA,NA,TARGET_GONE,identity no longer active
2026-10-02T16:04:20Z,APP_21637_3022645,21637,3022645,22,1716,201.499,0,0,-1,-1,0,0.999931461,NA,NA,70.000000000,MEASURED_CPU_FAULT,CPU;INTERVAL_FAULTS,NA,NA,NA,NA,NA,NA,NA,NA,NA,NA,NA,NA,NA,NA,NA,NA,NA,NA,NA,NA,NA,NA,NA,TARGET_GONE,identity no longer active
2026-10-02T16:04:21Z,APP_21637_3022645,21637,3022645,22,1717,197.413,0,0,-1,-1,0,0.999931461,NA,NA,70.000000000,MEASURED_CPU_FAULT,CPU;INTERVAL_FAULTS,NA,NA,NA,NA,NA,NA,NA,NA,NA,NA,NA,NA,NA,NA,NA,NA,NA,NA,NA,NA,NA,NA,NA,TARGET_GONE,identity no longer active
2026-10-02T16:04:21Z,APP_21637_3022645,21637,3022645,22,1718,201.499,0,0,-1,-1,0,0.999931461,NA,NA,70.000000000,MEASURED_CPU_FAULT,CPU;INTERVAL_FAULTS,NA,NA,NA,NA,NA,NA,NA,NA,NA,NA,NA,NA,NA,NA,NA,NA,NA,NA,NA,NA,NA,NA,NA,TARGET_GONE,identity no longer active
2026-10-02T16:04:21Z,APP_21637_3022645,21637,3022645,22,1719,203.579,0,0,-1,-1,0,0.999931461,NA,NA,70.000000000,MEASURED_CPU_FAULT,CPU;INTERVAL_FAULTS,NA,NA,NA,NA,NA,NA,NA,NA,NA,NA,NA,NA,NA,NA,NA,NA,NA,NA,NA,NA,NA,NA,NA,TARGET_GONE,identity no longer active
2026-10-02T16:04:21Z,APP_21637_3022645,21637,3022645,22,1720,201.499,0,0,-1,-1,0,0.999931461,NA,NA,70.000000000,MEASURED_CPU_FAULT,CPU;INTERVAL_FAULTS,NA,NA,NA,NA,NA,NA,NA,NA,NA,NA,NA,NA,NA,NA,NA,NA,NA,NA,NA,NA,NA,NA,NA,TARGET_GONE,identity no longer active
2026-10-02T16:04:21Z,APP_21637_3022645,21637,3022645,22,1721,199.555,0,0,-1,-1,0,0.999931461,NA,NA,70.000000000,MEASURED_CPU_FAULT,CPU;INTERVAL_FAULTS,NA,NA,NA,NA,NA,NA,NA,NA,NA,NA,NA,NA,NA,NA,NA,NA,NA,NA,NA,NA,NA,NA,NA,TARGET_GONE,identity no longer active
2026-10-02T16:04:21Z,APP_21637_3022645,21637,3022645,22,1722,192.192,0,0,-1,-1,0,0.999931461,NA,NA,70.000000000,MEASURED_CPU_FAULT,CPU;INTERVAL_FAULTS,NA,NA,NA,NA,NA,NA,NA,NA,NA,NA,NA,NA,NA,NA,NA,NA,NA,NA,NA,NA,NA,NA,NA,TARGET_GONE,identity no longer active
2026-10-02T16:04:21Z,APP_21637_3022645,21637,3022645,22,1723,200.897,0,0,-1,-1,0,0.999931461,NA,NA,70.000000000,MEASURED_CPU_FAULT,CPU;INTERVAL_FAULTS,NA,NA,NA,NA,NA,NA,NA,NA,NA,NA,NA,NA,NA,NA,NA,NA,NA,NA,NA,NA,NA,NA,NA,TARGET_GONE,identity no longer active
2026-10-02T16:04:22Z,APP_21637_3022645,21637,3022645,22,1724,198.568,0,0,-1,-1,0,0.999931461,NA,NA,70.000000000,MEASURED_CPU_FAULT,CPU;INTERVAL_FAULTS,NA,NA,NA,NA,NA,NA,NA,NA,NA,NA,NA,NA,NA,NA,NA,NA,NA,NA,NA,NA,NA,NA,NA,TARGET_GONE,identity no longer active
2026-10-02T16:04:22Z,APP_21637_3022645,21637,3022645,22,1725,201.198,0,0,-1,-1,0,0.999931461,NA,NA,70.000000000,MEASURED_CPU_FAULT,CPU;INTERVAL_FAULTS,NA,NA,NA,NA,NA,NA,NA,NA,NA,NA,NA,NA,NA,NA,NA,NA,NA,NA,NA,NA,NA,NA,NA,TARGET_GONE,identity no longer active
2026-10-02T16:04:22Z,APP_21637_3022645,21637,3022645,22,1726,203.376,0,0,-1,-1,0,0.999931461,NA,NA,70.000000000,MEASURED_CPU_FAULT,CPU;INTERVAL_FAULTS,NA,NA,NA,NA,NA,NA,NA,NA,NA,NA,NA,NA,NA,NA,NA,NA,NA,NA,NA,NA,NA,NA,NA,TARGET_GONE,identity no longer active
2026-10-02T16:04:22Z,APP_21637_3022645,21637,3022645,22,1727,201.198,0,0,-1,-1,0,0.999931461,NA,NA,70.000000000,MEASURED_CPU_FAULT,CPU;INTERVAL_FAULTS,NA,NA,NA,NA,NA,NA,NA,NA,NA,NA,NA,NA,NA,NA,NA,NA,NA,NA,NA,NA,NA,NA,NA,TARGET_GONE,identity no longer active
2026-10-02T16:04:22Z,APP_21637_3022645,21637,3022645,22,1728,197.413,0,0,-1,-1,0,0.999931461,NA,NA,70.000000000,MEASURED_CPU_FAULT,CPU;INTERVAL_FAULTS,NA,NA,NA,NA,NA,NA,NA,NA,NA,NA,NA,NA,NA,NA,NA,NA,NA,NA,NA,NA,NA,NA,NA,TARGET_GONE,identity no longer active
2026-10-02T16:04:22Z,APP_21637_3022645,21637,3022645,22,1729,201.499,0,0,-1,-1,0,0.999931461,NA,NA,70.000000000,MEASURED_CPU_FAULT,CPU;INTERVAL_FAULTS,NA,NA,NA,NA,NA,NA,NA,NA,NA,NA,NA,NA,NA,NA,NA,NA,NA,NA,NA,NA,NA,NA,NA,TARGET_GONE,identity no longer active
2026-10-02T16:04:22Z,APP_21637_3022645,21637,3022645,22,1730,200.805,0,0,-1,-1,0,0.999931461,NA,NA,70.000000000,MEASURED_CPU_FAULT,CPU;INTERVAL_FAULTS,NA,NA,NA,NA,NA,NA,NA,NA,NA,NA,NA,NA,NA,NA,NA,NA,NA,NA,NA,NA,NA,NA,NA,TARGET_GONE,identity no longer active
2026-10-02T16:04:22Z,APP_21637_3022645,21637,3022645,22,1731,192.192,0,0,-1,-1,0,0.999931461,NA,NA,70.000000000,MEASURED_CPU_FAULT,CPU;INTERVAL_FAULTS,NA,NA,NA,NA,NA,NA,NA,NA,NA,NA,NA,NA,NA,NA,NA,NA,NA,NA,NA,NA,NA,NA,NA,TARGET_GONE,identity no longer active
2026-10-02T16:04:22Z,APP_21637_3022645,21637,3022645,22,1732,201.499,0,0,-1,-1,0,0.999931461,NA,NA,70.000000000,MEASURED_CPU_FAULT,CPU;INTERVAL_FAULTS,NA,NA,NA,NA,NA,NA,NA,NA,NA,NA,NA,NA,NA,NA,NA,NA,NA,NA,NA,NA,NA,NA,NA,TARGET_GONE,identity no longer active
2026-10-02T16:04:23Z,APP_21637_3022645,21637,3022645,22,1733,206.205,0,0,-1,-1,0,0.999931461,NA,NA,70.000000000,MEASURED_CPU_FAULT,CPU;INTERVAL_FAULTS,NA,NA,NA,NA,NA,NA,NA,NA,NA,NA,NA,NA,NA,NA,NA,NA,NA,NA,NA,NA,NA,NA,NA,TARGET_GONE,identity no longer active
2026-10-02T16:04:23Z,APP_21637_3022645,21637,3022645,22,1734,192.192,0,0,-1,-1,0,0.999931461,NA,NA,70.000000000,MEASURED_CPU_FAULT,CPU;INTERVAL_FAULTS,NA,NA,NA,NA,NA,NA,NA,NA,NA,NA,NA,NA,NA,NA,NA,NA,NA,NA,NA,NA,NA,NA,NA,TARGET_GONE,identity no longer active
2026-10-02T16:04:23Z,APP_21637_3022645,21637,3022645,22,1735,203.175,0,0,-1,-1,0,0.999931461,NA,NA,70.000000000,MEASURED_CPU_FAULT,CPU;INTERVAL_FAULTS,NA,NA,NA,NA,NA,NA,NA,NA,NA,NA,NA,NA,NA,NA,NA,NA,NA,NA,NA,NA,NA,NA,NA,TARGET_GONE,identity no longer active
2026-10-02T16:04:23Z,APP_21637_3022645,21637,3022645,22,1736,192.481,0,0,-1,-1,0,0.999931461,NA,NA,70.000000000,MEASURED_CPU_FAULT,CPU;INTERVAL_FAULTS,NA,NA,NA,NA,NA,NA,NA,NA,NA,NA,NA,NA,NA,NA,NA,NA,NA,NA,NA,NA,NA,NA,NA,TARGET_GONE,identity no longer active
2026-10-02T16:04:23Z,APP_21637_3022645,21637,3022645,22,1737,203.781,0,0,-1,-1,0,0.999931461,NA,NA,70.000000000,MEASURED_CPU_FAULT,CPU;INTERVAL_FAULTS,NA,NA,NA,NA,NA,NA,NA,NA,NA,NA,NA,NA,NA,NA,NA,NA,NA,NA,NA,NA,NA,NA,NA,TARGET_GONE,identity no longer active
2026-10-02T16:04:23Z,APP_21637_3022645,21637,3022645,22,1738,191.904,0,0,-1,-1,0,0.999931461,NA,NA,70.000000000,MEASURED_CPU_FAULT,CPU;INTERVAL_FAULTS,NA,NA,NA,NA,NA,NA,NA,NA,NA,NA,NA,NA,NA,NA,NA,NA,NA,NA,NA,NA,NA,NA,NA,TARGET_GONE,identity no longer active
2026-10-02T16:04:23Z,APP_21637_3022645,21637,3022645,22,1739,202.157,0,0,-1,-1,0,0.999931461,NA,NA,70.000000000,MEASURED_CPU_FAULT,CPU;INTERVAL_FAULTS,NA,NA,NA,NA,NA,NA,NA,NA,NA,NA,NA,NA,NA,NA,NA,NA,NA,NA,NA,NA,NA,NA,NA,TARGET_GONE,identity no longer active
2026-10-02T16:04:23Z,APP_21637_3022645,21637,3022645,22,1740,211.411,0,0,-1,-1,0,0.999931461,NA,NA,70.000000000,MEASURED_CPU_FAULT,CPU;INTERVAL_FAULTS,NA,NA,NA,NA,NA,NA,NA,NA,NA,NA,NA,NA,NA,NA,NA,NA,NA,NA,NA,NA,NA,NA,NA,TARGET_GONE,identity no longer active
2026-10-02T16:04:24Z,APP_21637_3022645,21637,3022645,22,1741,191.904,0,0,-1,-1,0,0.999931461,NA,NA,70.000000000,MEASURED_CPU_FAULT,CPU;INTERVAL_FAULTS,NA,NA,NA,NA,NA,NA,NA,NA,NA,NA,NA,NA,NA,NA,NA,NA,NA,NA,NA,NA,NA,NA,NA,TARGET_GONE,identity no longer active
2026-10-02T16:04:24Z,APP_21637_3022645,21637,3022645,22,1742,205.470,0,0,-1,-1,0,0.999931461,NA,NA,70.000000000,MEASURED_CPU_FAULT,CPU;INTERVAL_FAULTS,NA,NA,NA,NA,NA,NA,NA,NA,NA,NA,NA,NA,NA,NA,NA,NA,NA,NA,NA,NA,NA,NA,NA,TARGET_GONE,identity no longer active
2026-10-02T16:04:24Z,APP_21637_3022645,21637,3022645,22,1743,201.802,0,0,-1,-1,0,0.999931461,NA,NA,70.000000000,MEASURED_CPU_FAULT,CPU;INTERVAL_FAULTS,NA,NA,NA,NA,NA,NA,NA,NA,NA,NA,NA,NA,NA,NA,NA,NA,NA,NA,NA,NA,NA,NA,NA,TARGET_GONE,identity no longer active
2026-10-02T16:04:24Z,APP_21637_3022645,21637,3022645,22,1744,197.217,0,0,-1,-1,0,0.999931461,NA,NA,70.000000000,MEASURED_CPU_FAULT,CPU;INTERVAL_FAULTS,NA,NA,NA,NA,NA,NA,NA,NA,NA,NA,NA,NA,NA,NA,NA,NA,NA,NA,NA,NA,NA,NA,NA,TARGET_GONE,identity no longer active
2026-10-02T16:04:24Z,APP_21637_3022645,21637,3022645,22,1745,201.499,0,0,-1,-1,0,0.999931461,NA,NA,70.000000000,MEASURED_CPU_FAULT,CPU;INTERVAL_FAULTS,NA,NA,NA,NA,NA,NA,NA,NA,NA,NA,NA,NA,NA,NA,NA,NA,NA,NA,NA,NA,NA,NA,NA,TARGET_GONE,identity no longer active
2026-10-02T16:04:24Z,APP_21637_3022645,21637,3022645,22,1746,203.376,0,0,-1,-1,0,0.999931461,NA,NA,70.000000000,MEASURED_CPU_FAULT,CPU;INTERVAL_FAULTS,NA,NA,NA,NA,NA,NA,NA,NA,NA,NA,NA,NA,NA,NA,NA,NA,NA,NA,NA,NA,NA,NA,NA,TARGET_GONE,identity no longer active
2026-10-02T16:04:24Z,APP_21637_3022645,21637,3022645,22,1747,191.904,0,0,-1,-1,0,0.999931461,NA,NA,70.000000000,MEASURED_CPU_FAULT,CPU;INTERVAL_FAULTS,NA,NA,NA,NA,NA,NA,NA,NA,NA,NA,NA,NA,NA,NA,NA,NA,NA,NA,NA,NA,NA,NA,NA,TARGET_GONE,identity no longer active
2026-10-02T16:04:25Z,APP_21637_3022645,21637,3022645,22,1748,200.149,0,0,-1,-1,0,0.999931461,NA,NA,70.000000000,MEASURED_CPU_FAULT,CPU;INTERVAL_FAULTS,NA,NA,NA,NA,NA,NA,NA,NA,NA,NA,NA,NA,NA,NA,NA,NA,NA,NA,NA,NA,NA,NA,NA,TARGET_GONE,identity no longer active
2026-10-02T16:04:25Z,APP_21637_3022645,21637,3022645,22,1749,191.617,0,0,-1,-1,0,0.999931461,NA,NA,70.000000000,MEASURED_CPU_FAULT,CPU;INTERVAL_FAULTS,NA,NA,NA,NA,NA,NA,NA,NA,NA,NA,NA,NA,NA,NA,NA,NA,NA,NA,NA,NA,NA,NA,NA,TARGET_GONE,identity no longer active
2026-10-02T16:04:25Z,APP_21637_3022645,21637,3022645,22,1750,201.499,0,0,-1,-1,0,0.999931461,NA,NA,70.000000000,MEASURED_CPU_FAULT,CPU;INTERVAL_FAULTS,NA,NA,NA,NA,NA,NA,NA,NA,NA,NA,NA,NA,NA,NA,NA,NA,NA,NA,NA,NA,NA,NA,NA,TARGET_GONE,identity no longer active
2026-10-02T16:04:25Z,APP_21637_3022645,21637,3022645,22,1751,206.205,0,0,-1,-1,0,0.999931461,NA,NA,70.000000000,MEASURED_CPU_FAULT,CPU;INTERVAL_FAULTS,NA,NA,NA,NA,NA,NA,NA,NA,NA,NA,NA,NA,NA,NA,NA,NA,NA,NA,NA,NA,NA,NA,NA,TARGET_GONE,identity no longer active
2026-10-02T16:04:25Z,APP_21637_3022645,21637,3022645,22,1752,191.904,0,0,-1,-1,0,0.999931461,NA,NA,70.000000000,MEASURED_CPU_FAULT,CPU;INTERVAL_FAULTS,NA,NA,NA,NA,NA,NA,NA,NA,NA,NA,NA,NA,NA,NA,NA,NA,NA,NA,NA,NA,NA,NA,NA,TARGET_GONE,identity no longer active
2026-10-02T16:04:25Z,APP_21637_3022645,21637,3022645,22,1753,203.984,0,0,-1,-1,0,0.999931461,NA,NA,70.000000000,MEASURED_CPU_FAULT,CPU;INTERVAL_FAULTS,NA,NA,NA,NA,NA,NA,NA,NA,NA,NA,NA,NA,NA,NA,NA,NA,NA,NA,NA,NA,NA,NA,NA,TARGET_GONE,identity no longer active
2026-10-02T16:04:25Z,APP_21637_3022645,21637,3022645,22,1754,191.904,0,0,-1,-1,0,0.999931461,NA,NA,70.000000000,MEASURED_CPU_FAULT,CPU;INTERVAL_FAULTS,NA,NA,NA,NA,NA,NA,NA,NA,NA,NA,NA,NA,NA,NA,NA,NA,NA,NA,NA,NA,NA,NA,NA,TARGET_GONE,identity no longer active
2026-10-02T16:04:25Z,APP_21637_3022645,21637,3022645,22,1755,203.376,0,0,-1,-1,0,0.999931461,NA,NA,70.000000000,MEASURED_CPU_FAULT,CPU;INTERVAL_FAULTS,NA,NA,NA,NA,NA,NA,NA,NA,NA,NA,NA,NA,NA,NA,NA,NA,NA,NA,NA,NA,NA,NA,NA,TARGET_GONE,identity no longer active
2026-10-02T16:04:25Z,APP_21637_3022645,21637,3022645,22,1756,201.802,0,0,-1,-1,0,0.999931461,NA,NA,70.000000000,MEASURED_CPU_FAULT,CPU;INTERVAL_FAULTS,NA,NA,NA,NA,NA,NA,NA,NA,NA,NA,NA,NA,NA,NA,NA,NA,NA,NA,NA,NA,NA,NA,NA,TARGET_GONE,identity no longer active
2026-10-02T16:04:26Z,APP_21637_3022645,21637,3022645,22,1757,197.531,0,0,-1,-1,0,0.999931461,NA,NA,70.000000000,MEASURED_CPU_FAULT,CPU;INTERVAL_FAULTS,NA,NA,NA,NA,NA,NA,NA,NA,NA,NA,NA,NA,NA,NA,NA,NA,NA,NA,NA,NA,NA,NA,NA,TARGET_GONE,identity no longer active
2026-10-02T16:04:26Z,APP_21637_3022645,21637,3022645,22,1758,210.778,0,0,-1,-1,0,0.999931461,NA,NA,70.000000000,MEASURED_CPU_FAULT,CPU;INTERVAL_FAULTS,NA,NA,NA,NA,NA,NA,NA,NA,NA,NA,NA,NA,NA,NA,NA,NA,NA,NA,NA,NA,NA,NA,NA,TARGET_GONE,identity no longer active
2026-10-02T16:04:26Z,APP_21637_3022645,21637,3022645,22,1759,201.499,0,0,-1,-1,0,0.999931461,NA,NA,70.000000000,MEASURED_CPU_FAULT,CPU;INTERVAL_FAULTS,NA,NA,NA,NA,NA,NA,NA,NA,NA,NA,NA,NA,NA,NA,NA,NA,NA,NA,NA,NA,NA,NA,NA,TARGET_GONE,identity no longer active
2026-10-02T16:04:26Z,APP_21637_3022645,21637,3022645,22,1760,198.568,0,0,-1,-1,0,0.999931461,NA,NA,70.000000000,MEASURED_CPU_FAULT,CPU;INTERVAL_FAULTS,NA,NA,NA,NA,NA,NA,NA,NA,NA,NA,NA,NA,NA,NA,NA,NA,NA,NA,NA,NA,NA,NA,NA,TARGET_GONE,identity no longer active
2026-10-02T16:04:26Z,APP_21637_3022645,21637,3022645,22,1761,201.198,0,0,-1,-1,0,0.999931461,NA,NA,70.000000000,MEASURED_CPU_FAULT,CPU;INTERVAL_FAULTS,NA,NA,NA,NA,NA,NA,NA,NA,NA,NA,NA,NA,NA,NA,NA,NA,NA,NA,NA,NA,NA,NA,NA,TARGET_GONE,identity no longer active
2026-10-02T16:04:26Z,APP_21637_3022645,21637,3022645,22,1762,203.376,0,0,-1,-1,0,0.999931461,NA,NA,70.000000000,MEASURED_CPU_FAULT,CPU;INTERVAL_FAULTS,NA,NA,NA,NA,NA,NA,NA,NA,NA,NA,NA,NA,NA,NA,NA,NA,NA,NA,NA,NA,NA,NA,NA,TARGET_GONE,identity no longer active
2026-10-02T16:04:26Z,APP_21637_3022645,21637,3022645,22,1763,191.904,0,0,-1,-1,0,0.999931461,NA,NA,70.000000000,MEASURED_CPU_FAULT,CPU;INTERVAL_FAULTS,NA,NA,NA,NA,NA,NA,NA,NA,NA,NA,NA,NA,NA,NA,NA,NA,NA,NA,NA,NA,NA,NA,NA,TARGET_GONE,identity no longer active
2026-10-02T16:04:26Z,APP_21637_3022645,21637,3022645,22,1764,203.781,0,0,-1,-1,0,0.999931461,NA,NA,70.000000000,MEASURED_CPU_FAULT,CPU;INTERVAL_FAULTS,NA,NA,NA,NA,NA,NA,NA,NA,NA,NA,NA,NA,NA,NA,NA,NA,NA,NA,NA,NA,NA,NA,NA,TARGET_GONE,identity no longer active
2026-10-02T16:04:27Z,APP_21637_3022645,21637,3022645,22,1765,191.617,0,0,-1,-1,0,0.999931461,NA,NA,70.000000000,MEASURED_CPU_FAULT,CPU;INTERVAL_FAULTS,NA,NA,NA,NA,NA,NA,NA,NA,NA,NA,NA,NA,NA,NA,NA,NA,NA,NA,NA,NA,NA,NA,NA,TARGET_GONE,identity no longer active
2026-10-02T16:04:27Z,APP_21637_3022645,21637,3022645,22,1766,201.575,0,0,-1,-1,0,0.999931461,NA,NA,70.000000000,MEASURED_CPU_FAULT,CPU;INTERVAL_FAULTS,NA,NA,NA,NA,NA,NA,NA,NA,NA,NA,NA,NA,NA,NA,NA,NA,NA,NA,NA,NA,NA,NA,NA,TARGET_GONE,identity no longer active
2026-10-02T16:04:27Z,APP_21637_3022645,21637,3022645,22,1767,211.411,0,0,-1,-1,0,0.999931461,NA,NA,70.000000000,MEASURED_CPU_FAULT,CPU;INTERVAL_FAULTS,NA,NA,NA,NA,NA,NA,NA,NA,NA,NA,NA,NA,NA,NA,NA,NA,NA,NA,NA,NA,NA,NA,NA,TARGET_GONE,identity no longer active
2026-10-02T16:04:27Z,APP_21637_3022645,21637,3022645,22,1768,201.802,0,0,-1,-1,0,0.999931461,NA,NA,70.000000000,MEASURED_CPU_FAULT,CPU;INTERVAL_FAULTS,NA,NA,NA,NA,NA,NA,NA,NA,NA,NA,NA,NA,NA,NA,NA,NA,NA,NA,NA,NA,NA,NA,NA,TARGET_GONE,identity no longer active
2026-10-02T16:04:27Z,APP_21637_3022645,21637,3022645,22,1769,198.095,0,0,-1,-1,0,0.999931461,NA,NA,70.000000000,MEASURED_CPU_FAULT,CPU;INTERVAL_FAULTS,NA,NA,NA,NA,NA,NA,NA,NA,NA,NA,NA,NA,NA,NA,NA,NA,NA,NA,NA,NA,NA,NA,NA,TARGET_GONE,identity no longer active
2026-10-02T16:04:27Z,APP_21637_3022645,21637,3022645,22,1770,201.802,0,0,-1,-1,0,0.999931461,NA,NA,70.000000000,MEASURED_CPU_FAULT,CPU;INTERVAL_FAULTS,NA,NA,NA,NA,NA,NA,NA,NA,NA,NA,NA,NA,NA,NA,NA,NA,NA,NA,NA,NA,NA,NA,NA,TARGET_GONE,identity no longer active
2026-10-02T16:04:27Z,APP_21637_3022645,21637,3022645,22,1771,197.413,0,0,-1,-1,0,0.999931461,NA,NA,70.000000000,MEASURED_CPU_FAULT,CPU;INTERVAL_FAULTS,NA,NA,NA,NA,NA,NA,NA,NA,NA,NA,NA,NA,NA,NA,NA,NA,NA,NA,NA,NA,NA,NA,NA,TARGET_GONE,identity no longer active
2026-10-02T16:04:27Z,APP_21637_3022645,21637,3022645,22,1772,201.499,0,0,-1,-1,0,0.999931461,NA,NA,70.000000000,MEASURED_CPU_FAULT,CPU;INTERVAL_FAULTS,NA,NA,NA,NA,NA,NA,NA,NA,NA,NA,NA,NA,NA,NA,NA,NA,NA,NA,NA,NA,NA,NA,NA,TARGET_GONE,identity no longer active
2026-10-02T16:04:28Z,APP_21637_3022645,21637,3022645,22,1773,198.066,0,0,-1,-1,0,0.999931461,NA,NA,70.000000000,MEASURED_CPU_FAULT,CPU;INTERVAL_FAULTS,NA,NA,NA,NA,NA,NA,NA,NA,NA,NA,NA,NA,NA,NA,NA,NA,NA,NA,NA,NA,NA,NA,NA,TARGET_GONE,identity no longer active
2026-10-02T16:04:28Z,APP_21637_3022645,21637,3022645,22,1774,201.198,0,0,-1,-1,0,0.999931461,NA,NA,70.000000000,MEASURED_CPU_FAULT,CPU;INTERVAL_FAULTS,NA,NA,NA,NA,NA,NA,NA,NA,NA,NA,NA,NA,NA,NA,NA,NA,NA,NA,NA,NA,NA,NA,NA,TARGET_GONE,identity no longer active
2026-10-02T16:04:28Z,APP_21637_3022645,21637,3022645,22,1775,198.621,0,0,-1,-1,0,0.999931461,NA,NA,70.000000000,MEASURED_CPU_FAULT,CPU;INTERVAL_FAULTS,NA,NA,NA,NA,NA,NA,NA,NA,NA,NA,NA,NA,NA,NA,NA,NA,NA,NA,NA,NA,NA,NA,NA,TARGET_GONE,identity no longer active
2026-10-02T16:04:28Z,APP_21637_3022645,21637,3022645,22,1776,211.411,0,0,-1,-1,0,0.999931461,NA,NA,70.000000000,MEASURED_CPU_FAULT,CPU;INTERVAL_FAULTS,NA,NA,NA,NA,NA,NA,NA,NA,NA,NA,NA,NA,NA,NA,NA,NA,NA,NA,NA,NA,NA,NA,NA,TARGET_GONE,identity no longer active
2026-10-02T16:04:28Z,APP_21637_3022645,21637,3022645,22,1777,201.499,0,0,-1,-1,0,0.999931461,NA,NA,70.000000000,MEASURED_CPU_FAULT,CPU;INTERVAL_FAULTS,NA,NA,NA,NA,NA,NA,NA,NA,NA,NA,NA,NA,NA,NA,NA,NA,NA,NA,NA,NA,NA,NA,NA,TARGET_GONE,identity no longer active
2026-10-02T16:04:28Z,APP_21637_3022645,21637,3022645,22,1778,198.331,0,0,-1,-1,0,0.999931461,NA,NA,70.000000000,MEASURED_CPU_FAULT,CPU;INTERVAL_FAULTS,NA,NA,NA,NA,NA,NA,NA,NA,NA,NA,NA,NA,NA,NA,NA,NA,NA,NA,NA,NA,NA,NA,NA,TARGET_GONE,identity no longer active
2026-10-02T16:04:28Z,APP_21637_3022645,21637,3022645,22,1779,201.198,0,0,-1,-1,0,0.999931461,NA,NA,70.000000000,MEASURED_CPU_FAULT,CPU;INTERVAL_FAULTS,NA,NA,NA,NA,NA,NA,NA,NA,NA,NA,NA,NA,NA,NA,NA,NA,NA,NA,NA,NA,NA,NA,NA,TARGET_GONE,identity no longer active
2026-10-02T16:04:28Z,APP_21637_3022645,21637,3022645,22,1780,197.610,0,0,-1,-1,0,0.999931461,NA,NA,70.000000000,MEASURED_CPU_FAULT,CPU;INTERVAL_FAULTS,NA,NA,NA,NA,NA,NA,NA,NA,NA,NA,NA,NA,NA,NA,NA,NA,NA,NA,NA,NA,NA,NA,NA,TARGET_GONE,identity no longer active
2026-10-02T16:04:29Z,APP_21637_3022645,21637,3022645,22,1781,201.499,0,0,-1,-1,0,0.999931461,NA,NA,70.000000000,MEASURED_CPU_FAULT,CPU;INTERVAL_FAULTS,NA,NA,NA,NA,NA,NA,NA,NA,NA,NA,NA,NA,NA,NA,NA,NA,NA,NA,NA,NA,NA,NA,NA,TARGET_GONE,identity no longer active
2026-10-02T16:04:29Z,APP_21637_3022645,21637,3022645,22,1782,197.413,0,0,-1,-1,0,0.999931461,NA,NA,70.000000000,MEASURED_CPU_FAULT,CPU;INTERVAL_FAULTS,NA,NA,NA,NA,NA,NA,NA,NA,NA,NA,NA,NA,NA,NA,NA,NA,NA,NA,NA,NA,NA,NA,NA,TARGET_GONE,identity no longer active
2026-10-02T16:04:29Z,APP_21637_3022645,21637,3022645,22,1783,211.094,0,0,-1,-1,0,0.999931461,NA,NA,70.000000000,MEASURED_CPU_FAULT,CPU;INTERVAL_FAULTS,NA,NA,NA,NA,NA,NA,NA,NA,NA,NA,NA,NA,NA,NA,NA,NA,NA,NA,NA,NA,NA,NA,NA,TARGET_GONE,identity no longer active
2026-10-02T16:04:29Z,APP_21637_3022645,21637,3022645,22,1784,196.587,0,0,-1,-1,0,0.999931461,NA,NA,70.000000000,MEASURED_CPU_FAULT,CPU;INTERVAL_FAULTS,NA,NA,NA,NA,NA,NA,NA,NA,NA,NA,NA,NA,NA,NA,NA,NA,NA,NA,NA,NA,NA,NA,NA,TARGET_GONE,identity no longer active
2026-10-02T16:04:29Z,APP_21637_3022645,21637,3022645,22,1785,210.778,0,0,-1,-1,0,0.999931461,NA,NA,70.000000000,MEASURED_CPU_FAULT,CPU;INTERVAL_FAULTS,NA,NA,NA,NA,NA,NA,NA,NA,NA,NA,NA,NA,NA,NA,NA,NA,NA,NA,NA,NA,NA,NA,NA,TARGET_GONE,identity no longer active
2026-10-02T16:04:29Z,APP_21637_3022645,21637,3022645,22,1786,192.192,0,0,-1,-1,0,0.999931461,NA,NA,70.000000000,MEASURED_CPU_FAULT,CPU;INTERVAL_FAULTS,NA,NA,NA,NA,NA,NA,NA,NA,NA,NA,NA,NA,NA,NA,NA,NA,NA,NA,NA,NA,NA,NA,NA,TARGET_GONE,identity no longer active
2026-10-02T16:04:29Z,APP_21637_3022645,21637,3022645,22,1787,205.959,0,0,-1,-1,0,0.999931461,NA,NA,70.000000000,MEASURED_CPU_FAULT,CPU;INTERVAL_FAULTS,NA,NA,NA,NA,NA,NA,NA,NA,NA,NA,NA,NA,NA,NA,NA,NA,NA,NA,NA,NA,NA,NA,NA,TARGET_GONE,identity no longer active
2026-10-02T16:04:29Z,APP_21637_3022645,21637,3022645,22,1788,201.198,0,0,-1,-1,0,0.999931461,NA,NA,70.000000000,MEASURED_CPU_FAULT,CPU;INTERVAL_FAULTS,NA,NA,NA,NA,NA,NA,NA,NA,NA,NA,NA,NA,NA,NA,NA,NA,NA,NA,NA,NA,NA,NA,NA,TARGET_GONE,identity no longer active
2026-10-02T16:04:30Z,APP_21637_3022645,21637,3022645,22,1789,197.610,0,0,-1,-1,0,0.999931461,NA,NA,70.000000000,MEASURED_CPU_FAULT,CPU;INTERVAL_FAULTS,NA,NA,NA,NA,NA,NA,NA,NA,NA,NA,NA,NA,NA,NA,NA,NA,NA,NA,NA,NA,NA,NA,NA,TARGET_GONE,identity no longer active
2026-10-02T16:04:30Z,APP_21637_3022645,21637,3022645,22,1790,201.802,0,0,-1,-1,0,0.999931461,NA,NA,70.000000000,MEASURED_CPU_FAULT,CPU;INTERVAL_FAULTS,NA,NA,NA,NA,NA,NA,NA,NA,NA,NA,NA,NA,NA,NA,NA,NA,NA,NA,NA,NA,NA,NA,NA,TARGET_GONE,identity no longer active
2026-10-02T16:04:30Z,APP_21637_3022645,21637,3022645,22,1791,197.217,0,0,-1,-1,0,0.999931461,NA,NA,70.000000000,MEASURED_CPU_FAULT,CPU;INTERVAL_FAULTS,NA,NA,NA,NA,NA,NA,NA,NA,NA,NA,NA,NA,NA,NA,NA,NA,NA,NA,NA,NA,NA,NA,NA,TARGET_GONE,identity no longer active
2026-10-02T16:04:30Z,APP_21637_3022645,21637,3022645,22,1792,201.802,0,0,-1,-1,0,0.999931461,NA,NA,70.000000000,MEASURED_CPU_FAULT,CPU;INTERVAL_FAULTS,NA,NA,NA,NA,NA,NA,NA,NA,NA,NA,NA,NA,NA,NA,NA,NA,NA,NA,NA,NA,NA,NA,NA,TARGET_GONE,identity no longer active
2026-10-02T16:04:30Z,APP_21637_3022645,21637,3022645,22,1793,200.801,0,0,-1,-1,0,0.999931461,NA,NA,70.000000000,MEASURED_CPU_FAULT,CPU;INTERVAL_FAULTS,NA,NA,NA,NA,NA,NA,NA,NA,NA,NA,NA,NA,NA,NA,NA,NA,NA,NA,NA,NA,NA,NA,NA,TARGET_GONE,identity no longer active
2026-10-02T16:04:30Z,APP_21637_3022645,21637,3022645,22,1794,191.045,0,0,-1,-1,0,0.999931461,NA,NA,70.000000000,MEASURED_CPU_FAULT,CPU;INTERVAL_FAULTS,NA,NA,NA,NA,NA,NA,NA,NA,NA,NA,NA,NA,NA,NA,NA,NA,NA,NA,NA,NA,NA,NA,NA,TARGET_GONE,identity no longer active
2026-10-02T16:04:30Z,APP_21637_3022645,21637,3022645,22,1795,201.499,0,0,-1,-1,0,0.999931461,NA,NA,70.000000000,MEASURED_CPU_FAULT,CPU;INTERVAL_FAULTS,NA,NA,NA,NA,NA,NA,NA,NA,NA,NA,NA,NA,NA,NA,NA,NA,NA,NA,NA,NA,NA,NA,NA,TARGET_GONE,identity no longer active
2026-10-02T16:04:30Z,APP_21637_3022645,21637,3022645,22,1796,198.331,0,0,-1,-1,0,0.999931461,NA,NA,70.000000000,MEASURED_CPU_FAULT,CPU;INTERVAL_FAULTS,NA,NA,NA,NA,NA,NA,NA,NA,NA,NA,NA,NA,NA,NA,NA,NA,NA,NA,NA,NA,NA,NA,NA,TARGET_GONE,identity no longer active
2026-10-02T16:04:31Z,APP_21637_3022645,21637,3022645,22,1797,201.198,0,0,-1,-1,0,0.999931461,NA,NA,70.000000000,MEASURED_CPU_FAULT,CPU;INTERVAL_FAULTS,NA,NA,NA,NA,NA,NA,NA,NA,NA,NA,NA,NA,NA,NA,NA,NA,NA,NA,NA,NA,NA,NA,NA,TARGET_GONE,identity no longer active
2026-10-02T16:04:31Z,APP_21637_3022645,21637,3022645,22,1798,197.413,0,0,-1,-1,0,0.999931461,NA,NA,70.000000000,MEASURED_CPU_FAULT,CPU;INTERVAL_FAULTS,NA,NA,NA,NA,NA,NA,NA,NA,NA,NA,NA,NA,NA,NA,NA,NA,NA,NA,NA,NA,NA,NA,NA,TARGET_GONE,identity no longer active
2026-10-02T16:04:31Z,APP_21637_3022645,21637,3022645,22,1799,201.499,0,0,-1,-1,0,0.999931461,NA,NA,70.000000000,MEASURED_CPU_FAULT,CPU;INTERVAL_FAULTS,NA,NA,NA,NA,NA,NA,NA,NA,NA,NA,NA,NA,NA,NA,NA,NA,NA,NA,NA,NA,NA,NA,NA,TARGET_GONE,identity no longer active
2026-10-02T16:04:31Z,APP_21637_3022645,21637,3022645,22,1800,197.610,0,0,-1,-1,0,0.999931461,NA,NA,70.000000000,MEASURED_CPU_FAULT,CPU;INTERVAL_FAULTS,NA,NA,NA,NA,NA,NA,NA,NA,NA,NA,NA,NA,NA,NA,NA,NA,NA,NA,NA,NA,NA,NA,NA,TARGET_GONE,identity no longer active
2026-10-02T16:04:31Z,APP_21637_3022645,21637,3022645,22,1801,211.094,0,0,-1,-1,0,0.999931461,NA,NA,70.000000000,MEASURED_CPU_FAULT,CPU;INTERVAL_FAULTS,NA,NA,NA,NA,NA,NA,NA,NA,NA,NA,NA,NA,NA,NA,NA,NA,NA,NA,NA,NA,NA,NA,NA,TARGET_GONE,identity no longer active
2026-10-02T16:04:31Z,APP_21637_3022645,21637,3022645,22,1802,198.706,0,0,-1,-1,0,0.999931461,NA,NA,70.000000000,MEASURED_CPU_FAULT,CPU;INTERVAL_FAULTS,NA,NA,NA,NA,NA,NA,NA,NA,NA,NA,NA,NA,NA,NA,NA,NA,NA,NA,NA,NA,NA,NA,NA,TARGET_GONE,identity no longer active
2026-10-02T16:04:31Z,APP_21637_3022645,21637,3022645,22,1803,191.617,0,0,-1,-1,0,0.999931461,NA,NA,70.000000000,MEASURED_CPU_FAULT,CPU;INTERVAL_FAULTS,NA,NA,NA,NA,NA,NA,NA,NA,NA,NA,NA,NA,NA,NA,NA,NA,NA,NA,NA,NA,NA,NA,NA,TARGET_GONE,identity no longer active
2026-10-02T16:04:32Z,APP_21637_3022645,21637,3022645,22,1804,201.499,0,0,-1,-1,0,0.999931461,NA,NA,70.000000000,MEASURED_CPU_FAULT,CPU;INTERVAL_FAULTS,NA,NA,NA,NA,NA,NA,NA,NA,NA,NA,NA,NA,NA,NA,NA,NA,NA,NA,NA,NA,NA,NA,NA,TARGET_GONE,identity no longer active
2026-10-02T16:04:32Z,APP_21637_3022645,21637,3022645,22,1805,206.205,0,0,-1,-1,0,0.999931461,NA,NA,70.000000000,MEASURED_CPU_FAULT,CPU;INTERVAL_FAULTS,NA,NA,NA,NA,NA,NA,NA,NA,NA,NA,NA,NA,NA,NA,NA,NA,NA,NA,NA,NA,NA,NA,NA,TARGET_GONE,identity no longer active
2026-10-02T16:04:32Z,APP_21637_3022645,21637,3022645,22,1806,191.617,0,0,-1,-1,0,0.999931461,NA,NA,70.000000000,MEASURED_CPU_FAULT,CPU;INTERVAL_FAULTS,NA,NA,NA,NA,NA,NA,NA,NA,NA,NA,NA,NA,NA,NA,NA,NA,NA,NA,NA,NA,NA,NA,NA,TARGET_GONE,identity no longer active
2026-10-02T16:04:32Z,APP_21637_3022645,21637,3022645,22,1807,203.781,0,0,-1,-1,0,0.999931461,NA,NA,70.000000000,MEASURED_CPU_FAULT,CPU;INTERVAL_FAULTS,NA,NA,NA,NA,NA,NA,NA,NA,NA,NA,NA,NA,NA,NA,NA,NA,NA,NA,NA,NA,NA,NA,NA,TARGET_GONE,identity no longer active
2026-10-02T16:04:32Z,APP_21637_3022645,21637,3022645,22,1808,191.904,0,0,-1,-1,0,0.999931461,NA,NA,70.000000000,MEASURED_CPU_FAULT,CPU;INTERVAL_FAULTS,NA,NA,NA,NA,NA,NA,NA,NA,NA,NA,NA,NA,NA,NA,NA,NA,NA,NA,NA,NA,NA,NA,NA,TARGET_GONE,identity no longer active
2026-10-02T16:04:32Z,APP_21637_3022645,21637,3022645,22,1809,204.187,0,0,-1,-1,0,0.999931461,NA,NA,70.000000000,MEASURED_CPU_FAULT,CPU;INTERVAL_FAULTS,NA,NA,NA,NA,NA,NA,NA,NA,NA,NA,NA,NA,NA,NA,NA,NA,NA,NA,NA,NA,NA,NA,NA,TARGET_GONE,identity no longer active
2026-10-02T16:04:32Z,APP_21637_3022645,21637,3022645,22,1810,191.904,0,0,-1,-1,0,0.999931461,NA,NA,70.000000000,MEASURED_CPU_FAULT,CPU;INTERVAL_FAULTS,NA,NA,NA,NA,NA,NA,NA,NA,NA,NA,NA,NA,NA,NA,NA,NA,NA,NA,NA,NA,NA,NA,NA,TARGET_GONE,identity no longer active
2026-10-02T16:04:33Z,APP_21637_3022645,21637,3022645,22,1811,203.579,0,0,-1,-1,0,0.999931461,NA,NA,70.000000000,MEASURED_CPU_FAULT,CPU;INTERVAL_FAULTS,NA,NA,NA,NA,NA,NA,NA,NA,NA,NA,NA,NA,NA,NA,NA,NA,NA,NA,NA,NA,NA,NA,NA,TARGET_GONE,identity no longer active
2026-10-02T16:04:33Z,APP_21637_3022645,21637,3022645,22,1812,191.045,0,0,-1,-1,0,0.999931461,NA,NA,70.000000000,MEASURED_CPU_FAULT,CPU;INTERVAL_FAULTS,NA,NA,NA,NA,NA,NA,NA,NA,NA,NA,NA,NA,NA,NA,NA,NA,NA,NA,NA,NA,NA,NA,NA,TARGET_GONE,identity no longer active
2026-10-02T16:04:33Z,APP_21637_3022645,21637,3022645,22,1813,211.094,0,0,-1,-1,0,0.999931461,NA,NA,70.000000000,MEASURED_CPU_FAULT,CPU;INTERVAL_FAULTS,NA,NA,NA,NA,NA,NA,NA,NA,NA,NA,NA,NA,NA,NA,NA,NA,NA,NA,NA,NA,NA,NA,NA,TARGET_GONE,identity no longer active
2026-10-02T16:04:33Z,APP_21637_3022645,21637,3022645,22,1814,190.931,0,0,-1,-1,0,0.999931461,NA,NA,70.000000000,MEASURED_CPU_FAULT,CPU;INTERVAL_FAULTS,NA,NA,NA,NA,NA,NA,NA,NA,NA,NA,NA,NA,NA,NA,NA,NA,NA,NA,NA,NA,NA,NA,NA,TARGET_GONE,identity no longer active
2026-10-02T16:04:33Z,APP_21637_3022645,21637,3022645,22,1815,201.499,0,0,-1,-1,0,0.999931461,NA,NA,70.000000000,MEASURED_CPU_FAULT,CPU;INTERVAL_FAULTS,NA,NA,NA,NA,NA,NA,NA,NA,NA,NA,NA,NA,NA,NA,NA,NA,NA,NA,NA,NA,NA,NA,NA,TARGET_GONE,identity no longer active
2026-10-02T16:04:33Z,APP_21637_3022645,21637,3022645,22,1816,202.973,0,0,-1,-1,0,0.999931461,NA,NA,70.000000000,MEASURED_CPU_FAULT,CPU;INTERVAL_FAULTS,NA,NA,NA,NA,NA,NA,NA,NA,NA,NA,NA,NA,NA,NA,NA,NA,NA,NA,NA,NA,NA,NA,NA,TARGET_GONE,identity no longer active
2026-10-02T16:04:33Z,APP_21637_3022645,21637,3022645,22,1817,202.105,0,0,-1,-1,0,0.999931461,NA,NA,70.000000000,MEASURED_CPU_FAULT,CPU;INTERVAL_FAULTS,NA,NA,NA,NA,NA,NA,NA,NA,NA,NA,NA,NA,NA,NA,NA,NA,NA,NA,NA,NA,NA,NA,NA,TARGET_GONE,identity no longer active
2026-10-02T16:04:33Z,APP_21637_3022645,21637,3022645,22,1818,197.413,0,0,-1,-1,0,0.999931461,NA,NA,70.000000000,MEASURED_CPU_FAULT,CPU;INTERVAL_FAULTS,NA,NA,NA,NA,NA,NA,NA,NA,NA,NA,NA,NA,NA,NA,NA,NA,NA,NA,NA,NA,NA,NA,NA,TARGET_GONE,identity no longer active
2026-10-02T16:04:33Z,APP_21637_3022645,21637,3022645,22,1819,201.802,0,0,-1,-1,0,0.999931461,NA,NA,70.000000000,MEASURED_CPU_FAULT,CPU;INTERVAL_FAULTS,NA,NA,NA,NA,NA,NA,NA,NA,NA,NA,NA,NA,NA,NA,NA,NA,NA,NA,NA,NA,NA,NA,NA,TARGET_GONE,identity no longer active
2026-10-02T16:04:34Z,APP_21637_3022645,21637,3022645,22,1820,200.000,0,0,-1,-1,0,0.999931461,NA,NA,70.000000000,MEASURED_CPU_FAULT,CPU;INTERVAL_FAULTS,NA,NA,NA,NA,NA,NA,NA,NA,NA,NA,NA,NA,NA,NA,NA,NA,NA,NA,NA,NA,NA,NA,NA,TARGET_GONE,identity no longer active
2026-10-02T16:04:34Z,APP_21637_3022645,21637,3022645,22,1821,191.617,0,0,-1,-1,0,0.999931461,NA,NA,70.000000000,MEASURED_CPU_FAULT,CPU;INTERVAL_FAULTS,NA,NA,NA,NA,NA,NA,NA,NA,NA,NA,NA,NA,NA,NA,NA,NA,NA,NA,NA,NA,NA,NA,NA,TARGET_GONE,identity no longer active
2026-10-02T16:04:34Z,APP_21637_3022645,21637,3022645,22,1822,201.499,0,0,-1,-1,0,0.999931461,NA,NA,70.000000000,MEASURED_CPU_FAULT,CPU;INTERVAL_FAULTS,NA,NA,NA,NA,NA,NA,NA,NA,NA,NA,NA,NA,NA,NA,NA,NA,NA,NA,NA,NA,NA,NA,NA,TARGET_GONE,identity no longer active
2026-10-02T16:04:34Z,APP_21637_3022645,21637,3022645,22,1823,198.568,0,0,-1,-1,0,0.999931461,NA,NA,70.000000000,MEASURED_CPU_FAULT,CPU;INTERVAL_FAULTS,NA,NA,NA,NA,NA,NA,NA,NA,NA,NA,NA,NA,NA,NA,NA,NA,NA,NA,NA,NA,NA,NA,NA,TARGET_GONE,identity no longer active
2026-10-02T16:04:34Z,APP_21637_3022645,21637,3022645,22,1824,201.198,0,0,-1,-1,0,0.999931461,NA,NA,70.000000000,MEASURED_CPU_FAULT,CPU;INTERVAL_FAULTS,NA,NA,NA,NA,NA,NA,NA,NA,NA,NA,NA,NA,NA,NA,NA,NA,NA,NA,NA,NA,NA,NA,NA,TARGET_GONE,identity no longer active
2026-10-02T16:04:34Z,APP_21637_3022645,21637,3022645,22,1825,203.175,0,0,-1,-1,0,0.999931461,NA,NA,70.000000000,MEASURED_CPU_FAULT,CPU;INTERVAL_FAULTS,NA,NA,NA,NA,NA,NA,NA,NA,NA,NA,NA,NA,NA,NA,NA,NA,NA,NA,NA,NA,NA,NA,NA,TARGET_GONE,identity no longer active
2026-10-02T16:04:34Z,APP_21637_3022645,21637,3022645,22,1826,201.802,0,0,-1,-1,0,0.999931461,NA,NA,70.000000000,MEASURED_CPU_FAULT,CPU;INTERVAL_FAULTS,NA,NA,NA,NA,NA,NA,NA,NA,NA,NA,NA,NA,NA,NA,NA,NA,NA,NA,NA,NA,NA,NA,NA,TARGET_GONE,identity no longer active
2026-10-02T16:04:35Z,APP_21637_3022645,21637,3022645,22,1827,197.610,0,0,-1,-1,0,0.999931461,NA,NA,70.000000000,MEASURED_CPU_FAULT,CPU;INTERVAL_FAULTS,NA,NA,NA,NA,NA,NA,NA,NA,NA,NA,NA,NA,NA,NA,NA,NA,NA,NA,NA,NA,NA,NA,NA,TARGET_GONE,identity no longer active
2026-10-02T16:04:35Z,APP_21637_3022645,21637,3022645,22,1828,201.198,0,0,-1,-1,0,0.999931461,NA,NA,70.000000000,MEASURED_CPU_FAULT,CPU;INTERVAL_FAULTS,NA,NA,NA,NA,NA,NA,NA,NA,NA,NA,NA,NA,NA,NA,NA,NA,NA,NA,NA,NA,NA,NA,NA,TARGET_GONE,identity no longer active
2026-10-02T16:04:35Z,APP_21637_3022645,21637,3022645,22,1829,200.784,0,0,-1,-1,0,0.999931461,NA,NA,70.000000000,MEASURED_CPU_FAULT,CPU;INTERVAL_FAULTS,NA,NA,NA,NA,NA,NA,NA,NA,NA,NA,NA,NA,NA,NA,NA,NA,NA,NA,NA,NA,NA,NA,NA,TARGET_GONE,identity no longer active
2026-10-02T16:04:35Z,APP_21637_3022645,21637,3022645,22,1830,192.385,0,0,-1,-1,0,0.999931461,NA,NA,70.000000000,MEASURED_CPU_FAULT,CPU;INTERVAL_FAULTS,NA,NA,NA,NA,NA,NA,NA,NA,NA,NA,NA,NA,NA,NA,NA,NA,NA,NA,NA,NA,NA,NA,NA,TARGET_GONE,identity no longer active
2026-10-02T16:04:35Z,APP_21637_3022645,21637,3022645,22,1831,201.198,0,0,-1,-1,0,0.999931461,NA,NA,70.000000000,MEASURED_CPU_FAULT,CPU;INTERVAL_FAULTS,NA,NA,NA,NA,NA,NA,NA,NA,NA,NA,NA,NA,NA,NA,NA,NA,NA,NA,NA,NA,NA,NA,NA,TARGET_GONE,identity no longer active
2026-10-02T16:04:35Z,APP_21637_3022645,21637,3022645,22,1832,199.703,0,0,-1,-1,0,0.999931461,NA,NA,70.000000000,MEASURED_CPU_FAULT,CPU;INTERVAL_FAULTS,NA,NA,NA,NA,NA,NA,NA,NA,NA,NA,NA,NA,NA,NA,NA,NA,NA,NA,NA,NA,NA,NA,NA,TARGET_GONE,identity no longer active
2026-10-02T16:04:35Z,APP_21637_3022645,21637,3022645,22,1833,201.499,0,0,-1,-1,0,0.999931461,NA,NA,70.000000000,MEASURED_CPU_FAULT,CPU;INTERVAL_FAULTS,NA,NA,NA,NA,NA,NA,NA,NA,NA,NA,NA,NA,NA,NA,NA,NA,NA,NA,NA,NA,NA,NA,NA,TARGET_GONE,identity no longer active
2026-10-02T16:04:35Z,APP_21637_3022645,21637,3022645,22,1834,197.217,0,0,-1,-1,0,0.999931461,NA,NA,70.000000000,MEASURED_CPU_FAULT,CPU;INTERVAL_FAULTS,NA,NA,NA,NA,NA,NA,NA,NA,NA,NA,NA,NA,NA,NA,NA,NA,NA,NA,NA,NA,NA,NA,NA,TARGET_GONE,identity no longer active
2026-10-02T16:04:36Z,APP_21637_3022645,21637,3022645,22,1835,201.198,0,0,-1,-1,0,0.999931461,NA,NA,70.000000000,MEASURED_CPU_FAULT,CPU;INTERVAL_FAULTS,NA,NA,NA,NA,NA,NA,NA,NA,NA,NA,NA,NA,NA,NA,NA,NA,NA,NA,NA,NA,NA,NA,NA,TARGET_GONE,identity no longer active
2026-10-02T16:04:36Z,APP_21637_3022645,21637,3022645,22,1836,197.807,0,0,-1,-1,0,0.999931461,NA,NA,70.000000000,MEASURED_CPU_FAULT,CPU;INTERVAL_FAULTS,NA,NA,NA,NA,NA,NA,NA,NA,NA,NA,NA,NA,NA,NA,NA,NA,NA,NA,NA,NA,NA,NA,NA,TARGET_GONE,identity no longer active
2026-10-02T16:04:36Z,APP_21637_3022645,21637,3022645,22,1837,210.778,0,0,-1,-1,0,0.999931461,NA,NA,70.000000000,MEASURED_CPU_FAULT,CPU;INTERVAL_FAULTS,NA,NA,NA,NA,NA,NA,NA,NA,NA,NA,NA,NA,NA,NA,NA,NA,NA,NA,NA,NA,NA,NA,NA,TARGET_GONE,identity no longer active
2026-10-02T16:04:36Z,APP_21637_3022645,21637,3022645,22,1838,198.578,0,0,-1,-1,0,0.999931461,NA,NA,70.000000000,MEASURED_CPU_FAULT,CPU;INTERVAL_FAULTS,NA,NA,NA,NA,NA,NA,NA,NA,NA,NA,NA,NA,NA,NA,NA,NA,NA,NA,NA,NA,NA,NA,NA,TARGET_GONE,identity no longer active
2026-10-02T16:04:36Z,APP_21637_3022645,21637,3022645,22,1839,204.391,0,0,-1,-1,0,0.999931461,NA,NA,70.000000000,MEASURED_CPU_FAULT,CPU;INTERVAL_FAULTS,NA,NA,NA,NA,NA,NA,NA,NA,NA,NA,NA,NA,NA,NA,NA,NA,NA,NA,NA,NA,NA,NA,NA,TARGET_GONE,identity no longer active
2026-10-02T16:04:36Z,APP_21637_3022645,21637,3022645,22,1840,201.802,0,0,-1,-1,0,0.999931461,NA,NA,70.000000000,MEASURED_CPU_FAULT,CPU;INTERVAL_FAULTS,NA,NA,NA,NA,NA,NA,NA,NA,NA,NA,NA,NA,NA,NA,NA,NA,NA,NA,NA,NA,NA,NA,NA,TARGET_GONE,identity no longer active
2026-10-02T16:04:36Z,APP_21637_3022645,21637,3022645,22,1841,196.267,0,0,-1,-1,0,0.999931461,NA,NA,70.000000000,MEASURED_CPU_FAULT,CPU;INTERVAL_FAULTS,NA,NA,NA,NA,NA,NA,NA,NA,NA,NA,NA,NA,NA,NA,NA,NA,NA,NA,NA,NA,NA,NA,NA,TARGET_GONE,identity no longer active
2026-10-02T16:04:36Z,APP_21637_3022645,21637,3022645,22,1842,201.802,0,0,-1,-1,0,0.999931461,NA,NA,70.000000000,MEASURED_CPU_FAULT,CPU;INTERVAL_FAULTS,NA,NA,NA,NA,NA,NA,NA,NA,NA,NA,NA,NA,NA,NA,NA,NA,NA,NA,NA,NA,NA,NA,NA,TARGET_GONE,identity no longer active
2026-10-02T16:04:37Z,APP_21637_3022645,21637,3022645,22,1843,200.190,0,0,-1,-1,0,0.999931461,NA,NA,70.000000000,MEASURED_CPU_FAULT,CPU;INTERVAL_FAULTS,NA,NA,NA,NA,NA,NA,NA,NA,NA,NA,NA,NA,NA,NA,NA,NA,NA,NA,NA,NA,NA,NA,NA,TARGET_GONE,identity no longer active
2026-10-02T16:04:37Z,APP_21637_3022645,21637,3022645,22,1844,191.904,0,0,-1,-1,0,0.999931461,NA,NA,70.000000000,MEASURED_CPU_FAULT,CPU;INTERVAL_FAULTS,NA,NA,NA,NA,NA,NA,NA,NA,NA,NA,NA,NA,NA,NA,NA,NA,NA,NA,NA,NA,NA,NA,NA,TARGET_GONE,identity no longer active
2026-10-02T16:04:37Z,APP_21637_3022645,21637,3022645,22,1845,201.527,0,0,-1,-1,0,0.999931461,NA,NA,70.000000000,MEASURED_CPU_FAULT,CPU;INTERVAL_FAULTS,NA,NA,NA,NA,NA,NA,NA,NA,NA,NA,NA,NA,NA,NA,NA,NA,NA,NA,NA,NA,NA,NA,NA,TARGET_GONE,identity no longer active
2026-10-02T16:04:37Z,APP_21637_3022645,21637,3022645,22,1846,201.198,0,0,-1,-1,0,0.999931461,NA,NA,70.000000000,MEASURED_CPU_FAULT,CPU;INTERVAL_FAULTS,NA,NA,NA,NA,NA,NA,NA,NA,NA,NA,NA,NA,NA,NA,NA,NA,NA,NA,NA,NA,NA,NA,NA,TARGET_GONE,identity no longer active
2026-10-02T16:04:37Z,APP_21637_3022645,21637,3022645,22,1847,200.000,0,0,-1,-1,0,0.999931461,NA,NA,70.000000000,MEASURED_CPU_FAULT,CPU;INTERVAL_FAULTS,NA,NA,NA,NA,NA,NA,NA,NA,NA,NA,NA,NA,NA,NA,NA,NA,NA,NA,NA,NA,NA,NA,NA,TARGET_GONE,identity no longer active
2026-10-02T16:04:37Z,APP_21637_3022645,21637,3022645,22,1848,211.411,0,0,-1,-1,0,0.999931461,NA,NA,70.000000000,MEASURED_CPU_FAULT,CPU;INTERVAL_FAULTS,NA,NA,NA,NA,NA,NA,NA,NA,NA,NA,NA,NA,NA,NA,NA,NA,NA,NA,NA,NA,NA,NA,NA,TARGET_GONE,identity no longer active
2026-10-02T16:04:37Z,APP_21637_3022645,21637,3022645,22,1849,191.904,0,0,-1,-1,0,0.999931461,NA,NA,70.000000000,MEASURED_CPU_FAULT,CPU;INTERVAL_FAULTS,NA,NA,NA,NA,NA,NA,NA,NA,NA,NA,NA,NA,NA,NA,NA,NA,NA,NA,NA,NA,NA,NA,NA,TARGET_GONE,identity no longer active
2026-10-02T16:04:37Z,APP_21637_3022645,21637,3022645,22,1850,202.486,0,0,-1,-1,0,0.999931461,NA,NA,70.000000000,MEASURED_CPU_FAULT,CPU;INTERVAL_FAULTS,NA,NA,NA,NA,NA,NA,NA,NA,NA,NA,NA,NA,NA,NA,NA,NA,NA,NA,NA,NA,NA,NA,NA,TARGET_GONE,identity no longer active
2026-10-02T16:04:38Z,APP_21637_3022645,21637,3022645,22,1851,201.499,0,0,-1,-1,0,0.999931461,NA,NA,70.000000000,MEASURED_CPU_FAULT,CPU;INTERVAL_FAULTS,NA,NA,NA,NA,NA,NA,NA,NA,NA,NA,NA,NA,NA,NA,NA,NA,NA,NA,NA,NA,NA,NA,NA,TARGET_GONE,identity no longer active
2026-10-02T16:04:38Z,APP_21637_3022645,21637,3022645,22,1852,200.760,0,0,-1,-1,0,0.999931461,NA,NA,70.000000000,MEASURED_CPU_FAULT,CPU;INTERVAL_FAULTS,NA,NA,NA,NA,NA,NA,NA,NA,NA,NA,NA,NA,NA,NA,NA,NA,NA,NA,NA,NA,NA,NA,NA,TARGET_GONE,identity no longer active
2026-10-02T16:04:38Z,APP_21637_3022645,21637,3022645,22,1853,201.499,0,0,-1,-1,0,0.999931461,NA,NA,70.000000000,MEASURED_CPU_FAULT,CPU;INTERVAL_FAULTS,NA,NA,NA,NA,NA,NA,NA,NA,NA,NA,NA,NA,NA,NA,NA,NA,NA,NA,NA,NA,NA,NA,NA,TARGET_GONE,identity no longer active
2026-10-02T16:04:38Z,APP_21637_3022645,21637,3022645,22,1854,201.335,0,0,-1,-1,0,0.999931461,NA,NA,70.000000000,MEASURED_CPU_FAULT,CPU;INTERVAL_FAULTS,NA,NA,NA,NA,NA,NA,NA,NA,NA,NA,NA,NA,NA,NA,NA,NA,NA,NA,NA,NA,NA,NA,NA,TARGET_GONE,identity no longer active
2026-10-02T16:04:38Z,APP_21637_3022645,21637,3022645,22,1855,191.904,0,0,-1,-1,0,0.999931461,NA,NA,70.000000000,MEASURED_CPU_FAULT,CPU;INTERVAL_FAULTS,NA,NA,NA,NA,NA,NA,NA,NA,NA,NA,NA,NA,NA,NA,NA,NA,NA,NA,NA,NA,NA,NA,NA,TARGET_GONE,identity no longer active
2026-10-02T16:04:13Z,APP_21637_3022645,21637,3022645,23,1856,0.000,0,0,-1,-1,0,0.999931461,1,true,0.000000000,MEASURED_CPU_FAULT,CPU;INTERVAL_FAULTS,HOT,669.474315258,0.560000000,0.700000000,NA,NA,NA,NA,0.560000000,0.000000000,0.700000000,0.000000000,-1.000000000,1.232000000,NA,MOVE_THREAD,INVALID,NOT_APPLICABLE,INVALID,MOVE_THREAD,-1,-1,false,TARGET_GONE,identity no longer active
2026-10-02T16:04:14Z,APP_21637_3022645,21637,3022645,23,1857,0.000,0,0,-1,-1,0,0.999931461,NA,NA,0.000000000,MEASURED_CPU_FAULT,CPU;INTERVAL_FAULTS,NA,NA,NA,NA,NA,NA,NA,NA,NA,NA,NA,NA,NA,NA,NA,NA,NA,NA,NA,NA,NA,NA,NA,TARGET_GONE,identity no longer active
2026-10-02T16:04:14Z,APP_21637_3022645,21637,3022645,23,1858,0.000,0,0,-1,-1,0,0.999931461,NA,NA,0.000000000,MEASURED_CPU_FAULT,CPU;INTERVAL_FAULTS,NA,NA,NA,NA,NA,NA,NA,NA,NA,NA,NA,NA,NA,NA,NA,NA,NA,NA,NA,NA,NA,NA,NA,TARGET_GONE,identity no longer active
2026-10-02T16:04:14Z,APP_21637_3022645,21637,3022645,23,1859,0.000,0,0,-1,-1,0,0.999931461,NA,NA,0.000000000,MEASURED_CPU_FAULT,CPU;INTERVAL_FAULTS,NA,NA,NA,NA,NA,NA,NA,NA,NA,NA,NA,NA,NA,NA,NA,NA,NA,NA,NA,NA,NA,NA,NA,TARGET_GONE,identity no longer active
2026-10-02T16:04:14Z,APP_21637_3022645,21637,3022645,23,1860,0.000,0,0,-1,-1,0,0.999931461,NA,NA,0.000000000,MEASURED_CPU_FAULT,CPU;INTERVAL_FAULTS,NA,NA,NA,NA,NA,NA,NA,NA,NA,NA,NA,NA,NA,NA,NA,NA,NA,NA,NA,NA,NA,NA,NA,TARGET_GONE,identity no longer active
2026-10-02T16:04:14Z,APP_21637_3022645,21637,3022645,23,1861,0.000,0,0,-1,-1,0,0.999931461,NA,NA,0.000000000,MEASURED_CPU_FAULT,CPU;INTERVAL_FAULTS,NA,NA,NA,NA,NA,NA,NA,NA,NA,NA,NA,NA,NA,NA,NA,NA,NA,NA,NA,NA,NA,NA,NA,TARGET_GONE,identity no longer active
2026-10-02T16:04:14Z,APP_21637_3022645,21637,3022645,23,1862,0.000,0,0,-1,-1,0,0.999931461,NA,NA,0.000000000,MEASURED_CPU_FAULT,CPU;INTERVAL_FAULTS,NA,NA,NA,NA,NA,NA,NA,NA,NA,NA,NA,NA,NA,NA,NA,NA,NA,NA,NA,NA,NA,NA,NA,TARGET_GONE,identity no longer active
2026-10-02T16:04:15Z,APP_21637_3022645,21637,3022645,23,1863,18.907,0,0,-1,-1,0,0.999931461,NA,NA,13.234900000,MEASURED_CPU_FAULT,CPU;INTERVAL_FAULTS,NA,NA,NA,NA,NA,NA,NA,NA,NA,NA,NA,NA,NA,NA,NA,NA,NA,NA,NA,NA,NA,NA,NA,TARGET_GONE,identity no longer active
2026-10-02T16:04:15Z,APP_21637_3022645,21637,3022645,23,1864,191.617,0,0,-1,-1,0,0.999931461,NA,NA,70.000000000,MEASURED_CPU_FAULT,CPU;INTERVAL_FAULTS,NA,NA,NA,NA,NA,NA,NA,NA,NA,NA,NA,NA,NA,NA,NA,NA,NA,NA,NA,NA,NA,NA,NA,TARGET_GONE,identity no longer active
2026-10-02T16:04:15Z,APP_21637_3022645,21637,3022645,23,1865,201.499,0,0,-1,-1,0,0.999931461,NA,NA,70.000000000,MEASURED_CPU_FAULT,CPU;INTERVAL_FAULTS,NA,NA,NA,NA,NA,NA,NA,NA,NA,NA,NA,NA,NA,NA,NA,NA,NA,NA,NA,NA,NA,NA,NA,TARGET_GONE,identity no longer active
2026-10-02T16:04:15Z,APP_21637_3022645,21637,3022645,23,1866,200.272,0,0,-1,-1,0,0.999931461,NA,NA,70.000000000,MEASURED_CPU_FAULT,CPU;INTERVAL_FAULTS,NA,NA,NA,NA,NA,NA,NA,NA,NA,NA,NA,NA,NA,NA,NA,NA,NA,NA,NA,NA,NA,NA,NA,TARGET_GONE,identity no longer active
2026-10-02T16:04:15Z,APP_21637_3022645,21637,3022645,23,1867,201.198,0,0,-1,-1,0,0.999931461,NA,NA,70.000000000,MEASURED_CPU_FAULT,CPU;INTERVAL_FAULTS,NA,NA,NA,NA,NA,NA,NA,NA,NA,NA,NA,NA,NA,NA,NA,NA,NA,NA,NA,NA,NA,NA,NA,TARGET_GONE,identity no longer active
2026-10-02T16:04:15Z,APP_21637_3022645,21637,3022645,23,1868,196.831,0,0,-1,-1,0,0.999931461,NA,NA,70.000000000,MEASURED_CPU_FAULT,CPU;INTERVAL_FAULTS,NA,NA,NA,NA,NA,NA,NA,NA,NA,NA,NA,NA,NA,NA,NA,NA,NA,NA,NA,NA,NA,NA,NA,TARGET_GONE,identity no longer active
2026-10-02T16:04:15Z,APP_21637_3022645,21637,3022645,23,1869,201.499,0,0,-1,-1,0,0.999931461,NA,NA,70.000000000,MEASURED_CPU_FAULT,CPU;INTERVAL_FAULTS,NA,NA,NA,NA,NA,NA,NA,NA,NA,NA,NA,NA,NA,NA,NA,NA,NA,NA,NA,NA,NA,NA,NA,TARGET_GONE,identity no longer active
2026-10-02T16:04:15Z,APP_21637_3022645,21637,3022645,23,1870,197.610,0,0,-1,-1,0,0.999931461,NA,NA,70.000000000,MEASURED_CPU_FAULT,CPU;INTERVAL_FAULTS,NA,NA,NA,NA,NA,NA,NA,NA,NA,NA,NA,NA,NA,NA,NA,NA,NA,NA,NA,NA,NA,NA,NA,TARGET_GONE,identity no longer active
2026-10-02T16:04:15Z,APP_21637_3022645,21637,3022645,23,1871,201.499,0,0,-1,-1,0,0.999931461,NA,NA,70.000000000,MEASURED_CPU_FAULT,CPU;INTERVAL_FAULTS,NA,NA,NA,NA,NA,NA,NA,NA,NA,NA,NA,NA,NA,NA,NA,NA,NA,NA,NA,NA,NA,NA,NA,TARGET_GONE,identity no longer active
2026-10-02T16:04:16Z,APP_21637_3022645,21637,3022645,23,1872,203.787,0,0,-1,-1,0,0.999931461,NA,NA,70.000000000,MEASURED_CPU_FAULT,CPU;INTERVAL_FAULTS,NA,NA,NA,NA,NA,NA,NA,NA,NA,NA,NA,NA,NA,NA,NA,NA,NA,NA,NA,NA,NA,NA,NA,TARGET_GONE,identity no longer active
2026-10-02T16:04:16Z,APP_21637_3022645,21637,3022645,23,1873,192.192,0,0,-1,-1,0,0.999931461,NA,NA,70.000000000,MEASURED_CPU_FAULT,CPU;INTERVAL_FAULTS,NA,NA,NA,NA,NA,NA,NA,NA,NA,NA,NA,NA,NA,NA,NA,NA,NA,NA,NA,NA,NA,NA,NA,TARGET_GONE,identity no longer active
2026-10-02T16:04:16Z,APP_21637_3022645,21637,3022645,23,1874,201.499,0,0,-1,-1,0,0.999931461,NA,NA,70.000000000,MEASURED_CPU_FAULT,CPU;INTERVAL_FAULTS,NA,NA,NA,NA,NA,NA,NA,NA,NA,NA,NA,NA,NA,NA,NA,NA,NA,NA,NA,NA,NA,NA,NA,TARGET_GONE,identity no longer active
2026-10-02T16:04:16Z,APP_21637_3022645,21637,3022645,23,1875,205.714,0,0,-1,-1,0,0.999931461,NA,NA,70.000000000,MEASURED_CPU_FAULT,CPU;INTERVAL_FAULTS,NA,NA,NA,NA,NA,NA,NA,NA,NA,NA,NA,NA,NA,NA,NA,NA,NA,NA,NA,NA,NA,NA,NA,TARGET_GONE,identity no longer active
2026-10-02T16:04:16Z,APP_21637_3022645,21637,3022645,23,1876,191.617,0,0,-1,-1,0,0.999931461,NA,NA,70.000000000,MEASURED_CPU_FAULT,CPU;INTERVAL_FAULTS,NA,NA,NA,NA,NA,NA,NA,NA,NA,NA,NA,NA,NA,NA,NA,NA,NA,NA,NA,NA,NA,NA,NA,TARGET_GONE,identity no longer active
2026-10-02T16:04:16Z,APP_21637_3022645,21637,3022645,23,1877,203.781,0,0,-1,-1,0,0.999931461,NA,NA,70.000000000,MEASURED_CPU_FAULT,CPU;INTERVAL_FAULTS,NA,NA,NA,NA,NA,NA,NA,NA,NA,NA,NA,NA,NA,NA,NA,NA,NA,NA,NA,NA,NA,NA,NA,TARGET_GONE,identity no longer active
2026-10-02T16:04:16Z,APP_21637_3022645,21637,3022645,23,1878,192.192,0,0,-1,-1,0,0.999931461,NA,NA,70.000000000,MEASURED_CPU_FAULT,CPU;INTERVAL_FAULTS,NA,NA,NA,NA,NA,NA,NA,NA,NA,NA,NA,NA,NA,NA,NA,NA,NA,NA,NA,NA,NA,NA,NA,TARGET_GONE,identity no longer active
2026-10-02T16:04:16Z,APP_21637_3022645,21637,3022645,23,1879,203.579,0,0,-1,-1,0,0.999931461,NA,NA,70.000000000,MEASURED_CPU_FAULT,CPU;INTERVAL_FAULTS,NA,NA,NA,NA,NA,NA,NA,NA,NA,NA,NA,NA,NA,NA,NA,NA,NA,NA,NA,NA,NA,NA,NA,TARGET_GONE,identity no longer active
2026-10-02T16:04:17Z,APP_21637_3022645,21637,3022645,23,1880,201.499,0,0,-1,-1,0,0.999931461,NA,NA,70.000000000,MEASURED_CPU_FAULT,CPU;INTERVAL_FAULTS,NA,NA,NA,NA,NA,NA,NA,NA,NA,NA,NA,NA,NA,NA,NA,NA,NA,NA,NA,NA,NA,NA,NA,TARGET_GONE,identity no longer active
2026-10-02T16:04:17Z,APP_21637_3022645,21637,3022645,23,1881,198.450,0,0,-1,-1,0,0.999931461,NA,NA,70.000000000,MEASURED_CPU_FAULT,CPU;INTERVAL_FAULTS,NA,NA,NA,NA,NA,NA,NA,NA,NA,NA,NA,NA,NA,NA,NA,NA,NA,NA,NA,NA,NA,NA,NA,TARGET_GONE,identity no longer active
2026-10-02T16:04:17Z,APP_21637_3022645,21637,3022645,23,1882,211.411,0,0,-1,-1,0,0.999931461,NA,NA,70.000000000,MEASURED_CPU_FAULT,CPU;INTERVAL_FAULTS,NA,NA,NA,NA,NA,NA,NA,NA,NA,NA,NA,NA,NA,NA,NA,NA,NA,NA,NA,NA,NA,NA,NA,TARGET_GONE,identity no longer active
2026-10-02T16:04:17Z,APP_21637_3022645,21637,3022645,23,1883,191.904,0,0,-1,-1,0,0.999931461,NA,NA,70.000000000,MEASURED_CPU_FAULT,CPU;INTERVAL_FAULTS,NA,NA,NA,NA,NA,NA,NA,NA,NA,NA,NA,NA,NA,NA,NA,NA,NA,NA,NA,NA,NA,NA,NA,TARGET_GONE,identity no longer active
2026-10-02T16:04:17Z,APP_21637_3022645,21637,3022645,23,1884,205.714,0,0,-1,-1,0,0.999931461,NA,NA,70.000000000,MEASURED_CPU_FAULT,CPU;INTERVAL_FAULTS,NA,NA,NA,NA,NA,NA,NA,NA,NA,NA,NA,NA,NA,NA,NA,NA,NA,NA,NA,NA,NA,NA,NA,TARGET_GONE,identity no longer active
2026-10-02T16:04:17Z,APP_21637_3022645,21637,3022645,23,1885,201.802,0,0,-1,-1,0,0.999931461,NA,NA,70.000000000,MEASURED_CPU_FAULT,CPU;INTERVAL_FAULTS,NA,NA,NA,NA,NA,NA,NA,NA,NA,NA,NA,NA,NA,NA,NA,NA,NA,NA,NA,NA,NA,NA,NA,TARGET_GONE,identity no longer active
2026-10-02T16:04:17Z,APP_21637_3022645,21637,3022645,23,1886,197.217,0,0,-1,-1,0,0.999931461,NA,NA,70.000000000,MEASURED_CPU_FAULT,CPU;INTERVAL_FAULTS,NA,NA,NA,NA,NA,NA,NA,NA,NA,NA,NA,NA,NA,NA,NA,NA,NA,NA,NA,NA,NA,NA,NA,TARGET_GONE,identity no longer active
2026-10-02T16:04:17Z,APP_21637_3022645,21637,3022645,23,1887,201.499,0,0,-1,-1,0,0.999931461,NA,NA,70.000000000,MEASURED_CPU_FAULT,CPU;INTERVAL_FAULTS,NA,NA,NA,NA,NA,NA,NA,NA,NA,NA,NA,NA,NA,NA,NA,NA,NA,NA,NA,NA,NA,NA,NA,TARGET_GONE,identity no longer active
2026-10-02T16:04:18Z,APP_21637_3022645,21637,3022645,23,1888,197.807,0,0,-1,-1,0,0.999931461,NA,NA,70.000000000,MEASURED_CPU_FAULT,CPU;INTERVAL_FAULTS,NA,NA,NA,NA,NA,NA,NA,NA,NA,NA,NA,NA,NA,NA,NA,NA,NA,NA,NA,NA,NA,NA,NA,TARGET_GONE,identity no longer active
2026-10-02T16:04:18Z,APP_21637_3022645,21637,3022645,23,1889,200.897,0,0,-1,-1,0,0.999931461,NA,NA,70.000000000,MEASURED_CPU_FAULT,CPU;INTERVAL_FAULTS,NA,NA,NA,NA,NA,NA,NA,NA,NA,NA,NA,NA,NA,NA,NA,NA,NA,NA,NA,NA,NA,NA,NA,TARGET_GONE,identity no longer active
2026-10-02T16:04:18Z,APP_21637_3022645,21637,3022645,23,1890,199.555,0,0,-1,-1,0,0.999931461,NA,NA,70.000000000,MEASURED_CPU_FAULT,CPU;INTERVAL_FAULTS,NA,NA,NA,NA,NA,NA,NA,NA,NA,NA,NA,NA,NA,NA,NA,NA,NA,NA,NA,NA,NA,NA,NA,TARGET_GONE,identity no longer active
2026-10-02T16:04:18Z,APP_21637_3022645,21637,3022645,23,1891,191.617,0,0,-1,-1,0,0.999931461,NA,NA,70.000000000,MEASURED_CPU_FAULT,CPU;INTERVAL_FAULTS,NA,NA,NA,NA,NA,NA,NA,NA,NA,NA,NA,NA,NA,NA,NA,NA,NA,NA,NA,NA,NA,NA,NA,TARGET_GONE,identity no longer active
2026-10-02T16:04:18Z,APP_21637_3022645,21637,3022645,23,1892,201.499,0,0,-1,-1,0,0.999931461,NA,NA,70.000000000,MEASURED_CPU_FAULT,CPU;INTERVAL_FAULTS,NA,NA,NA,NA,NA,NA,NA,NA,NA,NA,NA,NA,NA,NA,NA,NA,NA,NA,NA,NA,NA,NA,NA,TARGET_GONE,identity no longer active
2026-10-02T16:04:18Z,APP_21637_3022645,21637,3022645,23,1893,198.393,0,0,-1,-1,0,0.999931461,NA,NA,70.000000000,MEASURED_CPU_FAULT,CPU;INTERVAL_FAULTS,NA,NA,NA,NA,NA,NA,NA,NA,NA,NA,NA,NA,NA,NA,NA,NA,NA,NA,NA,NA,NA,NA,NA,TARGET_GONE,identity no longer active
2026-10-02T16:04:18Z,APP_21637_3022645,21637,3022645,23,1894,201.802,0,0,-1,-1,0,0.999931461,NA,NA,70.000000000,MEASURED_CPU_FAULT,CPU;INTERVAL_FAULTS,NA,NA,NA,NA,NA,NA,NA,NA,NA,NA,NA,NA,NA,NA,NA,NA,NA,NA,NA,NA,NA,NA,NA,TARGET_GONE,identity no longer active
2026-10-02T16:04:18Z,APP_21637_3022645,21637,3022645,23,1895,203.175,0,0,-1,-1,0,0.999931461,NA,NA,70.000000000,MEASURED_CPU_FAULT,CPU;INTERVAL_FAULTS,NA,NA,NA,NA,NA,NA,NA,NA,NA,NA,NA,NA,NA,NA,NA,NA,NA,NA,NA,NA,NA,NA,NA,TARGET_GONE,identity no longer active
2026-10-02T16:04:19Z,APP_21637_3022645,21637,3022645,23,1896,201.802,0,0,-1,-1,0,0.999931461,NA,NA,70.000000000,MEASURED_CPU_FAULT,CPU;INTERVAL_FAULTS,NA,NA,NA,NA,NA,NA,NA,NA,NA,NA,NA,NA,NA,NA,NA,NA,NA,NA,NA,NA,NA,NA,NA,TARGET_GONE,identity no longer active
2026-10-02T16:04:19Z,APP_21637_3022645,21637,3022645,23,1897,197.413,0,0,-1,-1,0,0.999931461,NA,NA,70.000000000,MEASURED_CPU_FAULT,CPU;INTERVAL_FAULTS,NA,NA,NA,NA,NA,NA,NA,NA,NA,NA,NA,NA,NA,NA,NA,NA,NA,NA,NA,NA,NA,NA,NA,TARGET_GONE,identity no longer active
2026-10-02T16:04:19Z,APP_21637_3022645,21637,3022645,23,1898,201.499,0,0,-1,-1,0,0.999931461,NA,NA,70.000000000,MEASURED_CPU_FAULT,CPU;INTERVAL_FAULTS,NA,NA,NA,NA,NA,NA,NA,NA,NA,NA,NA,NA,NA,NA,NA,NA,NA,NA,NA,NA,NA,NA,NA,TARGET_GONE,identity no longer active
2026-10-02T16:04:19Z,APP_21637_3022645,21637,3022645,23,1899,203.262,0,0,-1,-1,0,0.999931461,NA,NA,70.000000000,MEASURED_CPU_FAULT,CPU;INTERVAL_FAULTS,NA,NA,NA,NA,NA,NA,NA,NA,NA,NA,NA,NA,NA,NA,NA,NA,NA,NA,NA,NA,NA,NA,NA,TARGET_GONE,identity no longer active
2026-10-02T16:04:19Z,APP_21637_3022645,21637,3022645,23,1900,201.499,0,0,-1,-1,0,0.999931461,NA,NA,70.000000000,MEASURED_CPU_FAULT,CPU;INTERVAL_FAULTS,NA,NA,NA,NA,NA,NA,NA,NA,NA,NA,NA,NA,NA,NA,NA,NA,NA,NA,NA,NA,NA,NA,NA,TARGET_GONE,identity no longer active
2026-10-02T16:04:19Z,APP_21637_3022645,21637,3022645,23,1901,197.610,0,0,-1,-1,0,0.999931461,NA,NA,70.000000000,MEASURED_CPU_FAULT,CPU;INTERVAL_FAULTS,NA,NA,NA,NA,NA,NA,NA,NA,NA,NA,NA,NA,NA,NA,NA,NA,NA,NA,NA,NA,NA,NA,NA,TARGET_GONE,identity no longer active
2026-10-02T16:04:19Z,APP_21637_3022645,21637,3022645,23,1902,201.499,0,0,-1,-1,0,0.999931461,NA,NA,70.000000000,MEASURED_CPU_FAULT,CPU;INTERVAL_FAULTS,NA,NA,NA,NA,NA,NA,NA,NA,NA,NA,NA,NA,NA,NA,NA,NA,NA,NA,NA,NA,NA,NA,NA,TARGET_GONE,identity no longer active
2026-10-02T16:04:20Z,APP_21637_3022645,21637,3022645,23,1903,197.610,0,0,-1,-1,0,0.999931461,NA,NA,70.000000000,MEASURED_CPU_FAULT,CPU;INTERVAL_FAULTS,NA,NA,NA,NA,NA,NA,NA,NA,NA,NA,NA,NA,NA,NA,NA,NA,NA,NA,NA,NA,NA,NA,NA,TARGET_GONE,identity no longer active
2026-10-02T16:04:20Z,APP_21637_3022645,21637,3022645,23,1904,201.499,0,0,-1,-1,0,0.999931461,NA,NA,70.000000000,MEASURED_CPU_FAULT,CPU;INTERVAL_FAULTS,NA,NA,NA,NA,NA,NA,NA,NA,NA,NA,NA,NA,NA,NA,NA,NA,NA,NA,NA,NA,NA,NA,NA,TARGET_GONE,identity no longer active
2026-10-02T16:04:20Z,APP_21637_3022645,21637,3022645,23,1905,202.973,0,0,-1,-1,0,0.999931461,NA,NA,70.000000000,MEASURED_CPU_FAULT,CPU;INTERVAL_FAULTS,NA,NA,NA,NA,NA,NA,NA,NA,NA,NA,NA,NA,NA,NA,NA,NA,NA,NA,NA,NA,NA,NA,NA,TARGET_GONE,identity no longer active
2026-10-02T16:04:20Z,APP_21637_3022645,21637,3022645,23,1906,191.904,0,0,-1,-1,0,0.999931461,NA,NA,70.000000000,MEASURED_CPU_FAULT,CPU;INTERVAL_FAULTS,NA,NA,NA,NA,NA,NA,NA,NA,NA,NA,NA,NA,NA,NA,NA,NA,NA,NA,NA,NA,NA,NA,NA,TARGET_GONE,identity no longer active
2026-10-02T16:04:20Z,APP_21637_3022645,21637,3022645,23,1907,201.942,0,0,-1,-1,0,0.999931461,NA,NA,70.000000000,MEASURED_CPU_FAULT,CPU;INTERVAL_FAULTS,NA,NA,NA,NA,NA,NA,NA,NA,NA,NA,NA,NA,NA,NA,NA,NA,NA,NA,NA,NA,NA,NA,NA,TARGET_GONE,identity no longer active
2026-10-02T16:04:20Z,APP_21637_3022645,21637,3022645,23,1908,191.617,0,0,-1,-1,0,0.999931461,NA,NA,70.000000000,MEASURED_CPU_FAULT,CPU;INTERVAL_FAULTS,NA,NA,NA,NA,NA,NA,NA,NA,NA,NA,NA,NA,NA,NA,NA,NA,NA,NA,NA,NA,NA,NA,NA,TARGET_GONE,identity no longer active
2026-10-02T16:04:20Z,APP_21637_3022645,21637,3022645,23,1909,201.802,0,0,-1,-1,0,0.999931461,NA,NA,70.000000000,MEASURED_CPU_FAULT,CPU;INTERVAL_FAULTS,NA,NA,NA,NA,NA,NA,NA,NA,NA,NA,NA,NA,NA,NA,NA,NA,NA,NA,NA,NA,NA,NA,NA,TARGET_GONE,identity no longer active
2026-10-02T16:04:20Z,APP_21637_3022645,21637,3022645,23,1910,198.331,0,0,-1,-1,0,0.999931461,NA,NA,70.000000000,MEASURED_CPU_FAULT,CPU;INTERVAL_FAULTS,NA,NA,NA,NA,NA,NA,NA,NA,NA,NA,NA,NA,NA,NA,NA,NA,NA,NA,NA,NA,NA,NA,NA,TARGET_GONE,identity no longer active
2026-10-02T16:04:20Z,APP_21637_3022645,21637,3022645,23,1911,201.499,0,0,-1,-1,0,0.999931461,NA,NA,70.000000000,MEASURED_CPU_FAULT,CPU;INTERVAL_FAULTS,NA,NA,NA,NA,NA,NA,NA,NA,NA,NA,NA,NA,NA,NA,NA,NA,NA,NA,NA,NA,NA,NA,NA,TARGET_GONE,identity no longer active
2026-10-02T16:04:21Z,APP_21637_3022645,21637,3022645,23,1912,197.413,0,0,-1,-1,0,0.999931461,NA,NA,70.000000000,MEASURED_CPU_FAULT,CPU;INTERVAL_FAULTS,NA,NA,NA,NA,NA,NA,NA,NA,NA,NA,NA,NA,NA,NA,NA,NA,NA,NA,NA,NA,NA,NA,NA,TARGET_GONE,identity no longer active
2026-10-02T16:04:21Z,APP_21637_3022645,21637,3022645,23,1913,201.499,0,0,-1,-1,0,0.999931461,NA,NA,70.000000000,MEASURED_CPU_FAULT,CPU;INTERVAL_FAULTS,NA,NA,NA,NA,NA,NA,NA,NA,NA,NA,NA,NA,NA,NA,NA,NA,NA,NA,NA,NA,NA,NA,NA,TARGET_GONE,identity no longer active
2026-10-02T16:04:21Z,APP_21637_3022645,21637,3022645,23,1914,203.579,0,0,-1,-1,0,0.999931461,NA,NA,70.000000000,MEASURED_CPU_FAULT,CPU;INTERVAL_FAULTS,NA,NA,NA,NA,NA,NA,NA,NA,NA,NA,NA,NA,NA,NA,NA,NA,NA,NA,NA,NA,NA,NA,NA,TARGET_GONE,identity no longer active
2026-10-02T16:04:21Z,APP_21637_3022645,21637,3022645,23,1915,201.499,0,0,-1,-1,0,0.999931461,NA,NA,70.000000000,MEASURED_CPU_FAULT,CPU;INTERVAL_FAULTS,NA,NA,NA,NA,NA,NA,NA,NA,NA,NA,NA,NA,NA,NA,NA,NA,NA,NA,NA,NA,NA,NA,NA,TARGET_GONE,identity no longer active
2026-10-02T16:04:21Z,APP_21637_3022645,21637,3022645,23,1916,199.555,0,0,-1,-1,0,0.999931461,NA,NA,70.000000000,MEASURED_CPU_FAULT,CPU;INTERVAL_FAULTS,NA,NA,NA,NA,NA,NA,NA,NA,NA,NA,NA,NA,NA,NA,NA,NA,NA,NA,NA,NA,NA,NA,NA,TARGET_GONE,identity no longer active
2026-10-02T16:04:21Z,APP_21637_3022645,21637,3022645,23,1917,192.192,0,0,-1,-1,0,0.999931461,NA,NA,70.000000000,MEASURED_CPU_FAULT,CPU;INTERVAL_FAULTS,NA,NA,NA,NA,NA,NA,NA,NA,NA,NA,NA,NA,NA,NA,NA,NA,NA,NA,NA,NA,NA,NA,NA,TARGET_GONE,identity no longer active
2026-10-02T16:04:21Z,APP_21637_3022645,21637,3022645,23,1918,200.897,0,0,-1,-1,0,0.999931461,NA,NA,70.000000000,MEASURED_CPU_FAULT,CPU;INTERVAL_FAULTS,NA,NA,NA,NA,NA,NA,NA,NA,NA,NA,NA,NA,NA,NA,NA,NA,NA,NA,NA,NA,NA,NA,NA,TARGET_GONE,identity no longer active
2026-10-02T16:04:22Z,APP_21637_3022645,21637,3022645,23,1919,198.568,0,0,-1,-1,0,0.999931461,NA,NA,70.000000000,MEASURED_CPU_FAULT,CPU;INTERVAL_FAULTS,NA,NA,NA,NA,NA,NA,NA,NA,NA,NA,NA,NA,NA,NA,NA,NA,NA,NA,NA,NA,NA,NA,NA,TARGET_GONE,identity no longer active
2026-10-02T16:04:22Z,APP_21637_3022645,21637,3022645,23,1920,201.198,0,0,-1,-1,0,0.999931461,NA,NA,70.000000000,MEASURED_CPU_FAULT,CPU;INTERVAL_FAULTS,NA,NA,NA,NA,NA,NA,NA,NA,NA,NA,NA,NA,NA,NA,NA,NA,NA,NA,NA,NA,NA,NA,NA,TARGET_GONE,identity no longer active
2026-10-02T16:04:22Z,APP_21637_3022645,21637,3022645,23,1921,203.376,0,0,-1,-1,0,0.999931461,NA,NA,70.000000000,MEASURED_CPU_FAULT,CPU;INTERVAL_FAULTS,NA,NA,NA,NA,NA,NA,NA,NA,NA,NA,NA,NA,NA,NA,NA,NA,NA,NA,NA,NA,NA,NA,NA,TARGET_GONE,identity no longer active
2026-10-02T16:04:22Z,APP_21637_3022645,21637,3022645,23,1922,201.198,0,0,-1,-1,0,0.999931461,NA,NA,70.000000000,MEASURED_CPU_FAULT,CPU;INTERVAL_FAULTS,NA,NA,NA,NA,NA,NA,NA,NA,NA,NA,NA,NA,NA,NA,NA,NA,NA,NA,NA,NA,NA,NA,NA,TARGET_GONE,identity no longer active
2026-10-02T16:04:22Z,APP_21637_3022645,21637,3022645,23,1923,197.413,0,0,-1,-1,0,0.999931461,NA,NA,70.000000000,MEASURED_CPU_FAULT,CPU;INTERVAL_FAULTS,NA,NA,NA,NA,NA,NA,NA,NA,NA,NA,NA,NA,NA,NA,NA,NA,NA,NA,NA,NA,NA,NA,NA,TARGET_GONE,identity no longer active
2026-10-02T16:04:22Z,APP_21637_3022645,21637,3022645,23,1924,201.499,0,0,-1,-1,0,0.999931461,NA,NA,70.000000000,MEASURED_CPU_FAULT,CPU;INTERVAL_FAULTS,NA,NA,NA,NA,NA,NA,NA,NA,NA,NA,NA,NA,NA,NA,NA,NA,NA,NA,NA,NA,NA,NA,NA,TARGET_GONE,identity no longer active
2026-10-02T16:04:22Z,APP_21637_3022645,21637,3022645,23,1925,200.805,0,0,-1,-1,0,0.999931461,NA,NA,70.000000000,MEASURED_CPU_FAULT,CPU;INTERVAL_FAULTS,NA,NA,NA,NA,NA,NA,NA,NA,NA,NA,NA,NA,NA,NA,NA,NA,NA,NA,NA,NA,NA,NA,NA,TARGET_GONE,identity no longer active
2026-10-02T16:04:22Z,APP_21637_3022645,21637,3022645,23,1926,192.192,0,0,-1,-1,0,0.999931461,NA,NA,70.000000000,MEASURED_CPU_FAULT,CPU;INTERVAL_FAULTS,NA,NA,NA,NA,NA,NA,NA,NA,NA,NA,NA,NA,NA,NA,NA,NA,NA,NA,NA,NA,NA,NA,NA,TARGET_GONE,identity no longer active
2026-10-02T16:04:22Z,APP_21637_3022645,21637,3022645,23,1927,201.499,0,0,-1,-1,0,0.999931461,NA,NA,70.000000000,MEASURED_CPU_FAULT,CPU;INTERVAL_FAULTS,NA,NA,NA,NA,NA,NA,NA,NA,NA,NA,NA,NA,NA,NA,NA,NA,NA,NA,NA,NA,NA,NA,NA,TARGET_GONE,identity no longer active
2026-10-02T16:04:23Z,APP_21637_3022645,21637,3022645,23,1928,206.205,0,0,-1,-1,0,0.999931461,NA,NA,70.000000000,MEASURED_CPU_FAULT,CPU;INTERVAL_FAULTS,NA,NA,NA,NA,NA,NA,NA,NA,NA,NA,NA,NA,NA,NA,NA,NA,NA,NA,NA,NA,NA,NA,NA,TARGET_GONE,identity no longer active
2026-10-02T16:04:23Z,APP_21637_3022645,21637,3022645,23,1929,192.192,0,0,-1,-1,0,0.999931461,NA,NA,70.000000000,MEASURED_CPU_FAULT,CPU;INTERVAL_FAULTS,NA,NA,NA,NA,NA,NA,NA,NA,NA,NA,NA,NA,NA,NA,NA,NA,NA,NA,NA,NA,NA,NA,NA,TARGET_GONE,identity no longer active
2026-10-02T16:04:23Z,APP_21637_3022645,21637,3022645,23,1930,203.175,0,0,-1,-1,0,0.999931461,NA,NA,70.000000000,MEASURED_CPU_FAULT,CPU;INTERVAL_FAULTS,NA,NA,NA,NA,NA,NA,NA,NA,NA,NA,NA,NA,NA,NA,NA,NA,NA,NA,NA,NA,NA,NA,NA,TARGET_GONE,identity no longer active
2026-10-02T16:04:23Z,APP_21637_3022645,21637,3022645,23,1931,192.481,0,0,-1,-1,0,0.999931461,NA,NA,70.000000000,MEASURED_CPU_FAULT,CPU;INTERVAL_FAULTS,NA,NA,NA,NA,NA,NA,NA,NA,NA,NA,NA,NA,NA,NA,NA,NA,NA,NA,NA,NA,NA,NA,NA,TARGET_GONE,identity no longer active
2026-10-02T16:04:23Z,APP_21637_3022645,21637,3022645,23,1932,203.781,0,0,-1,-1,0,0.999931461,NA,NA,70.000000000,MEASURED_CPU_FAULT,CPU;INTERVAL_FAULTS,NA,NA,NA,NA,NA,NA,NA,NA,NA,NA,NA,NA,NA,NA,NA,NA,NA,NA,NA,NA,NA,NA,NA,TARGET_GONE,identity no longer active
2026-10-02T16:04:23Z,APP_21637_3022645,21637,3022645,23,1933,191.904,0,0,-1,-1,0,0.999931461,NA,NA,70.000000000,MEASURED_CPU_FAULT,CPU;INTERVAL_FAULTS,NA,NA,NA,NA,NA,NA,NA,NA,NA,NA,NA,NA,NA,NA,NA,NA,NA,NA,NA,NA,NA,NA,NA,TARGET_GONE,identity no longer active
2026-10-02T16:04:23Z,APP_21637_3022645,21637,3022645,23,1934,202.157,0,0,-1,-1,0,0.999931461,NA,NA,70.000000000,MEASURED_CPU_FAULT,CPU;INTERVAL_FAULTS,NA,NA,NA,NA,NA,NA,NA,NA,NA,NA,NA,NA,NA,NA,NA,NA,NA,NA,NA,NA,NA,NA,NA,TARGET_GONE,identity no longer active
2026-10-02T16:04:23Z,APP_21637_3022645,21637,3022645,23,1935,211.411,0,0,-1,-1,0,0.999931461,NA,NA,70.000000000,MEASURED_CPU_FAULT,CPU;INTERVAL_FAULTS,NA,NA,NA,NA,NA,NA,NA,NA,NA,NA,NA,NA,NA,NA,NA,NA,NA,NA,NA,NA,NA,NA,NA,TARGET_GONE,identity no longer active
2026-10-02T16:04:24Z,APP_21637_3022645,21637,3022645,23,1936,191.904,0,0,-1,-1,0,0.999931461,NA,NA,70.000000000,MEASURED_CPU_FAULT,CPU;INTERVAL_FAULTS,NA,NA,NA,NA,NA,NA,NA,NA,NA,NA,NA,NA,NA,NA,NA,NA,NA,NA,NA,NA,NA,NA,NA,TARGET_GONE,identity no longer active
2026-10-02T16:04:24Z,APP_21637_3022645,21637,3022645,23,1937,205.470,0,0,-1,-1,0,0.999931461,NA,NA,70.000000000,MEASURED_CPU_FAULT,CPU;INTERVAL_FAULTS,NA,NA,NA,NA,NA,NA,NA,NA,NA,NA,NA,NA,NA,NA,NA,NA,NA,NA,NA,NA,NA,NA,NA,TARGET_GONE,identity no longer active
2026-10-02T16:04:24Z,APP_21637_3022645,21637,3022645,23,1938,201.802,0,0,-1,-1,0,0.999931461,NA,NA,70.000000000,MEASURED_CPU_FAULT,CPU;INTERVAL_FAULTS,NA,NA,NA,NA,NA,NA,NA,NA,NA,NA,NA,NA,NA,NA,NA,NA,NA,NA,NA,NA,NA,NA,NA,TARGET_GONE,identity no longer active
2026-10-02T16:04:24Z,APP_21637_3022645,21637,3022645,23,1939,197.217,0,0,-1,-1,0,0.999931461,NA,NA,70.000000000,MEASURED_CPU_FAULT,CPU;INTERVAL_FAULTS,NA,NA,NA,NA,NA,NA,NA,NA,NA,NA,NA,NA,NA,NA,NA,NA,NA,NA,NA,NA,NA,NA,NA,TARGET_GONE,identity no longer active
2026-10-02T16:04:24Z,APP_21637_3022645,21637,3022645,23,1940,201.499,0,0,-1,-1,0,0.999931461,NA,NA,70.000000000,MEASURED_CPU_FAULT,CPU;INTERVAL_FAULTS,NA,NA,NA,NA,NA,NA,NA,NA,NA,NA,NA,NA,NA,NA,NA,NA,NA,NA,NA,NA,NA,NA,NA,TARGET_GONE,identity no longer active
2026-10-02T16:04:24Z,APP_21637_3022645,21637,3022645,23,1941,203.376,0,0,-1,-1,0,0.999931461,NA,NA,70.000000000,MEASURED_CPU_FAULT,CPU;INTERVAL_FAULTS,NA,NA,NA,NA,NA,NA,NA,NA,NA,NA,NA,NA,NA,NA,NA,NA,NA,NA,NA,NA,NA,NA,NA,TARGET_GONE,identity no longer active
2026-10-02T16:04:24Z,APP_21637_3022645,21637,3022645,23,1942,191.904,0,0,-1,-1,0,0.999931461,NA,NA,70.000000000,MEASURED_CPU_FAULT,CPU;INTERVAL_FAULTS,NA,NA,NA,NA,NA,NA,NA,NA,NA,NA,NA,NA,NA,NA,NA,NA,NA,NA,NA,NA,NA,NA,NA,TARGET_GONE,identity no longer active
2026-10-02T16:04:25Z,APP_21637_3022645,21637,3022645,23,1943,200.149,0,0,-1,-1,0,0.999931461,NA,NA,70.000000000,MEASURED_CPU_FAULT,CPU;INTERVAL_FAULTS,NA,NA,NA,NA,NA,NA,NA,NA,NA,NA,NA,NA,NA,NA,NA,NA,NA,NA,NA,NA,NA,NA,NA,TARGET_GONE,identity no longer active
2026-10-02T16:04:25Z,APP_21637_3022645,21637,3022645,23,1944,191.617,0,0,-1,-1,0,0.999931461,NA,NA,70.000000000,MEASURED_CPU_FAULT,CPU;INTERVAL_FAULTS,NA,NA,NA,NA,NA,NA,NA,NA,NA,NA,NA,NA,NA,NA,NA,NA,NA,NA,NA,NA,NA,NA,NA,TARGET_GONE,identity no longer active
2026-10-02T16:04:25Z,APP_21637_3022645,21637,3022645,23,1945,201.499,0,0,-1,-1,0,0.999931461,NA,NA,70.000000000,MEASURED_CPU_FAULT,CPU;INTERVAL_FAULTS,NA,NA,NA,NA,NA,NA,NA,NA,NA,NA,NA,NA,NA,NA,NA,NA,NA,NA,NA,NA,NA,NA,NA,TARGET_GONE,identity no longer active
2026-10-02T16:04:25Z,APP_21637_3022645,21637,3022645,23,1946,206.205,0,0,-1,-1,0,0.999931461,NA,NA,70.000000000,MEASURED_CPU_FAULT,CPU;INTERVAL_FAULTS,NA,NA,NA,NA,NA,NA,NA,NA,NA,NA,NA,NA,NA,NA,NA,NA,NA,NA,NA,NA,NA,NA,NA,TARGET_GONE,identity no longer active
2026-10-02T16:04:25Z,APP_21637_3022645,21637,3022645,23,1947,191.904,0,0,-1,-1,0,0.999931461,NA,NA,70.000000000,MEASURED_CPU_FAULT,CPU;INTERVAL_FAULTS,NA,NA,NA,NA,NA,NA,NA,NA,NA,NA,NA,NA,NA,NA,NA,NA,NA,NA,NA,NA,NA,NA,NA,TARGET_GONE,identity no longer active
2026-10-02T16:04:25Z,APP_21637_3022645,21637,3022645,23,1948,203.984,0,0,-1,-1,0,0.999931461,NA,NA,70.000000000,MEASURED_CPU_FAULT,CPU;INTERVAL_FAULTS,NA,NA,NA,NA,NA,NA,NA,NA,NA,NA,NA,NA,NA,NA,NA,NA,NA,NA,NA,NA,NA,NA,NA,TARGET_GONE,identity no longer active
2026-10-02T16:04:25Z,APP_21637_3022645,21637,3022645,23,1949,191.904,0,0,-1,-1,0,0.999931461,NA,NA,70.000000000,MEASURED_CPU_FAULT,CPU;INTERVAL_FAULTS,NA,NA,NA,NA,NA,NA,NA,NA,NA,NA,NA,NA,NA,NA,NA,NA,NA,NA,NA,NA,NA,NA,NA,TARGET_GONE,identity no longer active
2026-10-02T16:04:25Z,APP_21637_3022645,21637,3022645,23,1950,203.376,0,0,-1,-1,0,0.999931461,NA,NA,70.000000000,MEASURED_CPU_FAULT,CPU;INTERVAL_FAULTS,NA,NA,NA,NA,NA,NA,NA,NA,NA,NA,NA,NA,NA,NA,NA,NA,NA,NA,NA,NA,NA,NA,NA,TARGET_GONE,identity no longer active
2026-10-02T16:04:25Z,APP_21637_3022645,21637,3022645,23,1951,201.802,0,0,-1,-1,0,0.999931461,NA,NA,70.000000000,MEASURED_CPU_FAULT,CPU;INTERVAL_FAULTS,NA,NA,NA,NA,NA,NA,NA,NA,NA,NA,NA,NA,NA,NA,NA,NA,NA,NA,NA,NA,NA,NA,NA,TARGET_GONE,identity no longer active
2026-10-02T16:04:26Z,APP_21637_3022645,21637,3022645,23,1952,197.531,0,0,-1,-1,0,0.999931461,NA,NA,70.000000000,MEASURED_CPU_FAULT,CPU;INTERVAL_FAULTS,NA,NA,NA,NA,NA,NA,NA,NA,NA,NA,NA,NA,NA,NA,NA,NA,NA,NA,NA,NA,NA,NA,NA,TARGET_GONE,identity no longer active
2026-10-02T16:04:26Z,APP_21637_3022645,21637,3022645,23,1953,210.778,0,0,-1,-1,0,0.999931461,NA,NA,70.000000000,MEASURED_CPU_FAULT,CPU;INTERVAL_FAULTS,NA,NA,NA,NA,NA,NA,NA,NA,NA,NA,NA,NA,NA,NA,NA,NA,NA,NA,NA,NA,NA,NA,NA,TARGET_GONE,identity no longer active
2026-10-02T16:04:26Z,APP_21637_3022645,21637,3022645,23,1954,201.499,0,0,-1,-1,0,0.999931461,NA,NA,70.000000000,MEASURED_CPU_FAULT,CPU;INTERVAL_FAULTS,NA,NA,NA,NA,NA,NA,NA,NA,NA,NA,NA,NA,NA,NA,NA,NA,NA,NA,NA,NA,NA,NA,NA,TARGET_GONE,identity no longer active
2026-10-02T16:04:26Z,APP_21637_3022645,21637,3022645,23,1955,198.568,0,0,-1,-1,0,0.999931461,NA,NA,70.000000000,MEASURED_CPU_FAULT,CPU;INTERVAL_FAULTS,NA,NA,NA,NA,NA,NA,NA,NA,NA,NA,NA,NA,NA,NA,NA,NA,NA,NA,NA,NA,NA,NA,NA,TARGET_GONE,identity no longer active
2026-10-02T16:04:26Z,APP_21637_3022645,21637,3022645,23,1956,201.198,0,0,-1,-1,0,0.999931461,NA,NA,70.000000000,MEASURED_CPU_FAULT,CPU;INTERVAL_FAULTS,NA,NA,NA,NA,NA,NA,NA,NA,NA,NA,NA,NA,NA,NA,NA,NA,NA,NA,NA,NA,NA,NA,NA,TARGET_GONE,identity no longer active
2026-10-02T16:04:26Z,APP_21637_3022645,21637,3022645,23,1957,203.376,0,0,-1,-1,0,0.999931461,NA,NA,70.000000000,MEASURED_CPU_FAULT,CPU;INTERVAL_FAULTS,NA,NA,NA,NA,NA,NA,NA,NA,NA,NA,NA,NA,NA,NA,NA,NA,NA,NA,NA,NA,NA,NA,NA,TARGET_GONE,identity no longer active
2026-10-02T16:04:26Z,APP_21637_3022645,21637,3022645,23,1958,191.904,0,0,-1,-1,0,0.999931461,NA,NA,70.000000000,MEASURED_CPU_FAULT,CPU;INTERVAL_FAULTS,NA,NA,NA,NA,NA,NA,NA,NA,NA,NA,NA,NA,NA,NA,NA,NA,NA,NA,NA,NA,NA,NA,NA,TARGET_GONE,identity no longer active
2026-10-02T16:04:26Z,APP_21637_3022645,21637,3022645,23,1959,203.781,0,0,-1,-1,0,0.999931461,NA,NA,70.000000000,MEASURED_CPU_FAULT,CPU;INTERVAL_FAULTS,NA,NA,NA,NA,NA,NA,NA,NA,NA,NA,NA,NA,NA,NA,NA,NA,NA,NA,NA,NA,NA,NA,NA,TARGET_GONE,identity no longer active
2026-10-02T16:04:27Z,APP_21637_3022645,21637,3022645,23,1960,191.617,0,0,-1,-1,0,0.999931461,NA,NA,70.000000000,MEASURED_CPU_FAULT,CPU;INTERVAL_FAULTS,NA,NA,NA,NA,NA,NA,NA,NA,NA,NA,NA,NA,NA,NA,NA,NA,NA,NA,NA,NA,NA,NA,NA,TARGET_GONE,identity no longer active
2026-10-02T16:04:27Z,APP_21637_3022645,21637,3022645,23,1961,201.575,0,0,-1,-1,0,0.999931461,NA,NA,70.000000000,MEASURED_CPU_FAULT,CPU;INTERVAL_FAULTS,NA,NA,NA,NA,NA,NA,NA,NA,NA,NA,NA,NA,NA,NA,NA,NA,NA,NA,NA,NA,NA,NA,NA,TARGET_GONE,identity no longer active
2026-10-02T16:04:27Z,APP_21637_3022645,21637,3022645,23,1962,211.411,0,0,-1,-1,0,0.999931461,NA,NA,70.000000000,MEASURED_CPU_FAULT,CPU;INTERVAL_FAULTS,NA,NA,NA,NA,NA,NA,NA,NA,NA,NA,NA,NA,NA,NA,NA,NA,NA,NA,NA,NA,NA,NA,NA,TARGET_GONE,identity no longer active
2026-10-02T16:04:27Z,APP_21637_3022645,21637,3022645,23,1963,201.802,0,0,-1,-1,0,0.999931461,NA,NA,70.000000000,MEASURED_CPU_FAULT,CPU;INTERVAL_FAULTS,NA,NA,NA,NA,NA,NA,NA,NA,NA,NA,NA,NA,NA,NA,NA,NA,NA,NA,NA,NA,NA,NA,NA,TARGET_GONE,identity no longer active
2026-10-02T16:04:27Z,APP_21637_3022645,21637,3022645,23,1964,198.095,0,0,-1,-1,0,0.999931461,NA,NA,70.000000000,MEASURED_CPU_FAULT,CPU;INTERVAL_FAULTS,NA,NA,NA,NA,NA,NA,NA,NA,NA,NA,NA,NA,NA,NA,NA,NA,NA,NA,NA,NA,NA,NA,NA,TARGET_GONE,identity no longer active
2026-10-02T16:04:27Z,APP_21637_3022645,21637,3022645,23,1965,201.802,0,0,-1,-1,0,0.999931461,NA,NA,70.000000000,MEASURED_CPU_FAULT,CPU;INTERVAL_FAULTS,NA,NA,NA,NA,NA,NA,NA,NA,NA,NA,NA,NA,NA,NA,NA,NA,NA,NA,NA,NA,NA,NA,NA,TARGET_GONE,identity no longer active
2026-10-02T16:04:27Z,APP_21637_3022645,21637,3022645,23,1966,197.413,0,0,-1,-1,0,0.999931461,NA,NA,70.000000000,MEASURED_CPU_FAULT,CPU;INTERVAL_FAULTS,NA,NA,NA,NA,NA,NA,NA,NA,NA,NA,NA,NA,NA,NA,NA,NA,NA,NA,NA,NA,NA,NA,NA,TARGET_GONE,identity no longer active
2026-10-02T16:04:27Z,APP_21637_3022645,21637,3022645,23,1967,201.499,0,0,-1,-1,0,0.999931461,NA,NA,70.000000000,MEASURED_CPU_FAULT,CPU;INTERVAL_FAULTS,NA,NA,NA,NA,NA,NA,NA,NA,NA,NA,NA,NA,NA,NA,NA,NA,NA,NA,NA,NA,NA,NA,NA,TARGET_GONE,identity no longer active
2026-10-02T16:04:28Z,APP_21637_3022645,21637,3022645,23,1968,198.066,0,0,-1,-1,0,0.999931461,NA,NA,70.000000000,MEASURED_CPU_FAULT,CPU;INTERVAL_FAULTS,NA,NA,NA,NA,NA,NA,NA,NA,NA,NA,NA,NA,NA,NA,NA,NA,NA,NA,NA,NA,NA,NA,NA,TARGET_GONE,identity no longer active
2026-10-02T16:04:28Z,APP_21637_3022645,21637,3022645,23,1969,201.198,0,0,-1,-1,0,0.999931461,NA,NA,70.000000000,MEASURED_CPU_FAULT,CPU;INTERVAL_FAULTS,NA,NA,NA,NA,NA,NA,NA,NA,NA,NA,NA,NA,NA,NA,NA,NA,NA,NA,NA,NA,NA,NA,NA,TARGET_GONE,identity no longer active
2026-10-02T16:04:28Z,APP_21637_3022645,21637,3022645,23,1970,198.621,0,0,-1,-1,0,0.999931461,NA,NA,70.000000000,MEASURED_CPU_FAULT,CPU;INTERVAL_FAULTS,NA,NA,NA,NA,NA,NA,NA,NA,NA,NA,NA,NA,NA,NA,NA,NA,NA,NA,NA,NA,NA,NA,NA,TARGET_GONE,identity no longer active
2026-10-02T16:04:28Z,APP_21637_3022645,21637,3022645,23,1971,211.411,0,0,-1,-1,0,0.999931461,NA,NA,70.000000000,MEASURED_CPU_FAULT,CPU;INTERVAL_FAULTS,NA,NA,NA,NA,NA,NA,NA,NA,NA,NA,NA,NA,NA,NA,NA,NA,NA,NA,NA,NA,NA,NA,NA,TARGET_GONE,identity no longer active
2026-10-02T16:04:28Z,APP_21637_3022645,21637,3022645,23,1972,201.499,0,0,-1,-1,0,0.999931461,NA,NA,70.000000000,MEASURED_CPU_FAULT,CPU;INTERVAL_FAULTS,NA,NA,NA,NA,NA,NA,NA,NA,NA,NA,NA,NA,NA,NA,NA,NA,NA,NA,NA,NA,NA,NA,NA,TARGET_GONE,identity no longer active
2026-10-02T16:04:28Z,APP_21637_3022645,21637,3022645,23,1973,198.331,0,0,-1,-1,0,0.999931461,NA,NA,70.000000000,MEASURED_CPU_FAULT,CPU;INTERVAL_FAULTS,NA,NA,NA,NA,NA,NA,NA,NA,NA,NA,NA,NA,NA,NA,NA,NA,NA,NA,NA,NA,NA,NA,NA,TARGET_GONE,identity no longer active
2026-10-02T16:04:28Z,APP_21637_3022645,21637,3022645,23,1974,201.198,0,0,-1,-1,0,0.999931461,NA,NA,70.000000000,MEASURED_CPU_FAULT,CPU;INTERVAL_FAULTS,NA,NA,NA,NA,NA,NA,NA,NA,NA,NA,NA,NA,NA,NA,NA,NA,NA,NA,NA,NA,NA,NA,NA,TARGET_GONE,identity no longer active
2026-10-02T16:04:28Z,APP_21637_3022645,21637,3022645,23,1975,197.610,0,0,-1,-1,0,0.999931461,NA,NA,70.000000000,MEASURED_CPU_FAULT,CPU;INTERVAL_FAULTS,NA,NA,NA,NA,NA,NA,NA,NA,NA,NA,NA,NA,NA,NA,NA,NA,NA,NA,NA,NA,NA,NA,NA,TARGET_GONE,identity no longer active
2026-10-02T16:04:29Z,APP_21637_3022645,21637,3022645,23,1976,201.499,0,0,-1,-1,0,0.999931461,NA,NA,70.000000000,MEASURED_CPU_FAULT,CPU;INTERVAL_FAULTS,NA,NA,NA,NA,NA,NA,NA,NA,NA,NA,NA,NA,NA,NA,NA,NA,NA,NA,NA,NA,NA,NA,NA,TARGET_GONE,identity no longer active
2026-10-02T16:04:29Z,APP_21637_3022645,21637,3022645,23,1977,197.413,0,0,-1,-1,0,0.999931461,NA,NA,70.000000000,MEASURED_CPU_FAULT,CPU;INTERVAL_FAULTS,NA,NA,NA,NA,NA,NA,NA,NA,NA,NA,NA,NA,NA,NA,NA,NA,NA,NA,NA,NA,NA,NA,NA,TARGET_GONE,identity no longer active
2026-10-02T16:04:29Z,APP_21637_3022645,21637,3022645,23,1978,211.094,0,0,-1,-1,0,0.999931461,NA,NA,70.000000000,MEASURED_CPU_FAULT,CPU;INTERVAL_FAULTS,NA,NA,NA,NA,NA,NA,NA,NA,NA,NA,NA,NA,NA,NA,NA,NA,NA,NA,NA,NA,NA,NA,NA,TARGET_GONE,identity no longer active
2026-10-02T16:04:29Z,APP_21637_3022645,21637,3022645,23,1979,196.587,0,0,-1,-1,0,0.999931461,NA,NA,70.000000000,MEASURED_CPU_FAULT,CPU;INTERVAL_FAULTS,NA,NA,NA,NA,NA,NA,NA,NA,NA,NA,NA,NA,NA,NA,NA,NA,NA,NA,NA,NA,NA,NA,NA,TARGET_GONE,identity no longer active
2026-10-02T16:04:29Z,APP_21637_3022645,21637,3022645,23,1980,210.778,0,0,-1,-1,0,0.999931461,NA,NA,70.000000000,MEASURED_CPU_FAULT,CPU;INTERVAL_FAULTS,NA,NA,NA,NA,NA,NA,NA,NA,NA,NA,NA,NA,NA,NA,NA,NA,NA,NA,NA,NA,NA,NA,NA,TARGET_GONE,identity no longer active
2026-10-02T16:04:29Z,APP_21637_3022645,21637,3022645,23,1981,192.192,0,0,-1,-1,0,0.999931461,NA,NA,70.000000000,MEASURED_CPU_FAULT,CPU;INTERVAL_FAULTS,NA,NA,NA,NA,NA,NA,NA,NA,NA,NA,NA,NA,NA,NA,NA,NA,NA,NA,NA,NA,NA,NA,NA,TARGET_GONE,identity no longer active
2026-10-02T16:04:29Z,APP_21637_3022645,21637,3022645,23,1982,205.959,0,0,-1,-1,0,0.999931461,NA,NA,70.000000000,MEASURED_CPU_FAULT,CPU;INTERVAL_FAULTS,NA,NA,NA,NA,NA,NA,NA,NA,NA,NA,NA,NA,NA,NA,NA,NA,NA,NA,NA,NA,NA,NA,NA,TARGET_GONE,identity no longer active
2026-10-02T16:04:29Z,APP_21637_3022645,21637,3022645,23,1983,201.198,0,0,-1,-1,0,0.999931461,NA,NA,70.000000000,MEASURED_CPU_FAULT,CPU;INTERVAL_FAULTS,NA,NA,NA,NA,NA,NA,NA,NA,NA,NA,NA,NA,NA,NA,NA,NA,NA,NA,NA,NA,NA,NA,NA,TARGET_GONE,identity no longer active
2026-10-02T16:04:30Z,APP_21637_3022645,21637,3022645,23,1984,197.610,0,0,-1,-1,0,0.999931461,NA,NA,70.000000000,MEASURED_CPU_FAULT,CPU;INTERVAL_FAULTS,NA,NA,NA,NA,NA,NA,NA,NA,NA,NA,NA,NA,NA,NA,NA,NA,NA,NA,NA,NA,NA,NA,NA,TARGET_GONE,identity no longer active
2026-10-02T16:04:30Z,APP_21637_3022645,21637,3022645,23,1985,201.802,0,0,-1,-1,0,0.999931461,NA,NA,70.000000000,MEASURED_CPU_FAULT,CPU;INTERVAL_FAULTS,NA,NA,NA,NA,NA,NA,NA,NA,NA,NA,NA,NA,NA,NA,NA,NA,NA,NA,NA,NA,NA,NA,NA,TARGET_GONE,identity no longer active
2026-10-02T16:04:30Z,APP_21637_3022645,21637,3022645,23,1986,197.217,0,0,-1,-1,0,0.999931461,NA,NA,70.000000000,MEASURED_CPU_FAULT,CPU;INTERVAL_FAULTS,NA,NA,NA,NA,NA,NA,NA,NA,NA,NA,NA,NA,NA,NA,NA,NA,NA,NA,NA,NA,NA,NA,NA,TARGET_GONE,identity no longer active
2026-10-02T16:04:30Z,APP_21637_3022645,21637,3022645,23,1987,201.802,0,0,-1,-1,0,0.999931461,NA,NA,70.000000000,MEASURED_CPU_FAULT,CPU;INTERVAL_FAULTS,NA,NA,NA,NA,NA,NA,NA,NA,NA,NA,NA,NA,NA,NA,NA,NA,NA,NA,NA,NA,NA,NA,NA,TARGET_GONE,identity no longer active
2026-10-02T16:04:30Z,APP_21637_3022645,21637,3022645,23,1988,200.801,0,0,-1,-1,0,0.999931461,NA,NA,70.000000000,MEASURED_CPU_FAULT,CPU;INTERVAL_FAULTS,NA,NA,NA,NA,NA,NA,NA,NA,NA,NA,NA,NA,NA,NA,NA,NA,NA,NA,NA,NA,NA,NA,NA,TARGET_GONE,identity no longer active
2026-10-02T16:04:30Z,APP_21637_3022645,21637,3022645,23,1989,191.045,0,0,-1,-1,0,0.999931461,NA,NA,70.000000000,MEASURED_CPU_FAULT,CPU;INTERVAL_FAULTS,NA,NA,NA,NA,NA,NA,NA,NA,NA,NA,NA,NA,NA,NA,NA,NA,NA,NA,NA,NA,NA,NA,NA,TARGET_GONE,identity no longer active
2026-10-02T16:04:30Z,APP_21637_3022645,21637,3022645,23,1990,201.499,0,0,-1,-1,0,0.999931461,NA,NA,70.000000000,MEASURED_CPU_FAULT,CPU;INTERVAL_FAULTS,NA,NA,NA,NA,NA,NA,NA,NA,NA,NA,NA,NA,NA,NA,NA,NA,NA,NA,NA,NA,NA,NA,NA,TARGET_GONE,identity no longer active
2026-10-02T16:04:30Z,APP_21637_3022645,21637,3022645,23,1991,198.331,0,0,-1,-1,0,0.999931461,NA,NA,70.000000000,MEASURED_CPU_FAULT,CPU;INTERVAL_FAULTS,NA,NA,NA,NA,NA,NA,NA,NA,NA,NA,NA,NA,NA,NA,NA,NA,NA,NA,NA,NA,NA,NA,NA,TARGET_GONE,identity no longer active
2026-10-02T16:04:31Z,APP_21637_3022645,21637,3022645,23,1992,201.198,0,0,-1,-1,0,0.999931461,NA,NA,70.000000000,MEASURED_CPU_FAULT,CPU;INTERVAL_FAULTS,NA,NA,NA,NA,NA,NA,NA,NA,NA,NA,NA,NA,NA,NA,NA,NA,NA,NA,NA,NA,NA,NA,NA,TARGET_GONE,identity no longer active
2026-10-02T16:04:31Z,APP_21637_3022645,21637,3022645,23,1993,197.413,0,0,-1,-1,0,0.999931461,NA,NA,70.000000000,MEASURED_CPU_FAULT,CPU;INTERVAL_FAULTS,NA,NA,NA,NA,NA,NA,NA,NA,NA,NA,NA,NA,NA,NA,NA,NA,NA,NA,NA,NA,NA,NA,NA,TARGET_GONE,identity no longer active
2026-10-02T16:04:31Z,APP_21637_3022645,21637,3022645,23,1994,201.499,0,0,-1,-1,0,0.999931461,NA,NA,70.000000000,MEASURED_CPU_FAULT,CPU;INTERVAL_FAULTS,NA,NA,NA,NA,NA,NA,NA,NA,NA,NA,NA,NA,NA,NA,NA,NA,NA,NA,NA,NA,NA,NA,NA,TARGET_GONE,identity no longer active
2026-10-02T16:04:31Z,APP_21637_3022645,21637,3022645,23,1995,197.610,0,0,-1,-1,0,0.999931461,NA,NA,70.000000000,MEASURED_CPU_FAULT,CPU;INTERVAL_FAULTS,NA,NA,NA,NA,NA,NA,NA,NA,NA,NA,NA,NA,NA,NA,NA,NA,NA,NA,NA,NA,NA,NA,NA,TARGET_GONE,identity no longer active
2026-10-02T16:04:31Z,APP_21637_3022645,21637,3022645,23,1996,211.094,0,0,-1,-1,0,0.999931461,NA,NA,70.000000000,MEASURED_CPU_FAULT,CPU;INTERVAL_FAULTS,NA,NA,NA,NA,NA,NA,NA,NA,NA,NA,NA,NA,NA,NA,NA,NA,NA,NA,NA,NA,NA,NA,NA,TARGET_GONE,identity no longer active
2026-10-02T16:04:31Z,APP_21637_3022645,21637,3022645,23,1997,198.706,0,0,-1,-1,0,0.999931461,NA,NA,70.000000000,MEASURED_CPU_FAULT,CPU;INTERVAL_FAULTS,NA,NA,NA,NA,NA,NA,NA,NA,NA,NA,NA,NA,NA,NA,NA,NA,NA,NA,NA,NA,NA,NA,NA,TARGET_GONE,identity no longer active
2026-10-02T16:04:31Z,APP_21637_3022645,21637,3022645,23,1998,191.617,0,0,-1,-1,0,0.999931461,NA,NA,70.000000000,MEASURED_CPU_FAULT,CPU;INTERVAL_FAULTS,NA,NA,NA,NA,NA,NA,NA,NA,NA,NA,NA,NA,NA,NA,NA,NA,NA,NA,NA,NA,NA,NA,NA,TARGET_GONE,identity no longer active
2026-10-02T16:04:32Z,APP_21637_3022645,21637,3022645,23,1999,201.499,0,0,-1,-1,0,0.999931461,NA,NA,70.000000000,MEASURED_CPU_FAULT,CPU;INTERVAL_FAULTS,NA,NA,NA,NA,NA,NA,NA,NA,NA,NA,NA,NA,NA,NA,NA,NA,NA,NA,NA,NA,NA,NA,NA,TARGET_GONE,identity no longer active
2026-10-02T16:04:32Z,APP_21637_3022645,21637,3022645,23,2000,206.205,0,0,-1,-1,0,0.999931461,NA,NA,70.000000000,MEASURED_CPU_FAULT,CPU;INTERVAL_FAULTS,NA,NA,NA,NA,NA,NA,NA,NA,NA,NA,NA,NA,NA,NA,NA,NA,NA,NA,NA,NA,NA,NA,NA,TARGET_GONE,identity no longer active
2026-10-02T16:04:32Z,APP_21637_3022645,21637,3022645,23,2001,191.617,0,0,-1,-1,0,0.999931461,NA,NA,70.000000000,MEASURED_CPU_FAULT,CPU;INTERVAL_FAULTS,NA,NA,NA,NA,NA,NA,NA,NA,NA,NA,NA,NA,NA,NA,NA,NA,NA,NA,NA,NA,NA,NA,NA,TARGET_GONE,identity no longer active
2026-10-02T16:04:32Z,APP_21637_3022645,21637,3022645,23,2002,203.781,0,0,-1,-1,0,0.999931461,NA,NA,70.000000000,MEASURED_CPU_FAULT,CPU;INTERVAL_FAULTS,NA,NA,NA,NA,NA,NA,NA,NA,NA,NA,NA,NA,NA,NA,NA,NA,NA,NA,NA,NA,NA,NA,NA,TARGET_GONE,identity no longer active
2026-10-02T16:04:32Z,APP_21637_3022645,21637,3022645,23,2003,191.904,0,0,-1,-1,0,0.999931461,NA,NA,70.000000000,MEASURED_CPU_FAULT,CPU;INTERVAL_FAULTS,NA,NA,NA,NA,NA,NA,NA,NA,NA,NA,NA,NA,NA,NA,NA,NA,NA,NA,NA,NA,NA,NA,NA,TARGET_GONE,identity no longer active
2026-10-02T16:04:32Z,APP_21637_3022645,21637,3022645,23,2004,204.187,0,0,-1,-1,0,0.999931461,NA,NA,70.000000000,MEASURED_CPU_FAULT,CPU;INTERVAL_FAULTS,NA,NA,NA,NA,NA,NA,NA,NA,NA,NA,NA,NA,NA,NA,NA,NA,NA,NA,NA,NA,NA,NA,NA,TARGET_GONE,identity no longer active
2026-10-02T16:04:32Z,APP_21637_3022645,21637,3022645,23,2005,191.904,0,0,-1,-1,0,0.999931461,NA,NA,70.000000000,MEASURED_CPU_FAULT,CPU;INTERVAL_FAULTS,NA,NA,NA,NA,NA,NA,NA,NA,NA,NA,NA,NA,NA,NA,NA,NA,NA,NA,NA,NA,NA,NA,NA,TARGET_GONE,identity no longer active
2026-10-02T16:04:33Z,APP_21637_3022645,21637,3022645,23,2006,203.579,0,0,-1,-1,0,0.999931461,NA,NA,70.000000000,MEASURED_CPU_FAULT,CPU;INTERVAL_FAULTS,NA,NA,NA,NA,NA,NA,NA,NA,NA,NA,NA,NA,NA,NA,NA,NA,NA,NA,NA,NA,NA,NA,NA,TARGET_GONE,identity no longer active
2026-10-02T16:04:33Z,APP_21637_3022645,21637,3022645,23,2007,191.045,0,0,-1,-1,0,0.999931461,NA,NA,70.000000000,MEASURED_CPU_FAULT,CPU;INTERVAL_FAULTS,NA,NA,NA,NA,NA,NA,NA,NA,NA,NA,NA,NA,NA,NA,NA,NA,NA,NA,NA,NA,NA,NA,NA,TARGET_GONE,identity no longer active
2026-10-02T16:04:33Z,APP_21637_3022645,21637,3022645,23,2008,211.094,0,0,-1,-1,0,0.999931461,NA,NA,70.000000000,MEASURED_CPU_FAULT,CPU;INTERVAL_FAULTS,NA,NA,NA,NA,NA,NA,NA,NA,NA,NA,NA,NA,NA,NA,NA,NA,NA,NA,NA,NA,NA,NA,NA,TARGET_GONE,identity no longer active
2026-10-02T16:04:33Z,APP_21637_3022645,21637,3022645,23,2009,190.931,0,0,-1,-1,0,0.999931461,NA,NA,70.000000000,MEASURED_CPU_FAULT,CPU;INTERVAL_FAULTS,NA,NA,NA,NA,NA,NA,NA,NA,NA,NA,NA,NA,NA,NA,NA,NA,NA,NA,NA,NA,NA,NA,NA,TARGET_GONE,identity no longer active
2026-10-02T16:04:33Z,APP_21637_3022645,21637,3022645,23,2010,201.499,0,0,-1,-1,0,0.999931461,NA,NA,70.000000000,MEASURED_CPU_FAULT,CPU;INTERVAL_FAULTS,NA,NA,NA,NA,NA,NA,NA,NA,NA,NA,NA,NA,NA,NA,NA,NA,NA,NA,NA,NA,NA,NA,NA,TARGET_GONE,identity no longer active
2026-10-02T16:04:33Z,APP_21637_3022645,21637,3022645,23,2011,202.973,0,0,-1,-1,0,0.999931461,NA,NA,70.000000000,MEASURED_CPU_FAULT,CPU;INTERVAL_FAULTS,NA,NA,NA,NA,NA,NA,NA,NA,NA,NA,NA,NA,NA,NA,NA,NA,NA,NA,NA,NA,NA,NA,NA,TARGET_GONE,identity no longer active
2026-10-02T16:04:33Z,APP_21637_3022645,21637,3022645,23,2012,202.105,0,0,-1,-1,0,0.999931461,NA,NA,70.000000000,MEASURED_CPU_FAULT,CPU;INTERVAL_FAULTS,NA,NA,NA,NA,NA,NA,NA,NA,NA,NA,NA,NA,NA,NA,NA,NA,NA,NA,NA,NA,NA,NA,NA,TARGET_GONE,identity no longer active
2026-10-02T16:04:33Z,APP_21637_3022645,21637,3022645,23,2013,197.413,0,0,-1,-1,0,0.999931461,NA,NA,70.000000000,MEASURED_CPU_FAULT,CPU;INTERVAL_FAULTS,NA,NA,NA,NA,NA,NA,NA,NA,NA,NA,NA,NA,NA,NA,NA,NA,NA,NA,NA,NA,NA,NA,NA,TARGET_GONE,identity no longer active
2026-10-02T16:04:33Z,APP_21637_3022645,21637,3022645,23,2014,201.802,0,0,-1,-1,0,0.999931461,NA,NA,70.000000000,MEASURED_CPU_FAULT,CPU;INTERVAL_FAULTS,NA,NA,NA,NA,NA,NA,NA,NA,NA,NA,NA,NA,NA,NA,NA,NA,NA,NA,NA,NA,NA,NA,NA,TARGET_GONE,identity no longer active
2026-10-02T16:04:34Z,APP_21637_3022645,21637,3022645,23,2015,200.000,0,0,-1,-1,0,0.999931461,NA,NA,70.000000000,MEASURED_CPU_FAULT,CPU;INTERVAL_FAULTS,NA,NA,NA,NA,NA,NA,NA,NA,NA,NA,NA,NA,NA,NA,NA,NA,NA,NA,NA,NA,NA,NA,NA,TARGET_GONE,identity no longer active
2026-10-02T16:04:34Z,APP_21637_3022645,21637,3022645,23,2016,191.617,0,0,-1,-1,0,0.999931461,NA,NA,70.000000000,MEASURED_CPU_FAULT,CPU;INTERVAL_FAULTS,NA,NA,NA,NA,NA,NA,NA,NA,NA,NA,NA,NA,NA,NA,NA,NA,NA,NA,NA,NA,NA,NA,NA,TARGET_GONE,identity no longer active
2026-10-02T16:04:34Z,APP_21637_3022645,21637,3022645,23,2017,201.499,0,0,-1,-1,0,0.999931461,NA,NA,70.000000000,MEASURED_CPU_FAULT,CPU;INTERVAL_FAULTS,NA,NA,NA,NA,NA,NA,NA,NA,NA,NA,NA,NA,NA,NA,NA,NA,NA,NA,NA,NA,NA,NA,NA,TARGET_GONE,identity no longer active
2026-10-02T16:04:34Z,APP_21637_3022645,21637,3022645,23,2018,198.568,0,0,-1,-1,0,0.999931461,NA,NA,70.000000000,MEASURED_CPU_FAULT,CPU;INTERVAL_FAULTS,NA,NA,NA,NA,NA,NA,NA,NA,NA,NA,NA,NA,NA,NA,NA,NA,NA,NA,NA,NA,NA,NA,NA,TARGET_GONE,identity no longer active
2026-10-02T16:04:34Z,APP_21637_3022645,21637,3022645,23,2019,201.198,0,0,-1,-1,0,0.999931461,NA,NA,70.000000000,MEASURED_CPU_FAULT,CPU;INTERVAL_FAULTS,NA,NA,NA,NA,NA,NA,NA,NA,NA,NA,NA,NA,NA,NA,NA,NA,NA,NA,NA,NA,NA,NA,NA,TARGET_GONE,identity no longer active
2026-10-02T16:04:34Z,APP_21637_3022645,21637,3022645,23,2020,203.175,0,0,-1,-1,0,0.999931461,NA,NA,70.000000000,MEASURED_CPU_FAULT,CPU;INTERVAL_FAULTS,NA,NA,NA,NA,NA,NA,NA,NA,NA,NA,NA,NA,NA,NA,NA,NA,NA,NA,NA,NA,NA,NA,NA,TARGET_GONE,identity no longer active
2026-10-02T16:04:34Z,APP_21637_3022645,21637,3022645,23,2021,201.802,0,0,-1,-1,0,0.999931461,NA,NA,70.000000000,MEASURED_CPU_FAULT,CPU;INTERVAL_FAULTS,NA,NA,NA,NA,NA,NA,NA,NA,NA,NA,NA,NA,NA,NA,NA,NA,NA,NA,NA,NA,NA,NA,NA,TARGET_GONE,identity no longer active
2026-10-02T16:04:35Z,APP_21637_3022645,21637,3022645,23,2022,197.610,0,0,-1,-1,0,0.999931461,NA,NA,70.000000000,MEASURED_CPU_FAULT,CPU;INTERVAL_FAULTS,NA,NA,NA,NA,NA,NA,NA,NA,NA,NA,NA,NA,NA,NA,NA,NA,NA,NA,NA,NA,NA,NA,NA,TARGET_GONE,identity no longer active
2026-10-02T16:04:35Z,APP_21637_3022645,21637,3022645,23,2023,201.198,0,0,-1,-1,0,0.999931461,NA,NA,70.000000000,MEASURED_CPU_FAULT,CPU;INTERVAL_FAULTS,NA,NA,NA,NA,NA,NA,NA,NA,NA,NA,NA,NA,NA,NA,NA,NA,NA,NA,NA,NA,NA,NA,NA,TARGET_GONE,identity no longer active
2026-10-02T16:04:35Z,APP_21637_3022645,21637,3022645,23,2024,200.784,0,0,-1,-1,0,0.999931461,NA,NA,70.000000000,MEASURED_CPU_FAULT,CPU;INTERVAL_FAULTS,NA,NA,NA,NA,NA,NA,NA,NA,NA,NA,NA,NA,NA,NA,NA,NA,NA,NA,NA,NA,NA,NA,NA,TARGET_GONE,identity no longer active
2026-10-02T16:04:35Z,APP_21637_3022645,21637,3022645,23,2025,192.385,0,0,-1,-1,0,0.999931461,NA,NA,70.000000000,MEASURED_CPU_FAULT,CPU;INTERVAL_FAULTS,NA,NA,NA,NA,NA,NA,NA,NA,NA,NA,NA,NA,NA,NA,NA,NA,NA,NA,NA,NA,NA,NA,NA,TARGET_GONE,identity no longer active
2026-10-02T16:04:35Z,APP_21637_3022645,21637,3022645,23,2026,201.198,0,0,-1,-1,0,0.999931461,NA,NA,70.000000000,MEASURED_CPU_FAULT,CPU;INTERVAL_FAULTS,NA,NA,NA,NA,NA,NA,NA,NA,NA,NA,NA,NA,NA,NA,NA,NA,NA,NA,NA,NA,NA,NA,NA,TARGET_GONE,identity no longer active
2026-10-02T16:04:35Z,APP_21637_3022645,21637,3022645,23,2027,199.703,0,0,-1,-1,0,0.999931461,NA,NA,70.000000000,MEASURED_CPU_FAULT,CPU;INTERVAL_FAULTS,NA,NA,NA,NA,NA,NA,NA,NA,NA,NA,NA,NA,NA,NA,NA,NA,NA,NA,NA,NA,NA,NA,NA,TARGET_GONE,identity no longer active
2026-10-02T16:04:35Z,APP_21637_3022645,21637,3022645,23,2028,201.499,0,0,-1,-1,0,0.999931461,NA,NA,70.000000000,MEASURED_CPU_FAULT,CPU;INTERVAL_FAULTS,NA,NA,NA,NA,NA,NA,NA,NA,NA,NA,NA,NA,NA,NA,NA,NA,NA,NA,NA,NA,NA,NA,NA,TARGET_GONE,identity no longer active
2026-10-02T16:04:35Z,APP_21637_3022645,21637,3022645,23,2029,197.217,0,0,-1,-1,0,0.999931461,NA,NA,70.000000000,MEASURED_CPU_FAULT,CPU;INTERVAL_FAULTS,NA,NA,NA,NA,NA,NA,NA,NA,NA,NA,NA,NA,NA,NA,NA,NA,NA,NA,NA,NA,NA,NA,NA,TARGET_GONE,identity no longer active
2026-10-02T16:04:36Z,APP_21637_3022645,21637,3022645,23,2030,201.198,0,0,-1,-1,0,0.999931461,NA,NA,70.000000000,MEASURED_CPU_FAULT,CPU;INTERVAL_FAULTS,NA,NA,NA,NA,NA,NA,NA,NA,NA,NA,NA,NA,NA,NA,NA,NA,NA,NA,NA,NA,NA,NA,NA,TARGET_GONE,identity no longer active
2026-10-02T16:04:36Z,APP_21637_3022645,21637,3022645,23,2031,197.807,0,0,-1,-1,0,0.999931461,NA,NA,70.000000000,MEASURED_CPU_FAULT,CPU;INTERVAL_FAULTS,NA,NA,NA,NA,NA,NA,NA,NA,NA,NA,NA,NA,NA,NA,NA,NA,NA,NA,NA,NA,NA,NA,NA,TARGET_GONE,identity no longer active
2026-10-02T16:04:36Z,APP_21637_3022645,21637,3022645,23,2032,210.778,0,0,-1,-1,0,0.999931461,NA,NA,70.000000000,MEASURED_CPU_FAULT,CPU;INTERVAL_FAULTS,NA,NA,NA,NA,NA,NA,NA,NA,NA,NA,NA,NA,NA,NA,NA,NA,NA,NA,NA,NA,NA,NA,NA,TARGET_GONE,identity no longer active
2026-10-02T16:04:36Z,APP_21637_3022645,21637,3022645,23,2033,198.578,0,0,-1,-1,0,0.999931461,NA,NA,70.000000000,MEASURED_CPU_FAULT,CPU;INTERVAL_FAULTS,NA,NA,NA,NA,NA,NA,NA,NA,NA,NA,NA,NA,NA,NA,NA,NA,NA,NA,NA,NA,NA,NA,NA,TARGET_GONE,identity no longer active
2026-10-02T16:04:36Z,APP_21637_3022645,21637,3022645,23,2034,204.391,0,0,-1,-1,0,0.999931461,NA,NA,70.000000000,MEASURED_CPU_FAULT,CPU;INTERVAL_FAULTS,NA,NA,NA,NA,NA,NA,NA,NA,NA,NA,NA,NA,NA,NA,NA,NA,NA,NA,NA,NA,NA,NA,NA,TARGET_GONE,identity no longer active
2026-10-02T16:04:36Z,APP_21637_3022645,21637,3022645,23,2035,201.802,0,0,-1,-1,0,0.999931461,NA,NA,70.000000000,MEASURED_CPU_FAULT,CPU;INTERVAL_FAULTS,NA,NA,NA,NA,NA,NA,NA,NA,NA,NA,NA,NA,NA,NA,NA,NA,NA,NA,NA,NA,NA,NA,NA,TARGET_GONE,identity no longer active
2026-10-02T16:04:36Z,APP_21637_3022645,21637,3022645,23,2036,196.267,0,0,-1,-1,0,0.999931461,NA,NA,70.000000000,MEASURED_CPU_FAULT,CPU;INTERVAL_FAULTS,NA,NA,NA,NA,NA,NA,NA,NA,NA,NA,NA,NA,NA,NA,NA,NA,NA,NA,NA,NA,NA,NA,NA,TARGET_GONE,identity no longer active
2026-10-02T16:04:36Z,APP_21637_3022645,21637,3022645,23,2037,201.802,0,0,-1,-1,0,0.999931461,NA,NA,70.000000000,MEASURED_CPU_FAULT,CPU;INTERVAL_FAULTS,NA,NA,NA,NA,NA,NA,NA,NA,NA,NA,NA,NA,NA,NA,NA,NA,NA,NA,NA,NA,NA,NA,NA,TARGET_GONE,identity no longer active
2026-10-02T16:04:37Z,APP_21637_3022645,21637,3022645,23,2038,200.190,0,0,-1,-1,0,0.999931461,NA,NA,70.000000000,MEASURED_CPU_FAULT,CPU;INTERVAL_FAULTS,NA,NA,NA,NA,NA,NA,NA,NA,NA,NA,NA,NA,NA,NA,NA,NA,NA,NA,NA,NA,NA,NA,NA,TARGET_GONE,identity no longer active
2026-10-02T16:04:37Z,APP_21637_3022645,21637,3022645,23,2039,191.904,0,0,-1,-1,0,0.999931461,NA,NA,70.000000000,MEASURED_CPU_FAULT,CPU;INTERVAL_FAULTS,NA,NA,NA,NA,NA,NA,NA,NA,NA,NA,NA,NA,NA,NA,NA,NA,NA,NA,NA,NA,NA,NA,NA,TARGET_GONE,identity no longer active
2026-10-02T16:04:37Z,APP_21637_3022645,21637,3022645,23,2040,201.527,0,0,-1,-1,0,0.999931461,NA,NA,70.000000000,MEASURED_CPU_FAULT,CPU;INTERVAL_FAULTS,NA,NA,NA,NA,NA,NA,NA,NA,NA,NA,NA,NA,NA,NA,NA,NA,NA,NA,NA,NA,NA,NA,NA,TARGET_GONE,identity no longer active
2026-10-02T16:04:37Z,APP_21637_3022645,21637,3022645,23,2041,201.198,0,0,-1,-1,0,0.999931461,NA,NA,70.000000000,MEASURED_CPU_FAULT,CPU;INTERVAL_FAULTS,NA,NA,NA,NA,NA,NA,NA,NA,NA,NA,NA,NA,NA,NA,NA,NA,NA,NA,NA,NA,NA,NA,NA,TARGET_GONE,identity no longer active
2026-10-02T16:04:37Z,APP_21637_3022645,21637,3022645,23,2042,200.000,0,0,-1,-1,0,0.999931461,NA,NA,70.000000000,MEASURED_CPU_FAULT,CPU;INTERVAL_FAULTS,NA,NA,NA,NA,NA,NA,NA,NA,NA,NA,NA,NA,NA,NA,NA,NA,NA,NA,NA,NA,NA,NA,NA,TARGET_GONE,identity no longer active
2026-10-02T16:04:37Z,APP_21637_3022645,21637,3022645,23,2043,211.411,0,0,-1,-1,0,0.999931461,NA,NA,70.000000000,MEASURED_CPU_FAULT,CPU;INTERVAL_FAULTS,NA,NA,NA,NA,NA,NA,NA,NA,NA,NA,NA,NA,NA,NA,NA,NA,NA,NA,NA,NA,NA,NA,NA,TARGET_GONE,identity no longer active
2026-10-02T16:04:37Z,APP_21637_3022645,21637,3022645,23,2044,191.904,0,0,-1,-1,0,0.999931461,NA,NA,70.000000000,MEASURED_CPU_FAULT,CPU;INTERVAL_FAULTS,NA,NA,NA,NA,NA,NA,NA,NA,NA,NA,NA,NA,NA,NA,NA,NA,NA,NA,NA,NA,NA,NA,NA,TARGET_GONE,identity no longer active
2026-10-02T16:04:37Z,APP_21637_3022645,21637,3022645,23,2045,202.486,0,0,-1,-1,0,0.999931461,NA,NA,70.000000000,MEASURED_CPU_FAULT,CPU;INTERVAL_FAULTS,NA,NA,NA,NA,NA,NA,NA,NA,NA,NA,NA,NA,NA,NA,NA,NA,NA,NA,NA,NA,NA,NA,NA,TARGET_GONE,identity no longer active
2026-10-02T16:04:38Z,APP_21637_3022645,21637,3022645,23,2046,201.499,0,0,-1,-1,0,0.999931461,NA,NA,70.000000000,MEASURED_CPU_FAULT,CPU;INTERVAL_FAULTS,NA,NA,NA,NA,NA,NA,NA,NA,NA,NA,NA,NA,NA,NA,NA,NA,NA,NA,NA,NA,NA,NA,NA,TARGET_GONE,identity no longer active
2026-10-02T16:04:38Z,APP_21637_3022645,21637,3022645,23,2047,200.760,0,0,-1,-1,0,0.999931461,NA,NA,70.000000000,MEASURED_CPU_FAULT,CPU;INTERVAL_FAULTS,NA,NA,NA,NA,NA,NA,NA,NA,NA,NA,NA,NA,NA,NA,NA,NA,NA,NA,NA,NA,NA,NA,NA,TARGET_GONE,identity no longer active
2026-10-02T16:04:38Z,APP_21637_3022645,21637,3022645,23,2048,201.499,0,0,-1,-1,0,0.999931461,NA,NA,70.000000000,MEASURED_CPU_FAULT,CPU;INTERVAL_FAULTS,NA,NA,NA,NA,NA,NA,NA,NA,NA,NA,NA,NA,NA,NA,NA,NA,NA,NA,NA,NA,NA,NA,NA,TARGET_GONE,identity no longer active
2026-10-02T16:04:38Z,APP_21637_3022645,21637,3022645,23,2049,201.335,0,0,-1,-1,0,0.999931461,NA,NA,70.000000000,MEASURED_CPU_FAULT,CPU;INTERVAL_FAULTS,NA,NA,NA,NA,NA,NA,NA,NA,NA,NA,NA,NA,NA,NA,NA,NA,NA,NA,NA,NA,NA,NA,NA,TARGET_GONE,identity no longer active
2026-10-02T16:04:38Z,APP_21637_3022645,21637,3022645,23,2050,191.904,0,0,-1,-1,0,0.999931461,NA,NA,70.000000000,MEASURED_CPU_FAULT,CPU;INTERVAL_FAULTS,NA,NA,NA,NA,NA,NA,NA,NA,NA,NA,NA,NA,NA,NA,NA,NA,NA,NA,NA,NA,NA,NA,NA,TARGET_GONE,identity no longer active
2026-10-02T16:04:38Z,APP_21637_3022645,21637,3022645,23,2051,204.255,0,0,-1,-1,0,0.999931461,NA,NA,70.000000000,MEASURED_CPU_FAULT,CPU;INTERVAL_FAULTS,NA,NA,NA,NA,NA,NA,NA,NA,NA,NA,NA,NA,NA,NA,NA,NA,NA,NA,NA,NA,NA,NA,NA,TARGET_GONE,identity no longer active
2026-10-02T16:04:38Z,APP_21637_3022645,21637,3022645,23,2052,192.771,0,0,-1,-1,0,0.999931461,NA,NA,70.000000000,MEASURED_CPU_FAULT,CPU;INTERVAL_FAULTS,NA,NA,NA,NA,NA,NA,NA,NA,NA,NA,NA,NA,NA,NA,NA,NA,NA,NA,NA,NA,NA,NA,NA,TARGET_GONE,identity no longer active
2026-10-02T16:04:39Z,APP_21637_3022645,21637,3022645,23,2053,201.198,0,0,-1,-1,0,0.999931461,NA,NA,70.000000000,MEASURED_CPU_FAULT,CPU;INTERVAL_FAULTS,NA,NA,NA,NA,NA,NA,NA,NA,NA,NA,NA,NA,NA,NA,NA,NA,NA,NA,NA,NA,NA,NA,NA,TARGET_GONE,identity no longer active
2026-10-02T16:04:39Z,APP_21637_3022645,21637,3022645,23,2054,197.475,0,0,-1,-1,0,0.999931461,NA,NA,70.000000000,MEASURED_CPU_FAULT,CPU;INTERVAL_FAULTS,NA,NA,NA,NA,NA,NA,NA,NA,NA,NA,NA,NA,NA,NA,NA,NA,NA,NA,NA,NA,NA,NA,NA,TARGET_GONE,identity no longer active
2026-10-02T16:04:39Z,APP_21637_3022645,21637,3022645,23,2055,201.499,0,0,-1,-1,0,0.999931461,NA,NA,70.000000000,MEASURED_CPU_FAULT,CPU;INTERVAL_FAULTS,NA,NA,NA,NA,NA,NA,NA,NA,NA,NA,NA,NA,NA,NA,NA,NA,NA,NA,NA,NA,NA,NA,NA,TARGET_GONE,identity no longer active
2026-10-02T16:04:39Z,APP_21637_3022645,21637,3022645,23,2056,196.100,0,0,-1,-1,0,0.999931461,NA,NA,70.000000000,MEASURED_CPU_FAULT,CPU;INTERVAL_FAULTS,NA,NA,NA,NA,NA,NA,NA,NA,NA,NA,NA,NA,NA,NA,NA,NA,NA,NA,NA,NA,NA,NA,NA,TARGET_GONE,identity no longer active
2026-10-02T16:04:39Z,APP_21637_3022645,21637,3022645,23,2057,201.499,0,0,-1,-1,0,0.999931461,NA,NA,70.000000000,MEASURED_CPU_FAULT,CPU;INTERVAL_FAULTS,NA,NA,NA,NA,NA,NA,NA,NA,NA,NA,NA,NA,NA,NA,NA,NA,NA,NA,NA,NA,NA,NA,NA,TARGET_GONE,identity no longer active
2026-10-02T16:04:39Z,APP_21637_3022645,21637,3022645,23,2058,201.912,0,0,-1,-1,0,0.999931461,NA,NA,70.000000000,MEASURED_CPU_FAULT,CPU;INTERVAL_FAULTS,NA,NA,NA,NA,NA,NA,NA,NA,NA,NA,NA,NA,NA,NA,NA,NA,NA,NA,NA,NA,NA,NA,NA,TARGET_GONE,identity no longer active
2026-10-02T16:04:39Z,APP_21637_3022645,21637,3022645,23,2059,201.198,0,0,-1,-1,0,0.999931461,NA,NA,70.000000000,MEASURED_CPU_FAULT,CPU;INTERVAL_FAULTS,NA,NA,NA,NA,NA,NA,NA,NA,NA,NA,NA,NA,NA,NA,NA,NA,NA,NA,NA,NA,NA,NA,NA,TARGET_GONE,identity no longer active
2026-10-02T16:04:13Z,APP_21637_3022645,21637,3022645,24,2060,0.000,0,0,-1,-1,0,0.999931461,1,true,0.000000000,MEASURED_CPU_FAULT,CPU;INTERVAL_FAULTS,HOT,669.474315258,0.560000000,0.700000000,NA,NA,NA,NA,0.560000000,0.000000000,0.700000000,0.000000000,-1.000000000,1.232000000,NA,MOVE_THREAD,INVALID,NOT_APPLICABLE,INVALID,MOVE_THREAD,-1,-1,false,TARGET_GONE,identity no longer active
2026-10-02T16:04:14Z,APP_21637_3022645,21637,3022645,24,2061,0.000,0,0,-1,-1,0,0.999931461,NA,NA,0.000000000,MEASURED_CPU_FAULT,CPU;INTERVAL_FAULTS,NA,NA,NA,NA,NA,NA,NA,NA,NA,NA,NA,NA,NA,NA,NA,NA,NA,NA,NA,NA,NA,NA,NA,TARGET_GONE,identity no longer active
2026-10-02T16:04:14Z,APP_21637_3022645,21637,3022645,24,2062,0.000,0,0,-1,-1,0,0.999931461,NA,NA,0.000000000,MEASURED_CPU_FAULT,CPU;INTERVAL_FAULTS,NA,NA,NA,NA,NA,NA,NA,NA,NA,NA,NA,NA,NA,NA,NA,NA,NA,NA,NA,NA,NA,NA,NA,TARGET_GONE,identity no longer active
2026-10-02T16:04:14Z,APP_21637_3022645,21637,3022645,24,2063,0.000,0,0,-1,-1,0,0.999931461,NA,NA,0.000000000,MEASURED_CPU_FAULT,CPU;INTERVAL_FAULTS,NA,NA,NA,NA,NA,NA,NA,NA,NA,NA,NA,NA,NA,NA,NA,NA,NA,NA,NA,NA,NA,NA,NA,TARGET_GONE,identity no longer active
2026-10-02T16:04:14Z,APP_21637_3022645,21637,3022645,24,2064,0.000,0,0,-1,-1,0,0.999931461,NA,NA,0.000000000,MEASURED_CPU_FAULT,CPU;INTERVAL_FAULTS,NA,NA,NA,NA,NA,NA,NA,NA,NA,NA,NA,NA,NA,NA,NA,NA,NA,NA,NA,NA,NA,NA,NA,TARGET_GONE,identity no longer active
2026-10-02T16:04:14Z,APP_21637_3022645,21637,3022645,24,2065,0.000,0,0,-1,-1,0,0.999931461,NA,NA,0.000000000,MEASURED_CPU_FAULT,CPU;INTERVAL_FAULTS,NA,NA,NA,NA,NA,NA,NA,NA,NA,NA,NA,NA,NA,NA,NA,NA,NA,NA,NA,NA,NA,NA,NA,TARGET_GONE,identity no longer active
2026-10-02T16:04:14Z,APP_21637_3022645,21637,3022645,24,2066,0.000,0,0,-1,-1,0,0.999931461,NA,NA,0.000000000,MEASURED_CPU_FAULT,CPU;INTERVAL_FAULTS,NA,NA,NA,NA,NA,NA,NA,NA,NA,NA,NA,NA,NA,NA,NA,NA,NA,NA,NA,NA,NA,NA,NA,TARGET_GONE,identity no longer active
2026-10-02T16:04:15Z,APP_21637_3022645,21637,3022645,24,2067,18.907,0,0,-1,-1,0,0.999931461,NA,NA,13.234900000,MEASURED_CPU_FAULT,CPU;INTERVAL_FAULTS,NA,NA,NA,NA,NA,NA,NA,NA,NA,NA,NA,NA,NA,NA,NA,NA,NA,NA,NA,NA,NA,NA,NA,TARGET_GONE,identity no longer active
2026-10-02T16:04:15Z,APP_21637_3022645,21637,3022645,24,2068,191.617,0,0,-1,-1,0,0.999931461,NA,NA,70.000000000,MEASURED_CPU_FAULT,CPU;INTERVAL_FAULTS,NA,NA,NA,NA,NA,NA,NA,NA,NA,NA,NA,NA,NA,NA,NA,NA,NA,NA,NA,NA,NA,NA,NA,TARGET_GONE,identity no longer active
2026-10-02T16:04:15Z,APP_21637_3022645,21637,3022645,24,2069,201.499,0,0,-1,-1,0,0.999931461,NA,NA,70.000000000,MEASURED_CPU_FAULT,CPU;INTERVAL_FAULTS,NA,NA,NA,NA,NA,NA,NA,NA,NA,NA,NA,NA,NA,NA,NA,NA,NA,NA,NA,NA,NA,NA,NA,TARGET_GONE,identity no longer active
2026-10-02T16:04:15Z,APP_21637_3022645,21637,3022645,24,2070,200.272,0,0,-1,-1,0,0.999931461,NA,NA,70.000000000,MEASURED_CPU_FAULT,CPU;INTERVAL_FAULTS,NA,NA,NA,NA,NA,NA,NA,NA,NA,NA,NA,NA,NA,NA,NA,NA,NA,NA,NA,NA,NA,NA,NA,TARGET_GONE,identity no longer active
2026-10-02T16:04:15Z,APP_21637_3022645,21637,3022645,24,2071,201.198,0,0,-1,-1,0,0.999931461,NA,NA,70.000000000,MEASURED_CPU_FAULT,CPU;INTERVAL_FAULTS,NA,NA,NA,NA,NA,NA,NA,NA,NA,NA,NA,NA,NA,NA,NA,NA,NA,NA,NA,NA,NA,NA,NA,TARGET_GONE,identity no longer active
2026-10-02T16:04:15Z,APP_21637_3022645,21637,3022645,24,2072,196.831,0,0,-1,-1,0,0.999931461,NA,NA,70.000000000,MEASURED_CPU_FAULT,CPU;INTERVAL_FAULTS,NA,NA,NA,NA,NA,NA,NA,NA,NA,NA,NA,NA,NA,NA,NA,NA,NA,NA,NA,NA,NA,NA,NA,TARGET_GONE,identity no longer active
2026-10-02T16:04:15Z,APP_21637_3022645,21637,3022645,24,2073,201.499,0,0,-1,-1,0,0.999931461,NA,NA,70.000000000,MEASURED_CPU_FAULT,CPU;INTERVAL_FAULTS,NA,NA,NA,NA,NA,NA,NA,NA,NA,NA,NA,NA,NA,NA,NA,NA,NA,NA,NA,NA,NA,NA,NA,TARGET_GONE,identity no longer active
2026-10-02T16:04:15Z,APP_21637_3022645,21637,3022645,24,2074,197.610,0,0,-1,-1,0,0.999931461,NA,NA,70.000000000,MEASURED_CPU_FAULT,CPU;INTERVAL_FAULTS,NA,NA,NA,NA,NA,NA,NA,NA,NA,NA,NA,NA,NA,NA,NA,NA,NA,NA,NA,NA,NA,NA,NA,TARGET_GONE,identity no longer active
2026-10-02T16:04:15Z,APP_21637_3022645,21637,3022645,24,2075,201.499,0,0,-1,-1,0,0.999931461,NA,NA,70.000000000,MEASURED_CPU_FAULT,CPU;INTERVAL_FAULTS,NA,NA,NA,NA,NA,NA,NA,NA,NA,NA,NA,NA,NA,NA,NA,NA,NA,NA,NA,NA,NA,NA,NA,TARGET_GONE,identity no longer active
2026-10-02T16:04:16Z,APP_21637_3022645,21637,3022645,24,2076,203.787,0,0,-1,-1,0,0.999931461,NA,NA,70.000000000,MEASURED_CPU_FAULT,CPU;INTERVAL_FAULTS,NA,NA,NA,NA,NA,NA,NA,NA,NA,NA,NA,NA,NA,NA,NA,NA,NA,NA,NA,NA,NA,NA,NA,TARGET_GONE,identity no longer active
2026-10-02T16:04:16Z,APP_21637_3022645,21637,3022645,24,2077,192.192,0,0,-1,-1,0,0.999931461,NA,NA,70.000000000,MEASURED_CPU_FAULT,CPU;INTERVAL_FAULTS,NA,NA,NA,NA,NA,NA,NA,NA,NA,NA,NA,NA,NA,NA,NA,NA,NA,NA,NA,NA,NA,NA,NA,TARGET_GONE,identity no longer active
2026-10-02T16:04:16Z,APP_21637_3022645,21637,3022645,24,2078,201.499,0,0,-1,-1,0,0.999931461,NA,NA,70.000000000,MEASURED_CPU_FAULT,CPU;INTERVAL_FAULTS,NA,NA,NA,NA,NA,NA,NA,NA,NA,NA,NA,NA,NA,NA,NA,NA,NA,NA,NA,NA,NA,NA,NA,TARGET_GONE,identity no longer active
2026-10-02T16:04:16Z,APP_21637_3022645,21637,3022645,24,2079,205.714,0,0,-1,-1,0,0.999931461,NA,NA,70.000000000,MEASURED_CPU_FAULT,CPU;INTERVAL_FAULTS,NA,NA,NA,NA,NA,NA,NA,NA,NA,NA,NA,NA,NA,NA,NA,NA,NA,NA,NA,NA,NA,NA,NA,TARGET_GONE,identity no longer active
2026-10-02T16:04:16Z,APP_21637_3022645,21637,3022645,24,2080,191.617,0,0,-1,-1,0,0.999931461,NA,NA,70.000000000,MEASURED_CPU_FAULT,CPU;INTERVAL_FAULTS,NA,NA,NA,NA,NA,NA,NA,NA,NA,NA,NA,NA,NA,NA,NA,NA,NA,NA,NA,NA,NA,NA,NA,TARGET_GONE,identity no longer active
2026-10-02T16:04:16Z,APP_21637_3022645,21637,3022645,24,2081,203.781,0,0,-1,-1,0,0.999931461,NA,NA,70.000000000,MEASURED_CPU_FAULT,CPU;INTERVAL_FAULTS,NA,NA,NA,NA,NA,NA,NA,NA,NA,NA,NA,NA,NA,NA,NA,NA,NA,NA,NA,NA,NA,NA,NA,TARGET_GONE,identity no longer active
2026-10-02T16:04:16Z,APP_21637_3022645,21637,3022645,24,2082,192.192,0,0,-1,-1,0,0.999931461,NA,NA,70.000000000,MEASURED_CPU_FAULT,CPU;INTERVAL_FAULTS,NA,NA,NA,NA,NA,NA,NA,NA,NA,NA,NA,NA,NA,NA,NA,NA,NA,NA,NA,NA,NA,NA,NA,TARGET_GONE,identity no longer active
2026-10-02T16:04:16Z,APP_21637_3022645,21637,3022645,24,2083,203.579,0,0,-1,-1,0,0.999931461,NA,NA,70.000000000,MEASURED_CPU_FAULT,CPU;INTERVAL_FAULTS,NA,NA,NA,NA,NA,NA,NA,NA,NA,NA,NA,NA,NA,NA,NA,NA,NA,NA,NA,NA,NA,NA,NA,TARGET_GONE,identity no longer active
2026-10-02T16:04:17Z,APP_21637_3022645,21637,3022645,24,2084,201.499,0,0,-1,-1,0,0.999931461,NA,NA,70.000000000,MEASURED_CPU_FAULT,CPU;INTERVAL_FAULTS,NA,NA,NA,NA,NA,NA,NA,NA,NA,NA,NA,NA,NA,NA,NA,NA,NA,NA,NA,NA,NA,NA,NA,TARGET_GONE,identity no longer active
2026-10-02T16:04:17Z,APP_21637_3022645,21637,3022645,24,2085,198.450,0,0,-1,-1,0,0.999931461,NA,NA,70.000000000,MEASURED_CPU_FAULT,CPU;INTERVAL_FAULTS,NA,NA,NA,NA,NA,NA,NA,NA,NA,NA,NA,NA,NA,NA,NA,NA,NA,NA,NA,NA,NA,NA,NA,TARGET_GONE,identity no longer active
2026-10-02T16:04:17Z,APP_21637_3022645,21637,3022645,24,2086,211.411,0,0,-1,-1,0,0.999931461,NA,NA,70.000000000,MEASURED_CPU_FAULT,CPU;INTERVAL_FAULTS,NA,NA,NA,NA,NA,NA,NA,NA,NA,NA,NA,NA,NA,NA,NA,NA,NA,NA,NA,NA,NA,NA,NA,TARGET_GONE,identity no longer active
2026-10-02T16:04:17Z,APP_21637_3022645,21637,3022645,24,2087,191.904,0,0,-1,-1,0,0.999931461,NA,NA,70.000000000,MEASURED_CPU_FAULT,CPU;INTERVAL_FAULTS,NA,NA,NA,NA,NA,NA,NA,NA,NA,NA,NA,NA,NA,NA,NA,NA,NA,NA,NA,NA,NA,NA,NA,TARGET_GONE,identity no longer active
2026-10-02T16:04:17Z,APP_21637_3022645,21637,3022645,24,2088,205.714,0,0,-1,-1,0,0.999931461,NA,NA,70.000000000,MEASURED_CPU_FAULT,CPU;INTERVAL_FAULTS,NA,NA,NA,NA,NA,NA,NA,NA,NA,NA,NA,NA,NA,NA,NA,NA,NA,NA,NA,NA,NA,NA,NA,TARGET_GONE,identity no longer active
2026-10-02T16:04:17Z,APP_21637_3022645,21637,3022645,24,2089,201.802,0,0,-1,-1,0,0.999931461,NA,NA,70.000000000,MEASURED_CPU_FAULT,CPU;INTERVAL_FAULTS,NA,NA,NA,NA,NA,NA,NA,NA,NA,NA,NA,NA,NA,NA,NA,NA,NA,NA,NA,NA,NA,NA,NA,TARGET_GONE,identity no longer active
2026-10-02T16:04:17Z,APP_21637_3022645,21637,3022645,24,2090,197.217,0,0,-1,-1,0,0.999931461,NA,NA,70.000000000,MEASURED_CPU_FAULT,CPU;INTERVAL_FAULTS,NA,NA,NA,NA,NA,NA,NA,NA,NA,NA,NA,NA,NA,NA,NA,NA,NA,NA,NA,NA,NA,NA,NA,TARGET_GONE,identity no longer active
2026-10-02T16:04:17Z,APP_21637_3022645,21637,3022645,24,2091,201.499,0,0,-1,-1,0,0.999931461,NA,NA,70.000000000,MEASURED_CPU_FAULT,CPU;INTERVAL_FAULTS,NA,NA,NA,NA,NA,NA,NA,NA,NA,NA,NA,NA,NA,NA,NA,NA,NA,NA,NA,NA,NA,NA,NA,TARGET_GONE,identity no longer active
2026-10-02T16:04:18Z,APP_21637_3022645,21637,3022645,24,2092,197.807,0,0,-1,-1,0,0.999931461,NA,NA,70.000000000,MEASURED_CPU_FAULT,CPU;INTERVAL_FAULTS,NA,NA,NA,NA,NA,NA,NA,NA,NA,NA,NA,NA,NA,NA,NA,NA,NA,NA,NA,NA,NA,NA,NA,TARGET_GONE,identity no longer active
2026-10-02T16:04:18Z,APP_21637_3022645,21637,3022645,24,2093,200.897,0,0,-1,-1,0,0.999931461,NA,NA,70.000000000,MEASURED_CPU_FAULT,CPU;INTERVAL_FAULTS,NA,NA,NA,NA,NA,NA,NA,NA,NA,NA,NA,NA,NA,NA,NA,NA,NA,NA,NA,NA,NA,NA,NA,TARGET_GONE,identity no longer active
2026-10-02T16:04:18Z,APP_21637_3022645,21637,3022645,24,2094,199.555,0,0,-1,-1,0,0.999931461,NA,NA,70.000000000,MEASURED_CPU_FAULT,CPU;INTERVAL_FAULTS,NA,NA,NA,NA,NA,NA,NA,NA,NA,NA,NA,NA,NA,NA,NA,NA,NA,NA,NA,NA,NA,NA,NA,TARGET_GONE,identity no longer active
2026-10-02T16:04:18Z,APP_21637_3022645,21637,3022645,24,2095,191.617,0,0,-1,-1,0,0.999931461,NA,NA,70.000000000,MEASURED_CPU_FAULT,CPU;INTERVAL_FAULTS,NA,NA,NA,NA,NA,NA,NA,NA,NA,NA,NA,NA,NA,NA,NA,NA,NA,NA,NA,NA,NA,NA,NA,TARGET_GONE,identity no longer active
2026-10-02T16:04:18Z,APP_21637_3022645,21637,3022645,24,2096,201.499,0,0,-1,-1,0,0.999931461,NA,NA,70.000000000,MEASURED_CPU_FAULT,CPU;INTERVAL_FAULTS,NA,NA,NA,NA,NA,NA,NA,NA,NA,NA,NA,NA,NA,NA,NA,NA,NA,NA,NA,NA,NA,NA,NA,TARGET_GONE,identity no longer active
2026-10-02T16:04:18Z,APP_21637_3022645,21637,3022645,24,2097,198.393,0,0,-1,-1,0,0.999931461,NA,NA,70.000000000,MEASURED_CPU_FAULT,CPU;INTERVAL_FAULTS,NA,NA,NA,NA,NA,NA,NA,NA,NA,NA,NA,NA,NA,NA,NA,NA,NA,NA,NA,NA,NA,NA,NA,TARGET_GONE,identity no longer active
2026-10-02T16:04:18Z,APP_21637_3022645,21637,3022645,24,2098,201.802,0,0,-1,-1,0,0.999931461,NA,NA,70.000000000,MEASURED_CPU_FAULT,CPU;INTERVAL_FAULTS,NA,NA,NA,NA,NA,NA,NA,NA,NA,NA,NA,NA,NA,NA,NA,NA,NA,NA,NA,NA,NA,NA,NA,TARGET_GONE,identity no longer active
2026-10-02T16:04:18Z,APP_21637_3022645,21637,3022645,24,2099,203.175,0,0,-1,-1,0,0.999931461,NA,NA,70.000000000,MEASURED_CPU_FAULT,CPU;INTERVAL_FAULTS,NA,NA,NA,NA,NA,NA,NA,NA,NA,NA,NA,NA,NA,NA,NA,NA,NA,NA,NA,NA,NA,NA,NA,TARGET_GONE,identity no longer active
2026-10-02T16:04:19Z,APP_21637_3022645,21637,3022645,24,2100,201.802,0,0,-1,-1,0,0.999931461,NA,NA,70.000000000,MEASURED_CPU_FAULT,CPU;INTERVAL_FAULTS,NA,NA,NA,NA,NA,NA,NA,NA,NA,NA,NA,NA,NA,NA,NA,NA,NA,NA,NA,NA,NA,NA,NA,TARGET_GONE,identity no longer active
2026-10-02T16:04:19Z,APP_21637_3022645,21637,3022645,24,2101,197.413,0,0,-1,-1,0,0.999931461,NA,NA,70.000000000,MEASURED_CPU_FAULT,CPU;INTERVAL_FAULTS,NA,NA,NA,NA,NA,NA,NA,NA,NA,NA,NA,NA,NA,NA,NA,NA,NA,NA,NA,NA,NA,NA,NA,TARGET_GONE,identity no longer active
2026-10-02T16:04:19Z,APP_21637_3022645,21637,3022645,24,2102,201.499,0,0,-1,-1,0,0.999931461,NA,NA,70.000000000,MEASURED_CPU_FAULT,CPU;INTERVAL_FAULTS,NA,NA,NA,NA,NA,NA,NA,NA,NA,NA,NA,NA,NA,NA,NA,NA,NA,NA,NA,NA,NA,NA,NA,TARGET_GONE,identity no longer active
2026-10-02T16:04:19Z,APP_21637_3022645,21637,3022645,24,2103,203.262,0,0,-1,-1,0,0.999931461,NA,NA,70.000000000,MEASURED_CPU_FAULT,CPU;INTERVAL_FAULTS,NA,NA,NA,NA,NA,NA,NA,NA,NA,NA,NA,NA,NA,NA,NA,NA,NA,NA,NA,NA,NA,NA,NA,TARGET_GONE,identity no longer active
2026-10-02T16:04:19Z,APP_21637_3022645,21637,3022645,24,2104,201.499,0,0,-1,-1,0,0.999931461,NA,NA,70.000000000,MEASURED_CPU_FAULT,CPU;INTERVAL_FAULTS,NA,NA,NA,NA,NA,NA,NA,NA,NA,NA,NA,NA,NA,NA,NA,NA,NA,NA,NA,NA,NA,NA,NA,TARGET_GONE,identity no longer active
2026-10-02T16:04:19Z,APP_21637_3022645,21637,3022645,24,2105,197.610,0,0,-1,-1,0,0.999931461,NA,NA,70.000000000,MEASURED_CPU_FAULT,CPU;INTERVAL_FAULTS,NA,NA,NA,NA,NA,NA,NA,NA,NA,NA,NA,NA,NA,NA,NA,NA,NA,NA,NA,NA,NA,NA,NA,TARGET_GONE,identity no longer active
2026-10-02T16:04:19Z,APP_21637_3022645,21637,3022645,24,2106,201.499,0,0,-1,-1,0,0.999931461,NA,NA,70.000000000,MEASURED_CPU_FAULT,CPU;INTERVAL_FAULTS,NA,NA,NA,NA,NA,NA,NA,NA,NA,NA,NA,NA,NA,NA,NA,NA,NA,NA,NA,NA,NA,NA,NA,TARGET_GONE,identity no longer active
2026-10-02T16:04:20Z,APP_21637_3022645,21637,3022645,24,2107,197.610,0,0,-1,-1,0,0.999931461,NA,NA,70.000000000,MEASURED_CPU_FAULT,CPU;INTERVAL_FAULTS,NA,NA,NA,NA,NA,NA,NA,NA,NA,NA,NA,NA,NA,NA,NA,NA,NA,NA,NA,NA,NA,NA,NA,TARGET_GONE,identity no longer active
2026-10-02T16:04:20Z,APP_21637_3022645,21637,3022645,24,2108,201.499,0,0,-1,-1,0,0.999931461,NA,NA,70.000000000,MEASURED_CPU_FAULT,CPU;INTERVAL_FAULTS,NA,NA,NA,NA,NA,NA,NA,NA,NA,NA,NA,NA,NA,NA,NA,NA,NA,NA,NA,NA,NA,NA,NA,TARGET_GONE,identity no longer active
2026-10-02T16:04:20Z,APP_21637_3022645,21637,3022645,24,2109,202.973,0,0,-1,-1,0,0.999931461,NA,NA,70.000000000,MEASURED_CPU_FAULT,CPU;INTERVAL_FAULTS,NA,NA,NA,NA,NA,NA,NA,NA,NA,NA,NA,NA,NA,NA,NA,NA,NA,NA,NA,NA,NA,NA,NA,TARGET_GONE,identity no longer active
2026-10-02T16:04:20Z,APP_21637_3022645,21637,3022645,24,2110,191.904,0,0,-1,-1,0,0.999931461,NA,NA,70.000000000,MEASURED_CPU_FAULT,CPU;INTERVAL_FAULTS,NA,NA,NA,NA,NA,NA,NA,NA,NA,NA,NA,NA,NA,NA,NA,NA,NA,NA,NA,NA,NA,NA,NA,TARGET_GONE,identity no longer active
2026-10-02T16:04:20Z,APP_21637_3022645,21637,3022645,24,2111,201.942,0,0,-1,-1,0,0.999931461,NA,NA,70.000000000,MEASURED_CPU_FAULT,CPU;INTERVAL_FAULTS,NA,NA,NA,NA,NA,NA,NA,NA,NA,NA,NA,NA,NA,NA,NA,NA,NA,NA,NA,NA,NA,NA,NA,TARGET_GONE,identity no longer active
2026-10-02T16:04:20Z,APP_21637_3022645,21637,3022645,24,2112,191.617,0,0,-1,-1,0,0.999931461,NA,NA,70.000000000,MEASURED_CPU_FAULT,CPU;INTERVAL_FAULTS,NA,NA,NA,NA,NA,NA,NA,NA,NA,NA,NA,NA,NA,NA,NA,NA,NA,NA,NA,NA,NA,NA,NA,TARGET_GONE,identity no longer active
2026-10-02T16:04:20Z,APP_21637_3022645,21637,3022645,24,2113,201.802,0,0,-1,-1,0,0.999931461,NA,NA,70.000000000,MEASURED_CPU_FAULT,CPU;INTERVAL_FAULTS,NA,NA,NA,NA,NA,NA,NA,NA,NA,NA,NA,NA,NA,NA,NA,NA,NA,NA,NA,NA,NA,NA,NA,TARGET_GONE,identity no longer active
2026-10-02T16:04:20Z,APP_21637_3022645,21637,3022645,24,2114,198.331,0,0,-1,-1,0,0.999931461,NA,NA,70.000000000,MEASURED_CPU_FAULT,CPU;INTERVAL_FAULTS,NA,NA,NA,NA,NA,NA,NA,NA,NA,NA,NA,NA,NA,NA,NA,NA,NA,NA,NA,NA,NA,NA,NA,TARGET_GONE,identity no longer active
2026-10-02T16:04:20Z,APP_21637_3022645,21637,3022645,24,2115,201.499,0,0,-1,-1,0,0.999931461,NA,NA,70.000000000,MEASURED_CPU_FAULT,CPU;INTERVAL_FAULTS,NA,NA,NA,NA,NA,NA,NA,NA,NA,NA,NA,NA,NA,NA,NA,NA,NA,NA,NA,NA,NA,NA,NA,TARGET_GONE,identity no longer active
2026-10-02T16:04:21Z,APP_21637_3022645,21637,3022645,24,2116,197.413,0,0,-1,-1,0,0.999931461,NA,NA,70.000000000,MEASURED_CPU_FAULT,CPU;INTERVAL_FAULTS,NA,NA,NA,NA,NA,NA,NA,NA,NA,NA,NA,NA,NA,NA,NA,NA,NA,NA,NA,NA,NA,NA,NA,TARGET_GONE,identity no longer active
2026-10-02T16:04:21Z,APP_21637_3022645,21637,3022645,24,2117,201.499,0,0,-1,-1,0,0.999931461,NA,NA,70.000000000,MEASURED_CPU_FAULT,CPU;INTERVAL_FAULTS,NA,NA,NA,NA,NA,NA,NA,NA,NA,NA,NA,NA,NA,NA,NA,NA,NA,NA,NA,NA,NA,NA,NA,TARGET_GONE,identity no longer active
2026-10-02T16:04:21Z,APP_21637_3022645,21637,3022645,24,2118,203.579,0,0,-1,-1,0,0.999931461,NA,NA,70.000000000,MEASURED_CPU_FAULT,CPU;INTERVAL_FAULTS,NA,NA,NA,NA,NA,NA,NA,NA,NA,NA,NA,NA,NA,NA,NA,NA,NA,NA,NA,NA,NA,NA,NA,TARGET_GONE,identity no longer active
2026-10-02T16:04:21Z,APP_21637_3022645,21637,3022645,24,2119,201.499,0,0,-1,-1,0,0.999931461,NA,NA,70.000000000,MEASURED_CPU_FAULT,CPU;INTERVAL_FAULTS,NA,NA,NA,NA,NA,NA,NA,NA,NA,NA,NA,NA,NA,NA,NA,NA,NA,NA,NA,NA,NA,NA,NA,TARGET_GONE,identity no longer active
2026-10-02T16:04:21Z,APP_21637_3022645,21637,3022645,24,2120,199.555,0,0,-1,-1,0,0.999931461,NA,NA,70.000000000,MEASURED_CPU_FAULT,CPU;INTERVAL_FAULTS,NA,NA,NA,NA,NA,NA,NA,NA,NA,NA,NA,NA,NA,NA,NA,NA,NA,NA,NA,NA,NA,NA,NA,TARGET_GONE,identity no longer active
2026-10-02T16:04:21Z,APP_21637_3022645,21637,3022645,24,2121,192.192,0,0,-1,-1,0,0.999931461,NA,NA,70.000000000,MEASURED_CPU_FAULT,CPU;INTERVAL_FAULTS,NA,NA,NA,NA,NA,NA,NA,NA,NA,NA,NA,NA,NA,NA,NA,NA,NA,NA,NA,NA,NA,NA,NA,TARGET_GONE,identity no longer active
2026-10-02T16:04:21Z,APP_21637_3022645,21637,3022645,24,2122,200.897,0,0,-1,-1,0,0.999931461,NA,NA,70.000000000,MEASURED_CPU_FAULT,CPU;INTERVAL_FAULTS,NA,NA,NA,NA,NA,NA,NA,NA,NA,NA,NA,NA,NA,NA,NA,NA,NA,NA,NA,NA,NA,NA,NA,TARGET_GONE,identity no longer active
2026-10-02T16:04:22Z,APP_21637_3022645,21637,3022645,24,2123,198.568,0,0,-1,-1,0,0.999931461,NA,NA,70.000000000,MEASURED_CPU_FAULT,CPU;INTERVAL_FAULTS,NA,NA,NA,NA,NA,NA,NA,NA,NA,NA,NA,NA,NA,NA,NA,NA,NA,NA,NA,NA,NA,NA,NA,TARGET_GONE,identity no longer active
2026-10-02T16:04:22Z,APP_21637_3022645,21637,3022645,24,2124,201.198,0,0,-1,-1,0,0.999931461,NA,NA,70.000000000,MEASURED_CPU_FAULT,CPU;INTERVAL_FAULTS,NA,NA,NA,NA,NA,NA,NA,NA,NA,NA,NA,NA,NA,NA,NA,NA,NA,NA,NA,NA,NA,NA,NA,TARGET_GONE,identity no longer active
2026-10-02T16:04:22Z,APP_21637_3022645,21637,3022645,24,2125,203.376,0,0,-1,-1,0,0.999931461,NA,NA,70.000000000,MEASURED_CPU_FAULT,CPU;INTERVAL_FAULTS,NA,NA,NA,NA,NA,NA,NA,NA,NA,NA,NA,NA,NA,NA,NA,NA,NA,NA,NA,NA,NA,NA,NA,TARGET_GONE,identity no longer active
2026-10-02T16:04:22Z,APP_21637_3022645,21637,3022645,24,2126,201.198,0,0,-1,-1,0,0.999931461,NA,NA,70.000000000,MEASURED_CPU_FAULT,CPU;INTERVAL_FAULTS,NA,NA,NA,NA,NA,NA,NA,NA,NA,NA,NA,NA,NA,NA,NA,NA,NA,NA,NA,NA,NA,NA,NA,TARGET_GONE,identity no longer active
2026-10-02T16:04:22Z,APP_21637_3022645,21637,3022645,24,2127,197.413,0,0,-1,-1,0,0.999931461,NA,NA,70.000000000,MEASURED_CPU_FAULT,CPU;INTERVAL_FAULTS,NA,NA,NA,NA,NA,NA,NA,NA,NA,NA,NA,NA,NA,NA,NA,NA,NA,NA,NA,NA,NA,NA,NA,TARGET_GONE,identity no longer active
2026-10-02T16:04:22Z,APP_21637_3022645,21637,3022645,24,2128,201.499,0,0,-1,-1,0,0.999931461,NA,NA,70.000000000,MEASURED_CPU_FAULT,CPU;INTERVAL_FAULTS,NA,NA,NA,NA,NA,NA,NA,NA,NA,NA,NA,NA,NA,NA,NA,NA,NA,NA,NA,NA,NA,NA,NA,TARGET_GONE,identity no longer active
2026-10-02T16:04:22Z,APP_21637_3022645,21637,3022645,24,2129,200.805,0,0,-1,-1,0,0.999931461,NA,NA,70.000000000,MEASURED_CPU_FAULT,CPU;INTERVAL_FAULTS,NA,NA,NA,NA,NA,NA,NA,NA,NA,NA,NA,NA,NA,NA,NA,NA,NA,NA,NA,NA,NA,NA,NA,TARGET_GONE,identity no longer active
2026-10-02T16:04:22Z,APP_21637_3022645,21637,3022645,24,2130,192.192,0,0,-1,-1,0,0.999931461,NA,NA,70.000000000,MEASURED_CPU_FAULT,CPU;INTERVAL_FAULTS,NA,NA,NA,NA,NA,NA,NA,NA,NA,NA,NA,NA,NA,NA,NA,NA,NA,NA,NA,NA,NA,NA,NA,TARGET_GONE,identity no longer active
2026-10-02T16:04:22Z,APP_21637_3022645,21637,3022645,24,2131,201.499,0,0,-1,-1,0,0.999931461,NA,NA,70.000000000,MEASURED_CPU_FAULT,CPU;INTERVAL_FAULTS,NA,NA,NA,NA,NA,NA,NA,NA,NA,NA,NA,NA,NA,NA,NA,NA,NA,NA,NA,NA,NA,NA,NA,TARGET_GONE,identity no longer active
2026-10-02T16:04:23Z,APP_21637_3022645,21637,3022645,24,2132,206.205,0,0,-1,-1,0,0.999931461,NA,NA,70.000000000,MEASURED_CPU_FAULT,CPU;INTERVAL_FAULTS,NA,NA,NA,NA,NA,NA,NA,NA,NA,NA,NA,NA,NA,NA,NA,NA,NA,NA,NA,NA,NA,NA,NA,TARGET_GONE,identity no longer active
2026-10-02T16:04:23Z,APP_21637_3022645,21637,3022645,24,2133,192.192,0,0,-1,-1,0,0.999931461,NA,NA,70.000000000,MEASURED_CPU_FAULT,CPU;INTERVAL_FAULTS,NA,NA,NA,NA,NA,NA,NA,NA,NA,NA,NA,NA,NA,NA,NA,NA,NA,NA,NA,NA,NA,NA,NA,TARGET_GONE,identity no longer active
2026-10-02T16:04:23Z,APP_21637_3022645,21637,3022645,24,2134,203.175,0,0,-1,-1,0,0.999931461,NA,NA,70.000000000,MEASURED_CPU_FAULT,CPU;INTERVAL_FAULTS,NA,NA,NA,NA,NA,NA,NA,NA,NA,NA,NA,NA,NA,NA,NA,NA,NA,NA,NA,NA,NA,NA,NA,TARGET_GONE,identity no longer active
2026-10-02T16:04:23Z,APP_21637_3022645,21637,3022645,24,2135,192.481,0,0,-1,-1,0,0.999931461,NA,NA,70.000000000,MEASURED_CPU_FAULT,CPU;INTERVAL_FAULTS,NA,NA,NA,NA,NA,NA,NA,NA,NA,NA,NA,NA,NA,NA,NA,NA,NA,NA,NA,NA,NA,NA,NA,TARGET_GONE,identity no longer active
2026-10-02T16:04:23Z,APP_21637_3022645,21637,3022645,24,2136,203.781,0,0,-1,-1,0,0.999931461,NA,NA,70.000000000,MEASURED_CPU_FAULT,CPU;INTERVAL_FAULTS,NA,NA,NA,NA,NA,NA,NA,NA,NA,NA,NA,NA,NA,NA,NA,NA,NA,NA,NA,NA,NA,NA,NA,TARGET_GONE,identity no longer active
2026-10-02T16:04:23Z,APP_21637_3022645,21637,3022645,24,2137,191.904,0,0,-1,-1,0,0.999931461,NA,NA,70.000000000,MEASURED_CPU_FAULT,CPU;INTERVAL_FAULTS,NA,NA,NA,NA,NA,NA,NA,NA,NA,NA,NA,NA,NA,NA,NA,NA,NA,NA,NA,NA,NA,NA,NA,TARGET_GONE,identity no longer active
2026-10-02T16:04:23Z,APP_21637_3022645,21637,3022645,24,2138,202.157,0,0,-1,-1,0,0.999931461,NA,NA,70.000000000,MEASURED_CPU_FAULT,CPU;INTERVAL_FAULTS,NA,NA,NA,NA,NA,NA,NA,NA,NA,NA,NA,NA,NA,NA,NA,NA,NA,NA,NA,NA,NA,NA,NA,TARGET_GONE,identity no longer active
2026-10-02T16:04:23Z,APP_21637_3022645,21637,3022645,24,2139,211.411,0,0,-1,-1,0,0.999931461,NA,NA,70.000000000,MEASURED_CPU_FAULT,CPU;INTERVAL_FAULTS,NA,NA,NA,NA,NA,NA,NA,NA,NA,NA,NA,NA,NA,NA,NA,NA,NA,NA,NA,NA,NA,NA,NA,TARGET_GONE,identity no longer active
2026-10-02T16:04:24Z,APP_21637_3022645,21637,3022645,24,2140,191.904,0,0,-1,-1,0,0.999931461,NA,NA,70.000000000,MEASURED_CPU_FAULT,CPU;INTERVAL_FAULTS,NA,NA,NA,NA,NA,NA,NA,NA,NA,NA,NA,NA,NA,NA,NA,NA,NA,NA,NA,NA,NA,NA,NA,TARGET_GONE,identity no longer active
2026-10-02T16:04:24Z,APP_21637_3022645,21637,3022645,24,2141,205.470,0,0,-1,-1,0,0.999931461,NA,NA,70.000000000,MEASURED_CPU_FAULT,CPU;INTERVAL_FAULTS,NA,NA,NA,NA,NA,NA,NA,NA,NA,NA,NA,NA,NA,NA,NA,NA,NA,NA,NA,NA,NA,NA,NA,TARGET_GONE,identity no longer active
2026-10-02T16:04:24Z,APP_21637_3022645,21637,3022645,24,2142,201.802,0,0,-1,-1,0,0.999931461,NA,NA,70.000000000,MEASURED_CPU_FAULT,CPU;INTERVAL_FAULTS,NA,NA,NA,NA,NA,NA,NA,NA,NA,NA,NA,NA,NA,NA,NA,NA,NA,NA,NA,NA,NA,NA,NA,TARGET_GONE,identity no longer active
2026-10-02T16:04:24Z,APP_21637_3022645,21637,3022645,24,2143,197.217,0,0,-1,-1,0,0.999931461,NA,NA,70.000000000,MEASURED_CPU_FAULT,CPU;INTERVAL_FAULTS,NA,NA,NA,NA,NA,NA,NA,NA,NA,NA,NA,NA,NA,NA,NA,NA,NA,NA,NA,NA,NA,NA,NA,TARGET_GONE,identity no longer active
2026-10-02T16:04:24Z,APP_21637_3022645,21637,3022645,24,2144,201.499,0,0,-1,-1,0,0.999931461,NA,NA,70.000000000,MEASURED_CPU_FAULT,CPU;INTERVAL_FAULTS,NA,NA,NA,NA,NA,NA,NA,NA,NA,NA,NA,NA,NA,NA,NA,NA,NA,NA,NA,NA,NA,NA,NA,TARGET_GONE,identity no longer active
2026-10-02T16:04:24Z,APP_21637_3022645,21637,3022645,24,2145,203.376,0,0,-1,-1,0,0.999931461,NA,NA,70.000000000,MEASURED_CPU_FAULT,CPU;INTERVAL_FAULTS,NA,NA,NA,NA,NA,NA,NA,NA,NA,NA,NA,NA,NA,NA,NA,NA,NA,NA,NA,NA,NA,NA,NA,TARGET_GONE,identity no longer active
2026-10-02T16:04:24Z,APP_21637_3022645,21637,3022645,24,2146,191.904,0,0,-1,-1,0,0.999931461,NA,NA,70.000000000,MEASURED_CPU_FAULT,CPU;INTERVAL_FAULTS,NA,NA,NA,NA,NA,NA,NA,NA,NA,NA,NA,NA,NA,NA,NA,NA,NA,NA,NA,NA,NA,NA,NA,TARGET_GONE,identity no longer active
2026-10-02T16:04:25Z,APP_21637_3022645,21637,3022645,24,2147,200.149,0,0,-1,-1,0,0.999931461,NA,NA,70.000000000,MEASURED_CPU_FAULT,CPU;INTERVAL_FAULTS,NA,NA,NA,NA,NA,NA,NA,NA,NA,NA,NA,NA,NA,NA,NA,NA,NA,NA,NA,NA,NA,NA,NA,TARGET_GONE,identity no longer active
2026-10-02T16:04:25Z,APP_21637_3022645,21637,3022645,24,2148,191.617,0,0,-1,-1,0,0.999931461,NA,NA,70.000000000,MEASURED_CPU_FAULT,CPU;INTERVAL_FAULTS,NA,NA,NA,NA,NA,NA,NA,NA,NA,NA,NA,NA,NA,NA,NA,NA,NA,NA,NA,NA,NA,NA,NA,TARGET_GONE,identity no longer active
2026-10-02T16:04:25Z,APP_21637_3022645,21637,3022645,24,2149,201.499,0,0,-1,-1,0,0.999931461,NA,NA,70.000000000,MEASURED_CPU_FAULT,CPU;INTERVAL_FAULTS,NA,NA,NA,NA,NA,NA,NA,NA,NA,NA,NA,NA,NA,NA,NA,NA,NA,NA,NA,NA,NA,NA,NA,TARGET_GONE,identity no longer active
2026-10-02T16:04:25Z,APP_21637_3022645,21637,3022645,24,2150,206.205,0,0,-1,-1,0,0.999931461,NA,NA,70.000000000,MEASURED_CPU_FAULT,CPU;INTERVAL_FAULTS,NA,NA,NA,NA,NA,NA,NA,NA,NA,NA,NA,NA,NA,NA,NA,NA,NA,NA,NA,NA,NA,NA,NA,TARGET_GONE,identity no longer active
2026-10-02T16:04:25Z,APP_21637_3022645,21637,3022645,24,2151,191.904,0,0,-1,-1,0,0.999931461,NA,NA,70.000000000,MEASURED_CPU_FAULT,CPU;INTERVAL_FAULTS,NA,NA,NA,NA,NA,NA,NA,NA,NA,NA,NA,NA,NA,NA,NA,NA,NA,NA,NA,NA,NA,NA,NA,TARGET_GONE,identity no longer active
2026-10-02T16:04:25Z,APP_21637_3022645,21637,3022645,24,2152,203.984,0,0,-1,-1,0,0.999931461,NA,NA,70.000000000,MEASURED_CPU_FAULT,CPU;INTERVAL_FAULTS,NA,NA,NA,NA,NA,NA,NA,NA,NA,NA,NA,NA,NA,NA,NA,NA,NA,NA,NA,NA,NA,NA,NA,TARGET_GONE,identity no longer active
2026-10-02T16:04:25Z,APP_21637_3022645,21637,3022645,24,2153,191.904,0,0,-1,-1,0,0.999931461,NA,NA,70.000000000,MEASURED_CPU_FAULT,CPU;INTERVAL_FAULTS,NA,NA,NA,NA,NA,NA,NA,NA,NA,NA,NA,NA,NA,NA,NA,NA,NA,NA,NA,NA,NA,NA,NA,TARGET_GONE,identity no longer active
2026-10-02T16:04:25Z,APP_21637_3022645,21637,3022645,24,2154,203.376,0,0,-1,-1,0,0.999931461,NA,NA,70.000000000,MEASURED_CPU_FAULT,CPU;INTERVAL_FAULTS,NA,NA,NA,NA,NA,NA,NA,NA,NA,NA,NA,NA,NA,NA,NA,NA,NA,NA,NA,NA,NA,NA,NA,TARGET_GONE,identity no longer active
2026-10-02T16:04:25Z,APP_21637_3022645,21637,3022645,24,2155,201.802,0,0,-1,-1,0,0.999931461,NA,NA,70.000000000,MEASURED_CPU_FAULT,CPU;INTERVAL_FAULTS,NA,NA,NA,NA,NA,NA,NA,NA,NA,NA,NA,NA,NA,NA,NA,NA,NA,NA,NA,NA,NA,NA,NA,TARGET_GONE,identity no longer active
2026-10-02T16:04:26Z,APP_21637_3022645,21637,3022645,24,2156,197.531,0,0,-1,-1,0,0.999931461,NA,NA,70.000000000,MEASURED_CPU_FAULT,CPU;INTERVAL_FAULTS,NA,NA,NA,NA,NA,NA,NA,NA,NA,NA,NA,NA,NA,NA,NA,NA,NA,NA,NA,NA,NA,NA,NA,TARGET_GONE,identity no longer active
2026-10-02T16:04:26Z,APP_21637_3022645,21637,3022645,24,2157,210.778,0,0,-1,-1,0,0.999931461,NA,NA,70.000000000,MEASURED_CPU_FAULT,CPU;INTERVAL_FAULTS,NA,NA,NA,NA,NA,NA,NA,NA,NA,NA,NA,NA,NA,NA,NA,NA,NA,NA,NA,NA,NA,NA,NA,TARGET_GONE,identity no longer active
2026-10-02T16:04:26Z,APP_21637_3022645,21637,3022645,24,2158,201.499,0,0,-1,-1,0,0.999931461,NA,NA,70.000000000,MEASURED_CPU_FAULT,CPU;INTERVAL_FAULTS,NA,NA,NA,NA,NA,NA,NA,NA,NA,NA,NA,NA,NA,NA,NA,NA,NA,NA,NA,NA,NA,NA,NA,TARGET_GONE,identity no longer active
2026-10-02T16:04:26Z,APP_21637_3022645,21637,3022645,24,2159,198.568,0,0,-1,-1,0,0.999931461,NA,NA,70.000000000,MEASURED_CPU_FAULT,CPU;INTERVAL_FAULTS,NA,NA,NA,NA,NA,NA,NA,NA,NA,NA,NA,NA,NA,NA,NA,NA,NA,NA,NA,NA,NA,NA,NA,TARGET_GONE,identity no longer active
2026-10-02T16:04:26Z,APP_21637_3022645,21637,3022645,24,2160,201.198,0,0,-1,-1,0,0.999931461,NA,NA,70.000000000,MEASURED_CPU_FAULT,CPU;INTERVAL_FAULTS,NA,NA,NA,NA,NA,NA,NA,NA,NA,NA,NA,NA,NA,NA,NA,NA,NA,NA,NA,NA,NA,NA,NA,TARGET_GONE,identity no longer active
2026-10-02T16:04:26Z,APP_21637_3022645,21637,3022645,24,2161,203.376,0,0,-1,-1,0,0.999931461,NA,NA,70.000000000,MEASURED_CPU_FAULT,CPU;INTERVAL_FAULTS,NA,NA,NA,NA,NA,NA,NA,NA,NA,NA,NA,NA,NA,NA,NA,NA,NA,NA,NA,NA,NA,NA,NA,TARGET_GONE,identity no longer active
2026-10-02T16:04:26Z,APP_21637_3022645,21637,3022645,24,2162,191.904,0,0,-1,-1,0,0.999931461,NA,NA,70.000000000,MEASURED_CPU_FAULT,CPU;INTERVAL_FAULTS,NA,NA,NA,NA,NA,NA,NA,NA,NA,NA,NA,NA,NA,NA,NA,NA,NA,NA,NA,NA,NA,NA,NA,TARGET_GONE,identity no longer active
2026-10-02T16:04:26Z,APP_21637_3022645,21637,3022645,24,2163,203.781,0,0,-1,-1,0,0.999931461,NA,NA,70.000000000,MEASURED_CPU_FAULT,CPU;INTERVAL_FAULTS,NA,NA,NA,NA,NA,NA,NA,NA,NA,NA,NA,NA,NA,NA,NA,NA,NA,NA,NA,NA,NA,NA,NA,TARGET_GONE,identity no longer active
2026-10-02T16:04:27Z,APP_21637_3022645,21637,3022645,24,2164,191.617,0,0,-1,-1,0,0.999931461,NA,NA,70.000000000,MEASURED_CPU_FAULT,CPU;INTERVAL_FAULTS,NA,NA,NA,NA,NA,NA,NA,NA,NA,NA,NA,NA,NA,NA,NA,NA,NA,NA,NA,NA,NA,NA,NA,TARGET_GONE,identity no longer active
2026-10-02T16:04:27Z,APP_21637_3022645,21637,3022645,24,2165,201.575,0,0,-1,-1,0,0.999931461,NA,NA,70.000000000,MEASURED_CPU_FAULT,CPU;INTERVAL_FAULTS,NA,NA,NA,NA,NA,NA,NA,NA,NA,NA,NA,NA,NA,NA,NA,NA,NA,NA,NA,NA,NA,NA,NA,TARGET_GONE,identity no longer active
2026-10-02T16:04:27Z,APP_21637_3022645,21637,3022645,24,2166,211.411,0,0,-1,-1,0,0.999931461,NA,NA,70.000000000,MEASURED_CPU_FAULT,CPU;INTERVAL_FAULTS,NA,NA,NA,NA,NA,NA,NA,NA,NA,NA,NA,NA,NA,NA,NA,NA,NA,NA,NA,NA,NA,NA,NA,TARGET_GONE,identity no longer active
2026-10-02T16:04:27Z,APP_21637_3022645,21637,3022645,24,2167,201.802,0,0,-1,-1,0,0.999931461,NA,NA,70.000000000,MEASURED_CPU_FAULT,CPU;INTERVAL_FAULTS,NA,NA,NA,NA,NA,NA,NA,NA,NA,NA,NA,NA,NA,NA,NA,NA,NA,NA,NA,NA,NA,NA,NA,TARGET_GONE,identity no longer active
2026-10-02T16:04:27Z,APP_21637_3022645,21637,3022645,24,2168,198.095,0,0,-1,-1,0,0.999931461,NA,NA,70.000000000,MEASURED_CPU_FAULT,CPU;INTERVAL_FAULTS,NA,NA,NA,NA,NA,NA,NA,NA,NA,NA,NA,NA,NA,NA,NA,NA,NA,NA,NA,NA,NA,NA,NA,TARGET_GONE,identity no longer active
2026-10-02T16:04:27Z,APP_21637_3022645,21637,3022645,24,2169,201.802,0,0,-1,-1,0,0.999931461,NA,NA,70.000000000,MEASURED_CPU_FAULT,CPU;INTERVAL_FAULTS,NA,NA,NA,NA,NA,NA,NA,NA,NA,NA,NA,NA,NA,NA,NA,NA,NA,NA,NA,NA,NA,NA,NA,TARGET_GONE,identity no longer active
2026-10-02T16:04:27Z,APP_21637_3022645,21637,3022645,24,2170,197.413,0,0,-1,-1,0,0.999931461,NA,NA,70.000000000,MEASURED_CPU_FAULT,CPU;INTERVAL_FAULTS,NA,NA,NA,NA,NA,NA,NA,NA,NA,NA,NA,NA,NA,NA,NA,NA,NA,NA,NA,NA,NA,NA,NA,TARGET_GONE,identity no longer active
2026-10-02T16:04:27Z,APP_21637_3022645,21637,3022645,24,2171,201.499,0,0,-1,-1,0,0.999931461,NA,NA,70.000000000,MEASURED_CPU_FAULT,CPU;INTERVAL_FAULTS,NA,NA,NA,NA,NA,NA,NA,NA,NA,NA,NA,NA,NA,NA,NA,NA,NA,NA,NA,NA,NA,NA,NA,TARGET_GONE,identity no longer active
2026-10-02T16:04:28Z,APP_21637_3022645,21637,3022645,24,2172,198.066,0,0,-1,-1,0,0.999931461,NA,NA,70.000000000,MEASURED_CPU_FAULT,CPU;INTERVAL_FAULTS,NA,NA,NA,NA,NA,NA,NA,NA,NA,NA,NA,NA,NA,NA,NA,NA,NA,NA,NA,NA,NA,NA,NA,TARGET_GONE,identity no longer active
2026-10-02T16:04:28Z,APP_21637_3022645,21637,3022645,24,2173,201.198,0,0,-1,-1,0,0.999931461,NA,NA,70.000000000,MEASURED_CPU_FAULT,CPU;INTERVAL_FAULTS,NA,NA,NA,NA,NA,NA,NA,NA,NA,NA,NA,NA,NA,NA,NA,NA,NA,NA,NA,NA,NA,NA,NA,TARGET_GONE,identity no longer active
2026-10-02T16:04:28Z,APP_21637_3022645,21637,3022645,24,2174,198.621,0,0,-1,-1,0,0.999931461,NA,NA,70.000000000,MEASURED_CPU_FAULT,CPU;INTERVAL_FAULTS,NA,NA,NA,NA,NA,NA,NA,NA,NA,NA,NA,NA,NA,NA,NA,NA,NA,NA,NA,NA,NA,NA,NA,TARGET_GONE,identity no longer active
2026-10-02T16:04:28Z,APP_21637_3022645,21637,3022645,24,2175,211.411,0,0,-1,-1,0,0.999931461,NA,NA,70.000000000,MEASURED_CPU_FAULT,CPU;INTERVAL_FAULTS,NA,NA,NA,NA,NA,NA,NA,NA,NA,NA,NA,NA,NA,NA,NA,NA,NA,NA,NA,NA,NA,NA,NA,TARGET_GONE,identity no longer active
2026-10-02T16:04:28Z,APP_21637_3022645,21637,3022645,24,2176,201.499,0,0,-1,-1,0,0.999931461,NA,NA,70.000000000,MEASURED_CPU_FAULT,CPU;INTERVAL_FAULTS,NA,NA,NA,NA,NA,NA,NA,NA,NA,NA,NA,NA,NA,NA,NA,NA,NA,NA,NA,NA,NA,NA,NA,TARGET_GONE,identity no longer active
2026-10-02T16:04:28Z,APP_21637_3022645,21637,3022645,24,2177,198.331,0,0,-1,-1,0,0.999931461,NA,NA,70.000000000,MEASURED_CPU_FAULT,CPU;INTERVAL_FAULTS,NA,NA,NA,NA,NA,NA,NA,NA,NA,NA,NA,NA,NA,NA,NA,NA,NA,NA,NA,NA,NA,NA,NA,TARGET_GONE,identity no longer active
2026-10-02T16:04:28Z,APP_21637_3022645,21637,3022645,24,2178,201.198,0,0,-1,-1,0,0.999931461,NA,NA,70.000000000,MEASURED_CPU_FAULT,CPU;INTERVAL_FAULTS,NA,NA,NA,NA,NA,NA,NA,NA,NA,NA,NA,NA,NA,NA,NA,NA,NA,NA,NA,NA,NA,NA,NA,TARGET_GONE,identity no longer active
2026-10-02T16:04:28Z,APP_21637_3022645,21637,3022645,24,2179,197.610,0,0,-1,-1,0,0.999931461,NA,NA,70.000000000,MEASURED_CPU_FAULT,CPU;INTERVAL_FAULTS,NA,NA,NA,NA,NA,NA,NA,NA,NA,NA,NA,NA,NA,NA,NA,NA,NA,NA,NA,NA,NA,NA,NA,TARGET_GONE,identity no longer active
2026-10-02T16:04:29Z,APP_21637_3022645,21637,3022645,24,2180,201.499,0,0,-1,-1,0,0.999931461,NA,NA,70.000000000,MEASURED_CPU_FAULT,CPU;INTERVAL_FAULTS,NA,NA,NA,NA,NA,NA,NA,NA,NA,NA,NA,NA,NA,NA,NA,NA,NA,NA,NA,NA,NA,NA,NA,TARGET_GONE,identity no longer active
2026-10-02T16:04:29Z,APP_21637_3022645,21637,3022645,24,2181,197.413,0,0,-1,-1,0,0.999931461,NA,NA,70.000000000,MEASURED_CPU_FAULT,CPU;INTERVAL_FAULTS,NA,NA,NA,NA,NA,NA,NA,NA,NA,NA,NA,NA,NA,NA,NA,NA,NA,NA,NA,NA,NA,NA,NA,TARGET_GONE,identity no longer active
2026-10-02T16:04:29Z,APP_21637_3022645,21637,3022645,24,2182,211.094,0,0,-1,-1,0,0.999931461,NA,NA,70.000000000,MEASURED_CPU_FAULT,CPU;INTERVAL_FAULTS,NA,NA,NA,NA,NA,NA,NA,NA,NA,NA,NA,NA,NA,NA,NA,NA,NA,NA,NA,NA,NA,NA,NA,TARGET_GONE,identity no longer active
2026-10-02T16:04:29Z,APP_21637_3022645,21637,3022645,24,2183,196.587,0,0,-1,-1,0,0.999931461,NA,NA,70.000000000,MEASURED_CPU_FAULT,CPU;INTERVAL_FAULTS,NA,NA,NA,NA,NA,NA,NA,NA,NA,NA,NA,NA,NA,NA,NA,NA,NA,NA,NA,NA,NA,NA,NA,TARGET_GONE,identity no longer active
2026-10-02T16:04:29Z,APP_21637_3022645,21637,3022645,24,2184,210.778,0,0,-1,-1,0,0.999931461,NA,NA,70.000000000,MEASURED_CPU_FAULT,CPU;INTERVAL_FAULTS,NA,NA,NA,NA,NA,NA,NA,NA,NA,NA,NA,NA,NA,NA,NA,NA,NA,NA,NA,NA,NA,NA,NA,TARGET_GONE,identity no longer active
2026-10-02T16:04:29Z,APP_21637_3022645,21637,3022645,24,2185,192.192,0,0,-1,-1,0,0.999931461,NA,NA,70.000000000,MEASURED_CPU_FAULT,CPU;INTERVAL_FAULTS,NA,NA,NA,NA,NA,NA,NA,NA,NA,NA,NA,NA,NA,NA,NA,NA,NA,NA,NA,NA,NA,NA,NA,TARGET_GONE,identity no longer active
2026-10-02T16:04:29Z,APP_21637_3022645,21637,3022645,24,2186,205.959,0,0,-1,-1,0,0.999931461,NA,NA,70.000000000,MEASURED_CPU_FAULT,CPU;INTERVAL_FAULTS,NA,NA,NA,NA,NA,NA,NA,NA,NA,NA,NA,NA,NA,NA,NA,NA,NA,NA,NA,NA,NA,NA,NA,TARGET_GONE,identity no longer active
2026-10-02T16:04:29Z,APP_21637_3022645,21637,3022645,24,2187,201.198,0,0,-1,-1,0,0.999931461,NA,NA,70.000000000,MEASURED_CPU_FAULT,CPU;INTERVAL_FAULTS,NA,NA,NA,NA,NA,NA,NA,NA,NA,NA,NA,NA,NA,NA,NA,NA,NA,NA,NA,NA,NA,NA,NA,TARGET_GONE,identity no longer active
2026-10-02T16:04:30Z,APP_21637_3022645,21637,3022645,24,2188,197.610,0,0,-1,-1,0,0.999931461,NA,NA,70.000000000,MEASURED_CPU_FAULT,CPU;INTERVAL_FAULTS,NA,NA,NA,NA,NA,NA,NA,NA,NA,NA,NA,NA,NA,NA,NA,NA,NA,NA,NA,NA,NA,NA,NA,TARGET_GONE,identity no longer active
2026-10-02T16:04:30Z,APP_21637_3022645,21637,3022645,24,2189,201.802,0,0,-1,-1,0,0.999931461,NA,NA,70.000000000,MEASURED_CPU_FAULT,CPU;INTERVAL_FAULTS,NA,NA,NA,NA,NA,NA,NA,NA,NA,NA,NA,NA,NA,NA,NA,NA,NA,NA,NA,NA,NA,NA,NA,TARGET_GONE,identity no longer active
2026-10-02T16:04:30Z,APP_21637_3022645,21637,3022645,24,2190,197.217,0,0,-1,-1,0,0.999931461,NA,NA,70.000000000,MEASURED_CPU_FAULT,CPU;INTERVAL_FAULTS,NA,NA,NA,NA,NA,NA,NA,NA,NA,NA,NA,NA,NA,NA,NA,NA,NA,NA,NA,NA,NA,NA,NA,TARGET_GONE,identity no longer active
2026-10-02T16:04:30Z,APP_21637_3022645,21637,3022645,24,2191,201.802,0,0,-1,-1,0,0.999931461,NA,NA,70.000000000,MEASURED_CPU_FAULT,CPU;INTERVAL_FAULTS,NA,NA,NA,NA,NA,NA,NA,NA,NA,NA,NA,NA,NA,NA,NA,NA,NA,NA,NA,NA,NA,NA,NA,TARGET_GONE,identity no longer active
2026-10-02T16:04:30Z,APP_21637_3022645,21637,3022645,24,2192,200.801,0,0,-1,-1,0,0.999931461,NA,NA,70.000000000,MEASURED_CPU_FAULT,CPU;INTERVAL_FAULTS,NA,NA,NA,NA,NA,NA,NA,NA,NA,NA,NA,NA,NA,NA,NA,NA,NA,NA,NA,NA,NA,NA,NA,TARGET_GONE,identity no longer active
2026-10-02T16:04:30Z,APP_21637_3022645,21637,3022645,24,2193,191.045,0,0,-1,-1,0,0.999931461,NA,NA,70.000000000,MEASURED_CPU_FAULT,CPU;INTERVAL_FAULTS,NA,NA,NA,NA,NA,NA,NA,NA,NA,NA,NA,NA,NA,NA,NA,NA,NA,NA,NA,NA,NA,NA,NA,TARGET_GONE,identity no longer active
2026-10-02T16:04:30Z,APP_21637_3022645,21637,3022645,24,2194,201.499,0,0,-1,-1,0,0.999931461,NA,NA,70.000000000,MEASURED_CPU_FAULT,CPU;INTERVAL_FAULTS,NA,NA,NA,NA,NA,NA,NA,NA,NA,NA,NA,NA,NA,NA,NA,NA,NA,NA,NA,NA,NA,NA,NA,TARGET_GONE,identity no longer active
2026-10-02T16:04:30Z,APP_21637_3022645,21637,3022645,24,2195,198.331,0,0,-1,-1,0,0.999931461,NA,NA,70.000000000,MEASURED_CPU_FAULT,CPU;INTERVAL_FAULTS,NA,NA,NA,NA,NA,NA,NA,NA,NA,NA,NA,NA,NA,NA,NA,NA,NA,NA,NA,NA,NA,NA,NA,TARGET_GONE,identity no longer active
2026-10-02T16:04:31Z,APP_21637_3022645,21637,3022645,24,2196,201.198,0,0,-1,-1,0,0.999931461,NA,NA,70.000000000,MEASURED_CPU_FAULT,CPU;INTERVAL_FAULTS,NA,NA,NA,NA,NA,NA,NA,NA,NA,NA,NA,NA,NA,NA,NA,NA,NA,NA,NA,NA,NA,NA,NA,TARGET_GONE,identity no longer active
2026-10-02T16:04:31Z,APP_21637_3022645,21637,3022645,24,2197,197.413,0,0,-1,-1,0,0.999931461,NA,NA,70.000000000,MEASURED_CPU_FAULT,CPU;INTERVAL_FAULTS,NA,NA,NA,NA,NA,NA,NA,NA,NA,NA,NA,NA,NA,NA,NA,NA,NA,NA,NA,NA,NA,NA,NA,TARGET_GONE,identity no longer active
2026-10-02T16:04:31Z,APP_21637_3022645,21637,3022645,24,2198,201.499,0,0,-1,-1,0,0.999931461,NA,NA,70.000000000,MEASURED_CPU_FAULT,CPU;INTERVAL_FAULTS,NA,NA,NA,NA,NA,NA,NA,NA,NA,NA,NA,NA,NA,NA,NA,NA,NA,NA,NA,NA,NA,NA,NA,TARGET_GONE,identity no longer active
2026-10-02T16:04:31Z,APP_21637_3022645,21637,3022645,24,2199,197.610,0,0,-1,-1,0,0.999931461,NA,NA,70.000000000,MEASURED_CPU_FAULT,CPU;INTERVAL_FAULTS,NA,NA,NA,NA,NA,NA,NA,NA,NA,NA,NA,NA,NA,NA,NA,NA,NA,NA,NA,NA,NA,NA,NA,TARGET_GONE,identity no longer active
2026-10-02T16:04:31Z,APP_21637_3022645,21637,3022645,24,2200,211.094,0,0,-1,-1,0,0.999931461,NA,NA,70.000000000,MEASURED_CPU_FAULT,CPU;INTERVAL_FAULTS,NA,NA,NA,NA,NA,NA,NA,NA,NA,NA,NA,NA,NA,NA,NA,NA,NA,NA,NA,NA,NA,NA,NA,TARGET_GONE,identity no longer active
2026-10-02T16:04:31Z,APP_21637_3022645,21637,3022645,24,2201,198.706,0,0,-1,-1,0,0.999931461,NA,NA,70.000000000,MEASURED_CPU_FAULT,CPU;INTERVAL_FAULTS,NA,NA,NA,NA,NA,NA,NA,NA,NA,NA,NA,NA,NA,NA,NA,NA,NA,NA,NA,NA,NA,NA,NA,TARGET_GONE,identity no longer active
2026-10-02T16:04:31Z,APP_21637_3022645,21637,3022645,24,2202,191.617,0,0,-1,-1,0,0.999931461,NA,NA,70.000000000,MEASURED_CPU_FAULT,CPU;INTERVAL_FAULTS,NA,NA,NA,NA,NA,NA,NA,NA,NA,NA,NA,NA,NA,NA,NA,NA,NA,NA,NA,NA,NA,NA,NA,TARGET_GONE,identity no longer active
2026-10-02T16:04:32Z,APP_21637_3022645,21637,3022645,24,2203,201.499,0,0,-1,-1,0,0.999931461,NA,NA,70.000000000,MEASURED_CPU_FAULT,CPU;INTERVAL_FAULTS,NA,NA,NA,NA,NA,NA,NA,NA,NA,NA,NA,NA,NA,NA,NA,NA,NA,NA,NA,NA,NA,NA,NA,TARGET_GONE,identity no longer active
2026-10-02T16:04:32Z,APP_21637_3022645,21637,3022645,24,2204,206.205,0,0,-1,-1,0,0.999931461,NA,NA,70.000000000,MEASURED_CPU_FAULT,CPU;INTERVAL_FAULTS,NA,NA,NA,NA,NA,NA,NA,NA,NA,NA,NA,NA,NA,NA,NA,NA,NA,NA,NA,NA,NA,NA,NA,TARGET_GONE,identity no longer active
2026-10-02T16:04:32Z,APP_21637_3022645,21637,3022645,24,2205,191.617,0,0,-1,-1,0,0.999931461,NA,NA,70.000000000,MEASURED_CPU_FAULT,CPU;INTERVAL_FAULTS,NA,NA,NA,NA,NA,NA,NA,NA,NA,NA,NA,NA,NA,NA,NA,NA,NA,NA,NA,NA,NA,NA,NA,TARGET_GONE,identity no longer active
2026-10-02T16:04:32Z,APP_21637_3022645,21637,3022645,24,2206,203.781,0,0,-1,-1,0,0.999931461,NA,NA,70.000000000,MEASURED_CPU_FAULT,CPU;INTERVAL_FAULTS,NA,NA,NA,NA,NA,NA,NA,NA,NA,NA,NA,NA,NA,NA,NA,NA,NA,NA,NA,NA,NA,NA,NA,TARGET_GONE,identity no longer active
2026-10-02T16:04:32Z,APP_21637_3022645,21637,3022645,24,2207,191.904,0,0,-1,-1,0,0.999931461,NA,NA,70.000000000,MEASURED_CPU_FAULT,CPU;INTERVAL_FAULTS,NA,NA,NA,NA,NA,NA,NA,NA,NA,NA,NA,NA,NA,NA,NA,NA,NA,NA,NA,NA,NA,NA,NA,TARGET_GONE,identity no longer active
2026-10-02T16:04:32Z,APP_21637_3022645,21637,3022645,24,2208,204.187,0,0,-1,-1,0,0.999931461,NA,NA,70.000000000,MEASURED_CPU_FAULT,CPU;INTERVAL_FAULTS,NA,NA,NA,NA,NA,NA,NA,NA,NA,NA,NA,NA,NA,NA,NA,NA,NA,NA,NA,NA,NA,NA,NA,TARGET_GONE,identity no longer active
2026-10-02T16:04:32Z,APP_21637_3022645,21637,3022645,24,2209,191.904,0,0,-1,-1,0,0.999931461,NA,NA,70.000000000,MEASURED_CPU_FAULT,CPU;INTERVAL_FAULTS,NA,NA,NA,NA,NA,NA,NA,NA,NA,NA,NA,NA,NA,NA,NA,NA,NA,NA,NA,NA,NA,NA,NA,TARGET_GONE,identity no longer active
2026-10-02T16:04:33Z,APP_21637_3022645,21637,3022645,24,2210,203.579,0,0,-1,-1,0,0.999931461,NA,NA,70.000000000,MEASURED_CPU_FAULT,CPU;INTERVAL_FAULTS,NA,NA,NA,NA,NA,NA,NA,NA,NA,NA,NA,NA,NA,NA,NA,NA,NA,NA,NA,NA,NA,NA,NA,TARGET_GONE,identity no longer active
2026-10-02T16:04:33Z,APP_21637_3022645,21637,3022645,24,2211,191.045,0,0,-1,-1,0,0.999931461,NA,NA,70.000000000,MEASURED_CPU_FAULT,CPU;INTERVAL_FAULTS,NA,NA,NA,NA,NA,NA,NA,NA,NA,NA,NA,NA,NA,NA,NA,NA,NA,NA,NA,NA,NA,NA,NA,TARGET_GONE,identity no longer active
2026-10-02T16:04:33Z,APP_21637_3022645,21637,3022645,24,2212,211.094,0,0,-1,-1,0,0.999931461,NA,NA,70.000000000,MEASURED_CPU_FAULT,CPU;INTERVAL_FAULTS,NA,NA,NA,NA,NA,NA,NA,NA,NA,NA,NA,NA,NA,NA,NA,NA,NA,NA,NA,NA,NA,NA,NA,TARGET_GONE,identity no longer active
2026-10-02T16:04:33Z,APP_21637_3022645,21637,3022645,24,2213,190.931,0,0,-1,-1,0,0.999931461,NA,NA,70.000000000,MEASURED_CPU_FAULT,CPU;INTERVAL_FAULTS,NA,NA,NA,NA,NA,NA,NA,NA,NA,NA,NA,NA,NA,NA,NA,NA,NA,NA,NA,NA,NA,NA,NA,TARGET_GONE,identity no longer active
2026-10-02T16:04:33Z,APP_21637_3022645,21637,3022645,24,2214,201.499,0,0,-1,-1,0,0.999931461,NA,NA,70.000000000,MEASURED_CPU_FAULT,CPU;INTERVAL_FAULTS,NA,NA,NA,NA,NA,NA,NA,NA,NA,NA,NA,NA,NA,NA,NA,NA,NA,NA,NA,NA,NA,NA,NA,TARGET_GONE,identity no longer active
2026-10-02T16:04:33Z,APP_21637_3022645,21637,3022645,24,2215,202.973,0,0,-1,-1,0,0.999931461,NA,NA,70.000000000,MEASURED_CPU_FAULT,CPU;INTERVAL_FAULTS,NA,NA,NA,NA,NA,NA,NA,NA,NA,NA,NA,NA,NA,NA,NA,NA,NA,NA,NA,NA,NA,NA,NA,TARGET_GONE,identity no longer active
2026-10-02T16:04:33Z,APP_21637_3022645,21637,3022645,24,2216,202.105,0,0,-1,-1,0,0.999931461,NA,NA,70.000000000,MEASURED_CPU_FAULT,CPU;INTERVAL_FAULTS,NA,NA,NA,NA,NA,NA,NA,NA,NA,NA,NA,NA,NA,NA,NA,NA,NA,NA,NA,NA,NA,NA,NA,TARGET_GONE,identity no longer active
2026-10-02T16:04:33Z,APP_21637_3022645,21637,3022645,24,2217,197.413,0,0,-1,-1,0,0.999931461,NA,NA,70.000000000,MEASURED_CPU_FAULT,CPU;INTERVAL_FAULTS,NA,NA,NA,NA,NA,NA,NA,NA,NA,NA,NA,NA,NA,NA,NA,NA,NA,NA,NA,NA,NA,NA,NA,TARGET_GONE,identity no longer active
2026-10-02T16:04:33Z,APP_21637_3022645,21637,3022645,24,2218,201.802,0,0,-1,-1,0,0.999931461,NA,NA,70.000000000,MEASURED_CPU_FAULT,CPU;INTERVAL_FAULTS,NA,NA,NA,NA,NA,NA,NA,NA,NA,NA,NA,NA,NA,NA,NA,NA,NA,NA,NA,NA,NA,NA,NA,TARGET_GONE,identity no longer active
2026-10-02T16:04:34Z,APP_21637_3022645,21637,3022645,24,2219,200.000,0,0,-1,-1,0,0.999931461,NA,NA,70.000000000,MEASURED_CPU_FAULT,CPU;INTERVAL_FAULTS,NA,NA,NA,NA,NA,NA,NA,NA,NA,NA,NA,NA,NA,NA,NA,NA,NA,NA,NA,NA,NA,NA,NA,TARGET_GONE,identity no longer active
2026-10-02T16:04:34Z,APP_21637_3022645,21637,3022645,24,2220,191.617,0,0,-1,-1,0,0.999931461,NA,NA,70.000000000,MEASURED_CPU_FAULT,CPU;INTERVAL_FAULTS,NA,NA,NA,NA,NA,NA,NA,NA,NA,NA,NA,NA,NA,NA,NA,NA,NA,NA,NA,NA,NA,NA,NA,TARGET_GONE,identity no longer active
2026-10-02T16:04:34Z,APP_21637_3022645,21637,3022645,24,2221,201.499,0,0,-1,-1,0,0.999931461,NA,NA,70.000000000,MEASURED_CPU_FAULT,CPU;INTERVAL_FAULTS,NA,NA,NA,NA,NA,NA,NA,NA,NA,NA,NA,NA,NA,NA,NA,NA,NA,NA,NA,NA,NA,NA,NA,TARGET_GONE,identity no longer active
2026-10-02T16:04:34Z,APP_21637_3022645,21637,3022645,24,2222,198.568,0,0,-1,-1,0,0.999931461,NA,NA,70.000000000,MEASURED_CPU_FAULT,CPU;INTERVAL_FAULTS,NA,NA,NA,NA,NA,NA,NA,NA,NA,NA,NA,NA,NA,NA,NA,NA,NA,NA,NA,NA,NA,NA,NA,TARGET_GONE,identity no longer active
2026-10-02T16:04:34Z,APP_21637_3022645,21637,3022645,24,2223,201.198,0,0,-1,-1,0,0.999931461,NA,NA,70.000000000,MEASURED_CPU_FAULT,CPU;INTERVAL_FAULTS,NA,NA,NA,NA,NA,NA,NA,NA,NA,NA,NA,NA,NA,NA,NA,NA,NA,NA,NA,NA,NA,NA,NA,TARGET_GONE,identity no longer active
2026-10-02T16:04:34Z,APP_21637_3022645,21637,3022645,24,2224,203.175,0,0,-1,-1,0,0.999931461,NA,NA,70.000000000,MEASURED_CPU_FAULT,CPU;INTERVAL_FAULTS,NA,NA,NA,NA,NA,NA,NA,NA,NA,NA,NA,NA,NA,NA,NA,NA,NA,NA,NA,NA,NA,NA,NA,TARGET_GONE,identity no longer active
2026-10-02T16:04:34Z,APP_21637_3022645,21637,3022645,24,2225,201.802,0,0,-1,-1,0,0.999931461,NA,NA,70.000000000,MEASURED_CPU_FAULT,CPU;INTERVAL_FAULTS,NA,NA,NA,NA,NA,NA,NA,NA,NA,NA,NA,NA,NA,NA,NA,NA,NA,NA,NA,NA,NA,NA,NA,TARGET_GONE,identity no longer active
2026-10-02T16:04:35Z,APP_21637_3022645,21637,3022645,24,2226,197.610,0,0,-1,-1,0,0.999931461,NA,NA,70.000000000,MEASURED_CPU_FAULT,CPU;INTERVAL_FAULTS,NA,NA,NA,NA,NA,NA,NA,NA,NA,NA,NA,NA,NA,NA,NA,NA,NA,NA,NA,NA,NA,NA,NA,TARGET_GONE,identity no longer active
2026-10-02T16:04:35Z,APP_21637_3022645,21637,3022645,24,2227,201.198,0,0,-1,-1,0,0.999931461,NA,NA,70.000000000,MEASURED_CPU_FAULT,CPU;INTERVAL_FAULTS,NA,NA,NA,NA,NA,NA,NA,NA,NA,NA,NA,NA,NA,NA,NA,NA,NA,NA,NA,NA,NA,NA,NA,TARGET_GONE,identity no longer active
2026-10-02T16:04:35Z,APP_21637_3022645,21637,3022645,24,2228,200.784,0,0,-1,-1,0,0.999931461,NA,NA,70.000000000,MEASURED_CPU_FAULT,CPU;INTERVAL_FAULTS,NA,NA,NA,NA,NA,NA,NA,NA,NA,NA,NA,NA,NA,NA,NA,NA,NA,NA,NA,NA,NA,NA,NA,TARGET_GONE,identity no longer active
2026-10-02T16:04:35Z,APP_21637_3022645,21637,3022645,24,2229,192.385,0,0,-1,-1,0,0.999931461,NA,NA,70.000000000,MEASURED_CPU_FAULT,CPU;INTERVAL_FAULTS,NA,NA,NA,NA,NA,NA,NA,NA,NA,NA,NA,NA,NA,NA,NA,NA,NA,NA,NA,NA,NA,NA,NA,TARGET_GONE,identity no longer active
2026-10-02T16:04:35Z,APP_21637_3022645,21637,3022645,24,2230,201.198,0,0,-1,-1,0,0.999931461,NA,NA,70.000000000,MEASURED_CPU_FAULT,CPU;INTERVAL_FAULTS,NA,NA,NA,NA,NA,NA,NA,NA,NA,NA,NA,NA,NA,NA,NA,NA,NA,NA,NA,NA,NA,NA,NA,TARGET_GONE,identity no longer active
2026-10-02T16:04:35Z,APP_21637_3022645,21637,3022645,24,2231,199.703,0,0,-1,-1,0,0.999931461,NA,NA,70.000000000,MEASURED_CPU_FAULT,CPU;INTERVAL_FAULTS,NA,NA,NA,NA,NA,NA,NA,NA,NA,NA,NA,NA,NA,NA,NA,NA,NA,NA,NA,NA,NA,NA,NA,TARGET_GONE,identity no longer active
2026-10-02T16:04:35Z,APP_21637_3022645,21637,3022645,24,2232,201.499,0,0,-1,-1,0,0.999931461,NA,NA,70.000000000,MEASURED_CPU_FAULT,CPU;INTERVAL_FAULTS,NA,NA,NA,NA,NA,NA,NA,NA,NA,NA,NA,NA,NA,NA,NA,NA,NA,NA,NA,NA,NA,NA,NA,TARGET_GONE,identity no longer active
2026-10-02T16:04:35Z,APP_21637_3022645,21637,3022645,24,2233,197.217,0,0,-1,-1,0,0.999931461,NA,NA,70.000000000,MEASURED_CPU_FAULT,CPU;INTERVAL_FAULTS,NA,NA,NA,NA,NA,NA,NA,NA,NA,NA,NA,NA,NA,NA,NA,NA,NA,NA,NA,NA,NA,NA,NA,TARGET_GONE,identity no longer active
2026-10-02T16:04:36Z,APP_21637_3022645,21637,3022645,24,2234,201.198,0,0,-1,-1,0,0.999931461,NA,NA,70.000000000,MEASURED_CPU_FAULT,CPU;INTERVAL_FAULTS,NA,NA,NA,NA,NA,NA,NA,NA,NA,NA,NA,NA,NA,NA,NA,NA,NA,NA,NA,NA,NA,NA,NA,TARGET_GONE,identity no longer active
2026-10-02T16:04:36Z,APP_21637_3022645,21637,3022645,24,2235,197.807,0,0,-1,-1,0,0.999931461,NA,NA,70.000000000,MEASURED_CPU_FAULT,CPU;INTERVAL_FAULTS,NA,NA,NA,NA,NA,NA,NA,NA,NA,NA,NA,NA,NA,NA,NA,NA,NA,NA,NA,NA,NA,NA,NA,TARGET_GONE,identity no longer active
2026-10-02T16:04:36Z,APP_21637_3022645,21637,3022645,24,2236,210.778,0,0,-1,-1,0,0.999931461,NA,NA,70.000000000,MEASURED_CPU_FAULT,CPU;INTERVAL_FAULTS,NA,NA,NA,NA,NA,NA,NA,NA,NA,NA,NA,NA,NA,NA,NA,NA,NA,NA,NA,NA,NA,NA,NA,TARGET_GONE,identity no longer active
2026-10-02T16:04:36Z,APP_21637_3022645,21637,3022645,24,2237,198.578,0,0,-1,-1,0,0.999931461,NA,NA,70.000000000,MEASURED_CPU_FAULT,CPU;INTERVAL_FAULTS,NA,NA,NA,NA,NA,NA,NA,NA,NA,NA,NA,NA,NA,NA,NA,NA,NA,NA,NA,NA,NA,NA,NA,TARGET_GONE,identity no longer active
2026-10-02T16:04:36Z,APP_21637_3022645,21637,3022645,24,2238,204.391,0,0,-1,-1,0,0.999931461,NA,NA,70.000000000,MEASURED_CPU_FAULT,CPU;INTERVAL_FAULTS,NA,NA,NA,NA,NA,NA,NA,NA,NA,NA,NA,NA,NA,NA,NA,NA,NA,NA,NA,NA,NA,NA,NA,TARGET_GONE,identity no longer active
2026-10-02T16:04:36Z,APP_21637_3022645,21637,3022645,24,2239,201.802,0,0,-1,-1,0,0.999931461,NA,NA,70.000000000,MEASURED_CPU_FAULT,CPU;INTERVAL_FAULTS,NA,NA,NA,NA,NA,NA,NA,NA,NA,NA,NA,NA,NA,NA,NA,NA,NA,NA,NA,NA,NA,NA,NA,TARGET_GONE,identity no longer active
2026-10-02T16:04:36Z,APP_21637_3022645,21637,3022645,24,2240,196.267,0,0,-1,-1,0,0.999931461,NA,NA,70.000000000,MEASURED_CPU_FAULT,CPU;INTERVAL_FAULTS,NA,NA,NA,NA,NA,NA,NA,NA,NA,NA,NA,NA,NA,NA,NA,NA,NA,NA,NA,NA,NA,NA,NA,TARGET_GONE,identity no longer active
2026-10-02T16:04:36Z,APP_21637_3022645,21637,3022645,24,2241,201.802,0,0,-1,-1,0,0.999931461,NA,NA,70.000000000,MEASURED_CPU_FAULT,CPU;INTERVAL_FAULTS,NA,NA,NA,NA,NA,NA,NA,NA,NA,NA,NA,NA,NA,NA,NA,NA,NA,NA,NA,NA,NA,NA,NA,TARGET_GONE,identity no longer active
2026-10-02T16:04:37Z,APP_21637_3022645,21637,3022645,24,2242,200.190,0,0,-1,-1,0,0.999931461,NA,NA,70.000000000,MEASURED_CPU_FAULT,CPU;INTERVAL_FAULTS,NA,NA,NA,NA,NA,NA,NA,NA,NA,NA,NA,NA,NA,NA,NA,NA,NA,NA,NA,NA,NA,NA,NA,TARGET_GONE,identity no longer active
2026-10-02T16:04:37Z,APP_21637_3022645,21637,3022645,24,2243,191.904,0,0,-1,-1,0,0.999931461,NA,NA,70.000000000,MEASURED_CPU_FAULT,CPU;INTERVAL_FAULTS,NA,NA,NA,NA,NA,NA,NA,NA,NA,NA,NA,NA,NA,NA,NA,NA,NA,NA,NA,NA,NA,NA,NA,TARGET_GONE,identity no longer active
2026-10-02T16:04:37Z,APP_21637_3022645,21637,3022645,24,2244,201.527,0,0,-1,-1,0,0.999931461,NA,NA,70.000000000,MEASURED_CPU_FAULT,CPU;INTERVAL_FAULTS,NA,NA,NA,NA,NA,NA,NA,NA,NA,NA,NA,NA,NA,NA,NA,NA,NA,NA,NA,NA,NA,NA,NA,TARGET_GONE,identity no longer active
2026-10-02T16:04:37Z,APP_21637_3022645,21637,3022645,24,2245,201.198,0,0,-1,-1,0,0.999931461,NA,NA,70.000000000,MEASURED_CPU_FAULT,CPU;INTERVAL_FAULTS,NA,NA,NA,NA,NA,NA,NA,NA,NA,NA,NA,NA,NA,NA,NA,NA,NA,NA,NA,NA,NA,NA,NA,TARGET_GONE,identity no longer active
2026-10-02T16:04:37Z,APP_21637_3022645,21637,3022645,24,2246,200.000,0,0,-1,-1,0,0.999931461,NA,NA,70.000000000,MEASURED_CPU_FAULT,CPU;INTERVAL_FAULTS,NA,NA,NA,NA,NA,NA,NA,NA,NA,NA,NA,NA,NA,NA,NA,NA,NA,NA,NA,NA,NA,NA,NA,TARGET_GONE,identity no longer active
2026-10-02T16:04:37Z,APP_21637_3022645,21637,3022645,24,2247,211.411,0,0,-1,-1,0,0.999931461,NA,NA,70.000000000,MEASURED_CPU_FAULT,CPU;INTERVAL_FAULTS,NA,NA,NA,NA,NA,NA,NA,NA,NA,NA,NA,NA,NA,NA,NA,NA,NA,NA,NA,NA,NA,NA,NA,TARGET_GONE,identity no longer active
2026-10-02T16:04:37Z,APP_21637_3022645,21637,3022645,24,2248,191.904,0,0,-1,-1,0,0.999931461,NA,NA,70.000000000,MEASURED_CPU_FAULT,CPU;INTERVAL_FAULTS,NA,NA,NA,NA,NA,NA,NA,NA,NA,NA,NA,NA,NA,NA,NA,NA,NA,NA,NA,NA,NA,NA,NA,TARGET_GONE,identity no longer active
2026-10-02T16:04:37Z,APP_21637_3022645,21637,3022645,24,2249,202.486,0,0,-1,-1,0,0.999931461,NA,NA,70.000000000,MEASURED_CPU_FAULT,CPU;INTERVAL_FAULTS,NA,NA,NA,NA,NA,NA,NA,NA,NA,NA,NA,NA,NA,NA,NA,NA,NA,NA,NA,NA,NA,NA,NA,TARGET_GONE,identity no longer active
2026-10-02T16:04:38Z,APP_21637_3022645,21637,3022645,24,2250,201.499,0,0,-1,-1,0,0.999931461,NA,NA,70.000000000,MEASURED_CPU_FAULT,CPU;INTERVAL_FAULTS,NA,NA,NA,NA,NA,NA,NA,NA,NA,NA,NA,NA,NA,NA,NA,NA,NA,NA,NA,NA,NA,NA,NA,TARGET_GONE,identity no longer active
2026-10-02T16:04:38Z,APP_21637_3022645,21637,3022645,24,2251,200.760,0,0,-1,-1,0,0.999931461,NA,NA,70.000000000,MEASURED_CPU_FAULT,CPU;INTERVAL_FAULTS,NA,NA,NA,NA,NA,NA,NA,NA,NA,NA,NA,NA,NA,NA,NA,NA,NA,NA,NA,NA,NA,NA,NA,TARGET_GONE,identity no longer active
2026-10-02T16:04:38Z,APP_21637_3022645,21637,3022645,24,2252,201.499,0,0,-1,-1,0,0.999931461,NA,NA,70.000000000,MEASURED_CPU_FAULT,CPU;INTERVAL_FAULTS,NA,NA,NA,NA,NA,NA,NA,NA,NA,NA,NA,NA,NA,NA,NA,NA,NA,NA,NA,NA,NA,NA,NA,TARGET_GONE,identity no longer active
2026-10-02T16:04:38Z,APP_21637_3022645,21637,3022645,24,2253,201.335,0,0,-1,-1,0,0.999931461,NA,NA,70.000000000,MEASURED_CPU_FAULT,CPU;INTERVAL_FAULTS,NA,NA,NA,NA,NA,NA,NA,NA,NA,NA,NA,NA,NA,NA,NA,NA,NA,NA,NA,NA,NA,NA,NA,TARGET_GONE,identity no longer active
2026-10-02T16:04:38Z,APP_21637_3022645,21637,3022645,24,2254,191.904,0,0,-1,-1,0,0.999931461,NA,NA,70.000000000,MEASURED_CPU_FAULT,CPU;INTERVAL_FAULTS,NA,NA,NA,NA,NA,NA,NA,NA,NA,NA,NA,NA,NA,NA,NA,NA,NA,NA,NA,NA,NA,NA,NA,TARGET_GONE,identity no longer active
2026-10-02T16:04:38Z,APP_21637_3022645,21637,3022645,24,2255,204.255,0,0,-1,-1,0,0.999931461,NA,NA,70.000000000,MEASURED_CPU_FAULT,CPU;INTERVAL_FAULTS,NA,NA,NA,NA,NA,NA,NA,NA,NA,NA,NA,NA,NA,NA,NA,NA,NA,NA,NA,NA,NA,NA,NA,TARGET_GONE,identity no longer active
2026-10-02T16:04:38Z,APP_21637_3022645,21637,3022645,24,2256,192.771,0,0,-1,-1,0,0.999931461,NA,NA,70.000000000,MEASURED_CPU_FAULT,CPU;INTERVAL_FAULTS,NA,NA,NA,NA,NA,NA,NA,NA,NA,NA,NA,NA,NA,NA,NA,NA,NA,NA,NA,NA,NA,NA,NA,TARGET_GONE,identity no longer active
2026-10-02T16:04:39Z,APP_21637_3022645,21637,3022645,24,2257,201.198,0,0,-1,-1,0,0.999931461,NA,NA,70.000000000,MEASURED_CPU_FAULT,CPU;INTERVAL_FAULTS,NA,NA,NA,NA,NA,NA,NA,NA,NA,NA,NA,NA,NA,NA,NA,NA,NA,NA,NA,NA,NA,NA,NA,TARGET_GONE,identity no longer active
2026-10-02T16:04:39Z,APP_21637_3022645,21637,3022645,24,2258,197.475,0,0,-1,-1,0,0.999931461,NA,NA,70.000000000,MEASURED_CPU_FAULT,CPU;INTERVAL_FAULTS,NA,NA,NA,NA,NA,NA,NA,NA,NA,NA,NA,NA,NA,NA,NA,NA,NA,NA,NA,NA,NA,NA,NA,TARGET_GONE,identity no longer active
2026-10-02T16:04:39Z,APP_21637_3022645,21637,3022645,24,2259,201.499,0,0,-1,-1,0,0.999931461,NA,NA,70.000000000,MEASURED_CPU_FAULT,CPU;INTERVAL_FAULTS,NA,NA,NA,NA,NA,NA,NA,NA,NA,NA,NA,NA,NA,NA,NA,NA,NA,NA,NA,NA,NA,NA,NA,TARGET_GONE,identity no longer active
2026-10-02T16:04:39Z,APP_21637_3022645,21637,3022645,24,2260,196.100,0,0,-1,-1,0,0.999931461,NA,NA,70.000000000,MEASURED_CPU_FAULT,CPU;INTERVAL_FAULTS,NA,NA,NA,NA,NA,NA,NA,NA,NA,NA,NA,NA,NA,NA,NA,NA,NA,NA,NA,NA,NA,NA,NA,TARGET_GONE,identity no longer active
2026-10-02T16:04:39Z,APP_21637_3022645,21637,3022645,24,2261,201.499,0,0,-1,-1,0,0.999931461,NA,NA,70.000000000,MEASURED_CPU_FAULT,CPU;INTERVAL_FAULTS,NA,NA,NA,NA,NA,NA,NA,NA,NA,NA,NA,NA,NA,NA,NA,NA,NA,NA,NA,NA,NA,NA,NA,TARGET_GONE,identity no longer active
2026-10-02T16:04:39Z,APP_21637_3022645,21637,3022645,24,2262,201.912,0,0,-1,-1,0,0.999931461,NA,NA,70.000000000,MEASURED_CPU_FAULT,CPU;INTERVAL_FAULTS,NA,NA,NA,NA,NA,NA,NA,NA,NA,NA,NA,NA,NA,NA,NA,NA,NA,NA,NA,NA,NA,NA,NA,TARGET_GONE,identity no longer active
2026-10-02T16:04:39Z,APP_21637_3022645,21637,3022645,24,2263,201.198,0,0,-1,-1,0,0.999931461,NA,NA,70.000000000,MEASURED_CPU_FAULT,CPU;INTERVAL_FAULTS,NA,NA,NA,NA,NA,NA,NA,NA,NA,NA,NA,NA,NA,NA,NA,NA,NA,NA,NA,NA,NA,NA,NA,TARGET_GONE,identity no longer active
2026-10-02T16:04:40Z,APP_21637_3022645,21637,3022645,24,2264,200.533,0,0,-1,-1,0,0.999931461,NA,NA,70.000000000,MEASURED_CPU_FAULT,CPU;INTERVAL_FAULTS,NA,NA,NA,NA,NA,NA,NA,NA,NA,NA,NA,NA,NA,NA,NA,NA,NA,NA,NA,NA,NA,NA,NA,TARGET_GONE,identity no longer active
2026-10-02T16:04:40Z,APP_21637_3022645,21637,3022645,24,2265,203.984,0,0,-1,-1,0,0.999931461,NA,NA,70.000000000,MEASURED_CPU_FAULT,CPU;INTERVAL_FAULTS,NA,NA,NA,NA,NA,NA,NA,NA,NA,NA,NA,NA,NA,NA,NA,NA,NA,NA,NA,NA,NA,NA,NA,TARGET_GONE,identity no longer active
2026-10-02T16:04:40Z,APP_21637_3022645,21637,3022645,24,2266,201.802,0,0,-1,-1,0,0.999931461,NA,NA,70.000000000,MEASURED_CPU_FAULT,CPU;INTERVAL_FAULTS,NA,NA,NA,NA,NA,NA,NA,NA,NA,NA,NA,NA,NA,NA,NA,NA,NA,NA,NA,NA,NA,NA,NA,TARGET_GONE,identity no longer active
2026-10-02T16:04:40Z,APP_21637_3022645,21637,3022645,24,2267,190.368,0,0,-1,-1,0,0.999931461,NA,NA,70.000000000,MEASURED_CPU_FAULT,CPU;INTERVAL_FAULTS,NA,NA,NA,NA,NA,NA,NA,NA,NA,NA,NA,NA,NA,NA,NA,NA,NA,NA,NA,NA,NA,NA,NA,TARGET_GONE,identity no longer active
2026-10-02T16:04:40Z,APP_21637_3022645,21637,3022645,24,2268,201.499,0,0,-1,-1,0,0.999931461,NA,NA,70.000000000,MEASURED_CPU_FAULT,CPU;INTERVAL_FAULTS,NA,NA,NA,NA,NA,NA,NA,NA,NA,NA,NA,NA,NA,NA,NA,NA,NA,NA,NA,NA,NA,NA,NA,TARGET_GONE,identity no longer active
2026-10-02T16:04:40Z,APP_21637_3022645,21637,3022645,24,2269,197.938,0,0,-1,-1,0,0.999931461,NA,NA,70.000000000,MEASURED_CPU_FAULT,CPU;INTERVAL_FAULTS,NA,NA,NA,NA,NA,NA,NA,NA,NA,NA,NA,NA,NA,NA,NA,NA,NA,NA,NA,NA,NA,NA,NA,TARGET_GONE,identity no longer active
2026-10-02T16:04:40Z,APP_21637_3022645,21637,3022645,24,2270,204.800,0,0,-1,-1,0,0.999931461,NA,NA,70.000000000,MEASURED_CPU_FAULT,CPU;INTERVAL_FAULTS,NA,NA,NA,NA,NA,NA,NA,NA,NA,NA,NA,NA,NA,NA,NA,NA,NA,NA,NA,NA,NA,NA,NA,TARGET_GONE,identity no longer active
2026-10-02T16:04:40Z,APP_21637_3022645,21637,3022645,24,2271,201.198,0,0,-1,-1,0,0.999931461,NA,NA,70.000000000,MEASURED_CPU_FAULT,CPU;INTERVAL_FAULTS,NA,NA,NA,NA,NA,NA,NA,NA,NA,NA,NA,NA,NA,NA,NA,NA,NA,NA,NA,NA,NA,NA,NA,TARGET_GONE,identity no longer active
2026-10-02T16:04:40Z,APP_21637_3022645,21637,3022645,24,2272,208.204,0,0,-1,-1,0,0.999931461,NA,NA,70.000000000,MEASURED_CPU_FAULT,CPU;INTERVAL_FAULTS,NA,NA,NA,NA,NA,NA,NA,NA,NA,NA,NA,NA,NA,NA,NA,NA,NA,NA,NA,NA,NA,NA,NA,TARGET_GONE,identity no longer active
2026-10-02T16:04:40Z,APP_21637_3022645,21637,3022645,24,2273,192.192,0,0,-1,-1,0,0.999931461,NA,NA,70.000000000,MEASURED_CPU_FAULT,CPU;INTERVAL_FAULTS,NA,NA,NA,NA,NA,NA,NA,NA,NA,NA,NA,NA,NA,NA,NA,NA,NA,NA,NA,NA,NA,NA,NA,TARGET_GONE,identity no longer active
2026-10-02T16:04:13Z,APP_21637_3022645,21637,3022645,25,2274,0.000,0,0,-1,-1,0,0.999931461,1,true,0.000000000,MEASURED_CPU_FAULT,CPU;INTERVAL_FAULTS,HOT,669.474315258,0.560000000,0.700000000,NA,NA,NA,NA,0.560000000,0.000000000,0.700000000,0.000000000,-1.000000000,1.232000000,NA,MOVE_THREAD,INVALID,NOT_APPLICABLE,INVALID,MOVE_THREAD,-1,-1,false,TARGET_GONE,identity no longer active
2026-10-02T16:04:14Z,APP_21637_3022645,21637,3022645,25,2275,0.000,0,0,-1,-1,0,0.999931461,NA,NA,0.000000000,MEASURED_CPU_FAULT,CPU;INTERVAL_FAULTS,NA,NA,NA,NA,NA,NA,NA,NA,NA,NA,NA,NA,NA,NA,NA,NA,NA,NA,NA,NA,NA,NA,NA,TARGET_GONE,identity no longer active
2026-10-02T16:04:14Z,APP_21637_3022645,21637,3022645,25,2276,0.000,0,0,-1,-1,0,0.999931461,NA,NA,0.000000000,MEASURED_CPU_FAULT,CPU;INTERVAL_FAULTS,NA,NA,NA,NA,NA,NA,NA,NA,NA,NA,NA,NA,NA,NA,NA,NA,NA,NA,NA,NA,NA,NA,NA,TARGET_GONE,identity no longer active
2026-10-02T16:04:14Z,APP_21637_3022645,21637,3022645,25,2277,0.000,0,0,-1,-1,0,0.999931461,NA,NA,0.000000000,MEASURED_CPU_FAULT,CPU;INTERVAL_FAULTS,NA,NA,NA,NA,NA,NA,NA,NA,NA,NA,NA,NA,NA,NA,NA,NA,NA,NA,NA,NA,NA,NA,NA,TARGET_GONE,identity no longer active
2026-10-02T16:04:14Z,APP_21637_3022645,21637,3022645,25,2278,0.000,0,0,-1,-1,0,0.999931461,NA,NA,0.000000000,MEASURED_CPU_FAULT,CPU;INTERVAL_FAULTS,NA,NA,NA,NA,NA,NA,NA,NA,NA,NA,NA,NA,NA,NA,NA,NA,NA,NA,NA,NA,NA,NA,NA,TARGET_GONE,identity no longer active
2026-10-02T16:04:14Z,APP_21637_3022645,21637,3022645,25,2279,0.000,0,0,-1,-1,0,0.999931461,NA,NA,0.000000000,MEASURED_CPU_FAULT,CPU;INTERVAL_FAULTS,NA,NA,NA,NA,NA,NA,NA,NA,NA,NA,NA,NA,NA,NA,NA,NA,NA,NA,NA,NA,NA,NA,NA,TARGET_GONE,identity no longer active
2026-10-02T16:04:14Z,APP_21637_3022645,21637,3022645,25,2280,0.000,0,0,-1,-1,0,0.999931461,NA,NA,0.000000000,MEASURED_CPU_FAULT,CPU;INTERVAL_FAULTS,NA,NA,NA,NA,NA,NA,NA,NA,NA,NA,NA,NA,NA,NA,NA,NA,NA,NA,NA,NA,NA,NA,NA,TARGET_GONE,identity no longer active
2026-10-02T16:04:15Z,APP_21637_3022645,21637,3022645,25,2281,18.907,0,0,-1,-1,0,0.999931461,NA,NA,13.234900000,MEASURED_CPU_FAULT,CPU;INTERVAL_FAULTS,NA,NA,NA,NA,NA,NA,NA,NA,NA,NA,NA,NA,NA,NA,NA,NA,NA,NA,NA,NA,NA,NA,NA,TARGET_GONE,identity no longer active
2026-10-02T16:04:15Z,APP_21637_3022645,21637,3022645,25,2282,191.617,0,0,-1,-1,0,0.999931461,NA,NA,70.000000000,MEASURED_CPU_FAULT,CPU;INTERVAL_FAULTS,NA,NA,NA,NA,NA,NA,NA,NA,NA,NA,NA,NA,NA,NA,NA,NA,NA,NA,NA,NA,NA,NA,NA,TARGET_GONE,identity no longer active
2026-10-02T16:04:15Z,APP_21637_3022645,21637,3022645,25,2283,201.499,0,0,-1,-1,0,0.999931461,NA,NA,70.000000000,MEASURED_CPU_FAULT,CPU;INTERVAL_FAULTS,NA,NA,NA,NA,NA,NA,NA,NA,NA,NA,NA,NA,NA,NA,NA,NA,NA,NA,NA,NA,NA,NA,NA,TARGET_GONE,identity no longer active
2026-10-02T16:04:15Z,APP_21637_3022645,21637,3022645,25,2284,200.272,0,0,-1,-1,0,0.999931461,NA,NA,70.000000000,MEASURED_CPU_FAULT,CPU;INTERVAL_FAULTS,NA,NA,NA,NA,NA,NA,NA,NA,NA,NA,NA,NA,NA,NA,NA,NA,NA,NA,NA,NA,NA,NA,NA,TARGET_GONE,identity no longer active
2026-10-02T16:04:15Z,APP_21637_3022645,21637,3022645,25,2285,201.198,0,0,-1,-1,0,0.999931461,NA,NA,70.000000000,MEASURED_CPU_FAULT,CPU;INTERVAL_FAULTS,NA,NA,NA,NA,NA,NA,NA,NA,NA,NA,NA,NA,NA,NA,NA,NA,NA,NA,NA,NA,NA,NA,NA,TARGET_GONE,identity no longer active
2026-10-02T16:04:15Z,APP_21637_3022645,21637,3022645,25,2286,196.831,0,0,-1,-1,0,0.999931461,NA,NA,70.000000000,MEASURED_CPU_FAULT,CPU;INTERVAL_FAULTS,NA,NA,NA,NA,NA,NA,NA,NA,NA,NA,NA,NA,NA,NA,NA,NA,NA,NA,NA,NA,NA,NA,NA,TARGET_GONE,identity no longer active
2026-10-02T16:04:15Z,APP_21637_3022645,21637,3022645,25,2287,201.499,0,0,-1,-1,0,0.999931461,NA,NA,70.000000000,MEASURED_CPU_FAULT,CPU;INTERVAL_FAULTS,NA,NA,NA,NA,NA,NA,NA,NA,NA,NA,NA,NA,NA,NA,NA,NA,NA,NA,NA,NA,NA,NA,NA,TARGET_GONE,identity no longer active
2026-10-02T16:04:15Z,APP_21637_3022645,21637,3022645,25,2288,197.610,0,0,-1,-1,0,0.999931461,NA,NA,70.000000000,MEASURED_CPU_FAULT,CPU;INTERVAL_FAULTS,NA,NA,NA,NA,NA,NA,NA,NA,NA,NA,NA,NA,NA,NA,NA,NA,NA,NA,NA,NA,NA,NA,NA,TARGET_GONE,identity no longer active
2026-10-02T16:04:15Z,APP_21637_3022645,21637,3022645,25,2289,201.499,0,0,-1,-1,0,0.999931461,NA,NA,70.000000000,MEASURED_CPU_FAULT,CPU;INTERVAL_FAULTS,NA,NA,NA,NA,NA,NA,NA,NA,NA,NA,NA,NA,NA,NA,NA,NA,NA,NA,NA,NA,NA,NA,NA,TARGET_GONE,identity no longer active
2026-10-02T16:04:16Z,APP_21637_3022645,21637,3022645,25,2290,203.787,0,0,-1,-1,0,0.999931461,NA,NA,70.000000000,MEASURED_CPU_FAULT,CPU;INTERVAL_FAULTS,NA,NA,NA,NA,NA,NA,NA,NA,NA,NA,NA,NA,NA,NA,NA,NA,NA,NA,NA,NA,NA,NA,NA,TARGET_GONE,identity no longer active
2026-10-02T16:04:16Z,APP_21637_3022645,21637,3022645,25,2291,192.192,0,0,-1,-1,0,0.999931461,NA,NA,70.000000000,MEASURED_CPU_FAULT,CPU;INTERVAL_FAULTS,NA,NA,NA,NA,NA,NA,NA,NA,NA,NA,NA,NA,NA,NA,NA,NA,NA,NA,NA,NA,NA,NA,NA,TARGET_GONE,identity no longer active
2026-10-02T16:04:16Z,APP_21637_3022645,21637,3022645,25,2292,201.499,0,0,-1,-1,0,0.999931461,NA,NA,70.000000000,MEASURED_CPU_FAULT,CPU;INTERVAL_FAULTS,NA,NA,NA,NA,NA,NA,NA,NA,NA,NA,NA,NA,NA,NA,NA,NA,NA,NA,NA,NA,NA,NA,NA,TARGET_GONE,identity no longer active
2026-10-02T16:04:16Z,APP_21637_3022645,21637,3022645,25,2293,205.714,0,0,-1,-1,0,0.999931461,NA,NA,70.000000000,MEASURED_CPU_FAULT,CPU;INTERVAL_FAULTS,NA,NA,NA,NA,NA,NA,NA,NA,NA,NA,NA,NA,NA,NA,NA,NA,NA,NA,NA,NA,NA,NA,NA,TARGET_GONE,identity no longer active
2026-10-02T16:04:16Z,APP_21637_3022645,21637,3022645,25,2294,191.617,0,0,-1,-1,0,0.999931461,NA,NA,70.000000000,MEASURED_CPU_FAULT,CPU;INTERVAL_FAULTS,NA,NA,NA,NA,NA,NA,NA,NA,NA,NA,NA,NA,NA,NA,NA,NA,NA,NA,NA,NA,NA,NA,NA,TARGET_GONE,identity no longer active
2026-10-02T16:04:16Z,APP_21637_3022645,21637,3022645,25,2295,203.781,0,0,-1,-1,0,0.999931461,NA,NA,70.000000000,MEASURED_CPU_FAULT,CPU;INTERVAL_FAULTS,NA,NA,NA,NA,NA,NA,NA,NA,NA,NA,NA,NA,NA,NA,NA,NA,NA,NA,NA,NA,NA,NA,NA,TARGET_GONE,identity no longer active
2026-10-02T16:04:16Z,APP_21637_3022645,21637,3022645,25,2296,192.192,0,0,-1,-1,0,0.999931461,NA,NA,70.000000000,MEASURED_CPU_FAULT,CPU;INTERVAL_FAULTS,NA,NA,NA,NA,NA,NA,NA,NA,NA,NA,NA,NA,NA,NA,NA,NA,NA,NA,NA,NA,NA,NA,NA,TARGET_GONE,identity no longer active
2026-10-02T16:04:16Z,APP_21637_3022645,21637,3022645,25,2297,203.579,0,0,-1,-1,0,0.999931461,NA,NA,70.000000000,MEASURED_CPU_FAULT,CPU;INTERVAL_FAULTS,NA,NA,NA,NA,NA,NA,NA,NA,NA,NA,NA,NA,NA,NA,NA,NA,NA,NA,NA,NA,NA,NA,NA,TARGET_GONE,identity no longer active
2026-10-02T16:04:17Z,APP_21637_3022645,21637,3022645,25,2298,201.499,0,0,-1,-1,0,0.999931461,NA,NA,70.000000000,MEASURED_CPU_FAULT,CPU;INTERVAL_FAULTS,NA,NA,NA,NA,NA,NA,NA,NA,NA,NA,NA,NA,NA,NA,NA,NA,NA,NA,NA,NA,NA,NA,NA,TARGET_GONE,identity no longer active
2026-10-02T16:04:17Z,APP_21637_3022645,21637,3022645,25,2299,198.450,0,0,-1,-1,0,0.999931461,NA,NA,70.000000000,MEASURED_CPU_FAULT,CPU;INTERVAL_FAULTS,NA,NA,NA,NA,NA,NA,NA,NA,NA,NA,NA,NA,NA,NA,NA,NA,NA,NA,NA,NA,NA,NA,NA,TARGET_GONE,identity no longer active
2026-10-02T16:04:17Z,APP_21637_3022645,21637,3022645,25,2300,211.411,0,0,-1,-1,0,0.999931461,NA,NA,70.000000000,MEASURED_CPU_FAULT,CPU;INTERVAL_FAULTS,NA,NA,NA,NA,NA,NA,NA,NA,NA,NA,NA,NA,NA,NA,NA,NA,NA,NA,NA,NA,NA,NA,NA,TARGET_GONE,identity no longer active
2026-10-02T16:04:17Z,APP_21637_3022645,21637,3022645,25,2301,191.904,0,0,-1,-1,0,0.999931461,NA,NA,70.000000000,MEASURED_CPU_FAULT,CPU;INTERVAL_FAULTS,NA,NA,NA,NA,NA,NA,NA,NA,NA,NA,NA,NA,NA,NA,NA,NA,NA,NA,NA,NA,NA,NA,NA,TARGET_GONE,identity no longer active
2026-10-02T16:04:17Z,APP_21637_3022645,21637,3022645,25,2302,205.714,0,0,-1,-1,0,0.999931461,NA,NA,70.000000000,MEASURED_CPU_FAULT,CPU;INTERVAL_FAULTS,NA,NA,NA,NA,NA,NA,NA,NA,NA,NA,NA,NA,NA,NA,NA,NA,NA,NA,NA,NA,NA,NA,NA,TARGET_GONE,identity no longer active
2026-10-02T16:04:17Z,APP_21637_3022645,21637,3022645,25,2303,201.802,0,0,-1,-1,0,0.999931461,NA,NA,70.000000000,MEASURED_CPU_FAULT,CPU;INTERVAL_FAULTS,NA,NA,NA,NA,NA,NA,NA,NA,NA,NA,NA,NA,NA,NA,NA,NA,NA,NA,NA,NA,NA,NA,NA,TARGET_GONE,identity no longer active
2026-10-02T16:04:17Z,APP_21637_3022645,21637,3022645,25,2304,197.217,0,0,-1,-1,0,0.999931461,NA,NA,70.000000000,MEASURED_CPU_FAULT,CPU;INTERVAL_FAULTS,NA,NA,NA,NA,NA,NA,NA,NA,NA,NA,NA,NA,NA,NA,NA,NA,NA,NA,NA,NA,NA,NA,NA,TARGET_GONE,identity no longer active
2026-10-02T16:04:17Z,APP_21637_3022645,21637,3022645,25,2305,201.499,0,0,-1,-1,0,0.999931461,NA,NA,70.000000000,MEASURED_CPU_FAULT,CPU;INTERVAL_FAULTS,NA,NA,NA,NA,NA,NA,NA,NA,NA,NA,NA,NA,NA,NA,NA,NA,NA,NA,NA,NA,NA,NA,NA,TARGET_GONE,identity no longer active
2026-10-02T16:04:18Z,APP_21637_3022645,21637,3022645,25,2306,197.807,0,0,-1,-1,0,0.999931461,NA,NA,70.000000000,MEASURED_CPU_FAULT,CPU;INTERVAL_FAULTS,NA,NA,NA,NA,NA,NA,NA,NA,NA,NA,NA,NA,NA,NA,NA,NA,NA,NA,NA,NA,NA,NA,NA,TARGET_GONE,identity no longer active
2026-10-02T16:04:18Z,APP_21637_3022645,21637,3022645,25,2307,200.897,0,0,-1,-1,0,0.999931461,NA,NA,70.000000000,MEASURED_CPU_FAULT,CPU;INTERVAL_FAULTS,NA,NA,NA,NA,NA,NA,NA,NA,NA,NA,NA,NA,NA,NA,NA,NA,NA,NA,NA,NA,NA,NA,NA,TARGET_GONE,identity no longer active
2026-10-02T16:04:18Z,APP_21637_3022645,21637,3022645,25,2308,199.555,0,0,-1,-1,0,0.999931461,NA,NA,70.000000000,MEASURED_CPU_FAULT,CPU;INTERVAL_FAULTS,NA,NA,NA,NA,NA,NA,NA,NA,NA,NA,NA,NA,NA,NA,NA,NA,NA,NA,NA,NA,NA,NA,NA,TARGET_GONE,identity no longer active
2026-10-02T16:04:18Z,APP_21637_3022645,21637,3022645,25,2309,191.617,0,0,-1,-1,0,0.999931461,NA,NA,70.000000000,MEASURED_CPU_FAULT,CPU;INTERVAL_FAULTS,NA,NA,NA,NA,NA,NA,NA,NA,NA,NA,NA,NA,NA,NA,NA,NA,NA,NA,NA,NA,NA,NA,NA,TARGET_GONE,identity no longer active
2026-10-02T16:04:18Z,APP_21637_3022645,21637,3022645,25,2310,201.499,0,0,-1,-1,0,0.999931461,NA,NA,70.000000000,MEASURED_CPU_FAULT,CPU;INTERVAL_FAULTS,NA,NA,NA,NA,NA,NA,NA,NA,NA,NA,NA,NA,NA,NA,NA,NA,NA,NA,NA,NA,NA,NA,NA,TARGET_GONE,identity no longer active
2026-10-02T16:04:18Z,APP_21637_3022645,21637,3022645,25,2311,198.393,0,0,-1,-1,0,0.999931461,NA,NA,70.000000000,MEASURED_CPU_FAULT,CPU;INTERVAL_FAULTS,NA,NA,NA,NA,NA,NA,NA,NA,NA,NA,NA,NA,NA,NA,NA,NA,NA,NA,NA,NA,NA,NA,NA,TARGET_GONE,identity no longer active
2026-10-02T16:04:18Z,APP_21637_3022645,21637,3022645,25,2312,201.802,0,0,-1,-1,0,0.999931461,NA,NA,70.000000000,MEASURED_CPU_FAULT,CPU;INTERVAL_FAULTS,NA,NA,NA,NA,NA,NA,NA,NA,NA,NA,NA,NA,NA,NA,NA,NA,NA,NA,NA,NA,NA,NA,NA,TARGET_GONE,identity no longer active
2026-10-02T16:04:18Z,APP_21637_3022645,21637,3022645,25,2313,203.175,0,0,-1,-1,0,0.999931461,NA,NA,70.000000000,MEASURED_CPU_FAULT,CPU;INTERVAL_FAULTS,NA,NA,NA,NA,NA,NA,NA,NA,NA,NA,NA,NA,NA,NA,NA,NA,NA,NA,NA,NA,NA,NA,NA,TARGET_GONE,identity no longer active
2026-10-02T16:04:19Z,APP_21637_3022645,21637,3022645,25,2314,201.802,0,0,-1,-1,0,0.999931461,NA,NA,70.000000000,MEASURED_CPU_FAULT,CPU;INTERVAL_FAULTS,NA,NA,NA,NA,NA,NA,NA,NA,NA,NA,NA,NA,NA,NA,NA,NA,NA,NA,NA,NA,NA,NA,NA,TARGET_GONE,identity no longer active
2026-10-02T16:04:19Z,APP_21637_3022645,21637,3022645,25,2315,197.413,0,0,-1,-1,0,0.999931461,NA,NA,70.000000000,MEASURED_CPU_FAULT,CPU;INTERVAL_FAULTS,NA,NA,NA,NA,NA,NA,NA,NA,NA,NA,NA,NA,NA,NA,NA,NA,NA,NA,NA,NA,NA,NA,NA,TARGET_GONE,identity no longer active
2026-10-02T16:04:19Z,APP_21637_3022645,21637,3022645,25,2316,201.499,0,0,-1,-1,0,0.999931461,NA,NA,70.000000000,MEASURED_CPU_FAULT,CPU;INTERVAL_FAULTS,NA,NA,NA,NA,NA,NA,NA,NA,NA,NA,NA,NA,NA,NA,NA,NA,NA,NA,NA,NA,NA,NA,NA,TARGET_GONE,identity no longer active
2026-10-02T16:04:19Z,APP_21637_3022645,21637,3022645,25,2317,203.262,0,0,-1,-1,0,0.999931461,NA,NA,70.000000000,MEASURED_CPU_FAULT,CPU;INTERVAL_FAULTS,NA,NA,NA,NA,NA,NA,NA,NA,NA,NA,NA,NA,NA,NA,NA,NA,NA,NA,NA,NA,NA,NA,NA,TARGET_GONE,identity no longer active
2026-10-02T16:04:19Z,APP_21637_3022645,21637,3022645,25,2318,201.499,0,0,-1,-1,0,0.999931461,NA,NA,70.000000000,MEASURED_CPU_FAULT,CPU;INTERVAL_FAULTS,NA,NA,NA,NA,NA,NA,NA,NA,NA,NA,NA,NA,NA,NA,NA,NA,NA,NA,NA,NA,NA,NA,NA,TARGET_GONE,identity no longer active
2026-10-02T16:04:19Z,APP_21637_3022645,21637,3022645,25,2319,197.610,0,0,-1,-1,0,0.999931461,NA,NA,70.000000000,MEASURED_CPU_FAULT,CPU;INTERVAL_FAULTS,NA,NA,NA,NA,NA,NA,NA,NA,NA,NA,NA,NA,NA,NA,NA,NA,NA,NA,NA,NA,NA,NA,NA,TARGET_GONE,identity no longer active
2026-10-02T16:04:19Z,APP_21637_3022645,21637,3022645,25,2320,201.499,0,0,-1,-1,0,0.999931461,NA,NA,70.000000000,MEASURED_CPU_FAULT,CPU;INTERVAL_FAULTS,NA,NA,NA,NA,NA,NA,NA,NA,NA,NA,NA,NA,NA,NA,NA,NA,NA,NA,NA,NA,NA,NA,NA,TARGET_GONE,identity no longer active
2026-10-02T16:04:20Z,APP_21637_3022645,21637,3022645,25,2321,197.610,0,0,-1,-1,0,0.999931461,NA,NA,70.000000000,MEASURED_CPU_FAULT,CPU;INTERVAL_FAULTS,NA,NA,NA,NA,NA,NA,NA,NA,NA,NA,NA,NA,NA,NA,NA,NA,NA,NA,NA,NA,NA,NA,NA,TARGET_GONE,identity no longer active
2026-10-02T16:04:20Z,APP_21637_3022645,21637,3022645,25,2322,201.499,0,0,-1,-1,0,0.999931461,NA,NA,70.000000000,MEASURED_CPU_FAULT,CPU;INTERVAL_FAULTS,NA,NA,NA,NA,NA,NA,NA,NA,NA,NA,NA,NA,NA,NA,NA,NA,NA,NA,NA,NA,NA,NA,NA,TARGET_GONE,identity no longer active
2026-10-02T16:04:20Z,APP_21637_3022645,21637,3022645,25,2323,202.973,0,0,-1,-1,0,0.999931461,NA,NA,70.000000000,MEASURED_CPU_FAULT,CPU;INTERVAL_FAULTS,NA,NA,NA,NA,NA,NA,NA,NA,NA,NA,NA,NA,NA,NA,NA,NA,NA,NA,NA,NA,NA,NA,NA,TARGET_GONE,identity no longer active
2026-10-02T16:04:20Z,APP_21637_3022645,21637,3022645,25,2324,191.904,0,0,-1,-1,0,0.999931461,NA,NA,70.000000000,MEASURED_CPU_FAULT,CPU;INTERVAL_FAULTS,NA,NA,NA,NA,NA,NA,NA,NA,NA,NA,NA,NA,NA,NA,NA,NA,NA,NA,NA,NA,NA,NA,NA,TARGET_GONE,identity no longer active
2026-10-02T16:04:20Z,APP_21637_3022645,21637,3022645,25,2325,201.942,0,0,-1,-1,0,0.999931461,NA,NA,70.000000000,MEASURED_CPU_FAULT,CPU;INTERVAL_FAULTS,NA,NA,NA,NA,NA,NA,NA,NA,NA,NA,NA,NA,NA,NA,NA,NA,NA,NA,NA,NA,NA,NA,NA,TARGET_GONE,identity no longer active
2026-10-02T16:04:20Z,APP_21637_3022645,21637,3022645,25,2326,191.617,0,0,-1,-1,0,0.999931461,NA,NA,70.000000000,MEASURED_CPU_FAULT,CPU;INTERVAL_FAULTS,NA,NA,NA,NA,NA,NA,NA,NA,NA,NA,NA,NA,NA,NA,NA,NA,NA,NA,NA,NA,NA,NA,NA,TARGET_GONE,identity no longer active
2026-10-02T16:04:20Z,APP_21637_3022645,21637,3022645,25,2327,201.802,0,0,-1,-1,0,0.999931461,NA,NA,70.000000000,MEASURED_CPU_FAULT,CPU;INTERVAL_FAULTS,NA,NA,NA,NA,NA,NA,NA,NA,NA,NA,NA,NA,NA,NA,NA,NA,NA,NA,NA,NA,NA,NA,NA,TARGET_GONE,identity no longer active
2026-10-02T16:04:20Z,APP_21637_3022645,21637,3022645,25,2328,198.331,0,0,-1,-1,0,0.999931461,NA,NA,70.000000000,MEASURED_CPU_FAULT,CPU;INTERVAL_FAULTS,NA,NA,NA,NA,NA,NA,NA,NA,NA,NA,NA,NA,NA,NA,NA,NA,NA,NA,NA,NA,NA,NA,NA,TARGET_GONE,identity no longer active
2026-10-02T16:04:20Z,APP_21637_3022645,21637,3022645,25,2329,201.499,0,0,-1,-1,0,0.999931461,NA,NA,70.000000000,MEASURED_CPU_FAULT,CPU;INTERVAL_FAULTS,NA,NA,NA,NA,NA,NA,NA,NA,NA,NA,NA,NA,NA,NA,NA,NA,NA,NA,NA,NA,NA,NA,NA,TARGET_GONE,identity no longer active
2026-10-02T16:04:21Z,APP_21637_3022645,21637,3022645,25,2330,197.413,0,0,-1,-1,0,0.999931461,NA,NA,70.000000000,MEASURED_CPU_FAULT,CPU;INTERVAL_FAULTS,NA,NA,NA,NA,NA,NA,NA,NA,NA,NA,NA,NA,NA,NA,NA,NA,NA,NA,NA,NA,NA,NA,NA,TARGET_GONE,identity no longer active
2026-10-02T16:04:21Z,APP_21637_3022645,21637,3022645,25,2331,201.499,0,0,-1,-1,0,0.999931461,NA,NA,70.000000000,MEASURED_CPU_FAULT,CPU;INTERVAL_FAULTS,NA,NA,NA,NA,NA,NA,NA,NA,NA,NA,NA,NA,NA,NA,NA,NA,NA,NA,NA,NA,NA,NA,NA,TARGET_GONE,identity no longer active
2026-10-02T16:04:21Z,APP_21637_3022645,21637,3022645,25,2332,203.579,0,0,-1,-1,0,0.999931461,NA,NA,70.000000000,MEASURED_CPU_FAULT,CPU;INTERVAL_FAULTS,NA,NA,NA,NA,NA,NA,NA,NA,NA,NA,NA,NA,NA,NA,NA,NA,NA,NA,NA,NA,NA,NA,NA,TARGET_GONE,identity no longer active
2026-10-02T16:04:21Z,APP_21637_3022645,21637,3022645,25,2333,201.499,0,0,-1,-1,0,0.999931461,NA,NA,70.000000000,MEASURED_CPU_FAULT,CPU;INTERVAL_FAULTS,NA,NA,NA,NA,NA,NA,NA,NA,NA,NA,NA,NA,NA,NA,NA,NA,NA,NA,NA,NA,NA,NA,NA,TARGET_GONE,identity no longer active
2026-10-02T16:04:21Z,APP_21637_3022645,21637,3022645,25,2334,199.555,0,0,-1,-1,0,0.999931461,NA,NA,70.000000000,MEASURED_CPU_FAULT,CPU;INTERVAL_FAULTS,NA,NA,NA,NA,NA,NA,NA,NA,NA,NA,NA,NA,NA,NA,NA,NA,NA,NA,NA,NA,NA,NA,NA,TARGET_GONE,identity no longer active
2026-10-02T16:04:21Z,APP_21637_3022645,21637,3022645,25,2335,192.192,0,0,-1,-1,0,0.999931461,NA,NA,70.000000000,MEASURED_CPU_FAULT,CPU;INTERVAL_FAULTS,NA,NA,NA,NA,NA,NA,NA,NA,NA,NA,NA,NA,NA,NA,NA,NA,NA,NA,NA,NA,NA,NA,NA,TARGET_GONE,identity no longer active
2026-10-02T16:04:21Z,APP_21637_3022645,21637,3022645,25,2336,200.897,0,0,-1,-1,0,0.999931461,NA,NA,70.000000000,MEASURED_CPU_FAULT,CPU;INTERVAL_FAULTS,NA,NA,NA,NA,NA,NA,NA,NA,NA,NA,NA,NA,NA,NA,NA,NA,NA,NA,NA,NA,NA,NA,NA,TARGET_GONE,identity no longer active
2026-10-02T16:04:22Z,APP_21637_3022645,21637,3022645,25,2337,198.568,0,0,-1,-1,0,0.999931461,NA,NA,70.000000000,MEASURED_CPU_FAULT,CPU;INTERVAL_FAULTS,NA,NA,NA,NA,NA,NA,NA,NA,NA,NA,NA,NA,NA,NA,NA,NA,NA,NA,NA,NA,NA,NA,NA,TARGET_GONE,identity no longer active
2026-10-02T16:04:22Z,APP_21637_3022645,21637,3022645,25,2338,201.198,0,0,-1,-1,0,0.999931461,NA,NA,70.000000000,MEASURED_CPU_FAULT,CPU;INTERVAL_FAULTS,NA,NA,NA,NA,NA,NA,NA,NA,NA,NA,NA,NA,NA,NA,NA,NA,NA,NA,NA,NA,NA,NA,NA,TARGET_GONE,identity no longer active
2026-10-02T16:04:22Z,APP_21637_3022645,21637,3022645,25,2339,203.376,0,0,-1,-1,0,0.999931461,NA,NA,70.000000000,MEASURED_CPU_FAULT,CPU;INTERVAL_FAULTS,NA,NA,NA,NA,NA,NA,NA,NA,NA,NA,NA,NA,NA,NA,NA,NA,NA,NA,NA,NA,NA,NA,NA,TARGET_GONE,identity no longer active
2026-10-02T16:04:22Z,APP_21637_3022645,21637,3022645,25,2340,201.198,0,0,-1,-1,0,0.999931461,NA,NA,70.000000000,MEASURED_CPU_FAULT,CPU;INTERVAL_FAULTS,NA,NA,NA,NA,NA,NA,NA,NA,NA,NA,NA,NA,NA,NA,NA,NA,NA,NA,NA,NA,NA,NA,NA,TARGET_GONE,identity no longer active
2026-10-02T16:04:22Z,APP_21637_3022645,21637,3022645,25,2341,197.413,0,0,-1,-1,0,0.999931461,NA,NA,70.000000000,MEASURED_CPU_FAULT,CPU;INTERVAL_FAULTS,NA,NA,NA,NA,NA,NA,NA,NA,NA,NA,NA,NA,NA,NA,NA,NA,NA,NA,NA,NA,NA,NA,NA,TARGET_GONE,identity no longer active
2026-10-02T16:04:22Z,APP_21637_3022645,21637,3022645,25,2342,201.499,0,0,-1,-1,0,0.999931461,NA,NA,70.000000000,MEASURED_CPU_FAULT,CPU;INTERVAL_FAULTS,NA,NA,NA,NA,NA,NA,NA,NA,NA,NA,NA,NA,NA,NA,NA,NA,NA,NA,NA,NA,NA,NA,NA,TARGET_GONE,identity no longer active
2026-10-02T16:04:22Z,APP_21637_3022645,21637,3022645,25,2343,200.805,0,0,-1,-1,0,0.999931461,NA,NA,70.000000000,MEASURED_CPU_FAULT,CPU;INTERVAL_FAULTS,NA,NA,NA,NA,NA,NA,NA,NA,NA,NA,NA,NA,NA,NA,NA,NA,NA,NA,NA,NA,NA,NA,NA,TARGET_GONE,identity no longer active
2026-10-02T16:04:22Z,APP_21637_3022645,21637,3022645,25,2344,192.192,0,0,-1,-1,0,0.999931461,NA,NA,70.000000000,MEASURED_CPU_FAULT,CPU;INTERVAL_FAULTS,NA,NA,NA,NA,NA,NA,NA,NA,NA,NA,NA,NA,NA,NA,NA,NA,NA,NA,NA,NA,NA,NA,NA,TARGET_GONE,identity no longer active
2026-10-02T16:04:22Z,APP_21637_3022645,21637,3022645,25,2345,201.499,0,0,-1,-1,0,0.999931461,NA,NA,70.000000000,MEASURED_CPU_FAULT,CPU;INTERVAL_FAULTS,NA,NA,NA,NA,NA,NA,NA,NA,NA,NA,NA,NA,NA,NA,NA,NA,NA,NA,NA,NA,NA,NA,NA,TARGET_GONE,identity no longer active
2026-10-02T16:04:23Z,APP_21637_3022645,21637,3022645,25,2346,206.205,0,0,-1,-1,0,0.999931461,NA,NA,70.000000000,MEASURED_CPU_FAULT,CPU;INTERVAL_FAULTS,NA,NA,NA,NA,NA,NA,NA,NA,NA,NA,NA,NA,NA,NA,NA,NA,NA,NA,NA,NA,NA,NA,NA,TARGET_GONE,identity no longer active
2026-10-02T16:04:23Z,APP_21637_3022645,21637,3022645,25,2347,192.192,0,0,-1,-1,0,0.999931461,NA,NA,70.000000000,MEASURED_CPU_FAULT,CPU;INTERVAL_FAULTS,NA,NA,NA,NA,NA,NA,NA,NA,NA,NA,NA,NA,NA,NA,NA,NA,NA,NA,NA,NA,NA,NA,NA,TARGET_GONE,identity no longer active
2026-10-02T16:04:23Z,APP_21637_3022645,21637,3022645,25,2348,203.175,0,0,-1,-1,0,0.999931461,NA,NA,70.000000000,MEASURED_CPU_FAULT,CPU;INTERVAL_FAULTS,NA,NA,NA,NA,NA,NA,NA,NA,NA,NA,NA,NA,NA,NA,NA,NA,NA,NA,NA,NA,NA,NA,NA,TARGET_GONE,identity no longer active
2026-10-02T16:04:23Z,APP_21637_3022645,21637,3022645,25,2349,192.481,0,0,-1,-1,0,0.999931461,NA,NA,70.000000000,MEASURED_CPU_FAULT,CPU;INTERVAL_FAULTS,NA,NA,NA,NA,NA,NA,NA,NA,NA,NA,NA,NA,NA,NA,NA,NA,NA,NA,NA,NA,NA,NA,NA,TARGET_GONE,identity no longer active
2026-10-02T16:04:23Z,APP_21637_3022645,21637,3022645,25,2350,203.781,0,0,-1,-1,0,0.999931461,NA,NA,70.000000000,MEASURED_CPU_FAULT,CPU;INTERVAL_FAULTS,NA,NA,NA,NA,NA,NA,NA,NA,NA,NA,NA,NA,NA,NA,NA,NA,NA,NA,NA,NA,NA,NA,NA,TARGET_GONE,identity no longer active
2026-10-02T16:04:23Z,APP_21637_3022645,21637,3022645,25,2351,191.904,0,0,-1,-1,0,0.999931461,NA,NA,70.000000000,MEASURED_CPU_FAULT,CPU;INTERVAL_FAULTS,NA,NA,NA,NA,NA,NA,NA,NA,NA,NA,NA,NA,NA,NA,NA,NA,NA,NA,NA,NA,NA,NA,NA,TARGET_GONE,identity no longer active
2026-10-02T16:04:23Z,APP_21637_3022645,21637,3022645,25,2352,202.157,0,0,-1,-1,0,0.999931461,NA,NA,70.000000000,MEASURED_CPU_FAULT,CPU;INTERVAL_FAULTS,NA,NA,NA,NA,NA,NA,NA,NA,NA,NA,NA,NA,NA,NA,NA,NA,NA,NA,NA,NA,NA,NA,NA,TARGET_GONE,identity no longer active
2026-10-02T16:04:23Z,APP_21637_3022645,21637,3022645,25,2353,211.411,0,0,-1,-1,0,0.999931461,NA,NA,70.000000000,MEASURED_CPU_FAULT,CPU;INTERVAL_FAULTS,NA,NA,NA,NA,NA,NA,NA,NA,NA,NA,NA,NA,NA,NA,NA,NA,NA,NA,NA,NA,NA,NA,NA,TARGET_GONE,identity no longer active
2026-10-02T16:04:24Z,APP_21637_3022645,21637,3022645,25,2354,191.904,0,0,-1,-1,0,0.999931461,NA,NA,70.000000000,MEASURED_CPU_FAULT,CPU;INTERVAL_FAULTS,NA,NA,NA,NA,NA,NA,NA,NA,NA,NA,NA,NA,NA,NA,NA,NA,NA,NA,NA,NA,NA,NA,NA,TARGET_GONE,identity no longer active
2026-10-02T16:04:24Z,APP_21637_3022645,21637,3022645,25,2355,205.470,0,0,-1,-1,0,0.999931461,NA,NA,70.000000000,MEASURED_CPU_FAULT,CPU;INTERVAL_FAULTS,NA,NA,NA,NA,NA,NA,NA,NA,NA,NA,NA,NA,NA,NA,NA,NA,NA,NA,NA,NA,NA,NA,NA,TARGET_GONE,identity no longer active
2026-10-02T16:04:24Z,APP_21637_3022645,21637,3022645,25,2356,201.802,0,0,-1,-1,0,0.999931461,NA,NA,70.000000000,MEASURED_CPU_FAULT,CPU;INTERVAL_FAULTS,NA,NA,NA,NA,NA,NA,NA,NA,NA,NA,NA,NA,NA,NA,NA,NA,NA,NA,NA,NA,NA,NA,NA,TARGET_GONE,identity no longer active
2026-10-02T16:04:24Z,APP_21637_3022645,21637,3022645,25,2357,197.217,0,0,-1,-1,0,0.999931461,NA,NA,70.000000000,MEASURED_CPU_FAULT,CPU;INTERVAL_FAULTS,NA,NA,NA,NA,NA,NA,NA,NA,NA,NA,NA,NA,NA,NA,NA,NA,NA,NA,NA,NA,NA,NA,NA,TARGET_GONE,identity no longer active
2026-10-02T16:04:24Z,APP_21637_3022645,21637,3022645,25,2358,201.499,0,0,-1,-1,0,0.999931461,NA,NA,70.000000000,MEASURED_CPU_FAULT,CPU;INTERVAL_FAULTS,NA,NA,NA,NA,NA,NA,NA,NA,NA,NA,NA,NA,NA,NA,NA,NA,NA,NA,NA,NA,NA,NA,NA,TARGET_GONE,identity no longer active
2026-10-02T16:04:24Z,APP_21637_3022645,21637,3022645,25,2359,203.376,0,0,-1,-1,0,0.999931461,NA,NA,70.000000000,MEASURED_CPU_FAULT,CPU;INTERVAL_FAULTS,NA,NA,NA,NA,NA,NA,NA,NA,NA,NA,NA,NA,NA,NA,NA,NA,NA,NA,NA,NA,NA,NA,NA,TARGET_GONE,identity no longer active
2026-10-02T16:04:24Z,APP_21637_3022645,21637,3022645,25,2360,191.904,0,0,-1,-1,0,0.999931461,NA,NA,70.000000000,MEASURED_CPU_FAULT,CPU;INTERVAL_FAULTS,NA,NA,NA,NA,NA,NA,NA,NA,NA,NA,NA,NA,NA,NA,NA,NA,NA,NA,NA,NA,NA,NA,NA,TARGET_GONE,identity no longer active
2026-10-02T16:04:25Z,APP_21637_3022645,21637,3022645,25,2361,200.149,0,0,-1,-1,0,0.999931461,NA,NA,70.000000000,MEASURED_CPU_FAULT,CPU;INTERVAL_FAULTS,NA,NA,NA,NA,NA,NA,NA,NA,NA,NA,NA,NA,NA,NA,NA,NA,NA,NA,NA,NA,NA,NA,NA,TARGET_GONE,identity no longer active
2026-10-02T16:04:25Z,APP_21637_3022645,21637,3022645,25,2362,191.617,0,0,-1,-1,0,0.999931461,NA,NA,70.000000000,MEASURED_CPU_FAULT,CPU;INTERVAL_FAULTS,NA,NA,NA,NA,NA,NA,NA,NA,NA,NA,NA,NA,NA,NA,NA,NA,NA,NA,NA,NA,NA,NA,NA,TARGET_GONE,identity no longer active
2026-10-02T16:04:25Z,APP_21637_3022645,21637,3022645,25,2363,201.499,0,0,-1,-1,0,0.999931461,NA,NA,70.000000000,MEASURED_CPU_FAULT,CPU;INTERVAL_FAULTS,NA,NA,NA,NA,NA,NA,NA,NA,NA,NA,NA,NA,NA,NA,NA,NA,NA,NA,NA,NA,NA,NA,NA,TARGET_GONE,identity no longer active
2026-10-02T16:04:25Z,APP_21637_3022645,21637,3022645,25,2364,206.205,0,0,-1,-1,0,0.999931461,NA,NA,70.000000000,MEASURED_CPU_FAULT,CPU;INTERVAL_FAULTS,NA,NA,NA,NA,NA,NA,NA,NA,NA,NA,NA,NA,NA,NA,NA,NA,NA,NA,NA,NA,NA,NA,NA,TARGET_GONE,identity no longer active
2026-10-02T16:04:25Z,APP_21637_3022645,21637,3022645,25,2365,191.904,0,0,-1,-1,0,0.999931461,NA,NA,70.000000000,MEASURED_CPU_FAULT,CPU;INTERVAL_FAULTS,NA,NA,NA,NA,NA,NA,NA,NA,NA,NA,NA,NA,NA,NA,NA,NA,NA,NA,NA,NA,NA,NA,NA,TARGET_GONE,identity no longer active
2026-10-02T16:04:25Z,APP_21637_3022645,21637,3022645,25,2366,203.984,0,0,-1,-1,0,0.999931461,NA,NA,70.000000000,MEASURED_CPU_FAULT,CPU;INTERVAL_FAULTS,NA,NA,NA,NA,NA,NA,NA,NA,NA,NA,NA,NA,NA,NA,NA,NA,NA,NA,NA,NA,NA,NA,NA,TARGET_GONE,identity no longer active
2026-10-02T16:04:25Z,APP_21637_3022645,21637,3022645,25,2367,191.904,0,0,-1,-1,0,0.999931461,NA,NA,70.000000000,MEASURED_CPU_FAULT,CPU;INTERVAL_FAULTS,NA,NA,NA,NA,NA,NA,NA,NA,NA,NA,NA,NA,NA,NA,NA,NA,NA,NA,NA,NA,NA,NA,NA,TARGET_GONE,identity no longer active
2026-10-02T16:04:25Z,APP_21637_3022645,21637,3022645,25,2368,203.376,0,0,-1,-1,0,0.999931461,NA,NA,70.000000000,MEASURED_CPU_FAULT,CPU;INTERVAL_FAULTS,NA,NA,NA,NA,NA,NA,NA,NA,NA,NA,NA,NA,NA,NA,NA,NA,NA,NA,NA,NA,NA,NA,NA,TARGET_GONE,identity no longer active
2026-10-02T16:04:25Z,APP_21637_3022645,21637,3022645,25,2369,201.802,0,0,-1,-1,0,0.999931461,NA,NA,70.000000000,MEASURED_CPU_FAULT,CPU;INTERVAL_FAULTS,NA,NA,NA,NA,NA,NA,NA,NA,NA,NA,NA,NA,NA,NA,NA,NA,NA,NA,NA,NA,NA,NA,NA,TARGET_GONE,identity no longer active
2026-10-02T16:04:26Z,APP_21637_3022645,21637,3022645,25,2370,197.531,0,0,-1,-1,0,0.999931461,NA,NA,70.000000000,MEASURED_CPU_FAULT,CPU;INTERVAL_FAULTS,NA,NA,NA,NA,NA,NA,NA,NA,NA,NA,NA,NA,NA,NA,NA,NA,NA,NA,NA,NA,NA,NA,NA,TARGET_GONE,identity no longer active
2026-10-02T16:04:26Z,APP_21637_3022645,21637,3022645,25,2371,210.778,0,0,-1,-1,0,0.999931461,NA,NA,70.000000000,MEASURED_CPU_FAULT,CPU;INTERVAL_FAULTS,NA,NA,NA,NA,NA,NA,NA,NA,NA,NA,NA,NA,NA,NA,NA,NA,NA,NA,NA,NA,NA,NA,NA,TARGET_GONE,identity no longer active
2026-10-02T16:04:26Z,APP_21637_3022645,21637,3022645,25,2372,201.499,0,0,-1,-1,0,0.999931461,NA,NA,70.000000000,MEASURED_CPU_FAULT,CPU;INTERVAL_FAULTS,NA,NA,NA,NA,NA,NA,NA,NA,NA,NA,NA,NA,NA,NA,NA,NA,NA,NA,NA,NA,NA,NA,NA,TARGET_GONE,identity no longer active
2026-10-02T16:04:26Z,APP_21637_3022645,21637,3022645,25,2373,198.568,0,0,-1,-1,0,0.999931461,NA,NA,70.000000000,MEASURED_CPU_FAULT,CPU;INTERVAL_FAULTS,NA,NA,NA,NA,NA,NA,NA,NA,NA,NA,NA,NA,NA,NA,NA,NA,NA,NA,NA,NA,NA,NA,NA,TARGET_GONE,identity no longer active
2026-10-02T16:04:26Z,APP_21637_3022645,21637,3022645,25,2374,201.198,0,0,-1,-1,0,0.999931461,NA,NA,70.000000000,MEASURED_CPU_FAULT,CPU;INTERVAL_FAULTS,NA,NA,NA,NA,NA,NA,NA,NA,NA,NA,NA,NA,NA,NA,NA,NA,NA,NA,NA,NA,NA,NA,NA,TARGET_GONE,identity no longer active
2026-10-02T16:04:26Z,APP_21637_3022645,21637,3022645,25,2375,203.376,0,0,-1,-1,0,0.999931461,NA,NA,70.000000000,MEASURED_CPU_FAULT,CPU;INTERVAL_FAULTS,NA,NA,NA,NA,NA,NA,NA,NA,NA,NA,NA,NA,NA,NA,NA,NA,NA,NA,NA,NA,NA,NA,NA,TARGET_GONE,identity no longer active
2026-10-02T16:04:26Z,APP_21637_3022645,21637,3022645,25,2376,191.904,0,0,-1,-1,0,0.999931461,NA,NA,70.000000000,MEASURED_CPU_FAULT,CPU;INTERVAL_FAULTS,NA,NA,NA,NA,NA,NA,NA,NA,NA,NA,NA,NA,NA,NA,NA,NA,NA,NA,NA,NA,NA,NA,NA,TARGET_GONE,identity no longer active
2026-10-02T16:04:26Z,APP_21637_3022645,21637,3022645,25,2377,203.781,0,0,-1,-1,0,0.999931461,NA,NA,70.000000000,MEASURED_CPU_FAULT,CPU;INTERVAL_FAULTS,NA,NA,NA,NA,NA,NA,NA,NA,NA,NA,NA,NA,NA,NA,NA,NA,NA,NA,NA,NA,NA,NA,NA,TARGET_GONE,identity no longer active
2026-10-02T16:04:27Z,APP_21637_3022645,21637,3022645,25,2378,191.617,0,0,-1,-1,0,0.999931461,NA,NA,70.000000000,MEASURED_CPU_FAULT,CPU;INTERVAL_FAULTS,NA,NA,NA,NA,NA,NA,NA,NA,NA,NA,NA,NA,NA,NA,NA,NA,NA,NA,NA,NA,NA,NA,NA,TARGET_GONE,identity no longer active
2026-10-02T16:04:27Z,APP_21637_3022645,21637,3022645,25,2379,201.575,0,0,-1,-1,0,0.999931461,NA,NA,70.000000000,MEASURED_CPU_FAULT,CPU;INTERVAL_FAULTS,NA,NA,NA,NA,NA,NA,NA,NA,NA,NA,NA,NA,NA,NA,NA,NA,NA,NA,NA,NA,NA,NA,NA,TARGET_GONE,identity no longer active
2026-10-02T16:04:27Z,APP_21637_3022645,21637,3022645,25,2380,211.411,0,0,-1,-1,0,0.999931461,NA,NA,70.000000000,MEASURED_CPU_FAULT,CPU;INTERVAL_FAULTS,NA,NA,NA,NA,NA,NA,NA,NA,NA,NA,NA,NA,NA,NA,NA,NA,NA,NA,NA,NA,NA,NA,NA,TARGET_GONE,identity no longer active
2026-10-02T16:04:27Z,APP_21637_3022645,21637,3022645,25,2381,201.802,0,0,-1,-1,0,0.999931461,NA,NA,70.000000000,MEASURED_CPU_FAULT,CPU;INTERVAL_FAULTS,NA,NA,NA,NA,NA,NA,NA,NA,NA,NA,NA,NA,NA,NA,NA,NA,NA,NA,NA,NA,NA,NA,NA,TARGET_GONE,identity no longer active
2026-10-02T16:04:27Z,APP_21637_3022645,21637,3022645,25,2382,198.095,0,0,-1,-1,0,0.999931461,NA,NA,70.000000000,MEASURED_CPU_FAULT,CPU;INTERVAL_FAULTS,NA,NA,NA,NA,NA,NA,NA,NA,NA,NA,NA,NA,NA,NA,NA,NA,NA,NA,NA,NA,NA,NA,NA,TARGET_GONE,identity no longer active
2026-10-02T16:04:27Z,APP_21637_3022645,21637,3022645,25,2383,201.802,0,0,-1,-1,0,0.999931461,NA,NA,70.000000000,MEASURED_CPU_FAULT,CPU;INTERVAL_FAULTS,NA,NA,NA,NA,NA,NA,NA,NA,NA,NA,NA,NA,NA,NA,NA,NA,NA,NA,NA,NA,NA,NA,NA,TARGET_GONE,identity no longer active
2026-10-02T16:04:27Z,APP_21637_3022645,21637,3022645,25,2384,197.413,0,0,-1,-1,0,0.999931461,NA,NA,70.000000000,MEASURED_CPU_FAULT,CPU;INTERVAL_FAULTS,NA,NA,NA,NA,NA,NA,NA,NA,NA,NA,NA,NA,NA,NA,NA,NA,NA,NA,NA,NA,NA,NA,NA,TARGET_GONE,identity no longer active
2026-10-02T16:04:27Z,APP_21637_3022645,21637,3022645,25,2385,201.499,0,0,-1,-1,0,0.999931461,NA,NA,70.000000000,MEASURED_CPU_FAULT,CPU;INTERVAL_FAULTS,NA,NA,NA,NA,NA,NA,NA,NA,NA,NA,NA,NA,NA,NA,NA,NA,NA,NA,NA,NA,NA,NA,NA,TARGET_GONE,identity no longer active
2026-10-02T16:04:28Z,APP_21637_3022645,21637,3022645,25,2386,198.066,0,0,-1,-1,0,0.999931461,NA,NA,70.000000000,MEASURED_CPU_FAULT,CPU;INTERVAL_FAULTS,NA,NA,NA,NA,NA,NA,NA,NA,NA,NA,NA,NA,NA,NA,NA,NA,NA,NA,NA,NA,NA,NA,NA,TARGET_GONE,identity no longer active
2026-10-02T16:04:28Z,APP_21637_3022645,21637,3022645,25,2387,201.198,0,0,-1,-1,0,0.999931461,NA,NA,70.000000000,MEASURED_CPU_FAULT,CPU;INTERVAL_FAULTS,NA,NA,NA,NA,NA,NA,NA,NA,NA,NA,NA,NA,NA,NA,NA,NA,NA,NA,NA,NA,NA,NA,NA,TARGET_GONE,identity no longer active
2026-10-02T16:04:28Z,APP_21637_3022645,21637,3022645,25,2388,198.621,0,0,-1,-1,0,0.999931461,NA,NA,70.000000000,MEASURED_CPU_FAULT,CPU;INTERVAL_FAULTS,NA,NA,NA,NA,NA,NA,NA,NA,NA,NA,NA,NA,NA,NA,NA,NA,NA,NA,NA,NA,NA,NA,NA,TARGET_GONE,identity no longer active
2026-10-02T16:04:28Z,APP_21637_3022645,21637,3022645,25,2389,211.411,0,0,-1,-1,0,0.999931461,NA,NA,70.000000000,MEASURED_CPU_FAULT,CPU;INTERVAL_FAULTS,NA,NA,NA,NA,NA,NA,NA,NA,NA,NA,NA,NA,NA,NA,NA,NA,NA,NA,NA,NA,NA,NA,NA,TARGET_GONE,identity no longer active
2026-10-02T16:04:28Z,APP_21637_3022645,21637,3022645,25,2390,201.499,0,0,-1,-1,0,0.999931461,NA,NA,70.000000000,MEASURED_CPU_FAULT,CPU;INTERVAL_FAULTS,NA,NA,NA,NA,NA,NA,NA,NA,NA,NA,NA,NA,NA,NA,NA,NA,NA,NA,NA,NA,NA,NA,NA,TARGET_GONE,identity no longer active
2026-10-02T16:04:28Z,APP_21637_3022645,21637,3022645,25,2391,198.331,0,0,-1,-1,0,0.999931461,NA,NA,70.000000000,MEASURED_CPU_FAULT,CPU;INTERVAL_FAULTS,NA,NA,NA,NA,NA,NA,NA,NA,NA,NA,NA,NA,NA,NA,NA,NA,NA,NA,NA,NA,NA,NA,NA,TARGET_GONE,identity no longer active
2026-10-02T16:04:28Z,APP_21637_3022645,21637,3022645,25,2392,201.198,0,0,-1,-1,0,0.999931461,NA,NA,70.000000000,MEASURED_CPU_FAULT,CPU;INTERVAL_FAULTS,NA,NA,NA,NA,NA,NA,NA,NA,NA,NA,NA,NA,NA,NA,NA,NA,NA,NA,NA,NA,NA,NA,NA,TARGET_GONE,identity no longer active
2026-10-02T16:04:28Z,APP_21637_3022645,21637,3022645,25,2393,197.610,0,0,-1,-1,0,0.999931461,NA,NA,70.000000000,MEASURED_CPU_FAULT,CPU;INTERVAL_FAULTS,NA,NA,NA,NA,NA,NA,NA,NA,NA,NA,NA,NA,NA,NA,NA,NA,NA,NA,NA,NA,NA,NA,NA,TARGET_GONE,identity no longer active
2026-10-02T16:04:29Z,APP_21637_3022645,21637,3022645,25,2394,201.499,0,0,-1,-1,0,0.999931461,NA,NA,70.000000000,MEASURED_CPU_FAULT,CPU;INTERVAL_FAULTS,NA,NA,NA,NA,NA,NA,NA,NA,NA,NA,NA,NA,NA,NA,NA,NA,NA,NA,NA,NA,NA,NA,NA,TARGET_GONE,identity no longer active
2026-10-02T16:04:29Z,APP_21637_3022645,21637,3022645,25,2395,197.413,0,0,-1,-1,0,0.999931461,NA,NA,70.000000000,MEASURED_CPU_FAULT,CPU;INTERVAL_FAULTS,NA,NA,NA,NA,NA,NA,NA,NA,NA,NA,NA,NA,NA,NA,NA,NA,NA,NA,NA,NA,NA,NA,NA,TARGET_GONE,identity no longer active
2026-10-02T16:04:29Z,APP_21637_3022645,21637,3022645,25,2396,211.094,0,0,-1,-1,0,0.999931461,NA,NA,70.000000000,MEASURED_CPU_FAULT,CPU;INTERVAL_FAULTS,NA,NA,NA,NA,NA,NA,NA,NA,NA,NA,NA,NA,NA,NA,NA,NA,NA,NA,NA,NA,NA,NA,NA,TARGET_GONE,identity no longer active
2026-10-02T16:04:29Z,APP_21637_3022645,21637,3022645,25,2397,196.587,0,0,-1,-1,0,0.999931461,NA,NA,70.000000000,MEASURED_CPU_FAULT,CPU;INTERVAL_FAULTS,NA,NA,NA,NA,NA,NA,NA,NA,NA,NA,NA,NA,NA,NA,NA,NA,NA,NA,NA,NA,NA,NA,NA,TARGET_GONE,identity no longer active
2026-10-02T16:04:29Z,APP_21637_3022645,21637,3022645,25,2398,210.778,0,0,-1,-1,0,0.999931461,NA,NA,70.000000000,MEASURED_CPU_FAULT,CPU;INTERVAL_FAULTS,NA,NA,NA,NA,NA,NA,NA,NA,NA,NA,NA,NA,NA,NA,NA,NA,NA,NA,NA,NA,NA,NA,NA,TARGET_GONE,identity no longer active
2026-10-02T16:04:29Z,APP_21637_3022645,21637,3022645,25,2399,192.192,0,0,-1,-1,0,0.999931461,NA,NA,70.000000000,MEASURED_CPU_FAULT,CPU;INTERVAL_FAULTS,NA,NA,NA,NA,NA,NA,NA,NA,NA,NA,NA,NA,NA,NA,NA,NA,NA,NA,NA,NA,NA,NA,NA,TARGET_GONE,identity no longer active
2026-10-02T16:04:29Z,APP_21637_3022645,21637,3022645,25,2400,205.959,0,0,-1,-1,0,0.999931461,NA,NA,70.000000000,MEASURED_CPU_FAULT,CPU;INTERVAL_FAULTS,NA,NA,NA,NA,NA,NA,NA,NA,NA,NA,NA,NA,NA,NA,NA,NA,NA,NA,NA,NA,NA,NA,NA,TARGET_GONE,identity no longer active
2026-10-02T16:04:29Z,APP_21637_3022645,21637,3022645,25,2401,201.198,0,0,-1,-1,0,0.999931461,NA,NA,70.000000000,MEASURED_CPU_FAULT,CPU;INTERVAL_FAULTS,NA,NA,NA,NA,NA,NA,NA,NA,NA,NA,NA,NA,NA,NA,NA,NA,NA,NA,NA,NA,NA,NA,NA,TARGET_GONE,identity no longer active
2026-10-02T16:04:30Z,APP_21637_3022645,21637,3022645,25,2402,197.610,0,0,-1,-1,0,0.999931461,NA,NA,70.000000000,MEASURED_CPU_FAULT,CPU;INTERVAL_FAULTS,NA,NA,NA,NA,NA,NA,NA,NA,NA,NA,NA,NA,NA,NA,NA,NA,NA,NA,NA,NA,NA,NA,NA,TARGET_GONE,identity no longer active
2026-10-02T16:04:30Z,APP_21637_3022645,21637,3022645,25,2403,201.802,0,0,-1,-1,0,0.999931461,NA,NA,70.000000000,MEASURED_CPU_FAULT,CPU;INTERVAL_FAULTS,NA,NA,NA,NA,NA,NA,NA,NA,NA,NA,NA,NA,NA,NA,NA,NA,NA,NA,NA,NA,NA,NA,NA,TARGET_GONE,identity no longer active
2026-10-02T16:04:30Z,APP_21637_3022645,21637,3022645,25,2404,197.217,0,0,-1,-1,0,0.999931461,NA,NA,70.000000000,MEASURED_CPU_FAULT,CPU;INTERVAL_FAULTS,NA,NA,NA,NA,NA,NA,NA,NA,NA,NA,NA,NA,NA,NA,NA,NA,NA,NA,NA,NA,NA,NA,NA,TARGET_GONE,identity no longer active
2026-10-02T16:04:30Z,APP_21637_3022645,21637,3022645,25,2405,201.802,0,0,-1,-1,0,0.999931461,NA,NA,70.000000000,MEASURED_CPU_FAULT,CPU;INTERVAL_FAULTS,NA,NA,NA,NA,NA,NA,NA,NA,NA,NA,NA,NA,NA,NA,NA,NA,NA,NA,NA,NA,NA,NA,NA,TARGET_GONE,identity no longer active
2026-10-02T16:04:30Z,APP_21637_3022645,21637,3022645,25,2406,200.801,0,0,-1,-1,0,0.999931461,NA,NA,70.000000000,MEASURED_CPU_FAULT,CPU;INTERVAL_FAULTS,NA,NA,NA,NA,NA,NA,NA,NA,NA,NA,NA,NA,NA,NA,NA,NA,NA,NA,NA,NA,NA,NA,NA,TARGET_GONE,identity no longer active
2026-10-02T16:04:30Z,APP_21637_3022645,21637,3022645,25,2407,191.045,0,0,-1,-1,0,0.999931461,NA,NA,70.000000000,MEASURED_CPU_FAULT,CPU;INTERVAL_FAULTS,NA,NA,NA,NA,NA,NA,NA,NA,NA,NA,NA,NA,NA,NA,NA,NA,NA,NA,NA,NA,NA,NA,NA,TARGET_GONE,identity no longer active
2026-10-02T16:04:30Z,APP_21637_3022645,21637,3022645,25,2408,201.499,0,0,-1,-1,0,0.999931461,NA,NA,70.000000000,MEASURED_CPU_FAULT,CPU;INTERVAL_FAULTS,NA,NA,NA,NA,NA,NA,NA,NA,NA,NA,NA,NA,NA,NA,NA,NA,NA,NA,NA,NA,NA,NA,NA,TARGET_GONE,identity no longer active
2026-10-02T16:04:30Z,APP_21637_3022645,21637,3022645,25,2409,198.331,0,0,-1,-1,0,0.999931461,NA,NA,70.000000000,MEASURED_CPU_FAULT,CPU;INTERVAL_FAULTS,NA,NA,NA,NA,NA,NA,NA,NA,NA,NA,NA,NA,NA,NA,NA,NA,NA,NA,NA,NA,NA,NA,NA,TARGET_GONE,identity no longer active
2026-10-02T16:04:31Z,APP_21637_3022645,21637,3022645,25,2410,201.198,0,0,-1,-1,0,0.999931461,NA,NA,70.000000000,MEASURED_CPU_FAULT,CPU;INTERVAL_FAULTS,NA,NA,NA,NA,NA,NA,NA,NA,NA,NA,NA,NA,NA,NA,NA,NA,NA,NA,NA,NA,NA,NA,NA,TARGET_GONE,identity no longer active
2026-10-02T16:04:31Z,APP_21637_3022645,21637,3022645,25,2411,197.413,0,0,-1,-1,0,0.999931461,NA,NA,70.000000000,MEASURED_CPU_FAULT,CPU;INTERVAL_FAULTS,NA,NA,NA,NA,NA,NA,NA,NA,NA,NA,NA,NA,NA,NA,NA,NA,NA,NA,NA,NA,NA,NA,NA,TARGET_GONE,identity no longer active
2026-10-02T16:04:31Z,APP_21637_3022645,21637,3022645,25,2412,201.499,0,0,-1,-1,0,0.999931461,NA,NA,70.000000000,MEASURED_CPU_FAULT,CPU;INTERVAL_FAULTS,NA,NA,NA,NA,NA,NA,NA,NA,NA,NA,NA,NA,NA,NA,NA,NA,NA,NA,NA,NA,NA,NA,NA,TARGET_GONE,identity no longer active
2026-10-02T16:04:31Z,APP_21637_3022645,21637,3022645,25,2413,197.610,0,0,-1,-1,0,0.999931461,NA,NA,70.000000000,MEASURED_CPU_FAULT,CPU;INTERVAL_FAULTS,NA,NA,NA,NA,NA,NA,NA,NA,NA,NA,NA,NA,NA,NA,NA,NA,NA,NA,NA,NA,NA,NA,NA,TARGET_GONE,identity no longer active
2026-10-02T16:04:31Z,APP_21637_3022645,21637,3022645,25,2414,211.094,0,0,-1,-1,0,0.999931461,NA,NA,70.000000000,MEASURED_CPU_FAULT,CPU;INTERVAL_FAULTS,NA,NA,NA,NA,NA,NA,NA,NA,NA,NA,NA,NA,NA,NA,NA,NA,NA,NA,NA,NA,NA,NA,NA,TARGET_GONE,identity no longer active
2026-10-02T16:04:31Z,APP_21637_3022645,21637,3022645,25,2415,198.706,0,0,-1,-1,0,0.999931461,NA,NA,70.000000000,MEASURED_CPU_FAULT,CPU;INTERVAL_FAULTS,NA,NA,NA,NA,NA,NA,NA,NA,NA,NA,NA,NA,NA,NA,NA,NA,NA,NA,NA,NA,NA,NA,NA,TARGET_GONE,identity no longer active
2026-10-02T16:04:31Z,APP_21637_3022645,21637,3022645,25,2416,191.617,0,0,-1,-1,0,0.999931461,NA,NA,70.000000000,MEASURED_CPU_FAULT,CPU;INTERVAL_FAULTS,NA,NA,NA,NA,NA,NA,NA,NA,NA,NA,NA,NA,NA,NA,NA,NA,NA,NA,NA,NA,NA,NA,NA,TARGET_GONE,identity no longer active
2026-10-02T16:04:32Z,APP_21637_3022645,21637,3022645,25,2417,201.499,0,0,-1,-1,0,0.999931461,NA,NA,70.000000000,MEASURED_CPU_FAULT,CPU;INTERVAL_FAULTS,NA,NA,NA,NA,NA,NA,NA,NA,NA,NA,NA,NA,NA,NA,NA,NA,NA,NA,NA,NA,NA,NA,NA,TARGET_GONE,identity no longer active
2026-10-02T16:04:32Z,APP_21637_3022645,21637,3022645,25,2418,206.205,0,0,-1,-1,0,0.999931461,NA,NA,70.000000000,MEASURED_CPU_FAULT,CPU;INTERVAL_FAULTS,NA,NA,NA,NA,NA,NA,NA,NA,NA,NA,NA,NA,NA,NA,NA,NA,NA,NA,NA,NA,NA,NA,NA,TARGET_GONE,identity no longer active
2026-10-02T16:04:32Z,APP_21637_3022645,21637,3022645,25,2419,191.617,0,0,-1,-1,0,0.999931461,NA,NA,70.000000000,MEASURED_CPU_FAULT,CPU;INTERVAL_FAULTS,NA,NA,NA,NA,NA,NA,NA,NA,NA,NA,NA,NA,NA,NA,NA,NA,NA,NA,NA,NA,NA,NA,NA,TARGET_GONE,identity no longer active
2026-10-02T16:04:32Z,APP_21637_3022645,21637,3022645,25,2420,203.781,0,0,-1,-1,0,0.999931461,NA,NA,70.000000000,MEASURED_CPU_FAULT,CPU;INTERVAL_FAULTS,NA,NA,NA,NA,NA,NA,NA,NA,NA,NA,NA,NA,NA,NA,NA,NA,NA,NA,NA,NA,NA,NA,NA,TARGET_GONE,identity no longer active
2026-10-02T16:04:32Z,APP_21637_3022645,21637,3022645,25,2421,191.904,0,0,-1,-1,0,0.999931461,NA,NA,70.000000000,MEASURED_CPU_FAULT,CPU;INTERVAL_FAULTS,NA,NA,NA,NA,NA,NA,NA,NA,NA,NA,NA,NA,NA,NA,NA,NA,NA,NA,NA,NA,NA,NA,NA,TARGET_GONE,identity no longer active
2026-10-02T16:04:32Z,APP_21637_3022645,21637,3022645,25,2422,204.187,0,0,-1,-1,0,0.999931461,NA,NA,70.000000000,MEASURED_CPU_FAULT,CPU;INTERVAL_FAULTS,NA,NA,NA,NA,NA,NA,NA,NA,NA,NA,NA,NA,NA,NA,NA,NA,NA,NA,NA,NA,NA,NA,NA,TARGET_GONE,identity no longer active
2026-10-02T16:04:32Z,APP_21637_3022645,21637,3022645,25,2423,191.904,0,0,-1,-1,0,0.999931461,NA,NA,70.000000000,MEASURED_CPU_FAULT,CPU;INTERVAL_FAULTS,NA,NA,NA,NA,NA,NA,NA,NA,NA,NA,NA,NA,NA,NA,NA,NA,NA,NA,NA,NA,NA,NA,NA,TARGET_GONE,identity no longer active
2026-10-02T16:04:33Z,APP_21637_3022645,21637,3022645,25,2424,203.579,0,0,-1,-1,0,0.999931461,NA,NA,70.000000000,MEASURED_CPU_FAULT,CPU;INTERVAL_FAULTS,NA,NA,NA,NA,NA,NA,NA,NA,NA,NA,NA,NA,NA,NA,NA,NA,NA,NA,NA,NA,NA,NA,NA,TARGET_GONE,identity no longer active
2026-10-02T16:04:33Z,APP_21637_3022645,21637,3022645,25,2425,191.045,0,0,-1,-1,0,0.999931461,NA,NA,70.000000000,MEASURED_CPU_FAULT,CPU;INTERVAL_FAULTS,NA,NA,NA,NA,NA,NA,NA,NA,NA,NA,NA,NA,NA,NA,NA,NA,NA,NA,NA,NA,NA,NA,NA,TARGET_GONE,identity no longer active
2026-10-02T16:04:33Z,APP_21637_3022645,21637,3022645,25,2426,211.094,0,0,-1,-1,0,0.999931461,NA,NA,70.000000000,MEASURED_CPU_FAULT,CPU;INTERVAL_FAULTS,NA,NA,NA,NA,NA,NA,NA,NA,NA,NA,NA,NA,NA,NA,NA,NA,NA,NA,NA,NA,NA,NA,NA,TARGET_GONE,identity no longer active
2026-10-02T16:04:33Z,APP_21637_3022645,21637,3022645,25,2427,190.931,0,0,-1,-1,0,0.999931461,NA,NA,70.000000000,MEASURED_CPU_FAULT,CPU;INTERVAL_FAULTS,NA,NA,NA,NA,NA,NA,NA,NA,NA,NA,NA,NA,NA,NA,NA,NA,NA,NA,NA,NA,NA,NA,NA,TARGET_GONE,identity no longer active
2026-10-02T16:04:33Z,APP_21637_3022645,21637,3022645,25,2428,201.499,0,0,-1,-1,0,0.999931461,NA,NA,70.000000000,MEASURED_CPU_FAULT,CPU;INTERVAL_FAULTS,NA,NA,NA,NA,NA,NA,NA,NA,NA,NA,NA,NA,NA,NA,NA,NA,NA,NA,NA,NA,NA,NA,NA,TARGET_GONE,identity no longer active
2026-10-02T16:04:33Z,APP_21637_3022645,21637,3022645,25,2429,202.973,0,0,-1,-1,0,0.999931461,NA,NA,70.000000000,MEASURED_CPU_FAULT,CPU;INTERVAL_FAULTS,NA,NA,NA,NA,NA,NA,NA,NA,NA,NA,NA,NA,NA,NA,NA,NA,NA,NA,NA,NA,NA,NA,NA,TARGET_GONE,identity no longer active
2026-10-02T16:04:33Z,APP_21637_3022645,21637,3022645,25,2430,202.105,0,0,-1,-1,0,0.999931461,NA,NA,70.000000000,MEASURED_CPU_FAULT,CPU;INTERVAL_FAULTS,NA,NA,NA,NA,NA,NA,NA,NA,NA,NA,NA,NA,NA,NA,NA,NA,NA,NA,NA,NA,NA,NA,NA,TARGET_GONE,identity no longer active
2026-10-02T16:04:33Z,APP_21637_3022645,21637,3022645,25,2431,197.413,0,0,-1,-1,0,0.999931461,NA,NA,70.000000000,MEASURED_CPU_FAULT,CPU;INTERVAL_FAULTS,NA,NA,NA,NA,NA,NA,NA,NA,NA,NA,NA,NA,NA,NA,NA,NA,NA,NA,NA,NA,NA,NA,NA,TARGET_GONE,identity no longer active
2026-10-02T16:04:33Z,APP_21637_3022645,21637,3022645,25,2432,201.802,0,0,-1,-1,0,0.999931461,NA,NA,70.000000000,MEASURED_CPU_FAULT,CPU;INTERVAL_FAULTS,NA,NA,NA,NA,NA,NA,NA,NA,NA,NA,NA,NA,NA,NA,NA,NA,NA,NA,NA,NA,NA,NA,NA,TARGET_GONE,identity no longer active
2026-10-02T16:04:34Z,APP_21637_3022645,21637,3022645,25,2433,200.000,0,0,-1,-1,0,0.999931461,NA,NA,70.000000000,MEASURED_CPU_FAULT,CPU;INTERVAL_FAULTS,NA,NA,NA,NA,NA,NA,NA,NA,NA,NA,NA,NA,NA,NA,NA,NA,NA,NA,NA,NA,NA,NA,NA,TARGET_GONE,identity no longer active
2026-10-02T16:04:34Z,APP_21637_3022645,21637,3022645,25,2434,191.617,0,0,-1,-1,0,0.999931461,NA,NA,70.000000000,MEASURED_CPU_FAULT,CPU;INTERVAL_FAULTS,NA,NA,NA,NA,NA,NA,NA,NA,NA,NA,NA,NA,NA,NA,NA,NA,NA,NA,NA,NA,NA,NA,NA,TARGET_GONE,identity no longer active
2026-10-02T16:04:34Z,APP_21637_3022645,21637,3022645,25,2435,201.499,0,0,-1,-1,0,0.999931461,NA,NA,70.000000000,MEASURED_CPU_FAULT,CPU;INTERVAL_FAULTS,NA,NA,NA,NA,NA,NA,NA,NA,NA,NA,NA,NA,NA,NA,NA,NA,NA,NA,NA,NA,NA,NA,NA,TARGET_GONE,identity no longer active
2026-10-02T16:04:34Z,APP_21637_3022645,21637,3022645,25,2436,198.568,0,0,-1,-1,0,0.999931461,NA,NA,70.000000000,MEASURED_CPU_FAULT,CPU;INTERVAL_FAULTS,NA,NA,NA,NA,NA,NA,NA,NA,NA,NA,NA,NA,NA,NA,NA,NA,NA,NA,NA,NA,NA,NA,NA,TARGET_GONE,identity no longer active
2026-10-02T16:04:34Z,APP_21637_3022645,21637,3022645,25,2437,201.198,0,0,-1,-1,0,0.999931461,NA,NA,70.000000000,MEASURED_CPU_FAULT,CPU;INTERVAL_FAULTS,NA,NA,NA,NA,NA,NA,NA,NA,NA,NA,NA,NA,NA,NA,NA,NA,NA,NA,NA,NA,NA,NA,NA,TARGET_GONE,identity no longer active
2026-10-02T16:04:34Z,APP_21637_3022645,21637,3022645,25,2438,203.175,0,0,-1,-1,0,0.999931461,NA,NA,70.000000000,MEASURED_CPU_FAULT,CPU;INTERVAL_FAULTS,NA,NA,NA,NA,NA,NA,NA,NA,NA,NA,NA,NA,NA,NA,NA,NA,NA,NA,NA,NA,NA,NA,NA,TARGET_GONE,identity no longer active
2026-10-02T16:04:34Z,APP_21637_3022645,21637,3022645,25,2439,201.802,0,0,-1,-1,0,0.999931461,NA,NA,70.000000000,MEASURED_CPU_FAULT,CPU;INTERVAL_FAULTS,NA,NA,NA,NA,NA,NA,NA,NA,NA,NA,NA,NA,NA,NA,NA,NA,NA,NA,NA,NA,NA,NA,NA,TARGET_GONE,identity no longer active
2026-10-02T16:04:35Z,APP_21637_3022645,21637,3022645,25,2440,197.610,0,0,-1,-1,0,0.999931461,NA,NA,70.000000000,MEASURED_CPU_FAULT,CPU;INTERVAL_FAULTS,NA,NA,NA,NA,NA,NA,NA,NA,NA,NA,NA,NA,NA,NA,NA,NA,NA,NA,NA,NA,NA,NA,NA,TARGET_GONE,identity no longer active
2026-10-02T16:04:35Z,APP_21637_3022645,21637,3022645,25,2441,201.198,0,0,-1,-1,0,0.999931461,NA,NA,70.000000000,MEASURED_CPU_FAULT,CPU;INTERVAL_FAULTS,NA,NA,NA,NA,NA,NA,NA,NA,NA,NA,NA,NA,NA,NA,NA,NA,NA,NA,NA,NA,NA,NA,NA,TARGET_GONE,identity no longer active
2026-10-02T16:04:35Z,APP_21637_3022645,21637,3022645,25,2442,200.784,0,0,-1,-1,0,0.999931461,NA,NA,70.000000000,MEASURED_CPU_FAULT,CPU;INTERVAL_FAULTS,NA,NA,NA,NA,NA,NA,NA,NA,NA,NA,NA,NA,NA,NA,NA,NA,NA,NA,NA,NA,NA,NA,NA,TARGET_GONE,identity no longer active
2026-10-02T16:04:35Z,APP_21637_3022645,21637,3022645,25,2443,192.385,0,0,-1,-1,0,0.999931461,NA,NA,70.000000000,MEASURED_CPU_FAULT,CPU;INTERVAL_FAULTS,NA,NA,NA,NA,NA,NA,NA,NA,NA,NA,NA,NA,NA,NA,NA,NA,NA,NA,NA,NA,NA,NA,NA,TARGET_GONE,identity no longer active
2026-10-02T16:04:35Z,APP_21637_3022645,21637,3022645,25,2444,201.198,0,0,-1,-1,0,0.999931461,NA,NA,70.000000000,MEASURED_CPU_FAULT,CPU;INTERVAL_FAULTS,NA,NA,NA,NA,NA,NA,NA,NA,NA,NA,NA,NA,NA,NA,NA,NA,NA,NA,NA,NA,NA,NA,NA,TARGET_GONE,identity no longer active
2026-10-02T16:04:35Z,APP_21637_3022645,21637,3022645,25,2445,199.703,0,0,-1,-1,0,0.999931461,NA,NA,70.000000000,MEASURED_CPU_FAULT,CPU;INTERVAL_FAULTS,NA,NA,NA,NA,NA,NA,NA,NA,NA,NA,NA,NA,NA,NA,NA,NA,NA,NA,NA,NA,NA,NA,NA,TARGET_GONE,identity no longer active
2026-10-02T16:04:35Z,APP_21637_3022645,21637,3022645,25,2446,201.499,0,0,-1,-1,0,0.999931461,NA,NA,70.000000000,MEASURED_CPU_FAULT,CPU;INTERVAL_FAULTS,NA,NA,NA,NA,NA,NA,NA,NA,NA,NA,NA,NA,NA,NA,NA,NA,NA,NA,NA,NA,NA,NA,NA,TARGET_GONE,identity no longer active
2026-10-02T16:04:35Z,APP_21637_3022645,21637,3022645,25,2447,197.217,0,0,-1,-1,0,0.999931461,NA,NA,70.000000000,MEASURED_CPU_FAULT,CPU;INTERVAL_FAULTS,NA,NA,NA,NA,NA,NA,NA,NA,NA,NA,NA,NA,NA,NA,NA,NA,NA,NA,NA,NA,NA,NA,NA,TARGET_GONE,identity no longer active
2026-10-02T16:04:36Z,APP_21637_3022645,21637,3022645,25,2448,201.198,0,0,-1,-1,0,0.999931461,NA,NA,70.000000000,MEASURED_CPU_FAULT,CPU;INTERVAL_FAULTS,NA,NA,NA,NA,NA,NA,NA,NA,NA,NA,NA,NA,NA,NA,NA,NA,NA,NA,NA,NA,NA,NA,NA,TARGET_GONE,identity no longer active
2026-10-02T16:04:36Z,APP_21637_3022645,21637,3022645,25,2449,197.807,0,0,-1,-1,0,0.999931461,NA,NA,70.000000000,MEASURED_CPU_FAULT,CPU;INTERVAL_FAULTS,NA,NA,NA,NA,NA,NA,NA,NA,NA,NA,NA,NA,NA,NA,NA,NA,NA,NA,NA,NA,NA,NA,NA,TARGET_GONE,identity no longer active
2026-10-02T16:04:36Z,APP_21637_3022645,21637,3022645,25,2450,210.778,0,0,-1,-1,0,0.999931461,NA,NA,70.000000000,MEASURED_CPU_FAULT,CPU;INTERVAL_FAULTS,NA,NA,NA,NA,NA,NA,NA,NA,NA,NA,NA,NA,NA,NA,NA,NA,NA,NA,NA,NA,NA,NA,NA,TARGET_GONE,identity no longer active
2026-10-02T16:04:36Z,APP_21637_3022645,21637,3022645,25,2451,198.578,0,0,-1,-1,0,0.999931461,NA,NA,70.000000000,MEASURED_CPU_FAULT,CPU;INTERVAL_FAULTS,NA,NA,NA,NA,NA,NA,NA,NA,NA,NA,NA,NA,NA,NA,NA,NA,NA,NA,NA,NA,NA,NA,NA,TARGET_GONE,identity no longer active
2026-10-02T16:04:36Z,APP_21637_3022645,21637,3022645,25,2452,204.391,0,0,-1,-1,0,0.999931461,NA,NA,70.000000000,MEASURED_CPU_FAULT,CPU;INTERVAL_FAULTS,NA,NA,NA,NA,NA,NA,NA,NA,NA,NA,NA,NA,NA,NA,NA,NA,NA,NA,NA,NA,NA,NA,NA,TARGET_GONE,identity no longer active
2026-10-02T16:04:36Z,APP_21637_3022645,21637,3022645,25,2453,201.802,0,0,-1,-1,0,0.999931461,NA,NA,70.000000000,MEASURED_CPU_FAULT,CPU;INTERVAL_FAULTS,NA,NA,NA,NA,NA,NA,NA,NA,NA,NA,NA,NA,NA,NA,NA,NA,NA,NA,NA,NA,NA,NA,NA,TARGET_GONE,identity no longer active
2026-10-02T16:04:36Z,APP_21637_3022645,21637,3022645,25,2454,196.267,0,0,-1,-1,0,0.999931461,NA,NA,70.000000000,MEASURED_CPU_FAULT,CPU;INTERVAL_FAULTS,NA,NA,NA,NA,NA,NA,NA,NA,NA,NA,NA,NA,NA,NA,NA,NA,NA,NA,NA,NA,NA,NA,NA,TARGET_GONE,identity no longer active
2026-10-02T16:04:36Z,APP_21637_3022645,21637,3022645,25,2455,201.802,0,0,-1,-1,0,0.999931461,NA,NA,70.000000000,MEASURED_CPU_FAULT,CPU;INTERVAL_FAULTS,NA,NA,NA,NA,NA,NA,NA,NA,NA,NA,NA,NA,NA,NA,NA,NA,NA,NA,NA,NA,NA,NA,NA,TARGET_GONE,identity no longer active
2026-10-02T16:04:37Z,APP_21637_3022645,21637,3022645,25,2456,200.190,0,0,-1,-1,0,0.999931461,NA,NA,70.000000000,MEASURED_CPU_FAULT,CPU;INTERVAL_FAULTS,NA,NA,NA,NA,NA,NA,NA,NA,NA,NA,NA,NA,NA,NA,NA,NA,NA,NA,NA,NA,NA,NA,NA,TARGET_GONE,identity no longer active
2026-10-02T16:04:37Z,APP_21637_3022645,21637,3022645,25,2457,191.904,0,0,-1,-1,0,0.999931461,NA,NA,70.000000000,MEASURED_CPU_FAULT,CPU;INTERVAL_FAULTS,NA,NA,NA,NA,NA,NA,NA,NA,NA,NA,NA,NA,NA,NA,NA,NA,NA,NA,NA,NA,NA,NA,NA,TARGET_GONE,identity no longer active
2026-10-02T16:04:37Z,APP_21637_3022645,21637,3022645,25,2458,201.527,0,0,-1,-1,0,0.999931461,NA,NA,70.000000000,MEASURED_CPU_FAULT,CPU;INTERVAL_FAULTS,NA,NA,NA,NA,NA,NA,NA,NA,NA,NA,NA,NA,NA,NA,NA,NA,NA,NA,NA,NA,NA,NA,NA,TARGET_GONE,identity no longer active
2026-10-02T16:04:37Z,APP_21637_3022645,21637,3022645,25,2459,201.198,0,0,-1,-1,0,0.999931461,NA,NA,70.000000000,MEASURED_CPU_FAULT,CPU;INTERVAL_FAULTS,NA,NA,NA,NA,NA,NA,NA,NA,NA,NA,NA,NA,NA,NA,NA,NA,NA,NA,NA,NA,NA,NA,NA,TARGET_GONE,identity no longer active
2026-10-02T16:04:37Z,APP_21637_3022645,21637,3022645,25,2460,200.000,0,0,-1,-1,0,0.999931461,NA,NA,70.000000000,MEASURED_CPU_FAULT,CPU;INTERVAL_FAULTS,NA,NA,NA,NA,NA,NA,NA,NA,NA,NA,NA,NA,NA,NA,NA,NA,NA,NA,NA,NA,NA,NA,NA,TARGET_GONE,identity no longer active
2026-10-02T16:04:37Z,APP_21637_3022645,21637,3022645,25,2461,211.411,0,0,-1,-1,0,0.999931461,NA,NA,70.000000000,MEASURED_CPU_FAULT,CPU;INTERVAL_FAULTS,NA,NA,NA,NA,NA,NA,NA,NA,NA,NA,NA,NA,NA,NA,NA,NA,NA,NA,NA,NA,NA,NA,NA,TARGET_GONE,identity no longer active
2026-10-02T16:04:37Z,APP_21637_3022645,21637,3022645,25,2462,191.904,0,0,-1,-1,0,0.999931461,NA,NA,70.000000000,MEASURED_CPU_FAULT,CPU;INTERVAL_FAULTS,NA,NA,NA,NA,NA,NA,NA,NA,NA,NA,NA,NA,NA,NA,NA,NA,NA,NA,NA,NA,NA,NA,NA,TARGET_GONE,identity no longer active
2026-10-02T16:04:37Z,APP_21637_3022645,21637,3022645,25,2463,202.486,0,0,-1,-1,0,0.999931461,NA,NA,70.000000000,MEASURED_CPU_FAULT,CPU;INTERVAL_FAULTS,NA,NA,NA,NA,NA,NA,NA,NA,NA,NA,NA,NA,NA,NA,NA,NA,NA,NA,NA,NA,NA,NA,NA,TARGET_GONE,identity no longer active
2026-10-02T16:04:38Z,APP_21637_3022645,21637,3022645,25,2464,201.499,0,0,-1,-1,0,0.999931461,NA,NA,70.000000000,MEASURED_CPU_FAULT,CPU;INTERVAL_FAULTS,NA,NA,NA,NA,NA,NA,NA,NA,NA,NA,NA,NA,NA,NA,NA,NA,NA,NA,NA,NA,NA,NA,NA,TARGET_GONE,identity no longer active
2026-10-02T16:04:38Z,APP_21637_3022645,21637,3022645,25,2465,200.760,0,0,-1,-1,0,0.999931461,NA,NA,70.000000000,MEASURED_CPU_FAULT,CPU;INTERVAL_FAULTS,NA,NA,NA,NA,NA,NA,NA,NA,NA,NA,NA,NA,NA,NA,NA,NA,NA,NA,NA,NA,NA,NA,NA,TARGET_GONE,identity no longer active
2026-10-02T16:04:38Z,APP_21637_3022645,21637,3022645,25,2466,201.499,0,0,-1,-1,0,0.999931461,NA,NA,70.000000000,MEASURED_CPU_FAULT,CPU;INTERVAL_FAULTS,NA,NA,NA,NA,NA,NA,NA,NA,NA,NA,NA,NA,NA,NA,NA,NA,NA,NA,NA,NA,NA,NA,NA,TARGET_GONE,identity no longer active
2026-10-02T16:04:38Z,APP_21637_3022645,21637,3022645,25,2467,201.335,0,0,-1,-1,0,0.999931461,NA,NA,70.000000000,MEASURED_CPU_FAULT,CPU;INTERVAL_FAULTS,NA,NA,NA,NA,NA,NA,NA,NA,NA,NA,NA,NA,NA,NA,NA,NA,NA,NA,NA,NA,NA,NA,NA,TARGET_GONE,identity no longer active
2026-10-02T16:04:38Z,APP_21637_3022645,21637,3022645,25,2468,191.904,0,0,-1,-1,0,0.999931461,NA,NA,70.000000000,MEASURED_CPU_FAULT,CPU;INTERVAL_FAULTS,NA,NA,NA,NA,NA,NA,NA,NA,NA,NA,NA,NA,NA,NA,NA,NA,NA,NA,NA,NA,NA,NA,NA,TARGET_GONE,identity no longer active
2026-10-02T16:04:38Z,APP_21637_3022645,21637,3022645,25,2469,204.255,0,0,-1,-1,0,0.999931461,NA,NA,70.000000000,MEASURED_CPU_FAULT,CPU;INTERVAL_FAULTS,NA,NA,NA,NA,NA,NA,NA,NA,NA,NA,NA,NA,NA,NA,NA,NA,NA,NA,NA,NA,NA,NA,NA,TARGET_GONE,identity no longer active
2026-10-02T16:04:38Z,APP_21637_3022645,21637,3022645,25,2470,192.771,0,0,-1,-1,0,0.999931461,NA,NA,70.000000000,MEASURED_CPU_FAULT,CPU;INTERVAL_FAULTS,NA,NA,NA,NA,NA,NA,NA,NA,NA,NA,NA,NA,NA,NA,NA,NA,NA,NA,NA,NA,NA,NA,NA,TARGET_GONE,identity no longer active
2026-10-02T16:04:39Z,APP_21637_3022645,21637,3022645,25,2471,201.198,0,0,-1,-1,0,0.999931461,NA,NA,70.000000000,MEASURED_CPU_FAULT,CPU;INTERVAL_FAULTS,NA,NA,NA,NA,NA,NA,NA,NA,NA,NA,NA,NA,NA,NA,NA,NA,NA,NA,NA,NA,NA,NA,NA,TARGET_GONE,identity no longer active
2026-10-02T16:04:39Z,APP_21637_3022645,21637,3022645,25,2472,197.475,0,0,-1,-1,0,0.999931461,NA,NA,70.000000000,MEASURED_CPU_FAULT,CPU;INTERVAL_FAULTS,NA,NA,NA,NA,NA,NA,NA,NA,NA,NA,NA,NA,NA,NA,NA,NA,NA,NA,NA,NA,NA,NA,NA,TARGET_GONE,identity no longer active
2026-10-02T16:04:39Z,APP_21637_3022645,21637,3022645,25,2473,201.499,0,0,-1,-1,0,0.999931461,NA,NA,70.000000000,MEASURED_CPU_FAULT,CPU;INTERVAL_FAULTS,NA,NA,NA,NA,NA,NA,NA,NA,NA,NA,NA,NA,NA,NA,NA,NA,NA,NA,NA,NA,NA,NA,NA,TARGET_GONE,identity no longer active
2026-10-02T16:04:39Z,APP_21637_3022645,21637,3022645,25,2474,196.100,0,0,-1,-1,0,0.999931461,NA,NA,70.000000000,MEASURED_CPU_FAULT,CPU;INTERVAL_FAULTS,NA,NA,NA,NA,NA,NA,NA,NA,NA,NA,NA,NA,NA,NA,NA,NA,NA,NA,NA,NA,NA,NA,NA,TARGET_GONE,identity no longer active
2026-10-02T16:04:39Z,APP_21637_3022645,21637,3022645,25,2475,201.499,0,0,-1,-1,0,0.999931461,NA,NA,70.000000000,MEASURED_CPU_FAULT,CPU;INTERVAL_FAULTS,NA,NA,NA,NA,NA,NA,NA,NA,NA,NA,NA,NA,NA,NA,NA,NA,NA,NA,NA,NA,NA,NA,NA,TARGET_GONE,identity no longer active
2026-10-02T16:04:39Z,APP_21637_3022645,21637,3022645,25,2476,201.912,0,0,-1,-1,0,0.999931461,NA,NA,70.000000000,MEASURED_CPU_FAULT,CPU;INTERVAL_FAULTS,NA,NA,NA,NA,NA,NA,NA,NA,NA,NA,NA,NA,NA,NA,NA,NA,NA,NA,NA,NA,NA,NA,NA,TARGET_GONE,identity no longer active
2026-10-02T16:04:39Z,APP_21637_3022645,21637,3022645,25,2477,201.198,0,0,-1,-1,0,0.999931461,NA,NA,70.000000000,MEASURED_CPU_FAULT,CPU;INTERVAL_FAULTS,NA,NA,NA,NA,NA,NA,NA,NA,NA,NA,NA,NA,NA,NA,NA,NA,NA,NA,NA,NA,NA,NA,NA,TARGET_GONE,identity no longer active
2026-10-02T16:04:40Z,APP_21637_3022645,21637,3022645,25,2478,200.533,0,0,-1,-1,0,0.999931461,NA,NA,70.000000000,MEASURED_CPU_FAULT,CPU;INTERVAL_FAULTS,NA,NA,NA,NA,NA,NA,NA,NA,NA,NA,NA,NA,NA,NA,NA,NA,NA,NA,NA,NA,NA,NA,NA,TARGET_GONE,identity no longer active
2026-10-02T16:04:40Z,APP_21637_3022645,21637,3022645,25,2479,203.984,0,0,-1,-1,0,0.999931461,NA,NA,70.000000000,MEASURED_CPU_FAULT,CPU;INTERVAL_FAULTS,NA,NA,NA,NA,NA,NA,NA,NA,NA,NA,NA,NA,NA,NA,NA,NA,NA,NA,NA,NA,NA,NA,NA,TARGET_GONE,identity no longer active
2026-10-02T16:04:40Z,APP_21637_3022645,21637,3022645,25,2480,201.802,0,0,-1,-1,0,0.999931461,NA,NA,70.000000000,MEASURED_CPU_FAULT,CPU;INTERVAL_FAULTS,NA,NA,NA,NA,NA,NA,NA,NA,NA,NA,NA,NA,NA,NA,NA,NA,NA,NA,NA,NA,NA,NA,NA,TARGET_GONE,identity no longer active
2026-10-02T16:04:40Z,APP_21637_3022645,21637,3022645,25,2481,190.368,0,0,-1,-1,0,0.999931461,NA,NA,70.000000000,MEASURED_CPU_FAULT,CPU;INTERVAL_FAULTS,NA,NA,NA,NA,NA,NA,NA,NA,NA,NA,NA,NA,NA,NA,NA,NA,NA,NA,NA,NA,NA,NA,NA,TARGET_GONE,identity no longer active
2026-10-02T16:04:40Z,APP_21637_3022645,21637,3022645,25,2482,201.499,0,0,-1,-1,0,0.999931461,NA,NA,70.000000000,MEASURED_CPU_FAULT,CPU;INTERVAL_FAULTS,NA,NA,NA,NA,NA,NA,NA,NA,NA,NA,NA,NA,NA,NA,NA,NA,NA,NA,NA,NA,NA,NA,NA,TARGET_GONE,identity no longer active
2026-10-02T16:04:40Z,APP_21637_3022645,21637,3022645,25,2483,197.938,0,0,-1,-1,0,0.999931461,NA,NA,70.000000000,MEASURED_CPU_FAULT,CPU;INTERVAL_FAULTS,NA,NA,NA,NA,NA,NA,NA,NA,NA,NA,NA,NA,NA,NA,NA,NA,NA,NA,NA,NA,NA,NA,NA,TARGET_GONE,identity no longer active
2026-10-02T16:04:40Z,APP_21637_3022645,21637,3022645,25,2484,204.800,0,0,-1,-1,0,0.999931461,NA,NA,70.000000000,MEASURED_CPU_FAULT,CPU;INTERVAL_FAULTS,NA,NA,NA,NA,NA,NA,NA,NA,NA,NA,NA,NA,NA,NA,NA,NA,NA,NA,NA,NA,NA,NA,NA,TARGET_GONE,identity no longer active
2026-10-02T16:04:40Z,APP_21637_3022645,21637,3022645,25,2485,201.198,0,0,-1,-1,0,0.999931461,NA,NA,70.000000000,MEASURED_CPU_FAULT,CPU;INTERVAL_FAULTS,NA,NA,NA,NA,NA,NA,NA,NA,NA,NA,NA,NA,NA,NA,NA,NA,NA,NA,NA,NA,NA,NA,NA,TARGET_GONE,identity no longer active
2026-10-02T16:04:40Z,APP_21637_3022645,21637,3022645,25,2486,208.204,0,0,-1,-1,0,0.999931461,NA,NA,70.000000000,MEASURED_CPU_FAULT,CPU;INTERVAL_FAULTS,NA,NA,NA,NA,NA,NA,NA,NA,NA,NA,NA,NA,NA,NA,NA,NA,NA,NA,NA,NA,NA,NA,NA,TARGET_GONE,identity no longer active
2026-10-02T16:04:40Z,APP_21637_3022645,21637,3022645,25,2487,192.192,0,0,-1,-1,0,0.999931461,NA,NA,70.000000000,MEASURED_CPU_FAULT,CPU;INTERVAL_FAULTS,NA,NA,NA,NA,NA,NA,NA,NA,NA,NA,NA,NA,NA,NA,NA,NA,NA,NA,NA,NA,NA,NA,NA,TARGET_GONE,identity no longer active
2026-10-02T16:04:41Z,APP_21637_3022645,21637,3022645,25,2488,200.533,0,0,-1,-1,0,0.999931461,NA,NA,70.000000000,MEASURED_CPU_FAULT,CPU;INTERVAL_FAULTS,NA,NA,NA,NA,NA,NA,NA,NA,NA,NA,NA,NA,NA,NA,NA,NA,NA,NA,NA,NA,NA,NA,NA,TARGET_GONE,identity no longer active
2026-10-02T16:04:41Z,APP_21637_3022645,21637,3022645,25,2489,203.984,0,0,-1,-1,0,0.999931461,NA,NA,70.000000000,MEASURED_CPU_FAULT,CPU;INTERVAL_FAULTS,NA,NA,NA,NA,NA,NA,NA,NA,NA,NA,NA,NA,NA,NA,NA,NA,NA,NA,NA,NA,NA,NA,NA,TARGET_GONE,identity no longer active
2026-10-02T16:04:41Z,APP_21637_3022645,21637,3022645,25,2490,201.802,0,0,-1,-1,0,0.999931461,NA,NA,70.000000000,MEASURED_CPU_FAULT,CPU;INTERVAL_FAULTS,NA,NA,NA,NA,NA,NA,NA,NA,NA,NA,NA,NA,NA,NA,NA,NA,NA,NA,NA,NA,NA,NA,NA,TARGET_GONE,identity no longer active
2026-10-02T16:04:41Z,APP_21637_3022645,21637,3022645,25,2491,192.275,0,0,-1,-1,0,0.999931461,NA,NA,70.000000000,MEASURED_CPU_FAULT,CPU;INTERVAL_FAULTS,NA,NA,NA,NA,NA,NA,NA,NA,NA,NA,NA,NA,NA,NA,NA,NA,NA,NA,NA,NA,NA,NA,NA,TARGET_GONE,identity no longer active
2026-10-02T16:04:41Z,APP_21637_3022645,21637,3022645,25,2492,201.499,0,0,-1,-1,0,0.999931461,NA,NA,70.000000000,MEASURED_CPU_FAULT,CPU;INTERVAL_FAULTS,NA,NA,NA,NA,NA,NA,NA,NA,NA,NA,NA,NA,NA,NA,NA,NA,NA,NA,NA,NA,NA,NA,NA,TARGET_GONE,identity no longer active
2026-10-02T16:04:41Z,APP_21637_3022645,21637,3022645,25,2493,199.308,0,0,-1,-1,0,0.999931461,NA,NA,70.000000000,MEASURED_CPU_FAULT,CPU;INTERVAL_FAULTS,NA,NA,NA,NA,NA,NA,NA,NA,NA,NA,NA,NA,NA,NA,NA,NA,NA,NA,NA,NA,NA,NA,NA,TARGET_GONE,identity no longer active
2026-10-02T16:04:41Z,APP_21637_3022645,21637,3022645,25,2494,204.391,0,0,-1,-1,0,0.999931461,NA,NA,70.000000000,MEASURED_CPU_FAULT,CPU;INTERVAL_FAULTS,NA,NA,NA,NA,NA,NA,NA,NA,NA,NA,NA,NA,NA,NA,NA,NA,NA,NA,NA,NA,NA,NA,NA,TARGET_GONE,identity no longer active
2026-10-02T16:04:41Z,APP_21637_3022645,21637,3022645,25,2495,202.105,0,0,-1,-1,0,0.999931461,NA,NA,70.000000000,MEASURED_CPU_FAULT,CPU;INTERVAL_FAULTS,NA,NA,NA,NA,NA,NA,NA,NA,NA,NA,NA,NA,NA,NA,NA,NA,NA,NA,NA,NA,NA,NA,NA,TARGET_GONE,identity no longer active
2026-10-02T16:04:42Z,APP_21637_3022645,21637,3022645,25,2496,201.143,0,0,-1,-1,0,0.999931461,NA,NA,70.000000000,MEASURED_CPU_FAULT,CPU;INTERVAL_FAULTS,NA,NA,NA,NA,NA,NA,NA,NA,NA,NA,NA,NA,NA,NA,NA,NA,NA,NA,NA,NA,NA,NA,NA,TARGET_GONE,identity no longer active
2026-10-02T16:04:42Z,APP_21637_3022645,21637,3022645,25,2497,192.192,0,0,-1,-1,0,0.999931461,NA,NA,70.000000000,MEASURED_CPU_FAULT,CPU;INTERVAL_FAULTS,NA,NA,NA,NA,NA,NA,NA,NA,NA,NA,NA,NA,NA,NA,NA,NA,NA,NA,NA,NA,NA,NA,NA,TARGET_GONE,identity no longer active
2026-10-02T16:04:13Z,APP_21637_3022645,21637,3022645,26,2498,0.000,0,0,-1,-1,0,0.999931461,1,true,0.000000000,MEASURED_CPU_FAULT,CPU;INTERVAL_FAULTS,HOT,669.474315258,0.560000000,0.700000000,NA,NA,NA,NA,0.560000000,0.000000000,0.700000000,0.000000000,-1.000000000,1.232000000,NA,MOVE_THREAD,INVALID,NOT_APPLICABLE,INVALID,MOVE_THREAD,-1,-1,false,TARGET_GONE,identity no longer active
2026-10-02T16:04:14Z,APP_21637_3022645,21637,3022645,26,2499,0.000,0,0,-1,-1,0,0.999931461,NA,NA,0.000000000,MEASURED_CPU_FAULT,CPU;INTERVAL_FAULTS,NA,NA,NA,NA,NA,NA,NA,NA,NA,NA,NA,NA,NA,NA,NA,NA,NA,NA,NA,NA,NA,NA,NA,TARGET_GONE,identity no longer active
2026-10-02T16:04:14Z,APP_21637_3022645,21637,3022645,26,2500,0.000,0,0,-1,-1,0,0.999931461,NA,NA,0.000000000,MEASURED_CPU_FAULT,CPU;INTERVAL_FAULTS,NA,NA,NA,NA,NA,NA,NA,NA,NA,NA,NA,NA,NA,NA,NA,NA,NA,NA,NA,NA,NA,NA,NA,TARGET_GONE,identity no longer active
2026-10-02T16:04:14Z,APP_21637_3022645,21637,3022645,26,2501,0.000,0,0,-1,-1,0,0.999931461,NA,NA,0.000000000,MEASURED_CPU_FAULT,CPU;INTERVAL_FAULTS,NA,NA,NA,NA,NA,NA,NA,NA,NA,NA,NA,NA,NA,NA,NA,NA,NA,NA,NA,NA,NA,NA,NA,TARGET_GONE,identity no longer active
2026-10-02T16:04:14Z,APP_21637_3022645,21637,3022645,26,2502,0.000,0,0,-1,-1,0,0.999931461,NA,NA,0.000000000,MEASURED_CPU_FAULT,CPU;INTERVAL_FAULTS,NA,NA,NA,NA,NA,NA,NA,NA,NA,NA,NA,NA,NA,NA,NA,NA,NA,NA,NA,NA,NA,NA,NA,TARGET_GONE,identity no longer active
2026-10-02T16:04:14Z,APP_21637_3022645,21637,3022645,26,2503,0.000,0,0,-1,-1,0,0.999931461,NA,NA,0.000000000,MEASURED_CPU_FAULT,CPU;INTERVAL_FAULTS,NA,NA,NA,NA,NA,NA,NA,NA,NA,NA,NA,NA,NA,NA,NA,NA,NA,NA,NA,NA,NA,NA,NA,TARGET_GONE,identity no longer active
2026-10-02T16:04:14Z,APP_21637_3022645,21637,3022645,26,2504,0.000,0,0,-1,-1,0,0.999931461,NA,NA,0.000000000,MEASURED_CPU_FAULT,CPU;INTERVAL_FAULTS,NA,NA,NA,NA,NA,NA,NA,NA,NA,NA,NA,NA,NA,NA,NA,NA,NA,NA,NA,NA,NA,NA,NA,TARGET_GONE,identity no longer active
2026-10-02T16:04:15Z,APP_21637_3022645,21637,3022645,26,2505,18.907,0,0,-1,-1,0,0.999931461,NA,NA,13.234900000,MEASURED_CPU_FAULT,CPU;INTERVAL_FAULTS,NA,NA,NA,NA,NA,NA,NA,NA,NA,NA,NA,NA,NA,NA,NA,NA,NA,NA,NA,NA,NA,NA,NA,TARGET_GONE,identity no longer active
2026-10-02T16:04:15Z,APP_21637_3022645,21637,3022645,26,2506,191.617,0,0,-1,-1,0,0.999931461,NA,NA,70.000000000,MEASURED_CPU_FAULT,CPU;INTERVAL_FAULTS,NA,NA,NA,NA,NA,NA,NA,NA,NA,NA,NA,NA,NA,NA,NA,NA,NA,NA,NA,NA,NA,NA,NA,TARGET_GONE,identity no longer active
2026-10-02T16:04:15Z,APP_21637_3022645,21637,3022645,26,2507,201.499,0,0,-1,-1,0,0.999931461,NA,NA,70.000000000,MEASURED_CPU_FAULT,CPU;INTERVAL_FAULTS,NA,NA,NA,NA,NA,NA,NA,NA,NA,NA,NA,NA,NA,NA,NA,NA,NA,NA,NA,NA,NA,NA,NA,TARGET_GONE,identity no longer active
2026-10-02T16:04:15Z,APP_21637_3022645,21637,3022645,26,2508,200.272,0,0,-1,-1,0,0.999931461,NA,NA,70.000000000,MEASURED_CPU_FAULT,CPU;INTERVAL_FAULTS,NA,NA,NA,NA,NA,NA,NA,NA,NA,NA,NA,NA,NA,NA,NA,NA,NA,NA,NA,NA,NA,NA,NA,TARGET_GONE,identity no longer active
2026-10-02T16:04:15Z,APP_21637_3022645,21637,3022645,26,2509,201.198,0,0,-1,-1,0,0.999931461,NA,NA,70.000000000,MEASURED_CPU_FAULT,CPU;INTERVAL_FAULTS,NA,NA,NA,NA,NA,NA,NA,NA,NA,NA,NA,NA,NA,NA,NA,NA,NA,NA,NA,NA,NA,NA,NA,TARGET_GONE,identity no longer active
2026-10-02T16:04:15Z,APP_21637_3022645,21637,3022645,26,2510,196.831,0,0,-1,-1,0,0.999931461,NA,NA,70.000000000,MEASURED_CPU_FAULT,CPU;INTERVAL_FAULTS,NA,NA,NA,NA,NA,NA,NA,NA,NA,NA,NA,NA,NA,NA,NA,NA,NA,NA,NA,NA,NA,NA,NA,TARGET_GONE,identity no longer active
2026-10-02T16:04:15Z,APP_21637_3022645,21637,3022645,26,2511,201.499,0,0,-1,-1,0,0.999931461,NA,NA,70.000000000,MEASURED_CPU_FAULT,CPU;INTERVAL_FAULTS,NA,NA,NA,NA,NA,NA,NA,NA,NA,NA,NA,NA,NA,NA,NA,NA,NA,NA,NA,NA,NA,NA,NA,TARGET_GONE,identity no longer active
2026-10-02T16:04:15Z,APP_21637_3022645,21637,3022645,26,2512,197.610,0,0,-1,-1,0,0.999931461,NA,NA,70.000000000,MEASURED_CPU_FAULT,CPU;INTERVAL_FAULTS,NA,NA,NA,NA,NA,NA,NA,NA,NA,NA,NA,NA,NA,NA,NA,NA,NA,NA,NA,NA,NA,NA,NA,TARGET_GONE,identity no longer active
2026-10-02T16:04:15Z,APP_21637_3022645,21637,3022645,26,2513,201.499,0,0,-1,-1,0,0.999931461,NA,NA,70.000000000,MEASURED_CPU_FAULT,CPU;INTERVAL_FAULTS,NA,NA,NA,NA,NA,NA,NA,NA,NA,NA,NA,NA,NA,NA,NA,NA,NA,NA,NA,NA,NA,NA,NA,TARGET_GONE,identity no longer active
2026-10-02T16:04:16Z,APP_21637_3022645,21637,3022645,26,2514,203.787,0,0,-1,-1,0,0.999931461,NA,NA,70.000000000,MEASURED_CPU_FAULT,CPU;INTERVAL_FAULTS,NA,NA,NA,NA,NA,NA,NA,NA,NA,NA,NA,NA,NA,NA,NA,NA,NA,NA,NA,NA,NA,NA,NA,TARGET_GONE,identity no longer active
2026-10-02T16:04:16Z,APP_21637_3022645,21637,3022645,26,2515,192.192,0,0,-1,-1,0,0.999931461,NA,NA,70.000000000,MEASURED_CPU_FAULT,CPU;INTERVAL_FAULTS,NA,NA,NA,NA,NA,NA,NA,NA,NA,NA,NA,NA,NA,NA,NA,NA,NA,NA,NA,NA,NA,NA,NA,TARGET_GONE,identity no longer active
2026-10-02T16:04:16Z,APP_21637_3022645,21637,3022645,26,2516,201.499,0,0,-1,-1,0,0.999931461,NA,NA,70.000000000,MEASURED_CPU_FAULT,CPU;INTERVAL_FAULTS,NA,NA,NA,NA,NA,NA,NA,NA,NA,NA,NA,NA,NA,NA,NA,NA,NA,NA,NA,NA,NA,NA,NA,TARGET_GONE,identity no longer active
2026-10-02T16:04:16Z,APP_21637_3022645,21637,3022645,26,2517,205.714,0,0,-1,-1,0,0.999931461,NA,NA,70.000000000,MEASURED_CPU_FAULT,CPU;INTERVAL_FAULTS,NA,NA,NA,NA,NA,NA,NA,NA,NA,NA,NA,NA,NA,NA,NA,NA,NA,NA,NA,NA,NA,NA,NA,TARGET_GONE,identity no longer active
2026-10-02T16:04:16Z,APP_21637_3022645,21637,3022645,26,2518,191.617,0,0,-1,-1,0,0.999931461,NA,NA,70.000000000,MEASURED_CPU_FAULT,CPU;INTERVAL_FAULTS,NA,NA,NA,NA,NA,NA,NA,NA,NA,NA,NA,NA,NA,NA,NA,NA,NA,NA,NA,NA,NA,NA,NA,TARGET_GONE,identity no longer active
2026-10-02T16:04:16Z,APP_21637_3022645,21637,3022645,26,2519,203.781,0,0,-1,-1,0,0.999931461,NA,NA,70.000000000,MEASURED_CPU_FAULT,CPU;INTERVAL_FAULTS,NA,NA,NA,NA,NA,NA,NA,NA,NA,NA,NA,NA,NA,NA,NA,NA,NA,NA,NA,NA,NA,NA,NA,TARGET_GONE,identity no longer active
2026-10-02T16:04:16Z,APP_21637_3022645,21637,3022645,26,2520,192.192,0,0,-1,-1,0,0.999931461,NA,NA,70.000000000,MEASURED_CPU_FAULT,CPU;INTERVAL_FAULTS,NA,NA,NA,NA,NA,NA,NA,NA,NA,NA,NA,NA,NA,NA,NA,NA,NA,NA,NA,NA,NA,NA,NA,TARGET_GONE,identity no longer active
2026-10-02T16:04:16Z,APP_21637_3022645,21637,3022645,26,2521,203.579,0,0,-1,-1,0,0.999931461,NA,NA,70.000000000,MEASURED_CPU_FAULT,CPU;INTERVAL_FAULTS,NA,NA,NA,NA,NA,NA,NA,NA,NA,NA,NA,NA,NA,NA,NA,NA,NA,NA,NA,NA,NA,NA,NA,TARGET_GONE,identity no longer active
2026-10-02T16:04:17Z,APP_21637_3022645,21637,3022645,26,2522,201.499,0,0,-1,-1,0,0.999931461,NA,NA,70.000000000,MEASURED_CPU_FAULT,CPU;INTERVAL_FAULTS,NA,NA,NA,NA,NA,NA,NA,NA,NA,NA,NA,NA,NA,NA,NA,NA,NA,NA,NA,NA,NA,NA,NA,TARGET_GONE,identity no longer active
2026-10-02T16:04:17Z,APP_21637_3022645,21637,3022645,26,2523,198.450,0,0,-1,-1,0,0.999931461,NA,NA,70.000000000,MEASURED_CPU_FAULT,CPU;INTERVAL_FAULTS,NA,NA,NA,NA,NA,NA,NA,NA,NA,NA,NA,NA,NA,NA,NA,NA,NA,NA,NA,NA,NA,NA,NA,TARGET_GONE,identity no longer active
2026-10-02T16:04:17Z,APP_21637_3022645,21637,3022645,26,2524,211.411,0,0,-1,-1,0,0.999931461,NA,NA,70.000000000,MEASURED_CPU_FAULT,CPU;INTERVAL_FAULTS,NA,NA,NA,NA,NA,NA,NA,NA,NA,NA,NA,NA,NA,NA,NA,NA,NA,NA,NA,NA,NA,NA,NA,TARGET_GONE,identity no longer active
2026-10-02T16:04:17Z,APP_21637_3022645,21637,3022645,26,2525,191.904,0,0,-1,-1,0,0.999931461,NA,NA,70.000000000,MEASURED_CPU_FAULT,CPU;INTERVAL_FAULTS,NA,NA,NA,NA,NA,NA,NA,NA,NA,NA,NA,NA,NA,NA,NA,NA,NA,NA,NA,NA,NA,NA,NA,TARGET_GONE,identity no longer active
2026-10-02T16:04:17Z,APP_21637_3022645,21637,3022645,26,2526,205.714,0,0,-1,-1,0,0.999931461,NA,NA,70.000000000,MEASURED_CPU_FAULT,CPU;INTERVAL_FAULTS,NA,NA,NA,NA,NA,NA,NA,NA,NA,NA,NA,NA,NA,NA,NA,NA,NA,NA,NA,NA,NA,NA,NA,TARGET_GONE,identity no longer active
2026-10-02T16:04:17Z,APP_21637_3022645,21637,3022645,26,2527,201.802,0,0,-1,-1,0,0.999931461,NA,NA,70.000000000,MEASURED_CPU_FAULT,CPU;INTERVAL_FAULTS,NA,NA,NA,NA,NA,NA,NA,NA,NA,NA,NA,NA,NA,NA,NA,NA,NA,NA,NA,NA,NA,NA,NA,TARGET_GONE,identity no longer active
2026-10-02T16:04:17Z,APP_21637_3022645,21637,3022645,26,2528,197.217,0,0,-1,-1,0,0.999931461,NA,NA,70.000000000,MEASURED_CPU_FAULT,CPU;INTERVAL_FAULTS,NA,NA,NA,NA,NA,NA,NA,NA,NA,NA,NA,NA,NA,NA,NA,NA,NA,NA,NA,NA,NA,NA,NA,TARGET_GONE,identity no longer active
2026-10-02T16:04:17Z,APP_21637_3022645,21637,3022645,26,2529,201.499,0,0,-1,-1,0,0.999931461,NA,NA,70.000000000,MEASURED_CPU_FAULT,CPU;INTERVAL_FAULTS,NA,NA,NA,NA,NA,NA,NA,NA,NA,NA,NA,NA,NA,NA,NA,NA,NA,NA,NA,NA,NA,NA,NA,TARGET_GONE,identity no longer active
2026-10-02T16:04:18Z,APP_21637_3022645,21637,3022645,26,2530,197.807,0,0,-1,-1,0,0.999931461,NA,NA,70.000000000,MEASURED_CPU_FAULT,CPU;INTERVAL_FAULTS,NA,NA,NA,NA,NA,NA,NA,NA,NA,NA,NA,NA,NA,NA,NA,NA,NA,NA,NA,NA,NA,NA,NA,TARGET_GONE,identity no longer active
2026-10-02T16:04:18Z,APP_21637_3022645,21637,3022645,26,2531,200.897,0,0,-1,-1,0,0.999931461,NA,NA,70.000000000,MEASURED_CPU_FAULT,CPU;INTERVAL_FAULTS,NA,NA,NA,NA,NA,NA,NA,NA,NA,NA,NA,NA,NA,NA,NA,NA,NA,NA,NA,NA,NA,NA,NA,TARGET_GONE,identity no longer active
2026-10-02T16:04:18Z,APP_21637_3022645,21637,3022645,26,2532,199.555,0,0,-1,-1,0,0.999931461,NA,NA,70.000000000,MEASURED_CPU_FAULT,CPU;INTERVAL_FAULTS,NA,NA,NA,NA,NA,NA,NA,NA,NA,NA,NA,NA,NA,NA,NA,NA,NA,NA,NA,NA,NA,NA,NA,TARGET_GONE,identity no longer active
2026-10-02T16:04:18Z,APP_21637_3022645,21637,3022645,26,2533,191.617,0,0,-1,-1,0,0.999931461,NA,NA,70.000000000,MEASURED_CPU_FAULT,CPU;INTERVAL_FAULTS,NA,NA,NA,NA,NA,NA,NA,NA,NA,NA,NA,NA,NA,NA,NA,NA,NA,NA,NA,NA,NA,NA,NA,TARGET_GONE,identity no longer active
2026-10-02T16:04:18Z,APP_21637_3022645,21637,3022645,26,2534,201.499,0,0,-1,-1,0,0.999931461,NA,NA,70.000000000,MEASURED_CPU_FAULT,CPU;INTERVAL_FAULTS,NA,NA,NA,NA,NA,NA,NA,NA,NA,NA,NA,NA,NA,NA,NA,NA,NA,NA,NA,NA,NA,NA,NA,TARGET_GONE,identity no longer active
2026-10-02T16:04:18Z,APP_21637_3022645,21637,3022645,26,2535,198.393,0,0,-1,-1,0,0.999931461,NA,NA,70.000000000,MEASURED_CPU_FAULT,CPU;INTERVAL_FAULTS,NA,NA,NA,NA,NA,NA,NA,NA,NA,NA,NA,NA,NA,NA,NA,NA,NA,NA,NA,NA,NA,NA,NA,TARGET_GONE,identity no longer active
2026-10-02T16:04:18Z,APP_21637_3022645,21637,3022645,26,2536,201.802,0,0,-1,-1,0,0.999931461,NA,NA,70.000000000,MEASURED_CPU_FAULT,CPU;INTERVAL_FAULTS,NA,NA,NA,NA,NA,NA,NA,NA,NA,NA,NA,NA,NA,NA,NA,NA,NA,NA,NA,NA,NA,NA,NA,TARGET_GONE,identity no longer active
2026-10-02T16:04:18Z,APP_21637_3022645,21637,3022645,26,2537,203.175,0,0,-1,-1,0,0.999931461,NA,NA,70.000000000,MEASURED_CPU_FAULT,CPU;INTERVAL_FAULTS,NA,NA,NA,NA,NA,NA,NA,NA,NA,NA,NA,NA,NA,NA,NA,NA,NA,NA,NA,NA,NA,NA,NA,TARGET_GONE,identity no longer active
2026-10-02T16:04:19Z,APP_21637_3022645,21637,3022645,26,2538,201.802,0,0,-1,-1,0,0.999931461,NA,NA,70.000000000,MEASURED_CPU_FAULT,CPU;INTERVAL_FAULTS,NA,NA,NA,NA,NA,NA,NA,NA,NA,NA,NA,NA,NA,NA,NA,NA,NA,NA,NA,NA,NA,NA,NA,TARGET_GONE,identity no longer active
2026-10-02T16:04:19Z,APP_21637_3022645,21637,3022645,26,2539,197.413,0,0,-1,-1,0,0.999931461,NA,NA,70.000000000,MEASURED_CPU_FAULT,CPU;INTERVAL_FAULTS,NA,NA,NA,NA,NA,NA,NA,NA,NA,NA,NA,NA,NA,NA,NA,NA,NA,NA,NA,NA,NA,NA,NA,TARGET_GONE,identity no longer active
2026-10-02T16:04:19Z,APP_21637_3022645,21637,3022645,26,2540,201.499,0,0,-1,-1,0,0.999931461,NA,NA,70.000000000,MEASURED_CPU_FAULT,CPU;INTERVAL_FAULTS,NA,NA,NA,NA,NA,NA,NA,NA,NA,NA,NA,NA,NA,NA,NA,NA,NA,NA,NA,NA,NA,NA,NA,TARGET_GONE,identity no longer active
2026-10-02T16:04:19Z,APP_21637_3022645,21637,3022645,26,2541,203.262,0,0,-1,-1,0,0.999931461,NA,NA,70.000000000,MEASURED_CPU_FAULT,CPU;INTERVAL_FAULTS,NA,NA,NA,NA,NA,NA,NA,NA,NA,NA,NA,NA,NA,NA,NA,NA,NA,NA,NA,NA,NA,NA,NA,TARGET_GONE,identity no longer active
2026-10-02T16:04:19Z,APP_21637_3022645,21637,3022645,26,2542,201.499,0,0,-1,-1,0,0.999931461,NA,NA,70.000000000,MEASURED_CPU_FAULT,CPU;INTERVAL_FAULTS,NA,NA,NA,NA,NA,NA,NA,NA,NA,NA,NA,NA,NA,NA,NA,NA,NA,NA,NA,NA,NA,NA,NA,TARGET_GONE,identity no longer active
2026-10-02T16:04:19Z,APP_21637_3022645,21637,3022645,26,2543,197.610,0,0,-1,-1,0,0.999931461,NA,NA,70.000000000,MEASURED_CPU_FAULT,CPU;INTERVAL_FAULTS,NA,NA,NA,NA,NA,NA,NA,NA,NA,NA,NA,NA,NA,NA,NA,NA,NA,NA,NA,NA,NA,NA,NA,TARGET_GONE,identity no longer active
2026-10-02T16:04:19Z,APP_21637_3022645,21637,3022645,26,2544,201.499,0,0,-1,-1,0,0.999931461,NA,NA,70.000000000,MEASURED_CPU_FAULT,CPU;INTERVAL_FAULTS,NA,NA,NA,NA,NA,NA,NA,NA,NA,NA,NA,NA,NA,NA,NA,NA,NA,NA,NA,NA,NA,NA,NA,TARGET_GONE,identity no longer active
2026-10-02T16:04:20Z,APP_21637_3022645,21637,3022645,26,2545,197.610,0,0,-1,-1,0,0.999931461,NA,NA,70.000000000,MEASURED_CPU_FAULT,CPU;INTERVAL_FAULTS,NA,NA,NA,NA,NA,NA,NA,NA,NA,NA,NA,NA,NA,NA,NA,NA,NA,NA,NA,NA,NA,NA,NA,TARGET_GONE,identity no longer active
2026-10-02T16:04:20Z,APP_21637_3022645,21637,3022645,26,2546,201.499,0,0,-1,-1,0,0.999931461,NA,NA,70.000000000,MEASURED_CPU_FAULT,CPU;INTERVAL_FAULTS,NA,NA,NA,NA,NA,NA,NA,NA,NA,NA,NA,NA,NA,NA,NA,NA,NA,NA,NA,NA,NA,NA,NA,TARGET_GONE,identity no longer active
2026-10-02T16:04:20Z,APP_21637_3022645,21637,3022645,26,2547,202.973,0,0,-1,-1,0,0.999931461,NA,NA,70.000000000,MEASURED_CPU_FAULT,CPU;INTERVAL_FAULTS,NA,NA,NA,NA,NA,NA,NA,NA,NA,NA,NA,NA,NA,NA,NA,NA,NA,NA,NA,NA,NA,NA,NA,TARGET_GONE,identity no longer active
2026-10-02T16:04:20Z,APP_21637_3022645,21637,3022645,26,2548,191.904,0,0,-1,-1,0,0.999931461,NA,NA,70.000000000,MEASURED_CPU_FAULT,CPU;INTERVAL_FAULTS,NA,NA,NA,NA,NA,NA,NA,NA,NA,NA,NA,NA,NA,NA,NA,NA,NA,NA,NA,NA,NA,NA,NA,TARGET_GONE,identity no longer active
2026-10-02T16:04:20Z,APP_21637_3022645,21637,3022645,26,2549,201.942,0,0,-1,-1,0,0.999931461,NA,NA,70.000000000,MEASURED_CPU_FAULT,CPU;INTERVAL_FAULTS,NA,NA,NA,NA,NA,NA,NA,NA,NA,NA,NA,NA,NA,NA,NA,NA,NA,NA,NA,NA,NA,NA,NA,TARGET_GONE,identity no longer active
2026-10-02T16:04:20Z,APP_21637_3022645,21637,3022645,26,2550,191.617,0,0,-1,-1,0,0.999931461,NA,NA,70.000000000,MEASURED_CPU_FAULT,CPU;INTERVAL_FAULTS,NA,NA,NA,NA,NA,NA,NA,NA,NA,NA,NA,NA,NA,NA,NA,NA,NA,NA,NA,NA,NA,NA,NA,TARGET_GONE,identity no longer active
2026-10-02T16:04:20Z,APP_21637_3022645,21637,3022645,26,2551,201.802,0,0,-1,-1,0,0.999931461,NA,NA,70.000000000,MEASURED_CPU_FAULT,CPU;INTERVAL_FAULTS,NA,NA,NA,NA,NA,NA,NA,NA,NA,NA,NA,NA,NA,NA,NA,NA,NA,NA,NA,NA,NA,NA,NA,TARGET_GONE,identity no longer active
2026-10-02T16:04:20Z,APP_21637_3022645,21637,3022645,26,2552,198.331,0,0,-1,-1,0,0.999931461,NA,NA,70.000000000,MEASURED_CPU_FAULT,CPU;INTERVAL_FAULTS,NA,NA,NA,NA,NA,NA,NA,NA,NA,NA,NA,NA,NA,NA,NA,NA,NA,NA,NA,NA,NA,NA,NA,TARGET_GONE,identity no longer active
2026-10-02T16:04:20Z,APP_21637_3022645,21637,3022645,26,2553,201.499,0,0,-1,-1,0,0.999931461,NA,NA,70.000000000,MEASURED_CPU_FAULT,CPU;INTERVAL_FAULTS,NA,NA,NA,NA,NA,NA,NA,NA,NA,NA,NA,NA,NA,NA,NA,NA,NA,NA,NA,NA,NA,NA,NA,TARGET_GONE,identity no longer active
2026-10-02T16:04:21Z,APP_21637_3022645,21637,3022645,26,2554,197.413,0,0,-1,-1,0,0.999931461,NA,NA,70.000000000,MEASURED_CPU_FAULT,CPU;INTERVAL_FAULTS,NA,NA,NA,NA,NA,NA,NA,NA,NA,NA,NA,NA,NA,NA,NA,NA,NA,NA,NA,NA,NA,NA,NA,TARGET_GONE,identity no longer active
2026-10-02T16:04:21Z,APP_21637_3022645,21637,3022645,26,2555,201.499,0,0,-1,-1,0,0.999931461,NA,NA,70.000000000,MEASURED_CPU_FAULT,CPU;INTERVAL_FAULTS,NA,NA,NA,NA,NA,NA,NA,NA,NA,NA,NA,NA,NA,NA,NA,NA,NA,NA,NA,NA,NA,NA,NA,TARGET_GONE,identity no longer active
2026-10-02T16:04:21Z,APP_21637_3022645,21637,3022645,26,2556,203.579,0,0,-1,-1,0,0.999931461,NA,NA,70.000000000,MEASURED_CPU_FAULT,CPU;INTERVAL_FAULTS,NA,NA,NA,NA,NA,NA,NA,NA,NA,NA,NA,NA,NA,NA,NA,NA,NA,NA,NA,NA,NA,NA,NA,TARGET_GONE,identity no longer active
2026-10-02T16:04:21Z,APP_21637_3022645,21637,3022645,26,2557,201.499,0,0,-1,-1,0,0.999931461,NA,NA,70.000000000,MEASURED_CPU_FAULT,CPU;INTERVAL_FAULTS,NA,NA,NA,NA,NA,NA,NA,NA,NA,NA,NA,NA,NA,NA,NA,NA,NA,NA,NA,NA,NA,NA,NA,TARGET_GONE,identity no longer active
2026-10-02T16:04:21Z,APP_21637_3022645,21637,3022645,26,2558,199.555,0,0,-1,-1,0,0.999931461,NA,NA,70.000000000,MEASURED_CPU_FAULT,CPU;INTERVAL_FAULTS,NA,NA,NA,NA,NA,NA,NA,NA,NA,NA,NA,NA,NA,NA,NA,NA,NA,NA,NA,NA,NA,NA,NA,TARGET_GONE,identity no longer active
2026-10-02T16:04:21Z,APP_21637_3022645,21637,3022645,26,2559,192.192,0,0,-1,-1,0,0.999931461,NA,NA,70.000000000,MEASURED_CPU_FAULT,CPU;INTERVAL_FAULTS,NA,NA,NA,NA,NA,NA,NA,NA,NA,NA,NA,NA,NA,NA,NA,NA,NA,NA,NA,NA,NA,NA,NA,TARGET_GONE,identity no longer active
2026-10-02T16:04:21Z,APP_21637_3022645,21637,3022645,26,2560,200.897,0,0,-1,-1,0,0.999931461,NA,NA,70.000000000,MEASURED_CPU_FAULT,CPU;INTERVAL_FAULTS,NA,NA,NA,NA,NA,NA,NA,NA,NA,NA,NA,NA,NA,NA,NA,NA,NA,NA,NA,NA,NA,NA,NA,TARGET_GONE,identity no longer active
2026-10-02T16:04:22Z,APP_21637_3022645,21637,3022645,26,2561,198.568,0,0,-1,-1,0,0.999931461,NA,NA,70.000000000,MEASURED_CPU_FAULT,CPU;INTERVAL_FAULTS,NA,NA,NA,NA,NA,NA,NA,NA,NA,NA,NA,NA,NA,NA,NA,NA,NA,NA,NA,NA,NA,NA,NA,TARGET_GONE,identity no longer active
2026-10-02T16:04:22Z,APP_21637_3022645,21637,3022645,26,2562,201.198,0,0,-1,-1,0,0.999931461,NA,NA,70.000000000,MEASURED_CPU_FAULT,CPU;INTERVAL_FAULTS,NA,NA,NA,NA,NA,NA,NA,NA,NA,NA,NA,NA,NA,NA,NA,NA,NA,NA,NA,NA,NA,NA,NA,TARGET_GONE,identity no longer active
2026-10-02T16:04:22Z,APP_21637_3022645,21637,3022645,26,2563,203.376,0,0,-1,-1,0,0.999931461,NA,NA,70.000000000,MEASURED_CPU_FAULT,CPU;INTERVAL_FAULTS,NA,NA,NA,NA,NA,NA,NA,NA,NA,NA,NA,NA,NA,NA,NA,NA,NA,NA,NA,NA,NA,NA,NA,TARGET_GONE,identity no longer active
2026-10-02T16:04:22Z,APP_21637_3022645,21637,3022645,26,2564,201.198,0,0,-1,-1,0,0.999931461,NA,NA,70.000000000,MEASURED_CPU_FAULT,CPU;INTERVAL_FAULTS,NA,NA,NA,NA,NA,NA,NA,NA,NA,NA,NA,NA,NA,NA,NA,NA,NA,NA,NA,NA,NA,NA,NA,TARGET_GONE,identity no longer active
2026-10-02T16:04:22Z,APP_21637_3022645,21637,3022645,26,2565,197.413,0,0,-1,-1,0,0.999931461,NA,NA,70.000000000,MEASURED_CPU_FAULT,CPU;INTERVAL_FAULTS,NA,NA,NA,NA,NA,NA,NA,NA,NA,NA,NA,NA,NA,NA,NA,NA,NA,NA,NA,NA,NA,NA,NA,TARGET_GONE,identity no longer active
2026-10-02T16:04:22Z,APP_21637_3022645,21637,3022645,26,2566,201.499,0,0,-1,-1,0,0.999931461,NA,NA,70.000000000,MEASURED_CPU_FAULT,CPU;INTERVAL_FAULTS,NA,NA,NA,NA,NA,NA,NA,NA,NA,NA,NA,NA,NA,NA,NA,NA,NA,NA,NA,NA,NA,NA,NA,TARGET_GONE,identity no longer active
2026-10-02T16:04:22Z,APP_21637_3022645,21637,3022645,26,2567,200.805,0,0,-1,-1,0,0.999931461,NA,NA,70.000000000,MEASURED_CPU_FAULT,CPU;INTERVAL_FAULTS,NA,NA,NA,NA,NA,NA,NA,NA,NA,NA,NA,NA,NA,NA,NA,NA,NA,NA,NA,NA,NA,NA,NA,TARGET_GONE,identity no longer active
2026-10-02T16:04:22Z,APP_21637_3022645,21637,3022645,26,2568,192.192,0,0,-1,-1,0,0.999931461,NA,NA,70.000000000,MEASURED_CPU_FAULT,CPU;INTERVAL_FAULTS,NA,NA,NA,NA,NA,NA,NA,NA,NA,NA,NA,NA,NA,NA,NA,NA,NA,NA,NA,NA,NA,NA,NA,TARGET_GONE,identity no longer active
2026-10-02T16:04:22Z,APP_21637_3022645,21637,3022645,26,2569,201.499,0,0,-1,-1,0,0.999931461,NA,NA,70.000000000,MEASURED_CPU_FAULT,CPU;INTERVAL_FAULTS,NA,NA,NA,NA,NA,NA,NA,NA,NA,NA,NA,NA,NA,NA,NA,NA,NA,NA,NA,NA,NA,NA,NA,TARGET_GONE,identity no longer active
2026-10-02T16:04:23Z,APP_21637_3022645,21637,3022645,26,2570,206.205,0,0,-1,-1,0,0.999931461,NA,NA,70.000000000,MEASURED_CPU_FAULT,CPU;INTERVAL_FAULTS,NA,NA,NA,NA,NA,NA,NA,NA,NA,NA,NA,NA,NA,NA,NA,NA,NA,NA,NA,NA,NA,NA,NA,TARGET_GONE,identity no longer active
2026-10-02T16:04:23Z,APP_21637_3022645,21637,3022645,26,2571,192.192,0,0,-1,-1,0,0.999931461,NA,NA,70.000000000,MEASURED_CPU_FAULT,CPU;INTERVAL_FAULTS,NA,NA,NA,NA,NA,NA,NA,NA,NA,NA,NA,NA,NA,NA,NA,NA,NA,NA,NA,NA,NA,NA,NA,TARGET_GONE,identity no longer active
2026-10-02T16:04:23Z,APP_21637_3022645,21637,3022645,26,2572,203.175,0,0,-1,-1,0,0.999931461,NA,NA,70.000000000,MEASURED_CPU_FAULT,CPU;INTERVAL_FAULTS,NA,NA,NA,NA,NA,NA,NA,NA,NA,NA,NA,NA,NA,NA,NA,NA,NA,NA,NA,NA,NA,NA,NA,TARGET_GONE,identity no longer active
2026-10-02T16:04:23Z,APP_21637_3022645,21637,3022645,26,2573,192.481,0,0,-1,-1,0,0.999931461,NA,NA,70.000000000,MEASURED_CPU_FAULT,CPU;INTERVAL_FAULTS,NA,NA,NA,NA,NA,NA,NA,NA,NA,NA,NA,NA,NA,NA,NA,NA,NA,NA,NA,NA,NA,NA,NA,TARGET_GONE,identity no longer active
2026-10-02T16:04:23Z,APP_21637_3022645,21637,3022645,26,2574,203.781,0,0,-1,-1,0,0.999931461,NA,NA,70.000000000,MEASURED_CPU_FAULT,CPU;INTERVAL_FAULTS,NA,NA,NA,NA,NA,NA,NA,NA,NA,NA,NA,NA,NA,NA,NA,NA,NA,NA,NA,NA,NA,NA,NA,TARGET_GONE,identity no longer active
2026-10-02T16:04:23Z,APP_21637_3022645,21637,3022645,26,2575,191.904,0,0,-1,-1,0,0.999931461,NA,NA,70.000000000,MEASURED_CPU_FAULT,CPU;INTERVAL_FAULTS,NA,NA,NA,NA,NA,NA,NA,NA,NA,NA,NA,NA,NA,NA,NA,NA,NA,NA,NA,NA,NA,NA,NA,TARGET_GONE,identity no longer active
2026-10-02T16:04:23Z,APP_21637_3022645,21637,3022645,26,2576,202.157,0,0,-1,-1,0,0.999931461,NA,NA,70.000000000,MEASURED_CPU_FAULT,CPU;INTERVAL_FAULTS,NA,NA,NA,NA,NA,NA,NA,NA,NA,NA,NA,NA,NA,NA,NA,NA,NA,NA,NA,NA,NA,NA,NA,TARGET_GONE,identity no longer active
2026-10-02T16:04:23Z,APP_21637_3022645,21637,3022645,26,2577,211.411,0,0,-1,-1,0,0.999931461,NA,NA,70.000000000,MEASURED_CPU_FAULT,CPU;INTERVAL_FAULTS,NA,NA,NA,NA,NA,NA,NA,NA,NA,NA,NA,NA,NA,NA,NA,NA,NA,NA,NA,NA,NA,NA,NA,TARGET_GONE,identity no longer active
2026-10-02T16:04:24Z,APP_21637_3022645,21637,3022645,26,2578,191.904,0,0,-1,-1,0,0.999931461,NA,NA,70.000000000,MEASURED_CPU_FAULT,CPU;INTERVAL_FAULTS,NA,NA,NA,NA,NA,NA,NA,NA,NA,NA,NA,NA,NA,NA,NA,NA,NA,NA,NA,NA,NA,NA,NA,TARGET_GONE,identity no longer active
2026-10-02T16:04:24Z,APP_21637_3022645,21637,3022645,26,2579,205.470,0,0,-1,-1,0,0.999931461,NA,NA,70.000000000,MEASURED_CPU_FAULT,CPU;INTERVAL_FAULTS,NA,NA,NA,NA,NA,NA,NA,NA,NA,NA,NA,NA,NA,NA,NA,NA,NA,NA,NA,NA,NA,NA,NA,TARGET_GONE,identity no longer active
2026-10-02T16:04:24Z,APP_21637_3022645,21637,3022645,26,2580,201.802,0,0,-1,-1,0,0.999931461,NA,NA,70.000000000,MEASURED_CPU_FAULT,CPU;INTERVAL_FAULTS,NA,NA,NA,NA,NA,NA,NA,NA,NA,NA,NA,NA,NA,NA,NA,NA,NA,NA,NA,NA,NA,NA,NA,TARGET_GONE,identity no longer active
2026-10-02T16:04:24Z,APP_21637_3022645,21637,3022645,26,2581,197.217,0,0,-1,-1,0,0.999931461,NA,NA,70.000000000,MEASURED_CPU_FAULT,CPU;INTERVAL_FAULTS,NA,NA,NA,NA,NA,NA,NA,NA,NA,NA,NA,NA,NA,NA,NA,NA,NA,NA,NA,NA,NA,NA,NA,TARGET_GONE,identity no longer active
2026-10-02T16:04:24Z,APP_21637_3022645,21637,3022645,26,2582,201.499,0,0,-1,-1,0,0.999931461,NA,NA,70.000000000,MEASURED_CPU_FAULT,CPU;INTERVAL_FAULTS,NA,NA,NA,NA,NA,NA,NA,NA,NA,NA,NA,NA,NA,NA,NA,NA,NA,NA,NA,NA,NA,NA,NA,TARGET_GONE,identity no longer active
2026-10-02T16:04:24Z,APP_21637_3022645,21637,3022645,26,2583,203.376,0,0,-1,-1,0,0.999931461,NA,NA,70.000000000,MEASURED_CPU_FAULT,CPU;INTERVAL_FAULTS,NA,NA,NA,NA,NA,NA,NA,NA,NA,NA,NA,NA,NA,NA,NA,NA,NA,NA,NA,NA,NA,NA,NA,TARGET_GONE,identity no longer active
2026-10-02T16:04:24Z,APP_21637_3022645,21637,3022645,26,2584,191.904,0,0,-1,-1,0,0.999931461,NA,NA,70.000000000,MEASURED_CPU_FAULT,CPU;INTERVAL_FAULTS,NA,NA,NA,NA,NA,NA,NA,NA,NA,NA,NA,NA,NA,NA,NA,NA,NA,NA,NA,NA,NA,NA,NA,TARGET_GONE,identity no longer active
2026-10-02T16:04:25Z,APP_21637_3022645,21637,3022645,26,2585,200.149,0,0,-1,-1,0,0.999931461,NA,NA,70.000000000,MEASURED_CPU_FAULT,CPU;INTERVAL_FAULTS,NA,NA,NA,NA,NA,NA,NA,NA,NA,NA,NA,NA,NA,NA,NA,NA,NA,NA,NA,NA,NA,NA,NA,TARGET_GONE,identity no longer active
2026-10-02T16:04:25Z,APP_21637_3022645,21637,3022645,26,2586,191.617,0,0,-1,-1,0,0.999931461,NA,NA,70.000000000,MEASURED_CPU_FAULT,CPU;INTERVAL_FAULTS,NA,NA,NA,NA,NA,NA,NA,NA,NA,NA,NA,NA,NA,NA,NA,NA,NA,NA,NA,NA,NA,NA,NA,TARGET_GONE,identity no longer active
2026-10-02T16:04:25Z,APP_21637_3022645,21637,3022645,26,2587,201.499,0,0,-1,-1,0,0.999931461,NA,NA,70.000000000,MEASURED_CPU_FAULT,CPU;INTERVAL_FAULTS,NA,NA,NA,NA,NA,NA,NA,NA,NA,NA,NA,NA,NA,NA,NA,NA,NA,NA,NA,NA,NA,NA,NA,TARGET_GONE,identity no longer active
2026-10-02T16:04:25Z,APP_21637_3022645,21637,3022645,26,2588,206.205,0,0,-1,-1,0,0.999931461,NA,NA,70.000000000,MEASURED_CPU_FAULT,CPU;INTERVAL_FAULTS,NA,NA,NA,NA,NA,NA,NA,NA,NA,NA,NA,NA,NA,NA,NA,NA,NA,NA,NA,NA,NA,NA,NA,TARGET_GONE,identity no longer active
2026-10-02T16:04:25Z,APP_21637_3022645,21637,3022645,26,2589,191.904,0,0,-1,-1,0,0.999931461,NA,NA,70.000000000,MEASURED_CPU_FAULT,CPU;INTERVAL_FAULTS,NA,NA,NA,NA,NA,NA,NA,NA,NA,NA,NA,NA,NA,NA,NA,NA,NA,NA,NA,NA,NA,NA,NA,TARGET_GONE,identity no longer active
2026-10-02T16:04:25Z,APP_21637_3022645,21637,3022645,26,2590,203.984,0,0,-1,-1,0,0.999931461,NA,NA,70.000000000,MEASURED_CPU_FAULT,CPU;INTERVAL_FAULTS,NA,NA,NA,NA,NA,NA,NA,NA,NA,NA,NA,NA,NA,NA,NA,NA,NA,NA,NA,NA,NA,NA,NA,TARGET_GONE,identity no longer active
2026-10-02T16:04:25Z,APP_21637_3022645,21637,3022645,26,2591,191.904,0,0,-1,-1,0,0.999931461,NA,NA,70.000000000,MEASURED_CPU_FAULT,CPU;INTERVAL_FAULTS,NA,NA,NA,NA,NA,NA,NA,NA,NA,NA,NA,NA,NA,NA,NA,NA,NA,NA,NA,NA,NA,NA,NA,TARGET_GONE,identity no longer active
2026-10-02T16:04:25Z,APP_21637_3022645,21637,3022645,26,2592,203.376,0,0,-1,-1,0,0.999931461,NA,NA,70.000000000,MEASURED_CPU_FAULT,CPU;INTERVAL_FAULTS,NA,NA,NA,NA,NA,NA,NA,NA,NA,NA,NA,NA,NA,NA,NA,NA,NA,NA,NA,NA,NA,NA,NA,TARGET_GONE,identity no longer active
2026-10-02T16:04:25Z,APP_21637_3022645,21637,3022645,26,2593,201.802,0,0,-1,-1,0,0.999931461,NA,NA,70.000000000,MEASURED_CPU_FAULT,CPU;INTERVAL_FAULTS,NA,NA,NA,NA,NA,NA,NA,NA,NA,NA,NA,NA,NA,NA,NA,NA,NA,NA,NA,NA,NA,NA,NA,TARGET_GONE,identity no longer active
2026-10-02T16:04:26Z,APP_21637_3022645,21637,3022645,26,2594,197.531,0,0,-1,-1,0,0.999931461,NA,NA,70.000000000,MEASURED_CPU_FAULT,CPU;INTERVAL_FAULTS,NA,NA,NA,NA,NA,NA,NA,NA,NA,NA,NA,NA,NA,NA,NA,NA,NA,NA,NA,NA,NA,NA,NA,TARGET_GONE,identity no longer active
2026-10-02T16:04:26Z,APP_21637_3022645,21637,3022645,26,2595,210.778,0,0,-1,-1,0,0.999931461,NA,NA,70.000000000,MEASURED_CPU_FAULT,CPU;INTERVAL_FAULTS,NA,NA,NA,NA,NA,NA,NA,NA,NA,NA,NA,NA,NA,NA,NA,NA,NA,NA,NA,NA,NA,NA,NA,TARGET_GONE,identity no longer active
2026-10-02T16:04:26Z,APP_21637_3022645,21637,3022645,26,2596,201.499,0,0,-1,-1,0,0.999931461,NA,NA,70.000000000,MEASURED_CPU_FAULT,CPU;INTERVAL_FAULTS,NA,NA,NA,NA,NA,NA,NA,NA,NA,NA,NA,NA,NA,NA,NA,NA,NA,NA,NA,NA,NA,NA,NA,TARGET_GONE,identity no longer active
2026-10-02T16:04:26Z,APP_21637_3022645,21637,3022645,26,2597,198.568,0,0,-1,-1,0,0.999931461,NA,NA,70.000000000,MEASURED_CPU_FAULT,CPU;INTERVAL_FAULTS,NA,NA,NA,NA,NA,NA,NA,NA,NA,NA,NA,NA,NA,NA,NA,NA,NA,NA,NA,NA,NA,NA,NA,TARGET_GONE,identity no longer active
2026-10-02T16:04:26Z,APP_21637_3022645,21637,3022645,26,2598,201.198,0,0,-1,-1,0,0.999931461,NA,NA,70.000000000,MEASURED_CPU_FAULT,CPU;INTERVAL_FAULTS,NA,NA,NA,NA,NA,NA,NA,NA,NA,NA,NA,NA,NA,NA,NA,NA,NA,NA,NA,NA,NA,NA,NA,TARGET_GONE,identity no longer active
2026-10-02T16:04:26Z,APP_21637_3022645,21637,3022645,26,2599,203.376,0,0,-1,-1,0,0.999931461,NA,NA,70.000000000,MEASURED_CPU_FAULT,CPU;INTERVAL_FAULTS,NA,NA,NA,NA,NA,NA,NA,NA,NA,NA,NA,NA,NA,NA,NA,NA,NA,NA,NA,NA,NA,NA,NA,TARGET_GONE,identity no longer active
2026-10-02T16:04:26Z,APP_21637_3022645,21637,3022645,26,2600,191.904,0,0,-1,-1,0,0.999931461,NA,NA,70.000000000,MEASURED_CPU_FAULT,CPU;INTERVAL_FAULTS,NA,NA,NA,NA,NA,NA,NA,NA,NA,NA,NA,NA,NA,NA,NA,NA,NA,NA,NA,NA,NA,NA,NA,TARGET_GONE,identity no longer active
2026-10-02T16:04:26Z,APP_21637_3022645,21637,3022645,26,2601,203.781,0,0,-1,-1,0,0.999931461,NA,NA,70.000000000,MEASURED_CPU_FAULT,CPU;INTERVAL_FAULTS,NA,NA,NA,NA,NA,NA,NA,NA,NA,NA,NA,NA,NA,NA,NA,NA,NA,NA,NA,NA,NA,NA,NA,TARGET_GONE,identity no longer active
2026-10-02T16:04:27Z,APP_21637_3022645,21637,3022645,26,2602,191.617,0,0,-1,-1,0,0.999931461,NA,NA,70.000000000,MEASURED_CPU_FAULT,CPU;INTERVAL_FAULTS,NA,NA,NA,NA,NA,NA,NA,NA,NA,NA,NA,NA,NA,NA,NA,NA,NA,NA,NA,NA,NA,NA,NA,TARGET_GONE,identity no longer active
2026-10-02T16:04:27Z,APP_21637_3022645,21637,3022645,26,2603,201.575,0,0,-1,-1,0,0.999931461,NA,NA,70.000000000,MEASURED_CPU_FAULT,CPU;INTERVAL_FAULTS,NA,NA,NA,NA,NA,NA,NA,NA,NA,NA,NA,NA,NA,NA,NA,NA,NA,NA,NA,NA,NA,NA,NA,TARGET_GONE,identity no longer active
2026-10-02T16:04:27Z,APP_21637_3022645,21637,3022645,26,2604,211.411,0,0,-1,-1,0,0.999931461,NA,NA,70.000000000,MEASURED_CPU_FAULT,CPU;INTERVAL_FAULTS,NA,NA,NA,NA,NA,NA,NA,NA,NA,NA,NA,NA,NA,NA,NA,NA,NA,NA,NA,NA,NA,NA,NA,TARGET_GONE,identity no longer active
2026-10-02T16:04:27Z,APP_21637_3022645,21637,3022645,26,2605,201.802,0,0,-1,-1,0,0.999931461,NA,NA,70.000000000,MEASURED_CPU_FAULT,CPU;INTERVAL_FAULTS,NA,NA,NA,NA,NA,NA,NA,NA,NA,NA,NA,NA,NA,NA,NA,NA,NA,NA,NA,NA,NA,NA,NA,TARGET_GONE,identity no longer active
2026-10-02T16:04:27Z,APP_21637_3022645,21637,3022645,26,2606,198.095,0,0,-1,-1,0,0.999931461,NA,NA,70.000000000,MEASURED_CPU_FAULT,CPU;INTERVAL_FAULTS,NA,NA,NA,NA,NA,NA,NA,NA,NA,NA,NA,NA,NA,NA,NA,NA,NA,NA,NA,NA,NA,NA,NA,TARGET_GONE,identity no longer active
2026-10-02T16:04:27Z,APP_21637_3022645,21637,3022645,26,2607,201.802,0,0,-1,-1,0,0.999931461,NA,NA,70.000000000,MEASURED_CPU_FAULT,CPU;INTERVAL_FAULTS,NA,NA,NA,NA,NA,NA,NA,NA,NA,NA,NA,NA,NA,NA,NA,NA,NA,NA,NA,NA,NA,NA,NA,TARGET_GONE,identity no longer active
2026-10-02T16:04:27Z,APP_21637_3022645,21637,3022645,26,2608,197.413,0,0,-1,-1,0,0.999931461,NA,NA,70.000000000,MEASURED_CPU_FAULT,CPU;INTERVAL_FAULTS,NA,NA,NA,NA,NA,NA,NA,NA,NA,NA,NA,NA,NA,NA,NA,NA,NA,NA,NA,NA,NA,NA,NA,TARGET_GONE,identity no longer active
2026-10-02T16:04:27Z,APP_21637_3022645,21637,3022645,26,2609,201.499,0,0,-1,-1,0,0.999931461,NA,NA,70.000000000,MEASURED_CPU_FAULT,CPU;INTERVAL_FAULTS,NA,NA,NA,NA,NA,NA,NA,NA,NA,NA,NA,NA,NA,NA,NA,NA,NA,NA,NA,NA,NA,NA,NA,TARGET_GONE,identity no longer active
2026-10-02T16:04:28Z,APP_21637_3022645,21637,3022645,26,2610,198.066,0,0,-1,-1,0,0.999931461,NA,NA,70.000000000,MEASURED_CPU_FAULT,CPU;INTERVAL_FAULTS,NA,NA,NA,NA,NA,NA,NA,NA,NA,NA,NA,NA,NA,NA,NA,NA,NA,NA,NA,NA,NA,NA,NA,TARGET_GONE,identity no longer active
2026-10-02T16:04:28Z,APP_21637_3022645,21637,3022645,26,2611,201.198,0,0,-1,-1,0,0.999931461,NA,NA,70.000000000,MEASURED_CPU_FAULT,CPU;INTERVAL_FAULTS,NA,NA,NA,NA,NA,NA,NA,NA,NA,NA,NA,NA,NA,NA,NA,NA,NA,NA,NA,NA,NA,NA,NA,TARGET_GONE,identity no longer active
2026-10-02T16:04:28Z,APP_21637_3022645,21637,3022645,26,2612,198.621,0,0,-1,-1,0,0.999931461,NA,NA,70.000000000,MEASURED_CPU_FAULT,CPU;INTERVAL_FAULTS,NA,NA,NA,NA,NA,NA,NA,NA,NA,NA,NA,NA,NA,NA,NA,NA,NA,NA,NA,NA,NA,NA,NA,TARGET_GONE,identity no longer active
2026-10-02T16:04:28Z,APP_21637_3022645,21637,3022645,26,2613,211.411,0,0,-1,-1,0,0.999931461,NA,NA,70.000000000,MEASURED_CPU_FAULT,CPU;INTERVAL_FAULTS,NA,NA,NA,NA,NA,NA,NA,NA,NA,NA,NA,NA,NA,NA,NA,NA,NA,NA,NA,NA,NA,NA,NA,TARGET_GONE,identity no longer active
2026-10-02T16:04:28Z,APP_21637_3022645,21637,3022645,26,2614,201.499,0,0,-1,-1,0,0.999931461,NA,NA,70.000000000,MEASURED_CPU_FAULT,CPU;INTERVAL_FAULTS,NA,NA,NA,NA,NA,NA,NA,NA,NA,NA,NA,NA,NA,NA,NA,NA,NA,NA,NA,NA,NA,NA,NA,TARGET_GONE,identity no longer active
2026-10-02T16:04:28Z,APP_21637_3022645,21637,3022645,26,2615,198.331,0,0,-1,-1,0,0.999931461,NA,NA,70.000000000,MEASURED_CPU_FAULT,CPU;INTERVAL_FAULTS,NA,NA,NA,NA,NA,NA,NA,NA,NA,NA,NA,NA,NA,NA,NA,NA,NA,NA,NA,NA,NA,NA,NA,TARGET_GONE,identity no longer active
2026-10-02T16:04:28Z,APP_21637_3022645,21637,3022645,26,2616,201.198,0,0,-1,-1,0,0.999931461,NA,NA,70.000000000,MEASURED_CPU_FAULT,CPU;INTERVAL_FAULTS,NA,NA,NA,NA,NA,NA,NA,NA,NA,NA,NA,NA,NA,NA,NA,NA,NA,NA,NA,NA,NA,NA,NA,TARGET_GONE,identity no longer active
2026-10-02T16:04:28Z,APP_21637_3022645,21637,3022645,26,2617,197.610,0,0,-1,-1,0,0.999931461,NA,NA,70.000000000,MEASURED_CPU_FAULT,CPU;INTERVAL_FAULTS,NA,NA,NA,NA,NA,NA,NA,NA,NA,NA,NA,NA,NA,NA,NA,NA,NA,NA,NA,NA,NA,NA,NA,TARGET_GONE,identity no longer active
2026-10-02T16:04:29Z,APP_21637_3022645,21637,3022645,26,2618,201.499,0,0,-1,-1,0,0.999931461,NA,NA,70.000000000,MEASURED_CPU_FAULT,CPU;INTERVAL_FAULTS,NA,NA,NA,NA,NA,NA,NA,NA,NA,NA,NA,NA,NA,NA,NA,NA,NA,NA,NA,NA,NA,NA,NA,TARGET_GONE,identity no longer active
2026-10-02T16:04:29Z,APP_21637_3022645,21637,3022645,26,2619,197.413,0,0,-1,-1,0,0.999931461,NA,NA,70.000000000,MEASURED_CPU_FAULT,CPU;INTERVAL_FAULTS,NA,NA,NA,NA,NA,NA,NA,NA,NA,NA,NA,NA,NA,NA,NA,NA,NA,NA,NA,NA,NA,NA,NA,TARGET_GONE,identity no longer active
2026-10-02T16:04:29Z,APP_21637_3022645,21637,3022645,26,2620,211.094,0,0,-1,-1,0,0.999931461,NA,NA,70.000000000,MEASURED_CPU_FAULT,CPU;INTERVAL_FAULTS,NA,NA,NA,NA,NA,NA,NA,NA,NA,NA,NA,NA,NA,NA,NA,NA,NA,NA,NA,NA,NA,NA,NA,TARGET_GONE,identity no longer active
2026-10-02T16:04:29Z,APP_21637_3022645,21637,3022645,26,2621,196.587,0,0,-1,-1,0,0.999931461,NA,NA,70.000000000,MEASURED_CPU_FAULT,CPU;INTERVAL_FAULTS,NA,NA,NA,NA,NA,NA,NA,NA,NA,NA,NA,NA,NA,NA,NA,NA,NA,NA,NA,NA,NA,NA,NA,TARGET_GONE,identity no longer active
2026-10-02T16:04:29Z,APP_21637_3022645,21637,3022645,26,2622,210.778,0,0,-1,-1,0,0.999931461,NA,NA,70.000000000,MEASURED_CPU_FAULT,CPU;INTERVAL_FAULTS,NA,NA,NA,NA,NA,NA,NA,NA,NA,NA,NA,NA,NA,NA,NA,NA,NA,NA,NA,NA,NA,NA,NA,TARGET_GONE,identity no longer active
2026-10-02T16:04:29Z,APP_21637_3022645,21637,3022645,26,2623,192.192,0,0,-1,-1,0,0.999931461,NA,NA,70.000000000,MEASURED_CPU_FAULT,CPU;INTERVAL_FAULTS,NA,NA,NA,NA,NA,NA,NA,NA,NA,NA,NA,NA,NA,NA,NA,NA,NA,NA,NA,NA,NA,NA,NA,TARGET_GONE,identity no longer active
2026-10-02T16:04:29Z,APP_21637_3022645,21637,3022645,26,2624,205.959,0,0,-1,-1,0,0.999931461,NA,NA,70.000000000,MEASURED_CPU_FAULT,CPU;INTERVAL_FAULTS,NA,NA,NA,NA,NA,NA,NA,NA,NA,NA,NA,NA,NA,NA,NA,NA,NA,NA,NA,NA,NA,NA,NA,TARGET_GONE,identity no longer active
2026-10-02T16:04:29Z,APP_21637_3022645,21637,3022645,26,2625,201.198,0,0,-1,-1,0,0.999931461,NA,NA,70.000000000,MEASURED_CPU_FAULT,CPU;INTERVAL_FAULTS,NA,NA,NA,NA,NA,NA,NA,NA,NA,NA,NA,NA,NA,NA,NA,NA,NA,NA,NA,NA,NA,NA,NA,TARGET_GONE,identity no longer active
2026-10-02T16:04:30Z,APP_21637_3022645,21637,3022645,26,2626,197.610,0,0,-1,-1,0,0.999931461,NA,NA,70.000000000,MEASURED_CPU_FAULT,CPU;INTERVAL_FAULTS,NA,NA,NA,NA,NA,NA,NA,NA,NA,NA,NA,NA,NA,NA,NA,NA,NA,NA,NA,NA,NA,NA,NA,TARGET_GONE,identity no longer active
2026-10-02T16:04:30Z,APP_21637_3022645,21637,3022645,26,2627,201.802,0,0,-1,-1,0,0.999931461,NA,NA,70.000000000,MEASURED_CPU_FAULT,CPU;INTERVAL_FAULTS,NA,NA,NA,NA,NA,NA,NA,NA,NA,NA,NA,NA,NA,NA,NA,NA,NA,NA,NA,NA,NA,NA,NA,TARGET_GONE,identity no longer active
2026-10-02T16:04:30Z,APP_21637_3022645,21637,3022645,26,2628,197.217,0,0,-1,-1,0,0.999931461,NA,NA,70.000000000,MEASURED_CPU_FAULT,CPU;INTERVAL_FAULTS,NA,NA,NA,NA,NA,NA,NA,NA,NA,NA,NA,NA,NA,NA,NA,NA,NA,NA,NA,NA,NA,NA,NA,TARGET_GONE,identity no longer active
2026-10-02T16:04:30Z,APP_21637_3022645,21637,3022645,26,2629,201.802,0,0,-1,-1,0,0.999931461,NA,NA,70.000000000,MEASURED_CPU_FAULT,CPU;INTERVAL_FAULTS,NA,NA,NA,NA,NA,NA,NA,NA,NA,NA,NA,NA,NA,NA,NA,NA,NA,NA,NA,NA,NA,NA,NA,TARGET_GONE,identity no longer active
2026-10-02T16:04:30Z,APP_21637_3022645,21637,3022645,26,2630,200.801,0,0,-1,-1,0,0.999931461,NA,NA,70.000000000,MEASURED_CPU_FAULT,CPU;INTERVAL_FAULTS,NA,NA,NA,NA,NA,NA,NA,NA,NA,NA,NA,NA,NA,NA,NA,NA,NA,NA,NA,NA,NA,NA,NA,TARGET_GONE,identity no longer active
2026-10-02T16:04:30Z,APP_21637_3022645,21637,3022645,26,2631,191.045,0,0,-1,-1,0,0.999931461,NA,NA,70.000000000,MEASURED_CPU_FAULT,CPU;INTERVAL_FAULTS,NA,NA,NA,NA,NA,NA,NA,NA,NA,NA,NA,NA,NA,NA,NA,NA,NA,NA,NA,NA,NA,NA,NA,TARGET_GONE,identity no longer active
2026-10-02T16:04:30Z,APP_21637_3022645,21637,3022645,26,2632,201.499,0,0,-1,-1,0,0.999931461,NA,NA,70.000000000,MEASURED_CPU_FAULT,CPU;INTERVAL_FAULTS,NA,NA,NA,NA,NA,NA,NA,NA,NA,NA,NA,NA,NA,NA,NA,NA,NA,NA,NA,NA,NA,NA,NA,TARGET_GONE,identity no longer active
2026-10-02T16:04:30Z,APP_21637_3022645,21637,3022645,26,2633,198.331,0,0,-1,-1,0,0.999931461,NA,NA,70.000000000,MEASURED_CPU_FAULT,CPU;INTERVAL_FAULTS,NA,NA,NA,NA,NA,NA,NA,NA,NA,NA,NA,NA,NA,NA,NA,NA,NA,NA,NA,NA,NA,NA,NA,TARGET_GONE,identity no longer active
2026-10-02T16:04:31Z,APP_21637_3022645,21637,3022645,26,2634,201.198,0,0,-1,-1,0,0.999931461,NA,NA,70.000000000,MEASURED_CPU_FAULT,CPU;INTERVAL_FAULTS,NA,NA,NA,NA,NA,NA,NA,NA,NA,NA,NA,NA,NA,NA,NA,NA,NA,NA,NA,NA,NA,NA,NA,TARGET_GONE,identity no longer active
2026-10-02T16:04:31Z,APP_21637_3022645,21637,3022645,26,2635,197.413,0,0,-1,-1,0,0.999931461,NA,NA,70.000000000,MEASURED_CPU_FAULT,CPU;INTERVAL_FAULTS,NA,NA,NA,NA,NA,NA,NA,NA,NA,NA,NA,NA,NA,NA,NA,NA,NA,NA,NA,NA,NA,NA,NA,TARGET_GONE,identity no longer active
2026-10-02T16:04:31Z,APP_21637_3022645,21637,3022645,26,2636,201.499,0,0,-1,-1,0,0.999931461,NA,NA,70.000000000,MEASURED_CPU_FAULT,CPU;INTERVAL_FAULTS,NA,NA,NA,NA,NA,NA,NA,NA,NA,NA,NA,NA,NA,NA,NA,NA,NA,NA,NA,NA,NA,NA,NA,TARGET_GONE,identity no longer active
2026-10-02T16:04:31Z,APP_21637_3022645,21637,3022645,26,2637,197.610,0,0,-1,-1,0,0.999931461,NA,NA,70.000000000,MEASURED_CPU_FAULT,CPU;INTERVAL_FAULTS,NA,NA,NA,NA,NA,NA,NA,NA,NA,NA,NA,NA,NA,NA,NA,NA,NA,NA,NA,NA,NA,NA,NA,TARGET_GONE,identity no longer active
2026-10-02T16:04:31Z,APP_21637_3022645,21637,3022645,26,2638,211.094,0,0,-1,-1,0,0.999931461,NA,NA,70.000000000,MEASURED_CPU_FAULT,CPU;INTERVAL_FAULTS,NA,NA,NA,NA,NA,NA,NA,NA,NA,NA,NA,NA,NA,NA,NA,NA,NA,NA,NA,NA,NA,NA,NA,TARGET_GONE,identity no longer active
2026-10-02T16:04:31Z,APP_21637_3022645,21637,3022645,26,2639,198.706,0,0,-1,-1,0,0.999931461,NA,NA,70.000000000,MEASURED_CPU_FAULT,CPU;INTERVAL_FAULTS,NA,NA,NA,NA,NA,NA,NA,NA,NA,NA,NA,NA,NA,NA,NA,NA,NA,NA,NA,NA,NA,NA,NA,TARGET_GONE,identity no longer active
2026-10-02T16:04:31Z,APP_21637_3022645,21637,3022645,26,2640,191.617,0,0,-1,-1,0,0.999931461,NA,NA,70.000000000,MEASURED_CPU_FAULT,CPU;INTERVAL_FAULTS,NA,NA,NA,NA,NA,NA,NA,NA,NA,NA,NA,NA,NA,NA,NA,NA,NA,NA,NA,NA,NA,NA,NA,TARGET_GONE,identity no longer active
2026-10-02T16:04:32Z,APP_21637_3022645,21637,3022645,26,2641,201.499,0,0,-1,-1,0,0.999931461,NA,NA,70.000000000,MEASURED_CPU_FAULT,CPU;INTERVAL_FAULTS,NA,NA,NA,NA,NA,NA,NA,NA,NA,NA,NA,NA,NA,NA,NA,NA,NA,NA,NA,NA,NA,NA,NA,TARGET_GONE,identity no longer active
2026-10-02T16:04:32Z,APP_21637_3022645,21637,3022645,26,2642,206.205,0,0,-1,-1,0,0.999931461,NA,NA,70.000000000,MEASURED_CPU_FAULT,CPU;INTERVAL_FAULTS,NA,NA,NA,NA,NA,NA,NA,NA,NA,NA,NA,NA,NA,NA,NA,NA,NA,NA,NA,NA,NA,NA,NA,TARGET_GONE,identity no longer active
2026-10-02T16:04:32Z,APP_21637_3022645,21637,3022645,26,2643,191.617,0,0,-1,-1,0,0.999931461,NA,NA,70.000000000,MEASURED_CPU_FAULT,CPU;INTERVAL_FAULTS,NA,NA,NA,NA,NA,NA,NA,NA,NA,NA,NA,NA,NA,NA,NA,NA,NA,NA,NA,NA,NA,NA,NA,TARGET_GONE,identity no longer active
2026-10-02T16:04:32Z,APP_21637_3022645,21637,3022645,26,2644,203.781,0,0,-1,-1,0,0.999931461,NA,NA,70.000000000,MEASURED_CPU_FAULT,CPU;INTERVAL_FAULTS,NA,NA,NA,NA,NA,NA,NA,NA,NA,NA,NA,NA,NA,NA,NA,NA,NA,NA,NA,NA,NA,NA,NA,TARGET_GONE,identity no longer active
2026-10-02T16:04:32Z,APP_21637_3022645,21637,3022645,26,2645,191.904,0,0,-1,-1,0,0.999931461,NA,NA,70.000000000,MEASURED_CPU_FAULT,CPU;INTERVAL_FAULTS,NA,NA,NA,NA,NA,NA,NA,NA,NA,NA,NA,NA,NA,NA,NA,NA,NA,NA,NA,NA,NA,NA,NA,TARGET_GONE,identity no longer active
2026-10-02T16:04:32Z,APP_21637_3022645,21637,3022645,26,2646,204.187,0,0,-1,-1,0,0.999931461,NA,NA,70.000000000,MEASURED_CPU_FAULT,CPU;INTERVAL_FAULTS,NA,NA,NA,NA,NA,NA,NA,NA,NA,NA,NA,NA,NA,NA,NA,NA,NA,NA,NA,NA,NA,NA,NA,TARGET_GONE,identity no longer active
2026-10-02T16:04:32Z,APP_21637_3022645,21637,3022645,26,2647,191.904,0,0,-1,-1,0,0.999931461,NA,NA,70.000000000,MEASURED_CPU_FAULT,CPU;INTERVAL_FAULTS,NA,NA,NA,NA,NA,NA,NA,NA,NA,NA,NA,NA,NA,NA,NA,NA,NA,NA,NA,NA,NA,NA,NA,TARGET_GONE,identity no longer active
2026-10-02T16:04:33Z,APP_21637_3022645,21637,3022645,26,2648,203.579,0,0,-1,-1,0,0.999931461,NA,NA,70.000000000,MEASURED_CPU_FAULT,CPU;INTERVAL_FAULTS,NA,NA,NA,NA,NA,NA,NA,NA,NA,NA,NA,NA,NA,NA,NA,NA,NA,NA,NA,NA,NA,NA,NA,TARGET_GONE,identity no longer active
2026-10-02T16:04:33Z,APP_21637_3022645,21637,3022645,26,2649,191.045,0,0,-1,-1,0,0.999931461,NA,NA,70.000000000,MEASURED_CPU_FAULT,CPU;INTERVAL_FAULTS,NA,NA,NA,NA,NA,NA,NA,NA,NA,NA,NA,NA,NA,NA,NA,NA,NA,NA,NA,NA,NA,NA,NA,TARGET_GONE,identity no longer active
2026-10-02T16:04:33Z,APP_21637_3022645,21637,3022645,26,2650,211.094,0,0,-1,-1,0,0.999931461,NA,NA,70.000000000,MEASURED_CPU_FAULT,CPU;INTERVAL_FAULTS,NA,NA,NA,NA,NA,NA,NA,NA,NA,NA,NA,NA,NA,NA,NA,NA,NA,NA,NA,NA,NA,NA,NA,TARGET_GONE,identity no longer active
2026-10-02T16:04:33Z,APP_21637_3022645,21637,3022645,26,2651,190.931,0,0,-1,-1,0,0.999931461,NA,NA,70.000000000,MEASURED_CPU_FAULT,CPU;INTERVAL_FAULTS,NA,NA,NA,NA,NA,NA,NA,NA,NA,NA,NA,NA,NA,NA,NA,NA,NA,NA,NA,NA,NA,NA,NA,TARGET_GONE,identity no longer active
2026-10-02T16:04:33Z,APP_21637_3022645,21637,3022645,26,2652,201.499,0,0,-1,-1,0,0.999931461,NA,NA,70.000000000,MEASURED_CPU_FAULT,CPU;INTERVAL_FAULTS,NA,NA,NA,NA,NA,NA,NA,NA,NA,NA,NA,NA,NA,NA,NA,NA,NA,NA,NA,NA,NA,NA,NA,TARGET_GONE,identity no longer active
2026-10-02T16:04:33Z,APP_21637_3022645,21637,3022645,26,2653,202.973,0,0,-1,-1,0,0.999931461,NA,NA,70.000000000,MEASURED_CPU_FAULT,CPU;INTERVAL_FAULTS,NA,NA,NA,NA,NA,NA,NA,NA,NA,NA,NA,NA,NA,NA,NA,NA,NA,NA,NA,NA,NA,NA,NA,TARGET_GONE,identity no longer active
2026-10-02T16:04:33Z,APP_21637_3022645,21637,3022645,26,2654,202.105,0,0,-1,-1,0,0.999931461,NA,NA,70.000000000,MEASURED_CPU_FAULT,CPU;INTERVAL_FAULTS,NA,NA,NA,NA,NA,NA,NA,NA,NA,NA,NA,NA,NA,NA,NA,NA,NA,NA,NA,NA,NA,NA,NA,TARGET_GONE,identity no longer active
2026-10-02T16:04:33Z,APP_21637_3022645,21637,3022645,26,2655,197.413,0,0,-1,-1,0,0.999931461,NA,NA,70.000000000,MEASURED_CPU_FAULT,CPU;INTERVAL_FAULTS,NA,NA,NA,NA,NA,NA,NA,NA,NA,NA,NA,NA,NA,NA,NA,NA,NA,NA,NA,NA,NA,NA,NA,TARGET_GONE,identity no longer active
2026-10-02T16:04:33Z,APP_21637_3022645,21637,3022645,26,2656,201.802,0,0,-1,-1,0,0.999931461,NA,NA,70.000000000,MEASURED_CPU_FAULT,CPU;INTERVAL_FAULTS,NA,NA,NA,NA,NA,NA,NA,NA,NA,NA,NA,NA,NA,NA,NA,NA,NA,NA,NA,NA,NA,NA,NA,TARGET_GONE,identity no longer active
2026-10-02T16:04:34Z,APP_21637_3022645,21637,3022645,26,2657,200.000,0,0,-1,-1,0,0.999931461,NA,NA,70.000000000,MEASURED_CPU_FAULT,CPU;INTERVAL_FAULTS,NA,NA,NA,NA,NA,NA,NA,NA,NA,NA,NA,NA,NA,NA,NA,NA,NA,NA,NA,NA,NA,NA,NA,TARGET_GONE,identity no longer active
2026-10-02T16:04:34Z,APP_21637_3022645,21637,3022645,26,2658,191.617,0,0,-1,-1,0,0.999931461,NA,NA,70.000000000,MEASURED_CPU_FAULT,CPU;INTERVAL_FAULTS,NA,NA,NA,NA,NA,NA,NA,NA,NA,NA,NA,NA,NA,NA,NA,NA,NA,NA,NA,NA,NA,NA,NA,TARGET_GONE,identity no longer active
2026-10-02T16:04:34Z,APP_21637_3022645,21637,3022645,26,2659,201.499,0,0,-1,-1,0,0.999931461,NA,NA,70.000000000,MEASURED_CPU_FAULT,CPU;INTERVAL_FAULTS,NA,NA,NA,NA,NA,NA,NA,NA,NA,NA,NA,NA,NA,NA,NA,NA,NA,NA,NA,NA,NA,NA,NA,TARGET_GONE,identity no longer active
2026-10-02T16:04:34Z,APP_21637_3022645,21637,3022645,26,2660,198.568,0,0,-1,-1,0,0.999931461,NA,NA,70.000000000,MEASURED_CPU_FAULT,CPU;INTERVAL_FAULTS,NA,NA,NA,NA,NA,NA,NA,NA,NA,NA,NA,NA,NA,NA,NA,NA,NA,NA,NA,NA,NA,NA,NA,TARGET_GONE,identity no longer active
2026-10-02T16:04:34Z,APP_21637_3022645,21637,3022645,26,2661,201.198,0,0,-1,-1,0,0.999931461,NA,NA,70.000000000,MEASURED_CPU_FAULT,CPU;INTERVAL_FAULTS,NA,NA,NA,NA,NA,NA,NA,NA,NA,NA,NA,NA,NA,NA,NA,NA,NA,NA,NA,NA,NA,NA,NA,TARGET_GONE,identity no longer active
2026-10-02T16:04:34Z,APP_21637_3022645,21637,3022645,26,2662,203.175,0,0,-1,-1,0,0.999931461,NA,NA,70.000000000,MEASURED_CPU_FAULT,CPU;INTERVAL_FAULTS,NA,NA,NA,NA,NA,NA,NA,NA,NA,NA,NA,NA,NA,NA,NA,NA,NA,NA,NA,NA,NA,NA,NA,TARGET_GONE,identity no longer active
2026-10-02T16:04:34Z,APP_21637_3022645,21637,3022645,26,2663,201.802,0,0,-1,-1,0,0.999931461,NA,NA,70.000000000,MEASURED_CPU_FAULT,CPU;INTERVAL_FAULTS,NA,NA,NA,NA,NA,NA,NA,NA,NA,NA,NA,NA,NA,NA,NA,NA,NA,NA,NA,NA,NA,NA,NA,TARGET_GONE,identity no longer active
2026-10-02T16:04:35Z,APP_21637_3022645,21637,3022645,26,2664,197.610,0,0,-1,-1,0,0.999931461,NA,NA,70.000000000,MEASURED_CPU_FAULT,CPU;INTERVAL_FAULTS,NA,NA,NA,NA,NA,NA,NA,NA,NA,NA,NA,NA,NA,NA,NA,NA,NA,NA,NA,NA,NA,NA,NA,TARGET_GONE,identity no longer active
2026-10-02T16:04:35Z,APP_21637_3022645,21637,3022645,26,2665,201.198,0,0,-1,-1,0,0.999931461,NA,NA,70.000000000,MEASURED_CPU_FAULT,CPU;INTERVAL_FAULTS,NA,NA,NA,NA,NA,NA,NA,NA,NA,NA,NA,NA,NA,NA,NA,NA,NA,NA,NA,NA,NA,NA,NA,TARGET_GONE,identity no longer active
2026-10-02T16:04:35Z,APP_21637_3022645,21637,3022645,26,2666,200.784,0,0,-1,-1,0,0.999931461,NA,NA,70.000000000,MEASURED_CPU_FAULT,CPU;INTERVAL_FAULTS,NA,NA,NA,NA,NA,NA,NA,NA,NA,NA,NA,NA,NA,NA,NA,NA,NA,NA,NA,NA,NA,NA,NA,TARGET_GONE,identity no longer active
2026-10-02T16:04:35Z,APP_21637_3022645,21637,3022645,26,2667,192.385,0,0,-1,-1,0,0.999931461,NA,NA,70.000000000,MEASURED_CPU_FAULT,CPU;INTERVAL_FAULTS,NA,NA,NA,NA,NA,NA,NA,NA,NA,NA,NA,NA,NA,NA,NA,NA,NA,NA,NA,NA,NA,NA,NA,TARGET_GONE,identity no longer active
2026-10-02T16:04:35Z,APP_21637_3022645,21637,3022645,26,2668,201.198,0,0,-1,-1,0,0.999931461,NA,NA,70.000000000,MEASURED_CPU_FAULT,CPU;INTERVAL_FAULTS,NA,NA,NA,NA,NA,NA,NA,NA,NA,NA,NA,NA,NA,NA,NA,NA,NA,NA,NA,NA,NA,NA,NA,TARGET_GONE,identity no longer active
2026-10-02T16:04:35Z,APP_21637_3022645,21637,3022645,26,2669,199.703,0,0,-1,-1,0,0.999931461,NA,NA,70.000000000,MEASURED_CPU_FAULT,CPU;INTERVAL_FAULTS,NA,NA,NA,NA,NA,NA,NA,NA,NA,NA,NA,NA,NA,NA,NA,NA,NA,NA,NA,NA,NA,NA,NA,TARGET_GONE,identity no longer active
2026-10-02T16:04:35Z,APP_21637_3022645,21637,3022645,26,2670,201.499,0,0,-1,-1,0,0.999931461,NA,NA,70.000000000,MEASURED_CPU_FAULT,CPU;INTERVAL_FAULTS,NA,NA,NA,NA,NA,NA,NA,NA,NA,NA,NA,NA,NA,NA,NA,NA,NA,NA,NA,NA,NA,NA,NA,TARGET_GONE,identity no longer active
2026-10-02T16:04:35Z,APP_21637_3022645,21637,3022645,26,2671,197.217,0,0,-1,-1,0,0.999931461,NA,NA,70.000000000,MEASURED_CPU_FAULT,CPU;INTERVAL_FAULTS,NA,NA,NA,NA,NA,NA,NA,NA,NA,NA,NA,NA,NA,NA,NA,NA,NA,NA,NA,NA,NA,NA,NA,TARGET_GONE,identity no longer active
2026-10-02T16:04:36Z,APP_21637_3022645,21637,3022645,26,2672,201.198,0,0,-1,-1,0,0.999931461,NA,NA,70.000000000,MEASURED_CPU_FAULT,CPU;INTERVAL_FAULTS,NA,NA,NA,NA,NA,NA,NA,NA,NA,NA,NA,NA,NA,NA,NA,NA,NA,NA,NA,NA,NA,NA,NA,TARGET_GONE,identity no longer active
2026-10-02T16:04:36Z,APP_21637_3022645,21637,3022645,26,2673,197.807,0,0,-1,-1,0,0.999931461,NA,NA,70.000000000,MEASURED_CPU_FAULT,CPU;INTERVAL_FAULTS,NA,NA,NA,NA,NA,NA,NA,NA,NA,NA,NA,NA,NA,NA,NA,NA,NA,NA,NA,NA,NA,NA,NA,TARGET_GONE,identity no longer active
2026-10-02T16:04:36Z,APP_21637_3022645,21637,3022645,26,2674,210.778,0,0,-1,-1,0,0.999931461,NA,NA,70.000000000,MEASURED_CPU_FAULT,CPU;INTERVAL_FAULTS,NA,NA,NA,NA,NA,NA,NA,NA,NA,NA,NA,NA,NA,NA,NA,NA,NA,NA,NA,NA,NA,NA,NA,TARGET_GONE,identity no longer active
2026-10-02T16:04:36Z,APP_21637_3022645,21637,3022645,26,2675,198.578,0,0,-1,-1,0,0.999931461,NA,NA,70.000000000,MEASURED_CPU_FAULT,CPU;INTERVAL_FAULTS,NA,NA,NA,NA,NA,NA,NA,NA,NA,NA,NA,NA,NA,NA,NA,NA,NA,NA,NA,NA,NA,NA,NA,TARGET_GONE,identity no longer active
2026-10-02T16:04:36Z,APP_21637_3022645,21637,3022645,26,2676,204.391,0,0,-1,-1,0,0.999931461,NA,NA,70.000000000,MEASURED_CPU_FAULT,CPU;INTERVAL_FAULTS,NA,NA,NA,NA,NA,NA,NA,NA,NA,NA,NA,NA,NA,NA,NA,NA,NA,NA,NA,NA,NA,NA,NA,TARGET_GONE,identity no longer active
2026-10-02T16:04:36Z,APP_21637_3022645,21637,3022645,26,2677,201.802,0,0,-1,-1,0,0.999931461,NA,NA,70.000000000,MEASURED_CPU_FAULT,CPU;INTERVAL_FAULTS,NA,NA,NA,NA,NA,NA,NA,NA,NA,NA,NA,NA,NA,NA,NA,NA,NA,NA,NA,NA,NA,NA,NA,TARGET_GONE,identity no longer active
2026-10-02T16:04:36Z,APP_21637_3022645,21637,3022645,26,2678,196.267,0,0,-1,-1,0,0.999931461,NA,NA,70.000000000,MEASURED_CPU_FAULT,CPU;INTERVAL_FAULTS,NA,NA,NA,NA,NA,NA,NA,NA,NA,NA,NA,NA,NA,NA,NA,NA,NA,NA,NA,NA,NA,NA,NA,TARGET_GONE,identity no longer active
2026-10-02T16:04:36Z,APP_21637_3022645,21637,3022645,26,2679,201.802,0,0,-1,-1,0,0.999931461,NA,NA,70.000000000,MEASURED_CPU_FAULT,CPU;INTERVAL_FAULTS,NA,NA,NA,NA,NA,NA,NA,NA,NA,NA,NA,NA,NA,NA,NA,NA,NA,NA,NA,NA,NA,NA,NA,TARGET_GONE,identity no longer active
2026-10-02T16:04:37Z,APP_21637_3022645,21637,3022645,26,2680,200.190,0,0,-1,-1,0,0.999931461,NA,NA,70.000000000,MEASURED_CPU_FAULT,CPU;INTERVAL_FAULTS,NA,NA,NA,NA,NA,NA,NA,NA,NA,NA,NA,NA,NA,NA,NA,NA,NA,NA,NA,NA,NA,NA,NA,TARGET_GONE,identity no longer active
2026-10-02T16:04:37Z,APP_21637_3022645,21637,3022645,26,2681,191.904,0,0,-1,-1,0,0.999931461,NA,NA,70.000000000,MEASURED_CPU_FAULT,CPU;INTERVAL_FAULTS,NA,NA,NA,NA,NA,NA,NA,NA,NA,NA,NA,NA,NA,NA,NA,NA,NA,NA,NA,NA,NA,NA,NA,TARGET_GONE,identity no longer active
2026-10-02T16:04:37Z,APP_21637_3022645,21637,3022645,26,2682,201.527,0,0,-1,-1,0,0.999931461,NA,NA,70.000000000,MEASURED_CPU_FAULT,CPU;INTERVAL_FAULTS,NA,NA,NA,NA,NA,NA,NA,NA,NA,NA,NA,NA,NA,NA,NA,NA,NA,NA,NA,NA,NA,NA,NA,TARGET_GONE,identity no longer active
2026-10-02T16:04:37Z,APP_21637_3022645,21637,3022645,26,2683,201.198,0,0,-1,-1,0,0.999931461,NA,NA,70.000000000,MEASURED_CPU_FAULT,CPU;INTERVAL_FAULTS,NA,NA,NA,NA,NA,NA,NA,NA,NA,NA,NA,NA,NA,NA,NA,NA,NA,NA,NA,NA,NA,NA,NA,TARGET_GONE,identity no longer active
2026-10-02T16:04:37Z,APP_21637_3022645,21637,3022645,26,2684,200.000,0,0,-1,-1,0,0.999931461,NA,NA,70.000000000,MEASURED_CPU_FAULT,CPU;INTERVAL_FAULTS,NA,NA,NA,NA,NA,NA,NA,NA,NA,NA,NA,NA,NA,NA,NA,NA,NA,NA,NA,NA,NA,NA,NA,TARGET_GONE,identity no longer active
2026-10-02T16:04:37Z,APP_21637_3022645,21637,3022645,26,2685,211.411,0,0,-1,-1,0,0.999931461,NA,NA,70.000000000,MEASURED_CPU_FAULT,CPU;INTERVAL_FAULTS,NA,NA,NA,NA,NA,NA,NA,NA,NA,NA,NA,NA,NA,NA,NA,NA,NA,NA,NA,NA,NA,NA,NA,TARGET_GONE,identity no longer active
2026-10-02T16:04:37Z,APP_21637_3022645,21637,3022645,26,2686,191.904,0,0,-1,-1,0,0.999931461,NA,NA,70.000000000,MEASURED_CPU_FAULT,CPU;INTERVAL_FAULTS,NA,NA,NA,NA,NA,NA,NA,NA,NA,NA,NA,NA,NA,NA,NA,NA,NA,NA,NA,NA,NA,NA,NA,TARGET_GONE,identity no longer active
2026-10-02T16:04:37Z,APP_21637_3022645,21637,3022645,26,2687,202.486,0,0,-1,-1,0,0.999931461,NA,NA,70.000000000,MEASURED_CPU_FAULT,CPU;INTERVAL_FAULTS,NA,NA,NA,NA,NA,NA,NA,NA,NA,NA,NA,NA,NA,NA,NA,NA,NA,NA,NA,NA,NA,NA,NA,TARGET_GONE,identity no longer active
2026-10-02T16:04:38Z,APP_21637_3022645,21637,3022645,26,2688,201.499,0,0,-1,-1,0,0.999931461,NA,NA,70.000000000,MEASURED_CPU_FAULT,CPU;INTERVAL_FAULTS,NA,NA,NA,NA,NA,NA,NA,NA,NA,NA,NA,NA,NA,NA,NA,NA,NA,NA,NA,NA,NA,NA,NA,TARGET_GONE,identity no longer active
2026-10-02T16:04:38Z,APP_21637_3022645,21637,3022645,26,2689,200.760,0,0,-1,-1,0,0.999931461,NA,NA,70.000000000,MEASURED_CPU_FAULT,CPU;INTERVAL_FAULTS,NA,NA,NA,NA,NA,NA,NA,NA,NA,NA,NA,NA,NA,NA,NA,NA,NA,NA,NA,NA,NA,NA,NA,TARGET_GONE,identity no longer active
2026-10-02T16:04:38Z,APP_21637_3022645,21637,3022645,26,2690,201.499,0,0,-1,-1,0,0.999931461,NA,NA,70.000000000,MEASURED_CPU_FAULT,CPU;INTERVAL_FAULTS,NA,NA,NA,NA,NA,NA,NA,NA,NA,NA,NA,NA,NA,NA,NA,NA,NA,NA,NA,NA,NA,NA,NA,TARGET_GONE,identity no longer active
2026-10-02T16:04:38Z,APP_21637_3022645,21637,3022645,26,2691,201.335,0,0,-1,-1,0,0.999931461,NA,NA,70.000000000,MEASURED_CPU_FAULT,CPU;INTERVAL_FAULTS,NA,NA,NA,NA,NA,NA,NA,NA,NA,NA,NA,NA,NA,NA,NA,NA,NA,NA,NA,NA,NA,NA,NA,TARGET_GONE,identity no longer active
2026-10-02T16:04:38Z,APP_21637_3022645,21637,3022645,26,2692,191.904,0,0,-1,-1,0,0.999931461,NA,NA,70.000000000,MEASURED_CPU_FAULT,CPU;INTERVAL_FAULTS,NA,NA,NA,NA,NA,NA,NA,NA,NA,NA,NA,NA,NA,NA,NA,NA,NA,NA,NA,NA,NA,NA,NA,TARGET_GONE,identity no longer active
2026-10-02T16:04:38Z,APP_21637_3022645,21637,3022645,26,2693,204.255,0,0,-1,-1,0,0.999931461,NA,NA,70.000000000,MEASURED_CPU_FAULT,CPU;INTERVAL_FAULTS,NA,NA,NA,NA,NA,NA,NA,NA,NA,NA,NA,NA,NA,NA,NA,NA,NA,NA,NA,NA,NA,NA,NA,TARGET_GONE,identity no longer active
2026-10-02T16:04:38Z,APP_21637_3022645,21637,3022645,26,2694,192.771,0,0,-1,-1,0,0.999931461,NA,NA,70.000000000,MEASURED_CPU_FAULT,CPU;INTERVAL_FAULTS,NA,NA,NA,NA,NA,NA,NA,NA,NA,NA,NA,NA,NA,NA,NA,NA,NA,NA,NA,NA,NA,NA,NA,TARGET_GONE,identity no longer active
2026-10-02T16:04:39Z,APP_21637_3022645,21637,3022645,26,2695,201.198,0,0,-1,-1,0,0.999931461,NA,NA,70.000000000,MEASURED_CPU_FAULT,CPU;INTERVAL_FAULTS,NA,NA,NA,NA,NA,NA,NA,NA,NA,NA,NA,NA,NA,NA,NA,NA,NA,NA,NA,NA,NA,NA,NA,TARGET_GONE,identity no longer active
2026-10-02T16:04:39Z,APP_21637_3022645,21637,3022645,26,2696,197.475,0,0,-1,-1,0,0.999931461,NA,NA,70.000000000,MEASURED_CPU_FAULT,CPU;INTERVAL_FAULTS,NA,NA,NA,NA,NA,NA,NA,NA,NA,NA,NA,NA,NA,NA,NA,NA,NA,NA,NA,NA,NA,NA,NA,TARGET_GONE,identity no longer active
2026-10-02T16:04:39Z,APP_21637_3022645,21637,3022645,26,2697,201.499,0,0,-1,-1,0,0.999931461,NA,NA,70.000000000,MEASURED_CPU_FAULT,CPU;INTERVAL_FAULTS,NA,NA,NA,NA,NA,NA,NA,NA,NA,NA,NA,NA,NA,NA,NA,NA,NA,NA,NA,NA,NA,NA,NA,TARGET_GONE,identity no longer active
2026-10-02T16:04:39Z,APP_21637_3022645,21637,3022645,26,2698,196.100,0,0,-1,-1,0,0.999931461,NA,NA,70.000000000,MEASURED_CPU_FAULT,CPU;INTERVAL_FAULTS,NA,NA,NA,NA,NA,NA,NA,NA,NA,NA,NA,NA,NA,NA,NA,NA,NA,NA,NA,NA,NA,NA,NA,TARGET_GONE,identity no longer active
2026-10-02T16:04:39Z,APP_21637_3022645,21637,3022645,26,2699,201.499,0,0,-1,-1,0,0.999931461,NA,NA,70.000000000,MEASURED_CPU_FAULT,CPU;INTERVAL_FAULTS,NA,NA,NA,NA,NA,NA,NA,NA,NA,NA,NA,NA,NA,NA,NA,NA,NA,NA,NA,NA,NA,NA,NA,TARGET_GONE,identity no longer active
2026-10-02T16:04:39Z,APP_21637_3022645,21637,3022645,26,2700,201.912,0,0,-1,-1,0,0.999931461,NA,NA,70.000000000,MEASURED_CPU_FAULT,CPU;INTERVAL_FAULTS,NA,NA,NA,NA,NA,NA,NA,NA,NA,NA,NA,NA,NA,NA,NA,NA,NA,NA,NA,NA,NA,NA,NA,TARGET_GONE,identity no longer active
2026-10-02T16:04:39Z,APP_21637_3022645,21637,3022645,26,2701,201.198,0,0,-1,-1,0,0.999931461,NA,NA,70.000000000,MEASURED_CPU_FAULT,CPU;INTERVAL_FAULTS,NA,NA,NA,NA,NA,NA,NA,NA,NA,NA,NA,NA,NA,NA,NA,NA,NA,NA,NA,NA,NA,NA,NA,TARGET_GONE,identity no longer active
2026-10-02T16:04:40Z,APP_21637_3022645,21637,3022645,26,2702,200.533,0,0,-1,-1,0,0.999931461,NA,NA,70.000000000,MEASURED_CPU_FAULT,CPU;INTERVAL_FAULTS,NA,NA,NA,NA,NA,NA,NA,NA,NA,NA,NA,NA,NA,NA,NA,NA,NA,NA,NA,NA,NA,NA,NA,TARGET_GONE,identity no longer active
2026-10-02T16:04:40Z,APP_21637_3022645,21637,3022645,26,2703,203.984,0,0,-1,-1,0,0.999931461,NA,NA,70.000000000,MEASURED_CPU_FAULT,CPU;INTERVAL_FAULTS,NA,NA,NA,NA,NA,NA,NA,NA,NA,NA,NA,NA,NA,NA,NA,NA,NA,NA,NA,NA,NA,NA,NA,TARGET_GONE,identity no longer active
2026-10-02T16:04:40Z,APP_21637_3022645,21637,3022645,26,2704,201.802,0,0,-1,-1,0,0.999931461,NA,NA,70.000000000,MEASURED_CPU_FAULT,CPU;INTERVAL_FAULTS,NA,NA,NA,NA,NA,NA,NA,NA,NA,NA,NA,NA,NA,NA,NA,NA,NA,NA,NA,NA,NA,NA,NA,TARGET_GONE,identity no longer active
2026-10-02T16:04:40Z,APP_21637_3022645,21637,3022645,26,2705,190.368,0,0,-1,-1,0,0.999931461,NA,NA,70.000000000,MEASURED_CPU_FAULT,CPU;INTERVAL_FAULTS,NA,NA,NA,NA,NA,NA,NA,NA,NA,NA,NA,NA,NA,NA,NA,NA,NA,NA,NA,NA,NA,NA,NA,TARGET_GONE,identity no longer active
2026-10-02T16:04:40Z,APP_21637_3022645,21637,3022645,26,2706,201.499,0,0,-1,-1,0,0.999931461,NA,NA,70.000000000,MEASURED_CPU_FAULT,CPU;INTERVAL_FAULTS,NA,NA,NA,NA,NA,NA,NA,NA,NA,NA,NA,NA,NA,NA,NA,NA,NA,NA,NA,NA,NA,NA,NA,TARGET_GONE,identity no longer active
2026-10-02T16:04:40Z,APP_21637_3022645,21637,3022645,26,2707,197.938,0,0,-1,-1,0,0.999931461,NA,NA,70.000000000,MEASURED_CPU_FAULT,CPU;INTERVAL_FAULTS,NA,NA,NA,NA,NA,NA,NA,NA,NA,NA,NA,NA,NA,NA,NA,NA,NA,NA,NA,NA,NA,NA,NA,TARGET_GONE,identity no longer active
2026-10-02T16:04:40Z,APP_21637_3022645,21637,3022645,26,2708,204.800,0,0,-1,-1,0,0.999931461,NA,NA,70.000000000,MEASURED_CPU_FAULT,CPU;INTERVAL_FAULTS,NA,NA,NA,NA,NA,NA,NA,NA,NA,NA,NA,NA,NA,NA,NA,NA,NA,NA,NA,NA,NA,NA,NA,TARGET_GONE,identity no longer active
2026-10-02T16:04:40Z,APP_21637_3022645,21637,3022645,26,2709,201.198,0,0,-1,-1,0,0.999931461,NA,NA,70.000000000,MEASURED_CPU_FAULT,CPU;INTERVAL_FAULTS,NA,NA,NA,NA,NA,NA,NA,NA,NA,NA,NA,NA,NA,NA,NA,NA,NA,NA,NA,NA,NA,NA,NA,TARGET_GONE,identity no longer active
2026-10-02T16:04:40Z,APP_21637_3022645,21637,3022645,26,2710,208.204,0,0,-1,-1,0,0.999931461,NA,NA,70.000000000,MEASURED_CPU_FAULT,CPU;INTERVAL_FAULTS,NA,NA,NA,NA,NA,NA,NA,NA,NA,NA,NA,NA,NA,NA,NA,NA,NA,NA,NA,NA,NA,NA,NA,TARGET_GONE,identity no longer active
2026-10-02T16:04:40Z,APP_21637_3022645,21637,3022645,26,2711,192.192,0,0,-1,-1,0,0.999931461,NA,NA,70.000000000,MEASURED_CPU_FAULT,CPU;INTERVAL_FAULTS,NA,NA,NA,NA,NA,NA,NA,NA,NA,NA,NA,NA,NA,NA,NA,NA,NA,NA,NA,NA,NA,NA,NA,TARGET_GONE,identity no longer active
2026-10-02T16:04:41Z,APP_21637_3022645,21637,3022645,26,2712,200.533,0,0,-1,-1,0,0.999931461,NA,NA,70.000000000,MEASURED_CPU_FAULT,CPU;INTERVAL_FAULTS,NA,NA,NA,NA,NA,NA,NA,NA,NA,NA,NA,NA,NA,NA,NA,NA,NA,NA,NA,NA,NA,NA,NA,TARGET_GONE,identity no longer active
2026-10-02T16:04:41Z,APP_21637_3022645,21637,3022645,26,2713,203.984,0,0,-1,-1,0,0.999931461,NA,NA,70.000000000,MEASURED_CPU_FAULT,CPU;INTERVAL_FAULTS,NA,NA,NA,NA,NA,NA,NA,NA,NA,NA,NA,NA,NA,NA,NA,NA,NA,NA,NA,NA,NA,NA,NA,TARGET_GONE,identity no longer active
2026-10-02T16:04:41Z,APP_21637_3022645,21637,3022645,26,2714,201.802,0,0,-1,-1,0,0.999931461,NA,NA,70.000000000,MEASURED_CPU_FAULT,CPU;INTERVAL_FAULTS,NA,NA,NA,NA,NA,NA,NA,NA,NA,NA,NA,NA,NA,NA,NA,NA,NA,NA,NA,NA,NA,NA,NA,TARGET_GONE,identity no longer active
2026-10-02T16:04:41Z,APP_21637_3022645,21637,3022645,26,2715,192.275,0,0,-1,-1,0,0.999931461,NA,NA,70.000000000,MEASURED_CPU_FAULT,CPU;INTERVAL_FAULTS,NA,NA,NA,NA,NA,NA,NA,NA,NA,NA,NA,NA,NA,NA,NA,NA,NA,NA,NA,NA,NA,NA,NA,TARGET_GONE,identity no longer active
2026-10-02T16:04:41Z,APP_21637_3022645,21637,3022645,26,2716,201.499,0,0,-1,-1,0,0.999931461,NA,NA,70.000000000,MEASURED_CPU_FAULT,CPU;INTERVAL_FAULTS,NA,NA,NA,NA,NA,NA,NA,NA,NA,NA,NA,NA,NA,NA,NA,NA,NA,NA,NA,NA,NA,NA,NA,TARGET_GONE,identity no longer active
2026-10-02T16:04:41Z,APP_21637_3022645,21637,3022645,26,2717,199.308,0,0,-1,-1,0,0.999931461,NA,NA,70.000000000,MEASURED_CPU_FAULT,CPU;INTERVAL_FAULTS,NA,NA,NA,NA,NA,NA,NA,NA,NA,NA,NA,NA,NA,NA,NA,NA,NA,NA,NA,NA,NA,NA,NA,TARGET_GONE,identity no longer active
2026-10-02T16:04:41Z,APP_21637_3022645,21637,3022645,26,2718,204.391,0,0,-1,-1,0,0.999931461,NA,NA,70.000000000,MEASURED_CPU_FAULT,CPU;INTERVAL_FAULTS,NA,NA,NA,NA,NA,NA,NA,NA,NA,NA,NA,NA,NA,NA,NA,NA,NA,NA,NA,NA,NA,NA,NA,TARGET_GONE,identity no longer active
2026-10-02T16:04:41Z,APP_21637_3022645,21637,3022645,26,2719,202.105,0,0,-1,-1,0,0.999931461,NA,NA,70.000000000,MEASURED_CPU_FAULT,CPU;INTERVAL_FAULTS,NA,NA,NA,NA,NA,NA,NA,NA,NA,NA,NA,NA,NA,NA,NA,NA,NA,NA,NA,NA,NA,NA,NA,TARGET_GONE,identity no longer active
2026-10-02T16:04:42Z,APP_21637_3022645,21637,3022645,26,2720,201.143,0,0,-1,-1,0,0.999931461,NA,NA,70.000000000,MEASURED_CPU_FAULT,CPU;INTERVAL_FAULTS,NA,NA,NA,NA,NA,NA,NA,NA,NA,NA,NA,NA,NA,NA,NA,NA,NA,NA,NA,NA,NA,NA,NA,TARGET_GONE,identity no longer active
2026-10-02T16:04:42Z,APP_21637_3022645,21637,3022645,26,2721,192.192,0,0,-1,-1,0,0.999931461,NA,NA,70.000000000,MEASURED_CPU_FAULT,CPU;INTERVAL_FAULTS,NA,NA,NA,NA,NA,NA,NA,NA,NA,NA,NA,NA,NA,NA,NA,NA,NA,NA,NA,NA,NA,NA,NA,TARGET_GONE,identity no longer active
2026-10-02T16:04:42Z,APP_21637_3022645,21637,3022645,26,2722,201.638,0,0,-1,-1,0,0.999931461,NA,NA,70.000000000,MEASURED_CPU_FAULT,CPU;INTERVAL_FAULTS,NA,NA,NA,NA,NA,NA,NA,NA,NA,NA,NA,NA,NA,NA,NA,NA,NA,NA,NA,NA,NA,NA,NA,TARGET_GONE,identity no longer active
2026-10-02T16:04:42Z,APP_21637_3022645,21637,3022645,26,2723,203.984,0,0,-1,-1,0,0.999931461,NA,NA,70.000000000,MEASURED_CPU_FAULT,CPU;INTERVAL_FAULTS,NA,NA,NA,NA,NA,NA,NA,NA,NA,NA,NA,NA,NA,NA,NA,NA,NA,NA,NA,NA,NA,NA,NA,TARGET_GONE,identity no longer active
2026-10-02T16:04:42Z,APP_21637_3022645,21637,3022645,26,2724,202.105,0,0,-1,-1,0,0.999931461,NA,NA,70.000000000,MEASURED_CPU_FAULT,CPU;INTERVAL_FAULTS,NA,NA,NA,NA,NA,NA,NA,NA,NA,NA,NA,NA,NA,NA,NA,NA,NA,NA,NA,NA,NA,NA,NA,TARGET_GONE,identity no longer active
2026-10-02T16:04:42Z,APP_21637_3022645,21637,3022645,26,2725,192.275,0,0,-1,-1,0,0.999931461,NA,NA,70.000000000,MEASURED_CPU_FAULT,CPU;INTERVAL_FAULTS,NA,NA,NA,NA,NA,NA,NA,NA,NA,NA,NA,NA,NA,NA,NA,NA,NA,NA,NA,NA,NA,NA,NA,TARGET_GONE,identity no longer active
2026-10-02T16:04:42Z,APP_21637_3022645,21637,3022645,26,2726,201.499,0,0,-1,-1,0,0.999931461,NA,NA,70.000000000,MEASURED_CPU_FAULT,CPU;INTERVAL_FAULTS,NA,NA,NA,NA,NA,NA,NA,NA,NA,NA,NA,NA,NA,NA,NA,NA,NA,NA,NA,NA,NA,NA,NA,TARGET_GONE,identity no longer active
2026-10-02T16:04:42Z,APP_21637_3022645,21637,3022645,26,2727,199.769,0,0,-1,-1,0,0.999931461,NA,NA,70.000000000,MEASURED_CPU_FAULT,CPU;INTERVAL_FAULTS,NA,NA,NA,NA,NA,NA,NA,NA,NA,NA,NA,NA,NA,NA,NA,NA,NA,NA,NA,NA,NA,NA,NA,TARGET_GONE,identity no longer active
2026-10-02T16:04:42Z,APP_21637_3022645,21637,3022645,26,2728,204.391,0,0,-1,-1,0,0.999931461,NA,NA,70.000000000,MEASURED_CPU_FAULT,CPU;INTERVAL_FAULTS,NA,NA,NA,NA,NA,NA,NA,NA,NA,NA,NA,NA,NA,NA,NA,NA,NA,NA,NA,NA,NA,NA,NA,TARGET_GONE,identity no longer active
2026-10-02T16:04:43Z,APP_21637_3022645,21637,3022645,26,2729,201.499,0,0,-1,-1,0,0.999931461,NA,NA,70.000000000,MEASURED_CPU_FAULT,CPU;INTERVAL_FAULTS,NA,NA,NA,NA,NA,NA,NA,NA,NA,NA,NA,NA,NA,NA,NA,NA,NA,NA,NA,NA,NA,NA,NA,TARGET_GONE,identity no longer active
2026-10-02T16:04:43Z,APP_21637_3022645,21637,3022645,26,2730,201.719,0,0,-1,-1,0,0.999931461,NA,NA,70.000000000,MEASURED_CPU_FAULT,CPU;INTERVAL_FAULTS,NA,NA,NA,NA,NA,NA,NA,NA,NA,NA,NA,NA,NA,NA,NA,NA,NA,NA,NA,NA,NA,NA,NA,TARGET_GONE,identity no longer active
2026-10-02T16:04:43Z,APP_21637_3022645,21637,3022645,26,2731,201.198,0,0,-1,-1,0,0.999931461,NA,NA,70.000000000,MEASURED_CPU_FAULT,CPU;INTERVAL_FAULTS,NA,NA,NA,NA,NA,NA,NA,NA,NA,NA,NA,NA,NA,NA,NA,NA,NA,NA,NA,NA,NA,NA,NA,TARGET_GONE,identity no longer active
2026-10-02T16:04:13Z,APP_21637_3022645,21637,3022645,27,2732,0.000,0,0,-1,-1,0,0.999931461,1,true,0.000000000,MEASURED_CPU_FAULT,CPU;INTERVAL_FAULTS,HOT,669.474315258,0.560000000,0.700000000,NA,NA,NA,NA,0.560000000,0.000000000,0.700000000,0.000000000,-1.000000000,1.232000000,NA,MOVE_THREAD,INVALID,NOT_APPLICABLE,INVALID,MOVE_THREAD,-1,-1,false,TARGET_GONE,identity no longer active
2026-10-02T16:04:14Z,APP_21637_3022645,21637,3022645,27,2733,0.000,0,0,-1,-1,0,0.999931461,NA,NA,0.000000000,MEASURED_CPU_FAULT,CPU;INTERVAL_FAULTS,NA,NA,NA,NA,NA,NA,NA,NA,NA,NA,NA,NA,NA,NA,NA,NA,NA,NA,NA,NA,NA,NA,NA,TARGET_GONE,identity no longer active
2026-10-02T16:04:14Z,APP_21637_3022645,21637,3022645,27,2734,0.000,0,0,-1,-1,0,0.999931461,NA,NA,0.000000000,MEASURED_CPU_FAULT,CPU;INTERVAL_FAULTS,NA,NA,NA,NA,NA,NA,NA,NA,NA,NA,NA,NA,NA,NA,NA,NA,NA,NA,NA,NA,NA,NA,NA,TARGET_GONE,identity no longer active
2026-10-02T16:04:14Z,APP_21637_3022645,21637,3022645,27,2735,0.000,0,0,-1,-1,0,0.999931461,NA,NA,0.000000000,MEASURED_CPU_FAULT,CPU;INTERVAL_FAULTS,NA,NA,NA,NA,NA,NA,NA,NA,NA,NA,NA,NA,NA,NA,NA,NA,NA,NA,NA,NA,NA,NA,NA,TARGET_GONE,identity no longer active
2026-10-02T16:04:14Z,APP_21637_3022645,21637,3022645,27,2736,0.000,0,0,-1,-1,0,0.999931461,NA,NA,0.000000000,MEASURED_CPU_FAULT,CPU;INTERVAL_FAULTS,NA,NA,NA,NA,NA,NA,NA,NA,NA,NA,NA,NA,NA,NA,NA,NA,NA,NA,NA,NA,NA,NA,NA,TARGET_GONE,identity no longer active
2026-10-02T16:04:14Z,APP_21637_3022645,21637,3022645,27,2737,0.000,0,0,-1,-1,0,0.999931461,NA,NA,0.000000000,MEASURED_CPU_FAULT,CPU;INTERVAL_FAULTS,NA,NA,NA,NA,NA,NA,NA,NA,NA,NA,NA,NA,NA,NA,NA,NA,NA,NA,NA,NA,NA,NA,NA,TARGET_GONE,identity no longer active
2026-10-02T16:04:14Z,APP_21637_3022645,21637,3022645,27,2738,0.000,0,0,-1,-1,0,0.999931461,NA,NA,0.000000000,MEASURED_CPU_FAULT,CPU;INTERVAL_FAULTS,NA,NA,NA,NA,NA,NA,NA,NA,NA,NA,NA,NA,NA,NA,NA,NA,NA,NA,NA,NA,NA,NA,NA,TARGET_GONE,identity no longer active
2026-10-02T16:04:15Z,APP_21637_3022645,21637,3022645,27,2739,18.907,0,0,-1,-1,0,0.999931461,NA,NA,13.234900000,MEASURED_CPU_FAULT,CPU;INTERVAL_FAULTS,NA,NA,NA,NA,NA,NA,NA,NA,NA,NA,NA,NA,NA,NA,NA,NA,NA,NA,NA,NA,NA,NA,NA,TARGET_GONE,identity no longer active
2026-10-02T16:04:15Z,APP_21637_3022645,21637,3022645,27,2740,191.617,0,0,-1,-1,0,0.999931461,NA,NA,70.000000000,MEASURED_CPU_FAULT,CPU;INTERVAL_FAULTS,NA,NA,NA,NA,NA,NA,NA,NA,NA,NA,NA,NA,NA,NA,NA,NA,NA,NA,NA,NA,NA,NA,NA,TARGET_GONE,identity no longer active
2026-10-02T16:04:15Z,APP_21637_3022645,21637,3022645,27,2741,201.499,0,0,-1,-1,0,0.999931461,NA,NA,70.000000000,MEASURED_CPU_FAULT,CPU;INTERVAL_FAULTS,NA,NA,NA,NA,NA,NA,NA,NA,NA,NA,NA,NA,NA,NA,NA,NA,NA,NA,NA,NA,NA,NA,NA,TARGET_GONE,identity no longer active
2026-10-02T16:04:15Z,APP_21637_3022645,21637,3022645,27,2742,200.272,0,0,-1,-1,0,0.999931461,NA,NA,70.000000000,MEASURED_CPU_FAULT,CPU;INTERVAL_FAULTS,NA,NA,NA,NA,NA,NA,NA,NA,NA,NA,NA,NA,NA,NA,NA,NA,NA,NA,NA,NA,NA,NA,NA,TARGET_GONE,identity no longer active
2026-10-02T16:04:15Z,APP_21637_3022645,21637,3022645,27,2743,201.198,0,0,-1,-1,0,0.999931461,NA,NA,70.000000000,MEASURED_CPU_FAULT,CPU;INTERVAL_FAULTS,NA,NA,NA,NA,NA,NA,NA,NA,NA,NA,NA,NA,NA,NA,NA,NA,NA,NA,NA,NA,NA,NA,NA,TARGET_GONE,identity no longer active
2026-10-02T16:04:15Z,APP_21637_3022645,21637,3022645,27,2744,196.831,0,0,-1,-1,0,0.999931461,NA,NA,70.000000000,MEASURED_CPU_FAULT,CPU;INTERVAL_FAULTS,NA,NA,NA,NA,NA,NA,NA,NA,NA,NA,NA,NA,NA,NA,NA,NA,NA,NA,NA,NA,NA,NA,NA,TARGET_GONE,identity no longer active
2026-10-02T16:04:15Z,APP_21637_3022645,21637,3022645,27,2745,201.499,0,0,-1,-1,0,0.999931461,NA,NA,70.000000000,MEASURED_CPU_FAULT,CPU;INTERVAL_FAULTS,NA,NA,NA,NA,NA,NA,NA,NA,NA,NA,NA,NA,NA,NA,NA,NA,NA,NA,NA,NA,NA,NA,NA,TARGET_GONE,identity no longer active
2026-10-02T16:04:15Z,APP_21637_3022645,21637,3022645,27,2746,197.610,0,0,-1,-1,0,0.999931461,NA,NA,70.000000000,MEASURED_CPU_FAULT,CPU;INTERVAL_FAULTS,NA,NA,NA,NA,NA,NA,NA,NA,NA,NA,NA,NA,NA,NA,NA,NA,NA,NA,NA,NA,NA,NA,NA,TARGET_GONE,identity no longer active
2026-10-02T16:04:15Z,APP_21637_3022645,21637,3022645,27,2747,201.499,0,0,-1,-1,0,0.999931461,NA,NA,70.000000000,MEASURED_CPU_FAULT,CPU;INTERVAL_FAULTS,NA,NA,NA,NA,NA,NA,NA,NA,NA,NA,NA,NA,NA,NA,NA,NA,NA,NA,NA,NA,NA,NA,NA,TARGET_GONE,identity no longer active
2026-10-02T16:04:16Z,APP_21637_3022645,21637,3022645,27,2748,203.787,0,0,-1,-1,0,0.999931461,NA,NA,70.000000000,MEASURED_CPU_FAULT,CPU;INTERVAL_FAULTS,NA,NA,NA,NA,NA,NA,NA,NA,NA,NA,NA,NA,NA,NA,NA,NA,NA,NA,NA,NA,NA,NA,NA,TARGET_GONE,identity no longer active
2026-10-02T16:04:16Z,APP_21637_3022645,21637,3022645,27,2749,192.192,0,0,-1,-1,0,0.999931461,NA,NA,70.000000000,MEASURED_CPU_FAULT,CPU;INTERVAL_FAULTS,NA,NA,NA,NA,NA,NA,NA,NA,NA,NA,NA,NA,NA,NA,NA,NA,NA,NA,NA,NA,NA,NA,NA,TARGET_GONE,identity no longer active
2026-10-02T16:04:16Z,APP_21637_3022645,21637,3022645,27,2750,201.499,0,0,-1,-1,0,0.999931461,NA,NA,70.000000000,MEASURED_CPU_FAULT,CPU;INTERVAL_FAULTS,NA,NA,NA,NA,NA,NA,NA,NA,NA,NA,NA,NA,NA,NA,NA,NA,NA,NA,NA,NA,NA,NA,NA,TARGET_GONE,identity no longer active
2026-10-02T16:04:16Z,APP_21637_3022645,21637,3022645,27,2751,205.714,0,0,-1,-1,0,0.999931461,NA,NA,70.000000000,MEASURED_CPU_FAULT,CPU;INTERVAL_FAULTS,NA,NA,NA,NA,NA,NA,NA,NA,NA,NA,NA,NA,NA,NA,NA,NA,NA,NA,NA,NA,NA,NA,NA,TARGET_GONE,identity no longer active
2026-10-02T16:04:16Z,APP_21637_3022645,21637,3022645,27,2752,191.617,0,0,-1,-1,0,0.999931461,NA,NA,70.000000000,MEASURED_CPU_FAULT,CPU;INTERVAL_FAULTS,NA,NA,NA,NA,NA,NA,NA,NA,NA,NA,NA,NA,NA,NA,NA,NA,NA,NA,NA,NA,NA,NA,NA,TARGET_GONE,identity no longer active
2026-10-02T16:04:16Z,APP_21637_3022645,21637,3022645,27,2753,203.781,0,0,-1,-1,0,0.999931461,NA,NA,70.000000000,MEASURED_CPU_FAULT,CPU;INTERVAL_FAULTS,NA,NA,NA,NA,NA,NA,NA,NA,NA,NA,NA,NA,NA,NA,NA,NA,NA,NA,NA,NA,NA,NA,NA,TARGET_GONE,identity no longer active
2026-10-02T16:04:16Z,APP_21637_3022645,21637,3022645,27,2754,192.192,0,0,-1,-1,0,0.999931461,NA,NA,70.000000000,MEASURED_CPU_FAULT,CPU;INTERVAL_FAULTS,NA,NA,NA,NA,NA,NA,NA,NA,NA,NA,NA,NA,NA,NA,NA,NA,NA,NA,NA,NA,NA,NA,NA,TARGET_GONE,identity no longer active
2026-10-02T16:04:16Z,APP_21637_3022645,21637,3022645,27,2755,203.579,0,0,-1,-1,0,0.999931461,NA,NA,70.000000000,MEASURED_CPU_FAULT,CPU;INTERVAL_FAULTS,NA,NA,NA,NA,NA,NA,NA,NA,NA,NA,NA,NA,NA,NA,NA,NA,NA,NA,NA,NA,NA,NA,NA,TARGET_GONE,identity no longer active
2026-10-02T16:04:17Z,APP_21637_3022645,21637,3022645,27,2756,201.499,0,0,-1,-1,0,0.999931461,NA,NA,70.000000000,MEASURED_CPU_FAULT,CPU;INTERVAL_FAULTS,NA,NA,NA,NA,NA,NA,NA,NA,NA,NA,NA,NA,NA,NA,NA,NA,NA,NA,NA,NA,NA,NA,NA,TARGET_GONE,identity no longer active
2026-10-02T16:04:17Z,APP_21637_3022645,21637,3022645,27,2757,198.450,0,0,-1,-1,0,0.999931461,NA,NA,70.000000000,MEASURED_CPU_FAULT,CPU;INTERVAL_FAULTS,NA,NA,NA,NA,NA,NA,NA,NA,NA,NA,NA,NA,NA,NA,NA,NA,NA,NA,NA,NA,NA,NA,NA,TARGET_GONE,identity no longer active
2026-10-02T16:04:17Z,APP_21637_3022645,21637,3022645,27,2758,211.411,0,0,-1,-1,0,0.999931461,NA,NA,70.000000000,MEASURED_CPU_FAULT,CPU;INTERVAL_FAULTS,NA,NA,NA,NA,NA,NA,NA,NA,NA,NA,NA,NA,NA,NA,NA,NA,NA,NA,NA,NA,NA,NA,NA,TARGET_GONE,identity no longer active
2026-10-02T16:04:17Z,APP_21637_3022645,21637,3022645,27,2759,191.904,0,0,-1,-1,0,0.999931461,NA,NA,70.000000000,MEASURED_CPU_FAULT,CPU;INTERVAL_FAULTS,NA,NA,NA,NA,NA,NA,NA,NA,NA,NA,NA,NA,NA,NA,NA,NA,NA,NA,NA,NA,NA,NA,NA,TARGET_GONE,identity no longer active
2026-10-02T16:04:17Z,APP_21637_3022645,21637,3022645,27,2760,205.714,0,0,-1,-1,0,0.999931461,NA,NA,70.000000000,MEASURED_CPU_FAULT,CPU;INTERVAL_FAULTS,NA,NA,NA,NA,NA,NA,NA,NA,NA,NA,NA,NA,NA,NA,NA,NA,NA,NA,NA,NA,NA,NA,NA,TARGET_GONE,identity no longer active
2026-10-02T16:04:17Z,APP_21637_3022645,21637,3022645,27,2761,201.802,0,0,-1,-1,0,0.999931461,NA,NA,70.000000000,MEASURED_CPU_FAULT,CPU;INTERVAL_FAULTS,NA,NA,NA,NA,NA,NA,NA,NA,NA,NA,NA,NA,NA,NA,NA,NA,NA,NA,NA,NA,NA,NA,NA,TARGET_GONE,identity no longer active
2026-10-02T16:04:17Z,APP_21637_3022645,21637,3022645,27,2762,197.217,0,0,-1,-1,0,0.999931461,NA,NA,70.000000000,MEASURED_CPU_FAULT,CPU;INTERVAL_FAULTS,NA,NA,NA,NA,NA,NA,NA,NA,NA,NA,NA,NA,NA,NA,NA,NA,NA,NA,NA,NA,NA,NA,NA,TARGET_GONE,identity no longer active
2026-10-02T16:04:17Z,APP_21637_3022645,21637,3022645,27,2763,201.499,0,0,-1,-1,0,0.999931461,NA,NA,70.000000000,MEASURED_CPU_FAULT,CPU;INTERVAL_FAULTS,NA,NA,NA,NA,NA,NA,NA,NA,NA,NA,NA,NA,NA,NA,NA,NA,NA,NA,NA,NA,NA,NA,NA,TARGET_GONE,identity no longer active
2026-10-02T16:04:18Z,APP_21637_3022645,21637,3022645,27,2764,197.807,0,0,-1,-1,0,0.999931461,NA,NA,70.000000000,MEASURED_CPU_FAULT,CPU;INTERVAL_FAULTS,NA,NA,NA,NA,NA,NA,NA,NA,NA,NA,NA,NA,NA,NA,NA,NA,NA,NA,NA,NA,NA,NA,NA,TARGET_GONE,identity no longer active
2026-10-02T16:04:18Z,APP_21637_3022645,21637,3022645,27,2765,200.897,0,0,-1,-1,0,0.999931461,NA,NA,70.000000000,MEASURED_CPU_FAULT,CPU;INTERVAL_FAULTS,NA,NA,NA,NA,NA,NA,NA,NA,NA,NA,NA,NA,NA,NA,NA,NA,NA,NA,NA,NA,NA,NA,NA,TARGET_GONE,identity no longer active
2026-10-02T16:04:18Z,APP_21637_3022645,21637,3022645,27,2766,199.555,0,0,-1,-1,0,0.999931461,NA,NA,70.000000000,MEASURED_CPU_FAULT,CPU;INTERVAL_FAULTS,NA,NA,NA,NA,NA,NA,NA,NA,NA,NA,NA,NA,NA,NA,NA,NA,NA,NA,NA,NA,NA,NA,NA,TARGET_GONE,identity no longer active
2026-10-02T16:04:18Z,APP_21637_3022645,21637,3022645,27,2767,191.617,0,0,-1,-1,0,0.999931461,NA,NA,70.000000000,MEASURED_CPU_FAULT,CPU;INTERVAL_FAULTS,NA,NA,NA,NA,NA,NA,NA,NA,NA,NA,NA,NA,NA,NA,NA,NA,NA,NA,NA,NA,NA,NA,NA,TARGET_GONE,identity no longer active
2026-10-02T16:04:18Z,APP_21637_3022645,21637,3022645,27,2768,201.499,0,0,-1,-1,0,0.999931461,NA,NA,70.000000000,MEASURED_CPU_FAULT,CPU;INTERVAL_FAULTS,NA,NA,NA,NA,NA,NA,NA,NA,NA,NA,NA,NA,NA,NA,NA,NA,NA,NA,NA,NA,NA,NA,NA,TARGET_GONE,identity no longer active
2026-10-02T16:04:18Z,APP_21637_3022645,21637,3022645,27,2769,198.393,0,0,-1,-1,0,0.999931461,NA,NA,70.000000000,MEASURED_CPU_FAULT,CPU;INTERVAL_FAULTS,NA,NA,NA,NA,NA,NA,NA,NA,NA,NA,NA,NA,NA,NA,NA,NA,NA,NA,NA,NA,NA,NA,NA,TARGET_GONE,identity no longer active
2026-10-02T16:04:18Z,APP_21637_3022645,21637,3022645,27,2770,201.802,0,0,-1,-1,0,0.999931461,NA,NA,70.000000000,MEASURED_CPU_FAULT,CPU;INTERVAL_FAULTS,NA,NA,NA,NA,NA,NA,NA,NA,NA,NA,NA,NA,NA,NA,NA,NA,NA,NA,NA,NA,NA,NA,NA,TARGET_GONE,identity no longer active
2026-10-02T16:04:18Z,APP_21637_3022645,21637,3022645,27,2771,203.175,0,0,-1,-1,0,0.999931461,NA,NA,70.000000000,MEASURED_CPU_FAULT,CPU;INTERVAL_FAULTS,NA,NA,NA,NA,NA,NA,NA,NA,NA,NA,NA,NA,NA,NA,NA,NA,NA,NA,NA,NA,NA,NA,NA,TARGET_GONE,identity no longer active
2026-10-02T16:04:19Z,APP_21637_3022645,21637,3022645,27,2772,201.802,0,0,-1,-1,0,0.999931461,NA,NA,70.000000000,MEASURED_CPU_FAULT,CPU;INTERVAL_FAULTS,NA,NA,NA,NA,NA,NA,NA,NA,NA,NA,NA,NA,NA,NA,NA,NA,NA,NA,NA,NA,NA,NA,NA,TARGET_GONE,identity no longer active
2026-10-02T16:04:19Z,APP_21637_3022645,21637,3022645,27,2773,197.413,0,0,-1,-1,0,0.999931461,NA,NA,70.000000000,MEASURED_CPU_FAULT,CPU;INTERVAL_FAULTS,NA,NA,NA,NA,NA,NA,NA,NA,NA,NA,NA,NA,NA,NA,NA,NA,NA,NA,NA,NA,NA,NA,NA,TARGET_GONE,identity no longer active
2026-10-02T16:04:19Z,APP_21637_3022645,21637,3022645,27,2774,201.499,0,0,-1,-1,0,0.999931461,NA,NA,70.000000000,MEASURED_CPU_FAULT,CPU;INTERVAL_FAULTS,NA,NA,NA,NA,NA,NA,NA,NA,NA,NA,NA,NA,NA,NA,NA,NA,NA,NA,NA,NA,NA,NA,NA,TARGET_GONE,identity no longer active
2026-10-02T16:04:19Z,APP_21637_3022645,21637,3022645,27,2775,203.262,0,0,-1,-1,0,0.999931461,NA,NA,70.000000000,MEASURED_CPU_FAULT,CPU;INTERVAL_FAULTS,NA,NA,NA,NA,NA,NA,NA,NA,NA,NA,NA,NA,NA,NA,NA,NA,NA,NA,NA,NA,NA,NA,NA,TARGET_GONE,identity no longer active
2026-10-02T16:04:19Z,APP_21637_3022645,21637,3022645,27,2776,201.499,0,0,-1,-1,0,0.999931461,NA,NA,70.000000000,MEASURED_CPU_FAULT,CPU;INTERVAL_FAULTS,NA,NA,NA,NA,NA,NA,NA,NA,NA,NA,NA,NA,NA,NA,NA,NA,NA,NA,NA,NA,NA,NA,NA,TARGET_GONE,identity no longer active
2026-10-02T16:04:19Z,APP_21637_3022645,21637,3022645,27,2777,197.610,0,0,-1,-1,0,0.999931461,NA,NA,70.000000000,MEASURED_CPU_FAULT,CPU;INTERVAL_FAULTS,NA,NA,NA,NA,NA,NA,NA,NA,NA,NA,NA,NA,NA,NA,NA,NA,NA,NA,NA,NA,NA,NA,NA,TARGET_GONE,identity no longer active
2026-10-02T16:04:19Z,APP_21637_3022645,21637,3022645,27,2778,201.499,0,0,-1,-1,0,0.999931461,NA,NA,70.000000000,MEASURED_CPU_FAULT,CPU;INTERVAL_FAULTS,NA,NA,NA,NA,NA,NA,NA,NA,NA,NA,NA,NA,NA,NA,NA,NA,NA,NA,NA,NA,NA,NA,NA,TARGET_GONE,identity no longer active
2026-10-02T16:04:20Z,APP_21637_3022645,21637,3022645,27,2779,197.610,0,0,-1,-1,0,0.999931461,NA,NA,70.000000000,MEASURED_CPU_FAULT,CPU;INTERVAL_FAULTS,NA,NA,NA,NA,NA,NA,NA,NA,NA,NA,NA,NA,NA,NA,NA,NA,NA,NA,NA,NA,NA,NA,NA,TARGET_GONE,identity no longer active
2026-10-02T16:04:20Z,APP_21637_3022645,21637,3022645,27,2780,201.499,0,0,-1,-1,0,0.999931461,NA,NA,70.000000000,MEASURED_CPU_FAULT,CPU;INTERVAL_FAULTS,NA,NA,NA,NA,NA,NA,NA,NA,NA,NA,NA,NA,NA,NA,NA,NA,NA,NA,NA,NA,NA,NA,NA,TARGET_GONE,identity no longer active
2026-10-02T16:04:20Z,APP_21637_3022645,21637,3022645,27,2781,202.973,0,0,-1,-1,0,0.999931461,NA,NA,70.000000000,MEASURED_CPU_FAULT,CPU;INTERVAL_FAULTS,NA,NA,NA,NA,NA,NA,NA,NA,NA,NA,NA,NA,NA,NA,NA,NA,NA,NA,NA,NA,NA,NA,NA,TARGET_GONE,identity no longer active
2026-10-02T16:04:20Z,APP_21637_3022645,21637,3022645,27,2782,191.904,0,0,-1,-1,0,0.999931461,NA,NA,70.000000000,MEASURED_CPU_FAULT,CPU;INTERVAL_FAULTS,NA,NA,NA,NA,NA,NA,NA,NA,NA,NA,NA,NA,NA,NA,NA,NA,NA,NA,NA,NA,NA,NA,NA,TARGET_GONE,identity no longer active
2026-10-02T16:04:20Z,APP_21637_3022645,21637,3022645,27,2783,201.942,0,0,-1,-1,0,0.999931461,NA,NA,70.000000000,MEASURED_CPU_FAULT,CPU;INTERVAL_FAULTS,NA,NA,NA,NA,NA,NA,NA,NA,NA,NA,NA,NA,NA,NA,NA,NA,NA,NA,NA,NA,NA,NA,NA,TARGET_GONE,identity no longer active
2026-10-02T16:04:20Z,APP_21637_3022645,21637,3022645,27,2784,191.617,0,0,-1,-1,0,0.999931461,NA,NA,70.000000000,MEASURED_CPU_FAULT,CPU;INTERVAL_FAULTS,NA,NA,NA,NA,NA,NA,NA,NA,NA,NA,NA,NA,NA,NA,NA,NA,NA,NA,NA,NA,NA,NA,NA,TARGET_GONE,identity no longer active
2026-10-02T16:04:20Z,APP_21637_3022645,21637,3022645,27,2785,201.802,0,0,-1,-1,0,0.999931461,NA,NA,70.000000000,MEASURED_CPU_FAULT,CPU;INTERVAL_FAULTS,NA,NA,NA,NA,NA,NA,NA,NA,NA,NA,NA,NA,NA,NA,NA,NA,NA,NA,NA,NA,NA,NA,NA,TARGET_GONE,identity no longer active
2026-10-02T16:04:20Z,APP_21637_3022645,21637,3022645,27,2786,198.331,0,0,-1,-1,0,0.999931461,NA,NA,70.000000000,MEASURED_CPU_FAULT,CPU;INTERVAL_FAULTS,NA,NA,NA,NA,NA,NA,NA,NA,NA,NA,NA,NA,NA,NA,NA,NA,NA,NA,NA,NA,NA,NA,NA,TARGET_GONE,identity no longer active
2026-10-02T16:04:20Z,APP_21637_3022645,21637,3022645,27,2787,201.499,0,0,-1,-1,0,0.999931461,NA,NA,70.000000000,MEASURED_CPU_FAULT,CPU;INTERVAL_FAULTS,NA,NA,NA,NA,NA,NA,NA,NA,NA,NA,NA,NA,NA,NA,NA,NA,NA,NA,NA,NA,NA,NA,NA,TARGET_GONE,identity no longer active
2026-10-02T16:04:21Z,APP_21637_3022645,21637,3022645,27,2788,197.413,0,0,-1,-1,0,0.999931461,NA,NA,70.000000000,MEASURED_CPU_FAULT,CPU;INTERVAL_FAULTS,NA,NA,NA,NA,NA,NA,NA,NA,NA,NA,NA,NA,NA,NA,NA,NA,NA,NA,NA,NA,NA,NA,NA,TARGET_GONE,identity no longer active
2026-10-02T16:04:21Z,APP_21637_3022645,21637,3022645,27,2789,201.499,0,0,-1,-1,0,0.999931461,NA,NA,70.000000000,MEASURED_CPU_FAULT,CPU;INTERVAL_FAULTS,NA,NA,NA,NA,NA,NA,NA,NA,NA,NA,NA,NA,NA,NA,NA,NA,NA,NA,NA,NA,NA,NA,NA,TARGET_GONE,identity no longer active
2026-10-02T16:04:21Z,APP_21637_3022645,21637,3022645,27,2790,203.579,0,0,-1,-1,0,0.999931461,NA,NA,70.000000000,MEASURED_CPU_FAULT,CPU;INTERVAL_FAULTS,NA,NA,NA,NA,NA,NA,NA,NA,NA,NA,NA,NA,NA,NA,NA,NA,NA,NA,NA,NA,NA,NA,NA,TARGET_GONE,identity no longer active
2026-10-02T16:04:21Z,APP_21637_3022645,21637,3022645,27,2791,201.499,0,0,-1,-1,0,0.999931461,NA,NA,70.000000000,MEASURED_CPU_FAULT,CPU;INTERVAL_FAULTS,NA,NA,NA,NA,NA,NA,NA,NA,NA,NA,NA,NA,NA,NA,NA,NA,NA,NA,NA,NA,NA,NA,NA,TARGET_GONE,identity no longer active
2026-10-02T16:04:21Z,APP_21637_3022645,21637,3022645,27,2792,199.555,0,0,-1,-1,0,0.999931461,NA,NA,70.000000000,MEASURED_CPU_FAULT,CPU;INTERVAL_FAULTS,NA,NA,NA,NA,NA,NA,NA,NA,NA,NA,NA,NA,NA,NA,NA,NA,NA,NA,NA,NA,NA,NA,NA,TARGET_GONE,identity no longer active
2026-10-02T16:04:21Z,APP_21637_3022645,21637,3022645,27,2793,192.192,0,0,-1,-1,0,0.999931461,NA,NA,70.000000000,MEASURED_CPU_FAULT,CPU;INTERVAL_FAULTS,NA,NA,NA,NA,NA,NA,NA,NA,NA,NA,NA,NA,NA,NA,NA,NA,NA,NA,NA,NA,NA,NA,NA,TARGET_GONE,identity no longer active
2026-10-02T16:04:21Z,APP_21637_3022645,21637,3022645,27,2794,200.897,0,0,-1,-1,0,0.999931461,NA,NA,70.000000000,MEASURED_CPU_FAULT,CPU;INTERVAL_FAULTS,NA,NA,NA,NA,NA,NA,NA,NA,NA,NA,NA,NA,NA,NA,NA,NA,NA,NA,NA,NA,NA,NA,NA,TARGET_GONE,identity no longer active
2026-10-02T16:04:22Z,APP_21637_3022645,21637,3022645,27,2795,198.568,0,0,-1,-1,0,0.999931461,NA,NA,70.000000000,MEASURED_CPU_FAULT,CPU;INTERVAL_FAULTS,NA,NA,NA,NA,NA,NA,NA,NA,NA,NA,NA,NA,NA,NA,NA,NA,NA,NA,NA,NA,NA,NA,NA,TARGET_GONE,identity no longer active
2026-10-02T16:04:22Z,APP_21637_3022645,21637,3022645,27,2796,201.198,0,0,-1,-1,0,0.999931461,NA,NA,70.000000000,MEASURED_CPU_FAULT,CPU;INTERVAL_FAULTS,NA,NA,NA,NA,NA,NA,NA,NA,NA,NA,NA,NA,NA,NA,NA,NA,NA,NA,NA,NA,NA,NA,NA,TARGET_GONE,identity no longer active
2026-10-02T16:04:22Z,APP_21637_3022645,21637,3022645,27,2797,203.376,0,0,-1,-1,0,0.999931461,NA,NA,70.000000000,MEASURED_CPU_FAULT,CPU;INTERVAL_FAULTS,NA,NA,NA,NA,NA,NA,NA,NA,NA,NA,NA,NA,NA,NA,NA,NA,NA,NA,NA,NA,NA,NA,NA,TARGET_GONE,identity no longer active
2026-10-02T16:04:22Z,APP_21637_3022645,21637,3022645,27,2798,201.198,0,0,-1,-1,0,0.999931461,NA,NA,70.000000000,MEASURED_CPU_FAULT,CPU;INTERVAL_FAULTS,NA,NA,NA,NA,NA,NA,NA,NA,NA,NA,NA,NA,NA,NA,NA,NA,NA,NA,NA,NA,NA,NA,NA,TARGET_GONE,identity no longer active
2026-10-02T16:04:22Z,APP_21637_3022645,21637,3022645,27,2799,197.413,0,0,-1,-1,0,0.999931461,NA,NA,70.000000000,MEASURED_CPU_FAULT,CPU;INTERVAL_FAULTS,NA,NA,NA,NA,NA,NA,NA,NA,NA,NA,NA,NA,NA,NA,NA,NA,NA,NA,NA,NA,NA,NA,NA,TARGET_GONE,identity no longer active
2026-10-02T16:04:22Z,APP_21637_3022645,21637,3022645,27,2800,201.499,0,0,-1,-1,0,0.999931461,NA,NA,70.000000000,MEASURED_CPU_FAULT,CPU;INTERVAL_FAULTS,NA,NA,NA,NA,NA,NA,NA,NA,NA,NA,NA,NA,NA,NA,NA,NA,NA,NA,NA,NA,NA,NA,NA,TARGET_GONE,identity no longer active
2026-10-02T16:04:22Z,APP_21637_3022645,21637,3022645,27,2801,200.805,0,0,-1,-1,0,0.999931461,NA,NA,70.000000000,MEASURED_CPU_FAULT,CPU;INTERVAL_FAULTS,NA,NA,NA,NA,NA,NA,NA,NA,NA,NA,NA,NA,NA,NA,NA,NA,NA,NA,NA,NA,NA,NA,NA,TARGET_GONE,identity no longer active
2026-10-02T16:04:22Z,APP_21637_3022645,21637,3022645,27,2802,192.192,0,0,-1,-1,0,0.999931461,NA,NA,70.000000000,MEASURED_CPU_FAULT,CPU;INTERVAL_FAULTS,NA,NA,NA,NA,NA,NA,NA,NA,NA,NA,NA,NA,NA,NA,NA,NA,NA,NA,NA,NA,NA,NA,NA,TARGET_GONE,identity no longer active
2026-10-02T16:04:22Z,APP_21637_3022645,21637,3022645,27,2803,201.499,0,0,-1,-1,0,0.999931461,NA,NA,70.000000000,MEASURED_CPU_FAULT,CPU;INTERVAL_FAULTS,NA,NA,NA,NA,NA,NA,NA,NA,NA,NA,NA,NA,NA,NA,NA,NA,NA,NA,NA,NA,NA,NA,NA,TARGET_GONE,identity no longer active
2026-10-02T16:04:23Z,APP_21637_3022645,21637,3022645,27,2804,206.205,0,0,-1,-1,0,0.999931461,NA,NA,70.000000000,MEASURED_CPU_FAULT,CPU;INTERVAL_FAULTS,NA,NA,NA,NA,NA,NA,NA,NA,NA,NA,NA,NA,NA,NA,NA,NA,NA,NA,NA,NA,NA,NA,NA,TARGET_GONE,identity no longer active
2026-10-02T16:04:23Z,APP_21637_3022645,21637,3022645,27,2805,192.192,0,0,-1,-1,0,0.999931461,NA,NA,70.000000000,MEASURED_CPU_FAULT,CPU;INTERVAL_FAULTS,NA,NA,NA,NA,NA,NA,NA,NA,NA,NA,NA,NA,NA,NA,NA,NA,NA,NA,NA,NA,NA,NA,NA,TARGET_GONE,identity no longer active
2026-10-02T16:04:23Z,APP_21637_3022645,21637,3022645,27,2806,203.175,0,0,-1,-1,0,0.999931461,NA,NA,70.000000000,MEASURED_CPU_FAULT,CPU;INTERVAL_FAULTS,NA,NA,NA,NA,NA,NA,NA,NA,NA,NA,NA,NA,NA,NA,NA,NA,NA,NA,NA,NA,NA,NA,NA,TARGET_GONE,identity no longer active
2026-10-02T16:04:23Z,APP_21637_3022645,21637,3022645,27,2807,192.481,0,0,-1,-1,0,0.999931461,NA,NA,70.000000000,MEASURED_CPU_FAULT,CPU;INTERVAL_FAULTS,NA,NA,NA,NA,NA,NA,NA,NA,NA,NA,NA,NA,NA,NA,NA,NA,NA,NA,NA,NA,NA,NA,NA,TARGET_GONE,identity no longer active
2026-10-02T16:04:23Z,APP_21637_3022645,21637,3022645,27,2808,203.781,0,0,-1,-1,0,0.999931461,NA,NA,70.000000000,MEASURED_CPU_FAULT,CPU;INTERVAL_FAULTS,NA,NA,NA,NA,NA,NA,NA,NA,NA,NA,NA,NA,NA,NA,NA,NA,NA,NA,NA,NA,NA,NA,NA,TARGET_GONE,identity no longer active
2026-10-02T16:04:23Z,APP_21637_3022645,21637,3022645,27,2809,191.904,0,0,-1,-1,0,0.999931461,NA,NA,70.000000000,MEASURED_CPU_FAULT,CPU;INTERVAL_FAULTS,NA,NA,NA,NA,NA,NA,NA,NA,NA,NA,NA,NA,NA,NA,NA,NA,NA,NA,NA,NA,NA,NA,NA,TARGET_GONE,identity no longer active
2026-10-02T16:04:23Z,APP_21637_3022645,21637,3022645,27,2810,202.157,0,0,-1,-1,0,0.999931461,NA,NA,70.000000000,MEASURED_CPU_FAULT,CPU;INTERVAL_FAULTS,NA,NA,NA,NA,NA,NA,NA,NA,NA,NA,NA,NA,NA,NA,NA,NA,NA,NA,NA,NA,NA,NA,NA,TARGET_GONE,identity no longer active
2026-10-02T16:04:23Z,APP_21637_3022645,21637,3022645,27,2811,211.411,0,0,-1,-1,0,0.999931461,NA,NA,70.000000000,MEASURED_CPU_FAULT,CPU;INTERVAL_FAULTS,NA,NA,NA,NA,NA,NA,NA,NA,NA,NA,NA,NA,NA,NA,NA,NA,NA,NA,NA,NA,NA,NA,NA,TARGET_GONE,identity no longer active
2026-10-02T16:04:24Z,APP_21637_3022645,21637,3022645,27,2812,191.904,0,0,-1,-1,0,0.999931461,NA,NA,70.000000000,MEASURED_CPU_FAULT,CPU;INTERVAL_FAULTS,NA,NA,NA,NA,NA,NA,NA,NA,NA,NA,NA,NA,NA,NA,NA,NA,NA,NA,NA,NA,NA,NA,NA,TARGET_GONE,identity no longer active
2026-10-02T16:04:24Z,APP_21637_3022645,21637,3022645,27,2813,205.470,0,0,-1,-1,0,0.999931461,NA,NA,70.000000000,MEASURED_CPU_FAULT,CPU;INTERVAL_FAULTS,NA,NA,NA,NA,NA,NA,NA,NA,NA,NA,NA,NA,NA,NA,NA,NA,NA,NA,NA,NA,NA,NA,NA,TARGET_GONE,identity no longer active
2026-10-02T16:04:24Z,APP_21637_3022645,21637,3022645,27,2814,201.802,0,0,-1,-1,0,0.999931461,NA,NA,70.000000000,MEASURED_CPU_FAULT,CPU;INTERVAL_FAULTS,NA,NA,NA,NA,NA,NA,NA,NA,NA,NA,NA,NA,NA,NA,NA,NA,NA,NA,NA,NA,NA,NA,NA,TARGET_GONE,identity no longer active
2026-10-02T16:04:24Z,APP_21637_3022645,21637,3022645,27,2815,197.217,0,0,-1,-1,0,0.999931461,NA,NA,70.000000000,MEASURED_CPU_FAULT,CPU;INTERVAL_FAULTS,NA,NA,NA,NA,NA,NA,NA,NA,NA,NA,NA,NA,NA,NA,NA,NA,NA,NA,NA,NA,NA,NA,NA,TARGET_GONE,identity no longer active
2026-10-02T16:04:24Z,APP_21637_3022645,21637,3022645,27,2816,201.499,0,0,-1,-1,0,0.999931461,NA,NA,70.000000000,MEASURED_CPU_FAULT,CPU;INTERVAL_FAULTS,NA,NA,NA,NA,NA,NA,NA,NA,NA,NA,NA,NA,NA,NA,NA,NA,NA,NA,NA,NA,NA,NA,NA,TARGET_GONE,identity no longer active
2026-10-02T16:04:24Z,APP_21637_3022645,21637,3022645,27,2817,203.376,0,0,-1,-1,0,0.999931461,NA,NA,70.000000000,MEASURED_CPU_FAULT,CPU;INTERVAL_FAULTS,NA,NA,NA,NA,NA,NA,NA,NA,NA,NA,NA,NA,NA,NA,NA,NA,NA,NA,NA,NA,NA,NA,NA,TARGET_GONE,identity no longer active
2026-10-02T16:04:24Z,APP_21637_3022645,21637,3022645,27,2818,191.904,0,0,-1,-1,0,0.999931461,NA,NA,70.000000000,MEASURED_CPU_FAULT,CPU;INTERVAL_FAULTS,NA,NA,NA,NA,NA,NA,NA,NA,NA,NA,NA,NA,NA,NA,NA,NA,NA,NA,NA,NA,NA,NA,NA,TARGET_GONE,identity no longer active
2026-10-02T16:04:25Z,APP_21637_3022645,21637,3022645,27,2819,200.149,0,0,-1,-1,0,0.999931461,NA,NA,70.000000000,MEASURED_CPU_FAULT,CPU;INTERVAL_FAULTS,NA,NA,NA,NA,NA,NA,NA,NA,NA,NA,NA,NA,NA,NA,NA,NA,NA,NA,NA,NA,NA,NA,NA,TARGET_GONE,identity no longer active
2026-10-02T16:04:25Z,APP_21637_3022645,21637,3022645,27,2820,191.617,0,0,-1,-1,0,0.999931461,NA,NA,70.000000000,MEASURED_CPU_FAULT,CPU;INTERVAL_FAULTS,NA,NA,NA,NA,NA,NA,NA,NA,NA,NA,NA,NA,NA,NA,NA,NA,NA,NA,NA,NA,NA,NA,NA,TARGET_GONE,identity no longer active
2026-10-02T16:04:25Z,APP_21637_3022645,21637,3022645,27,2821,201.499,0,0,-1,-1,0,0.999931461,NA,NA,70.000000000,MEASURED_CPU_FAULT,CPU;INTERVAL_FAULTS,NA,NA,NA,NA,NA,NA,NA,NA,NA,NA,NA,NA,NA,NA,NA,NA,NA,NA,NA,NA,NA,NA,NA,TARGET_GONE,identity no longer active
2026-10-02T16:04:25Z,APP_21637_3022645,21637,3022645,27,2822,206.205,0,0,-1,-1,0,0.999931461,NA,NA,70.000000000,MEASURED_CPU_FAULT,CPU;INTERVAL_FAULTS,NA,NA,NA,NA,NA,NA,NA,NA,NA,NA,NA,NA,NA,NA,NA,NA,NA,NA,NA,NA,NA,NA,NA,TARGET_GONE,identity no longer active
2026-10-02T16:04:25Z,APP_21637_3022645,21637,3022645,27,2823,191.904,0,0,-1,-1,0,0.999931461,NA,NA,70.000000000,MEASURED_CPU_FAULT,CPU;INTERVAL_FAULTS,NA,NA,NA,NA,NA,NA,NA,NA,NA,NA,NA,NA,NA,NA,NA,NA,NA,NA,NA,NA,NA,NA,NA,TARGET_GONE,identity no longer active
2026-10-02T16:04:25Z,APP_21637_3022645,21637,3022645,27,2824,203.984,0,0,-1,-1,0,0.999931461,NA,NA,70.000000000,MEASURED_CPU_FAULT,CPU;INTERVAL_FAULTS,NA,NA,NA,NA,NA,NA,NA,NA,NA,NA,NA,NA,NA,NA,NA,NA,NA,NA,NA,NA,NA,NA,NA,TARGET_GONE,identity no longer active
2026-10-02T16:04:25Z,APP_21637_3022645,21637,3022645,27,2825,191.904,0,0,-1,-1,0,0.999931461,NA,NA,70.000000000,MEASURED_CPU_FAULT,CPU;INTERVAL_FAULTS,NA,NA,NA,NA,NA,NA,NA,NA,NA,NA,NA,NA,NA,NA,NA,NA,NA,NA,NA,NA,NA,NA,NA,TARGET_GONE,identity no longer active
2026-10-02T16:04:25Z,APP_21637_3022645,21637,3022645,27,2826,203.376,0,0,-1,-1,0,0.999931461,NA,NA,70.000000000,MEASURED_CPU_FAULT,CPU;INTERVAL_FAULTS,NA,NA,NA,NA,NA,NA,NA,NA,NA,NA,NA,NA,NA,NA,NA,NA,NA,NA,NA,NA,NA,NA,NA,TARGET_GONE,identity no longer active
2026-10-02T16:04:25Z,APP_21637_3022645,21637,3022645,27,2827,201.802,0,0,-1,-1,0,0.999931461,NA,NA,70.000000000,MEASURED_CPU_FAULT,CPU;INTERVAL_FAULTS,NA,NA,NA,NA,NA,NA,NA,NA,NA,NA,NA,NA,NA,NA,NA,NA,NA,NA,NA,NA,NA,NA,NA,TARGET_GONE,identity no longer active
2026-10-02T16:04:26Z,APP_21637_3022645,21637,3022645,27,2828,197.531,0,0,-1,-1,0,0.999931461,NA,NA,70.000000000,MEASURED_CPU_FAULT,CPU;INTERVAL_FAULTS,NA,NA,NA,NA,NA,NA,NA,NA,NA,NA,NA,NA,NA,NA,NA,NA,NA,NA,NA,NA,NA,NA,NA,TARGET_GONE,identity no longer active
2026-10-02T16:04:26Z,APP_21637_3022645,21637,3022645,27,2829,210.778,0,0,-1,-1,0,0.999931461,NA,NA,70.000000000,MEASURED_CPU_FAULT,CPU;INTERVAL_FAULTS,NA,NA,NA,NA,NA,NA,NA,NA,NA,NA,NA,NA,NA,NA,NA,NA,NA,NA,NA,NA,NA,NA,NA,TARGET_GONE,identity no longer active
2026-10-02T16:04:26Z,APP_21637_3022645,21637,3022645,27,2830,201.499,0,0,-1,-1,0,0.999931461,NA,NA,70.000000000,MEASURED_CPU_FAULT,CPU;INTERVAL_FAULTS,NA,NA,NA,NA,NA,NA,NA,NA,NA,NA,NA,NA,NA,NA,NA,NA,NA,NA,NA,NA,NA,NA,NA,TARGET_GONE,identity no longer active
2026-10-02T16:04:26Z,APP_21637_3022645,21637,3022645,27,2831,198.568,0,0,-1,-1,0,0.999931461,NA,NA,70.000000000,MEASURED_CPU_FAULT,CPU;INTERVAL_FAULTS,NA,NA,NA,NA,NA,NA,NA,NA,NA,NA,NA,NA,NA,NA,NA,NA,NA,NA,NA,NA,NA,NA,NA,TARGET_GONE,identity no longer active
2026-10-02T16:04:26Z,APP_21637_3022645,21637,3022645,27,2832,201.198,0,0,-1,-1,0,0.999931461,NA,NA,70.000000000,MEASURED_CPU_FAULT,CPU;INTERVAL_FAULTS,NA,NA,NA,NA,NA,NA,NA,NA,NA,NA,NA,NA,NA,NA,NA,NA,NA,NA,NA,NA,NA,NA,NA,TARGET_GONE,identity no longer active
2026-10-02T16:04:26Z,APP_21637_3022645,21637,3022645,27,2833,203.376,0,0,-1,-1,0,0.999931461,NA,NA,70.000000000,MEASURED_CPU_FAULT,CPU;INTERVAL_FAULTS,NA,NA,NA,NA,NA,NA,NA,NA,NA,NA,NA,NA,NA,NA,NA,NA,NA,NA,NA,NA,NA,NA,NA,TARGET_GONE,identity no longer active
2026-10-02T16:04:26Z,APP_21637_3022645,21637,3022645,27,2834,191.904,0,0,-1,-1,0,0.999931461,NA,NA,70.000000000,MEASURED_CPU_FAULT,CPU;INTERVAL_FAULTS,NA,NA,NA,NA,NA,NA,NA,NA,NA,NA,NA,NA,NA,NA,NA,NA,NA,NA,NA,NA,NA,NA,NA,TARGET_GONE,identity no longer active
2026-10-02T16:04:26Z,APP_21637_3022645,21637,3022645,27,2835,203.781,0,0,-1,-1,0,0.999931461,NA,NA,70.000000000,MEASURED_CPU_FAULT,CPU;INTERVAL_FAULTS,NA,NA,NA,NA,NA,NA,NA,NA,NA,NA,NA,NA,NA,NA,NA,NA,NA,NA,NA,NA,NA,NA,NA,TARGET_GONE,identity no longer active
2026-10-02T16:04:27Z,APP_21637_3022645,21637,3022645,27,2836,191.617,0,0,-1,-1,0,0.999931461,NA,NA,70.000000000,MEASURED_CPU_FAULT,CPU;INTERVAL_FAULTS,NA,NA,NA,NA,NA,NA,NA,NA,NA,NA,NA,NA,NA,NA,NA,NA,NA,NA,NA,NA,NA,NA,NA,TARGET_GONE,identity no longer active
2026-10-02T16:04:27Z,APP_21637_3022645,21637,3022645,27,2837,201.575,0,0,-1,-1,0,0.999931461,NA,NA,70.000000000,MEASURED_CPU_FAULT,CPU;INTERVAL_FAULTS,NA,NA,NA,NA,NA,NA,NA,NA,NA,NA,NA,NA,NA,NA,NA,NA,NA,NA,NA,NA,NA,NA,NA,TARGET_GONE,identity no longer active
2026-10-02T16:04:27Z,APP_21637_3022645,21637,3022645,27,2838,211.411,0,0,-1,-1,0,0.999931461,NA,NA,70.000000000,MEASURED_CPU_FAULT,CPU;INTERVAL_FAULTS,NA,NA,NA,NA,NA,NA,NA,NA,NA,NA,NA,NA,NA,NA,NA,NA,NA,NA,NA,NA,NA,NA,NA,TARGET_GONE,identity no longer active
2026-10-02T16:04:27Z,APP_21637_3022645,21637,3022645,27,2839,201.802,0,0,-1,-1,0,0.999931461,NA,NA,70.000000000,MEASURED_CPU_FAULT,CPU;INTERVAL_FAULTS,NA,NA,NA,NA,NA,NA,NA,NA,NA,NA,NA,NA,NA,NA,NA,NA,NA,NA,NA,NA,NA,NA,NA,TARGET_GONE,identity no longer active
2026-10-02T16:04:27Z,APP_21637_3022645,21637,3022645,27,2840,198.095,0,0,-1,-1,0,0.999931461,NA,NA,70.000000000,MEASURED_CPU_FAULT,CPU;INTERVAL_FAULTS,NA,NA,NA,NA,NA,NA,NA,NA,NA,NA,NA,NA,NA,NA,NA,NA,NA,NA,NA,NA,NA,NA,NA,TARGET_GONE,identity no longer active
2026-10-02T16:04:27Z,APP_21637_3022645,21637,3022645,27,2841,201.802,0,0,-1,-1,0,0.999931461,NA,NA,70.000000000,MEASURED_CPU_FAULT,CPU;INTERVAL_FAULTS,NA,NA,NA,NA,NA,NA,NA,NA,NA,NA,NA,NA,NA,NA,NA,NA,NA,NA,NA,NA,NA,NA,NA,TARGET_GONE,identity no longer active
2026-10-02T16:04:27Z,APP_21637_3022645,21637,3022645,27,2842,197.413,0,0,-1,-1,0,0.999931461,NA,NA,70.000000000,MEASURED_CPU_FAULT,CPU;INTERVAL_FAULTS,NA,NA,NA,NA,NA,NA,NA,NA,NA,NA,NA,NA,NA,NA,NA,NA,NA,NA,NA,NA,NA,NA,NA,TARGET_GONE,identity no longer active
2026-10-02T16:04:27Z,APP_21637_3022645,21637,3022645,27,2843,201.499,0,0,-1,-1,0,0.999931461,NA,NA,70.000000000,MEASURED_CPU_FAULT,CPU;INTERVAL_FAULTS,NA,NA,NA,NA,NA,NA,NA,NA,NA,NA,NA,NA,NA,NA,NA,NA,NA,NA,NA,NA,NA,NA,NA,TARGET_GONE,identity no longer active
2026-10-02T16:04:28Z,APP_21637_3022645,21637,3022645,27,2844,198.066,0,0,-1,-1,0,0.999931461,NA,NA,70.000000000,MEASURED_CPU_FAULT,CPU;INTERVAL_FAULTS,NA,NA,NA,NA,NA,NA,NA,NA,NA,NA,NA,NA,NA,NA,NA,NA,NA,NA,NA,NA,NA,NA,NA,TARGET_GONE,identity no longer active
2026-10-02T16:04:28Z,APP_21637_3022645,21637,3022645,27,2845,201.198,0,0,-1,-1,0,0.999931461,NA,NA,70.000000000,MEASURED_CPU_FAULT,CPU;INTERVAL_FAULTS,NA,NA,NA,NA,NA,NA,NA,NA,NA,NA,NA,NA,NA,NA,NA,NA,NA,NA,NA,NA,NA,NA,NA,TARGET_GONE,identity no longer active
2026-10-02T16:04:28Z,APP_21637_3022645,21637,3022645,27,2846,198.621,0,0,-1,-1,0,0.999931461,NA,NA,70.000000000,MEASURED_CPU_FAULT,CPU;INTERVAL_FAULTS,NA,NA,NA,NA,NA,NA,NA,NA,NA,NA,NA,NA,NA,NA,NA,NA,NA,NA,NA,NA,NA,NA,NA,TARGET_GONE,identity no longer active
2026-10-02T16:04:28Z,APP_21637_3022645,21637,3022645,27,2847,211.411,0,0,-1,-1,0,0.999931461,NA,NA,70.000000000,MEASURED_CPU_FAULT,CPU;INTERVAL_FAULTS,NA,NA,NA,NA,NA,NA,NA,NA,NA,NA,NA,NA,NA,NA,NA,NA,NA,NA,NA,NA,NA,NA,NA,TARGET_GONE,identity no longer active
2026-10-02T16:04:28Z,APP_21637_3022645,21637,3022645,27,2848,201.499,0,0,-1,-1,0,0.999931461,NA,NA,70.000000000,MEASURED_CPU_FAULT,CPU;INTERVAL_FAULTS,NA,NA,NA,NA,NA,NA,NA,NA,NA,NA,NA,NA,NA,NA,NA,NA,NA,NA,NA,NA,NA,NA,NA,TARGET_GONE,identity no longer active
2026-10-02T16:04:28Z,APP_21637_3022645,21637,3022645,27,2849,198.331,0,0,-1,-1,0,0.999931461,NA,NA,70.000000000,MEASURED_CPU_FAULT,CPU;INTERVAL_FAULTS,NA,NA,NA,NA,NA,NA,NA,NA,NA,NA,NA,NA,NA,NA,NA,NA,NA,NA,NA,NA,NA,NA,NA,TARGET_GONE,identity no longer active
2026-10-02T16:04:28Z,APP_21637_3022645,21637,3022645,27,2850,201.198,0,0,-1,-1,0,0.999931461,NA,NA,70.000000000,MEASURED_CPU_FAULT,CPU;INTERVAL_FAULTS,NA,NA,NA,NA,NA,NA,NA,NA,NA,NA,NA,NA,NA,NA,NA,NA,NA,NA,NA,NA,NA,NA,NA,TARGET_GONE,identity no longer active
2026-10-02T16:04:28Z,APP_21637_3022645,21637,3022645,27,2851,197.610,0,0,-1,-1,0,0.999931461,NA,NA,70.000000000,MEASURED_CPU_FAULT,CPU;INTERVAL_FAULTS,NA,NA,NA,NA,NA,NA,NA,NA,NA,NA,NA,NA,NA,NA,NA,NA,NA,NA,NA,NA,NA,NA,NA,TARGET_GONE,identity no longer active
2026-10-02T16:04:29Z,APP_21637_3022645,21637,3022645,27,2852,201.499,0,0,-1,-1,0,0.999931461,NA,NA,70.000000000,MEASURED_CPU_FAULT,CPU;INTERVAL_FAULTS,NA,NA,NA,NA,NA,NA,NA,NA,NA,NA,NA,NA,NA,NA,NA,NA,NA,NA,NA,NA,NA,NA,NA,TARGET_GONE,identity no longer active
2026-10-02T16:04:29Z,APP_21637_3022645,21637,3022645,27,2853,197.413,0,0,-1,-1,0,0.999931461,NA,NA,70.000000000,MEASURED_CPU_FAULT,CPU;INTERVAL_FAULTS,NA,NA,NA,NA,NA,NA,NA,NA,NA,NA,NA,NA,NA,NA,NA,NA,NA,NA,NA,NA,NA,NA,NA,TARGET_GONE,identity no longer active
2026-10-02T16:04:29Z,APP_21637_3022645,21637,3022645,27,2854,211.094,0,0,-1,-1,0,0.999931461,NA,NA,70.000000000,MEASURED_CPU_FAULT,CPU;INTERVAL_FAULTS,NA,NA,NA,NA,NA,NA,NA,NA,NA,NA,NA,NA,NA,NA,NA,NA,NA,NA,NA,NA,NA,NA,NA,TARGET_GONE,identity no longer active
2026-10-02T16:04:29Z,APP_21637_3022645,21637,3022645,27,2855,196.587,0,0,-1,-1,0,0.999931461,NA,NA,70.000000000,MEASURED_CPU_FAULT,CPU;INTERVAL_FAULTS,NA,NA,NA,NA,NA,NA,NA,NA,NA,NA,NA,NA,NA,NA,NA,NA,NA,NA,NA,NA,NA,NA,NA,TARGET_GONE,identity no longer active
2026-10-02T16:04:29Z,APP_21637_3022645,21637,3022645,27,2856,210.778,0,0,-1,-1,0,0.999931461,NA,NA,70.000000000,MEASURED_CPU_FAULT,CPU;INTERVAL_FAULTS,NA,NA,NA,NA,NA,NA,NA,NA,NA,NA,NA,NA,NA,NA,NA,NA,NA,NA,NA,NA,NA,NA,NA,TARGET_GONE,identity no longer active
2026-10-02T16:04:29Z,APP_21637_3022645,21637,3022645,27,2857,192.192,0,0,-1,-1,0,0.999931461,NA,NA,70.000000000,MEASURED_CPU_FAULT,CPU;INTERVAL_FAULTS,NA,NA,NA,NA,NA,NA,NA,NA,NA,NA,NA,NA,NA,NA,NA,NA,NA,NA,NA,NA,NA,NA,NA,TARGET_GONE,identity no longer active
2026-10-02T16:04:29Z,APP_21637_3022645,21637,3022645,27,2858,205.959,0,0,-1,-1,0,0.999931461,NA,NA,70.000000000,MEASURED_CPU_FAULT,CPU;INTERVAL_FAULTS,NA,NA,NA,NA,NA,NA,NA,NA,NA,NA,NA,NA,NA,NA,NA,NA,NA,NA,NA,NA,NA,NA,NA,TARGET_GONE,identity no longer active
2026-10-02T16:04:29Z,APP_21637_3022645,21637,3022645,27,2859,201.198,0,0,-1,-1,0,0.999931461,NA,NA,70.000000000,MEASURED_CPU_FAULT,CPU;INTERVAL_FAULTS,NA,NA,NA,NA,NA,NA,NA,NA,NA,NA,NA,NA,NA,NA,NA,NA,NA,NA,NA,NA,NA,NA,NA,TARGET_GONE,identity no longer active
2026-10-02T16:04:30Z,APP_21637_3022645,21637,3022645,27,2860,197.610,0,0,-1,-1,0,0.999931461,NA,NA,70.000000000,MEASURED_CPU_FAULT,CPU;INTERVAL_FAULTS,NA,NA,NA,NA,NA,NA,NA,NA,NA,NA,NA,NA,NA,NA,NA,NA,NA,NA,NA,NA,NA,NA,NA,TARGET_GONE,identity no longer active
2026-10-02T16:04:30Z,APP_21637_3022645,21637,3022645,27,2861,201.802,0,0,-1,-1,0,0.999931461,NA,NA,70.000000000,MEASURED_CPU_FAULT,CPU;INTERVAL_FAULTS,NA,NA,NA,NA,NA,NA,NA,NA,NA,NA,NA,NA,NA,NA,NA,NA,NA,NA,NA,NA,NA,NA,NA,TARGET_GONE,identity no longer active
2026-10-02T16:04:30Z,APP_21637_3022645,21637,3022645,27,2862,197.217,0,0,-1,-1,0,0.999931461,NA,NA,70.000000000,MEASURED_CPU_FAULT,CPU;INTERVAL_FAULTS,NA,NA,NA,NA,NA,NA,NA,NA,NA,NA,NA,NA,NA,NA,NA,NA,NA,NA,NA,NA,NA,NA,NA,TARGET_GONE,identity no longer active
2026-10-02T16:04:30Z,APP_21637_3022645,21637,3022645,27,2863,201.802,0,0,-1,-1,0,0.999931461,NA,NA,70.000000000,MEASURED_CPU_FAULT,CPU;INTERVAL_FAULTS,NA,NA,NA,NA,NA,NA,NA,NA,NA,NA,NA,NA,NA,NA,NA,NA,NA,NA,NA,NA,NA,NA,NA,TARGET_GONE,identity no longer active
2026-10-02T16:04:30Z,APP_21637_3022645,21637,3022645,27,2864,200.801,0,0,-1,-1,0,0.999931461,NA,NA,70.000000000,MEASURED_CPU_FAULT,CPU;INTERVAL_FAULTS,NA,NA,NA,NA,NA,NA,NA,NA,NA,NA,NA,NA,NA,NA,NA,NA,NA,NA,NA,NA,NA,NA,NA,TARGET_GONE,identity no longer active
2026-10-02T16:04:30Z,APP_21637_3022645,21637,3022645,27,2865,191.045,0,0,-1,-1,0,0.999931461,NA,NA,70.000000000,MEASURED_CPU_FAULT,CPU;INTERVAL_FAULTS,NA,NA,NA,NA,NA,NA,NA,NA,NA,NA,NA,NA,NA,NA,NA,NA,NA,NA,NA,NA,NA,NA,NA,TARGET_GONE,identity no longer active
2026-10-02T16:04:30Z,APP_21637_3022645,21637,3022645,27,2866,201.499,0,0,-1,-1,0,0.999931461,NA,NA,70.000000000,MEASURED_CPU_FAULT,CPU;INTERVAL_FAULTS,NA,NA,NA,NA,NA,NA,NA,NA,NA,NA,NA,NA,NA,NA,NA,NA,NA,NA,NA,NA,NA,NA,NA,TARGET_GONE,identity no longer active
2026-10-02T16:04:30Z,APP_21637_3022645,21637,3022645,27,2867,198.331,0,0,-1,-1,0,0.999931461,NA,NA,70.000000000,MEASURED_CPU_FAULT,CPU;INTERVAL_FAULTS,NA,NA,NA,NA,NA,NA,NA,NA,NA,NA,NA,NA,NA,NA,NA,NA,NA,NA,NA,NA,NA,NA,NA,TARGET_GONE,identity no longer active
2026-10-02T16:04:31Z,APP_21637_3022645,21637,3022645,27,2868,201.198,0,0,-1,-1,0,0.999931461,NA,NA,70.000000000,MEASURED_CPU_FAULT,CPU;INTERVAL_FAULTS,NA,NA,NA,NA,NA,NA,NA,NA,NA,NA,NA,NA,NA,NA,NA,NA,NA,NA,NA,NA,NA,NA,NA,TARGET_GONE,identity no longer active
2026-10-02T16:04:31Z,APP_21637_3022645,21637,3022645,27,2869,197.413,0,0,-1,-1,0,0.999931461,NA,NA,70.000000000,MEASURED_CPU_FAULT,CPU;INTERVAL_FAULTS,NA,NA,NA,NA,NA,NA,NA,NA,NA,NA,NA,NA,NA,NA,NA,NA,NA,NA,NA,NA,NA,NA,NA,TARGET_GONE,identity no longer active
2026-10-02T16:04:31Z,APP_21637_3022645,21637,3022645,27,2870,201.499,0,0,-1,-1,0,0.999931461,NA,NA,70.000000000,MEASURED_CPU_FAULT,CPU;INTERVAL_FAULTS,NA,NA,NA,NA,NA,NA,NA,NA,NA,NA,NA,NA,NA,NA,NA,NA,NA,NA,NA,NA,NA,NA,NA,TARGET_GONE,identity no longer active
2026-10-02T16:04:31Z,APP_21637_3022645,21637,3022645,27,2871,197.610,0,0,-1,-1,0,0.999931461,NA,NA,70.000000000,MEASURED_CPU_FAULT,CPU;INTERVAL_FAULTS,NA,NA,NA,NA,NA,NA,NA,NA,NA,NA,NA,NA,NA,NA,NA,NA,NA,NA,NA,NA,NA,NA,NA,TARGET_GONE,identity no longer active
2026-10-02T16:04:31Z,APP_21637_3022645,21637,3022645,27,2872,211.094,0,0,-1,-1,0,0.999931461,NA,NA,70.000000000,MEASURED_CPU_FAULT,CPU;INTERVAL_FAULTS,NA,NA,NA,NA,NA,NA,NA,NA,NA,NA,NA,NA,NA,NA,NA,NA,NA,NA,NA,NA,NA,NA,NA,TARGET_GONE,identity no longer active
2026-10-02T16:04:31Z,APP_21637_3022645,21637,3022645,27,2873,198.706,0,0,-1,-1,0,0.999931461,NA,NA,70.000000000,MEASURED_CPU_FAULT,CPU;INTERVAL_FAULTS,NA,NA,NA,NA,NA,NA,NA,NA,NA,NA,NA,NA,NA,NA,NA,NA,NA,NA,NA,NA,NA,NA,NA,TARGET_GONE,identity no longer active
2026-10-02T16:04:31Z,APP_21637_3022645,21637,3022645,27,2874,191.617,0,0,-1,-1,0,0.999931461,NA,NA,70.000000000,MEASURED_CPU_FAULT,CPU;INTERVAL_FAULTS,NA,NA,NA,NA,NA,NA,NA,NA,NA,NA,NA,NA,NA,NA,NA,NA,NA,NA,NA,NA,NA,NA,NA,TARGET_GONE,identity no longer active
2026-10-02T16:04:32Z,APP_21637_3022645,21637,3022645,27,2875,201.499,0,0,-1,-1,0,0.999931461,NA,NA,70.000000000,MEASURED_CPU_FAULT,CPU;INTERVAL_FAULTS,NA,NA,NA,NA,NA,NA,NA,NA,NA,NA,NA,NA,NA,NA,NA,NA,NA,NA,NA,NA,NA,NA,NA,TARGET_GONE,identity no longer active
2026-10-02T16:04:32Z,APP_21637_3022645,21637,3022645,27,2876,206.205,0,0,-1,-1,0,0.999931461,NA,NA,70.000000000,MEASURED_CPU_FAULT,CPU;INTERVAL_FAULTS,NA,NA,NA,NA,NA,NA,NA,NA,NA,NA,NA,NA,NA,NA,NA,NA,NA,NA,NA,NA,NA,NA,NA,TARGET_GONE,identity no longer active
2026-10-02T16:04:32Z,APP_21637_3022645,21637,3022645,27,2877,191.617,0,0,-1,-1,0,0.999931461,NA,NA,70.000000000,MEASURED_CPU_FAULT,CPU;INTERVAL_FAULTS,NA,NA,NA,NA,NA,NA,NA,NA,NA,NA,NA,NA,NA,NA,NA,NA,NA,NA,NA,NA,NA,NA,NA,TARGET_GONE,identity no longer active
2026-10-02T16:04:32Z,APP_21637_3022645,21637,3022645,27,2878,203.781,0,0,-1,-1,0,0.999931461,NA,NA,70.000000000,MEASURED_CPU_FAULT,CPU;INTERVAL_FAULTS,NA,NA,NA,NA,NA,NA,NA,NA,NA,NA,NA,NA,NA,NA,NA,NA,NA,NA,NA,NA,NA,NA,NA,TARGET_GONE,identity no longer active
2026-10-02T16:04:32Z,APP_21637_3022645,21637,3022645,27,2879,191.904,0,0,-1,-1,0,0.999931461,NA,NA,70.000000000,MEASURED_CPU_FAULT,CPU;INTERVAL_FAULTS,NA,NA,NA,NA,NA,NA,NA,NA,NA,NA,NA,NA,NA,NA,NA,NA,NA,NA,NA,NA,NA,NA,NA,TARGET_GONE,identity no longer active
2026-10-02T16:04:32Z,APP_21637_3022645,21637,3022645,27,2880,204.187,0,0,-1,-1,0,0.999931461,NA,NA,70.000000000,MEASURED_CPU_FAULT,CPU;INTERVAL_FAULTS,NA,NA,NA,NA,NA,NA,NA,NA,NA,NA,NA,NA,NA,NA,NA,NA,NA,NA,NA,NA,NA,NA,NA,TARGET_GONE,identity no longer active
2026-10-02T16:04:32Z,APP_21637_3022645,21637,3022645,27,2881,191.904,0,0,-1,-1,0,0.999931461,NA,NA,70.000000000,MEASURED_CPU_FAULT,CPU;INTERVAL_FAULTS,NA,NA,NA,NA,NA,NA,NA,NA,NA,NA,NA,NA,NA,NA,NA,NA,NA,NA,NA,NA,NA,NA,NA,TARGET_GONE,identity no longer active
2026-10-02T16:04:33Z,APP_21637_3022645,21637,3022645,27,2882,203.579,0,0,-1,-1,0,0.999931461,NA,NA,70.000000000,MEASURED_CPU_FAULT,CPU;INTERVAL_FAULTS,NA,NA,NA,NA,NA,NA,NA,NA,NA,NA,NA,NA,NA,NA,NA,NA,NA,NA,NA,NA,NA,NA,NA,TARGET_GONE,identity no longer active
2026-10-02T16:04:33Z,APP_21637_3022645,21637,3022645,27,2883,191.045,0,0,-1,-1,0,0.999931461,NA,NA,70.000000000,MEASURED_CPU_FAULT,CPU;INTERVAL_FAULTS,NA,NA,NA,NA,NA,NA,NA,NA,NA,NA,NA,NA,NA,NA,NA,NA,NA,NA,NA,NA,NA,NA,NA,TARGET_GONE,identity no longer active
2026-10-02T16:04:33Z,APP_21637_3022645,21637,3022645,27,2884,211.094,0,0,-1,-1,0,0.999931461,NA,NA,70.000000000,MEASURED_CPU_FAULT,CPU;INTERVAL_FAULTS,NA,NA,NA,NA,NA,NA,NA,NA,NA,NA,NA,NA,NA,NA,NA,NA,NA,NA,NA,NA,NA,NA,NA,TARGET_GONE,identity no longer active
2026-10-02T16:04:33Z,APP_21637_3022645,21637,3022645,27,2885,190.931,0,0,-1,-1,0,0.999931461,NA,NA,70.000000000,MEASURED_CPU_FAULT,CPU;INTERVAL_FAULTS,NA,NA,NA,NA,NA,NA,NA,NA,NA,NA,NA,NA,NA,NA,NA,NA,NA,NA,NA,NA,NA,NA,NA,TARGET_GONE,identity no longer active
2026-10-02T16:04:33Z,APP_21637_3022645,21637,3022645,27,2886,201.499,0,0,-1,-1,0,0.999931461,NA,NA,70.000000000,MEASURED_CPU_FAULT,CPU;INTERVAL_FAULTS,NA,NA,NA,NA,NA,NA,NA,NA,NA,NA,NA,NA,NA,NA,NA,NA,NA,NA,NA,NA,NA,NA,NA,TARGET_GONE,identity no longer active
2026-10-02T16:04:33Z,APP_21637_3022645,21637,3022645,27,2887,202.973,0,0,-1,-1,0,0.999931461,NA,NA,70.000000000,MEASURED_CPU_FAULT,CPU;INTERVAL_FAULTS,NA,NA,NA,NA,NA,NA,NA,NA,NA,NA,NA,NA,NA,NA,NA,NA,NA,NA,NA,NA,NA,NA,NA,TARGET_GONE,identity no longer active
2026-10-02T16:04:33Z,APP_21637_3022645,21637,3022645,27,2888,202.105,0,0,-1,-1,0,0.999931461,NA,NA,70.000000000,MEASURED_CPU_FAULT,CPU;INTERVAL_FAULTS,NA,NA,NA,NA,NA,NA,NA,NA,NA,NA,NA,NA,NA,NA,NA,NA,NA,NA,NA,NA,NA,NA,NA,TARGET_GONE,identity no longer active
2026-10-02T16:04:33Z,APP_21637_3022645,21637,3022645,27,2889,197.413,0,0,-1,-1,0,0.999931461,NA,NA,70.000000000,MEASURED_CPU_FAULT,CPU;INTERVAL_FAULTS,NA,NA,NA,NA,NA,NA,NA,NA,NA,NA,NA,NA,NA,NA,NA,NA,NA,NA,NA,NA,NA,NA,NA,TARGET_GONE,identity no longer active
2026-10-02T16:04:33Z,APP_21637_3022645,21637,3022645,27,2890,201.802,0,0,-1,-1,0,0.999931461,NA,NA,70.000000000,MEASURED_CPU_FAULT,CPU;INTERVAL_FAULTS,NA,NA,NA,NA,NA,NA,NA,NA,NA,NA,NA,NA,NA,NA,NA,NA,NA,NA,NA,NA,NA,NA,NA,TARGET_GONE,identity no longer active
2026-10-02T16:04:34Z,APP_21637_3022645,21637,3022645,27,2891,200.000,0,0,-1,-1,0,0.999931461,NA,NA,70.000000000,MEASURED_CPU_FAULT,CPU;INTERVAL_FAULTS,NA,NA,NA,NA,NA,NA,NA,NA,NA,NA,NA,NA,NA,NA,NA,NA,NA,NA,NA,NA,NA,NA,NA,TARGET_GONE,identity no longer active
2026-10-02T16:04:34Z,APP_21637_3022645,21637,3022645,27,2892,191.617,0,0,-1,-1,0,0.999931461,NA,NA,70.000000000,MEASURED_CPU_FAULT,CPU;INTERVAL_FAULTS,NA,NA,NA,NA,NA,NA,NA,NA,NA,NA,NA,NA,NA,NA,NA,NA,NA,NA,NA,NA,NA,NA,NA,TARGET_GONE,identity no longer active
2026-10-02T16:04:34Z,APP_21637_3022645,21637,3022645,27,2893,201.499,0,0,-1,-1,0,0.999931461,NA,NA,70.000000000,MEASURED_CPU_FAULT,CPU;INTERVAL_FAULTS,NA,NA,NA,NA,NA,NA,NA,NA,NA,NA,NA,NA,NA,NA,NA,NA,NA,NA,NA,NA,NA,NA,NA,TARGET_GONE,identity no longer active
2026-10-02T16:04:34Z,APP_21637_3022645,21637,3022645,27,2894,198.568,0,0,-1,-1,0,0.999931461,NA,NA,70.000000000,MEASURED_CPU_FAULT,CPU;INTERVAL_FAULTS,NA,NA,NA,NA,NA,NA,NA,NA,NA,NA,NA,NA,NA,NA,NA,NA,NA,NA,NA,NA,NA,NA,NA,TARGET_GONE,identity no longer active
2026-10-02T16:04:34Z,APP_21637_3022645,21637,3022645,27,2895,201.198,0,0,-1,-1,0,0.999931461,NA,NA,70.000000000,MEASURED_CPU_FAULT,CPU;INTERVAL_FAULTS,NA,NA,NA,NA,NA,NA,NA,NA,NA,NA,NA,NA,NA,NA,NA,NA,NA,NA,NA,NA,NA,NA,NA,TARGET_GONE,identity no longer active
2026-10-02T16:04:34Z,APP_21637_3022645,21637,3022645,27,2896,203.175,0,0,-1,-1,0,0.999931461,NA,NA,70.000000000,MEASURED_CPU_FAULT,CPU;INTERVAL_FAULTS,NA,NA,NA,NA,NA,NA,NA,NA,NA,NA,NA,NA,NA,NA,NA,NA,NA,NA,NA,NA,NA,NA,NA,TARGET_GONE,identity no longer active
2026-10-02T16:04:34Z,APP_21637_3022645,21637,3022645,27,2897,201.802,0,0,-1,-1,0,0.999931461,NA,NA,70.000000000,MEASURED_CPU_FAULT,CPU;INTERVAL_FAULTS,NA,NA,NA,NA,NA,NA,NA,NA,NA,NA,NA,NA,NA,NA,NA,NA,NA,NA,NA,NA,NA,NA,NA,TARGET_GONE,identity no longer active
2026-10-02T16:04:35Z,APP_21637_3022645,21637,3022645,27,2898,197.610,0,0,-1,-1,0,0.999931461,NA,NA,70.000000000,MEASURED_CPU_FAULT,CPU;INTERVAL_FAULTS,NA,NA,NA,NA,NA,NA,NA,NA,NA,NA,NA,NA,NA,NA,NA,NA,NA,NA,NA,NA,NA,NA,NA,TARGET_GONE,identity no longer active
2026-10-02T16:04:35Z,APP_21637_3022645,21637,3022645,27,2899,201.198,0,0,-1,-1,0,0.999931461,NA,NA,70.000000000,MEASURED_CPU_FAULT,CPU;INTERVAL_FAULTS,NA,NA,NA,NA,NA,NA,NA,NA,NA,NA,NA,NA,NA,NA,NA,NA,NA,NA,NA,NA,NA,NA,NA,TARGET_GONE,identity no longer active
2026-10-02T16:04:35Z,APP_21637_3022645,21637,3022645,27,2900,200.784,0,0,-1,-1,0,0.999931461,NA,NA,70.000000000,MEASURED_CPU_FAULT,CPU;INTERVAL_FAULTS,NA,NA,NA,NA,NA,NA,NA,NA,NA,NA,NA,NA,NA,NA,NA,NA,NA,NA,NA,NA,NA,NA,NA,TARGET_GONE,identity no longer active
2026-10-02T16:04:35Z,APP_21637_3022645,21637,3022645,27,2901,192.385,0,0,-1,-1,0,0.999931461,NA,NA,70.000000000,MEASURED_CPU_FAULT,CPU;INTERVAL_FAULTS,NA,NA,NA,NA,NA,NA,NA,NA,NA,NA,NA,NA,NA,NA,NA,NA,NA,NA,NA,NA,NA,NA,NA,TARGET_GONE,identity no longer active
2026-10-02T16:04:35Z,APP_21637_3022645,21637,3022645,27,2902,201.198,0,0,-1,-1,0,0.999931461,NA,NA,70.000000000,MEASURED_CPU_FAULT,CPU;INTERVAL_FAULTS,NA,NA,NA,NA,NA,NA,NA,NA,NA,NA,NA,NA,NA,NA,NA,NA,NA,NA,NA,NA,NA,NA,NA,TARGET_GONE,identity no longer active
2026-10-02T16:04:35Z,APP_21637_3022645,21637,3022645,27,2903,199.703,0,0,-1,-1,0,0.999931461,NA,NA,70.000000000,MEASURED_CPU_FAULT,CPU;INTERVAL_FAULTS,NA,NA,NA,NA,NA,NA,NA,NA,NA,NA,NA,NA,NA,NA,NA,NA,NA,NA,NA,NA,NA,NA,NA,TARGET_GONE,identity no longer active
2026-10-02T16:04:35Z,APP_21637_3022645,21637,3022645,27,2904,201.499,0,0,-1,-1,0,0.999931461,NA,NA,70.000000000,MEASURED_CPU_FAULT,CPU;INTERVAL_FAULTS,NA,NA,NA,NA,NA,NA,NA,NA,NA,NA,NA,NA,NA,NA,NA,NA,NA,NA,NA,NA,NA,NA,NA,TARGET_GONE,identity no longer active
2026-10-02T16:04:35Z,APP_21637_3022645,21637,3022645,27,2905,197.217,0,0,-1,-1,0,0.999931461,NA,NA,70.000000000,MEASURED_CPU_FAULT,CPU;INTERVAL_FAULTS,NA,NA,NA,NA,NA,NA,NA,NA,NA,NA,NA,NA,NA,NA,NA,NA,NA,NA,NA,NA,NA,NA,NA,TARGET_GONE,identity no longer active
2026-10-02T16:04:36Z,APP_21637_3022645,21637,3022645,27,2906,201.198,0,0,-1,-1,0,0.999931461,NA,NA,70.000000000,MEASURED_CPU_FAULT,CPU;INTERVAL_FAULTS,NA,NA,NA,NA,NA,NA,NA,NA,NA,NA,NA,NA,NA,NA,NA,NA,NA,NA,NA,NA,NA,NA,NA,TARGET_GONE,identity no longer active
2026-10-02T16:04:36Z,APP_21637_3022645,21637,3022645,27,2907,197.807,0,0,-1,-1,0,0.999931461,NA,NA,70.000000000,MEASURED_CPU_FAULT,CPU;INTERVAL_FAULTS,NA,NA,NA,NA,NA,NA,NA,NA,NA,NA,NA,NA,NA,NA,NA,NA,NA,NA,NA,NA,NA,NA,NA,TARGET_GONE,identity no longer active
2026-10-02T16:04:36Z,APP_21637_3022645,21637,3022645,27,2908,210.778,0,0,-1,-1,0,0.999931461,NA,NA,70.000000000,MEASURED_CPU_FAULT,CPU;INTERVAL_FAULTS,NA,NA,NA,NA,NA,NA,NA,NA,NA,NA,NA,NA,NA,NA,NA,NA,NA,NA,NA,NA,NA,NA,NA,TARGET_GONE,identity no longer active
2026-10-02T16:04:36Z,APP_21637_3022645,21637,3022645,27,2909,198.578,0,0,-1,-1,0,0.999931461,NA,NA,70.000000000,MEASURED_CPU_FAULT,CPU;INTERVAL_FAULTS,NA,NA,NA,NA,NA,NA,NA,NA,NA,NA,NA,NA,NA,NA,NA,NA,NA,NA,NA,NA,NA,NA,NA,TARGET_GONE,identity no longer active
2026-10-02T16:04:36Z,APP_21637_3022645,21637,3022645,27,2910,204.391,0,0,-1,-1,0,0.999931461,NA,NA,70.000000000,MEASURED_CPU_FAULT,CPU;INTERVAL_FAULTS,NA,NA,NA,NA,NA,NA,NA,NA,NA,NA,NA,NA,NA,NA,NA,NA,NA,NA,NA,NA,NA,NA,NA,TARGET_GONE,identity no longer active
2026-10-02T16:04:36Z,APP_21637_3022645,21637,3022645,27,2911,201.802,0,0,-1,-1,0,0.999931461,NA,NA,70.000000000,MEASURED_CPU_FAULT,CPU;INTERVAL_FAULTS,NA,NA,NA,NA,NA,NA,NA,NA,NA,NA,NA,NA,NA,NA,NA,NA,NA,NA,NA,NA,NA,NA,NA,TARGET_GONE,identity no longer active
2026-10-02T16:04:36Z,APP_21637_3022645,21637,3022645,27,2912,196.267,0,0,-1,-1,0,0.999931461,NA,NA,70.000000000,MEASURED_CPU_FAULT,CPU;INTERVAL_FAULTS,NA,NA,NA,NA,NA,NA,NA,NA,NA,NA,NA,NA,NA,NA,NA,NA,NA,NA,NA,NA,NA,NA,NA,TARGET_GONE,identity no longer active
2026-10-02T16:04:36Z,APP_21637_3022645,21637,3022645,27,2913,201.802,0,0,-1,-1,0,0.999931461,NA,NA,70.000000000,MEASURED_CPU_FAULT,CPU;INTERVAL_FAULTS,NA,NA,NA,NA,NA,NA,NA,NA,NA,NA,NA,NA,NA,NA,NA,NA,NA,NA,NA,NA,NA,NA,NA,TARGET_GONE,identity no longer active
2026-10-02T16:04:37Z,APP_21637_3022645,21637,3022645,27,2914,200.190,0,0,-1,-1,0,0.999931461,NA,NA,70.000000000,MEASURED_CPU_FAULT,CPU;INTERVAL_FAULTS,NA,NA,NA,NA,NA,NA,NA,NA,NA,NA,NA,NA,NA,NA,NA,NA,NA,NA,NA,NA,NA,NA,NA,TARGET_GONE,identity no longer active
2026-10-02T16:04:37Z,APP_21637_3022645,21637,3022645,27,2915,191.904,0,0,-1,-1,0,0.999931461,NA,NA,70.000000000,MEASURED_CPU_FAULT,CPU;INTERVAL_FAULTS,NA,NA,NA,NA,NA,NA,NA,NA,NA,NA,NA,NA,NA,NA,NA,NA,NA,NA,NA,NA,NA,NA,NA,TARGET_GONE,identity no longer active
2026-10-02T16:04:37Z,APP_21637_3022645,21637,3022645,27,2916,201.527,0,0,-1,-1,0,0.999931461,NA,NA,70.000000000,MEASURED_CPU_FAULT,CPU;INTERVAL_FAULTS,NA,NA,NA,NA,NA,NA,NA,NA,NA,NA,NA,NA,NA,NA,NA,NA,NA,NA,NA,NA,NA,NA,NA,TARGET_GONE,identity no longer active
2026-10-02T16:04:37Z,APP_21637_3022645,21637,3022645,27,2917,201.198,0,0,-1,-1,0,0.999931461,NA,NA,70.000000000,MEASURED_CPU_FAULT,CPU;INTERVAL_FAULTS,NA,NA,NA,NA,NA,NA,NA,NA,NA,NA,NA,NA,NA,NA,NA,NA,NA,NA,NA,NA,NA,NA,NA,TARGET_GONE,identity no longer active
2026-10-02T16:04:37Z,APP_21637_3022645,21637,3022645,27,2918,200.000,0,0,-1,-1,0,0.999931461,NA,NA,70.000000000,MEASURED_CPU_FAULT,CPU;INTERVAL_FAULTS,NA,NA,NA,NA,NA,NA,NA,NA,NA,NA,NA,NA,NA,NA,NA,NA,NA,NA,NA,NA,NA,NA,NA,TARGET_GONE,identity no longer active
2026-10-02T16:04:37Z,APP_21637_3022645,21637,3022645,27,2919,211.411,0,0,-1,-1,0,0.999931461,NA,NA,70.000000000,MEASURED_CPU_FAULT,CPU;INTERVAL_FAULTS,NA,NA,NA,NA,NA,NA,NA,NA,NA,NA,NA,NA,NA,NA,NA,NA,NA,NA,NA,NA,NA,NA,NA,TARGET_GONE,identity no longer active
2026-10-02T16:04:37Z,APP_21637_3022645,21637,3022645,27,2920,191.904,0,0,-1,-1,0,0.999931461,NA,NA,70.000000000,MEASURED_CPU_FAULT,CPU;INTERVAL_FAULTS,NA,NA,NA,NA,NA,NA,NA,NA,NA,NA,NA,NA,NA,NA,NA,NA,NA,NA,NA,NA,NA,NA,NA,TARGET_GONE,identity no longer active
2026-10-02T16:04:37Z,APP_21637_3022645,21637,3022645,27,2921,202.486,0,0,-1,-1,0,0.999931461,NA,NA,70.000000000,MEASURED_CPU_FAULT,CPU;INTERVAL_FAULTS,NA,NA,NA,NA,NA,NA,NA,NA,NA,NA,NA,NA,NA,NA,NA,NA,NA,NA,NA,NA,NA,NA,NA,TARGET_GONE,identity no longer active
2026-10-02T16:04:38Z,APP_21637_3022645,21637,3022645,27,2922,201.499,0,0,-1,-1,0,0.999931461,NA,NA,70.000000000,MEASURED_CPU_FAULT,CPU;INTERVAL_FAULTS,NA,NA,NA,NA,NA,NA,NA,NA,NA,NA,NA,NA,NA,NA,NA,NA,NA,NA,NA,NA,NA,NA,NA,TARGET_GONE,identity no longer active
2026-10-02T16:04:38Z,APP_21637_3022645,21637,3022645,27,2923,200.760,0,0,-1,-1,0,0.999931461,NA,NA,70.000000000,MEASURED_CPU_FAULT,CPU;INTERVAL_FAULTS,NA,NA,NA,NA,NA,NA,NA,NA,NA,NA,NA,NA,NA,NA,NA,NA,NA,NA,NA,NA,NA,NA,NA,TARGET_GONE,identity no longer active
2026-10-02T16:04:38Z,APP_21637_3022645,21637,3022645,27,2924,201.499,0,0,-1,-1,0,0.999931461,NA,NA,70.000000000,MEASURED_CPU_FAULT,CPU;INTERVAL_FAULTS,NA,NA,NA,NA,NA,NA,NA,NA,NA,NA,NA,NA,NA,NA,NA,NA,NA,NA,NA,NA,NA,NA,NA,TARGET_GONE,identity no longer active
2026-10-02T16:04:38Z,APP_21637_3022645,21637,3022645,27,2925,201.335,0,0,-1,-1,0,0.999931461,NA,NA,70.000000000,MEASURED_CPU_FAULT,CPU;INTERVAL_FAULTS,NA,NA,NA,NA,NA,NA,NA,NA,NA,NA,NA,NA,NA,NA,NA,NA,NA,NA,NA,NA,NA,NA,NA,TARGET_GONE,identity no longer active
2026-10-02T16:04:38Z,APP_21637_3022645,21637,3022645,27,2926,191.904,0,0,-1,-1,0,0.999931461,NA,NA,70.000000000,MEASURED_CPU_FAULT,CPU;INTERVAL_FAULTS,NA,NA,NA,NA,NA,NA,NA,NA,NA,NA,NA,NA,NA,NA,NA,NA,NA,NA,NA,NA,NA,NA,NA,TARGET_GONE,identity no longer active
2026-10-02T16:04:38Z,APP_21637_3022645,21637,3022645,27,2927,204.255,0,0,-1,-1,0,0.999931461,NA,NA,70.000000000,MEASURED_CPU_FAULT,CPU;INTERVAL_FAULTS,NA,NA,NA,NA,NA,NA,NA,NA,NA,NA,NA,NA,NA,NA,NA,NA,NA,NA,NA,NA,NA,NA,NA,TARGET_GONE,identity no longer active
2026-10-02T16:04:38Z,APP_21637_3022645,21637,3022645,27,2928,192.771,0,0,-1,-1,0,0.999931461,NA,NA,70.000000000,MEASURED_CPU_FAULT,CPU;INTERVAL_FAULTS,NA,NA,NA,NA,NA,NA,NA,NA,NA,NA,NA,NA,NA,NA,NA,NA,NA,NA,NA,NA,NA,NA,NA,TARGET_GONE,identity no longer active
2026-10-02T16:04:39Z,APP_21637_3022645,21637,3022645,27,2929,201.198,0,0,-1,-1,0,0.999931461,NA,NA,70.000000000,MEASURED_CPU_FAULT,CPU;INTERVAL_FAULTS,NA,NA,NA,NA,NA,NA,NA,NA,NA,NA,NA,NA,NA,NA,NA,NA,NA,NA,NA,NA,NA,NA,NA,TARGET_GONE,identity no longer active
2026-10-02T16:04:39Z,APP_21637_3022645,21637,3022645,27,2930,197.475,0,0,-1,-1,0,0.999931461,NA,NA,70.000000000,MEASURED_CPU_FAULT,CPU;INTERVAL_FAULTS,NA,NA,NA,NA,NA,NA,NA,NA,NA,NA,NA,NA,NA,NA,NA,NA,NA,NA,NA,NA,NA,NA,NA,TARGET_GONE,identity no longer active
2026-10-02T16:04:39Z,APP_21637_3022645,21637,3022645,27,2931,201.499,0,0,-1,-1,0,0.999931461,NA,NA,70.000000000,MEASURED_CPU_FAULT,CPU;INTERVAL_FAULTS,NA,NA,NA,NA,NA,NA,NA,NA,NA,NA,NA,NA,NA,NA,NA,NA,NA,NA,NA,NA,NA,NA,NA,TARGET_GONE,identity no longer active
2026-10-02T16:04:39Z,APP_21637_3022645,21637,3022645,27,2932,196.100,0,0,-1,-1,0,0.999931461,NA,NA,70.000000000,MEASURED_CPU_FAULT,CPU;INTERVAL_FAULTS,NA,NA,NA,NA,NA,NA,NA,NA,NA,NA,NA,NA,NA,NA,NA,NA,NA,NA,NA,NA,NA,NA,NA,TARGET_GONE,identity no longer active
2026-10-02T16:04:39Z,APP_21637_3022645,21637,3022645,27,2933,201.499,0,0,-1,-1,0,0.999931461,NA,NA,70.000000000,MEASURED_CPU_FAULT,CPU;INTERVAL_FAULTS,NA,NA,NA,NA,NA,NA,NA,NA,NA,NA,NA,NA,NA,NA,NA,NA,NA,NA,NA,NA,NA,NA,NA,TARGET_GONE,identity no longer active
2026-10-02T16:04:39Z,APP_21637_3022645,21637,3022645,27,2934,201.912,0,0,-1,-1,0,0.999931461,NA,NA,70.000000000,MEASURED_CPU_FAULT,CPU;INTERVAL_FAULTS,NA,NA,NA,NA,NA,NA,NA,NA,NA,NA,NA,NA,NA,NA,NA,NA,NA,NA,NA,NA,NA,NA,NA,TARGET_GONE,identity no longer active
2026-10-02T16:04:39Z,APP_21637_3022645,21637,3022645,27,2935,201.198,0,0,-1,-1,0,0.999931461,NA,NA,70.000000000,MEASURED_CPU_FAULT,CPU;INTERVAL_FAULTS,NA,NA,NA,NA,NA,NA,NA,NA,NA,NA,NA,NA,NA,NA,NA,NA,NA,NA,NA,NA,NA,NA,NA,TARGET_GONE,identity no longer active
2026-10-02T16:04:40Z,APP_21637_3022645,21637,3022645,27,2936,200.533,0,0,-1,-1,0,0.999931461,NA,NA,70.000000000,MEASURED_CPU_FAULT,CPU;INTERVAL_FAULTS,NA,NA,NA,NA,NA,NA,NA,NA,NA,NA,NA,NA,NA,NA,NA,NA,NA,NA,NA,NA,NA,NA,NA,TARGET_GONE,identity no longer active
2026-10-02T16:04:40Z,APP_21637_3022645,21637,3022645,27,2937,203.984,0,0,-1,-1,0,0.999931461,NA,NA,70.000000000,MEASURED_CPU_FAULT,CPU;INTERVAL_FAULTS,NA,NA,NA,NA,NA,NA,NA,NA,NA,NA,NA,NA,NA,NA,NA,NA,NA,NA,NA,NA,NA,NA,NA,TARGET_GONE,identity no longer active
2026-10-02T16:04:40Z,APP_21637_3022645,21637,3022645,27,2938,201.802,0,0,-1,-1,0,0.999931461,NA,NA,70.000000000,MEASURED_CPU_FAULT,CPU;INTERVAL_FAULTS,NA,NA,NA,NA,NA,NA,NA,NA,NA,NA,NA,NA,NA,NA,NA,NA,NA,NA,NA,NA,NA,NA,NA,TARGET_GONE,identity no longer active
2026-10-02T16:04:40Z,APP_21637_3022645,21637,3022645,27,2939,190.368,0,0,-1,-1,0,0.999931461,NA,NA,70.000000000,MEASURED_CPU_FAULT,CPU;INTERVAL_FAULTS,NA,NA,NA,NA,NA,NA,NA,NA,NA,NA,NA,NA,NA,NA,NA,NA,NA,NA,NA,NA,NA,NA,NA,TARGET_GONE,identity no longer active
2026-10-02T16:04:40Z,APP_21637_3022645,21637,3022645,27,2940,201.499,0,0,-1,-1,0,0.999931461,NA,NA,70.000000000,MEASURED_CPU_FAULT,CPU;INTERVAL_FAULTS,NA,NA,NA,NA,NA,NA,NA,NA,NA,NA,NA,NA,NA,NA,NA,NA,NA,NA,NA,NA,NA,NA,NA,TARGET_GONE,identity no longer active
2026-10-02T16:04:40Z,APP_21637_3022645,21637,3022645,27,2941,197.938,0,0,-1,-1,0,0.999931461,NA,NA,70.000000000,MEASURED_CPU_FAULT,CPU;INTERVAL_FAULTS,NA,NA,NA,NA,NA,NA,NA,NA,NA,NA,NA,NA,NA,NA,NA,NA,NA,NA,NA,NA,NA,NA,NA,TARGET_GONE,identity no longer active
2026-10-02T16:04:40Z,APP_21637_3022645,21637,3022645,27,2942,204.800,0,0,-1,-1,0,0.999931461,NA,NA,70.000000000,MEASURED_CPU_FAULT,CPU;INTERVAL_FAULTS,NA,NA,NA,NA,NA,NA,NA,NA,NA,NA,NA,NA,NA,NA,NA,NA,NA,NA,NA,NA,NA,NA,NA,TARGET_GONE,identity no longer active
2026-10-02T16:04:40Z,APP_21637_3022645,21637,3022645,27,2943,201.198,0,0,-1,-1,0,0.999931461,NA,NA,70.000000000,MEASURED_CPU_FAULT,CPU;INTERVAL_FAULTS,NA,NA,NA,NA,NA,NA,NA,NA,NA,NA,NA,NA,NA,NA,NA,NA,NA,NA,NA,NA,NA,NA,NA,TARGET_GONE,identity no longer active
2026-10-02T16:04:40Z,APP_21637_3022645,21637,3022645,27,2944,208.204,0,0,-1,-1,0,0.999931461,NA,NA,70.000000000,MEASURED_CPU_FAULT,CPU;INTERVAL_FAULTS,NA,NA,NA,NA,NA,NA,NA,NA,NA,NA,NA,NA,NA,NA,NA,NA,NA,NA,NA,NA,NA,NA,NA,TARGET_GONE,identity no longer active
2026-10-02T16:04:40Z,APP_21637_3022645,21637,3022645,27,2945,192.192,0,0,-1,-1,0,0.999931461,NA,NA,70.000000000,MEASURED_CPU_FAULT,CPU;INTERVAL_FAULTS,NA,NA,NA,NA,NA,NA,NA,NA,NA,NA,NA,NA,NA,NA,NA,NA,NA,NA,NA,NA,NA,NA,NA,TARGET_GONE,identity no longer active
2026-10-02T16:04:41Z,APP_21637_3022645,21637,3022645,27,2946,200.533,0,0,-1,-1,0,0.999931461,NA,NA,70.000000000,MEASURED_CPU_FAULT,CPU;INTERVAL_FAULTS,NA,NA,NA,NA,NA,NA,NA,NA,NA,NA,NA,NA,NA,NA,NA,NA,NA,NA,NA,NA,NA,NA,NA,TARGET_GONE,identity no longer active
2026-10-02T16:04:41Z,APP_21637_3022645,21637,3022645,27,2947,203.984,0,0,-1,-1,0,0.999931461,NA,NA,70.000000000,MEASURED_CPU_FAULT,CPU;INTERVAL_FAULTS,NA,NA,NA,NA,NA,NA,NA,NA,NA,NA,NA,NA,NA,NA,NA,NA,NA,NA,NA,NA,NA,NA,NA,TARGET_GONE,identity no longer active
2026-10-02T16:04:41Z,APP_21637_3022645,21637,3022645,27,2948,201.802,0,0,-1,-1,0,0.999931461,NA,NA,70.000000000,MEASURED_CPU_FAULT,CPU;INTERVAL_FAULTS,NA,NA,NA,NA,NA,NA,NA,NA,NA,NA,NA,NA,NA,NA,NA,NA,NA,NA,NA,NA,NA,NA,NA,TARGET_GONE,identity no longer active
2026-10-02T16:04:41Z,APP_21637_3022645,21637,3022645,27,2949,192.275,0,0,-1,-1,0,0.999931461,NA,NA,70.000000000,MEASURED_CPU_FAULT,CPU;INTERVAL_FAULTS,NA,NA,NA,NA,NA,NA,NA,NA,NA,NA,NA,NA,NA,NA,NA,NA,NA,NA,NA,NA,NA,NA,NA,TARGET_GONE,identity no longer active
2026-10-02T16:04:41Z,APP_21637_3022645,21637,3022645,27,2950,201.499,0,0,-1,-1,0,0.999931461,NA,NA,70.000000000,MEASURED_CPU_FAULT,CPU;INTERVAL_FAULTS,NA,NA,NA,NA,NA,NA,NA,NA,NA,NA,NA,NA,NA,NA,NA,NA,NA,NA,NA,NA,NA,NA,NA,TARGET_GONE,identity no longer active
2026-10-02T16:04:41Z,APP_21637_3022645,21637,3022645,27,2951,199.308,0,0,-1,-1,0,0.999931461,NA,NA,70.000000000,MEASURED_CPU_FAULT,CPU;INTERVAL_FAULTS,NA,NA,NA,NA,NA,NA,NA,NA,NA,NA,NA,NA,NA,NA,NA,NA,NA,NA,NA,NA,NA,NA,NA,TARGET_GONE,identity no longer active
2026-10-02T16:04:41Z,APP_21637_3022645,21637,3022645,27,2952,204.391,0,0,-1,-1,0,0.999931461,NA,NA,70.000000000,MEASURED_CPU_FAULT,CPU;INTERVAL_FAULTS,NA,NA,NA,NA,NA,NA,NA,NA,NA,NA,NA,NA,NA,NA,NA,NA,NA,NA,NA,NA,NA,NA,NA,TARGET_GONE,identity no longer active
2026-10-02T16:04:41Z,APP_21637_3022645,21637,3022645,27,2953,202.105,0,0,-1,-1,0,0.999931461,NA,NA,70.000000000,MEASURED_CPU_FAULT,CPU;INTERVAL_FAULTS,NA,NA,NA,NA,NA,NA,NA,NA,NA,NA,NA,NA,NA,NA,NA,NA,NA,NA,NA,NA,NA,NA,NA,TARGET_GONE,identity no longer active
2026-10-02T16:04:42Z,APP_21637_3022645,21637,3022645,27,2954,201.143,0,0,-1,-1,0,0.999931461,NA,NA,70.000000000,MEASURED_CPU_FAULT,CPU;INTERVAL_FAULTS,NA,NA,NA,NA,NA,NA,NA,NA,NA,NA,NA,NA,NA,NA,NA,NA,NA,NA,NA,NA,NA,NA,NA,TARGET_GONE,identity no longer active
2026-10-02T16:04:42Z,APP_21637_3022645,21637,3022645,27,2955,192.192,0,0,-1,-1,0,0.999931461,NA,NA,70.000000000,MEASURED_CPU_FAULT,CPU;INTERVAL_FAULTS,NA,NA,NA,NA,NA,NA,NA,NA,NA,NA,NA,NA,NA,NA,NA,NA,NA,NA,NA,NA,NA,NA,NA,TARGET_GONE,identity no longer active
2026-10-02T16:04:42Z,APP_21637_3022645,21637,3022645,27,2956,201.638,0,0,-1,-1,0,0.999931461,NA,NA,70.000000000,MEASURED_CPU_FAULT,CPU;INTERVAL_FAULTS,NA,NA,NA,NA,NA,NA,NA,NA,NA,NA,NA,NA,NA,NA,NA,NA,NA,NA,NA,NA,NA,NA,NA,TARGET_GONE,identity no longer active
2026-10-02T16:04:42Z,APP_21637_3022645,21637,3022645,27,2957,203.984,0,0,-1,-1,0,0.999931461,NA,NA,70.000000000,MEASURED_CPU_FAULT,CPU;INTERVAL_FAULTS,NA,NA,NA,NA,NA,NA,NA,NA,NA,NA,NA,NA,NA,NA,NA,NA,NA,NA,NA,NA,NA,NA,NA,TARGET_GONE,identity no longer active
2026-10-02T16:04:42Z,APP_21637_3022645,21637,3022645,27,2958,202.105,0,0,-1,-1,0,0.999931461,NA,NA,70.000000000,MEASURED_CPU_FAULT,CPU;INTERVAL_FAULTS,NA,NA,NA,NA,NA,NA,NA,NA,NA,NA,NA,NA,NA,NA,NA,NA,NA,NA,NA,NA,NA,NA,NA,TARGET_GONE,identity no longer active
2026-10-02T16:04:42Z,APP_21637_3022645,21637,3022645,27,2959,192.275,0,0,-1,-1,0,0.999931461,NA,NA,70.000000000,MEASURED_CPU_FAULT,CPU;INTERVAL_FAULTS,NA,NA,NA,NA,NA,NA,NA,NA,NA,NA,NA,NA,NA,NA,NA,NA,NA,NA,NA,NA,NA,NA,NA,TARGET_GONE,identity no longer active
2026-10-02T16:04:42Z,APP_21637_3022645,21637,3022645,27,2960,201.499,0,0,-1,-1,0,0.999931461,NA,NA,70.000000000,MEASURED_CPU_FAULT,CPU;INTERVAL_FAULTS,NA,NA,NA,NA,NA,NA,NA,NA,NA,NA,NA,NA,NA,NA,NA,NA,NA,NA,NA,NA,NA,NA,NA,TARGET_GONE,identity no longer active
2026-10-02T16:04:42Z,APP_21637_3022645,21637,3022645,27,2961,199.769,0,0,-1,-1,0,0.999931461,NA,NA,70.000000000,MEASURED_CPU_FAULT,CPU;INTERVAL_FAULTS,NA,NA,NA,NA,NA,NA,NA,NA,NA,NA,NA,NA,NA,NA,NA,NA,NA,NA,NA,NA,NA,NA,NA,TARGET_GONE,identity no longer active
2026-10-02T16:04:42Z,APP_21637_3022645,21637,3022645,27,2962,204.391,0,0,-1,-1,0,0.999931461,NA,NA,70.000000000,MEASURED_CPU_FAULT,CPU;INTERVAL_FAULTS,NA,NA,NA,NA,NA,NA,NA,NA,NA,NA,NA,NA,NA,NA,NA,NA,NA,NA,NA,NA,NA,NA,NA,TARGET_GONE,identity no longer active
2026-10-02T16:04:43Z,APP_21637_3022645,21637,3022645,27,2963,201.499,0,0,-1,-1,0,0.999931461,NA,NA,70.000000000,MEASURED_CPU_FAULT,CPU;INTERVAL_FAULTS,NA,NA,NA,NA,NA,NA,NA,NA,NA,NA,NA,NA,NA,NA,NA,NA,NA,NA,NA,NA,NA,NA,NA,TARGET_GONE,identity no longer active
2026-10-02T16:04:43Z,APP_21637_3022645,21637,3022645,27,2964,201.719,0,0,-1,-1,0,0.999931461,NA,NA,70.000000000,MEASURED_CPU_FAULT,CPU;INTERVAL_FAULTS,NA,NA,NA,NA,NA,NA,NA,NA,NA,NA,NA,NA,NA,NA,NA,NA,NA,NA,NA,NA,NA,NA,NA,TARGET_GONE,identity no longer active
2026-10-02T16:04:43Z,APP_21637_3022645,21637,3022645,27,2965,201.198,0,0,-1,-1,0,0.999931461,NA,NA,70.000000000,MEASURED_CPU_FAULT,CPU;INTERVAL_FAULTS,NA,NA,NA,NA,NA,NA,NA,NA,NA,NA,NA,NA,NA,NA,NA,NA,NA,NA,NA,NA,NA,NA,NA,TARGET_GONE,identity no longer active
2026-10-02T16:04:43Z,APP_21637_3022645,21637,3022645,27,2966,196.453,0,0,-1,-1,0,0.999931461,NA,NA,70.000000000,MEASURED_CPU_FAULT,CPU;INTERVAL_FAULTS,NA,NA,NA,NA,NA,NA,NA,NA,NA,NA,NA,NA,NA,NA,NA,NA,NA,NA,NA,NA,NA,NA,NA,TARGET_GONE,identity no longer active
2026-10-02T16:04:43Z,APP_21637_3022645,21637,3022645,27,2967,204.391,0,0,-1,-1,0,0.999931461,NA,NA,70.000000000,MEASURED_CPU_FAULT,CPU;INTERVAL_FAULTS,NA,NA,NA,NA,NA,NA,NA,NA,NA,NA,NA,NA,NA,NA,NA,NA,NA,NA,NA,NA,NA,NA,NA,TARGET_GONE,identity no longer active
2026-10-02T16:04:43Z,APP_21637_3022645,21637,3022645,27,2968,201.802,0,0,-1,-1,0,0.999931461,NA,NA,70.000000000,MEASURED_CPU_FAULT,CPU;INTERVAL_FAULTS,NA,NA,NA,NA,NA,NA,NA,NA,NA,NA,NA,NA,NA,NA,NA,NA,NA,NA,NA,NA,NA,NA,NA,TARGET_GONE,identity no longer active
2026-10-02T16:04:43Z,APP_21637_3022645,21637,3022645,27,2969,201.431,0,0,-1,-1,0,0.999931461,NA,NA,70.000000000,MEASURED_CPU_FAULT,CPU;INTERVAL_FAULTS,NA,NA,NA,NA,NA,NA,NA,NA,NA,NA,NA,NA,NA,NA,NA,NA,NA,NA,NA,NA,NA,NA,NA,TARGET_GONE,identity no longer active
2026-10-02T16:04:43Z,APP_21637_3022645,21637,3022645,27,2970,191.904,0,0,-1,-1,0,0.999931461,NA,NA,70.000000000,MEASURED_CPU_FAULT,CPU;INTERVAL_FAULTS,NA,NA,NA,NA,NA,NA,NA,NA,NA,NA,NA,NA,NA,NA,NA,NA,NA,NA,NA,NA,NA,NA,NA,TARGET_GONE,identity no longer active
2026-10-02T16:04:44Z,APP_21637_3022645,21637,3022645,27,2971,206.928,0,0,-1,-1,0,0.999931461,NA,NA,70.000000000,MEASURED_CPU_FAULT,CPU;INTERVAL_FAULTS,NA,NA,NA,NA,NA,NA,NA,NA,NA,NA,NA,NA,NA,NA,NA,NA,NA,NA,NA,NA,NA,NA,NA,TARGET_GONE,identity no longer active
2026-10-02T16:04:44Z,APP_21637_3022645,21637,3022645,27,2972,204.800,0,0,-1,-1,0,0.999931461,NA,NA,70.000000000,MEASURED_CPU_FAULT,CPU;INTERVAL_FAULTS,NA,NA,NA,NA,NA,NA,NA,NA,NA,NA,NA,NA,NA,NA,NA,NA,NA,NA,NA,NA,NA,NA,NA,TARGET_GONE,identity no longer active
2026-10-02T16:04:44Z,APP_21637_3022645,21637,3022645,27,2973,191.617,0,0,-1,-1,0,0.999931461,NA,NA,70.000000000,MEASURED_CPU_FAULT,CPU;INTERVAL_FAULTS,NA,NA,NA,NA,NA,NA,NA,NA,NA,NA,NA,NA,NA,NA,NA,NA,NA,NA,NA,NA,NA,NA,NA,TARGET_GONE,identity no longer active
2026-10-02T16:04:44Z,APP_21637_3022645,21637,3022645,27,2974,201.719,0,0,-1,-1,0,0.999931461,NA,NA,70.000000000,MEASURED_CPU_FAULT,CPU;INTERVAL_FAULTS,NA,NA,NA,NA,NA,NA,NA,NA,NA,NA,NA,NA,NA,NA,NA,NA,NA,NA,NA,NA,NA,NA,NA,TARGET_GONE,identity no longer active
2026-10-02T16:04:44Z,APP_21637_3022645,21637,3022645,27,2975,201.198,0,0,-1,-1,0,0.999931461,NA,NA,70.000000000,MEASURED_CPU_FAULT,CPU;INTERVAL_FAULTS,NA,NA,NA,NA,NA,NA,NA,NA,NA,NA,NA,NA,NA,NA,NA,NA,NA,NA,NA,NA,NA,NA,NA,TARGET_GONE,identity no longer active
2026-10-02T16:04:13Z,APP_21637_3022645,21637,3022645,3,2976,0.000,0,0,-1,-1,0,0.999931461,1,true,0.000000000,MEASURED_CPU_FAULT,CPU;INTERVAL_FAULTS,HOT,669.474315258,0.560000000,0.700000000,NA,NA,NA,NA,0.560000000,0.000000000,0.700000000,0.000000000,-1.000000000,1.232000000,NA,MOVE_THREAD,INVALID,NOT_APPLICABLE,INVALID,MOVE_THREAD,-1,-1,false,TARGET_GONE,identity no longer active
2026-10-02T16:04:14Z,APP_21637_3022645,21637,3022645,3,2977,0.000,0,0,-1,-1,0,0.999931461,NA,NA,0.000000000,MEASURED_CPU_FAULT,CPU;INTERVAL_FAULTS,NA,NA,NA,NA,NA,NA,NA,NA,NA,NA,NA,NA,NA,NA,NA,NA,NA,NA,NA,NA,NA,NA,NA,TARGET_GONE,identity no longer active
2026-10-02T16:04:14Z,APP_21637_3022645,21637,3022645,3,2978,0.000,0,0,-1,-1,0,0.999931461,NA,NA,0.000000000,MEASURED_CPU_FAULT,CPU;INTERVAL_FAULTS,NA,NA,NA,NA,NA,NA,NA,NA,NA,NA,NA,NA,NA,NA,NA,NA,NA,NA,NA,NA,NA,NA,NA,TARGET_GONE,identity no longer active
2026-10-02T16:04:14Z,APP_21637_3022645,21637,3022645,3,2979,0.000,0,0,-1,-1,0,0.999931461,NA,NA,0.000000000,MEASURED_CPU_FAULT,CPU;INTERVAL_FAULTS,NA,NA,NA,NA,NA,NA,NA,NA,NA,NA,NA,NA,NA,NA,NA,NA,NA,NA,NA,NA,NA,NA,NA,TARGET_GONE,identity no longer active
2026-10-02T16:04:14Z,APP_21637_3022645,21637,3022645,3,2980,0.000,0,0,-1,-1,0,0.999931461,NA,NA,0.000000000,MEASURED_CPU_FAULT,CPU;INTERVAL_FAULTS,NA,NA,NA,NA,NA,NA,NA,NA,NA,NA,NA,NA,NA,NA,NA,NA,NA,NA,NA,NA,NA,NA,NA,TARGET_GONE,identity no longer active
2026-10-02T16:04:14Z,APP_21637_3022645,21637,3022645,3,2981,0.000,0,0,-1,-1,0,0.999931461,NA,NA,0.000000000,MEASURED_CPU_FAULT,CPU;INTERVAL_FAULTS,NA,NA,NA,NA,NA,NA,NA,NA,NA,NA,NA,NA,NA,NA,NA,NA,NA,NA,NA,NA,NA,NA,NA,TARGET_GONE,identity no longer active
2026-10-02T16:04:14Z,APP_21637_3022645,21637,3022645,3,2982,0.000,0,0,-1,-1,0,0.999931461,NA,NA,0.000000000,MEASURED_CPU_FAULT,CPU;INTERVAL_FAULTS,NA,NA,NA,NA,NA,NA,NA,NA,NA,NA,NA,NA,NA,NA,NA,NA,NA,NA,NA,NA,NA,NA,NA,TARGET_GONE,identity no longer active
2026-10-02T16:04:15Z,APP_21637_3022645,21637,3022645,3,2983,18.907,0,0,-1,-1,0,0.999931461,NA,NA,13.234900000,MEASURED_CPU_FAULT,CPU;INTERVAL_FAULTS,NA,NA,NA,NA,NA,NA,NA,NA,NA,NA,NA,NA,NA,NA,NA,NA,NA,NA,NA,NA,NA,NA,NA,TARGET_GONE,identity no longer active
2026-10-02T16:04:15Z,APP_21637_3022645,21637,3022645,3,2984,191.617,0,0,-1,-1,0,0.999931461,NA,NA,70.000000000,MEASURED_CPU_FAULT,CPU;INTERVAL_FAULTS,NA,NA,NA,NA,NA,NA,NA,NA,NA,NA,NA,NA,NA,NA,NA,NA,NA,NA,NA,NA,NA,NA,NA,TARGET_GONE,identity no longer active
2026-10-02T16:04:15Z,APP_21637_3022645,21637,3022645,3,2985,201.499,0,0,-1,-1,0,0.999931461,NA,NA,70.000000000,MEASURED_CPU_FAULT,CPU;INTERVAL_FAULTS,NA,NA,NA,NA,NA,NA,NA,NA,NA,NA,NA,NA,NA,NA,NA,NA,NA,NA,NA,NA,NA,NA,NA,TARGET_GONE,identity no longer active
2026-10-02T16:04:15Z,APP_21637_3022645,21637,3022645,3,2986,200.272,0,0,-1,-1,0,0.999931461,NA,NA,70.000000000,MEASURED_CPU_FAULT,CPU;INTERVAL_FAULTS,NA,NA,NA,NA,NA,NA,NA,NA,NA,NA,NA,NA,NA,NA,NA,NA,NA,NA,NA,NA,NA,NA,NA,TARGET_GONE,identity no longer active
2026-10-02T16:04:15Z,APP_21637_3022645,21637,3022645,3,2987,201.198,0,0,-1,-1,0,0.999931461,NA,NA,70.000000000,MEASURED_CPU_FAULT,CPU;INTERVAL_FAULTS,NA,NA,NA,NA,NA,NA,NA,NA,NA,NA,NA,NA,NA,NA,NA,NA,NA,NA,NA,NA,NA,NA,NA,TARGET_GONE,identity no longer active
2026-10-02T16:04:15Z,APP_21637_3022645,21637,3022645,3,2988,196.831,0,0,-1,-1,0,0.999931461,NA,NA,70.000000000,MEASURED_CPU_FAULT,CPU;INTERVAL_FAULTS,NA,NA,NA,NA,NA,NA,NA,NA,NA,NA,NA,NA,NA,NA,NA,NA,NA,NA,NA,NA,NA,NA,NA,TARGET_GONE,identity no longer active
2026-10-02T16:04:15Z,APP_21637_3022645,21637,3022645,3,2989,201.499,0,0,-1,-1,0,0.999931461,NA,NA,70.000000000,MEASURED_CPU_FAULT,CPU;INTERVAL_FAULTS,NA,NA,NA,NA,NA,NA,NA,NA,NA,NA,NA,NA,NA,NA,NA,NA,NA,NA,NA,NA,NA,NA,NA,TARGET_GONE,identity no longer active
2026-10-02T16:04:15Z,APP_21637_3022645,21637,3022645,3,2990,197.610,0,0,-1,-1,0,0.999931461,NA,NA,70.000000000,MEASURED_CPU_FAULT,CPU;INTERVAL_FAULTS,NA,NA,NA,NA,NA,NA,NA,NA,NA,NA,NA,NA,NA,NA,NA,NA,NA,NA,NA,NA,NA,NA,NA,TARGET_GONE,identity no longer active
2026-10-02T16:04:15Z,APP_21637_3022645,21637,3022645,3,2991,201.499,0,0,-1,-1,0,0.999931461,NA,NA,70.000000000,MEASURED_CPU_FAULT,CPU;INTERVAL_FAULTS,NA,NA,NA,NA,NA,NA,NA,NA,NA,NA,NA,NA,NA,NA,NA,NA,NA,NA,NA,NA,NA,NA,NA,TARGET_GONE,identity no longer active
2026-10-02T16:04:16Z,APP_21637_3022645,21637,3022645,3,2992,203.787,0,0,-1,-1,0,0.999931461,NA,NA,70.000000000,MEASURED_CPU_FAULT,CPU;INTERVAL_FAULTS,NA,NA,NA,NA,NA,NA,NA,NA,NA,NA,NA,NA,NA,NA,NA,NA,NA,NA,NA,NA,NA,NA,NA,TARGET_GONE,identity no longer active
2026-10-02T16:04:16Z,APP_21637_3022645,21637,3022645,3,2993,192.192,0,0,-1,-1,0,0.999931461,NA,NA,70.000000000,MEASURED_CPU_FAULT,CPU;INTERVAL_FAULTS,NA,NA,NA,NA,NA,NA,NA,NA,NA,NA,NA,NA,NA,NA,NA,NA,NA,NA,NA,NA,NA,NA,NA,TARGET_GONE,identity no longer active
2026-10-02T16:04:16Z,APP_21637_3022645,21637,3022645,3,2994,201.499,0,0,-1,-1,0,0.999931461,NA,NA,70.000000000,MEASURED_CPU_FAULT,CPU;INTERVAL_FAULTS,NA,NA,NA,NA,NA,NA,NA,NA,NA,NA,NA,NA,NA,NA,NA,NA,NA,NA,NA,NA,NA,NA,NA,TARGET_GONE,identity no longer active
2026-10-02T16:04:16Z,APP_21637_3022645,21637,3022645,3,2995,205.714,0,0,-1,-1,0,0.999931461,NA,NA,70.000000000,MEASURED_CPU_FAULT,CPU;INTERVAL_FAULTS,NA,NA,NA,NA,NA,NA,NA,NA,NA,NA,NA,NA,NA,NA,NA,NA,NA,NA,NA,NA,NA,NA,NA,TARGET_GONE,identity no longer active
2026-10-02T16:04:16Z,APP_21637_3022645,21637,3022645,3,2996,191.617,0,0,-1,-1,0,0.999931461,NA,NA,70.000000000,MEASURED_CPU_FAULT,CPU;INTERVAL_FAULTS,NA,NA,NA,NA,NA,NA,NA,NA,NA,NA,NA,NA,NA,NA,NA,NA,NA,NA,NA,NA,NA,NA,NA,TARGET_GONE,identity no longer active
2026-10-02T16:04:16Z,APP_21637_3022645,21637,3022645,3,2997,203.781,0,0,-1,-1,0,0.999931461,NA,NA,70.000000000,MEASURED_CPU_FAULT,CPU;INTERVAL_FAULTS,NA,NA,NA,NA,NA,NA,NA,NA,NA,NA,NA,NA,NA,NA,NA,NA,NA,NA,NA,NA,NA,NA,NA,TARGET_GONE,identity no longer active
2026-10-02T16:04:16Z,APP_21637_3022645,21637,3022645,3,2998,192.192,0,0,-1,-1,0,0.999931461,NA,NA,70.000000000,MEASURED_CPU_FAULT,CPU;INTERVAL_FAULTS,NA,NA,NA,NA,NA,NA,NA,NA,NA,NA,NA,NA,NA,NA,NA,NA,NA,NA,NA,NA,NA,NA,NA,TARGET_GONE,identity no longer active
2026-10-02T16:04:16Z,APP_21637_3022645,21637,3022645,3,2999,203.579,0,0,-1,-1,0,0.999931461,NA,NA,70.000000000,MEASURED_CPU_FAULT,CPU;INTERVAL_FAULTS,NA,NA,NA,NA,NA,NA,NA,NA,NA,NA,NA,NA,NA,NA,NA,NA,NA,NA,NA,NA,NA,NA,NA,TARGET_GONE,identity no longer active
2026-10-02T16:04:17Z,APP_21637_3022645,21637,3022645,3,3000,201.499,0,0,-1,-1,0,0.999931461,NA,NA,70.000000000,MEASURED_CPU_FAULT,CPU;INTERVAL_FAULTS,NA,NA,NA,NA,NA,NA,NA,NA,NA,NA,NA,NA,NA,NA,NA,NA,NA,NA,NA,NA,NA,NA,NA,TARGET_GONE,identity no longer active
2026-10-02T16:04:13Z,APP_21637_3022645,21637,3022645,4,3001,0.000,0,0,-1,-1,0,0.999931461,1,true,0.000000000,MEASURED_CPU_FAULT,CPU;INTERVAL_FAULTS,HOT,669.474315258,0.560000000,0.700000000,NA,NA,NA,NA,0.560000000,0.000000000,0.700000000,0.000000000,-1.000000000,1.232000000,NA,MOVE_THREAD,INVALID,NOT_APPLICABLE,INVALID,MOVE_THREAD,-1,-1,false,TARGET_GONE,identity no longer active
2026-10-02T16:04:14Z,APP_21637_3022645,21637,3022645,4,3002,0.000,0,0,-1,-1,0,0.999931461,NA,NA,0.000000000,MEASURED_CPU_FAULT,CPU;INTERVAL_FAULTS,NA,NA,NA,NA,NA,NA,NA,NA,NA,NA,NA,NA,NA,NA,NA,NA,NA,NA,NA,NA,NA,NA,NA,TARGET_GONE,identity no longer active
2026-10-02T16:04:14Z,APP_21637_3022645,21637,3022645,4,3003,0.000,0,0,-1,-1,0,0.999931461,NA,NA,0.000000000,MEASURED_CPU_FAULT,CPU;INTERVAL_FAULTS,NA,NA,NA,NA,NA,NA,NA,NA,NA,NA,NA,NA,NA,NA,NA,NA,NA,NA,NA,NA,NA,NA,NA,TARGET_GONE,identity no longer active
2026-10-02T16:04:14Z,APP_21637_3022645,21637,3022645,4,3004,0.000,0,0,-1,-1,0,0.999931461,NA,NA,0.000000000,MEASURED_CPU_FAULT,CPU;INTERVAL_FAULTS,NA,NA,NA,NA,NA,NA,NA,NA,NA,NA,NA,NA,NA,NA,NA,NA,NA,NA,NA,NA,NA,NA,NA,TARGET_GONE,identity no longer active
2026-10-02T16:04:14Z,APP_21637_3022645,21637,3022645,4,3005,0.000,0,0,-1,-1,0,0.999931461,NA,NA,0.000000000,MEASURED_CPU_FAULT,CPU;INTERVAL_FAULTS,NA,NA,NA,NA,NA,NA,NA,NA,NA,NA,NA,NA,NA,NA,NA,NA,NA,NA,NA,NA,NA,NA,NA,TARGET_GONE,identity no longer active
2026-10-02T16:04:14Z,APP_21637_3022645,21637,3022645,4,3006,0.000,0,0,-1,-1,0,0.999931461,NA,NA,0.000000000,MEASURED_CPU_FAULT,CPU;INTERVAL_FAULTS,NA,NA,NA,NA,NA,NA,NA,NA,NA,NA,NA,NA,NA,NA,NA,NA,NA,NA,NA,NA,NA,NA,NA,TARGET_GONE,identity no longer active
2026-10-02T16:04:14Z,APP_21637_3022645,21637,3022645,4,3007,0.000,0,0,-1,-1,0,0.999931461,NA,NA,0.000000000,MEASURED_CPU_FAULT,CPU;INTERVAL_FAULTS,NA,NA,NA,NA,NA,NA,NA,NA,NA,NA,NA,NA,NA,NA,NA,NA,NA,NA,NA,NA,NA,NA,NA,TARGET_GONE,identity no longer active
2026-10-02T16:04:15Z,APP_21637_3022645,21637,3022645,4,3008,18.907,0,0,-1,-1,0,0.999931461,NA,NA,13.234900000,MEASURED_CPU_FAULT,CPU;INTERVAL_FAULTS,NA,NA,NA,NA,NA,NA,NA,NA,NA,NA,NA,NA,NA,NA,NA,NA,NA,NA,NA,NA,NA,NA,NA,TARGET_GONE,identity no longer active
2026-10-02T16:04:15Z,APP_21637_3022645,21637,3022645,4,3009,191.617,0,0,-1,-1,0,0.999931461,NA,NA,70.000000000,MEASURED_CPU_FAULT,CPU;INTERVAL_FAULTS,NA,NA,NA,NA,NA,NA,NA,NA,NA,NA,NA,NA,NA,NA,NA,NA,NA,NA,NA,NA,NA,NA,NA,TARGET_GONE,identity no longer active
2026-10-02T16:04:15Z,APP_21637_3022645,21637,3022645,4,3010,201.499,0,0,-1,-1,0,0.999931461,NA,NA,70.000000000,MEASURED_CPU_FAULT,CPU;INTERVAL_FAULTS,NA,NA,NA,NA,NA,NA,NA,NA,NA,NA,NA,NA,NA,NA,NA,NA,NA,NA,NA,NA,NA,NA,NA,TARGET_GONE,identity no longer active
2026-10-02T16:04:15Z,APP_21637_3022645,21637,3022645,4,3011,200.272,0,0,-1,-1,0,0.999931461,NA,NA,70.000000000,MEASURED_CPU_FAULT,CPU;INTERVAL_FAULTS,NA,NA,NA,NA,NA,NA,NA,NA,NA,NA,NA,NA,NA,NA,NA,NA,NA,NA,NA,NA,NA,NA,NA,TARGET_GONE,identity no longer active
2026-10-02T16:04:15Z,APP_21637_3022645,21637,3022645,4,3012,201.198,0,0,-1,-1,0,0.999931461,NA,NA,70.000000000,MEASURED_CPU_FAULT,CPU;INTERVAL_FAULTS,NA,NA,NA,NA,NA,NA,NA,NA,NA,NA,NA,NA,NA,NA,NA,NA,NA,NA,NA,NA,NA,NA,NA,TARGET_GONE,identity no longer active
2026-10-02T16:04:15Z,APP_21637_3022645,21637,3022645,4,3013,196.831,0,0,-1,-1,0,0.999931461,NA,NA,70.000000000,MEASURED_CPU_FAULT,CPU;INTERVAL_FAULTS,NA,NA,NA,NA,NA,NA,NA,NA,NA,NA,NA,NA,NA,NA,NA,NA,NA,NA,NA,NA,NA,NA,NA,TARGET_GONE,identity no longer active
2026-10-02T16:04:15Z,APP_21637_3022645,21637,3022645,4,3014,201.499,0,0,-1,-1,0,0.999931461,NA,NA,70.000000000,MEASURED_CPU_FAULT,CPU;INTERVAL_FAULTS,NA,NA,NA,NA,NA,NA,NA,NA,NA,NA,NA,NA,NA,NA,NA,NA,NA,NA,NA,NA,NA,NA,NA,TARGET_GONE,identity no longer active
2026-10-02T16:04:15Z,APP_21637_3022645,21637,3022645,4,3015,197.610,0,0,-1,-1,0,0.999931461,NA,NA,70.000000000,MEASURED_CPU_FAULT,CPU;INTERVAL_FAULTS,NA,NA,NA,NA,NA,NA,NA,NA,NA,NA,NA,NA,NA,NA,NA,NA,NA,NA,NA,NA,NA,NA,NA,TARGET_GONE,identity no longer active
2026-10-02T16:04:15Z,APP_21637_3022645,21637,3022645,4,3016,201.499,0,0,-1,-1,0,0.999931461,NA,NA,70.000000000,MEASURED_CPU_FAULT,CPU;INTERVAL_FAULTS,NA,NA,NA,NA,NA,NA,NA,NA,NA,NA,NA,NA,NA,NA,NA,NA,NA,NA,NA,NA,NA,NA,NA,TARGET_GONE,identity no longer active
2026-10-02T16:04:16Z,APP_21637_3022645,21637,3022645,4,3017,203.787,0,0,-1,-1,0,0.999931461,NA,NA,70.000000000,MEASURED_CPU_FAULT,CPU;INTERVAL_FAULTS,NA,NA,NA,NA,NA,NA,NA,NA,NA,NA,NA,NA,NA,NA,NA,NA,NA,NA,NA,NA,NA,NA,NA,TARGET_GONE,identity no longer active
2026-10-02T16:04:16Z,APP_21637_3022645,21637,3022645,4,3018,192.192,0,0,-1,-1,0,0.999931461,NA,NA,70.000000000,MEASURED_CPU_FAULT,CPU;INTERVAL_FAULTS,NA,NA,NA,NA,NA,NA,NA,NA,NA,NA,NA,NA,NA,NA,NA,NA,NA,NA,NA,NA,NA,NA,NA,TARGET_GONE,identity no longer active
2026-10-02T16:04:16Z,APP_21637_3022645,21637,3022645,4,3019,201.499,0,0,-1,-1,0,0.999931461,NA,NA,70.000000000,MEASURED_CPU_FAULT,CPU;INTERVAL_FAULTS,NA,NA,NA,NA,NA,NA,NA,NA,NA,NA,NA,NA,NA,NA,NA,NA,NA,NA,NA,NA,NA,NA,NA,TARGET_GONE,identity no longer active
2026-10-02T16:04:16Z,APP_21637_3022645,21637,3022645,4,3020,205.714,0,0,-1,-1,0,0.999931461,NA,NA,70.000000000,MEASURED_CPU_FAULT,CPU;INTERVAL_FAULTS,NA,NA,NA,NA,NA,NA,NA,NA,NA,NA,NA,NA,NA,NA,NA,NA,NA,NA,NA,NA,NA,NA,NA,TARGET_GONE,identity no longer active
2026-10-02T16:04:16Z,APP_21637_3022645,21637,3022645,4,3021,191.617,0,0,-1,-1,0,0.999931461,NA,NA,70.000000000,MEASURED_CPU_FAULT,CPU;INTERVAL_FAULTS,NA,NA,NA,NA,NA,NA,NA,NA,NA,NA,NA,NA,NA,NA,NA,NA,NA,NA,NA,NA,NA,NA,NA,TARGET_GONE,identity no longer active
2026-10-02T16:04:16Z,APP_21637_3022645,21637,3022645,4,3022,203.781,0,0,-1,-1,0,0.999931461,NA,NA,70.000000000,MEASURED_CPU_FAULT,CPU;INTERVAL_FAULTS,NA,NA,NA,NA,NA,NA,NA,NA,NA,NA,NA,NA,NA,NA,NA,NA,NA,NA,NA,NA,NA,NA,NA,TARGET_GONE,identity no longer active
2026-10-02T16:04:16Z,APP_21637_3022645,21637,3022645,4,3023,192.192,0,0,-1,-1,0,0.999931461,NA,NA,70.000000000,MEASURED_CPU_FAULT,CPU;INTERVAL_FAULTS,NA,NA,NA,NA,NA,NA,NA,NA,NA,NA,NA,NA,NA,NA,NA,NA,NA,NA,NA,NA,NA,NA,NA,TARGET_GONE,identity no longer active
2026-10-02T16:04:16Z,APP_21637_3022645,21637,3022645,4,3024,203.579,0,0,-1,-1,0,0.999931461,NA,NA,70.000000000,MEASURED_CPU_FAULT,CPU;INTERVAL_FAULTS,NA,NA,NA,NA,NA,NA,NA,NA,NA,NA,NA,NA,NA,NA,NA,NA,NA,NA,NA,NA,NA,NA,NA,TARGET_GONE,identity no longer active
2026-10-02T16:04:17Z,APP_21637_3022645,21637,3022645,4,3025,201.499,0,0,-1,-1,0,0.999931461,NA,NA,70.000000000,MEASURED_CPU_FAULT,CPU;INTERVAL_FAULTS,NA,NA,NA,NA,NA,NA,NA,NA,NA,NA,NA,NA,NA,NA,NA,NA,NA,NA,NA,NA,NA,NA,NA,TARGET_GONE,identity no longer active
2026-10-02T16:04:17Z,APP_21637_3022645,21637,3022645,4,3026,198.450,0,0,-1,-1,0,0.999931461,NA,NA,70.000000000,MEASURED_CPU_FAULT,CPU;INTERVAL_FAULTS,NA,NA,NA,NA,NA,NA,NA,NA,NA,NA,NA,NA,NA,NA,NA,NA,NA,NA,NA,NA,NA,NA,NA,TARGET_GONE,identity no longer active
2026-10-02T16:04:17Z,APP_21637_3022645,21637,3022645,4,3027,211.411,0,0,-1,-1,0,0.999931461,NA,NA,70.000000000,MEASURED_CPU_FAULT,CPU;INTERVAL_FAULTS,NA,NA,NA,NA,NA,NA,NA,NA,NA,NA,NA,NA,NA,NA,NA,NA,NA,NA,NA,NA,NA,NA,NA,TARGET_GONE,identity no longer active
2026-10-02T16:04:17Z,APP_21637_3022645,21637,3022645,4,3028,191.904,0,0,-1,-1,0,0.999931461,NA,NA,70.000000000,MEASURED_CPU_FAULT,CPU;INTERVAL_FAULTS,NA,NA,NA,NA,NA,NA,NA,NA,NA,NA,NA,NA,NA,NA,NA,NA,NA,NA,NA,NA,NA,NA,NA,TARGET_GONE,identity no longer active
2026-10-02T16:04:17Z,APP_21637_3022645,21637,3022645,4,3029,205.714,0,0,-1,-1,0,0.999931461,NA,NA,70.000000000,MEASURED_CPU_FAULT,CPU;INTERVAL_FAULTS,NA,NA,NA,NA,NA,NA,NA,NA,NA,NA,NA,NA,NA,NA,NA,NA,NA,NA,NA,NA,NA,NA,NA,TARGET_GONE,identity no longer active
2026-10-02T16:04:17Z,APP_21637_3022645,21637,3022645,4,3030,201.802,0,0,-1,-1,0,0.999931461,NA,NA,70.000000000,MEASURED_CPU_FAULT,CPU;INTERVAL_FAULTS,NA,NA,NA,NA,NA,NA,NA,NA,NA,NA,NA,NA,NA,NA,NA,NA,NA,NA,NA,NA,NA,NA,NA,TARGET_GONE,identity no longer active
2026-10-02T16:04:17Z,APP_21637_3022645,21637,3022645,4,3031,197.217,0,0,-1,-1,0,0.999931461,NA,NA,70.000000000,MEASURED_CPU_FAULT,CPU;INTERVAL_FAULTS,NA,NA,NA,NA,NA,NA,NA,NA,NA,NA,NA,NA,NA,NA,NA,NA,NA,NA,NA,NA,NA,NA,NA,TARGET_GONE,identity no longer active
2026-10-02T16:04:17Z,APP_21637_3022645,21637,3022645,4,3032,201.499,0,0,-1,-1,0,0.999931461,NA,NA,70.000000000,MEASURED_CPU_FAULT,CPU;INTERVAL_FAULTS,NA,NA,NA,NA,NA,NA,NA,NA,NA,NA,NA,NA,NA,NA,NA,NA,NA,NA,NA,NA,NA,NA,NA,TARGET_GONE,identity no longer active
2026-10-02T16:04:18Z,APP_21637_3022645,21637,3022645,4,3033,197.807,0,0,-1,-1,0,0.999931461,NA,NA,70.000000000,MEASURED_CPU_FAULT,CPU;INTERVAL_FAULTS,NA,NA,NA,NA,NA,NA,NA,NA,NA,NA,NA,NA,NA,NA,NA,NA,NA,NA,NA,NA,NA,NA,NA,TARGET_GONE,identity no longer active
2026-10-02T16:04:18Z,APP_21637_3022645,21637,3022645,4,3034,200.897,0,0,-1,-1,0,0.999931461,NA,NA,70.000000000,MEASURED_CPU_FAULT,CPU;INTERVAL_FAULTS,NA,NA,NA,NA,NA,NA,NA,NA,NA,NA,NA,NA,NA,NA,NA,NA,NA,NA,NA,NA,NA,NA,NA,TARGET_GONE,identity no longer active
2026-10-02T16:04:13Z,APP_21637_3022645,21637,3022645,5,3035,0.000,0,0,-1,-1,0,0.999931461,1,true,0.000000000,MEASURED_CPU_FAULT,CPU;INTERVAL_FAULTS,HOT,669.474315258,0.560000000,0.700000000,NA,NA,NA,NA,0.560000000,0.000000000,0.700000000,0.000000000,-1.000000000,1.232000000,NA,MOVE_THREAD,INVALID,NOT_APPLICABLE,INVALID,MOVE_THREAD,-1,-1,false,TARGET_GONE,identity no longer active
2026-10-02T16:04:14Z,APP_21637_3022645,21637,3022645,5,3036,0.000,0,0,-1,-1,0,0.999931461,NA,NA,0.000000000,MEASURED_CPU_FAULT,CPU;INTERVAL_FAULTS,NA,NA,NA,NA,NA,NA,NA,NA,NA,NA,NA,NA,NA,NA,NA,NA,NA,NA,NA,NA,NA,NA,NA,TARGET_GONE,identity no longer active
2026-10-02T16:04:14Z,APP_21637_3022645,21637,3022645,5,3037,0.000,0,0,-1,-1,0,0.999931461,NA,NA,0.000000000,MEASURED_CPU_FAULT,CPU;INTERVAL_FAULTS,NA,NA,NA,NA,NA,NA,NA,NA,NA,NA,NA,NA,NA,NA,NA,NA,NA,NA,NA,NA,NA,NA,NA,TARGET_GONE,identity no longer active
2026-10-02T16:04:14Z,APP_21637_3022645,21637,3022645,5,3038,0.000,0,0,-1,-1,0,0.999931461,NA,NA,0.000000000,MEASURED_CPU_FAULT,CPU;INTERVAL_FAULTS,NA,NA,NA,NA,NA,NA,NA,NA,NA,NA,NA,NA,NA,NA,NA,NA,NA,NA,NA,NA,NA,NA,NA,TARGET_GONE,identity no longer active
2026-10-02T16:04:14Z,APP_21637_3022645,21637,3022645,5,3039,0.000,0,0,-1,-1,0,0.999931461,NA,NA,0.000000000,MEASURED_CPU_FAULT,CPU;INTERVAL_FAULTS,NA,NA,NA,NA,NA,NA,NA,NA,NA,NA,NA,NA,NA,NA,NA,NA,NA,NA,NA,NA,NA,NA,NA,TARGET_GONE,identity no longer active
2026-10-02T16:04:14Z,APP_21637_3022645,21637,3022645,5,3040,0.000,0,0,-1,-1,0,0.999931461,NA,NA,0.000000000,MEASURED_CPU_FAULT,CPU;INTERVAL_FAULTS,NA,NA,NA,NA,NA,NA,NA,NA,NA,NA,NA,NA,NA,NA,NA,NA,NA,NA,NA,NA,NA,NA,NA,TARGET_GONE,identity no longer active
2026-10-02T16:04:14Z,APP_21637_3022645,21637,3022645,5,3041,0.000,0,0,-1,-1,0,0.999931461,NA,NA,0.000000000,MEASURED_CPU_FAULT,CPU;INTERVAL_FAULTS,NA,NA,NA,NA,NA,NA,NA,NA,NA,NA,NA,NA,NA,NA,NA,NA,NA,NA,NA,NA,NA,NA,NA,TARGET_GONE,identity no longer active
2026-10-02T16:04:15Z,APP_21637_3022645,21637,3022645,5,3042,18.907,0,0,-1,-1,0,0.999931461,NA,NA,13.234900000,MEASURED_CPU_FAULT,CPU;INTERVAL_FAULTS,NA,NA,NA,NA,NA,NA,NA,NA,NA,NA,NA,NA,NA,NA,NA,NA,NA,NA,NA,NA,NA,NA,NA,TARGET_GONE,identity no longer active
2026-10-02T16:04:15Z,APP_21637_3022645,21637,3022645,5,3043,191.617,0,0,-1,-1,0,0.999931461,NA,NA,70.000000000,MEASURED_CPU_FAULT,CPU;INTERVAL_FAULTS,NA,NA,NA,NA,NA,NA,NA,NA,NA,NA,NA,NA,NA,NA,NA,NA,NA,NA,NA,NA,NA,NA,NA,TARGET_GONE,identity no longer active
2026-10-02T16:04:15Z,APP_21637_3022645,21637,3022645,5,3044,201.499,0,0,-1,-1,0,0.999931461,NA,NA,70.000000000,MEASURED_CPU_FAULT,CPU;INTERVAL_FAULTS,NA,NA,NA,NA,NA,NA,NA,NA,NA,NA,NA,NA,NA,NA,NA,NA,NA,NA,NA,NA,NA,NA,NA,TARGET_GONE,identity no longer active
2026-10-02T16:04:15Z,APP_21637_3022645,21637,3022645,5,3045,200.272,0,0,-1,-1,0,0.999931461,NA,NA,70.000000000,MEASURED_CPU_FAULT,CPU;INTERVAL_FAULTS,NA,NA,NA,NA,NA,NA,NA,NA,NA,NA,NA,NA,NA,NA,NA,NA,NA,NA,NA,NA,NA,NA,NA,TARGET_GONE,identity no longer active
2026-10-02T16:04:15Z,APP_21637_3022645,21637,3022645,5,3046,201.198,0,0,-1,-1,0,0.999931461,NA,NA,70.000000000,MEASURED_CPU_FAULT,CPU;INTERVAL_FAULTS,NA,NA,NA,NA,NA,NA,NA,NA,NA,NA,NA,NA,NA,NA,NA,NA,NA,NA,NA,NA,NA,NA,NA,TARGET_GONE,identity no longer active
2026-10-02T16:04:15Z,APP_21637_3022645,21637,3022645,5,3047,196.831,0,0,-1,-1,0,0.999931461,NA,NA,70.000000000,MEASURED_CPU_FAULT,CPU;INTERVAL_FAULTS,NA,NA,NA,NA,NA,NA,NA,NA,NA,NA,NA,NA,NA,NA,NA,NA,NA,NA,NA,NA,NA,NA,NA,TARGET_GONE,identity no longer active
2026-10-02T16:04:15Z,APP_21637_3022645,21637,3022645,5,3048,201.499,0,0,-1,-1,0,0.999931461,NA,NA,70.000000000,MEASURED_CPU_FAULT,CPU;INTERVAL_FAULTS,NA,NA,NA,NA,NA,NA,NA,NA,NA,NA,NA,NA,NA,NA,NA,NA,NA,NA,NA,NA,NA,NA,NA,TARGET_GONE,identity no longer active
2026-10-02T16:04:15Z,APP_21637_3022645,21637,3022645,5,3049,197.610,0,0,-1,-1,0,0.999931461,NA,NA,70.000000000,MEASURED_CPU_FAULT,CPU;INTERVAL_FAULTS,NA,NA,NA,NA,NA,NA,NA,NA,NA,NA,NA,NA,NA,NA,NA,NA,NA,NA,NA,NA,NA,NA,NA,TARGET_GONE,identity no longer active
2026-10-02T16:04:15Z,APP_21637_3022645,21637,3022645,5,3050,201.499,0,0,-1,-1,0,0.999931461,NA,NA,70.000000000,MEASURED_CPU_FAULT,CPU;INTERVAL_FAULTS,NA,NA,NA,NA,NA,NA,NA,NA,NA,NA,NA,NA,NA,NA,NA,NA,NA,NA,NA,NA,NA,NA,NA,TARGET_GONE,identity no longer active
2026-10-02T16:04:16Z,APP_21637_3022645,21637,3022645,5,3051,203.787,0,0,-1,-1,0,0.999931461,NA,NA,70.000000000,MEASURED_CPU_FAULT,CPU;INTERVAL_FAULTS,NA,NA,NA,NA,NA,NA,NA,NA,NA,NA,NA,NA,NA,NA,NA,NA,NA,NA,NA,NA,NA,NA,NA,TARGET_GONE,identity no longer active
2026-10-02T16:04:16Z,APP_21637_3022645,21637,3022645,5,3052,192.192,0,0,-1,-1,0,0.999931461,NA,NA,70.000000000,MEASURED_CPU_FAULT,CPU;INTERVAL_FAULTS,NA,NA,NA,NA,NA,NA,NA,NA,NA,NA,NA,NA,NA,NA,NA,NA,NA,NA,NA,NA,NA,NA,NA,TARGET_GONE,identity no longer active
2026-10-02T16:04:16Z,APP_21637_3022645,21637,3022645,5,3053,201.499,0,0,-1,-1,0,0.999931461,NA,NA,70.000000000,MEASURED_CPU_FAULT,CPU;INTERVAL_FAULTS,NA,NA,NA,NA,NA,NA,NA,NA,NA,NA,NA,NA,NA,NA,NA,NA,NA,NA,NA,NA,NA,NA,NA,TARGET_GONE,identity no longer active
2026-10-02T16:04:16Z,APP_21637_3022645,21637,3022645,5,3054,205.714,0,0,-1,-1,0,0.999931461,NA,NA,70.000000000,MEASURED_CPU_FAULT,CPU;INTERVAL_FAULTS,NA,NA,NA,NA,NA,NA,NA,NA,NA,NA,NA,NA,NA,NA,NA,NA,NA,NA,NA,NA,NA,NA,NA,TARGET_GONE,identity no longer active
2026-10-02T16:04:16Z,APP_21637_3022645,21637,3022645,5,3055,191.617,0,0,-1,-1,0,0.999931461,NA,NA,70.000000000,MEASURED_CPU_FAULT,CPU;INTERVAL_FAULTS,NA,NA,NA,NA,NA,NA,NA,NA,NA,NA,NA,NA,NA,NA,NA,NA,NA,NA,NA,NA,NA,NA,NA,TARGET_GONE,identity no longer active
2026-10-02T16:04:16Z,APP_21637_3022645,21637,3022645,5,3056,203.781,0,0,-1,-1,0,0.999931461,NA,NA,70.000000000,MEASURED_CPU_FAULT,CPU;INTERVAL_FAULTS,NA,NA,NA,NA,NA,NA,NA,NA,NA,NA,NA,NA,NA,NA,NA,NA,NA,NA,NA,NA,NA,NA,NA,TARGET_GONE,identity no longer active
2026-10-02T16:04:16Z,APP_21637_3022645,21637,3022645,5,3057,192.192,0,0,-1,-1,0,0.999931461,NA,NA,70.000000000,MEASURED_CPU_FAULT,CPU;INTERVAL_FAULTS,NA,NA,NA,NA,NA,NA,NA,NA,NA,NA,NA,NA,NA,NA,NA,NA,NA,NA,NA,NA,NA,NA,NA,TARGET_GONE,identity no longer active
2026-10-02T16:04:16Z,APP_21637_3022645,21637,3022645,5,3058,203.579,0,0,-1,-1,0,0.999931461,NA,NA,70.000000000,MEASURED_CPU_FAULT,CPU;INTERVAL_FAULTS,NA,NA,NA,NA,NA,NA,NA,NA,NA,NA,NA,NA,NA,NA,NA,NA,NA,NA,NA,NA,NA,NA,NA,TARGET_GONE,identity no longer active
2026-10-02T16:04:17Z,APP_21637_3022645,21637,3022645,5,3059,201.499,0,0,-1,-1,0,0.999931461,NA,NA,70.000000000,MEASURED_CPU_FAULT,CPU;INTERVAL_FAULTS,NA,NA,NA,NA,NA,NA,NA,NA,NA,NA,NA,NA,NA,NA,NA,NA,NA,NA,NA,NA,NA,NA,NA,TARGET_GONE,identity no longer active
2026-10-02T16:04:17Z,APP_21637_3022645,21637,3022645,5,3060,198.450,0,0,-1,-1,0,0.999931461,NA,NA,70.000000000,MEASURED_CPU_FAULT,CPU;INTERVAL_FAULTS,NA,NA,NA,NA,NA,NA,NA,NA,NA,NA,NA,NA,NA,NA,NA,NA,NA,NA,NA,NA,NA,NA,NA,TARGET_GONE,identity no longer active
2026-10-02T16:04:17Z,APP_21637_3022645,21637,3022645,5,3061,211.411,0,0,-1,-1,0,0.999931461,NA,NA,70.000000000,MEASURED_CPU_FAULT,CPU;INTERVAL_FAULTS,NA,NA,NA,NA,NA,NA,NA,NA,NA,NA,NA,NA,NA,NA,NA,NA,NA,NA,NA,NA,NA,NA,NA,TARGET_GONE,identity no longer active
2026-10-02T16:04:17Z,APP_21637_3022645,21637,3022645,5,3062,191.904,0,0,-1,-1,0,0.999931461,NA,NA,70.000000000,MEASURED_CPU_FAULT,CPU;INTERVAL_FAULTS,NA,NA,NA,NA,NA,NA,NA,NA,NA,NA,NA,NA,NA,NA,NA,NA,NA,NA,NA,NA,NA,NA,NA,TARGET_GONE,identity no longer active
2026-10-02T16:04:17Z,APP_21637_3022645,21637,3022645,5,3063,205.714,0,0,-1,-1,0,0.999931461,NA,NA,70.000000000,MEASURED_CPU_FAULT,CPU;INTERVAL_FAULTS,NA,NA,NA,NA,NA,NA,NA,NA,NA,NA,NA,NA,NA,NA,NA,NA,NA,NA,NA,NA,NA,NA,NA,TARGET_GONE,identity no longer active
2026-10-02T16:04:17Z,APP_21637_3022645,21637,3022645,5,3064,201.802,0,0,-1,-1,0,0.999931461,NA,NA,70.000000000,MEASURED_CPU_FAULT,CPU;INTERVAL_FAULTS,NA,NA,NA,NA,NA,NA,NA,NA,NA,NA,NA,NA,NA,NA,NA,NA,NA,NA,NA,NA,NA,NA,NA,TARGET_GONE,identity no longer active
2026-10-02T16:04:17Z,APP_21637_3022645,21637,3022645,5,3065,197.217,0,0,-1,-1,0,0.999931461,NA,NA,70.000000000,MEASURED_CPU_FAULT,CPU;INTERVAL_FAULTS,NA,NA,NA,NA,NA,NA,NA,NA,NA,NA,NA,NA,NA,NA,NA,NA,NA,NA,NA,NA,NA,NA,NA,TARGET_GONE,identity no longer active
2026-10-02T16:04:17Z,APP_21637_3022645,21637,3022645,5,3066,201.499,0,0,-1,-1,0,0.999931461,NA,NA,70.000000000,MEASURED_CPU_FAULT,CPU;INTERVAL_FAULTS,NA,NA,NA,NA,NA,NA,NA,NA,NA,NA,NA,NA,NA,NA,NA,NA,NA,NA,NA,NA,NA,NA,NA,TARGET_GONE,identity no longer active
2026-10-02T16:04:18Z,APP_21637_3022645,21637,3022645,5,3067,197.807,0,0,-1,-1,0,0.999931461,NA,NA,70.000000000,MEASURED_CPU_FAULT,CPU;INTERVAL_FAULTS,NA,NA,NA,NA,NA,NA,NA,NA,NA,NA,NA,NA,NA,NA,NA,NA,NA,NA,NA,NA,NA,NA,NA,TARGET_GONE,identity no longer active
2026-10-02T16:04:18Z,APP_21637_3022645,21637,3022645,5,3068,200.897,0,0,-1,-1,0,0.999931461,NA,NA,70.000000000,MEASURED_CPU_FAULT,CPU;INTERVAL_FAULTS,NA,NA,NA,NA,NA,NA,NA,NA,NA,NA,NA,NA,NA,NA,NA,NA,NA,NA,NA,NA,NA,NA,NA,TARGET_GONE,identity no longer active
2026-10-02T16:04:18Z,APP_21637_3022645,21637,3022645,5,3069,199.555,0,0,-1,-1,0,0.999931461,NA,NA,70.000000000,MEASURED_CPU_FAULT,CPU;INTERVAL_FAULTS,NA,NA,NA,NA,NA,NA,NA,NA,NA,NA,NA,NA,NA,NA,NA,NA,NA,NA,NA,NA,NA,NA,NA,TARGET_GONE,identity no longer active
2026-10-02T16:04:18Z,APP_21637_3022645,21637,3022645,5,3070,191.617,0,0,-1,-1,0,0.999931461,NA,NA,70.000000000,MEASURED_CPU_FAULT,CPU;INTERVAL_FAULTS,NA,NA,NA,NA,NA,NA,NA,NA,NA,NA,NA,NA,NA,NA,NA,NA,NA,NA,NA,NA,NA,NA,NA,TARGET_GONE,identity no longer active
2026-10-02T16:04:18Z,APP_21637_3022645,21637,3022645,5,3071,201.499,0,0,-1,-1,0,0.999931461,NA,NA,70.000000000,MEASURED_CPU_FAULT,CPU;INTERVAL_FAULTS,NA,NA,NA,NA,NA,NA,NA,NA,NA,NA,NA,NA,NA,NA,NA,NA,NA,NA,NA,NA,NA,NA,NA,TARGET_GONE,identity no longer active
2026-10-02T16:04:18Z,APP_21637_3022645,21637,3022645,5,3072,198.393,0,0,-1,-1,0,0.999931461,NA,NA,70.000000000,MEASURED_CPU_FAULT,CPU;INTERVAL_FAULTS,NA,NA,NA,NA,NA,NA,NA,NA,NA,NA,NA,NA,NA,NA,NA,NA,NA,NA,NA,NA,NA,NA,NA,TARGET_GONE,identity no longer active
2026-10-02T16:04:18Z,APP_21637_3022645,21637,3022645,5,3073,201.802,0,0,-1,-1,0,0.999931461,NA,NA,70.000000000,MEASURED_CPU_FAULT,CPU;INTERVAL_FAULTS,NA,NA,NA,NA,NA,NA,NA,NA,NA,NA,NA,NA,NA,NA,NA,NA,NA,NA,NA,NA,NA,NA,NA,TARGET_GONE,identity no longer active
2026-10-02T16:04:18Z,APP_21637_3022645,21637,3022645,5,3074,203.175,0,0,-1,-1,0,0.999931461,NA,NA,70.000000000,MEASURED_CPU_FAULT,CPU;INTERVAL_FAULTS,NA,NA,NA,NA,NA,NA,NA,NA,NA,NA,NA,NA,NA,NA,NA,NA,NA,NA,NA,NA,NA,NA,NA,TARGET_GONE,identity no longer active
2026-10-02T16:04:19Z,APP_21637_3022645,21637,3022645,5,3075,201.802,0,0,-1,-1,0,0.999931461,NA,NA,70.000000000,MEASURED_CPU_FAULT,CPU;INTERVAL_FAULTS,NA,NA,NA,NA,NA,NA,NA,NA,NA,NA,NA,NA,NA,NA,NA,NA,NA,NA,NA,NA,NA,NA,NA,TARGET_GONE,identity no longer active
2026-10-02T16:04:19Z,APP_21637_3022645,21637,3022645,5,3076,197.413,0,0,-1,-1,0,0.999931461,NA,NA,70.000000000,MEASURED_CPU_FAULT,CPU;INTERVAL_FAULTS,NA,NA,NA,NA,NA,NA,NA,NA,NA,NA,NA,NA,NA,NA,NA,NA,NA,NA,NA,NA,NA,NA,NA,TARGET_GONE,identity no longer active
2026-10-02T16:04:19Z,APP_21637_3022645,21637,3022645,5,3077,201.499,0,0,-1,-1,0,0.999931461,NA,NA,70.000000000,MEASURED_CPU_FAULT,CPU;INTERVAL_FAULTS,NA,NA,NA,NA,NA,NA,NA,NA,NA,NA,NA,NA,NA,NA,NA,NA,NA,NA,NA,NA,NA,NA,NA,TARGET_GONE,identity no longer active
2026-10-02T16:04:13Z,APP_21637_3022645,21637,3022645,6,3078,0.000,0,0,-1,-1,0,0.999931461,1,true,0.000000000,MEASURED_CPU_FAULT,CPU;INTERVAL_FAULTS,HOT,669.474315258,0.560000000,0.700000000,NA,NA,NA,NA,0.560000000,0.000000000,0.700000000,0.000000000,-1.000000000,1.232000000,NA,MOVE_THREAD,INVALID,NOT_APPLICABLE,INVALID,MOVE_THREAD,-1,-1,false,TARGET_GONE,identity no longer active
2026-10-02T16:04:14Z,APP_21637_3022645,21637,3022645,6,3079,0.000,0,0,-1,-1,0,0.999931461,NA,NA,0.000000000,MEASURED_CPU_FAULT,CPU;INTERVAL_FAULTS,NA,NA,NA,NA,NA,NA,NA,NA,NA,NA,NA,NA,NA,NA,NA,NA,NA,NA,NA,NA,NA,NA,NA,TARGET_GONE,identity no longer active
2026-10-02T16:04:14Z,APP_21637_3022645,21637,3022645,6,3080,0.000,0,0,-1,-1,0,0.999931461,NA,NA,0.000000000,MEASURED_CPU_FAULT,CPU;INTERVAL_FAULTS,NA,NA,NA,NA,NA,NA,NA,NA,NA,NA,NA,NA,NA,NA,NA,NA,NA,NA,NA,NA,NA,NA,NA,TARGET_GONE,identity no longer active
2026-10-02T16:04:14Z,APP_21637_3022645,21637,3022645,6,3081,0.000,0,0,-1,-1,0,0.999931461,NA,NA,0.000000000,MEASURED_CPU_FAULT,CPU;INTERVAL_FAULTS,NA,NA,NA,NA,NA,NA,NA,NA,NA,NA,NA,NA,NA,NA,NA,NA,NA,NA,NA,NA,NA,NA,NA,TARGET_GONE,identity no longer active
2026-10-02T16:04:14Z,APP_21637_3022645,21637,3022645,6,3082,0.000,0,0,-1,-1,0,0.999931461,NA,NA,0.000000000,MEASURED_CPU_FAULT,CPU;INTERVAL_FAULTS,NA,NA,NA,NA,NA,NA,NA,NA,NA,NA,NA,NA,NA,NA,NA,NA,NA,NA,NA,NA,NA,NA,NA,TARGET_GONE,identity no longer active
2026-10-02T16:04:14Z,APP_21637_3022645,21637,3022645,6,3083,0.000,0,0,-1,-1,0,0.999931461,NA,NA,0.000000000,MEASURED_CPU_FAULT,CPU;INTERVAL_FAULTS,NA,NA,NA,NA,NA,NA,NA,NA,NA,NA,NA,NA,NA,NA,NA,NA,NA,NA,NA,NA,NA,NA,NA,TARGET_GONE,identity no longer active
2026-10-02T16:04:14Z,APP_21637_3022645,21637,3022645,6,3084,0.000,0,0,-1,-1,0,0.999931461,NA,NA,0.000000000,MEASURED_CPU_FAULT,CPU;INTERVAL_FAULTS,NA,NA,NA,NA,NA,NA,NA,NA,NA,NA,NA,NA,NA,NA,NA,NA,NA,NA,NA,NA,NA,NA,NA,TARGET_GONE,identity no longer active
2026-10-02T16:04:15Z,APP_21637_3022645,21637,3022645,6,3085,18.907,0,0,-1,-1,0,0.999931461,NA,NA,13.234900000,MEASURED_CPU_FAULT,CPU;INTERVAL_FAULTS,NA,NA,NA,NA,NA,NA,NA,NA,NA,NA,NA,NA,NA,NA,NA,NA,NA,NA,NA,NA,NA,NA,NA,TARGET_GONE,identity no longer active
2026-10-02T16:04:15Z,APP_21637_3022645,21637,3022645,6,3086,191.617,0,0,-1,-1,0,0.999931461,NA,NA,70.000000000,MEASURED_CPU_FAULT,CPU;INTERVAL_FAULTS,NA,NA,NA,NA,NA,NA,NA,NA,NA,NA,NA,NA,NA,NA,NA,NA,NA,NA,NA,NA,NA,NA,NA,TARGET_GONE,identity no longer active
2026-10-02T16:04:15Z,APP_21637_3022645,21637,3022645,6,3087,201.499,0,0,-1,-1,0,0.999931461,NA,NA,70.000000000,MEASURED_CPU_FAULT,CPU;INTERVAL_FAULTS,NA,NA,NA,NA,NA,NA,NA,NA,NA,NA,NA,NA,NA,NA,NA,NA,NA,NA,NA,NA,NA,NA,NA,TARGET_GONE,identity no longer active
2026-10-02T16:04:15Z,APP_21637_3022645,21637,3022645,6,3088,200.272,0,0,-1,-1,0,0.999931461,NA,NA,70.000000000,MEASURED_CPU_FAULT,CPU;INTERVAL_FAULTS,NA,NA,NA,NA,NA,NA,NA,NA,NA,NA,NA,NA,NA,NA,NA,NA,NA,NA,NA,NA,NA,NA,NA,TARGET_GONE,identity no longer active
2026-10-02T16:04:15Z,APP_21637_3022645,21637,3022645,6,3089,201.198,0,0,-1,-1,0,0.999931461,NA,NA,70.000000000,MEASURED_CPU_FAULT,CPU;INTERVAL_FAULTS,NA,NA,NA,NA,NA,NA,NA,NA,NA,NA,NA,NA,NA,NA,NA,NA,NA,NA,NA,NA,NA,NA,NA,TARGET_GONE,identity no longer active
2026-10-02T16:04:15Z,APP_21637_3022645,21637,3022645,6,3090,196.831,0,0,-1,-1,0,0.999931461,NA,NA,70.000000000,MEASURED_CPU_FAULT,CPU;INTERVAL_FAULTS,NA,NA,NA,NA,NA,NA,NA,NA,NA,NA,NA,NA,NA,NA,NA,NA,NA,NA,NA,NA,NA,NA,NA,TARGET_GONE,identity no longer active
2026-10-02T16:04:15Z,APP_21637_3022645,21637,3022645,6,3091,201.499,0,0,-1,-1,0,0.999931461,NA,NA,70.000000000,MEASURED_CPU_FAULT,CPU;INTERVAL_FAULTS,NA,NA,NA,NA,NA,NA,NA,NA,NA,NA,NA,NA,NA,NA,NA,NA,NA,NA,NA,NA,NA,NA,NA,TARGET_GONE,identity no longer active
2026-10-02T16:04:15Z,APP_21637_3022645,21637,3022645,6,3092,197.610,0,0,-1,-1,0,0.999931461,NA,NA,70.000000000,MEASURED_CPU_FAULT,CPU;INTERVAL_FAULTS,NA,NA,NA,NA,NA,NA,NA,NA,NA,NA,NA,NA,NA,NA,NA,NA,NA,NA,NA,NA,NA,NA,NA,TARGET_GONE,identity no longer active
2026-10-02T16:04:15Z,APP_21637_3022645,21637,3022645,6,3093,201.499,0,0,-1,-1,0,0.999931461,NA,NA,70.000000000,MEASURED_CPU_FAULT,CPU;INTERVAL_FAULTS,NA,NA,NA,NA,NA,NA,NA,NA,NA,NA,NA,NA,NA,NA,NA,NA,NA,NA,NA,NA,NA,NA,NA,TARGET_GONE,identity no longer active
2026-10-02T16:04:16Z,APP_21637_3022645,21637,3022645,6,3094,203.787,0,0,-1,-1,0,0.999931461,NA,NA,70.000000000,MEASURED_CPU_FAULT,CPU;INTERVAL_FAULTS,NA,NA,NA,NA,NA,NA,NA,NA,NA,NA,NA,NA,NA,NA,NA,NA,NA,NA,NA,NA,NA,NA,NA,TARGET_GONE,identity no longer active
2026-10-02T16:04:16Z,APP_21637_3022645,21637,3022645,6,3095,192.192,0,0,-1,-1,0,0.999931461,NA,NA,70.000000000,MEASURED_CPU_FAULT,CPU;INTERVAL_FAULTS,NA,NA,NA,NA,NA,NA,NA,NA,NA,NA,NA,NA,NA,NA,NA,NA,NA,NA,NA,NA,NA,NA,NA,TARGET_GONE,identity no longer active
2026-10-02T16:04:16Z,APP_21637_3022645,21637,3022645,6,3096,201.499,0,0,-1,-1,0,0.999931461,NA,NA,70.000000000,MEASURED_CPU_FAULT,CPU;INTERVAL_FAULTS,NA,NA,NA,NA,NA,NA,NA,NA,NA,NA,NA,NA,NA,NA,NA,NA,NA,NA,NA,NA,NA,NA,NA,TARGET_GONE,identity no longer active
2026-10-02T16:04:16Z,APP_21637_3022645,21637,3022645,6,3097,205.714,0,0,-1,-1,0,0.999931461,NA,NA,70.000000000,MEASURED_CPU_FAULT,CPU;INTERVAL_FAULTS,NA,NA,NA,NA,NA,NA,NA,NA,NA,NA,NA,NA,NA,NA,NA,NA,NA,NA,NA,NA,NA,NA,NA,TARGET_GONE,identity no longer active
2026-10-02T16:04:16Z,APP_21637_3022645,21637,3022645,6,3098,191.617,0,0,-1,-1,0,0.999931461,NA,NA,70.000000000,MEASURED_CPU_FAULT,CPU;INTERVAL_FAULTS,NA,NA,NA,NA,NA,NA,NA,NA,NA,NA,NA,NA,NA,NA,NA,NA,NA,NA,NA,NA,NA,NA,NA,TARGET_GONE,identity no longer active
2026-10-02T16:04:16Z,APP_21637_3022645,21637,3022645,6,3099,203.781,0,0,-1,-1,0,0.999931461,NA,NA,70.000000000,MEASURED_CPU_FAULT,CPU;INTERVAL_FAULTS,NA,NA,NA,NA,NA,NA,NA,NA,NA,NA,NA,NA,NA,NA,NA,NA,NA,NA,NA,NA,NA,NA,NA,TARGET_GONE,identity no longer active
2026-10-02T16:04:16Z,APP_21637_3022645,21637,3022645,6,3100,192.192,0,0,-1,-1,0,0.999931461,NA,NA,70.000000000,MEASURED_CPU_FAULT,CPU;INTERVAL_FAULTS,NA,NA,NA,NA,NA,NA,NA,NA,NA,NA,NA,NA,NA,NA,NA,NA,NA,NA,NA,NA,NA,NA,NA,TARGET_GONE,identity no longer active
2026-10-02T16:04:16Z,APP_21637_3022645,21637,3022645,6,3101,203.579,0,0,-1,-1,0,0.999931461,NA,NA,70.000000000,MEASURED_CPU_FAULT,CPU;INTERVAL_FAULTS,NA,NA,NA,NA,NA,NA,NA,NA,NA,NA,NA,NA,NA,NA,NA,NA,NA,NA,NA,NA,NA,NA,NA,TARGET_GONE,identity no longer active
2026-10-02T16:04:17Z,APP_21637_3022645,21637,3022645,6,3102,201.499,0,0,-1,-1,0,0.999931461,NA,NA,70.000000000,MEASURED_CPU_FAULT,CPU;INTERVAL_FAULTS,NA,NA,NA,NA,NA,NA,NA,NA,NA,NA,NA,NA,NA,NA,NA,NA,NA,NA,NA,NA,NA,NA,NA,TARGET_GONE,identity no longer active
2026-10-02T16:04:17Z,APP_21637_3022645,21637,3022645,6,3103,198.450,0,0,-1,-1,0,0.999931461,NA,NA,70.000000000,MEASURED_CPU_FAULT,CPU;INTERVAL_FAULTS,NA,NA,NA,NA,NA,NA,NA,NA,NA,NA,NA,NA,NA,NA,NA,NA,NA,NA,NA,NA,NA,NA,NA,TARGET_GONE,identity no longer active
2026-10-02T16:04:17Z,APP_21637_3022645,21637,3022645,6,3104,211.411,0,0,-1,-1,0,0.999931461,NA,NA,70.000000000,MEASURED_CPU_FAULT,CPU;INTERVAL_FAULTS,NA,NA,NA,NA,NA,NA,NA,NA,NA,NA,NA,NA,NA,NA,NA,NA,NA,NA,NA,NA,NA,NA,NA,TARGET_GONE,identity no longer active
2026-10-02T16:04:17Z,APP_21637_3022645,21637,3022645,6,3105,191.904,0,0,-1,-1,0,0.999931461,NA,NA,70.000000000,MEASURED_CPU_FAULT,CPU;INTERVAL_FAULTS,NA,NA,NA,NA,NA,NA,NA,NA,NA,NA,NA,NA,NA,NA,NA,NA,NA,NA,NA,NA,NA,NA,NA,TARGET_GONE,identity no longer active
2026-10-02T16:04:17Z,APP_21637_3022645,21637,3022645,6,3106,205.714,0,0,-1,-1,0,0.999931461,NA,NA,70.000000000,MEASURED_CPU_FAULT,CPU;INTERVAL_FAULTS,NA,NA,NA,NA,NA,NA,NA,NA,NA,NA,NA,NA,NA,NA,NA,NA,NA,NA,NA,NA,NA,NA,NA,TARGET_GONE,identity no longer active
2026-10-02T16:04:17Z,APP_21637_3022645,21637,3022645,6,3107,201.802,0,0,-1,-1,0,0.999931461,NA,NA,70.000000000,MEASURED_CPU_FAULT,CPU;INTERVAL_FAULTS,NA,NA,NA,NA,NA,NA,NA,NA,NA,NA,NA,NA,NA,NA,NA,NA,NA,NA,NA,NA,NA,NA,NA,TARGET_GONE,identity no longer active
2026-10-02T16:04:17Z,APP_21637_3022645,21637,3022645,6,3108,197.217,0,0,-1,-1,0,0.999931461,NA,NA,70.000000000,MEASURED_CPU_FAULT,CPU;INTERVAL_FAULTS,NA,NA,NA,NA,NA,NA,NA,NA,NA,NA,NA,NA,NA,NA,NA,NA,NA,NA,NA,NA,NA,NA,NA,TARGET_GONE,identity no longer active
2026-10-02T16:04:17Z,APP_21637_3022645,21637,3022645,6,3109,201.499,0,0,-1,-1,0,0.999931461,NA,NA,70.000000000,MEASURED_CPU_FAULT,CPU;INTERVAL_FAULTS,NA,NA,NA,NA,NA,NA,NA,NA,NA,NA,NA,NA,NA,NA,NA,NA,NA,NA,NA,NA,NA,NA,NA,TARGET_GONE,identity no longer active
2026-10-02T16:04:18Z,APP_21637_3022645,21637,3022645,6,3110,197.807,0,0,-1,-1,0,0.999931461,NA,NA,70.000000000,MEASURED_CPU_FAULT,CPU;INTERVAL_FAULTS,NA,NA,NA,NA,NA,NA,NA,NA,NA,NA,NA,NA,NA,NA,NA,NA,NA,NA,NA,NA,NA,NA,NA,TARGET_GONE,identity no longer active
2026-10-02T16:04:18Z,APP_21637_3022645,21637,3022645,6,3111,200.897,0,0,-1,-1,0,0.999931461,NA,NA,70.000000000,MEASURED_CPU_FAULT,CPU;INTERVAL_FAULTS,NA,NA,NA,NA,NA,NA,NA,NA,NA,NA,NA,NA,NA,NA,NA,NA,NA,NA,NA,NA,NA,NA,NA,TARGET_GONE,identity no longer active
2026-10-02T16:04:18Z,APP_21637_3022645,21637,3022645,6,3112,199.555,0,0,-1,-1,0,0.999931461,NA,NA,70.000000000,MEASURED_CPU_FAULT,CPU;INTERVAL_FAULTS,NA,NA,NA,NA,NA,NA,NA,NA,NA,NA,NA,NA,NA,NA,NA,NA,NA,NA,NA,NA,NA,NA,NA,TARGET_GONE,identity no longer active
2026-10-02T16:04:18Z,APP_21637_3022645,21637,3022645,6,3113,191.617,0,0,-1,-1,0,0.999931461,NA,NA,70.000000000,MEASURED_CPU_FAULT,CPU;INTERVAL_FAULTS,NA,NA,NA,NA,NA,NA,NA,NA,NA,NA,NA,NA,NA,NA,NA,NA,NA,NA,NA,NA,NA,NA,NA,TARGET_GONE,identity no longer active
2026-10-02T16:04:18Z,APP_21637_3022645,21637,3022645,6,3114,201.499,0,0,-1,-1,0,0.999931461,NA,NA,70.000000000,MEASURED_CPU_FAULT,CPU;INTERVAL_FAULTS,NA,NA,NA,NA,NA,NA,NA,NA,NA,NA,NA,NA,NA,NA,NA,NA,NA,NA,NA,NA,NA,NA,NA,TARGET_GONE,identity no longer active
2026-10-02T16:04:18Z,APP_21637_3022645,21637,3022645,6,3115,198.393,0,0,-1,-1,0,0.999931461,NA,NA,70.000000000,MEASURED_CPU_FAULT,CPU;INTERVAL_FAULTS,NA,NA,NA,NA,NA,NA,NA,NA,NA,NA,NA,NA,NA,NA,NA,NA,NA,NA,NA,NA,NA,NA,NA,TARGET_GONE,identity no longer active
2026-10-02T16:04:18Z,APP_21637_3022645,21637,3022645,6,3116,201.802,0,0,-1,-1,0,0.999931461,NA,NA,70.000000000,MEASURED_CPU_FAULT,CPU;INTERVAL_FAULTS,NA,NA,NA,NA,NA,NA,NA,NA,NA,NA,NA,NA,NA,NA,NA,NA,NA,NA,NA,NA,NA,NA,NA,TARGET_GONE,identity no longer active
2026-10-02T16:04:18Z,APP_21637_3022645,21637,3022645,6,3117,203.175,0,0,-1,-1,0,0.999931461,NA,NA,70.000000000,MEASURED_CPU_FAULT,CPU;INTERVAL_FAULTS,NA,NA,NA,NA,NA,NA,NA,NA,NA,NA,NA,NA,NA,NA,NA,NA,NA,NA,NA,NA,NA,NA,NA,TARGET_GONE,identity no longer active
2026-10-02T16:04:19Z,APP_21637_3022645,21637,3022645,6,3118,201.802,0,0,-1,-1,0,0.999931461,NA,NA,70.000000000,MEASURED_CPU_FAULT,CPU;INTERVAL_FAULTS,NA,NA,NA,NA,NA,NA,NA,NA,NA,NA,NA,NA,NA,NA,NA,NA,NA,NA,NA,NA,NA,NA,NA,TARGET_GONE,identity no longer active
2026-10-02T16:04:19Z,APP_21637_3022645,21637,3022645,6,3119,197.413,0,0,-1,-1,0,0.999931461,NA,NA,70.000000000,MEASURED_CPU_FAULT,CPU;INTERVAL_FAULTS,NA,NA,NA,NA,NA,NA,NA,NA,NA,NA,NA,NA,NA,NA,NA,NA,NA,NA,NA,NA,NA,NA,NA,TARGET_GONE,identity no longer active
2026-10-02T16:04:19Z,APP_21637_3022645,21637,3022645,6,3120,201.499,0,0,-1,-1,0,0.999931461,NA,NA,70.000000000,MEASURED_CPU_FAULT,CPU;INTERVAL_FAULTS,NA,NA,NA,NA,NA,NA,NA,NA,NA,NA,NA,NA,NA,NA,NA,NA,NA,NA,NA,NA,NA,NA,NA,TARGET_GONE,identity no longer active
2026-10-02T16:04:19Z,APP_21637_3022645,21637,3022645,6,3121,203.262,0,0,-1,-1,0,0.999931461,NA,NA,70.000000000,MEASURED_CPU_FAULT,CPU;INTERVAL_FAULTS,NA,NA,NA,NA,NA,NA,NA,NA,NA,NA,NA,NA,NA,NA,NA,NA,NA,NA,NA,NA,NA,NA,NA,TARGET_GONE,identity no longer active
2026-10-02T16:04:19Z,APP_21637_3022645,21637,3022645,6,3122,201.499,0,0,-1,-1,0,0.999931461,NA,NA,70.000000000,MEASURED_CPU_FAULT,CPU;INTERVAL_FAULTS,NA,NA,NA,NA,NA,NA,NA,NA,NA,NA,NA,NA,NA,NA,NA,NA,NA,NA,NA,NA,NA,NA,NA,TARGET_GONE,identity no longer active
2026-10-02T16:04:19Z,APP_21637_3022645,21637,3022645,6,3123,197.610,0,0,-1,-1,0,0.999931461,NA,NA,70.000000000,MEASURED_CPU_FAULT,CPU;INTERVAL_FAULTS,NA,NA,NA,NA,NA,NA,NA,NA,NA,NA,NA,NA,NA,NA,NA,NA,NA,NA,NA,NA,NA,NA,NA,TARGET_GONE,identity no longer active
2026-10-02T16:04:19Z,APP_21637_3022645,21637,3022645,6,3124,201.499,0,0,-1,-1,0,0.999931461,NA,NA,70.000000000,MEASURED_CPU_FAULT,CPU;INTERVAL_FAULTS,NA,NA,NA,NA,NA,NA,NA,NA,NA,NA,NA,NA,NA,NA,NA,NA,NA,NA,NA,NA,NA,NA,NA,TARGET_GONE,identity no longer active
2026-10-02T16:04:20Z,APP_21637_3022645,21637,3022645,6,3125,197.610,0,0,-1,-1,0,0.999931461,NA,NA,70.000000000,MEASURED_CPU_FAULT,CPU;INTERVAL_FAULTS,NA,NA,NA,NA,NA,NA,NA,NA,NA,NA,NA,NA,NA,NA,NA,NA,NA,NA,NA,NA,NA,NA,NA,TARGET_GONE,identity no longer active
2026-10-02T16:04:20Z,APP_21637_3022645,21637,3022645,6,3126,201.499,0,0,-1,-1,0,0.999931461,NA,NA,70.000000000,MEASURED_CPU_FAULT,CPU;INTERVAL_FAULTS,NA,NA,NA,NA,NA,NA,NA,NA,NA,NA,NA,NA,NA,NA,NA,NA,NA,NA,NA,NA,NA,NA,NA,TARGET_GONE,identity no longer active
2026-10-02T16:04:20Z,APP_21637_3022645,21637,3022645,6,3127,202.973,0,0,-1,-1,0,0.999931461,NA,NA,70.000000000,MEASURED_CPU_FAULT,CPU;INTERVAL_FAULTS,NA,NA,NA,NA,NA,NA,NA,NA,NA,NA,NA,NA,NA,NA,NA,NA,NA,NA,NA,NA,NA,NA,NA,TARGET_GONE,identity no longer active
2026-10-02T16:04:20Z,APP_21637_3022645,21637,3022645,6,3128,191.904,0,0,-1,-1,0,0.999931461,NA,NA,70.000000000,MEASURED_CPU_FAULT,CPU;INTERVAL_FAULTS,NA,NA,NA,NA,NA,NA,NA,NA,NA,NA,NA,NA,NA,NA,NA,NA,NA,NA,NA,NA,NA,NA,NA,TARGET_GONE,identity no longer active
2026-10-02T16:04:13Z,APP_21637_3022645,21637,3022645,7,3129,0.000,0,0,-1,-1,0,0.999931461,1,true,0.000000000,MEASURED_CPU_FAULT,CPU;INTERVAL_FAULTS,HOT,669.474315258,0.560000000,0.700000000,NA,NA,NA,NA,0.560000000,0.000000000,0.700000000,0.000000000,-1.000000000,1.232000000,NA,MOVE_THREAD,INVALID,NOT_APPLICABLE,INVALID,MOVE_THREAD,-1,-1,false,TARGET_GONE,identity no longer active
2026-10-02T16:04:14Z,APP_21637_3022645,21637,3022645,7,3130,0.000,0,0,-1,-1,0,0.999931461,NA,NA,0.000000000,MEASURED_CPU_FAULT,CPU;INTERVAL_FAULTS,NA,NA,NA,NA,NA,NA,NA,NA,NA,NA,NA,NA,NA,NA,NA,NA,NA,NA,NA,NA,NA,NA,NA,TARGET_GONE,identity no longer active
2026-10-02T16:04:14Z,APP_21637_3022645,21637,3022645,7,3131,0.000,0,0,-1,-1,0,0.999931461,NA,NA,0.000000000,MEASURED_CPU_FAULT,CPU;INTERVAL_FAULTS,NA,NA,NA,NA,NA,NA,NA,NA,NA,NA,NA,NA,NA,NA,NA,NA,NA,NA,NA,NA,NA,NA,NA,TARGET_GONE,identity no longer active
2026-10-02T16:04:14Z,APP_21637_3022645,21637,3022645,7,3132,0.000,0,0,-1,-1,0,0.999931461,NA,NA,0.000000000,MEASURED_CPU_FAULT,CPU;INTERVAL_FAULTS,NA,NA,NA,NA,NA,NA,NA,NA,NA,NA,NA,NA,NA,NA,NA,NA,NA,NA,NA,NA,NA,NA,NA,TARGET_GONE,identity no longer active
2026-10-02T16:04:14Z,APP_21637_3022645,21637,3022645,7,3133,0.000,0,0,-1,-1,0,0.999931461,NA,NA,0.000000000,MEASURED_CPU_FAULT,CPU;INTERVAL_FAULTS,NA,NA,NA,NA,NA,NA,NA,NA,NA,NA,NA,NA,NA,NA,NA,NA,NA,NA,NA,NA,NA,NA,NA,TARGET_GONE,identity no longer active
2026-10-02T16:04:14Z,APP_21637_3022645,21637,3022645,7,3134,0.000,0,0,-1,-1,0,0.999931461,NA,NA,0.000000000,MEASURED_CPU_FAULT,CPU;INTERVAL_FAULTS,NA,NA,NA,NA,NA,NA,NA,NA,NA,NA,NA,NA,NA,NA,NA,NA,NA,NA,NA,NA,NA,NA,NA,TARGET_GONE,identity no longer active
2026-10-02T16:04:14Z,APP_21637_3022645,21637,3022645,7,3135,0.000,0,0,-1,-1,0,0.999931461,NA,NA,0.000000000,MEASURED_CPU_FAULT,CPU;INTERVAL_FAULTS,NA,NA,NA,NA,NA,NA,NA,NA,NA,NA,NA,NA,NA,NA,NA,NA,NA,NA,NA,NA,NA,NA,NA,TARGET_GONE,identity no longer active
2026-10-02T16:04:15Z,APP_21637_3022645,21637,3022645,7,3136,18.907,0,0,-1,-1,0,0.999931461,NA,NA,13.234900000,MEASURED_CPU_FAULT,CPU;INTERVAL_FAULTS,NA,NA,NA,NA,NA,NA,NA,NA,NA,NA,NA,NA,NA,NA,NA,NA,NA,NA,NA,NA,NA,NA,NA,TARGET_GONE,identity no longer active
2026-10-02T16:04:15Z,APP_21637_3022645,21637,3022645,7,3137,191.617,0,0,-1,-1,0,0.999931461,NA,NA,70.000000000,MEASURED_CPU_FAULT,CPU;INTERVAL_FAULTS,NA,NA,NA,NA,NA,NA,NA,NA,NA,NA,NA,NA,NA,NA,NA,NA,NA,NA,NA,NA,NA,NA,NA,TARGET_GONE,identity no longer active
2026-10-02T16:04:15Z,APP_21637_3022645,21637,3022645,7,3138,201.499,0,0,-1,-1,0,0.999931461,NA,NA,70.000000000,MEASURED_CPU_FAULT,CPU;INTERVAL_FAULTS,NA,NA,NA,NA,NA,NA,NA,NA,NA,NA,NA,NA,NA,NA,NA,NA,NA,NA,NA,NA,NA,NA,NA,TARGET_GONE,identity no longer active
2026-10-02T16:04:15Z,APP_21637_3022645,21637,3022645,7,3139,200.272,0,0,-1,-1,0,0.999931461,NA,NA,70.000000000,MEASURED_CPU_FAULT,CPU;INTERVAL_FAULTS,NA,NA,NA,NA,NA,NA,NA,NA,NA,NA,NA,NA,NA,NA,NA,NA,NA,NA,NA,NA,NA,NA,NA,TARGET_GONE,identity no longer active
2026-10-02T16:04:15Z,APP_21637_3022645,21637,3022645,7,3140,201.198,0,0,-1,-1,0,0.999931461,NA,NA,70.000000000,MEASURED_CPU_FAULT,CPU;INTERVAL_FAULTS,NA,NA,NA,NA,NA,NA,NA,NA,NA,NA,NA,NA,NA,NA,NA,NA,NA,NA,NA,NA,NA,NA,NA,TARGET_GONE,identity no longer active
2026-10-02T16:04:15Z,APP_21637_3022645,21637,3022645,7,3141,196.831,0,0,-1,-1,0,0.999931461,NA,NA,70.000000000,MEASURED_CPU_FAULT,CPU;INTERVAL_FAULTS,NA,NA,NA,NA,NA,NA,NA,NA,NA,NA,NA,NA,NA,NA,NA,NA,NA,NA,NA,NA,NA,NA,NA,TARGET_GONE,identity no longer active
2026-10-02T16:04:15Z,APP_21637_3022645,21637,3022645,7,3142,201.499,0,0,-1,-1,0,0.999931461,NA,NA,70.000000000,MEASURED_CPU_FAULT,CPU;INTERVAL_FAULTS,NA,NA,NA,NA,NA,NA,NA,NA,NA,NA,NA,NA,NA,NA,NA,NA,NA,NA,NA,NA,NA,NA,NA,TARGET_GONE,identity no longer active
2026-10-02T16:04:15Z,APP_21637_3022645,21637,3022645,7,3143,197.610,0,0,-1,-1,0,0.999931461,NA,NA,70.000000000,MEASURED_CPU_FAULT,CPU;INTERVAL_FAULTS,NA,NA,NA,NA,NA,NA,NA,NA,NA,NA,NA,NA,NA,NA,NA,NA,NA,NA,NA,NA,NA,NA,NA,TARGET_GONE,identity no longer active
2026-10-02T16:04:15Z,APP_21637_3022645,21637,3022645,7,3144,201.499,0,0,-1,-1,0,0.999931461,NA,NA,70.000000000,MEASURED_CPU_FAULT,CPU;INTERVAL_FAULTS,NA,NA,NA,NA,NA,NA,NA,NA,NA,NA,NA,NA,NA,NA,NA,NA,NA,NA,NA,NA,NA,NA,NA,TARGET_GONE,identity no longer active
2026-10-02T16:04:16Z,APP_21637_3022645,21637,3022645,7,3145,203.787,0,0,-1,-1,0,0.999931461,NA,NA,70.000000000,MEASURED_CPU_FAULT,CPU;INTERVAL_FAULTS,NA,NA,NA,NA,NA,NA,NA,NA,NA,NA,NA,NA,NA,NA,NA,NA,NA,NA,NA,NA,NA,NA,NA,TARGET_GONE,identity no longer active
2026-10-02T16:04:16Z,APP_21637_3022645,21637,3022645,7,3146,192.192,0,0,-1,-1,0,0.999931461,NA,NA,70.000000000,MEASURED_CPU_FAULT,CPU;INTERVAL_FAULTS,NA,NA,NA,NA,NA,NA,NA,NA,NA,NA,NA,NA,NA,NA,NA,NA,NA,NA,NA,NA,NA,NA,NA,TARGET_GONE,identity no longer active
2026-10-02T16:04:16Z,APP_21637_3022645,21637,3022645,7,3147,201.499,0,0,-1,-1,0,0.999931461,NA,NA,70.000000000,MEASURED_CPU_FAULT,CPU;INTERVAL_FAULTS,NA,NA,NA,NA,NA,NA,NA,NA,NA,NA,NA,NA,NA,NA,NA,NA,NA,NA,NA,NA,NA,NA,NA,TARGET_GONE,identity no longer active
2026-10-02T16:04:16Z,APP_21637_3022645,21637,3022645,7,3148,205.714,0,0,-1,-1,0,0.999931461,NA,NA,70.000000000,MEASURED_CPU_FAULT,CPU;INTERVAL_FAULTS,NA,NA,NA,NA,NA,NA,NA,NA,NA,NA,NA,NA,NA,NA,NA,NA,NA,NA,NA,NA,NA,NA,NA,TARGET_GONE,identity no longer active
2026-10-02T16:04:16Z,APP_21637_3022645,21637,3022645,7,3149,191.617,0,0,-1,-1,0,0.999931461,NA,NA,70.000000000,MEASURED_CPU_FAULT,CPU;INTERVAL_FAULTS,NA,NA,NA,NA,NA,NA,NA,NA,NA,NA,NA,NA,NA,NA,NA,NA,NA,NA,NA,NA,NA,NA,NA,TARGET_GONE,identity no longer active
2026-10-02T16:04:16Z,APP_21637_3022645,21637,3022645,7,3150,203.781,0,0,-1,-1,0,0.999931461,NA,NA,70.000000000,MEASURED_CPU_FAULT,CPU;INTERVAL_FAULTS,NA,NA,NA,NA,NA,NA,NA,NA,NA,NA,NA,NA,NA,NA,NA,NA,NA,NA,NA,NA,NA,NA,NA,TARGET_GONE,identity no longer active
2026-10-02T16:04:16Z,APP_21637_3022645,21637,3022645,7,3151,192.192,0,0,-1,-1,0,0.999931461,NA,NA,70.000000000,MEASURED_CPU_FAULT,CPU;INTERVAL_FAULTS,NA,NA,NA,NA,NA,NA,NA,NA,NA,NA,NA,NA,NA,NA,NA,NA,NA,NA,NA,NA,NA,NA,NA,TARGET_GONE,identity no longer active
2026-10-02T16:04:16Z,APP_21637_3022645,21637,3022645,7,3152,203.579,0,0,-1,-1,0,0.999931461,NA,NA,70.000000000,MEASURED_CPU_FAULT,CPU;INTERVAL_FAULTS,NA,NA,NA,NA,NA,NA,NA,NA,NA,NA,NA,NA,NA,NA,NA,NA,NA,NA,NA,NA,NA,NA,NA,TARGET_GONE,identity no longer active
2026-10-02T16:04:17Z,APP_21637_3022645,21637,3022645,7,3153,201.499,0,0,-1,-1,0,0.999931461,NA,NA,70.000000000,MEASURED_CPU_FAULT,CPU;INTERVAL_FAULTS,NA,NA,NA,NA,NA,NA,NA,NA,NA,NA,NA,NA,NA,NA,NA,NA,NA,NA,NA,NA,NA,NA,NA,TARGET_GONE,identity no longer active
2026-10-02T16:04:17Z,APP_21637_3022645,21637,3022645,7,3154,198.450,0,0,-1,-1,0,0.999931461,NA,NA,70.000000000,MEASURED_CPU_FAULT,CPU;INTERVAL_FAULTS,NA,NA,NA,NA,NA,NA,NA,NA,NA,NA,NA,NA,NA,NA,NA,NA,NA,NA,NA,NA,NA,NA,NA,TARGET_GONE,identity no longer active
2026-10-02T16:04:17Z,APP_21637_3022645,21637,3022645,7,3155,211.411,0,0,-1,-1,0,0.999931461,NA,NA,70.000000000,MEASURED_CPU_FAULT,CPU;INTERVAL_FAULTS,NA,NA,NA,NA,NA,NA,NA,NA,NA,NA,NA,NA,NA,NA,NA,NA,NA,NA,NA,NA,NA,NA,NA,TARGET_GONE,identity no longer active
2026-10-02T16:04:17Z,APP_21637_3022645,21637,3022645,7,3156,191.904,0,0,-1,-1,0,0.999931461,NA,NA,70.000000000,MEASURED_CPU_FAULT,CPU;INTERVAL_FAULTS,NA,NA,NA,NA,NA,NA,NA,NA,NA,NA,NA,NA,NA,NA,NA,NA,NA,NA,NA,NA,NA,NA,NA,TARGET_GONE,identity no longer active
2026-10-02T16:04:17Z,APP_21637_3022645,21637,3022645,7,3157,205.714,0,0,-1,-1,0,0.999931461,NA,NA,70.000000000,MEASURED_CPU_FAULT,CPU;INTERVAL_FAULTS,NA,NA,NA,NA,NA,NA,NA,NA,NA,NA,NA,NA,NA,NA,NA,NA,NA,NA,NA,NA,NA,NA,NA,TARGET_GONE,identity no longer active
2026-10-02T16:04:17Z,APP_21637_3022645,21637,3022645,7,3158,201.802,0,0,-1,-1,0,0.999931461,NA,NA,70.000000000,MEASURED_CPU_FAULT,CPU;INTERVAL_FAULTS,NA,NA,NA,NA,NA,NA,NA,NA,NA,NA,NA,NA,NA,NA,NA,NA,NA,NA,NA,NA,NA,NA,NA,TARGET_GONE,identity no longer active
2026-10-02T16:04:17Z,APP_21637_3022645,21637,3022645,7,3159,197.217,0,0,-1,-1,0,0.999931461,NA,NA,70.000000000,MEASURED_CPU_FAULT,CPU;INTERVAL_FAULTS,NA,NA,NA,NA,NA,NA,NA,NA,NA,NA,NA,NA,NA,NA,NA,NA,NA,NA,NA,NA,NA,NA,NA,TARGET_GONE,identity no longer active
2026-10-02T16:04:17Z,APP_21637_3022645,21637,3022645,7,3160,201.499,0,0,-1,-1,0,0.999931461,NA,NA,70.000000000,MEASURED_CPU_FAULT,CPU;INTERVAL_FAULTS,NA,NA,NA,NA,NA,NA,NA,NA,NA,NA,NA,NA,NA,NA,NA,NA,NA,NA,NA,NA,NA,NA,NA,TARGET_GONE,identity no longer active
2026-10-02T16:04:18Z,APP_21637_3022645,21637,3022645,7,3161,197.807,0,0,-1,-1,0,0.999931461,NA,NA,70.000000000,MEASURED_CPU_FAULT,CPU;INTERVAL_FAULTS,NA,NA,NA,NA,NA,NA,NA,NA,NA,NA,NA,NA,NA,NA,NA,NA,NA,NA,NA,NA,NA,NA,NA,TARGET_GONE,identity no longer active
2026-10-02T16:04:18Z,APP_21637_3022645,21637,3022645,7,3162,200.897,0,0,-1,-1,0,0.999931461,NA,NA,70.000000000,MEASURED_CPU_FAULT,CPU;INTERVAL_FAULTS,NA,NA,NA,NA,NA,NA,NA,NA,NA,NA,NA,NA,NA,NA,NA,NA,NA,NA,NA,NA,NA,NA,NA,TARGET_GONE,identity no longer active
2026-10-02T16:04:18Z,APP_21637_3022645,21637,3022645,7,3163,199.555,0,0,-1,-1,0,0.999931461,NA,NA,70.000000000,MEASURED_CPU_FAULT,CPU;INTERVAL_FAULTS,NA,NA,NA,NA,NA,NA,NA,NA,NA,NA,NA,NA,NA,NA,NA,NA,NA,NA,NA,NA,NA,NA,NA,TARGET_GONE,identity no longer active
2026-10-02T16:04:18Z,APP_21637_3022645,21637,3022645,7,3164,191.617,0,0,-1,-1,0,0.999931461,NA,NA,70.000000000,MEASURED_CPU_FAULT,CPU;INTERVAL_FAULTS,NA,NA,NA,NA,NA,NA,NA,NA,NA,NA,NA,NA,NA,NA,NA,NA,NA,NA,NA,NA,NA,NA,NA,TARGET_GONE,identity no longer active
2026-10-02T16:04:18Z,APP_21637_3022645,21637,3022645,7,3165,201.499,0,0,-1,-1,0,0.999931461,NA,NA,70.000000000,MEASURED_CPU_FAULT,CPU;INTERVAL_FAULTS,NA,NA,NA,NA,NA,NA,NA,NA,NA,NA,NA,NA,NA,NA,NA,NA,NA,NA,NA,NA,NA,NA,NA,TARGET_GONE,identity no longer active
2026-10-02T16:04:18Z,APP_21637_3022645,21637,3022645,7,3166,198.393,0,0,-1,-1,0,0.999931461,NA,NA,70.000000000,MEASURED_CPU_FAULT,CPU;INTERVAL_FAULTS,NA,NA,NA,NA,NA,NA,NA,NA,NA,NA,NA,NA,NA,NA,NA,NA,NA,NA,NA,NA,NA,NA,NA,TARGET_GONE,identity no longer active
2026-10-02T16:04:18Z,APP_21637_3022645,21637,3022645,7,3167,201.802,0,0,-1,-1,0,0.999931461,NA,NA,70.000000000,MEASURED_CPU_FAULT,CPU;INTERVAL_FAULTS,NA,NA,NA,NA,NA,NA,NA,NA,NA,NA,NA,NA,NA,NA,NA,NA,NA,NA,NA,NA,NA,NA,NA,TARGET_GONE,identity no longer active
2026-10-02T16:04:18Z,APP_21637_3022645,21637,3022645,7,3168,203.175,0,0,-1,-1,0,0.999931461,NA,NA,70.000000000,MEASURED_CPU_FAULT,CPU;INTERVAL_FAULTS,NA,NA,NA,NA,NA,NA,NA,NA,NA,NA,NA,NA,NA,NA,NA,NA,NA,NA,NA,NA,NA,NA,NA,TARGET_GONE,identity no longer active
2026-10-02T16:04:19Z,APP_21637_3022645,21637,3022645,7,3169,201.802,0,0,-1,-1,0,0.999931461,NA,NA,70.000000000,MEASURED_CPU_FAULT,CPU;INTERVAL_FAULTS,NA,NA,NA,NA,NA,NA,NA,NA,NA,NA,NA,NA,NA,NA,NA,NA,NA,NA,NA,NA,NA,NA,NA,TARGET_GONE,identity no longer active
2026-10-02T16:04:19Z,APP_21637_3022645,21637,3022645,7,3170,197.413,0,0,-1,-1,0,0.999931461,NA,NA,70.000000000,MEASURED_CPU_FAULT,CPU;INTERVAL_FAULTS,NA,NA,NA,NA,NA,NA,NA,NA,NA,NA,NA,NA,NA,NA,NA,NA,NA,NA,NA,NA,NA,NA,NA,TARGET_GONE,identity no longer active
2026-10-02T16:04:19Z,APP_21637_3022645,21637,3022645,7,3171,201.499,0,0,-1,-1,0,0.999931461,NA,NA,70.000000000,MEASURED_CPU_FAULT,CPU;INTERVAL_FAULTS,NA,NA,NA,NA,NA,NA,NA,NA,NA,NA,NA,NA,NA,NA,NA,NA,NA,NA,NA,NA,NA,NA,NA,TARGET_GONE,identity no longer active
2026-10-02T16:04:19Z,APP_21637_3022645,21637,3022645,7,3172,203.262,0,0,-1,-1,0,0.999931461,NA,NA,70.000000000,MEASURED_CPU_FAULT,CPU;INTERVAL_FAULTS,NA,NA,NA,NA,NA,NA,NA,NA,NA,NA,NA,NA,NA,NA,NA,NA,NA,NA,NA,NA,NA,NA,NA,TARGET_GONE,identity no longer active
2026-10-02T16:04:19Z,APP_21637_3022645,21637,3022645,7,3173,201.499,0,0,-1,-1,0,0.999931461,NA,NA,70.000000000,MEASURED_CPU_FAULT,CPU;INTERVAL_FAULTS,NA,NA,NA,NA,NA,NA,NA,NA,NA,NA,NA,NA,NA,NA,NA,NA,NA,NA,NA,NA,NA,NA,NA,TARGET_GONE,identity no longer active
2026-10-02T16:04:19Z,APP_21637_3022645,21637,3022645,7,3174,197.610,0,0,-1,-1,0,0.999931461,NA,NA,70.000000000,MEASURED_CPU_FAULT,CPU;INTERVAL_FAULTS,NA,NA,NA,NA,NA,NA,NA,NA,NA,NA,NA,NA,NA,NA,NA,NA,NA,NA,NA,NA,NA,NA,NA,TARGET_GONE,identity no longer active
2026-10-02T16:04:19Z,APP_21637_3022645,21637,3022645,7,3175,201.499,0,0,-1,-1,0,0.999931461,NA,NA,70.000000000,MEASURED_CPU_FAULT,CPU;INTERVAL_FAULTS,NA,NA,NA,NA,NA,NA,NA,NA,NA,NA,NA,NA,NA,NA,NA,NA,NA,NA,NA,NA,NA,NA,NA,TARGET_GONE,identity no longer active
2026-10-02T16:04:20Z,APP_21637_3022645,21637,3022645,7,3176,197.610,0,0,-1,-1,0,0.999931461,NA,NA,70.000000000,MEASURED_CPU_FAULT,CPU;INTERVAL_FAULTS,NA,NA,NA,NA,NA,NA,NA,NA,NA,NA,NA,NA,NA,NA,NA,NA,NA,NA,NA,NA,NA,NA,NA,TARGET_GONE,identity no longer active
2026-10-02T16:04:20Z,APP_21637_3022645,21637,3022645,7,3177,201.499,0,0,-1,-1,0,0.999931461,NA,NA,70.000000000,MEASURED_CPU_FAULT,CPU;INTERVAL_FAULTS,NA,NA,NA,NA,NA,NA,NA,NA,NA,NA,NA,NA,NA,NA,NA,NA,NA,NA,NA,NA,NA,NA,NA,TARGET_GONE,identity no longer active
2026-10-02T16:04:20Z,APP_21637_3022645,21637,3022645,7,3178,202.973,0,0,-1,-1,0,0.999931461,NA,NA,70.000000000,MEASURED_CPU_FAULT,CPU;INTERVAL_FAULTS,NA,NA,NA,NA,NA,NA,NA,NA,NA,NA,NA,NA,NA,NA,NA,NA,NA,NA,NA,NA,NA,NA,NA,TARGET_GONE,identity no longer active
2026-10-02T16:04:20Z,APP_21637_3022645,21637,3022645,7,3179,191.904,0,0,-1,-1,0,0.999931461,NA,NA,70.000000000,MEASURED_CPU_FAULT,CPU;INTERVAL_FAULTS,NA,NA,NA,NA,NA,NA,NA,NA,NA,NA,NA,NA,NA,NA,NA,NA,NA,NA,NA,NA,NA,NA,NA,TARGET_GONE,identity no longer active
2026-10-02T16:04:20Z,APP_21637_3022645,21637,3022645,7,3180,201.942,0,0,-1,-1,0,0.999931461,NA,NA,70.000000000,MEASURED_CPU_FAULT,CPU;INTERVAL_FAULTS,NA,NA,NA,NA,NA,NA,NA,NA,NA,NA,NA,NA,NA,NA,NA,NA,NA,NA,NA,NA,NA,NA,NA,TARGET_GONE,identity no longer active
2026-10-02T16:04:20Z,APP_21637_3022645,21637,3022645,7,3181,191.617,0,0,-1,-1,0,0.999931461,NA,NA,70.000000000,MEASURED_CPU_FAULT,CPU;INTERVAL_FAULTS,NA,NA,NA,NA,NA,NA,NA,NA,NA,NA,NA,NA,NA,NA,NA,NA,NA,NA,NA,NA,NA,NA,NA,TARGET_GONE,identity no longer active
2026-10-02T16:04:20Z,APP_21637_3022645,21637,3022645,7,3182,201.802,0,0,-1,-1,0,0.999931461,NA,NA,70.000000000,MEASURED_CPU_FAULT,CPU;INTERVAL_FAULTS,NA,NA,NA,NA,NA,NA,NA,NA,NA,NA,NA,NA,NA,NA,NA,NA,NA,NA,NA,NA,NA,NA,NA,TARGET_GONE,identity no longer active
2026-10-02T16:04:20Z,APP_21637_3022645,21637,3022645,7,3183,198.331,0,0,-1,-1,0,0.999931461,NA,NA,70.000000000,MEASURED_CPU_FAULT,CPU;INTERVAL_FAULTS,NA,NA,NA,NA,NA,NA,NA,NA,NA,NA,NA,NA,NA,NA,NA,NA,NA,NA,NA,NA,NA,NA,NA,TARGET_GONE,identity no longer active
2026-10-02T16:04:20Z,APP_21637_3022645,21637,3022645,7,3184,201.499,0,0,-1,-1,0,0.999931461,NA,NA,70.000000000,MEASURED_CPU_FAULT,CPU;INTERVAL_FAULTS,NA,NA,NA,NA,NA,NA,NA,NA,NA,NA,NA,NA,NA,NA,NA,NA,NA,NA,NA,NA,NA,NA,NA,TARGET_GONE,identity no longer active
2026-10-02T16:04:21Z,APP_21637_3022645,21637,3022645,7,3185,197.413,0,0,-1,-1,0,0.999931461,NA,NA,70.000000000,MEASURED_CPU_FAULT,CPU;INTERVAL_FAULTS,NA,NA,NA,NA,NA,NA,NA,NA,NA,NA,NA,NA,NA,NA,NA,NA,NA,NA,NA,NA,NA,NA,NA,TARGET_GONE,identity no longer active
2026-10-02T16:04:21Z,APP_21637_3022645,21637,3022645,7,3186,201.499,0,0,-1,-1,0,0.999931461,NA,NA,70.000000000,MEASURED_CPU_FAULT,CPU;INTERVAL_FAULTS,NA,NA,NA,NA,NA,NA,NA,NA,NA,NA,NA,NA,NA,NA,NA,NA,NA,NA,NA,NA,NA,NA,NA,TARGET_GONE,identity no longer active
2026-10-02T16:04:21Z,APP_21637_3022645,21637,3022645,7,3187,203.579,0,0,-1,-1,0,0.999931461,NA,NA,70.000000000,MEASURED_CPU_FAULT,CPU;INTERVAL_FAULTS,NA,NA,NA,NA,NA,NA,NA,NA,NA,NA,NA,NA,NA,NA,NA,NA,NA,NA,NA,NA,NA,NA,NA,TARGET_GONE,identity no longer active
2026-10-02T16:04:21Z,APP_21637_3022645,21637,3022645,7,3188,201.499,0,0,-1,-1,0,0.999931461,NA,NA,70.000000000,MEASURED_CPU_FAULT,CPU;INTERVAL_FAULTS,NA,NA,NA,NA,NA,NA,NA,NA,NA,NA,NA,NA,NA,NA,NA,NA,NA,NA,NA,NA,NA,NA,NA,TARGET_GONE,identity no longer active
2026-10-02T16:04:13Z,APP_21637_3022645,21637,3022645,8,3189,0.000,0,0,-1,-1,0,0.999931461,1,true,0.000000000,MEASURED_CPU_FAULT,CPU;INTERVAL_FAULTS,HOT,669.474315258,0.560000000,0.700000000,NA,NA,NA,NA,0.560000000,0.000000000,0.700000000,0.000000000,-1.000000000,1.232000000,NA,MOVE_THREAD,INVALID,NOT_APPLICABLE,INVALID,MOVE_THREAD,-1,-1,false,TARGET_GONE,identity no longer active
2026-10-02T16:04:14Z,APP_21637_3022645,21637,3022645,8,3190,0.000,0,0,-1,-1,0,0.999931461,NA,NA,0.000000000,MEASURED_CPU_FAULT,CPU;INTERVAL_FAULTS,NA,NA,NA,NA,NA,NA,NA,NA,NA,NA,NA,NA,NA,NA,NA,NA,NA,NA,NA,NA,NA,NA,NA,TARGET_GONE,identity no longer active
2026-10-02T16:04:14Z,APP_21637_3022645,21637,3022645,8,3191,0.000,0,0,-1,-1,0,0.999931461,NA,NA,0.000000000,MEASURED_CPU_FAULT,CPU;INTERVAL_FAULTS,NA,NA,NA,NA,NA,NA,NA,NA,NA,NA,NA,NA,NA,NA,NA,NA,NA,NA,NA,NA,NA,NA,NA,TARGET_GONE,identity no longer active
2026-10-02T16:04:14Z,APP_21637_3022645,21637,3022645,8,3192,0.000,0,0,-1,-1,0,0.999931461,NA,NA,0.000000000,MEASURED_CPU_FAULT,CPU;INTERVAL_FAULTS,NA,NA,NA,NA,NA,NA,NA,NA,NA,NA,NA,NA,NA,NA,NA,NA,NA,NA,NA,NA,NA,NA,NA,TARGET_GONE,identity no longer active
2026-10-02T16:04:14Z,APP_21637_3022645,21637,3022645,8,3193,0.000,0,0,-1,-1,0,0.999931461,NA,NA,0.000000000,MEASURED_CPU_FAULT,CPU;INTERVAL_FAULTS,NA,NA,NA,NA,NA,NA,NA,NA,NA,NA,NA,NA,NA,NA,NA,NA,NA,NA,NA,NA,NA,NA,NA,TARGET_GONE,identity no longer active
2026-10-02T16:04:14Z,APP_21637_3022645,21637,3022645,8,3194,0.000,0,0,-1,-1,0,0.999931461,NA,NA,0.000000000,MEASURED_CPU_FAULT,CPU;INTERVAL_FAULTS,NA,NA,NA,NA,NA,NA,NA,NA,NA,NA,NA,NA,NA,NA,NA,NA,NA,NA,NA,NA,NA,NA,NA,TARGET_GONE,identity no longer active
2026-10-02T16:04:14Z,APP_21637_3022645,21637,3022645,8,3195,0.000,0,0,-1,-1,0,0.999931461,NA,NA,0.000000000,MEASURED_CPU_FAULT,CPU;INTERVAL_FAULTS,NA,NA,NA,NA,NA,NA,NA,NA,NA,NA,NA,NA,NA,NA,NA,NA,NA,NA,NA,NA,NA,NA,NA,TARGET_GONE,identity no longer active
2026-10-02T16:04:15Z,APP_21637_3022645,21637,3022645,8,3196,18.907,0,0,-1,-1,0,0.999931461,NA,NA,13.234900000,MEASURED_CPU_FAULT,CPU;INTERVAL_FAULTS,NA,NA,NA,NA,NA,NA,NA,NA,NA,NA,NA,NA,NA,NA,NA,NA,NA,NA,NA,NA,NA,NA,NA,TARGET_GONE,identity no longer active
2026-10-02T16:04:15Z,APP_21637_3022645,21637,3022645,8,3197,191.617,0,0,-1,-1,0,0.999931461,NA,NA,70.000000000,MEASURED_CPU_FAULT,CPU;INTERVAL_FAULTS,NA,NA,NA,NA,NA,NA,NA,NA,NA,NA,NA,NA,NA,NA,NA,NA,NA,NA,NA,NA,NA,NA,NA,TARGET_GONE,identity no longer active
2026-10-02T16:04:15Z,APP_21637_3022645,21637,3022645,8,3198,201.499,0,0,-1,-1,0,0.999931461,NA,NA,70.000000000,MEASURED_CPU_FAULT,CPU;INTERVAL_FAULTS,NA,NA,NA,NA,NA,NA,NA,NA,NA,NA,NA,NA,NA,NA,NA,NA,NA,NA,NA,NA,NA,NA,NA,TARGET_GONE,identity no longer active
2026-10-02T16:04:15Z,APP_21637_3022645,21637,3022645,8,3199,200.272,0,0,-1,-1,0,0.999931461,NA,NA,70.000000000,MEASURED_CPU_FAULT,CPU;INTERVAL_FAULTS,NA,NA,NA,NA,NA,NA,NA,NA,NA,NA,NA,NA,NA,NA,NA,NA,NA,NA,NA,NA,NA,NA,NA,TARGET_GONE,identity no longer active
2026-10-02T16:04:15Z,APP_21637_3022645,21637,3022645,8,3200,201.198,0,0,-1,-1,0,0.999931461,NA,NA,70.000000000,MEASURED_CPU_FAULT,CPU;INTERVAL_FAULTS,NA,NA,NA,NA,NA,NA,NA,NA,NA,NA,NA,NA,NA,NA,NA,NA,NA,NA,NA,NA,NA,NA,NA,TARGET_GONE,identity no longer active
2026-10-02T16:04:15Z,APP_21637_3022645,21637,3022645,8,3201,196.831,0,0,-1,-1,0,0.999931461,NA,NA,70.000000000,MEASURED_CPU_FAULT,CPU;INTERVAL_FAULTS,NA,NA,NA,NA,NA,NA,NA,NA,NA,NA,NA,NA,NA,NA,NA,NA,NA,NA,NA,NA,NA,NA,NA,TARGET_GONE,identity no longer active
2026-10-02T16:04:15Z,APP_21637_3022645,21637,3022645,8,3202,201.499,0,0,-1,-1,0,0.999931461,NA,NA,70.000000000,MEASURED_CPU_FAULT,CPU;INTERVAL_FAULTS,NA,NA,NA,NA,NA,NA,NA,NA,NA,NA,NA,NA,NA,NA,NA,NA,NA,NA,NA,NA,NA,NA,NA,TARGET_GONE,identity no longer active
2026-10-02T16:04:15Z,APP_21637_3022645,21637,3022645,8,3203,197.610,0,0,-1,-1,0,0.999931461,NA,NA,70.000000000,MEASURED_CPU_FAULT,CPU;INTERVAL_FAULTS,NA,NA,NA,NA,NA,NA,NA,NA,NA,NA,NA,NA,NA,NA,NA,NA,NA,NA,NA,NA,NA,NA,NA,TARGET_GONE,identity no longer active
2026-10-02T16:04:15Z,APP_21637_3022645,21637,3022645,8,3204,201.499,0,0,-1,-1,0,0.999931461,NA,NA,70.000000000,MEASURED_CPU_FAULT,CPU;INTERVAL_FAULTS,NA,NA,NA,NA,NA,NA,NA,NA,NA,NA,NA,NA,NA,NA,NA,NA,NA,NA,NA,NA,NA,NA,NA,TARGET_GONE,identity no longer active
2026-10-02T16:04:16Z,APP_21637_3022645,21637,3022645,8,3205,203.787,0,0,-1,-1,0,0.999931461,NA,NA,70.000000000,MEASURED_CPU_FAULT,CPU;INTERVAL_FAULTS,NA,NA,NA,NA,NA,NA,NA,NA,NA,NA,NA,NA,NA,NA,NA,NA,NA,NA,NA,NA,NA,NA,NA,TARGET_GONE,identity no longer active
2026-10-02T16:04:16Z,APP_21637_3022645,21637,3022645,8,3206,192.192,0,0,-1,-1,0,0.999931461,NA,NA,70.000000000,MEASURED_CPU_FAULT,CPU;INTERVAL_FAULTS,NA,NA,NA,NA,NA,NA,NA,NA,NA,NA,NA,NA,NA,NA,NA,NA,NA,NA,NA,NA,NA,NA,NA,TARGET_GONE,identity no longer active
2026-10-02T16:04:16Z,APP_21637_3022645,21637,3022645,8,3207,201.499,0,0,-1,-1,0,0.999931461,NA,NA,70.000000000,MEASURED_CPU_FAULT,CPU;INTERVAL_FAULTS,NA,NA,NA,NA,NA,NA,NA,NA,NA,NA,NA,NA,NA,NA,NA,NA,NA,NA,NA,NA,NA,NA,NA,TARGET_GONE,identity no longer active
2026-10-02T16:04:16Z,APP_21637_3022645,21637,3022645,8,3208,205.714,0,0,-1,-1,0,0.999931461,NA,NA,70.000000000,MEASURED_CPU_FAULT,CPU;INTERVAL_FAULTS,NA,NA,NA,NA,NA,NA,NA,NA,NA,NA,NA,NA,NA,NA,NA,NA,NA,NA,NA,NA,NA,NA,NA,TARGET_GONE,identity no longer active
2026-10-02T16:04:16Z,APP_21637_3022645,21637,3022645,8,3209,191.617,0,0,-1,-1,0,0.999931461,NA,NA,70.000000000,MEASURED_CPU_FAULT,CPU;INTERVAL_FAULTS,NA,NA,NA,NA,NA,NA,NA,NA,NA,NA,NA,NA,NA,NA,NA,NA,NA,NA,NA,NA,NA,NA,NA,TARGET_GONE,identity no longer active
2026-10-02T16:04:16Z,APP_21637_3022645,21637,3022645,8,3210,203.781,0,0,-1,-1,0,0.999931461,NA,NA,70.000000000,MEASURED_CPU_FAULT,CPU;INTERVAL_FAULTS,NA,NA,NA,NA,NA,NA,NA,NA,NA,NA,NA,NA,NA,NA,NA,NA,NA,NA,NA,NA,NA,NA,NA,TARGET_GONE,identity no longer active
2026-10-02T16:04:16Z,APP_21637_3022645,21637,3022645,8,3211,192.192,0,0,-1,-1,0,0.999931461,NA,NA,70.000000000,MEASURED_CPU_FAULT,CPU;INTERVAL_FAULTS,NA,NA,NA,NA,NA,NA,NA,NA,NA,NA,NA,NA,NA,NA,NA,NA,NA,NA,NA,NA,NA,NA,NA,TARGET_GONE,identity no longer active
2026-10-02T16:04:16Z,APP_21637_3022645,21637,3022645,8,3212,203.579,0,0,-1,-1,0,0.999931461,NA,NA,70.000000000,MEASURED_CPU_FAULT,CPU;INTERVAL_FAULTS,NA,NA,NA,NA,NA,NA,NA,NA,NA,NA,NA,NA,NA,NA,NA,NA,NA,NA,NA,NA,NA,NA,NA,TARGET_GONE,identity no longer active
2026-10-02T16:04:17Z,APP_21637_3022645,21637,3022645,8,3213,201.499,0,0,-1,-1,0,0.999931461,NA,NA,70.000000000,MEASURED_CPU_FAULT,CPU;INTERVAL_FAULTS,NA,NA,NA,NA,NA,NA,NA,NA,NA,NA,NA,NA,NA,NA,NA,NA,NA,NA,NA,NA,NA,NA,NA,TARGET_GONE,identity no longer active
2026-10-02T16:04:17Z,APP_21637_3022645,21637,3022645,8,3214,198.450,0,0,-1,-1,0,0.999931461,NA,NA,70.000000000,MEASURED_CPU_FAULT,CPU;INTERVAL_FAULTS,NA,NA,NA,NA,NA,NA,NA,NA,NA,NA,NA,NA,NA,NA,NA,NA,NA,NA,NA,NA,NA,NA,NA,TARGET_GONE,identity no longer active
2026-10-02T16:04:17Z,APP_21637_3022645,21637,3022645,8,3215,211.411,0,0,-1,-1,0,0.999931461,NA,NA,70.000000000,MEASURED_CPU_FAULT,CPU;INTERVAL_FAULTS,NA,NA,NA,NA,NA,NA,NA,NA,NA,NA,NA,NA,NA,NA,NA,NA,NA,NA,NA,NA,NA,NA,NA,TARGET_GONE,identity no longer active
2026-10-02T16:04:17Z,APP_21637_3022645,21637,3022645,8,3216,191.904,0,0,-1,-1,0,0.999931461,NA,NA,70.000000000,MEASURED_CPU_FAULT,CPU;INTERVAL_FAULTS,NA,NA,NA,NA,NA,NA,NA,NA,NA,NA,NA,NA,NA,NA,NA,NA,NA,NA,NA,NA,NA,NA,NA,TARGET_GONE,identity no longer active
2026-10-02T16:04:17Z,APP_21637_3022645,21637,3022645,8,3217,205.714,0,0,-1,-1,0,0.999931461,NA,NA,70.000000000,MEASURED_CPU_FAULT,CPU;INTERVAL_FAULTS,NA,NA,NA,NA,NA,NA,NA,NA,NA,NA,NA,NA,NA,NA,NA,NA,NA,NA,NA,NA,NA,NA,NA,TARGET_GONE,identity no longer active
2026-10-02T16:04:17Z,APP_21637_3022645,21637,3022645,8,3218,201.802,0,0,-1,-1,0,0.999931461,NA,NA,70.000000000,MEASURED_CPU_FAULT,CPU;INTERVAL_FAULTS,NA,NA,NA,NA,NA,NA,NA,NA,NA,NA,NA,NA,NA,NA,NA,NA,NA,NA,NA,NA,NA,NA,NA,TARGET_GONE,identity no longer active
2026-10-02T16:04:17Z,APP_21637_3022645,21637,3022645,8,3219,197.217,0,0,-1,-1,0,0.999931461,NA,NA,70.000000000,MEASURED_CPU_FAULT,CPU;INTERVAL_FAULTS,NA,NA,NA,NA,NA,NA,NA,NA,NA,NA,NA,NA,NA,NA,NA,NA,NA,NA,NA,NA,NA,NA,NA,TARGET_GONE,identity no longer active
2026-10-02T16:04:17Z,APP_21637_3022645,21637,3022645,8,3220,201.499,0,0,-1,-1,0,0.999931461,NA,NA,70.000000000,MEASURED_CPU_FAULT,CPU;INTERVAL_FAULTS,NA,NA,NA,NA,NA,NA,NA,NA,NA,NA,NA,NA,NA,NA,NA,NA,NA,NA,NA,NA,NA,NA,NA,TARGET_GONE,identity no longer active
2026-10-02T16:04:18Z,APP_21637_3022645,21637,3022645,8,3221,197.807,0,0,-1,-1,0,0.999931461,NA,NA,70.000000000,MEASURED_CPU_FAULT,CPU;INTERVAL_FAULTS,NA,NA,NA,NA,NA,NA,NA,NA,NA,NA,NA,NA,NA,NA,NA,NA,NA,NA,NA,NA,NA,NA,NA,TARGET_GONE,identity no longer active
2026-10-02T16:04:18Z,APP_21637_3022645,21637,3022645,8,3222,200.897,0,0,-1,-1,0,0.999931461,NA,NA,70.000000000,MEASURED_CPU_FAULT,CPU;INTERVAL_FAULTS,NA,NA,NA,NA,NA,NA,NA,NA,NA,NA,NA,NA,NA,NA,NA,NA,NA,NA,NA,NA,NA,NA,NA,TARGET_GONE,identity no longer active
2026-10-02T16:04:18Z,APP_21637_3022645,21637,3022645,8,3223,199.555,0,0,-1,-1,0,0.999931461,NA,NA,70.000000000,MEASURED_CPU_FAULT,CPU;INTERVAL_FAULTS,NA,NA,NA,NA,NA,NA,NA,NA,NA,NA,NA,NA,NA,NA,NA,NA,NA,NA,NA,NA,NA,NA,NA,TARGET_GONE,identity no longer active
2026-10-02T16:04:18Z,APP_21637_3022645,21637,3022645,8,3224,191.617,0,0,-1,-1,0,0.999931461,NA,NA,70.000000000,MEASURED_CPU_FAULT,CPU;INTERVAL_FAULTS,NA,NA,NA,NA,NA,NA,NA,NA,NA,NA,NA,NA,NA,NA,NA,NA,NA,NA,NA,NA,NA,NA,NA,TARGET_GONE,identity no longer active
2026-10-02T16:04:18Z,APP_21637_3022645,21637,3022645,8,3225,201.499,0,0,-1,-1,0,0.999931461,NA,NA,70.000000000,MEASURED_CPU_FAULT,CPU;INTERVAL_FAULTS,NA,NA,NA,NA,NA,NA,NA,NA,NA,NA,NA,NA,NA,NA,NA,NA,NA,NA,NA,NA,NA,NA,NA,TARGET_GONE,identity no longer active
2026-10-02T16:04:18Z,APP_21637_3022645,21637,3022645,8,3226,198.393,0,0,-1,-1,0,0.999931461,NA,NA,70.000000000,MEASURED_CPU_FAULT,CPU;INTERVAL_FAULTS,NA,NA,NA,NA,NA,NA,NA,NA,NA,NA,NA,NA,NA,NA,NA,NA,NA,NA,NA,NA,NA,NA,NA,TARGET_GONE,identity no longer active
2026-10-02T16:04:18Z,APP_21637_3022645,21637,3022645,8,3227,201.802,0,0,-1,-1,0,0.999931461,NA,NA,70.000000000,MEASURED_CPU_FAULT,CPU;INTERVAL_FAULTS,NA,NA,NA,NA,NA,NA,NA,NA,NA,NA,NA,NA,NA,NA,NA,NA,NA,NA,NA,NA,NA,NA,NA,TARGET_GONE,identity no longer active
2026-10-02T16:04:18Z,APP_21637_3022645,21637,3022645,8,3228,203.175,0,0,-1,-1,0,0.999931461,NA,NA,70.000000000,MEASURED_CPU_FAULT,CPU;INTERVAL_FAULTS,NA,NA,NA,NA,NA,NA,NA,NA,NA,NA,NA,NA,NA,NA,NA,NA,NA,NA,NA,NA,NA,NA,NA,TARGET_GONE,identity no longer active
2026-10-02T16:04:19Z,APP_21637_3022645,21637,3022645,8,3229,201.802,0,0,-1,-1,0,0.999931461,NA,NA,70.000000000,MEASURED_CPU_FAULT,CPU;INTERVAL_FAULTS,NA,NA,NA,NA,NA,NA,NA,NA,NA,NA,NA,NA,NA,NA,NA,NA,NA,NA,NA,NA,NA,NA,NA,TARGET_GONE,identity no longer active
2026-10-02T16:04:19Z,APP_21637_3022645,21637,3022645,8,3230,197.413,0,0,-1,-1,0,0.999931461,NA,NA,70.000000000,MEASURED_CPU_FAULT,CPU;INTERVAL_FAULTS,NA,NA,NA,NA,NA,NA,NA,NA,NA,NA,NA,NA,NA,NA,NA,NA,NA,NA,NA,NA,NA,NA,NA,TARGET_GONE,identity no longer active
2026-10-02T16:04:19Z,APP_21637_3022645,21637,3022645,8,3231,201.499,0,0,-1,-1,0,0.999931461,NA,NA,70.000000000,MEASURED_CPU_FAULT,CPU;INTERVAL_FAULTS,NA,NA,NA,NA,NA,NA,NA,NA,NA,NA,NA,NA,NA,NA,NA,NA,NA,NA,NA,NA,NA,NA,NA,TARGET_GONE,identity no longer active
2026-10-02T16:04:19Z,APP_21637_3022645,21637,3022645,8,3232,203.262,0,0,-1,-1,0,0.999931461,NA,NA,70.000000000,MEASURED_CPU_FAULT,CPU;INTERVAL_FAULTS,NA,NA,NA,NA,NA,NA,NA,NA,NA,NA,NA,NA,NA,NA,NA,NA,NA,NA,NA,NA,NA,NA,NA,TARGET_GONE,identity no longer active
2026-10-02T16:04:19Z,APP_21637_3022645,21637,3022645,8,3233,201.499,0,0,-1,-1,0,0.999931461,NA,NA,70.000000000,MEASURED_CPU_FAULT,CPU;INTERVAL_FAULTS,NA,NA,NA,NA,NA,NA,NA,NA,NA,NA,NA,NA,NA,NA,NA,NA,NA,NA,NA,NA,NA,NA,NA,TARGET_GONE,identity no longer active
2026-10-02T16:04:19Z,APP_21637_3022645,21637,3022645,8,3234,197.610,0,0,-1,-1,0,0.999931461,NA,NA,70.000000000,MEASURED_CPU_FAULT,CPU;INTERVAL_FAULTS,NA,NA,NA,NA,NA,NA,NA,NA,NA,NA,NA,NA,NA,NA,NA,NA,NA,NA,NA,NA,NA,NA,NA,TARGET_GONE,identity no longer active
2026-10-02T16:04:19Z,APP_21637_3022645,21637,3022645,8,3235,201.499,0,0,-1,-1,0,0.999931461,NA,NA,70.000000000,MEASURED_CPU_FAULT,CPU;INTERVAL_FAULTS,NA,NA,NA,NA,NA,NA,NA,NA,NA,NA,NA,NA,NA,NA,NA,NA,NA,NA,NA,NA,NA,NA,NA,TARGET_GONE,identity no longer active
2026-10-02T16:04:20Z,APP_21637_3022645,21637,3022645,8,3236,197.610,0,0,-1,-1,0,0.999931461,NA,NA,70.000000000,MEASURED_CPU_FAULT,CPU;INTERVAL_FAULTS,NA,NA,NA,NA,NA,NA,NA,NA,NA,NA,NA,NA,NA,NA,NA,NA,NA,NA,NA,NA,NA,NA,NA,TARGET_GONE,identity no longer active
2026-10-02T16:04:20Z,APP_21637_3022645,21637,3022645,8,3237,201.499,0,0,-1,-1,0,0.999931461,NA,NA,70.000000000,MEASURED_CPU_FAULT,CPU;INTERVAL_FAULTS,NA,NA,NA,NA,NA,NA,NA,NA,NA,NA,NA,NA,NA,NA,NA,NA,NA,NA,NA,NA,NA,NA,NA,TARGET_GONE,identity no longer active
2026-10-02T16:04:20Z,APP_21637_3022645,21637,3022645,8,3238,202.973,0,0,-1,-1,0,0.999931461,NA,NA,70.000000000,MEASURED_CPU_FAULT,CPU;INTERVAL_FAULTS,NA,NA,NA,NA,NA,NA,NA,NA,NA,NA,NA,NA,NA,NA,NA,NA,NA,NA,NA,NA,NA,NA,NA,TARGET_GONE,identity no longer active
2026-10-02T16:04:20Z,APP_21637_3022645,21637,3022645,8,3239,191.904,0,0,-1,-1,0,0.999931461,NA,NA,70.000000000,MEASURED_CPU_FAULT,CPU;INTERVAL_FAULTS,NA,NA,NA,NA,NA,NA,NA,NA,NA,NA,NA,NA,NA,NA,NA,NA,NA,NA,NA,NA,NA,NA,NA,TARGET_GONE,identity no longer active
2026-10-02T16:04:20Z,APP_21637_3022645,21637,3022645,8,3240,201.942,0,0,-1,-1,0,0.999931461,NA,NA,70.000000000,MEASURED_CPU_FAULT,CPU;INTERVAL_FAULTS,NA,NA,NA,NA,NA,NA,NA,NA,NA,NA,NA,NA,NA,NA,NA,NA,NA,NA,NA,NA,NA,NA,NA,TARGET_GONE,identity no longer active
2026-10-02T16:04:20Z,APP_21637_3022645,21637,3022645,8,3241,191.617,0,0,-1,-1,0,0.999931461,NA,NA,70.000000000,MEASURED_CPU_FAULT,CPU;INTERVAL_FAULTS,NA,NA,NA,NA,NA,NA,NA,NA,NA,NA,NA,NA,NA,NA,NA,NA,NA,NA,NA,NA,NA,NA,NA,TARGET_GONE,identity no longer active
2026-10-02T16:04:20Z,APP_21637_3022645,21637,3022645,8,3242,201.802,0,0,-1,-1,0,0.999931461,NA,NA,70.000000000,MEASURED_CPU_FAULT,CPU;INTERVAL_FAULTS,NA,NA,NA,NA,NA,NA,NA,NA,NA,NA,NA,NA,NA,NA,NA,NA,NA,NA,NA,NA,NA,NA,NA,TARGET_GONE,identity no longer active
2026-10-02T16:04:20Z,APP_21637_3022645,21637,3022645,8,3243,198.331,0,0,-1,-1,0,0.999931461,NA,NA,70.000000000,MEASURED_CPU_FAULT,CPU;INTERVAL_FAULTS,NA,NA,NA,NA,NA,NA,NA,NA,NA,NA,NA,NA,NA,NA,NA,NA,NA,NA,NA,NA,NA,NA,NA,TARGET_GONE,identity no longer active
2026-10-02T16:04:20Z,APP_21637_3022645,21637,3022645,8,3244,201.499,0,0,-1,-1,0,0.999931461,NA,NA,70.000000000,MEASURED_CPU_FAULT,CPU;INTERVAL_FAULTS,NA,NA,NA,NA,NA,NA,NA,NA,NA,NA,NA,NA,NA,NA,NA,NA,NA,NA,NA,NA,NA,NA,NA,TARGET_GONE,identity no longer active
2026-10-02T16:04:21Z,APP_21637_3022645,21637,3022645,8,3245,197.413,0,0,-1,-1,0,0.999931461,NA,NA,70.000000000,MEASURED_CPU_FAULT,CPU;INTERVAL_FAULTS,NA,NA,NA,NA,NA,NA,NA,NA,NA,NA,NA,NA,NA,NA,NA,NA,NA,NA,NA,NA,NA,NA,NA,TARGET_GONE,identity no longer active
2026-10-02T16:04:21Z,APP_21637_3022645,21637,3022645,8,3246,201.499,0,0,-1,-1,0,0.999931461,NA,NA,70.000000000,MEASURED_CPU_FAULT,CPU;INTERVAL_FAULTS,NA,NA,NA,NA,NA,NA,NA,NA,NA,NA,NA,NA,NA,NA,NA,NA,NA,NA,NA,NA,NA,NA,NA,TARGET_GONE,identity no longer active
2026-10-02T16:04:21Z,APP_21637_3022645,21637,3022645,8,3247,203.579,0,0,-1,-1,0,0.999931461,NA,NA,70.000000000,MEASURED_CPU_FAULT,CPU;INTERVAL_FAULTS,NA,NA,NA,NA,NA,NA,NA,NA,NA,NA,NA,NA,NA,NA,NA,NA,NA,NA,NA,NA,NA,NA,NA,TARGET_GONE,identity no longer active
2026-10-02T16:04:21Z,APP_21637_3022645,21637,3022645,8,3248,201.499,0,0,-1,-1,0,0.999931461,NA,NA,70.000000000,MEASURED_CPU_FAULT,CPU;INTERVAL_FAULTS,NA,NA,NA,NA,NA,NA,NA,NA,NA,NA,NA,NA,NA,NA,NA,NA,NA,NA,NA,NA,NA,NA,NA,TARGET_GONE,identity no longer active
2026-10-02T16:04:21Z,APP_21637_3022645,21637,3022645,8,3249,199.555,0,0,-1,-1,0,0.999931461,NA,NA,70.000000000,MEASURED_CPU_FAULT,CPU;INTERVAL_FAULTS,NA,NA,NA,NA,NA,NA,NA,NA,NA,NA,NA,NA,NA,NA,NA,NA,NA,NA,NA,NA,NA,NA,NA,TARGET_GONE,identity no longer active
2026-10-02T16:04:21Z,APP_21637_3022645,21637,3022645,8,3250,192.192,0,0,-1,-1,0,0.999931461,NA,NA,70.000000000,MEASURED_CPU_FAULT,CPU;INTERVAL_FAULTS,NA,NA,NA,NA,NA,NA,NA,NA,NA,NA,NA,NA,NA,NA,NA,NA,NA,NA,NA,NA,NA,NA,NA,TARGET_GONE,identity no longer active
2026-10-02T16:04:21Z,APP_21637_3022645,21637,3022645,8,3251,200.897,0,0,-1,-1,0,0.999931461,NA,NA,70.000000000,MEASURED_CPU_FAULT,CPU;INTERVAL_FAULTS,NA,NA,NA,NA,NA,NA,NA,NA,NA,NA,NA,NA,NA,NA,NA,NA,NA,NA,NA,NA,NA,NA,NA,TARGET_GONE,identity no longer active
2026-10-02T16:04:22Z,APP_21637_3022645,21637,3022645,8,3252,198.568,0,0,-1,-1,0,0.999931461,NA,NA,70.000000000,MEASURED_CPU_FAULT,CPU;INTERVAL_FAULTS,NA,NA,NA,NA,NA,NA,NA,NA,NA,NA,NA,NA,NA,NA,NA,NA,NA,NA,NA,NA,NA,NA,NA,TARGET_GONE,identity no longer active
2026-10-02T16:04:22Z,APP_21637_3022645,21637,3022645,8,3253,201.198,0,0,-1,-1,0,0.999931461,NA,NA,70.000000000,MEASURED_CPU_FAULT,CPU;INTERVAL_FAULTS,NA,NA,NA,NA,NA,NA,NA,NA,NA,NA,NA,NA,NA,NA,NA,NA,NA,NA,NA,NA,NA,NA,NA,TARGET_GONE,identity no longer active
2026-10-02T16:04:22Z,APP_21637_3022645,21637,3022645,8,3254,203.376,0,0,-1,-1,0,0.999931461,NA,NA,70.000000000,MEASURED_CPU_FAULT,CPU;INTERVAL_FAULTS,NA,NA,NA,NA,NA,NA,NA,NA,NA,NA,NA,NA,NA,NA,NA,NA,NA,NA,NA,NA,NA,NA,NA,TARGET_GONE,identity no longer active
2026-10-02T16:04:22Z,APP_21637_3022645,21637,3022645,8,3255,201.198,0,0,-1,-1,0,0.999931461,NA,NA,70.000000000,MEASURED_CPU_FAULT,CPU;INTERVAL_FAULTS,NA,NA,NA,NA,NA,NA,NA,NA,NA,NA,NA,NA,NA,NA,NA,NA,NA,NA,NA,NA,NA,NA,NA,TARGET_GONE,identity no longer active
2026-10-02T16:04:22Z,APP_21637_3022645,21637,3022645,8,3256,197.413,0,0,-1,-1,0,0.999931461,NA,NA,70.000000000,MEASURED_CPU_FAULT,CPU;INTERVAL_FAULTS,NA,NA,NA,NA,NA,NA,NA,NA,NA,NA,NA,NA,NA,NA,NA,NA,NA,NA,NA,NA,NA,NA,NA,TARGET_GONE,identity no longer active
2026-10-02T16:04:22Z,APP_21637_3022645,21637,3022645,8,3257,201.499,0,0,-1,-1,0,0.999931461,NA,NA,70.000000000,MEASURED_CPU_FAULT,CPU;INTERVAL_FAULTS,NA,NA,NA,NA,NA,NA,NA,NA,NA,NA,NA,NA,NA,NA,NA,NA,NA,NA,NA,NA,NA,NA,NA,TARGET_GONE,identity no longer active
2026-10-02T16:04:13Z,APP_21637_3022645,21637,3022645,9,3258,0.000,0,0,-1,-1,0,0.999931461,1,true,0.000000000,MEASURED_CPU_FAULT,CPU;INTERVAL_FAULTS,HOT,669.474315258,0.560000000,0.700000000,NA,NA,NA,NA,0.560000000,0.000000000,0.700000000,0.000000000,-1.000000000,1.232000000,NA,MOVE_THREAD,INVALID,NOT_APPLICABLE,INVALID,MOVE_THREAD,-1,-1,false,TARGET_GONE,identity no longer active
2026-10-02T16:04:14Z,APP_21637_3022645,21637,3022645,9,3259,0.000,0,0,-1,-1,0,0.999931461,NA,NA,0.000000000,MEASURED_CPU_FAULT,CPU;INTERVAL_FAULTS,NA,NA,NA,NA,NA,NA,NA,NA,NA,NA,NA,NA,NA,NA,NA,NA,NA,NA,NA,NA,NA,NA,NA,TARGET_GONE,identity no longer active
2026-10-02T16:04:14Z,APP_21637_3022645,21637,3022645,9,3260,0.000,0,0,-1,-1,0,0.999931461,NA,NA,0.000000000,MEASURED_CPU_FAULT,CPU;INTERVAL_FAULTS,NA,NA,NA,NA,NA,NA,NA,NA,NA,NA,NA,NA,NA,NA,NA,NA,NA,NA,NA,NA,NA,NA,NA,TARGET_GONE,identity no longer active
2026-10-02T16:04:14Z,APP_21637_3022645,21637,3022645,9,3261,0.000,0,0,-1,-1,0,0.999931461,NA,NA,0.000000000,MEASURED_CPU_FAULT,CPU;INTERVAL_FAULTS,NA,NA,NA,NA,NA,NA,NA,NA,NA,NA,NA,NA,NA,NA,NA,NA,NA,NA,NA,NA,NA,NA,NA,TARGET_GONE,identity no longer active
2026-10-02T16:04:14Z,APP_21637_3022645,21637,3022645,9,3262,0.000,0,0,-1,-1,0,0.999931461,NA,NA,0.000000000,MEASURED_CPU_FAULT,CPU;INTERVAL_FAULTS,NA,NA,NA,NA,NA,NA,NA,NA,NA,NA,NA,NA,NA,NA,NA,NA,NA,NA,NA,NA,NA,NA,NA,TARGET_GONE,identity no longer active
2026-10-02T16:04:14Z,APP_21637_3022645,21637,3022645,9,3263,0.000,0,0,-1,-1,0,0.999931461,NA,NA,0.000000000,MEASURED_CPU_FAULT,CPU;INTERVAL_FAULTS,NA,NA,NA,NA,NA,NA,NA,NA,NA,NA,NA,NA,NA,NA,NA,NA,NA,NA,NA,NA,NA,NA,NA,TARGET_GONE,identity no longer active
2026-10-02T16:04:14Z,APP_21637_3022645,21637,3022645,9,3264,0.000,0,0,-1,-1,0,0.999931461,NA,NA,0.000000000,MEASURED_CPU_FAULT,CPU;INTERVAL_FAULTS,NA,NA,NA,NA,NA,NA,NA,NA,NA,NA,NA,NA,NA,NA,NA,NA,NA,NA,NA,NA,NA,NA,NA,TARGET_GONE,identity no longer active
2026-10-02T16:04:15Z,APP_21637_3022645,21637,3022645,9,3265,18.907,0,0,-1,-1,0,0.999931461,NA,NA,13.234900000,MEASURED_CPU_FAULT,CPU;INTERVAL_FAULTS,NA,NA,NA,NA,NA,NA,NA,NA,NA,NA,NA,NA,NA,NA,NA,NA,NA,NA,NA,NA,NA,NA,NA,TARGET_GONE,identity no longer active
2026-10-02T16:04:15Z,APP_21637_3022645,21637,3022645,9,3266,191.617,0,0,-1,-1,0,0.999931461,NA,NA,70.000000000,MEASURED_CPU_FAULT,CPU;INTERVAL_FAULTS,NA,NA,NA,NA,NA,NA,NA,NA,NA,NA,NA,NA,NA,NA,NA,NA,NA,NA,NA,NA,NA,NA,NA,TARGET_GONE,identity no longer active
2026-10-02T16:04:15Z,APP_21637_3022645,21637,3022645,9,3267,201.499,0,0,-1,-1,0,0.999931461,NA,NA,70.000000000,MEASURED_CPU_FAULT,CPU;INTERVAL_FAULTS,NA,NA,NA,NA,NA,NA,NA,NA,NA,NA,NA,NA,NA,NA,NA,NA,NA,NA,NA,NA,NA,NA,NA,TARGET_GONE,identity no longer active
2026-10-02T16:04:15Z,APP_21637_3022645,21637,3022645,9,3268,200.272,0,0,-1,-1,0,0.999931461,NA,NA,70.000000000,MEASURED_CPU_FAULT,CPU;INTERVAL_FAULTS,NA,NA,NA,NA,NA,NA,NA,NA,NA,NA,NA,NA,NA,NA,NA,NA,NA,NA,NA,NA,NA,NA,NA,TARGET_GONE,identity no longer active
2026-10-02T16:04:15Z,APP_21637_3022645,21637,3022645,9,3269,201.198,0,0,-1,-1,0,0.999931461,NA,NA,70.000000000,MEASURED_CPU_FAULT,CPU;INTERVAL_FAULTS,NA,NA,NA,NA,NA,NA,NA,NA,NA,NA,NA,NA,NA,NA,NA,NA,NA,NA,NA,NA,NA,NA,NA,TARGET_GONE,identity no longer active
2026-10-02T16:04:15Z,APP_21637_3022645,21637,3022645,9,3270,196.831,0,0,-1,-1,0,0.999931461,NA,NA,70.000000000,MEASURED_CPU_FAULT,CPU;INTERVAL_FAULTS,NA,NA,NA,NA,NA,NA,NA,NA,NA,NA,NA,NA,NA,NA,NA,NA,NA,NA,NA,NA,NA,NA,NA,TARGET_GONE,identity no longer active
2026-10-02T16:04:15Z,APP_21637_3022645,21637,3022645,9,3271,201.499,0,0,-1,-1,0,0.999931461,NA,NA,70.000000000,MEASURED_CPU_FAULT,CPU;INTERVAL_FAULTS,NA,NA,NA,NA,NA,NA,NA,NA,NA,NA,NA,NA,NA,NA,NA,NA,NA,NA,NA,NA,NA,NA,NA,TARGET_GONE,identity no longer active
2026-10-02T16:04:15Z,APP_21637_3022645,21637,3022645,9,3272,197.610,0,0,-1,-1,0,0.999931461,NA,NA,70.000000000,MEASURED_CPU_FAULT,CPU;INTERVAL_FAULTS,NA,NA,NA,NA,NA,NA,NA,NA,NA,NA,NA,NA,NA,NA,NA,NA,NA,NA,NA,NA,NA,NA,NA,TARGET_GONE,identity no longer active
2026-10-02T16:04:15Z,APP_21637_3022645,21637,3022645,9,3273,201.499,0,0,-1,-1,0,0.999931461,NA,NA,70.000000000,MEASURED_CPU_FAULT,CPU;INTERVAL_FAULTS,NA,NA,NA,NA,NA,NA,NA,NA,NA,NA,NA,NA,NA,NA,NA,NA,NA,NA,NA,NA,NA,NA,NA,TARGET_GONE,identity no longer active
2026-10-02T16:04:16Z,APP_21637_3022645,21637,3022645,9,3274,203.787,0,0,-1,-1,0,0.999931461,NA,NA,70.000000000,MEASURED_CPU_FAULT,CPU;INTERVAL_FAULTS,NA,NA,NA,NA,NA,NA,NA,NA,NA,NA,NA,NA,NA,NA,NA,NA,NA,NA,NA,NA,NA,NA,NA,TARGET_GONE,identity no longer active
2026-10-02T16:04:16Z,APP_21637_3022645,21637,3022645,9,3275,192.192,0,0,-1,-1,0,0.999931461,NA,NA,70.000000000,MEASURED_CPU_FAULT,CPU;INTERVAL_FAULTS,NA,NA,NA,NA,NA,NA,NA,NA,NA,NA,NA,NA,NA,NA,NA,NA,NA,NA,NA,NA,NA,NA,NA,TARGET_GONE,identity no longer active
2026-10-02T16:04:16Z,APP_21637_3022645,21637,3022645,9,3276,201.499,0,0,-1,-1,0,0.999931461,NA,NA,70.000000000,MEASURED_CPU_FAULT,CPU;INTERVAL_FAULTS,NA,NA,NA,NA,NA,NA,NA,NA,NA,NA,NA,NA,NA,NA,NA,NA,NA,NA,NA,NA,NA,NA,NA,TARGET_GONE,identity no longer active
2026-10-02T16:04:16Z,APP_21637_3022645,21637,3022645,9,3277,205.714,0,0,-1,-1,0,0.999931461,NA,NA,70.000000000,MEASURED_CPU_FAULT,CPU;INTERVAL_FAULTS,NA,NA,NA,NA,NA,NA,NA,NA,NA,NA,NA,NA,NA,NA,NA,NA,NA,NA,NA,NA,NA,NA,NA,TARGET_GONE,identity no longer active
2026-10-02T16:04:16Z,APP_21637_3022645,21637,3022645,9,3278,191.617,0,0,-1,-1,0,0.999931461,NA,NA,70.000000000,MEASURED_CPU_FAULT,CPU;INTERVAL_FAULTS,NA,NA,NA,NA,NA,NA,NA,NA,NA,NA,NA,NA,NA,NA,NA,NA,NA,NA,NA,NA,NA,NA,NA,TARGET_GONE,identity no longer active
2026-10-02T16:04:16Z,APP_21637_3022645,21637,3022645,9,3279,203.781,0,0,-1,-1,0,0.999931461,NA,NA,70.000000000,MEASURED_CPU_FAULT,CPU;INTERVAL_FAULTS,NA,NA,NA,NA,NA,NA,NA,NA,NA,NA,NA,NA,NA,NA,NA,NA,NA,NA,NA,NA,NA,NA,NA,TARGET_GONE,identity no longer active
2026-10-02T16:04:16Z,APP_21637_3022645,21637,3022645,9,3280,192.192,0,0,-1,-1,0,0.999931461,NA,NA,70.000000000,MEASURED_CPU_FAULT,CPU;INTERVAL_FAULTS,NA,NA,NA,NA,NA,NA,NA,NA,NA,NA,NA,NA,NA,NA,NA,NA,NA,NA,NA,NA,NA,NA,NA,TARGET_GONE,identity no longer active
2026-10-02T16:04:16Z,APP_21637_3022645,21637,3022645,9,3281,203.579,0,0,-1,-1,0,0.999931461,NA,NA,70.000000000,MEASURED_CPU_FAULT,CPU;INTERVAL_FAULTS,NA,NA,NA,NA,NA,NA,NA,NA,NA,NA,NA,NA,NA,NA,NA,NA,NA,NA,NA,NA,NA,NA,NA,TARGET_GONE,identity no longer active
2026-10-02T16:04:17Z,APP_21637_3022645,21637,3022645,9,3282,201.499,0,0,-1,-1,0,0.999931461,NA,NA,70.000000000,MEASURED_CPU_FAULT,CPU;INTERVAL_FAULTS,NA,NA,NA,NA,NA,NA,NA,NA,NA,NA,NA,NA,NA,NA,NA,NA,NA,NA,NA,NA,NA,NA,NA,TARGET_GONE,identity no longer active
2026-10-02T16:04:17Z,APP_21637_3022645,21637,3022645,9,3283,198.450,0,0,-1,-1,0,0.999931461,NA,NA,70.000000000,MEASURED_CPU_FAULT,CPU;INTERVAL_FAULTS,NA,NA,NA,NA,NA,NA,NA,NA,NA,NA,NA,NA,NA,NA,NA,NA,NA,NA,NA,NA,NA,NA,NA,TARGET_GONE,identity no longer active
2026-10-02T16:04:17Z,APP_21637_3022645,21637,3022645,9,3284,211.411,0,0,-1,-1,0,0.999931461,NA,NA,70.000000000,MEASURED_CPU_FAULT,CPU;INTERVAL_FAULTS,NA,NA,NA,NA,NA,NA,NA,NA,NA,NA,NA,NA,NA,NA,NA,NA,NA,NA,NA,NA,NA,NA,NA,TARGET_GONE,identity no longer active
2026-10-02T16:04:17Z,APP_21637_3022645,21637,3022645,9,3285,191.904,0,0,-1,-1,0,0.999931461,NA,NA,70.000000000,MEASURED_CPU_FAULT,CPU;INTERVAL_FAULTS,NA,NA,NA,NA,NA,NA,NA,NA,NA,NA,NA,NA,NA,NA,NA,NA,NA,NA,NA,NA,NA,NA,NA,TARGET_GONE,identity no longer active
2026-10-02T16:04:17Z,APP_21637_3022645,21637,3022645,9,3286,205.714,0,0,-1,-1,0,0.999931461,NA,NA,70.000000000,MEASURED_CPU_FAULT,CPU;INTERVAL_FAULTS,NA,NA,NA,NA,NA,NA,NA,NA,NA,NA,NA,NA,NA,NA,NA,NA,NA,NA,NA,NA,NA,NA,NA,TARGET_GONE,identity no longer active
2026-10-02T16:04:17Z,APP_21637_3022645,21637,3022645,9,3287,201.802,0,0,-1,-1,0,0.999931461,NA,NA,70.000000000,MEASURED_CPU_FAULT,CPU;INTERVAL_FAULTS,NA,NA,NA,NA,NA,NA,NA,NA,NA,NA,NA,NA,NA,NA,NA,NA,NA,NA,NA,NA,NA,NA,NA,TARGET_GONE,identity no longer active
2026-10-02T16:04:17Z,APP_21637_3022645,21637,3022645,9,3288,197.217,0,0,-1,-1,0,0.999931461,NA,NA,70.000000000,MEASURED_CPU_FAULT,CPU;INTERVAL_FAULTS,NA,NA,NA,NA,NA,NA,NA,NA,NA,NA,NA,NA,NA,NA,NA,NA,NA,NA,NA,NA,NA,NA,NA,TARGET_GONE,identity no longer active
2026-10-02T16:04:17Z,APP_21637_3022645,21637,3022645,9,3289,201.499,0,0,-1,-1,0,0.999931461,NA,NA,70.000000000,MEASURED_CPU_FAULT,CPU;INTERVAL_FAULTS,NA,NA,NA,NA,NA,NA,NA,NA,NA,NA,NA,NA,NA,NA,NA,NA,NA,NA,NA,NA,NA,NA,NA,TARGET_GONE,identity no longer active
2026-10-02T16:04:18Z,APP_21637_3022645,21637,3022645,9,3290,197.807,0,0,-1,-1,0,0.999931461,NA,NA,70.000000000,MEASURED_CPU_FAULT,CPU;INTERVAL_FAULTS,NA,NA,NA,NA,NA,NA,NA,NA,NA,NA,NA,NA,NA,NA,NA,NA,NA,NA,NA,NA,NA,NA,NA,TARGET_GONE,identity no longer active
2026-10-02T16:04:18Z,APP_21637_3022645,21637,3022645,9,3291,200.897,0,0,-1,-1,0,0.999931461,NA,NA,70.000000000,MEASURED_CPU_FAULT,CPU;INTERVAL_FAULTS,NA,NA,NA,NA,NA,NA,NA,NA,NA,NA,NA,NA,NA,NA,NA,NA,NA,NA,NA,NA,NA,NA,NA,TARGET_GONE,identity no longer active
2026-10-02T16:04:18Z,APP_21637_3022645,21637,3022645,9,3292,199.555,0,0,-1,-1,0,0.999931461,NA,NA,70.000000000,MEASURED_CPU_FAULT,CPU;INTERVAL_FAULTS,NA,NA,NA,NA,NA,NA,NA,NA,NA,NA,NA,NA,NA,NA,NA,NA,NA,NA,NA,NA,NA,NA,NA,TARGET_GONE,identity no longer active
2026-10-02T16:04:18Z,APP_21637_3022645,21637,3022645,9,3293,191.617,0,0,-1,-1,0,0.999931461,NA,NA,70.000000000,MEASURED_CPU_FAULT,CPU;INTERVAL_FAULTS,NA,NA,NA,NA,NA,NA,NA,NA,NA,NA,NA,NA,NA,NA,NA,NA,NA,NA,NA,NA,NA,NA,NA,TARGET_GONE,identity no longer active
2026-10-02T16:04:18Z,APP_21637_3022645,21637,3022645,9,3294,201.499,0,0,-1,-1,0,0.999931461,NA,NA,70.000000000,MEASURED_CPU_FAULT,CPU;INTERVAL_FAULTS,NA,NA,NA,NA,NA,NA,NA,NA,NA,NA,NA,NA,NA,NA,NA,NA,NA,NA,NA,NA,NA,NA,NA,TARGET_GONE,identity no longer active
2026-10-02T16:04:18Z,APP_21637_3022645,21637,3022645,9,3295,198.393,0,0,-1,-1,0,0.999931461,NA,NA,70.000000000,MEASURED_CPU_FAULT,CPU;INTERVAL_FAULTS,NA,NA,NA,NA,NA,NA,NA,NA,NA,NA,NA,NA,NA,NA,NA,NA,NA,NA,NA,NA,NA,NA,NA,TARGET_GONE,identity no longer active
2026-10-02T16:04:18Z,APP_21637_3022645,21637,3022645,9,3296,201.802,0,0,-1,-1,0,0.999931461,NA,NA,70.000000000,MEASURED_CPU_FAULT,CPU;INTERVAL_FAULTS,NA,NA,NA,NA,NA,NA,NA,NA,NA,NA,NA,NA,NA,NA,NA,NA,NA,NA,NA,NA,NA,NA,NA,TARGET_GONE,identity no longer active
2026-10-02T16:04:18Z,APP_21637_3022645,21637,3022645,9,3297,203.175,0,0,-1,-1,0,0.999931461,NA,NA,70.000000000,MEASURED_CPU_FAULT,CPU;INTERVAL_FAULTS,NA,NA,NA,NA,NA,NA,NA,NA,NA,NA,NA,NA,NA,NA,NA,NA,NA,NA,NA,NA,NA,NA,NA,TARGET_GONE,identity no longer active
2026-10-02T16:04:19Z,APP_21637_3022645,21637,3022645,9,3298,201.802,0,0,-1,-1,0,0.999931461,NA,NA,70.000000000,MEASURED_CPU_FAULT,CPU;INTERVAL_FAULTS,NA,NA,NA,NA,NA,NA,NA,NA,NA,NA,NA,NA,NA,NA,NA,NA,NA,NA,NA,NA,NA,NA,NA,TARGET_GONE,identity no longer active
2026-10-02T16:04:19Z,APP_21637_3022645,21637,3022645,9,3299,197.413,0,0,-1,-1,0,0.999931461,NA,NA,70.000000000,MEASURED_CPU_FAULT,CPU;INTERVAL_FAULTS,NA,NA,NA,NA,NA,NA,NA,NA,NA,NA,NA,NA,NA,NA,NA,NA,NA,NA,NA,NA,NA,NA,NA,TARGET_GONE,identity no longer active
2026-10-02T16:04:19Z,APP_21637_3022645,21637,3022645,9,3300,201.499,0,0,-1,-1,0,0.999931461,NA,NA,70.000000000,MEASURED_CPU_FAULT,CPU;INTERVAL_FAULTS,NA,NA,NA,NA,NA,NA,NA,NA,NA,NA,NA,NA,NA,NA,NA,NA,NA,NA,NA,NA,NA,NA,NA,TARGET_GONE,identity no longer active
2026-10-02T16:04:19Z,APP_21637_3022645,21637,3022645,9,3301,203.262,0,0,-1,-1,0,0.999931461,NA,NA,70.000000000,MEASURED_CPU_FAULT,CPU;INTERVAL_FAULTS,NA,NA,NA,NA,NA,NA,NA,NA,NA,NA,NA,NA,NA,NA,NA,NA,NA,NA,NA,NA,NA,NA,NA,TARGET_GONE,identity no longer active
2026-10-02T16:04:19Z,APP_21637_3022645,21637,3022645,9,3302,201.499,0,0,-1,-1,0,0.999931461,NA,NA,70.000000000,MEASURED_CPU_FAULT,CPU;INTERVAL_FAULTS,NA,NA,NA,NA,NA,NA,NA,NA,NA,NA,NA,NA,NA,NA,NA,NA,NA,NA,NA,NA,NA,NA,NA,TARGET_GONE,identity no longer active
2026-10-02T16:04:19Z,APP_21637_3022645,21637,3022645,9,3303,197.610,0,0,-1,-1,0,0.999931461,NA,NA,70.000000000,MEASURED_CPU_FAULT,CPU;INTERVAL_FAULTS,NA,NA,NA,NA,NA,NA,NA,NA,NA,NA,NA,NA,NA,NA,NA,NA,NA,NA,NA,NA,NA,NA,NA,TARGET_GONE,identity no longer active
2026-10-02T16:04:19Z,APP_21637_3022645,21637,3022645,9,3304,201.499,0,0,-1,-1,0,0.999931461,NA,NA,70.000000000,MEASURED_CPU_FAULT,CPU;INTERVAL_FAULTS,NA,NA,NA,NA,NA,NA,NA,NA,NA,NA,NA,NA,NA,NA,NA,NA,NA,NA,NA,NA,NA,NA,NA,TARGET_GONE,identity no longer active
2026-10-02T16:04:20Z,APP_21637_3022645,21637,3022645,9,3305,197.610,0,0,-1,-1,0,0.999931461,NA,NA,70.000000000,MEASURED_CPU_FAULT,CPU;INTERVAL_FAULTS,NA,NA,NA,NA,NA,NA,NA,NA,NA,NA,NA,NA,NA,NA,NA,NA,NA,NA,NA,NA,NA,NA,NA,TARGET_GONE,identity no longer active
2026-10-02T16:04:20Z,APP_21637_3022645,21637,3022645,9,3306,201.499,0,0,-1,-1,0,0.999931461,NA,NA,70.000000000,MEASURED_CPU_FAULT,CPU;INTERVAL_FAULTS,NA,NA,NA,NA,NA,NA,NA,NA,NA,NA,NA,NA,NA,NA,NA,NA,NA,NA,NA,NA,NA,NA,NA,TARGET_GONE,identity no longer active
2026-10-02T16:04:20Z,APP_21637_3022645,21637,3022645,9,3307,202.973,0,0,-1,-1,0,0.999931461,NA,NA,70.000000000,MEASURED_CPU_FAULT,CPU;INTERVAL_FAULTS,NA,NA,NA,NA,NA,NA,NA,NA,NA,NA,NA,NA,NA,NA,NA,NA,NA,NA,NA,NA,NA,NA,NA,TARGET_GONE,identity no longer active
2026-10-02T16:04:20Z,APP_21637_3022645,21637,3022645,9,3308,191.904,0,0,-1,-1,0,0.999931461,NA,NA,70.000000000,MEASURED_CPU_FAULT,CPU;INTERVAL_FAULTS,NA,NA,NA,NA,NA,NA,NA,NA,NA,NA,NA,NA,NA,NA,NA,NA,NA,NA,NA,NA,NA,NA,NA,TARGET_GONE,identity no longer active
2026-10-02T16:04:20Z,APP_21637_3022645,21637,3022645,9,3309,201.942,0,0,-1,-1,0,0.999931461,NA,NA,70.000000000,MEASURED_CPU_FAULT,CPU;INTERVAL_FAULTS,NA,NA,NA,NA,NA,NA,NA,NA,NA,NA,NA,NA,NA,NA,NA,NA,NA,NA,NA,NA,NA,NA,NA,TARGET_GONE,identity no longer active
2026-10-02T16:04:20Z,APP_21637_3022645,21637,3022645,9,3310,191.617,0,0,-1,-1,0,0.999931461,NA,NA,70.000000000,MEASURED_CPU_FAULT,CPU;INTERVAL_FAULTS,NA,NA,NA,NA,NA,NA,NA,NA,NA,NA,NA,NA,NA,NA,NA,NA,NA,NA,NA,NA,NA,NA,NA,TARGET_GONE,identity no longer active
2026-10-02T16:04:20Z,APP_21637_3022645,21637,3022645,9,3311,201.802,0,0,-1,-1,0,0.999931461,NA,NA,70.000000000,MEASURED_CPU_FAULT,CPU;INTERVAL_FAULTS,NA,NA,NA,NA,NA,NA,NA,NA,NA,NA,NA,NA,NA,NA,NA,NA,NA,NA,NA,NA,NA,NA,NA,TARGET_GONE,identity no longer active
2026-10-02T16:04:20Z,APP_21637_3022645,21637,3022645,9,3312,198.331,0,0,-1,-1,0,0.999931461,NA,NA,70.000000000,MEASURED_CPU_FAULT,CPU;INTERVAL_FAULTS,NA,NA,NA,NA,NA,NA,NA,NA,NA,NA,NA,NA,NA,NA,NA,NA,NA,NA,NA,NA,NA,NA,NA,TARGET_GONE,identity no longer active
2026-10-02T16:04:20Z,APP_21637_3022645,21637,3022645,9,3313,201.499,0,0,-1,-1,0,0.999931461,NA,NA,70.000000000,MEASURED_CPU_FAULT,CPU;INTERVAL_FAULTS,NA,NA,NA,NA,NA,NA,NA,NA,NA,NA,NA,NA,NA,NA,NA,NA,NA,NA,NA,NA,NA,NA,NA,TARGET_GONE,identity no longer active
2026-10-02T16:04:21Z,APP_21637_3022645,21637,3022645,9,3314,197.413,0,0,-1,-1,0,0.999931461,NA,NA,70.000000000,MEASURED_CPU_FAULT,CPU;INTERVAL_FAULTS,NA,NA,NA,NA,NA,NA,NA,NA,NA,NA,NA,NA,NA,NA,NA,NA,NA,NA,NA,NA,NA,NA,NA,TARGET_GONE,identity no longer active
2026-10-02T16:04:21Z,APP_21637_3022645,21637,3022645,9,3315,201.499,0,0,-1,-1,0,0.999931461,NA,NA,70.000000000,MEASURED_CPU_FAULT,CPU;INTERVAL_FAULTS,NA,NA,NA,NA,NA,NA,NA,NA,NA,NA,NA,NA,NA,NA,NA,NA,NA,NA,NA,NA,NA,NA,NA,TARGET_GONE,identity no longer active
2026-10-02T16:04:21Z,APP_21637_3022645,21637,3022645,9,3316,203.579,0,0,-1,-1,0,0.999931461,NA,NA,70.000000000,MEASURED_CPU_FAULT,CPU;INTERVAL_FAULTS,NA,NA,NA,NA,NA,NA,NA,NA,NA,NA,NA,NA,NA,NA,NA,NA,NA,NA,NA,NA,NA,NA,NA,TARGET_GONE,identity no longer active
2026-10-02T16:04:21Z,APP_21637_3022645,21637,3022645,9,3317,201.499,0,0,-1,-1,0,0.999931461,NA,NA,70.000000000,MEASURED_CPU_FAULT,CPU;INTERVAL_FAULTS,NA,NA,NA,NA,NA,NA,NA,NA,NA,NA,NA,NA,NA,NA,NA,NA,NA,NA,NA,NA,NA,NA,NA,TARGET_GONE,identity no longer active
2026-10-02T16:04:21Z,APP_21637_3022645,21637,3022645,9,3318,199.555,0,0,-1,-1,0,0.999931461,NA,NA,70.000000000,MEASURED_CPU_FAULT,CPU;INTERVAL_FAULTS,NA,NA,NA,NA,NA,NA,NA,NA,NA,NA,NA,NA,NA,NA,NA,NA,NA,NA,NA,NA,NA,NA,NA,TARGET_GONE,identity no longer active
2026-10-02T16:04:21Z,APP_21637_3022645,21637,3022645,9,3319,192.192,0,0,-1,-1,0,0.999931461,NA,NA,70.000000000,MEASURED_CPU_FAULT,CPU;INTERVAL_FAULTS,NA,NA,NA,NA,NA,NA,NA,NA,NA,NA,NA,NA,NA,NA,NA,NA,NA,NA,NA,NA,NA,NA,NA,TARGET_GONE,identity no longer active
2026-10-02T16:04:21Z,APP_21637_3022645,21637,3022645,9,3320,200.897,0,0,-1,-1,0,0.999931461,NA,NA,70.000000000,MEASURED_CPU_FAULT,CPU;INTERVAL_FAULTS,NA,NA,NA,NA,NA,NA,NA,NA,NA,NA,NA,NA,NA,NA,NA,NA,NA,NA,NA,NA,NA,NA,NA,TARGET_GONE,identity no longer active
2026-10-02T16:04:22Z,APP_21637_3022645,21637,3022645,9,3321,198.568,0,0,-1,-1,0,0.999931461,NA,NA,70.000000000,MEASURED_CPU_FAULT,CPU;INTERVAL_FAULTS,NA,NA,NA,NA,NA,NA,NA,NA,NA,NA,NA,NA,NA,NA,NA,NA,NA,NA,NA,NA,NA,NA,NA,TARGET_GONE,identity no longer active
2026-10-02T16:04:22Z,APP_21637_3022645,21637,3022645,9,3322,201.198,0,0,-1,-1,0,0.999931461,NA,NA,70.000000000,MEASURED_CPU_FAULT,CPU;INTERVAL_FAULTS,NA,NA,NA,NA,NA,NA,NA,NA,NA,NA,NA,NA,NA,NA,NA,NA,NA,NA,NA,NA,NA,NA,NA,TARGET_GONE,identity no longer active
2026-10-02T16:04:22Z,APP_21637_3022645,21637,3022645,9,3323,203.376,0,0,-1,-1,0,0.999931461,NA,NA,70.000000000,MEASURED_CPU_FAULT,CPU;INTERVAL_FAULTS,NA,NA,NA,NA,NA,NA,NA,NA,NA,NA,NA,NA,NA,NA,NA,NA,NA,NA,NA,NA,NA,NA,NA,TARGET_GONE,identity no longer active
2026-10-02T16:04:22Z,APP_21637_3022645,21637,3022645,9,3324,201.198,0,0,-1,-1,0,0.999931461,NA,NA,70.000000000,MEASURED_CPU_FAULT,CPU;INTERVAL_FAULTS,NA,NA,NA,NA,NA,NA,NA,NA,NA,NA,NA,NA,NA,NA,NA,NA,NA,NA,NA,NA,NA,NA,NA,TARGET_GONE,identity no longer active
2026-10-02T16:04:22Z,APP_21637_3022645,21637,3022645,9,3325,197.413,0,0,-1,-1,0,0.999931461,NA,NA,70.000000000,MEASURED_CPU_FAULT,CPU;INTERVAL_FAULTS,NA,NA,NA,NA,NA,NA,NA,NA,NA,NA,NA,NA,NA,NA,NA,NA,NA,NA,NA,NA,NA,NA,NA,TARGET_GONE,identity no longer active
2026-10-02T16:04:22Z,APP_21637_3022645,21637,3022645,9,3326,201.499,0,0,-1,-1,0,0.999931461,NA,NA,70.000000000,MEASURED_CPU_FAULT,CPU;INTERVAL_FAULTS,NA,NA,NA,NA,NA,NA,NA,NA,NA,NA,NA,NA,NA,NA,NA,NA,NA,NA,NA,NA,NA,NA,NA,TARGET_GONE,identity no longer active
2026-10-02T16:04:22Z,APP_21637_3022645,21637,3022645,9,3327,200.805,0,0,-1,-1,0,0.999931461,NA,NA,70.000000000,MEASURED_CPU_FAULT,CPU;INTERVAL_FAULTS,NA,NA,NA,NA,NA,NA,NA,NA,NA,NA,NA,NA,NA,NA,NA,NA,NA,NA,NA,NA,NA,NA,NA,TARGET_GONE,identity no longer active
2026-10-02T16:04:22Z,APP_21637_3022645,21637,3022645,9,3328,192.192,0,0,-1,-1,0,0.999931461,NA,NA,70.000000000,MEASURED_CPU_FAULT,CPU;INTERVAL_FAULTS,NA,NA,NA,NA,NA,NA,NA,NA,NA,NA,NA,NA,NA,NA,NA,NA,NA,NA,NA,NA,NA,NA,NA,TARGET_GONE,identity no longer active
2026-10-02T16:04:22Z,APP_21637_3022645,21637,3022645,9,3329,201.499,0,0,-1,-1,0,0.999931461,NA,NA,70.000000000,MEASURED_CPU_FAULT,CPU;INTERVAL_FAULTS,NA,NA,NA,NA,NA,NA,NA,NA,NA,NA,NA,NA,NA,NA,NA,NA,NA,NA,NA,NA,NA,NA,NA,TARGET_GONE,identity no longer active
2026-10-02T16:04:23Z,APP_21637_3022645,21637,3022645,9,3330,206.205,0,0,-1,-1,0,0.999931461,NA,NA,70.000000000,MEASURED_CPU_FAULT,CPU;INTERVAL_FAULTS,NA,NA,NA,NA,NA,NA,NA,NA,NA,NA,NA,NA,NA,NA,NA,NA,NA,NA,NA,NA,NA,NA,NA,TARGET_GONE,identity no longer active
2026-10-02T16:04:23Z,APP_21637_3022645,21637,3022645,9,3331,192.192,0,0,-1,-1,0,0.999931461,NA,NA,70.000000000,MEASURED_CPU_FAULT,CPU;INTERVAL_FAULTS,NA,NA,NA,NA,NA,NA,NA,NA,NA,NA,NA,NA,NA,NA,NA,NA,NA,NA,NA,NA,NA,NA,NA,TARGET_GONE,identity no longer active
2026-10-02T16:04:23Z,APP_21637_3022645,21637,3022645,9,3332,203.175,0,0,-1,-1,0,0.999931461,NA,NA,70.000000000,MEASURED_CPU_FAULT,CPU;INTERVAL_FAULTS,NA,NA,NA,NA,NA,NA,NA,NA,NA,NA,NA,NA,NA,NA,NA,NA,NA,NA,NA,NA,NA,NA,NA,TARGET_GONE,identity no longer active
2026-10-02T16:04:23Z,APP_21637_3022645,21637,3022645,9,3333,192.481,0,0,-1,-1,0,0.999931461,NA,NA,70.000000000,MEASURED_CPU_FAULT,CPU;INTERVAL_FAULTS,NA,NA,NA,NA,NA,NA,NA,NA,NA,NA,NA,NA,NA,NA,NA,NA,NA,NA,NA,NA,NA,NA,NA,TARGET_GONE,identity no longer active
2026-10-02T16:04:23Z,APP_21637_3022645,21637,3022645,9,3334,203.781,0,0,-1,-1,0,0.999931461,NA,NA,70.000000000,MEASURED_CPU_FAULT,CPU;INTERVAL_FAULTS,NA,NA,NA,NA,NA,NA,NA,NA,NA,NA,NA,NA,NA,NA,NA,NA,NA,NA,NA,NA,NA,NA,NA,TARGET_GONE,identity no longer active
2026-10-02T16:04:23Z,APP_21637_3022645,21637,3022645,9,3335,191.904,0,0,-1,-1,0,0.999931461,NA,NA,70.000000000,MEASURED_CPU_FAULT,CPU;INTERVAL_FAULTS,NA,NA,NA,NA,NA,NA,NA,NA,NA,NA,NA,NA,NA,NA,NA,NA,NA,NA,NA,NA,NA,NA,NA,TARGET_GONE,identity no longer active
