timestamp,app_id,pid,start_time_ticks,cycle_id,sample_index,process_cpu_utilization_percent,interval_minor_faults,interval_major_faults,cache_references,cache_misses,memory_dominant_node,memory_dominant_fraction,thread_current_node,remote_placement,access_value,access_status,access_sources,classification,classification_score,f_access,f_threshold,f_gain_memory,f_cost_memory,f_cpu_memory,f_sharing_memory,f_gain_thread,f_cost_thread,f_cpu_thread,f_sharing_thread,memory_score,thread_score,decision_margin,decision,confidence_gate,roi_gate,safety_gate,proposed_action,source_node,destination_node,migration_authorized,migration_result,rejection_reason
2026-10-02T16:06:04Z,APP_22001_3033686,22001,3033686,1,0,0.000,0,0,-1,-1,0,0.999931471,1,true,0.000000000,MEASURED_CPU_FAULT,CPU;INTERVAL_FAULTS,COLD,0.000000000,0.000000000,0.000000000,NA,NA,NA,NA,0.000000000,0.000000000,0.000000000,0.000000000,-1.000000000,0.000000000,NA,NO_MIGRATION,INVALID,INVALID,INVALID,NO_MIGRATION,-1,-1,false,TARGET_GONE,identity no longer active
2026-10-02T16:06:04Z,APP_22001_3033686,22001,3033686,1,1,0.000,0,0,-1,-1,0,0.999931471,NA,NA,0.000000000,MEASURED_CPU_FAULT,CPU;INTERVAL_FAULTS,NA,NA,NA,NA,NA,NA,NA,NA,NA,NA,NA,NA,NA,NA,NA,NA,NA,NA,NA,NA,NA,NA,NA,TARGET_GONE,identity no longer active
2026-10-02T16:06:04Z,APP_22001_3033686,22001,3033686,1,2,0.000,0,0,-1,-1,0,0.999931471,NA,NA,0.000000000,MEASURED_CPU_FAULT,CPU;INTERVAL_FAULTS,NA,NA,NA,NA,NA,NA,NA,NA,NA,NA,NA,NA,NA,NA,NA,NA,NA,NA,NA,NA,NA,NA,NA,TARGET_GONE,identity no longer active
2026-10-02T16:06:04Z,APP_22001_3033686,22001,3033686,1,3,0.000,0,0,-1,-1,0,0.999931471,NA,NA,0.000000000,MEASURED_CPU_FAULT,CPU;INTERVAL_FAULTS,NA,NA,NA,NA,NA,NA,NA,NA,NA,NA,NA,NA,NA,NA,NA,NA,NA,NA,NA,NA,NA,NA,NA,TARGET_GONE,identity no longer active
2026-10-02T16:06:04Z,APP_22001_3033686,22001,3033686,1,4,0.000,0,0,-1,-1,0,0.999931471,NA,NA,0.000000000,MEASURED_CPU_FAULT,CPU;INTERVAL_FAULTS,NA,NA,NA,NA,NA,NA,NA,NA,NA,NA,NA,NA,NA,NA,NA,NA,NA,NA,NA,NA,NA,NA,NA,TARGET_GONE,identity no longer active
2026-10-02T16:06:04Z,APP_22001_3033686,22001,3033686,1,5,0.000,0,0,-1,-1,0,0.999931471,NA,NA,0.000000000,MEASURED_CPU_FAULT,CPU;INTERVAL_FAULTS,NA,NA,NA,NA,NA,NA,NA,NA,NA,NA,NA,NA,NA,NA,NA,NA,NA,NA,NA,NA,NA,NA,NA,TARGET_GONE,identity no longer active
2026-10-02T16:06:05Z,APP_22001_3033686,22001,3033686,1,6,0.000,0,0,-1,-1,0,0.999931471,NA,NA,0.000000000,MEASURED_CPU_FAULT,CPU;INTERVAL_FAULTS,NA,NA,NA,NA,NA,NA,NA,NA,NA,NA,NA,NA,NA,NA,NA,NA,NA,NA,NA,NA,NA,NA,NA,TARGET_GONE,identity no longer active
2026-10-02T16:06:05Z,APP_22001_3033686,22001,3033686,1,7,0.000,0,0,-1,-1,0,0.999931471,NA,NA,0.000000000,MEASURED_CPU_FAULT,CPU;INTERVAL_FAULTS,NA,NA,NA,NA,NA,NA,NA,NA,NA,NA,NA,NA,NA,NA,NA,NA,NA,NA,NA,NA,NA,NA,NA,TARGET_GONE,identity no longer active
2026-10-02T16:06:05Z,APP_22001_3033686,22001,3033686,1,8,0.000,0,0,-1,-1,0,0.999931471,NA,NA,0.000000000,MEASURED_CPU_FAULT,CPU;INTERVAL_FAULTS,NA,NA,NA,NA,NA,NA,NA,NA,NA,NA,NA,NA,NA,NA,NA,NA,NA,NA,NA,NA,NA,NA,NA,TARGET_GONE,identity no longer active
2026-10-02T16:06:04Z,APP_22001_3033686,22001,3033686,10,9,0.000,0,0,-1,-1,0,0.999931471,1,true,0.000000000,MEASURED_CPU_FAULT,CPU;INTERVAL_FAULTS,HOT,669.474315258,0.560000000,0.700000000,NA,NA,NA,NA,0.560000000,0.000000000,0.700000000,0.000000000,-1.000000000,1.232000000,NA,MOVE_THREAD,INVALID,NOT_APPLICABLE,INVALID,MOVE_THREAD,-1,-1,false,TARGET_GONE,identity no longer active
2026-10-02T16:06:04Z,APP_22001_3033686,22001,3033686,10,10,0.000,0,0,-1,-1,0,0.999931471,NA,NA,0.000000000,MEASURED_CPU_FAULT,CPU;INTERVAL_FAULTS,NA,NA,NA,NA,NA,NA,NA,NA,NA,NA,NA,NA,NA,NA,NA,NA,NA,NA,NA,NA,NA,NA,NA,TARGET_GONE,identity no longer active
2026-10-02T16:06:04Z,APP_22001_3033686,22001,3033686,10,11,0.000,0,0,-1,-1,0,0.999931471,NA,NA,0.000000000,MEASURED_CPU_FAULT,CPU;INTERVAL_FAULTS,NA,NA,NA,NA,NA,NA,NA,NA,NA,NA,NA,NA,NA,NA,NA,NA,NA,NA,NA,NA,NA,NA,NA,TARGET_GONE,identity no longer active
2026-10-02T16:06:04Z,APP_22001_3033686,22001,3033686,10,12,0.000,0,0,-1,-1,0,0.999931471,NA,NA,0.000000000,MEASURED_CPU_FAULT,CPU;INTERVAL_FAULTS,NA,NA,NA,NA,NA,NA,NA,NA,NA,NA,NA,NA,NA,NA,NA,NA,NA,NA,NA,NA,NA,NA,NA,TARGET_GONE,identity no longer active
2026-10-02T16:06:04Z,APP_22001_3033686,22001,3033686,10,13,0.000,0,0,-1,-1,0,0.999931471,NA,NA,0.000000000,MEASURED_CPU_FAULT,CPU;INTERVAL_FAULTS,NA,NA,NA,NA,NA,NA,NA,NA,NA,NA,NA,NA,NA,NA,NA,NA,NA,NA,NA,NA,NA,NA,NA,TARGET_GONE,identity no longer active
2026-10-02T16:06:04Z,APP_22001_3033686,22001,3033686,10,14,0.000,0,0,-1,-1,0,0.999931471,NA,NA,0.000000000,MEASURED_CPU_FAULT,CPU;INTERVAL_FAULTS,NA,NA,NA,NA,NA,NA,NA,NA,NA,NA,NA,NA,NA,NA,NA,NA,NA,NA,NA,NA,NA,NA,NA,TARGET_GONE,identity no longer active
2026-10-02T16:06:05Z,APP_22001_3033686,22001,3033686,10,15,0.000,0,0,-1,-1,0,0.999931471,NA,NA,0.000000000,MEASURED_CPU_FAULT,CPU;INTERVAL_FAULTS,NA,NA,NA,NA,NA,NA,NA,NA,NA,NA,NA,NA,NA,NA,NA,NA,NA,NA,NA,NA,NA,NA,NA,TARGET_GONE,identity no longer active
2026-10-02T16:06:05Z,APP_22001_3033686,22001,3033686,10,16,0.000,0,0,-1,-1,0,0.999931471,NA,NA,0.000000000,MEASURED_CPU_FAULT,CPU;INTERVAL_FAULTS,NA,NA,NA,NA,NA,NA,NA,NA,NA,NA,NA,NA,NA,NA,NA,NA,NA,NA,NA,NA,NA,NA,NA,TARGET_GONE,identity no longer active
2026-10-02T16:06:05Z,APP_22001_3033686,22001,3033686,10,17,0.000,0,0,-1,-1,0,0.999931471,NA,NA,0.000000000,MEASURED_CPU_FAULT,CPU;INTERVAL_FAULTS,NA,NA,NA,NA,NA,NA,NA,NA,NA,NA,NA,NA,NA,NA,NA,NA,NA,NA,NA,NA,NA,NA,NA,TARGET_GONE,identity no longer active
2026-10-02T16:06:05Z,APP_22001_3033686,22001,3033686,10,18,16.203,0,0,-1,-1,0,0.999931471,NA,NA,11.342100000,MEASURED_CPU_FAULT,CPU;INTERVAL_FAULTS,NA,NA,NA,NA,NA,NA,NA,NA,NA,NA,NA,NA,NA,NA,NA,NA,NA,NA,NA,NA,NA,NA,NA,TARGET_GONE,identity no longer active
2026-10-02T16:06:05Z,APP_22001_3033686,22001,3033686,10,19,192.385,0,0,-1,-1,0,0.999931471,NA,NA,70.000000000,MEASURED_CPU_FAULT,CPU;INTERVAL_FAULTS,NA,NA,NA,NA,NA,NA,NA,NA,NA,NA,NA,NA,NA,NA,NA,NA,NA,NA,NA,NA,NA,NA,NA,TARGET_GONE,identity no longer active
2026-10-02T16:06:05Z,APP_22001_3033686,22001,3033686,10,20,210.778,0,0,-1,-1,0,0.999931471,NA,NA,70.000000000,MEASURED_CPU_FAULT,CPU;INTERVAL_FAULTS,NA,NA,NA,NA,NA,NA,NA,NA,NA,NA,NA,NA,NA,NA,NA,NA,NA,NA,NA,NA,NA,NA,NA,TARGET_GONE,identity no longer active
2026-10-02T16:06:05Z,APP_22001_3033686,22001,3033686,10,21,202.009,0,0,-1,-1,0,0.999931471,NA,NA,70.000000000,MEASURED_CPU_FAULT,CPU;INTERVAL_FAULTS,NA,NA,NA,NA,NA,NA,NA,NA,NA,NA,NA,NA,NA,NA,NA,NA,NA,NA,NA,NA,NA,NA,NA,TARGET_GONE,identity no longer active
2026-10-02T16:06:05Z,APP_22001_3033686,22001,3033686,10,22,191.904,0,0,-1,-1,0,0.999931471,NA,NA,70.000000000,MEASURED_CPU_FAULT,CPU;INTERVAL_FAULTS,NA,NA,NA,NA,NA,NA,NA,NA,NA,NA,NA,NA,NA,NA,NA,NA,NA,NA,NA,NA,NA,NA,NA,TARGET_GONE,identity no longer active
2026-10-02T16:06:06Z,APP_22001_3033686,22001,3033686,10,23,206.928,0,0,-1,-1,0,0.999931471,NA,NA,70.000000000,MEASURED_CPU_FAULT,CPU;INTERVAL_FAULTS,NA,NA,NA,NA,NA,NA,NA,NA,NA,NA,NA,NA,NA,NA,NA,NA,NA,NA,NA,NA,NA,NA,NA,TARGET_GONE,identity no longer active
2026-10-02T16:06:06Z,APP_22001_3033686,22001,3033686,10,24,192.385,0,0,-1,-1,0,0.999931471,NA,NA,70.000000000,MEASURED_CPU_FAULT,CPU;INTERVAL_FAULTS,NA,NA,NA,NA,NA,NA,NA,NA,NA,NA,NA,NA,NA,NA,NA,NA,NA,NA,NA,NA,NA,NA,NA,TARGET_GONE,identity no longer active
2026-10-02T16:06:06Z,APP_22001_3033686,22001,3033686,10,25,201.198,0,0,-1,-1,0,0.999931471,NA,NA,70.000000000,MEASURED_CPU_FAULT,CPU;INTERVAL_FAULTS,NA,NA,NA,NA,NA,NA,NA,NA,NA,NA,NA,NA,NA,NA,NA,NA,NA,NA,NA,NA,NA,NA,NA,TARGET_GONE,identity no longer active
2026-10-02T16:06:06Z,APP_22001_3033686,22001,3033686,10,26,201.431,0,0,-1,-1,0,0.999931471,NA,NA,70.000000000,MEASURED_CPU_FAULT,CPU;INTERVAL_FAULTS,NA,NA,NA,NA,NA,NA,NA,NA,NA,NA,NA,NA,NA,NA,NA,NA,NA,NA,NA,NA,NA,NA,NA,TARGET_GONE,identity no longer active
2026-10-02T16:06:06Z,APP_22001_3033686,22001,3033686,10,27,201.802,0,0,-1,-1,0,0.999931471,NA,NA,70.000000000,MEASURED_CPU_FAULT,CPU;INTERVAL_FAULTS,NA,NA,NA,NA,NA,NA,NA,NA,NA,NA,NA,NA,NA,NA,NA,NA,NA,NA,NA,NA,NA,NA,NA,TARGET_GONE,identity no longer active
2026-10-02T16:06:06Z,APP_22001_3033686,22001,3033686,10,28,196.047,0,0,-1,-1,0,0.999931471,NA,NA,70.000000000,MEASURED_CPU_FAULT,CPU;INTERVAL_FAULTS,NA,NA,NA,NA,NA,NA,NA,NA,NA,NA,NA,NA,NA,NA,NA,NA,NA,NA,NA,NA,NA,NA,NA,TARGET_GONE,identity no longer active
2026-10-02T16:06:06Z,APP_22001_3033686,22001,3033686,10,29,204.391,0,0,-1,-1,0,0.999931471,NA,NA,70.000000000,MEASURED_CPU_FAULT,CPU;INTERVAL_FAULTS,NA,NA,NA,NA,NA,NA,NA,NA,NA,NA,NA,NA,NA,NA,NA,NA,NA,NA,NA,NA,NA,NA,NA,TARGET_GONE,identity no longer active
2026-10-02T16:06:06Z,APP_22001_3033686,22001,3033686,10,30,201.802,0,0,-1,-1,0,0.999931471,NA,NA,70.000000000,MEASURED_CPU_FAULT,CPU;INTERVAL_FAULTS,NA,NA,NA,NA,NA,NA,NA,NA,NA,NA,NA,NA,NA,NA,NA,NA,NA,NA,NA,NA,NA,NA,NA,TARGET_GONE,identity no longer active
2026-10-02T16:06:06Z,APP_22001_3033686,22001,3033686,10,31,194.195,0,0,-1,-1,0,0.999931471,NA,NA,70.000000000,MEASURED_CPU_FAULT,CPU;INTERVAL_FAULTS,NA,NA,NA,NA,NA,NA,NA,NA,NA,NA,NA,NA,NA,NA,NA,NA,NA,NA,NA,NA,NA,NA,NA,TARGET_GONE,identity no longer active
2026-10-02T16:06:06Z,APP_22001_3033686,22001,3033686,10,32,210.778,0,0,-1,-1,0,0.999931471,NA,NA,70.000000000,MEASURED_CPU_FAULT,CPU;INTERVAL_FAULTS,NA,NA,NA,NA,NA,NA,NA,NA,NA,NA,NA,NA,NA,NA,NA,NA,NA,NA,NA,NA,NA,NA,NA,TARGET_GONE,identity no longer active
2026-10-02T16:06:07Z,APP_22001_3033686,22001,3033686,10,33,194.360,0,0,-1,-1,0,0.999931471,NA,NA,70.000000000,MEASURED_CPU_FAULT,CPU;INTERVAL_FAULTS,NA,NA,NA,NA,NA,NA,NA,NA,NA,NA,NA,NA,NA,NA,NA,NA,NA,NA,NA,NA,NA,NA,NA,TARGET_GONE,identity no longer active
2026-10-02T16:06:07Z,APP_22001_3033686,22001,3033686,10,34,205.210,0,0,-1,-1,0,0.999931471,NA,NA,70.000000000,MEASURED_CPU_FAULT,CPU;INTERVAL_FAULTS,NA,NA,NA,NA,NA,NA,NA,NA,NA,NA,NA,NA,NA,NA,NA,NA,NA,NA,NA,NA,NA,NA,NA,TARGET_GONE,identity no longer active
2026-10-02T16:06:07Z,APP_22001_3033686,22001,3033686,10,35,191.904,0,0,-1,-1,0,0.999931471,NA,NA,70.000000000,MEASURED_CPU_FAULT,CPU;INTERVAL_FAULTS,NA,NA,NA,NA,NA,NA,NA,NA,NA,NA,NA,NA,NA,NA,NA,NA,NA,NA,NA,NA,NA,NA,NA,TARGET_GONE,identity no longer active
2026-10-02T16:06:07Z,APP_22001_3033686,22001,3033686,10,36,202.639,0,0,-1,-1,0,0.999931471,NA,NA,70.000000000,MEASURED_CPU_FAULT,CPU;INTERVAL_FAULTS,NA,NA,NA,NA,NA,NA,NA,NA,NA,NA,NA,NA,NA,NA,NA,NA,NA,NA,NA,NA,NA,NA,NA,TARGET_GONE,identity no longer active
2026-10-02T16:06:07Z,APP_22001_3033686,22001,3033686,10,37,201.802,0,0,-1,-1,0,0.999931471,NA,NA,70.000000000,MEASURED_CPU_FAULT,CPU;INTERVAL_FAULTS,NA,NA,NA,NA,NA,NA,NA,NA,NA,NA,NA,NA,NA,NA,NA,NA,NA,NA,NA,NA,NA,NA,NA,TARGET_GONE,identity no longer active
2026-10-02T16:06:07Z,APP_22001_3033686,22001,3033686,10,38,196.923,0,0,-1,-1,0,0.999931471,NA,NA,70.000000000,MEASURED_CPU_FAULT,CPU;INTERVAL_FAULTS,NA,NA,NA,NA,NA,NA,NA,NA,NA,NA,NA,NA,NA,NA,NA,NA,NA,NA,NA,NA,NA,NA,NA,TARGET_GONE,identity no longer active
2026-10-02T16:06:07Z,APP_22001_3033686,22001,3033686,10,39,204.800,0,0,-1,-1,0,0.999931471,NA,NA,70.000000000,MEASURED_CPU_FAULT,CPU;INTERVAL_FAULTS,NA,NA,NA,NA,NA,NA,NA,NA,NA,NA,NA,NA,NA,NA,NA,NA,NA,NA,NA,NA,NA,NA,NA,TARGET_GONE,identity no longer active
2026-10-02T16:06:07Z,APP_22001_3033686,22001,3033686,10,40,201.499,0,0,-1,-1,0,0.999931471,NA,NA,70.000000000,MEASURED_CPU_FAULT,CPU;INTERVAL_FAULTS,NA,NA,NA,NA,NA,NA,NA,NA,NA,NA,NA,NA,NA,NA,NA,NA,NA,NA,NA,NA,NA,NA,NA,TARGET_GONE,identity no longer active
2026-10-02T16:06:07Z,APP_22001_3033686,22001,3033686,10,41,202.639,0,0,-1,-1,0,0.999931471,NA,NA,70.000000000,MEASURED_CPU_FAULT,CPU;INTERVAL_FAULTS,NA,NA,NA,NA,NA,NA,NA,NA,NA,NA,NA,NA,NA,NA,NA,NA,NA,NA,NA,NA,NA,NA,NA,TARGET_GONE,identity no longer active
2026-10-02T16:06:08Z,APP_22001_3033686,22001,3033686,10,42,201.802,0,0,-1,-1,0,0.999931471,NA,NA,70.000000000,MEASURED_CPU_FAULT,CPU;INTERVAL_FAULTS,NA,NA,NA,NA,NA,NA,NA,NA,NA,NA,NA,NA,NA,NA,NA,NA,NA,NA,NA,NA,NA,NA,NA,TARGET_GONE,identity no longer active
2026-10-02T16:06:08Z,APP_22001_3033686,22001,3033686,10,43,200.866,0,0,-1,-1,0,0.999931471,NA,NA,70.000000000,MEASURED_CPU_FAULT,CPU;INTERVAL_FAULTS,NA,NA,NA,NA,NA,NA,NA,NA,NA,NA,NA,NA,NA,NA,NA,NA,NA,NA,NA,NA,NA,NA,NA,TARGET_GONE,identity no longer active
2026-10-02T16:06:08Z,APP_22001_3033686,22001,3033686,10,44,192.192,0,0,-1,-1,0,0.999931471,NA,NA,70.000000000,MEASURED_CPU_FAULT,CPU;INTERVAL_FAULTS,NA,NA,NA,NA,NA,NA,NA,NA,NA,NA,NA,NA,NA,NA,NA,NA,NA,NA,NA,NA,NA,NA,NA,TARGET_GONE,identity no longer active
2026-10-02T16:06:08Z,APP_22001_3033686,22001,3033686,10,45,201.083,0,0,-1,-1,0,0.999931471,NA,NA,70.000000000,MEASURED_CPU_FAULT,CPU;INTERVAL_FAULTS,NA,NA,NA,NA,NA,NA,NA,NA,NA,NA,NA,NA,NA,NA,NA,NA,NA,NA,NA,NA,NA,NA,NA,TARGET_GONE,identity no longer active
2026-10-02T16:06:08Z,APP_22001_3033686,22001,3033686,10,46,192.000,0,0,-1,-1,0,0.999931471,NA,NA,70.000000000,MEASURED_CPU_FAULT,CPU;INTERVAL_FAULTS,NA,NA,NA,NA,NA,NA,NA,NA,NA,NA,NA,NA,NA,NA,NA,NA,NA,NA,NA,NA,NA,NA,NA,TARGET_GONE,identity no longer active
2026-10-02T16:06:08Z,APP_22001_3033686,22001,3033686,10,47,201.117,0,0,-1,-1,0,0.999931471,NA,NA,70.000000000,MEASURED_CPU_FAULT,CPU;INTERVAL_FAULTS,NA,NA,NA,NA,NA,NA,NA,NA,NA,NA,NA,NA,NA,NA,NA,NA,NA,NA,NA,NA,NA,NA,NA,TARGET_GONE,identity no longer active
2026-10-02T16:06:08Z,APP_22001_3033686,22001,3033686,10,48,204.391,0,0,-1,-1,0,0.999931471,NA,NA,70.000000000,MEASURED_CPU_FAULT,CPU;INTERVAL_FAULTS,NA,NA,NA,NA,NA,NA,NA,NA,NA,NA,NA,NA,NA,NA,NA,NA,NA,NA,NA,NA,NA,NA,NA,TARGET_GONE,identity no longer active
2026-10-02T16:06:08Z,APP_22001_3033686,22001,3033686,10,49,201.802,0,0,-1,-1,0,0.999931471,NA,NA,70.000000000,MEASURED_CPU_FAULT,CPU;INTERVAL_FAULTS,NA,NA,NA,NA,NA,NA,NA,NA,NA,NA,NA,NA,NA,NA,NA,NA,NA,NA,NA,NA,NA,NA,NA,TARGET_GONE,identity no longer active
2026-10-02T16:06:09Z,APP_22001_3033686,22001,3033686,10,50,202.906,0,0,-1,-1,0,0.999931471,NA,NA,70.000000000,MEASURED_CPU_FAULT,CPU;INTERVAL_FAULTS,NA,NA,NA,NA,NA,NA,NA,NA,NA,NA,NA,NA,NA,NA,NA,NA,NA,NA,NA,NA,NA,NA,NA,TARGET_GONE,identity no longer active
2026-10-02T16:06:09Z,APP_22001_3033686,22001,3033686,10,51,201.802,0,0,-1,-1,0,0.999931471,NA,NA,70.000000000,MEASURED_CPU_FAULT,CPU;INTERVAL_FAULTS,NA,NA,NA,NA,NA,NA,NA,NA,NA,NA,NA,NA,NA,NA,NA,NA,NA,NA,NA,NA,NA,NA,NA,TARGET_GONE,identity no longer active
2026-10-02T16:06:09Z,APP_22001_3033686,22001,3033686,10,52,201.083,0,0,-1,-1,0,0.999931471,NA,NA,70.000000000,MEASURED_CPU_FAULT,CPU;INTERVAL_FAULTS,NA,NA,NA,NA,NA,NA,NA,NA,NA,NA,NA,NA,NA,NA,NA,NA,NA,NA,NA,NA,NA,NA,NA,TARGET_GONE,identity no longer active
2026-10-02T16:06:09Z,APP_22001_3033686,22001,3033686,10,53,192.481,0,0,-1,-1,0,0.999931471,NA,NA,70.000000000,MEASURED_CPU_FAULT,CPU;INTERVAL_FAULTS,NA,NA,NA,NA,NA,NA,NA,NA,NA,NA,NA,NA,NA,NA,NA,NA,NA,NA,NA,NA,NA,NA,NA,TARGET_GONE,identity no longer active
2026-10-02T16:06:09Z,APP_22001_3033686,22001,3033686,10,54,201.083,0,0,-1,-1,0,0.999931471,NA,NA,70.000000000,MEASURED_CPU_FAULT,CPU;INTERVAL_FAULTS,NA,NA,NA,NA,NA,NA,NA,NA,NA,NA,NA,NA,NA,NA,NA,NA,NA,NA,NA,NA,NA,NA,NA,TARGET_GONE,identity no longer active
2026-10-02T16:06:09Z,APP_22001_3033686,22001,3033686,10,55,192.000,0,0,-1,-1,0,0.999931471,NA,NA,70.000000000,MEASURED_CPU_FAULT,CPU;INTERVAL_FAULTS,NA,NA,NA,NA,NA,NA,NA,NA,NA,NA,NA,NA,NA,NA,NA,NA,NA,NA,NA,NA,NA,NA,NA,TARGET_GONE,identity no longer active
2026-10-02T16:06:09Z,APP_22001_3033686,22001,3033686,10,56,200.557,0,0,-1,-1,0,0.999931471,NA,NA,70.000000000,MEASURED_CPU_FAULT,CPU;INTERVAL_FAULTS,NA,NA,NA,NA,NA,NA,NA,NA,NA,NA,NA,NA,NA,NA,NA,NA,NA,NA,NA,NA,NA,NA,NA,TARGET_GONE,identity no longer active
2026-10-02T16:06:09Z,APP_22001_3033686,22001,3033686,10,57,204.391,0,0,-1,-1,0,0.999931471,NA,NA,70.000000000,MEASURED_CPU_FAULT,CPU;INTERVAL_FAULTS,NA,NA,NA,NA,NA,NA,NA,NA,NA,NA,NA,NA,NA,NA,NA,NA,NA,NA,NA,NA,NA,NA,NA,TARGET_GONE,identity no longer active
2026-10-02T16:06:10Z,APP_22001_3033686,22001,3033686,10,58,201.499,0,0,-1,-1,0,0.999931471,NA,NA,70.000000000,MEASURED_CPU_FAULT,CPU;INTERVAL_FAULTS,NA,NA,NA,NA,NA,NA,NA,NA,NA,NA,NA,NA,NA,NA,NA,NA,NA,NA,NA,NA,NA,NA,NA,TARGET_GONE,identity no longer active
2026-10-02T16:06:10Z,APP_22001_3033686,22001,3033686,10,59,202.906,0,0,-1,-1,0,0.999931471,NA,NA,70.000000000,MEASURED_CPU_FAULT,CPU;INTERVAL_FAULTS,NA,NA,NA,NA,NA,NA,NA,NA,NA,NA,NA,NA,NA,NA,NA,NA,NA,NA,NA,NA,NA,NA,NA,TARGET_GONE,identity no longer active
2026-10-02T16:06:10Z,APP_22001_3033686,22001,3033686,10,60,201.802,0,0,-1,-1,0,0.999931471,NA,NA,70.000000000,MEASURED_CPU_FAULT,CPU;INTERVAL_FAULTS,NA,NA,NA,NA,NA,NA,NA,NA,NA,NA,NA,NA,NA,NA,NA,NA,NA,NA,NA,NA,NA,NA,NA,TARGET_GONE,identity no longer active
2026-10-02T16:06:10Z,APP_22001_3033686,22001,3033686,10,61,201.083,0,0,-1,-1,0,0.999931471,NA,NA,70.000000000,MEASURED_CPU_FAULT,CPU;INTERVAL_FAULTS,NA,NA,NA,NA,NA,NA,NA,NA,NA,NA,NA,NA,NA,NA,NA,NA,NA,NA,NA,NA,NA,NA,NA,TARGET_GONE,identity no longer active
2026-10-02T16:06:10Z,APP_22001_3033686,22001,3033686,10,62,191.904,0,0,-1,-1,0,0.999931471,NA,NA,70.000000000,MEASURED_CPU_FAULT,CPU;INTERVAL_FAULTS,NA,NA,NA,NA,NA,NA,NA,NA,NA,NA,NA,NA,NA,NA,NA,NA,NA,NA,NA,NA,NA,NA,NA,TARGET_GONE,identity no longer active
2026-10-02T16:06:10Z,APP_22001_3033686,22001,3033686,10,63,201.083,0,0,-1,-1,0,0.999931471,NA,NA,70.000000000,MEASURED_CPU_FAULT,CPU;INTERVAL_FAULTS,NA,NA,NA,NA,NA,NA,NA,NA,NA,NA,NA,NA,NA,NA,NA,NA,NA,NA,NA,NA,NA,NA,NA,TARGET_GONE,identity no longer active
2026-10-02T16:06:10Z,APP_22001_3033686,22001,3033686,10,64,192.771,0,0,-1,-1,0,0.999931471,NA,NA,70.000000000,MEASURED_CPU_FAULT,CPU;INTERVAL_FAULTS,NA,NA,NA,NA,NA,NA,NA,NA,NA,NA,NA,NA,NA,NA,NA,NA,NA,NA,NA,NA,NA,NA,NA,TARGET_GONE,identity no longer active
2026-10-02T16:06:10Z,APP_22001_3033686,22001,3033686,10,65,203.109,0,0,-1,-1,0,0.999931471,NA,NA,70.000000000,MEASURED_CPU_FAULT,CPU;INTERVAL_FAULTS,NA,NA,NA,NA,NA,NA,NA,NA,NA,NA,NA,NA,NA,NA,NA,NA,NA,NA,NA,NA,NA,NA,NA,TARGET_GONE,identity no longer active
2026-10-02T16:06:11Z,APP_22001_3033686,22001,3033686,10,66,192.000,0,0,-1,-1,0,0.999931471,NA,NA,70.000000000,MEASURED_CPU_FAULT,CPU;INTERVAL_FAULTS,NA,NA,NA,NA,NA,NA,NA,NA,NA,NA,NA,NA,NA,NA,NA,NA,NA,NA,NA,NA,NA,NA,NA,TARGET_GONE,identity no longer active
2026-10-02T16:06:11Z,APP_22001_3033686,22001,3033686,10,67,201.802,0,0,-1,-1,0,0.999931471,NA,NA,70.000000000,MEASURED_CPU_FAULT,CPU;INTERVAL_FAULTS,NA,NA,NA,NA,NA,NA,NA,NA,NA,NA,NA,NA,NA,NA,NA,NA,NA,NA,NA,NA,NA,NA,NA,TARGET_GONE,identity no longer active
2026-10-02T16:06:11Z,APP_22001_3033686,22001,3033686,10,68,204.082,0,0,-1,-1,0,0.999931471,NA,NA,70.000000000,MEASURED_CPU_FAULT,CPU;INTERVAL_FAULTS,NA,NA,NA,NA,NA,NA,NA,NA,NA,NA,NA,NA,NA,NA,NA,NA,NA,NA,NA,NA,NA,NA,NA,TARGET_GONE,identity no longer active
2026-10-02T16:06:11Z,APP_22001_3033686,22001,3033686,10,69,201.802,0,0,-1,-1,0,0.999931471,NA,NA,70.000000000,MEASURED_CPU_FAULT,CPU;INTERVAL_FAULTS,NA,NA,NA,NA,NA,NA,NA,NA,NA,NA,NA,NA,NA,NA,NA,NA,NA,NA,NA,NA,NA,NA,NA,TARGET_GONE,identity no longer active
2026-10-02T16:06:11Z,APP_22001_3033686,22001,3033686,10,70,194.967,0,0,-1,-1,0,0.999931471,NA,NA,70.000000000,MEASURED_CPU_FAULT,CPU;INTERVAL_FAULTS,NA,NA,NA,NA,NA,NA,NA,NA,NA,NA,NA,NA,NA,NA,NA,NA,NA,NA,NA,NA,NA,NA,NA,TARGET_GONE,identity no longer active
2026-10-02T16:06:11Z,APP_22001_3033686,22001,3033686,10,71,210.463,0,0,-1,-1,0,0.999931471,NA,NA,70.000000000,MEASURED_CPU_FAULT,CPU;INTERVAL_FAULTS,NA,NA,NA,NA,NA,NA,NA,NA,NA,NA,NA,NA,NA,NA,NA,NA,NA,NA,NA,NA,NA,NA,NA,TARGET_GONE,identity no longer active
2026-10-02T16:06:11Z,APP_22001_3033686,22001,3033686,10,72,195.163,0,0,-1,-1,0,0.999931471,NA,NA,70.000000000,MEASURED_CPU_FAULT,CPU;INTERVAL_FAULTS,NA,NA,NA,NA,NA,NA,NA,NA,NA,NA,NA,NA,NA,NA,NA,NA,NA,NA,NA,NA,NA,NA,NA,TARGET_GONE,identity no longer active
2026-10-02T16:06:11Z,APP_22001_3033686,22001,3033686,10,73,192.000,0,0,-1,-1,0,0.999931471,NA,NA,70.000000000,MEASURED_CPU_FAULT,CPU;INTERVAL_FAULTS,NA,NA,NA,NA,NA,NA,NA,NA,NA,NA,NA,NA,NA,NA,NA,NA,NA,NA,NA,NA,NA,NA,NA,TARGET_GONE,identity no longer active
2026-10-02T16:06:12Z,APP_22001_3033686,22001,3033686,10,74,200.261,0,0,-1,-1,0,0.999931471,NA,NA,70.000000000,MEASURED_CPU_FAULT,CPU;INTERVAL_FAULTS,NA,NA,NA,NA,NA,NA,NA,NA,NA,NA,NA,NA,NA,NA,NA,NA,NA,NA,NA,NA,NA,NA,NA,TARGET_GONE,identity no longer active
2026-10-02T16:06:12Z,APP_22001_3033686,22001,3033686,10,75,210.778,0,0,-1,-1,0,0.999931471,NA,NA,70.000000000,MEASURED_CPU_FAULT,CPU;INTERVAL_FAULTS,NA,NA,NA,NA,NA,NA,NA,NA,NA,NA,NA,NA,NA,NA,NA,NA,NA,NA,NA,NA,NA,NA,NA,TARGET_GONE,identity no longer active
2026-10-02T16:06:12Z,APP_22001_3033686,22001,3033686,10,76,192.192,0,0,-1,-1,0,0.999931471,NA,NA,70.000000000,MEASURED_CPU_FAULT,CPU;INTERVAL_FAULTS,NA,NA,NA,NA,NA,NA,NA,NA,NA,NA,NA,NA,NA,NA,NA,NA,NA,NA,NA,NA,NA,NA,NA,TARGET_GONE,identity no longer active
2026-10-02T16:06:12Z,APP_22001_3033686,22001,3033686,10,77,203.562,0,0,-1,-1,0,0.999931471,NA,NA,70.000000000,MEASURED_CPU_FAULT,CPU;INTERVAL_FAULTS,NA,NA,NA,NA,NA,NA,NA,NA,NA,NA,NA,NA,NA,NA,NA,NA,NA,NA,NA,NA,NA,NA,NA,TARGET_GONE,identity no longer active
2026-10-02T16:06:12Z,APP_22001_3033686,22001,3033686,10,78,201.802,0,0,-1,-1,0,0.999931471,NA,NA,70.000000000,MEASURED_CPU_FAULT,CPU;INTERVAL_FAULTS,NA,NA,NA,NA,NA,NA,NA,NA,NA,NA,NA,NA,NA,NA,NA,NA,NA,NA,NA,NA,NA,NA,NA,TARGET_GONE,identity no longer active
2026-10-02T16:06:12Z,APP_22001_3033686,22001,3033686,10,79,201.893,0,0,-1,-1,0,0.999931471,NA,NA,70.000000000,MEASURED_CPU_FAULT,CPU;INTERVAL_FAULTS,NA,NA,NA,NA,NA,NA,NA,NA,NA,NA,NA,NA,NA,NA,NA,NA,NA,NA,NA,NA,NA,NA,NA,TARGET_GONE,identity no longer active
2026-10-02T16:06:12Z,APP_22001_3033686,22001,3033686,10,80,191.617,0,0,-1,-1,0,0.999931471,NA,NA,70.000000000,MEASURED_CPU_FAULT,CPU;INTERVAL_FAULTS,NA,NA,NA,NA,NA,NA,NA,NA,NA,NA,NA,NA,NA,NA,NA,NA,NA,NA,NA,NA,NA,NA,NA,TARGET_GONE,identity no longer active
2026-10-02T16:06:12Z,APP_22001_3033686,22001,3033686,10,81,201.893,0,0,-1,-1,0,0.999931471,NA,NA,70.000000000,MEASURED_CPU_FAULT,CPU;INTERVAL_FAULTS,NA,NA,NA,NA,NA,NA,NA,NA,NA,NA,NA,NA,NA,NA,NA,NA,NA,NA,NA,NA,NA,NA,NA,TARGET_GONE,identity no longer active
2026-10-02T16:06:12Z,APP_22001_3033686,22001,3033686,10,82,201.499,0,0,-1,-1,0,0.999931471,NA,NA,70.000000000,MEASURED_CPU_FAULT,CPU;INTERVAL_FAULTS,NA,NA,NA,NA,NA,NA,NA,NA,NA,NA,NA,NA,NA,NA,NA,NA,NA,NA,NA,NA,NA,NA,NA,TARGET_GONE,identity no longer active
2026-10-02T16:06:13Z,APP_22001_3033686,22001,3033686,10,83,197.666,0,0,-1,-1,0,0.999931471,NA,NA,70.000000000,MEASURED_CPU_FAULT,CPU;INTERVAL_FAULTS,NA,NA,NA,NA,NA,NA,NA,NA,NA,NA,NA,NA,NA,NA,NA,NA,NA,NA,NA,NA,NA,NA,NA,TARGET_GONE,identity no longer active
2026-10-02T16:06:13Z,APP_22001_3033686,22001,3033686,10,84,211.411,0,0,-1,-1,0,0.999931471,NA,NA,70.000000000,MEASURED_CPU_FAULT,CPU;INTERVAL_FAULTS,NA,NA,NA,NA,NA,NA,NA,NA,NA,NA,NA,NA,NA,NA,NA,NA,NA,NA,NA,NA,NA,NA,NA,TARGET_GONE,identity no longer active
2026-10-02T16:06:13Z,APP_22001_3033686,22001,3033686,10,85,200.897,0,0,-1,-1,0,0.999931471,NA,NA,70.000000000,MEASURED_CPU_FAULT,CPU;INTERVAL_FAULTS,NA,NA,NA,NA,NA,NA,NA,NA,NA,NA,NA,NA,NA,NA,NA,NA,NA,NA,NA,NA,NA,NA,NA,TARGET_GONE,identity no longer active
2026-10-02T16:06:13Z,APP_22001_3033686,22001,3033686,10,86,195.918,0,0,-1,-1,0,0.999931471,NA,NA,70.000000000,MEASURED_CPU_FAULT,CPU;INTERVAL_FAULTS,NA,NA,NA,NA,NA,NA,NA,NA,NA,NA,NA,NA,NA,NA,NA,NA,NA,NA,NA,NA,NA,NA,NA,TARGET_GONE,identity no longer active
2026-10-02T16:06:13Z,APP_22001_3033686,22001,3033686,10,87,201.802,0,0,-1,-1,0,0.999931471,NA,NA,70.000000000,MEASURED_CPU_FAULT,CPU;INTERVAL_FAULTS,NA,NA,NA,NA,NA,NA,NA,NA,NA,NA,NA,NA,NA,NA,NA,NA,NA,NA,NA,NA,NA,NA,NA,TARGET_GONE,identity no longer active
2026-10-02T16:06:13Z,APP_22001_3033686,22001,3033686,10,88,201.893,0,0,-1,-1,0,0.999931471,NA,NA,70.000000000,MEASURED_CPU_FAULT,CPU;INTERVAL_FAULTS,NA,NA,NA,NA,NA,NA,NA,NA,NA,NA,NA,NA,NA,NA,NA,NA,NA,NA,NA,NA,NA,NA,NA,TARGET_GONE,identity no longer active
2026-10-02T16:06:13Z,APP_22001_3033686,22001,3033686,10,89,201.198,0,0,-1,-1,0,0.999931471,NA,NA,70.000000000,MEASURED_CPU_FAULT,CPU;INTERVAL_FAULTS,NA,NA,NA,NA,NA,NA,NA,NA,NA,NA,NA,NA,NA,NA,NA,NA,NA,NA,NA,NA,NA,NA,NA,TARGET_GONE,identity no longer active
2026-10-02T16:06:13Z,APP_22001_3033686,22001,3033686,10,90,201.681,0,0,-1,-1,0,0.999931471,NA,NA,70.000000000,MEASURED_CPU_FAULT,CPU;INTERVAL_FAULTS,NA,NA,NA,NA,NA,NA,NA,NA,NA,NA,NA,NA,NA,NA,NA,NA,NA,NA,NA,NA,NA,NA,NA,TARGET_GONE,identity no longer active
2026-10-02T16:06:14Z,APP_22001_3033686,22001,3033686,10,91,201.499,0,0,-1,-1,0,0.999931471,NA,NA,70.000000000,MEASURED_CPU_FAULT,CPU;INTERVAL_FAULTS,NA,NA,NA,NA,NA,NA,NA,NA,NA,NA,NA,NA,NA,NA,NA,NA,NA,NA,NA,NA,NA,NA,NA,TARGET_GONE,identity no longer active
2026-10-02T16:06:14Z,APP_22001_3033686,22001,3033686,10,92,197.531,0,0,-1,-1,0,0.999931471,NA,NA,70.000000000,MEASURED_CPU_FAULT,CPU;INTERVAL_FAULTS,NA,NA,NA,NA,NA,NA,NA,NA,NA,NA,NA,NA,NA,NA,NA,NA,NA,NA,NA,NA,NA,NA,NA,TARGET_GONE,identity no longer active
2026-10-02T16:06:14Z,APP_22001_3033686,22001,3033686,10,93,210.778,0,0,-1,-1,0,0.999931471,NA,NA,70.000000000,MEASURED_CPU_FAULT,CPU;INTERVAL_FAULTS,NA,NA,NA,NA,NA,NA,NA,NA,NA,NA,NA,NA,NA,NA,NA,NA,NA,NA,NA,NA,NA,NA,NA,TARGET_GONE,identity no longer active
2026-10-02T16:06:14Z,APP_22001_3033686,22001,3033686,10,94,201.802,0,0,-1,-1,0,0.999931471,NA,NA,70.000000000,MEASURED_CPU_FAULT,CPU;INTERVAL_FAULTS,NA,NA,NA,NA,NA,NA,NA,NA,NA,NA,NA,NA,NA,NA,NA,NA,NA,NA,NA,NA,NA,NA,NA,TARGET_GONE,identity no longer active
2026-10-02T16:06:14Z,APP_22001_3033686,22001,3033686,10,95,195.420,0,0,-1,-1,0,0.999931471,NA,NA,70.000000000,MEASURED_CPU_FAULT,CPU;INTERVAL_FAULTS,NA,NA,NA,NA,NA,NA,NA,NA,NA,NA,NA,NA,NA,NA,NA,NA,NA,NA,NA,NA,NA,NA,NA,TARGET_GONE,identity no longer active
2026-10-02T16:06:14Z,APP_22001_3033686,22001,3033686,10,96,201.499,0,0,-1,-1,0,0.999931471,NA,NA,70.000000000,MEASURED_CPU_FAULT,CPU;INTERVAL_FAULTS,NA,NA,NA,NA,NA,NA,NA,NA,NA,NA,NA,NA,NA,NA,NA,NA,NA,NA,NA,NA,NA,NA,NA,TARGET_GONE,identity no longer active
2026-10-02T16:06:14Z,APP_22001_3033686,22001,3033686,10,97,201.893,0,0,-1,-1,0,0.999931471,NA,NA,70.000000000,MEASURED_CPU_FAULT,CPU;INTERVAL_FAULTS,NA,NA,NA,NA,NA,NA,NA,NA,NA,NA,NA,NA,NA,NA,NA,NA,NA,NA,NA,NA,NA,NA,NA,TARGET_GONE,identity no longer active
2026-10-02T16:06:14Z,APP_22001_3033686,22001,3033686,10,98,201.499,0,0,-1,-1,0,0.999931471,NA,NA,70.000000000,MEASURED_CPU_FAULT,CPU;INTERVAL_FAULTS,NA,NA,NA,NA,NA,NA,NA,NA,NA,NA,NA,NA,NA,NA,NA,NA,NA,NA,NA,NA,NA,NA,NA,TARGET_GONE,identity no longer active
2026-10-02T16:06:15Z,APP_22001_3033686,22001,3033686,10,99,194.753,0,0,-1,-1,0,0.999931471,NA,NA,70.000000000,MEASURED_CPU_FAULT,CPU;INTERVAL_FAULTS,NA,NA,NA,NA,NA,NA,NA,NA,NA,NA,NA,NA,NA,NA,NA,NA,NA,NA,NA,NA,NA,NA,NA,TARGET_GONE,identity no longer active
2026-10-02T16:06:15Z,APP_22001_3033686,22001,3033686,10,100,201.499,0,0,-1,-1,0,0.999931471,NA,NA,70.000000000,MEASURED_CPU_FAULT,CPU;INTERVAL_FAULTS,NA,NA,NA,NA,NA,NA,NA,NA,NA,NA,NA,NA,NA,NA,NA,NA,NA,NA,NA,NA,NA,NA,NA,TARGET_GONE,identity no longer active
2026-10-02T16:06:04Z,APP_22001_3033686,22001,3033686,11,101,0.000,0,0,-1,-1,0,0.999931471,1,true,0.000000000,MEASURED_CPU_FAULT,CPU;INTERVAL_FAULTS,HOT,669.474315258,0.560000000,0.700000000,NA,NA,NA,NA,0.560000000,0.000000000,0.700000000,0.000000000,-1.000000000,1.232000000,NA,MOVE_THREAD,INVALID,NOT_APPLICABLE,INVALID,MOVE_THREAD,-1,-1,false,TARGET_GONE,identity no longer active
2026-10-02T16:06:04Z,APP_22001_3033686,22001,3033686,11,102,0.000,0,0,-1,-1,0,0.999931471,NA,NA,0.000000000,MEASURED_CPU_FAULT,CPU;INTERVAL_FAULTS,NA,NA,NA,NA,NA,NA,NA,NA,NA,NA,NA,NA,NA,NA,NA,NA,NA,NA,NA,NA,NA,NA,NA,TARGET_GONE,identity no longer active
2026-10-02T16:06:04Z,APP_22001_3033686,22001,3033686,11,103,0.000,0,0,-1,-1,0,0.999931471,NA,NA,0.000000000,MEASURED_CPU_FAULT,CPU;INTERVAL_FAULTS,NA,NA,NA,NA,NA,NA,NA,NA,NA,NA,NA,NA,NA,NA,NA,NA,NA,NA,NA,NA,NA,NA,NA,TARGET_GONE,identity no longer active
2026-10-02T16:06:04Z,APP_22001_3033686,22001,3033686,11,104,0.000,0,0,-1,-1,0,0.999931471,NA,NA,0.000000000,MEASURED_CPU_FAULT,CPU;INTERVAL_FAULTS,NA,NA,NA,NA,NA,NA,NA,NA,NA,NA,NA,NA,NA,NA,NA,NA,NA,NA,NA,NA,NA,NA,NA,TARGET_GONE,identity no longer active
2026-10-02T16:06:04Z,APP_22001_3033686,22001,3033686,11,105,0.000,0,0,-1,-1,0,0.999931471,NA,NA,0.000000000,MEASURED_CPU_FAULT,CPU;INTERVAL_FAULTS,NA,NA,NA,NA,NA,NA,NA,NA,NA,NA,NA,NA,NA,NA,NA,NA,NA,NA,NA,NA,NA,NA,NA,TARGET_GONE,identity no longer active
2026-10-02T16:06:04Z,APP_22001_3033686,22001,3033686,11,106,0.000,0,0,-1,-1,0,0.999931471,NA,NA,0.000000000,MEASURED_CPU_FAULT,CPU;INTERVAL_FAULTS,NA,NA,NA,NA,NA,NA,NA,NA,NA,NA,NA,NA,NA,NA,NA,NA,NA,NA,NA,NA,NA,NA,NA,TARGET_GONE,identity no longer active
2026-10-02T16:06:05Z,APP_22001_3033686,22001,3033686,11,107,0.000,0,0,-1,-1,0,0.999931471,NA,NA,0.000000000,MEASURED_CPU_FAULT,CPU;INTERVAL_FAULTS,NA,NA,NA,NA,NA,NA,NA,NA,NA,NA,NA,NA,NA,NA,NA,NA,NA,NA,NA,NA,NA,NA,NA,TARGET_GONE,identity no longer active
2026-10-02T16:06:05Z,APP_22001_3033686,22001,3033686,11,108,0.000,0,0,-1,-1,0,0.999931471,NA,NA,0.000000000,MEASURED_CPU_FAULT,CPU;INTERVAL_FAULTS,NA,NA,NA,NA,NA,NA,NA,NA,NA,NA,NA,NA,NA,NA,NA,NA,NA,NA,NA,NA,NA,NA,NA,TARGET_GONE,identity no longer active
2026-10-02T16:06:05Z,APP_22001_3033686,22001,3033686,11,109,0.000,0,0,-1,-1,0,0.999931471,NA,NA,0.000000000,MEASURED_CPU_FAULT,CPU;INTERVAL_FAULTS,NA,NA,NA,NA,NA,NA,NA,NA,NA,NA,NA,NA,NA,NA,NA,NA,NA,NA,NA,NA,NA,NA,NA,TARGET_GONE,identity no longer active
2026-10-02T16:06:05Z,APP_22001_3033686,22001,3033686,11,110,16.203,0,0,-1,-1,0,0.999931471,NA,NA,11.342100000,MEASURED_CPU_FAULT,CPU;INTERVAL_FAULTS,NA,NA,NA,NA,NA,NA,NA,NA,NA,NA,NA,NA,NA,NA,NA,NA,NA,NA,NA,NA,NA,NA,NA,TARGET_GONE,identity no longer active
2026-10-02T16:06:05Z,APP_22001_3033686,22001,3033686,11,111,192.385,0,0,-1,-1,0,0.999931471,NA,NA,70.000000000,MEASURED_CPU_FAULT,CPU;INTERVAL_FAULTS,NA,NA,NA,NA,NA,NA,NA,NA,NA,NA,NA,NA,NA,NA,NA,NA,NA,NA,NA,NA,NA,NA,NA,TARGET_GONE,identity no longer active
2026-10-02T16:06:05Z,APP_22001_3033686,22001,3033686,11,112,210.778,0,0,-1,-1,0,0.999931471,NA,NA,70.000000000,MEASURED_CPU_FAULT,CPU;INTERVAL_FAULTS,NA,NA,NA,NA,NA,NA,NA,NA,NA,NA,NA,NA,NA,NA,NA,NA,NA,NA,NA,NA,NA,NA,NA,TARGET_GONE,identity no longer active
2026-10-02T16:06:05Z,APP_22001_3033686,22001,3033686,11,113,202.009,0,0,-1,-1,0,0.999931471,NA,NA,70.000000000,MEASURED_CPU_FAULT,CPU;INTERVAL_FAULTS,NA,NA,NA,NA,NA,NA,NA,NA,NA,NA,NA,NA,NA,NA,NA,NA,NA,NA,NA,NA,NA,NA,NA,TARGET_GONE,identity no longer active
2026-10-02T16:06:05Z,APP_22001_3033686,22001,3033686,11,114,191.904,0,0,-1,-1,0,0.999931471,NA,NA,70.000000000,MEASURED_CPU_FAULT,CPU;INTERVAL_FAULTS,NA,NA,NA,NA,NA,NA,NA,NA,NA,NA,NA,NA,NA,NA,NA,NA,NA,NA,NA,NA,NA,NA,NA,TARGET_GONE,identity no longer active
2026-10-02T16:06:06Z,APP_22001_3033686,22001,3033686,11,115,206.928,0,0,-1,-1,0,0.999931471,NA,NA,70.000000000,MEASURED_CPU_FAULT,CPU;INTERVAL_FAULTS,NA,NA,NA,NA,NA,NA,NA,NA,NA,NA,NA,NA,NA,NA,NA,NA,NA,NA,NA,NA,NA,NA,NA,TARGET_GONE,identity no longer active
2026-10-02T16:06:06Z,APP_22001_3033686,22001,3033686,11,116,192.385,0,0,-1,-1,0,0.999931471,NA,NA,70.000000000,MEASURED_CPU_FAULT,CPU;INTERVAL_FAULTS,NA,NA,NA,NA,NA,NA,NA,NA,NA,NA,NA,NA,NA,NA,NA,NA,NA,NA,NA,NA,NA,NA,NA,TARGET_GONE,identity no longer active
2026-10-02T16:06:06Z,APP_22001_3033686,22001,3033686,11,117,201.198,0,0,-1,-1,0,0.999931471,NA,NA,70.000000000,MEASURED_CPU_FAULT,CPU;INTERVAL_FAULTS,NA,NA,NA,NA,NA,NA,NA,NA,NA,NA,NA,NA,NA,NA,NA,NA,NA,NA,NA,NA,NA,NA,NA,TARGET_GONE,identity no longer active
2026-10-02T16:06:06Z,APP_22001_3033686,22001,3033686,11,118,201.431,0,0,-1,-1,0,0.999931471,NA,NA,70.000000000,MEASURED_CPU_FAULT,CPU;INTERVAL_FAULTS,NA,NA,NA,NA,NA,NA,NA,NA,NA,NA,NA,NA,NA,NA,NA,NA,NA,NA,NA,NA,NA,NA,NA,TARGET_GONE,identity no longer active
2026-10-02T16:06:06Z,APP_22001_3033686,22001,3033686,11,119,201.802,0,0,-1,-1,0,0.999931471,NA,NA,70.000000000,MEASURED_CPU_FAULT,CPU;INTERVAL_FAULTS,NA,NA,NA,NA,NA,NA,NA,NA,NA,NA,NA,NA,NA,NA,NA,NA,NA,NA,NA,NA,NA,NA,NA,TARGET_GONE,identity no longer active
2026-10-02T16:06:06Z,APP_22001_3033686,22001,3033686,11,120,196.047,0,0,-1,-1,0,0.999931471,NA,NA,70.000000000,MEASURED_CPU_FAULT,CPU;INTERVAL_FAULTS,NA,NA,NA,NA,NA,NA,NA,NA,NA,NA,NA,NA,NA,NA,NA,NA,NA,NA,NA,NA,NA,NA,NA,TARGET_GONE,identity no longer active
2026-10-02T16:06:06Z,APP_22001_3033686,22001,3033686,11,121,204.391,0,0,-1,-1,0,0.999931471,NA,NA,70.000000000,MEASURED_CPU_FAULT,CPU;INTERVAL_FAULTS,NA,NA,NA,NA,NA,NA,NA,NA,NA,NA,NA,NA,NA,NA,NA,NA,NA,NA,NA,NA,NA,NA,NA,TARGET_GONE,identity no longer active
2026-10-02T16:06:06Z,APP_22001_3033686,22001,3033686,11,122,201.802,0,0,-1,-1,0,0.999931471,NA,NA,70.000000000,MEASURED_CPU_FAULT,CPU;INTERVAL_FAULTS,NA,NA,NA,NA,NA,NA,NA,NA,NA,NA,NA,NA,NA,NA,NA,NA,NA,NA,NA,NA,NA,NA,NA,TARGET_GONE,identity no longer active
2026-10-02T16:06:06Z,APP_22001_3033686,22001,3033686,11,123,194.195,0,0,-1,-1,0,0.999931471,NA,NA,70.000000000,MEASURED_CPU_FAULT,CPU;INTERVAL_FAULTS,NA,NA,NA,NA,NA,NA,NA,NA,NA,NA,NA,NA,NA,NA,NA,NA,NA,NA,NA,NA,NA,NA,NA,TARGET_GONE,identity no longer active
2026-10-02T16:06:06Z,APP_22001_3033686,22001,3033686,11,124,210.778,0,0,-1,-1,0,0.999931471,NA,NA,70.000000000,MEASURED_CPU_FAULT,CPU;INTERVAL_FAULTS,NA,NA,NA,NA,NA,NA,NA,NA,NA,NA,NA,NA,NA,NA,NA,NA,NA,NA,NA,NA,NA,NA,NA,TARGET_GONE,identity no longer active
2026-10-02T16:06:07Z,APP_22001_3033686,22001,3033686,11,125,194.360,0,0,-1,-1,0,0.999931471,NA,NA,70.000000000,MEASURED_CPU_FAULT,CPU;INTERVAL_FAULTS,NA,NA,NA,NA,NA,NA,NA,NA,NA,NA,NA,NA,NA,NA,NA,NA,NA,NA,NA,NA,NA,NA,NA,TARGET_GONE,identity no longer active
2026-10-02T16:06:07Z,APP_22001_3033686,22001,3033686,11,126,205.210,0,0,-1,-1,0,0.999931471,NA,NA,70.000000000,MEASURED_CPU_FAULT,CPU;INTERVAL_FAULTS,NA,NA,NA,NA,NA,NA,NA,NA,NA,NA,NA,NA,NA,NA,NA,NA,NA,NA,NA,NA,NA,NA,NA,TARGET_GONE,identity no longer active
2026-10-02T16:06:07Z,APP_22001_3033686,22001,3033686,11,127,191.904,0,0,-1,-1,0,0.999931471,NA,NA,70.000000000,MEASURED_CPU_FAULT,CPU;INTERVAL_FAULTS,NA,NA,NA,NA,NA,NA,NA,NA,NA,NA,NA,NA,NA,NA,NA,NA,NA,NA,NA,NA,NA,NA,NA,TARGET_GONE,identity no longer active
2026-10-02T16:06:07Z,APP_22001_3033686,22001,3033686,11,128,202.639,0,0,-1,-1,0,0.999931471,NA,NA,70.000000000,MEASURED_CPU_FAULT,CPU;INTERVAL_FAULTS,NA,NA,NA,NA,NA,NA,NA,NA,NA,NA,NA,NA,NA,NA,NA,NA,NA,NA,NA,NA,NA,NA,NA,TARGET_GONE,identity no longer active
2026-10-02T16:06:07Z,APP_22001_3033686,22001,3033686,11,129,201.802,0,0,-1,-1,0,0.999931471,NA,NA,70.000000000,MEASURED_CPU_FAULT,CPU;INTERVAL_FAULTS,NA,NA,NA,NA,NA,NA,NA,NA,NA,NA,NA,NA,NA,NA,NA,NA,NA,NA,NA,NA,NA,NA,NA,TARGET_GONE,identity no longer active
2026-10-02T16:06:07Z,APP_22001_3033686,22001,3033686,11,130,196.923,0,0,-1,-1,0,0.999931471,NA,NA,70.000000000,MEASURED_CPU_FAULT,CPU;INTERVAL_FAULTS,NA,NA,NA,NA,NA,NA,NA,NA,NA,NA,NA,NA,NA,NA,NA,NA,NA,NA,NA,NA,NA,NA,NA,TARGET_GONE,identity no longer active
2026-10-02T16:06:07Z,APP_22001_3033686,22001,3033686,11,131,204.800,0,0,-1,-1,0,0.999931471,NA,NA,70.000000000,MEASURED_CPU_FAULT,CPU;INTERVAL_FAULTS,NA,NA,NA,NA,NA,NA,NA,NA,NA,NA,NA,NA,NA,NA,NA,NA,NA,NA,NA,NA,NA,NA,NA,TARGET_GONE,identity no longer active
2026-10-02T16:06:07Z,APP_22001_3033686,22001,3033686,11,132,201.499,0,0,-1,-1,0,0.999931471,NA,NA,70.000000000,MEASURED_CPU_FAULT,CPU;INTERVAL_FAULTS,NA,NA,NA,NA,NA,NA,NA,NA,NA,NA,NA,NA,NA,NA,NA,NA,NA,NA,NA,NA,NA,NA,NA,TARGET_GONE,identity no longer active
2026-10-02T16:06:07Z,APP_22001_3033686,22001,3033686,11,133,202.639,0,0,-1,-1,0,0.999931471,NA,NA,70.000000000,MEASURED_CPU_FAULT,CPU;INTERVAL_FAULTS,NA,NA,NA,NA,NA,NA,NA,NA,NA,NA,NA,NA,NA,NA,NA,NA,NA,NA,NA,NA,NA,NA,NA,TARGET_GONE,identity no longer active
2026-10-02T16:06:08Z,APP_22001_3033686,22001,3033686,11,134,201.802,0,0,-1,-1,0,0.999931471,NA,NA,70.000000000,MEASURED_CPU_FAULT,CPU;INTERVAL_FAULTS,NA,NA,NA,NA,NA,NA,NA,NA,NA,NA,NA,NA,NA,NA,NA,NA,NA,NA,NA,NA,NA,NA,NA,TARGET_GONE,identity no longer active
2026-10-02T16:06:08Z,APP_22001_3033686,22001,3033686,11,135,200.866,0,0,-1,-1,0,0.999931471,NA,NA,70.000000000,MEASURED_CPU_FAULT,CPU;INTERVAL_FAULTS,NA,NA,NA,NA,NA,NA,NA,NA,NA,NA,NA,NA,NA,NA,NA,NA,NA,NA,NA,NA,NA,NA,NA,TARGET_GONE,identity no longer active
2026-10-02T16:06:08Z,APP_22001_3033686,22001,3033686,11,136,192.192,0,0,-1,-1,0,0.999931471,NA,NA,70.000000000,MEASURED_CPU_FAULT,CPU;INTERVAL_FAULTS,NA,NA,NA,NA,NA,NA,NA,NA,NA,NA,NA,NA,NA,NA,NA,NA,NA,NA,NA,NA,NA,NA,NA,TARGET_GONE,identity no longer active
2026-10-02T16:06:08Z,APP_22001_3033686,22001,3033686,11,137,201.083,0,0,-1,-1,0,0.999931471,NA,NA,70.000000000,MEASURED_CPU_FAULT,CPU;INTERVAL_FAULTS,NA,NA,NA,NA,NA,NA,NA,NA,NA,NA,NA,NA,NA,NA,NA,NA,NA,NA,NA,NA,NA,NA,NA,TARGET_GONE,identity no longer active
2026-10-02T16:06:08Z,APP_22001_3033686,22001,3033686,11,138,192.000,0,0,-1,-1,0,0.999931471,NA,NA,70.000000000,MEASURED_CPU_FAULT,CPU;INTERVAL_FAULTS,NA,NA,NA,NA,NA,NA,NA,NA,NA,NA,NA,NA,NA,NA,NA,NA,NA,NA,NA,NA,NA,NA,NA,TARGET_GONE,identity no longer active
2026-10-02T16:06:08Z,APP_22001_3033686,22001,3033686,11,139,201.117,0,0,-1,-1,0,0.999931471,NA,NA,70.000000000,MEASURED_CPU_FAULT,CPU;INTERVAL_FAULTS,NA,NA,NA,NA,NA,NA,NA,NA,NA,NA,NA,NA,NA,NA,NA,NA,NA,NA,NA,NA,NA,NA,NA,TARGET_GONE,identity no longer active
2026-10-02T16:06:08Z,APP_22001_3033686,22001,3033686,11,140,204.391,0,0,-1,-1,0,0.999931471,NA,NA,70.000000000,MEASURED_CPU_FAULT,CPU;INTERVAL_FAULTS,NA,NA,NA,NA,NA,NA,NA,NA,NA,NA,NA,NA,NA,NA,NA,NA,NA,NA,NA,NA,NA,NA,NA,TARGET_GONE,identity no longer active
2026-10-02T16:06:08Z,APP_22001_3033686,22001,3033686,11,141,201.802,0,0,-1,-1,0,0.999931471,NA,NA,70.000000000,MEASURED_CPU_FAULT,CPU;INTERVAL_FAULTS,NA,NA,NA,NA,NA,NA,NA,NA,NA,NA,NA,NA,NA,NA,NA,NA,NA,NA,NA,NA,NA,NA,NA,TARGET_GONE,identity no longer active
2026-10-02T16:06:09Z,APP_22001_3033686,22001,3033686,11,142,202.906,0,0,-1,-1,0,0.999931471,NA,NA,70.000000000,MEASURED_CPU_FAULT,CPU;INTERVAL_FAULTS,NA,NA,NA,NA,NA,NA,NA,NA,NA,NA,NA,NA,NA,NA,NA,NA,NA,NA,NA,NA,NA,NA,NA,TARGET_GONE,identity no longer active
2026-10-02T16:06:09Z,APP_22001_3033686,22001,3033686,11,143,201.802,0,0,-1,-1,0,0.999931471,NA,NA,70.000000000,MEASURED_CPU_FAULT,CPU;INTERVAL_FAULTS,NA,NA,NA,NA,NA,NA,NA,NA,NA,NA,NA,NA,NA,NA,NA,NA,NA,NA,NA,NA,NA,NA,NA,TARGET_GONE,identity no longer active
2026-10-02T16:06:09Z,APP_22001_3033686,22001,3033686,11,144,201.083,0,0,-1,-1,0,0.999931471,NA,NA,70.000000000,MEASURED_CPU_FAULT,CPU;INTERVAL_FAULTS,NA,NA,NA,NA,NA,NA,NA,NA,NA,NA,NA,NA,NA,NA,NA,NA,NA,NA,NA,NA,NA,NA,NA,TARGET_GONE,identity no longer active
2026-10-02T16:06:09Z,APP_22001_3033686,22001,3033686,11,145,192.481,0,0,-1,-1,0,0.999931471,NA,NA,70.000000000,MEASURED_CPU_FAULT,CPU;INTERVAL_FAULTS,NA,NA,NA,NA,NA,NA,NA,NA,NA,NA,NA,NA,NA,NA,NA,NA,NA,NA,NA,NA,NA,NA,NA,TARGET_GONE,identity no longer active
2026-10-02T16:06:09Z,APP_22001_3033686,22001,3033686,11,146,201.083,0,0,-1,-1,0,0.999931471,NA,NA,70.000000000,MEASURED_CPU_FAULT,CPU;INTERVAL_FAULTS,NA,NA,NA,NA,NA,NA,NA,NA,NA,NA,NA,NA,NA,NA,NA,NA,NA,NA,NA,NA,NA,NA,NA,TARGET_GONE,identity no longer active
2026-10-02T16:06:09Z,APP_22001_3033686,22001,3033686,11,147,192.000,0,0,-1,-1,0,0.999931471,NA,NA,70.000000000,MEASURED_CPU_FAULT,CPU;INTERVAL_FAULTS,NA,NA,NA,NA,NA,NA,NA,NA,NA,NA,NA,NA,NA,NA,NA,NA,NA,NA,NA,NA,NA,NA,NA,TARGET_GONE,identity no longer active
2026-10-02T16:06:09Z,APP_22001_3033686,22001,3033686,11,148,200.557,0,0,-1,-1,0,0.999931471,NA,NA,70.000000000,MEASURED_CPU_FAULT,CPU;INTERVAL_FAULTS,NA,NA,NA,NA,NA,NA,NA,NA,NA,NA,NA,NA,NA,NA,NA,NA,NA,NA,NA,NA,NA,NA,NA,TARGET_GONE,identity no longer active
2026-10-02T16:06:09Z,APP_22001_3033686,22001,3033686,11,149,204.391,0,0,-1,-1,0,0.999931471,NA,NA,70.000000000,MEASURED_CPU_FAULT,CPU;INTERVAL_FAULTS,NA,NA,NA,NA,NA,NA,NA,NA,NA,NA,NA,NA,NA,NA,NA,NA,NA,NA,NA,NA,NA,NA,NA,TARGET_GONE,identity no longer active
2026-10-02T16:06:10Z,APP_22001_3033686,22001,3033686,11,150,201.499,0,0,-1,-1,0,0.999931471,NA,NA,70.000000000,MEASURED_CPU_FAULT,CPU;INTERVAL_FAULTS,NA,NA,NA,NA,NA,NA,NA,NA,NA,NA,NA,NA,NA,NA,NA,NA,NA,NA,NA,NA,NA,NA,NA,TARGET_GONE,identity no longer active
2026-10-02T16:06:10Z,APP_22001_3033686,22001,3033686,11,151,202.906,0,0,-1,-1,0,0.999931471,NA,NA,70.000000000,MEASURED_CPU_FAULT,CPU;INTERVAL_FAULTS,NA,NA,NA,NA,NA,NA,NA,NA,NA,NA,NA,NA,NA,NA,NA,NA,NA,NA,NA,NA,NA,NA,NA,TARGET_GONE,identity no longer active
2026-10-02T16:06:10Z,APP_22001_3033686,22001,3033686,11,152,201.802,0,0,-1,-1,0,0.999931471,NA,NA,70.000000000,MEASURED_CPU_FAULT,CPU;INTERVAL_FAULTS,NA,NA,NA,NA,NA,NA,NA,NA,NA,NA,NA,NA,NA,NA,NA,NA,NA,NA,NA,NA,NA,NA,NA,TARGET_GONE,identity no longer active
2026-10-02T16:06:10Z,APP_22001_3033686,22001,3033686,11,153,201.083,0,0,-1,-1,0,0.999931471,NA,NA,70.000000000,MEASURED_CPU_FAULT,CPU;INTERVAL_FAULTS,NA,NA,NA,NA,NA,NA,NA,NA,NA,NA,NA,NA,NA,NA,NA,NA,NA,NA,NA,NA,NA,NA,NA,TARGET_GONE,identity no longer active
2026-10-02T16:06:10Z,APP_22001_3033686,22001,3033686,11,154,191.904,0,0,-1,-1,0,0.999931471,NA,NA,70.000000000,MEASURED_CPU_FAULT,CPU;INTERVAL_FAULTS,NA,NA,NA,NA,NA,NA,NA,NA,NA,NA,NA,NA,NA,NA,NA,NA,NA,NA,NA,NA,NA,NA,NA,TARGET_GONE,identity no longer active
2026-10-02T16:06:10Z,APP_22001_3033686,22001,3033686,11,155,201.083,0,0,-1,-1,0,0.999931471,NA,NA,70.000000000,MEASURED_CPU_FAULT,CPU;INTERVAL_FAULTS,NA,NA,NA,NA,NA,NA,NA,NA,NA,NA,NA,NA,NA,NA,NA,NA,NA,NA,NA,NA,NA,NA,NA,TARGET_GONE,identity no longer active
2026-10-02T16:06:10Z,APP_22001_3033686,22001,3033686,11,156,192.771,0,0,-1,-1,0,0.999931471,NA,NA,70.000000000,MEASURED_CPU_FAULT,CPU;INTERVAL_FAULTS,NA,NA,NA,NA,NA,NA,NA,NA,NA,NA,NA,NA,NA,NA,NA,NA,NA,NA,NA,NA,NA,NA,NA,TARGET_GONE,identity no longer active
2026-10-02T16:06:10Z,APP_22001_3033686,22001,3033686,11,157,203.109,0,0,-1,-1,0,0.999931471,NA,NA,70.000000000,MEASURED_CPU_FAULT,CPU;INTERVAL_FAULTS,NA,NA,NA,NA,NA,NA,NA,NA,NA,NA,NA,NA,NA,NA,NA,NA,NA,NA,NA,NA,NA,NA,NA,TARGET_GONE,identity no longer active
2026-10-02T16:06:11Z,APP_22001_3033686,22001,3033686,11,158,192.000,0,0,-1,-1,0,0.999931471,NA,NA,70.000000000,MEASURED_CPU_FAULT,CPU;INTERVAL_FAULTS,NA,NA,NA,NA,NA,NA,NA,NA,NA,NA,NA,NA,NA,NA,NA,NA,NA,NA,NA,NA,NA,NA,NA,TARGET_GONE,identity no longer active
2026-10-02T16:06:11Z,APP_22001_3033686,22001,3033686,11,159,201.802,0,0,-1,-1,0,0.999931471,NA,NA,70.000000000,MEASURED_CPU_FAULT,CPU;INTERVAL_FAULTS,NA,NA,NA,NA,NA,NA,NA,NA,NA,NA,NA,NA,NA,NA,NA,NA,NA,NA,NA,NA,NA,NA,NA,TARGET_GONE,identity no longer active
2026-10-02T16:06:11Z,APP_22001_3033686,22001,3033686,11,160,204.082,0,0,-1,-1,0,0.999931471,NA,NA,70.000000000,MEASURED_CPU_FAULT,CPU;INTERVAL_FAULTS,NA,NA,NA,NA,NA,NA,NA,NA,NA,NA,NA,NA,NA,NA,NA,NA,NA,NA,NA,NA,NA,NA,NA,TARGET_GONE,identity no longer active
2026-10-02T16:06:11Z,APP_22001_3033686,22001,3033686,11,161,201.802,0,0,-1,-1,0,0.999931471,NA,NA,70.000000000,MEASURED_CPU_FAULT,CPU;INTERVAL_FAULTS,NA,NA,NA,NA,NA,NA,NA,NA,NA,NA,NA,NA,NA,NA,NA,NA,NA,NA,NA,NA,NA,NA,NA,TARGET_GONE,identity no longer active
2026-10-02T16:06:11Z,APP_22001_3033686,22001,3033686,11,162,194.967,0,0,-1,-1,0,0.999931471,NA,NA,70.000000000,MEASURED_CPU_FAULT,CPU;INTERVAL_FAULTS,NA,NA,NA,NA,NA,NA,NA,NA,NA,NA,NA,NA,NA,NA,NA,NA,NA,NA,NA,NA,NA,NA,NA,TARGET_GONE,identity no longer active
2026-10-02T16:06:11Z,APP_22001_3033686,22001,3033686,11,163,210.463,0,0,-1,-1,0,0.999931471,NA,NA,70.000000000,MEASURED_CPU_FAULT,CPU;INTERVAL_FAULTS,NA,NA,NA,NA,NA,NA,NA,NA,NA,NA,NA,NA,NA,NA,NA,NA,NA,NA,NA,NA,NA,NA,NA,TARGET_GONE,identity no longer active
2026-10-02T16:06:11Z,APP_22001_3033686,22001,3033686,11,164,195.163,0,0,-1,-1,0,0.999931471,NA,NA,70.000000000,MEASURED_CPU_FAULT,CPU;INTERVAL_FAULTS,NA,NA,NA,NA,NA,NA,NA,NA,NA,NA,NA,NA,NA,NA,NA,NA,NA,NA,NA,NA,NA,NA,NA,TARGET_GONE,identity no longer active
2026-10-02T16:06:11Z,APP_22001_3033686,22001,3033686,11,165,192.000,0,0,-1,-1,0,0.999931471,NA,NA,70.000000000,MEASURED_CPU_FAULT,CPU;INTERVAL_FAULTS,NA,NA,NA,NA,NA,NA,NA,NA,NA,NA,NA,NA,NA,NA,NA,NA,NA,NA,NA,NA,NA,NA,NA,TARGET_GONE,identity no longer active
2026-10-02T16:06:12Z,APP_22001_3033686,22001,3033686,11,166,200.261,0,0,-1,-1,0,0.999931471,NA,NA,70.000000000,MEASURED_CPU_FAULT,CPU;INTERVAL_FAULTS,NA,NA,NA,NA,NA,NA,NA,NA,NA,NA,NA,NA,NA,NA,NA,NA,NA,NA,NA,NA,NA,NA,NA,TARGET_GONE,identity no longer active
2026-10-02T16:06:12Z,APP_22001_3033686,22001,3033686,11,167,210.778,0,0,-1,-1,0,0.999931471,NA,NA,70.000000000,MEASURED_CPU_FAULT,CPU;INTERVAL_FAULTS,NA,NA,NA,NA,NA,NA,NA,NA,NA,NA,NA,NA,NA,NA,NA,NA,NA,NA,NA,NA,NA,NA,NA,TARGET_GONE,identity no longer active
2026-10-02T16:06:12Z,APP_22001_3033686,22001,3033686,11,168,192.192,0,0,-1,-1,0,0.999931471,NA,NA,70.000000000,MEASURED_CPU_FAULT,CPU;INTERVAL_FAULTS,NA,NA,NA,NA,NA,NA,NA,NA,NA,NA,NA,NA,NA,NA,NA,NA,NA,NA,NA,NA,NA,NA,NA,TARGET_GONE,identity no longer active
2026-10-02T16:06:12Z,APP_22001_3033686,22001,3033686,11,169,203.562,0,0,-1,-1,0,0.999931471,NA,NA,70.000000000,MEASURED_CPU_FAULT,CPU;INTERVAL_FAULTS,NA,NA,NA,NA,NA,NA,NA,NA,NA,NA,NA,NA,NA,NA,NA,NA,NA,NA,NA,NA,NA,NA,NA,TARGET_GONE,identity no longer active
2026-10-02T16:06:12Z,APP_22001_3033686,22001,3033686,11,170,201.802,0,0,-1,-1,0,0.999931471,NA,NA,70.000000000,MEASURED_CPU_FAULT,CPU;INTERVAL_FAULTS,NA,NA,NA,NA,NA,NA,NA,NA,NA,NA,NA,NA,NA,NA,NA,NA,NA,NA,NA,NA,NA,NA,NA,TARGET_GONE,identity no longer active
2026-10-02T16:06:12Z,APP_22001_3033686,22001,3033686,11,171,201.893,0,0,-1,-1,0,0.999931471,NA,NA,70.000000000,MEASURED_CPU_FAULT,CPU;INTERVAL_FAULTS,NA,NA,NA,NA,NA,NA,NA,NA,NA,NA,NA,NA,NA,NA,NA,NA,NA,NA,NA,NA,NA,NA,NA,TARGET_GONE,identity no longer active
2026-10-02T16:06:12Z,APP_22001_3033686,22001,3033686,11,172,191.617,0,0,-1,-1,0,0.999931471,NA,NA,70.000000000,MEASURED_CPU_FAULT,CPU;INTERVAL_FAULTS,NA,NA,NA,NA,NA,NA,NA,NA,NA,NA,NA,NA,NA,NA,NA,NA,NA,NA,NA,NA,NA,NA,NA,TARGET_GONE,identity no longer active
2026-10-02T16:06:12Z,APP_22001_3033686,22001,3033686,11,173,201.893,0,0,-1,-1,0,0.999931471,NA,NA,70.000000000,MEASURED_CPU_FAULT,CPU;INTERVAL_FAULTS,NA,NA,NA,NA,NA,NA,NA,NA,NA,NA,NA,NA,NA,NA,NA,NA,NA,NA,NA,NA,NA,NA,NA,TARGET_GONE,identity no longer active
2026-10-02T16:06:12Z,APP_22001_3033686,22001,3033686,11,174,201.499,0,0,-1,-1,0,0.999931471,NA,NA,70.000000000,MEASURED_CPU_FAULT,CPU;INTERVAL_FAULTS,NA,NA,NA,NA,NA,NA,NA,NA,NA,NA,NA,NA,NA,NA,NA,NA,NA,NA,NA,NA,NA,NA,NA,TARGET_GONE,identity no longer active
2026-10-02T16:06:13Z,APP_22001_3033686,22001,3033686,11,175,197.666,0,0,-1,-1,0,0.999931471,NA,NA,70.000000000,MEASURED_CPU_FAULT,CPU;INTERVAL_FAULTS,NA,NA,NA,NA,NA,NA,NA,NA,NA,NA,NA,NA,NA,NA,NA,NA,NA,NA,NA,NA,NA,NA,NA,TARGET_GONE,identity no longer active
2026-10-02T16:06:13Z,APP_22001_3033686,22001,3033686,11,176,211.411,0,0,-1,-1,0,0.999931471,NA,NA,70.000000000,MEASURED_CPU_FAULT,CPU;INTERVAL_FAULTS,NA,NA,NA,NA,NA,NA,NA,NA,NA,NA,NA,NA,NA,NA,NA,NA,NA,NA,NA,NA,NA,NA,NA,TARGET_GONE,identity no longer active
2026-10-02T16:06:13Z,APP_22001_3033686,22001,3033686,11,177,200.897,0,0,-1,-1,0,0.999931471,NA,NA,70.000000000,MEASURED_CPU_FAULT,CPU;INTERVAL_FAULTS,NA,NA,NA,NA,NA,NA,NA,NA,NA,NA,NA,NA,NA,NA,NA,NA,NA,NA,NA,NA,NA,NA,NA,TARGET_GONE,identity no longer active
2026-10-02T16:06:13Z,APP_22001_3033686,22001,3033686,11,178,195.918,0,0,-1,-1,0,0.999931471,NA,NA,70.000000000,MEASURED_CPU_FAULT,CPU;INTERVAL_FAULTS,NA,NA,NA,NA,NA,NA,NA,NA,NA,NA,NA,NA,NA,NA,NA,NA,NA,NA,NA,NA,NA,NA,NA,TARGET_GONE,identity no longer active
2026-10-02T16:06:13Z,APP_22001_3033686,22001,3033686,11,179,201.802,0,0,-1,-1,0,0.999931471,NA,NA,70.000000000,MEASURED_CPU_FAULT,CPU;INTERVAL_FAULTS,NA,NA,NA,NA,NA,NA,NA,NA,NA,NA,NA,NA,NA,NA,NA,NA,NA,NA,NA,NA,NA,NA,NA,TARGET_GONE,identity no longer active
2026-10-02T16:06:13Z,APP_22001_3033686,22001,3033686,11,180,201.893,0,0,-1,-1,0,0.999931471,NA,NA,70.000000000,MEASURED_CPU_FAULT,CPU;INTERVAL_FAULTS,NA,NA,NA,NA,NA,NA,NA,NA,NA,NA,NA,NA,NA,NA,NA,NA,NA,NA,NA,NA,NA,NA,NA,TARGET_GONE,identity no longer active
2026-10-02T16:06:13Z,APP_22001_3033686,22001,3033686,11,181,201.198,0,0,-1,-1,0,0.999931471,NA,NA,70.000000000,MEASURED_CPU_FAULT,CPU;INTERVAL_FAULTS,NA,NA,NA,NA,NA,NA,NA,NA,NA,NA,NA,NA,NA,NA,NA,NA,NA,NA,NA,NA,NA,NA,NA,TARGET_GONE,identity no longer active
2026-10-02T16:06:13Z,APP_22001_3033686,22001,3033686,11,182,201.681,0,0,-1,-1,0,0.999931471,NA,NA,70.000000000,MEASURED_CPU_FAULT,CPU;INTERVAL_FAULTS,NA,NA,NA,NA,NA,NA,NA,NA,NA,NA,NA,NA,NA,NA,NA,NA,NA,NA,NA,NA,NA,NA,NA,TARGET_GONE,identity no longer active
2026-10-02T16:06:14Z,APP_22001_3033686,22001,3033686,11,183,201.499,0,0,-1,-1,0,0.999931471,NA,NA,70.000000000,MEASURED_CPU_FAULT,CPU;INTERVAL_FAULTS,NA,NA,NA,NA,NA,NA,NA,NA,NA,NA,NA,NA,NA,NA,NA,NA,NA,NA,NA,NA,NA,NA,NA,TARGET_GONE,identity no longer active
2026-10-02T16:06:14Z,APP_22001_3033686,22001,3033686,11,184,197.531,0,0,-1,-1,0,0.999931471,NA,NA,70.000000000,MEASURED_CPU_FAULT,CPU;INTERVAL_FAULTS,NA,NA,NA,NA,NA,NA,NA,NA,NA,NA,NA,NA,NA,NA,NA,NA,NA,NA,NA,NA,NA,NA,NA,TARGET_GONE,identity no longer active
2026-10-02T16:06:14Z,APP_22001_3033686,22001,3033686,11,185,210.778,0,0,-1,-1,0,0.999931471,NA,NA,70.000000000,MEASURED_CPU_FAULT,CPU;INTERVAL_FAULTS,NA,NA,NA,NA,NA,NA,NA,NA,NA,NA,NA,NA,NA,NA,NA,NA,NA,NA,NA,NA,NA,NA,NA,TARGET_GONE,identity no longer active
2026-10-02T16:06:14Z,APP_22001_3033686,22001,3033686,11,186,201.802,0,0,-1,-1,0,0.999931471,NA,NA,70.000000000,MEASURED_CPU_FAULT,CPU;INTERVAL_FAULTS,NA,NA,NA,NA,NA,NA,NA,NA,NA,NA,NA,NA,NA,NA,NA,NA,NA,NA,NA,NA,NA,NA,NA,TARGET_GONE,identity no longer active
2026-10-02T16:06:14Z,APP_22001_3033686,22001,3033686,11,187,195.420,0,0,-1,-1,0,0.999931471,NA,NA,70.000000000,MEASURED_CPU_FAULT,CPU;INTERVAL_FAULTS,NA,NA,NA,NA,NA,NA,NA,NA,NA,NA,NA,NA,NA,NA,NA,NA,NA,NA,NA,NA,NA,NA,NA,TARGET_GONE,identity no longer active
2026-10-02T16:06:14Z,APP_22001_3033686,22001,3033686,11,188,201.499,0,0,-1,-1,0,0.999931471,NA,NA,70.000000000,MEASURED_CPU_FAULT,CPU;INTERVAL_FAULTS,NA,NA,NA,NA,NA,NA,NA,NA,NA,NA,NA,NA,NA,NA,NA,NA,NA,NA,NA,NA,NA,NA,NA,TARGET_GONE,identity no longer active
2026-10-02T16:06:14Z,APP_22001_3033686,22001,3033686,11,189,201.893,0,0,-1,-1,0,0.999931471,NA,NA,70.000000000,MEASURED_CPU_FAULT,CPU;INTERVAL_FAULTS,NA,NA,NA,NA,NA,NA,NA,NA,NA,NA,NA,NA,NA,NA,NA,NA,NA,NA,NA,NA,NA,NA,NA,TARGET_GONE,identity no longer active
2026-10-02T16:06:14Z,APP_22001_3033686,22001,3033686,11,190,201.499,0,0,-1,-1,0,0.999931471,NA,NA,70.000000000,MEASURED_CPU_FAULT,CPU;INTERVAL_FAULTS,NA,NA,NA,NA,NA,NA,NA,NA,NA,NA,NA,NA,NA,NA,NA,NA,NA,NA,NA,NA,NA,NA,NA,TARGET_GONE,identity no longer active
2026-10-02T16:06:15Z,APP_22001_3033686,22001,3033686,11,191,194.753,0,0,-1,-1,0,0.999931471,NA,NA,70.000000000,MEASURED_CPU_FAULT,CPU;INTERVAL_FAULTS,NA,NA,NA,NA,NA,NA,NA,NA,NA,NA,NA,NA,NA,NA,NA,NA,NA,NA,NA,NA,NA,NA,NA,TARGET_GONE,identity no longer active
2026-10-02T16:06:15Z,APP_22001_3033686,22001,3033686,11,192,201.499,0,0,-1,-1,0,0.999931471,NA,NA,70.000000000,MEASURED_CPU_FAULT,CPU;INTERVAL_FAULTS,NA,NA,NA,NA,NA,NA,NA,NA,NA,NA,NA,NA,NA,NA,NA,NA,NA,NA,NA,NA,NA,NA,NA,TARGET_GONE,identity no longer active
2026-10-02T16:06:15Z,APP_22001_3033686,22001,3033686,11,193,202.895,0,0,-1,-1,0,0.999931471,NA,NA,70.000000000,MEASURED_CPU_FAULT,CPU;INTERVAL_FAULTS,NA,NA,NA,NA,NA,NA,NA,NA,NA,NA,NA,NA,NA,NA,NA,NA,NA,NA,NA,NA,NA,NA,NA,TARGET_GONE,identity no longer active
2026-10-02T16:06:15Z,APP_22001_3033686,22001,3033686,11,194,191.617,0,0,-1,-1,0,0.999931471,NA,NA,70.000000000,MEASURED_CPU_FAULT,CPU;INTERVAL_FAULTS,NA,NA,NA,NA,NA,NA,NA,NA,NA,NA,NA,NA,NA,NA,NA,NA,NA,NA,NA,NA,NA,NA,NA,TARGET_GONE,identity no longer active
2026-10-02T16:06:15Z,APP_22001_3033686,22001,3033686,11,195,201.802,0,0,-1,-1,0,0.999931471,NA,NA,70.000000000,MEASURED_CPU_FAULT,CPU;INTERVAL_FAULTS,NA,NA,NA,NA,NA,NA,NA,NA,NA,NA,NA,NA,NA,NA,NA,NA,NA,NA,NA,NA,NA,NA,NA,TARGET_GONE,identity no longer active
2026-10-02T16:06:15Z,APP_22001_3033686,22001,3033686,11,196,203.822,0,0,-1,-1,0,0.999931471,NA,NA,70.000000000,MEASURED_CPU_FAULT,CPU;INTERVAL_FAULTS,NA,NA,NA,NA,NA,NA,NA,NA,NA,NA,NA,NA,NA,NA,NA,NA,NA,NA,NA,NA,NA,NA,NA,TARGET_GONE,identity no longer active
2026-10-02T16:06:15Z,APP_22001_3033686,22001,3033686,11,197,192.192,0,0,-1,-1,0,0.999931471,NA,NA,70.000000000,MEASURED_CPU_FAULT,CPU;INTERVAL_FAULTS,NA,NA,NA,NA,NA,NA,NA,NA,NA,NA,NA,NA,NA,NA,NA,NA,NA,NA,NA,NA,NA,NA,NA,TARGET_GONE,identity no longer active
2026-10-02T16:06:15Z,APP_22001_3033686,22001,3033686,11,198,201.681,0,0,-1,-1,0,0.999931471,NA,NA,70.000000000,MEASURED_CPU_FAULT,CPU;INTERVAL_FAULTS,NA,NA,NA,NA,NA,NA,NA,NA,NA,NA,NA,NA,NA,NA,NA,NA,NA,NA,NA,NA,NA,NA,NA,TARGET_GONE,identity no longer active
2026-10-02T16:06:16Z,APP_22001_3033686,22001,3033686,11,199,201.499,0,0,-1,-1,0,0.999931471,NA,NA,70.000000000,MEASURED_CPU_FAULT,CPU;INTERVAL_FAULTS,NA,NA,NA,NA,NA,NA,NA,NA,NA,NA,NA,NA,NA,NA,NA,NA,NA,NA,NA,NA,NA,NA,NA,TARGET_GONE,identity no longer active
2026-10-02T16:06:16Z,APP_22001_3033686,22001,3033686,11,200,200.810,0,0,-1,-1,0,0.999931471,NA,NA,70.000000000,MEASURED_CPU_FAULT,CPU;INTERVAL_FAULTS,NA,NA,NA,NA,NA,NA,NA,NA,NA,NA,NA,NA,NA,NA,NA,NA,NA,NA,NA,NA,NA,NA,NA,TARGET_GONE,identity no longer active
2026-10-02T16:06:16Z,APP_22001_3033686,22001,3033686,11,201,201.198,0,0,-1,-1,0,0.999931471,NA,NA,70.000000000,MEASURED_CPU_FAULT,CPU;INTERVAL_FAULTS,NA,NA,NA,NA,NA,NA,NA,NA,NA,NA,NA,NA,NA,NA,NA,NA,NA,NA,NA,NA,NA,NA,NA,TARGET_GONE,identity no longer active
2026-10-02T16:06:04Z,APP_22001_3033686,22001,3033686,12,202,0.000,0,0,-1,-1,0,0.999931471,1,true,0.000000000,MEASURED_CPU_FAULT,CPU;INTERVAL_FAULTS,HOT,669.474315258,0.560000000,0.700000000,NA,NA,NA,NA,0.560000000,0.000000000,0.700000000,0.000000000,-1.000000000,1.232000000,NA,MOVE_THREAD,INVALID,NOT_APPLICABLE,INVALID,MOVE_THREAD,-1,-1,false,TARGET_GONE,identity no longer active
2026-10-02T16:06:04Z,APP_22001_3033686,22001,3033686,12,203,0.000,0,0,-1,-1,0,0.999931471,NA,NA,0.000000000,MEASURED_CPU_FAULT,CPU;INTERVAL_FAULTS,NA,NA,NA,NA,NA,NA,NA,NA,NA,NA,NA,NA,NA,NA,NA,NA,NA,NA,NA,NA,NA,NA,NA,TARGET_GONE,identity no longer active
2026-10-02T16:06:04Z,APP_22001_3033686,22001,3033686,12,204,0.000,0,0,-1,-1,0,0.999931471,NA,NA,0.000000000,MEASURED_CPU_FAULT,CPU;INTERVAL_FAULTS,NA,NA,NA,NA,NA,NA,NA,NA,NA,NA,NA,NA,NA,NA,NA,NA,NA,NA,NA,NA,NA,NA,NA,TARGET_GONE,identity no longer active
2026-10-02T16:06:04Z,APP_22001_3033686,22001,3033686,12,205,0.000,0,0,-1,-1,0,0.999931471,NA,NA,0.000000000,MEASURED_CPU_FAULT,CPU;INTERVAL_FAULTS,NA,NA,NA,NA,NA,NA,NA,NA,NA,NA,NA,NA,NA,NA,NA,NA,NA,NA,NA,NA,NA,NA,NA,TARGET_GONE,identity no longer active
2026-10-02T16:06:04Z,APP_22001_3033686,22001,3033686,12,206,0.000,0,0,-1,-1,0,0.999931471,NA,NA,0.000000000,MEASURED_CPU_FAULT,CPU;INTERVAL_FAULTS,NA,NA,NA,NA,NA,NA,NA,NA,NA,NA,NA,NA,NA,NA,NA,NA,NA,NA,NA,NA,NA,NA,NA,TARGET_GONE,identity no longer active
2026-10-02T16:06:04Z,APP_22001_3033686,22001,3033686,12,207,0.000,0,0,-1,-1,0,0.999931471,NA,NA,0.000000000,MEASURED_CPU_FAULT,CPU;INTERVAL_FAULTS,NA,NA,NA,NA,NA,NA,NA,NA,NA,NA,NA,NA,NA,NA,NA,NA,NA,NA,NA,NA,NA,NA,NA,TARGET_GONE,identity no longer active
2026-10-02T16:06:05Z,APP_22001_3033686,22001,3033686,12,208,0.000,0,0,-1,-1,0,0.999931471,NA,NA,0.000000000,MEASURED_CPU_FAULT,CPU;INTERVAL_FAULTS,NA,NA,NA,NA,NA,NA,NA,NA,NA,NA,NA,NA,NA,NA,NA,NA,NA,NA,NA,NA,NA,NA,NA,TARGET_GONE,identity no longer active
2026-10-02T16:06:05Z,APP_22001_3033686,22001,3033686,12,209,0.000,0,0,-1,-1,0,0.999931471,NA,NA,0.000000000,MEASURED_CPU_FAULT,CPU;INTERVAL_FAULTS,NA,NA,NA,NA,NA,NA,NA,NA,NA,NA,NA,NA,NA,NA,NA,NA,NA,NA,NA,NA,NA,NA,NA,TARGET_GONE,identity no longer active
2026-10-02T16:06:05Z,APP_22001_3033686,22001,3033686,12,210,0.000,0,0,-1,-1,0,0.999931471,NA,NA,0.000000000,MEASURED_CPU_FAULT,CPU;INTERVAL_FAULTS,NA,NA,NA,NA,NA,NA,NA,NA,NA,NA,NA,NA,NA,NA,NA,NA,NA,NA,NA,NA,NA,NA,NA,TARGET_GONE,identity no longer active
2026-10-02T16:06:05Z,APP_22001_3033686,22001,3033686,12,211,16.203,0,0,-1,-1,0,0.999931471,NA,NA,11.342100000,MEASURED_CPU_FAULT,CPU;INTERVAL_FAULTS,NA,NA,NA,NA,NA,NA,NA,NA,NA,NA,NA,NA,NA,NA,NA,NA,NA,NA,NA,NA,NA,NA,NA,TARGET_GONE,identity no longer active
2026-10-02T16:06:05Z,APP_22001_3033686,22001,3033686,12,212,192.385,0,0,-1,-1,0,0.999931471,NA,NA,70.000000000,MEASURED_CPU_FAULT,CPU;INTERVAL_FAULTS,NA,NA,NA,NA,NA,NA,NA,NA,NA,NA,NA,NA,NA,NA,NA,NA,NA,NA,NA,NA,NA,NA,NA,TARGET_GONE,identity no longer active
2026-10-02T16:06:05Z,APP_22001_3033686,22001,3033686,12,213,210.778,0,0,-1,-1,0,0.999931471,NA,NA,70.000000000,MEASURED_CPU_FAULT,CPU;INTERVAL_FAULTS,NA,NA,NA,NA,NA,NA,NA,NA,NA,NA,NA,NA,NA,NA,NA,NA,NA,NA,NA,NA,NA,NA,NA,TARGET_GONE,identity no longer active
2026-10-02T16:06:05Z,APP_22001_3033686,22001,3033686,12,214,202.009,0,0,-1,-1,0,0.999931471,NA,NA,70.000000000,MEASURED_CPU_FAULT,CPU;INTERVAL_FAULTS,NA,NA,NA,NA,NA,NA,NA,NA,NA,NA,NA,NA,NA,NA,NA,NA,NA,NA,NA,NA,NA,NA,NA,TARGET_GONE,identity no longer active
2026-10-02T16:06:05Z,APP_22001_3033686,22001,3033686,12,215,191.904,0,0,-1,-1,0,0.999931471,NA,NA,70.000000000,MEASURED_CPU_FAULT,CPU;INTERVAL_FAULTS,NA,NA,NA,NA,NA,NA,NA,NA,NA,NA,NA,NA,NA,NA,NA,NA,NA,NA,NA,NA,NA,NA,NA,TARGET_GONE,identity no longer active
2026-10-02T16:06:06Z,APP_22001_3033686,22001,3033686,12,216,206.928,0,0,-1,-1,0,0.999931471,NA,NA,70.000000000,MEASURED_CPU_FAULT,CPU;INTERVAL_FAULTS,NA,NA,NA,NA,NA,NA,NA,NA,NA,NA,NA,NA,NA,NA,NA,NA,NA,NA,NA,NA,NA,NA,NA,TARGET_GONE,identity no longer active
2026-10-02T16:06:06Z,APP_22001_3033686,22001,3033686,12,217,192.385,0,0,-1,-1,0,0.999931471,NA,NA,70.000000000,MEASURED_CPU_FAULT,CPU;INTERVAL_FAULTS,NA,NA,NA,NA,NA,NA,NA,NA,NA,NA,NA,NA,NA,NA,NA,NA,NA,NA,NA,NA,NA,NA,NA,TARGET_GONE,identity no longer active
2026-10-02T16:06:06Z,APP_22001_3033686,22001,3033686,12,218,201.198,0,0,-1,-1,0,0.999931471,NA,NA,70.000000000,MEASURED_CPU_FAULT,CPU;INTERVAL_FAULTS,NA,NA,NA,NA,NA,NA,NA,NA,NA,NA,NA,NA,NA,NA,NA,NA,NA,NA,NA,NA,NA,NA,NA,TARGET_GONE,identity no longer active
2026-10-02T16:06:06Z,APP_22001_3033686,22001,3033686,12,219,201.431,0,0,-1,-1,0,0.999931471,NA,NA,70.000000000,MEASURED_CPU_FAULT,CPU;INTERVAL_FAULTS,NA,NA,NA,NA,NA,NA,NA,NA,NA,NA,NA,NA,NA,NA,NA,NA,NA,NA,NA,NA,NA,NA,NA,TARGET_GONE,identity no longer active
2026-10-02T16:06:06Z,APP_22001_3033686,22001,3033686,12,220,201.802,0,0,-1,-1,0,0.999931471,NA,NA,70.000000000,MEASURED_CPU_FAULT,CPU;INTERVAL_FAULTS,NA,NA,NA,NA,NA,NA,NA,NA,NA,NA,NA,NA,NA,NA,NA,NA,NA,NA,NA,NA,NA,NA,NA,TARGET_GONE,identity no longer active
2026-10-02T16:06:06Z,APP_22001_3033686,22001,3033686,12,221,196.047,0,0,-1,-1,0,0.999931471,NA,NA,70.000000000,MEASURED_CPU_FAULT,CPU;INTERVAL_FAULTS,NA,NA,NA,NA,NA,NA,NA,NA,NA,NA,NA,NA,NA,NA,NA,NA,NA,NA,NA,NA,NA,NA,NA,TARGET_GONE,identity no longer active
2026-10-02T16:06:06Z,APP_22001_3033686,22001,3033686,12,222,204.391,0,0,-1,-1,0,0.999931471,NA,NA,70.000000000,MEASURED_CPU_FAULT,CPU;INTERVAL_FAULTS,NA,NA,NA,NA,NA,NA,NA,NA,NA,NA,NA,NA,NA,NA,NA,NA,NA,NA,NA,NA,NA,NA,NA,TARGET_GONE,identity no longer active
2026-10-02T16:06:06Z,APP_22001_3033686,22001,3033686,12,223,201.802,0,0,-1,-1,0,0.999931471,NA,NA,70.000000000,MEASURED_CPU_FAULT,CPU;INTERVAL_FAULTS,NA,NA,NA,NA,NA,NA,NA,NA,NA,NA,NA,NA,NA,NA,NA,NA,NA,NA,NA,NA,NA,NA,NA,TARGET_GONE,identity no longer active
2026-10-02T16:06:06Z,APP_22001_3033686,22001,3033686,12,224,194.195,0,0,-1,-1,0,0.999931471,NA,NA,70.000000000,MEASURED_CPU_FAULT,CPU;INTERVAL_FAULTS,NA,NA,NA,NA,NA,NA,NA,NA,NA,NA,NA,NA,NA,NA,NA,NA,NA,NA,NA,NA,NA,NA,NA,TARGET_GONE,identity no longer active
2026-10-02T16:06:06Z,APP_22001_3033686,22001,3033686,12,225,210.778,0,0,-1,-1,0,0.999931471,NA,NA,70.000000000,MEASURED_CPU_FAULT,CPU;INTERVAL_FAULTS,NA,NA,NA,NA,NA,NA,NA,NA,NA,NA,NA,NA,NA,NA,NA,NA,NA,NA,NA,NA,NA,NA,NA,TARGET_GONE,identity no longer active
2026-10-02T16:06:07Z,APP_22001_3033686,22001,3033686,12,226,194.360,0,0,-1,-1,0,0.999931471,NA,NA,70.000000000,MEASURED_CPU_FAULT,CPU;INTERVAL_FAULTS,NA,NA,NA,NA,NA,NA,NA,NA,NA,NA,NA,NA,NA,NA,NA,NA,NA,NA,NA,NA,NA,NA,NA,TARGET_GONE,identity no longer active
2026-10-02T16:06:07Z,APP_22001_3033686,22001,3033686,12,227,205.210,0,0,-1,-1,0,0.999931471,NA,NA,70.000000000,MEASURED_CPU_FAULT,CPU;INTERVAL_FAULTS,NA,NA,NA,NA,NA,NA,NA,NA,NA,NA,NA,NA,NA,NA,NA,NA,NA,NA,NA,NA,NA,NA,NA,TARGET_GONE,identity no longer active
2026-10-02T16:06:07Z,APP_22001_3033686,22001,3033686,12,228,191.904,0,0,-1,-1,0,0.999931471,NA,NA,70.000000000,MEASURED_CPU_FAULT,CPU;INTERVAL_FAULTS,NA,NA,NA,NA,NA,NA,NA,NA,NA,NA,NA,NA,NA,NA,NA,NA,NA,NA,NA,NA,NA,NA,NA,TARGET_GONE,identity no longer active
2026-10-02T16:06:07Z,APP_22001_3033686,22001,3033686,12,229,202.639,0,0,-1,-1,0,0.999931471,NA,NA,70.000000000,MEASURED_CPU_FAULT,CPU;INTERVAL_FAULTS,NA,NA,NA,NA,NA,NA,NA,NA,NA,NA,NA,NA,NA,NA,NA,NA,NA,NA,NA,NA,NA,NA,NA,TARGET_GONE,identity no longer active
2026-10-02T16:06:07Z,APP_22001_3033686,22001,3033686,12,230,201.802,0,0,-1,-1,0,0.999931471,NA,NA,70.000000000,MEASURED_CPU_FAULT,CPU;INTERVAL_FAULTS,NA,NA,NA,NA,NA,NA,NA,NA,NA,NA,NA,NA,NA,NA,NA,NA,NA,NA,NA,NA,NA,NA,NA,TARGET_GONE,identity no longer active
2026-10-02T16:06:07Z,APP_22001_3033686,22001,3033686,12,231,196.923,0,0,-1,-1,0,0.999931471,NA,NA,70.000000000,MEASURED_CPU_FAULT,CPU;INTERVAL_FAULTS,NA,NA,NA,NA,NA,NA,NA,NA,NA,NA,NA,NA,NA,NA,NA,NA,NA,NA,NA,NA,NA,NA,NA,TARGET_GONE,identity no longer active
2026-10-02T16:06:07Z,APP_22001_3033686,22001,3033686,12,232,204.800,0,0,-1,-1,0,0.999931471,NA,NA,70.000000000,MEASURED_CPU_FAULT,CPU;INTERVAL_FAULTS,NA,NA,NA,NA,NA,NA,NA,NA,NA,NA,NA,NA,NA,NA,NA,NA,NA,NA,NA,NA,NA,NA,NA,TARGET_GONE,identity no longer active
2026-10-02T16:06:07Z,APP_22001_3033686,22001,3033686,12,233,201.499,0,0,-1,-1,0,0.999931471,NA,NA,70.000000000,MEASURED_CPU_FAULT,CPU;INTERVAL_FAULTS,NA,NA,NA,NA,NA,NA,NA,NA,NA,NA,NA,NA,NA,NA,NA,NA,NA,NA,NA,NA,NA,NA,NA,TARGET_GONE,identity no longer active
2026-10-02T16:06:07Z,APP_22001_3033686,22001,3033686,12,234,202.639,0,0,-1,-1,0,0.999931471,NA,NA,70.000000000,MEASURED_CPU_FAULT,CPU;INTERVAL_FAULTS,NA,NA,NA,NA,NA,NA,NA,NA,NA,NA,NA,NA,NA,NA,NA,NA,NA,NA,NA,NA,NA,NA,NA,TARGET_GONE,identity no longer active
2026-10-02T16:06:08Z,APP_22001_3033686,22001,3033686,12,235,201.802,0,0,-1,-1,0,0.999931471,NA,NA,70.000000000,MEASURED_CPU_FAULT,CPU;INTERVAL_FAULTS,NA,NA,NA,NA,NA,NA,NA,NA,NA,NA,NA,NA,NA,NA,NA,NA,NA,NA,NA,NA,NA,NA,NA,TARGET_GONE,identity no longer active
2026-10-02T16:06:08Z,APP_22001_3033686,22001,3033686,12,236,200.866,0,0,-1,-1,0,0.999931471,NA,NA,70.000000000,MEASURED_CPU_FAULT,CPU;INTERVAL_FAULTS,NA,NA,NA,NA,NA,NA,NA,NA,NA,NA,NA,NA,NA,NA,NA,NA,NA,NA,NA,NA,NA,NA,NA,TARGET_GONE,identity no longer active
2026-10-02T16:06:08Z,APP_22001_3033686,22001,3033686,12,237,192.192,0,0,-1,-1,0,0.999931471,NA,NA,70.000000000,MEASURED_CPU_FAULT,CPU;INTERVAL_FAULTS,NA,NA,NA,NA,NA,NA,NA,NA,NA,NA,NA,NA,NA,NA,NA,NA,NA,NA,NA,NA,NA,NA,NA,TARGET_GONE,identity no longer active
2026-10-02T16:06:08Z,APP_22001_3033686,22001,3033686,12,238,201.083,0,0,-1,-1,0,0.999931471,NA,NA,70.000000000,MEASURED_CPU_FAULT,CPU;INTERVAL_FAULTS,NA,NA,NA,NA,NA,NA,NA,NA,NA,NA,NA,NA,NA,NA,NA,NA,NA,NA,NA,NA,NA,NA,NA,TARGET_GONE,identity no longer active
2026-10-02T16:06:08Z,APP_22001_3033686,22001,3033686,12,239,192.000,0,0,-1,-1,0,0.999931471,NA,NA,70.000000000,MEASURED_CPU_FAULT,CPU;INTERVAL_FAULTS,NA,NA,NA,NA,NA,NA,NA,NA,NA,NA,NA,NA,NA,NA,NA,NA,NA,NA,NA,NA,NA,NA,NA,TARGET_GONE,identity no longer active
2026-10-02T16:06:08Z,APP_22001_3033686,22001,3033686,12,240,201.117,0,0,-1,-1,0,0.999931471,NA,NA,70.000000000,MEASURED_CPU_FAULT,CPU;INTERVAL_FAULTS,NA,NA,NA,NA,NA,NA,NA,NA,NA,NA,NA,NA,NA,NA,NA,NA,NA,NA,NA,NA,NA,NA,NA,TARGET_GONE,identity no longer active
2026-10-02T16:06:08Z,APP_22001_3033686,22001,3033686,12,241,204.391,0,0,-1,-1,0,0.999931471,NA,NA,70.000000000,MEASURED_CPU_FAULT,CPU;INTERVAL_FAULTS,NA,NA,NA,NA,NA,NA,NA,NA,NA,NA,NA,NA,NA,NA,NA,NA,NA,NA,NA,NA,NA,NA,NA,TARGET_GONE,identity no longer active
2026-10-02T16:06:08Z,APP_22001_3033686,22001,3033686,12,242,201.802,0,0,-1,-1,0,0.999931471,NA,NA,70.000000000,MEASURED_CPU_FAULT,CPU;INTERVAL_FAULTS,NA,NA,NA,NA,NA,NA,NA,NA,NA,NA,NA,NA,NA,NA,NA,NA,NA,NA,NA,NA,NA,NA,NA,TARGET_GONE,identity no longer active
2026-10-02T16:06:09Z,APP_22001_3033686,22001,3033686,12,243,202.906,0,0,-1,-1,0,0.999931471,NA,NA,70.000000000,MEASURED_CPU_FAULT,CPU;INTERVAL_FAULTS,NA,NA,NA,NA,NA,NA,NA,NA,NA,NA,NA,NA,NA,NA,NA,NA,NA,NA,NA,NA,NA,NA,NA,TARGET_GONE,identity no longer active
2026-10-02T16:06:09Z,APP_22001_3033686,22001,3033686,12,244,201.802,0,0,-1,-1,0,0.999931471,NA,NA,70.000000000,MEASURED_CPU_FAULT,CPU;INTERVAL_FAULTS,NA,NA,NA,NA,NA,NA,NA,NA,NA,NA,NA,NA,NA,NA,NA,NA,NA,NA,NA,NA,NA,NA,NA,TARGET_GONE,identity no longer active
2026-10-02T16:06:09Z,APP_22001_3033686,22001,3033686,12,245,201.083,0,0,-1,-1,0,0.999931471,NA,NA,70.000000000,MEASURED_CPU_FAULT,CPU;INTERVAL_FAULTS,NA,NA,NA,NA,NA,NA,NA,NA,NA,NA,NA,NA,NA,NA,NA,NA,NA,NA,NA,NA,NA,NA,NA,TARGET_GONE,identity no longer active
2026-10-02T16:06:09Z,APP_22001_3033686,22001,3033686,12,246,192.481,0,0,-1,-1,0,0.999931471,NA,NA,70.000000000,MEASURED_CPU_FAULT,CPU;INTERVAL_FAULTS,NA,NA,NA,NA,NA,NA,NA,NA,NA,NA,NA,NA,NA,NA,NA,NA,NA,NA,NA,NA,NA,NA,NA,TARGET_GONE,identity no longer active
2026-10-02T16:06:09Z,APP_22001_3033686,22001,3033686,12,247,201.083,0,0,-1,-1,0,0.999931471,NA,NA,70.000000000,MEASURED_CPU_FAULT,CPU;INTERVAL_FAULTS,NA,NA,NA,NA,NA,NA,NA,NA,NA,NA,NA,NA,NA,NA,NA,NA,NA,NA,NA,NA,NA,NA,NA,TARGET_GONE,identity no longer active
2026-10-02T16:06:09Z,APP_22001_3033686,22001,3033686,12,248,192.000,0,0,-1,-1,0,0.999931471,NA,NA,70.000000000,MEASURED_CPU_FAULT,CPU;INTERVAL_FAULTS,NA,NA,NA,NA,NA,NA,NA,NA,NA,NA,NA,NA,NA,NA,NA,NA,NA,NA,NA,NA,NA,NA,NA,TARGET_GONE,identity no longer active
2026-10-02T16:06:09Z,APP_22001_3033686,22001,3033686,12,249,200.557,0,0,-1,-1,0,0.999931471,NA,NA,70.000000000,MEASURED_CPU_FAULT,CPU;INTERVAL_FAULTS,NA,NA,NA,NA,NA,NA,NA,NA,NA,NA,NA,NA,NA,NA,NA,NA,NA,NA,NA,NA,NA,NA,NA,TARGET_GONE,identity no longer active
2026-10-02T16:06:09Z,APP_22001_3033686,22001,3033686,12,250,204.391,0,0,-1,-1,0,0.999931471,NA,NA,70.000000000,MEASURED_CPU_FAULT,CPU;INTERVAL_FAULTS,NA,NA,NA,NA,NA,NA,NA,NA,NA,NA,NA,NA,NA,NA,NA,NA,NA,NA,NA,NA,NA,NA,NA,TARGET_GONE,identity no longer active
2026-10-02T16:06:10Z,APP_22001_3033686,22001,3033686,12,251,201.499,0,0,-1,-1,0,0.999931471,NA,NA,70.000000000,MEASURED_CPU_FAULT,CPU;INTERVAL_FAULTS,NA,NA,NA,NA,NA,NA,NA,NA,NA,NA,NA,NA,NA,NA,NA,NA,NA,NA,NA,NA,NA,NA,NA,TARGET_GONE,identity no longer active
2026-10-02T16:06:10Z,APP_22001_3033686,22001,3033686,12,252,202.906,0,0,-1,-1,0,0.999931471,NA,NA,70.000000000,MEASURED_CPU_FAULT,CPU;INTERVAL_FAULTS,NA,NA,NA,NA,NA,NA,NA,NA,NA,NA,NA,NA,NA,NA,NA,NA,NA,NA,NA,NA,NA,NA,NA,TARGET_GONE,identity no longer active
2026-10-02T16:06:10Z,APP_22001_3033686,22001,3033686,12,253,201.802,0,0,-1,-1,0,0.999931471,NA,NA,70.000000000,MEASURED_CPU_FAULT,CPU;INTERVAL_FAULTS,NA,NA,NA,NA,NA,NA,NA,NA,NA,NA,NA,NA,NA,NA,NA,NA,NA,NA,NA,NA,NA,NA,NA,TARGET_GONE,identity no longer active
2026-10-02T16:06:10Z,APP_22001_3033686,22001,3033686,12,254,201.083,0,0,-1,-1,0,0.999931471,NA,NA,70.000000000,MEASURED_CPU_FAULT,CPU;INTERVAL_FAULTS,NA,NA,NA,NA,NA,NA,NA,NA,NA,NA,NA,NA,NA,NA,NA,NA,NA,NA,NA,NA,NA,NA,NA,TARGET_GONE,identity no longer active
2026-10-02T16:06:10Z,APP_22001_3033686,22001,3033686,12,255,191.904,0,0,-1,-1,0,0.999931471,NA,NA,70.000000000,MEASURED_CPU_FAULT,CPU;INTERVAL_FAULTS,NA,NA,NA,NA,NA,NA,NA,NA,NA,NA,NA,NA,NA,NA,NA,NA,NA,NA,NA,NA,NA,NA,NA,TARGET_GONE,identity no longer active
2026-10-02T16:06:10Z,APP_22001_3033686,22001,3033686,12,256,201.083,0,0,-1,-1,0,0.999931471,NA,NA,70.000000000,MEASURED_CPU_FAULT,CPU;INTERVAL_FAULTS,NA,NA,NA,NA,NA,NA,NA,NA,NA,NA,NA,NA,NA,NA,NA,NA,NA,NA,NA,NA,NA,NA,NA,TARGET_GONE,identity no longer active
2026-10-02T16:06:10Z,APP_22001_3033686,22001,3033686,12,257,192.771,0,0,-1,-1,0,0.999931471,NA,NA,70.000000000,MEASURED_CPU_FAULT,CPU;INTERVAL_FAULTS,NA,NA,NA,NA,NA,NA,NA,NA,NA,NA,NA,NA,NA,NA,NA,NA,NA,NA,NA,NA,NA,NA,NA,TARGET_GONE,identity no longer active
2026-10-02T16:06:10Z,APP_22001_3033686,22001,3033686,12,258,203.109,0,0,-1,-1,0,0.999931471,NA,NA,70.000000000,MEASURED_CPU_FAULT,CPU;INTERVAL_FAULTS,NA,NA,NA,NA,NA,NA,NA,NA,NA,NA,NA,NA,NA,NA,NA,NA,NA,NA,NA,NA,NA,NA,NA,TARGET_GONE,identity no longer active
2026-10-02T16:06:11Z,APP_22001_3033686,22001,3033686,12,259,192.000,0,0,-1,-1,0,0.999931471,NA,NA,70.000000000,MEASURED_CPU_FAULT,CPU;INTERVAL_FAULTS,NA,NA,NA,NA,NA,NA,NA,NA,NA,NA,NA,NA,NA,NA,NA,NA,NA,NA,NA,NA,NA,NA,NA,TARGET_GONE,identity no longer active
2026-10-02T16:06:11Z,APP_22001_3033686,22001,3033686,12,260,201.802,0,0,-1,-1,0,0.999931471,NA,NA,70.000000000,MEASURED_CPU_FAULT,CPU;INTERVAL_FAULTS,NA,NA,NA,NA,NA,NA,NA,NA,NA,NA,NA,NA,NA,NA,NA,NA,NA,NA,NA,NA,NA,NA,NA,TARGET_GONE,identity no longer active
2026-10-02T16:06:11Z,APP_22001_3033686,22001,3033686,12,261,204.082,0,0,-1,-1,0,0.999931471,NA,NA,70.000000000,MEASURED_CPU_FAULT,CPU;INTERVAL_FAULTS,NA,NA,NA,NA,NA,NA,NA,NA,NA,NA,NA,NA,NA,NA,NA,NA,NA,NA,NA,NA,NA,NA,NA,TARGET_GONE,identity no longer active
2026-10-02T16:06:11Z,APP_22001_3033686,22001,3033686,12,262,201.802,0,0,-1,-1,0,0.999931471,NA,NA,70.000000000,MEASURED_CPU_FAULT,CPU;INTERVAL_FAULTS,NA,NA,NA,NA,NA,NA,NA,NA,NA,NA,NA,NA,NA,NA,NA,NA,NA,NA,NA,NA,NA,NA,NA,TARGET_GONE,identity no longer active
2026-10-02T16:06:11Z,APP_22001_3033686,22001,3033686,12,263,194.967,0,0,-1,-1,0,0.999931471,NA,NA,70.000000000,MEASURED_CPU_FAULT,CPU;INTERVAL_FAULTS,NA,NA,NA,NA,NA,NA,NA,NA,NA,NA,NA,NA,NA,NA,NA,NA,NA,NA,NA,NA,NA,NA,NA,TARGET_GONE,identity no longer active
2026-10-02T16:06:11Z,APP_22001_3033686,22001,3033686,12,264,210.463,0,0,-1,-1,0,0.999931471,NA,NA,70.000000000,MEASURED_CPU_FAULT,CPU;INTERVAL_FAULTS,NA,NA,NA,NA,NA,NA,NA,NA,NA,NA,NA,NA,NA,NA,NA,NA,NA,NA,NA,NA,NA,NA,NA,TARGET_GONE,identity no longer active
2026-10-02T16:06:11Z,APP_22001_3033686,22001,3033686,12,265,195.163,0,0,-1,-1,0,0.999931471,NA,NA,70.000000000,MEASURED_CPU_FAULT,CPU;INTERVAL_FAULTS,NA,NA,NA,NA,NA,NA,NA,NA,NA,NA,NA,NA,NA,NA,NA,NA,NA,NA,NA,NA,NA,NA,NA,TARGET_GONE,identity no longer active
2026-10-02T16:06:11Z,APP_22001_3033686,22001,3033686,12,266,192.000,0,0,-1,-1,0,0.999931471,NA,NA,70.000000000,MEASURED_CPU_FAULT,CPU;INTERVAL_FAULTS,NA,NA,NA,NA,NA,NA,NA,NA,NA,NA,NA,NA,NA,NA,NA,NA,NA,NA,NA,NA,NA,NA,NA,TARGET_GONE,identity no longer active
2026-10-02T16:06:12Z,APP_22001_3033686,22001,3033686,12,267,200.261,0,0,-1,-1,0,0.999931471,NA,NA,70.000000000,MEASURED_CPU_FAULT,CPU;INTERVAL_FAULTS,NA,NA,NA,NA,NA,NA,NA,NA,NA,NA,NA,NA,NA,NA,NA,NA,NA,NA,NA,NA,NA,NA,NA,TARGET_GONE,identity no longer active
2026-10-02T16:06:12Z,APP_22001_3033686,22001,3033686,12,268,210.778,0,0,-1,-1,0,0.999931471,NA,NA,70.000000000,MEASURED_CPU_FAULT,CPU;INTERVAL_FAULTS,NA,NA,NA,NA,NA,NA,NA,NA,NA,NA,NA,NA,NA,NA,NA,NA,NA,NA,NA,NA,NA,NA,NA,TARGET_GONE,identity no longer active
2026-10-02T16:06:12Z,APP_22001_3033686,22001,3033686,12,269,192.192,0,0,-1,-1,0,0.999931471,NA,NA,70.000000000,MEASURED_CPU_FAULT,CPU;INTERVAL_FAULTS,NA,NA,NA,NA,NA,NA,NA,NA,NA,NA,NA,NA,NA,NA,NA,NA,NA,NA,NA,NA,NA,NA,NA,TARGET_GONE,identity no longer active
2026-10-02T16:06:12Z,APP_22001_3033686,22001,3033686,12,270,203.562,0,0,-1,-1,0,0.999931471,NA,NA,70.000000000,MEASURED_CPU_FAULT,CPU;INTERVAL_FAULTS,NA,NA,NA,NA,NA,NA,NA,NA,NA,NA,NA,NA,NA,NA,NA,NA,NA,NA,NA,NA,NA,NA,NA,TARGET_GONE,identity no longer active
2026-10-02T16:06:12Z,APP_22001_3033686,22001,3033686,12,271,201.802,0,0,-1,-1,0,0.999931471,NA,NA,70.000000000,MEASURED_CPU_FAULT,CPU;INTERVAL_FAULTS,NA,NA,NA,NA,NA,NA,NA,NA,NA,NA,NA,NA,NA,NA,NA,NA,NA,NA,NA,NA,NA,NA,NA,TARGET_GONE,identity no longer active
2026-10-02T16:06:12Z,APP_22001_3033686,22001,3033686,12,272,201.893,0,0,-1,-1,0,0.999931471,NA,NA,70.000000000,MEASURED_CPU_FAULT,CPU;INTERVAL_FAULTS,NA,NA,NA,NA,NA,NA,NA,NA,NA,NA,NA,NA,NA,NA,NA,NA,NA,NA,NA,NA,NA,NA,NA,TARGET_GONE,identity no longer active
2026-10-02T16:06:12Z,APP_22001_3033686,22001,3033686,12,273,191.617,0,0,-1,-1,0,0.999931471,NA,NA,70.000000000,MEASURED_CPU_FAULT,CPU;INTERVAL_FAULTS,NA,NA,NA,NA,NA,NA,NA,NA,NA,NA,NA,NA,NA,NA,NA,NA,NA,NA,NA,NA,NA,NA,NA,TARGET_GONE,identity no longer active
2026-10-02T16:06:12Z,APP_22001_3033686,22001,3033686,12,274,201.893,0,0,-1,-1,0,0.999931471,NA,NA,70.000000000,MEASURED_CPU_FAULT,CPU;INTERVAL_FAULTS,NA,NA,NA,NA,NA,NA,NA,NA,NA,NA,NA,NA,NA,NA,NA,NA,NA,NA,NA,NA,NA,NA,NA,TARGET_GONE,identity no longer active
2026-10-02T16:06:12Z,APP_22001_3033686,22001,3033686,12,275,201.499,0,0,-1,-1,0,0.999931471,NA,NA,70.000000000,MEASURED_CPU_FAULT,CPU;INTERVAL_FAULTS,NA,NA,NA,NA,NA,NA,NA,NA,NA,NA,NA,NA,NA,NA,NA,NA,NA,NA,NA,NA,NA,NA,NA,TARGET_GONE,identity no longer active
2026-10-02T16:06:13Z,APP_22001_3033686,22001,3033686,12,276,197.666,0,0,-1,-1,0,0.999931471,NA,NA,70.000000000,MEASURED_CPU_FAULT,CPU;INTERVAL_FAULTS,NA,NA,NA,NA,NA,NA,NA,NA,NA,NA,NA,NA,NA,NA,NA,NA,NA,NA,NA,NA,NA,NA,NA,TARGET_GONE,identity no longer active
2026-10-02T16:06:13Z,APP_22001_3033686,22001,3033686,12,277,211.411,0,0,-1,-1,0,0.999931471,NA,NA,70.000000000,MEASURED_CPU_FAULT,CPU;INTERVAL_FAULTS,NA,NA,NA,NA,NA,NA,NA,NA,NA,NA,NA,NA,NA,NA,NA,NA,NA,NA,NA,NA,NA,NA,NA,TARGET_GONE,identity no longer active
2026-10-02T16:06:13Z,APP_22001_3033686,22001,3033686,12,278,200.897,0,0,-1,-1,0,0.999931471,NA,NA,70.000000000,MEASURED_CPU_FAULT,CPU;INTERVAL_FAULTS,NA,NA,NA,NA,NA,NA,NA,NA,NA,NA,NA,NA,NA,NA,NA,NA,NA,NA,NA,NA,NA,NA,NA,TARGET_GONE,identity no longer active
2026-10-02T16:06:13Z,APP_22001_3033686,22001,3033686,12,279,195.918,0,0,-1,-1,0,0.999931471,NA,NA,70.000000000,MEASURED_CPU_FAULT,CPU;INTERVAL_FAULTS,NA,NA,NA,NA,NA,NA,NA,NA,NA,NA,NA,NA,NA,NA,NA,NA,NA,NA,NA,NA,NA,NA,NA,TARGET_GONE,identity no longer active
2026-10-02T16:06:13Z,APP_22001_3033686,22001,3033686,12,280,201.802,0,0,-1,-1,0,0.999931471,NA,NA,70.000000000,MEASURED_CPU_FAULT,CPU;INTERVAL_FAULTS,NA,NA,NA,NA,NA,NA,NA,NA,NA,NA,NA,NA,NA,NA,NA,NA,NA,NA,NA,NA,NA,NA,NA,TARGET_GONE,identity no longer active
2026-10-02T16:06:13Z,APP_22001_3033686,22001,3033686,12,281,201.893,0,0,-1,-1,0,0.999931471,NA,NA,70.000000000,MEASURED_CPU_FAULT,CPU;INTERVAL_FAULTS,NA,NA,NA,NA,NA,NA,NA,NA,NA,NA,NA,NA,NA,NA,NA,NA,NA,NA,NA,NA,NA,NA,NA,TARGET_GONE,identity no longer active
2026-10-02T16:06:13Z,APP_22001_3033686,22001,3033686,12,282,201.198,0,0,-1,-1,0,0.999931471,NA,NA,70.000000000,MEASURED_CPU_FAULT,CPU;INTERVAL_FAULTS,NA,NA,NA,NA,NA,NA,NA,NA,NA,NA,NA,NA,NA,NA,NA,NA,NA,NA,NA,NA,NA,NA,NA,TARGET_GONE,identity no longer active
2026-10-02T16:06:13Z,APP_22001_3033686,22001,3033686,12,283,201.681,0,0,-1,-1,0,0.999931471,NA,NA,70.000000000,MEASURED_CPU_FAULT,CPU;INTERVAL_FAULTS,NA,NA,NA,NA,NA,NA,NA,NA,NA,NA,NA,NA,NA,NA,NA,NA,NA,NA,NA,NA,NA,NA,NA,TARGET_GONE,identity no longer active
2026-10-02T16:06:14Z,APP_22001_3033686,22001,3033686,12,284,201.499,0,0,-1,-1,0,0.999931471,NA,NA,70.000000000,MEASURED_CPU_FAULT,CPU;INTERVAL_FAULTS,NA,NA,NA,NA,NA,NA,NA,NA,NA,NA,NA,NA,NA,NA,NA,NA,NA,NA,NA,NA,NA,NA,NA,TARGET_GONE,identity no longer active
2026-10-02T16:06:14Z,APP_22001_3033686,22001,3033686,12,285,197.531,0,0,-1,-1,0,0.999931471,NA,NA,70.000000000,MEASURED_CPU_FAULT,CPU;INTERVAL_FAULTS,NA,NA,NA,NA,NA,NA,NA,NA,NA,NA,NA,NA,NA,NA,NA,NA,NA,NA,NA,NA,NA,NA,NA,TARGET_GONE,identity no longer active
2026-10-02T16:06:14Z,APP_22001_3033686,22001,3033686,12,286,210.778,0,0,-1,-1,0,0.999931471,NA,NA,70.000000000,MEASURED_CPU_FAULT,CPU;INTERVAL_FAULTS,NA,NA,NA,NA,NA,NA,NA,NA,NA,NA,NA,NA,NA,NA,NA,NA,NA,NA,NA,NA,NA,NA,NA,TARGET_GONE,identity no longer active
2026-10-02T16:06:14Z,APP_22001_3033686,22001,3033686,12,287,201.802,0,0,-1,-1,0,0.999931471,NA,NA,70.000000000,MEASURED_CPU_FAULT,CPU;INTERVAL_FAULTS,NA,NA,NA,NA,NA,NA,NA,NA,NA,NA,NA,NA,NA,NA,NA,NA,NA,NA,NA,NA,NA,NA,NA,TARGET_GONE,identity no longer active
2026-10-02T16:06:14Z,APP_22001_3033686,22001,3033686,12,288,195.420,0,0,-1,-1,0,0.999931471,NA,NA,70.000000000,MEASURED_CPU_FAULT,CPU;INTERVAL_FAULTS,NA,NA,NA,NA,NA,NA,NA,NA,NA,NA,NA,NA,NA,NA,NA,NA,NA,NA,NA,NA,NA,NA,NA,TARGET_GONE,identity no longer active
2026-10-02T16:06:14Z,APP_22001_3033686,22001,3033686,12,289,201.499,0,0,-1,-1,0,0.999931471,NA,NA,70.000000000,MEASURED_CPU_FAULT,CPU;INTERVAL_FAULTS,NA,NA,NA,NA,NA,NA,NA,NA,NA,NA,NA,NA,NA,NA,NA,NA,NA,NA,NA,NA,NA,NA,NA,TARGET_GONE,identity no longer active
2026-10-02T16:06:14Z,APP_22001_3033686,22001,3033686,12,290,201.893,0,0,-1,-1,0,0.999931471,NA,NA,70.000000000,MEASURED_CPU_FAULT,CPU;INTERVAL_FAULTS,NA,NA,NA,NA,NA,NA,NA,NA,NA,NA,NA,NA,NA,NA,NA,NA,NA,NA,NA,NA,NA,NA,NA,TARGET_GONE,identity no longer active
2026-10-02T16:06:14Z,APP_22001_3033686,22001,3033686,12,291,201.499,0,0,-1,-1,0,0.999931471,NA,NA,70.000000000,MEASURED_CPU_FAULT,CPU;INTERVAL_FAULTS,NA,NA,NA,NA,NA,NA,NA,NA,NA,NA,NA,NA,NA,NA,NA,NA,NA,NA,NA,NA,NA,NA,NA,TARGET_GONE,identity no longer active
2026-10-02T16:06:15Z,APP_22001_3033686,22001,3033686,12,292,194.753,0,0,-1,-1,0,0.999931471,NA,NA,70.000000000,MEASURED_CPU_FAULT,CPU;INTERVAL_FAULTS,NA,NA,NA,NA,NA,NA,NA,NA,NA,NA,NA,NA,NA,NA,NA,NA,NA,NA,NA,NA,NA,NA,NA,TARGET_GONE,identity no longer active
2026-10-02T16:06:15Z,APP_22001_3033686,22001,3033686,12,293,201.499,0,0,-1,-1,0,0.999931471,NA,NA,70.000000000,MEASURED_CPU_FAULT,CPU;INTERVAL_FAULTS,NA,NA,NA,NA,NA,NA,NA,NA,NA,NA,NA,NA,NA,NA,NA,NA,NA,NA,NA,NA,NA,NA,NA,TARGET_GONE,identity no longer active
2026-10-02T16:06:15Z,APP_22001_3033686,22001,3033686,12,294,202.895,0,0,-1,-1,0,0.999931471,NA,NA,70.000000000,MEASURED_CPU_FAULT,CPU;INTERVAL_FAULTS,NA,NA,NA,NA,NA,NA,NA,NA,NA,NA,NA,NA,NA,NA,NA,NA,NA,NA,NA,NA,NA,NA,NA,TARGET_GONE,identity no longer active
2026-10-02T16:06:15Z,APP_22001_3033686,22001,3033686,12,295,191.617,0,0,-1,-1,0,0.999931471,NA,NA,70.000000000,MEASURED_CPU_FAULT,CPU;INTERVAL_FAULTS,NA,NA,NA,NA,NA,NA,NA,NA,NA,NA,NA,NA,NA,NA,NA,NA,NA,NA,NA,NA,NA,NA,NA,TARGET_GONE,identity no longer active
2026-10-02T16:06:15Z,APP_22001_3033686,22001,3033686,12,296,201.802,0,0,-1,-1,0,0.999931471,NA,NA,70.000000000,MEASURED_CPU_FAULT,CPU;INTERVAL_FAULTS,NA,NA,NA,NA,NA,NA,NA,NA,NA,NA,NA,NA,NA,NA,NA,NA,NA,NA,NA,NA,NA,NA,NA,TARGET_GONE,identity no longer active
2026-10-02T16:06:15Z,APP_22001_3033686,22001,3033686,12,297,203.822,0,0,-1,-1,0,0.999931471,NA,NA,70.000000000,MEASURED_CPU_FAULT,CPU;INTERVAL_FAULTS,NA,NA,NA,NA,NA,NA,NA,NA,NA,NA,NA,NA,NA,NA,NA,NA,NA,NA,NA,NA,NA,NA,NA,TARGET_GONE,identity no longer active
2026-10-02T16:06:15Z,APP_22001_3033686,22001,3033686,12,298,192.192,0,0,-1,-1,0,0.999931471,NA,NA,70.000000000,MEASURED_CPU_FAULT,CPU;INTERVAL_FAULTS,NA,NA,NA,NA,NA,NA,NA,NA,NA,NA,NA,NA,NA,NA,NA,NA,NA,NA,NA,NA,NA,NA,NA,TARGET_GONE,identity no longer active
2026-10-02T16:06:15Z,APP_22001_3033686,22001,3033686,12,299,201.681,0,0,-1,-1,0,0.999931471,NA,NA,70.000000000,MEASURED_CPU_FAULT,CPU;INTERVAL_FAULTS,NA,NA,NA,NA,NA,NA,NA,NA,NA,NA,NA,NA,NA,NA,NA,NA,NA,NA,NA,NA,NA,NA,NA,TARGET_GONE,identity no longer active
2026-10-02T16:06:16Z,APP_22001_3033686,22001,3033686,12,300,201.499,0,0,-1,-1,0,0.999931471,NA,NA,70.000000000,MEASURED_CPU_FAULT,CPU;INTERVAL_FAULTS,NA,NA,NA,NA,NA,NA,NA,NA,NA,NA,NA,NA,NA,NA,NA,NA,NA,NA,NA,NA,NA,NA,NA,TARGET_GONE,identity no longer active
2026-10-02T16:06:16Z,APP_22001_3033686,22001,3033686,12,301,200.810,0,0,-1,-1,0,0.999931471,NA,NA,70.000000000,MEASURED_CPU_FAULT,CPU;INTERVAL_FAULTS,NA,NA,NA,NA,NA,NA,NA,NA,NA,NA,NA,NA,NA,NA,NA,NA,NA,NA,NA,NA,NA,NA,NA,TARGET_GONE,identity no longer active
2026-10-02T16:06:16Z,APP_22001_3033686,22001,3033686,12,302,201.198,0,0,-1,-1,0,0.999931471,NA,NA,70.000000000,MEASURED_CPU_FAULT,CPU;INTERVAL_FAULTS,NA,NA,NA,NA,NA,NA,NA,NA,NA,NA,NA,NA,NA,NA,NA,NA,NA,NA,NA,NA,NA,NA,NA,TARGET_GONE,identity no longer active
2026-10-02T16:06:16Z,APP_22001_3033686,22001,3033686,12,303,199.146,0,0,-1,-1,0,0.999931471,NA,NA,70.000000000,MEASURED_CPU_FAULT,CPU;INTERVAL_FAULTS,NA,NA,NA,NA,NA,NA,NA,NA,NA,NA,NA,NA,NA,NA,NA,NA,NA,NA,NA,NA,NA,NA,NA,TARGET_GONE,identity no longer active
2026-10-02T16:06:16Z,APP_22001_3033686,22001,3033686,12,304,192.192,0,0,-1,-1,0,0.999931471,NA,NA,70.000000000,MEASURED_CPU_FAULT,CPU;INTERVAL_FAULTS,NA,NA,NA,NA,NA,NA,NA,NA,NA,NA,NA,NA,NA,NA,NA,NA,NA,NA,NA,NA,NA,NA,NA,TARGET_GONE,identity no longer active
2026-10-02T16:06:16Z,APP_22001_3033686,22001,3033686,12,305,201.802,0,0,-1,-1,0,0.999931471,NA,NA,70.000000000,MEASURED_CPU_FAULT,CPU;INTERVAL_FAULTS,NA,NA,NA,NA,NA,NA,NA,NA,NA,NA,NA,NA,NA,NA,NA,NA,NA,NA,NA,NA,NA,NA,NA,TARGET_GONE,identity no longer active
2026-10-02T16:06:16Z,APP_22001_3033686,22001,3033686,12,306,197.574,0,0,-1,-1,0,0.999931471,NA,NA,70.000000000,MEASURED_CPU_FAULT,CPU;INTERVAL_FAULTS,NA,NA,NA,NA,NA,NA,NA,NA,NA,NA,NA,NA,NA,NA,NA,NA,NA,NA,NA,NA,NA,NA,NA,TARGET_GONE,identity no longer active
2026-10-02T16:06:16Z,APP_22001_3033686,22001,3033686,12,307,201.499,0,0,-1,-1,0,0.999931471,NA,NA,70.000000000,MEASURED_CPU_FAULT,CPU;INTERVAL_FAULTS,NA,NA,NA,NA,NA,NA,NA,NA,NA,NA,NA,NA,NA,NA,NA,NA,NA,NA,NA,NA,NA,NA,NA,TARGET_GONE,identity no longer active
2026-10-02T16:06:17Z,APP_22001_3033686,22001,3033686,12,308,202.985,0,0,-1,-1,0,0.999931471,NA,NA,70.000000000,MEASURED_CPU_FAULT,CPU;INTERVAL_FAULTS,NA,NA,NA,NA,NA,NA,NA,NA,NA,NA,NA,NA,NA,NA,NA,NA,NA,NA,NA,NA,NA,NA,NA,TARGET_GONE,identity no longer active
2026-10-02T16:06:17Z,APP_22001_3033686,22001,3033686,12,309,191.617,0,0,-1,-1,0,0.999931471,NA,NA,70.000000000,MEASURED_CPU_FAULT,CPU;INTERVAL_FAULTS,NA,NA,NA,NA,NA,NA,NA,NA,NA,NA,NA,NA,NA,NA,NA,NA,NA,NA,NA,NA,NA,NA,NA,TARGET_GONE,identity no longer active
2026-10-02T16:06:17Z,APP_22001_3033686,22001,3033686,12,310,202.607,0,0,-1,-1,0,0.999931471,NA,NA,70.000000000,MEASURED_CPU_FAULT,CPU;INTERVAL_FAULTS,NA,NA,NA,NA,NA,NA,NA,NA,NA,NA,NA,NA,NA,NA,NA,NA,NA,NA,NA,NA,NA,NA,NA,TARGET_GONE,identity no longer active
2026-10-02T16:06:04Z,APP_22001_3033686,22001,3033686,13,311,0.000,0,0,-1,-1,0,0.999931471,1,true,0.000000000,MEASURED_CPU_FAULT,CPU;INTERVAL_FAULTS,HOT,669.474315258,0.560000000,0.700000000,NA,NA,NA,NA,0.560000000,0.000000000,0.700000000,0.000000000,-1.000000000,1.232000000,NA,MOVE_THREAD,INVALID,NOT_APPLICABLE,INVALID,MOVE_THREAD,-1,-1,false,TARGET_GONE,identity no longer active
2026-10-02T16:06:04Z,APP_22001_3033686,22001,3033686,13,312,0.000,0,0,-1,-1,0,0.999931471,NA,NA,0.000000000,MEASURED_CPU_FAULT,CPU;INTERVAL_FAULTS,NA,NA,NA,NA,NA,NA,NA,NA,NA,NA,NA,NA,NA,NA,NA,NA,NA,NA,NA,NA,NA,NA,NA,TARGET_GONE,identity no longer active
2026-10-02T16:06:04Z,APP_22001_3033686,22001,3033686,13,313,0.000,0,0,-1,-1,0,0.999931471,NA,NA,0.000000000,MEASURED_CPU_FAULT,CPU;INTERVAL_FAULTS,NA,NA,NA,NA,NA,NA,NA,NA,NA,NA,NA,NA,NA,NA,NA,NA,NA,NA,NA,NA,NA,NA,NA,TARGET_GONE,identity no longer active
2026-10-02T16:06:04Z,APP_22001_3033686,22001,3033686,13,314,0.000,0,0,-1,-1,0,0.999931471,NA,NA,0.000000000,MEASURED_CPU_FAULT,CPU;INTERVAL_FAULTS,NA,NA,NA,NA,NA,NA,NA,NA,NA,NA,NA,NA,NA,NA,NA,NA,NA,NA,NA,NA,NA,NA,NA,TARGET_GONE,identity no longer active
2026-10-02T16:06:04Z,APP_22001_3033686,22001,3033686,13,315,0.000,0,0,-1,-1,0,0.999931471,NA,NA,0.000000000,MEASURED_CPU_FAULT,CPU;INTERVAL_FAULTS,NA,NA,NA,NA,NA,NA,NA,NA,NA,NA,NA,NA,NA,NA,NA,NA,NA,NA,NA,NA,NA,NA,NA,TARGET_GONE,identity no longer active
2026-10-02T16:06:04Z,APP_22001_3033686,22001,3033686,13,316,0.000,0,0,-1,-1,0,0.999931471,NA,NA,0.000000000,MEASURED_CPU_FAULT,CPU;INTERVAL_FAULTS,NA,NA,NA,NA,NA,NA,NA,NA,NA,NA,NA,NA,NA,NA,NA,NA,NA,NA,NA,NA,NA,NA,NA,TARGET_GONE,identity no longer active
2026-10-02T16:06:05Z,APP_22001_3033686,22001,3033686,13,317,0.000,0,0,-1,-1,0,0.999931471,NA,NA,0.000000000,MEASURED_CPU_FAULT,CPU;INTERVAL_FAULTS,NA,NA,NA,NA,NA,NA,NA,NA,NA,NA,NA,NA,NA,NA,NA,NA,NA,NA,NA,NA,NA,NA,NA,TARGET_GONE,identity no longer active
2026-10-02T16:06:05Z,APP_22001_3033686,22001,3033686,13,318,0.000,0,0,-1,-1,0,0.999931471,NA,NA,0.000000000,MEASURED_CPU_FAULT,CPU;INTERVAL_FAULTS,NA,NA,NA,NA,NA,NA,NA,NA,NA,NA,NA,NA,NA,NA,NA,NA,NA,NA,NA,NA,NA,NA,NA,TARGET_GONE,identity no longer active
2026-10-02T16:06:05Z,APP_22001_3033686,22001,3033686,13,319,0.000,0,0,-1,-1,0,0.999931471,NA,NA,0.000000000,MEASURED_CPU_FAULT,CPU;INTERVAL_FAULTS,NA,NA,NA,NA,NA,NA,NA,NA,NA,NA,NA,NA,NA,NA,NA,NA,NA,NA,NA,NA,NA,NA,NA,TARGET_GONE,identity no longer active
2026-10-02T16:06:05Z,APP_22001_3033686,22001,3033686,13,320,16.203,0,0,-1,-1,0,0.999931471,NA,NA,11.342100000,MEASURED_CPU_FAULT,CPU;INTERVAL_FAULTS,NA,NA,NA,NA,NA,NA,NA,NA,NA,NA,NA,NA,NA,NA,NA,NA,NA,NA,NA,NA,NA,NA,NA,TARGET_GONE,identity no longer active
2026-10-02T16:06:05Z,APP_22001_3033686,22001,3033686,13,321,192.385,0,0,-1,-1,0,0.999931471,NA,NA,70.000000000,MEASURED_CPU_FAULT,CPU;INTERVAL_FAULTS,NA,NA,NA,NA,NA,NA,NA,NA,NA,NA,NA,NA,NA,NA,NA,NA,NA,NA,NA,NA,NA,NA,NA,TARGET_GONE,identity no longer active
2026-10-02T16:06:05Z,APP_22001_3033686,22001,3033686,13,322,210.778,0,0,-1,-1,0,0.999931471,NA,NA,70.000000000,MEASURED_CPU_FAULT,CPU;INTERVAL_FAULTS,NA,NA,NA,NA,NA,NA,NA,NA,NA,NA,NA,NA,NA,NA,NA,NA,NA,NA,NA,NA,NA,NA,NA,TARGET_GONE,identity no longer active
2026-10-02T16:06:05Z,APP_22001_3033686,22001,3033686,13,323,202.009,0,0,-1,-1,0,0.999931471,NA,NA,70.000000000,MEASURED_CPU_FAULT,CPU;INTERVAL_FAULTS,NA,NA,NA,NA,NA,NA,NA,NA,NA,NA,NA,NA,NA,NA,NA,NA,NA,NA,NA,NA,NA,NA,NA,TARGET_GONE,identity no longer active
2026-10-02T16:06:05Z,APP_22001_3033686,22001,3033686,13,324,191.904,0,0,-1,-1,0,0.999931471,NA,NA,70.000000000,MEASURED_CPU_FAULT,CPU;INTERVAL_FAULTS,NA,NA,NA,NA,NA,NA,NA,NA,NA,NA,NA,NA,NA,NA,NA,NA,NA,NA,NA,NA,NA,NA,NA,TARGET_GONE,identity no longer active
2026-10-02T16:06:06Z,APP_22001_3033686,22001,3033686,13,325,206.928,0,0,-1,-1,0,0.999931471,NA,NA,70.000000000,MEASURED_CPU_FAULT,CPU;INTERVAL_FAULTS,NA,NA,NA,NA,NA,NA,NA,NA,NA,NA,NA,NA,NA,NA,NA,NA,NA,NA,NA,NA,NA,NA,NA,TARGET_GONE,identity no longer active
2026-10-02T16:06:06Z,APP_22001_3033686,22001,3033686,13,326,192.385,0,0,-1,-1,0,0.999931471,NA,NA,70.000000000,MEASURED_CPU_FAULT,CPU;INTERVAL_FAULTS,NA,NA,NA,NA,NA,NA,NA,NA,NA,NA,NA,NA,NA,NA,NA,NA,NA,NA,NA,NA,NA,NA,NA,TARGET_GONE,identity no longer active
2026-10-02T16:06:06Z,APP_22001_3033686,22001,3033686,13,327,201.198,0,0,-1,-1,0,0.999931471,NA,NA,70.000000000,MEASURED_CPU_FAULT,CPU;INTERVAL_FAULTS,NA,NA,NA,NA,NA,NA,NA,NA,NA,NA,NA,NA,NA,NA,NA,NA,NA,NA,NA,NA,NA,NA,NA,TARGET_GONE,identity no longer active
2026-10-02T16:06:06Z,APP_22001_3033686,22001,3033686,13,328,201.431,0,0,-1,-1,0,0.999931471,NA,NA,70.000000000,MEASURED_CPU_FAULT,CPU;INTERVAL_FAULTS,NA,NA,NA,NA,NA,NA,NA,NA,NA,NA,NA,NA,NA,NA,NA,NA,NA,NA,NA,NA,NA,NA,NA,TARGET_GONE,identity no longer active
2026-10-02T16:06:06Z,APP_22001_3033686,22001,3033686,13,329,201.802,0,0,-1,-1,0,0.999931471,NA,NA,70.000000000,MEASURED_CPU_FAULT,CPU;INTERVAL_FAULTS,NA,NA,NA,NA,NA,NA,NA,NA,NA,NA,NA,NA,NA,NA,NA,NA,NA,NA,NA,NA,NA,NA,NA,TARGET_GONE,identity no longer active
2026-10-02T16:06:06Z,APP_22001_3033686,22001,3033686,13,330,196.047,0,0,-1,-1,0,0.999931471,NA,NA,70.000000000,MEASURED_CPU_FAULT,CPU;INTERVAL_FAULTS,NA,NA,NA,NA,NA,NA,NA,NA,NA,NA,NA,NA,NA,NA,NA,NA,NA,NA,NA,NA,NA,NA,NA,TARGET_GONE,identity no longer active
2026-10-02T16:06:06Z,APP_22001_3033686,22001,3033686,13,331,204.391,0,0,-1,-1,0,0.999931471,NA,NA,70.000000000,MEASURED_CPU_FAULT,CPU;INTERVAL_FAULTS,NA,NA,NA,NA,NA,NA,NA,NA,NA,NA,NA,NA,NA,NA,NA,NA,NA,NA,NA,NA,NA,NA,NA,TARGET_GONE,identity no longer active
2026-10-02T16:06:06Z,APP_22001_3033686,22001,3033686,13,332,201.802,0,0,-1,-1,0,0.999931471,NA,NA,70.000000000,MEASURED_CPU_FAULT,CPU;INTERVAL_FAULTS,NA,NA,NA,NA,NA,NA,NA,NA,NA,NA,NA,NA,NA,NA,NA,NA,NA,NA,NA,NA,NA,NA,NA,TARGET_GONE,identity no longer active
2026-10-02T16:06:06Z,APP_22001_3033686,22001,3033686,13,333,194.195,0,0,-1,-1,0,0.999931471,NA,NA,70.000000000,MEASURED_CPU_FAULT,CPU;INTERVAL_FAULTS,NA,NA,NA,NA,NA,NA,NA,NA,NA,NA,NA,NA,NA,NA,NA,NA,NA,NA,NA,NA,NA,NA,NA,TARGET_GONE,identity no longer active
2026-10-02T16:06:06Z,APP_22001_3033686,22001,3033686,13,334,210.778,0,0,-1,-1,0,0.999931471,NA,NA,70.000000000,MEASURED_CPU_FAULT,CPU;INTERVAL_FAULTS,NA,NA,NA,NA,NA,NA,NA,NA,NA,NA,NA,NA,NA,NA,NA,NA,NA,NA,NA,NA,NA,NA,NA,TARGET_GONE,identity no longer active
2026-10-02T16:06:07Z,APP_22001_3033686,22001,3033686,13,335,194.360,0,0,-1,-1,0,0.999931471,NA,NA,70.000000000,MEASURED_CPU_FAULT,CPU;INTERVAL_FAULTS,NA,NA,NA,NA,NA,NA,NA,NA,NA,NA,NA,NA,NA,NA,NA,NA,NA,NA,NA,NA,NA,NA,NA,TARGET_GONE,identity no longer active
2026-10-02T16:06:07Z,APP_22001_3033686,22001,3033686,13,336,205.210,0,0,-1,-1,0,0.999931471,NA,NA,70.000000000,MEASURED_CPU_FAULT,CPU;INTERVAL_FAULTS,NA,NA,NA,NA,NA,NA,NA,NA,NA,NA,NA,NA,NA,NA,NA,NA,NA,NA,NA,NA,NA,NA,NA,TARGET_GONE,identity no longer active
2026-10-02T16:06:07Z,APP_22001_3033686,22001,3033686,13,337,191.904,0,0,-1,-1,0,0.999931471,NA,NA,70.000000000,MEASURED_CPU_FAULT,CPU;INTERVAL_FAULTS,NA,NA,NA,NA,NA,NA,NA,NA,NA,NA,NA,NA,NA,NA,NA,NA,NA,NA,NA,NA,NA,NA,NA,TARGET_GONE,identity no longer active
2026-10-02T16:06:07Z,APP_22001_3033686,22001,3033686,13,338,202.639,0,0,-1,-1,0,0.999931471,NA,NA,70.000000000,MEASURED_CPU_FAULT,CPU;INTERVAL_FAULTS,NA,NA,NA,NA,NA,NA,NA,NA,NA,NA,NA,NA,NA,NA,NA,NA,NA,NA,NA,NA,NA,NA,NA,TARGET_GONE,identity no longer active
2026-10-02T16:06:07Z,APP_22001_3033686,22001,3033686,13,339,201.802,0,0,-1,-1,0,0.999931471,NA,NA,70.000000000,MEASURED_CPU_FAULT,CPU;INTERVAL_FAULTS,NA,NA,NA,NA,NA,NA,NA,NA,NA,NA,NA,NA,NA,NA,NA,NA,NA,NA,NA,NA,NA,NA,NA,TARGET_GONE,identity no longer active
2026-10-02T16:06:07Z,APP_22001_3033686,22001,3033686,13,340,196.923,0,0,-1,-1,0,0.999931471,NA,NA,70.000000000,MEASURED_CPU_FAULT,CPU;INTERVAL_FAULTS,NA,NA,NA,NA,NA,NA,NA,NA,NA,NA,NA,NA,NA,NA,NA,NA,NA,NA,NA,NA,NA,NA,NA,TARGET_GONE,identity no longer active
2026-10-02T16:06:07Z,APP_22001_3033686,22001,3033686,13,341,204.800,0,0,-1,-1,0,0.999931471,NA,NA,70.000000000,MEASURED_CPU_FAULT,CPU;INTERVAL_FAULTS,NA,NA,NA,NA,NA,NA,NA,NA,NA,NA,NA,NA,NA,NA,NA,NA,NA,NA,NA,NA,NA,NA,NA,TARGET_GONE,identity no longer active
2026-10-02T16:06:07Z,APP_22001_3033686,22001,3033686,13,342,201.499,0,0,-1,-1,0,0.999931471,NA,NA,70.000000000,MEASURED_CPU_FAULT,CPU;INTERVAL_FAULTS,NA,NA,NA,NA,NA,NA,NA,NA,NA,NA,NA,NA,NA,NA,NA,NA,NA,NA,NA,NA,NA,NA,NA,TARGET_GONE,identity no longer active
2026-10-02T16:06:07Z,APP_22001_3033686,22001,3033686,13,343,202.639,0,0,-1,-1,0,0.999931471,NA,NA,70.000000000,MEASURED_CPU_FAULT,CPU;INTERVAL_FAULTS,NA,NA,NA,NA,NA,NA,NA,NA,NA,NA,NA,NA,NA,NA,NA,NA,NA,NA,NA,NA,NA,NA,NA,TARGET_GONE,identity no longer active
2026-10-02T16:06:08Z,APP_22001_3033686,22001,3033686,13,344,201.802,0,0,-1,-1,0,0.999931471,NA,NA,70.000000000,MEASURED_CPU_FAULT,CPU;INTERVAL_FAULTS,NA,NA,NA,NA,NA,NA,NA,NA,NA,NA,NA,NA,NA,NA,NA,NA,NA,NA,NA,NA,NA,NA,NA,TARGET_GONE,identity no longer active
2026-10-02T16:06:08Z,APP_22001_3033686,22001,3033686,13,345,200.866,0,0,-1,-1,0,0.999931471,NA,NA,70.000000000,MEASURED_CPU_FAULT,CPU;INTERVAL_FAULTS,NA,NA,NA,NA,NA,NA,NA,NA,NA,NA,NA,NA,NA,NA,NA,NA,NA,NA,NA,NA,NA,NA,NA,TARGET_GONE,identity no longer active
2026-10-02T16:06:08Z,APP_22001_3033686,22001,3033686,13,346,192.192,0,0,-1,-1,0,0.999931471,NA,NA,70.000000000,MEASURED_CPU_FAULT,CPU;INTERVAL_FAULTS,NA,NA,NA,NA,NA,NA,NA,NA,NA,NA,NA,NA,NA,NA,NA,NA,NA,NA,NA,NA,NA,NA,NA,TARGET_GONE,identity no longer active
2026-10-02T16:06:08Z,APP_22001_3033686,22001,3033686,13,347,201.083,0,0,-1,-1,0,0.999931471,NA,NA,70.000000000,MEASURED_CPU_FAULT,CPU;INTERVAL_FAULTS,NA,NA,NA,NA,NA,NA,NA,NA,NA,NA,NA,NA,NA,NA,NA,NA,NA,NA,NA,NA,NA,NA,NA,TARGET_GONE,identity no longer active
2026-10-02T16:06:08Z,APP_22001_3033686,22001,3033686,13,348,192.000,0,0,-1,-1,0,0.999931471,NA,NA,70.000000000,MEASURED_CPU_FAULT,CPU;INTERVAL_FAULTS,NA,NA,NA,NA,NA,NA,NA,NA,NA,NA,NA,NA,NA,NA,NA,NA,NA,NA,NA,NA,NA,NA,NA,TARGET_GONE,identity no longer active
2026-10-02T16:06:08Z,APP_22001_3033686,22001,3033686,13,349,201.117,0,0,-1,-1,0,0.999931471,NA,NA,70.000000000,MEASURED_CPU_FAULT,CPU;INTERVAL_FAULTS,NA,NA,NA,NA,NA,NA,NA,NA,NA,NA,NA,NA,NA,NA,NA,NA,NA,NA,NA,NA,NA,NA,NA,TARGET_GONE,identity no longer active
2026-10-02T16:06:08Z,APP_22001_3033686,22001,3033686,13,350,204.391,0,0,-1,-1,0,0.999931471,NA,NA,70.000000000,MEASURED_CPU_FAULT,CPU;INTERVAL_FAULTS,NA,NA,NA,NA,NA,NA,NA,NA,NA,NA,NA,NA,NA,NA,NA,NA,NA,NA,NA,NA,NA,NA,NA,TARGET_GONE,identity no longer active
2026-10-02T16:06:08Z,APP_22001_3033686,22001,3033686,13,351,201.802,0,0,-1,-1,0,0.999931471,NA,NA,70.000000000,MEASURED_CPU_FAULT,CPU;INTERVAL_FAULTS,NA,NA,NA,NA,NA,NA,NA,NA,NA,NA,NA,NA,NA,NA,NA,NA,NA,NA,NA,NA,NA,NA,NA,TARGET_GONE,identity no longer active
2026-10-02T16:06:09Z,APP_22001_3033686,22001,3033686,13,352,202.906,0,0,-1,-1,0,0.999931471,NA,NA,70.000000000,MEASURED_CPU_FAULT,CPU;INTERVAL_FAULTS,NA,NA,NA,NA,NA,NA,NA,NA,NA,NA,NA,NA,NA,NA,NA,NA,NA,NA,NA,NA,NA,NA,NA,TARGET_GONE,identity no longer active
2026-10-02T16:06:09Z,APP_22001_3033686,22001,3033686,13,353,201.802,0,0,-1,-1,0,0.999931471,NA,NA,70.000000000,MEASURED_CPU_FAULT,CPU;INTERVAL_FAULTS,NA,NA,NA,NA,NA,NA,NA,NA,NA,NA,NA,NA,NA,NA,NA,NA,NA,NA,NA,NA,NA,NA,NA,TARGET_GONE,identity no longer active
2026-10-02T16:06:09Z,APP_22001_3033686,22001,3033686,13,354,201.083,0,0,-1,-1,0,0.999931471,NA,NA,70.000000000,MEASURED_CPU_FAULT,CPU;INTERVAL_FAULTS,NA,NA,NA,NA,NA,NA,NA,NA,NA,NA,NA,NA,NA,NA,NA,NA,NA,NA,NA,NA,NA,NA,NA,TARGET_GONE,identity no longer active
2026-10-02T16:06:09Z,APP_22001_3033686,22001,3033686,13,355,192.481,0,0,-1,-1,0,0.999931471,NA,NA,70.000000000,MEASURED_CPU_FAULT,CPU;INTERVAL_FAULTS,NA,NA,NA,NA,NA,NA,NA,NA,NA,NA,NA,NA,NA,NA,NA,NA,NA,NA,NA,NA,NA,NA,NA,TARGET_GONE,identity no longer active
2026-10-02T16:06:09Z,APP_22001_3033686,22001,3033686,13,356,201.083,0,0,-1,-1,0,0.999931471,NA,NA,70.000000000,MEASURED_CPU_FAULT,CPU;INTERVAL_FAULTS,NA,NA,NA,NA,NA,NA,NA,NA,NA,NA,NA,NA,NA,NA,NA,NA,NA,NA,NA,NA,NA,NA,NA,TARGET_GONE,identity no longer active
2026-10-02T16:06:09Z,APP_22001_3033686,22001,3033686,13,357,192.000,0,0,-1,-1,0,0.999931471,NA,NA,70.000000000,MEASURED_CPU_FAULT,CPU;INTERVAL_FAULTS,NA,NA,NA,NA,NA,NA,NA,NA,NA,NA,NA,NA,NA,NA,NA,NA,NA,NA,NA,NA,NA,NA,NA,TARGET_GONE,identity no longer active
2026-10-02T16:06:09Z,APP_22001_3033686,22001,3033686,13,358,200.557,0,0,-1,-1,0,0.999931471,NA,NA,70.000000000,MEASURED_CPU_FAULT,CPU;INTERVAL_FAULTS,NA,NA,NA,NA,NA,NA,NA,NA,NA,NA,NA,NA,NA,NA,NA,NA,NA,NA,NA,NA,NA,NA,NA,TARGET_GONE,identity no longer active
2026-10-02T16:06:09Z,APP_22001_3033686,22001,3033686,13,359,204.391,0,0,-1,-1,0,0.999931471,NA,NA,70.000000000,MEASURED_CPU_FAULT,CPU;INTERVAL_FAULTS,NA,NA,NA,NA,NA,NA,NA,NA,NA,NA,NA,NA,NA,NA,NA,NA,NA,NA,NA,NA,NA,NA,NA,TARGET_GONE,identity no longer active
2026-10-02T16:06:10Z,APP_22001_3033686,22001,3033686,13,360,201.499,0,0,-1,-1,0,0.999931471,NA,NA,70.000000000,MEASURED_CPU_FAULT,CPU;INTERVAL_FAULTS,NA,NA,NA,NA,NA,NA,NA,NA,NA,NA,NA,NA,NA,NA,NA,NA,NA,NA,NA,NA,NA,NA,NA,TARGET_GONE,identity no longer active
2026-10-02T16:06:10Z,APP_22001_3033686,22001,3033686,13,361,202.906,0,0,-1,-1,0,0.999931471,NA,NA,70.000000000,MEASURED_CPU_FAULT,CPU;INTERVAL_FAULTS,NA,NA,NA,NA,NA,NA,NA,NA,NA,NA,NA,NA,NA,NA,NA,NA,NA,NA,NA,NA,NA,NA,NA,TARGET_GONE,identity no longer active
2026-10-02T16:06:10Z,APP_22001_3033686,22001,3033686,13,362,201.802,0,0,-1,-1,0,0.999931471,NA,NA,70.000000000,MEASURED_CPU_FAULT,CPU;INTERVAL_FAULTS,NA,NA,NA,NA,NA,NA,NA,NA,NA,NA,NA,NA,NA,NA,NA,NA,NA,NA,NA,NA,NA,NA,NA,TARGET_GONE,identity no longer active
2026-10-02T16:06:10Z,APP_22001_3033686,22001,3033686,13,363,201.083,0,0,-1,-1,0,0.999931471,NA,NA,70.000000000,MEASURED_CPU_FAULT,CPU;INTERVAL_FAULTS,NA,NA,NA,NA,NA,NA,NA,NA,NA,NA,NA,NA,NA,NA,NA,NA,NA,NA,NA,NA,NA,NA,NA,TARGET_GONE,identity no longer active
2026-10-02T16:06:10Z,APP_22001_3033686,22001,3033686,13,364,191.904,0,0,-1,-1,0,0.999931471,NA,NA,70.000000000,MEASURED_CPU_FAULT,CPU;INTERVAL_FAULTS,NA,NA,NA,NA,NA,NA,NA,NA,NA,NA,NA,NA,NA,NA,NA,NA,NA,NA,NA,NA,NA,NA,NA,TARGET_GONE,identity no longer active
2026-10-02T16:06:10Z,APP_22001_3033686,22001,3033686,13,365,201.083,0,0,-1,-1,0,0.999931471,NA,NA,70.000000000,MEASURED_CPU_FAULT,CPU;INTERVAL_FAULTS,NA,NA,NA,NA,NA,NA,NA,NA,NA,NA,NA,NA,NA,NA,NA,NA,NA,NA,NA,NA,NA,NA,NA,TARGET_GONE,identity no longer active
2026-10-02T16:06:10Z,APP_22001_3033686,22001,3033686,13,366,192.771,0,0,-1,-1,0,0.999931471,NA,NA,70.000000000,MEASURED_CPU_FAULT,CPU;INTERVAL_FAULTS,NA,NA,NA,NA,NA,NA,NA,NA,NA,NA,NA,NA,NA,NA,NA,NA,NA,NA,NA,NA,NA,NA,NA,TARGET_GONE,identity no longer active
2026-10-02T16:06:10Z,APP_22001_3033686,22001,3033686,13,367,203.109,0,0,-1,-1,0,0.999931471,NA,NA,70.000000000,MEASURED_CPU_FAULT,CPU;INTERVAL_FAULTS,NA,NA,NA,NA,NA,NA,NA,NA,NA,NA,NA,NA,NA,NA,NA,NA,NA,NA,NA,NA,NA,NA,NA,TARGET_GONE,identity no longer active
2026-10-02T16:06:11Z,APP_22001_3033686,22001,3033686,13,368,192.000,0,0,-1,-1,0,0.999931471,NA,NA,70.000000000,MEASURED_CPU_FAULT,CPU;INTERVAL_FAULTS,NA,NA,NA,NA,NA,NA,NA,NA,NA,NA,NA,NA,NA,NA,NA,NA,NA,NA,NA,NA,NA,NA,NA,TARGET_GONE,identity no longer active
2026-10-02T16:06:11Z,APP_22001_3033686,22001,3033686,13,369,201.802,0,0,-1,-1,0,0.999931471,NA,NA,70.000000000,MEASURED_CPU_FAULT,CPU;INTERVAL_FAULTS,NA,NA,NA,NA,NA,NA,NA,NA,NA,NA,NA,NA,NA,NA,NA,NA,NA,NA,NA,NA,NA,NA,NA,TARGET_GONE,identity no longer active
2026-10-02T16:06:11Z,APP_22001_3033686,22001,3033686,13,370,204.082,0,0,-1,-1,0,0.999931471,NA,NA,70.000000000,MEASURED_CPU_FAULT,CPU;INTERVAL_FAULTS,NA,NA,NA,NA,NA,NA,NA,NA,NA,NA,NA,NA,NA,NA,NA,NA,NA,NA,NA,NA,NA,NA,NA,TARGET_GONE,identity no longer active
2026-10-02T16:06:11Z,APP_22001_3033686,22001,3033686,13,371,201.802,0,0,-1,-1,0,0.999931471,NA,NA,70.000000000,MEASURED_CPU_FAULT,CPU;INTERVAL_FAULTS,NA,NA,NA,NA,NA,NA,NA,NA,NA,NA,NA,NA,NA,NA,NA,NA,NA,NA,NA,NA,NA,NA,NA,TARGET_GONE,identity no longer active
2026-10-02T16:06:11Z,APP_22001_3033686,22001,3033686,13,372,194.967,0,0,-1,-1,0,0.999931471,NA,NA,70.000000000,MEASURED_CPU_FAULT,CPU;INTERVAL_FAULTS,NA,NA,NA,NA,NA,NA,NA,NA,NA,NA,NA,NA,NA,NA,NA,NA,NA,NA,NA,NA,NA,NA,NA,TARGET_GONE,identity no longer active
2026-10-02T16:06:11Z,APP_22001_3033686,22001,3033686,13,373,210.463,0,0,-1,-1,0,0.999931471,NA,NA,70.000000000,MEASURED_CPU_FAULT,CPU;INTERVAL_FAULTS,NA,NA,NA,NA,NA,NA,NA,NA,NA,NA,NA,NA,NA,NA,NA,NA,NA,NA,NA,NA,NA,NA,NA,TARGET_GONE,identity no longer active
2026-10-02T16:06:11Z,APP_22001_3033686,22001,3033686,13,374,195.163,0,0,-1,-1,0,0.999931471,NA,NA,70.000000000,MEASURED_CPU_FAULT,CPU;INTERVAL_FAULTS,NA,NA,NA,NA,NA,NA,NA,NA,NA,NA,NA,NA,NA,NA,NA,NA,NA,NA,NA,NA,NA,NA,NA,TARGET_GONE,identity no longer active
2026-10-02T16:06:11Z,APP_22001_3033686,22001,3033686,13,375,192.000,0,0,-1,-1,0,0.999931471,NA,NA,70.000000000,MEASURED_CPU_FAULT,CPU;INTERVAL_FAULTS,NA,NA,NA,NA,NA,NA,NA,NA,NA,NA,NA,NA,NA,NA,NA,NA,NA,NA,NA,NA,NA,NA,NA,TARGET_GONE,identity no longer active
2026-10-02T16:06:12Z,APP_22001_3033686,22001,3033686,13,376,200.261,0,0,-1,-1,0,0.999931471,NA,NA,70.000000000,MEASURED_CPU_FAULT,CPU;INTERVAL_FAULTS,NA,NA,NA,NA,NA,NA,NA,NA,NA,NA,NA,NA,NA,NA,NA,NA,NA,NA,NA,NA,NA,NA,NA,TARGET_GONE,identity no longer active
2026-10-02T16:06:12Z,APP_22001_3033686,22001,3033686,13,377,210.778,0,0,-1,-1,0,0.999931471,NA,NA,70.000000000,MEASURED_CPU_FAULT,CPU;INTERVAL_FAULTS,NA,NA,NA,NA,NA,NA,NA,NA,NA,NA,NA,NA,NA,NA,NA,NA,NA,NA,NA,NA,NA,NA,NA,TARGET_GONE,identity no longer active
2026-10-02T16:06:12Z,APP_22001_3033686,22001,3033686,13,378,192.192,0,0,-1,-1,0,0.999931471,NA,NA,70.000000000,MEASURED_CPU_FAULT,CPU;INTERVAL_FAULTS,NA,NA,NA,NA,NA,NA,NA,NA,NA,NA,NA,NA,NA,NA,NA,NA,NA,NA,NA,NA,NA,NA,NA,TARGET_GONE,identity no longer active
2026-10-02T16:06:12Z,APP_22001_3033686,22001,3033686,13,379,203.562,0,0,-1,-1,0,0.999931471,NA,NA,70.000000000,MEASURED_CPU_FAULT,CPU;INTERVAL_FAULTS,NA,NA,NA,NA,NA,NA,NA,NA,NA,NA,NA,NA,NA,NA,NA,NA,NA,NA,NA,NA,NA,NA,NA,TARGET_GONE,identity no longer active
2026-10-02T16:06:12Z,APP_22001_3033686,22001,3033686,13,380,201.802,0,0,-1,-1,0,0.999931471,NA,NA,70.000000000,MEASURED_CPU_FAULT,CPU;INTERVAL_FAULTS,NA,NA,NA,NA,NA,NA,NA,NA,NA,NA,NA,NA,NA,NA,NA,NA,NA,NA,NA,NA,NA,NA,NA,TARGET_GONE,identity no longer active
2026-10-02T16:06:12Z,APP_22001_3033686,22001,3033686,13,381,201.893,0,0,-1,-1,0,0.999931471,NA,NA,70.000000000,MEASURED_CPU_FAULT,CPU;INTERVAL_FAULTS,NA,NA,NA,NA,NA,NA,NA,NA,NA,NA,NA,NA,NA,NA,NA,NA,NA,NA,NA,NA,NA,NA,NA,TARGET_GONE,identity no longer active
2026-10-02T16:06:12Z,APP_22001_3033686,22001,3033686,13,382,191.617,0,0,-1,-1,0,0.999931471,NA,NA,70.000000000,MEASURED_CPU_FAULT,CPU;INTERVAL_FAULTS,NA,NA,NA,NA,NA,NA,NA,NA,NA,NA,NA,NA,NA,NA,NA,NA,NA,NA,NA,NA,NA,NA,NA,TARGET_GONE,identity no longer active
2026-10-02T16:06:12Z,APP_22001_3033686,22001,3033686,13,383,201.893,0,0,-1,-1,0,0.999931471,NA,NA,70.000000000,MEASURED_CPU_FAULT,CPU;INTERVAL_FAULTS,NA,NA,NA,NA,NA,NA,NA,NA,NA,NA,NA,NA,NA,NA,NA,NA,NA,NA,NA,NA,NA,NA,NA,TARGET_GONE,identity no longer active
2026-10-02T16:06:12Z,APP_22001_3033686,22001,3033686,13,384,201.499,0,0,-1,-1,0,0.999931471,NA,NA,70.000000000,MEASURED_CPU_FAULT,CPU;INTERVAL_FAULTS,NA,NA,NA,NA,NA,NA,NA,NA,NA,NA,NA,NA,NA,NA,NA,NA,NA,NA,NA,NA,NA,NA,NA,TARGET_GONE,identity no longer active
2026-10-02T16:06:13Z,APP_22001_3033686,22001,3033686,13,385,197.666,0,0,-1,-1,0,0.999931471,NA,NA,70.000000000,MEASURED_CPU_FAULT,CPU;INTERVAL_FAULTS,NA,NA,NA,NA,NA,NA,NA,NA,NA,NA,NA,NA,NA,NA,NA,NA,NA,NA,NA,NA,NA,NA,NA,TARGET_GONE,identity no longer active
2026-10-02T16:06:13Z,APP_22001_3033686,22001,3033686,13,386,211.411,0,0,-1,-1,0,0.999931471,NA,NA,70.000000000,MEASURED_CPU_FAULT,CPU;INTERVAL_FAULTS,NA,NA,NA,NA,NA,NA,NA,NA,NA,NA,NA,NA,NA,NA,NA,NA,NA,NA,NA,NA,NA,NA,NA,TARGET_GONE,identity no longer active
2026-10-02T16:06:13Z,APP_22001_3033686,22001,3033686,13,387,200.897,0,0,-1,-1,0,0.999931471,NA,NA,70.000000000,MEASURED_CPU_FAULT,CPU;INTERVAL_FAULTS,NA,NA,NA,NA,NA,NA,NA,NA,NA,NA,NA,NA,NA,NA,NA,NA,NA,NA,NA,NA,NA,NA,NA,TARGET_GONE,identity no longer active
2026-10-02T16:06:13Z,APP_22001_3033686,22001,3033686,13,388,195.918,0,0,-1,-1,0,0.999931471,NA,NA,70.000000000,MEASURED_CPU_FAULT,CPU;INTERVAL_FAULTS,NA,NA,NA,NA,NA,NA,NA,NA,NA,NA,NA,NA,NA,NA,NA,NA,NA,NA,NA,NA,NA,NA,NA,TARGET_GONE,identity no longer active
2026-10-02T16:06:13Z,APP_22001_3033686,22001,3033686,13,389,201.802,0,0,-1,-1,0,0.999931471,NA,NA,70.000000000,MEASURED_CPU_FAULT,CPU;INTERVAL_FAULTS,NA,NA,NA,NA,NA,NA,NA,NA,NA,NA,NA,NA,NA,NA,NA,NA,NA,NA,NA,NA,NA,NA,NA,TARGET_GONE,identity no longer active
2026-10-02T16:06:13Z,APP_22001_3033686,22001,3033686,13,390,201.893,0,0,-1,-1,0,0.999931471,NA,NA,70.000000000,MEASURED_CPU_FAULT,CPU;INTERVAL_FAULTS,NA,NA,NA,NA,NA,NA,NA,NA,NA,NA,NA,NA,NA,NA,NA,NA,NA,NA,NA,NA,NA,NA,NA,TARGET_GONE,identity no longer active
2026-10-02T16:06:13Z,APP_22001_3033686,22001,3033686,13,391,201.198,0,0,-1,-1,0,0.999931471,NA,NA,70.000000000,MEASURED_CPU_FAULT,CPU;INTERVAL_FAULTS,NA,NA,NA,NA,NA,NA,NA,NA,NA,NA,NA,NA,NA,NA,NA,NA,NA,NA,NA,NA,NA,NA,NA,TARGET_GONE,identity no longer active
2026-10-02T16:06:13Z,APP_22001_3033686,22001,3033686,13,392,201.681,0,0,-1,-1,0,0.999931471,NA,NA,70.000000000,MEASURED_CPU_FAULT,CPU;INTERVAL_FAULTS,NA,NA,NA,NA,NA,NA,NA,NA,NA,NA,NA,NA,NA,NA,NA,NA,NA,NA,NA,NA,NA,NA,NA,TARGET_GONE,identity no longer active
2026-10-02T16:06:14Z,APP_22001_3033686,22001,3033686,13,393,201.499,0,0,-1,-1,0,0.999931471,NA,NA,70.000000000,MEASURED_CPU_FAULT,CPU;INTERVAL_FAULTS,NA,NA,NA,NA,NA,NA,NA,NA,NA,NA,NA,NA,NA,NA,NA,NA,NA,NA,NA,NA,NA,NA,NA,TARGET_GONE,identity no longer active
2026-10-02T16:06:14Z,APP_22001_3033686,22001,3033686,13,394,197.531,0,0,-1,-1,0,0.999931471,NA,NA,70.000000000,MEASURED_CPU_FAULT,CPU;INTERVAL_FAULTS,NA,NA,NA,NA,NA,NA,NA,NA,NA,NA,NA,NA,NA,NA,NA,NA,NA,NA,NA,NA,NA,NA,NA,TARGET_GONE,identity no longer active
2026-10-02T16:06:14Z,APP_22001_3033686,22001,3033686,13,395,210.778,0,0,-1,-1,0,0.999931471,NA,NA,70.000000000,MEASURED_CPU_FAULT,CPU;INTERVAL_FAULTS,NA,NA,NA,NA,NA,NA,NA,NA,NA,NA,NA,NA,NA,NA,NA,NA,NA,NA,NA,NA,NA,NA,NA,TARGET_GONE,identity no longer active
2026-10-02T16:06:14Z,APP_22001_3033686,22001,3033686,13,396,201.802,0,0,-1,-1,0,0.999931471,NA,NA,70.000000000,MEASURED_CPU_FAULT,CPU;INTERVAL_FAULTS,NA,NA,NA,NA,NA,NA,NA,NA,NA,NA,NA,NA,NA,NA,NA,NA,NA,NA,NA,NA,NA,NA,NA,TARGET_GONE,identity no longer active
2026-10-02T16:06:14Z,APP_22001_3033686,22001,3033686,13,397,195.420,0,0,-1,-1,0,0.999931471,NA,NA,70.000000000,MEASURED_CPU_FAULT,CPU;INTERVAL_FAULTS,NA,NA,NA,NA,NA,NA,NA,NA,NA,NA,NA,NA,NA,NA,NA,NA,NA,NA,NA,NA,NA,NA,NA,TARGET_GONE,identity no longer active
2026-10-02T16:06:14Z,APP_22001_3033686,22001,3033686,13,398,201.499,0,0,-1,-1,0,0.999931471,NA,NA,70.000000000,MEASURED_CPU_FAULT,CPU;INTERVAL_FAULTS,NA,NA,NA,NA,NA,NA,NA,NA,NA,NA,NA,NA,NA,NA,NA,NA,NA,NA,NA,NA,NA,NA,NA,TARGET_GONE,identity no longer active
2026-10-02T16:06:14Z,APP_22001_3033686,22001,3033686,13,399,201.893,0,0,-1,-1,0,0.999931471,NA,NA,70.000000000,MEASURED_CPU_FAULT,CPU;INTERVAL_FAULTS,NA,NA,NA,NA,NA,NA,NA,NA,NA,NA,NA,NA,NA,NA,NA,NA,NA,NA,NA,NA,NA,NA,NA,TARGET_GONE,identity no longer active
2026-10-02T16:06:14Z,APP_22001_3033686,22001,3033686,13,400,201.499,0,0,-1,-1,0,0.999931471,NA,NA,70.000000000,MEASURED_CPU_FAULT,CPU;INTERVAL_FAULTS,NA,NA,NA,NA,NA,NA,NA,NA,NA,NA,NA,NA,NA,NA,NA,NA,NA,NA,NA,NA,NA,NA,NA,TARGET_GONE,identity no longer active
2026-10-02T16:06:15Z,APP_22001_3033686,22001,3033686,13,401,194.753,0,0,-1,-1,0,0.999931471,NA,NA,70.000000000,MEASURED_CPU_FAULT,CPU;INTERVAL_FAULTS,NA,NA,NA,NA,NA,NA,NA,NA,NA,NA,NA,NA,NA,NA,NA,NA,NA,NA,NA,NA,NA,NA,NA,TARGET_GONE,identity no longer active
2026-10-02T16:06:15Z,APP_22001_3033686,22001,3033686,13,402,201.499,0,0,-1,-1,0,0.999931471,NA,NA,70.000000000,MEASURED_CPU_FAULT,CPU;INTERVAL_FAULTS,NA,NA,NA,NA,NA,NA,NA,NA,NA,NA,NA,NA,NA,NA,NA,NA,NA,NA,NA,NA,NA,NA,NA,TARGET_GONE,identity no longer active
2026-10-02T16:06:15Z,APP_22001_3033686,22001,3033686,13,403,202.895,0,0,-1,-1,0,0.999931471,NA,NA,70.000000000,MEASURED_CPU_FAULT,CPU;INTERVAL_FAULTS,NA,NA,NA,NA,NA,NA,NA,NA,NA,NA,NA,NA,NA,NA,NA,NA,NA,NA,NA,NA,NA,NA,NA,TARGET_GONE,identity no longer active
2026-10-02T16:06:15Z,APP_22001_3033686,22001,3033686,13,404,191.617,0,0,-1,-1,0,0.999931471,NA,NA,70.000000000,MEASURED_CPU_FAULT,CPU;INTERVAL_FAULTS,NA,NA,NA,NA,NA,NA,NA,NA,NA,NA,NA,NA,NA,NA,NA,NA,NA,NA,NA,NA,NA,NA,NA,TARGET_GONE,identity no longer active
2026-10-02T16:06:15Z,APP_22001_3033686,22001,3033686,13,405,201.802,0,0,-1,-1,0,0.999931471,NA,NA,70.000000000,MEASURED_CPU_FAULT,CPU;INTERVAL_FAULTS,NA,NA,NA,NA,NA,NA,NA,NA,NA,NA,NA,NA,NA,NA,NA,NA,NA,NA,NA,NA,NA,NA,NA,TARGET_GONE,identity no longer active
2026-10-02T16:06:15Z,APP_22001_3033686,22001,3033686,13,406,203.822,0,0,-1,-1,0,0.999931471,NA,NA,70.000000000,MEASURED_CPU_FAULT,CPU;INTERVAL_FAULTS,NA,NA,NA,NA,NA,NA,NA,NA,NA,NA,NA,NA,NA,NA,NA,NA,NA,NA,NA,NA,NA,NA,NA,TARGET_GONE,identity no longer active
2026-10-02T16:06:15Z,APP_22001_3033686,22001,3033686,13,407,192.192,0,0,-1,-1,0,0.999931471,NA,NA,70.000000000,MEASURED_CPU_FAULT,CPU;INTERVAL_FAULTS,NA,NA,NA,NA,NA,NA,NA,NA,NA,NA,NA,NA,NA,NA,NA,NA,NA,NA,NA,NA,NA,NA,NA,TARGET_GONE,identity no longer active
2026-10-02T16:06:15Z,APP_22001_3033686,22001,3033686,13,408,201.681,0,0,-1,-1,0,0.999931471,NA,NA,70.000000000,MEASURED_CPU_FAULT,CPU;INTERVAL_FAULTS,NA,NA,NA,NA,NA,NA,NA,NA,NA,NA,NA,NA,NA,NA,NA,NA,NA,NA,NA,NA,NA,NA,NA,TARGET_GONE,identity no longer active
2026-10-02T16:06:16Z,APP_22001_3033686,22001,3033686,13,409,201.499,0,0,-1,-1,0,0.999931471,NA,NA,70.000000000,MEASURED_CPU_FAULT,CPU;INTERVAL_FAULTS,NA,NA,NA,NA,NA,NA,NA,NA,NA,NA,NA,NA,NA,NA,NA,NA,NA,NA,NA,NA,NA,NA,NA,TARGET_GONE,identity no longer active
2026-10-02T16:06:16Z,APP_22001_3033686,22001,3033686,13,410,200.810,0,0,-1,-1,0,0.999931471,NA,NA,70.000000000,MEASURED_CPU_FAULT,CPU;INTERVAL_FAULTS,NA,NA,NA,NA,NA,NA,NA,NA,NA,NA,NA,NA,NA,NA,NA,NA,NA,NA,NA,NA,NA,NA,NA,TARGET_GONE,identity no longer active
2026-10-02T16:06:16Z,APP_22001_3033686,22001,3033686,13,411,201.198,0,0,-1,-1,0,0.999931471,NA,NA,70.000000000,MEASURED_CPU_FAULT,CPU;INTERVAL_FAULTS,NA,NA,NA,NA,NA,NA,NA,NA,NA,NA,NA,NA,NA,NA,NA,NA,NA,NA,NA,NA,NA,NA,NA,TARGET_GONE,identity no longer active
2026-10-02T16:06:16Z,APP_22001_3033686,22001,3033686,13,412,199.146,0,0,-1,-1,0,0.999931471,NA,NA,70.000000000,MEASURED_CPU_FAULT,CPU;INTERVAL_FAULTS,NA,NA,NA,NA,NA,NA,NA,NA,NA,NA,NA,NA,NA,NA,NA,NA,NA,NA,NA,NA,NA,NA,NA,TARGET_GONE,identity no longer active
2026-10-02T16:06:16Z,APP_22001_3033686,22001,3033686,13,413,192.192,0,0,-1,-1,0,0.999931471,NA,NA,70.000000000,MEASURED_CPU_FAULT,CPU;INTERVAL_FAULTS,NA,NA,NA,NA,NA,NA,NA,NA,NA,NA,NA,NA,NA,NA,NA,NA,NA,NA,NA,NA,NA,NA,NA,TARGET_GONE,identity no longer active
2026-10-02T16:06:16Z,APP_22001_3033686,22001,3033686,13,414,201.802,0,0,-1,-1,0,0.999931471,NA,NA,70.000000000,MEASURED_CPU_FAULT,CPU;INTERVAL_FAULTS,NA,NA,NA,NA,NA,NA,NA,NA,NA,NA,NA,NA,NA,NA,NA,NA,NA,NA,NA,NA,NA,NA,NA,TARGET_GONE,identity no longer active
2026-10-02T16:06:16Z,APP_22001_3033686,22001,3033686,13,415,197.574,0,0,-1,-1,0,0.999931471,NA,NA,70.000000000,MEASURED_CPU_FAULT,CPU;INTERVAL_FAULTS,NA,NA,NA,NA,NA,NA,NA,NA,NA,NA,NA,NA,NA,NA,NA,NA,NA,NA,NA,NA,NA,NA,NA,TARGET_GONE,identity no longer active
2026-10-02T16:06:16Z,APP_22001_3033686,22001,3033686,13,416,201.499,0,0,-1,-1,0,0.999931471,NA,NA,70.000000000,MEASURED_CPU_FAULT,CPU;INTERVAL_FAULTS,NA,NA,NA,NA,NA,NA,NA,NA,NA,NA,NA,NA,NA,NA,NA,NA,NA,NA,NA,NA,NA,NA,NA,TARGET_GONE,identity no longer active
2026-10-02T16:06:17Z,APP_22001_3033686,22001,3033686,13,417,202.985,0,0,-1,-1,0,0.999931471,NA,NA,70.000000000,MEASURED_CPU_FAULT,CPU;INTERVAL_FAULTS,NA,NA,NA,NA,NA,NA,NA,NA,NA,NA,NA,NA,NA,NA,NA,NA,NA,NA,NA,NA,NA,NA,NA,TARGET_GONE,identity no longer active
2026-10-02T16:06:17Z,APP_22001_3033686,22001,3033686,13,418,191.617,0,0,-1,-1,0,0.999931471,NA,NA,70.000000000,MEASURED_CPU_FAULT,CPU;INTERVAL_FAULTS,NA,NA,NA,NA,NA,NA,NA,NA,NA,NA,NA,NA,NA,NA,NA,NA,NA,NA,NA,NA,NA,NA,NA,TARGET_GONE,identity no longer active
2026-10-02T16:06:17Z,APP_22001_3033686,22001,3033686,13,419,202.607,0,0,-1,-1,0,0.999931471,NA,NA,70.000000000,MEASURED_CPU_FAULT,CPU;INTERVAL_FAULTS,NA,NA,NA,NA,NA,NA,NA,NA,NA,NA,NA,NA,NA,NA,NA,NA,NA,NA,NA,NA,NA,NA,NA,TARGET_GONE,identity no longer active
2026-10-02T16:06:17Z,APP_22001_3033686,22001,3033686,13,420,200.104,0,0,-1,-1,0,0.999931471,NA,NA,70.000000000,MEASURED_CPU_FAULT,CPU;INTERVAL_FAULTS,NA,NA,NA,NA,NA,NA,NA,NA,NA,NA,NA,NA,NA,NA,NA,NA,NA,NA,NA,NA,NA,NA,NA,TARGET_GONE,identity no longer active
2026-10-02T16:06:17Z,APP_22001_3033686,22001,3033686,13,421,191.617,0,0,-1,-1,0,0.999931471,NA,NA,70.000000000,MEASURED_CPU_FAULT,CPU;INTERVAL_FAULTS,NA,NA,NA,NA,NA,NA,NA,NA,NA,NA,NA,NA,NA,NA,NA,NA,NA,NA,NA,NA,NA,NA,NA,TARGET_GONE,identity no longer active
2026-10-02T16:06:17Z,APP_22001_3033686,22001,3033686,13,422,201.499,0,0,-1,-1,0,0.999931471,NA,NA,70.000000000,MEASURED_CPU_FAULT,CPU;INTERVAL_FAULTS,NA,NA,NA,NA,NA,NA,NA,NA,NA,NA,NA,NA,NA,NA,NA,NA,NA,NA,NA,NA,NA,NA,NA,TARGET_GONE,identity no longer active
2026-10-02T16:06:18Z,APP_22001_3033686,22001,3033686,13,423,203.732,0,0,-1,-1,0,0.999931471,NA,NA,70.000000000,MEASURED_CPU_FAULT,CPU;INTERVAL_FAULTS,NA,NA,NA,NA,NA,NA,NA,NA,NA,NA,NA,NA,NA,NA,NA,NA,NA,NA,NA,NA,NA,NA,NA,TARGET_GONE,identity no longer active
2026-10-02T16:06:18Z,APP_22001_3033686,22001,3033686,13,424,201.499,0,0,-1,-1,0,0.999931471,NA,NA,70.000000000,MEASURED_CPU_FAULT,CPU;INTERVAL_FAULTS,NA,NA,NA,NA,NA,NA,NA,NA,NA,NA,NA,NA,NA,NA,NA,NA,NA,NA,NA,NA,NA,NA,NA,TARGET_GONE,identity no longer active
2026-10-02T16:06:18Z,APP_22001_3033686,22001,3033686,13,425,196.648,0,0,-1,-1,0,0.999931471,NA,NA,70.000000000,MEASURED_CPU_FAULT,CPU;INTERVAL_FAULTS,NA,NA,NA,NA,NA,NA,NA,NA,NA,NA,NA,NA,NA,NA,NA,NA,NA,NA,NA,NA,NA,NA,NA,TARGET_GONE,identity no longer active
2026-10-02T16:06:18Z,APP_22001_3033686,22001,3033686,13,426,201.198,0,0,-1,-1,0,0.999931471,NA,NA,70.000000000,MEASURED_CPU_FAULT,CPU;INTERVAL_FAULTS,NA,NA,NA,NA,NA,NA,NA,NA,NA,NA,NA,NA,NA,NA,NA,NA,NA,NA,NA,NA,NA,NA,NA,TARGET_GONE,identity no longer active
2026-10-02T16:06:18Z,APP_22001_3033686,22001,3033686,13,427,202.796,0,0,-1,-1,0,0.999931471,NA,NA,70.000000000,MEASURED_CPU_FAULT,CPU;INTERVAL_FAULTS,NA,NA,NA,NA,NA,NA,NA,NA,NA,NA,NA,NA,NA,NA,NA,NA,NA,NA,NA,NA,NA,NA,NA,TARGET_GONE,identity no longer active
2026-10-02T16:06:04Z,APP_22001_3033686,22001,3033686,14,428,0.000,0,0,-1,-1,0,0.999931471,1,true,0.000000000,MEASURED_CPU_FAULT,CPU;INTERVAL_FAULTS,HOT,669.474315258,0.560000000,0.700000000,NA,NA,NA,NA,0.560000000,0.000000000,0.700000000,0.000000000,-1.000000000,1.232000000,NA,MOVE_THREAD,INVALID,NOT_APPLICABLE,INVALID,MOVE_THREAD,-1,-1,false,TARGET_GONE,identity no longer active
2026-10-02T16:06:04Z,APP_22001_3033686,22001,3033686,14,429,0.000,0,0,-1,-1,0,0.999931471,NA,NA,0.000000000,MEASURED_CPU_FAULT,CPU;INTERVAL_FAULTS,NA,NA,NA,NA,NA,NA,NA,NA,NA,NA,NA,NA,NA,NA,NA,NA,NA,NA,NA,NA,NA,NA,NA,TARGET_GONE,identity no longer active
2026-10-02T16:06:04Z,APP_22001_3033686,22001,3033686,14,430,0.000,0,0,-1,-1,0,0.999931471,NA,NA,0.000000000,MEASURED_CPU_FAULT,CPU;INTERVAL_FAULTS,NA,NA,NA,NA,NA,NA,NA,NA,NA,NA,NA,NA,NA,NA,NA,NA,NA,NA,NA,NA,NA,NA,NA,TARGET_GONE,identity no longer active
2026-10-02T16:06:04Z,APP_22001_3033686,22001,3033686,14,431,0.000,0,0,-1,-1,0,0.999931471,NA,NA,0.000000000,MEASURED_CPU_FAULT,CPU;INTERVAL_FAULTS,NA,NA,NA,NA,NA,NA,NA,NA,NA,NA,NA,NA,NA,NA,NA,NA,NA,NA,NA,NA,NA,NA,NA,TARGET_GONE,identity no longer active
2026-10-02T16:06:04Z,APP_22001_3033686,22001,3033686,14,432,0.000,0,0,-1,-1,0,0.999931471,NA,NA,0.000000000,MEASURED_CPU_FAULT,CPU;INTERVAL_FAULTS,NA,NA,NA,NA,NA,NA,NA,NA,NA,NA,NA,NA,NA,NA,NA,NA,NA,NA,NA,NA,NA,NA,NA,TARGET_GONE,identity no longer active
2026-10-02T16:06:04Z,APP_22001_3033686,22001,3033686,14,433,0.000,0,0,-1,-1,0,0.999931471,NA,NA,0.000000000,MEASURED_CPU_FAULT,CPU;INTERVAL_FAULTS,NA,NA,NA,NA,NA,NA,NA,NA,NA,NA,NA,NA,NA,NA,NA,NA,NA,NA,NA,NA,NA,NA,NA,TARGET_GONE,identity no longer active
2026-10-02T16:06:05Z,APP_22001_3033686,22001,3033686,14,434,0.000,0,0,-1,-1,0,0.999931471,NA,NA,0.000000000,MEASURED_CPU_FAULT,CPU;INTERVAL_FAULTS,NA,NA,NA,NA,NA,NA,NA,NA,NA,NA,NA,NA,NA,NA,NA,NA,NA,NA,NA,NA,NA,NA,NA,TARGET_GONE,identity no longer active
2026-10-02T16:06:05Z,APP_22001_3033686,22001,3033686,14,435,0.000,0,0,-1,-1,0,0.999931471,NA,NA,0.000000000,MEASURED_CPU_FAULT,CPU;INTERVAL_FAULTS,NA,NA,NA,NA,NA,NA,NA,NA,NA,NA,NA,NA,NA,NA,NA,NA,NA,NA,NA,NA,NA,NA,NA,TARGET_GONE,identity no longer active
2026-10-02T16:06:05Z,APP_22001_3033686,22001,3033686,14,436,0.000,0,0,-1,-1,0,0.999931471,NA,NA,0.000000000,MEASURED_CPU_FAULT,CPU;INTERVAL_FAULTS,NA,NA,NA,NA,NA,NA,NA,NA,NA,NA,NA,NA,NA,NA,NA,NA,NA,NA,NA,NA,NA,NA,NA,TARGET_GONE,identity no longer active
2026-10-02T16:06:05Z,APP_22001_3033686,22001,3033686,14,437,16.203,0,0,-1,-1,0,0.999931471,NA,NA,11.342100000,MEASURED_CPU_FAULT,CPU;INTERVAL_FAULTS,NA,NA,NA,NA,NA,NA,NA,NA,NA,NA,NA,NA,NA,NA,NA,NA,NA,NA,NA,NA,NA,NA,NA,TARGET_GONE,identity no longer active
2026-10-02T16:06:05Z,APP_22001_3033686,22001,3033686,14,438,192.385,0,0,-1,-1,0,0.999931471,NA,NA,70.000000000,MEASURED_CPU_FAULT,CPU;INTERVAL_FAULTS,NA,NA,NA,NA,NA,NA,NA,NA,NA,NA,NA,NA,NA,NA,NA,NA,NA,NA,NA,NA,NA,NA,NA,TARGET_GONE,identity no longer active
2026-10-02T16:06:05Z,APP_22001_3033686,22001,3033686,14,439,210.778,0,0,-1,-1,0,0.999931471,NA,NA,70.000000000,MEASURED_CPU_FAULT,CPU;INTERVAL_FAULTS,NA,NA,NA,NA,NA,NA,NA,NA,NA,NA,NA,NA,NA,NA,NA,NA,NA,NA,NA,NA,NA,NA,NA,TARGET_GONE,identity no longer active
2026-10-02T16:06:05Z,APP_22001_3033686,22001,3033686,14,440,202.009,0,0,-1,-1,0,0.999931471,NA,NA,70.000000000,MEASURED_CPU_FAULT,CPU;INTERVAL_FAULTS,NA,NA,NA,NA,NA,NA,NA,NA,NA,NA,NA,NA,NA,NA,NA,NA,NA,NA,NA,NA,NA,NA,NA,TARGET_GONE,identity no longer active
2026-10-02T16:06:05Z,APP_22001_3033686,22001,3033686,14,441,191.904,0,0,-1,-1,0,0.999931471,NA,NA,70.000000000,MEASURED_CPU_FAULT,CPU;INTERVAL_FAULTS,NA,NA,NA,NA,NA,NA,NA,NA,NA,NA,NA,NA,NA,NA,NA,NA,NA,NA,NA,NA,NA,NA,NA,TARGET_GONE,identity no longer active
2026-10-02T16:06:06Z,APP_22001_3033686,22001,3033686,14,442,206.928,0,0,-1,-1,0,0.999931471,NA,NA,70.000000000,MEASURED_CPU_FAULT,CPU;INTERVAL_FAULTS,NA,NA,NA,NA,NA,NA,NA,NA,NA,NA,NA,NA,NA,NA,NA,NA,NA,NA,NA,NA,NA,NA,NA,TARGET_GONE,identity no longer active
2026-10-02T16:06:06Z,APP_22001_3033686,22001,3033686,14,443,192.385,0,0,-1,-1,0,0.999931471,NA,NA,70.000000000,MEASURED_CPU_FAULT,CPU;INTERVAL_FAULTS,NA,NA,NA,NA,NA,NA,NA,NA,NA,NA,NA,NA,NA,NA,NA,NA,NA,NA,NA,NA,NA,NA,NA,TARGET_GONE,identity no longer active
2026-10-02T16:06:06Z,APP_22001_3033686,22001,3033686,14,444,201.198,0,0,-1,-1,0,0.999931471,NA,NA,70.000000000,MEASURED_CPU_FAULT,CPU;INTERVAL_FAULTS,NA,NA,NA,NA,NA,NA,NA,NA,NA,NA,NA,NA,NA,NA,NA,NA,NA,NA,NA,NA,NA,NA,NA,TARGET_GONE,identity no longer active
2026-10-02T16:06:06Z,APP_22001_3033686,22001,3033686,14,445,201.431,0,0,-1,-1,0,0.999931471,NA,NA,70.000000000,MEASURED_CPU_FAULT,CPU;INTERVAL_FAULTS,NA,NA,NA,NA,NA,NA,NA,NA,NA,NA,NA,NA,NA,NA,NA,NA,NA,NA,NA,NA,NA,NA,NA,TARGET_GONE,identity no longer active
2026-10-02T16:06:06Z,APP_22001_3033686,22001,3033686,14,446,201.802,0,0,-1,-1,0,0.999931471,NA,NA,70.000000000,MEASURED_CPU_FAULT,CPU;INTERVAL_FAULTS,NA,NA,NA,NA,NA,NA,NA,NA,NA,NA,NA,NA,NA,NA,NA,NA,NA,NA,NA,NA,NA,NA,NA,TARGET_GONE,identity no longer active
2026-10-02T16:06:06Z,APP_22001_3033686,22001,3033686,14,447,196.047,0,0,-1,-1,0,0.999931471,NA,NA,70.000000000,MEASURED_CPU_FAULT,CPU;INTERVAL_FAULTS,NA,NA,NA,NA,NA,NA,NA,NA,NA,NA,NA,NA,NA,NA,NA,NA,NA,NA,NA,NA,NA,NA,NA,TARGET_GONE,identity no longer active
2026-10-02T16:06:06Z,APP_22001_3033686,22001,3033686,14,448,204.391,0,0,-1,-1,0,0.999931471,NA,NA,70.000000000,MEASURED_CPU_FAULT,CPU;INTERVAL_FAULTS,NA,NA,NA,NA,NA,NA,NA,NA,NA,NA,NA,NA,NA,NA,NA,NA,NA,NA,NA,NA,NA,NA,NA,TARGET_GONE,identity no longer active
2026-10-02T16:06:06Z,APP_22001_3033686,22001,3033686,14,449,201.802,0,0,-1,-1,0,0.999931471,NA,NA,70.000000000,MEASURED_CPU_FAULT,CPU;INTERVAL_FAULTS,NA,NA,NA,NA,NA,NA,NA,NA,NA,NA,NA,NA,NA,NA,NA,NA,NA,NA,NA,NA,NA,NA,NA,TARGET_GONE,identity no longer active
2026-10-02T16:06:06Z,APP_22001_3033686,22001,3033686,14,450,194.195,0,0,-1,-1,0,0.999931471,NA,NA,70.000000000,MEASURED_CPU_FAULT,CPU;INTERVAL_FAULTS,NA,NA,NA,NA,NA,NA,NA,NA,NA,NA,NA,NA,NA,NA,NA,NA,NA,NA,NA,NA,NA,NA,NA,TARGET_GONE,identity no longer active
2026-10-02T16:06:06Z,APP_22001_3033686,22001,3033686,14,451,210.778,0,0,-1,-1,0,0.999931471,NA,NA,70.000000000,MEASURED_CPU_FAULT,CPU;INTERVAL_FAULTS,NA,NA,NA,NA,NA,NA,NA,NA,NA,NA,NA,NA,NA,NA,NA,NA,NA,NA,NA,NA,NA,NA,NA,TARGET_GONE,identity no longer active
2026-10-02T16:06:07Z,APP_22001_3033686,22001,3033686,14,452,194.360,0,0,-1,-1,0,0.999931471,NA,NA,70.000000000,MEASURED_CPU_FAULT,CPU;INTERVAL_FAULTS,NA,NA,NA,NA,NA,NA,NA,NA,NA,NA,NA,NA,NA,NA,NA,NA,NA,NA,NA,NA,NA,NA,NA,TARGET_GONE,identity no longer active
2026-10-02T16:06:07Z,APP_22001_3033686,22001,3033686,14,453,205.210,0,0,-1,-1,0,0.999931471,NA,NA,70.000000000,MEASURED_CPU_FAULT,CPU;INTERVAL_FAULTS,NA,NA,NA,NA,NA,NA,NA,NA,NA,NA,NA,NA,NA,NA,NA,NA,NA,NA,NA,NA,NA,NA,NA,TARGET_GONE,identity no longer active
2026-10-02T16:06:07Z,APP_22001_3033686,22001,3033686,14,454,191.904,0,0,-1,-1,0,0.999931471,NA,NA,70.000000000,MEASURED_CPU_FAULT,CPU;INTERVAL_FAULTS,NA,NA,NA,NA,NA,NA,NA,NA,NA,NA,NA,NA,NA,NA,NA,NA,NA,NA,NA,NA,NA,NA,NA,TARGET_GONE,identity no longer active
2026-10-02T16:06:07Z,APP_22001_3033686,22001,3033686,14,455,202.639,0,0,-1,-1,0,0.999931471,NA,NA,70.000000000,MEASURED_CPU_FAULT,CPU;INTERVAL_FAULTS,NA,NA,NA,NA,NA,NA,NA,NA,NA,NA,NA,NA,NA,NA,NA,NA,NA,NA,NA,NA,NA,NA,NA,TARGET_GONE,identity no longer active
2026-10-02T16:06:07Z,APP_22001_3033686,22001,3033686,14,456,201.802,0,0,-1,-1,0,0.999931471,NA,NA,70.000000000,MEASURED_CPU_FAULT,CPU;INTERVAL_FAULTS,NA,NA,NA,NA,NA,NA,NA,NA,NA,NA,NA,NA,NA,NA,NA,NA,NA,NA,NA,NA,NA,NA,NA,TARGET_GONE,identity no longer active
2026-10-02T16:06:07Z,APP_22001_3033686,22001,3033686,14,457,196.923,0,0,-1,-1,0,0.999931471,NA,NA,70.000000000,MEASURED_CPU_FAULT,CPU;INTERVAL_FAULTS,NA,NA,NA,NA,NA,NA,NA,NA,NA,NA,NA,NA,NA,NA,NA,NA,NA,NA,NA,NA,NA,NA,NA,TARGET_GONE,identity no longer active
2026-10-02T16:06:07Z,APP_22001_3033686,22001,3033686,14,458,204.800,0,0,-1,-1,0,0.999931471,NA,NA,70.000000000,MEASURED_CPU_FAULT,CPU;INTERVAL_FAULTS,NA,NA,NA,NA,NA,NA,NA,NA,NA,NA,NA,NA,NA,NA,NA,NA,NA,NA,NA,NA,NA,NA,NA,TARGET_GONE,identity no longer active
2026-10-02T16:06:07Z,APP_22001_3033686,22001,3033686,14,459,201.499,0,0,-1,-1,0,0.999931471,NA,NA,70.000000000,MEASURED_CPU_FAULT,CPU;INTERVAL_FAULTS,NA,NA,NA,NA,NA,NA,NA,NA,NA,NA,NA,NA,NA,NA,NA,NA,NA,NA,NA,NA,NA,NA,NA,TARGET_GONE,identity no longer active
2026-10-02T16:06:07Z,APP_22001_3033686,22001,3033686,14,460,202.639,0,0,-1,-1,0,0.999931471,NA,NA,70.000000000,MEASURED_CPU_FAULT,CPU;INTERVAL_FAULTS,NA,NA,NA,NA,NA,NA,NA,NA,NA,NA,NA,NA,NA,NA,NA,NA,NA,NA,NA,NA,NA,NA,NA,TARGET_GONE,identity no longer active
2026-10-02T16:06:08Z,APP_22001_3033686,22001,3033686,14,461,201.802,0,0,-1,-1,0,0.999931471,NA,NA,70.000000000,MEASURED_CPU_FAULT,CPU;INTERVAL_FAULTS,NA,NA,NA,NA,NA,NA,NA,NA,NA,NA,NA,NA,NA,NA,NA,NA,NA,NA,NA,NA,NA,NA,NA,TARGET_GONE,identity no longer active
2026-10-02T16:06:08Z,APP_22001_3033686,22001,3033686,14,462,200.866,0,0,-1,-1,0,0.999931471,NA,NA,70.000000000,MEASURED_CPU_FAULT,CPU;INTERVAL_FAULTS,NA,NA,NA,NA,NA,NA,NA,NA,NA,NA,NA,NA,NA,NA,NA,NA,NA,NA,NA,NA,NA,NA,NA,TARGET_GONE,identity no longer active
2026-10-02T16:06:08Z,APP_22001_3033686,22001,3033686,14,463,192.192,0,0,-1,-1,0,0.999931471,NA,NA,70.000000000,MEASURED_CPU_FAULT,CPU;INTERVAL_FAULTS,NA,NA,NA,NA,NA,NA,NA,NA,NA,NA,NA,NA,NA,NA,NA,NA,NA,NA,NA,NA,NA,NA,NA,TARGET_GONE,identity no longer active
2026-10-02T16:06:08Z,APP_22001_3033686,22001,3033686,14,464,201.083,0,0,-1,-1,0,0.999931471,NA,NA,70.000000000,MEASURED_CPU_FAULT,CPU;INTERVAL_FAULTS,NA,NA,NA,NA,NA,NA,NA,NA,NA,NA,NA,NA,NA,NA,NA,NA,NA,NA,NA,NA,NA,NA,NA,TARGET_GONE,identity no longer active
2026-10-02T16:06:08Z,APP_22001_3033686,22001,3033686,14,465,192.000,0,0,-1,-1,0,0.999931471,NA,NA,70.000000000,MEASURED_CPU_FAULT,CPU;INTERVAL_FAULTS,NA,NA,NA,NA,NA,NA,NA,NA,NA,NA,NA,NA,NA,NA,NA,NA,NA,NA,NA,NA,NA,NA,NA,TARGET_GONE,identity no longer active
2026-10-02T16:06:08Z,APP_22001_3033686,22001,3033686,14,466,201.117,0,0,-1,-1,0,0.999931471,NA,NA,70.000000000,MEASURED_CPU_FAULT,CPU;INTERVAL_FAULTS,NA,NA,NA,NA,NA,NA,NA,NA,NA,NA,NA,NA,NA,NA,NA,NA,NA,NA,NA,NA,NA,NA,NA,TARGET_GONE,identity no longer active
2026-10-02T16:06:08Z,APP_22001_3033686,22001,3033686,14,467,204.391,0,0,-1,-1,0,0.999931471,NA,NA,70.000000000,MEASURED_CPU_FAULT,CPU;INTERVAL_FAULTS,NA,NA,NA,NA,NA,NA,NA,NA,NA,NA,NA,NA,NA,NA,NA,NA,NA,NA,NA,NA,NA,NA,NA,TARGET_GONE,identity no longer active
2026-10-02T16:06:08Z,APP_22001_3033686,22001,3033686,14,468,201.802,0,0,-1,-1,0,0.999931471,NA,NA,70.000000000,MEASURED_CPU_FAULT,CPU;INTERVAL_FAULTS,NA,NA,NA,NA,NA,NA,NA,NA,NA,NA,NA,NA,NA,NA,NA,NA,NA,NA,NA,NA,NA,NA,NA,TARGET_GONE,identity no longer active
2026-10-02T16:06:09Z,APP_22001_3033686,22001,3033686,14,469,202.906,0,0,-1,-1,0,0.999931471,NA,NA,70.000000000,MEASURED_CPU_FAULT,CPU;INTERVAL_FAULTS,NA,NA,NA,NA,NA,NA,NA,NA,NA,NA,NA,NA,NA,NA,NA,NA,NA,NA,NA,NA,NA,NA,NA,TARGET_GONE,identity no longer active
2026-10-02T16:06:09Z,APP_22001_3033686,22001,3033686,14,470,201.802,0,0,-1,-1,0,0.999931471,NA,NA,70.000000000,MEASURED_CPU_FAULT,CPU;INTERVAL_FAULTS,NA,NA,NA,NA,NA,NA,NA,NA,NA,NA,NA,NA,NA,NA,NA,NA,NA,NA,NA,NA,NA,NA,NA,TARGET_GONE,identity no longer active
2026-10-02T16:06:09Z,APP_22001_3033686,22001,3033686,14,471,201.083,0,0,-1,-1,0,0.999931471,NA,NA,70.000000000,MEASURED_CPU_FAULT,CPU;INTERVAL_FAULTS,NA,NA,NA,NA,NA,NA,NA,NA,NA,NA,NA,NA,NA,NA,NA,NA,NA,NA,NA,NA,NA,NA,NA,TARGET_GONE,identity no longer active
2026-10-02T16:06:09Z,APP_22001_3033686,22001,3033686,14,472,192.481,0,0,-1,-1,0,0.999931471,NA,NA,70.000000000,MEASURED_CPU_FAULT,CPU;INTERVAL_FAULTS,NA,NA,NA,NA,NA,NA,NA,NA,NA,NA,NA,NA,NA,NA,NA,NA,NA,NA,NA,NA,NA,NA,NA,TARGET_GONE,identity no longer active
2026-10-02T16:06:09Z,APP_22001_3033686,22001,3033686,14,473,201.083,0,0,-1,-1,0,0.999931471,NA,NA,70.000000000,MEASURED_CPU_FAULT,CPU;INTERVAL_FAULTS,NA,NA,NA,NA,NA,NA,NA,NA,NA,NA,NA,NA,NA,NA,NA,NA,NA,NA,NA,NA,NA,NA,NA,TARGET_GONE,identity no longer active
2026-10-02T16:06:09Z,APP_22001_3033686,22001,3033686,14,474,192.000,0,0,-1,-1,0,0.999931471,NA,NA,70.000000000,MEASURED_CPU_FAULT,CPU;INTERVAL_FAULTS,NA,NA,NA,NA,NA,NA,NA,NA,NA,NA,NA,NA,NA,NA,NA,NA,NA,NA,NA,NA,NA,NA,NA,TARGET_GONE,identity no longer active
2026-10-02T16:06:09Z,APP_22001_3033686,22001,3033686,14,475,200.557,0,0,-1,-1,0,0.999931471,NA,NA,70.000000000,MEASURED_CPU_FAULT,CPU;INTERVAL_FAULTS,NA,NA,NA,NA,NA,NA,NA,NA,NA,NA,NA,NA,NA,NA,NA,NA,NA,NA,NA,NA,NA,NA,NA,TARGET_GONE,identity no longer active
2026-10-02T16:06:09Z,APP_22001_3033686,22001,3033686,14,476,204.391,0,0,-1,-1,0,0.999931471,NA,NA,70.000000000,MEASURED_CPU_FAULT,CPU;INTERVAL_FAULTS,NA,NA,NA,NA,NA,NA,NA,NA,NA,NA,NA,NA,NA,NA,NA,NA,NA,NA,NA,NA,NA,NA,NA,TARGET_GONE,identity no longer active
2026-10-02T16:06:10Z,APP_22001_3033686,22001,3033686,14,477,201.499,0,0,-1,-1,0,0.999931471,NA,NA,70.000000000,MEASURED_CPU_FAULT,CPU;INTERVAL_FAULTS,NA,NA,NA,NA,NA,NA,NA,NA,NA,NA,NA,NA,NA,NA,NA,NA,NA,NA,NA,NA,NA,NA,NA,TARGET_GONE,identity no longer active
2026-10-02T16:06:10Z,APP_22001_3033686,22001,3033686,14,478,202.906,0,0,-1,-1,0,0.999931471,NA,NA,70.000000000,MEASURED_CPU_FAULT,CPU;INTERVAL_FAULTS,NA,NA,NA,NA,NA,NA,NA,NA,NA,NA,NA,NA,NA,NA,NA,NA,NA,NA,NA,NA,NA,NA,NA,TARGET_GONE,identity no longer active
2026-10-02T16:06:10Z,APP_22001_3033686,22001,3033686,14,479,201.802,0,0,-1,-1,0,0.999931471,NA,NA,70.000000000,MEASURED_CPU_FAULT,CPU;INTERVAL_FAULTS,NA,NA,NA,NA,NA,NA,NA,NA,NA,NA,NA,NA,NA,NA,NA,NA,NA,NA,NA,NA,NA,NA,NA,TARGET_GONE,identity no longer active
2026-10-02T16:06:10Z,APP_22001_3033686,22001,3033686,14,480,201.083,0,0,-1,-1,0,0.999931471,NA,NA,70.000000000,MEASURED_CPU_FAULT,CPU;INTERVAL_FAULTS,NA,NA,NA,NA,NA,NA,NA,NA,NA,NA,NA,NA,NA,NA,NA,NA,NA,NA,NA,NA,NA,NA,NA,TARGET_GONE,identity no longer active
2026-10-02T16:06:10Z,APP_22001_3033686,22001,3033686,14,481,191.904,0,0,-1,-1,0,0.999931471,NA,NA,70.000000000,MEASURED_CPU_FAULT,CPU;INTERVAL_FAULTS,NA,NA,NA,NA,NA,NA,NA,NA,NA,NA,NA,NA,NA,NA,NA,NA,NA,NA,NA,NA,NA,NA,NA,TARGET_GONE,identity no longer active
2026-10-02T16:06:10Z,APP_22001_3033686,22001,3033686,14,482,201.083,0,0,-1,-1,0,0.999931471,NA,NA,70.000000000,MEASURED_CPU_FAULT,CPU;INTERVAL_FAULTS,NA,NA,NA,NA,NA,NA,NA,NA,NA,NA,NA,NA,NA,NA,NA,NA,NA,NA,NA,NA,NA,NA,NA,TARGET_GONE,identity no longer active
2026-10-02T16:06:10Z,APP_22001_3033686,22001,3033686,14,483,192.771,0,0,-1,-1,0,0.999931471,NA,NA,70.000000000,MEASURED_CPU_FAULT,CPU;INTERVAL_FAULTS,NA,NA,NA,NA,NA,NA,NA,NA,NA,NA,NA,NA,NA,NA,NA,NA,NA,NA,NA,NA,NA,NA,NA,TARGET_GONE,identity no longer active
2026-10-02T16:06:10Z,APP_22001_3033686,22001,3033686,14,484,203.109,0,0,-1,-1,0,0.999931471,NA,NA,70.000000000,MEASURED_CPU_FAULT,CPU;INTERVAL_FAULTS,NA,NA,NA,NA,NA,NA,NA,NA,NA,NA,NA,NA,NA,NA,NA,NA,NA,NA,NA,NA,NA,NA,NA,TARGET_GONE,identity no longer active
2026-10-02T16:06:11Z,APP_22001_3033686,22001,3033686,14,485,192.000,0,0,-1,-1,0,0.999931471,NA,NA,70.000000000,MEASURED_CPU_FAULT,CPU;INTERVAL_FAULTS,NA,NA,NA,NA,NA,NA,NA,NA,NA,NA,NA,NA,NA,NA,NA,NA,NA,NA,NA,NA,NA,NA,NA,TARGET_GONE,identity no longer active
2026-10-02T16:06:11Z,APP_22001_3033686,22001,3033686,14,486,201.802,0,0,-1,-1,0,0.999931471,NA,NA,70.000000000,MEASURED_CPU_FAULT,CPU;INTERVAL_FAULTS,NA,NA,NA,NA,NA,NA,NA,NA,NA,NA,NA,NA,NA,NA,NA,NA,NA,NA,NA,NA,NA,NA,NA,TARGET_GONE,identity no longer active
2026-10-02T16:06:11Z,APP_22001_3033686,22001,3033686,14,487,204.082,0,0,-1,-1,0,0.999931471,NA,NA,70.000000000,MEASURED_CPU_FAULT,CPU;INTERVAL_FAULTS,NA,NA,NA,NA,NA,NA,NA,NA,NA,NA,NA,NA,NA,NA,NA,NA,NA,NA,NA,NA,NA,NA,NA,TARGET_GONE,identity no longer active
2026-10-02T16:06:11Z,APP_22001_3033686,22001,3033686,14,488,201.802,0,0,-1,-1,0,0.999931471,NA,NA,70.000000000,MEASURED_CPU_FAULT,CPU;INTERVAL_FAULTS,NA,NA,NA,NA,NA,NA,NA,NA,NA,NA,NA,NA,NA,NA,NA,NA,NA,NA,NA,NA,NA,NA,NA,TARGET_GONE,identity no longer active
2026-10-02T16:06:11Z,APP_22001_3033686,22001,3033686,14,489,194.967,0,0,-1,-1,0,0.999931471,NA,NA,70.000000000,MEASURED_CPU_FAULT,CPU;INTERVAL_FAULTS,NA,NA,NA,NA,NA,NA,NA,NA,NA,NA,NA,NA,NA,NA,NA,NA,NA,NA,NA,NA,NA,NA,NA,TARGET_GONE,identity no longer active
2026-10-02T16:06:11Z,APP_22001_3033686,22001,3033686,14,490,210.463,0,0,-1,-1,0,0.999931471,NA,NA,70.000000000,MEASURED_CPU_FAULT,CPU;INTERVAL_FAULTS,NA,NA,NA,NA,NA,NA,NA,NA,NA,NA,NA,NA,NA,NA,NA,NA,NA,NA,NA,NA,NA,NA,NA,TARGET_GONE,identity no longer active
2026-10-02T16:06:11Z,APP_22001_3033686,22001,3033686,14,491,195.163,0,0,-1,-1,0,0.999931471,NA,NA,70.000000000,MEASURED_CPU_FAULT,CPU;INTERVAL_FAULTS,NA,NA,NA,NA,NA,NA,NA,NA,NA,NA,NA,NA,NA,NA,NA,NA,NA,NA,NA,NA,NA,NA,NA,TARGET_GONE,identity no longer active
2026-10-02T16:06:11Z,APP_22001_3033686,22001,3033686,14,492,192.000,0,0,-1,-1,0,0.999931471,NA,NA,70.000000000,MEASURED_CPU_FAULT,CPU;INTERVAL_FAULTS,NA,NA,NA,NA,NA,NA,NA,NA,NA,NA,NA,NA,NA,NA,NA,NA,NA,NA,NA,NA,NA,NA,NA,TARGET_GONE,identity no longer active
2026-10-02T16:06:12Z,APP_22001_3033686,22001,3033686,14,493,200.261,0,0,-1,-1,0,0.999931471,NA,NA,70.000000000,MEASURED_CPU_FAULT,CPU;INTERVAL_FAULTS,NA,NA,NA,NA,NA,NA,NA,NA,NA,NA,NA,NA,NA,NA,NA,NA,NA,NA,NA,NA,NA,NA,NA,TARGET_GONE,identity no longer active
2026-10-02T16:06:12Z,APP_22001_3033686,22001,3033686,14,494,210.778,0,0,-1,-1,0,0.999931471,NA,NA,70.000000000,MEASURED_CPU_FAULT,CPU;INTERVAL_FAULTS,NA,NA,NA,NA,NA,NA,NA,NA,NA,NA,NA,NA,NA,NA,NA,NA,NA,NA,NA,NA,NA,NA,NA,TARGET_GONE,identity no longer active
2026-10-02T16:06:12Z,APP_22001_3033686,22001,3033686,14,495,192.192,0,0,-1,-1,0,0.999931471,NA,NA,70.000000000,MEASURED_CPU_FAULT,CPU;INTERVAL_FAULTS,NA,NA,NA,NA,NA,NA,NA,NA,NA,NA,NA,NA,NA,NA,NA,NA,NA,NA,NA,NA,NA,NA,NA,TARGET_GONE,identity no longer active
2026-10-02T16:06:12Z,APP_22001_3033686,22001,3033686,14,496,203.562,0,0,-1,-1,0,0.999931471,NA,NA,70.000000000,MEASURED_CPU_FAULT,CPU;INTERVAL_FAULTS,NA,NA,NA,NA,NA,NA,NA,NA,NA,NA,NA,NA,NA,NA,NA,NA,NA,NA,NA,NA,NA,NA,NA,TARGET_GONE,identity no longer active
2026-10-02T16:06:12Z,APP_22001_3033686,22001,3033686,14,497,201.802,0,0,-1,-1,0,0.999931471,NA,NA,70.000000000,MEASURED_CPU_FAULT,CPU;INTERVAL_FAULTS,NA,NA,NA,NA,NA,NA,NA,NA,NA,NA,NA,NA,NA,NA,NA,NA,NA,NA,NA,NA,NA,NA,NA,TARGET_GONE,identity no longer active
2026-10-02T16:06:12Z,APP_22001_3033686,22001,3033686,14,498,201.893,0,0,-1,-1,0,0.999931471,NA,NA,70.000000000,MEASURED_CPU_FAULT,CPU;INTERVAL_FAULTS,NA,NA,NA,NA,NA,NA,NA,NA,NA,NA,NA,NA,NA,NA,NA,NA,NA,NA,NA,NA,NA,NA,NA,TARGET_GONE,identity no longer active
2026-10-02T16:06:12Z,APP_22001_3033686,22001,3033686,14,499,191.617,0,0,-1,-1,0,0.999931471,NA,NA,70.000000000,MEASURED_CPU_FAULT,CPU;INTERVAL_FAULTS,NA,NA,NA,NA,NA,NA,NA,NA,NA,NA,NA,NA,NA,NA,NA,NA,NA,NA,NA,NA,NA,NA,NA,TARGET_GONE,identity no longer active
2026-10-02T16:06:12Z,APP_22001_3033686,22001,3033686,14,500,201.893,0,0,-1,-1,0,0.999931471,NA,NA,70.000000000,MEASURED_CPU_FAULT,CPU;INTERVAL_FAULTS,NA,NA,NA,NA,NA,NA,NA,NA,NA,NA,NA,NA,NA,NA,NA,NA,NA,NA,NA,NA,NA,NA,NA,TARGET_GONE,identity no longer active
2026-10-02T16:06:12Z,APP_22001_3033686,22001,3033686,14,501,201.499,0,0,-1,-1,0,0.999931471,NA,NA,70.000000000,MEASURED_CPU_FAULT,CPU;INTERVAL_FAULTS,NA,NA,NA,NA,NA,NA,NA,NA,NA,NA,NA,NA,NA,NA,NA,NA,NA,NA,NA,NA,NA,NA,NA,TARGET_GONE,identity no longer active
2026-10-02T16:06:13Z,APP_22001_3033686,22001,3033686,14,502,197.666,0,0,-1,-1,0,0.999931471,NA,NA,70.000000000,MEASURED_CPU_FAULT,CPU;INTERVAL_FAULTS,NA,NA,NA,NA,NA,NA,NA,NA,NA,NA,NA,NA,NA,NA,NA,NA,NA,NA,NA,NA,NA,NA,NA,TARGET_GONE,identity no longer active
2026-10-02T16:06:13Z,APP_22001_3033686,22001,3033686,14,503,211.411,0,0,-1,-1,0,0.999931471,NA,NA,70.000000000,MEASURED_CPU_FAULT,CPU;INTERVAL_FAULTS,NA,NA,NA,NA,NA,NA,NA,NA,NA,NA,NA,NA,NA,NA,NA,NA,NA,NA,NA,NA,NA,NA,NA,TARGET_GONE,identity no longer active
2026-10-02T16:06:13Z,APP_22001_3033686,22001,3033686,14,504,200.897,0,0,-1,-1,0,0.999931471,NA,NA,70.000000000,MEASURED_CPU_FAULT,CPU;INTERVAL_FAULTS,NA,NA,NA,NA,NA,NA,NA,NA,NA,NA,NA,NA,NA,NA,NA,NA,NA,NA,NA,NA,NA,NA,NA,TARGET_GONE,identity no longer active
2026-10-02T16:06:13Z,APP_22001_3033686,22001,3033686,14,505,195.918,0,0,-1,-1,0,0.999931471,NA,NA,70.000000000,MEASURED_CPU_FAULT,CPU;INTERVAL_FAULTS,NA,NA,NA,NA,NA,NA,NA,NA,NA,NA,NA,NA,NA,NA,NA,NA,NA,NA,NA,NA,NA,NA,NA,TARGET_GONE,identity no longer active
2026-10-02T16:06:13Z,APP_22001_3033686,22001,3033686,14,506,201.802,0,0,-1,-1,0,0.999931471,NA,NA,70.000000000,MEASURED_CPU_FAULT,CPU;INTERVAL_FAULTS,NA,NA,NA,NA,NA,NA,NA,NA,NA,NA,NA,NA,NA,NA,NA,NA,NA,NA,NA,NA,NA,NA,NA,TARGET_GONE,identity no longer active
2026-10-02T16:06:13Z,APP_22001_3033686,22001,3033686,14,507,201.893,0,0,-1,-1,0,0.999931471,NA,NA,70.000000000,MEASURED_CPU_FAULT,CPU;INTERVAL_FAULTS,NA,NA,NA,NA,NA,NA,NA,NA,NA,NA,NA,NA,NA,NA,NA,NA,NA,NA,NA,NA,NA,NA,NA,TARGET_GONE,identity no longer active
2026-10-02T16:06:13Z,APP_22001_3033686,22001,3033686,14,508,201.198,0,0,-1,-1,0,0.999931471,NA,NA,70.000000000,MEASURED_CPU_FAULT,CPU;INTERVAL_FAULTS,NA,NA,NA,NA,NA,NA,NA,NA,NA,NA,NA,NA,NA,NA,NA,NA,NA,NA,NA,NA,NA,NA,NA,TARGET_GONE,identity no longer active
2026-10-02T16:06:13Z,APP_22001_3033686,22001,3033686,14,509,201.681,0,0,-1,-1,0,0.999931471,NA,NA,70.000000000,MEASURED_CPU_FAULT,CPU;INTERVAL_FAULTS,NA,NA,NA,NA,NA,NA,NA,NA,NA,NA,NA,NA,NA,NA,NA,NA,NA,NA,NA,NA,NA,NA,NA,TARGET_GONE,identity no longer active
2026-10-02T16:06:14Z,APP_22001_3033686,22001,3033686,14,510,201.499,0,0,-1,-1,0,0.999931471,NA,NA,70.000000000,MEASURED_CPU_FAULT,CPU;INTERVAL_FAULTS,NA,NA,NA,NA,NA,NA,NA,NA,NA,NA,NA,NA,NA,NA,NA,NA,NA,NA,NA,NA,NA,NA,NA,TARGET_GONE,identity no longer active
2026-10-02T16:06:14Z,APP_22001_3033686,22001,3033686,14,511,197.531,0,0,-1,-1,0,0.999931471,NA,NA,70.000000000,MEASURED_CPU_FAULT,CPU;INTERVAL_FAULTS,NA,NA,NA,NA,NA,NA,NA,NA,NA,NA,NA,NA,NA,NA,NA,NA,NA,NA,NA,NA,NA,NA,NA,TARGET_GONE,identity no longer active
2026-10-02T16:06:14Z,APP_22001_3033686,22001,3033686,14,512,210.778,0,0,-1,-1,0,0.999931471,NA,NA,70.000000000,MEASURED_CPU_FAULT,CPU;INTERVAL_FAULTS,NA,NA,NA,NA,NA,NA,NA,NA,NA,NA,NA,NA,NA,NA,NA,NA,NA,NA,NA,NA,NA,NA,NA,TARGET_GONE,identity no longer active
2026-10-02T16:06:14Z,APP_22001_3033686,22001,3033686,14,513,201.802,0,0,-1,-1,0,0.999931471,NA,NA,70.000000000,MEASURED_CPU_FAULT,CPU;INTERVAL_FAULTS,NA,NA,NA,NA,NA,NA,NA,NA,NA,NA,NA,NA,NA,NA,NA,NA,NA,NA,NA,NA,NA,NA,NA,TARGET_GONE,identity no longer active
2026-10-02T16:06:14Z,APP_22001_3033686,22001,3033686,14,514,195.420,0,0,-1,-1,0,0.999931471,NA,NA,70.000000000,MEASURED_CPU_FAULT,CPU;INTERVAL_FAULTS,NA,NA,NA,NA,NA,NA,NA,NA,NA,NA,NA,NA,NA,NA,NA,NA,NA,NA,NA,NA,NA,NA,NA,TARGET_GONE,identity no longer active
2026-10-02T16:06:14Z,APP_22001_3033686,22001,3033686,14,515,201.499,0,0,-1,-1,0,0.999931471,NA,NA,70.000000000,MEASURED_CPU_FAULT,CPU;INTERVAL_FAULTS,NA,NA,NA,NA,NA,NA,NA,NA,NA,NA,NA,NA,NA,NA,NA,NA,NA,NA,NA,NA,NA,NA,NA,TARGET_GONE,identity no longer active
2026-10-02T16:06:14Z,APP_22001_3033686,22001,3033686,14,516,201.893,0,0,-1,-1,0,0.999931471,NA,NA,70.000000000,MEASURED_CPU_FAULT,CPU;INTERVAL_FAULTS,NA,NA,NA,NA,NA,NA,NA,NA,NA,NA,NA,NA,NA,NA,NA,NA,NA,NA,NA,NA,NA,NA,NA,TARGET_GONE,identity no longer active
2026-10-02T16:06:14Z,APP_22001_3033686,22001,3033686,14,517,201.499,0,0,-1,-1,0,0.999931471,NA,NA,70.000000000,MEASURED_CPU_FAULT,CPU;INTERVAL_FAULTS,NA,NA,NA,NA,NA,NA,NA,NA,NA,NA,NA,NA,NA,NA,NA,NA,NA,NA,NA,NA,NA,NA,NA,TARGET_GONE,identity no longer active
2026-10-02T16:06:15Z,APP_22001_3033686,22001,3033686,14,518,194.753,0,0,-1,-1,0,0.999931471,NA,NA,70.000000000,MEASURED_CPU_FAULT,CPU;INTERVAL_FAULTS,NA,NA,NA,NA,NA,NA,NA,NA,NA,NA,NA,NA,NA,NA,NA,NA,NA,NA,NA,NA,NA,NA,NA,TARGET_GONE,identity no longer active
2026-10-02T16:06:15Z,APP_22001_3033686,22001,3033686,14,519,201.499,0,0,-1,-1,0,0.999931471,NA,NA,70.000000000,MEASURED_CPU_FAULT,CPU;INTERVAL_FAULTS,NA,NA,NA,NA,NA,NA,NA,NA,NA,NA,NA,NA,NA,NA,NA,NA,NA,NA,NA,NA,NA,NA,NA,TARGET_GONE,identity no longer active
2026-10-02T16:06:15Z,APP_22001_3033686,22001,3033686,14,520,202.895,0,0,-1,-1,0,0.999931471,NA,NA,70.000000000,MEASURED_CPU_FAULT,CPU;INTERVAL_FAULTS,NA,NA,NA,NA,NA,NA,NA,NA,NA,NA,NA,NA,NA,NA,NA,NA,NA,NA,NA,NA,NA,NA,NA,TARGET_GONE,identity no longer active
2026-10-02T16:06:15Z,APP_22001_3033686,22001,3033686,14,521,191.617,0,0,-1,-1,0,0.999931471,NA,NA,70.000000000,MEASURED_CPU_FAULT,CPU;INTERVAL_FAULTS,NA,NA,NA,NA,NA,NA,NA,NA,NA,NA,NA,NA,NA,NA,NA,NA,NA,NA,NA,NA,NA,NA,NA,TARGET_GONE,identity no longer active
2026-10-02T16:06:15Z,APP_22001_3033686,22001,3033686,14,522,201.802,0,0,-1,-1,0,0.999931471,NA,NA,70.000000000,MEASURED_CPU_FAULT,CPU;INTERVAL_FAULTS,NA,NA,NA,NA,NA,NA,NA,NA,NA,NA,NA,NA,NA,NA,NA,NA,NA,NA,NA,NA,NA,NA,NA,TARGET_GONE,identity no longer active
2026-10-02T16:06:15Z,APP_22001_3033686,22001,3033686,14,523,203.822,0,0,-1,-1,0,0.999931471,NA,NA,70.000000000,MEASURED_CPU_FAULT,CPU;INTERVAL_FAULTS,NA,NA,NA,NA,NA,NA,NA,NA,NA,NA,NA,NA,NA,NA,NA,NA,NA,NA,NA,NA,NA,NA,NA,TARGET_GONE,identity no longer active
2026-10-02T16:06:15Z,APP_22001_3033686,22001,3033686,14,524,192.192,0,0,-1,-1,0,0.999931471,NA,NA,70.000000000,MEASURED_CPU_FAULT,CPU;INTERVAL_FAULTS,NA,NA,NA,NA,NA,NA,NA,NA,NA,NA,NA,NA,NA,NA,NA,NA,NA,NA,NA,NA,NA,NA,NA,TARGET_GONE,identity no longer active
2026-10-02T16:06:15Z,APP_22001_3033686,22001,3033686,14,525,201.681,0,0,-1,-1,0,0.999931471,NA,NA,70.000000000,MEASURED_CPU_FAULT,CPU;INTERVAL_FAULTS,NA,NA,NA,NA,NA,NA,NA,NA,NA,NA,NA,NA,NA,NA,NA,NA,NA,NA,NA,NA,NA,NA,NA,TARGET_GONE,identity no longer active
2026-10-02T16:06:16Z,APP_22001_3033686,22001,3033686,14,526,201.499,0,0,-1,-1,0,0.999931471,NA,NA,70.000000000,MEASURED_CPU_FAULT,CPU;INTERVAL_FAULTS,NA,NA,NA,NA,NA,NA,NA,NA,NA,NA,NA,NA,NA,NA,NA,NA,NA,NA,NA,NA,NA,NA,NA,TARGET_GONE,identity no longer active
2026-10-02T16:06:16Z,APP_22001_3033686,22001,3033686,14,527,200.810,0,0,-1,-1,0,0.999931471,NA,NA,70.000000000,MEASURED_CPU_FAULT,CPU;INTERVAL_FAULTS,NA,NA,NA,NA,NA,NA,NA,NA,NA,NA,NA,NA,NA,NA,NA,NA,NA,NA,NA,NA,NA,NA,NA,TARGET_GONE,identity no longer active
2026-10-02T16:06:16Z,APP_22001_3033686,22001,3033686,14,528,201.198,0,0,-1,-1,0,0.999931471,NA,NA,70.000000000,MEASURED_CPU_FAULT,CPU;INTERVAL_FAULTS,NA,NA,NA,NA,NA,NA,NA,NA,NA,NA,NA,NA,NA,NA,NA,NA,NA,NA,NA,NA,NA,NA,NA,TARGET_GONE,identity no longer active
2026-10-02T16:06:16Z,APP_22001_3033686,22001,3033686,14,529,199.146,0,0,-1,-1,0,0.999931471,NA,NA,70.000000000,MEASURED_CPU_FAULT,CPU;INTERVAL_FAULTS,NA,NA,NA,NA,NA,NA,NA,NA,NA,NA,NA,NA,NA,NA,NA,NA,NA,NA,NA,NA,NA,NA,NA,TARGET_GONE,identity no longer active
2026-10-02T16:06:16Z,APP_22001_3033686,22001,3033686,14,530,192.192,0,0,-1,-1,0,0.999931471,NA,NA,70.000000000,MEASURED_CPU_FAULT,CPU;INTERVAL_FAULTS,NA,NA,NA,NA,NA,NA,NA,NA,NA,NA,NA,NA,NA,NA,NA,NA,NA,NA,NA,NA,NA,NA,NA,TARGET_GONE,identity no longer active
2026-10-02T16:06:16Z,APP_22001_3033686,22001,3033686,14,531,201.802,0,0,-1,-1,0,0.999931471,NA,NA,70.000000000,MEASURED_CPU_FAULT,CPU;INTERVAL_FAULTS,NA,NA,NA,NA,NA,NA,NA,NA,NA,NA,NA,NA,NA,NA,NA,NA,NA,NA,NA,NA,NA,NA,NA,TARGET_GONE,identity no longer active
2026-10-02T16:06:16Z,APP_22001_3033686,22001,3033686,14,532,197.574,0,0,-1,-1,0,0.999931471,NA,NA,70.000000000,MEASURED_CPU_FAULT,CPU;INTERVAL_FAULTS,NA,NA,NA,NA,NA,NA,NA,NA,NA,NA,NA,NA,NA,NA,NA,NA,NA,NA,NA,NA,NA,NA,NA,TARGET_GONE,identity no longer active
2026-10-02T16:06:16Z,APP_22001_3033686,22001,3033686,14,533,201.499,0,0,-1,-1,0,0.999931471,NA,NA,70.000000000,MEASURED_CPU_FAULT,CPU;INTERVAL_FAULTS,NA,NA,NA,NA,NA,NA,NA,NA,NA,NA,NA,NA,NA,NA,NA,NA,NA,NA,NA,NA,NA,NA,NA,TARGET_GONE,identity no longer active
2026-10-02T16:06:17Z,APP_22001_3033686,22001,3033686,14,534,202.985,0,0,-1,-1,0,0.999931471,NA,NA,70.000000000,MEASURED_CPU_FAULT,CPU;INTERVAL_FAULTS,NA,NA,NA,NA,NA,NA,NA,NA,NA,NA,NA,NA,NA,NA,NA,NA,NA,NA,NA,NA,NA,NA,NA,TARGET_GONE,identity no longer active
2026-10-02T16:06:17Z,APP_22001_3033686,22001,3033686,14,535,191.617,0,0,-1,-1,0,0.999931471,NA,NA,70.000000000,MEASURED_CPU_FAULT,CPU;INTERVAL_FAULTS,NA,NA,NA,NA,NA,NA,NA,NA,NA,NA,NA,NA,NA,NA,NA,NA,NA,NA,NA,NA,NA,NA,NA,TARGET_GONE,identity no longer active
2026-10-02T16:06:17Z,APP_22001_3033686,22001,3033686,14,536,202.607,0,0,-1,-1,0,0.999931471,NA,NA,70.000000000,MEASURED_CPU_FAULT,CPU;INTERVAL_FAULTS,NA,NA,NA,NA,NA,NA,NA,NA,NA,NA,NA,NA,NA,NA,NA,NA,NA,NA,NA,NA,NA,NA,NA,TARGET_GONE,identity no longer active
2026-10-02T16:06:17Z,APP_22001_3033686,22001,3033686,14,537,200.104,0,0,-1,-1,0,0.999931471,NA,NA,70.000000000,MEASURED_CPU_FAULT,CPU;INTERVAL_FAULTS,NA,NA,NA,NA,NA,NA,NA,NA,NA,NA,NA,NA,NA,NA,NA,NA,NA,NA,NA,NA,NA,NA,NA,TARGET_GONE,identity no longer active
2026-10-02T16:06:17Z,APP_22001_3033686,22001,3033686,14,538,191.617,0,0,-1,-1,0,0.999931471,NA,NA,70.000000000,MEASURED_CPU_FAULT,CPU;INTERVAL_FAULTS,NA,NA,NA,NA,NA,NA,NA,NA,NA,NA,NA,NA,NA,NA,NA,NA,NA,NA,NA,NA,NA,NA,NA,TARGET_GONE,identity no longer active
2026-10-02T16:06:17Z,APP_22001_3033686,22001,3033686,14,539,201.499,0,0,-1,-1,0,0.999931471,NA,NA,70.000000000,MEASURED_CPU_FAULT,CPU;INTERVAL_FAULTS,NA,NA,NA,NA,NA,NA,NA,NA,NA,NA,NA,NA,NA,NA,NA,NA,NA,NA,NA,NA,NA,NA,NA,TARGET_GONE,identity no longer active
2026-10-02T16:06:18Z,APP_22001_3033686,22001,3033686,14,540,203.732,0,0,-1,-1,0,0.999931471,NA,NA,70.000000000,MEASURED_CPU_FAULT,CPU;INTERVAL_FAULTS,NA,NA,NA,NA,NA,NA,NA,NA,NA,NA,NA,NA,NA,NA,NA,NA,NA,NA,NA,NA,NA,NA,NA,TARGET_GONE,identity no longer active
2026-10-02T16:06:18Z,APP_22001_3033686,22001,3033686,14,541,201.499,0,0,-1,-1,0,0.999931471,NA,NA,70.000000000,MEASURED_CPU_FAULT,CPU;INTERVAL_FAULTS,NA,NA,NA,NA,NA,NA,NA,NA,NA,NA,NA,NA,NA,NA,NA,NA,NA,NA,NA,NA,NA,NA,NA,TARGET_GONE,identity no longer active
2026-10-02T16:06:18Z,APP_22001_3033686,22001,3033686,14,542,196.648,0,0,-1,-1,0,0.999931471,NA,NA,70.000000000,MEASURED_CPU_FAULT,CPU;INTERVAL_FAULTS,NA,NA,NA,NA,NA,NA,NA,NA,NA,NA,NA,NA,NA,NA,NA,NA,NA,NA,NA,NA,NA,NA,NA,TARGET_GONE,identity no longer active
2026-10-02T16:06:18Z,APP_22001_3033686,22001,3033686,14,543,201.198,0,0,-1,-1,0,0.999931471,NA,NA,70.000000000,MEASURED_CPU_FAULT,CPU;INTERVAL_FAULTS,NA,NA,NA,NA,NA,NA,NA,NA,NA,NA,NA,NA,NA,NA,NA,NA,NA,NA,NA,NA,NA,NA,NA,TARGET_GONE,identity no longer active
2026-10-02T16:06:18Z,APP_22001_3033686,22001,3033686,14,544,202.796,0,0,-1,-1,0,0.999931471,NA,NA,70.000000000,MEASURED_CPU_FAULT,CPU;INTERVAL_FAULTS,NA,NA,NA,NA,NA,NA,NA,NA,NA,NA,NA,NA,NA,NA,NA,NA,NA,NA,NA,NA,NA,NA,NA,TARGET_GONE,identity no longer active
2026-10-02T16:06:18Z,APP_22001_3033686,22001,3033686,14,545,199.344,0,0,-1,-1,0,0.999931471,NA,NA,70.000000000,MEASURED_CPU_FAULT,CPU;INTERVAL_FAULTS,NA,NA,NA,NA,NA,NA,NA,NA,NA,NA,NA,NA,NA,NA,NA,NA,NA,NA,NA,NA,NA,NA,NA,TARGET_GONE,identity no longer active
2026-10-02T16:06:18Z,APP_22001_3033686,22001,3033686,14,546,191.617,0,0,-1,-1,0,0.999931471,NA,NA,70.000000000,MEASURED_CPU_FAULT,CPU;INTERVAL_FAULTS,NA,NA,NA,NA,NA,NA,NA,NA,NA,NA,NA,NA,NA,NA,NA,NA,NA,NA,NA,NA,NA,NA,NA,TARGET_GONE,identity no longer active
2026-10-02T16:06:19Z,APP_22001_3033686,22001,3033686,14,547,211.094,0,0,-1,-1,0,0.999931471,NA,NA,70.000000000,MEASURED_CPU_FAULT,CPU;INTERVAL_FAULTS,NA,NA,NA,NA,NA,NA,NA,NA,NA,NA,NA,NA,NA,NA,NA,NA,NA,NA,NA,NA,NA,NA,NA,TARGET_GONE,identity no longer active
2026-10-02T16:06:19Z,APP_22001_3033686,22001,3033686,14,548,197.792,0,0,-1,-1,0,0.999931471,NA,NA,70.000000000,MEASURED_CPU_FAULT,CPU;INTERVAL_FAULTS,NA,NA,NA,NA,NA,NA,NA,NA,NA,NA,NA,NA,NA,NA,NA,NA,NA,NA,NA,NA,NA,NA,NA,TARGET_GONE,identity no longer active
2026-10-02T16:06:19Z,APP_22001_3033686,22001,3033686,14,549,191.617,0,0,-1,-1,0,0.999931471,NA,NA,70.000000000,MEASURED_CPU_FAULT,CPU;INTERVAL_FAULTS,NA,NA,NA,NA,NA,NA,NA,NA,NA,NA,NA,NA,NA,NA,NA,NA,NA,NA,NA,NA,NA,NA,NA,TARGET_GONE,identity no longer active
2026-10-02T16:06:19Z,APP_22001_3033686,22001,3033686,14,550,202.796,0,0,-1,-1,0,0.999931471,NA,NA,70.000000000,MEASURED_CPU_FAULT,CPU;INTERVAL_FAULTS,NA,NA,NA,NA,NA,NA,NA,NA,NA,NA,NA,NA,NA,NA,NA,NA,NA,NA,NA,NA,NA,NA,NA,TARGET_GONE,identity no longer active
2026-10-02T16:06:19Z,APP_22001_3033686,22001,3033686,14,551,201.198,0,0,-1,-1,0,0.999931471,NA,NA,70.000000000,MEASURED_CPU_FAULT,CPU;INTERVAL_FAULTS,NA,NA,NA,NA,NA,NA,NA,NA,NA,NA,NA,NA,NA,NA,NA,NA,NA,NA,NA,NA,NA,NA,NA,TARGET_GONE,identity no longer active
2026-10-02T16:06:19Z,APP_22001_3033686,22001,3033686,14,552,197.413,0,0,-1,-1,0,0.999931471,NA,NA,70.000000000,MEASURED_CPU_FAULT,CPU;INTERVAL_FAULTS,NA,NA,NA,NA,NA,NA,NA,NA,NA,NA,NA,NA,NA,NA,NA,NA,NA,NA,NA,NA,NA,NA,NA,TARGET_GONE,identity no longer active
2026-10-02T16:06:19Z,APP_22001_3033686,22001,3033686,14,553,201.499,0,0,-1,-1,0,0.999931471,NA,NA,70.000000000,MEASURED_CPU_FAULT,CPU;INTERVAL_FAULTS,NA,NA,NA,NA,NA,NA,NA,NA,NA,NA,NA,NA,NA,NA,NA,NA,NA,NA,NA,NA,NA,NA,NA,TARGET_GONE,identity no longer active
2026-10-02T16:06:04Z,APP_22001_3033686,22001,3033686,15,554,0.000,0,0,-1,-1,0,0.999931471,1,true,0.000000000,MEASURED_CPU_FAULT,CPU;INTERVAL_FAULTS,HOT,669.474315258,0.560000000,0.700000000,NA,NA,NA,NA,0.560000000,0.000000000,0.700000000,0.000000000,-1.000000000,1.232000000,NA,MOVE_THREAD,INVALID,NOT_APPLICABLE,INVALID,MOVE_THREAD,-1,-1,false,TARGET_GONE,identity no longer active
2026-10-02T16:06:04Z,APP_22001_3033686,22001,3033686,15,555,0.000,0,0,-1,-1,0,0.999931471,NA,NA,0.000000000,MEASURED_CPU_FAULT,CPU;INTERVAL_FAULTS,NA,NA,NA,NA,NA,NA,NA,NA,NA,NA,NA,NA,NA,NA,NA,NA,NA,NA,NA,NA,NA,NA,NA,TARGET_GONE,identity no longer active
2026-10-02T16:06:04Z,APP_22001_3033686,22001,3033686,15,556,0.000,0,0,-1,-1,0,0.999931471,NA,NA,0.000000000,MEASURED_CPU_FAULT,CPU;INTERVAL_FAULTS,NA,NA,NA,NA,NA,NA,NA,NA,NA,NA,NA,NA,NA,NA,NA,NA,NA,NA,NA,NA,NA,NA,NA,TARGET_GONE,identity no longer active
2026-10-02T16:06:04Z,APP_22001_3033686,22001,3033686,15,557,0.000,0,0,-1,-1,0,0.999931471,NA,NA,0.000000000,MEASURED_CPU_FAULT,CPU;INTERVAL_FAULTS,NA,NA,NA,NA,NA,NA,NA,NA,NA,NA,NA,NA,NA,NA,NA,NA,NA,NA,NA,NA,NA,NA,NA,TARGET_GONE,identity no longer active
2026-10-02T16:06:04Z,APP_22001_3033686,22001,3033686,15,558,0.000,0,0,-1,-1,0,0.999931471,NA,NA,0.000000000,MEASURED_CPU_FAULT,CPU;INTERVAL_FAULTS,NA,NA,NA,NA,NA,NA,NA,NA,NA,NA,NA,NA,NA,NA,NA,NA,NA,NA,NA,NA,NA,NA,NA,TARGET_GONE,identity no longer active
2026-10-02T16:06:04Z,APP_22001_3033686,22001,3033686,15,559,0.000,0,0,-1,-1,0,0.999931471,NA,NA,0.000000000,MEASURED_CPU_FAULT,CPU;INTERVAL_FAULTS,NA,NA,NA,NA,NA,NA,NA,NA,NA,NA,NA,NA,NA,NA,NA,NA,NA,NA,NA,NA,NA,NA,NA,TARGET_GONE,identity no longer active
2026-10-02T16:06:05Z,APP_22001_3033686,22001,3033686,15,560,0.000,0,0,-1,-1,0,0.999931471,NA,NA,0.000000000,MEASURED_CPU_FAULT,CPU;INTERVAL_FAULTS,NA,NA,NA,NA,NA,NA,NA,NA,NA,NA,NA,NA,NA,NA,NA,NA,NA,NA,NA,NA,NA,NA,NA,TARGET_GONE,identity no longer active
2026-10-02T16:06:05Z,APP_22001_3033686,22001,3033686,15,561,0.000,0,0,-1,-1,0,0.999931471,NA,NA,0.000000000,MEASURED_CPU_FAULT,CPU;INTERVAL_FAULTS,NA,NA,NA,NA,NA,NA,NA,NA,NA,NA,NA,NA,NA,NA,NA,NA,NA,NA,NA,NA,NA,NA,NA,TARGET_GONE,identity no longer active
2026-10-02T16:06:05Z,APP_22001_3033686,22001,3033686,15,562,0.000,0,0,-1,-1,0,0.999931471,NA,NA,0.000000000,MEASURED_CPU_FAULT,CPU;INTERVAL_FAULTS,NA,NA,NA,NA,NA,NA,NA,NA,NA,NA,NA,NA,NA,NA,NA,NA,NA,NA,NA,NA,NA,NA,NA,TARGET_GONE,identity no longer active
2026-10-02T16:06:05Z,APP_22001_3033686,22001,3033686,15,563,16.203,0,0,-1,-1,0,0.999931471,NA,NA,11.342100000,MEASURED_CPU_FAULT,CPU;INTERVAL_FAULTS,NA,NA,NA,NA,NA,NA,NA,NA,NA,NA,NA,NA,NA,NA,NA,NA,NA,NA,NA,NA,NA,NA,NA,TARGET_GONE,identity no longer active
2026-10-02T16:06:05Z,APP_22001_3033686,22001,3033686,15,564,192.385,0,0,-1,-1,0,0.999931471,NA,NA,70.000000000,MEASURED_CPU_FAULT,CPU;INTERVAL_FAULTS,NA,NA,NA,NA,NA,NA,NA,NA,NA,NA,NA,NA,NA,NA,NA,NA,NA,NA,NA,NA,NA,NA,NA,TARGET_GONE,identity no longer active
2026-10-02T16:06:05Z,APP_22001_3033686,22001,3033686,15,565,210.778,0,0,-1,-1,0,0.999931471,NA,NA,70.000000000,MEASURED_CPU_FAULT,CPU;INTERVAL_FAULTS,NA,NA,NA,NA,NA,NA,NA,NA,NA,NA,NA,NA,NA,NA,NA,NA,NA,NA,NA,NA,NA,NA,NA,TARGET_GONE,identity no longer active
2026-10-02T16:06:05Z,APP_22001_3033686,22001,3033686,15,566,202.009,0,0,-1,-1,0,0.999931471,NA,NA,70.000000000,MEASURED_CPU_FAULT,CPU;INTERVAL_FAULTS,NA,NA,NA,NA,NA,NA,NA,NA,NA,NA,NA,NA,NA,NA,NA,NA,NA,NA,NA,NA,NA,NA,NA,TARGET_GONE,identity no longer active
2026-10-02T16:06:05Z,APP_22001_3033686,22001,3033686,15,567,191.904,0,0,-1,-1,0,0.999931471,NA,NA,70.000000000,MEASURED_CPU_FAULT,CPU;INTERVAL_FAULTS,NA,NA,NA,NA,NA,NA,NA,NA,NA,NA,NA,NA,NA,NA,NA,NA,NA,NA,NA,NA,NA,NA,NA,TARGET_GONE,identity no longer active
2026-10-02T16:06:06Z,APP_22001_3033686,22001,3033686,15,568,206.928,0,0,-1,-1,0,0.999931471,NA,NA,70.000000000,MEASURED_CPU_FAULT,CPU;INTERVAL_FAULTS,NA,NA,NA,NA,NA,NA,NA,NA,NA,NA,NA,NA,NA,NA,NA,NA,NA,NA,NA,NA,NA,NA,NA,TARGET_GONE,identity no longer active
2026-10-02T16:06:06Z,APP_22001_3033686,22001,3033686,15,569,192.385,0,0,-1,-1,0,0.999931471,NA,NA,70.000000000,MEASURED_CPU_FAULT,CPU;INTERVAL_FAULTS,NA,NA,NA,NA,NA,NA,NA,NA,NA,NA,NA,NA,NA,NA,NA,NA,NA,NA,NA,NA,NA,NA,NA,TARGET_GONE,identity no longer active
2026-10-02T16:06:06Z,APP_22001_3033686,22001,3033686,15,570,201.198,0,0,-1,-1,0,0.999931471,NA,NA,70.000000000,MEASURED_CPU_FAULT,CPU;INTERVAL_FAULTS,NA,NA,NA,NA,NA,NA,NA,NA,NA,NA,NA,NA,NA,NA,NA,NA,NA,NA,NA,NA,NA,NA,NA,TARGET_GONE,identity no longer active
2026-10-02T16:06:06Z,APP_22001_3033686,22001,3033686,15,571,201.431,0,0,-1,-1,0,0.999931471,NA,NA,70.000000000,MEASURED_CPU_FAULT,CPU;INTERVAL_FAULTS,NA,NA,NA,NA,NA,NA,NA,NA,NA,NA,NA,NA,NA,NA,NA,NA,NA,NA,NA,NA,NA,NA,NA,TARGET_GONE,identity no longer active
2026-10-02T16:06:06Z,APP_22001_3033686,22001,3033686,15,572,201.802,0,0,-1,-1,0,0.999931471,NA,NA,70.000000000,MEASURED_CPU_FAULT,CPU;INTERVAL_FAULTS,NA,NA,NA,NA,NA,NA,NA,NA,NA,NA,NA,NA,NA,NA,NA,NA,NA,NA,NA,NA,NA,NA,NA,TARGET_GONE,identity no longer active
2026-10-02T16:06:06Z,APP_22001_3033686,22001,3033686,15,573,196.047,0,0,-1,-1,0,0.999931471,NA,NA,70.000000000,MEASURED_CPU_FAULT,CPU;INTERVAL_FAULTS,NA,NA,NA,NA,NA,NA,NA,NA,NA,NA,NA,NA,NA,NA,NA,NA,NA,NA,NA,NA,NA,NA,NA,TARGET_GONE,identity no longer active
2026-10-02T16:06:06Z,APP_22001_3033686,22001,3033686,15,574,204.391,0,0,-1,-1,0,0.999931471,NA,NA,70.000000000,MEASURED_CPU_FAULT,CPU;INTERVAL_FAULTS,NA,NA,NA,NA,NA,NA,NA,NA,NA,NA,NA,NA,NA,NA,NA,NA,NA,NA,NA,NA,NA,NA,NA,TARGET_GONE,identity no longer active
2026-10-02T16:06:06Z,APP_22001_3033686,22001,3033686,15,575,201.802,0,0,-1,-1,0,0.999931471,NA,NA,70.000000000,MEASURED_CPU_FAULT,CPU;INTERVAL_FAULTS,NA,NA,NA,NA,NA,NA,NA,NA,NA,NA,NA,NA,NA,NA,NA,NA,NA,NA,NA,NA,NA,NA,NA,TARGET_GONE,identity no longer active
2026-10-02T16:06:06Z,APP_22001_3033686,22001,3033686,15,576,194.195,0,0,-1,-1,0,0.999931471,NA,NA,70.000000000,MEASURED_CPU_FAULT,CPU;INTERVAL_FAULTS,NA,NA,NA,NA,NA,NA,NA,NA,NA,NA,NA,NA,NA,NA,NA,NA,NA,NA,NA,NA,NA,NA,NA,TARGET_GONE,identity no longer active
2026-10-02T16:06:06Z,APP_22001_3033686,22001,3033686,15,577,210.778,0,0,-1,-1,0,0.999931471,NA,NA,70.000000000,MEASURED_CPU_FAULT,CPU;INTERVAL_FAULTS,NA,NA,NA,NA,NA,NA,NA,NA,NA,NA,NA,NA,NA,NA,NA,NA,NA,NA,NA,NA,NA,NA,NA,TARGET_GONE,identity no longer active
2026-10-02T16:06:07Z,APP_22001_3033686,22001,3033686,15,578,194.360,0,0,-1,-1,0,0.999931471,NA,NA,70.000000000,MEASURED_CPU_FAULT,CPU;INTERVAL_FAULTS,NA,NA,NA,NA,NA,NA,NA,NA,NA,NA,NA,NA,NA,NA,NA,NA,NA,NA,NA,NA,NA,NA,NA,TARGET_GONE,identity no longer active
2026-10-02T16:06:07Z,APP_22001_3033686,22001,3033686,15,579,205.210,0,0,-1,-1,0,0.999931471,NA,NA,70.000000000,MEASURED_CPU_FAULT,CPU;INTERVAL_FAULTS,NA,NA,NA,NA,NA,NA,NA,NA,NA,NA,NA,NA,NA,NA,NA,NA,NA,NA,NA,NA,NA,NA,NA,TARGET_GONE,identity no longer active
2026-10-02T16:06:07Z,APP_22001_3033686,22001,3033686,15,580,191.904,0,0,-1,-1,0,0.999931471,NA,NA,70.000000000,MEASURED_CPU_FAULT,CPU;INTERVAL_FAULTS,NA,NA,NA,NA,NA,NA,NA,NA,NA,NA,NA,NA,NA,NA,NA,NA,NA,NA,NA,NA,NA,NA,NA,TARGET_GONE,identity no longer active
2026-10-02T16:06:07Z,APP_22001_3033686,22001,3033686,15,581,202.639,0,0,-1,-1,0,0.999931471,NA,NA,70.000000000,MEASURED_CPU_FAULT,CPU;INTERVAL_FAULTS,NA,NA,NA,NA,NA,NA,NA,NA,NA,NA,NA,NA,NA,NA,NA,NA,NA,NA,NA,NA,NA,NA,NA,TARGET_GONE,identity no longer active
2026-10-02T16:06:07Z,APP_22001_3033686,22001,3033686,15,582,201.802,0,0,-1,-1,0,0.999931471,NA,NA,70.000000000,MEASURED_CPU_FAULT,CPU;INTERVAL_FAULTS,NA,NA,NA,NA,NA,NA,NA,NA,NA,NA,NA,NA,NA,NA,NA,NA,NA,NA,NA,NA,NA,NA,NA,TARGET_GONE,identity no longer active
2026-10-02T16:06:07Z,APP_22001_3033686,22001,3033686,15,583,196.923,0,0,-1,-1,0,0.999931471,NA,NA,70.000000000,MEASURED_CPU_FAULT,CPU;INTERVAL_FAULTS,NA,NA,NA,NA,NA,NA,NA,NA,NA,NA,NA,NA,NA,NA,NA,NA,NA,NA,NA,NA,NA,NA,NA,TARGET_GONE,identity no longer active
2026-10-02T16:06:07Z,APP_22001_3033686,22001,3033686,15,584,204.800,0,0,-1,-1,0,0.999931471,NA,NA,70.000000000,MEASURED_CPU_FAULT,CPU;INTERVAL_FAULTS,NA,NA,NA,NA,NA,NA,NA,NA,NA,NA,NA,NA,NA,NA,NA,NA,NA,NA,NA,NA,NA,NA,NA,TARGET_GONE,identity no longer active
2026-10-02T16:06:07Z,APP_22001_3033686,22001,3033686,15,585,201.499,0,0,-1,-1,0,0.999931471,NA,NA,70.000000000,MEASURED_CPU_FAULT,CPU;INTERVAL_FAULTS,NA,NA,NA,NA,NA,NA,NA,NA,NA,NA,NA,NA,NA,NA,NA,NA,NA,NA,NA,NA,NA,NA,NA,TARGET_GONE,identity no longer active
2026-10-02T16:06:07Z,APP_22001_3033686,22001,3033686,15,586,202.639,0,0,-1,-1,0,0.999931471,NA,NA,70.000000000,MEASURED_CPU_FAULT,CPU;INTERVAL_FAULTS,NA,NA,NA,NA,NA,NA,NA,NA,NA,NA,NA,NA,NA,NA,NA,NA,NA,NA,NA,NA,NA,NA,NA,TARGET_GONE,identity no longer active
2026-10-02T16:06:08Z,APP_22001_3033686,22001,3033686,15,587,201.802,0,0,-1,-1,0,0.999931471,NA,NA,70.000000000,MEASURED_CPU_FAULT,CPU;INTERVAL_FAULTS,NA,NA,NA,NA,NA,NA,NA,NA,NA,NA,NA,NA,NA,NA,NA,NA,NA,NA,NA,NA,NA,NA,NA,TARGET_GONE,identity no longer active
2026-10-02T16:06:08Z,APP_22001_3033686,22001,3033686,15,588,200.866,0,0,-1,-1,0,0.999931471,NA,NA,70.000000000,MEASURED_CPU_FAULT,CPU;INTERVAL_FAULTS,NA,NA,NA,NA,NA,NA,NA,NA,NA,NA,NA,NA,NA,NA,NA,NA,NA,NA,NA,NA,NA,NA,NA,TARGET_GONE,identity no longer active
2026-10-02T16:06:08Z,APP_22001_3033686,22001,3033686,15,589,192.192,0,0,-1,-1,0,0.999931471,NA,NA,70.000000000,MEASURED_CPU_FAULT,CPU;INTERVAL_FAULTS,NA,NA,NA,NA,NA,NA,NA,NA,NA,NA,NA,NA,NA,NA,NA,NA,NA,NA,NA,NA,NA,NA,NA,TARGET_GONE,identity no longer active
2026-10-02T16:06:08Z,APP_22001_3033686,22001,3033686,15,590,201.083,0,0,-1,-1,0,0.999931471,NA,NA,70.000000000,MEASURED_CPU_FAULT,CPU;INTERVAL_FAULTS,NA,NA,NA,NA,NA,NA,NA,NA,NA,NA,NA,NA,NA,NA,NA,NA,NA,NA,NA,NA,NA,NA,NA,TARGET_GONE,identity no longer active
2026-10-02T16:06:08Z,APP_22001_3033686,22001,3033686,15,591,192.000,0,0,-1,-1,0,0.999931471,NA,NA,70.000000000,MEASURED_CPU_FAULT,CPU;INTERVAL_FAULTS,NA,NA,NA,NA,NA,NA,NA,NA,NA,NA,NA,NA,NA,NA,NA,NA,NA,NA,NA,NA,NA,NA,NA,TARGET_GONE,identity no longer active
2026-10-02T16:06:08Z,APP_22001_3033686,22001,3033686,15,592,201.117,0,0,-1,-1,0,0.999931471,NA,NA,70.000000000,MEASURED_CPU_FAULT,CPU;INTERVAL_FAULTS,NA,NA,NA,NA,NA,NA,NA,NA,NA,NA,NA,NA,NA,NA,NA,NA,NA,NA,NA,NA,NA,NA,NA,TARGET_GONE,identity no longer active
2026-10-02T16:06:08Z,APP_22001_3033686,22001,3033686,15,593,204.391,0,0,-1,-1,0,0.999931471,NA,NA,70.000000000,MEASURED_CPU_FAULT,CPU;INTERVAL_FAULTS,NA,NA,NA,NA,NA,NA,NA,NA,NA,NA,NA,NA,NA,NA,NA,NA,NA,NA,NA,NA,NA,NA,NA,TARGET_GONE,identity no longer active
2026-10-02T16:06:08Z,APP_22001_3033686,22001,3033686,15,594,201.802,0,0,-1,-1,0,0.999931471,NA,NA,70.000000000,MEASURED_CPU_FAULT,CPU;INTERVAL_FAULTS,NA,NA,NA,NA,NA,NA,NA,NA,NA,NA,NA,NA,NA,NA,NA,NA,NA,NA,NA,NA,NA,NA,NA,TARGET_GONE,identity no longer active
2026-10-02T16:06:09Z,APP_22001_3033686,22001,3033686,15,595,202.906,0,0,-1,-1,0,0.999931471,NA,NA,70.000000000,MEASURED_CPU_FAULT,CPU;INTERVAL_FAULTS,NA,NA,NA,NA,NA,NA,NA,NA,NA,NA,NA,NA,NA,NA,NA,NA,NA,NA,NA,NA,NA,NA,NA,TARGET_GONE,identity no longer active
2026-10-02T16:06:09Z,APP_22001_3033686,22001,3033686,15,596,201.802,0,0,-1,-1,0,0.999931471,NA,NA,70.000000000,MEASURED_CPU_FAULT,CPU;INTERVAL_FAULTS,NA,NA,NA,NA,NA,NA,NA,NA,NA,NA,NA,NA,NA,NA,NA,NA,NA,NA,NA,NA,NA,NA,NA,TARGET_GONE,identity no longer active
2026-10-02T16:06:09Z,APP_22001_3033686,22001,3033686,15,597,201.083,0,0,-1,-1,0,0.999931471,NA,NA,70.000000000,MEASURED_CPU_FAULT,CPU;INTERVAL_FAULTS,NA,NA,NA,NA,NA,NA,NA,NA,NA,NA,NA,NA,NA,NA,NA,NA,NA,NA,NA,NA,NA,NA,NA,TARGET_GONE,identity no longer active
2026-10-02T16:06:09Z,APP_22001_3033686,22001,3033686,15,598,192.481,0,0,-1,-1,0,0.999931471,NA,NA,70.000000000,MEASURED_CPU_FAULT,CPU;INTERVAL_FAULTS,NA,NA,NA,NA,NA,NA,NA,NA,NA,NA,NA,NA,NA,NA,NA,NA,NA,NA,NA,NA,NA,NA,NA,TARGET_GONE,identity no longer active
2026-10-02T16:06:09Z,APP_22001_3033686,22001,3033686,15,599,201.083,0,0,-1,-1,0,0.999931471,NA,NA,70.000000000,MEASURED_CPU_FAULT,CPU;INTERVAL_FAULTS,NA,NA,NA,NA,NA,NA,NA,NA,NA,NA,NA,NA,NA,NA,NA,NA,NA,NA,NA,NA,NA,NA,NA,TARGET_GONE,identity no longer active
2026-10-02T16:06:09Z,APP_22001_3033686,22001,3033686,15,600,192.000,0,0,-1,-1,0,0.999931471,NA,NA,70.000000000,MEASURED_CPU_FAULT,CPU;INTERVAL_FAULTS,NA,NA,NA,NA,NA,NA,NA,NA,NA,NA,NA,NA,NA,NA,NA,NA,NA,NA,NA,NA,NA,NA,NA,TARGET_GONE,identity no longer active
2026-10-02T16:06:09Z,APP_22001_3033686,22001,3033686,15,601,200.557,0,0,-1,-1,0,0.999931471,NA,NA,70.000000000,MEASURED_CPU_FAULT,CPU;INTERVAL_FAULTS,NA,NA,NA,NA,NA,NA,NA,NA,NA,NA,NA,NA,NA,NA,NA,NA,NA,NA,NA,NA,NA,NA,NA,TARGET_GONE,identity no longer active
2026-10-02T16:06:09Z,APP_22001_3033686,22001,3033686,15,602,204.391,0,0,-1,-1,0,0.999931471,NA,NA,70.000000000,MEASURED_CPU_FAULT,CPU;INTERVAL_FAULTS,NA,NA,NA,NA,NA,NA,NA,NA,NA,NA,NA,NA,NA,NA,NA,NA,NA,NA,NA,NA,NA,NA,NA,TARGET_GONE,identity no longer active
2026-10-02T16:06:10Z,APP_22001_3033686,22001,3033686,15,603,201.499,0,0,-1,-1,0,0.999931471,NA,NA,70.000000000,MEASURED_CPU_FAULT,CPU;INTERVAL_FAULTS,NA,NA,NA,NA,NA,NA,NA,NA,NA,NA,NA,NA,NA,NA,NA,NA,NA,NA,NA,NA,NA,NA,NA,TARGET_GONE,identity no longer active
2026-10-02T16:06:10Z,APP_22001_3033686,22001,3033686,15,604,202.906,0,0,-1,-1,0,0.999931471,NA,NA,70.000000000,MEASURED_CPU_FAULT,CPU;INTERVAL_FAULTS,NA,NA,NA,NA,NA,NA,NA,NA,NA,NA,NA,NA,NA,NA,NA,NA,NA,NA,NA,NA,NA,NA,NA,TARGET_GONE,identity no longer active
2026-10-02T16:06:10Z,APP_22001_3033686,22001,3033686,15,605,201.802,0,0,-1,-1,0,0.999931471,NA,NA,70.000000000,MEASURED_CPU_FAULT,CPU;INTERVAL_FAULTS,NA,NA,NA,NA,NA,NA,NA,NA,NA,NA,NA,NA,NA,NA,NA,NA,NA,NA,NA,NA,NA,NA,NA,TARGET_GONE,identity no longer active
2026-10-02T16:06:10Z,APP_22001_3033686,22001,3033686,15,606,201.083,0,0,-1,-1,0,0.999931471,NA,NA,70.000000000,MEASURED_CPU_FAULT,CPU;INTERVAL_FAULTS,NA,NA,NA,NA,NA,NA,NA,NA,NA,NA,NA,NA,NA,NA,NA,NA,NA,NA,NA,NA,NA,NA,NA,TARGET_GONE,identity no longer active
2026-10-02T16:06:10Z,APP_22001_3033686,22001,3033686,15,607,191.904,0,0,-1,-1,0,0.999931471,NA,NA,70.000000000,MEASURED_CPU_FAULT,CPU;INTERVAL_FAULTS,NA,NA,NA,NA,NA,NA,NA,NA,NA,NA,NA,NA,NA,NA,NA,NA,NA,NA,NA,NA,NA,NA,NA,TARGET_GONE,identity no longer active
2026-10-02T16:06:10Z,APP_22001_3033686,22001,3033686,15,608,201.083,0,0,-1,-1,0,0.999931471,NA,NA,70.000000000,MEASURED_CPU_FAULT,CPU;INTERVAL_FAULTS,NA,NA,NA,NA,NA,NA,NA,NA,NA,NA,NA,NA,NA,NA,NA,NA,NA,NA,NA,NA,NA,NA,NA,TARGET_GONE,identity no longer active
2026-10-02T16:06:10Z,APP_22001_3033686,22001,3033686,15,609,192.771,0,0,-1,-1,0,0.999931471,NA,NA,70.000000000,MEASURED_CPU_FAULT,CPU;INTERVAL_FAULTS,NA,NA,NA,NA,NA,NA,NA,NA,NA,NA,NA,NA,NA,NA,NA,NA,NA,NA,NA,NA,NA,NA,NA,TARGET_GONE,identity no longer active
2026-10-02T16:06:10Z,APP_22001_3033686,22001,3033686,15,610,203.109,0,0,-1,-1,0,0.999931471,NA,NA,70.000000000,MEASURED_CPU_FAULT,CPU;INTERVAL_FAULTS,NA,NA,NA,NA,NA,NA,NA,NA,NA,NA,NA,NA,NA,NA,NA,NA,NA,NA,NA,NA,NA,NA,NA,TARGET_GONE,identity no longer active
2026-10-02T16:06:11Z,APP_22001_3033686,22001,3033686,15,611,192.000,0,0,-1,-1,0,0.999931471,NA,NA,70.000000000,MEASURED_CPU_FAULT,CPU;INTERVAL_FAULTS,NA,NA,NA,NA,NA,NA,NA,NA,NA,NA,NA,NA,NA,NA,NA,NA,NA,NA,NA,NA,NA,NA,NA,TARGET_GONE,identity no longer active
2026-10-02T16:06:11Z,APP_22001_3033686,22001,3033686,15,612,201.802,0,0,-1,-1,0,0.999931471,NA,NA,70.000000000,MEASURED_CPU_FAULT,CPU;INTERVAL_FAULTS,NA,NA,NA,NA,NA,NA,NA,NA,NA,NA,NA,NA,NA,NA,NA,NA,NA,NA,NA,NA,NA,NA,NA,TARGET_GONE,identity no longer active
2026-10-02T16:06:11Z,APP_22001_3033686,22001,3033686,15,613,204.082,0,0,-1,-1,0,0.999931471,NA,NA,70.000000000,MEASURED_CPU_FAULT,CPU;INTERVAL_FAULTS,NA,NA,NA,NA,NA,NA,NA,NA,NA,NA,NA,NA,NA,NA,NA,NA,NA,NA,NA,NA,NA,NA,NA,TARGET_GONE,identity no longer active
2026-10-02T16:06:11Z,APP_22001_3033686,22001,3033686,15,614,201.802,0,0,-1,-1,0,0.999931471,NA,NA,70.000000000,MEASURED_CPU_FAULT,CPU;INTERVAL_FAULTS,NA,NA,NA,NA,NA,NA,NA,NA,NA,NA,NA,NA,NA,NA,NA,NA,NA,NA,NA,NA,NA,NA,NA,TARGET_GONE,identity no longer active
2026-10-02T16:06:11Z,APP_22001_3033686,22001,3033686,15,615,194.967,0,0,-1,-1,0,0.999931471,NA,NA,70.000000000,MEASURED_CPU_FAULT,CPU;INTERVAL_FAULTS,NA,NA,NA,NA,NA,NA,NA,NA,NA,NA,NA,NA,NA,NA,NA,NA,NA,NA,NA,NA,NA,NA,NA,TARGET_GONE,identity no longer active
2026-10-02T16:06:11Z,APP_22001_3033686,22001,3033686,15,616,210.463,0,0,-1,-1,0,0.999931471,NA,NA,70.000000000,MEASURED_CPU_FAULT,CPU;INTERVAL_FAULTS,NA,NA,NA,NA,NA,NA,NA,NA,NA,NA,NA,NA,NA,NA,NA,NA,NA,NA,NA,NA,NA,NA,NA,TARGET_GONE,identity no longer active
2026-10-02T16:06:11Z,APP_22001_3033686,22001,3033686,15,617,195.163,0,0,-1,-1,0,0.999931471,NA,NA,70.000000000,MEASURED_CPU_FAULT,CPU;INTERVAL_FAULTS,NA,NA,NA,NA,NA,NA,NA,NA,NA,NA,NA,NA,NA,NA,NA,NA,NA,NA,NA,NA,NA,NA,NA,TARGET_GONE,identity no longer active
2026-10-02T16:06:11Z,APP_22001_3033686,22001,3033686,15,618,192.000,0,0,-1,-1,0,0.999931471,NA,NA,70.000000000,MEASURED_CPU_FAULT,CPU;INTERVAL_FAULTS,NA,NA,NA,NA,NA,NA,NA,NA,NA,NA,NA,NA,NA,NA,NA,NA,NA,NA,NA,NA,NA,NA,NA,TARGET_GONE,identity no longer active
2026-10-02T16:06:12Z,APP_22001_3033686,22001,3033686,15,619,200.261,0,0,-1,-1,0,0.999931471,NA,NA,70.000000000,MEASURED_CPU_FAULT,CPU;INTERVAL_FAULTS,NA,NA,NA,NA,NA,NA,NA,NA,NA,NA,NA,NA,NA,NA,NA,NA,NA,NA,NA,NA,NA,NA,NA,TARGET_GONE,identity no longer active
2026-10-02T16:06:12Z,APP_22001_3033686,22001,3033686,15,620,210.778,0,0,-1,-1,0,0.999931471,NA,NA,70.000000000,MEASURED_CPU_FAULT,CPU;INTERVAL_FAULTS,NA,NA,NA,NA,NA,NA,NA,NA,NA,NA,NA,NA,NA,NA,NA,NA,NA,NA,NA,NA,NA,NA,NA,TARGET_GONE,identity no longer active
2026-10-02T16:06:12Z,APP_22001_3033686,22001,3033686,15,621,192.192,0,0,-1,-1,0,0.999931471,NA,NA,70.000000000,MEASURED_CPU_FAULT,CPU;INTERVAL_FAULTS,NA,NA,NA,NA,NA,NA,NA,NA,NA,NA,NA,NA,NA,NA,NA,NA,NA,NA,NA,NA,NA,NA,NA,TARGET_GONE,identity no longer active
2026-10-02T16:06:12Z,APP_22001_3033686,22001,3033686,15,622,203.562,0,0,-1,-1,0,0.999931471,NA,NA,70.000000000,MEASURED_CPU_FAULT,CPU;INTERVAL_FAULTS,NA,NA,NA,NA,NA,NA,NA,NA,NA,NA,NA,NA,NA,NA,NA,NA,NA,NA,NA,NA,NA,NA,NA,TARGET_GONE,identity no longer active
2026-10-02T16:06:12Z,APP_22001_3033686,22001,3033686,15,623,201.802,0,0,-1,-1,0,0.999931471,NA,NA,70.000000000,MEASURED_CPU_FAULT,CPU;INTERVAL_FAULTS,NA,NA,NA,NA,NA,NA,NA,NA,NA,NA,NA,NA,NA,NA,NA,NA,NA,NA,NA,NA,NA,NA,NA,TARGET_GONE,identity no longer active
2026-10-02T16:06:12Z,APP_22001_3033686,22001,3033686,15,624,201.893,0,0,-1,-1,0,0.999931471,NA,NA,70.000000000,MEASURED_CPU_FAULT,CPU;INTERVAL_FAULTS,NA,NA,NA,NA,NA,NA,NA,NA,NA,NA,NA,NA,NA,NA,NA,NA,NA,NA,NA,NA,NA,NA,NA,TARGET_GONE,identity no longer active
2026-10-02T16:06:12Z,APP_22001_3033686,22001,3033686,15,625,191.617,0,0,-1,-1,0,0.999931471,NA,NA,70.000000000,MEASURED_CPU_FAULT,CPU;INTERVAL_FAULTS,NA,NA,NA,NA,NA,NA,NA,NA,NA,NA,NA,NA,NA,NA,NA,NA,NA,NA,NA,NA,NA,NA,NA,TARGET_GONE,identity no longer active
2026-10-02T16:06:12Z,APP_22001_3033686,22001,3033686,15,626,201.893,0,0,-1,-1,0,0.999931471,NA,NA,70.000000000,MEASURED_CPU_FAULT,CPU;INTERVAL_FAULTS,NA,NA,NA,NA,NA,NA,NA,NA,NA,NA,NA,NA,NA,NA,NA,NA,NA,NA,NA,NA,NA,NA,NA,TARGET_GONE,identity no longer active
2026-10-02T16:06:12Z,APP_22001_3033686,22001,3033686,15,627,201.499,0,0,-1,-1,0,0.999931471,NA,NA,70.000000000,MEASURED_CPU_FAULT,CPU;INTERVAL_FAULTS,NA,NA,NA,NA,NA,NA,NA,NA,NA,NA,NA,NA,NA,NA,NA,NA,NA,NA,NA,NA,NA,NA,NA,TARGET_GONE,identity no longer active
2026-10-02T16:06:13Z,APP_22001_3033686,22001,3033686,15,628,197.666,0,0,-1,-1,0,0.999931471,NA,NA,70.000000000,MEASURED_CPU_FAULT,CPU;INTERVAL_FAULTS,NA,NA,NA,NA,NA,NA,NA,NA,NA,NA,NA,NA,NA,NA,NA,NA,NA,NA,NA,NA,NA,NA,NA,TARGET_GONE,identity no longer active
2026-10-02T16:06:13Z,APP_22001_3033686,22001,3033686,15,629,211.411,0,0,-1,-1,0,0.999931471,NA,NA,70.000000000,MEASURED_CPU_FAULT,CPU;INTERVAL_FAULTS,NA,NA,NA,NA,NA,NA,NA,NA,NA,NA,NA,NA,NA,NA,NA,NA,NA,NA,NA,NA,NA,NA,NA,TARGET_GONE,identity no longer active
2026-10-02T16:06:13Z,APP_22001_3033686,22001,3033686,15,630,200.897,0,0,-1,-1,0,0.999931471,NA,NA,70.000000000,MEASURED_CPU_FAULT,CPU;INTERVAL_FAULTS,NA,NA,NA,NA,NA,NA,NA,NA,NA,NA,NA,NA,NA,NA,NA,NA,NA,NA,NA,NA,NA,NA,NA,TARGET_GONE,identity no longer active
2026-10-02T16:06:13Z,APP_22001_3033686,22001,3033686,15,631,195.918,0,0,-1,-1,0,0.999931471,NA,NA,70.000000000,MEASURED_CPU_FAULT,CPU;INTERVAL_FAULTS,NA,NA,NA,NA,NA,NA,NA,NA,NA,NA,NA,NA,NA,NA,NA,NA,NA,NA,NA,NA,NA,NA,NA,TARGET_GONE,identity no longer active
2026-10-02T16:06:13Z,APP_22001_3033686,22001,3033686,15,632,201.802,0,0,-1,-1,0,0.999931471,NA,NA,70.000000000,MEASURED_CPU_FAULT,CPU;INTERVAL_FAULTS,NA,NA,NA,NA,NA,NA,NA,NA,NA,NA,NA,NA,NA,NA,NA,NA,NA,NA,NA,NA,NA,NA,NA,TARGET_GONE,identity no longer active
2026-10-02T16:06:13Z,APP_22001_3033686,22001,3033686,15,633,201.893,0,0,-1,-1,0,0.999931471,NA,NA,70.000000000,MEASURED_CPU_FAULT,CPU;INTERVAL_FAULTS,NA,NA,NA,NA,NA,NA,NA,NA,NA,NA,NA,NA,NA,NA,NA,NA,NA,NA,NA,NA,NA,NA,NA,TARGET_GONE,identity no longer active
2026-10-02T16:06:13Z,APP_22001_3033686,22001,3033686,15,634,201.198,0,0,-1,-1,0,0.999931471,NA,NA,70.000000000,MEASURED_CPU_FAULT,CPU;INTERVAL_FAULTS,NA,NA,NA,NA,NA,NA,NA,NA,NA,NA,NA,NA,NA,NA,NA,NA,NA,NA,NA,NA,NA,NA,NA,TARGET_GONE,identity no longer active
2026-10-02T16:06:13Z,APP_22001_3033686,22001,3033686,15,635,201.681,0,0,-1,-1,0,0.999931471,NA,NA,70.000000000,MEASURED_CPU_FAULT,CPU;INTERVAL_FAULTS,NA,NA,NA,NA,NA,NA,NA,NA,NA,NA,NA,NA,NA,NA,NA,NA,NA,NA,NA,NA,NA,NA,NA,TARGET_GONE,identity no longer active
2026-10-02T16:06:14Z,APP_22001_3033686,22001,3033686,15,636,201.499,0,0,-1,-1,0,0.999931471,NA,NA,70.000000000,MEASURED_CPU_FAULT,CPU;INTERVAL_FAULTS,NA,NA,NA,NA,NA,NA,NA,NA,NA,NA,NA,NA,NA,NA,NA,NA,NA,NA,NA,NA,NA,NA,NA,TARGET_GONE,identity no longer active
2026-10-02T16:06:14Z,APP_22001_3033686,22001,3033686,15,637,197.531,0,0,-1,-1,0,0.999931471,NA,NA,70.000000000,MEASURED_CPU_FAULT,CPU;INTERVAL_FAULTS,NA,NA,NA,NA,NA,NA,NA,NA,NA,NA,NA,NA,NA,NA,NA,NA,NA,NA,NA,NA,NA,NA,NA,TARGET_GONE,identity no longer active
2026-10-02T16:06:14Z,APP_22001_3033686,22001,3033686,15,638,210.778,0,0,-1,-1,0,0.999931471,NA,NA,70.000000000,MEASURED_CPU_FAULT,CPU;INTERVAL_FAULTS,NA,NA,NA,NA,NA,NA,NA,NA,NA,NA,NA,NA,NA,NA,NA,NA,NA,NA,NA,NA,NA,NA,NA,TARGET_GONE,identity no longer active
2026-10-02T16:06:14Z,APP_22001_3033686,22001,3033686,15,639,201.802,0,0,-1,-1,0,0.999931471,NA,NA,70.000000000,MEASURED_CPU_FAULT,CPU;INTERVAL_FAULTS,NA,NA,NA,NA,NA,NA,NA,NA,NA,NA,NA,NA,NA,NA,NA,NA,NA,NA,NA,NA,NA,NA,NA,TARGET_GONE,identity no longer active
2026-10-02T16:06:14Z,APP_22001_3033686,22001,3033686,15,640,195.420,0,0,-1,-1,0,0.999931471,NA,NA,70.000000000,MEASURED_CPU_FAULT,CPU;INTERVAL_FAULTS,NA,NA,NA,NA,NA,NA,NA,NA,NA,NA,NA,NA,NA,NA,NA,NA,NA,NA,NA,NA,NA,NA,NA,TARGET_GONE,identity no longer active
2026-10-02T16:06:14Z,APP_22001_3033686,22001,3033686,15,641,201.499,0,0,-1,-1,0,0.999931471,NA,NA,70.000000000,MEASURED_CPU_FAULT,CPU;INTERVAL_FAULTS,NA,NA,NA,NA,NA,NA,NA,NA,NA,NA,NA,NA,NA,NA,NA,NA,NA,NA,NA,NA,NA,NA,NA,TARGET_GONE,identity no longer active
2026-10-02T16:06:14Z,APP_22001_3033686,22001,3033686,15,642,201.893,0,0,-1,-1,0,0.999931471,NA,NA,70.000000000,MEASURED_CPU_FAULT,CPU;INTERVAL_FAULTS,NA,NA,NA,NA,NA,NA,NA,NA,NA,NA,NA,NA,NA,NA,NA,NA,NA,NA,NA,NA,NA,NA,NA,TARGET_GONE,identity no longer active
2026-10-02T16:06:14Z,APP_22001_3033686,22001,3033686,15,643,201.499,0,0,-1,-1,0,0.999931471,NA,NA,70.000000000,MEASURED_CPU_FAULT,CPU;INTERVAL_FAULTS,NA,NA,NA,NA,NA,NA,NA,NA,NA,NA,NA,NA,NA,NA,NA,NA,NA,NA,NA,NA,NA,NA,NA,TARGET_GONE,identity no longer active
2026-10-02T16:06:15Z,APP_22001_3033686,22001,3033686,15,644,194.753,0,0,-1,-1,0,0.999931471,NA,NA,70.000000000,MEASURED_CPU_FAULT,CPU;INTERVAL_FAULTS,NA,NA,NA,NA,NA,NA,NA,NA,NA,NA,NA,NA,NA,NA,NA,NA,NA,NA,NA,NA,NA,NA,NA,TARGET_GONE,identity no longer active
2026-10-02T16:06:15Z,APP_22001_3033686,22001,3033686,15,645,201.499,0,0,-1,-1,0,0.999931471,NA,NA,70.000000000,MEASURED_CPU_FAULT,CPU;INTERVAL_FAULTS,NA,NA,NA,NA,NA,NA,NA,NA,NA,NA,NA,NA,NA,NA,NA,NA,NA,NA,NA,NA,NA,NA,NA,TARGET_GONE,identity no longer active
2026-10-02T16:06:15Z,APP_22001_3033686,22001,3033686,15,646,202.895,0,0,-1,-1,0,0.999931471,NA,NA,70.000000000,MEASURED_CPU_FAULT,CPU;INTERVAL_FAULTS,NA,NA,NA,NA,NA,NA,NA,NA,NA,NA,NA,NA,NA,NA,NA,NA,NA,NA,NA,NA,NA,NA,NA,TARGET_GONE,identity no longer active
2026-10-02T16:06:15Z,APP_22001_3033686,22001,3033686,15,647,191.617,0,0,-1,-1,0,0.999931471,NA,NA,70.000000000,MEASURED_CPU_FAULT,CPU;INTERVAL_FAULTS,NA,NA,NA,NA,NA,NA,NA,NA,NA,NA,NA,NA,NA,NA,NA,NA,NA,NA,NA,NA,NA,NA,NA,TARGET_GONE,identity no longer active
2026-10-02T16:06:15Z,APP_22001_3033686,22001,3033686,15,648,201.802,0,0,-1,-1,0,0.999931471,NA,NA,70.000000000,MEASURED_CPU_FAULT,CPU;INTERVAL_FAULTS,NA,NA,NA,NA,NA,NA,NA,NA,NA,NA,NA,NA,NA,NA,NA,NA,NA,NA,NA,NA,NA,NA,NA,TARGET_GONE,identity no longer active
2026-10-02T16:06:15Z,APP_22001_3033686,22001,3033686,15,649,203.822,0,0,-1,-1,0,0.999931471,NA,NA,70.000000000,MEASURED_CPU_FAULT,CPU;INTERVAL_FAULTS,NA,NA,NA,NA,NA,NA,NA,NA,NA,NA,NA,NA,NA,NA,NA,NA,NA,NA,NA,NA,NA,NA,NA,TARGET_GONE,identity no longer active
2026-10-02T16:06:15Z,APP_22001_3033686,22001,3033686,15,650,192.192,0,0,-1,-1,0,0.999931471,NA,NA,70.000000000,MEASURED_CPU_FAULT,CPU;INTERVAL_FAULTS,NA,NA,NA,NA,NA,NA,NA,NA,NA,NA,NA,NA,NA,NA,NA,NA,NA,NA,NA,NA,NA,NA,NA,TARGET_GONE,identity no longer active
2026-10-02T16:06:15Z,APP_22001_3033686,22001,3033686,15,651,201.681,0,0,-1,-1,0,0.999931471,NA,NA,70.000000000,MEASURED_CPU_FAULT,CPU;INTERVAL_FAULTS,NA,NA,NA,NA,NA,NA,NA,NA,NA,NA,NA,NA,NA,NA,NA,NA,NA,NA,NA,NA,NA,NA,NA,TARGET_GONE,identity no longer active
2026-10-02T16:06:16Z,APP_22001_3033686,22001,3033686,15,652,201.499,0,0,-1,-1,0,0.999931471,NA,NA,70.000000000,MEASURED_CPU_FAULT,CPU;INTERVAL_FAULTS,NA,NA,NA,NA,NA,NA,NA,NA,NA,NA,NA,NA,NA,NA,NA,NA,NA,NA,NA,NA,NA,NA,NA,TARGET_GONE,identity no longer active
2026-10-02T16:06:16Z,APP_22001_3033686,22001,3033686,15,653,200.810,0,0,-1,-1,0,0.999931471,NA,NA,70.000000000,MEASURED_CPU_FAULT,CPU;INTERVAL_FAULTS,NA,NA,NA,NA,NA,NA,NA,NA,NA,NA,NA,NA,NA,NA,NA,NA,NA,NA,NA,NA,NA,NA,NA,TARGET_GONE,identity no longer active
2026-10-02T16:06:16Z,APP_22001_3033686,22001,3033686,15,654,201.198,0,0,-1,-1,0,0.999931471,NA,NA,70.000000000,MEASURED_CPU_FAULT,CPU;INTERVAL_FAULTS,NA,NA,NA,NA,NA,NA,NA,NA,NA,NA,NA,NA,NA,NA,NA,NA,NA,NA,NA,NA,NA,NA,NA,TARGET_GONE,identity no longer active
2026-10-02T16:06:16Z,APP_22001_3033686,22001,3033686,15,655,199.146,0,0,-1,-1,0,0.999931471,NA,NA,70.000000000,MEASURED_CPU_FAULT,CPU;INTERVAL_FAULTS,NA,NA,NA,NA,NA,NA,NA,NA,NA,NA,NA,NA,NA,NA,NA,NA,NA,NA,NA,NA,NA,NA,NA,TARGET_GONE,identity no longer active
2026-10-02T16:06:16Z,APP_22001_3033686,22001,3033686,15,656,192.192,0,0,-1,-1,0,0.999931471,NA,NA,70.000000000,MEASURED_CPU_FAULT,CPU;INTERVAL_FAULTS,NA,NA,NA,NA,NA,NA,NA,NA,NA,NA,NA,NA,NA,NA,NA,NA,NA,NA,NA,NA,NA,NA,NA,TARGET_GONE,identity no longer active
2026-10-02T16:06:16Z,APP_22001_3033686,22001,3033686,15,657,201.802,0,0,-1,-1,0,0.999931471,NA,NA,70.000000000,MEASURED_CPU_FAULT,CPU;INTERVAL_FAULTS,NA,NA,NA,NA,NA,NA,NA,NA,NA,NA,NA,NA,NA,NA,NA,NA,NA,NA,NA,NA,NA,NA,NA,TARGET_GONE,identity no longer active
2026-10-02T16:06:16Z,APP_22001_3033686,22001,3033686,15,658,197.574,0,0,-1,-1,0,0.999931471,NA,NA,70.000000000,MEASURED_CPU_FAULT,CPU;INTERVAL_FAULTS,NA,NA,NA,NA,NA,NA,NA,NA,NA,NA,NA,NA,NA,NA,NA,NA,NA,NA,NA,NA,NA,NA,NA,TARGET_GONE,identity no longer active
2026-10-02T16:06:16Z,APP_22001_3033686,22001,3033686,15,659,201.499,0,0,-1,-1,0,0.999931471,NA,NA,70.000000000,MEASURED_CPU_FAULT,CPU;INTERVAL_FAULTS,NA,NA,NA,NA,NA,NA,NA,NA,NA,NA,NA,NA,NA,NA,NA,NA,NA,NA,NA,NA,NA,NA,NA,TARGET_GONE,identity no longer active
2026-10-02T16:06:17Z,APP_22001_3033686,22001,3033686,15,660,202.985,0,0,-1,-1,0,0.999931471,NA,NA,70.000000000,MEASURED_CPU_FAULT,CPU;INTERVAL_FAULTS,NA,NA,NA,NA,NA,NA,NA,NA,NA,NA,NA,NA,NA,NA,NA,NA,NA,NA,NA,NA,NA,NA,NA,TARGET_GONE,identity no longer active
2026-10-02T16:06:17Z,APP_22001_3033686,22001,3033686,15,661,191.617,0,0,-1,-1,0,0.999931471,NA,NA,70.000000000,MEASURED_CPU_FAULT,CPU;INTERVAL_FAULTS,NA,NA,NA,NA,NA,NA,NA,NA,NA,NA,NA,NA,NA,NA,NA,NA,NA,NA,NA,NA,NA,NA,NA,TARGET_GONE,identity no longer active
2026-10-02T16:06:17Z,APP_22001_3033686,22001,3033686,15,662,202.607,0,0,-1,-1,0,0.999931471,NA,NA,70.000000000,MEASURED_CPU_FAULT,CPU;INTERVAL_FAULTS,NA,NA,NA,NA,NA,NA,NA,NA,NA,NA,NA,NA,NA,NA,NA,NA,NA,NA,NA,NA,NA,NA,NA,TARGET_GONE,identity no longer active
2026-10-02T16:06:17Z,APP_22001_3033686,22001,3033686,15,663,200.104,0,0,-1,-1,0,0.999931471,NA,NA,70.000000000,MEASURED_CPU_FAULT,CPU;INTERVAL_FAULTS,NA,NA,NA,NA,NA,NA,NA,NA,NA,NA,NA,NA,NA,NA,NA,NA,NA,NA,NA,NA,NA,NA,NA,TARGET_GONE,identity no longer active
2026-10-02T16:06:17Z,APP_22001_3033686,22001,3033686,15,664,191.617,0,0,-1,-1,0,0.999931471,NA,NA,70.000000000,MEASURED_CPU_FAULT,CPU;INTERVAL_FAULTS,NA,NA,NA,NA,NA,NA,NA,NA,NA,NA,NA,NA,NA,NA,NA,NA,NA,NA,NA,NA,NA,NA,NA,TARGET_GONE,identity no longer active
2026-10-02T16:06:17Z,APP_22001_3033686,22001,3033686,15,665,201.499,0,0,-1,-1,0,0.999931471,NA,NA,70.000000000,MEASURED_CPU_FAULT,CPU;INTERVAL_FAULTS,NA,NA,NA,NA,NA,NA,NA,NA,NA,NA,NA,NA,NA,NA,NA,NA,NA,NA,NA,NA,NA,NA,NA,TARGET_GONE,identity no longer active
2026-10-02T16:06:18Z,APP_22001_3033686,22001,3033686,15,666,203.732,0,0,-1,-1,0,0.999931471,NA,NA,70.000000000,MEASURED_CPU_FAULT,CPU;INTERVAL_FAULTS,NA,NA,NA,NA,NA,NA,NA,NA,NA,NA,NA,NA,NA,NA,NA,NA,NA,NA,NA,NA,NA,NA,NA,TARGET_GONE,identity no longer active
2026-10-02T16:06:18Z,APP_22001_3033686,22001,3033686,15,667,201.499,0,0,-1,-1,0,0.999931471,NA,NA,70.000000000,MEASURED_CPU_FAULT,CPU;INTERVAL_FAULTS,NA,NA,NA,NA,NA,NA,NA,NA,NA,NA,NA,NA,NA,NA,NA,NA,NA,NA,NA,NA,NA,NA,NA,TARGET_GONE,identity no longer active
2026-10-02T16:06:18Z,APP_22001_3033686,22001,3033686,15,668,196.648,0,0,-1,-1,0,0.999931471,NA,NA,70.000000000,MEASURED_CPU_FAULT,CPU;INTERVAL_FAULTS,NA,NA,NA,NA,NA,NA,NA,NA,NA,NA,NA,NA,NA,NA,NA,NA,NA,NA,NA,NA,NA,NA,NA,TARGET_GONE,identity no longer active
2026-10-02T16:06:18Z,APP_22001_3033686,22001,3033686,15,669,201.198,0,0,-1,-1,0,0.999931471,NA,NA,70.000000000,MEASURED_CPU_FAULT,CPU;INTERVAL_FAULTS,NA,NA,NA,NA,NA,NA,NA,NA,NA,NA,NA,NA,NA,NA,NA,NA,NA,NA,NA,NA,NA,NA,NA,TARGET_GONE,identity no longer active
2026-10-02T16:06:18Z,APP_22001_3033686,22001,3033686,15,670,202.796,0,0,-1,-1,0,0.999931471,NA,NA,70.000000000,MEASURED_CPU_FAULT,CPU;INTERVAL_FAULTS,NA,NA,NA,NA,NA,NA,NA,NA,NA,NA,NA,NA,NA,NA,NA,NA,NA,NA,NA,NA,NA,NA,NA,TARGET_GONE,identity no longer active
2026-10-02T16:06:18Z,APP_22001_3033686,22001,3033686,15,671,199.344,0,0,-1,-1,0,0.999931471,NA,NA,70.000000000,MEASURED_CPU_FAULT,CPU;INTERVAL_FAULTS,NA,NA,NA,NA,NA,NA,NA,NA,NA,NA,NA,NA,NA,NA,NA,NA,NA,NA,NA,NA,NA,NA,NA,TARGET_GONE,identity no longer active
2026-10-02T16:06:18Z,APP_22001_3033686,22001,3033686,15,672,191.617,0,0,-1,-1,0,0.999931471,NA,NA,70.000000000,MEASURED_CPU_FAULT,CPU;INTERVAL_FAULTS,NA,NA,NA,NA,NA,NA,NA,NA,NA,NA,NA,NA,NA,NA,NA,NA,NA,NA,NA,NA,NA,NA,NA,TARGET_GONE,identity no longer active
2026-10-02T16:06:19Z,APP_22001_3033686,22001,3033686,15,673,211.094,0,0,-1,-1,0,0.999931471,NA,NA,70.000000000,MEASURED_CPU_FAULT,CPU;INTERVAL_FAULTS,NA,NA,NA,NA,NA,NA,NA,NA,NA,NA,NA,NA,NA,NA,NA,NA,NA,NA,NA,NA,NA,NA,NA,TARGET_GONE,identity no longer active
2026-10-02T16:06:19Z,APP_22001_3033686,22001,3033686,15,674,197.792,0,0,-1,-1,0,0.999931471,NA,NA,70.000000000,MEASURED_CPU_FAULT,CPU;INTERVAL_FAULTS,NA,NA,NA,NA,NA,NA,NA,NA,NA,NA,NA,NA,NA,NA,NA,NA,NA,NA,NA,NA,NA,NA,NA,TARGET_GONE,identity no longer active
2026-10-02T16:06:19Z,APP_22001_3033686,22001,3033686,15,675,191.617,0,0,-1,-1,0,0.999931471,NA,NA,70.000000000,MEASURED_CPU_FAULT,CPU;INTERVAL_FAULTS,NA,NA,NA,NA,NA,NA,NA,NA,NA,NA,NA,NA,NA,NA,NA,NA,NA,NA,NA,NA,NA,NA,NA,TARGET_GONE,identity no longer active
2026-10-02T16:06:19Z,APP_22001_3033686,22001,3033686,15,676,202.796,0,0,-1,-1,0,0.999931471,NA,NA,70.000000000,MEASURED_CPU_FAULT,CPU;INTERVAL_FAULTS,NA,NA,NA,NA,NA,NA,NA,NA,NA,NA,NA,NA,NA,NA,NA,NA,NA,NA,NA,NA,NA,NA,NA,TARGET_GONE,identity no longer active
2026-10-02T16:06:19Z,APP_22001_3033686,22001,3033686,15,677,201.198,0,0,-1,-1,0,0.999931471,NA,NA,70.000000000,MEASURED_CPU_FAULT,CPU;INTERVAL_FAULTS,NA,NA,NA,NA,NA,NA,NA,NA,NA,NA,NA,NA,NA,NA,NA,NA,NA,NA,NA,NA,NA,NA,NA,TARGET_GONE,identity no longer active
2026-10-02T16:06:19Z,APP_22001_3033686,22001,3033686,15,678,197.413,0,0,-1,-1,0,0.999931471,NA,NA,70.000000000,MEASURED_CPU_FAULT,CPU;INTERVAL_FAULTS,NA,NA,NA,NA,NA,NA,NA,NA,NA,NA,NA,NA,NA,NA,NA,NA,NA,NA,NA,NA,NA,NA,NA,TARGET_GONE,identity no longer active
2026-10-02T16:06:19Z,APP_22001_3033686,22001,3033686,15,679,201.499,0,0,-1,-1,0,0.999931471,NA,NA,70.000000000,MEASURED_CPU_FAULT,CPU;INTERVAL_FAULTS,NA,NA,NA,NA,NA,NA,NA,NA,NA,NA,NA,NA,NA,NA,NA,NA,NA,NA,NA,NA,NA,NA,NA,TARGET_GONE,identity no longer active
2026-10-02T16:06:19Z,APP_22001_3033686,22001,3033686,15,680,199.495,0,0,-1,-1,0,0.999931471,NA,NA,70.000000000,MEASURED_CPU_FAULT,CPU;INTERVAL_FAULTS,NA,NA,NA,NA,NA,NA,NA,NA,NA,NA,NA,NA,NA,NA,NA,NA,NA,NA,NA,NA,NA,NA,NA,TARGET_GONE,identity no longer active
2026-10-02T16:06:20Z,APP_22001_3033686,22001,3033686,15,681,210.778,0,0,-1,-1,0,0.999931471,NA,NA,70.000000000,MEASURED_CPU_FAULT,CPU;INTERVAL_FAULTS,NA,NA,NA,NA,NA,NA,NA,NA,NA,NA,NA,NA,NA,NA,NA,NA,NA,NA,NA,NA,NA,NA,NA,TARGET_GONE,identity no longer active
2026-10-02T16:06:20Z,APP_22001_3033686,22001,3033686,15,682,202.105,0,0,-1,-1,0,0.999931471,NA,NA,70.000000000,MEASURED_CPU_FAULT,CPU;INTERVAL_FAULTS,NA,NA,NA,NA,NA,NA,NA,NA,NA,NA,NA,NA,NA,NA,NA,NA,NA,NA,NA,NA,NA,NA,NA,TARGET_GONE,identity no longer active
2026-10-02T16:06:20Z,APP_22001_3033686,22001,3033686,15,683,191.045,0,0,-1,-1,0,0.999931471,NA,NA,70.000000000,MEASURED_CPU_FAULT,CPU;INTERVAL_FAULTS,NA,NA,NA,NA,NA,NA,NA,NA,NA,NA,NA,NA,NA,NA,NA,NA,NA,NA,NA,NA,NA,NA,NA,TARGET_GONE,identity no longer active
2026-10-02T16:06:20Z,APP_22001_3033686,22001,3033686,15,684,201.802,0,0,-1,-1,0,0.999931471,NA,NA,70.000000000,MEASURED_CPU_FAULT,CPU;INTERVAL_FAULTS,NA,NA,NA,NA,NA,NA,NA,NA,NA,NA,NA,NA,NA,NA,NA,NA,NA,NA,NA,NA,NA,NA,NA,TARGET_GONE,identity no longer active
2026-10-02T16:06:20Z,APP_22001_3033686,22001,3033686,15,685,200.810,0,0,-1,-1,0,0.999931471,NA,NA,70.000000000,MEASURED_CPU_FAULT,CPU;INTERVAL_FAULTS,NA,NA,NA,NA,NA,NA,NA,NA,NA,NA,NA,NA,NA,NA,NA,NA,NA,NA,NA,NA,NA,NA,NA,TARGET_GONE,identity no longer active
2026-10-02T16:06:20Z,APP_22001_3033686,22001,3033686,15,686,201.499,0,0,-1,-1,0,0.999931471,NA,NA,70.000000000,MEASURED_CPU_FAULT,CPU;INTERVAL_FAULTS,NA,NA,NA,NA,NA,NA,NA,NA,NA,NA,NA,NA,NA,NA,NA,NA,NA,NA,NA,NA,NA,NA,NA,TARGET_GONE,identity no longer active
2026-10-02T16:06:20Z,APP_22001_3033686,22001,3033686,15,687,201.972,0,0,-1,-1,0,0.999931471,NA,NA,70.000000000,MEASURED_CPU_FAULT,CPU;INTERVAL_FAULTS,NA,NA,NA,NA,NA,NA,NA,NA,NA,NA,NA,NA,NA,NA,NA,NA,NA,NA,NA,NA,NA,NA,NA,TARGET_GONE,identity no longer active
2026-10-02T16:06:20Z,APP_22001_3033686,22001,3033686,15,688,202.105,0,0,-1,-1,0,0.999931471,NA,NA,70.000000000,MEASURED_CPU_FAULT,CPU;INTERVAL_FAULTS,NA,NA,NA,NA,NA,NA,NA,NA,NA,NA,NA,NA,NA,NA,NA,NA,NA,NA,NA,NA,NA,NA,NA,TARGET_GONE,identity no longer active
2026-10-02T16:06:04Z,APP_22001_3033686,22001,3033686,16,689,0.000,0,0,-1,-1,0,0.999931471,1,true,0.000000000,MEASURED_CPU_FAULT,CPU;INTERVAL_FAULTS,HOT,669.474315258,0.560000000,0.700000000,NA,NA,NA,NA,0.560000000,0.000000000,0.700000000,0.000000000,-1.000000000,1.232000000,NA,MOVE_THREAD,INVALID,NOT_APPLICABLE,INVALID,MOVE_THREAD,-1,-1,false,TARGET_GONE,identity no longer active
2026-10-02T16:06:04Z,APP_22001_3033686,22001,3033686,16,690,0.000,0,0,-1,-1,0,0.999931471,NA,NA,0.000000000,MEASURED_CPU_FAULT,CPU;INTERVAL_FAULTS,NA,NA,NA,NA,NA,NA,NA,NA,NA,NA,NA,NA,NA,NA,NA,NA,NA,NA,NA,NA,NA,NA,NA,TARGET_GONE,identity no longer active
2026-10-02T16:06:04Z,APP_22001_3033686,22001,3033686,16,691,0.000,0,0,-1,-1,0,0.999931471,NA,NA,0.000000000,MEASURED_CPU_FAULT,CPU;INTERVAL_FAULTS,NA,NA,NA,NA,NA,NA,NA,NA,NA,NA,NA,NA,NA,NA,NA,NA,NA,NA,NA,NA,NA,NA,NA,TARGET_GONE,identity no longer active
2026-10-02T16:06:04Z,APP_22001_3033686,22001,3033686,16,692,0.000,0,0,-1,-1,0,0.999931471,NA,NA,0.000000000,MEASURED_CPU_FAULT,CPU;INTERVAL_FAULTS,NA,NA,NA,NA,NA,NA,NA,NA,NA,NA,NA,NA,NA,NA,NA,NA,NA,NA,NA,NA,NA,NA,NA,TARGET_GONE,identity no longer active
2026-10-02T16:06:04Z,APP_22001_3033686,22001,3033686,16,693,0.000,0,0,-1,-1,0,0.999931471,NA,NA,0.000000000,MEASURED_CPU_FAULT,CPU;INTERVAL_FAULTS,NA,NA,NA,NA,NA,NA,NA,NA,NA,NA,NA,NA,NA,NA,NA,NA,NA,NA,NA,NA,NA,NA,NA,TARGET_GONE,identity no longer active
2026-10-02T16:06:04Z,APP_22001_3033686,22001,3033686,16,694,0.000,0,0,-1,-1,0,0.999931471,NA,NA,0.000000000,MEASURED_CPU_FAULT,CPU;INTERVAL_FAULTS,NA,NA,NA,NA,NA,NA,NA,NA,NA,NA,NA,NA,NA,NA,NA,NA,NA,NA,NA,NA,NA,NA,NA,TARGET_GONE,identity no longer active
2026-10-02T16:06:05Z,APP_22001_3033686,22001,3033686,16,695,0.000,0,0,-1,-1,0,0.999931471,NA,NA,0.000000000,MEASURED_CPU_FAULT,CPU;INTERVAL_FAULTS,NA,NA,NA,NA,NA,NA,NA,NA,NA,NA,NA,NA,NA,NA,NA,NA,NA,NA,NA,NA,NA,NA,NA,TARGET_GONE,identity no longer active
2026-10-02T16:06:05Z,APP_22001_3033686,22001,3033686,16,696,0.000,0,0,-1,-1,0,0.999931471,NA,NA,0.000000000,MEASURED_CPU_FAULT,CPU;INTERVAL_FAULTS,NA,NA,NA,NA,NA,NA,NA,NA,NA,NA,NA,NA,NA,NA,NA,NA,NA,NA,NA,NA,NA,NA,NA,TARGET_GONE,identity no longer active
2026-10-02T16:06:05Z,APP_22001_3033686,22001,3033686,16,697,0.000,0,0,-1,-1,0,0.999931471,NA,NA,0.000000000,MEASURED_CPU_FAULT,CPU;INTERVAL_FAULTS,NA,NA,NA,NA,NA,NA,NA,NA,NA,NA,NA,NA,NA,NA,NA,NA,NA,NA,NA,NA,NA,NA,NA,TARGET_GONE,identity no longer active
2026-10-02T16:06:05Z,APP_22001_3033686,22001,3033686,16,698,16.203,0,0,-1,-1,0,0.999931471,NA,NA,11.342100000,MEASURED_CPU_FAULT,CPU;INTERVAL_FAULTS,NA,NA,NA,NA,NA,NA,NA,NA,NA,NA,NA,NA,NA,NA,NA,NA,NA,NA,NA,NA,NA,NA,NA,TARGET_GONE,identity no longer active
2026-10-02T16:06:05Z,APP_22001_3033686,22001,3033686,16,699,192.385,0,0,-1,-1,0,0.999931471,NA,NA,70.000000000,MEASURED_CPU_FAULT,CPU;INTERVAL_FAULTS,NA,NA,NA,NA,NA,NA,NA,NA,NA,NA,NA,NA,NA,NA,NA,NA,NA,NA,NA,NA,NA,NA,NA,TARGET_GONE,identity no longer active
2026-10-02T16:06:05Z,APP_22001_3033686,22001,3033686,16,700,210.778,0,0,-1,-1,0,0.999931471,NA,NA,70.000000000,MEASURED_CPU_FAULT,CPU;INTERVAL_FAULTS,NA,NA,NA,NA,NA,NA,NA,NA,NA,NA,NA,NA,NA,NA,NA,NA,NA,NA,NA,NA,NA,NA,NA,TARGET_GONE,identity no longer active
2026-10-02T16:06:05Z,APP_22001_3033686,22001,3033686,16,701,202.009,0,0,-1,-1,0,0.999931471,NA,NA,70.000000000,MEASURED_CPU_FAULT,CPU;INTERVAL_FAULTS,NA,NA,NA,NA,NA,NA,NA,NA,NA,NA,NA,NA,NA,NA,NA,NA,NA,NA,NA,NA,NA,NA,NA,TARGET_GONE,identity no longer active
2026-10-02T16:06:05Z,APP_22001_3033686,22001,3033686,16,702,191.904,0,0,-1,-1,0,0.999931471,NA,NA,70.000000000,MEASURED_CPU_FAULT,CPU;INTERVAL_FAULTS,NA,NA,NA,NA,NA,NA,NA,NA,NA,NA,NA,NA,NA,NA,NA,NA,NA,NA,NA,NA,NA,NA,NA,TARGET_GONE,identity no longer active
2026-10-02T16:06:06Z,APP_22001_3033686,22001,3033686,16,703,206.928,0,0,-1,-1,0,0.999931471,NA,NA,70.000000000,MEASURED_CPU_FAULT,CPU;INTERVAL_FAULTS,NA,NA,NA,NA,NA,NA,NA,NA,NA,NA,NA,NA,NA,NA,NA,NA,NA,NA,NA,NA,NA,NA,NA,TARGET_GONE,identity no longer active
2026-10-02T16:06:06Z,APP_22001_3033686,22001,3033686,16,704,192.385,0,0,-1,-1,0,0.999931471,NA,NA,70.000000000,MEASURED_CPU_FAULT,CPU;INTERVAL_FAULTS,NA,NA,NA,NA,NA,NA,NA,NA,NA,NA,NA,NA,NA,NA,NA,NA,NA,NA,NA,NA,NA,NA,NA,TARGET_GONE,identity no longer active
2026-10-02T16:06:06Z,APP_22001_3033686,22001,3033686,16,705,201.198,0,0,-1,-1,0,0.999931471,NA,NA,70.000000000,MEASURED_CPU_FAULT,CPU;INTERVAL_FAULTS,NA,NA,NA,NA,NA,NA,NA,NA,NA,NA,NA,NA,NA,NA,NA,NA,NA,NA,NA,NA,NA,NA,NA,TARGET_GONE,identity no longer active
2026-10-02T16:06:06Z,APP_22001_3033686,22001,3033686,16,706,201.431,0,0,-1,-1,0,0.999931471,NA,NA,70.000000000,MEASURED_CPU_FAULT,CPU;INTERVAL_FAULTS,NA,NA,NA,NA,NA,NA,NA,NA,NA,NA,NA,NA,NA,NA,NA,NA,NA,NA,NA,NA,NA,NA,NA,TARGET_GONE,identity no longer active
2026-10-02T16:06:06Z,APP_22001_3033686,22001,3033686,16,707,201.802,0,0,-1,-1,0,0.999931471,NA,NA,70.000000000,MEASURED_CPU_FAULT,CPU;INTERVAL_FAULTS,NA,NA,NA,NA,NA,NA,NA,NA,NA,NA,NA,NA,NA,NA,NA,NA,NA,NA,NA,NA,NA,NA,NA,TARGET_GONE,identity no longer active
2026-10-02T16:06:06Z,APP_22001_3033686,22001,3033686,16,708,196.047,0,0,-1,-1,0,0.999931471,NA,NA,70.000000000,MEASURED_CPU_FAULT,CPU;INTERVAL_FAULTS,NA,NA,NA,NA,NA,NA,NA,NA,NA,NA,NA,NA,NA,NA,NA,NA,NA,NA,NA,NA,NA,NA,NA,TARGET_GONE,identity no longer active
2026-10-02T16:06:06Z,APP_22001_3033686,22001,3033686,16,709,204.391,0,0,-1,-1,0,0.999931471,NA,NA,70.000000000,MEASURED_CPU_FAULT,CPU;INTERVAL_FAULTS,NA,NA,NA,NA,NA,NA,NA,NA,NA,NA,NA,NA,NA,NA,NA,NA,NA,NA,NA,NA,NA,NA,NA,TARGET_GONE,identity no longer active
2026-10-02T16:06:06Z,APP_22001_3033686,22001,3033686,16,710,201.802,0,0,-1,-1,0,0.999931471,NA,NA,70.000000000,MEASURED_CPU_FAULT,CPU;INTERVAL_FAULTS,NA,NA,NA,NA,NA,NA,NA,NA,NA,NA,NA,NA,NA,NA,NA,NA,NA,NA,NA,NA,NA,NA,NA,TARGET_GONE,identity no longer active
2026-10-02T16:06:06Z,APP_22001_3033686,22001,3033686,16,711,194.195,0,0,-1,-1,0,0.999931471,NA,NA,70.000000000,MEASURED_CPU_FAULT,CPU;INTERVAL_FAULTS,NA,NA,NA,NA,NA,NA,NA,NA,NA,NA,NA,NA,NA,NA,NA,NA,NA,NA,NA,NA,NA,NA,NA,TARGET_GONE,identity no longer active
2026-10-02T16:06:06Z,APP_22001_3033686,22001,3033686,16,712,210.778,0,0,-1,-1,0,0.999931471,NA,NA,70.000000000,MEASURED_CPU_FAULT,CPU;INTERVAL_FAULTS,NA,NA,NA,NA,NA,NA,NA,NA,NA,NA,NA,NA,NA,NA,NA,NA,NA,NA,NA,NA,NA,NA,NA,TARGET_GONE,identity no longer active
2026-10-02T16:06:07Z,APP_22001_3033686,22001,3033686,16,713,194.360,0,0,-1,-1,0,0.999931471,NA,NA,70.000000000,MEASURED_CPU_FAULT,CPU;INTERVAL_FAULTS,NA,NA,NA,NA,NA,NA,NA,NA,NA,NA,NA,NA,NA,NA,NA,NA,NA,NA,NA,NA,NA,NA,NA,TARGET_GONE,identity no longer active
2026-10-02T16:06:07Z,APP_22001_3033686,22001,3033686,16,714,205.210,0,0,-1,-1,0,0.999931471,NA,NA,70.000000000,MEASURED_CPU_FAULT,CPU;INTERVAL_FAULTS,NA,NA,NA,NA,NA,NA,NA,NA,NA,NA,NA,NA,NA,NA,NA,NA,NA,NA,NA,NA,NA,NA,NA,TARGET_GONE,identity no longer active
2026-10-02T16:06:07Z,APP_22001_3033686,22001,3033686,16,715,191.904,0,0,-1,-1,0,0.999931471,NA,NA,70.000000000,MEASURED_CPU_FAULT,CPU;INTERVAL_FAULTS,NA,NA,NA,NA,NA,NA,NA,NA,NA,NA,NA,NA,NA,NA,NA,NA,NA,NA,NA,NA,NA,NA,NA,TARGET_GONE,identity no longer active
2026-10-02T16:06:07Z,APP_22001_3033686,22001,3033686,16,716,202.639,0,0,-1,-1,0,0.999931471,NA,NA,70.000000000,MEASURED_CPU_FAULT,CPU;INTERVAL_FAULTS,NA,NA,NA,NA,NA,NA,NA,NA,NA,NA,NA,NA,NA,NA,NA,NA,NA,NA,NA,NA,NA,NA,NA,TARGET_GONE,identity no longer active
2026-10-02T16:06:07Z,APP_22001_3033686,22001,3033686,16,717,201.802,0,0,-1,-1,0,0.999931471,NA,NA,70.000000000,MEASURED_CPU_FAULT,CPU;INTERVAL_FAULTS,NA,NA,NA,NA,NA,NA,NA,NA,NA,NA,NA,NA,NA,NA,NA,NA,NA,NA,NA,NA,NA,NA,NA,TARGET_GONE,identity no longer active
2026-10-02T16:06:07Z,APP_22001_3033686,22001,3033686,16,718,196.923,0,0,-1,-1,0,0.999931471,NA,NA,70.000000000,MEASURED_CPU_FAULT,CPU;INTERVAL_FAULTS,NA,NA,NA,NA,NA,NA,NA,NA,NA,NA,NA,NA,NA,NA,NA,NA,NA,NA,NA,NA,NA,NA,NA,TARGET_GONE,identity no longer active
2026-10-02T16:06:07Z,APP_22001_3033686,22001,3033686,16,719,204.800,0,0,-1,-1,0,0.999931471,NA,NA,70.000000000,MEASURED_CPU_FAULT,CPU;INTERVAL_FAULTS,NA,NA,NA,NA,NA,NA,NA,NA,NA,NA,NA,NA,NA,NA,NA,NA,NA,NA,NA,NA,NA,NA,NA,TARGET_GONE,identity no longer active
2026-10-02T16:06:07Z,APP_22001_3033686,22001,3033686,16,720,201.499,0,0,-1,-1,0,0.999931471,NA,NA,70.000000000,MEASURED_CPU_FAULT,CPU;INTERVAL_FAULTS,NA,NA,NA,NA,NA,NA,NA,NA,NA,NA,NA,NA,NA,NA,NA,NA,NA,NA,NA,NA,NA,NA,NA,TARGET_GONE,identity no longer active
2026-10-02T16:06:07Z,APP_22001_3033686,22001,3033686,16,721,202.639,0,0,-1,-1,0,0.999931471,NA,NA,70.000000000,MEASURED_CPU_FAULT,CPU;INTERVAL_FAULTS,NA,NA,NA,NA,NA,NA,NA,NA,NA,NA,NA,NA,NA,NA,NA,NA,NA,NA,NA,NA,NA,NA,NA,TARGET_GONE,identity no longer active
2026-10-02T16:06:08Z,APP_22001_3033686,22001,3033686,16,722,201.802,0,0,-1,-1,0,0.999931471,NA,NA,70.000000000,MEASURED_CPU_FAULT,CPU;INTERVAL_FAULTS,NA,NA,NA,NA,NA,NA,NA,NA,NA,NA,NA,NA,NA,NA,NA,NA,NA,NA,NA,NA,NA,NA,NA,TARGET_GONE,identity no longer active
2026-10-02T16:06:08Z,APP_22001_3033686,22001,3033686,16,723,200.866,0,0,-1,-1,0,0.999931471,NA,NA,70.000000000,MEASURED_CPU_FAULT,CPU;INTERVAL_FAULTS,NA,NA,NA,NA,NA,NA,NA,NA,NA,NA,NA,NA,NA,NA,NA,NA,NA,NA,NA,NA,NA,NA,NA,TARGET_GONE,identity no longer active
2026-10-02T16:06:08Z,APP_22001_3033686,22001,3033686,16,724,192.192,0,0,-1,-1,0,0.999931471,NA,NA,70.000000000,MEASURED_CPU_FAULT,CPU;INTERVAL_FAULTS,NA,NA,NA,NA,NA,NA,NA,NA,NA,NA,NA,NA,NA,NA,NA,NA,NA,NA,NA,NA,NA,NA,NA,TARGET_GONE,identity no longer active
2026-10-02T16:06:08Z,APP_22001_3033686,22001,3033686,16,725,201.083,0,0,-1,-1,0,0.999931471,NA,NA,70.000000000,MEASURED_CPU_FAULT,CPU;INTERVAL_FAULTS,NA,NA,NA,NA,NA,NA,NA,NA,NA,NA,NA,NA,NA,NA,NA,NA,NA,NA,NA,NA,NA,NA,NA,TARGET_GONE,identity no longer active
2026-10-02T16:06:08Z,APP_22001_3033686,22001,3033686,16,726,192.000,0,0,-1,-1,0,0.999931471,NA,NA,70.000000000,MEASURED_CPU_FAULT,CPU;INTERVAL_FAULTS,NA,NA,NA,NA,NA,NA,NA,NA,NA,NA,NA,NA,NA,NA,NA,NA,NA,NA,NA,NA,NA,NA,NA,TARGET_GONE,identity no longer active
2026-10-02T16:06:08Z,APP_22001_3033686,22001,3033686,16,727,201.117,0,0,-1,-1,0,0.999931471,NA,NA,70.000000000,MEASURED_CPU_FAULT,CPU;INTERVAL_FAULTS,NA,NA,NA,NA,NA,NA,NA,NA,NA,NA,NA,NA,NA,NA,NA,NA,NA,NA,NA,NA,NA,NA,NA,TARGET_GONE,identity no longer active
2026-10-02T16:06:08Z,APP_22001_3033686,22001,3033686,16,728,204.391,0,0,-1,-1,0,0.999931471,NA,NA,70.000000000,MEASURED_CPU_FAULT,CPU;INTERVAL_FAULTS,NA,NA,NA,NA,NA,NA,NA,NA,NA,NA,NA,NA,NA,NA,NA,NA,NA,NA,NA,NA,NA,NA,NA,TARGET_GONE,identity no longer active
2026-10-02T16:06:08Z,APP_22001_3033686,22001,3033686,16,729,201.802,0,0,-1,-1,0,0.999931471,NA,NA,70.000000000,MEASURED_CPU_FAULT,CPU;INTERVAL_FAULTS,NA,NA,NA,NA,NA,NA,NA,NA,NA,NA,NA,NA,NA,NA,NA,NA,NA,NA,NA,NA,NA,NA,NA,TARGET_GONE,identity no longer active
2026-10-02T16:06:09Z,APP_22001_3033686,22001,3033686,16,730,202.906,0,0,-1,-1,0,0.999931471,NA,NA,70.000000000,MEASURED_CPU_FAULT,CPU;INTERVAL_FAULTS,NA,NA,NA,NA,NA,NA,NA,NA,NA,NA,NA,NA,NA,NA,NA,NA,NA,NA,NA,NA,NA,NA,NA,TARGET_GONE,identity no longer active
2026-10-02T16:06:09Z,APP_22001_3033686,22001,3033686,16,731,201.802,0,0,-1,-1,0,0.999931471,NA,NA,70.000000000,MEASURED_CPU_FAULT,CPU;INTERVAL_FAULTS,NA,NA,NA,NA,NA,NA,NA,NA,NA,NA,NA,NA,NA,NA,NA,NA,NA,NA,NA,NA,NA,NA,NA,TARGET_GONE,identity no longer active
2026-10-02T16:06:09Z,APP_22001_3033686,22001,3033686,16,732,201.083,0,0,-1,-1,0,0.999931471,NA,NA,70.000000000,MEASURED_CPU_FAULT,CPU;INTERVAL_FAULTS,NA,NA,NA,NA,NA,NA,NA,NA,NA,NA,NA,NA,NA,NA,NA,NA,NA,NA,NA,NA,NA,NA,NA,TARGET_GONE,identity no longer active
2026-10-02T16:06:09Z,APP_22001_3033686,22001,3033686,16,733,192.481,0,0,-1,-1,0,0.999931471,NA,NA,70.000000000,MEASURED_CPU_FAULT,CPU;INTERVAL_FAULTS,NA,NA,NA,NA,NA,NA,NA,NA,NA,NA,NA,NA,NA,NA,NA,NA,NA,NA,NA,NA,NA,NA,NA,TARGET_GONE,identity no longer active
2026-10-02T16:06:09Z,APP_22001_3033686,22001,3033686,16,734,201.083,0,0,-1,-1,0,0.999931471,NA,NA,70.000000000,MEASURED_CPU_FAULT,CPU;INTERVAL_FAULTS,NA,NA,NA,NA,NA,NA,NA,NA,NA,NA,NA,NA,NA,NA,NA,NA,NA,NA,NA,NA,NA,NA,NA,TARGET_GONE,identity no longer active
2026-10-02T16:06:09Z,APP_22001_3033686,22001,3033686,16,735,192.000,0,0,-1,-1,0,0.999931471,NA,NA,70.000000000,MEASURED_CPU_FAULT,CPU;INTERVAL_FAULTS,NA,NA,NA,NA,NA,NA,NA,NA,NA,NA,NA,NA,NA,NA,NA,NA,NA,NA,NA,NA,NA,NA,NA,TARGET_GONE,identity no longer active
2026-10-02T16:06:09Z,APP_22001_3033686,22001,3033686,16,736,200.557,0,0,-1,-1,0,0.999931471,NA,NA,70.000000000,MEASURED_CPU_FAULT,CPU;INTERVAL_FAULTS,NA,NA,NA,NA,NA,NA,NA,NA,NA,NA,NA,NA,NA,NA,NA,NA,NA,NA,NA,NA,NA,NA,NA,TARGET_GONE,identity no longer active
2026-10-02T16:06:09Z,APP_22001_3033686,22001,3033686,16,737,204.391,0,0,-1,-1,0,0.999931471,NA,NA,70.000000000,MEASURED_CPU_FAULT,CPU;INTERVAL_FAULTS,NA,NA,NA,NA,NA,NA,NA,NA,NA,NA,NA,NA,NA,NA,NA,NA,NA,NA,NA,NA,NA,NA,NA,TARGET_GONE,identity no longer active
2026-10-02T16:06:10Z,APP_22001_3033686,22001,3033686,16,738,201.499,0,0,-1,-1,0,0.999931471,NA,NA,70.000000000,MEASURED_CPU_FAULT,CPU;INTERVAL_FAULTS,NA,NA,NA,NA,NA,NA,NA,NA,NA,NA,NA,NA,NA,NA,NA,NA,NA,NA,NA,NA,NA,NA,NA,TARGET_GONE,identity no longer active
2026-10-02T16:06:10Z,APP_22001_3033686,22001,3033686,16,739,202.906,0,0,-1,-1,0,0.999931471,NA,NA,70.000000000,MEASURED_CPU_FAULT,CPU;INTERVAL_FAULTS,NA,NA,NA,NA,NA,NA,NA,NA,NA,NA,NA,NA,NA,NA,NA,NA,NA,NA,NA,NA,NA,NA,NA,TARGET_GONE,identity no longer active
2026-10-02T16:06:10Z,APP_22001_3033686,22001,3033686,16,740,201.802,0,0,-1,-1,0,0.999931471,NA,NA,70.000000000,MEASURED_CPU_FAULT,CPU;INTERVAL_FAULTS,NA,NA,NA,NA,NA,NA,NA,NA,NA,NA,NA,NA,NA,NA,NA,NA,NA,NA,NA,NA,NA,NA,NA,TARGET_GONE,identity no longer active
2026-10-02T16:06:10Z,APP_22001_3033686,22001,3033686,16,741,201.083,0,0,-1,-1,0,0.999931471,NA,NA,70.000000000,MEASURED_CPU_FAULT,CPU;INTERVAL_FAULTS,NA,NA,NA,NA,NA,NA,NA,NA,NA,NA,NA,NA,NA,NA,NA,NA,NA,NA,NA,NA,NA,NA,NA,TARGET_GONE,identity no longer active
2026-10-02T16:06:10Z,APP_22001_3033686,22001,3033686,16,742,191.904,0,0,-1,-1,0,0.999931471,NA,NA,70.000000000,MEASURED_CPU_FAULT,CPU;INTERVAL_FAULTS,NA,NA,NA,NA,NA,NA,NA,NA,NA,NA,NA,NA,NA,NA,NA,NA,NA,NA,NA,NA,NA,NA,NA,TARGET_GONE,identity no longer active
2026-10-02T16:06:10Z,APP_22001_3033686,22001,3033686,16,743,201.083,0,0,-1,-1,0,0.999931471,NA,NA,70.000000000,MEASURED_CPU_FAULT,CPU;INTERVAL_FAULTS,NA,NA,NA,NA,NA,NA,NA,NA,NA,NA,NA,NA,NA,NA,NA,NA,NA,NA,NA,NA,NA,NA,NA,TARGET_GONE,identity no longer active
2026-10-02T16:06:10Z,APP_22001_3033686,22001,3033686,16,744,192.771,0,0,-1,-1,0,0.999931471,NA,NA,70.000000000,MEASURED_CPU_FAULT,CPU;INTERVAL_FAULTS,NA,NA,NA,NA,NA,NA,NA,NA,NA,NA,NA,NA,NA,NA,NA,NA,NA,NA,NA,NA,NA,NA,NA,TARGET_GONE,identity no longer active
2026-10-02T16:06:10Z,APP_22001_3033686,22001,3033686,16,745,203.109,0,0,-1,-1,0,0.999931471,NA,NA,70.000000000,MEASURED_CPU_FAULT,CPU;INTERVAL_FAULTS,NA,NA,NA,NA,NA,NA,NA,NA,NA,NA,NA,NA,NA,NA,NA,NA,NA,NA,NA,NA,NA,NA,NA,TARGET_GONE,identity no longer active
2026-10-02T16:06:11Z,APP_22001_3033686,22001,3033686,16,746,192.000,0,0,-1,-1,0,0.999931471,NA,NA,70.000000000,MEASURED_CPU_FAULT,CPU;INTERVAL_FAULTS,NA,NA,NA,NA,NA,NA,NA,NA,NA,NA,NA,NA,NA,NA,NA,NA,NA,NA,NA,NA,NA,NA,NA,TARGET_GONE,identity no longer active
2026-10-02T16:06:11Z,APP_22001_3033686,22001,3033686,16,747,201.802,0,0,-1,-1,0,0.999931471,NA,NA,70.000000000,MEASURED_CPU_FAULT,CPU;INTERVAL_FAULTS,NA,NA,NA,NA,NA,NA,NA,NA,NA,NA,NA,NA,NA,NA,NA,NA,NA,NA,NA,NA,NA,NA,NA,TARGET_GONE,identity no longer active
2026-10-02T16:06:11Z,APP_22001_3033686,22001,3033686,16,748,204.082,0,0,-1,-1,0,0.999931471,NA,NA,70.000000000,MEASURED_CPU_FAULT,CPU;INTERVAL_FAULTS,NA,NA,NA,NA,NA,NA,NA,NA,NA,NA,NA,NA,NA,NA,NA,NA,NA,NA,NA,NA,NA,NA,NA,TARGET_GONE,identity no longer active
2026-10-02T16:06:11Z,APP_22001_3033686,22001,3033686,16,749,201.802,0,0,-1,-1,0,0.999931471,NA,NA,70.000000000,MEASURED_CPU_FAULT,CPU;INTERVAL_FAULTS,NA,NA,NA,NA,NA,NA,NA,NA,NA,NA,NA,NA,NA,NA,NA,NA,NA,NA,NA,NA,NA,NA,NA,TARGET_GONE,identity no longer active
2026-10-02T16:06:11Z,APP_22001_3033686,22001,3033686,16,750,194.967,0,0,-1,-1,0,0.999931471,NA,NA,70.000000000,MEASURED_CPU_FAULT,CPU;INTERVAL_FAULTS,NA,NA,NA,NA,NA,NA,NA,NA,NA,NA,NA,NA,NA,NA,NA,NA,NA,NA,NA,NA,NA,NA,NA,TARGET_GONE,identity no longer active
2026-10-02T16:06:11Z,APP_22001_3033686,22001,3033686,16,751,210.463,0,0,-1,-1,0,0.999931471,NA,NA,70.000000000,MEASURED_CPU_FAULT,CPU;INTERVAL_FAULTS,NA,NA,NA,NA,NA,NA,NA,NA,NA,NA,NA,NA,NA,NA,NA,NA,NA,NA,NA,NA,NA,NA,NA,TARGET_GONE,identity no longer active
2026-10-02T16:06:11Z,APP_22001_3033686,22001,3033686,16,752,195.163,0,0,-1,-1,0,0.999931471,NA,NA,70.000000000,MEASURED_CPU_FAULT,CPU;INTERVAL_FAULTS,NA,NA,NA,NA,NA,NA,NA,NA,NA,NA,NA,NA,NA,NA,NA,NA,NA,NA,NA,NA,NA,NA,NA,TARGET_GONE,identity no longer active
2026-10-02T16:06:11Z,APP_22001_3033686,22001,3033686,16,753,192.000,0,0,-1,-1,0,0.999931471,NA,NA,70.000000000,MEASURED_CPU_FAULT,CPU;INTERVAL_FAULTS,NA,NA,NA,NA,NA,NA,NA,NA,NA,NA,NA,NA,NA,NA,NA,NA,NA,NA,NA,NA,NA,NA,NA,TARGET_GONE,identity no longer active
2026-10-02T16:06:12Z,APP_22001_3033686,22001,3033686,16,754,200.261,0,0,-1,-1,0,0.999931471,NA,NA,70.000000000,MEASURED_CPU_FAULT,CPU;INTERVAL_FAULTS,NA,NA,NA,NA,NA,NA,NA,NA,NA,NA,NA,NA,NA,NA,NA,NA,NA,NA,NA,NA,NA,NA,NA,TARGET_GONE,identity no longer active
2026-10-02T16:06:12Z,APP_22001_3033686,22001,3033686,16,755,210.778,0,0,-1,-1,0,0.999931471,NA,NA,70.000000000,MEASURED_CPU_FAULT,CPU;INTERVAL_FAULTS,NA,NA,NA,NA,NA,NA,NA,NA,NA,NA,NA,NA,NA,NA,NA,NA,NA,NA,NA,NA,NA,NA,NA,TARGET_GONE,identity no longer active
2026-10-02T16:06:12Z,APP_22001_3033686,22001,3033686,16,756,192.192,0,0,-1,-1,0,0.999931471,NA,NA,70.000000000,MEASURED_CPU_FAULT,CPU;INTERVAL_FAULTS,NA,NA,NA,NA,NA,NA,NA,NA,NA,NA,NA,NA,NA,NA,NA,NA,NA,NA,NA,NA,NA,NA,NA,TARGET_GONE,identity no longer active
2026-10-02T16:06:12Z,APP_22001_3033686,22001,3033686,16,757,203.562,0,0,-1,-1,0,0.999931471,NA,NA,70.000000000,MEASURED_CPU_FAULT,CPU;INTERVAL_FAULTS,NA,NA,NA,NA,NA,NA,NA,NA,NA,NA,NA,NA,NA,NA,NA,NA,NA,NA,NA,NA,NA,NA,NA,TARGET_GONE,identity no longer active
2026-10-02T16:06:12Z,APP_22001_3033686,22001,3033686,16,758,201.802,0,0,-1,-1,0,0.999931471,NA,NA,70.000000000,MEASURED_CPU_FAULT,CPU;INTERVAL_FAULTS,NA,NA,NA,NA,NA,NA,NA,NA,NA,NA,NA,NA,NA,NA,NA,NA,NA,NA,NA,NA,NA,NA,NA,TARGET_GONE,identity no longer active
2026-10-02T16:06:12Z,APP_22001_3033686,22001,3033686,16,759,201.893,0,0,-1,-1,0,0.999931471,NA,NA,70.000000000,MEASURED_CPU_FAULT,CPU;INTERVAL_FAULTS,NA,NA,NA,NA,NA,NA,NA,NA,NA,NA,NA,NA,NA,NA,NA,NA,NA,NA,NA,NA,NA,NA,NA,TARGET_GONE,identity no longer active
2026-10-02T16:06:12Z,APP_22001_3033686,22001,3033686,16,760,191.617,0,0,-1,-1,0,0.999931471,NA,NA,70.000000000,MEASURED_CPU_FAULT,CPU;INTERVAL_FAULTS,NA,NA,NA,NA,NA,NA,NA,NA,NA,NA,NA,NA,NA,NA,NA,NA,NA,NA,NA,NA,NA,NA,NA,TARGET_GONE,identity no longer active
2026-10-02T16:06:12Z,APP_22001_3033686,22001,3033686,16,761,201.893,0,0,-1,-1,0,0.999931471,NA,NA,70.000000000,MEASURED_CPU_FAULT,CPU;INTERVAL_FAULTS,NA,NA,NA,NA,NA,NA,NA,NA,NA,NA,NA,NA,NA,NA,NA,NA,NA,NA,NA,NA,NA,NA,NA,TARGET_GONE,identity no longer active
2026-10-02T16:06:12Z,APP_22001_3033686,22001,3033686,16,762,201.499,0,0,-1,-1,0,0.999931471,NA,NA,70.000000000,MEASURED_CPU_FAULT,CPU;INTERVAL_FAULTS,NA,NA,NA,NA,NA,NA,NA,NA,NA,NA,NA,NA,NA,NA,NA,NA,NA,NA,NA,NA,NA,NA,NA,TARGET_GONE,identity no longer active
2026-10-02T16:06:13Z,APP_22001_3033686,22001,3033686,16,763,197.666,0,0,-1,-1,0,0.999931471,NA,NA,70.000000000,MEASURED_CPU_FAULT,CPU;INTERVAL_FAULTS,NA,NA,NA,NA,NA,NA,NA,NA,NA,NA,NA,NA,NA,NA,NA,NA,NA,NA,NA,NA,NA,NA,NA,TARGET_GONE,identity no longer active
2026-10-02T16:06:13Z,APP_22001_3033686,22001,3033686,16,764,211.411,0,0,-1,-1,0,0.999931471,NA,NA,70.000000000,MEASURED_CPU_FAULT,CPU;INTERVAL_FAULTS,NA,NA,NA,NA,NA,NA,NA,NA,NA,NA,NA,NA,NA,NA,NA,NA,NA,NA,NA,NA,NA,NA,NA,TARGET_GONE,identity no longer active
2026-10-02T16:06:13Z,APP_22001_3033686,22001,3033686,16,765,200.897,0,0,-1,-1,0,0.999931471,NA,NA,70.000000000,MEASURED_CPU_FAULT,CPU;INTERVAL_FAULTS,NA,NA,NA,NA,NA,NA,NA,NA,NA,NA,NA,NA,NA,NA,NA,NA,NA,NA,NA,NA,NA,NA,NA,TARGET_GONE,identity no longer active
2026-10-02T16:06:13Z,APP_22001_3033686,22001,3033686,16,766,195.918,0,0,-1,-1,0,0.999931471,NA,NA,70.000000000,MEASURED_CPU_FAULT,CPU;INTERVAL_FAULTS,NA,NA,NA,NA,NA,NA,NA,NA,NA,NA,NA,NA,NA,NA,NA,NA,NA,NA,NA,NA,NA,NA,NA,TARGET_GONE,identity no longer active
2026-10-02T16:06:13Z,APP_22001_3033686,22001,3033686,16,767,201.802,0,0,-1,-1,0,0.999931471,NA,NA,70.000000000,MEASURED_CPU_FAULT,CPU;INTERVAL_FAULTS,NA,NA,NA,NA,NA,NA,NA,NA,NA,NA,NA,NA,NA,NA,NA,NA,NA,NA,NA,NA,NA,NA,NA,TARGET_GONE,identity no longer active
2026-10-02T16:06:13Z,APP_22001_3033686,22001,3033686,16,768,201.893,0,0,-1,-1,0,0.999931471,NA,NA,70.000000000,MEASURED_CPU_FAULT,CPU;INTERVAL_FAULTS,NA,NA,NA,NA,NA,NA,NA,NA,NA,NA,NA,NA,NA,NA,NA,NA,NA,NA,NA,NA,NA,NA,NA,TARGET_GONE,identity no longer active
2026-10-02T16:06:13Z,APP_22001_3033686,22001,3033686,16,769,201.198,0,0,-1,-1,0,0.999931471,NA,NA,70.000000000,MEASURED_CPU_FAULT,CPU;INTERVAL_FAULTS,NA,NA,NA,NA,NA,NA,NA,NA,NA,NA,NA,NA,NA,NA,NA,NA,NA,NA,NA,NA,NA,NA,NA,TARGET_GONE,identity no longer active
2026-10-02T16:06:13Z,APP_22001_3033686,22001,3033686,16,770,201.681,0,0,-1,-1,0,0.999931471,NA,NA,70.000000000,MEASURED_CPU_FAULT,CPU;INTERVAL_FAULTS,NA,NA,NA,NA,NA,NA,NA,NA,NA,NA,NA,NA,NA,NA,NA,NA,NA,NA,NA,NA,NA,NA,NA,TARGET_GONE,identity no longer active
2026-10-02T16:06:14Z,APP_22001_3033686,22001,3033686,16,771,201.499,0,0,-1,-1,0,0.999931471,NA,NA,70.000000000,MEASURED_CPU_FAULT,CPU;INTERVAL_FAULTS,NA,NA,NA,NA,NA,NA,NA,NA,NA,NA,NA,NA,NA,NA,NA,NA,NA,NA,NA,NA,NA,NA,NA,TARGET_GONE,identity no longer active
2026-10-02T16:06:14Z,APP_22001_3033686,22001,3033686,16,772,197.531,0,0,-1,-1,0,0.999931471,NA,NA,70.000000000,MEASURED_CPU_FAULT,CPU;INTERVAL_FAULTS,NA,NA,NA,NA,NA,NA,NA,NA,NA,NA,NA,NA,NA,NA,NA,NA,NA,NA,NA,NA,NA,NA,NA,TARGET_GONE,identity no longer active
2026-10-02T16:06:14Z,APP_22001_3033686,22001,3033686,16,773,210.778,0,0,-1,-1,0,0.999931471,NA,NA,70.000000000,MEASURED_CPU_FAULT,CPU;INTERVAL_FAULTS,NA,NA,NA,NA,NA,NA,NA,NA,NA,NA,NA,NA,NA,NA,NA,NA,NA,NA,NA,NA,NA,NA,NA,TARGET_GONE,identity no longer active
2026-10-02T16:06:14Z,APP_22001_3033686,22001,3033686,16,774,201.802,0,0,-1,-1,0,0.999931471,NA,NA,70.000000000,MEASURED_CPU_FAULT,CPU;INTERVAL_FAULTS,NA,NA,NA,NA,NA,NA,NA,NA,NA,NA,NA,NA,NA,NA,NA,NA,NA,NA,NA,NA,NA,NA,NA,TARGET_GONE,identity no longer active
2026-10-02T16:06:14Z,APP_22001_3033686,22001,3033686,16,775,195.420,0,0,-1,-1,0,0.999931471,NA,NA,70.000000000,MEASURED_CPU_FAULT,CPU;INTERVAL_FAULTS,NA,NA,NA,NA,NA,NA,NA,NA,NA,NA,NA,NA,NA,NA,NA,NA,NA,NA,NA,NA,NA,NA,NA,TARGET_GONE,identity no longer active
2026-10-02T16:06:14Z,APP_22001_3033686,22001,3033686,16,776,201.499,0,0,-1,-1,0,0.999931471,NA,NA,70.000000000,MEASURED_CPU_FAULT,CPU;INTERVAL_FAULTS,NA,NA,NA,NA,NA,NA,NA,NA,NA,NA,NA,NA,NA,NA,NA,NA,NA,NA,NA,NA,NA,NA,NA,TARGET_GONE,identity no longer active
2026-10-02T16:06:14Z,APP_22001_3033686,22001,3033686,16,777,201.893,0,0,-1,-1,0,0.999931471,NA,NA,70.000000000,MEASURED_CPU_FAULT,CPU;INTERVAL_FAULTS,NA,NA,NA,NA,NA,NA,NA,NA,NA,NA,NA,NA,NA,NA,NA,NA,NA,NA,NA,NA,NA,NA,NA,TARGET_GONE,identity no longer active
2026-10-02T16:06:14Z,APP_22001_3033686,22001,3033686,16,778,201.499,0,0,-1,-1,0,0.999931471,NA,NA,70.000000000,MEASURED_CPU_FAULT,CPU;INTERVAL_FAULTS,NA,NA,NA,NA,NA,NA,NA,NA,NA,NA,NA,NA,NA,NA,NA,NA,NA,NA,NA,NA,NA,NA,NA,TARGET_GONE,identity no longer active
2026-10-02T16:06:15Z,APP_22001_3033686,22001,3033686,16,779,194.753,0,0,-1,-1,0,0.999931471,NA,NA,70.000000000,MEASURED_CPU_FAULT,CPU;INTERVAL_FAULTS,NA,NA,NA,NA,NA,NA,NA,NA,NA,NA,NA,NA,NA,NA,NA,NA,NA,NA,NA,NA,NA,NA,NA,TARGET_GONE,identity no longer active
2026-10-02T16:06:15Z,APP_22001_3033686,22001,3033686,16,780,201.499,0,0,-1,-1,0,0.999931471,NA,NA,70.000000000,MEASURED_CPU_FAULT,CPU;INTERVAL_FAULTS,NA,NA,NA,NA,NA,NA,NA,NA,NA,NA,NA,NA,NA,NA,NA,NA,NA,NA,NA,NA,NA,NA,NA,TARGET_GONE,identity no longer active
2026-10-02T16:06:15Z,APP_22001_3033686,22001,3033686,16,781,202.895,0,0,-1,-1,0,0.999931471,NA,NA,70.000000000,MEASURED_CPU_FAULT,CPU;INTERVAL_FAULTS,NA,NA,NA,NA,NA,NA,NA,NA,NA,NA,NA,NA,NA,NA,NA,NA,NA,NA,NA,NA,NA,NA,NA,TARGET_GONE,identity no longer active
2026-10-02T16:06:15Z,APP_22001_3033686,22001,3033686,16,782,191.617,0,0,-1,-1,0,0.999931471,NA,NA,70.000000000,MEASURED_CPU_FAULT,CPU;INTERVAL_FAULTS,NA,NA,NA,NA,NA,NA,NA,NA,NA,NA,NA,NA,NA,NA,NA,NA,NA,NA,NA,NA,NA,NA,NA,TARGET_GONE,identity no longer active
2026-10-02T16:06:15Z,APP_22001_3033686,22001,3033686,16,783,201.802,0,0,-1,-1,0,0.999931471,NA,NA,70.000000000,MEASURED_CPU_FAULT,CPU;INTERVAL_FAULTS,NA,NA,NA,NA,NA,NA,NA,NA,NA,NA,NA,NA,NA,NA,NA,NA,NA,NA,NA,NA,NA,NA,NA,TARGET_GONE,identity no longer active
2026-10-02T16:06:15Z,APP_22001_3033686,22001,3033686,16,784,203.822,0,0,-1,-1,0,0.999931471,NA,NA,70.000000000,MEASURED_CPU_FAULT,CPU;INTERVAL_FAULTS,NA,NA,NA,NA,NA,NA,NA,NA,NA,NA,NA,NA,NA,NA,NA,NA,NA,NA,NA,NA,NA,NA,NA,TARGET_GONE,identity no longer active
2026-10-02T16:06:15Z,APP_22001_3033686,22001,3033686,16,785,192.192,0,0,-1,-1,0,0.999931471,NA,NA,70.000000000,MEASURED_CPU_FAULT,CPU;INTERVAL_FAULTS,NA,NA,NA,NA,NA,NA,NA,NA,NA,NA,NA,NA,NA,NA,NA,NA,NA,NA,NA,NA,NA,NA,NA,TARGET_GONE,identity no longer active
2026-10-02T16:06:15Z,APP_22001_3033686,22001,3033686,16,786,201.681,0,0,-1,-1,0,0.999931471,NA,NA,70.000000000,MEASURED_CPU_FAULT,CPU;INTERVAL_FAULTS,NA,NA,NA,NA,NA,NA,NA,NA,NA,NA,NA,NA,NA,NA,NA,NA,NA,NA,NA,NA,NA,NA,NA,TARGET_GONE,identity no longer active
2026-10-02T16:06:16Z,APP_22001_3033686,22001,3033686,16,787,201.499,0,0,-1,-1,0,0.999931471,NA,NA,70.000000000,MEASURED_CPU_FAULT,CPU;INTERVAL_FAULTS,NA,NA,NA,NA,NA,NA,NA,NA,NA,NA,NA,NA,NA,NA,NA,NA,NA,NA,NA,NA,NA,NA,NA,TARGET_GONE,identity no longer active
2026-10-02T16:06:16Z,APP_22001_3033686,22001,3033686,16,788,200.810,0,0,-1,-1,0,0.999931471,NA,NA,70.000000000,MEASURED_CPU_FAULT,CPU;INTERVAL_FAULTS,NA,NA,NA,NA,NA,NA,NA,NA,NA,NA,NA,NA,NA,NA,NA,NA,NA,NA,NA,NA,NA,NA,NA,TARGET_GONE,identity no longer active
2026-10-02T16:06:16Z,APP_22001_3033686,22001,3033686,16,789,201.198,0,0,-1,-1,0,0.999931471,NA,NA,70.000000000,MEASURED_CPU_FAULT,CPU;INTERVAL_FAULTS,NA,NA,NA,NA,NA,NA,NA,NA,NA,NA,NA,NA,NA,NA,NA,NA,NA,NA,NA,NA,NA,NA,NA,TARGET_GONE,identity no longer active
2026-10-02T16:06:16Z,APP_22001_3033686,22001,3033686,16,790,199.146,0,0,-1,-1,0,0.999931471,NA,NA,70.000000000,MEASURED_CPU_FAULT,CPU;INTERVAL_FAULTS,NA,NA,NA,NA,NA,NA,NA,NA,NA,NA,NA,NA,NA,NA,NA,NA,NA,NA,NA,NA,NA,NA,NA,TARGET_GONE,identity no longer active
2026-10-02T16:06:16Z,APP_22001_3033686,22001,3033686,16,791,192.192,0,0,-1,-1,0,0.999931471,NA,NA,70.000000000,MEASURED_CPU_FAULT,CPU;INTERVAL_FAULTS,NA,NA,NA,NA,NA,NA,NA,NA,NA,NA,NA,NA,NA,NA,NA,NA,NA,NA,NA,NA,NA,NA,NA,TARGET_GONE,identity no longer active
2026-10-02T16:06:16Z,APP_22001_3033686,22001,3033686,16,792,201.802,0,0,-1,-1,0,0.999931471,NA,NA,70.000000000,MEASURED_CPU_FAULT,CPU;INTERVAL_FAULTS,NA,NA,NA,NA,NA,NA,NA,NA,NA,NA,NA,NA,NA,NA,NA,NA,NA,NA,NA,NA,NA,NA,NA,TARGET_GONE,identity no longer active
2026-10-02T16:06:16Z,APP_22001_3033686,22001,3033686,16,793,197.574,0,0,-1,-1,0,0.999931471,NA,NA,70.000000000,MEASURED_CPU_FAULT,CPU;INTERVAL_FAULTS,NA,NA,NA,NA,NA,NA,NA,NA,NA,NA,NA,NA,NA,NA,NA,NA,NA,NA,NA,NA,NA,NA,NA,TARGET_GONE,identity no longer active
2026-10-02T16:06:16Z,APP_22001_3033686,22001,3033686,16,794,201.499,0,0,-1,-1,0,0.999931471,NA,NA,70.000000000,MEASURED_CPU_FAULT,CPU;INTERVAL_FAULTS,NA,NA,NA,NA,NA,NA,NA,NA,NA,NA,NA,NA,NA,NA,NA,NA,NA,NA,NA,NA,NA,NA,NA,TARGET_GONE,identity no longer active
2026-10-02T16:06:17Z,APP_22001_3033686,22001,3033686,16,795,202.985,0,0,-1,-1,0,0.999931471,NA,NA,70.000000000,MEASURED_CPU_FAULT,CPU;INTERVAL_FAULTS,NA,NA,NA,NA,NA,NA,NA,NA,NA,NA,NA,NA,NA,NA,NA,NA,NA,NA,NA,NA,NA,NA,NA,TARGET_GONE,identity no longer active
2026-10-02T16:06:17Z,APP_22001_3033686,22001,3033686,16,796,191.617,0,0,-1,-1,0,0.999931471,NA,NA,70.000000000,MEASURED_CPU_FAULT,CPU;INTERVAL_FAULTS,NA,NA,NA,NA,NA,NA,NA,NA,NA,NA,NA,NA,NA,NA,NA,NA,NA,NA,NA,NA,NA,NA,NA,TARGET_GONE,identity no longer active
2026-10-02T16:06:17Z,APP_22001_3033686,22001,3033686,16,797,202.607,0,0,-1,-1,0,0.999931471,NA,NA,70.000000000,MEASURED_CPU_FAULT,CPU;INTERVAL_FAULTS,NA,NA,NA,NA,NA,NA,NA,NA,NA,NA,NA,NA,NA,NA,NA,NA,NA,NA,NA,NA,NA,NA,NA,TARGET_GONE,identity no longer active
2026-10-02T16:06:17Z,APP_22001_3033686,22001,3033686,16,798,200.104,0,0,-1,-1,0,0.999931471,NA,NA,70.000000000,MEASURED_CPU_FAULT,CPU;INTERVAL_FAULTS,NA,NA,NA,NA,NA,NA,NA,NA,NA,NA,NA,NA,NA,NA,NA,NA,NA,NA,NA,NA,NA,NA,NA,TARGET_GONE,identity no longer active
2026-10-02T16:06:17Z,APP_22001_3033686,22001,3033686,16,799,191.617,0,0,-1,-1,0,0.999931471,NA,NA,70.000000000,MEASURED_CPU_FAULT,CPU;INTERVAL_FAULTS,NA,NA,NA,NA,NA,NA,NA,NA,NA,NA,NA,NA,NA,NA,NA,NA,NA,NA,NA,NA,NA,NA,NA,TARGET_GONE,identity no longer active
2026-10-02T16:06:17Z,APP_22001_3033686,22001,3033686,16,800,201.499,0,0,-1,-1,0,0.999931471,NA,NA,70.000000000,MEASURED_CPU_FAULT,CPU;INTERVAL_FAULTS,NA,NA,NA,NA,NA,NA,NA,NA,NA,NA,NA,NA,NA,NA,NA,NA,NA,NA,NA,NA,NA,NA,NA,TARGET_GONE,identity no longer active
2026-10-02T16:06:18Z,APP_22001_3033686,22001,3033686,16,801,203.732,0,0,-1,-1,0,0.999931471,NA,NA,70.000000000,MEASURED_CPU_FAULT,CPU;INTERVAL_FAULTS,NA,NA,NA,NA,NA,NA,NA,NA,NA,NA,NA,NA,NA,NA,NA,NA,NA,NA,NA,NA,NA,NA,NA,TARGET_GONE,identity no longer active
2026-10-02T16:06:18Z,APP_22001_3033686,22001,3033686,16,802,201.499,0,0,-1,-1,0,0.999931471,NA,NA,70.000000000,MEASURED_CPU_FAULT,CPU;INTERVAL_FAULTS,NA,NA,NA,NA,NA,NA,NA,NA,NA,NA,NA,NA,NA,NA,NA,NA,NA,NA,NA,NA,NA,NA,NA,TARGET_GONE,identity no longer active
2026-10-02T16:06:18Z,APP_22001_3033686,22001,3033686,16,803,196.648,0,0,-1,-1,0,0.999931471,NA,NA,70.000000000,MEASURED_CPU_FAULT,CPU;INTERVAL_FAULTS,NA,NA,NA,NA,NA,NA,NA,NA,NA,NA,NA,NA,NA,NA,NA,NA,NA,NA,NA,NA,NA,NA,NA,TARGET_GONE,identity no longer active
2026-10-02T16:06:18Z,APP_22001_3033686,22001,3033686,16,804,201.198,0,0,-1,-1,0,0.999931471,NA,NA,70.000000000,MEASURED_CPU_FAULT,CPU;INTERVAL_FAULTS,NA,NA,NA,NA,NA,NA,NA,NA,NA,NA,NA,NA,NA,NA,NA,NA,NA,NA,NA,NA,NA,NA,NA,TARGET_GONE,identity no longer active
2026-10-02T16:06:18Z,APP_22001_3033686,22001,3033686,16,805,202.796,0,0,-1,-1,0,0.999931471,NA,NA,70.000000000,MEASURED_CPU_FAULT,CPU;INTERVAL_FAULTS,NA,NA,NA,NA,NA,NA,NA,NA,NA,NA,NA,NA,NA,NA,NA,NA,NA,NA,NA,NA,NA,NA,NA,TARGET_GONE,identity no longer active
2026-10-02T16:06:18Z,APP_22001_3033686,22001,3033686,16,806,199.344,0,0,-1,-1,0,0.999931471,NA,NA,70.000000000,MEASURED_CPU_FAULT,CPU;INTERVAL_FAULTS,NA,NA,NA,NA,NA,NA,NA,NA,NA,NA,NA,NA,NA,NA,NA,NA,NA,NA,NA,NA,NA,NA,NA,TARGET_GONE,identity no longer active
2026-10-02T16:06:18Z,APP_22001_3033686,22001,3033686,16,807,191.617,0,0,-1,-1,0,0.999931471,NA,NA,70.000000000,MEASURED_CPU_FAULT,CPU;INTERVAL_FAULTS,NA,NA,NA,NA,NA,NA,NA,NA,NA,NA,NA,NA,NA,NA,NA,NA,NA,NA,NA,NA,NA,NA,NA,TARGET_GONE,identity no longer active
2026-10-02T16:06:19Z,APP_22001_3033686,22001,3033686,16,808,211.094,0,0,-1,-1,0,0.999931471,NA,NA,70.000000000,MEASURED_CPU_FAULT,CPU;INTERVAL_FAULTS,NA,NA,NA,NA,NA,NA,NA,NA,NA,NA,NA,NA,NA,NA,NA,NA,NA,NA,NA,NA,NA,NA,NA,TARGET_GONE,identity no longer active
2026-10-02T16:06:19Z,APP_22001_3033686,22001,3033686,16,809,197.792,0,0,-1,-1,0,0.999931471,NA,NA,70.000000000,MEASURED_CPU_FAULT,CPU;INTERVAL_FAULTS,NA,NA,NA,NA,NA,NA,NA,NA,NA,NA,NA,NA,NA,NA,NA,NA,NA,NA,NA,NA,NA,NA,NA,TARGET_GONE,identity no longer active
2026-10-02T16:06:19Z,APP_22001_3033686,22001,3033686,16,810,191.617,0,0,-1,-1,0,0.999931471,NA,NA,70.000000000,MEASURED_CPU_FAULT,CPU;INTERVAL_FAULTS,NA,NA,NA,NA,NA,NA,NA,NA,NA,NA,NA,NA,NA,NA,NA,NA,NA,NA,NA,NA,NA,NA,NA,TARGET_GONE,identity no longer active
2026-10-02T16:06:19Z,APP_22001_3033686,22001,3033686,16,811,202.796,0,0,-1,-1,0,0.999931471,NA,NA,70.000000000,MEASURED_CPU_FAULT,CPU;INTERVAL_FAULTS,NA,NA,NA,NA,NA,NA,NA,NA,NA,NA,NA,NA,NA,NA,NA,NA,NA,NA,NA,NA,NA,NA,NA,TARGET_GONE,identity no longer active
2026-10-02T16:06:19Z,APP_22001_3033686,22001,3033686,16,812,201.198,0,0,-1,-1,0,0.999931471,NA,NA,70.000000000,MEASURED_CPU_FAULT,CPU;INTERVAL_FAULTS,NA,NA,NA,NA,NA,NA,NA,NA,NA,NA,NA,NA,NA,NA,NA,NA,NA,NA,NA,NA,NA,NA,NA,TARGET_GONE,identity no longer active
2026-10-02T16:06:19Z,APP_22001_3033686,22001,3033686,16,813,197.413,0,0,-1,-1,0,0.999931471,NA,NA,70.000000000,MEASURED_CPU_FAULT,CPU;INTERVAL_FAULTS,NA,NA,NA,NA,NA,NA,NA,NA,NA,NA,NA,NA,NA,NA,NA,NA,NA,NA,NA,NA,NA,NA,NA,TARGET_GONE,identity no longer active
2026-10-02T16:06:19Z,APP_22001_3033686,22001,3033686,16,814,201.499,0,0,-1,-1,0,0.999931471,NA,NA,70.000000000,MEASURED_CPU_FAULT,CPU;INTERVAL_FAULTS,NA,NA,NA,NA,NA,NA,NA,NA,NA,NA,NA,NA,NA,NA,NA,NA,NA,NA,NA,NA,NA,NA,NA,TARGET_GONE,identity no longer active
2026-10-02T16:06:19Z,APP_22001_3033686,22001,3033686,16,815,199.495,0,0,-1,-1,0,0.999931471,NA,NA,70.000000000,MEASURED_CPU_FAULT,CPU;INTERVAL_FAULTS,NA,NA,NA,NA,NA,NA,NA,NA,NA,NA,NA,NA,NA,NA,NA,NA,NA,NA,NA,NA,NA,NA,NA,TARGET_GONE,identity no longer active
2026-10-02T16:06:20Z,APP_22001_3033686,22001,3033686,16,816,210.778,0,0,-1,-1,0,0.999931471,NA,NA,70.000000000,MEASURED_CPU_FAULT,CPU;INTERVAL_FAULTS,NA,NA,NA,NA,NA,NA,NA,NA,NA,NA,NA,NA,NA,NA,NA,NA,NA,NA,NA,NA,NA,NA,NA,TARGET_GONE,identity no longer active
2026-10-02T16:06:20Z,APP_22001_3033686,22001,3033686,16,817,202.105,0,0,-1,-1,0,0.999931471,NA,NA,70.000000000,MEASURED_CPU_FAULT,CPU;INTERVAL_FAULTS,NA,NA,NA,NA,NA,NA,NA,NA,NA,NA,NA,NA,NA,NA,NA,NA,NA,NA,NA,NA,NA,NA,NA,TARGET_GONE,identity no longer active
2026-10-02T16:06:20Z,APP_22001_3033686,22001,3033686,16,818,191.045,0,0,-1,-1,0,0.999931471,NA,NA,70.000000000,MEASURED_CPU_FAULT,CPU;INTERVAL_FAULTS,NA,NA,NA,NA,NA,NA,NA,NA,NA,NA,NA,NA,NA,NA,NA,NA,NA,NA,NA,NA,NA,NA,NA,TARGET_GONE,identity no longer active
2026-10-02T16:06:20Z,APP_22001_3033686,22001,3033686,16,819,201.802,0,0,-1,-1,0,0.999931471,NA,NA,70.000000000,MEASURED_CPU_FAULT,CPU;INTERVAL_FAULTS,NA,NA,NA,NA,NA,NA,NA,NA,NA,NA,NA,NA,NA,NA,NA,NA,NA,NA,NA,NA,NA,NA,NA,TARGET_GONE,identity no longer active
2026-10-02T16:06:20Z,APP_22001_3033686,22001,3033686,16,820,200.810,0,0,-1,-1,0,0.999931471,NA,NA,70.000000000,MEASURED_CPU_FAULT,CPU;INTERVAL_FAULTS,NA,NA,NA,NA,NA,NA,NA,NA,NA,NA,NA,NA,NA,NA,NA,NA,NA,NA,NA,NA,NA,NA,NA,TARGET_GONE,identity no longer active
2026-10-02T16:06:20Z,APP_22001_3033686,22001,3033686,16,821,201.499,0,0,-1,-1,0,0.999931471,NA,NA,70.000000000,MEASURED_CPU_FAULT,CPU;INTERVAL_FAULTS,NA,NA,NA,NA,NA,NA,NA,NA,NA,NA,NA,NA,NA,NA,NA,NA,NA,NA,NA,NA,NA,NA,NA,TARGET_GONE,identity no longer active
2026-10-02T16:06:20Z,APP_22001_3033686,22001,3033686,16,822,201.972,0,0,-1,-1,0,0.999931471,NA,NA,70.000000000,MEASURED_CPU_FAULT,CPU;INTERVAL_FAULTS,NA,NA,NA,NA,NA,NA,NA,NA,NA,NA,NA,NA,NA,NA,NA,NA,NA,NA,NA,NA,NA,NA,NA,TARGET_GONE,identity no longer active
2026-10-02T16:06:20Z,APP_22001_3033686,22001,3033686,16,823,202.105,0,0,-1,-1,0,0.999931471,NA,NA,70.000000000,MEASURED_CPU_FAULT,CPU;INTERVAL_FAULTS,NA,NA,NA,NA,NA,NA,NA,NA,NA,NA,NA,NA,NA,NA,NA,NA,NA,NA,NA,NA,NA,NA,NA,TARGET_GONE,identity no longer active
2026-10-02T16:06:21Z,APP_22001_3033686,22001,3033686,16,824,200.272,0,0,-1,-1,0,0.999931471,NA,NA,70.000000000,MEASURED_CPU_FAULT,CPU;INTERVAL_FAULTS,NA,NA,NA,NA,NA,NA,NA,NA,NA,NA,NA,NA,NA,NA,NA,NA,NA,NA,NA,NA,NA,NA,NA,TARGET_GONE,identity no longer active
2026-10-02T16:06:21Z,APP_22001_3033686,22001,3033686,16,825,192.192,0,0,-1,-1,0,0.999931471,NA,NA,70.000000000,MEASURED_CPU_FAULT,CPU;INTERVAL_FAULTS,NA,NA,NA,NA,NA,NA,NA,NA,NA,NA,NA,NA,NA,NA,NA,NA,NA,NA,NA,NA,NA,NA,NA,TARGET_GONE,identity no longer active
2026-10-02T16:06:21Z,APP_22001_3033686,22001,3033686,16,826,201.198,0,0,-1,-1,0,0.999931471,NA,NA,70.000000000,MEASURED_CPU_FAULT,CPU;INTERVAL_FAULTS,NA,NA,NA,NA,NA,NA,NA,NA,NA,NA,NA,NA,NA,NA,NA,NA,NA,NA,NA,NA,NA,NA,NA,TARGET_GONE,identity no longer active
2026-10-02T16:06:21Z,APP_22001_3033686,22001,3033686,16,827,195.122,0,0,-1,-1,0,0.999931471,NA,NA,70.000000000,MEASURED_CPU_FAULT,CPU;INTERVAL_FAULTS,NA,NA,NA,NA,NA,NA,NA,NA,NA,NA,NA,NA,NA,NA,NA,NA,NA,NA,NA,NA,NA,NA,NA,TARGET_GONE,identity no longer active
2026-10-02T16:06:21Z,APP_22001_3033686,22001,3033686,16,828,201.198,0,0,-1,-1,0,0.999931471,NA,NA,70.000000000,MEASURED_CPU_FAULT,CPU;INTERVAL_FAULTS,NA,NA,NA,NA,NA,NA,NA,NA,NA,NA,NA,NA,NA,NA,NA,NA,NA,NA,NA,NA,NA,NA,NA,TARGET_GONE,identity no longer active
2026-10-02T16:06:21Z,APP_22001_3033686,22001,3033686,16,829,208.185,0,0,-1,-1,0,0.999931471,NA,NA,70.000000000,MEASURED_CPU_FAULT,CPU;INTERVAL_FAULTS,NA,NA,NA,NA,NA,NA,NA,NA,NA,NA,NA,NA,NA,NA,NA,NA,NA,NA,NA,NA,NA,NA,NA,TARGET_GONE,identity no longer active
2026-10-02T16:06:21Z,APP_22001_3033686,22001,3033686,16,830,192.192,0,0,-1,-1,0,0.999931471,NA,NA,70.000000000,MEASURED_CPU_FAULT,CPU;INTERVAL_FAULTS,NA,NA,NA,NA,NA,NA,NA,NA,NA,NA,NA,NA,NA,NA,NA,NA,NA,NA,NA,NA,NA,NA,NA,TARGET_GONE,identity no longer active
2026-10-02T16:06:21Z,APP_22001_3033686,22001,3033686,16,831,201.681,0,0,-1,-1,0,0.999931471,NA,NA,70.000000000,MEASURED_CPU_FAULT,CPU;INTERVAL_FAULTS,NA,NA,NA,NA,NA,NA,NA,NA,NA,NA,NA,NA,NA,NA,NA,NA,NA,NA,NA,NA,NA,NA,NA,TARGET_GONE,identity no longer active
2026-10-02T16:06:22Z,APP_22001_3033686,22001,3033686,16,832,201.499,0,0,-1,-1,0,0.999931471,NA,NA,70.000000000,MEASURED_CPU_FAULT,CPU;INTERVAL_FAULTS,NA,NA,NA,NA,NA,NA,NA,NA,NA,NA,NA,NA,NA,NA,NA,NA,NA,NA,NA,NA,NA,NA,NA,TARGET_GONE,identity no longer active
2026-10-02T16:06:04Z,APP_22001_3033686,22001,3033686,17,833,0.000,0,0,-1,-1,0,0.999931471,1,true,0.000000000,MEASURED_CPU_FAULT,CPU;INTERVAL_FAULTS,HOT,669.474315258,0.560000000,0.700000000,NA,NA,NA,NA,0.560000000,0.000000000,0.700000000,0.000000000,-1.000000000,1.232000000,NA,MOVE_THREAD,INVALID,NOT_APPLICABLE,INVALID,MOVE_THREAD,-1,-1,false,TARGET_GONE,identity no longer active
2026-10-02T16:06:04Z,APP_22001_3033686,22001,3033686,17,834,0.000,0,0,-1,-1,0,0.999931471,NA,NA,0.000000000,MEASURED_CPU_FAULT,CPU;INTERVAL_FAULTS,NA,NA,NA,NA,NA,NA,NA,NA,NA,NA,NA,NA,NA,NA,NA,NA,NA,NA,NA,NA,NA,NA,NA,TARGET_GONE,identity no longer active
2026-10-02T16:06:04Z,APP_22001_3033686,22001,3033686,17,835,0.000,0,0,-1,-1,0,0.999931471,NA,NA,0.000000000,MEASURED_CPU_FAULT,CPU;INTERVAL_FAULTS,NA,NA,NA,NA,NA,NA,NA,NA,NA,NA,NA,NA,NA,NA,NA,NA,NA,NA,NA,NA,NA,NA,NA,TARGET_GONE,identity no longer active
2026-10-02T16:06:04Z,APP_22001_3033686,22001,3033686,17,836,0.000,0,0,-1,-1,0,0.999931471,NA,NA,0.000000000,MEASURED_CPU_FAULT,CPU;INTERVAL_FAULTS,NA,NA,NA,NA,NA,NA,NA,NA,NA,NA,NA,NA,NA,NA,NA,NA,NA,NA,NA,NA,NA,NA,NA,TARGET_GONE,identity no longer active
2026-10-02T16:06:04Z,APP_22001_3033686,22001,3033686,17,837,0.000,0,0,-1,-1,0,0.999931471,NA,NA,0.000000000,MEASURED_CPU_FAULT,CPU;INTERVAL_FAULTS,NA,NA,NA,NA,NA,NA,NA,NA,NA,NA,NA,NA,NA,NA,NA,NA,NA,NA,NA,NA,NA,NA,NA,TARGET_GONE,identity no longer active
2026-10-02T16:06:04Z,APP_22001_3033686,22001,3033686,17,838,0.000,0,0,-1,-1,0,0.999931471,NA,NA,0.000000000,MEASURED_CPU_FAULT,CPU;INTERVAL_FAULTS,NA,NA,NA,NA,NA,NA,NA,NA,NA,NA,NA,NA,NA,NA,NA,NA,NA,NA,NA,NA,NA,NA,NA,TARGET_GONE,identity no longer active
2026-10-02T16:06:05Z,APP_22001_3033686,22001,3033686,17,839,0.000,0,0,-1,-1,0,0.999931471,NA,NA,0.000000000,MEASURED_CPU_FAULT,CPU;INTERVAL_FAULTS,NA,NA,NA,NA,NA,NA,NA,NA,NA,NA,NA,NA,NA,NA,NA,NA,NA,NA,NA,NA,NA,NA,NA,TARGET_GONE,identity no longer active
2026-10-02T16:06:05Z,APP_22001_3033686,22001,3033686,17,840,0.000,0,0,-1,-1,0,0.999931471,NA,NA,0.000000000,MEASURED_CPU_FAULT,CPU;INTERVAL_FAULTS,NA,NA,NA,NA,NA,NA,NA,NA,NA,NA,NA,NA,NA,NA,NA,NA,NA,NA,NA,NA,NA,NA,NA,TARGET_GONE,identity no longer active
2026-10-02T16:06:05Z,APP_22001_3033686,22001,3033686,17,841,0.000,0,0,-1,-1,0,0.999931471,NA,NA,0.000000000,MEASURED_CPU_FAULT,CPU;INTERVAL_FAULTS,NA,NA,NA,NA,NA,NA,NA,NA,NA,NA,NA,NA,NA,NA,NA,NA,NA,NA,NA,NA,NA,NA,NA,TARGET_GONE,identity no longer active
2026-10-02T16:06:05Z,APP_22001_3033686,22001,3033686,17,842,16.203,0,0,-1,-1,0,0.999931471,NA,NA,11.342100000,MEASURED_CPU_FAULT,CPU;INTERVAL_FAULTS,NA,NA,NA,NA,NA,NA,NA,NA,NA,NA,NA,NA,NA,NA,NA,NA,NA,NA,NA,NA,NA,NA,NA,TARGET_GONE,identity no longer active
2026-10-02T16:06:05Z,APP_22001_3033686,22001,3033686,17,843,192.385,0,0,-1,-1,0,0.999931471,NA,NA,70.000000000,MEASURED_CPU_FAULT,CPU;INTERVAL_FAULTS,NA,NA,NA,NA,NA,NA,NA,NA,NA,NA,NA,NA,NA,NA,NA,NA,NA,NA,NA,NA,NA,NA,NA,TARGET_GONE,identity no longer active
2026-10-02T16:06:05Z,APP_22001_3033686,22001,3033686,17,844,210.778,0,0,-1,-1,0,0.999931471,NA,NA,70.000000000,MEASURED_CPU_FAULT,CPU;INTERVAL_FAULTS,NA,NA,NA,NA,NA,NA,NA,NA,NA,NA,NA,NA,NA,NA,NA,NA,NA,NA,NA,NA,NA,NA,NA,TARGET_GONE,identity no longer active
2026-10-02T16:06:05Z,APP_22001_3033686,22001,3033686,17,845,202.009,0,0,-1,-1,0,0.999931471,NA,NA,70.000000000,MEASURED_CPU_FAULT,CPU;INTERVAL_FAULTS,NA,NA,NA,NA,NA,NA,NA,NA,NA,NA,NA,NA,NA,NA,NA,NA,NA,NA,NA,NA,NA,NA,NA,TARGET_GONE,identity no longer active
2026-10-02T16:06:05Z,APP_22001_3033686,22001,3033686,17,846,191.904,0,0,-1,-1,0,0.999931471,NA,NA,70.000000000,MEASURED_CPU_FAULT,CPU;INTERVAL_FAULTS,NA,NA,NA,NA,NA,NA,NA,NA,NA,NA,NA,NA,NA,NA,NA,NA,NA,NA,NA,NA,NA,NA,NA,TARGET_GONE,identity no longer active
2026-10-02T16:06:06Z,APP_22001_3033686,22001,3033686,17,847,206.928,0,0,-1,-1,0,0.999931471,NA,NA,70.000000000,MEASURED_CPU_FAULT,CPU;INTERVAL_FAULTS,NA,NA,NA,NA,NA,NA,NA,NA,NA,NA,NA,NA,NA,NA,NA,NA,NA,NA,NA,NA,NA,NA,NA,TARGET_GONE,identity no longer active
2026-10-02T16:06:06Z,APP_22001_3033686,22001,3033686,17,848,192.385,0,0,-1,-1,0,0.999931471,NA,NA,70.000000000,MEASURED_CPU_FAULT,CPU;INTERVAL_FAULTS,NA,NA,NA,NA,NA,NA,NA,NA,NA,NA,NA,NA,NA,NA,NA,NA,NA,NA,NA,NA,NA,NA,NA,TARGET_GONE,identity no longer active
2026-10-02T16:06:06Z,APP_22001_3033686,22001,3033686,17,849,201.198,0,0,-1,-1,0,0.999931471,NA,NA,70.000000000,MEASURED_CPU_FAULT,CPU;INTERVAL_FAULTS,NA,NA,NA,NA,NA,NA,NA,NA,NA,NA,NA,NA,NA,NA,NA,NA,NA,NA,NA,NA,NA,NA,NA,TARGET_GONE,identity no longer active
2026-10-02T16:06:06Z,APP_22001_3033686,22001,3033686,17,850,201.431,0,0,-1,-1,0,0.999931471,NA,NA,70.000000000,MEASURED_CPU_FAULT,CPU;INTERVAL_FAULTS,NA,NA,NA,NA,NA,NA,NA,NA,NA,NA,NA,NA,NA,NA,NA,NA,NA,NA,NA,NA,NA,NA,NA,TARGET_GONE,identity no longer active
2026-10-02T16:06:06Z,APP_22001_3033686,22001,3033686,17,851,201.802,0,0,-1,-1,0,0.999931471,NA,NA,70.000000000,MEASURED_CPU_FAULT,CPU;INTERVAL_FAULTS,NA,NA,NA,NA,NA,NA,NA,NA,NA,NA,NA,NA,NA,NA,NA,NA,NA,NA,NA,NA,NA,NA,NA,TARGET_GONE,identity no longer active
2026-10-02T16:06:06Z,APP_22001_3033686,22001,3033686,17,852,196.047,0,0,-1,-1,0,0.999931471,NA,NA,70.000000000,MEASURED_CPU_FAULT,CPU;INTERVAL_FAULTS,NA,NA,NA,NA,NA,NA,NA,NA,NA,NA,NA,NA,NA,NA,NA,NA,NA,NA,NA,NA,NA,NA,NA,TARGET_GONE,identity no longer active
2026-10-02T16:06:06Z,APP_22001_3033686,22001,3033686,17,853,204.391,0,0,-1,-1,0,0.999931471,NA,NA,70.000000000,MEASURED_CPU_FAULT,CPU;INTERVAL_FAULTS,NA,NA,NA,NA,NA,NA,NA,NA,NA,NA,NA,NA,NA,NA,NA,NA,NA,NA,NA,NA,NA,NA,NA,TARGET_GONE,identity no longer active
2026-10-02T16:06:06Z,APP_22001_3033686,22001,3033686,17,854,201.802,0,0,-1,-1,0,0.999931471,NA,NA,70.000000000,MEASURED_CPU_FAULT,CPU;INTERVAL_FAULTS,NA,NA,NA,NA,NA,NA,NA,NA,NA,NA,NA,NA,NA,NA,NA,NA,NA,NA,NA,NA,NA,NA,NA,TARGET_GONE,identity no longer active
2026-10-02T16:06:06Z,APP_22001_3033686,22001,3033686,17,855,194.195,0,0,-1,-1,0,0.999931471,NA,NA,70.000000000,MEASURED_CPU_FAULT,CPU;INTERVAL_FAULTS,NA,NA,NA,NA,NA,NA,NA,NA,NA,NA,NA,NA,NA,NA,NA,NA,NA,NA,NA,NA,NA,NA,NA,TARGET_GONE,identity no longer active
2026-10-02T16:06:06Z,APP_22001_3033686,22001,3033686,17,856,210.778,0,0,-1,-1,0,0.999931471,NA,NA,70.000000000,MEASURED_CPU_FAULT,CPU;INTERVAL_FAULTS,NA,NA,NA,NA,NA,NA,NA,NA,NA,NA,NA,NA,NA,NA,NA,NA,NA,NA,NA,NA,NA,NA,NA,TARGET_GONE,identity no longer active
2026-10-02T16:06:07Z,APP_22001_3033686,22001,3033686,17,857,194.360,0,0,-1,-1,0,0.999931471,NA,NA,70.000000000,MEASURED_CPU_FAULT,CPU;INTERVAL_FAULTS,NA,NA,NA,NA,NA,NA,NA,NA,NA,NA,NA,NA,NA,NA,NA,NA,NA,NA,NA,NA,NA,NA,NA,TARGET_GONE,identity no longer active
2026-10-02T16:06:07Z,APP_22001_3033686,22001,3033686,17,858,205.210,0,0,-1,-1,0,0.999931471,NA,NA,70.000000000,MEASURED_CPU_FAULT,CPU;INTERVAL_FAULTS,NA,NA,NA,NA,NA,NA,NA,NA,NA,NA,NA,NA,NA,NA,NA,NA,NA,NA,NA,NA,NA,NA,NA,TARGET_GONE,identity no longer active
2026-10-02T16:06:07Z,APP_22001_3033686,22001,3033686,17,859,191.904,0,0,-1,-1,0,0.999931471,NA,NA,70.000000000,MEASURED_CPU_FAULT,CPU;INTERVAL_FAULTS,NA,NA,NA,NA,NA,NA,NA,NA,NA,NA,NA,NA,NA,NA,NA,NA,NA,NA,NA,NA,NA,NA,NA,TARGET_GONE,identity no longer active
2026-10-02T16:06:07Z,APP_22001_3033686,22001,3033686,17,860,202.639,0,0,-1,-1,0,0.999931471,NA,NA,70.000000000,MEASURED_CPU_FAULT,CPU;INTERVAL_FAULTS,NA,NA,NA,NA,NA,NA,NA,NA,NA,NA,NA,NA,NA,NA,NA,NA,NA,NA,NA,NA,NA,NA,NA,TARGET_GONE,identity no longer active
2026-10-02T16:06:07Z,APP_22001_3033686,22001,3033686,17,861,201.802,0,0,-1,-1,0,0.999931471,NA,NA,70.000000000,MEASURED_CPU_FAULT,CPU;INTERVAL_FAULTS,NA,NA,NA,NA,NA,NA,NA,NA,NA,NA,NA,NA,NA,NA,NA,NA,NA,NA,NA,NA,NA,NA,NA,TARGET_GONE,identity no longer active
2026-10-02T16:06:07Z,APP_22001_3033686,22001,3033686,17,862,196.923,0,0,-1,-1,0,0.999931471,NA,NA,70.000000000,MEASURED_CPU_FAULT,CPU;INTERVAL_FAULTS,NA,NA,NA,NA,NA,NA,NA,NA,NA,NA,NA,NA,NA,NA,NA,NA,NA,NA,NA,NA,NA,NA,NA,TARGET_GONE,identity no longer active
2026-10-02T16:06:07Z,APP_22001_3033686,22001,3033686,17,863,204.800,0,0,-1,-1,0,0.999931471,NA,NA,70.000000000,MEASURED_CPU_FAULT,CPU;INTERVAL_FAULTS,NA,NA,NA,NA,NA,NA,NA,NA,NA,NA,NA,NA,NA,NA,NA,NA,NA,NA,NA,NA,NA,NA,NA,TARGET_GONE,identity no longer active
2026-10-02T16:06:07Z,APP_22001_3033686,22001,3033686,17,864,201.499,0,0,-1,-1,0,0.999931471,NA,NA,70.000000000,MEASURED_CPU_FAULT,CPU;INTERVAL_FAULTS,NA,NA,NA,NA,NA,NA,NA,NA,NA,NA,NA,NA,NA,NA,NA,NA,NA,NA,NA,NA,NA,NA,NA,TARGET_GONE,identity no longer active
2026-10-02T16:06:07Z,APP_22001_3033686,22001,3033686,17,865,202.639,0,0,-1,-1,0,0.999931471,NA,NA,70.000000000,MEASURED_CPU_FAULT,CPU;INTERVAL_FAULTS,NA,NA,NA,NA,NA,NA,NA,NA,NA,NA,NA,NA,NA,NA,NA,NA,NA,NA,NA,NA,NA,NA,NA,TARGET_GONE,identity no longer active
2026-10-02T16:06:08Z,APP_22001_3033686,22001,3033686,17,866,201.802,0,0,-1,-1,0,0.999931471,NA,NA,70.000000000,MEASURED_CPU_FAULT,CPU;INTERVAL_FAULTS,NA,NA,NA,NA,NA,NA,NA,NA,NA,NA,NA,NA,NA,NA,NA,NA,NA,NA,NA,NA,NA,NA,NA,TARGET_GONE,identity no longer active
2026-10-02T16:06:08Z,APP_22001_3033686,22001,3033686,17,867,200.866,0,0,-1,-1,0,0.999931471,NA,NA,70.000000000,MEASURED_CPU_FAULT,CPU;INTERVAL_FAULTS,NA,NA,NA,NA,NA,NA,NA,NA,NA,NA,NA,NA,NA,NA,NA,NA,NA,NA,NA,NA,NA,NA,NA,TARGET_GONE,identity no longer active
2026-10-02T16:06:08Z,APP_22001_3033686,22001,3033686,17,868,192.192,0,0,-1,-1,0,0.999931471,NA,NA,70.000000000,MEASURED_CPU_FAULT,CPU;INTERVAL_FAULTS,NA,NA,NA,NA,NA,NA,NA,NA,NA,NA,NA,NA,NA,NA,NA,NA,NA,NA,NA,NA,NA,NA,NA,TARGET_GONE,identity no longer active
2026-10-02T16:06:08Z,APP_22001_3033686,22001,3033686,17,869,201.083,0,0,-1,-1,0,0.999931471,NA,NA,70.000000000,MEASURED_CPU_FAULT,CPU;INTERVAL_FAULTS,NA,NA,NA,NA,NA,NA,NA,NA,NA,NA,NA,NA,NA,NA,NA,NA,NA,NA,NA,NA,NA,NA,NA,TARGET_GONE,identity no longer active
2026-10-02T16:06:08Z,APP_22001_3033686,22001,3033686,17,870,192.000,0,0,-1,-1,0,0.999931471,NA,NA,70.000000000,MEASURED_CPU_FAULT,CPU;INTERVAL_FAULTS,NA,NA,NA,NA,NA,NA,NA,NA,NA,NA,NA,NA,NA,NA,NA,NA,NA,NA,NA,NA,NA,NA,NA,TARGET_GONE,identity no longer active
2026-10-02T16:06:08Z,APP_22001_3033686,22001,3033686,17,871,201.117,0,0,-1,-1,0,0.999931471,NA,NA,70.000000000,MEASURED_CPU_FAULT,CPU;INTERVAL_FAULTS,NA,NA,NA,NA,NA,NA,NA,NA,NA,NA,NA,NA,NA,NA,NA,NA,NA,NA,NA,NA,NA,NA,NA,TARGET_GONE,identity no longer active
2026-10-02T16:06:08Z,APP_22001_3033686,22001,3033686,17,872,204.391,0,0,-1,-1,0,0.999931471,NA,NA,70.000000000,MEASURED_CPU_FAULT,CPU;INTERVAL_FAULTS,NA,NA,NA,NA,NA,NA,NA,NA,NA,NA,NA,NA,NA,NA,NA,NA,NA,NA,NA,NA,NA,NA,NA,TARGET_GONE,identity no longer active
2026-10-02T16:06:08Z,APP_22001_3033686,22001,3033686,17,873,201.802,0,0,-1,-1,0,0.999931471,NA,NA,70.000000000,MEASURED_CPU_FAULT,CPU;INTERVAL_FAULTS,NA,NA,NA,NA,NA,NA,NA,NA,NA,NA,NA,NA,NA,NA,NA,NA,NA,NA,NA,NA,NA,NA,NA,TARGET_GONE,identity no longer active
2026-10-02T16:06:09Z,APP_22001_3033686,22001,3033686,17,874,202.906,0,0,-1,-1,0,0.999931471,NA,NA,70.000000000,MEASURED_CPU_FAULT,CPU;INTERVAL_FAULTS,NA,NA,NA,NA,NA,NA,NA,NA,NA,NA,NA,NA,NA,NA,NA,NA,NA,NA,NA,NA,NA,NA,NA,TARGET_GONE,identity no longer active
2026-10-02T16:06:09Z,APP_22001_3033686,22001,3033686,17,875,201.802,0,0,-1,-1,0,0.999931471,NA,NA,70.000000000,MEASURED_CPU_FAULT,CPU;INTERVAL_FAULTS,NA,NA,NA,NA,NA,NA,NA,NA,NA,NA,NA,NA,NA,NA,NA,NA,NA,NA,NA,NA,NA,NA,NA,TARGET_GONE,identity no longer active
2026-10-02T16:06:09Z,APP_22001_3033686,22001,3033686,17,876,201.083,0,0,-1,-1,0,0.999931471,NA,NA,70.000000000,MEASURED_CPU_FAULT,CPU;INTERVAL_FAULTS,NA,NA,NA,NA,NA,NA,NA,NA,NA,NA,NA,NA,NA,NA,NA,NA,NA,NA,NA,NA,NA,NA,NA,TARGET_GONE,identity no longer active
2026-10-02T16:06:09Z,APP_22001_3033686,22001,3033686,17,877,192.481,0,0,-1,-1,0,0.999931471,NA,NA,70.000000000,MEASURED_CPU_FAULT,CPU;INTERVAL_FAULTS,NA,NA,NA,NA,NA,NA,NA,NA,NA,NA,NA,NA,NA,NA,NA,NA,NA,NA,NA,NA,NA,NA,NA,TARGET_GONE,identity no longer active
2026-10-02T16:06:09Z,APP_22001_3033686,22001,3033686,17,878,201.083,0,0,-1,-1,0,0.999931471,NA,NA,70.000000000,MEASURED_CPU_FAULT,CPU;INTERVAL_FAULTS,NA,NA,NA,NA,NA,NA,NA,NA,NA,NA,NA,NA,NA,NA,NA,NA,NA,NA,NA,NA,NA,NA,NA,TARGET_GONE,identity no longer active
2026-10-02T16:06:09Z,APP_22001_3033686,22001,3033686,17,879,192.000,0,0,-1,-1,0,0.999931471,NA,NA,70.000000000,MEASURED_CPU_FAULT,CPU;INTERVAL_FAULTS,NA,NA,NA,NA,NA,NA,NA,NA,NA,NA,NA,NA,NA,NA,NA,NA,NA,NA,NA,NA,NA,NA,NA,TARGET_GONE,identity no longer active
2026-10-02T16:06:09Z,APP_22001_3033686,22001,3033686,17,880,200.557,0,0,-1,-1,0,0.999931471,NA,NA,70.000000000,MEASURED_CPU_FAULT,CPU;INTERVAL_FAULTS,NA,NA,NA,NA,NA,NA,NA,NA,NA,NA,NA,NA,NA,NA,NA,NA,NA,NA,NA,NA,NA,NA,NA,TARGET_GONE,identity no longer active
2026-10-02T16:06:09Z,APP_22001_3033686,22001,3033686,17,881,204.391,0,0,-1,-1,0,0.999931471,NA,NA,70.000000000,MEASURED_CPU_FAULT,CPU;INTERVAL_FAULTS,NA,NA,NA,NA,NA,NA,NA,NA,NA,NA,NA,NA,NA,NA,NA,NA,NA,NA,NA,NA,NA,NA,NA,TARGET_GONE,identity no longer active
2026-10-02T16:06:10Z,APP_22001_3033686,22001,3033686,17,882,201.499,0,0,-1,-1,0,0.999931471,NA,NA,70.000000000,MEASURED_CPU_FAULT,CPU;INTERVAL_FAULTS,NA,NA,NA,NA,NA,NA,NA,NA,NA,NA,NA,NA,NA,NA,NA,NA,NA,NA,NA,NA,NA,NA,NA,TARGET_GONE,identity no longer active
2026-10-02T16:06:10Z,APP_22001_3033686,22001,3033686,17,883,202.906,0,0,-1,-1,0,0.999931471,NA,NA,70.000000000,MEASURED_CPU_FAULT,CPU;INTERVAL_FAULTS,NA,NA,NA,NA,NA,NA,NA,NA,NA,NA,NA,NA,NA,NA,NA,NA,NA,NA,NA,NA,NA,NA,NA,TARGET_GONE,identity no longer active
2026-10-02T16:06:10Z,APP_22001_3033686,22001,3033686,17,884,201.802,0,0,-1,-1,0,0.999931471,NA,NA,70.000000000,MEASURED_CPU_FAULT,CPU;INTERVAL_FAULTS,NA,NA,NA,NA,NA,NA,NA,NA,NA,NA,NA,NA,NA,NA,NA,NA,NA,NA,NA,NA,NA,NA,NA,TARGET_GONE,identity no longer active
2026-10-02T16:06:10Z,APP_22001_3033686,22001,3033686,17,885,201.083,0,0,-1,-1,0,0.999931471,NA,NA,70.000000000,MEASURED_CPU_FAULT,CPU;INTERVAL_FAULTS,NA,NA,NA,NA,NA,NA,NA,NA,NA,NA,NA,NA,NA,NA,NA,NA,NA,NA,NA,NA,NA,NA,NA,TARGET_GONE,identity no longer active
2026-10-02T16:06:10Z,APP_22001_3033686,22001,3033686,17,886,191.904,0,0,-1,-1,0,0.999931471,NA,NA,70.000000000,MEASURED_CPU_FAULT,CPU;INTERVAL_FAULTS,NA,NA,NA,NA,NA,NA,NA,NA,NA,NA,NA,NA,NA,NA,NA,NA,NA,NA,NA,NA,NA,NA,NA,TARGET_GONE,identity no longer active
2026-10-02T16:06:10Z,APP_22001_3033686,22001,3033686,17,887,201.083,0,0,-1,-1,0,0.999931471,NA,NA,70.000000000,MEASURED_CPU_FAULT,CPU;INTERVAL_FAULTS,NA,NA,NA,NA,NA,NA,NA,NA,NA,NA,NA,NA,NA,NA,NA,NA,NA,NA,NA,NA,NA,NA,NA,TARGET_GONE,identity no longer active
2026-10-02T16:06:10Z,APP_22001_3033686,22001,3033686,17,888,192.771,0,0,-1,-1,0,0.999931471,NA,NA,70.000000000,MEASURED_CPU_FAULT,CPU;INTERVAL_FAULTS,NA,NA,NA,NA,NA,NA,NA,NA,NA,NA,NA,NA,NA,NA,NA,NA,NA,NA,NA,NA,NA,NA,NA,TARGET_GONE,identity no longer active
2026-10-02T16:06:10Z,APP_22001_3033686,22001,3033686,17,889,203.109,0,0,-1,-1,0,0.999931471,NA,NA,70.000000000,MEASURED_CPU_FAULT,CPU;INTERVAL_FAULTS,NA,NA,NA,NA,NA,NA,NA,NA,NA,NA,NA,NA,NA,NA,NA,NA,NA,NA,NA,NA,NA,NA,NA,TARGET_GONE,identity no longer active
2026-10-02T16:06:11Z,APP_22001_3033686,22001,3033686,17,890,192.000,0,0,-1,-1,0,0.999931471,NA,NA,70.000000000,MEASURED_CPU_FAULT,CPU;INTERVAL_FAULTS,NA,NA,NA,NA,NA,NA,NA,NA,NA,NA,NA,NA,NA,NA,NA,NA,NA,NA,NA,NA,NA,NA,NA,TARGET_GONE,identity no longer active
2026-10-02T16:06:11Z,APP_22001_3033686,22001,3033686,17,891,201.802,0,0,-1,-1,0,0.999931471,NA,NA,70.000000000,MEASURED_CPU_FAULT,CPU;INTERVAL_FAULTS,NA,NA,NA,NA,NA,NA,NA,NA,NA,NA,NA,NA,NA,NA,NA,NA,NA,NA,NA,NA,NA,NA,NA,TARGET_GONE,identity no longer active
2026-10-02T16:06:11Z,APP_22001_3033686,22001,3033686,17,892,204.082,0,0,-1,-1,0,0.999931471,NA,NA,70.000000000,MEASURED_CPU_FAULT,CPU;INTERVAL_FAULTS,NA,NA,NA,NA,NA,NA,NA,NA,NA,NA,NA,NA,NA,NA,NA,NA,NA,NA,NA,NA,NA,NA,NA,TARGET_GONE,identity no longer active
2026-10-02T16:06:11Z,APP_22001_3033686,22001,3033686,17,893,201.802,0,0,-1,-1,0,0.999931471,NA,NA,70.000000000,MEASURED_CPU_FAULT,CPU;INTERVAL_FAULTS,NA,NA,NA,NA,NA,NA,NA,NA,NA,NA,NA,NA,NA,NA,NA,NA,NA,NA,NA,NA,NA,NA,NA,TARGET_GONE,identity no longer active
2026-10-02T16:06:11Z,APP_22001_3033686,22001,3033686,17,894,194.967,0,0,-1,-1,0,0.999931471,NA,NA,70.000000000,MEASURED_CPU_FAULT,CPU;INTERVAL_FAULTS,NA,NA,NA,NA,NA,NA,NA,NA,NA,NA,NA,NA,NA,NA,NA,NA,NA,NA,NA,NA,NA,NA,NA,TARGET_GONE,identity no longer active
2026-10-02T16:06:11Z,APP_22001_3033686,22001,3033686,17,895,210.463,0,0,-1,-1,0,0.999931471,NA,NA,70.000000000,MEASURED_CPU_FAULT,CPU;INTERVAL_FAULTS,NA,NA,NA,NA,NA,NA,NA,NA,NA,NA,NA,NA,NA,NA,NA,NA,NA,NA,NA,NA,NA,NA,NA,TARGET_GONE,identity no longer active
2026-10-02T16:06:11Z,APP_22001_3033686,22001,3033686,17,896,195.163,0,0,-1,-1,0,0.999931471,NA,NA,70.000000000,MEASURED_CPU_FAULT,CPU;INTERVAL_FAULTS,NA,NA,NA,NA,NA,NA,NA,NA,NA,NA,NA,NA,NA,NA,NA,NA,NA,NA,NA,NA,NA,NA,NA,TARGET_GONE,identity no longer active
2026-10-02T16:06:11Z,APP_22001_3033686,22001,3033686,17,897,192.000,0,0,-1,-1,0,0.999931471,NA,NA,70.000000000,MEASURED_CPU_FAULT,CPU;INTERVAL_FAULTS,NA,NA,NA,NA,NA,NA,NA,NA,NA,NA,NA,NA,NA,NA,NA,NA,NA,NA,NA,NA,NA,NA,NA,TARGET_GONE,identity no longer active
2026-10-02T16:06:12Z,APP_22001_3033686,22001,3033686,17,898,200.261,0,0,-1,-1,0,0.999931471,NA,NA,70.000000000,MEASURED_CPU_FAULT,CPU;INTERVAL_FAULTS,NA,NA,NA,NA,NA,NA,NA,NA,NA,NA,NA,NA,NA,NA,NA,NA,NA,NA,NA,NA,NA,NA,NA,TARGET_GONE,identity no longer active
2026-10-02T16:06:12Z,APP_22001_3033686,22001,3033686,17,899,210.778,0,0,-1,-1,0,0.999931471,NA,NA,70.000000000,MEASURED_CPU_FAULT,CPU;INTERVAL_FAULTS,NA,NA,NA,NA,NA,NA,NA,NA,NA,NA,NA,NA,NA,NA,NA,NA,NA,NA,NA,NA,NA,NA,NA,TARGET_GONE,identity no longer active
2026-10-02T16:06:12Z,APP_22001_3033686,22001,3033686,17,900,192.192,0,0,-1,-1,0,0.999931471,NA,NA,70.000000000,MEASURED_CPU_FAULT,CPU;INTERVAL_FAULTS,NA,NA,NA,NA,NA,NA,NA,NA,NA,NA,NA,NA,NA,NA,NA,NA,NA,NA,NA,NA,NA,NA,NA,TARGET_GONE,identity no longer active
2026-10-02T16:06:12Z,APP_22001_3033686,22001,3033686,17,901,203.562,0,0,-1,-1,0,0.999931471,NA,NA,70.000000000,MEASURED_CPU_FAULT,CPU;INTERVAL_FAULTS,NA,NA,NA,NA,NA,NA,NA,NA,NA,NA,NA,NA,NA,NA,NA,NA,NA,NA,NA,NA,NA,NA,NA,TARGET_GONE,identity no longer active
2026-10-02T16:06:12Z,APP_22001_3033686,22001,3033686,17,902,201.802,0,0,-1,-1,0,0.999931471,NA,NA,70.000000000,MEASURED_CPU_FAULT,CPU;INTERVAL_FAULTS,NA,NA,NA,NA,NA,NA,NA,NA,NA,NA,NA,NA,NA,NA,NA,NA,NA,NA,NA,NA,NA,NA,NA,TARGET_GONE,identity no longer active
2026-10-02T16:06:12Z,APP_22001_3033686,22001,3033686,17,903,201.893,0,0,-1,-1,0,0.999931471,NA,NA,70.000000000,MEASURED_CPU_FAULT,CPU;INTERVAL_FAULTS,NA,NA,NA,NA,NA,NA,NA,NA,NA,NA,NA,NA,NA,NA,NA,NA,NA,NA,NA,NA,NA,NA,NA,TARGET_GONE,identity no longer active
2026-10-02T16:06:12Z,APP_22001_3033686,22001,3033686,17,904,191.617,0,0,-1,-1,0,0.999931471,NA,NA,70.000000000,MEASURED_CPU_FAULT,CPU;INTERVAL_FAULTS,NA,NA,NA,NA,NA,NA,NA,NA,NA,NA,NA,NA,NA,NA,NA,NA,NA,NA,NA,NA,NA,NA,NA,TARGET_GONE,identity no longer active
2026-10-02T16:06:12Z,APP_22001_3033686,22001,3033686,17,905,201.893,0,0,-1,-1,0,0.999931471,NA,NA,70.000000000,MEASURED_CPU_FAULT,CPU;INTERVAL_FAULTS,NA,NA,NA,NA,NA,NA,NA,NA,NA,NA,NA,NA,NA,NA,NA,NA,NA,NA,NA,NA,NA,NA,NA,TARGET_GONE,identity no longer active
2026-10-02T16:06:12Z,APP_22001_3033686,22001,3033686,17,906,201.499,0,0,-1,-1,0,0.999931471,NA,NA,70.000000000,MEASURED_CPU_FAULT,CPU;INTERVAL_FAULTS,NA,NA,NA,NA,NA,NA,NA,NA,NA,NA,NA,NA,NA,NA,NA,NA,NA,NA,NA,NA,NA,NA,NA,TARGET_GONE,identity no longer active
2026-10-02T16:06:13Z,APP_22001_3033686,22001,3033686,17,907,197.666,0,0,-1,-1,0,0.999931471,NA,NA,70.000000000,MEASURED_CPU_FAULT,CPU;INTERVAL_FAULTS,NA,NA,NA,NA,NA,NA,NA,NA,NA,NA,NA,NA,NA,NA,NA,NA,NA,NA,NA,NA,NA,NA,NA,TARGET_GONE,identity no longer active
2026-10-02T16:06:13Z,APP_22001_3033686,22001,3033686,17,908,211.411,0,0,-1,-1,0,0.999931471,NA,NA,70.000000000,MEASURED_CPU_FAULT,CPU;INTERVAL_FAULTS,NA,NA,NA,NA,NA,NA,NA,NA,NA,NA,NA,NA,NA,NA,NA,NA,NA,NA,NA,NA,NA,NA,NA,TARGET_GONE,identity no longer active
2026-10-02T16:06:13Z,APP_22001_3033686,22001,3033686,17,909,200.897,0,0,-1,-1,0,0.999931471,NA,NA,70.000000000,MEASURED_CPU_FAULT,CPU;INTERVAL_FAULTS,NA,NA,NA,NA,NA,NA,NA,NA,NA,NA,NA,NA,NA,NA,NA,NA,NA,NA,NA,NA,NA,NA,NA,TARGET_GONE,identity no longer active
2026-10-02T16:06:13Z,APP_22001_3033686,22001,3033686,17,910,195.918,0,0,-1,-1,0,0.999931471,NA,NA,70.000000000,MEASURED_CPU_FAULT,CPU;INTERVAL_FAULTS,NA,NA,NA,NA,NA,NA,NA,NA,NA,NA,NA,NA,NA,NA,NA,NA,NA,NA,NA,NA,NA,NA,NA,TARGET_GONE,identity no longer active
2026-10-02T16:06:13Z,APP_22001_3033686,22001,3033686,17,911,201.802,0,0,-1,-1,0,0.999931471,NA,NA,70.000000000,MEASURED_CPU_FAULT,CPU;INTERVAL_FAULTS,NA,NA,NA,NA,NA,NA,NA,NA,NA,NA,NA,NA,NA,NA,NA,NA,NA,NA,NA,NA,NA,NA,NA,TARGET_GONE,identity no longer active
2026-10-02T16:06:13Z,APP_22001_3033686,22001,3033686,17,912,201.893,0,0,-1,-1,0,0.999931471,NA,NA,70.000000000,MEASURED_CPU_FAULT,CPU;INTERVAL_FAULTS,NA,NA,NA,NA,NA,NA,NA,NA,NA,NA,NA,NA,NA,NA,NA,NA,NA,NA,NA,NA,NA,NA,NA,TARGET_GONE,identity no longer active
2026-10-02T16:06:13Z,APP_22001_3033686,22001,3033686,17,913,201.198,0,0,-1,-1,0,0.999931471,NA,NA,70.000000000,MEASURED_CPU_FAULT,CPU;INTERVAL_FAULTS,NA,NA,NA,NA,NA,NA,NA,NA,NA,NA,NA,NA,NA,NA,NA,NA,NA,NA,NA,NA,NA,NA,NA,TARGET_GONE,identity no longer active
2026-10-02T16:06:13Z,APP_22001_3033686,22001,3033686,17,914,201.681,0,0,-1,-1,0,0.999931471,NA,NA,70.000000000,MEASURED_CPU_FAULT,CPU;INTERVAL_FAULTS,NA,NA,NA,NA,NA,NA,NA,NA,NA,NA,NA,NA,NA,NA,NA,NA,NA,NA,NA,NA,NA,NA,NA,TARGET_GONE,identity no longer active
2026-10-02T16:06:14Z,APP_22001_3033686,22001,3033686,17,915,201.499,0,0,-1,-1,0,0.999931471,NA,NA,70.000000000,MEASURED_CPU_FAULT,CPU;INTERVAL_FAULTS,NA,NA,NA,NA,NA,NA,NA,NA,NA,NA,NA,NA,NA,NA,NA,NA,NA,NA,NA,NA,NA,NA,NA,TARGET_GONE,identity no longer active
2026-10-02T16:06:14Z,APP_22001_3033686,22001,3033686,17,916,197.531,0,0,-1,-1,0,0.999931471,NA,NA,70.000000000,MEASURED_CPU_FAULT,CPU;INTERVAL_FAULTS,NA,NA,NA,NA,NA,NA,NA,NA,NA,NA,NA,NA,NA,NA,NA,NA,NA,NA,NA,NA,NA,NA,NA,TARGET_GONE,identity no longer active
2026-10-02T16:06:14Z,APP_22001_3033686,22001,3033686,17,917,210.778,0,0,-1,-1,0,0.999931471,NA,NA,70.000000000,MEASURED_CPU_FAULT,CPU;INTERVAL_FAULTS,NA,NA,NA,NA,NA,NA,NA,NA,NA,NA,NA,NA,NA,NA,NA,NA,NA,NA,NA,NA,NA,NA,NA,TARGET_GONE,identity no longer active
2026-10-02T16:06:14Z,APP_22001_3033686,22001,3033686,17,918,201.802,0,0,-1,-1,0,0.999931471,NA,NA,70.000000000,MEASURED_CPU_FAULT,CPU;INTERVAL_FAULTS,NA,NA,NA,NA,NA,NA,NA,NA,NA,NA,NA,NA,NA,NA,NA,NA,NA,NA,NA,NA,NA,NA,NA,TARGET_GONE,identity no longer active
2026-10-02T16:06:14Z,APP_22001_3033686,22001,3033686,17,919,195.420,0,0,-1,-1,0,0.999931471,NA,NA,70.000000000,MEASURED_CPU_FAULT,CPU;INTERVAL_FAULTS,NA,NA,NA,NA,NA,NA,NA,NA,NA,NA,NA,NA,NA,NA,NA,NA,NA,NA,NA,NA,NA,NA,NA,TARGET_GONE,identity no longer active
2026-10-02T16:06:14Z,APP_22001_3033686,22001,3033686,17,920,201.499,0,0,-1,-1,0,0.999931471,NA,NA,70.000000000,MEASURED_CPU_FAULT,CPU;INTERVAL_FAULTS,NA,NA,NA,NA,NA,NA,NA,NA,NA,NA,NA,NA,NA,NA,NA,NA,NA,NA,NA,NA,NA,NA,NA,TARGET_GONE,identity no longer active
2026-10-02T16:06:14Z,APP_22001_3033686,22001,3033686,17,921,201.893,0,0,-1,-1,0,0.999931471,NA,NA,70.000000000,MEASURED_CPU_FAULT,CPU;INTERVAL_FAULTS,NA,NA,NA,NA,NA,NA,NA,NA,NA,NA,NA,NA,NA,NA,NA,NA,NA,NA,NA,NA,NA,NA,NA,TARGET_GONE,identity no longer active
2026-10-02T16:06:14Z,APP_22001_3033686,22001,3033686,17,922,201.499,0,0,-1,-1,0,0.999931471,NA,NA,70.000000000,MEASURED_CPU_FAULT,CPU;INTERVAL_FAULTS,NA,NA,NA,NA,NA,NA,NA,NA,NA,NA,NA,NA,NA,NA,NA,NA,NA,NA,NA,NA,NA,NA,NA,TARGET_GONE,identity no longer active
2026-10-02T16:06:15Z,APP_22001_3033686,22001,3033686,17,923,194.753,0,0,-1,-1,0,0.999931471,NA,NA,70.000000000,MEASURED_CPU_FAULT,CPU;INTERVAL_FAULTS,NA,NA,NA,NA,NA,NA,NA,NA,NA,NA,NA,NA,NA,NA,NA,NA,NA,NA,NA,NA,NA,NA,NA,TARGET_GONE,identity no longer active
2026-10-02T16:06:15Z,APP_22001_3033686,22001,3033686,17,924,201.499,0,0,-1,-1,0,0.999931471,NA,NA,70.000000000,MEASURED_CPU_FAULT,CPU;INTERVAL_FAULTS,NA,NA,NA,NA,NA,NA,NA,NA,NA,NA,NA,NA,NA,NA,NA,NA,NA,NA,NA,NA,NA,NA,NA,TARGET_GONE,identity no longer active
2026-10-02T16:06:15Z,APP_22001_3033686,22001,3033686,17,925,202.895,0,0,-1,-1,0,0.999931471,NA,NA,70.000000000,MEASURED_CPU_FAULT,CPU;INTERVAL_FAULTS,NA,NA,NA,NA,NA,NA,NA,NA,NA,NA,NA,NA,NA,NA,NA,NA,NA,NA,NA,NA,NA,NA,NA,TARGET_GONE,identity no longer active
2026-10-02T16:06:15Z,APP_22001_3033686,22001,3033686,17,926,191.617,0,0,-1,-1,0,0.999931471,NA,NA,70.000000000,MEASURED_CPU_FAULT,CPU;INTERVAL_FAULTS,NA,NA,NA,NA,NA,NA,NA,NA,NA,NA,NA,NA,NA,NA,NA,NA,NA,NA,NA,NA,NA,NA,NA,TARGET_GONE,identity no longer active
2026-10-02T16:06:15Z,APP_22001_3033686,22001,3033686,17,927,201.802,0,0,-1,-1,0,0.999931471,NA,NA,70.000000000,MEASURED_CPU_FAULT,CPU;INTERVAL_FAULTS,NA,NA,NA,NA,NA,NA,NA,NA,NA,NA,NA,NA,NA,NA,NA,NA,NA,NA,NA,NA,NA,NA,NA,TARGET_GONE,identity no longer active
2026-10-02T16:06:15Z,APP_22001_3033686,22001,3033686,17,928,203.822,0,0,-1,-1,0,0.999931471,NA,NA,70.000000000,MEASURED_CPU_FAULT,CPU;INTERVAL_FAULTS,NA,NA,NA,NA,NA,NA,NA,NA,NA,NA,NA,NA,NA,NA,NA,NA,NA,NA,NA,NA,NA,NA,NA,TARGET_GONE,identity no longer active
2026-10-02T16:06:15Z,APP_22001_3033686,22001,3033686,17,929,192.192,0,0,-1,-1,0,0.999931471,NA,NA,70.000000000,MEASURED_CPU_FAULT,CPU;INTERVAL_FAULTS,NA,NA,NA,NA,NA,NA,NA,NA,NA,NA,NA,NA,NA,NA,NA,NA,NA,NA,NA,NA,NA,NA,NA,TARGET_GONE,identity no longer active
2026-10-02T16:06:15Z,APP_22001_3033686,22001,3033686,17,930,201.681,0,0,-1,-1,0,0.999931471,NA,NA,70.000000000,MEASURED_CPU_FAULT,CPU;INTERVAL_FAULTS,NA,NA,NA,NA,NA,NA,NA,NA,NA,NA,NA,NA,NA,NA,NA,NA,NA,NA,NA,NA,NA,NA,NA,TARGET_GONE,identity no longer active
2026-10-02T16:06:16Z,APP_22001_3033686,22001,3033686,17,931,201.499,0,0,-1,-1,0,0.999931471,NA,NA,70.000000000,MEASURED_CPU_FAULT,CPU;INTERVAL_FAULTS,NA,NA,NA,NA,NA,NA,NA,NA,NA,NA,NA,NA,NA,NA,NA,NA,NA,NA,NA,NA,NA,NA,NA,TARGET_GONE,identity no longer active
2026-10-02T16:06:16Z,APP_22001_3033686,22001,3033686,17,932,200.810,0,0,-1,-1,0,0.999931471,NA,NA,70.000000000,MEASURED_CPU_FAULT,CPU;INTERVAL_FAULTS,NA,NA,NA,NA,NA,NA,NA,NA,NA,NA,NA,NA,NA,NA,NA,NA,NA,NA,NA,NA,NA,NA,NA,TARGET_GONE,identity no longer active
2026-10-02T16:06:16Z,APP_22001_3033686,22001,3033686,17,933,201.198,0,0,-1,-1,0,0.999931471,NA,NA,70.000000000,MEASURED_CPU_FAULT,CPU;INTERVAL_FAULTS,NA,NA,NA,NA,NA,NA,NA,NA,NA,NA,NA,NA,NA,NA,NA,NA,NA,NA,NA,NA,NA,NA,NA,TARGET_GONE,identity no longer active
2026-10-02T16:06:16Z,APP_22001_3033686,22001,3033686,17,934,199.146,0,0,-1,-1,0,0.999931471,NA,NA,70.000000000,MEASURED_CPU_FAULT,CPU;INTERVAL_FAULTS,NA,NA,NA,NA,NA,NA,NA,NA,NA,NA,NA,NA,NA,NA,NA,NA,NA,NA,NA,NA,NA,NA,NA,TARGET_GONE,identity no longer active
2026-10-02T16:06:16Z,APP_22001_3033686,22001,3033686,17,935,192.192,0,0,-1,-1,0,0.999931471,NA,NA,70.000000000,MEASURED_CPU_FAULT,CPU;INTERVAL_FAULTS,NA,NA,NA,NA,NA,NA,NA,NA,NA,NA,NA,NA,NA,NA,NA,NA,NA,NA,NA,NA,NA,NA,NA,TARGET_GONE,identity no longer active
2026-10-02T16:06:16Z,APP_22001_3033686,22001,3033686,17,936,201.802,0,0,-1,-1,0,0.999931471,NA,NA,70.000000000,MEASURED_CPU_FAULT,CPU;INTERVAL_FAULTS,NA,NA,NA,NA,NA,NA,NA,NA,NA,NA,NA,NA,NA,NA,NA,NA,NA,NA,NA,NA,NA,NA,NA,TARGET_GONE,identity no longer active
2026-10-02T16:06:16Z,APP_22001_3033686,22001,3033686,17,937,197.574,0,0,-1,-1,0,0.999931471,NA,NA,70.000000000,MEASURED_CPU_FAULT,CPU;INTERVAL_FAULTS,NA,NA,NA,NA,NA,NA,NA,NA,NA,NA,NA,NA,NA,NA,NA,NA,NA,NA,NA,NA,NA,NA,NA,TARGET_GONE,identity no longer active
2026-10-02T16:06:16Z,APP_22001_3033686,22001,3033686,17,938,201.499,0,0,-1,-1,0,0.999931471,NA,NA,70.000000000,MEASURED_CPU_FAULT,CPU;INTERVAL_FAULTS,NA,NA,NA,NA,NA,NA,NA,NA,NA,NA,NA,NA,NA,NA,NA,NA,NA,NA,NA,NA,NA,NA,NA,TARGET_GONE,identity no longer active
2026-10-02T16:06:17Z,APP_22001_3033686,22001,3033686,17,939,202.985,0,0,-1,-1,0,0.999931471,NA,NA,70.000000000,MEASURED_CPU_FAULT,CPU;INTERVAL_FAULTS,NA,NA,NA,NA,NA,NA,NA,NA,NA,NA,NA,NA,NA,NA,NA,NA,NA,NA,NA,NA,NA,NA,NA,TARGET_GONE,identity no longer active
2026-10-02T16:06:17Z,APP_22001_3033686,22001,3033686,17,940,191.617,0,0,-1,-1,0,0.999931471,NA,NA,70.000000000,MEASURED_CPU_FAULT,CPU;INTERVAL_FAULTS,NA,NA,NA,NA,NA,NA,NA,NA,NA,NA,NA,NA,NA,NA,NA,NA,NA,NA,NA,NA,NA,NA,NA,TARGET_GONE,identity no longer active
2026-10-02T16:06:17Z,APP_22001_3033686,22001,3033686,17,941,202.607,0,0,-1,-1,0,0.999931471,NA,NA,70.000000000,MEASURED_CPU_FAULT,CPU;INTERVAL_FAULTS,NA,NA,NA,NA,NA,NA,NA,NA,NA,NA,NA,NA,NA,NA,NA,NA,NA,NA,NA,NA,NA,NA,NA,TARGET_GONE,identity no longer active
2026-10-02T16:06:17Z,APP_22001_3033686,22001,3033686,17,942,200.104,0,0,-1,-1,0,0.999931471,NA,NA,70.000000000,MEASURED_CPU_FAULT,CPU;INTERVAL_FAULTS,NA,NA,NA,NA,NA,NA,NA,NA,NA,NA,NA,NA,NA,NA,NA,NA,NA,NA,NA,NA,NA,NA,NA,TARGET_GONE,identity no longer active
2026-10-02T16:06:17Z,APP_22001_3033686,22001,3033686,17,943,191.617,0,0,-1,-1,0,0.999931471,NA,NA,70.000000000,MEASURED_CPU_FAULT,CPU;INTERVAL_FAULTS,NA,NA,NA,NA,NA,NA,NA,NA,NA,NA,NA,NA,NA,NA,NA,NA,NA,NA,NA,NA,NA,NA,NA,TARGET_GONE,identity no longer active
2026-10-02T16:06:17Z,APP_22001_3033686,22001,3033686,17,944,201.499,0,0,-1,-1,0,0.999931471,NA,NA,70.000000000,MEASURED_CPU_FAULT,CPU;INTERVAL_FAULTS,NA,NA,NA,NA,NA,NA,NA,NA,NA,NA,NA,NA,NA,NA,NA,NA,NA,NA,NA,NA,NA,NA,NA,TARGET_GONE,identity no longer active
2026-10-02T16:06:18Z,APP_22001_3033686,22001,3033686,17,945,203.732,0,0,-1,-1,0,0.999931471,NA,NA,70.000000000,MEASURED_CPU_FAULT,CPU;INTERVAL_FAULTS,NA,NA,NA,NA,NA,NA,NA,NA,NA,NA,NA,NA,NA,NA,NA,NA,NA,NA,NA,NA,NA,NA,NA,TARGET_GONE,identity no longer active
2026-10-02T16:06:18Z,APP_22001_3033686,22001,3033686,17,946,201.499,0,0,-1,-1,0,0.999931471,NA,NA,70.000000000,MEASURED_CPU_FAULT,CPU;INTERVAL_FAULTS,NA,NA,NA,NA,NA,NA,NA,NA,NA,NA,NA,NA,NA,NA,NA,NA,NA,NA,NA,NA,NA,NA,NA,TARGET_GONE,identity no longer active
2026-10-02T16:06:18Z,APP_22001_3033686,22001,3033686,17,947,196.648,0,0,-1,-1,0,0.999931471,NA,NA,70.000000000,MEASURED_CPU_FAULT,CPU;INTERVAL_FAULTS,NA,NA,NA,NA,NA,NA,NA,NA,NA,NA,NA,NA,NA,NA,NA,NA,NA,NA,NA,NA,NA,NA,NA,TARGET_GONE,identity no longer active
2026-10-02T16:06:18Z,APP_22001_3033686,22001,3033686,17,948,201.198,0,0,-1,-1,0,0.999931471,NA,NA,70.000000000,MEASURED_CPU_FAULT,CPU;INTERVAL_FAULTS,NA,NA,NA,NA,NA,NA,NA,NA,NA,NA,NA,NA,NA,NA,NA,NA,NA,NA,NA,NA,NA,NA,NA,TARGET_GONE,identity no longer active
2026-10-02T16:06:18Z,APP_22001_3033686,22001,3033686,17,949,202.796,0,0,-1,-1,0,0.999931471,NA,NA,70.000000000,MEASURED_CPU_FAULT,CPU;INTERVAL_FAULTS,NA,NA,NA,NA,NA,NA,NA,NA,NA,NA,NA,NA,NA,NA,NA,NA,NA,NA,NA,NA,NA,NA,NA,TARGET_GONE,identity no longer active
2026-10-02T16:06:18Z,APP_22001_3033686,22001,3033686,17,950,199.344,0,0,-1,-1,0,0.999931471,NA,NA,70.000000000,MEASURED_CPU_FAULT,CPU;INTERVAL_FAULTS,NA,NA,NA,NA,NA,NA,NA,NA,NA,NA,NA,NA,NA,NA,NA,NA,NA,NA,NA,NA,NA,NA,NA,TARGET_GONE,identity no longer active
2026-10-02T16:06:18Z,APP_22001_3033686,22001,3033686,17,951,191.617,0,0,-1,-1,0,0.999931471,NA,NA,70.000000000,MEASURED_CPU_FAULT,CPU;INTERVAL_FAULTS,NA,NA,NA,NA,NA,NA,NA,NA,NA,NA,NA,NA,NA,NA,NA,NA,NA,NA,NA,NA,NA,NA,NA,TARGET_GONE,identity no longer active
2026-10-02T16:06:19Z,APP_22001_3033686,22001,3033686,17,952,211.094,0,0,-1,-1,0,0.999931471,NA,NA,70.000000000,MEASURED_CPU_FAULT,CPU;INTERVAL_FAULTS,NA,NA,NA,NA,NA,NA,NA,NA,NA,NA,NA,NA,NA,NA,NA,NA,NA,NA,NA,NA,NA,NA,NA,TARGET_GONE,identity no longer active
2026-10-02T16:06:19Z,APP_22001_3033686,22001,3033686,17,953,197.792,0,0,-1,-1,0,0.999931471,NA,NA,70.000000000,MEASURED_CPU_FAULT,CPU;INTERVAL_FAULTS,NA,NA,NA,NA,NA,NA,NA,NA,NA,NA,NA,NA,NA,NA,NA,NA,NA,NA,NA,NA,NA,NA,NA,TARGET_GONE,identity no longer active
2026-10-02T16:06:19Z,APP_22001_3033686,22001,3033686,17,954,191.617,0,0,-1,-1,0,0.999931471,NA,NA,70.000000000,MEASURED_CPU_FAULT,CPU;INTERVAL_FAULTS,NA,NA,NA,NA,NA,NA,NA,NA,NA,NA,NA,NA,NA,NA,NA,NA,NA,NA,NA,NA,NA,NA,NA,TARGET_GONE,identity no longer active
2026-10-02T16:06:19Z,APP_22001_3033686,22001,3033686,17,955,202.796,0,0,-1,-1,0,0.999931471,NA,NA,70.000000000,MEASURED_CPU_FAULT,CPU;INTERVAL_FAULTS,NA,NA,NA,NA,NA,NA,NA,NA,NA,NA,NA,NA,NA,NA,NA,NA,NA,NA,NA,NA,NA,NA,NA,TARGET_GONE,identity no longer active
2026-10-02T16:06:19Z,APP_22001_3033686,22001,3033686,17,956,201.198,0,0,-1,-1,0,0.999931471,NA,NA,70.000000000,MEASURED_CPU_FAULT,CPU;INTERVAL_FAULTS,NA,NA,NA,NA,NA,NA,NA,NA,NA,NA,NA,NA,NA,NA,NA,NA,NA,NA,NA,NA,NA,NA,NA,TARGET_GONE,identity no longer active
2026-10-02T16:06:19Z,APP_22001_3033686,22001,3033686,17,957,197.413,0,0,-1,-1,0,0.999931471,NA,NA,70.000000000,MEASURED_CPU_FAULT,CPU;INTERVAL_FAULTS,NA,NA,NA,NA,NA,NA,NA,NA,NA,NA,NA,NA,NA,NA,NA,NA,NA,NA,NA,NA,NA,NA,NA,TARGET_GONE,identity no longer active
2026-10-02T16:06:19Z,APP_22001_3033686,22001,3033686,17,958,201.499,0,0,-1,-1,0,0.999931471,NA,NA,70.000000000,MEASURED_CPU_FAULT,CPU;INTERVAL_FAULTS,NA,NA,NA,NA,NA,NA,NA,NA,NA,NA,NA,NA,NA,NA,NA,NA,NA,NA,NA,NA,NA,NA,NA,TARGET_GONE,identity no longer active
2026-10-02T16:06:19Z,APP_22001_3033686,22001,3033686,17,959,199.495,0,0,-1,-1,0,0.999931471,NA,NA,70.000000000,MEASURED_CPU_FAULT,CPU;INTERVAL_FAULTS,NA,NA,NA,NA,NA,NA,NA,NA,NA,NA,NA,NA,NA,NA,NA,NA,NA,NA,NA,NA,NA,NA,NA,TARGET_GONE,identity no longer active
2026-10-02T16:06:20Z,APP_22001_3033686,22001,3033686,17,960,210.778,0,0,-1,-1,0,0.999931471,NA,NA,70.000000000,MEASURED_CPU_FAULT,CPU;INTERVAL_FAULTS,NA,NA,NA,NA,NA,NA,NA,NA,NA,NA,NA,NA,NA,NA,NA,NA,NA,NA,NA,NA,NA,NA,NA,TARGET_GONE,identity no longer active
2026-10-02T16:06:20Z,APP_22001_3033686,22001,3033686,17,961,202.105,0,0,-1,-1,0,0.999931471,NA,NA,70.000000000,MEASURED_CPU_FAULT,CPU;INTERVAL_FAULTS,NA,NA,NA,NA,NA,NA,NA,NA,NA,NA,NA,NA,NA,NA,NA,NA,NA,NA,NA,NA,NA,NA,NA,TARGET_GONE,identity no longer active
2026-10-02T16:06:20Z,APP_22001_3033686,22001,3033686,17,962,191.045,0,0,-1,-1,0,0.999931471,NA,NA,70.000000000,MEASURED_CPU_FAULT,CPU;INTERVAL_FAULTS,NA,NA,NA,NA,NA,NA,NA,NA,NA,NA,NA,NA,NA,NA,NA,NA,NA,NA,NA,NA,NA,NA,NA,TARGET_GONE,identity no longer active
2026-10-02T16:06:20Z,APP_22001_3033686,22001,3033686,17,963,201.802,0,0,-1,-1,0,0.999931471,NA,NA,70.000000000,MEASURED_CPU_FAULT,CPU;INTERVAL_FAULTS,NA,NA,NA,NA,NA,NA,NA,NA,NA,NA,NA,NA,NA,NA,NA,NA,NA,NA,NA,NA,NA,NA,NA,TARGET_GONE,identity no longer active
2026-10-02T16:06:20Z,APP_22001_3033686,22001,3033686,17,964,200.810,0,0,-1,-1,0,0.999931471,NA,NA,70.000000000,MEASURED_CPU_FAULT,CPU;INTERVAL_FAULTS,NA,NA,NA,NA,NA,NA,NA,NA,NA,NA,NA,NA,NA,NA,NA,NA,NA,NA,NA,NA,NA,NA,NA,TARGET_GONE,identity no longer active
2026-10-02T16:06:20Z,APP_22001_3033686,22001,3033686,17,965,201.499,0,0,-1,-1,0,0.999931471,NA,NA,70.000000000,MEASURED_CPU_FAULT,CPU;INTERVAL_FAULTS,NA,NA,NA,NA,NA,NA,NA,NA,NA,NA,NA,NA,NA,NA,NA,NA,NA,NA,NA,NA,NA,NA,NA,TARGET_GONE,identity no longer active
2026-10-02T16:06:20Z,APP_22001_3033686,22001,3033686,17,966,201.972,0,0,-1,-1,0,0.999931471,NA,NA,70.000000000,MEASURED_CPU_FAULT,CPU;INTERVAL_FAULTS,NA,NA,NA,NA,NA,NA,NA,NA,NA,NA,NA,NA,NA,NA,NA,NA,NA,NA,NA,NA,NA,NA,NA,TARGET_GONE,identity no longer active
2026-10-02T16:06:20Z,APP_22001_3033686,22001,3033686,17,967,202.105,0,0,-1,-1,0,0.999931471,NA,NA,70.000000000,MEASURED_CPU_FAULT,CPU;INTERVAL_FAULTS,NA,NA,NA,NA,NA,NA,NA,NA,NA,NA,NA,NA,NA,NA,NA,NA,NA,NA,NA,NA,NA,NA,NA,TARGET_GONE,identity no longer active
2026-10-02T16:06:21Z,APP_22001_3033686,22001,3033686,17,968,200.272,0,0,-1,-1,0,0.999931471,NA,NA,70.000000000,MEASURED_CPU_FAULT,CPU;INTERVAL_FAULTS,NA,NA,NA,NA,NA,NA,NA,NA,NA,NA,NA,NA,NA,NA,NA,NA,NA,NA,NA,NA,NA,NA,NA,TARGET_GONE,identity no longer active
2026-10-02T16:06:21Z,APP_22001_3033686,22001,3033686,17,969,192.192,0,0,-1,-1,0,0.999931471,NA,NA,70.000000000,MEASURED_CPU_FAULT,CPU;INTERVAL_FAULTS,NA,NA,NA,NA,NA,NA,NA,NA,NA,NA,NA,NA,NA,NA,NA,NA,NA,NA,NA,NA,NA,NA,NA,TARGET_GONE,identity no longer active
2026-10-02T16:06:21Z,APP_22001_3033686,22001,3033686,17,970,201.198,0,0,-1,-1,0,0.999931471,NA,NA,70.000000000,MEASURED_CPU_FAULT,CPU;INTERVAL_FAULTS,NA,NA,NA,NA,NA,NA,NA,NA,NA,NA,NA,NA,NA,NA,NA,NA,NA,NA,NA,NA,NA,NA,NA,TARGET_GONE,identity no longer active
2026-10-02T16:06:21Z,APP_22001_3033686,22001,3033686,17,971,195.122,0,0,-1,-1,0,0.999931471,NA,NA,70.000000000,MEASURED_CPU_FAULT,CPU;INTERVAL_FAULTS,NA,NA,NA,NA,NA,NA,NA,NA,NA,NA,NA,NA,NA,NA,NA,NA,NA,NA,NA,NA,NA,NA,NA,TARGET_GONE,identity no longer active
2026-10-02T16:06:21Z,APP_22001_3033686,22001,3033686,17,972,201.198,0,0,-1,-1,0,0.999931471,NA,NA,70.000000000,MEASURED_CPU_FAULT,CPU;INTERVAL_FAULTS,NA,NA,NA,NA,NA,NA,NA,NA,NA,NA,NA,NA,NA,NA,NA,NA,NA,NA,NA,NA,NA,NA,NA,TARGET_GONE,identity no longer active
2026-10-02T16:06:21Z,APP_22001_3033686,22001,3033686,17,973,208.185,0,0,-1,-1,0,0.999931471,NA,NA,70.000000000,MEASURED_CPU_FAULT,CPU;INTERVAL_FAULTS,NA,NA,NA,NA,NA,NA,NA,NA,NA,NA,NA,NA,NA,NA,NA,NA,NA,NA,NA,NA,NA,NA,NA,TARGET_GONE,identity no longer active
2026-10-02T16:06:21Z,APP_22001_3033686,22001,3033686,17,974,192.192,0,0,-1,-1,0,0.999931471,NA,NA,70.000000000,MEASURED_CPU_FAULT,CPU;INTERVAL_FAULTS,NA,NA,NA,NA,NA,NA,NA,NA,NA,NA,NA,NA,NA,NA,NA,NA,NA,NA,NA,NA,NA,NA,NA,TARGET_GONE,identity no longer active
2026-10-02T16:06:21Z,APP_22001_3033686,22001,3033686,17,975,201.681,0,0,-1,-1,0,0.999931471,NA,NA,70.000000000,MEASURED_CPU_FAULT,CPU;INTERVAL_FAULTS,NA,NA,NA,NA,NA,NA,NA,NA,NA,NA,NA,NA,NA,NA,NA,NA,NA,NA,NA,NA,NA,NA,NA,TARGET_GONE,identity no longer active
2026-10-02T16:06:22Z,APP_22001_3033686,22001,3033686,17,976,201.499,0,0,-1,-1,0,0.999931471,NA,NA,70.000000000,MEASURED_CPU_FAULT,CPU;INTERVAL_FAULTS,NA,NA,NA,NA,NA,NA,NA,NA,NA,NA,NA,NA,NA,NA,NA,NA,NA,NA,NA,NA,NA,NA,NA,TARGET_GONE,identity no longer active
2026-10-02T16:06:22Z,APP_22001_3033686,22001,3033686,17,977,195.785,0,0,-1,-1,0,0.999931471,NA,NA,70.000000000,MEASURED_CPU_FAULT,CPU;INTERVAL_FAULTS,NA,NA,NA,NA,NA,NA,NA,NA,NA,NA,NA,NA,NA,NA,NA,NA,NA,NA,NA,NA,NA,NA,NA,TARGET_GONE,identity no longer active
2026-10-02T16:06:22Z,APP_22001_3033686,22001,3033686,17,978,210.149,0,0,-1,-1,0,0.999931471,NA,NA,70.000000000,MEASURED_CPU_FAULT,CPU;INTERVAL_FAULTS,NA,NA,NA,NA,NA,NA,NA,NA,NA,NA,NA,NA,NA,NA,NA,NA,NA,NA,NA,NA,NA,NA,NA,TARGET_GONE,identity no longer active
2026-10-02T16:06:22Z,APP_22001_3033686,22001,3033686,17,979,202.105,0,0,-1,-1,0,0.999931471,NA,NA,70.000000000,MEASURED_CPU_FAULT,CPU;INTERVAL_FAULTS,NA,NA,NA,NA,NA,NA,NA,NA,NA,NA,NA,NA,NA,NA,NA,NA,NA,NA,NA,NA,NA,NA,NA,TARGET_GONE,identity no longer active
2026-10-02T16:06:22Z,APP_22001_3033686,22001,3033686,17,980,194.647,0,0,-1,-1,0,0.999931471,NA,NA,70.000000000,MEASURED_CPU_FAULT,CPU;INTERVAL_FAULTS,NA,NA,NA,NA,NA,NA,NA,NA,NA,NA,NA,NA,NA,NA,NA,NA,NA,NA,NA,NA,NA,NA,NA,TARGET_GONE,identity no longer active
2026-10-02T16:06:22Z,APP_22001_3033686,22001,3033686,17,981,211.094,0,0,-1,-1,0,0.999931471,NA,NA,70.000000000,MEASURED_CPU_FAULT,CPU;INTERVAL_FAULTS,NA,NA,NA,NA,NA,NA,NA,NA,NA,NA,NA,NA,NA,NA,NA,NA,NA,NA,NA,NA,NA,NA,NA,TARGET_GONE,identity no longer active
2026-10-02T16:06:22Z,APP_22001_3033686,22001,3033686,17,982,191.538,0,0,-1,-1,0,0.999931471,NA,NA,70.000000000,MEASURED_CPU_FAULT,CPU;INTERVAL_FAULTS,NA,NA,NA,NA,NA,NA,NA,NA,NA,NA,NA,NA,NA,NA,NA,NA,NA,NA,NA,NA,NA,NA,NA,TARGET_GONE,identity no longer active
2026-10-02T16:06:22Z,APP_22001_3033686,22001,3033686,17,983,201.802,0,0,-1,-1,0,0.999931471,NA,NA,70.000000000,MEASURED_CPU_FAULT,CPU;INTERVAL_FAULTS,NA,NA,NA,NA,NA,NA,NA,NA,NA,NA,NA,NA,NA,NA,NA,NA,NA,NA,NA,NA,NA,NA,NA,TARGET_GONE,identity no longer active
2026-10-02T16:06:23Z,APP_22001_3033686,22001,3033686,17,984,200.607,0,0,-1,-1,0,0.999931471,NA,NA,70.000000000,MEASURED_CPU_FAULT,CPU;INTERVAL_FAULTS,NA,NA,NA,NA,NA,NA,NA,NA,NA,NA,NA,NA,NA,NA,NA,NA,NA,NA,NA,NA,NA,NA,NA,TARGET_GONE,identity no longer active
2026-10-02T16:06:23Z,APP_22001_3033686,22001,3033686,17,985,201.499,0,0,-1,-1,0,0.999931471,NA,NA,70.000000000,MEASURED_CPU_FAULT,CPU;INTERVAL_FAULTS,NA,NA,NA,NA,NA,NA,NA,NA,NA,NA,NA,NA,NA,NA,NA,NA,NA,NA,NA,NA,NA,NA,NA,TARGET_GONE,identity no longer active
2026-10-02T16:06:04Z,APP_22001_3033686,22001,3033686,18,986,0.000,0,0,-1,-1,0,0.999931471,1,true,0.000000000,MEASURED_CPU_FAULT,CPU;INTERVAL_FAULTS,HOT,669.474315258,0.560000000,0.700000000,NA,NA,NA,NA,0.560000000,0.000000000,0.700000000,0.000000000,-1.000000000,1.232000000,NA,MOVE_THREAD,INVALID,NOT_APPLICABLE,INVALID,MOVE_THREAD,-1,-1,false,TARGET_GONE,identity no longer active
2026-10-02T16:06:04Z,APP_22001_3033686,22001,3033686,18,987,0.000,0,0,-1,-1,0,0.999931471,NA,NA,0.000000000,MEASURED_CPU_FAULT,CPU;INTERVAL_FAULTS,NA,NA,NA,NA,NA,NA,NA,NA,NA,NA,NA,NA,NA,NA,NA,NA,NA,NA,NA,NA,NA,NA,NA,TARGET_GONE,identity no longer active
2026-10-02T16:06:04Z,APP_22001_3033686,22001,3033686,18,988,0.000,0,0,-1,-1,0,0.999931471,NA,NA,0.000000000,MEASURED_CPU_FAULT,CPU;INTERVAL_FAULTS,NA,NA,NA,NA,NA,NA,NA,NA,NA,NA,NA,NA,NA,NA,NA,NA,NA,NA,NA,NA,NA,NA,NA,TARGET_GONE,identity no longer active
2026-10-02T16:06:04Z,APP_22001_3033686,22001,3033686,18,989,0.000,0,0,-1,-1,0,0.999931471,NA,NA,0.000000000,MEASURED_CPU_FAULT,CPU;INTERVAL_FAULTS,NA,NA,NA,NA,NA,NA,NA,NA,NA,NA,NA,NA,NA,NA,NA,NA,NA,NA,NA,NA,NA,NA,NA,TARGET_GONE,identity no longer active
2026-10-02T16:06:04Z,APP_22001_3033686,22001,3033686,18,990,0.000,0,0,-1,-1,0,0.999931471,NA,NA,0.000000000,MEASURED_CPU_FAULT,CPU;INTERVAL_FAULTS,NA,NA,NA,NA,NA,NA,NA,NA,NA,NA,NA,NA,NA,NA,NA,NA,NA,NA,NA,NA,NA,NA,NA,TARGET_GONE,identity no longer active
2026-10-02T16:06:04Z,APP_22001_3033686,22001,3033686,18,991,0.000,0,0,-1,-1,0,0.999931471,NA,NA,0.000000000,MEASURED_CPU_FAULT,CPU;INTERVAL_FAULTS,NA,NA,NA,NA,NA,NA,NA,NA,NA,NA,NA,NA,NA,NA,NA,NA,NA,NA,NA,NA,NA,NA,NA,TARGET_GONE,identity no longer active
2026-10-02T16:06:05Z,APP_22001_3033686,22001,3033686,18,992,0.000,0,0,-1,-1,0,0.999931471,NA,NA,0.000000000,MEASURED_CPU_FAULT,CPU;INTERVAL_FAULTS,NA,NA,NA,NA,NA,NA,NA,NA,NA,NA,NA,NA,NA,NA,NA,NA,NA,NA,NA,NA,NA,NA,NA,TARGET_GONE,identity no longer active
2026-10-02T16:06:05Z,APP_22001_3033686,22001,3033686,18,993,0.000,0,0,-1,-1,0,0.999931471,NA,NA,0.000000000,MEASURED_CPU_FAULT,CPU;INTERVAL_FAULTS,NA,NA,NA,NA,NA,NA,NA,NA,NA,NA,NA,NA,NA,NA,NA,NA,NA,NA,NA,NA,NA,NA,NA,TARGET_GONE,identity no longer active
2026-10-02T16:06:05Z,APP_22001_3033686,22001,3033686,18,994,0.000,0,0,-1,-1,0,0.999931471,NA,NA,0.000000000,MEASURED_CPU_FAULT,CPU;INTERVAL_FAULTS,NA,NA,NA,NA,NA,NA,NA,NA,NA,NA,NA,NA,NA,NA,NA,NA,NA,NA,NA,NA,NA,NA,NA,TARGET_GONE,identity no longer active
2026-10-02T16:06:05Z,APP_22001_3033686,22001,3033686,18,995,16.203,0,0,-1,-1,0,0.999931471,NA,NA,11.342100000,MEASURED_CPU_FAULT,CPU;INTERVAL_FAULTS,NA,NA,NA,NA,NA,NA,NA,NA,NA,NA,NA,NA,NA,NA,NA,NA,NA,NA,NA,NA,NA,NA,NA,TARGET_GONE,identity no longer active
2026-10-02T16:06:05Z,APP_22001_3033686,22001,3033686,18,996,192.385,0,0,-1,-1,0,0.999931471,NA,NA,70.000000000,MEASURED_CPU_FAULT,CPU;INTERVAL_FAULTS,NA,NA,NA,NA,NA,NA,NA,NA,NA,NA,NA,NA,NA,NA,NA,NA,NA,NA,NA,NA,NA,NA,NA,TARGET_GONE,identity no longer active
2026-10-02T16:06:05Z,APP_22001_3033686,22001,3033686,18,997,210.778,0,0,-1,-1,0,0.999931471,NA,NA,70.000000000,MEASURED_CPU_FAULT,CPU;INTERVAL_FAULTS,NA,NA,NA,NA,NA,NA,NA,NA,NA,NA,NA,NA,NA,NA,NA,NA,NA,NA,NA,NA,NA,NA,NA,TARGET_GONE,identity no longer active
2026-10-02T16:06:05Z,APP_22001_3033686,22001,3033686,18,998,202.009,0,0,-1,-1,0,0.999931471,NA,NA,70.000000000,MEASURED_CPU_FAULT,CPU;INTERVAL_FAULTS,NA,NA,NA,NA,NA,NA,NA,NA,NA,NA,NA,NA,NA,NA,NA,NA,NA,NA,NA,NA,NA,NA,NA,TARGET_GONE,identity no longer active
2026-10-02T16:06:05Z,APP_22001_3033686,22001,3033686,18,999,191.904,0,0,-1,-1,0,0.999931471,NA,NA,70.000000000,MEASURED_CPU_FAULT,CPU;INTERVAL_FAULTS,NA,NA,NA,NA,NA,NA,NA,NA,NA,NA,NA,NA,NA,NA,NA,NA,NA,NA,NA,NA,NA,NA,NA,TARGET_GONE,identity no longer active
2026-10-02T16:06:06Z,APP_22001_3033686,22001,3033686,18,1000,206.928,0,0,-1,-1,0,0.999931471,NA,NA,70.000000000,MEASURED_CPU_FAULT,CPU;INTERVAL_FAULTS,NA,NA,NA,NA,NA,NA,NA,NA,NA,NA,NA,NA,NA,NA,NA,NA,NA,NA,NA,NA,NA,NA,NA,TARGET_GONE,identity no longer active
2026-10-02T16:06:06Z,APP_22001_3033686,22001,3033686,18,1001,192.385,0,0,-1,-1,0,0.999931471,NA,NA,70.000000000,MEASURED_CPU_FAULT,CPU;INTERVAL_FAULTS,NA,NA,NA,NA,NA,NA,NA,NA,NA,NA,NA,NA,NA,NA,NA,NA,NA,NA,NA,NA,NA,NA,NA,TARGET_GONE,identity no longer active
2026-10-02T16:06:06Z,APP_22001_3033686,22001,3033686,18,1002,201.198,0,0,-1,-1,0,0.999931471,NA,NA,70.000000000,MEASURED_CPU_FAULT,CPU;INTERVAL_FAULTS,NA,NA,NA,NA,NA,NA,NA,NA,NA,NA,NA,NA,NA,NA,NA,NA,NA,NA,NA,NA,NA,NA,NA,TARGET_GONE,identity no longer active
2026-10-02T16:06:06Z,APP_22001_3033686,22001,3033686,18,1003,201.431,0,0,-1,-1,0,0.999931471,NA,NA,70.000000000,MEASURED_CPU_FAULT,CPU;INTERVAL_FAULTS,NA,NA,NA,NA,NA,NA,NA,NA,NA,NA,NA,NA,NA,NA,NA,NA,NA,NA,NA,NA,NA,NA,NA,TARGET_GONE,identity no longer active
2026-10-02T16:06:06Z,APP_22001_3033686,22001,3033686,18,1004,201.802,0,0,-1,-1,0,0.999931471,NA,NA,70.000000000,MEASURED_CPU_FAULT,CPU;INTERVAL_FAULTS,NA,NA,NA,NA,NA,NA,NA,NA,NA,NA,NA,NA,NA,NA,NA,NA,NA,NA,NA,NA,NA,NA,NA,TARGET_GONE,identity no longer active
2026-10-02T16:06:06Z,APP_22001_3033686,22001,3033686,18,1005,196.047,0,0,-1,-1,0,0.999931471,NA,NA,70.000000000,MEASURED_CPU_FAULT,CPU;INTERVAL_FAULTS,NA,NA,NA,NA,NA,NA,NA,NA,NA,NA,NA,NA,NA,NA,NA,NA,NA,NA,NA,NA,NA,NA,NA,TARGET_GONE,identity no longer active
2026-10-02T16:06:06Z,APP_22001_3033686,22001,3033686,18,1006,204.391,0,0,-1,-1,0,0.999931471,NA,NA,70.000000000,MEASURED_CPU_FAULT,CPU;INTERVAL_FAULTS,NA,NA,NA,NA,NA,NA,NA,NA,NA,NA,NA,NA,NA,NA,NA,NA,NA,NA,NA,NA,NA,NA,NA,TARGET_GONE,identity no longer active
2026-10-02T16:06:06Z,APP_22001_3033686,22001,3033686,18,1007,201.802,0,0,-1,-1,0,0.999931471,NA,NA,70.000000000,MEASURED_CPU_FAULT,CPU;INTERVAL_FAULTS,NA,NA,NA,NA,NA,NA,NA,NA,NA,NA,NA,NA,NA,NA,NA,NA,NA,NA,NA,NA,NA,NA,NA,TARGET_GONE,identity no longer active
2026-10-02T16:06:06Z,APP_22001_3033686,22001,3033686,18,1008,194.195,0,0,-1,-1,0,0.999931471,NA,NA,70.000000000,MEASURED_CPU_FAULT,CPU;INTERVAL_FAULTS,NA,NA,NA,NA,NA,NA,NA,NA,NA,NA,NA,NA,NA,NA,NA,NA,NA,NA,NA,NA,NA,NA,NA,TARGET_GONE,identity no longer active
2026-10-02T16:06:06Z,APP_22001_3033686,22001,3033686,18,1009,210.778,0,0,-1,-1,0,0.999931471,NA,NA,70.000000000,MEASURED_CPU_FAULT,CPU;INTERVAL_FAULTS,NA,NA,NA,NA,NA,NA,NA,NA,NA,NA,NA,NA,NA,NA,NA,NA,NA,NA,NA,NA,NA,NA,NA,TARGET_GONE,identity no longer active
2026-10-02T16:06:07Z,APP_22001_3033686,22001,3033686,18,1010,194.360,0,0,-1,-1,0,0.999931471,NA,NA,70.000000000,MEASURED_CPU_FAULT,CPU;INTERVAL_FAULTS,NA,NA,NA,NA,NA,NA,NA,NA,NA,NA,NA,NA,NA,NA,NA,NA,NA,NA,NA,NA,NA,NA,NA,TARGET_GONE,identity no longer active
2026-10-02T16:06:07Z,APP_22001_3033686,22001,3033686,18,1011,205.210,0,0,-1,-1,0,0.999931471,NA,NA,70.000000000,MEASURED_CPU_FAULT,CPU;INTERVAL_FAULTS,NA,NA,NA,NA,NA,NA,NA,NA,NA,NA,NA,NA,NA,NA,NA,NA,NA,NA,NA,NA,NA,NA,NA,TARGET_GONE,identity no longer active
2026-10-02T16:06:07Z,APP_22001_3033686,22001,3033686,18,1012,191.904,0,0,-1,-1,0,0.999931471,NA,NA,70.000000000,MEASURED_CPU_FAULT,CPU;INTERVAL_FAULTS,NA,NA,NA,NA,NA,NA,NA,NA,NA,NA,NA,NA,NA,NA,NA,NA,NA,NA,NA,NA,NA,NA,NA,TARGET_GONE,identity no longer active
2026-10-02T16:06:07Z,APP_22001_3033686,22001,3033686,18,1013,202.639,0,0,-1,-1,0,0.999931471,NA,NA,70.000000000,MEASURED_CPU_FAULT,CPU;INTERVAL_FAULTS,NA,NA,NA,NA,NA,NA,NA,NA,NA,NA,NA,NA,NA,NA,NA,NA,NA,NA,NA,NA,NA,NA,NA,TARGET_GONE,identity no longer active
2026-10-02T16:06:07Z,APP_22001_3033686,22001,3033686,18,1014,201.802,0,0,-1,-1,0,0.999931471,NA,NA,70.000000000,MEASURED_CPU_FAULT,CPU;INTERVAL_FAULTS,NA,NA,NA,NA,NA,NA,NA,NA,NA,NA,NA,NA,NA,NA,NA,NA,NA,NA,NA,NA,NA,NA,NA,TARGET_GONE,identity no longer active
2026-10-02T16:06:07Z,APP_22001_3033686,22001,3033686,18,1015,196.923,0,0,-1,-1,0,0.999931471,NA,NA,70.000000000,MEASURED_CPU_FAULT,CPU;INTERVAL_FAULTS,NA,NA,NA,NA,NA,NA,NA,NA,NA,NA,NA,NA,NA,NA,NA,NA,NA,NA,NA,NA,NA,NA,NA,TARGET_GONE,identity no longer active
2026-10-02T16:06:07Z,APP_22001_3033686,22001,3033686,18,1016,204.800,0,0,-1,-1,0,0.999931471,NA,NA,70.000000000,MEASURED_CPU_FAULT,CPU;INTERVAL_FAULTS,NA,NA,NA,NA,NA,NA,NA,NA,NA,NA,NA,NA,NA,NA,NA,NA,NA,NA,NA,NA,NA,NA,NA,TARGET_GONE,identity no longer active
2026-10-02T16:06:07Z,APP_22001_3033686,22001,3033686,18,1017,201.499,0,0,-1,-1,0,0.999931471,NA,NA,70.000000000,MEASURED_CPU_FAULT,CPU;INTERVAL_FAULTS,NA,NA,NA,NA,NA,NA,NA,NA,NA,NA,NA,NA,NA,NA,NA,NA,NA,NA,NA,NA,NA,NA,NA,TARGET_GONE,identity no longer active
2026-10-02T16:06:07Z,APP_22001_3033686,22001,3033686,18,1018,202.639,0,0,-1,-1,0,0.999931471,NA,NA,70.000000000,MEASURED_CPU_FAULT,CPU;INTERVAL_FAULTS,NA,NA,NA,NA,NA,NA,NA,NA,NA,NA,NA,NA,NA,NA,NA,NA,NA,NA,NA,NA,NA,NA,NA,TARGET_GONE,identity no longer active
2026-10-02T16:06:08Z,APP_22001_3033686,22001,3033686,18,1019,201.802,0,0,-1,-1,0,0.999931471,NA,NA,70.000000000,MEASURED_CPU_FAULT,CPU;INTERVAL_FAULTS,NA,NA,NA,NA,NA,NA,NA,NA,NA,NA,NA,NA,NA,NA,NA,NA,NA,NA,NA,NA,NA,NA,NA,TARGET_GONE,identity no longer active
2026-10-02T16:06:08Z,APP_22001_3033686,22001,3033686,18,1020,200.866,0,0,-1,-1,0,0.999931471,NA,NA,70.000000000,MEASURED_CPU_FAULT,CPU;INTERVAL_FAULTS,NA,NA,NA,NA,NA,NA,NA,NA,NA,NA,NA,NA,NA,NA,NA,NA,NA,NA,NA,NA,NA,NA,NA,TARGET_GONE,identity no longer active
2026-10-02T16:06:08Z,APP_22001_3033686,22001,3033686,18,1021,192.192,0,0,-1,-1,0,0.999931471,NA,NA,70.000000000,MEASURED_CPU_FAULT,CPU;INTERVAL_FAULTS,NA,NA,NA,NA,NA,NA,NA,NA,NA,NA,NA,NA,NA,NA,NA,NA,NA,NA,NA,NA,NA,NA,NA,TARGET_GONE,identity no longer active
2026-10-02T16:06:08Z,APP_22001_3033686,22001,3033686,18,1022,201.083,0,0,-1,-1,0,0.999931471,NA,NA,70.000000000,MEASURED_CPU_FAULT,CPU;INTERVAL_FAULTS,NA,NA,NA,NA,NA,NA,NA,NA,NA,NA,NA,NA,NA,NA,NA,NA,NA,NA,NA,NA,NA,NA,NA,TARGET_GONE,identity no longer active
2026-10-02T16:06:08Z,APP_22001_3033686,22001,3033686,18,1023,192.000,0,0,-1,-1,0,0.999931471,NA,NA,70.000000000,MEASURED_CPU_FAULT,CPU;INTERVAL_FAULTS,NA,NA,NA,NA,NA,NA,NA,NA,NA,NA,NA,NA,NA,NA,NA,NA,NA,NA,NA,NA,NA,NA,NA,TARGET_GONE,identity no longer active
2026-10-02T16:06:08Z,APP_22001_3033686,22001,3033686,18,1024,201.117,0,0,-1,-1,0,0.999931471,NA,NA,70.000000000,MEASURED_CPU_FAULT,CPU;INTERVAL_FAULTS,NA,NA,NA,NA,NA,NA,NA,NA,NA,NA,NA,NA,NA,NA,NA,NA,NA,NA,NA,NA,NA,NA,NA,TARGET_GONE,identity no longer active
2026-10-02T16:06:08Z,APP_22001_3033686,22001,3033686,18,1025,204.391,0,0,-1,-1,0,0.999931471,NA,NA,70.000000000,MEASURED_CPU_FAULT,CPU;INTERVAL_FAULTS,NA,NA,NA,NA,NA,NA,NA,NA,NA,NA,NA,NA,NA,NA,NA,NA,NA,NA,NA,NA,NA,NA,NA,TARGET_GONE,identity no longer active
2026-10-02T16:06:08Z,APP_22001_3033686,22001,3033686,18,1026,201.802,0,0,-1,-1,0,0.999931471,NA,NA,70.000000000,MEASURED_CPU_FAULT,CPU;INTERVAL_FAULTS,NA,NA,NA,NA,NA,NA,NA,NA,NA,NA,NA,NA,NA,NA,NA,NA,NA,NA,NA,NA,NA,NA,NA,TARGET_GONE,identity no longer active
2026-10-02T16:06:09Z,APP_22001_3033686,22001,3033686,18,1027,202.906,0,0,-1,-1,0,0.999931471,NA,NA,70.000000000,MEASURED_CPU_FAULT,CPU;INTERVAL_FAULTS,NA,NA,NA,NA,NA,NA,NA,NA,NA,NA,NA,NA,NA,NA,NA,NA,NA,NA,NA,NA,NA,NA,NA,TARGET_GONE,identity no longer active
2026-10-02T16:06:09Z,APP_22001_3033686,22001,3033686,18,1028,201.802,0,0,-1,-1,0,0.999931471,NA,NA,70.000000000,MEASURED_CPU_FAULT,CPU;INTERVAL_FAULTS,NA,NA,NA,NA,NA,NA,NA,NA,NA,NA,NA,NA,NA,NA,NA,NA,NA,NA,NA,NA,NA,NA,NA,TARGET_GONE,identity no longer active
2026-10-02T16:06:09Z,APP_22001_3033686,22001,3033686,18,1029,201.083,0,0,-1,-1,0,0.999931471,NA,NA,70.000000000,MEASURED_CPU_FAULT,CPU;INTERVAL_FAULTS,NA,NA,NA,NA,NA,NA,NA,NA,NA,NA,NA,NA,NA,NA,NA,NA,NA,NA,NA,NA,NA,NA,NA,TARGET_GONE,identity no longer active
2026-10-02T16:06:09Z,APP_22001_3033686,22001,3033686,18,1030,192.481,0,0,-1,-1,0,0.999931471,NA,NA,70.000000000,MEASURED_CPU_FAULT,CPU;INTERVAL_FAULTS,NA,NA,NA,NA,NA,NA,NA,NA,NA,NA,NA,NA,NA,NA,NA,NA,NA,NA,NA,NA,NA,NA,NA,TARGET_GONE,identity no longer active
2026-10-02T16:06:09Z,APP_22001_3033686,22001,3033686,18,1031,201.083,0,0,-1,-1,0,0.999931471,NA,NA,70.000000000,MEASURED_CPU_FAULT,CPU;INTERVAL_FAULTS,NA,NA,NA,NA,NA,NA,NA,NA,NA,NA,NA,NA,NA,NA,NA,NA,NA,NA,NA,NA,NA,NA,NA,TARGET_GONE,identity no longer active
2026-10-02T16:06:09Z,APP_22001_3033686,22001,3033686,18,1032,192.000,0,0,-1,-1,0,0.999931471,NA,NA,70.000000000,MEASURED_CPU_FAULT,CPU;INTERVAL_FAULTS,NA,NA,NA,NA,NA,NA,NA,NA,NA,NA,NA,NA,NA,NA,NA,NA,NA,NA,NA,NA,NA,NA,NA,TARGET_GONE,identity no longer active
2026-10-02T16:06:09Z,APP_22001_3033686,22001,3033686,18,1033,200.557,0,0,-1,-1,0,0.999931471,NA,NA,70.000000000,MEASURED_CPU_FAULT,CPU;INTERVAL_FAULTS,NA,NA,NA,NA,NA,NA,NA,NA,NA,NA,NA,NA,NA,NA,NA,NA,NA,NA,NA,NA,NA,NA,NA,TARGET_GONE,identity no longer active
2026-10-02T16:06:09Z,APP_22001_3033686,22001,3033686,18,1034,204.391,0,0,-1,-1,0,0.999931471,NA,NA,70.000000000,MEASURED_CPU_FAULT,CPU;INTERVAL_FAULTS,NA,NA,NA,NA,NA,NA,NA,NA,NA,NA,NA,NA,NA,NA,NA,NA,NA,NA,NA,NA,NA,NA,NA,TARGET_GONE,identity no longer active
2026-10-02T16:06:10Z,APP_22001_3033686,22001,3033686,18,1035,201.499,0,0,-1,-1,0,0.999931471,NA,NA,70.000000000,MEASURED_CPU_FAULT,CPU;INTERVAL_FAULTS,NA,NA,NA,NA,NA,NA,NA,NA,NA,NA,NA,NA,NA,NA,NA,NA,NA,NA,NA,NA,NA,NA,NA,TARGET_GONE,identity no longer active
2026-10-02T16:06:10Z,APP_22001_3033686,22001,3033686,18,1036,202.906,0,0,-1,-1,0,0.999931471,NA,NA,70.000000000,MEASURED_CPU_FAULT,CPU;INTERVAL_FAULTS,NA,NA,NA,NA,NA,NA,NA,NA,NA,NA,NA,NA,NA,NA,NA,NA,NA,NA,NA,NA,NA,NA,NA,TARGET_GONE,identity no longer active
2026-10-02T16:06:10Z,APP_22001_3033686,22001,3033686,18,1037,201.802,0,0,-1,-1,0,0.999931471,NA,NA,70.000000000,MEASURED_CPU_FAULT,CPU;INTERVAL_FAULTS,NA,NA,NA,NA,NA,NA,NA,NA,NA,NA,NA,NA,NA,NA,NA,NA,NA,NA,NA,NA,NA,NA,NA,TARGET_GONE,identity no longer active
2026-10-02T16:06:10Z,APP_22001_3033686,22001,3033686,18,1038,201.083,0,0,-1,-1,0,0.999931471,NA,NA,70.000000000,MEASURED_CPU_FAULT,CPU;INTERVAL_FAULTS,NA,NA,NA,NA,NA,NA,NA,NA,NA,NA,NA,NA,NA,NA,NA,NA,NA,NA,NA,NA,NA,NA,NA,TARGET_GONE,identity no longer active
2026-10-02T16:06:10Z,APP_22001_3033686,22001,3033686,18,1039,191.904,0,0,-1,-1,0,0.999931471,NA,NA,70.000000000,MEASURED_CPU_FAULT,CPU;INTERVAL_FAULTS,NA,NA,NA,NA,NA,NA,NA,NA,NA,NA,NA,NA,NA,NA,NA,NA,NA,NA,NA,NA,NA,NA,NA,TARGET_GONE,identity no longer active
2026-10-02T16:06:10Z,APP_22001_3033686,22001,3033686,18,1040,201.083,0,0,-1,-1,0,0.999931471,NA,NA,70.000000000,MEASURED_CPU_FAULT,CPU;INTERVAL_FAULTS,NA,NA,NA,NA,NA,NA,NA,NA,NA,NA,NA,NA,NA,NA,NA,NA,NA,NA,NA,NA,NA,NA,NA,TARGET_GONE,identity no longer active
2026-10-02T16:06:10Z,APP_22001_3033686,22001,3033686,18,1041,192.771,0,0,-1,-1,0,0.999931471,NA,NA,70.000000000,MEASURED_CPU_FAULT,CPU;INTERVAL_FAULTS,NA,NA,NA,NA,NA,NA,NA,NA,NA,NA,NA,NA,NA,NA,NA,NA,NA,NA,NA,NA,NA,NA,NA,TARGET_GONE,identity no longer active
2026-10-02T16:06:10Z,APP_22001_3033686,22001,3033686,18,1042,203.109,0,0,-1,-1,0,0.999931471,NA,NA,70.000000000,MEASURED_CPU_FAULT,CPU;INTERVAL_FAULTS,NA,NA,NA,NA,NA,NA,NA,NA,NA,NA,NA,NA,NA,NA,NA,NA,NA,NA,NA,NA,NA,NA,NA,TARGET_GONE,identity no longer active
2026-10-02T16:06:11Z,APP_22001_3033686,22001,3033686,18,1043,192.000,0,0,-1,-1,0,0.999931471,NA,NA,70.000000000,MEASURED_CPU_FAULT,CPU;INTERVAL_FAULTS,NA,NA,NA,NA,NA,NA,NA,NA,NA,NA,NA,NA,NA,NA,NA,NA,NA,NA,NA,NA,NA,NA,NA,TARGET_GONE,identity no longer active
2026-10-02T16:06:11Z,APP_22001_3033686,22001,3033686,18,1044,201.802,0,0,-1,-1,0,0.999931471,NA,NA,70.000000000,MEASURED_CPU_FAULT,CPU;INTERVAL_FAULTS,NA,NA,NA,NA,NA,NA,NA,NA,NA,NA,NA,NA,NA,NA,NA,NA,NA,NA,NA,NA,NA,NA,NA,TARGET_GONE,identity no longer active
2026-10-02T16:06:11Z,APP_22001_3033686,22001,3033686,18,1045,204.082,0,0,-1,-1,0,0.999931471,NA,NA,70.000000000,MEASURED_CPU_FAULT,CPU;INTERVAL_FAULTS,NA,NA,NA,NA,NA,NA,NA,NA,NA,NA,NA,NA,NA,NA,NA,NA,NA,NA,NA,NA,NA,NA,NA,TARGET_GONE,identity no longer active
2026-10-02T16:06:11Z,APP_22001_3033686,22001,3033686,18,1046,201.802,0,0,-1,-1,0,0.999931471,NA,NA,70.000000000,MEASURED_CPU_FAULT,CPU;INTERVAL_FAULTS,NA,NA,NA,NA,NA,NA,NA,NA,NA,NA,NA,NA,NA,NA,NA,NA,NA,NA,NA,NA,NA,NA,NA,TARGET_GONE,identity no longer active
2026-10-02T16:06:11Z,APP_22001_3033686,22001,3033686,18,1047,194.967,0,0,-1,-1,0,0.999931471,NA,NA,70.000000000,MEASURED_CPU_FAULT,CPU;INTERVAL_FAULTS,NA,NA,NA,NA,NA,NA,NA,NA,NA,NA,NA,NA,NA,NA,NA,NA,NA,NA,NA,NA,NA,NA,NA,TARGET_GONE,identity no longer active
2026-10-02T16:06:11Z,APP_22001_3033686,22001,3033686,18,1048,210.463,0,0,-1,-1,0,0.999931471,NA,NA,70.000000000,MEASURED_CPU_FAULT,CPU;INTERVAL_FAULTS,NA,NA,NA,NA,NA,NA,NA,NA,NA,NA,NA,NA,NA,NA,NA,NA,NA,NA,NA,NA,NA,NA,NA,TARGET_GONE,identity no longer active
2026-10-02T16:06:11Z,APP_22001_3033686,22001,3033686,18,1049,195.163,0,0,-1,-1,0,0.999931471,NA,NA,70.000000000,MEASURED_CPU_FAULT,CPU;INTERVAL_FAULTS,NA,NA,NA,NA,NA,NA,NA,NA,NA,NA,NA,NA,NA,NA,NA,NA,NA,NA,NA,NA,NA,NA,NA,TARGET_GONE,identity no longer active
2026-10-02T16:06:11Z,APP_22001_3033686,22001,3033686,18,1050,192.000,0,0,-1,-1,0,0.999931471,NA,NA,70.000000000,MEASURED_CPU_FAULT,CPU;INTERVAL_FAULTS,NA,NA,NA,NA,NA,NA,NA,NA,NA,NA,NA,NA,NA,NA,NA,NA,NA,NA,NA,NA,NA,NA,NA,TARGET_GONE,identity no longer active
2026-10-02T16:06:12Z,APP_22001_3033686,22001,3033686,18,1051,200.261,0,0,-1,-1,0,0.999931471,NA,NA,70.000000000,MEASURED_CPU_FAULT,CPU;INTERVAL_FAULTS,NA,NA,NA,NA,NA,NA,NA,NA,NA,NA,NA,NA,NA,NA,NA,NA,NA,NA,NA,NA,NA,NA,NA,TARGET_GONE,identity no longer active
2026-10-02T16:06:12Z,APP_22001_3033686,22001,3033686,18,1052,210.778,0,0,-1,-1,0,0.999931471,NA,NA,70.000000000,MEASURED_CPU_FAULT,CPU;INTERVAL_FAULTS,NA,NA,NA,NA,NA,NA,NA,NA,NA,NA,NA,NA,NA,NA,NA,NA,NA,NA,NA,NA,NA,NA,NA,TARGET_GONE,identity no longer active
2026-10-02T16:06:12Z,APP_22001_3033686,22001,3033686,18,1053,192.192,0,0,-1,-1,0,0.999931471,NA,NA,70.000000000,MEASURED_CPU_FAULT,CPU;INTERVAL_FAULTS,NA,NA,NA,NA,NA,NA,NA,NA,NA,NA,NA,NA,NA,NA,NA,NA,NA,NA,NA,NA,NA,NA,NA,TARGET_GONE,identity no longer active
2026-10-02T16:06:12Z,APP_22001_3033686,22001,3033686,18,1054,203.562,0,0,-1,-1,0,0.999931471,NA,NA,70.000000000,MEASURED_CPU_FAULT,CPU;INTERVAL_FAULTS,NA,NA,NA,NA,NA,NA,NA,NA,NA,NA,NA,NA,NA,NA,NA,NA,NA,NA,NA,NA,NA,NA,NA,TARGET_GONE,identity no longer active
2026-10-02T16:06:12Z,APP_22001_3033686,22001,3033686,18,1055,201.802,0,0,-1,-1,0,0.999931471,NA,NA,70.000000000,MEASURED_CPU_FAULT,CPU;INTERVAL_FAULTS,NA,NA,NA,NA,NA,NA,NA,NA,NA,NA,NA,NA,NA,NA,NA,NA,NA,NA,NA,NA,NA,NA,NA,TARGET_GONE,identity no longer active
2026-10-02T16:06:12Z,APP_22001_3033686,22001,3033686,18,1056,201.893,0,0,-1,-1,0,0.999931471,NA,NA,70.000000000,MEASURED_CPU_FAULT,CPU;INTERVAL_FAULTS,NA,NA,NA,NA,NA,NA,NA,NA,NA,NA,NA,NA,NA,NA,NA,NA,NA,NA,NA,NA,NA,NA,NA,TARGET_GONE,identity no longer active
2026-10-02T16:06:12Z,APP_22001_3033686,22001,3033686,18,1057,191.617,0,0,-1,-1,0,0.999931471,NA,NA,70.000000000,MEASURED_CPU_FAULT,CPU;INTERVAL_FAULTS,NA,NA,NA,NA,NA,NA,NA,NA,NA,NA,NA,NA,NA,NA,NA,NA,NA,NA,NA,NA,NA,NA,NA,TARGET_GONE,identity no longer active
2026-10-02T16:06:12Z,APP_22001_3033686,22001,3033686,18,1058,201.893,0,0,-1,-1,0,0.999931471,NA,NA,70.000000000,MEASURED_CPU_FAULT,CPU;INTERVAL_FAULTS,NA,NA,NA,NA,NA,NA,NA,NA,NA,NA,NA,NA,NA,NA,NA,NA,NA,NA,NA,NA,NA,NA,NA,TARGET_GONE,identity no longer active
2026-10-02T16:06:12Z,APP_22001_3033686,22001,3033686,18,1059,201.499,0,0,-1,-1,0,0.999931471,NA,NA,70.000000000,MEASURED_CPU_FAULT,CPU;INTERVAL_FAULTS,NA,NA,NA,NA,NA,NA,NA,NA,NA,NA,NA,NA,NA,NA,NA,NA,NA,NA,NA,NA,NA,NA,NA,TARGET_GONE,identity no longer active
2026-10-02T16:06:13Z,APP_22001_3033686,22001,3033686,18,1060,197.666,0,0,-1,-1,0,0.999931471,NA,NA,70.000000000,MEASURED_CPU_FAULT,CPU;INTERVAL_FAULTS,NA,NA,NA,NA,NA,NA,NA,NA,NA,NA,NA,NA,NA,NA,NA,NA,NA,NA,NA,NA,NA,NA,NA,TARGET_GONE,identity no longer active
2026-10-02T16:06:13Z,APP_22001_3033686,22001,3033686,18,1061,211.411,0,0,-1,-1,0,0.999931471,NA,NA,70.000000000,MEASURED_CPU_FAULT,CPU;INTERVAL_FAULTS,NA,NA,NA,NA,NA,NA,NA,NA,NA,NA,NA,NA,NA,NA,NA,NA,NA,NA,NA,NA,NA,NA,NA,TARGET_GONE,identity no longer active
2026-10-02T16:06:13Z,APP_22001_3033686,22001,3033686,18,1062,200.897,0,0,-1,-1,0,0.999931471,NA,NA,70.000000000,MEASURED_CPU_FAULT,CPU;INTERVAL_FAULTS,NA,NA,NA,NA,NA,NA,NA,NA,NA,NA,NA,NA,NA,NA,NA,NA,NA,NA,NA,NA,NA,NA,NA,TARGET_GONE,identity no longer active
2026-10-02T16:06:13Z,APP_22001_3033686,22001,3033686,18,1063,195.918,0,0,-1,-1,0,0.999931471,NA,NA,70.000000000,MEASURED_CPU_FAULT,CPU;INTERVAL_FAULTS,NA,NA,NA,NA,NA,NA,NA,NA,NA,NA,NA,NA,NA,NA,NA,NA,NA,NA,NA,NA,NA,NA,NA,TARGET_GONE,identity no longer active
2026-10-02T16:06:13Z,APP_22001_3033686,22001,3033686,18,1064,201.802,0,0,-1,-1,0,0.999931471,NA,NA,70.000000000,MEASURED_CPU_FAULT,CPU;INTERVAL_FAULTS,NA,NA,NA,NA,NA,NA,NA,NA,NA,NA,NA,NA,NA,NA,NA,NA,NA,NA,NA,NA,NA,NA,NA,TARGET_GONE,identity no longer active
2026-10-02T16:06:13Z,APP_22001_3033686,22001,3033686,18,1065,201.893,0,0,-1,-1,0,0.999931471,NA,NA,70.000000000,MEASURED_CPU_FAULT,CPU;INTERVAL_FAULTS,NA,NA,NA,NA,NA,NA,NA,NA,NA,NA,NA,NA,NA,NA,NA,NA,NA,NA,NA,NA,NA,NA,NA,TARGET_GONE,identity no longer active
2026-10-02T16:06:13Z,APP_22001_3033686,22001,3033686,18,1066,201.198,0,0,-1,-1,0,0.999931471,NA,NA,70.000000000,MEASURED_CPU_FAULT,CPU;INTERVAL_FAULTS,NA,NA,NA,NA,NA,NA,NA,NA,NA,NA,NA,NA,NA,NA,NA,NA,NA,NA,NA,NA,NA,NA,NA,TARGET_GONE,identity no longer active
2026-10-02T16:06:13Z,APP_22001_3033686,22001,3033686,18,1067,201.681,0,0,-1,-1,0,0.999931471,NA,NA,70.000000000,MEASURED_CPU_FAULT,CPU;INTERVAL_FAULTS,NA,NA,NA,NA,NA,NA,NA,NA,NA,NA,NA,NA,NA,NA,NA,NA,NA,NA,NA,NA,NA,NA,NA,TARGET_GONE,identity no longer active
2026-10-02T16:06:14Z,APP_22001_3033686,22001,3033686,18,1068,201.499,0,0,-1,-1,0,0.999931471,NA,NA,70.000000000,MEASURED_CPU_FAULT,CPU;INTERVAL_FAULTS,NA,NA,NA,NA,NA,NA,NA,NA,NA,NA,NA,NA,NA,NA,NA,NA,NA,NA,NA,NA,NA,NA,NA,TARGET_GONE,identity no longer active
2026-10-02T16:06:14Z,APP_22001_3033686,22001,3033686,18,1069,197.531,0,0,-1,-1,0,0.999931471,NA,NA,70.000000000,MEASURED_CPU_FAULT,CPU;INTERVAL_FAULTS,NA,NA,NA,NA,NA,NA,NA,NA,NA,NA,NA,NA,NA,NA,NA,NA,NA,NA,NA,NA,NA,NA,NA,TARGET_GONE,identity no longer active
2026-10-02T16:06:14Z,APP_22001_3033686,22001,3033686,18,1070,210.778,0,0,-1,-1,0,0.999931471,NA,NA,70.000000000,MEASURED_CPU_FAULT,CPU;INTERVAL_FAULTS,NA,NA,NA,NA,NA,NA,NA,NA,NA,NA,NA,NA,NA,NA,NA,NA,NA,NA,NA,NA,NA,NA,NA,TARGET_GONE,identity no longer active
2026-10-02T16:06:14Z,APP_22001_3033686,22001,3033686,18,1071,201.802,0,0,-1,-1,0,0.999931471,NA,NA,70.000000000,MEASURED_CPU_FAULT,CPU;INTERVAL_FAULTS,NA,NA,NA,NA,NA,NA,NA,NA,NA,NA,NA,NA,NA,NA,NA,NA,NA,NA,NA,NA,NA,NA,NA,TARGET_GONE,identity no longer active
2026-10-02T16:06:14Z,APP_22001_3033686,22001,3033686,18,1072,195.420,0,0,-1,-1,0,0.999931471,NA,NA,70.000000000,MEASURED_CPU_FAULT,CPU;INTERVAL_FAULTS,NA,NA,NA,NA,NA,NA,NA,NA,NA,NA,NA,NA,NA,NA,NA,NA,NA,NA,NA,NA,NA,NA,NA,TARGET_GONE,identity no longer active
2026-10-02T16:06:14Z,APP_22001_3033686,22001,3033686,18,1073,201.499,0,0,-1,-1,0,0.999931471,NA,NA,70.000000000,MEASURED_CPU_FAULT,CPU;INTERVAL_FAULTS,NA,NA,NA,NA,NA,NA,NA,NA,NA,NA,NA,NA,NA,NA,NA,NA,NA,NA,NA,NA,NA,NA,NA,TARGET_GONE,identity no longer active
2026-10-02T16:06:14Z,APP_22001_3033686,22001,3033686,18,1074,201.893,0,0,-1,-1,0,0.999931471,NA,NA,70.000000000,MEASURED_CPU_FAULT,CPU;INTERVAL_FAULTS,NA,NA,NA,NA,NA,NA,NA,NA,NA,NA,NA,NA,NA,NA,NA,NA,NA,NA,NA,NA,NA,NA,NA,TARGET_GONE,identity no longer active
2026-10-02T16:06:14Z,APP_22001_3033686,22001,3033686,18,1075,201.499,0,0,-1,-1,0,0.999931471,NA,NA,70.000000000,MEASURED_CPU_FAULT,CPU;INTERVAL_FAULTS,NA,NA,NA,NA,NA,NA,NA,NA,NA,NA,NA,NA,NA,NA,NA,NA,NA,NA,NA,NA,NA,NA,NA,TARGET_GONE,identity no longer active
2026-10-02T16:06:15Z,APP_22001_3033686,22001,3033686,18,1076,194.753,0,0,-1,-1,0,0.999931471,NA,NA,70.000000000,MEASURED_CPU_FAULT,CPU;INTERVAL_FAULTS,NA,NA,NA,NA,NA,NA,NA,NA,NA,NA,NA,NA,NA,NA,NA,NA,NA,NA,NA,NA,NA,NA,NA,TARGET_GONE,identity no longer active
2026-10-02T16:06:15Z,APP_22001_3033686,22001,3033686,18,1077,201.499,0,0,-1,-1,0,0.999931471,NA,NA,70.000000000,MEASURED_CPU_FAULT,CPU;INTERVAL_FAULTS,NA,NA,NA,NA,NA,NA,NA,NA,NA,NA,NA,NA,NA,NA,NA,NA,NA,NA,NA,NA,NA,NA,NA,TARGET_GONE,identity no longer active
2026-10-02T16:06:15Z,APP_22001_3033686,22001,3033686,18,1078,202.895,0,0,-1,-1,0,0.999931471,NA,NA,70.000000000,MEASURED_CPU_FAULT,CPU;INTERVAL_FAULTS,NA,NA,NA,NA,NA,NA,NA,NA,NA,NA,NA,NA,NA,NA,NA,NA,NA,NA,NA,NA,NA,NA,NA,TARGET_GONE,identity no longer active
2026-10-02T16:06:15Z,APP_22001_3033686,22001,3033686,18,1079,191.617,0,0,-1,-1,0,0.999931471,NA,NA,70.000000000,MEASURED_CPU_FAULT,CPU;INTERVAL_FAULTS,NA,NA,NA,NA,NA,NA,NA,NA,NA,NA,NA,NA,NA,NA,NA,NA,NA,NA,NA,NA,NA,NA,NA,TARGET_GONE,identity no longer active
2026-10-02T16:06:15Z,APP_22001_3033686,22001,3033686,18,1080,201.802,0,0,-1,-1,0,0.999931471,NA,NA,70.000000000,MEASURED_CPU_FAULT,CPU;INTERVAL_FAULTS,NA,NA,NA,NA,NA,NA,NA,NA,NA,NA,NA,NA,NA,NA,NA,NA,NA,NA,NA,NA,NA,NA,NA,TARGET_GONE,identity no longer active
2026-10-02T16:06:15Z,APP_22001_3033686,22001,3033686,18,1081,203.822,0,0,-1,-1,0,0.999931471,NA,NA,70.000000000,MEASURED_CPU_FAULT,CPU;INTERVAL_FAULTS,NA,NA,NA,NA,NA,NA,NA,NA,NA,NA,NA,NA,NA,NA,NA,NA,NA,NA,NA,NA,NA,NA,NA,TARGET_GONE,identity no longer active
2026-10-02T16:06:15Z,APP_22001_3033686,22001,3033686,18,1082,192.192,0,0,-1,-1,0,0.999931471,NA,NA,70.000000000,MEASURED_CPU_FAULT,CPU;INTERVAL_FAULTS,NA,NA,NA,NA,NA,NA,NA,NA,NA,NA,NA,NA,NA,NA,NA,NA,NA,NA,NA,NA,NA,NA,NA,TARGET_GONE,identity no longer active
2026-10-02T16:06:15Z,APP_22001_3033686,22001,3033686,18,1083,201.681,0,0,-1,-1,0,0.999931471,NA,NA,70.000000000,MEASURED_CPU_FAULT,CPU;INTERVAL_FAULTS,NA,NA,NA,NA,NA,NA,NA,NA,NA,NA,NA,NA,NA,NA,NA,NA,NA,NA,NA,NA,NA,NA,NA,TARGET_GONE,identity no longer active
2026-10-02T16:06:16Z,APP_22001_3033686,22001,3033686,18,1084,201.499,0,0,-1,-1,0,0.999931471,NA,NA,70.000000000,MEASURED_CPU_FAULT,CPU;INTERVAL_FAULTS,NA,NA,NA,NA,NA,NA,NA,NA,NA,NA,NA,NA,NA,NA,NA,NA,NA,NA,NA,NA,NA,NA,NA,TARGET_GONE,identity no longer active
2026-10-02T16:06:16Z,APP_22001_3033686,22001,3033686,18,1085,200.810,0,0,-1,-1,0,0.999931471,NA,NA,70.000000000,MEASURED_CPU_FAULT,CPU;INTERVAL_FAULTS,NA,NA,NA,NA,NA,NA,NA,NA,NA,NA,NA,NA,NA,NA,NA,NA,NA,NA,NA,NA,NA,NA,NA,TARGET_GONE,identity no longer active
2026-10-02T16:06:16Z,APP_22001_3033686,22001,3033686,18,1086,201.198,0,0,-1,-1,0,0.999931471,NA,NA,70.000000000,MEASURED_CPU_FAULT,CPU;INTERVAL_FAULTS,NA,NA,NA,NA,NA,NA,NA,NA,NA,NA,NA,NA,NA,NA,NA,NA,NA,NA,NA,NA,NA,NA,NA,TARGET_GONE,identity no longer active
2026-10-02T16:06:16Z,APP_22001_3033686,22001,3033686,18,1087,199.146,0,0,-1,-1,0,0.999931471,NA,NA,70.000000000,MEASURED_CPU_FAULT,CPU;INTERVAL_FAULTS,NA,NA,NA,NA,NA,NA,NA,NA,NA,NA,NA,NA,NA,NA,NA,NA,NA,NA,NA,NA,NA,NA,NA,TARGET_GONE,identity no longer active
2026-10-02T16:06:16Z,APP_22001_3033686,22001,3033686,18,1088,192.192,0,0,-1,-1,0,0.999931471,NA,NA,70.000000000,MEASURED_CPU_FAULT,CPU;INTERVAL_FAULTS,NA,NA,NA,NA,NA,NA,NA,NA,NA,NA,NA,NA,NA,NA,NA,NA,NA,NA,NA,NA,NA,NA,NA,TARGET_GONE,identity no longer active
2026-10-02T16:06:16Z,APP_22001_3033686,22001,3033686,18,1089,201.802,0,0,-1,-1,0,0.999931471,NA,NA,70.000000000,MEASURED_CPU_FAULT,CPU;INTERVAL_FAULTS,NA,NA,NA,NA,NA,NA,NA,NA,NA,NA,NA,NA,NA,NA,NA,NA,NA,NA,NA,NA,NA,NA,NA,TARGET_GONE,identity no longer active
2026-10-02T16:06:16Z,APP_22001_3033686,22001,3033686,18,1090,197.574,0,0,-1,-1,0,0.999931471,NA,NA,70.000000000,MEASURED_CPU_FAULT,CPU;INTERVAL_FAULTS,NA,NA,NA,NA,NA,NA,NA,NA,NA,NA,NA,NA,NA,NA,NA,NA,NA,NA,NA,NA,NA,NA,NA,TARGET_GONE,identity no longer active
2026-10-02T16:06:16Z,APP_22001_3033686,22001,3033686,18,1091,201.499,0,0,-1,-1,0,0.999931471,NA,NA,70.000000000,MEASURED_CPU_FAULT,CPU;INTERVAL_FAULTS,NA,NA,NA,NA,NA,NA,NA,NA,NA,NA,NA,NA,NA,NA,NA,NA,NA,NA,NA,NA,NA,NA,NA,TARGET_GONE,identity no longer active
2026-10-02T16:06:17Z,APP_22001_3033686,22001,3033686,18,1092,202.985,0,0,-1,-1,0,0.999931471,NA,NA,70.000000000,MEASURED_CPU_FAULT,CPU;INTERVAL_FAULTS,NA,NA,NA,NA,NA,NA,NA,NA,NA,NA,NA,NA,NA,NA,NA,NA,NA,NA,NA,NA,NA,NA,NA,TARGET_GONE,identity no longer active
2026-10-02T16:06:17Z,APP_22001_3033686,22001,3033686,18,1093,191.617,0,0,-1,-1,0,0.999931471,NA,NA,70.000000000,MEASURED_CPU_FAULT,CPU;INTERVAL_FAULTS,NA,NA,NA,NA,NA,NA,NA,NA,NA,NA,NA,NA,NA,NA,NA,NA,NA,NA,NA,NA,NA,NA,NA,TARGET_GONE,identity no longer active
2026-10-02T16:06:17Z,APP_22001_3033686,22001,3033686,18,1094,202.607,0,0,-1,-1,0,0.999931471,NA,NA,70.000000000,MEASURED_CPU_FAULT,CPU;INTERVAL_FAULTS,NA,NA,NA,NA,NA,NA,NA,NA,NA,NA,NA,NA,NA,NA,NA,NA,NA,NA,NA,NA,NA,NA,NA,TARGET_GONE,identity no longer active
2026-10-02T16:06:17Z,APP_22001_3033686,22001,3033686,18,1095,200.104,0,0,-1,-1,0,0.999931471,NA,NA,70.000000000,MEASURED_CPU_FAULT,CPU;INTERVAL_FAULTS,NA,NA,NA,NA,NA,NA,NA,NA,NA,NA,NA,NA,NA,NA,NA,NA,NA,NA,NA,NA,NA,NA,NA,TARGET_GONE,identity no longer active
2026-10-02T16:06:17Z,APP_22001_3033686,22001,3033686,18,1096,191.617,0,0,-1,-1,0,0.999931471,NA,NA,70.000000000,MEASURED_CPU_FAULT,CPU;INTERVAL_FAULTS,NA,NA,NA,NA,NA,NA,NA,NA,NA,NA,NA,NA,NA,NA,NA,NA,NA,NA,NA,NA,NA,NA,NA,TARGET_GONE,identity no longer active
2026-10-02T16:06:17Z,APP_22001_3033686,22001,3033686,18,1097,201.499,0,0,-1,-1,0,0.999931471,NA,NA,70.000000000,MEASURED_CPU_FAULT,CPU;INTERVAL_FAULTS,NA,NA,NA,NA,NA,NA,NA,NA,NA,NA,NA,NA,NA,NA,NA,NA,NA,NA,NA,NA,NA,NA,NA,TARGET_GONE,identity no longer active
2026-10-02T16:06:18Z,APP_22001_3033686,22001,3033686,18,1098,203.732,0,0,-1,-1,0,0.999931471,NA,NA,70.000000000,MEASURED_CPU_FAULT,CPU;INTERVAL_FAULTS,NA,NA,NA,NA,NA,NA,NA,NA,NA,NA,NA,NA,NA,NA,NA,NA,NA,NA,NA,NA,NA,NA,NA,TARGET_GONE,identity no longer active
2026-10-02T16:06:18Z,APP_22001_3033686,22001,3033686,18,1099,201.499,0,0,-1,-1,0,0.999931471,NA,NA,70.000000000,MEASURED_CPU_FAULT,CPU;INTERVAL_FAULTS,NA,NA,NA,NA,NA,NA,NA,NA,NA,NA,NA,NA,NA,NA,NA,NA,NA,NA,NA,NA,NA,NA,NA,TARGET_GONE,identity no longer active
2026-10-02T16:06:18Z,APP_22001_3033686,22001,3033686,18,1100,196.648,0,0,-1,-1,0,0.999931471,NA,NA,70.000000000,MEASURED_CPU_FAULT,CPU;INTERVAL_FAULTS,NA,NA,NA,NA,NA,NA,NA,NA,NA,NA,NA,NA,NA,NA,NA,NA,NA,NA,NA,NA,NA,NA,NA,TARGET_GONE,identity no longer active
2026-10-02T16:06:18Z,APP_22001_3033686,22001,3033686,18,1101,201.198,0,0,-1,-1,0,0.999931471,NA,NA,70.000000000,MEASURED_CPU_FAULT,CPU;INTERVAL_FAULTS,NA,NA,NA,NA,NA,NA,NA,NA,NA,NA,NA,NA,NA,NA,NA,NA,NA,NA,NA,NA,NA,NA,NA,TARGET_GONE,identity no longer active
2026-10-02T16:06:18Z,APP_22001_3033686,22001,3033686,18,1102,202.796,0,0,-1,-1,0,0.999931471,NA,NA,70.000000000,MEASURED_CPU_FAULT,CPU;INTERVAL_FAULTS,NA,NA,NA,NA,NA,NA,NA,NA,NA,NA,NA,NA,NA,NA,NA,NA,NA,NA,NA,NA,NA,NA,NA,TARGET_GONE,identity no longer active
2026-10-02T16:06:18Z,APP_22001_3033686,22001,3033686,18,1103,199.344,0,0,-1,-1,0,0.999931471,NA,NA,70.000000000,MEASURED_CPU_FAULT,CPU;INTERVAL_FAULTS,NA,NA,NA,NA,NA,NA,NA,NA,NA,NA,NA,NA,NA,NA,NA,NA,NA,NA,NA,NA,NA,NA,NA,TARGET_GONE,identity no longer active
2026-10-02T16:06:18Z,APP_22001_3033686,22001,3033686,18,1104,191.617,0,0,-1,-1,0,0.999931471,NA,NA,70.000000000,MEASURED_CPU_FAULT,CPU;INTERVAL_FAULTS,NA,NA,NA,NA,NA,NA,NA,NA,NA,NA,NA,NA,NA,NA,NA,NA,NA,NA,NA,NA,NA,NA,NA,TARGET_GONE,identity no longer active
2026-10-02T16:06:19Z,APP_22001_3033686,22001,3033686,18,1105,211.094,0,0,-1,-1,0,0.999931471,NA,NA,70.000000000,MEASURED_CPU_FAULT,CPU;INTERVAL_FAULTS,NA,NA,NA,NA,NA,NA,NA,NA,NA,NA,NA,NA,NA,NA,NA,NA,NA,NA,NA,NA,NA,NA,NA,TARGET_GONE,identity no longer active
2026-10-02T16:06:19Z,APP_22001_3033686,22001,3033686,18,1106,197.792,0,0,-1,-1,0,0.999931471,NA,NA,70.000000000,MEASURED_CPU_FAULT,CPU;INTERVAL_FAULTS,NA,NA,NA,NA,NA,NA,NA,NA,NA,NA,NA,NA,NA,NA,NA,NA,NA,NA,NA,NA,NA,NA,NA,TARGET_GONE,identity no longer active
2026-10-02T16:06:19Z,APP_22001_3033686,22001,3033686,18,1107,191.617,0,0,-1,-1,0,0.999931471,NA,NA,70.000000000,MEASURED_CPU_FAULT,CPU;INTERVAL_FAULTS,NA,NA,NA,NA,NA,NA,NA,NA,NA,NA,NA,NA,NA,NA,NA,NA,NA,NA,NA,NA,NA,NA,NA,TARGET_GONE,identity no longer active
2026-10-02T16:06:19Z,APP_22001_3033686,22001,3033686,18,1108,202.796,0,0,-1,-1,0,0.999931471,NA,NA,70.000000000,MEASURED_CPU_FAULT,CPU;INTERVAL_FAULTS,NA,NA,NA,NA,NA,NA,NA,NA,NA,NA,NA,NA,NA,NA,NA,NA,NA,NA,NA,NA,NA,NA,NA,TARGET_GONE,identity no longer active
2026-10-02T16:06:19Z,APP_22001_3033686,22001,3033686,18,1109,201.198,0,0,-1,-1,0,0.999931471,NA,NA,70.000000000,MEASURED_CPU_FAULT,CPU;INTERVAL_FAULTS,NA,NA,NA,NA,NA,NA,NA,NA,NA,NA,NA,NA,NA,NA,NA,NA,NA,NA,NA,NA,NA,NA,NA,TARGET_GONE,identity no longer active
2026-10-02T16:06:19Z,APP_22001_3033686,22001,3033686,18,1110,197.413,0,0,-1,-1,0,0.999931471,NA,NA,70.000000000,MEASURED_CPU_FAULT,CPU;INTERVAL_FAULTS,NA,NA,NA,NA,NA,NA,NA,NA,NA,NA,NA,NA,NA,NA,NA,NA,NA,NA,NA,NA,NA,NA,NA,TARGET_GONE,identity no longer active
2026-10-02T16:06:19Z,APP_22001_3033686,22001,3033686,18,1111,201.499,0,0,-1,-1,0,0.999931471,NA,NA,70.000000000,MEASURED_CPU_FAULT,CPU;INTERVAL_FAULTS,NA,NA,NA,NA,NA,NA,NA,NA,NA,NA,NA,NA,NA,NA,NA,NA,NA,NA,NA,NA,NA,NA,NA,TARGET_GONE,identity no longer active
2026-10-02T16:06:19Z,APP_22001_3033686,22001,3033686,18,1112,199.495,0,0,-1,-1,0,0.999931471,NA,NA,70.000000000,MEASURED_CPU_FAULT,CPU;INTERVAL_FAULTS,NA,NA,NA,NA,NA,NA,NA,NA,NA,NA,NA,NA,NA,NA,NA,NA,NA,NA,NA,NA,NA,NA,NA,TARGET_GONE,identity no longer active
2026-10-02T16:06:20Z,APP_22001_3033686,22001,3033686,18,1113,210.778,0,0,-1,-1,0,0.999931471,NA,NA,70.000000000,MEASURED_CPU_FAULT,CPU;INTERVAL_FAULTS,NA,NA,NA,NA,NA,NA,NA,NA,NA,NA,NA,NA,NA,NA,NA,NA,NA,NA,NA,NA,NA,NA,NA,TARGET_GONE,identity no longer active
2026-10-02T16:06:20Z,APP_22001_3033686,22001,3033686,18,1114,202.105,0,0,-1,-1,0,0.999931471,NA,NA,70.000000000,MEASURED_CPU_FAULT,CPU;INTERVAL_FAULTS,NA,NA,NA,NA,NA,NA,NA,NA,NA,NA,NA,NA,NA,NA,NA,NA,NA,NA,NA,NA,NA,NA,NA,TARGET_GONE,identity no longer active
2026-10-02T16:06:20Z,APP_22001_3033686,22001,3033686,18,1115,191.045,0,0,-1,-1,0,0.999931471,NA,NA,70.000000000,MEASURED_CPU_FAULT,CPU;INTERVAL_FAULTS,NA,NA,NA,NA,NA,NA,NA,NA,NA,NA,NA,NA,NA,NA,NA,NA,NA,NA,NA,NA,NA,NA,NA,TARGET_GONE,identity no longer active
2026-10-02T16:06:20Z,APP_22001_3033686,22001,3033686,18,1116,201.802,0,0,-1,-1,0,0.999931471,NA,NA,70.000000000,MEASURED_CPU_FAULT,CPU;INTERVAL_FAULTS,NA,NA,NA,NA,NA,NA,NA,NA,NA,NA,NA,NA,NA,NA,NA,NA,NA,NA,NA,NA,NA,NA,NA,TARGET_GONE,identity no longer active
2026-10-02T16:06:20Z,APP_22001_3033686,22001,3033686,18,1117,200.810,0,0,-1,-1,0,0.999931471,NA,NA,70.000000000,MEASURED_CPU_FAULT,CPU;INTERVAL_FAULTS,NA,NA,NA,NA,NA,NA,NA,NA,NA,NA,NA,NA,NA,NA,NA,NA,NA,NA,NA,NA,NA,NA,NA,TARGET_GONE,identity no longer active
2026-10-02T16:06:20Z,APP_22001_3033686,22001,3033686,18,1118,201.499,0,0,-1,-1,0,0.999931471,NA,NA,70.000000000,MEASURED_CPU_FAULT,CPU;INTERVAL_FAULTS,NA,NA,NA,NA,NA,NA,NA,NA,NA,NA,NA,NA,NA,NA,NA,NA,NA,NA,NA,NA,NA,NA,NA,TARGET_GONE,identity no longer active
2026-10-02T16:06:20Z,APP_22001_3033686,22001,3033686,18,1119,201.972,0,0,-1,-1,0,0.999931471,NA,NA,70.000000000,MEASURED_CPU_FAULT,CPU;INTERVAL_FAULTS,NA,NA,NA,NA,NA,NA,NA,NA,NA,NA,NA,NA,NA,NA,NA,NA,NA,NA,NA,NA,NA,NA,NA,TARGET_GONE,identity no longer active
2026-10-02T16:06:20Z,APP_22001_3033686,22001,3033686,18,1120,202.105,0,0,-1,-1,0,0.999931471,NA,NA,70.000000000,MEASURED_CPU_FAULT,CPU;INTERVAL_FAULTS,NA,NA,NA,NA,NA,NA,NA,NA,NA,NA,NA,NA,NA,NA,NA,NA,NA,NA,NA,NA,NA,NA,NA,TARGET_GONE,identity no longer active
2026-10-02T16:06:21Z,APP_22001_3033686,22001,3033686,18,1121,200.272,0,0,-1,-1,0,0.999931471,NA,NA,70.000000000,MEASURED_CPU_FAULT,CPU;INTERVAL_FAULTS,NA,NA,NA,NA,NA,NA,NA,NA,NA,NA,NA,NA,NA,NA,NA,NA,NA,NA,NA,NA,NA,NA,NA,TARGET_GONE,identity no longer active
2026-10-02T16:06:21Z,APP_22001_3033686,22001,3033686,18,1122,192.192,0,0,-1,-1,0,0.999931471,NA,NA,70.000000000,MEASURED_CPU_FAULT,CPU;INTERVAL_FAULTS,NA,NA,NA,NA,NA,NA,NA,NA,NA,NA,NA,NA,NA,NA,NA,NA,NA,NA,NA,NA,NA,NA,NA,TARGET_GONE,identity no longer active
2026-10-02T16:06:21Z,APP_22001_3033686,22001,3033686,18,1123,201.198,0,0,-1,-1,0,0.999931471,NA,NA,70.000000000,MEASURED_CPU_FAULT,CPU;INTERVAL_FAULTS,NA,NA,NA,NA,NA,NA,NA,NA,NA,NA,NA,NA,NA,NA,NA,NA,NA,NA,NA,NA,NA,NA,NA,TARGET_GONE,identity no longer active
2026-10-02T16:06:21Z,APP_22001_3033686,22001,3033686,18,1124,195.122,0,0,-1,-1,0,0.999931471,NA,NA,70.000000000,MEASURED_CPU_FAULT,CPU;INTERVAL_FAULTS,NA,NA,NA,NA,NA,NA,NA,NA,NA,NA,NA,NA,NA,NA,NA,NA,NA,NA,NA,NA,NA,NA,NA,TARGET_GONE,identity no longer active
2026-10-02T16:06:21Z,APP_22001_3033686,22001,3033686,18,1125,201.198,0,0,-1,-1,0,0.999931471,NA,NA,70.000000000,MEASURED_CPU_FAULT,CPU;INTERVAL_FAULTS,NA,NA,NA,NA,NA,NA,NA,NA,NA,NA,NA,NA,NA,NA,NA,NA,NA,NA,NA,NA,NA,NA,NA,TARGET_GONE,identity no longer active
2026-10-02T16:06:21Z,APP_22001_3033686,22001,3033686,18,1126,208.185,0,0,-1,-1,0,0.999931471,NA,NA,70.000000000,MEASURED_CPU_FAULT,CPU;INTERVAL_FAULTS,NA,NA,NA,NA,NA,NA,NA,NA,NA,NA,NA,NA,NA,NA,NA,NA,NA,NA,NA,NA,NA,NA,NA,TARGET_GONE,identity no longer active
2026-10-02T16:06:21Z,APP_22001_3033686,22001,3033686,18,1127,192.192,0,0,-1,-1,0,0.999931471,NA,NA,70.000000000,MEASURED_CPU_FAULT,CPU;INTERVAL_FAULTS,NA,NA,NA,NA,NA,NA,NA,NA,NA,NA,NA,NA,NA,NA,NA,NA,NA,NA,NA,NA,NA,NA,NA,TARGET_GONE,identity no longer active
2026-10-02T16:06:21Z,APP_22001_3033686,22001,3033686,18,1128,201.681,0,0,-1,-1,0,0.999931471,NA,NA,70.000000000,MEASURED_CPU_FAULT,CPU;INTERVAL_FAULTS,NA,NA,NA,NA,NA,NA,NA,NA,NA,NA,NA,NA,NA,NA,NA,NA,NA,NA,NA,NA,NA,NA,NA,TARGET_GONE,identity no longer active
2026-10-02T16:06:22Z,APP_22001_3033686,22001,3033686,18,1129,201.499,0,0,-1,-1,0,0.999931471,NA,NA,70.000000000,MEASURED_CPU_FAULT,CPU;INTERVAL_FAULTS,NA,NA,NA,NA,NA,NA,NA,NA,NA,NA,NA,NA,NA,NA,NA,NA,NA,NA,NA,NA,NA,NA,NA,TARGET_GONE,identity no longer active
2026-10-02T16:06:22Z,APP_22001_3033686,22001,3033686,18,1130,195.785,0,0,-1,-1,0,0.999931471,NA,NA,70.000000000,MEASURED_CPU_FAULT,CPU;INTERVAL_FAULTS,NA,NA,NA,NA,NA,NA,NA,NA,NA,NA,NA,NA,NA,NA,NA,NA,NA,NA,NA,NA,NA,NA,NA,TARGET_GONE,identity no longer active
2026-10-02T16:06:22Z,APP_22001_3033686,22001,3033686,18,1131,210.149,0,0,-1,-1,0,0.999931471,NA,NA,70.000000000,MEASURED_CPU_FAULT,CPU;INTERVAL_FAULTS,NA,NA,NA,NA,NA,NA,NA,NA,NA,NA,NA,NA,NA,NA,NA,NA,NA,NA,NA,NA,NA,NA,NA,TARGET_GONE,identity no longer active
2026-10-02T16:06:22Z,APP_22001_3033686,22001,3033686,18,1132,202.105,0,0,-1,-1,0,0.999931471,NA,NA,70.000000000,MEASURED_CPU_FAULT,CPU;INTERVAL_FAULTS,NA,NA,NA,NA,NA,NA,NA,NA,NA,NA,NA,NA,NA,NA,NA,NA,NA,NA,NA,NA,NA,NA,NA,TARGET_GONE,identity no longer active
2026-10-02T16:06:22Z,APP_22001_3033686,22001,3033686,18,1133,194.647,0,0,-1,-1,0,0.999931471,NA,NA,70.000000000,MEASURED_CPU_FAULT,CPU;INTERVAL_FAULTS,NA,NA,NA,NA,NA,NA,NA,NA,NA,NA,NA,NA,NA,NA,NA,NA,NA,NA,NA,NA,NA,NA,NA,TARGET_GONE,identity no longer active
2026-10-02T16:06:22Z,APP_22001_3033686,22001,3033686,18,1134,211.094,0,0,-1,-1,0,0.999931471,NA,NA,70.000000000,MEASURED_CPU_FAULT,CPU;INTERVAL_FAULTS,NA,NA,NA,NA,NA,NA,NA,NA,NA,NA,NA,NA,NA,NA,NA,NA,NA,NA,NA,NA,NA,NA,NA,TARGET_GONE,identity no longer active
2026-10-02T16:06:22Z,APP_22001_3033686,22001,3033686,18,1135,191.538,0,0,-1,-1,0,0.999931471,NA,NA,70.000000000,MEASURED_CPU_FAULT,CPU;INTERVAL_FAULTS,NA,NA,NA,NA,NA,NA,NA,NA,NA,NA,NA,NA,NA,NA,NA,NA,NA,NA,NA,NA,NA,NA,NA,TARGET_GONE,identity no longer active
2026-10-02T16:06:22Z,APP_22001_3033686,22001,3033686,18,1136,201.802,0,0,-1,-1,0,0.999931471,NA,NA,70.000000000,MEASURED_CPU_FAULT,CPU;INTERVAL_FAULTS,NA,NA,NA,NA,NA,NA,NA,NA,NA,NA,NA,NA,NA,NA,NA,NA,NA,NA,NA,NA,NA,NA,NA,TARGET_GONE,identity no longer active
2026-10-02T16:06:23Z,APP_22001_3033686,22001,3033686,18,1137,200.607,0,0,-1,-1,0,0.999931471,NA,NA,70.000000000,MEASURED_CPU_FAULT,CPU;INTERVAL_FAULTS,NA,NA,NA,NA,NA,NA,NA,NA,NA,NA,NA,NA,NA,NA,NA,NA,NA,NA,NA,NA,NA,NA,NA,TARGET_GONE,identity no longer active
2026-10-02T16:06:23Z,APP_22001_3033686,22001,3033686,18,1138,201.499,0,0,-1,-1,0,0.999931471,NA,NA,70.000000000,MEASURED_CPU_FAULT,CPU;INTERVAL_FAULTS,NA,NA,NA,NA,NA,NA,NA,NA,NA,NA,NA,NA,NA,NA,NA,NA,NA,NA,NA,NA,NA,NA,NA,TARGET_GONE,identity no longer active
2026-10-02T16:06:23Z,APP_22001_3033686,22001,3033686,18,1139,201.093,0,0,-1,-1,0,0.999931471,NA,NA,70.000000000,MEASURED_CPU_FAULT,CPU;INTERVAL_FAULTS,NA,NA,NA,NA,NA,NA,NA,NA,NA,NA,NA,NA,NA,NA,NA,NA,NA,NA,NA,NA,NA,NA,NA,TARGET_GONE,identity no longer active
2026-10-02T16:06:23Z,APP_22001_3033686,22001,3033686,18,1140,191.617,0,0,-1,-1,0,0.999931471,NA,NA,70.000000000,MEASURED_CPU_FAULT,CPU;INTERVAL_FAULTS,NA,NA,NA,NA,NA,NA,NA,NA,NA,NA,NA,NA,NA,NA,NA,NA,NA,NA,NA,NA,NA,NA,NA,TARGET_GONE,identity no longer active
2026-10-02T16:06:23Z,APP_22001_3033686,22001,3033686,18,1141,201.499,0,0,-1,-1,0,0.999931471,NA,NA,70.000000000,MEASURED_CPU_FAULT,CPU;INTERVAL_FAULTS,NA,NA,NA,NA,NA,NA,NA,NA,NA,NA,NA,NA,NA,NA,NA,NA,NA,NA,NA,NA,NA,NA,NA,TARGET_GONE,identity no longer active
2026-10-02T16:06:23Z,APP_22001_3033686,22001,3033686,18,1142,204.180,0,0,-1,-1,0,0.999931471,NA,NA,70.000000000,MEASURED_CPU_FAULT,CPU;INTERVAL_FAULTS,NA,NA,NA,NA,NA,NA,NA,NA,NA,NA,NA,NA,NA,NA,NA,NA,NA,NA,NA,NA,NA,NA,NA,TARGET_GONE,identity no longer active
2026-10-02T16:06:23Z,APP_22001_3033686,22001,3033686,18,1143,201.499,0,0,-1,-1,0,0.999931471,NA,NA,70.000000000,MEASURED_CPU_FAULT,CPU;INTERVAL_FAULTS,NA,NA,NA,NA,NA,NA,NA,NA,NA,NA,NA,NA,NA,NA,NA,NA,NA,NA,NA,NA,NA,NA,NA,TARGET_GONE,identity no longer active
2026-10-02T16:06:23Z,APP_22001_3033686,22001,3033686,18,1144,196.283,0,0,-1,-1,0,0.999931471,NA,NA,70.000000000,MEASURED_CPU_FAULT,CPU;INTERVAL_FAULTS,NA,NA,NA,NA,NA,NA,NA,NA,NA,NA,NA,NA,NA,NA,NA,NA,NA,NA,NA,NA,NA,NA,NA,TARGET_GONE,identity no longer active
2026-10-02T16:06:24Z,APP_22001_3033686,22001,3033686,18,1145,201.198,0,0,-1,-1,0,0.999931471,NA,NA,70.000000000,MEASURED_CPU_FAULT,CPU;INTERVAL_FAULTS,NA,NA,NA,NA,NA,NA,NA,NA,NA,NA,NA,NA,NA,NA,NA,NA,NA,NA,NA,NA,NA,NA,NA,TARGET_GONE,identity no longer active
2026-10-02T16:06:24Z,APP_22001_3033686,22001,3033686,18,1146,201.421,0,0,-1,-1,0,0.999931471,NA,NA,70.000000000,MEASURED_CPU_FAULT,CPU;INTERVAL_FAULTS,NA,NA,NA,NA,NA,NA,NA,NA,NA,NA,NA,NA,NA,NA,NA,NA,NA,NA,NA,NA,NA,NA,NA,TARGET_GONE,identity no longer active
2026-10-02T16:06:24Z,APP_22001_3033686,22001,3033686,18,1147,201.802,0,0,-1,-1,0,0.999931471,NA,NA,70.000000000,MEASURED_CPU_FAULT,CPU;INTERVAL_FAULTS,NA,NA,NA,NA,NA,NA,NA,NA,NA,NA,NA,NA,NA,NA,NA,NA,NA,NA,NA,NA,NA,NA,NA,TARGET_GONE,identity no longer active
2026-10-02T16:06:04Z,APP_22001_3033686,22001,3033686,19,1148,0.000,0,0,-1,-1,0,0.999931471,1,true,0.000000000,MEASURED_CPU_FAULT,CPU;INTERVAL_FAULTS,HOT,669.474315258,0.560000000,0.700000000,NA,NA,NA,NA,0.560000000,0.000000000,0.700000000,0.000000000,-1.000000000,1.232000000,NA,MOVE_THREAD,INVALID,NOT_APPLICABLE,INVALID,MOVE_THREAD,-1,-1,false,TARGET_GONE,identity no longer active
2026-10-02T16:06:04Z,APP_22001_3033686,22001,3033686,19,1149,0.000,0,0,-1,-1,0,0.999931471,NA,NA,0.000000000,MEASURED_CPU_FAULT,CPU;INTERVAL_FAULTS,NA,NA,NA,NA,NA,NA,NA,NA,NA,NA,NA,NA,NA,NA,NA,NA,NA,NA,NA,NA,NA,NA,NA,TARGET_GONE,identity no longer active
2026-10-02T16:06:04Z,APP_22001_3033686,22001,3033686,19,1150,0.000,0,0,-1,-1,0,0.999931471,NA,NA,0.000000000,MEASURED_CPU_FAULT,CPU;INTERVAL_FAULTS,NA,NA,NA,NA,NA,NA,NA,NA,NA,NA,NA,NA,NA,NA,NA,NA,NA,NA,NA,NA,NA,NA,NA,TARGET_GONE,identity no longer active
2026-10-02T16:06:04Z,APP_22001_3033686,22001,3033686,19,1151,0.000,0,0,-1,-1,0,0.999931471,NA,NA,0.000000000,MEASURED_CPU_FAULT,CPU;INTERVAL_FAULTS,NA,NA,NA,NA,NA,NA,NA,NA,NA,NA,NA,NA,NA,NA,NA,NA,NA,NA,NA,NA,NA,NA,NA,TARGET_GONE,identity no longer active
2026-10-02T16:06:04Z,APP_22001_3033686,22001,3033686,19,1152,0.000,0,0,-1,-1,0,0.999931471,NA,NA,0.000000000,MEASURED_CPU_FAULT,CPU;INTERVAL_FAULTS,NA,NA,NA,NA,NA,NA,NA,NA,NA,NA,NA,NA,NA,NA,NA,NA,NA,NA,NA,NA,NA,NA,NA,TARGET_GONE,identity no longer active
2026-10-02T16:06:04Z,APP_22001_3033686,22001,3033686,19,1153,0.000,0,0,-1,-1,0,0.999931471,NA,NA,0.000000000,MEASURED_CPU_FAULT,CPU;INTERVAL_FAULTS,NA,NA,NA,NA,NA,NA,NA,NA,NA,NA,NA,NA,NA,NA,NA,NA,NA,NA,NA,NA,NA,NA,NA,TARGET_GONE,identity no longer active
2026-10-02T16:06:05Z,APP_22001_3033686,22001,3033686,19,1154,0.000,0,0,-1,-1,0,0.999931471,NA,NA,0.000000000,MEASURED_CPU_FAULT,CPU;INTERVAL_FAULTS,NA,NA,NA,NA,NA,NA,NA,NA,NA,NA,NA,NA,NA,NA,NA,NA,NA,NA,NA,NA,NA,NA,NA,TARGET_GONE,identity no longer active
2026-10-02T16:06:05Z,APP_22001_3033686,22001,3033686,19,1155,0.000,0,0,-1,-1,0,0.999931471,NA,NA,0.000000000,MEASURED_CPU_FAULT,CPU;INTERVAL_FAULTS,NA,NA,NA,NA,NA,NA,NA,NA,NA,NA,NA,NA,NA,NA,NA,NA,NA,NA,NA,NA,NA,NA,NA,TARGET_GONE,identity no longer active
2026-10-02T16:06:05Z,APP_22001_3033686,22001,3033686,19,1156,0.000,0,0,-1,-1,0,0.999931471,NA,NA,0.000000000,MEASURED_CPU_FAULT,CPU;INTERVAL_FAULTS,NA,NA,NA,NA,NA,NA,NA,NA,NA,NA,NA,NA,NA,NA,NA,NA,NA,NA,NA,NA,NA,NA,NA,TARGET_GONE,identity no longer active
2026-10-02T16:06:05Z,APP_22001_3033686,22001,3033686,19,1157,16.203,0,0,-1,-1,0,0.999931471,NA,NA,11.342100000,MEASURED_CPU_FAULT,CPU;INTERVAL_FAULTS,NA,NA,NA,NA,NA,NA,NA,NA,NA,NA,NA,NA,NA,NA,NA,NA,NA,NA,NA,NA,NA,NA,NA,TARGET_GONE,identity no longer active
2026-10-02T16:06:05Z,APP_22001_3033686,22001,3033686,19,1158,192.385,0,0,-1,-1,0,0.999931471,NA,NA,70.000000000,MEASURED_CPU_FAULT,CPU;INTERVAL_FAULTS,NA,NA,NA,NA,NA,NA,NA,NA,NA,NA,NA,NA,NA,NA,NA,NA,NA,NA,NA,NA,NA,NA,NA,TARGET_GONE,identity no longer active
2026-10-02T16:06:05Z,APP_22001_3033686,22001,3033686,19,1159,210.778,0,0,-1,-1,0,0.999931471,NA,NA,70.000000000,MEASURED_CPU_FAULT,CPU;INTERVAL_FAULTS,NA,NA,NA,NA,NA,NA,NA,NA,NA,NA,NA,NA,NA,NA,NA,NA,NA,NA,NA,NA,NA,NA,NA,TARGET_GONE,identity no longer active
2026-10-02T16:06:05Z,APP_22001_3033686,22001,3033686,19,1160,202.009,0,0,-1,-1,0,0.999931471,NA,NA,70.000000000,MEASURED_CPU_FAULT,CPU;INTERVAL_FAULTS,NA,NA,NA,NA,NA,NA,NA,NA,NA,NA,NA,NA,NA,NA,NA,NA,NA,NA,NA,NA,NA,NA,NA,TARGET_GONE,identity no longer active
2026-10-02T16:06:05Z,APP_22001_3033686,22001,3033686,19,1161,191.904,0,0,-1,-1,0,0.999931471,NA,NA,70.000000000,MEASURED_CPU_FAULT,CPU;INTERVAL_FAULTS,NA,NA,NA,NA,NA,NA,NA,NA,NA,NA,NA,NA,NA,NA,NA,NA,NA,NA,NA,NA,NA,NA,NA,TARGET_GONE,identity no longer active
2026-10-02T16:06:06Z,APP_22001_3033686,22001,3033686,19,1162,206.928,0,0,-1,-1,0,0.999931471,NA,NA,70.000000000,MEASURED_CPU_FAULT,CPU;INTERVAL_FAULTS,NA,NA,NA,NA,NA,NA,NA,NA,NA,NA,NA,NA,NA,NA,NA,NA,NA,NA,NA,NA,NA,NA,NA,TARGET_GONE,identity no longer active
2026-10-02T16:06:06Z,APP_22001_3033686,22001,3033686,19,1163,192.385,0,0,-1,-1,0,0.999931471,NA,NA,70.000000000,MEASURED_CPU_FAULT,CPU;INTERVAL_FAULTS,NA,NA,NA,NA,NA,NA,NA,NA,NA,NA,NA,NA,NA,NA,NA,NA,NA,NA,NA,NA,NA,NA,NA,TARGET_GONE,identity no longer active
2026-10-02T16:06:06Z,APP_22001_3033686,22001,3033686,19,1164,201.198,0,0,-1,-1,0,0.999931471,NA,NA,70.000000000,MEASURED_CPU_FAULT,CPU;INTERVAL_FAULTS,NA,NA,NA,NA,NA,NA,NA,NA,NA,NA,NA,NA,NA,NA,NA,NA,NA,NA,NA,NA,NA,NA,NA,TARGET_GONE,identity no longer active
2026-10-02T16:06:06Z,APP_22001_3033686,22001,3033686,19,1165,201.431,0,0,-1,-1,0,0.999931471,NA,NA,70.000000000,MEASURED_CPU_FAULT,CPU;INTERVAL_FAULTS,NA,NA,NA,NA,NA,NA,NA,NA,NA,NA,NA,NA,NA,NA,NA,NA,NA,NA,NA,NA,NA,NA,NA,TARGET_GONE,identity no longer active
2026-10-02T16:06:06Z,APP_22001_3033686,22001,3033686,19,1166,201.802,0,0,-1,-1,0,0.999931471,NA,NA,70.000000000,MEASURED_CPU_FAULT,CPU;INTERVAL_FAULTS,NA,NA,NA,NA,NA,NA,NA,NA,NA,NA,NA,NA,NA,NA,NA,NA,NA,NA,NA,NA,NA,NA,NA,TARGET_GONE,identity no longer active
2026-10-02T16:06:06Z,APP_22001_3033686,22001,3033686,19,1167,196.047,0,0,-1,-1,0,0.999931471,NA,NA,70.000000000,MEASURED_CPU_FAULT,CPU;INTERVAL_FAULTS,NA,NA,NA,NA,NA,NA,NA,NA,NA,NA,NA,NA,NA,NA,NA,NA,NA,NA,NA,NA,NA,NA,NA,TARGET_GONE,identity no longer active
2026-10-02T16:06:06Z,APP_22001_3033686,22001,3033686,19,1168,204.391,0,0,-1,-1,0,0.999931471,NA,NA,70.000000000,MEASURED_CPU_FAULT,CPU;INTERVAL_FAULTS,NA,NA,NA,NA,NA,NA,NA,NA,NA,NA,NA,NA,NA,NA,NA,NA,NA,NA,NA,NA,NA,NA,NA,TARGET_GONE,identity no longer active
2026-10-02T16:06:06Z,APP_22001_3033686,22001,3033686,19,1169,201.802,0,0,-1,-1,0,0.999931471,NA,NA,70.000000000,MEASURED_CPU_FAULT,CPU;INTERVAL_FAULTS,NA,NA,NA,NA,NA,NA,NA,NA,NA,NA,NA,NA,NA,NA,NA,NA,NA,NA,NA,NA,NA,NA,NA,TARGET_GONE,identity no longer active
2026-10-02T16:06:06Z,APP_22001_3033686,22001,3033686,19,1170,194.195,0,0,-1,-1,0,0.999931471,NA,NA,70.000000000,MEASURED_CPU_FAULT,CPU;INTERVAL_FAULTS,NA,NA,NA,NA,NA,NA,NA,NA,NA,NA,NA,NA,NA,NA,NA,NA,NA,NA,NA,NA,NA,NA,NA,TARGET_GONE,identity no longer active
2026-10-02T16:06:06Z,APP_22001_3033686,22001,3033686,19,1171,210.778,0,0,-1,-1,0,0.999931471,NA,NA,70.000000000,MEASURED_CPU_FAULT,CPU;INTERVAL_FAULTS,NA,NA,NA,NA,NA,NA,NA,NA,NA,NA,NA,NA,NA,NA,NA,NA,NA,NA,NA,NA,NA,NA,NA,TARGET_GONE,identity no longer active
2026-10-02T16:06:07Z,APP_22001_3033686,22001,3033686,19,1172,194.360,0,0,-1,-1,0,0.999931471,NA,NA,70.000000000,MEASURED_CPU_FAULT,CPU;INTERVAL_FAULTS,NA,NA,NA,NA,NA,NA,NA,NA,NA,NA,NA,NA,NA,NA,NA,NA,NA,NA,NA,NA,NA,NA,NA,TARGET_GONE,identity no longer active
2026-10-02T16:06:07Z,APP_22001_3033686,22001,3033686,19,1173,205.210,0,0,-1,-1,0,0.999931471,NA,NA,70.000000000,MEASURED_CPU_FAULT,CPU;INTERVAL_FAULTS,NA,NA,NA,NA,NA,NA,NA,NA,NA,NA,NA,NA,NA,NA,NA,NA,NA,NA,NA,NA,NA,NA,NA,TARGET_GONE,identity no longer active
2026-10-02T16:06:07Z,APP_22001_3033686,22001,3033686,19,1174,191.904,0,0,-1,-1,0,0.999931471,NA,NA,70.000000000,MEASURED_CPU_FAULT,CPU;INTERVAL_FAULTS,NA,NA,NA,NA,NA,NA,NA,NA,NA,NA,NA,NA,NA,NA,NA,NA,NA,NA,NA,NA,NA,NA,NA,TARGET_GONE,identity no longer active
2026-10-02T16:06:07Z,APP_22001_3033686,22001,3033686,19,1175,202.639,0,0,-1,-1,0,0.999931471,NA,NA,70.000000000,MEASURED_CPU_FAULT,CPU;INTERVAL_FAULTS,NA,NA,NA,NA,NA,NA,NA,NA,NA,NA,NA,NA,NA,NA,NA,NA,NA,NA,NA,NA,NA,NA,NA,TARGET_GONE,identity no longer active
2026-10-02T16:06:07Z,APP_22001_3033686,22001,3033686,19,1176,201.802,0,0,-1,-1,0,0.999931471,NA,NA,70.000000000,MEASURED_CPU_FAULT,CPU;INTERVAL_FAULTS,NA,NA,NA,NA,NA,NA,NA,NA,NA,NA,NA,NA,NA,NA,NA,NA,NA,NA,NA,NA,NA,NA,NA,TARGET_GONE,identity no longer active
2026-10-02T16:06:07Z,APP_22001_3033686,22001,3033686,19,1177,196.923,0,0,-1,-1,0,0.999931471,NA,NA,70.000000000,MEASURED_CPU_FAULT,CPU;INTERVAL_FAULTS,NA,NA,NA,NA,NA,NA,NA,NA,NA,NA,NA,NA,NA,NA,NA,NA,NA,NA,NA,NA,NA,NA,NA,TARGET_GONE,identity no longer active
2026-10-02T16:06:07Z,APP_22001_3033686,22001,3033686,19,1178,204.800,0,0,-1,-1,0,0.999931471,NA,NA,70.000000000,MEASURED_CPU_FAULT,CPU;INTERVAL_FAULTS,NA,NA,NA,NA,NA,NA,NA,NA,NA,NA,NA,NA,NA,NA,NA,NA,NA,NA,NA,NA,NA,NA,NA,TARGET_GONE,identity no longer active
2026-10-02T16:06:07Z,APP_22001_3033686,22001,3033686,19,1179,201.499,0,0,-1,-1,0,0.999931471,NA,NA,70.000000000,MEASURED_CPU_FAULT,CPU;INTERVAL_FAULTS,NA,NA,NA,NA,NA,NA,NA,NA,NA,NA,NA,NA,NA,NA,NA,NA,NA,NA,NA,NA,NA,NA,NA,TARGET_GONE,identity no longer active
2026-10-02T16:06:07Z,APP_22001_3033686,22001,3033686,19,1180,202.639,0,0,-1,-1,0,0.999931471,NA,NA,70.000000000,MEASURED_CPU_FAULT,CPU;INTERVAL_FAULTS,NA,NA,NA,NA,NA,NA,NA,NA,NA,NA,NA,NA,NA,NA,NA,NA,NA,NA,NA,NA,NA,NA,NA,TARGET_GONE,identity no longer active
2026-10-02T16:06:08Z,APP_22001_3033686,22001,3033686,19,1181,201.802,0,0,-1,-1,0,0.999931471,NA,NA,70.000000000,MEASURED_CPU_FAULT,CPU;INTERVAL_FAULTS,NA,NA,NA,NA,NA,NA,NA,NA,NA,NA,NA,NA,NA,NA,NA,NA,NA,NA,NA,NA,NA,NA,NA,TARGET_GONE,identity no longer active
2026-10-02T16:06:08Z,APP_22001_3033686,22001,3033686,19,1182,200.866,0,0,-1,-1,0,0.999931471,NA,NA,70.000000000,MEASURED_CPU_FAULT,CPU;INTERVAL_FAULTS,NA,NA,NA,NA,NA,NA,NA,NA,NA,NA,NA,NA,NA,NA,NA,NA,NA,NA,NA,NA,NA,NA,NA,TARGET_GONE,identity no longer active
2026-10-02T16:06:08Z,APP_22001_3033686,22001,3033686,19,1183,192.192,0,0,-1,-1,0,0.999931471,NA,NA,70.000000000,MEASURED_CPU_FAULT,CPU;INTERVAL_FAULTS,NA,NA,NA,NA,NA,NA,NA,NA,NA,NA,NA,NA,NA,NA,NA,NA,NA,NA,NA,NA,NA,NA,NA,TARGET_GONE,identity no longer active
2026-10-02T16:06:08Z,APP_22001_3033686,22001,3033686,19,1184,201.083,0,0,-1,-1,0,0.999931471,NA,NA,70.000000000,MEASURED_CPU_FAULT,CPU;INTERVAL_FAULTS,NA,NA,NA,NA,NA,NA,NA,NA,NA,NA,NA,NA,NA,NA,NA,NA,NA,NA,NA,NA,NA,NA,NA,TARGET_GONE,identity no longer active
2026-10-02T16:06:08Z,APP_22001_3033686,22001,3033686,19,1185,192.000,0,0,-1,-1,0,0.999931471,NA,NA,70.000000000,MEASURED_CPU_FAULT,CPU;INTERVAL_FAULTS,NA,NA,NA,NA,NA,NA,NA,NA,NA,NA,NA,NA,NA,NA,NA,NA,NA,NA,NA,NA,NA,NA,NA,TARGET_GONE,identity no longer active
2026-10-02T16:06:08Z,APP_22001_3033686,22001,3033686,19,1186,201.117,0,0,-1,-1,0,0.999931471,NA,NA,70.000000000,MEASURED_CPU_FAULT,CPU;INTERVAL_FAULTS,NA,NA,NA,NA,NA,NA,NA,NA,NA,NA,NA,NA,NA,NA,NA,NA,NA,NA,NA,NA,NA,NA,NA,TARGET_GONE,identity no longer active
2026-10-02T16:06:08Z,APP_22001_3033686,22001,3033686,19,1187,204.391,0,0,-1,-1,0,0.999931471,NA,NA,70.000000000,MEASURED_CPU_FAULT,CPU;INTERVAL_FAULTS,NA,NA,NA,NA,NA,NA,NA,NA,NA,NA,NA,NA,NA,NA,NA,NA,NA,NA,NA,NA,NA,NA,NA,TARGET_GONE,identity no longer active
2026-10-02T16:06:08Z,APP_22001_3033686,22001,3033686,19,1188,201.802,0,0,-1,-1,0,0.999931471,NA,NA,70.000000000,MEASURED_CPU_FAULT,CPU;INTERVAL_FAULTS,NA,NA,NA,NA,NA,NA,NA,NA,NA,NA,NA,NA,NA,NA,NA,NA,NA,NA,NA,NA,NA,NA,NA,TARGET_GONE,identity no longer active
2026-10-02T16:06:09Z,APP_22001_3033686,22001,3033686,19,1189,202.906,0,0,-1,-1,0,0.999931471,NA,NA,70.000000000,MEASURED_CPU_FAULT,CPU;INTERVAL_FAULTS,NA,NA,NA,NA,NA,NA,NA,NA,NA,NA,NA,NA,NA,NA,NA,NA,NA,NA,NA,NA,NA,NA,NA,TARGET_GONE,identity no longer active
2026-10-02T16:06:09Z,APP_22001_3033686,22001,3033686,19,1190,201.802,0,0,-1,-1,0,0.999931471,NA,NA,70.000000000,MEASURED_CPU_FAULT,CPU;INTERVAL_FAULTS,NA,NA,NA,NA,NA,NA,NA,NA,NA,NA,NA,NA,NA,NA,NA,NA,NA,NA,NA,NA,NA,NA,NA,TARGET_GONE,identity no longer active
2026-10-02T16:06:09Z,APP_22001_3033686,22001,3033686,19,1191,201.083,0,0,-1,-1,0,0.999931471,NA,NA,70.000000000,MEASURED_CPU_FAULT,CPU;INTERVAL_FAULTS,NA,NA,NA,NA,NA,NA,NA,NA,NA,NA,NA,NA,NA,NA,NA,NA,NA,NA,NA,NA,NA,NA,NA,TARGET_GONE,identity no longer active
2026-10-02T16:06:09Z,APP_22001_3033686,22001,3033686,19,1192,192.481,0,0,-1,-1,0,0.999931471,NA,NA,70.000000000,MEASURED_CPU_FAULT,CPU;INTERVAL_FAULTS,NA,NA,NA,NA,NA,NA,NA,NA,NA,NA,NA,NA,NA,NA,NA,NA,NA,NA,NA,NA,NA,NA,NA,TARGET_GONE,identity no longer active
2026-10-02T16:06:09Z,APP_22001_3033686,22001,3033686,19,1193,201.083,0,0,-1,-1,0,0.999931471,NA,NA,70.000000000,MEASURED_CPU_FAULT,CPU;INTERVAL_FAULTS,NA,NA,NA,NA,NA,NA,NA,NA,NA,NA,NA,NA,NA,NA,NA,NA,NA,NA,NA,NA,NA,NA,NA,TARGET_GONE,identity no longer active
2026-10-02T16:06:09Z,APP_22001_3033686,22001,3033686,19,1194,192.000,0,0,-1,-1,0,0.999931471,NA,NA,70.000000000,MEASURED_CPU_FAULT,CPU;INTERVAL_FAULTS,NA,NA,NA,NA,NA,NA,NA,NA,NA,NA,NA,NA,NA,NA,NA,NA,NA,NA,NA,NA,NA,NA,NA,TARGET_GONE,identity no longer active
2026-10-02T16:06:09Z,APP_22001_3033686,22001,3033686,19,1195,200.557,0,0,-1,-1,0,0.999931471,NA,NA,70.000000000,MEASURED_CPU_FAULT,CPU;INTERVAL_FAULTS,NA,NA,NA,NA,NA,NA,NA,NA,NA,NA,NA,NA,NA,NA,NA,NA,NA,NA,NA,NA,NA,NA,NA,TARGET_GONE,identity no longer active
2026-10-02T16:06:09Z,APP_22001_3033686,22001,3033686,19,1196,204.391,0,0,-1,-1,0,0.999931471,NA,NA,70.000000000,MEASURED_CPU_FAULT,CPU;INTERVAL_FAULTS,NA,NA,NA,NA,NA,NA,NA,NA,NA,NA,NA,NA,NA,NA,NA,NA,NA,NA,NA,NA,NA,NA,NA,TARGET_GONE,identity no longer active
2026-10-02T16:06:10Z,APP_22001_3033686,22001,3033686,19,1197,201.499,0,0,-1,-1,0,0.999931471,NA,NA,70.000000000,MEASURED_CPU_FAULT,CPU;INTERVAL_FAULTS,NA,NA,NA,NA,NA,NA,NA,NA,NA,NA,NA,NA,NA,NA,NA,NA,NA,NA,NA,NA,NA,NA,NA,TARGET_GONE,identity no longer active
2026-10-02T16:06:10Z,APP_22001_3033686,22001,3033686,19,1198,202.906,0,0,-1,-1,0,0.999931471,NA,NA,70.000000000,MEASURED_CPU_FAULT,CPU;INTERVAL_FAULTS,NA,NA,NA,NA,NA,NA,NA,NA,NA,NA,NA,NA,NA,NA,NA,NA,NA,NA,NA,NA,NA,NA,NA,TARGET_GONE,identity no longer active
2026-10-02T16:06:10Z,APP_22001_3033686,22001,3033686,19,1199,201.802,0,0,-1,-1,0,0.999931471,NA,NA,70.000000000,MEASURED_CPU_FAULT,CPU;INTERVAL_FAULTS,NA,NA,NA,NA,NA,NA,NA,NA,NA,NA,NA,NA,NA,NA,NA,NA,NA,NA,NA,NA,NA,NA,NA,TARGET_GONE,identity no longer active
2026-10-02T16:06:10Z,APP_22001_3033686,22001,3033686,19,1200,201.083,0,0,-1,-1,0,0.999931471,NA,NA,70.000000000,MEASURED_CPU_FAULT,CPU;INTERVAL_FAULTS,NA,NA,NA,NA,NA,NA,NA,NA,NA,NA,NA,NA,NA,NA,NA,NA,NA,NA,NA,NA,NA,NA,NA,TARGET_GONE,identity no longer active
2026-10-02T16:06:10Z,APP_22001_3033686,22001,3033686,19,1201,191.904,0,0,-1,-1,0,0.999931471,NA,NA,70.000000000,MEASURED_CPU_FAULT,CPU;INTERVAL_FAULTS,NA,NA,NA,NA,NA,NA,NA,NA,NA,NA,NA,NA,NA,NA,NA,NA,NA,NA,NA,NA,NA,NA,NA,TARGET_GONE,identity no longer active
2026-10-02T16:06:10Z,APP_22001_3033686,22001,3033686,19,1202,201.083,0,0,-1,-1,0,0.999931471,NA,NA,70.000000000,MEASURED_CPU_FAULT,CPU;INTERVAL_FAULTS,NA,NA,NA,NA,NA,NA,NA,NA,NA,NA,NA,NA,NA,NA,NA,NA,NA,NA,NA,NA,NA,NA,NA,TARGET_GONE,identity no longer active
2026-10-02T16:06:10Z,APP_22001_3033686,22001,3033686,19,1203,192.771,0,0,-1,-1,0,0.999931471,NA,NA,70.000000000,MEASURED_CPU_FAULT,CPU;INTERVAL_FAULTS,NA,NA,NA,NA,NA,NA,NA,NA,NA,NA,NA,NA,NA,NA,NA,NA,NA,NA,NA,NA,NA,NA,NA,TARGET_GONE,identity no longer active
2026-10-02T16:06:10Z,APP_22001_3033686,22001,3033686,19,1204,203.109,0,0,-1,-1,0,0.999931471,NA,NA,70.000000000,MEASURED_CPU_FAULT,CPU;INTERVAL_FAULTS,NA,NA,NA,NA,NA,NA,NA,NA,NA,NA,NA,NA,NA,NA,NA,NA,NA,NA,NA,NA,NA,NA,NA,TARGET_GONE,identity no longer active
2026-10-02T16:06:11Z,APP_22001_3033686,22001,3033686,19,1205,192.000,0,0,-1,-1,0,0.999931471,NA,NA,70.000000000,MEASURED_CPU_FAULT,CPU;INTERVAL_FAULTS,NA,NA,NA,NA,NA,NA,NA,NA,NA,NA,NA,NA,NA,NA,NA,NA,NA,NA,NA,NA,NA,NA,NA,TARGET_GONE,identity no longer active
2026-10-02T16:06:11Z,APP_22001_3033686,22001,3033686,19,1206,201.802,0,0,-1,-1,0,0.999931471,NA,NA,70.000000000,MEASURED_CPU_FAULT,CPU;INTERVAL_FAULTS,NA,NA,NA,NA,NA,NA,NA,NA,NA,NA,NA,NA,NA,NA,NA,NA,NA,NA,NA,NA,NA,NA,NA,TARGET_GONE,identity no longer active
2026-10-02T16:06:11Z,APP_22001_3033686,22001,3033686,19,1207,204.082,0,0,-1,-1,0,0.999931471,NA,NA,70.000000000,MEASURED_CPU_FAULT,CPU;INTERVAL_FAULTS,NA,NA,NA,NA,NA,NA,NA,NA,NA,NA,NA,NA,NA,NA,NA,NA,NA,NA,NA,NA,NA,NA,NA,TARGET_GONE,identity no longer active
2026-10-02T16:06:11Z,APP_22001_3033686,22001,3033686,19,1208,201.802,0,0,-1,-1,0,0.999931471,NA,NA,70.000000000,MEASURED_CPU_FAULT,CPU;INTERVAL_FAULTS,NA,NA,NA,NA,NA,NA,NA,NA,NA,NA,NA,NA,NA,NA,NA,NA,NA,NA,NA,NA,NA,NA,NA,TARGET_GONE,identity no longer active
2026-10-02T16:06:11Z,APP_22001_3033686,22001,3033686,19,1209,194.967,0,0,-1,-1,0,0.999931471,NA,NA,70.000000000,MEASURED_CPU_FAULT,CPU;INTERVAL_FAULTS,NA,NA,NA,NA,NA,NA,NA,NA,NA,NA,NA,NA,NA,NA,NA,NA,NA,NA,NA,NA,NA,NA,NA,TARGET_GONE,identity no longer active
2026-10-02T16:06:11Z,APP_22001_3033686,22001,3033686,19,1210,210.463,0,0,-1,-1,0,0.999931471,NA,NA,70.000000000,MEASURED_CPU_FAULT,CPU;INTERVAL_FAULTS,NA,NA,NA,NA,NA,NA,NA,NA,NA,NA,NA,NA,NA,NA,NA,NA,NA,NA,NA,NA,NA,NA,NA,TARGET_GONE,identity no longer active
2026-10-02T16:06:11Z,APP_22001_3033686,22001,3033686,19,1211,195.163,0,0,-1,-1,0,0.999931471,NA,NA,70.000000000,MEASURED_CPU_FAULT,CPU;INTERVAL_FAULTS,NA,NA,NA,NA,NA,NA,NA,NA,NA,NA,NA,NA,NA,NA,NA,NA,NA,NA,NA,NA,NA,NA,NA,TARGET_GONE,identity no longer active
2026-10-02T16:06:11Z,APP_22001_3033686,22001,3033686,19,1212,192.000,0,0,-1,-1,0,0.999931471,NA,NA,70.000000000,MEASURED_CPU_FAULT,CPU;INTERVAL_FAULTS,NA,NA,NA,NA,NA,NA,NA,NA,NA,NA,NA,NA,NA,NA,NA,NA,NA,NA,NA,NA,NA,NA,NA,TARGET_GONE,identity no longer active
2026-10-02T16:06:12Z,APP_22001_3033686,22001,3033686,19,1213,200.261,0,0,-1,-1,0,0.999931471,NA,NA,70.000000000,MEASURED_CPU_FAULT,CPU;INTERVAL_FAULTS,NA,NA,NA,NA,NA,NA,NA,NA,NA,NA,NA,NA,NA,NA,NA,NA,NA,NA,NA,NA,NA,NA,NA,TARGET_GONE,identity no longer active
2026-10-02T16:06:12Z,APP_22001_3033686,22001,3033686,19,1214,210.778,0,0,-1,-1,0,0.999931471,NA,NA,70.000000000,MEASURED_CPU_FAULT,CPU;INTERVAL_FAULTS,NA,NA,NA,NA,NA,NA,NA,NA,NA,NA,NA,NA,NA,NA,NA,NA,NA,NA,NA,NA,NA,NA,NA,TARGET_GONE,identity no longer active
2026-10-02T16:06:12Z,APP_22001_3033686,22001,3033686,19,1215,192.192,0,0,-1,-1,0,0.999931471,NA,NA,70.000000000,MEASURED_CPU_FAULT,CPU;INTERVAL_FAULTS,NA,NA,NA,NA,NA,NA,NA,NA,NA,NA,NA,NA,NA,NA,NA,NA,NA,NA,NA,NA,NA,NA,NA,TARGET_GONE,identity no longer active
2026-10-02T16:06:12Z,APP_22001_3033686,22001,3033686,19,1216,203.562,0,0,-1,-1,0,0.999931471,NA,NA,70.000000000,MEASURED_CPU_FAULT,CPU;INTERVAL_FAULTS,NA,NA,NA,NA,NA,NA,NA,NA,NA,NA,NA,NA,NA,NA,NA,NA,NA,NA,NA,NA,NA,NA,NA,TARGET_GONE,identity no longer active
2026-10-02T16:06:12Z,APP_22001_3033686,22001,3033686,19,1217,201.802,0,0,-1,-1,0,0.999931471,NA,NA,70.000000000,MEASURED_CPU_FAULT,CPU;INTERVAL_FAULTS,NA,NA,NA,NA,NA,NA,NA,NA,NA,NA,NA,NA,NA,NA,NA,NA,NA,NA,NA,NA,NA,NA,NA,TARGET_GONE,identity no longer active
2026-10-02T16:06:12Z,APP_22001_3033686,22001,3033686,19,1218,201.893,0,0,-1,-1,0,0.999931471,NA,NA,70.000000000,MEASURED_CPU_FAULT,CPU;INTERVAL_FAULTS,NA,NA,NA,NA,NA,NA,NA,NA,NA,NA,NA,NA,NA,NA,NA,NA,NA,NA,NA,NA,NA,NA,NA,TARGET_GONE,identity no longer active
2026-10-02T16:06:12Z,APP_22001_3033686,22001,3033686,19,1219,191.617,0,0,-1,-1,0,0.999931471,NA,NA,70.000000000,MEASURED_CPU_FAULT,CPU;INTERVAL_FAULTS,NA,NA,NA,NA,NA,NA,NA,NA,NA,NA,NA,NA,NA,NA,NA,NA,NA,NA,NA,NA,NA,NA,NA,TARGET_GONE,identity no longer active
2026-10-02T16:06:12Z,APP_22001_3033686,22001,3033686,19,1220,201.893,0,0,-1,-1,0,0.999931471,NA,NA,70.000000000,MEASURED_CPU_FAULT,CPU;INTERVAL_FAULTS,NA,NA,NA,NA,NA,NA,NA,NA,NA,NA,NA,NA,NA,NA,NA,NA,NA,NA,NA,NA,NA,NA,NA,TARGET_GONE,identity no longer active
2026-10-02T16:06:12Z,APP_22001_3033686,22001,3033686,19,1221,201.499,0,0,-1,-1,0,0.999931471,NA,NA,70.000000000,MEASURED_CPU_FAULT,CPU;INTERVAL_FAULTS,NA,NA,NA,NA,NA,NA,NA,NA,NA,NA,NA,NA,NA,NA,NA,NA,NA,NA,NA,NA,NA,NA,NA,TARGET_GONE,identity no longer active
2026-10-02T16:06:13Z,APP_22001_3033686,22001,3033686,19,1222,197.666,0,0,-1,-1,0,0.999931471,NA,NA,70.000000000,MEASURED_CPU_FAULT,CPU;INTERVAL_FAULTS,NA,NA,NA,NA,NA,NA,NA,NA,NA,NA,NA,NA,NA,NA,NA,NA,NA,NA,NA,NA,NA,NA,NA,TARGET_GONE,identity no longer active
2026-10-02T16:06:13Z,APP_22001_3033686,22001,3033686,19,1223,211.411,0,0,-1,-1,0,0.999931471,NA,NA,70.000000000,MEASURED_CPU_FAULT,CPU;INTERVAL_FAULTS,NA,NA,NA,NA,NA,NA,NA,NA,NA,NA,NA,NA,NA,NA,NA,NA,NA,NA,NA,NA,NA,NA,NA,TARGET_GONE,identity no longer active
2026-10-02T16:06:13Z,APP_22001_3033686,22001,3033686,19,1224,200.897,0,0,-1,-1,0,0.999931471,NA,NA,70.000000000,MEASURED_CPU_FAULT,CPU;INTERVAL_FAULTS,NA,NA,NA,NA,NA,NA,NA,NA,NA,NA,NA,NA,NA,NA,NA,NA,NA,NA,NA,NA,NA,NA,NA,TARGET_GONE,identity no longer active
2026-10-02T16:06:13Z,APP_22001_3033686,22001,3033686,19,1225,195.918,0,0,-1,-1,0,0.999931471,NA,NA,70.000000000,MEASURED_CPU_FAULT,CPU;INTERVAL_FAULTS,NA,NA,NA,NA,NA,NA,NA,NA,NA,NA,NA,NA,NA,NA,NA,NA,NA,NA,NA,NA,NA,NA,NA,TARGET_GONE,identity no longer active
2026-10-02T16:06:13Z,APP_22001_3033686,22001,3033686,19,1226,201.802,0,0,-1,-1,0,0.999931471,NA,NA,70.000000000,MEASURED_CPU_FAULT,CPU;INTERVAL_FAULTS,NA,NA,NA,NA,NA,NA,NA,NA,NA,NA,NA,NA,NA,NA,NA,NA,NA,NA,NA,NA,NA,NA,NA,TARGET_GONE,identity no longer active
2026-10-02T16:06:13Z,APP_22001_3033686,22001,3033686,19,1227,201.893,0,0,-1,-1,0,0.999931471,NA,NA,70.000000000,MEASURED_CPU_FAULT,CPU;INTERVAL_FAULTS,NA,NA,NA,NA,NA,NA,NA,NA,NA,NA,NA,NA,NA,NA,NA,NA,NA,NA,NA,NA,NA,NA,NA,TARGET_GONE,identity no longer active
2026-10-02T16:06:13Z,APP_22001_3033686,22001,3033686,19,1228,201.198,0,0,-1,-1,0,0.999931471,NA,NA,70.000000000,MEASURED_CPU_FAULT,CPU;INTERVAL_FAULTS,NA,NA,NA,NA,NA,NA,NA,NA,NA,NA,NA,NA,NA,NA,NA,NA,NA,NA,NA,NA,NA,NA,NA,TARGET_GONE,identity no longer active
2026-10-02T16:06:13Z,APP_22001_3033686,22001,3033686,19,1229,201.681,0,0,-1,-1,0,0.999931471,NA,NA,70.000000000,MEASURED_CPU_FAULT,CPU;INTERVAL_FAULTS,NA,NA,NA,NA,NA,NA,NA,NA,NA,NA,NA,NA,NA,NA,NA,NA,NA,NA,NA,NA,NA,NA,NA,TARGET_GONE,identity no longer active
2026-10-02T16:06:14Z,APP_22001_3033686,22001,3033686,19,1230,201.499,0,0,-1,-1,0,0.999931471,NA,NA,70.000000000,MEASURED_CPU_FAULT,CPU;INTERVAL_FAULTS,NA,NA,NA,NA,NA,NA,NA,NA,NA,NA,NA,NA,NA,NA,NA,NA,NA,NA,NA,NA,NA,NA,NA,TARGET_GONE,identity no longer active
2026-10-02T16:06:14Z,APP_22001_3033686,22001,3033686,19,1231,197.531,0,0,-1,-1,0,0.999931471,NA,NA,70.000000000,MEASURED_CPU_FAULT,CPU;INTERVAL_FAULTS,NA,NA,NA,NA,NA,NA,NA,NA,NA,NA,NA,NA,NA,NA,NA,NA,NA,NA,NA,NA,NA,NA,NA,TARGET_GONE,identity no longer active
2026-10-02T16:06:14Z,APP_22001_3033686,22001,3033686,19,1232,210.778,0,0,-1,-1,0,0.999931471,NA,NA,70.000000000,MEASURED_CPU_FAULT,CPU;INTERVAL_FAULTS,NA,NA,NA,NA,NA,NA,NA,NA,NA,NA,NA,NA,NA,NA,NA,NA,NA,NA,NA,NA,NA,NA,NA,TARGET_GONE,identity no longer active
2026-10-02T16:06:14Z,APP_22001_3033686,22001,3033686,19,1233,201.802,0,0,-1,-1,0,0.999931471,NA,NA,70.000000000,MEASURED_CPU_FAULT,CPU;INTERVAL_FAULTS,NA,NA,NA,NA,NA,NA,NA,NA,NA,NA,NA,NA,NA,NA,NA,NA,NA,NA,NA,NA,NA,NA,NA,TARGET_GONE,identity no longer active
2026-10-02T16:06:14Z,APP_22001_3033686,22001,3033686,19,1234,195.420,0,0,-1,-1,0,0.999931471,NA,NA,70.000000000,MEASURED_CPU_FAULT,CPU;INTERVAL_FAULTS,NA,NA,NA,NA,NA,NA,NA,NA,NA,NA,NA,NA,NA,NA,NA,NA,NA,NA,NA,NA,NA,NA,NA,TARGET_GONE,identity no longer active
2026-10-02T16:06:14Z,APP_22001_3033686,22001,3033686,19,1235,201.499,0,0,-1,-1,0,0.999931471,NA,NA,70.000000000,MEASURED_CPU_FAULT,CPU;INTERVAL_FAULTS,NA,NA,NA,NA,NA,NA,NA,NA,NA,NA,NA,NA,NA,NA,NA,NA,NA,NA,NA,NA,NA,NA,NA,TARGET_GONE,identity no longer active
2026-10-02T16:06:14Z,APP_22001_3033686,22001,3033686,19,1236,201.893,0,0,-1,-1,0,0.999931471,NA,NA,70.000000000,MEASURED_CPU_FAULT,CPU;INTERVAL_FAULTS,NA,NA,NA,NA,NA,NA,NA,NA,NA,NA,NA,NA,NA,NA,NA,NA,NA,NA,NA,NA,NA,NA,NA,TARGET_GONE,identity no longer active
2026-10-02T16:06:14Z,APP_22001_3033686,22001,3033686,19,1237,201.499,0,0,-1,-1,0,0.999931471,NA,NA,70.000000000,MEASURED_CPU_FAULT,CPU;INTERVAL_FAULTS,NA,NA,NA,NA,NA,NA,NA,NA,NA,NA,NA,NA,NA,NA,NA,NA,NA,NA,NA,NA,NA,NA,NA,TARGET_GONE,identity no longer active
2026-10-02T16:06:15Z,APP_22001_3033686,22001,3033686,19,1238,194.753,0,0,-1,-1,0,0.999931471,NA,NA,70.000000000,MEASURED_CPU_FAULT,CPU;INTERVAL_FAULTS,NA,NA,NA,NA,NA,NA,NA,NA,NA,NA,NA,NA,NA,NA,NA,NA,NA,NA,NA,NA,NA,NA,NA,TARGET_GONE,identity no longer active
2026-10-02T16:06:15Z,APP_22001_3033686,22001,3033686,19,1239,201.499,0,0,-1,-1,0,0.999931471,NA,NA,70.000000000,MEASURED_CPU_FAULT,CPU;INTERVAL_FAULTS,NA,NA,NA,NA,NA,NA,NA,NA,NA,NA,NA,NA,NA,NA,NA,NA,NA,NA,NA,NA,NA,NA,NA,TARGET_GONE,identity no longer active
2026-10-02T16:06:15Z,APP_22001_3033686,22001,3033686,19,1240,202.895,0,0,-1,-1,0,0.999931471,NA,NA,70.000000000,MEASURED_CPU_FAULT,CPU;INTERVAL_FAULTS,NA,NA,NA,NA,NA,NA,NA,NA,NA,NA,NA,NA,NA,NA,NA,NA,NA,NA,NA,NA,NA,NA,NA,TARGET_GONE,identity no longer active
2026-10-02T16:06:15Z,APP_22001_3033686,22001,3033686,19,1241,191.617,0,0,-1,-1,0,0.999931471,NA,NA,70.000000000,MEASURED_CPU_FAULT,CPU;INTERVAL_FAULTS,NA,NA,NA,NA,NA,NA,NA,NA,NA,NA,NA,NA,NA,NA,NA,NA,NA,NA,NA,NA,NA,NA,NA,TARGET_GONE,identity no longer active
2026-10-02T16:06:15Z,APP_22001_3033686,22001,3033686,19,1242,201.802,0,0,-1,-1,0,0.999931471,NA,NA,70.000000000,MEASURED_CPU_FAULT,CPU;INTERVAL_FAULTS,NA,NA,NA,NA,NA,NA,NA,NA,NA,NA,NA,NA,NA,NA,NA,NA,NA,NA,NA,NA,NA,NA,NA,TARGET_GONE,identity no longer active
2026-10-02T16:06:15Z,APP_22001_3033686,22001,3033686,19,1243,203.822,0,0,-1,-1,0,0.999931471,NA,NA,70.000000000,MEASURED_CPU_FAULT,CPU;INTERVAL_FAULTS,NA,NA,NA,NA,NA,NA,NA,NA,NA,NA,NA,NA,NA,NA,NA,NA,NA,NA,NA,NA,NA,NA,NA,TARGET_GONE,identity no longer active
2026-10-02T16:06:15Z,APP_22001_3033686,22001,3033686,19,1244,192.192,0,0,-1,-1,0,0.999931471,NA,NA,70.000000000,MEASURED_CPU_FAULT,CPU;INTERVAL_FAULTS,NA,NA,NA,NA,NA,NA,NA,NA,NA,NA,NA,NA,NA,NA,NA,NA,NA,NA,NA,NA,NA,NA,NA,TARGET_GONE,identity no longer active
2026-10-02T16:06:15Z,APP_22001_3033686,22001,3033686,19,1245,201.681,0,0,-1,-1,0,0.999931471,NA,NA,70.000000000,MEASURED_CPU_FAULT,CPU;INTERVAL_FAULTS,NA,NA,NA,NA,NA,NA,NA,NA,NA,NA,NA,NA,NA,NA,NA,NA,NA,NA,NA,NA,NA,NA,NA,TARGET_GONE,identity no longer active
2026-10-02T16:06:16Z,APP_22001_3033686,22001,3033686,19,1246,201.499,0,0,-1,-1,0,0.999931471,NA,NA,70.000000000,MEASURED_CPU_FAULT,CPU;INTERVAL_FAULTS,NA,NA,NA,NA,NA,NA,NA,NA,NA,NA,NA,NA,NA,NA,NA,NA,NA,NA,NA,NA,NA,NA,NA,TARGET_GONE,identity no longer active
2026-10-02T16:06:16Z,APP_22001_3033686,22001,3033686,19,1247,200.810,0,0,-1,-1,0,0.999931471,NA,NA,70.000000000,MEASURED_CPU_FAULT,CPU;INTERVAL_FAULTS,NA,NA,NA,NA,NA,NA,NA,NA,NA,NA,NA,NA,NA,NA,NA,NA,NA,NA,NA,NA,NA,NA,NA,TARGET_GONE,identity no longer active
2026-10-02T16:06:16Z,APP_22001_3033686,22001,3033686,19,1248,201.198,0,0,-1,-1,0,0.999931471,NA,NA,70.000000000,MEASURED_CPU_FAULT,CPU;INTERVAL_FAULTS,NA,NA,NA,NA,NA,NA,NA,NA,NA,NA,NA,NA,NA,NA,NA,NA,NA,NA,NA,NA,NA,NA,NA,TARGET_GONE,identity no longer active
2026-10-02T16:06:16Z,APP_22001_3033686,22001,3033686,19,1249,199.146,0,0,-1,-1,0,0.999931471,NA,NA,70.000000000,MEASURED_CPU_FAULT,CPU;INTERVAL_FAULTS,NA,NA,NA,NA,NA,NA,NA,NA,NA,NA,NA,NA,NA,NA,NA,NA,NA,NA,NA,NA,NA,NA,NA,TARGET_GONE,identity no longer active
2026-10-02T16:06:16Z,APP_22001_3033686,22001,3033686,19,1250,192.192,0,0,-1,-1,0,0.999931471,NA,NA,70.000000000,MEASURED_CPU_FAULT,CPU;INTERVAL_FAULTS,NA,NA,NA,NA,NA,NA,NA,NA,NA,NA,NA,NA,NA,NA,NA,NA,NA,NA,NA,NA,NA,NA,NA,TARGET_GONE,identity no longer active
2026-10-02T16:06:16Z,APP_22001_3033686,22001,3033686,19,1251,201.802,0,0,-1,-1,0,0.999931471,NA,NA,70.000000000,MEASURED_CPU_FAULT,CPU;INTERVAL_FAULTS,NA,NA,NA,NA,NA,NA,NA,NA,NA,NA,NA,NA,NA,NA,NA,NA,NA,NA,NA,NA,NA,NA,NA,TARGET_GONE,identity no longer active
2026-10-02T16:06:16Z,APP_22001_3033686,22001,3033686,19,1252,197.574,0,0,-1,-1,0,0.999931471,NA,NA,70.000000000,MEASURED_CPU_FAULT,CPU;INTERVAL_FAULTS,NA,NA,NA,NA,NA,NA,NA,NA,NA,NA,NA,NA,NA,NA,NA,NA,NA,NA,NA,NA,NA,NA,NA,TARGET_GONE,identity no longer active
2026-10-02T16:06:16Z,APP_22001_3033686,22001,3033686,19,1253,201.499,0,0,-1,-1,0,0.999931471,NA,NA,70.000000000,MEASURED_CPU_FAULT,CPU;INTERVAL_FAULTS,NA,NA,NA,NA,NA,NA,NA,NA,NA,NA,NA,NA,NA,NA,NA,NA,NA,NA,NA,NA,NA,NA,NA,TARGET_GONE,identity no longer active
2026-10-02T16:06:17Z,APP_22001_3033686,22001,3033686,19,1254,202.985,0,0,-1,-1,0,0.999931471,NA,NA,70.000000000,MEASURED_CPU_FAULT,CPU;INTERVAL_FAULTS,NA,NA,NA,NA,NA,NA,NA,NA,NA,NA,NA,NA,NA,NA,NA,NA,NA,NA,NA,NA,NA,NA,NA,TARGET_GONE,identity no longer active
2026-10-02T16:06:17Z,APP_22001_3033686,22001,3033686,19,1255,191.617,0,0,-1,-1,0,0.999931471,NA,NA,70.000000000,MEASURED_CPU_FAULT,CPU;INTERVAL_FAULTS,NA,NA,NA,NA,NA,NA,NA,NA,NA,NA,NA,NA,NA,NA,NA,NA,NA,NA,NA,NA,NA,NA,NA,TARGET_GONE,identity no longer active
2026-10-02T16:06:17Z,APP_22001_3033686,22001,3033686,19,1256,202.607,0,0,-1,-1,0,0.999931471,NA,NA,70.000000000,MEASURED_CPU_FAULT,CPU;INTERVAL_FAULTS,NA,NA,NA,NA,NA,NA,NA,NA,NA,NA,NA,NA,NA,NA,NA,NA,NA,NA,NA,NA,NA,NA,NA,TARGET_GONE,identity no longer active
2026-10-02T16:06:17Z,APP_22001_3033686,22001,3033686,19,1257,200.104,0,0,-1,-1,0,0.999931471,NA,NA,70.000000000,MEASURED_CPU_FAULT,CPU;INTERVAL_FAULTS,NA,NA,NA,NA,NA,NA,NA,NA,NA,NA,NA,NA,NA,NA,NA,NA,NA,NA,NA,NA,NA,NA,NA,TARGET_GONE,identity no longer active
2026-10-02T16:06:17Z,APP_22001_3033686,22001,3033686,19,1258,191.617,0,0,-1,-1,0,0.999931471,NA,NA,70.000000000,MEASURED_CPU_FAULT,CPU;INTERVAL_FAULTS,NA,NA,NA,NA,NA,NA,NA,NA,NA,NA,NA,NA,NA,NA,NA,NA,NA,NA,NA,NA,NA,NA,NA,TARGET_GONE,identity no longer active
2026-10-02T16:06:17Z,APP_22001_3033686,22001,3033686,19,1259,201.499,0,0,-1,-1,0,0.999931471,NA,NA,70.000000000,MEASURED_CPU_FAULT,CPU;INTERVAL_FAULTS,NA,NA,NA,NA,NA,NA,NA,NA,NA,NA,NA,NA,NA,NA,NA,NA,NA,NA,NA,NA,NA,NA,NA,TARGET_GONE,identity no longer active
2026-10-02T16:06:18Z,APP_22001_3033686,22001,3033686,19,1260,203.732,0,0,-1,-1,0,0.999931471,NA,NA,70.000000000,MEASURED_CPU_FAULT,CPU;INTERVAL_FAULTS,NA,NA,NA,NA,NA,NA,NA,NA,NA,NA,NA,NA,NA,NA,NA,NA,NA,NA,NA,NA,NA,NA,NA,TARGET_GONE,identity no longer active
2026-10-02T16:06:18Z,APP_22001_3033686,22001,3033686,19,1261,201.499,0,0,-1,-1,0,0.999931471,NA,NA,70.000000000,MEASURED_CPU_FAULT,CPU;INTERVAL_FAULTS,NA,NA,NA,NA,NA,NA,NA,NA,NA,NA,NA,NA,NA,NA,NA,NA,NA,NA,NA,NA,NA,NA,NA,TARGET_GONE,identity no longer active
2026-10-02T16:06:18Z,APP_22001_3033686,22001,3033686,19,1262,196.648,0,0,-1,-1,0,0.999931471,NA,NA,70.000000000,MEASURED_CPU_FAULT,CPU;INTERVAL_FAULTS,NA,NA,NA,NA,NA,NA,NA,NA,NA,NA,NA,NA,NA,NA,NA,NA,NA,NA,NA,NA,NA,NA,NA,TARGET_GONE,identity no longer active
2026-10-02T16:06:18Z,APP_22001_3033686,22001,3033686,19,1263,201.198,0,0,-1,-1,0,0.999931471,NA,NA,70.000000000,MEASURED_CPU_FAULT,CPU;INTERVAL_FAULTS,NA,NA,NA,NA,NA,NA,NA,NA,NA,NA,NA,NA,NA,NA,NA,NA,NA,NA,NA,NA,NA,NA,NA,TARGET_GONE,identity no longer active
2026-10-02T16:06:18Z,APP_22001_3033686,22001,3033686,19,1264,202.796,0,0,-1,-1,0,0.999931471,NA,NA,70.000000000,MEASURED_CPU_FAULT,CPU;INTERVAL_FAULTS,NA,NA,NA,NA,NA,NA,NA,NA,NA,NA,NA,NA,NA,NA,NA,NA,NA,NA,NA,NA,NA,NA,NA,TARGET_GONE,identity no longer active
2026-10-02T16:06:18Z,APP_22001_3033686,22001,3033686,19,1265,199.344,0,0,-1,-1,0,0.999931471,NA,NA,70.000000000,MEASURED_CPU_FAULT,CPU;INTERVAL_FAULTS,NA,NA,NA,NA,NA,NA,NA,NA,NA,NA,NA,NA,NA,NA,NA,NA,NA,NA,NA,NA,NA,NA,NA,TARGET_GONE,identity no longer active
2026-10-02T16:06:18Z,APP_22001_3033686,22001,3033686,19,1266,191.617,0,0,-1,-1,0,0.999931471,NA,NA,70.000000000,MEASURED_CPU_FAULT,CPU;INTERVAL_FAULTS,NA,NA,NA,NA,NA,NA,NA,NA,NA,NA,NA,NA,NA,NA,NA,NA,NA,NA,NA,NA,NA,NA,NA,TARGET_GONE,identity no longer active
2026-10-02T16:06:19Z,APP_22001_3033686,22001,3033686,19,1267,211.094,0,0,-1,-1,0,0.999931471,NA,NA,70.000000000,MEASURED_CPU_FAULT,CPU;INTERVAL_FAULTS,NA,NA,NA,NA,NA,NA,NA,NA,NA,NA,NA,NA,NA,NA,NA,NA,NA,NA,NA,NA,NA,NA,NA,TARGET_GONE,identity no longer active
2026-10-02T16:06:19Z,APP_22001_3033686,22001,3033686,19,1268,197.792,0,0,-1,-1,0,0.999931471,NA,NA,70.000000000,MEASURED_CPU_FAULT,CPU;INTERVAL_FAULTS,NA,NA,NA,NA,NA,NA,NA,NA,NA,NA,NA,NA,NA,NA,NA,NA,NA,NA,NA,NA,NA,NA,NA,TARGET_GONE,identity no longer active
2026-10-02T16:06:19Z,APP_22001_3033686,22001,3033686,19,1269,191.617,0,0,-1,-1,0,0.999931471,NA,NA,70.000000000,MEASURED_CPU_FAULT,CPU;INTERVAL_FAULTS,NA,NA,NA,NA,NA,NA,NA,NA,NA,NA,NA,NA,NA,NA,NA,NA,NA,NA,NA,NA,NA,NA,NA,TARGET_GONE,identity no longer active
2026-10-02T16:06:19Z,APP_22001_3033686,22001,3033686,19,1270,202.796,0,0,-1,-1,0,0.999931471,NA,NA,70.000000000,MEASURED_CPU_FAULT,CPU;INTERVAL_FAULTS,NA,NA,NA,NA,NA,NA,NA,NA,NA,NA,NA,NA,NA,NA,NA,NA,NA,NA,NA,NA,NA,NA,NA,TARGET_GONE,identity no longer active
2026-10-02T16:06:19Z,APP_22001_3033686,22001,3033686,19,1271,201.198,0,0,-1,-1,0,0.999931471,NA,NA,70.000000000,MEASURED_CPU_FAULT,CPU;INTERVAL_FAULTS,NA,NA,NA,NA,NA,NA,NA,NA,NA,NA,NA,NA,NA,NA,NA,NA,NA,NA,NA,NA,NA,NA,NA,TARGET_GONE,identity no longer active
2026-10-02T16:06:19Z,APP_22001_3033686,22001,3033686,19,1272,197.413,0,0,-1,-1,0,0.999931471,NA,NA,70.000000000,MEASURED_CPU_FAULT,CPU;INTERVAL_FAULTS,NA,NA,NA,NA,NA,NA,NA,NA,NA,NA,NA,NA,NA,NA,NA,NA,NA,NA,NA,NA,NA,NA,NA,TARGET_GONE,identity no longer active
2026-10-02T16:06:19Z,APP_22001_3033686,22001,3033686,19,1273,201.499,0,0,-1,-1,0,0.999931471,NA,NA,70.000000000,MEASURED_CPU_FAULT,CPU;INTERVAL_FAULTS,NA,NA,NA,NA,NA,NA,NA,NA,NA,NA,NA,NA,NA,NA,NA,NA,NA,NA,NA,NA,NA,NA,NA,TARGET_GONE,identity no longer active
2026-10-02T16:06:19Z,APP_22001_3033686,22001,3033686,19,1274,199.495,0,0,-1,-1,0,0.999931471,NA,NA,70.000000000,MEASURED_CPU_FAULT,CPU;INTERVAL_FAULTS,NA,NA,NA,NA,NA,NA,NA,NA,NA,NA,NA,NA,NA,NA,NA,NA,NA,NA,NA,NA,NA,NA,NA,TARGET_GONE,identity no longer active
2026-10-02T16:06:20Z,APP_22001_3033686,22001,3033686,19,1275,210.778,0,0,-1,-1,0,0.999931471,NA,NA,70.000000000,MEASURED_CPU_FAULT,CPU;INTERVAL_FAULTS,NA,NA,NA,NA,NA,NA,NA,NA,NA,NA,NA,NA,NA,NA,NA,NA,NA,NA,NA,NA,NA,NA,NA,TARGET_GONE,identity no longer active
2026-10-02T16:06:20Z,APP_22001_3033686,22001,3033686,19,1276,202.105,0,0,-1,-1,0,0.999931471,NA,NA,70.000000000,MEASURED_CPU_FAULT,CPU;INTERVAL_FAULTS,NA,NA,NA,NA,NA,NA,NA,NA,NA,NA,NA,NA,NA,NA,NA,NA,NA,NA,NA,NA,NA,NA,NA,TARGET_GONE,identity no longer active
2026-10-02T16:06:20Z,APP_22001_3033686,22001,3033686,19,1277,191.045,0,0,-1,-1,0,0.999931471,NA,NA,70.000000000,MEASURED_CPU_FAULT,CPU;INTERVAL_FAULTS,NA,NA,NA,NA,NA,NA,NA,NA,NA,NA,NA,NA,NA,NA,NA,NA,NA,NA,NA,NA,NA,NA,NA,TARGET_GONE,identity no longer active
2026-10-02T16:06:20Z,APP_22001_3033686,22001,3033686,19,1278,201.802,0,0,-1,-1,0,0.999931471,NA,NA,70.000000000,MEASURED_CPU_FAULT,CPU;INTERVAL_FAULTS,NA,NA,NA,NA,NA,NA,NA,NA,NA,NA,NA,NA,NA,NA,NA,NA,NA,NA,NA,NA,NA,NA,NA,TARGET_GONE,identity no longer active
2026-10-02T16:06:20Z,APP_22001_3033686,22001,3033686,19,1279,200.810,0,0,-1,-1,0,0.999931471,NA,NA,70.000000000,MEASURED_CPU_FAULT,CPU;INTERVAL_FAULTS,NA,NA,NA,NA,NA,NA,NA,NA,NA,NA,NA,NA,NA,NA,NA,NA,NA,NA,NA,NA,NA,NA,NA,TARGET_GONE,identity no longer active
2026-10-02T16:06:20Z,APP_22001_3033686,22001,3033686,19,1280,201.499,0,0,-1,-1,0,0.999931471,NA,NA,70.000000000,MEASURED_CPU_FAULT,CPU;INTERVAL_FAULTS,NA,NA,NA,NA,NA,NA,NA,NA,NA,NA,NA,NA,NA,NA,NA,NA,NA,NA,NA,NA,NA,NA,NA,TARGET_GONE,identity no longer active
2026-10-02T16:06:20Z,APP_22001_3033686,22001,3033686,19,1281,201.972,0,0,-1,-1,0,0.999931471,NA,NA,70.000000000,MEASURED_CPU_FAULT,CPU;INTERVAL_FAULTS,NA,NA,NA,NA,NA,NA,NA,NA,NA,NA,NA,NA,NA,NA,NA,NA,NA,NA,NA,NA,NA,NA,NA,TARGET_GONE,identity no longer active
2026-10-02T16:06:20Z,APP_22001_3033686,22001,3033686,19,1282,202.105,0,0,-1,-1,0,0.999931471,NA,NA,70.000000000,MEASURED_CPU_FAULT,CPU;INTERVAL_FAULTS,NA,NA,NA,NA,NA,NA,NA,NA,NA,NA,NA,NA,NA,NA,NA,NA,NA,NA,NA,NA,NA,NA,NA,TARGET_GONE,identity no longer active
2026-10-02T16:06:21Z,APP_22001_3033686,22001,3033686,19,1283,200.272,0,0,-1,-1,0,0.999931471,NA,NA,70.000000000,MEASURED_CPU_FAULT,CPU;INTERVAL_FAULTS,NA,NA,NA,NA,NA,NA,NA,NA,NA,NA,NA,NA,NA,NA,NA,NA,NA,NA,NA,NA,NA,NA,NA,TARGET_GONE,identity no longer active
2026-10-02T16:06:21Z,APP_22001_3033686,22001,3033686,19,1284,192.192,0,0,-1,-1,0,0.999931471,NA,NA,70.000000000,MEASURED_CPU_FAULT,CPU;INTERVAL_FAULTS,NA,NA,NA,NA,NA,NA,NA,NA,NA,NA,NA,NA,NA,NA,NA,NA,NA,NA,NA,NA,NA,NA,NA,TARGET_GONE,identity no longer active
2026-10-02T16:06:21Z,APP_22001_3033686,22001,3033686,19,1285,201.198,0,0,-1,-1,0,0.999931471,NA,NA,70.000000000,MEASURED_CPU_FAULT,CPU;INTERVAL_FAULTS,NA,NA,NA,NA,NA,NA,NA,NA,NA,NA,NA,NA,NA,NA,NA,NA,NA,NA,NA,NA,NA,NA,NA,TARGET_GONE,identity no longer active
2026-10-02T16:06:21Z,APP_22001_3033686,22001,3033686,19,1286,195.122,0,0,-1,-1,0,0.999931471,NA,NA,70.000000000,MEASURED_CPU_FAULT,CPU;INTERVAL_FAULTS,NA,NA,NA,NA,NA,NA,NA,NA,NA,NA,NA,NA,NA,NA,NA,NA,NA,NA,NA,NA,NA,NA,NA,TARGET_GONE,identity no longer active
2026-10-02T16:06:21Z,APP_22001_3033686,22001,3033686,19,1287,201.198,0,0,-1,-1,0,0.999931471,NA,NA,70.000000000,MEASURED_CPU_FAULT,CPU;INTERVAL_FAULTS,NA,NA,NA,NA,NA,NA,NA,NA,NA,NA,NA,NA,NA,NA,NA,NA,NA,NA,NA,NA,NA,NA,NA,TARGET_GONE,identity no longer active
2026-10-02T16:06:21Z,APP_22001_3033686,22001,3033686,19,1288,208.185,0,0,-1,-1,0,0.999931471,NA,NA,70.000000000,MEASURED_CPU_FAULT,CPU;INTERVAL_FAULTS,NA,NA,NA,NA,NA,NA,NA,NA,NA,NA,NA,NA,NA,NA,NA,NA,NA,NA,NA,NA,NA,NA,NA,TARGET_GONE,identity no longer active
2026-10-02T16:06:21Z,APP_22001_3033686,22001,3033686,19,1289,192.192,0,0,-1,-1,0,0.999931471,NA,NA,70.000000000,MEASURED_CPU_FAULT,CPU;INTERVAL_FAULTS,NA,NA,NA,NA,NA,NA,NA,NA,NA,NA,NA,NA,NA,NA,NA,NA,NA,NA,NA,NA,NA,NA,NA,TARGET_GONE,identity no longer active
2026-10-02T16:06:21Z,APP_22001_3033686,22001,3033686,19,1290,201.681,0,0,-1,-1,0,0.999931471,NA,NA,70.000000000,MEASURED_CPU_FAULT,CPU;INTERVAL_FAULTS,NA,NA,NA,NA,NA,NA,NA,NA,NA,NA,NA,NA,NA,NA,NA,NA,NA,NA,NA,NA,NA,NA,NA,TARGET_GONE,identity no longer active
2026-10-02T16:06:22Z,APP_22001_3033686,22001,3033686,19,1291,201.499,0,0,-1,-1,0,0.999931471,NA,NA,70.000000000,MEASURED_CPU_FAULT,CPU;INTERVAL_FAULTS,NA,NA,NA,NA,NA,NA,NA,NA,NA,NA,NA,NA,NA,NA,NA,NA,NA,NA,NA,NA,NA,NA,NA,TARGET_GONE,identity no longer active
2026-10-02T16:06:22Z,APP_22001_3033686,22001,3033686,19,1292,195.785,0,0,-1,-1,0,0.999931471,NA,NA,70.000000000,MEASURED_CPU_FAULT,CPU;INTERVAL_FAULTS,NA,NA,NA,NA,NA,NA,NA,NA,NA,NA,NA,NA,NA,NA,NA,NA,NA,NA,NA,NA,NA,NA,NA,TARGET_GONE,identity no longer active
2026-10-02T16:06:22Z,APP_22001_3033686,22001,3033686,19,1293,210.149,0,0,-1,-1,0,0.999931471,NA,NA,70.000000000,MEASURED_CPU_FAULT,CPU;INTERVAL_FAULTS,NA,NA,NA,NA,NA,NA,NA,NA,NA,NA,NA,NA,NA,NA,NA,NA,NA,NA,NA,NA,NA,NA,NA,TARGET_GONE,identity no longer active
2026-10-02T16:06:22Z,APP_22001_3033686,22001,3033686,19,1294,202.105,0,0,-1,-1,0,0.999931471,NA,NA,70.000000000,MEASURED_CPU_FAULT,CPU;INTERVAL_FAULTS,NA,NA,NA,NA,NA,NA,NA,NA,NA,NA,NA,NA,NA,NA,NA,NA,NA,NA,NA,NA,NA,NA,NA,TARGET_GONE,identity no longer active
2026-10-02T16:06:22Z,APP_22001_3033686,22001,3033686,19,1295,194.647,0,0,-1,-1,0,0.999931471,NA,NA,70.000000000,MEASURED_CPU_FAULT,CPU;INTERVAL_FAULTS,NA,NA,NA,NA,NA,NA,NA,NA,NA,NA,NA,NA,NA,NA,NA,NA,NA,NA,NA,NA,NA,NA,NA,TARGET_GONE,identity no longer active
2026-10-02T16:06:22Z,APP_22001_3033686,22001,3033686,19,1296,211.094,0,0,-1,-1,0,0.999931471,NA,NA,70.000000000,MEASURED_CPU_FAULT,CPU;INTERVAL_FAULTS,NA,NA,NA,NA,NA,NA,NA,NA,NA,NA,NA,NA,NA,NA,NA,NA,NA,NA,NA,NA,NA,NA,NA,TARGET_GONE,identity no longer active
2026-10-02T16:06:22Z,APP_22001_3033686,22001,3033686,19,1297,191.538,0,0,-1,-1,0,0.999931471,NA,NA,70.000000000,MEASURED_CPU_FAULT,CPU;INTERVAL_FAULTS,NA,NA,NA,NA,NA,NA,NA,NA,NA,NA,NA,NA,NA,NA,NA,NA,NA,NA,NA,NA,NA,NA,NA,TARGET_GONE,identity no longer active
2026-10-02T16:06:22Z,APP_22001_3033686,22001,3033686,19,1298,201.802,0,0,-1,-1,0,0.999931471,NA,NA,70.000000000,MEASURED_CPU_FAULT,CPU;INTERVAL_FAULTS,NA,NA,NA,NA,NA,NA,NA,NA,NA,NA,NA,NA,NA,NA,NA,NA,NA,NA,NA,NA,NA,NA,NA,TARGET_GONE,identity no longer active
2026-10-02T16:06:23Z,APP_22001_3033686,22001,3033686,19,1299,200.607,0,0,-1,-1,0,0.999931471,NA,NA,70.000000000,MEASURED_CPU_FAULT,CPU;INTERVAL_FAULTS,NA,NA,NA,NA,NA,NA,NA,NA,NA,NA,NA,NA,NA,NA,NA,NA,NA,NA,NA,NA,NA,NA,NA,TARGET_GONE,identity no longer active
2026-10-02T16:06:23Z,APP_22001_3033686,22001,3033686,19,1300,201.499,0,0,-1,-1,0,0.999931471,NA,NA,70.000000000,MEASURED_CPU_FAULT,CPU;INTERVAL_FAULTS,NA,NA,NA,NA,NA,NA,NA,NA,NA,NA,NA,NA,NA,NA,NA,NA,NA,NA,NA,NA,NA,NA,NA,TARGET_GONE,identity no longer active
2026-10-02T16:06:23Z,APP_22001_3033686,22001,3033686,19,1301,201.093,0,0,-1,-1,0,0.999931471,NA,NA,70.000000000,MEASURED_CPU_FAULT,CPU;INTERVAL_FAULTS,NA,NA,NA,NA,NA,NA,NA,NA,NA,NA,NA,NA,NA,NA,NA,NA,NA,NA,NA,NA,NA,NA,NA,TARGET_GONE,identity no longer active
2026-10-02T16:06:23Z,APP_22001_3033686,22001,3033686,19,1302,191.617,0,0,-1,-1,0,0.999931471,NA,NA,70.000000000,MEASURED_CPU_FAULT,CPU;INTERVAL_FAULTS,NA,NA,NA,NA,NA,NA,NA,NA,NA,NA,NA,NA,NA,NA,NA,NA,NA,NA,NA,NA,NA,NA,NA,TARGET_GONE,identity no longer active
2026-10-02T16:06:23Z,APP_22001_3033686,22001,3033686,19,1303,201.499,0,0,-1,-1,0,0.999931471,NA,NA,70.000000000,MEASURED_CPU_FAULT,CPU;INTERVAL_FAULTS,NA,NA,NA,NA,NA,NA,NA,NA,NA,NA,NA,NA,NA,NA,NA,NA,NA,NA,NA,NA,NA,NA,NA,TARGET_GONE,identity no longer active
2026-10-02T16:06:23Z,APP_22001_3033686,22001,3033686,19,1304,204.180,0,0,-1,-1,0,0.999931471,NA,NA,70.000000000,MEASURED_CPU_FAULT,CPU;INTERVAL_FAULTS,NA,NA,NA,NA,NA,NA,NA,NA,NA,NA,NA,NA,NA,NA,NA,NA,NA,NA,NA,NA,NA,NA,NA,TARGET_GONE,identity no longer active
2026-10-02T16:06:23Z,APP_22001_3033686,22001,3033686,19,1305,201.499,0,0,-1,-1,0,0.999931471,NA,NA,70.000000000,MEASURED_CPU_FAULT,CPU;INTERVAL_FAULTS,NA,NA,NA,NA,NA,NA,NA,NA,NA,NA,NA,NA,NA,NA,NA,NA,NA,NA,NA,NA,NA,NA,NA,TARGET_GONE,identity no longer active
2026-10-02T16:06:23Z,APP_22001_3033686,22001,3033686,19,1306,196.283,0,0,-1,-1,0,0.999931471,NA,NA,70.000000000,MEASURED_CPU_FAULT,CPU;INTERVAL_FAULTS,NA,NA,NA,NA,NA,NA,NA,NA,NA,NA,NA,NA,NA,NA,NA,NA,NA,NA,NA,NA,NA,NA,NA,TARGET_GONE,identity no longer active
2026-10-02T16:06:24Z,APP_22001_3033686,22001,3033686,19,1307,201.198,0,0,-1,-1,0,0.999931471,NA,NA,70.000000000,MEASURED_CPU_FAULT,CPU;INTERVAL_FAULTS,NA,NA,NA,NA,NA,NA,NA,NA,NA,NA,NA,NA,NA,NA,NA,NA,NA,NA,NA,NA,NA,NA,NA,TARGET_GONE,identity no longer active
2026-10-02T16:06:24Z,APP_22001_3033686,22001,3033686,19,1308,201.421,0,0,-1,-1,0,0.999931471,NA,NA,70.000000000,MEASURED_CPU_FAULT,CPU;INTERVAL_FAULTS,NA,NA,NA,NA,NA,NA,NA,NA,NA,NA,NA,NA,NA,NA,NA,NA,NA,NA,NA,NA,NA,NA,NA,TARGET_GONE,identity no longer active
2026-10-02T16:06:24Z,APP_22001_3033686,22001,3033686,19,1309,201.802,0,0,-1,-1,0,0.999931471,NA,NA,70.000000000,MEASURED_CPU_FAULT,CPU;INTERVAL_FAULTS,NA,NA,NA,NA,NA,NA,NA,NA,NA,NA,NA,NA,NA,NA,NA,NA,NA,NA,NA,NA,NA,NA,NA,TARGET_GONE,identity no longer active
2026-10-02T16:06:24Z,APP_22001_3033686,22001,3033686,19,1310,201.381,0,0,-1,-1,0,0.999931471,NA,NA,70.000000000,MEASURED_CPU_FAULT,CPU;INTERVAL_FAULTS,NA,NA,NA,NA,NA,NA,NA,NA,NA,NA,NA,NA,NA,NA,NA,NA,NA,NA,NA,NA,NA,NA,NA,TARGET_GONE,identity no longer active
2026-10-02T16:06:24Z,APP_22001_3033686,22001,3033686,19,1311,191.617,0,0,-1,-1,0,0.999931471,NA,NA,70.000000000,MEASURED_CPU_FAULT,CPU;INTERVAL_FAULTS,NA,NA,NA,NA,NA,NA,NA,NA,NA,NA,NA,NA,NA,NA,NA,NA,NA,NA,NA,NA,NA,NA,NA,TARGET_GONE,identity no longer active
2026-10-02T16:06:24Z,APP_22001_3033686,22001,3033686,19,1312,202.105,0,0,-1,-1,0,0.999931471,NA,NA,70.000000000,MEASURED_CPU_FAULT,CPU;INTERVAL_FAULTS,NA,NA,NA,NA,NA,NA,NA,NA,NA,NA,NA,NA,NA,NA,NA,NA,NA,NA,NA,NA,NA,NA,NA,TARGET_GONE,identity no longer active
2026-10-02T16:06:24Z,APP_22001_3033686,22001,3033686,19,1313,204.878,0,0,-1,-1,0,0.999931471,NA,NA,70.000000000,MEASURED_CPU_FAULT,CPU;INTERVAL_FAULTS,NA,NA,NA,NA,NA,NA,NA,NA,NA,NA,NA,NA,NA,NA,NA,NA,NA,NA,NA,NA,NA,NA,NA,TARGET_GONE,identity no longer active
2026-10-02T16:06:24Z,APP_22001_3033686,22001,3033686,19,1314,192.192,0,0,-1,-1,0,0.999931471,NA,NA,70.000000000,MEASURED_CPU_FAULT,CPU;INTERVAL_FAULTS,NA,NA,NA,NA,NA,NA,NA,NA,NA,NA,NA,NA,NA,NA,NA,NA,NA,NA,NA,NA,NA,NA,NA,TARGET_GONE,identity no longer active
2026-10-02T16:06:25Z,APP_22001_3033686,22001,3033686,19,1315,201.217,0,0,-1,-1,0,0.999931471,NA,NA,70.000000000,MEASURED_CPU_FAULT,CPU;INTERVAL_FAULTS,NA,NA,NA,NA,NA,NA,NA,NA,NA,NA,NA,NA,NA,NA,NA,NA,NA,NA,NA,NA,NA,NA,NA,TARGET_GONE,identity no longer active
2026-10-02T16:06:25Z,APP_22001_3033686,22001,3033686,19,1316,201.499,0,0,-1,-1,0,0.999931471,NA,NA,70.000000000,MEASURED_CPU_FAULT,CPU;INTERVAL_FAULTS,NA,NA,NA,NA,NA,NA,NA,NA,NA,NA,NA,NA,NA,NA,NA,NA,NA,NA,NA,NA,NA,NA,NA,TARGET_GONE,identity no longer active
2026-10-02T16:06:25Z,APP_22001_3033686,22001,3033686,19,1317,200.810,0,0,-1,-1,0,0.999931471,NA,NA,70.000000000,MEASURED_CPU_FAULT,CPU;INTERVAL_FAULTS,NA,NA,NA,NA,NA,NA,NA,NA,NA,NA,NA,NA,NA,NA,NA,NA,NA,NA,NA,NA,NA,NA,NA,TARGET_GONE,identity no longer active
2026-10-02T16:06:25Z,APP_22001_3033686,22001,3033686,19,1318,201.499,0,0,-1,-1,0,0.999931471,NA,NA,70.000000000,MEASURED_CPU_FAULT,CPU;INTERVAL_FAULTS,NA,NA,NA,NA,NA,NA,NA,NA,NA,NA,NA,NA,NA,NA,NA,NA,NA,NA,NA,NA,NA,NA,NA,TARGET_GONE,identity no longer active
2026-10-02T16:06:04Z,APP_22001_3033686,22001,3033686,2,1319,0.000,0,0,-1,-1,0,0.999931471,1,true,0.000000000,MEASURED_CPU_FAULT,CPU;INTERVAL_FAULTS,HOT,615.865031186,0.560000000,0.700000000,NA,NA,NA,NA,0.560000000,0.000000000,0.700000000,0.000000000,-1.000000000,1.232000000,NA,MOVE_THREAD,INVALID,NOT_APPLICABLE,INVALID,MOVE_THREAD,-1,-1,false,TARGET_GONE,identity no longer active
2026-10-02T16:06:04Z,APP_22001_3033686,22001,3033686,2,1320,0.000,0,0,-1,-1,0,0.999931471,NA,NA,0.000000000,MEASURED_CPU_FAULT,CPU;INTERVAL_FAULTS,NA,NA,NA,NA,NA,NA,NA,NA,NA,NA,NA,NA,NA,NA,NA,NA,NA,NA,NA,NA,NA,NA,NA,TARGET_GONE,identity no longer active
2026-10-02T16:06:04Z,APP_22001_3033686,22001,3033686,2,1321,0.000,0,0,-1,-1,0,0.999931471,NA,NA,0.000000000,MEASURED_CPU_FAULT,CPU;INTERVAL_FAULTS,NA,NA,NA,NA,NA,NA,NA,NA,NA,NA,NA,NA,NA,NA,NA,NA,NA,NA,NA,NA,NA,NA,NA,TARGET_GONE,identity no longer active
2026-10-02T16:06:04Z,APP_22001_3033686,22001,3033686,2,1322,0.000,0,0,-1,-1,0,0.999931471,NA,NA,0.000000000,MEASURED_CPU_FAULT,CPU;INTERVAL_FAULTS,NA,NA,NA,NA,NA,NA,NA,NA,NA,NA,NA,NA,NA,NA,NA,NA,NA,NA,NA,NA,NA,NA,NA,TARGET_GONE,identity no longer active
2026-10-02T16:06:04Z,APP_22001_3033686,22001,3033686,2,1323,0.000,0,0,-1,-1,0,0.999931471,NA,NA,0.000000000,MEASURED_CPU_FAULT,CPU;INTERVAL_FAULTS,NA,NA,NA,NA,NA,NA,NA,NA,NA,NA,NA,NA,NA,NA,NA,NA,NA,NA,NA,NA,NA,NA,NA,TARGET_GONE,identity no longer active
2026-10-02T16:06:04Z,APP_22001_3033686,22001,3033686,2,1324,0.000,0,0,-1,-1,0,0.999931471,NA,NA,0.000000000,MEASURED_CPU_FAULT,CPU;INTERVAL_FAULTS,NA,NA,NA,NA,NA,NA,NA,NA,NA,NA,NA,NA,NA,NA,NA,NA,NA,NA,NA,NA,NA,NA,NA,TARGET_GONE,identity no longer active
2026-10-02T16:06:05Z,APP_22001_3033686,22001,3033686,2,1325,0.000,0,0,-1,-1,0,0.999931471,NA,NA,0.000000000,MEASURED_CPU_FAULT,CPU;INTERVAL_FAULTS,NA,NA,NA,NA,NA,NA,NA,NA,NA,NA,NA,NA,NA,NA,NA,NA,NA,NA,NA,NA,NA,NA,NA,TARGET_GONE,identity no longer active
2026-10-02T16:06:05Z,APP_22001_3033686,22001,3033686,2,1326,0.000,0,0,-1,-1,0,0.999931471,NA,NA,0.000000000,MEASURED_CPU_FAULT,CPU;INTERVAL_FAULTS,NA,NA,NA,NA,NA,NA,NA,NA,NA,NA,NA,NA,NA,NA,NA,NA,NA,NA,NA,NA,NA,NA,NA,TARGET_GONE,identity no longer active
2026-10-02T16:06:05Z,APP_22001_3033686,22001,3033686,2,1327,0.000,0,0,-1,-1,0,0.999931471,NA,NA,0.000000000,MEASURED_CPU_FAULT,CPU;INTERVAL_FAULTS,NA,NA,NA,NA,NA,NA,NA,NA,NA,NA,NA,NA,NA,NA,NA,NA,NA,NA,NA,NA,NA,NA,NA,TARGET_GONE,identity no longer active
2026-10-02T16:06:05Z,APP_22001_3033686,22001,3033686,2,1328,16.203,0,0,-1,-1,0,0.999931471,NA,NA,11.342100000,MEASURED_CPU_FAULT,CPU;INTERVAL_FAULTS,NA,NA,NA,NA,NA,NA,NA,NA,NA,NA,NA,NA,NA,NA,NA,NA,NA,NA,NA,NA,NA,NA,NA,TARGET_GONE,identity no longer active
2026-10-02T16:06:05Z,APP_22001_3033686,22001,3033686,2,1329,192.385,0,0,-1,-1,0,0.999931471,NA,NA,70.000000000,MEASURED_CPU_FAULT,CPU;INTERVAL_FAULTS,NA,NA,NA,NA,NA,NA,NA,NA,NA,NA,NA,NA,NA,NA,NA,NA,NA,NA,NA,NA,NA,NA,NA,TARGET_GONE,identity no longer active
2026-10-02T16:06:05Z,APP_22001_3033686,22001,3033686,2,1330,210.778,0,0,-1,-1,0,0.999931471,NA,NA,70.000000000,MEASURED_CPU_FAULT,CPU;INTERVAL_FAULTS,NA,NA,NA,NA,NA,NA,NA,NA,NA,NA,NA,NA,NA,NA,NA,NA,NA,NA,NA,NA,NA,NA,NA,TARGET_GONE,identity no longer active
2026-10-02T16:06:05Z,APP_22001_3033686,22001,3033686,2,1331,202.009,0,0,-1,-1,0,0.999931471,NA,NA,70.000000000,MEASURED_CPU_FAULT,CPU;INTERVAL_FAULTS,NA,NA,NA,NA,NA,NA,NA,NA,NA,NA,NA,NA,NA,NA,NA,NA,NA,NA,NA,NA,NA,NA,NA,TARGET_GONE,identity no longer active
2026-10-02T16:06:05Z,APP_22001_3033686,22001,3033686,2,1332,191.904,0,0,-1,-1,0,0.999931471,NA,NA,70.000000000,MEASURED_CPU_FAULT,CPU;INTERVAL_FAULTS,NA,NA,NA,NA,NA,NA,NA,NA,NA,NA,NA,NA,NA,NA,NA,NA,NA,NA,NA,NA,NA,NA,NA,TARGET_GONE,identity no longer active
2026-10-02T16:06:06Z,APP_22001_3033686,22001,3033686,2,1333,206.928,0,0,-1,-1,0,0.999931471,NA,NA,70.000000000,MEASURED_CPU_FAULT,CPU;INTERVAL_FAULTS,NA,NA,NA,NA,NA,NA,NA,NA,NA,NA,NA,NA,NA,NA,NA,NA,NA,NA,NA,NA,NA,NA,NA,TARGET_GONE,identity no longer active
2026-10-02T16:06:06Z,APP_22001_3033686,22001,3033686,2,1334,192.385,0,0,-1,-1,0,0.999931471,NA,NA,70.000000000,MEASURED_CPU_FAULT,CPU;INTERVAL_FAULTS,NA,NA,NA,NA,NA,NA,NA,NA,NA,NA,NA,NA,NA,NA,NA,NA,NA,NA,NA,NA,NA,NA,NA,TARGET_GONE,identity no longer active
2026-10-02T16:06:06Z,APP_22001_3033686,22001,3033686,2,1335,201.198,0,0,-1,-1,0,0.999931471,NA,NA,70.000000000,MEASURED_CPU_FAULT,CPU;INTERVAL_FAULTS,NA,NA,NA,NA,NA,NA,NA,NA,NA,NA,NA,NA,NA,NA,NA,NA,NA,NA,NA,NA,NA,NA,NA,TARGET_GONE,identity no longer active
2026-10-02T16:06:06Z,APP_22001_3033686,22001,3033686,2,1336,201.431,0,0,-1,-1,0,0.999931471,NA,NA,70.000000000,MEASURED_CPU_FAULT,CPU;INTERVAL_FAULTS,NA,NA,NA,NA,NA,NA,NA,NA,NA,NA,NA,NA,NA,NA,NA,NA,NA,NA,NA,NA,NA,NA,NA,TARGET_GONE,identity no longer active
2026-10-02T16:06:06Z,APP_22001_3033686,22001,3033686,2,1337,201.802,0,0,-1,-1,0,0.999931471,NA,NA,70.000000000,MEASURED_CPU_FAULT,CPU;INTERVAL_FAULTS,NA,NA,NA,NA,NA,NA,NA,NA,NA,NA,NA,NA,NA,NA,NA,NA,NA,NA,NA,NA,NA,NA,NA,TARGET_GONE,identity no longer active
2026-10-02T16:06:04Z,APP_22001_3033686,22001,3033686,20,1338,0.000,0,0,-1,-1,0,0.999931471,1,true,0.000000000,MEASURED_CPU_FAULT,CPU;INTERVAL_FAULTS,HOT,669.474315258,0.560000000,0.700000000,NA,NA,NA,NA,0.560000000,0.000000000,0.700000000,0.000000000,-1.000000000,1.232000000,NA,MOVE_THREAD,INVALID,NOT_APPLICABLE,INVALID,MOVE_THREAD,-1,-1,false,TARGET_GONE,identity no longer active
2026-10-02T16:06:04Z,APP_22001_3033686,22001,3033686,20,1339,0.000,0,0,-1,-1,0,0.999931471,NA,NA,0.000000000,MEASURED_CPU_FAULT,CPU;INTERVAL_FAULTS,NA,NA,NA,NA,NA,NA,NA,NA,NA,NA,NA,NA,NA,NA,NA,NA,NA,NA,NA,NA,NA,NA,NA,TARGET_GONE,identity no longer active
2026-10-02T16:06:04Z,APP_22001_3033686,22001,3033686,20,1340,0.000,0,0,-1,-1,0,0.999931471,NA,NA,0.000000000,MEASURED_CPU_FAULT,CPU;INTERVAL_FAULTS,NA,NA,NA,NA,NA,NA,NA,NA,NA,NA,NA,NA,NA,NA,NA,NA,NA,NA,NA,NA,NA,NA,NA,TARGET_GONE,identity no longer active
2026-10-02T16:06:04Z,APP_22001_3033686,22001,3033686,20,1341,0.000,0,0,-1,-1,0,0.999931471,NA,NA,0.000000000,MEASURED_CPU_FAULT,CPU;INTERVAL_FAULTS,NA,NA,NA,NA,NA,NA,NA,NA,NA,NA,NA,NA,NA,NA,NA,NA,NA,NA,NA,NA,NA,NA,NA,TARGET_GONE,identity no longer active
2026-10-02T16:06:04Z,APP_22001_3033686,22001,3033686,20,1342,0.000,0,0,-1,-1,0,0.999931471,NA,NA,0.000000000,MEASURED_CPU_FAULT,CPU;INTERVAL_FAULTS,NA,NA,NA,NA,NA,NA,NA,NA,NA,NA,NA,NA,NA,NA,NA,NA,NA,NA,NA,NA,NA,NA,NA,TARGET_GONE,identity no longer active
2026-10-02T16:06:04Z,APP_22001_3033686,22001,3033686,20,1343,0.000,0,0,-1,-1,0,0.999931471,NA,NA,0.000000000,MEASURED_CPU_FAULT,CPU;INTERVAL_FAULTS,NA,NA,NA,NA,NA,NA,NA,NA,NA,NA,NA,NA,NA,NA,NA,NA,NA,NA,NA,NA,NA,NA,NA,TARGET_GONE,identity no longer active
2026-10-02T16:06:05Z,APP_22001_3033686,22001,3033686,20,1344,0.000,0,0,-1,-1,0,0.999931471,NA,NA,0.000000000,MEASURED_CPU_FAULT,CPU;INTERVAL_FAULTS,NA,NA,NA,NA,NA,NA,NA,NA,NA,NA,NA,NA,NA,NA,NA,NA,NA,NA,NA,NA,NA,NA,NA,TARGET_GONE,identity no longer active
2026-10-02T16:06:05Z,APP_22001_3033686,22001,3033686,20,1345,0.000,0,0,-1,-1,0,0.999931471,NA,NA,0.000000000,MEASURED_CPU_FAULT,CPU;INTERVAL_FAULTS,NA,NA,NA,NA,NA,NA,NA,NA,NA,NA,NA,NA,NA,NA,NA,NA,NA,NA,NA,NA,NA,NA,NA,TARGET_GONE,identity no longer active
2026-10-02T16:06:05Z,APP_22001_3033686,22001,3033686,20,1346,0.000,0,0,-1,-1,0,0.999931471,NA,NA,0.000000000,MEASURED_CPU_FAULT,CPU;INTERVAL_FAULTS,NA,NA,NA,NA,NA,NA,NA,NA,NA,NA,NA,NA,NA,NA,NA,NA,NA,NA,NA,NA,NA,NA,NA,TARGET_GONE,identity no longer active
2026-10-02T16:06:05Z,APP_22001_3033686,22001,3033686,20,1347,16.203,0,0,-1,-1,0,0.999931471,NA,NA,11.342100000,MEASURED_CPU_FAULT,CPU;INTERVAL_FAULTS,NA,NA,NA,NA,NA,NA,NA,NA,NA,NA,NA,NA,NA,NA,NA,NA,NA,NA,NA,NA,NA,NA,NA,TARGET_GONE,identity no longer active
2026-10-02T16:06:05Z,APP_22001_3033686,22001,3033686,20,1348,192.385,0,0,-1,-1,0,0.999931471,NA,NA,70.000000000,MEASURED_CPU_FAULT,CPU;INTERVAL_FAULTS,NA,NA,NA,NA,NA,NA,NA,NA,NA,NA,NA,NA,NA,NA,NA,NA,NA,NA,NA,NA,NA,NA,NA,TARGET_GONE,identity no longer active
2026-10-02T16:06:05Z,APP_22001_3033686,22001,3033686,20,1349,210.778,0,0,-1,-1,0,0.999931471,NA,NA,70.000000000,MEASURED_CPU_FAULT,CPU;INTERVAL_FAULTS,NA,NA,NA,NA,NA,NA,NA,NA,NA,NA,NA,NA,NA,NA,NA,NA,NA,NA,NA,NA,NA,NA,NA,TARGET_GONE,identity no longer active
2026-10-02T16:06:05Z,APP_22001_3033686,22001,3033686,20,1350,202.009,0,0,-1,-1,0,0.999931471,NA,NA,70.000000000,MEASURED_CPU_FAULT,CPU;INTERVAL_FAULTS,NA,NA,NA,NA,NA,NA,NA,NA,NA,NA,NA,NA,NA,NA,NA,NA,NA,NA,NA,NA,NA,NA,NA,TARGET_GONE,identity no longer active
2026-10-02T16:06:05Z,APP_22001_3033686,22001,3033686,20,1351,191.904,0,0,-1,-1,0,0.999931471,NA,NA,70.000000000,MEASURED_CPU_FAULT,CPU;INTERVAL_FAULTS,NA,NA,NA,NA,NA,NA,NA,NA,NA,NA,NA,NA,NA,NA,NA,NA,NA,NA,NA,NA,NA,NA,NA,TARGET_GONE,identity no longer active
2026-10-02T16:06:06Z,APP_22001_3033686,22001,3033686,20,1352,206.928,0,0,-1,-1,0,0.999931471,NA,NA,70.000000000,MEASURED_CPU_FAULT,CPU;INTERVAL_FAULTS,NA,NA,NA,NA,NA,NA,NA,NA,NA,NA,NA,NA,NA,NA,NA,NA,NA,NA,NA,NA,NA,NA,NA,TARGET_GONE,identity no longer active
2026-10-02T16:06:06Z,APP_22001_3033686,22001,3033686,20,1353,192.385,0,0,-1,-1,0,0.999931471,NA,NA,70.000000000,MEASURED_CPU_FAULT,CPU;INTERVAL_FAULTS,NA,NA,NA,NA,NA,NA,NA,NA,NA,NA,NA,NA,NA,NA,NA,NA,NA,NA,NA,NA,NA,NA,NA,TARGET_GONE,identity no longer active
2026-10-02T16:06:06Z,APP_22001_3033686,22001,3033686,20,1354,201.198,0,0,-1,-1,0,0.999931471,NA,NA,70.000000000,MEASURED_CPU_FAULT,CPU;INTERVAL_FAULTS,NA,NA,NA,NA,NA,NA,NA,NA,NA,NA,NA,NA,NA,NA,NA,NA,NA,NA,NA,NA,NA,NA,NA,TARGET_GONE,identity no longer active
2026-10-02T16:06:06Z,APP_22001_3033686,22001,3033686,20,1355,201.431,0,0,-1,-1,0,0.999931471,NA,NA,70.000000000,MEASURED_CPU_FAULT,CPU;INTERVAL_FAULTS,NA,NA,NA,NA,NA,NA,NA,NA,NA,NA,NA,NA,NA,NA,NA,NA,NA,NA,NA,NA,NA,NA,NA,TARGET_GONE,identity no longer active
2026-10-02T16:06:06Z,APP_22001_3033686,22001,3033686,20,1356,201.802,0,0,-1,-1,0,0.999931471,NA,NA,70.000000000,MEASURED_CPU_FAULT,CPU;INTERVAL_FAULTS,NA,NA,NA,NA,NA,NA,NA,NA,NA,NA,NA,NA,NA,NA,NA,NA,NA,NA,NA,NA,NA,NA,NA,TARGET_GONE,identity no longer active
2026-10-02T16:06:06Z,APP_22001_3033686,22001,3033686,20,1357,196.047,0,0,-1,-1,0,0.999931471,NA,NA,70.000000000,MEASURED_CPU_FAULT,CPU;INTERVAL_FAULTS,NA,NA,NA,NA,NA,NA,NA,NA,NA,NA,NA,NA,NA,NA,NA,NA,NA,NA,NA,NA,NA,NA,NA,TARGET_GONE,identity no longer active
2026-10-02T16:06:06Z,APP_22001_3033686,22001,3033686,20,1358,204.391,0,0,-1,-1,0,0.999931471,NA,NA,70.000000000,MEASURED_CPU_FAULT,CPU;INTERVAL_FAULTS,NA,NA,NA,NA,NA,NA,NA,NA,NA,NA,NA,NA,NA,NA,NA,NA,NA,NA,NA,NA,NA,NA,NA,TARGET_GONE,identity no longer active
2026-10-02T16:06:06Z,APP_22001_3033686,22001,3033686,20,1359,201.802,0,0,-1,-1,0,0.999931471,NA,NA,70.000000000,MEASURED_CPU_FAULT,CPU;INTERVAL_FAULTS,NA,NA,NA,NA,NA,NA,NA,NA,NA,NA,NA,NA,NA,NA,NA,NA,NA,NA,NA,NA,NA,NA,NA,TARGET_GONE,identity no longer active
2026-10-02T16:06:06Z,APP_22001_3033686,22001,3033686,20,1360,194.195,0,0,-1,-1,0,0.999931471,NA,NA,70.000000000,MEASURED_CPU_FAULT,CPU;INTERVAL_FAULTS,NA,NA,NA,NA,NA,NA,NA,NA,NA,NA,NA,NA,NA,NA,NA,NA,NA,NA,NA,NA,NA,NA,NA,TARGET_GONE,identity no longer active
2026-10-02T16:06:06Z,APP_22001_3033686,22001,3033686,20,1361,210.778,0,0,-1,-1,0,0.999931471,NA,NA,70.000000000,MEASURED_CPU_FAULT,CPU;INTERVAL_FAULTS,NA,NA,NA,NA,NA,NA,NA,NA,NA,NA,NA,NA,NA,NA,NA,NA,NA,NA,NA,NA,NA,NA,NA,TARGET_GONE,identity no longer active
2026-10-02T16:06:07Z,APP_22001_3033686,22001,3033686,20,1362,194.360,0,0,-1,-1,0,0.999931471,NA,NA,70.000000000,MEASURED_CPU_FAULT,CPU;INTERVAL_FAULTS,NA,NA,NA,NA,NA,NA,NA,NA,NA,NA,NA,NA,NA,NA,NA,NA,NA,NA,NA,NA,NA,NA,NA,TARGET_GONE,identity no longer active
2026-10-02T16:06:07Z,APP_22001_3033686,22001,3033686,20,1363,205.210,0,0,-1,-1,0,0.999931471,NA,NA,70.000000000,MEASURED_CPU_FAULT,CPU;INTERVAL_FAULTS,NA,NA,NA,NA,NA,NA,NA,NA,NA,NA,NA,NA,NA,NA,NA,NA,NA,NA,NA,NA,NA,NA,NA,TARGET_GONE,identity no longer active
2026-10-02T16:06:07Z,APP_22001_3033686,22001,3033686,20,1364,191.904,0,0,-1,-1,0,0.999931471,NA,NA,70.000000000,MEASURED_CPU_FAULT,CPU;INTERVAL_FAULTS,NA,NA,NA,NA,NA,NA,NA,NA,NA,NA,NA,NA,NA,NA,NA,NA,NA,NA,NA,NA,NA,NA,NA,TARGET_GONE,identity no longer active
2026-10-02T16:06:07Z,APP_22001_3033686,22001,3033686,20,1365,202.639,0,0,-1,-1,0,0.999931471,NA,NA,70.000000000,MEASURED_CPU_FAULT,CPU;INTERVAL_FAULTS,NA,NA,NA,NA,NA,NA,NA,NA,NA,NA,NA,NA,NA,NA,NA,NA,NA,NA,NA,NA,NA,NA,NA,TARGET_GONE,identity no longer active
2026-10-02T16:06:07Z,APP_22001_3033686,22001,3033686,20,1366,201.802,0,0,-1,-1,0,0.999931471,NA,NA,70.000000000,MEASURED_CPU_FAULT,CPU;INTERVAL_FAULTS,NA,NA,NA,NA,NA,NA,NA,NA,NA,NA,NA,NA,NA,NA,NA,NA,NA,NA,NA,NA,NA,NA,NA,TARGET_GONE,identity no longer active
2026-10-02T16:06:07Z,APP_22001_3033686,22001,3033686,20,1367,196.923,0,0,-1,-1,0,0.999931471,NA,NA,70.000000000,MEASURED_CPU_FAULT,CPU;INTERVAL_FAULTS,NA,NA,NA,NA,NA,NA,NA,NA,NA,NA,NA,NA,NA,NA,NA,NA,NA,NA,NA,NA,NA,NA,NA,TARGET_GONE,identity no longer active
2026-10-02T16:06:07Z,APP_22001_3033686,22001,3033686,20,1368,204.800,0,0,-1,-1,0,0.999931471,NA,NA,70.000000000,MEASURED_CPU_FAULT,CPU;INTERVAL_FAULTS,NA,NA,NA,NA,NA,NA,NA,NA,NA,NA,NA,NA,NA,NA,NA,NA,NA,NA,NA,NA,NA,NA,NA,TARGET_GONE,identity no longer active
2026-10-02T16:06:07Z,APP_22001_3033686,22001,3033686,20,1369,201.499,0,0,-1,-1,0,0.999931471,NA,NA,70.000000000,MEASURED_CPU_FAULT,CPU;INTERVAL_FAULTS,NA,NA,NA,NA,NA,NA,NA,NA,NA,NA,NA,NA,NA,NA,NA,NA,NA,NA,NA,NA,NA,NA,NA,TARGET_GONE,identity no longer active
2026-10-02T16:06:07Z,APP_22001_3033686,22001,3033686,20,1370,202.639,0,0,-1,-1,0,0.999931471,NA,NA,70.000000000,MEASURED_CPU_FAULT,CPU;INTERVAL_FAULTS,NA,NA,NA,NA,NA,NA,NA,NA,NA,NA,NA,NA,NA,NA,NA,NA,NA,NA,NA,NA,NA,NA,NA,TARGET_GONE,identity no longer active
2026-10-02T16:06:08Z,APP_22001_3033686,22001,3033686,20,1371,201.802,0,0,-1,-1,0,0.999931471,NA,NA,70.000000000,MEASURED_CPU_FAULT,CPU;INTERVAL_FAULTS,NA,NA,NA,NA,NA,NA,NA,NA,NA,NA,NA,NA,NA,NA,NA,NA,NA,NA,NA,NA,NA,NA,NA,TARGET_GONE,identity no longer active
2026-10-02T16:06:08Z,APP_22001_3033686,22001,3033686,20,1372,200.866,0,0,-1,-1,0,0.999931471,NA,NA,70.000000000,MEASURED_CPU_FAULT,CPU;INTERVAL_FAULTS,NA,NA,NA,NA,NA,NA,NA,NA,NA,NA,NA,NA,NA,NA,NA,NA,NA,NA,NA,NA,NA,NA,NA,TARGET_GONE,identity no longer active
2026-10-02T16:06:08Z,APP_22001_3033686,22001,3033686,20,1373,192.192,0,0,-1,-1,0,0.999931471,NA,NA,70.000000000,MEASURED_CPU_FAULT,CPU;INTERVAL_FAULTS,NA,NA,NA,NA,NA,NA,NA,NA,NA,NA,NA,NA,NA,NA,NA,NA,NA,NA,NA,NA,NA,NA,NA,TARGET_GONE,identity no longer active
2026-10-02T16:06:08Z,APP_22001_3033686,22001,3033686,20,1374,201.083,0,0,-1,-1,0,0.999931471,NA,NA,70.000000000,MEASURED_CPU_FAULT,CPU;INTERVAL_FAULTS,NA,NA,NA,NA,NA,NA,NA,NA,NA,NA,NA,NA,NA,NA,NA,NA,NA,NA,NA,NA,NA,NA,NA,TARGET_GONE,identity no longer active
2026-10-02T16:06:08Z,APP_22001_3033686,22001,3033686,20,1375,192.000,0,0,-1,-1,0,0.999931471,NA,NA,70.000000000,MEASURED_CPU_FAULT,CPU;INTERVAL_FAULTS,NA,NA,NA,NA,NA,NA,NA,NA,NA,NA,NA,NA,NA,NA,NA,NA,NA,NA,NA,NA,NA,NA,NA,TARGET_GONE,identity no longer active
2026-10-02T16:06:08Z,APP_22001_3033686,22001,3033686,20,1376,201.117,0,0,-1,-1,0,0.999931471,NA,NA,70.000000000,MEASURED_CPU_FAULT,CPU;INTERVAL_FAULTS,NA,NA,NA,NA,NA,NA,NA,NA,NA,NA,NA,NA,NA,NA,NA,NA,NA,NA,NA,NA,NA,NA,NA,TARGET_GONE,identity no longer active
2026-10-02T16:06:08Z,APP_22001_3033686,22001,3033686,20,1377,204.391,0,0,-1,-1,0,0.999931471,NA,NA,70.000000000,MEASURED_CPU_FAULT,CPU;INTERVAL_FAULTS,NA,NA,NA,NA,NA,NA,NA,NA,NA,NA,NA,NA,NA,NA,NA,NA,NA,NA,NA,NA,NA,NA,NA,TARGET_GONE,identity no longer active
2026-10-02T16:06:08Z,APP_22001_3033686,22001,3033686,20,1378,201.802,0,0,-1,-1,0,0.999931471,NA,NA,70.000000000,MEASURED_CPU_FAULT,CPU;INTERVAL_FAULTS,NA,NA,NA,NA,NA,NA,NA,NA,NA,NA,NA,NA,NA,NA,NA,NA,NA,NA,NA,NA,NA,NA,NA,TARGET_GONE,identity no longer active
2026-10-02T16:06:09Z,APP_22001_3033686,22001,3033686,20,1379,202.906,0,0,-1,-1,0,0.999931471,NA,NA,70.000000000,MEASURED_CPU_FAULT,CPU;INTERVAL_FAULTS,NA,NA,NA,NA,NA,NA,NA,NA,NA,NA,NA,NA,NA,NA,NA,NA,NA,NA,NA,NA,NA,NA,NA,TARGET_GONE,identity no longer active
2026-10-02T16:06:09Z,APP_22001_3033686,22001,3033686,20,1380,201.802,0,0,-1,-1,0,0.999931471,NA,NA,70.000000000,MEASURED_CPU_FAULT,CPU;INTERVAL_FAULTS,NA,NA,NA,NA,NA,NA,NA,NA,NA,NA,NA,NA,NA,NA,NA,NA,NA,NA,NA,NA,NA,NA,NA,TARGET_GONE,identity no longer active
2026-10-02T16:06:09Z,APP_22001_3033686,22001,3033686,20,1381,201.083,0,0,-1,-1,0,0.999931471,NA,NA,70.000000000,MEASURED_CPU_FAULT,CPU;INTERVAL_FAULTS,NA,NA,NA,NA,NA,NA,NA,NA,NA,NA,NA,NA,NA,NA,NA,NA,NA,NA,NA,NA,NA,NA,NA,TARGET_GONE,identity no longer active
2026-10-02T16:06:09Z,APP_22001_3033686,22001,3033686,20,1382,192.481,0,0,-1,-1,0,0.999931471,NA,NA,70.000000000,MEASURED_CPU_FAULT,CPU;INTERVAL_FAULTS,NA,NA,NA,NA,NA,NA,NA,NA,NA,NA,NA,NA,NA,NA,NA,NA,NA,NA,NA,NA,NA,NA,NA,TARGET_GONE,identity no longer active
2026-10-02T16:06:09Z,APP_22001_3033686,22001,3033686,20,1383,201.083,0,0,-1,-1,0,0.999931471,NA,NA,70.000000000,MEASURED_CPU_FAULT,CPU;INTERVAL_FAULTS,NA,NA,NA,NA,NA,NA,NA,NA,NA,NA,NA,NA,NA,NA,NA,NA,NA,NA,NA,NA,NA,NA,NA,TARGET_GONE,identity no longer active
2026-10-02T16:06:09Z,APP_22001_3033686,22001,3033686,20,1384,192.000,0,0,-1,-1,0,0.999931471,NA,NA,70.000000000,MEASURED_CPU_FAULT,CPU;INTERVAL_FAULTS,NA,NA,NA,NA,NA,NA,NA,NA,NA,NA,NA,NA,NA,NA,NA,NA,NA,NA,NA,NA,NA,NA,NA,TARGET_GONE,identity no longer active
2026-10-02T16:06:09Z,APP_22001_3033686,22001,3033686,20,1385,200.557,0,0,-1,-1,0,0.999931471,NA,NA,70.000000000,MEASURED_CPU_FAULT,CPU;INTERVAL_FAULTS,NA,NA,NA,NA,NA,NA,NA,NA,NA,NA,NA,NA,NA,NA,NA,NA,NA,NA,NA,NA,NA,NA,NA,TARGET_GONE,identity no longer active
2026-10-02T16:06:09Z,APP_22001_3033686,22001,3033686,20,1386,204.391,0,0,-1,-1,0,0.999931471,NA,NA,70.000000000,MEASURED_CPU_FAULT,CPU;INTERVAL_FAULTS,NA,NA,NA,NA,NA,NA,NA,NA,NA,NA,NA,NA,NA,NA,NA,NA,NA,NA,NA,NA,NA,NA,NA,TARGET_GONE,identity no longer active
2026-10-02T16:06:10Z,APP_22001_3033686,22001,3033686,20,1387,201.499,0,0,-1,-1,0,0.999931471,NA,NA,70.000000000,MEASURED_CPU_FAULT,CPU;INTERVAL_FAULTS,NA,NA,NA,NA,NA,NA,NA,NA,NA,NA,NA,NA,NA,NA,NA,NA,NA,NA,NA,NA,NA,NA,NA,TARGET_GONE,identity no longer active
2026-10-02T16:06:10Z,APP_22001_3033686,22001,3033686,20,1388,202.906,0,0,-1,-1,0,0.999931471,NA,NA,70.000000000,MEASURED_CPU_FAULT,CPU;INTERVAL_FAULTS,NA,NA,NA,NA,NA,NA,NA,NA,NA,NA,NA,NA,NA,NA,NA,NA,NA,NA,NA,NA,NA,NA,NA,TARGET_GONE,identity no longer active
2026-10-02T16:06:10Z,APP_22001_3033686,22001,3033686,20,1389,201.802,0,0,-1,-1,0,0.999931471,NA,NA,70.000000000,MEASURED_CPU_FAULT,CPU;INTERVAL_FAULTS,NA,NA,NA,NA,NA,NA,NA,NA,NA,NA,NA,NA,NA,NA,NA,NA,NA,NA,NA,NA,NA,NA,NA,TARGET_GONE,identity no longer active
2026-10-02T16:06:10Z,APP_22001_3033686,22001,3033686,20,1390,201.083,0,0,-1,-1,0,0.999931471,NA,NA,70.000000000,MEASURED_CPU_FAULT,CPU;INTERVAL_FAULTS,NA,NA,NA,NA,NA,NA,NA,NA,NA,NA,NA,NA,NA,NA,NA,NA,NA,NA,NA,NA,NA,NA,NA,TARGET_GONE,identity no longer active
2026-10-02T16:06:10Z,APP_22001_3033686,22001,3033686,20,1391,191.904,0,0,-1,-1,0,0.999931471,NA,NA,70.000000000,MEASURED_CPU_FAULT,CPU;INTERVAL_FAULTS,NA,NA,NA,NA,NA,NA,NA,NA,NA,NA,NA,NA,NA,NA,NA,NA,NA,NA,NA,NA,NA,NA,NA,TARGET_GONE,identity no longer active
2026-10-02T16:06:10Z,APP_22001_3033686,22001,3033686,20,1392,201.083,0,0,-1,-1,0,0.999931471,NA,NA,70.000000000,MEASURED_CPU_FAULT,CPU;INTERVAL_FAULTS,NA,NA,NA,NA,NA,NA,NA,NA,NA,NA,NA,NA,NA,NA,NA,NA,NA,NA,NA,NA,NA,NA,NA,TARGET_GONE,identity no longer active
2026-10-02T16:06:10Z,APP_22001_3033686,22001,3033686,20,1393,192.771,0,0,-1,-1,0,0.999931471,NA,NA,70.000000000,MEASURED_CPU_FAULT,CPU;INTERVAL_FAULTS,NA,NA,NA,NA,NA,NA,NA,NA,NA,NA,NA,NA,NA,NA,NA,NA,NA,NA,NA,NA,NA,NA,NA,TARGET_GONE,identity no longer active
2026-10-02T16:06:10Z,APP_22001_3033686,22001,3033686,20,1394,203.109,0,0,-1,-1,0,0.999931471,NA,NA,70.000000000,MEASURED_CPU_FAULT,CPU;INTERVAL_FAULTS,NA,NA,NA,NA,NA,NA,NA,NA,NA,NA,NA,NA,NA,NA,NA,NA,NA,NA,NA,NA,NA,NA,NA,TARGET_GONE,identity no longer active
2026-10-02T16:06:11Z,APP_22001_3033686,22001,3033686,20,1395,192.000,0,0,-1,-1,0,0.999931471,NA,NA,70.000000000,MEASURED_CPU_FAULT,CPU;INTERVAL_FAULTS,NA,NA,NA,NA,NA,NA,NA,NA,NA,NA,NA,NA,NA,NA,NA,NA,NA,NA,NA,NA,NA,NA,NA,TARGET_GONE,identity no longer active
2026-10-02T16:06:11Z,APP_22001_3033686,22001,3033686,20,1396,201.802,0,0,-1,-1,0,0.999931471,NA,NA,70.000000000,MEASURED_CPU_FAULT,CPU;INTERVAL_FAULTS,NA,NA,NA,NA,NA,NA,NA,NA,NA,NA,NA,NA,NA,NA,NA,NA,NA,NA,NA,NA,NA,NA,NA,TARGET_GONE,identity no longer active
2026-10-02T16:06:11Z,APP_22001_3033686,22001,3033686,20,1397,204.082,0,0,-1,-1,0,0.999931471,NA,NA,70.000000000,MEASURED_CPU_FAULT,CPU;INTERVAL_FAULTS,NA,NA,NA,NA,NA,NA,NA,NA,NA,NA,NA,NA,NA,NA,NA,NA,NA,NA,NA,NA,NA,NA,NA,TARGET_GONE,identity no longer active
2026-10-02T16:06:11Z,APP_22001_3033686,22001,3033686,20,1398,201.802,0,0,-1,-1,0,0.999931471,NA,NA,70.000000000,MEASURED_CPU_FAULT,CPU;INTERVAL_FAULTS,NA,NA,NA,NA,NA,NA,NA,NA,NA,NA,NA,NA,NA,NA,NA,NA,NA,NA,NA,NA,NA,NA,NA,TARGET_GONE,identity no longer active
2026-10-02T16:06:11Z,APP_22001_3033686,22001,3033686,20,1399,194.967,0,0,-1,-1,0,0.999931471,NA,NA,70.000000000,MEASURED_CPU_FAULT,CPU;INTERVAL_FAULTS,NA,NA,NA,NA,NA,NA,NA,NA,NA,NA,NA,NA,NA,NA,NA,NA,NA,NA,NA,NA,NA,NA,NA,TARGET_GONE,identity no longer active
2026-10-02T16:06:11Z,APP_22001_3033686,22001,3033686,20,1400,210.463,0,0,-1,-1,0,0.999931471,NA,NA,70.000000000,MEASURED_CPU_FAULT,CPU;INTERVAL_FAULTS,NA,NA,NA,NA,NA,NA,NA,NA,NA,NA,NA,NA,NA,NA,NA,NA,NA,NA,NA,NA,NA,NA,NA,TARGET_GONE,identity no longer active
2026-10-02T16:06:11Z,APP_22001_3033686,22001,3033686,20,1401,195.163,0,0,-1,-1,0,0.999931471,NA,NA,70.000000000,MEASURED_CPU_FAULT,CPU;INTERVAL_FAULTS,NA,NA,NA,NA,NA,NA,NA,NA,NA,NA,NA,NA,NA,NA,NA,NA,NA,NA,NA,NA,NA,NA,NA,TARGET_GONE,identity no longer active
2026-10-02T16:06:11Z,APP_22001_3033686,22001,3033686,20,1402,192.000,0,0,-1,-1,0,0.999931471,NA,NA,70.000000000,MEASURED_CPU_FAULT,CPU;INTERVAL_FAULTS,NA,NA,NA,NA,NA,NA,NA,NA,NA,NA,NA,NA,NA,NA,NA,NA,NA,NA,NA,NA,NA,NA,NA,TARGET_GONE,identity no longer active
2026-10-02T16:06:12Z,APP_22001_3033686,22001,3033686,20,1403,200.261,0,0,-1,-1,0,0.999931471,NA,NA,70.000000000,MEASURED_CPU_FAULT,CPU;INTERVAL_FAULTS,NA,NA,NA,NA,NA,NA,NA,NA,NA,NA,NA,NA,NA,NA,NA,NA,NA,NA,NA,NA,NA,NA,NA,TARGET_GONE,identity no longer active
2026-10-02T16:06:12Z,APP_22001_3033686,22001,3033686,20,1404,210.778,0,0,-1,-1,0,0.999931471,NA,NA,70.000000000,MEASURED_CPU_FAULT,CPU;INTERVAL_FAULTS,NA,NA,NA,NA,NA,NA,NA,NA,NA,NA,NA,NA,NA,NA,NA,NA,NA,NA,NA,NA,NA,NA,NA,TARGET_GONE,identity no longer active
2026-10-02T16:06:12Z,APP_22001_3033686,22001,3033686,20,1405,192.192,0,0,-1,-1,0,0.999931471,NA,NA,70.000000000,MEASURED_CPU_FAULT,CPU;INTERVAL_FAULTS,NA,NA,NA,NA,NA,NA,NA,NA,NA,NA,NA,NA,NA,NA,NA,NA,NA,NA,NA,NA,NA,NA,NA,TARGET_GONE,identity no longer active
2026-10-02T16:06:12Z,APP_22001_3033686,22001,3033686,20,1406,203.562,0,0,-1,-1,0,0.999931471,NA,NA,70.000000000,MEASURED_CPU_FAULT,CPU;INTERVAL_FAULTS,NA,NA,NA,NA,NA,NA,NA,NA,NA,NA,NA,NA,NA,NA,NA,NA,NA,NA,NA,NA,NA,NA,NA,TARGET_GONE,identity no longer active
2026-10-02T16:06:12Z,APP_22001_3033686,22001,3033686,20,1407,201.802,0,0,-1,-1,0,0.999931471,NA,NA,70.000000000,MEASURED_CPU_FAULT,CPU;INTERVAL_FAULTS,NA,NA,NA,NA,NA,NA,NA,NA,NA,NA,NA,NA,NA,NA,NA,NA,NA,NA,NA,NA,NA,NA,NA,TARGET_GONE,identity no longer active
2026-10-02T16:06:12Z,APP_22001_3033686,22001,3033686,20,1408,201.893,0,0,-1,-1,0,0.999931471,NA,NA,70.000000000,MEASURED_CPU_FAULT,CPU;INTERVAL_FAULTS,NA,NA,NA,NA,NA,NA,NA,NA,NA,NA,NA,NA,NA,NA,NA,NA,NA,NA,NA,NA,NA,NA,NA,TARGET_GONE,identity no longer active
2026-10-02T16:06:12Z,APP_22001_3033686,22001,3033686,20,1409,191.617,0,0,-1,-1,0,0.999931471,NA,NA,70.000000000,MEASURED_CPU_FAULT,CPU;INTERVAL_FAULTS,NA,NA,NA,NA,NA,NA,NA,NA,NA,NA,NA,NA,NA,NA,NA,NA,NA,NA,NA,NA,NA,NA,NA,TARGET_GONE,identity no longer active
2026-10-02T16:06:12Z,APP_22001_3033686,22001,3033686,20,1410,201.893,0,0,-1,-1,0,0.999931471,NA,NA,70.000000000,MEASURED_CPU_FAULT,CPU;INTERVAL_FAULTS,NA,NA,NA,NA,NA,NA,NA,NA,NA,NA,NA,NA,NA,NA,NA,NA,NA,NA,NA,NA,NA,NA,NA,TARGET_GONE,identity no longer active
2026-10-02T16:06:12Z,APP_22001_3033686,22001,3033686,20,1411,201.499,0,0,-1,-1,0,0.999931471,NA,NA,70.000000000,MEASURED_CPU_FAULT,CPU;INTERVAL_FAULTS,NA,NA,NA,NA,NA,NA,NA,NA,NA,NA,NA,NA,NA,NA,NA,NA,NA,NA,NA,NA,NA,NA,NA,TARGET_GONE,identity no longer active
2026-10-02T16:06:13Z,APP_22001_3033686,22001,3033686,20,1412,197.666,0,0,-1,-1,0,0.999931471,NA,NA,70.000000000,MEASURED_CPU_FAULT,CPU;INTERVAL_FAULTS,NA,NA,NA,NA,NA,NA,NA,NA,NA,NA,NA,NA,NA,NA,NA,NA,NA,NA,NA,NA,NA,NA,NA,TARGET_GONE,identity no longer active
2026-10-02T16:06:13Z,APP_22001_3033686,22001,3033686,20,1413,211.411,0,0,-1,-1,0,0.999931471,NA,NA,70.000000000,MEASURED_CPU_FAULT,CPU;INTERVAL_FAULTS,NA,NA,NA,NA,NA,NA,NA,NA,NA,NA,NA,NA,NA,NA,NA,NA,NA,NA,NA,NA,NA,NA,NA,TARGET_GONE,identity no longer active
2026-10-02T16:06:13Z,APP_22001_3033686,22001,3033686,20,1414,200.897,0,0,-1,-1,0,0.999931471,NA,NA,70.000000000,MEASURED_CPU_FAULT,CPU;INTERVAL_FAULTS,NA,NA,NA,NA,NA,NA,NA,NA,NA,NA,NA,NA,NA,NA,NA,NA,NA,NA,NA,NA,NA,NA,NA,TARGET_GONE,identity no longer active
2026-10-02T16:06:13Z,APP_22001_3033686,22001,3033686,20,1415,195.918,0,0,-1,-1,0,0.999931471,NA,NA,70.000000000,MEASURED_CPU_FAULT,CPU;INTERVAL_FAULTS,NA,NA,NA,NA,NA,NA,NA,NA,NA,NA,NA,NA,NA,NA,NA,NA,NA,NA,NA,NA,NA,NA,NA,TARGET_GONE,identity no longer active
2026-10-02T16:06:13Z,APP_22001_3033686,22001,3033686,20,1416,201.802,0,0,-1,-1,0,0.999931471,NA,NA,70.000000000,MEASURED_CPU_FAULT,CPU;INTERVAL_FAULTS,NA,NA,NA,NA,NA,NA,NA,NA,NA,NA,NA,NA,NA,NA,NA,NA,NA,NA,NA,NA,NA,NA,NA,TARGET_GONE,identity no longer active
2026-10-02T16:06:13Z,APP_22001_3033686,22001,3033686,20,1417,201.893,0,0,-1,-1,0,0.999931471,NA,NA,70.000000000,MEASURED_CPU_FAULT,CPU;INTERVAL_FAULTS,NA,NA,NA,NA,NA,NA,NA,NA,NA,NA,NA,NA,NA,NA,NA,NA,NA,NA,NA,NA,NA,NA,NA,TARGET_GONE,identity no longer active
2026-10-02T16:06:13Z,APP_22001_3033686,22001,3033686,20,1418,201.198,0,0,-1,-1,0,0.999931471,NA,NA,70.000000000,MEASURED_CPU_FAULT,CPU;INTERVAL_FAULTS,NA,NA,NA,NA,NA,NA,NA,NA,NA,NA,NA,NA,NA,NA,NA,NA,NA,NA,NA,NA,NA,NA,NA,TARGET_GONE,identity no longer active
2026-10-02T16:06:13Z,APP_22001_3033686,22001,3033686,20,1419,201.681,0,0,-1,-1,0,0.999931471,NA,NA,70.000000000,MEASURED_CPU_FAULT,CPU;INTERVAL_FAULTS,NA,NA,NA,NA,NA,NA,NA,NA,NA,NA,NA,NA,NA,NA,NA,NA,NA,NA,NA,NA,NA,NA,NA,TARGET_GONE,identity no longer active
2026-10-02T16:06:14Z,APP_22001_3033686,22001,3033686,20,1420,201.499,0,0,-1,-1,0,0.999931471,NA,NA,70.000000000,MEASURED_CPU_FAULT,CPU;INTERVAL_FAULTS,NA,NA,NA,NA,NA,NA,NA,NA,NA,NA,NA,NA,NA,NA,NA,NA,NA,NA,NA,NA,NA,NA,NA,TARGET_GONE,identity no longer active
2026-10-02T16:06:14Z,APP_22001_3033686,22001,3033686,20,1421,197.531,0,0,-1,-1,0,0.999931471,NA,NA,70.000000000,MEASURED_CPU_FAULT,CPU;INTERVAL_FAULTS,NA,NA,NA,NA,NA,NA,NA,NA,NA,NA,NA,NA,NA,NA,NA,NA,NA,NA,NA,NA,NA,NA,NA,TARGET_GONE,identity no longer active
2026-10-02T16:06:14Z,APP_22001_3033686,22001,3033686,20,1422,210.778,0,0,-1,-1,0,0.999931471,NA,NA,70.000000000,MEASURED_CPU_FAULT,CPU;INTERVAL_FAULTS,NA,NA,NA,NA,NA,NA,NA,NA,NA,NA,NA,NA,NA,NA,NA,NA,NA,NA,NA,NA,NA,NA,NA,TARGET_GONE,identity no longer active
2026-10-02T16:06:14Z,APP_22001_3033686,22001,3033686,20,1423,201.802,0,0,-1,-1,0,0.999931471,NA,NA,70.000000000,MEASURED_CPU_FAULT,CPU;INTERVAL_FAULTS,NA,NA,NA,NA,NA,NA,NA,NA,NA,NA,NA,NA,NA,NA,NA,NA,NA,NA,NA,NA,NA,NA,NA,TARGET_GONE,identity no longer active
2026-10-02T16:06:14Z,APP_22001_3033686,22001,3033686,20,1424,195.420,0,0,-1,-1,0,0.999931471,NA,NA,70.000000000,MEASURED_CPU_FAULT,CPU;INTERVAL_FAULTS,NA,NA,NA,NA,NA,NA,NA,NA,NA,NA,NA,NA,NA,NA,NA,NA,NA,NA,NA,NA,NA,NA,NA,TARGET_GONE,identity no longer active
2026-10-02T16:06:14Z,APP_22001_3033686,22001,3033686,20,1425,201.499,0,0,-1,-1,0,0.999931471,NA,NA,70.000000000,MEASURED_CPU_FAULT,CPU;INTERVAL_FAULTS,NA,NA,NA,NA,NA,NA,NA,NA,NA,NA,NA,NA,NA,NA,NA,NA,NA,NA,NA,NA,NA,NA,NA,TARGET_GONE,identity no longer active
2026-10-02T16:06:14Z,APP_22001_3033686,22001,3033686,20,1426,201.893,0,0,-1,-1,0,0.999931471,NA,NA,70.000000000,MEASURED_CPU_FAULT,CPU;INTERVAL_FAULTS,NA,NA,NA,NA,NA,NA,NA,NA,NA,NA,NA,NA,NA,NA,NA,NA,NA,NA,NA,NA,NA,NA,NA,TARGET_GONE,identity no longer active
2026-10-02T16:06:14Z,APP_22001_3033686,22001,3033686,20,1427,201.499,0,0,-1,-1,0,0.999931471,NA,NA,70.000000000,MEASURED_CPU_FAULT,CPU;INTERVAL_FAULTS,NA,NA,NA,NA,NA,NA,NA,NA,NA,NA,NA,NA,NA,NA,NA,NA,NA,NA,NA,NA,NA,NA,NA,TARGET_GONE,identity no longer active
2026-10-02T16:06:15Z,APP_22001_3033686,22001,3033686,20,1428,194.753,0,0,-1,-1,0,0.999931471,NA,NA,70.000000000,MEASURED_CPU_FAULT,CPU;INTERVAL_FAULTS,NA,NA,NA,NA,NA,NA,NA,NA,NA,NA,NA,NA,NA,NA,NA,NA,NA,NA,NA,NA,NA,NA,NA,TARGET_GONE,identity no longer active
2026-10-02T16:06:15Z,APP_22001_3033686,22001,3033686,20,1429,201.499,0,0,-1,-1,0,0.999931471,NA,NA,70.000000000,MEASURED_CPU_FAULT,CPU;INTERVAL_FAULTS,NA,NA,NA,NA,NA,NA,NA,NA,NA,NA,NA,NA,NA,NA,NA,NA,NA,NA,NA,NA,NA,NA,NA,TARGET_GONE,identity no longer active
2026-10-02T16:06:15Z,APP_22001_3033686,22001,3033686,20,1430,202.895,0,0,-1,-1,0,0.999931471,NA,NA,70.000000000,MEASURED_CPU_FAULT,CPU;INTERVAL_FAULTS,NA,NA,NA,NA,NA,NA,NA,NA,NA,NA,NA,NA,NA,NA,NA,NA,NA,NA,NA,NA,NA,NA,NA,TARGET_GONE,identity no longer active
2026-10-02T16:06:15Z,APP_22001_3033686,22001,3033686,20,1431,191.617,0,0,-1,-1,0,0.999931471,NA,NA,70.000000000,MEASURED_CPU_FAULT,CPU;INTERVAL_FAULTS,NA,NA,NA,NA,NA,NA,NA,NA,NA,NA,NA,NA,NA,NA,NA,NA,NA,NA,NA,NA,NA,NA,NA,TARGET_GONE,identity no longer active
2026-10-02T16:06:15Z,APP_22001_3033686,22001,3033686,20,1432,201.802,0,0,-1,-1,0,0.999931471,NA,NA,70.000000000,MEASURED_CPU_FAULT,CPU;INTERVAL_FAULTS,NA,NA,NA,NA,NA,NA,NA,NA,NA,NA,NA,NA,NA,NA,NA,NA,NA,NA,NA,NA,NA,NA,NA,TARGET_GONE,identity no longer active
2026-10-02T16:06:15Z,APP_22001_3033686,22001,3033686,20,1433,203.822,0,0,-1,-1,0,0.999931471,NA,NA,70.000000000,MEASURED_CPU_FAULT,CPU;INTERVAL_FAULTS,NA,NA,NA,NA,NA,NA,NA,NA,NA,NA,NA,NA,NA,NA,NA,NA,NA,NA,NA,NA,NA,NA,NA,TARGET_GONE,identity no longer active
2026-10-02T16:06:15Z,APP_22001_3033686,22001,3033686,20,1434,192.192,0,0,-1,-1,0,0.999931471,NA,NA,70.000000000,MEASURED_CPU_FAULT,CPU;INTERVAL_FAULTS,NA,NA,NA,NA,NA,NA,NA,NA,NA,NA,NA,NA,NA,NA,NA,NA,NA,NA,NA,NA,NA,NA,NA,TARGET_GONE,identity no longer active
2026-10-02T16:06:15Z,APP_22001_3033686,22001,3033686,20,1435,201.681,0,0,-1,-1,0,0.999931471,NA,NA,70.000000000,MEASURED_CPU_FAULT,CPU;INTERVAL_FAULTS,NA,NA,NA,NA,NA,NA,NA,NA,NA,NA,NA,NA,NA,NA,NA,NA,NA,NA,NA,NA,NA,NA,NA,TARGET_GONE,identity no longer active
2026-10-02T16:06:16Z,APP_22001_3033686,22001,3033686,20,1436,201.499,0,0,-1,-1,0,0.999931471,NA,NA,70.000000000,MEASURED_CPU_FAULT,CPU;INTERVAL_FAULTS,NA,NA,NA,NA,NA,NA,NA,NA,NA,NA,NA,NA,NA,NA,NA,NA,NA,NA,NA,NA,NA,NA,NA,TARGET_GONE,identity no longer active
2026-10-02T16:06:16Z,APP_22001_3033686,22001,3033686,20,1437,200.810,0,0,-1,-1,0,0.999931471,NA,NA,70.000000000,MEASURED_CPU_FAULT,CPU;INTERVAL_FAULTS,NA,NA,NA,NA,NA,NA,NA,NA,NA,NA,NA,NA,NA,NA,NA,NA,NA,NA,NA,NA,NA,NA,NA,TARGET_GONE,identity no longer active
2026-10-02T16:06:16Z,APP_22001_3033686,22001,3033686,20,1438,201.198,0,0,-1,-1,0,0.999931471,NA,NA,70.000000000,MEASURED_CPU_FAULT,CPU;INTERVAL_FAULTS,NA,NA,NA,NA,NA,NA,NA,NA,NA,NA,NA,NA,NA,NA,NA,NA,NA,NA,NA,NA,NA,NA,NA,TARGET_GONE,identity no longer active
2026-10-02T16:06:16Z,APP_22001_3033686,22001,3033686,20,1439,199.146,0,0,-1,-1,0,0.999931471,NA,NA,70.000000000,MEASURED_CPU_FAULT,CPU;INTERVAL_FAULTS,NA,NA,NA,NA,NA,NA,NA,NA,NA,NA,NA,NA,NA,NA,NA,NA,NA,NA,NA,NA,NA,NA,NA,TARGET_GONE,identity no longer active
2026-10-02T16:06:16Z,APP_22001_3033686,22001,3033686,20,1440,192.192,0,0,-1,-1,0,0.999931471,NA,NA,70.000000000,MEASURED_CPU_FAULT,CPU;INTERVAL_FAULTS,NA,NA,NA,NA,NA,NA,NA,NA,NA,NA,NA,NA,NA,NA,NA,NA,NA,NA,NA,NA,NA,NA,NA,TARGET_GONE,identity no longer active
2026-10-02T16:06:16Z,APP_22001_3033686,22001,3033686,20,1441,201.802,0,0,-1,-1,0,0.999931471,NA,NA,70.000000000,MEASURED_CPU_FAULT,CPU;INTERVAL_FAULTS,NA,NA,NA,NA,NA,NA,NA,NA,NA,NA,NA,NA,NA,NA,NA,NA,NA,NA,NA,NA,NA,NA,NA,TARGET_GONE,identity no longer active
2026-10-02T16:06:16Z,APP_22001_3033686,22001,3033686,20,1442,197.574,0,0,-1,-1,0,0.999931471,NA,NA,70.000000000,MEASURED_CPU_FAULT,CPU;INTERVAL_FAULTS,NA,NA,NA,NA,NA,NA,NA,NA,NA,NA,NA,NA,NA,NA,NA,NA,NA,NA,NA,NA,NA,NA,NA,TARGET_GONE,identity no longer active
2026-10-02T16:06:16Z,APP_22001_3033686,22001,3033686,20,1443,201.499,0,0,-1,-1,0,0.999931471,NA,NA,70.000000000,MEASURED_CPU_FAULT,CPU;INTERVAL_FAULTS,NA,NA,NA,NA,NA,NA,NA,NA,NA,NA,NA,NA,NA,NA,NA,NA,NA,NA,NA,NA,NA,NA,NA,TARGET_GONE,identity no longer active
2026-10-02T16:06:17Z,APP_22001_3033686,22001,3033686,20,1444,202.985,0,0,-1,-1,0,0.999931471,NA,NA,70.000000000,MEASURED_CPU_FAULT,CPU;INTERVAL_FAULTS,NA,NA,NA,NA,NA,NA,NA,NA,NA,NA,NA,NA,NA,NA,NA,NA,NA,NA,NA,NA,NA,NA,NA,TARGET_GONE,identity no longer active
2026-10-02T16:06:17Z,APP_22001_3033686,22001,3033686,20,1445,191.617,0,0,-1,-1,0,0.999931471,NA,NA,70.000000000,MEASURED_CPU_FAULT,CPU;INTERVAL_FAULTS,NA,NA,NA,NA,NA,NA,NA,NA,NA,NA,NA,NA,NA,NA,NA,NA,NA,NA,NA,NA,NA,NA,NA,TARGET_GONE,identity no longer active
2026-10-02T16:06:17Z,APP_22001_3033686,22001,3033686,20,1446,202.607,0,0,-1,-1,0,0.999931471,NA,NA,70.000000000,MEASURED_CPU_FAULT,CPU;INTERVAL_FAULTS,NA,NA,NA,NA,NA,NA,NA,NA,NA,NA,NA,NA,NA,NA,NA,NA,NA,NA,NA,NA,NA,NA,NA,TARGET_GONE,identity no longer active
2026-10-02T16:06:17Z,APP_22001_3033686,22001,3033686,20,1447,200.104,0,0,-1,-1,0,0.999931471,NA,NA,70.000000000,MEASURED_CPU_FAULT,CPU;INTERVAL_FAULTS,NA,NA,NA,NA,NA,NA,NA,NA,NA,NA,NA,NA,NA,NA,NA,NA,NA,NA,NA,NA,NA,NA,NA,TARGET_GONE,identity no longer active
2026-10-02T16:06:17Z,APP_22001_3033686,22001,3033686,20,1448,191.617,0,0,-1,-1,0,0.999931471,NA,NA,70.000000000,MEASURED_CPU_FAULT,CPU;INTERVAL_FAULTS,NA,NA,NA,NA,NA,NA,NA,NA,NA,NA,NA,NA,NA,NA,NA,NA,NA,NA,NA,NA,NA,NA,NA,TARGET_GONE,identity no longer active
2026-10-02T16:06:17Z,APP_22001_3033686,22001,3033686,20,1449,201.499,0,0,-1,-1,0,0.999931471,NA,NA,70.000000000,MEASURED_CPU_FAULT,CPU;INTERVAL_FAULTS,NA,NA,NA,NA,NA,NA,NA,NA,NA,NA,NA,NA,NA,NA,NA,NA,NA,NA,NA,NA,NA,NA,NA,TARGET_GONE,identity no longer active
2026-10-02T16:06:18Z,APP_22001_3033686,22001,3033686,20,1450,203.732,0,0,-1,-1,0,0.999931471,NA,NA,70.000000000,MEASURED_CPU_FAULT,CPU;INTERVAL_FAULTS,NA,NA,NA,NA,NA,NA,NA,NA,NA,NA,NA,NA,NA,NA,NA,NA,NA,NA,NA,NA,NA,NA,NA,TARGET_GONE,identity no longer active
2026-10-02T16:06:18Z,APP_22001_3033686,22001,3033686,20,1451,201.499,0,0,-1,-1,0,0.999931471,NA,NA,70.000000000,MEASURED_CPU_FAULT,CPU;INTERVAL_FAULTS,NA,NA,NA,NA,NA,NA,NA,NA,NA,NA,NA,NA,NA,NA,NA,NA,NA,NA,NA,NA,NA,NA,NA,TARGET_GONE,identity no longer active
2026-10-02T16:06:18Z,APP_22001_3033686,22001,3033686,20,1452,196.648,0,0,-1,-1,0,0.999931471,NA,NA,70.000000000,MEASURED_CPU_FAULT,CPU;INTERVAL_FAULTS,NA,NA,NA,NA,NA,NA,NA,NA,NA,NA,NA,NA,NA,NA,NA,NA,NA,NA,NA,NA,NA,NA,NA,TARGET_GONE,identity no longer active
2026-10-02T16:06:18Z,APP_22001_3033686,22001,3033686,20,1453,201.198,0,0,-1,-1,0,0.999931471,NA,NA,70.000000000,MEASURED_CPU_FAULT,CPU;INTERVAL_FAULTS,NA,NA,NA,NA,NA,NA,NA,NA,NA,NA,NA,NA,NA,NA,NA,NA,NA,NA,NA,NA,NA,NA,NA,TARGET_GONE,identity no longer active
2026-10-02T16:06:18Z,APP_22001_3033686,22001,3033686,20,1454,202.796,0,0,-1,-1,0,0.999931471,NA,NA,70.000000000,MEASURED_CPU_FAULT,CPU;INTERVAL_FAULTS,NA,NA,NA,NA,NA,NA,NA,NA,NA,NA,NA,NA,NA,NA,NA,NA,NA,NA,NA,NA,NA,NA,NA,TARGET_GONE,identity no longer active
2026-10-02T16:06:18Z,APP_22001_3033686,22001,3033686,20,1455,199.344,0,0,-1,-1,0,0.999931471,NA,NA,70.000000000,MEASURED_CPU_FAULT,CPU;INTERVAL_FAULTS,NA,NA,NA,NA,NA,NA,NA,NA,NA,NA,NA,NA,NA,NA,NA,NA,NA,NA,NA,NA,NA,NA,NA,TARGET_GONE,identity no longer active
2026-10-02T16:06:18Z,APP_22001_3033686,22001,3033686,20,1456,191.617,0,0,-1,-1,0,0.999931471,NA,NA,70.000000000,MEASURED_CPU_FAULT,CPU;INTERVAL_FAULTS,NA,NA,NA,NA,NA,NA,NA,NA,NA,NA,NA,NA,NA,NA,NA,NA,NA,NA,NA,NA,NA,NA,NA,TARGET_GONE,identity no longer active
2026-10-02T16:06:19Z,APP_22001_3033686,22001,3033686,20,1457,211.094,0,0,-1,-1,0,0.999931471,NA,NA,70.000000000,MEASURED_CPU_FAULT,CPU;INTERVAL_FAULTS,NA,NA,NA,NA,NA,NA,NA,NA,NA,NA,NA,NA,NA,NA,NA,NA,NA,NA,NA,NA,NA,NA,NA,TARGET_GONE,identity no longer active
2026-10-02T16:06:19Z,APP_22001_3033686,22001,3033686,20,1458,197.792,0,0,-1,-1,0,0.999931471,NA,NA,70.000000000,MEASURED_CPU_FAULT,CPU;INTERVAL_FAULTS,NA,NA,NA,NA,NA,NA,NA,NA,NA,NA,NA,NA,NA,NA,NA,NA,NA,NA,NA,NA,NA,NA,NA,TARGET_GONE,identity no longer active
2026-10-02T16:06:19Z,APP_22001_3033686,22001,3033686,20,1459,191.617,0,0,-1,-1,0,0.999931471,NA,NA,70.000000000,MEASURED_CPU_FAULT,CPU;INTERVAL_FAULTS,NA,NA,NA,NA,NA,NA,NA,NA,NA,NA,NA,NA,NA,NA,NA,NA,NA,NA,NA,NA,NA,NA,NA,TARGET_GONE,identity no longer active
2026-10-02T16:06:19Z,APP_22001_3033686,22001,3033686,20,1460,202.796,0,0,-1,-1,0,0.999931471,NA,NA,70.000000000,MEASURED_CPU_FAULT,CPU;INTERVAL_FAULTS,NA,NA,NA,NA,NA,NA,NA,NA,NA,NA,NA,NA,NA,NA,NA,NA,NA,NA,NA,NA,NA,NA,NA,TARGET_GONE,identity no longer active
2026-10-02T16:06:19Z,APP_22001_3033686,22001,3033686,20,1461,201.198,0,0,-1,-1,0,0.999931471,NA,NA,70.000000000,MEASURED_CPU_FAULT,CPU;INTERVAL_FAULTS,NA,NA,NA,NA,NA,NA,NA,NA,NA,NA,NA,NA,NA,NA,NA,NA,NA,NA,NA,NA,NA,NA,NA,TARGET_GONE,identity no longer active
2026-10-02T16:06:19Z,APP_22001_3033686,22001,3033686,20,1462,197.413,0,0,-1,-1,0,0.999931471,NA,NA,70.000000000,MEASURED_CPU_FAULT,CPU;INTERVAL_FAULTS,NA,NA,NA,NA,NA,NA,NA,NA,NA,NA,NA,NA,NA,NA,NA,NA,NA,NA,NA,NA,NA,NA,NA,TARGET_GONE,identity no longer active
2026-10-02T16:06:19Z,APP_22001_3033686,22001,3033686,20,1463,201.499,0,0,-1,-1,0,0.999931471,NA,NA,70.000000000,MEASURED_CPU_FAULT,CPU;INTERVAL_FAULTS,NA,NA,NA,NA,NA,NA,NA,NA,NA,NA,NA,NA,NA,NA,NA,NA,NA,NA,NA,NA,NA,NA,NA,TARGET_GONE,identity no longer active
2026-10-02T16:06:19Z,APP_22001_3033686,22001,3033686,20,1464,199.495,0,0,-1,-1,0,0.999931471,NA,NA,70.000000000,MEASURED_CPU_FAULT,CPU;INTERVAL_FAULTS,NA,NA,NA,NA,NA,NA,NA,NA,NA,NA,NA,NA,NA,NA,NA,NA,NA,NA,NA,NA,NA,NA,NA,TARGET_GONE,identity no longer active
2026-10-02T16:06:20Z,APP_22001_3033686,22001,3033686,20,1465,210.778,0,0,-1,-1,0,0.999931471,NA,NA,70.000000000,MEASURED_CPU_FAULT,CPU;INTERVAL_FAULTS,NA,NA,NA,NA,NA,NA,NA,NA,NA,NA,NA,NA,NA,NA,NA,NA,NA,NA,NA,NA,NA,NA,NA,TARGET_GONE,identity no longer active
2026-10-02T16:06:20Z,APP_22001_3033686,22001,3033686,20,1466,202.105,0,0,-1,-1,0,0.999931471,NA,NA,70.000000000,MEASURED_CPU_FAULT,CPU;INTERVAL_FAULTS,NA,NA,NA,NA,NA,NA,NA,NA,NA,NA,NA,NA,NA,NA,NA,NA,NA,NA,NA,NA,NA,NA,NA,TARGET_GONE,identity no longer active
2026-10-02T16:06:20Z,APP_22001_3033686,22001,3033686,20,1467,191.045,0,0,-1,-1,0,0.999931471,NA,NA,70.000000000,MEASURED_CPU_FAULT,CPU;INTERVAL_FAULTS,NA,NA,NA,NA,NA,NA,NA,NA,NA,NA,NA,NA,NA,NA,NA,NA,NA,NA,NA,NA,NA,NA,NA,TARGET_GONE,identity no longer active
2026-10-02T16:06:20Z,APP_22001_3033686,22001,3033686,20,1468,201.802,0,0,-1,-1,0,0.999931471,NA,NA,70.000000000,MEASURED_CPU_FAULT,CPU;INTERVAL_FAULTS,NA,NA,NA,NA,NA,NA,NA,NA,NA,NA,NA,NA,NA,NA,NA,NA,NA,NA,NA,NA,NA,NA,NA,TARGET_GONE,identity no longer active
2026-10-02T16:06:20Z,APP_22001_3033686,22001,3033686,20,1469,200.810,0,0,-1,-1,0,0.999931471,NA,NA,70.000000000,MEASURED_CPU_FAULT,CPU;INTERVAL_FAULTS,NA,NA,NA,NA,NA,NA,NA,NA,NA,NA,NA,NA,NA,NA,NA,NA,NA,NA,NA,NA,NA,NA,NA,TARGET_GONE,identity no longer active
2026-10-02T16:06:20Z,APP_22001_3033686,22001,3033686,20,1470,201.499,0,0,-1,-1,0,0.999931471,NA,NA,70.000000000,MEASURED_CPU_FAULT,CPU;INTERVAL_FAULTS,NA,NA,NA,NA,NA,NA,NA,NA,NA,NA,NA,NA,NA,NA,NA,NA,NA,NA,NA,NA,NA,NA,NA,TARGET_GONE,identity no longer active
2026-10-02T16:06:20Z,APP_22001_3033686,22001,3033686,20,1471,201.972,0,0,-1,-1,0,0.999931471,NA,NA,70.000000000,MEASURED_CPU_FAULT,CPU;INTERVAL_FAULTS,NA,NA,NA,NA,NA,NA,NA,NA,NA,NA,NA,NA,NA,NA,NA,NA,NA,NA,NA,NA,NA,NA,NA,TARGET_GONE,identity no longer active
2026-10-02T16:06:20Z,APP_22001_3033686,22001,3033686,20,1472,202.105,0,0,-1,-1,0,0.999931471,NA,NA,70.000000000,MEASURED_CPU_FAULT,CPU;INTERVAL_FAULTS,NA,NA,NA,NA,NA,NA,NA,NA,NA,NA,NA,NA,NA,NA,NA,NA,NA,NA,NA,NA,NA,NA,NA,TARGET_GONE,identity no longer active
2026-10-02T16:06:21Z,APP_22001_3033686,22001,3033686,20,1473,200.272,0,0,-1,-1,0,0.999931471,NA,NA,70.000000000,MEASURED_CPU_FAULT,CPU;INTERVAL_FAULTS,NA,NA,NA,NA,NA,NA,NA,NA,NA,NA,NA,NA,NA,NA,NA,NA,NA,NA,NA,NA,NA,NA,NA,TARGET_GONE,identity no longer active
2026-10-02T16:06:21Z,APP_22001_3033686,22001,3033686,20,1474,192.192,0,0,-1,-1,0,0.999931471,NA,NA,70.000000000,MEASURED_CPU_FAULT,CPU;INTERVAL_FAULTS,NA,NA,NA,NA,NA,NA,NA,NA,NA,NA,NA,NA,NA,NA,NA,NA,NA,NA,NA,NA,NA,NA,NA,TARGET_GONE,identity no longer active
2026-10-02T16:06:21Z,APP_22001_3033686,22001,3033686,20,1475,201.198,0,0,-1,-1,0,0.999931471,NA,NA,70.000000000,MEASURED_CPU_FAULT,CPU;INTERVAL_FAULTS,NA,NA,NA,NA,NA,NA,NA,NA,NA,NA,NA,NA,NA,NA,NA,NA,NA,NA,NA,NA,NA,NA,NA,TARGET_GONE,identity no longer active
2026-10-02T16:06:21Z,APP_22001_3033686,22001,3033686,20,1476,195.122,0,0,-1,-1,0,0.999931471,NA,NA,70.000000000,MEASURED_CPU_FAULT,CPU;INTERVAL_FAULTS,NA,NA,NA,NA,NA,NA,NA,NA,NA,NA,NA,NA,NA,NA,NA,NA,NA,NA,NA,NA,NA,NA,NA,TARGET_GONE,identity no longer active
2026-10-02T16:06:21Z,APP_22001_3033686,22001,3033686,20,1477,201.198,0,0,-1,-1,0,0.999931471,NA,NA,70.000000000,MEASURED_CPU_FAULT,CPU;INTERVAL_FAULTS,NA,NA,NA,NA,NA,NA,NA,NA,NA,NA,NA,NA,NA,NA,NA,NA,NA,NA,NA,NA,NA,NA,NA,TARGET_GONE,identity no longer active
2026-10-02T16:06:21Z,APP_22001_3033686,22001,3033686,20,1478,208.185,0,0,-1,-1,0,0.999931471,NA,NA,70.000000000,MEASURED_CPU_FAULT,CPU;INTERVAL_FAULTS,NA,NA,NA,NA,NA,NA,NA,NA,NA,NA,NA,NA,NA,NA,NA,NA,NA,NA,NA,NA,NA,NA,NA,TARGET_GONE,identity no longer active
2026-10-02T16:06:21Z,APP_22001_3033686,22001,3033686,20,1479,192.192,0,0,-1,-1,0,0.999931471,NA,NA,70.000000000,MEASURED_CPU_FAULT,CPU;INTERVAL_FAULTS,NA,NA,NA,NA,NA,NA,NA,NA,NA,NA,NA,NA,NA,NA,NA,NA,NA,NA,NA,NA,NA,NA,NA,TARGET_GONE,identity no longer active
2026-10-02T16:06:21Z,APP_22001_3033686,22001,3033686,20,1480,201.681,0,0,-1,-1,0,0.999931471,NA,NA,70.000000000,MEASURED_CPU_FAULT,CPU;INTERVAL_FAULTS,NA,NA,NA,NA,NA,NA,NA,NA,NA,NA,NA,NA,NA,NA,NA,NA,NA,NA,NA,NA,NA,NA,NA,TARGET_GONE,identity no longer active
2026-10-02T16:06:22Z,APP_22001_3033686,22001,3033686,20,1481,201.499,0,0,-1,-1,0,0.999931471,NA,NA,70.000000000,MEASURED_CPU_FAULT,CPU;INTERVAL_FAULTS,NA,NA,NA,NA,NA,NA,NA,NA,NA,NA,NA,NA,NA,NA,NA,NA,NA,NA,NA,NA,NA,NA,NA,TARGET_GONE,identity no longer active
2026-10-02T16:06:22Z,APP_22001_3033686,22001,3033686,20,1482,195.785,0,0,-1,-1,0,0.999931471,NA,NA,70.000000000,MEASURED_CPU_FAULT,CPU;INTERVAL_FAULTS,NA,NA,NA,NA,NA,NA,NA,NA,NA,NA,NA,NA,NA,NA,NA,NA,NA,NA,NA,NA,NA,NA,NA,TARGET_GONE,identity no longer active
2026-10-02T16:06:22Z,APP_22001_3033686,22001,3033686,20,1483,210.149,0,0,-1,-1,0,0.999931471,NA,NA,70.000000000,MEASURED_CPU_FAULT,CPU;INTERVAL_FAULTS,NA,NA,NA,NA,NA,NA,NA,NA,NA,NA,NA,NA,NA,NA,NA,NA,NA,NA,NA,NA,NA,NA,NA,TARGET_GONE,identity no longer active
2026-10-02T16:06:22Z,APP_22001_3033686,22001,3033686,20,1484,202.105,0,0,-1,-1,0,0.999931471,NA,NA,70.000000000,MEASURED_CPU_FAULT,CPU;INTERVAL_FAULTS,NA,NA,NA,NA,NA,NA,NA,NA,NA,NA,NA,NA,NA,NA,NA,NA,NA,NA,NA,NA,NA,NA,NA,TARGET_GONE,identity no longer active
2026-10-02T16:06:22Z,APP_22001_3033686,22001,3033686,20,1485,194.647,0,0,-1,-1,0,0.999931471,NA,NA,70.000000000,MEASURED_CPU_FAULT,CPU;INTERVAL_FAULTS,NA,NA,NA,NA,NA,NA,NA,NA,NA,NA,NA,NA,NA,NA,NA,NA,NA,NA,NA,NA,NA,NA,NA,TARGET_GONE,identity no longer active
2026-10-02T16:06:22Z,APP_22001_3033686,22001,3033686,20,1486,211.094,0,0,-1,-1,0,0.999931471,NA,NA,70.000000000,MEASURED_CPU_FAULT,CPU;INTERVAL_FAULTS,NA,NA,NA,NA,NA,NA,NA,NA,NA,NA,NA,NA,NA,NA,NA,NA,NA,NA,NA,NA,NA,NA,NA,TARGET_GONE,identity no longer active
2026-10-02T16:06:22Z,APP_22001_3033686,22001,3033686,20,1487,191.538,0,0,-1,-1,0,0.999931471,NA,NA,70.000000000,MEASURED_CPU_FAULT,CPU;INTERVAL_FAULTS,NA,NA,NA,NA,NA,NA,NA,NA,NA,NA,NA,NA,NA,NA,NA,NA,NA,NA,NA,NA,NA,NA,NA,TARGET_GONE,identity no longer active
2026-10-02T16:06:22Z,APP_22001_3033686,22001,3033686,20,1488,201.802,0,0,-1,-1,0,0.999931471,NA,NA,70.000000000,MEASURED_CPU_FAULT,CPU;INTERVAL_FAULTS,NA,NA,NA,NA,NA,NA,NA,NA,NA,NA,NA,NA,NA,NA,NA,NA,NA,NA,NA,NA,NA,NA,NA,TARGET_GONE,identity no longer active
2026-10-02T16:06:23Z,APP_22001_3033686,22001,3033686,20,1489,200.607,0,0,-1,-1,0,0.999931471,NA,NA,70.000000000,MEASURED_CPU_FAULT,CPU;INTERVAL_FAULTS,NA,NA,NA,NA,NA,NA,NA,NA,NA,NA,NA,NA,NA,NA,NA,NA,NA,NA,NA,NA,NA,NA,NA,TARGET_GONE,identity no longer active
2026-10-02T16:06:23Z,APP_22001_3033686,22001,3033686,20,1490,201.499,0,0,-1,-1,0,0.999931471,NA,NA,70.000000000,MEASURED_CPU_FAULT,CPU;INTERVAL_FAULTS,NA,NA,NA,NA,NA,NA,NA,NA,NA,NA,NA,NA,NA,NA,NA,NA,NA,NA,NA,NA,NA,NA,NA,TARGET_GONE,identity no longer active
2026-10-02T16:06:23Z,APP_22001_3033686,22001,3033686,20,1491,201.093,0,0,-1,-1,0,0.999931471,NA,NA,70.000000000,MEASURED_CPU_FAULT,CPU;INTERVAL_FAULTS,NA,NA,NA,NA,NA,NA,NA,NA,NA,NA,NA,NA,NA,NA,NA,NA,NA,NA,NA,NA,NA,NA,NA,TARGET_GONE,identity no longer active
2026-10-02T16:06:23Z,APP_22001_3033686,22001,3033686,20,1492,191.617,0,0,-1,-1,0,0.999931471,NA,NA,70.000000000,MEASURED_CPU_FAULT,CPU;INTERVAL_FAULTS,NA,NA,NA,NA,NA,NA,NA,NA,NA,NA,NA,NA,NA,NA,NA,NA,NA,NA,NA,NA,NA,NA,NA,TARGET_GONE,identity no longer active
2026-10-02T16:06:23Z,APP_22001_3033686,22001,3033686,20,1493,201.499,0,0,-1,-1,0,0.999931471,NA,NA,70.000000000,MEASURED_CPU_FAULT,CPU;INTERVAL_FAULTS,NA,NA,NA,NA,NA,NA,NA,NA,NA,NA,NA,NA,NA,NA,NA,NA,NA,NA,NA,NA,NA,NA,NA,TARGET_GONE,identity no longer active
2026-10-02T16:06:23Z,APP_22001_3033686,22001,3033686,20,1494,204.180,0,0,-1,-1,0,0.999931471,NA,NA,70.000000000,MEASURED_CPU_FAULT,CPU;INTERVAL_FAULTS,NA,NA,NA,NA,NA,NA,NA,NA,NA,NA,NA,NA,NA,NA,NA,NA,NA,NA,NA,NA,NA,NA,NA,TARGET_GONE,identity no longer active
2026-10-02T16:06:23Z,APP_22001_3033686,22001,3033686,20,1495,201.499,0,0,-1,-1,0,0.999931471,NA,NA,70.000000000,MEASURED_CPU_FAULT,CPU;INTERVAL_FAULTS,NA,NA,NA,NA,NA,NA,NA,NA,NA,NA,NA,NA,NA,NA,NA,NA,NA,NA,NA,NA,NA,NA,NA,TARGET_GONE,identity no longer active
2026-10-02T16:06:23Z,APP_22001_3033686,22001,3033686,20,1496,196.283,0,0,-1,-1,0,0.999931471,NA,NA,70.000000000,MEASURED_CPU_FAULT,CPU;INTERVAL_FAULTS,NA,NA,NA,NA,NA,NA,NA,NA,NA,NA,NA,NA,NA,NA,NA,NA,NA,NA,NA,NA,NA,NA,NA,TARGET_GONE,identity no longer active
2026-10-02T16:06:24Z,APP_22001_3033686,22001,3033686,20,1497,201.198,0,0,-1,-1,0,0.999931471,NA,NA,70.000000000,MEASURED_CPU_FAULT,CPU;INTERVAL_FAULTS,NA,NA,NA,NA,NA,NA,NA,NA,NA,NA,NA,NA,NA,NA,NA,NA,NA,NA,NA,NA,NA,NA,NA,TARGET_GONE,identity no longer active
2026-10-02T16:06:24Z,APP_22001_3033686,22001,3033686,20,1498,201.421,0,0,-1,-1,0,0.999931471,NA,NA,70.000000000,MEASURED_CPU_FAULT,CPU;INTERVAL_FAULTS,NA,NA,NA,NA,NA,NA,NA,NA,NA,NA,NA,NA,NA,NA,NA,NA,NA,NA,NA,NA,NA,NA,NA,TARGET_GONE,identity no longer active
2026-10-02T16:06:24Z,APP_22001_3033686,22001,3033686,20,1499,201.802,0,0,-1,-1,0,0.999931471,NA,NA,70.000000000,MEASURED_CPU_FAULT,CPU;INTERVAL_FAULTS,NA,NA,NA,NA,NA,NA,NA,NA,NA,NA,NA,NA,NA,NA,NA,NA,NA,NA,NA,NA,NA,NA,NA,TARGET_GONE,identity no longer active
2026-10-02T16:06:24Z,APP_22001_3033686,22001,3033686,20,1500,201.381,0,0,-1,-1,0,0.999931471,NA,NA,70.000000000,MEASURED_CPU_FAULT,CPU;INTERVAL_FAULTS,NA,NA,NA,NA,NA,NA,NA,NA,NA,NA,NA,NA,NA,NA,NA,NA,NA,NA,NA,NA,NA,NA,NA,TARGET_GONE,identity no longer active
2026-10-02T16:06:24Z,APP_22001_3033686,22001,3033686,20,1501,191.617,0,0,-1,-1,0,0.999931471,NA,NA,70.000000000,MEASURED_CPU_FAULT,CPU;INTERVAL_FAULTS,NA,NA,NA,NA,NA,NA,NA,NA,NA,NA,NA,NA,NA,NA,NA,NA,NA,NA,NA,NA,NA,NA,NA,TARGET_GONE,identity no longer active
2026-10-02T16:06:24Z,APP_22001_3033686,22001,3033686,20,1502,202.105,0,0,-1,-1,0,0.999931471,NA,NA,70.000000000,MEASURED_CPU_FAULT,CPU;INTERVAL_FAULTS,NA,NA,NA,NA,NA,NA,NA,NA,NA,NA,NA,NA,NA,NA,NA,NA,NA,NA,NA,NA,NA,NA,NA,TARGET_GONE,identity no longer active
2026-10-02T16:06:24Z,APP_22001_3033686,22001,3033686,20,1503,204.878,0,0,-1,-1,0,0.999931471,NA,NA,70.000000000,MEASURED_CPU_FAULT,CPU;INTERVAL_FAULTS,NA,NA,NA,NA,NA,NA,NA,NA,NA,NA,NA,NA,NA,NA,NA,NA,NA,NA,NA,NA,NA,NA,NA,TARGET_GONE,identity no longer active
2026-10-02T16:06:24Z,APP_22001_3033686,22001,3033686,20,1504,192.192,0,0,-1,-1,0,0.999931471,NA,NA,70.000000000,MEASURED_CPU_FAULT,CPU;INTERVAL_FAULTS,NA,NA,NA,NA,NA,NA,NA,NA,NA,NA,NA,NA,NA,NA,NA,NA,NA,NA,NA,NA,NA,NA,NA,TARGET_GONE,identity no longer active
2026-10-02T16:06:25Z,APP_22001_3033686,22001,3033686,20,1505,201.217,0,0,-1,-1,0,0.999931471,NA,NA,70.000000000,MEASURED_CPU_FAULT,CPU;INTERVAL_FAULTS,NA,NA,NA,NA,NA,NA,NA,NA,NA,NA,NA,NA,NA,NA,NA,NA,NA,NA,NA,NA,NA,NA,NA,TARGET_GONE,identity no longer active
2026-10-02T16:06:25Z,APP_22001_3033686,22001,3033686,20,1506,201.499,0,0,-1,-1,0,0.999931471,NA,NA,70.000000000,MEASURED_CPU_FAULT,CPU;INTERVAL_FAULTS,NA,NA,NA,NA,NA,NA,NA,NA,NA,NA,NA,NA,NA,NA,NA,NA,NA,NA,NA,NA,NA,NA,NA,TARGET_GONE,identity no longer active
2026-10-02T16:06:25Z,APP_22001_3033686,22001,3033686,20,1507,200.810,0,0,-1,-1,0,0.999931471,NA,NA,70.000000000,MEASURED_CPU_FAULT,CPU;INTERVAL_FAULTS,NA,NA,NA,NA,NA,NA,NA,NA,NA,NA,NA,NA,NA,NA,NA,NA,NA,NA,NA,NA,NA,NA,NA,TARGET_GONE,identity no longer active
2026-10-02T16:06:25Z,APP_22001_3033686,22001,3033686,20,1508,201.499,0,0,-1,-1,0,0.999931471,NA,NA,70.000000000,MEASURED_CPU_FAULT,CPU;INTERVAL_FAULTS,NA,NA,NA,NA,NA,NA,NA,NA,NA,NA,NA,NA,NA,NA,NA,NA,NA,NA,NA,NA,NA,NA,NA,TARGET_GONE,identity no longer active
2026-10-02T16:06:25Z,APP_22001_3033686,22001,3033686,20,1509,197.938,0,0,-1,-1,0,0.999931471,NA,NA,70.000000000,MEASURED_CPU_FAULT,CPU;INTERVAL_FAULTS,NA,NA,NA,NA,NA,NA,NA,NA,NA,NA,NA,NA,NA,NA,NA,NA,NA,NA,NA,NA,NA,NA,NA,TARGET_GONE,identity no longer active
2026-10-02T16:06:25Z,APP_22001_3033686,22001,3033686,20,1510,205.210,0,0,-1,-1,0,0.999931471,NA,NA,70.000000000,MEASURED_CPU_FAULT,CPU;INTERVAL_FAULTS,NA,NA,NA,NA,NA,NA,NA,NA,NA,NA,NA,NA,NA,NA,NA,NA,NA,NA,NA,NA,NA,NA,NA,TARGET_GONE,identity no longer active
2026-10-02T16:06:25Z,APP_22001_3033686,22001,3033686,20,1511,191.617,0,0,-1,-1,0,0.999931471,NA,NA,70.000000000,MEASURED_CPU_FAULT,CPU;INTERVAL_FAULTS,NA,NA,NA,NA,NA,NA,NA,NA,NA,NA,NA,NA,NA,NA,NA,NA,NA,NA,NA,NA,NA,NA,NA,TARGET_GONE,identity no longer active
2026-10-02T16:06:25Z,APP_22001_3033686,22001,3033686,20,1512,205.505,0,0,-1,-1,0,0.999931471,NA,NA,70.000000000,MEASURED_CPU_FAULT,CPU;INTERVAL_FAULTS,NA,NA,NA,NA,NA,NA,NA,NA,NA,NA,NA,NA,NA,NA,NA,NA,NA,NA,NA,NA,NA,NA,NA,TARGET_GONE,identity no longer active
2026-10-02T16:06:26Z,APP_22001_3033686,22001,3033686,20,1513,201.198,0,0,-1,-1,0,0.999931471,NA,NA,70.000000000,MEASURED_CPU_FAULT,CPU;INTERVAL_FAULTS,NA,NA,NA,NA,NA,NA,NA,NA,NA,NA,NA,NA,NA,NA,NA,NA,NA,NA,NA,NA,NA,NA,NA,TARGET_GONE,identity no longer active
2026-10-02T16:06:26Z,APP_22001_3033686,22001,3033686,20,1514,201.013,0,0,-1,-1,0,0.999931471,NA,NA,70.000000000,MEASURED_CPU_FAULT,CPU;INTERVAL_FAULTS,NA,NA,NA,NA,NA,NA,NA,NA,NA,NA,NA,NA,NA,NA,NA,NA,NA,NA,NA,NA,NA,NA,NA,TARGET_GONE,identity no longer active
2026-10-02T16:06:26Z,APP_22001_3033686,22001,3033686,20,1515,201.802,0,0,-1,-1,0,0.999931471,NA,NA,70.000000000,MEASURED_CPU_FAULT,CPU;INTERVAL_FAULTS,NA,NA,NA,NA,NA,NA,NA,NA,NA,NA,NA,NA,NA,NA,NA,NA,NA,NA,NA,NA,NA,NA,NA,TARGET_GONE,identity no longer active
2026-10-02T16:06:26Z,APP_22001_3033686,22001,3033686,20,1516,194.529,0,0,-1,-1,0,0.999931471,NA,NA,70.000000000,MEASURED_CPU_FAULT,CPU;INTERVAL_FAULTS,NA,NA,NA,NA,NA,NA,NA,NA,NA,NA,NA,NA,NA,NA,NA,NA,NA,NA,NA,NA,NA,NA,NA,TARGET_GONE,identity no longer active
2026-10-02T16:06:26Z,APP_22001_3033686,22001,3033686,20,1517,201.198,0,0,-1,-1,0,0.999931471,NA,NA,70.000000000,MEASURED_CPU_FAULT,CPU;INTERVAL_FAULTS,NA,NA,NA,NA,NA,NA,NA,NA,NA,NA,NA,NA,NA,NA,NA,NA,NA,NA,NA,NA,NA,NA,NA,TARGET_GONE,identity no longer active
2026-10-02T16:06:04Z,APP_22001_3033686,22001,3033686,21,1518,0.000,0,0,-1,-1,0,0.999931471,1,true,0.000000000,MEASURED_CPU_FAULT,CPU;INTERVAL_FAULTS,HOT,669.474315258,0.560000000,0.700000000,NA,NA,NA,NA,0.560000000,0.000000000,0.700000000,0.000000000,-1.000000000,1.232000000,NA,MOVE_THREAD,INVALID,NOT_APPLICABLE,INVALID,MOVE_THREAD,-1,-1,false,TARGET_GONE,identity no longer active
2026-10-02T16:06:04Z,APP_22001_3033686,22001,3033686,21,1519,0.000,0,0,-1,-1,0,0.999931471,NA,NA,0.000000000,MEASURED_CPU_FAULT,CPU;INTERVAL_FAULTS,NA,NA,NA,NA,NA,NA,NA,NA,NA,NA,NA,NA,NA,NA,NA,NA,NA,NA,NA,NA,NA,NA,NA,TARGET_GONE,identity no longer active
2026-10-02T16:06:04Z,APP_22001_3033686,22001,3033686,21,1520,0.000,0,0,-1,-1,0,0.999931471,NA,NA,0.000000000,MEASURED_CPU_FAULT,CPU;INTERVAL_FAULTS,NA,NA,NA,NA,NA,NA,NA,NA,NA,NA,NA,NA,NA,NA,NA,NA,NA,NA,NA,NA,NA,NA,NA,TARGET_GONE,identity no longer active
2026-10-02T16:06:04Z,APP_22001_3033686,22001,3033686,21,1521,0.000,0,0,-1,-1,0,0.999931471,NA,NA,0.000000000,MEASURED_CPU_FAULT,CPU;INTERVAL_FAULTS,NA,NA,NA,NA,NA,NA,NA,NA,NA,NA,NA,NA,NA,NA,NA,NA,NA,NA,NA,NA,NA,NA,NA,TARGET_GONE,identity no longer active
2026-10-02T16:06:04Z,APP_22001_3033686,22001,3033686,21,1522,0.000,0,0,-1,-1,0,0.999931471,NA,NA,0.000000000,MEASURED_CPU_FAULT,CPU;INTERVAL_FAULTS,NA,NA,NA,NA,NA,NA,NA,NA,NA,NA,NA,NA,NA,NA,NA,NA,NA,NA,NA,NA,NA,NA,NA,TARGET_GONE,identity no longer active
2026-10-02T16:06:04Z,APP_22001_3033686,22001,3033686,21,1523,0.000,0,0,-1,-1,0,0.999931471,NA,NA,0.000000000,MEASURED_CPU_FAULT,CPU;INTERVAL_FAULTS,NA,NA,NA,NA,NA,NA,NA,NA,NA,NA,NA,NA,NA,NA,NA,NA,NA,NA,NA,NA,NA,NA,NA,TARGET_GONE,identity no longer active
2026-10-02T16:06:05Z,APP_22001_3033686,22001,3033686,21,1524,0.000,0,0,-1,-1,0,0.999931471,NA,NA,0.000000000,MEASURED_CPU_FAULT,CPU;INTERVAL_FAULTS,NA,NA,NA,NA,NA,NA,NA,NA,NA,NA,NA,NA,NA,NA,NA,NA,NA,NA,NA,NA,NA,NA,NA,TARGET_GONE,identity no longer active
2026-10-02T16:06:05Z,APP_22001_3033686,22001,3033686,21,1525,0.000,0,0,-1,-1,0,0.999931471,NA,NA,0.000000000,MEASURED_CPU_FAULT,CPU;INTERVAL_FAULTS,NA,NA,NA,NA,NA,NA,NA,NA,NA,NA,NA,NA,NA,NA,NA,NA,NA,NA,NA,NA,NA,NA,NA,TARGET_GONE,identity no longer active
2026-10-02T16:06:05Z,APP_22001_3033686,22001,3033686,21,1526,0.000,0,0,-1,-1,0,0.999931471,NA,NA,0.000000000,MEASURED_CPU_FAULT,CPU;INTERVAL_FAULTS,NA,NA,NA,NA,NA,NA,NA,NA,NA,NA,NA,NA,NA,NA,NA,NA,NA,NA,NA,NA,NA,NA,NA,TARGET_GONE,identity no longer active
2026-10-02T16:06:05Z,APP_22001_3033686,22001,3033686,21,1527,16.203,0,0,-1,-1,0,0.999931471,NA,NA,11.342100000,MEASURED_CPU_FAULT,CPU;INTERVAL_FAULTS,NA,NA,NA,NA,NA,NA,NA,NA,NA,NA,NA,NA,NA,NA,NA,NA,NA,NA,NA,NA,NA,NA,NA,TARGET_GONE,identity no longer active
2026-10-02T16:06:05Z,APP_22001_3033686,22001,3033686,21,1528,192.385,0,0,-1,-1,0,0.999931471,NA,NA,70.000000000,MEASURED_CPU_FAULT,CPU;INTERVAL_FAULTS,NA,NA,NA,NA,NA,NA,NA,NA,NA,NA,NA,NA,NA,NA,NA,NA,NA,NA,NA,NA,NA,NA,NA,TARGET_GONE,identity no longer active
2026-10-02T16:06:05Z,APP_22001_3033686,22001,3033686,21,1529,210.778,0,0,-1,-1,0,0.999931471,NA,NA,70.000000000,MEASURED_CPU_FAULT,CPU;INTERVAL_FAULTS,NA,NA,NA,NA,NA,NA,NA,NA,NA,NA,NA,NA,NA,NA,NA,NA,NA,NA,NA,NA,NA,NA,NA,TARGET_GONE,identity no longer active
2026-10-02T16:06:05Z,APP_22001_3033686,22001,3033686,21,1530,202.009,0,0,-1,-1,0,0.999931471,NA,NA,70.000000000,MEASURED_CPU_FAULT,CPU;INTERVAL_FAULTS,NA,NA,NA,NA,NA,NA,NA,NA,NA,NA,NA,NA,NA,NA,NA,NA,NA,NA,NA,NA,NA,NA,NA,TARGET_GONE,identity no longer active
2026-10-02T16:06:05Z,APP_22001_3033686,22001,3033686,21,1531,191.904,0,0,-1,-1,0,0.999931471,NA,NA,70.000000000,MEASURED_CPU_FAULT,CPU;INTERVAL_FAULTS,NA,NA,NA,NA,NA,NA,NA,NA,NA,NA,NA,NA,NA,NA,NA,NA,NA,NA,NA,NA,NA,NA,NA,TARGET_GONE,identity no longer active
2026-10-02T16:06:06Z,APP_22001_3033686,22001,3033686,21,1532,206.928,0,0,-1,-1,0,0.999931471,NA,NA,70.000000000,MEASURED_CPU_FAULT,CPU;INTERVAL_FAULTS,NA,NA,NA,NA,NA,NA,NA,NA,NA,NA,NA,NA,NA,NA,NA,NA,NA,NA,NA,NA,NA,NA,NA,TARGET_GONE,identity no longer active
2026-10-02T16:06:06Z,APP_22001_3033686,22001,3033686,21,1533,192.385,0,0,-1,-1,0,0.999931471,NA,NA,70.000000000,MEASURED_CPU_FAULT,CPU;INTERVAL_FAULTS,NA,NA,NA,NA,NA,NA,NA,NA,NA,NA,NA,NA,NA,NA,NA,NA,NA,NA,NA,NA,NA,NA,NA,TARGET_GONE,identity no longer active
2026-10-02T16:06:06Z,APP_22001_3033686,22001,3033686,21,1534,201.198,0,0,-1,-1,0,0.999931471,NA,NA,70.000000000,MEASURED_CPU_FAULT,CPU;INTERVAL_FAULTS,NA,NA,NA,NA,NA,NA,NA,NA,NA,NA,NA,NA,NA,NA,NA,NA,NA,NA,NA,NA,NA,NA,NA,TARGET_GONE,identity no longer active
2026-10-02T16:06:06Z,APP_22001_3033686,22001,3033686,21,1535,201.431,0,0,-1,-1,0,0.999931471,NA,NA,70.000000000,MEASURED_CPU_FAULT,CPU;INTERVAL_FAULTS,NA,NA,NA,NA,NA,NA,NA,NA,NA,NA,NA,NA,NA,NA,NA,NA,NA,NA,NA,NA,NA,NA,NA,TARGET_GONE,identity no longer active
2026-10-02T16:06:06Z,APP_22001_3033686,22001,3033686,21,1536,201.802,0,0,-1,-1,0,0.999931471,NA,NA,70.000000000,MEASURED_CPU_FAULT,CPU;INTERVAL_FAULTS,NA,NA,NA,NA,NA,NA,NA,NA,NA,NA,NA,NA,NA,NA,NA,NA,NA,NA,NA,NA,NA,NA,NA,TARGET_GONE,identity no longer active
2026-10-02T16:06:06Z,APP_22001_3033686,22001,3033686,21,1537,196.047,0,0,-1,-1,0,0.999931471,NA,NA,70.000000000,MEASURED_CPU_FAULT,CPU;INTERVAL_FAULTS,NA,NA,NA,NA,NA,NA,NA,NA,NA,NA,NA,NA,NA,NA,NA,NA,NA,NA,NA,NA,NA,NA,NA,TARGET_GONE,identity no longer active
2026-10-02T16:06:06Z,APP_22001_3033686,22001,3033686,21,1538,204.391,0,0,-1,-1,0,0.999931471,NA,NA,70.000000000,MEASURED_CPU_FAULT,CPU;INTERVAL_FAULTS,NA,NA,NA,NA,NA,NA,NA,NA,NA,NA,NA,NA,NA,NA,NA,NA,NA,NA,NA,NA,NA,NA,NA,TARGET_GONE,identity no longer active
2026-10-02T16:06:06Z,APP_22001_3033686,22001,3033686,21,1539,201.802,0,0,-1,-1,0,0.999931471,NA,NA,70.000000000,MEASURED_CPU_FAULT,CPU;INTERVAL_FAULTS,NA,NA,NA,NA,NA,NA,NA,NA,NA,NA,NA,NA,NA,NA,NA,NA,NA,NA,NA,NA,NA,NA,NA,TARGET_GONE,identity no longer active
2026-10-02T16:06:06Z,APP_22001_3033686,22001,3033686,21,1540,194.195,0,0,-1,-1,0,0.999931471,NA,NA,70.000000000,MEASURED_CPU_FAULT,CPU;INTERVAL_FAULTS,NA,NA,NA,NA,NA,NA,NA,NA,NA,NA,NA,NA,NA,NA,NA,NA,NA,NA,NA,NA,NA,NA,NA,TARGET_GONE,identity no longer active
2026-10-02T16:06:06Z,APP_22001_3033686,22001,3033686,21,1541,210.778,0,0,-1,-1,0,0.999931471,NA,NA,70.000000000,MEASURED_CPU_FAULT,CPU;INTERVAL_FAULTS,NA,NA,NA,NA,NA,NA,NA,NA,NA,NA,NA,NA,NA,NA,NA,NA,NA,NA,NA,NA,NA,NA,NA,TARGET_GONE,identity no longer active
2026-10-02T16:06:07Z,APP_22001_3033686,22001,3033686,21,1542,194.360,0,0,-1,-1,0,0.999931471,NA,NA,70.000000000,MEASURED_CPU_FAULT,CPU;INTERVAL_FAULTS,NA,NA,NA,NA,NA,NA,NA,NA,NA,NA,NA,NA,NA,NA,NA,NA,NA,NA,NA,NA,NA,NA,NA,TARGET_GONE,identity no longer active
2026-10-02T16:06:07Z,APP_22001_3033686,22001,3033686,21,1543,205.210,0,0,-1,-1,0,0.999931471,NA,NA,70.000000000,MEASURED_CPU_FAULT,CPU;INTERVAL_FAULTS,NA,NA,NA,NA,NA,NA,NA,NA,NA,NA,NA,NA,NA,NA,NA,NA,NA,NA,NA,NA,NA,NA,NA,TARGET_GONE,identity no longer active
2026-10-02T16:06:07Z,APP_22001_3033686,22001,3033686,21,1544,191.904,0,0,-1,-1,0,0.999931471,NA,NA,70.000000000,MEASURED_CPU_FAULT,CPU;INTERVAL_FAULTS,NA,NA,NA,NA,NA,NA,NA,NA,NA,NA,NA,NA,NA,NA,NA,NA,NA,NA,NA,NA,NA,NA,NA,TARGET_GONE,identity no longer active
2026-10-02T16:06:07Z,APP_22001_3033686,22001,3033686,21,1545,202.639,0,0,-1,-1,0,0.999931471,NA,NA,70.000000000,MEASURED_CPU_FAULT,CPU;INTERVAL_FAULTS,NA,NA,NA,NA,NA,NA,NA,NA,NA,NA,NA,NA,NA,NA,NA,NA,NA,NA,NA,NA,NA,NA,NA,TARGET_GONE,identity no longer active
2026-10-02T16:06:07Z,APP_22001_3033686,22001,3033686,21,1546,201.802,0,0,-1,-1,0,0.999931471,NA,NA,70.000000000,MEASURED_CPU_FAULT,CPU;INTERVAL_FAULTS,NA,NA,NA,NA,NA,NA,NA,NA,NA,NA,NA,NA,NA,NA,NA,NA,NA,NA,NA,NA,NA,NA,NA,TARGET_GONE,identity no longer active
2026-10-02T16:06:07Z,APP_22001_3033686,22001,3033686,21,1547,196.923,0,0,-1,-1,0,0.999931471,NA,NA,70.000000000,MEASURED_CPU_FAULT,CPU;INTERVAL_FAULTS,NA,NA,NA,NA,NA,NA,NA,NA,NA,NA,NA,NA,NA,NA,NA,NA,NA,NA,NA,NA,NA,NA,NA,TARGET_GONE,identity no longer active
2026-10-02T16:06:07Z,APP_22001_3033686,22001,3033686,21,1548,204.800,0,0,-1,-1,0,0.999931471,NA,NA,70.000000000,MEASURED_CPU_FAULT,CPU;INTERVAL_FAULTS,NA,NA,NA,NA,NA,NA,NA,NA,NA,NA,NA,NA,NA,NA,NA,NA,NA,NA,NA,NA,NA,NA,NA,TARGET_GONE,identity no longer active
2026-10-02T16:06:07Z,APP_22001_3033686,22001,3033686,21,1549,201.499,0,0,-1,-1,0,0.999931471,NA,NA,70.000000000,MEASURED_CPU_FAULT,CPU;INTERVAL_FAULTS,NA,NA,NA,NA,NA,NA,NA,NA,NA,NA,NA,NA,NA,NA,NA,NA,NA,NA,NA,NA,NA,NA,NA,TARGET_GONE,identity no longer active
2026-10-02T16:06:07Z,APP_22001_3033686,22001,3033686,21,1550,202.639,0,0,-1,-1,0,0.999931471,NA,NA,70.000000000,MEASURED_CPU_FAULT,CPU;INTERVAL_FAULTS,NA,NA,NA,NA,NA,NA,NA,NA,NA,NA,NA,NA,NA,NA,NA,NA,NA,NA,NA,NA,NA,NA,NA,TARGET_GONE,identity no longer active
2026-10-02T16:06:08Z,APP_22001_3033686,22001,3033686,21,1551,201.802,0,0,-1,-1,0,0.999931471,NA,NA,70.000000000,MEASURED_CPU_FAULT,CPU;INTERVAL_FAULTS,NA,NA,NA,NA,NA,NA,NA,NA,NA,NA,NA,NA,NA,NA,NA,NA,NA,NA,NA,NA,NA,NA,NA,TARGET_GONE,identity no longer active
2026-10-02T16:06:08Z,APP_22001_3033686,22001,3033686,21,1552,200.866,0,0,-1,-1,0,0.999931471,NA,NA,70.000000000,MEASURED_CPU_FAULT,CPU;INTERVAL_FAULTS,NA,NA,NA,NA,NA,NA,NA,NA,NA,NA,NA,NA,NA,NA,NA,NA,NA,NA,NA,NA,NA,NA,NA,TARGET_GONE,identity no longer active
2026-10-02T16:06:08Z,APP_22001_3033686,22001,3033686,21,1553,192.192,0,0,-1,-1,0,0.999931471,NA,NA,70.000000000,MEASURED_CPU_FAULT,CPU;INTERVAL_FAULTS,NA,NA,NA,NA,NA,NA,NA,NA,NA,NA,NA,NA,NA,NA,NA,NA,NA,NA,NA,NA,NA,NA,NA,TARGET_GONE,identity no longer active
2026-10-02T16:06:08Z,APP_22001_3033686,22001,3033686,21,1554,201.083,0,0,-1,-1,0,0.999931471,NA,NA,70.000000000,MEASURED_CPU_FAULT,CPU;INTERVAL_FAULTS,NA,NA,NA,NA,NA,NA,NA,NA,NA,NA,NA,NA,NA,NA,NA,NA,NA,NA,NA,NA,NA,NA,NA,TARGET_GONE,identity no longer active
2026-10-02T16:06:08Z,APP_22001_3033686,22001,3033686,21,1555,192.000,0,0,-1,-1,0,0.999931471,NA,NA,70.000000000,MEASURED_CPU_FAULT,CPU;INTERVAL_FAULTS,NA,NA,NA,NA,NA,NA,NA,NA,NA,NA,NA,NA,NA,NA,NA,NA,NA,NA,NA,NA,NA,NA,NA,TARGET_GONE,identity no longer active
2026-10-02T16:06:08Z,APP_22001_3033686,22001,3033686,21,1556,201.117,0,0,-1,-1,0,0.999931471,NA,NA,70.000000000,MEASURED_CPU_FAULT,CPU;INTERVAL_FAULTS,NA,NA,NA,NA,NA,NA,NA,NA,NA,NA,NA,NA,NA,NA,NA,NA,NA,NA,NA,NA,NA,NA,NA,TARGET_GONE,identity no longer active
2026-10-02T16:06:08Z,APP_22001_3033686,22001,3033686,21,1557,204.391,0,0,-1,-1,0,0.999931471,NA,NA,70.000000000,MEASURED_CPU_FAULT,CPU;INTERVAL_FAULTS,NA,NA,NA,NA,NA,NA,NA,NA,NA,NA,NA,NA,NA,NA,NA,NA,NA,NA,NA,NA,NA,NA,NA,TARGET_GONE,identity no longer active
2026-10-02T16:06:08Z,APP_22001_3033686,22001,3033686,21,1558,201.802,0,0,-1,-1,0,0.999931471,NA,NA,70.000000000,MEASURED_CPU_FAULT,CPU;INTERVAL_FAULTS,NA,NA,NA,NA,NA,NA,NA,NA,NA,NA,NA,NA,NA,NA,NA,NA,NA,NA,NA,NA,NA,NA,NA,TARGET_GONE,identity no longer active
2026-10-02T16:06:09Z,APP_22001_3033686,22001,3033686,21,1559,202.906,0,0,-1,-1,0,0.999931471,NA,NA,70.000000000,MEASURED_CPU_FAULT,CPU;INTERVAL_FAULTS,NA,NA,NA,NA,NA,NA,NA,NA,NA,NA,NA,NA,NA,NA,NA,NA,NA,NA,NA,NA,NA,NA,NA,TARGET_GONE,identity no longer active
2026-10-02T16:06:09Z,APP_22001_3033686,22001,3033686,21,1560,201.802,0,0,-1,-1,0,0.999931471,NA,NA,70.000000000,MEASURED_CPU_FAULT,CPU;INTERVAL_FAULTS,NA,NA,NA,NA,NA,NA,NA,NA,NA,NA,NA,NA,NA,NA,NA,NA,NA,NA,NA,NA,NA,NA,NA,TARGET_GONE,identity no longer active
2026-10-02T16:06:09Z,APP_22001_3033686,22001,3033686,21,1561,201.083,0,0,-1,-1,0,0.999931471,NA,NA,70.000000000,MEASURED_CPU_FAULT,CPU;INTERVAL_FAULTS,NA,NA,NA,NA,NA,NA,NA,NA,NA,NA,NA,NA,NA,NA,NA,NA,NA,NA,NA,NA,NA,NA,NA,TARGET_GONE,identity no longer active
2026-10-02T16:06:09Z,APP_22001_3033686,22001,3033686,21,1562,192.481,0,0,-1,-1,0,0.999931471,NA,NA,70.000000000,MEASURED_CPU_FAULT,CPU;INTERVAL_FAULTS,NA,NA,NA,NA,NA,NA,NA,NA,NA,NA,NA,NA,NA,NA,NA,NA,NA,NA,NA,NA,NA,NA,NA,TARGET_GONE,identity no longer active
2026-10-02T16:06:09Z,APP_22001_3033686,22001,3033686,21,1563,201.083,0,0,-1,-1,0,0.999931471,NA,NA,70.000000000,MEASURED_CPU_FAULT,CPU;INTERVAL_FAULTS,NA,NA,NA,NA,NA,NA,NA,NA,NA,NA,NA,NA,NA,NA,NA,NA,NA,NA,NA,NA,NA,NA,NA,TARGET_GONE,identity no longer active
2026-10-02T16:06:09Z,APP_22001_3033686,22001,3033686,21,1564,192.000,0,0,-1,-1,0,0.999931471,NA,NA,70.000000000,MEASURED_CPU_FAULT,CPU;INTERVAL_FAULTS,NA,NA,NA,NA,NA,NA,NA,NA,NA,NA,NA,NA,NA,NA,NA,NA,NA,NA,NA,NA,NA,NA,NA,TARGET_GONE,identity no longer active
2026-10-02T16:06:09Z,APP_22001_3033686,22001,3033686,21,1565,200.557,0,0,-1,-1,0,0.999931471,NA,NA,70.000000000,MEASURED_CPU_FAULT,CPU;INTERVAL_FAULTS,NA,NA,NA,NA,NA,NA,NA,NA,NA,NA,NA,NA,NA,NA,NA,NA,NA,NA,NA,NA,NA,NA,NA,TARGET_GONE,identity no longer active
2026-10-02T16:06:09Z,APP_22001_3033686,22001,3033686,21,1566,204.391,0,0,-1,-1,0,0.999931471,NA,NA,70.000000000,MEASURED_CPU_FAULT,CPU;INTERVAL_FAULTS,NA,NA,NA,NA,NA,NA,NA,NA,NA,NA,NA,NA,NA,NA,NA,NA,NA,NA,NA,NA,NA,NA,NA,TARGET_GONE,identity no longer active
2026-10-02T16:06:10Z,APP_22001_3033686,22001,3033686,21,1567,201.499,0,0,-1,-1,0,0.999931471,NA,NA,70.000000000,MEASURED_CPU_FAULT,CPU;INTERVAL_FAULTS,NA,NA,NA,NA,NA,NA,NA,NA,NA,NA,NA,NA,NA,NA,NA,NA,NA,NA,NA,NA,NA,NA,NA,TARGET_GONE,identity no longer active
2026-10-02T16:06:10Z,APP_22001_3033686,22001,3033686,21,1568,202.906,0,0,-1,-1,0,0.999931471,NA,NA,70.000000000,MEASURED_CPU_FAULT,CPU;INTERVAL_FAULTS,NA,NA,NA,NA,NA,NA,NA,NA,NA,NA,NA,NA,NA,NA,NA,NA,NA,NA,NA,NA,NA,NA,NA,TARGET_GONE,identity no longer active
2026-10-02T16:06:10Z,APP_22001_3033686,22001,3033686,21,1569,201.802,0,0,-1,-1,0,0.999931471,NA,NA,70.000000000,MEASURED_CPU_FAULT,CPU;INTERVAL_FAULTS,NA,NA,NA,NA,NA,NA,NA,NA,NA,NA,NA,NA,NA,NA,NA,NA,NA,NA,NA,NA,NA,NA,NA,TARGET_GONE,identity no longer active
2026-10-02T16:06:10Z,APP_22001_3033686,22001,3033686,21,1570,201.083,0,0,-1,-1,0,0.999931471,NA,NA,70.000000000,MEASURED_CPU_FAULT,CPU;INTERVAL_FAULTS,NA,NA,NA,NA,NA,NA,NA,NA,NA,NA,NA,NA,NA,NA,NA,NA,NA,NA,NA,NA,NA,NA,NA,TARGET_GONE,identity no longer active
2026-10-02T16:06:10Z,APP_22001_3033686,22001,3033686,21,1571,191.904,0,0,-1,-1,0,0.999931471,NA,NA,70.000000000,MEASURED_CPU_FAULT,CPU;INTERVAL_FAULTS,NA,NA,NA,NA,NA,NA,NA,NA,NA,NA,NA,NA,NA,NA,NA,NA,NA,NA,NA,NA,NA,NA,NA,TARGET_GONE,identity no longer active
2026-10-02T16:06:10Z,APP_22001_3033686,22001,3033686,21,1572,201.083,0,0,-1,-1,0,0.999931471,NA,NA,70.000000000,MEASURED_CPU_FAULT,CPU;INTERVAL_FAULTS,NA,NA,NA,NA,NA,NA,NA,NA,NA,NA,NA,NA,NA,NA,NA,NA,NA,NA,NA,NA,NA,NA,NA,TARGET_GONE,identity no longer active
2026-10-02T16:06:10Z,APP_22001_3033686,22001,3033686,21,1573,192.771,0,0,-1,-1,0,0.999931471,NA,NA,70.000000000,MEASURED_CPU_FAULT,CPU;INTERVAL_FAULTS,NA,NA,NA,NA,NA,NA,NA,NA,NA,NA,NA,NA,NA,NA,NA,NA,NA,NA,NA,NA,NA,NA,NA,TARGET_GONE,identity no longer active
2026-10-02T16:06:10Z,APP_22001_3033686,22001,3033686,21,1574,203.109,0,0,-1,-1,0,0.999931471,NA,NA,70.000000000,MEASURED_CPU_FAULT,CPU;INTERVAL_FAULTS,NA,NA,NA,NA,NA,NA,NA,NA,NA,NA,NA,NA,NA,NA,NA,NA,NA,NA,NA,NA,NA,NA,NA,TARGET_GONE,identity no longer active
2026-10-02T16:06:11Z,APP_22001_3033686,22001,3033686,21,1575,192.000,0,0,-1,-1,0,0.999931471,NA,NA,70.000000000,MEASURED_CPU_FAULT,CPU;INTERVAL_FAULTS,NA,NA,NA,NA,NA,NA,NA,NA,NA,NA,NA,NA,NA,NA,NA,NA,NA,NA,NA,NA,NA,NA,NA,TARGET_GONE,identity no longer active
2026-10-02T16:06:11Z,APP_22001_3033686,22001,3033686,21,1576,201.802,0,0,-1,-1,0,0.999931471,NA,NA,70.000000000,MEASURED_CPU_FAULT,CPU;INTERVAL_FAULTS,NA,NA,NA,NA,NA,NA,NA,NA,NA,NA,NA,NA,NA,NA,NA,NA,NA,NA,NA,NA,NA,NA,NA,TARGET_GONE,identity no longer active
2026-10-02T16:06:11Z,APP_22001_3033686,22001,3033686,21,1577,204.082,0,0,-1,-1,0,0.999931471,NA,NA,70.000000000,MEASURED_CPU_FAULT,CPU;INTERVAL_FAULTS,NA,NA,NA,NA,NA,NA,NA,NA,NA,NA,NA,NA,NA,NA,NA,NA,NA,NA,NA,NA,NA,NA,NA,TARGET_GONE,identity no longer active
2026-10-02T16:06:11Z,APP_22001_3033686,22001,3033686,21,1578,201.802,0,0,-1,-1,0,0.999931471,NA,NA,70.000000000,MEASURED_CPU_FAULT,CPU;INTERVAL_FAULTS,NA,NA,NA,NA,NA,NA,NA,NA,NA,NA,NA,NA,NA,NA,NA,NA,NA,NA,NA,NA,NA,NA,NA,TARGET_GONE,identity no longer active
2026-10-02T16:06:11Z,APP_22001_3033686,22001,3033686,21,1579,194.967,0,0,-1,-1,0,0.999931471,NA,NA,70.000000000,MEASURED_CPU_FAULT,CPU;INTERVAL_FAULTS,NA,NA,NA,NA,NA,NA,NA,NA,NA,NA,NA,NA,NA,NA,NA,NA,NA,NA,NA,NA,NA,NA,NA,TARGET_GONE,identity no longer active
2026-10-02T16:06:11Z,APP_22001_3033686,22001,3033686,21,1580,210.463,0,0,-1,-1,0,0.999931471,NA,NA,70.000000000,MEASURED_CPU_FAULT,CPU;INTERVAL_FAULTS,NA,NA,NA,NA,NA,NA,NA,NA,NA,NA,NA,NA,NA,NA,NA,NA,NA,NA,NA,NA,NA,NA,NA,TARGET_GONE,identity no longer active
2026-10-02T16:06:11Z,APP_22001_3033686,22001,3033686,21,1581,195.163,0,0,-1,-1,0,0.999931471,NA,NA,70.000000000,MEASURED_CPU_FAULT,CPU;INTERVAL_FAULTS,NA,NA,NA,NA,NA,NA,NA,NA,NA,NA,NA,NA,NA,NA,NA,NA,NA,NA,NA,NA,NA,NA,NA,TARGET_GONE,identity no longer active
2026-10-02T16:06:11Z,APP_22001_3033686,22001,3033686,21,1582,192.000,0,0,-1,-1,0,0.999931471,NA,NA,70.000000000,MEASURED_CPU_FAULT,CPU;INTERVAL_FAULTS,NA,NA,NA,NA,NA,NA,NA,NA,NA,NA,NA,NA,NA,NA,NA,NA,NA,NA,NA,NA,NA,NA,NA,TARGET_GONE,identity no longer active
2026-10-02T16:06:12Z,APP_22001_3033686,22001,3033686,21,1583,200.261,0,0,-1,-1,0,0.999931471,NA,NA,70.000000000,MEASURED_CPU_FAULT,CPU;INTERVAL_FAULTS,NA,NA,NA,NA,NA,NA,NA,NA,NA,NA,NA,NA,NA,NA,NA,NA,NA,NA,NA,NA,NA,NA,NA,TARGET_GONE,identity no longer active
2026-10-02T16:06:12Z,APP_22001_3033686,22001,3033686,21,1584,210.778,0,0,-1,-1,0,0.999931471,NA,NA,70.000000000,MEASURED_CPU_FAULT,CPU;INTERVAL_FAULTS,NA,NA,NA,NA,NA,NA,NA,NA,NA,NA,NA,NA,NA,NA,NA,NA,NA,NA,NA,NA,NA,NA,NA,TARGET_GONE,identity no longer active
2026-10-02T16:06:12Z,APP_22001_3033686,22001,3033686,21,1585,192.192,0,0,-1,-1,0,0.999931471,NA,NA,70.000000000,MEASURED_CPU_FAULT,CPU;INTERVAL_FAULTS,NA,NA,NA,NA,NA,NA,NA,NA,NA,NA,NA,NA,NA,NA,NA,NA,NA,NA,NA,NA,NA,NA,NA,TARGET_GONE,identity no longer active
2026-10-02T16:06:12Z,APP_22001_3033686,22001,3033686,21,1586,203.562,0,0,-1,-1,0,0.999931471,NA,NA,70.000000000,MEASURED_CPU_FAULT,CPU;INTERVAL_FAULTS,NA,NA,NA,NA,NA,NA,NA,NA,NA,NA,NA,NA,NA,NA,NA,NA,NA,NA,NA,NA,NA,NA,NA,TARGET_GONE,identity no longer active
2026-10-02T16:06:12Z,APP_22001_3033686,22001,3033686,21,1587,201.802,0,0,-1,-1,0,0.999931471,NA,NA,70.000000000,MEASURED_CPU_FAULT,CPU;INTERVAL_FAULTS,NA,NA,NA,NA,NA,NA,NA,NA,NA,NA,NA,NA,NA,NA,NA,NA,NA,NA,NA,NA,NA,NA,NA,TARGET_GONE,identity no longer active
2026-10-02T16:06:12Z,APP_22001_3033686,22001,3033686,21,1588,201.893,0,0,-1,-1,0,0.999931471,NA,NA,70.000000000,MEASURED_CPU_FAULT,CPU;INTERVAL_FAULTS,NA,NA,NA,NA,NA,NA,NA,NA,NA,NA,NA,NA,NA,NA,NA,NA,NA,NA,NA,NA,NA,NA,NA,TARGET_GONE,identity no longer active
2026-10-02T16:06:12Z,APP_22001_3033686,22001,3033686,21,1589,191.617,0,0,-1,-1,0,0.999931471,NA,NA,70.000000000,MEASURED_CPU_FAULT,CPU;INTERVAL_FAULTS,NA,NA,NA,NA,NA,NA,NA,NA,NA,NA,NA,NA,NA,NA,NA,NA,NA,NA,NA,NA,NA,NA,NA,TARGET_GONE,identity no longer active
2026-10-02T16:06:12Z,APP_22001_3033686,22001,3033686,21,1590,201.893,0,0,-1,-1,0,0.999931471,NA,NA,70.000000000,MEASURED_CPU_FAULT,CPU;INTERVAL_FAULTS,NA,NA,NA,NA,NA,NA,NA,NA,NA,NA,NA,NA,NA,NA,NA,NA,NA,NA,NA,NA,NA,NA,NA,TARGET_GONE,identity no longer active
2026-10-02T16:06:12Z,APP_22001_3033686,22001,3033686,21,1591,201.499,0,0,-1,-1,0,0.999931471,NA,NA,70.000000000,MEASURED_CPU_FAULT,CPU;INTERVAL_FAULTS,NA,NA,NA,NA,NA,NA,NA,NA,NA,NA,NA,NA,NA,NA,NA,NA,NA,NA,NA,NA,NA,NA,NA,TARGET_GONE,identity no longer active
2026-10-02T16:06:13Z,APP_22001_3033686,22001,3033686,21,1592,197.666,0,0,-1,-1,0,0.999931471,NA,NA,70.000000000,MEASURED_CPU_FAULT,CPU;INTERVAL_FAULTS,NA,NA,NA,NA,NA,NA,NA,NA,NA,NA,NA,NA,NA,NA,NA,NA,NA,NA,NA,NA,NA,NA,NA,TARGET_GONE,identity no longer active
2026-10-02T16:06:13Z,APP_22001_3033686,22001,3033686,21,1593,211.411,0,0,-1,-1,0,0.999931471,NA,NA,70.000000000,MEASURED_CPU_FAULT,CPU;INTERVAL_FAULTS,NA,NA,NA,NA,NA,NA,NA,NA,NA,NA,NA,NA,NA,NA,NA,NA,NA,NA,NA,NA,NA,NA,NA,TARGET_GONE,identity no longer active
2026-10-02T16:06:13Z,APP_22001_3033686,22001,3033686,21,1594,200.897,0,0,-1,-1,0,0.999931471,NA,NA,70.000000000,MEASURED_CPU_FAULT,CPU;INTERVAL_FAULTS,NA,NA,NA,NA,NA,NA,NA,NA,NA,NA,NA,NA,NA,NA,NA,NA,NA,NA,NA,NA,NA,NA,NA,TARGET_GONE,identity no longer active
2026-10-02T16:06:13Z,APP_22001_3033686,22001,3033686,21,1595,195.918,0,0,-1,-1,0,0.999931471,NA,NA,70.000000000,MEASURED_CPU_FAULT,CPU;INTERVAL_FAULTS,NA,NA,NA,NA,NA,NA,NA,NA,NA,NA,NA,NA,NA,NA,NA,NA,NA,NA,NA,NA,NA,NA,NA,TARGET_GONE,identity no longer active
2026-10-02T16:06:13Z,APP_22001_3033686,22001,3033686,21,1596,201.802,0,0,-1,-1,0,0.999931471,NA,NA,70.000000000,MEASURED_CPU_FAULT,CPU;INTERVAL_FAULTS,NA,NA,NA,NA,NA,NA,NA,NA,NA,NA,NA,NA,NA,NA,NA,NA,NA,NA,NA,NA,NA,NA,NA,TARGET_GONE,identity no longer active
2026-10-02T16:06:13Z,APP_22001_3033686,22001,3033686,21,1597,201.893,0,0,-1,-1,0,0.999931471,NA,NA,70.000000000,MEASURED_CPU_FAULT,CPU;INTERVAL_FAULTS,NA,NA,NA,NA,NA,NA,NA,NA,NA,NA,NA,NA,NA,NA,NA,NA,NA,NA,NA,NA,NA,NA,NA,TARGET_GONE,identity no longer active
2026-10-02T16:06:13Z,APP_22001_3033686,22001,3033686,21,1598,201.198,0,0,-1,-1,0,0.999931471,NA,NA,70.000000000,MEASURED_CPU_FAULT,CPU;INTERVAL_FAULTS,NA,NA,NA,NA,NA,NA,NA,NA,NA,NA,NA,NA,NA,NA,NA,NA,NA,NA,NA,NA,NA,NA,NA,TARGET_GONE,identity no longer active
2026-10-02T16:06:13Z,APP_22001_3033686,22001,3033686,21,1599,201.681,0,0,-1,-1,0,0.999931471,NA,NA,70.000000000,MEASURED_CPU_FAULT,CPU;INTERVAL_FAULTS,NA,NA,NA,NA,NA,NA,NA,NA,NA,NA,NA,NA,NA,NA,NA,NA,NA,NA,NA,NA,NA,NA,NA,TARGET_GONE,identity no longer active
2026-10-02T16:06:14Z,APP_22001_3033686,22001,3033686,21,1600,201.499,0,0,-1,-1,0,0.999931471,NA,NA,70.000000000,MEASURED_CPU_FAULT,CPU;INTERVAL_FAULTS,NA,NA,NA,NA,NA,NA,NA,NA,NA,NA,NA,NA,NA,NA,NA,NA,NA,NA,NA,NA,NA,NA,NA,TARGET_GONE,identity no longer active
2026-10-02T16:06:14Z,APP_22001_3033686,22001,3033686,21,1601,197.531,0,0,-1,-1,0,0.999931471,NA,NA,70.000000000,MEASURED_CPU_FAULT,CPU;INTERVAL_FAULTS,NA,NA,NA,NA,NA,NA,NA,NA,NA,NA,NA,NA,NA,NA,NA,NA,NA,NA,NA,NA,NA,NA,NA,TARGET_GONE,identity no longer active
2026-10-02T16:06:14Z,APP_22001_3033686,22001,3033686,21,1602,210.778,0,0,-1,-1,0,0.999931471,NA,NA,70.000000000,MEASURED_CPU_FAULT,CPU;INTERVAL_FAULTS,NA,NA,NA,NA,NA,NA,NA,NA,NA,NA,NA,NA,NA,NA,NA,NA,NA,NA,NA,NA,NA,NA,NA,TARGET_GONE,identity no longer active
2026-10-02T16:06:14Z,APP_22001_3033686,22001,3033686,21,1603,201.802,0,0,-1,-1,0,0.999931471,NA,NA,70.000000000,MEASURED_CPU_FAULT,CPU;INTERVAL_FAULTS,NA,NA,NA,NA,NA,NA,NA,NA,NA,NA,NA,NA,NA,NA,NA,NA,NA,NA,NA,NA,NA,NA,NA,TARGET_GONE,identity no longer active
2026-10-02T16:06:14Z,APP_22001_3033686,22001,3033686,21,1604,195.420,0,0,-1,-1,0,0.999931471,NA,NA,70.000000000,MEASURED_CPU_FAULT,CPU;INTERVAL_FAULTS,NA,NA,NA,NA,NA,NA,NA,NA,NA,NA,NA,NA,NA,NA,NA,NA,NA,NA,NA,NA,NA,NA,NA,TARGET_GONE,identity no longer active
2026-10-02T16:06:14Z,APP_22001_3033686,22001,3033686,21,1605,201.499,0,0,-1,-1,0,0.999931471,NA,NA,70.000000000,MEASURED_CPU_FAULT,CPU;INTERVAL_FAULTS,NA,NA,NA,NA,NA,NA,NA,NA,NA,NA,NA,NA,NA,NA,NA,NA,NA,NA,NA,NA,NA,NA,NA,TARGET_GONE,identity no longer active
2026-10-02T16:06:14Z,APP_22001_3033686,22001,3033686,21,1606,201.893,0,0,-1,-1,0,0.999931471,NA,NA,70.000000000,MEASURED_CPU_FAULT,CPU;INTERVAL_FAULTS,NA,NA,NA,NA,NA,NA,NA,NA,NA,NA,NA,NA,NA,NA,NA,NA,NA,NA,NA,NA,NA,NA,NA,TARGET_GONE,identity no longer active
2026-10-02T16:06:14Z,APP_22001_3033686,22001,3033686,21,1607,201.499,0,0,-1,-1,0,0.999931471,NA,NA,70.000000000,MEASURED_CPU_FAULT,CPU;INTERVAL_FAULTS,NA,NA,NA,NA,NA,NA,NA,NA,NA,NA,NA,NA,NA,NA,NA,NA,NA,NA,NA,NA,NA,NA,NA,TARGET_GONE,identity no longer active
2026-10-02T16:06:15Z,APP_22001_3033686,22001,3033686,21,1608,194.753,0,0,-1,-1,0,0.999931471,NA,NA,70.000000000,MEASURED_CPU_FAULT,CPU;INTERVAL_FAULTS,NA,NA,NA,NA,NA,NA,NA,NA,NA,NA,NA,NA,NA,NA,NA,NA,NA,NA,NA,NA,NA,NA,NA,TARGET_GONE,identity no longer active
2026-10-02T16:06:15Z,APP_22001_3033686,22001,3033686,21,1609,201.499,0,0,-1,-1,0,0.999931471,NA,NA,70.000000000,MEASURED_CPU_FAULT,CPU;INTERVAL_FAULTS,NA,NA,NA,NA,NA,NA,NA,NA,NA,NA,NA,NA,NA,NA,NA,NA,NA,NA,NA,NA,NA,NA,NA,TARGET_GONE,identity no longer active
2026-10-02T16:06:15Z,APP_22001_3033686,22001,3033686,21,1610,202.895,0,0,-1,-1,0,0.999931471,NA,NA,70.000000000,MEASURED_CPU_FAULT,CPU;INTERVAL_FAULTS,NA,NA,NA,NA,NA,NA,NA,NA,NA,NA,NA,NA,NA,NA,NA,NA,NA,NA,NA,NA,NA,NA,NA,TARGET_GONE,identity no longer active
2026-10-02T16:06:15Z,APP_22001_3033686,22001,3033686,21,1611,191.617,0,0,-1,-1,0,0.999931471,NA,NA,70.000000000,MEASURED_CPU_FAULT,CPU;INTERVAL_FAULTS,NA,NA,NA,NA,NA,NA,NA,NA,NA,NA,NA,NA,NA,NA,NA,NA,NA,NA,NA,NA,NA,NA,NA,TARGET_GONE,identity no longer active
2026-10-02T16:06:15Z,APP_22001_3033686,22001,3033686,21,1612,201.802,0,0,-1,-1,0,0.999931471,NA,NA,70.000000000,MEASURED_CPU_FAULT,CPU;INTERVAL_FAULTS,NA,NA,NA,NA,NA,NA,NA,NA,NA,NA,NA,NA,NA,NA,NA,NA,NA,NA,NA,NA,NA,NA,NA,TARGET_GONE,identity no longer active
2026-10-02T16:06:15Z,APP_22001_3033686,22001,3033686,21,1613,203.822,0,0,-1,-1,0,0.999931471,NA,NA,70.000000000,MEASURED_CPU_FAULT,CPU;INTERVAL_FAULTS,NA,NA,NA,NA,NA,NA,NA,NA,NA,NA,NA,NA,NA,NA,NA,NA,NA,NA,NA,NA,NA,NA,NA,TARGET_GONE,identity no longer active
2026-10-02T16:06:15Z,APP_22001_3033686,22001,3033686,21,1614,192.192,0,0,-1,-1,0,0.999931471,NA,NA,70.000000000,MEASURED_CPU_FAULT,CPU;INTERVAL_FAULTS,NA,NA,NA,NA,NA,NA,NA,NA,NA,NA,NA,NA,NA,NA,NA,NA,NA,NA,NA,NA,NA,NA,NA,TARGET_GONE,identity no longer active
2026-10-02T16:06:15Z,APP_22001_3033686,22001,3033686,21,1615,201.681,0,0,-1,-1,0,0.999931471,NA,NA,70.000000000,MEASURED_CPU_FAULT,CPU;INTERVAL_FAULTS,NA,NA,NA,NA,NA,NA,NA,NA,NA,NA,NA,NA,NA,NA,NA,NA,NA,NA,NA,NA,NA,NA,NA,TARGET_GONE,identity no longer active
2026-10-02T16:06:16Z,APP_22001_3033686,22001,3033686,21,1616,201.499,0,0,-1,-1,0,0.999931471,NA,NA,70.000000000,MEASURED_CPU_FAULT,CPU;INTERVAL_FAULTS,NA,NA,NA,NA,NA,NA,NA,NA,NA,NA,NA,NA,NA,NA,NA,NA,NA,NA,NA,NA,NA,NA,NA,TARGET_GONE,identity no longer active
2026-10-02T16:06:16Z,APP_22001_3033686,22001,3033686,21,1617,200.810,0,0,-1,-1,0,0.999931471,NA,NA,70.000000000,MEASURED_CPU_FAULT,CPU;INTERVAL_FAULTS,NA,NA,NA,NA,NA,NA,NA,NA,NA,NA,NA,NA,NA,NA,NA,NA,NA,NA,NA,NA,NA,NA,NA,TARGET_GONE,identity no longer active
2026-10-02T16:06:16Z,APP_22001_3033686,22001,3033686,21,1618,201.198,0,0,-1,-1,0,0.999931471,NA,NA,70.000000000,MEASURED_CPU_FAULT,CPU;INTERVAL_FAULTS,NA,NA,NA,NA,NA,NA,NA,NA,NA,NA,NA,NA,NA,NA,NA,NA,NA,NA,NA,NA,NA,NA,NA,TARGET_GONE,identity no longer active
2026-10-02T16:06:16Z,APP_22001_3033686,22001,3033686,21,1619,199.146,0,0,-1,-1,0,0.999931471,NA,NA,70.000000000,MEASURED_CPU_FAULT,CPU;INTERVAL_FAULTS,NA,NA,NA,NA,NA,NA,NA,NA,NA,NA,NA,NA,NA,NA,NA,NA,NA,NA,NA,NA,NA,NA,NA,TARGET_GONE,identity no longer active
2026-10-02T16:06:16Z,APP_22001_3033686,22001,3033686,21,1620,192.192,0,0,-1,-1,0,0.999931471,NA,NA,70.000000000,MEASURED_CPU_FAULT,CPU;INTERVAL_FAULTS,NA,NA,NA,NA,NA,NA,NA,NA,NA,NA,NA,NA,NA,NA,NA,NA,NA,NA,NA,NA,NA,NA,NA,TARGET_GONE,identity no longer active
2026-10-02T16:06:16Z,APP_22001_3033686,22001,3033686,21,1621,201.802,0,0,-1,-1,0,0.999931471,NA,NA,70.000000000,MEASURED_CPU_FAULT,CPU;INTERVAL_FAULTS,NA,NA,NA,NA,NA,NA,NA,NA,NA,NA,NA,NA,NA,NA,NA,NA,NA,NA,NA,NA,NA,NA,NA,TARGET_GONE,identity no longer active
2026-10-02T16:06:16Z,APP_22001_3033686,22001,3033686,21,1622,197.574,0,0,-1,-1,0,0.999931471,NA,NA,70.000000000,MEASURED_CPU_FAULT,CPU;INTERVAL_FAULTS,NA,NA,NA,NA,NA,NA,NA,NA,NA,NA,NA,NA,NA,NA,NA,NA,NA,NA,NA,NA,NA,NA,NA,TARGET_GONE,identity no longer active
2026-10-02T16:06:16Z,APP_22001_3033686,22001,3033686,21,1623,201.499,0,0,-1,-1,0,0.999931471,NA,NA,70.000000000,MEASURED_CPU_FAULT,CPU;INTERVAL_FAULTS,NA,NA,NA,NA,NA,NA,NA,NA,NA,NA,NA,NA,NA,NA,NA,NA,NA,NA,NA,NA,NA,NA,NA,TARGET_GONE,identity no longer active
2026-10-02T16:06:17Z,APP_22001_3033686,22001,3033686,21,1624,202.985,0,0,-1,-1,0,0.999931471,NA,NA,70.000000000,MEASURED_CPU_FAULT,CPU;INTERVAL_FAULTS,NA,NA,NA,NA,NA,NA,NA,NA,NA,NA,NA,NA,NA,NA,NA,NA,NA,NA,NA,NA,NA,NA,NA,TARGET_GONE,identity no longer active
2026-10-02T16:06:17Z,APP_22001_3033686,22001,3033686,21,1625,191.617,0,0,-1,-1,0,0.999931471,NA,NA,70.000000000,MEASURED_CPU_FAULT,CPU;INTERVAL_FAULTS,NA,NA,NA,NA,NA,NA,NA,NA,NA,NA,NA,NA,NA,NA,NA,NA,NA,NA,NA,NA,NA,NA,NA,TARGET_GONE,identity no longer active
2026-10-02T16:06:17Z,APP_22001_3033686,22001,3033686,21,1626,202.607,0,0,-1,-1,0,0.999931471,NA,NA,70.000000000,MEASURED_CPU_FAULT,CPU;INTERVAL_FAULTS,NA,NA,NA,NA,NA,NA,NA,NA,NA,NA,NA,NA,NA,NA,NA,NA,NA,NA,NA,NA,NA,NA,NA,TARGET_GONE,identity no longer active
2026-10-02T16:06:17Z,APP_22001_3033686,22001,3033686,21,1627,200.104,0,0,-1,-1,0,0.999931471,NA,NA,70.000000000,MEASURED_CPU_FAULT,CPU;INTERVAL_FAULTS,NA,NA,NA,NA,NA,NA,NA,NA,NA,NA,NA,NA,NA,NA,NA,NA,NA,NA,NA,NA,NA,NA,NA,TARGET_GONE,identity no longer active
2026-10-02T16:06:17Z,APP_22001_3033686,22001,3033686,21,1628,191.617,0,0,-1,-1,0,0.999931471,NA,NA,70.000000000,MEASURED_CPU_FAULT,CPU;INTERVAL_FAULTS,NA,NA,NA,NA,NA,NA,NA,NA,NA,NA,NA,NA,NA,NA,NA,NA,NA,NA,NA,NA,NA,NA,NA,TARGET_GONE,identity no longer active
2026-10-02T16:06:17Z,APP_22001_3033686,22001,3033686,21,1629,201.499,0,0,-1,-1,0,0.999931471,NA,NA,70.000000000,MEASURED_CPU_FAULT,CPU;INTERVAL_FAULTS,NA,NA,NA,NA,NA,NA,NA,NA,NA,NA,NA,NA,NA,NA,NA,NA,NA,NA,NA,NA,NA,NA,NA,TARGET_GONE,identity no longer active
2026-10-02T16:06:18Z,APP_22001_3033686,22001,3033686,21,1630,203.732,0,0,-1,-1,0,0.999931471,NA,NA,70.000000000,MEASURED_CPU_FAULT,CPU;INTERVAL_FAULTS,NA,NA,NA,NA,NA,NA,NA,NA,NA,NA,NA,NA,NA,NA,NA,NA,NA,NA,NA,NA,NA,NA,NA,TARGET_GONE,identity no longer active
2026-10-02T16:06:18Z,APP_22001_3033686,22001,3033686,21,1631,201.499,0,0,-1,-1,0,0.999931471,NA,NA,70.000000000,MEASURED_CPU_FAULT,CPU;INTERVAL_FAULTS,NA,NA,NA,NA,NA,NA,NA,NA,NA,NA,NA,NA,NA,NA,NA,NA,NA,NA,NA,NA,NA,NA,NA,TARGET_GONE,identity no longer active
2026-10-02T16:06:18Z,APP_22001_3033686,22001,3033686,21,1632,196.648,0,0,-1,-1,0,0.999931471,NA,NA,70.000000000,MEASURED_CPU_FAULT,CPU;INTERVAL_FAULTS,NA,NA,NA,NA,NA,NA,NA,NA,NA,NA,NA,NA,NA,NA,NA,NA,NA,NA,NA,NA,NA,NA,NA,TARGET_GONE,identity no longer active
2026-10-02T16:06:18Z,APP_22001_3033686,22001,3033686,21,1633,201.198,0,0,-1,-1,0,0.999931471,NA,NA,70.000000000,MEASURED_CPU_FAULT,CPU;INTERVAL_FAULTS,NA,NA,NA,NA,NA,NA,NA,NA,NA,NA,NA,NA,NA,NA,NA,NA,NA,NA,NA,NA,NA,NA,NA,TARGET_GONE,identity no longer active
2026-10-02T16:06:18Z,APP_22001_3033686,22001,3033686,21,1634,202.796,0,0,-1,-1,0,0.999931471,NA,NA,70.000000000,MEASURED_CPU_FAULT,CPU;INTERVAL_FAULTS,NA,NA,NA,NA,NA,NA,NA,NA,NA,NA,NA,NA,NA,NA,NA,NA,NA,NA,NA,NA,NA,NA,NA,TARGET_GONE,identity no longer active
2026-10-02T16:06:18Z,APP_22001_3033686,22001,3033686,21,1635,199.344,0,0,-1,-1,0,0.999931471,NA,NA,70.000000000,MEASURED_CPU_FAULT,CPU;INTERVAL_FAULTS,NA,NA,NA,NA,NA,NA,NA,NA,NA,NA,NA,NA,NA,NA,NA,NA,NA,NA,NA,NA,NA,NA,NA,TARGET_GONE,identity no longer active
2026-10-02T16:06:18Z,APP_22001_3033686,22001,3033686,21,1636,191.617,0,0,-1,-1,0,0.999931471,NA,NA,70.000000000,MEASURED_CPU_FAULT,CPU;INTERVAL_FAULTS,NA,NA,NA,NA,NA,NA,NA,NA,NA,NA,NA,NA,NA,NA,NA,NA,NA,NA,NA,NA,NA,NA,NA,TARGET_GONE,identity no longer active
2026-10-02T16:06:19Z,APP_22001_3033686,22001,3033686,21,1637,211.094,0,0,-1,-1,0,0.999931471,NA,NA,70.000000000,MEASURED_CPU_FAULT,CPU;INTERVAL_FAULTS,NA,NA,NA,NA,NA,NA,NA,NA,NA,NA,NA,NA,NA,NA,NA,NA,NA,NA,NA,NA,NA,NA,NA,TARGET_GONE,identity no longer active
2026-10-02T16:06:19Z,APP_22001_3033686,22001,3033686,21,1638,197.792,0,0,-1,-1,0,0.999931471,NA,NA,70.000000000,MEASURED_CPU_FAULT,CPU;INTERVAL_FAULTS,NA,NA,NA,NA,NA,NA,NA,NA,NA,NA,NA,NA,NA,NA,NA,NA,NA,NA,NA,NA,NA,NA,NA,TARGET_GONE,identity no longer active
2026-10-02T16:06:19Z,APP_22001_3033686,22001,3033686,21,1639,191.617,0,0,-1,-1,0,0.999931471,NA,NA,70.000000000,MEASURED_CPU_FAULT,CPU;INTERVAL_FAULTS,NA,NA,NA,NA,NA,NA,NA,NA,NA,NA,NA,NA,NA,NA,NA,NA,NA,NA,NA,NA,NA,NA,NA,TARGET_GONE,identity no longer active
2026-10-02T16:06:19Z,APP_22001_3033686,22001,3033686,21,1640,202.796,0,0,-1,-1,0,0.999931471,NA,NA,70.000000000,MEASURED_CPU_FAULT,CPU;INTERVAL_FAULTS,NA,NA,NA,NA,NA,NA,NA,NA,NA,NA,NA,NA,NA,NA,NA,NA,NA,NA,NA,NA,NA,NA,NA,TARGET_GONE,identity no longer active
2026-10-02T16:06:19Z,APP_22001_3033686,22001,3033686,21,1641,201.198,0,0,-1,-1,0,0.999931471,NA,NA,70.000000000,MEASURED_CPU_FAULT,CPU;INTERVAL_FAULTS,NA,NA,NA,NA,NA,NA,NA,NA,NA,NA,NA,NA,NA,NA,NA,NA,NA,NA,NA,NA,NA,NA,NA,TARGET_GONE,identity no longer active
2026-10-02T16:06:19Z,APP_22001_3033686,22001,3033686,21,1642,197.413,0,0,-1,-1,0,0.999931471,NA,NA,70.000000000,MEASURED_CPU_FAULT,CPU;INTERVAL_FAULTS,NA,NA,NA,NA,NA,NA,NA,NA,NA,NA,NA,NA,NA,NA,NA,NA,NA,NA,NA,NA,NA,NA,NA,TARGET_GONE,identity no longer active
2026-10-02T16:06:19Z,APP_22001_3033686,22001,3033686,21,1643,201.499,0,0,-1,-1,0,0.999931471,NA,NA,70.000000000,MEASURED_CPU_FAULT,CPU;INTERVAL_FAULTS,NA,NA,NA,NA,NA,NA,NA,NA,NA,NA,NA,NA,NA,NA,NA,NA,NA,NA,NA,NA,NA,NA,NA,TARGET_GONE,identity no longer active
2026-10-02T16:06:19Z,APP_22001_3033686,22001,3033686,21,1644,199.495,0,0,-1,-1,0,0.999931471,NA,NA,70.000000000,MEASURED_CPU_FAULT,CPU;INTERVAL_FAULTS,NA,NA,NA,NA,NA,NA,NA,NA,NA,NA,NA,NA,NA,NA,NA,NA,NA,NA,NA,NA,NA,NA,NA,TARGET_GONE,identity no longer active
2026-10-02T16:06:20Z,APP_22001_3033686,22001,3033686,21,1645,210.778,0,0,-1,-1,0,0.999931471,NA,NA,70.000000000,MEASURED_CPU_FAULT,CPU;INTERVAL_FAULTS,NA,NA,NA,NA,NA,NA,NA,NA,NA,NA,NA,NA,NA,NA,NA,NA,NA,NA,NA,NA,NA,NA,NA,TARGET_GONE,identity no longer active
2026-10-02T16:06:20Z,APP_22001_3033686,22001,3033686,21,1646,202.105,0,0,-1,-1,0,0.999931471,NA,NA,70.000000000,MEASURED_CPU_FAULT,CPU;INTERVAL_FAULTS,NA,NA,NA,NA,NA,NA,NA,NA,NA,NA,NA,NA,NA,NA,NA,NA,NA,NA,NA,NA,NA,NA,NA,TARGET_GONE,identity no longer active
2026-10-02T16:06:20Z,APP_22001_3033686,22001,3033686,21,1647,191.045,0,0,-1,-1,0,0.999931471,NA,NA,70.000000000,MEASURED_CPU_FAULT,CPU;INTERVAL_FAULTS,NA,NA,NA,NA,NA,NA,NA,NA,NA,NA,NA,NA,NA,NA,NA,NA,NA,NA,NA,NA,NA,NA,NA,TARGET_GONE,identity no longer active
2026-10-02T16:06:20Z,APP_22001_3033686,22001,3033686,21,1648,201.802,0,0,-1,-1,0,0.999931471,NA,NA,70.000000000,MEASURED_CPU_FAULT,CPU;INTERVAL_FAULTS,NA,NA,NA,NA,NA,NA,NA,NA,NA,NA,NA,NA,NA,NA,NA,NA,NA,NA,NA,NA,NA,NA,NA,TARGET_GONE,identity no longer active
2026-10-02T16:06:20Z,APP_22001_3033686,22001,3033686,21,1649,200.810,0,0,-1,-1,0,0.999931471,NA,NA,70.000000000,MEASURED_CPU_FAULT,CPU;INTERVAL_FAULTS,NA,NA,NA,NA,NA,NA,NA,NA,NA,NA,NA,NA,NA,NA,NA,NA,NA,NA,NA,NA,NA,NA,NA,TARGET_GONE,identity no longer active
2026-10-02T16:06:20Z,APP_22001_3033686,22001,3033686,21,1650,201.499,0,0,-1,-1,0,0.999931471,NA,NA,70.000000000,MEASURED_CPU_FAULT,CPU;INTERVAL_FAULTS,NA,NA,NA,NA,NA,NA,NA,NA,NA,NA,NA,NA,NA,NA,NA,NA,NA,NA,NA,NA,NA,NA,NA,TARGET_GONE,identity no longer active
2026-10-02T16:06:20Z,APP_22001_3033686,22001,3033686,21,1651,201.972,0,0,-1,-1,0,0.999931471,NA,NA,70.000000000,MEASURED_CPU_FAULT,CPU;INTERVAL_FAULTS,NA,NA,NA,NA,NA,NA,NA,NA,NA,NA,NA,NA,NA,NA,NA,NA,NA,NA,NA,NA,NA,NA,NA,TARGET_GONE,identity no longer active
2026-10-02T16:06:20Z,APP_22001_3033686,22001,3033686,21,1652,202.105,0,0,-1,-1,0,0.999931471,NA,NA,70.000000000,MEASURED_CPU_FAULT,CPU;INTERVAL_FAULTS,NA,NA,NA,NA,NA,NA,NA,NA,NA,NA,NA,NA,NA,NA,NA,NA,NA,NA,NA,NA,NA,NA,NA,TARGET_GONE,identity no longer active
2026-10-02T16:06:21Z,APP_22001_3033686,22001,3033686,21,1653,200.272,0,0,-1,-1,0,0.999931471,NA,NA,70.000000000,MEASURED_CPU_FAULT,CPU;INTERVAL_FAULTS,NA,NA,NA,NA,NA,NA,NA,NA,NA,NA,NA,NA,NA,NA,NA,NA,NA,NA,NA,NA,NA,NA,NA,TARGET_GONE,identity no longer active
2026-10-02T16:06:21Z,APP_22001_3033686,22001,3033686,21,1654,192.192,0,0,-1,-1,0,0.999931471,NA,NA,70.000000000,MEASURED_CPU_FAULT,CPU;INTERVAL_FAULTS,NA,NA,NA,NA,NA,NA,NA,NA,NA,NA,NA,NA,NA,NA,NA,NA,NA,NA,NA,NA,NA,NA,NA,TARGET_GONE,identity no longer active
2026-10-02T16:06:21Z,APP_22001_3033686,22001,3033686,21,1655,201.198,0,0,-1,-1,0,0.999931471,NA,NA,70.000000000,MEASURED_CPU_FAULT,CPU;INTERVAL_FAULTS,NA,NA,NA,NA,NA,NA,NA,NA,NA,NA,NA,NA,NA,NA,NA,NA,NA,NA,NA,NA,NA,NA,NA,TARGET_GONE,identity no longer active
2026-10-02T16:06:21Z,APP_22001_3033686,22001,3033686,21,1656,195.122,0,0,-1,-1,0,0.999931471,NA,NA,70.000000000,MEASURED_CPU_FAULT,CPU;INTERVAL_FAULTS,NA,NA,NA,NA,NA,NA,NA,NA,NA,NA,NA,NA,NA,NA,NA,NA,NA,NA,NA,NA,NA,NA,NA,TARGET_GONE,identity no longer active
2026-10-02T16:06:21Z,APP_22001_3033686,22001,3033686,21,1657,201.198,0,0,-1,-1,0,0.999931471,NA,NA,70.000000000,MEASURED_CPU_FAULT,CPU;INTERVAL_FAULTS,NA,NA,NA,NA,NA,NA,NA,NA,NA,NA,NA,NA,NA,NA,NA,NA,NA,NA,NA,NA,NA,NA,NA,TARGET_GONE,identity no longer active
2026-10-02T16:06:21Z,APP_22001_3033686,22001,3033686,21,1658,208.185,0,0,-1,-1,0,0.999931471,NA,NA,70.000000000,MEASURED_CPU_FAULT,CPU;INTERVAL_FAULTS,NA,NA,NA,NA,NA,NA,NA,NA,NA,NA,NA,NA,NA,NA,NA,NA,NA,NA,NA,NA,NA,NA,NA,TARGET_GONE,identity no longer active
2026-10-02T16:06:21Z,APP_22001_3033686,22001,3033686,21,1659,192.192,0,0,-1,-1,0,0.999931471,NA,NA,70.000000000,MEASURED_CPU_FAULT,CPU;INTERVAL_FAULTS,NA,NA,NA,NA,NA,NA,NA,NA,NA,NA,NA,NA,NA,NA,NA,NA,NA,NA,NA,NA,NA,NA,NA,TARGET_GONE,identity no longer active
2026-10-02T16:06:21Z,APP_22001_3033686,22001,3033686,21,1660,201.681,0,0,-1,-1,0,0.999931471,NA,NA,70.000000000,MEASURED_CPU_FAULT,CPU;INTERVAL_FAULTS,NA,NA,NA,NA,NA,NA,NA,NA,NA,NA,NA,NA,NA,NA,NA,NA,NA,NA,NA,NA,NA,NA,NA,TARGET_GONE,identity no longer active
2026-10-02T16:06:22Z,APP_22001_3033686,22001,3033686,21,1661,201.499,0,0,-1,-1,0,0.999931471,NA,NA,70.000000000,MEASURED_CPU_FAULT,CPU;INTERVAL_FAULTS,NA,NA,NA,NA,NA,NA,NA,NA,NA,NA,NA,NA,NA,NA,NA,NA,NA,NA,NA,NA,NA,NA,NA,TARGET_GONE,identity no longer active
2026-10-02T16:06:22Z,APP_22001_3033686,22001,3033686,21,1662,195.785,0,0,-1,-1,0,0.999931471,NA,NA,70.000000000,MEASURED_CPU_FAULT,CPU;INTERVAL_FAULTS,NA,NA,NA,NA,NA,NA,NA,NA,NA,NA,NA,NA,NA,NA,NA,NA,NA,NA,NA,NA,NA,NA,NA,TARGET_GONE,identity no longer active
2026-10-02T16:06:22Z,APP_22001_3033686,22001,3033686,21,1663,210.149,0,0,-1,-1,0,0.999931471,NA,NA,70.000000000,MEASURED_CPU_FAULT,CPU;INTERVAL_FAULTS,NA,NA,NA,NA,NA,NA,NA,NA,NA,NA,NA,NA,NA,NA,NA,NA,NA,NA,NA,NA,NA,NA,NA,TARGET_GONE,identity no longer active
2026-10-02T16:06:22Z,APP_22001_3033686,22001,3033686,21,1664,202.105,0,0,-1,-1,0,0.999931471,NA,NA,70.000000000,MEASURED_CPU_FAULT,CPU;INTERVAL_FAULTS,NA,NA,NA,NA,NA,NA,NA,NA,NA,NA,NA,NA,NA,NA,NA,NA,NA,NA,NA,NA,NA,NA,NA,TARGET_GONE,identity no longer active
2026-10-02T16:06:22Z,APP_22001_3033686,22001,3033686,21,1665,194.647,0,0,-1,-1,0,0.999931471,NA,NA,70.000000000,MEASURED_CPU_FAULT,CPU;INTERVAL_FAULTS,NA,NA,NA,NA,NA,NA,NA,NA,NA,NA,NA,NA,NA,NA,NA,NA,NA,NA,NA,NA,NA,NA,NA,TARGET_GONE,identity no longer active
2026-10-02T16:06:22Z,APP_22001_3033686,22001,3033686,21,1666,211.094,0,0,-1,-1,0,0.999931471,NA,NA,70.000000000,MEASURED_CPU_FAULT,CPU;INTERVAL_FAULTS,NA,NA,NA,NA,NA,NA,NA,NA,NA,NA,NA,NA,NA,NA,NA,NA,NA,NA,NA,NA,NA,NA,NA,TARGET_GONE,identity no longer active
2026-10-02T16:06:22Z,APP_22001_3033686,22001,3033686,21,1667,191.538,0,0,-1,-1,0,0.999931471,NA,NA,70.000000000,MEASURED_CPU_FAULT,CPU;INTERVAL_FAULTS,NA,NA,NA,NA,NA,NA,NA,NA,NA,NA,NA,NA,NA,NA,NA,NA,NA,NA,NA,NA,NA,NA,NA,TARGET_GONE,identity no longer active
2026-10-02T16:06:22Z,APP_22001_3033686,22001,3033686,21,1668,201.802,0,0,-1,-1,0,0.999931471,NA,NA,70.000000000,MEASURED_CPU_FAULT,CPU;INTERVAL_FAULTS,NA,NA,NA,NA,NA,NA,NA,NA,NA,NA,NA,NA,NA,NA,NA,NA,NA,NA,NA,NA,NA,NA,NA,TARGET_GONE,identity no longer active
2026-10-02T16:06:23Z,APP_22001_3033686,22001,3033686,21,1669,200.607,0,0,-1,-1,0,0.999931471,NA,NA,70.000000000,MEASURED_CPU_FAULT,CPU;INTERVAL_FAULTS,NA,NA,NA,NA,NA,NA,NA,NA,NA,NA,NA,NA,NA,NA,NA,NA,NA,NA,NA,NA,NA,NA,NA,TARGET_GONE,identity no longer active
2026-10-02T16:06:23Z,APP_22001_3033686,22001,3033686,21,1670,201.499,0,0,-1,-1,0,0.999931471,NA,NA,70.000000000,MEASURED_CPU_FAULT,CPU;INTERVAL_FAULTS,NA,NA,NA,NA,NA,NA,NA,NA,NA,NA,NA,NA,NA,NA,NA,NA,NA,NA,NA,NA,NA,NA,NA,TARGET_GONE,identity no longer active
2026-10-02T16:06:23Z,APP_22001_3033686,22001,3033686,21,1671,201.093,0,0,-1,-1,0,0.999931471,NA,NA,70.000000000,MEASURED_CPU_FAULT,CPU;INTERVAL_FAULTS,NA,NA,NA,NA,NA,NA,NA,NA,NA,NA,NA,NA,NA,NA,NA,NA,NA,NA,NA,NA,NA,NA,NA,TARGET_GONE,identity no longer active
2026-10-02T16:06:23Z,APP_22001_3033686,22001,3033686,21,1672,191.617,0,0,-1,-1,0,0.999931471,NA,NA,70.000000000,MEASURED_CPU_FAULT,CPU;INTERVAL_FAULTS,NA,NA,NA,NA,NA,NA,NA,NA,NA,NA,NA,NA,NA,NA,NA,NA,NA,NA,NA,NA,NA,NA,NA,TARGET_GONE,identity no longer active
2026-10-02T16:06:23Z,APP_22001_3033686,22001,3033686,21,1673,201.499,0,0,-1,-1,0,0.999931471,NA,NA,70.000000000,MEASURED_CPU_FAULT,CPU;INTERVAL_FAULTS,NA,NA,NA,NA,NA,NA,NA,NA,NA,NA,NA,NA,NA,NA,NA,NA,NA,NA,NA,NA,NA,NA,NA,TARGET_GONE,identity no longer active
2026-10-02T16:06:23Z,APP_22001_3033686,22001,3033686,21,1674,204.180,0,0,-1,-1,0,0.999931471,NA,NA,70.000000000,MEASURED_CPU_FAULT,CPU;INTERVAL_FAULTS,NA,NA,NA,NA,NA,NA,NA,NA,NA,NA,NA,NA,NA,NA,NA,NA,NA,NA,NA,NA,NA,NA,NA,TARGET_GONE,identity no longer active
2026-10-02T16:06:23Z,APP_22001_3033686,22001,3033686,21,1675,201.499,0,0,-1,-1,0,0.999931471,NA,NA,70.000000000,MEASURED_CPU_FAULT,CPU;INTERVAL_FAULTS,NA,NA,NA,NA,NA,NA,NA,NA,NA,NA,NA,NA,NA,NA,NA,NA,NA,NA,NA,NA,NA,NA,NA,TARGET_GONE,identity no longer active
2026-10-02T16:06:23Z,APP_22001_3033686,22001,3033686,21,1676,196.283,0,0,-1,-1,0,0.999931471,NA,NA,70.000000000,MEASURED_CPU_FAULT,CPU;INTERVAL_FAULTS,NA,NA,NA,NA,NA,NA,NA,NA,NA,NA,NA,NA,NA,NA,NA,NA,NA,NA,NA,NA,NA,NA,NA,TARGET_GONE,identity no longer active
2026-10-02T16:06:24Z,APP_22001_3033686,22001,3033686,21,1677,201.198,0,0,-1,-1,0,0.999931471,NA,NA,70.000000000,MEASURED_CPU_FAULT,CPU;INTERVAL_FAULTS,NA,NA,NA,NA,NA,NA,NA,NA,NA,NA,NA,NA,NA,NA,NA,NA,NA,NA,NA,NA,NA,NA,NA,TARGET_GONE,identity no longer active
2026-10-02T16:06:24Z,APP_22001_3033686,22001,3033686,21,1678,201.421,0,0,-1,-1,0,0.999931471,NA,NA,70.000000000,MEASURED_CPU_FAULT,CPU;INTERVAL_FAULTS,NA,NA,NA,NA,NA,NA,NA,NA,NA,NA,NA,NA,NA,NA,NA,NA,NA,NA,NA,NA,NA,NA,NA,TARGET_GONE,identity no longer active
2026-10-02T16:06:24Z,APP_22001_3033686,22001,3033686,21,1679,201.802,0,0,-1,-1,0,0.999931471,NA,NA,70.000000000,MEASURED_CPU_FAULT,CPU;INTERVAL_FAULTS,NA,NA,NA,NA,NA,NA,NA,NA,NA,NA,NA,NA,NA,NA,NA,NA,NA,NA,NA,NA,NA,NA,NA,TARGET_GONE,identity no longer active
2026-10-02T16:06:24Z,APP_22001_3033686,22001,3033686,21,1680,201.381,0,0,-1,-1,0,0.999931471,NA,NA,70.000000000,MEASURED_CPU_FAULT,CPU;INTERVAL_FAULTS,NA,NA,NA,NA,NA,NA,NA,NA,NA,NA,NA,NA,NA,NA,NA,NA,NA,NA,NA,NA,NA,NA,NA,TARGET_GONE,identity no longer active
2026-10-02T16:06:24Z,APP_22001_3033686,22001,3033686,21,1681,191.617,0,0,-1,-1,0,0.999931471,NA,NA,70.000000000,MEASURED_CPU_FAULT,CPU;INTERVAL_FAULTS,NA,NA,NA,NA,NA,NA,NA,NA,NA,NA,NA,NA,NA,NA,NA,NA,NA,NA,NA,NA,NA,NA,NA,TARGET_GONE,identity no longer active
2026-10-02T16:06:24Z,APP_22001_3033686,22001,3033686,21,1682,202.105,0,0,-1,-1,0,0.999931471,NA,NA,70.000000000,MEASURED_CPU_FAULT,CPU;INTERVAL_FAULTS,NA,NA,NA,NA,NA,NA,NA,NA,NA,NA,NA,NA,NA,NA,NA,NA,NA,NA,NA,NA,NA,NA,NA,TARGET_GONE,identity no longer active
2026-10-02T16:06:24Z,APP_22001_3033686,22001,3033686,21,1683,204.878,0,0,-1,-1,0,0.999931471,NA,NA,70.000000000,MEASURED_CPU_FAULT,CPU;INTERVAL_FAULTS,NA,NA,NA,NA,NA,NA,NA,NA,NA,NA,NA,NA,NA,NA,NA,NA,NA,NA,NA,NA,NA,NA,NA,TARGET_GONE,identity no longer active
2026-10-02T16:06:24Z,APP_22001_3033686,22001,3033686,21,1684,192.192,0,0,-1,-1,0,0.999931471,NA,NA,70.000000000,MEASURED_CPU_FAULT,CPU;INTERVAL_FAULTS,NA,NA,NA,NA,NA,NA,NA,NA,NA,NA,NA,NA,NA,NA,NA,NA,NA,NA,NA,NA,NA,NA,NA,TARGET_GONE,identity no longer active
2026-10-02T16:06:25Z,APP_22001_3033686,22001,3033686,21,1685,201.217,0,0,-1,-1,0,0.999931471,NA,NA,70.000000000,MEASURED_CPU_FAULT,CPU;INTERVAL_FAULTS,NA,NA,NA,NA,NA,NA,NA,NA,NA,NA,NA,NA,NA,NA,NA,NA,NA,NA,NA,NA,NA,NA,NA,TARGET_GONE,identity no longer active
2026-10-02T16:06:25Z,APP_22001_3033686,22001,3033686,21,1686,201.499,0,0,-1,-1,0,0.999931471,NA,NA,70.000000000,MEASURED_CPU_FAULT,CPU;INTERVAL_FAULTS,NA,NA,NA,NA,NA,NA,NA,NA,NA,NA,NA,NA,NA,NA,NA,NA,NA,NA,NA,NA,NA,NA,NA,TARGET_GONE,identity no longer active
2026-10-02T16:06:25Z,APP_22001_3033686,22001,3033686,21,1687,200.810,0,0,-1,-1,0,0.999931471,NA,NA,70.000000000,MEASURED_CPU_FAULT,CPU;INTERVAL_FAULTS,NA,NA,NA,NA,NA,NA,NA,NA,NA,NA,NA,NA,NA,NA,NA,NA,NA,NA,NA,NA,NA,NA,NA,TARGET_GONE,identity no longer active
2026-10-02T16:06:25Z,APP_22001_3033686,22001,3033686,21,1688,201.499,0,0,-1,-1,0,0.999931471,NA,NA,70.000000000,MEASURED_CPU_FAULT,CPU;INTERVAL_FAULTS,NA,NA,NA,NA,NA,NA,NA,NA,NA,NA,NA,NA,NA,NA,NA,NA,NA,NA,NA,NA,NA,NA,NA,TARGET_GONE,identity no longer active
2026-10-02T16:06:25Z,APP_22001_3033686,22001,3033686,21,1689,197.938,0,0,-1,-1,0,0.999931471,NA,NA,70.000000000,MEASURED_CPU_FAULT,CPU;INTERVAL_FAULTS,NA,NA,NA,NA,NA,NA,NA,NA,NA,NA,NA,NA,NA,NA,NA,NA,NA,NA,NA,NA,NA,NA,NA,TARGET_GONE,identity no longer active
2026-10-02T16:06:25Z,APP_22001_3033686,22001,3033686,21,1690,205.210,0,0,-1,-1,0,0.999931471,NA,NA,70.000000000,MEASURED_CPU_FAULT,CPU;INTERVAL_FAULTS,NA,NA,NA,NA,NA,NA,NA,NA,NA,NA,NA,NA,NA,NA,NA,NA,NA,NA,NA,NA,NA,NA,NA,TARGET_GONE,identity no longer active
2026-10-02T16:06:25Z,APP_22001_3033686,22001,3033686,21,1691,191.617,0,0,-1,-1,0,0.999931471,NA,NA,70.000000000,MEASURED_CPU_FAULT,CPU;INTERVAL_FAULTS,NA,NA,NA,NA,NA,NA,NA,NA,NA,NA,NA,NA,NA,NA,NA,NA,NA,NA,NA,NA,NA,NA,NA,TARGET_GONE,identity no longer active
2026-10-02T16:06:25Z,APP_22001_3033686,22001,3033686,21,1692,205.505,0,0,-1,-1,0,0.999931471,NA,NA,70.000000000,MEASURED_CPU_FAULT,CPU;INTERVAL_FAULTS,NA,NA,NA,NA,NA,NA,NA,NA,NA,NA,NA,NA,NA,NA,NA,NA,NA,NA,NA,NA,NA,NA,NA,TARGET_GONE,identity no longer active
2026-10-02T16:06:26Z,APP_22001_3033686,22001,3033686,21,1693,201.198,0,0,-1,-1,0,0.999931471,NA,NA,70.000000000,MEASURED_CPU_FAULT,CPU;INTERVAL_FAULTS,NA,NA,NA,NA,NA,NA,NA,NA,NA,NA,NA,NA,NA,NA,NA,NA,NA,NA,NA,NA,NA,NA,NA,TARGET_GONE,identity no longer active
2026-10-02T16:06:26Z,APP_22001_3033686,22001,3033686,21,1694,201.013,0,0,-1,-1,0,0.999931471,NA,NA,70.000000000,MEASURED_CPU_FAULT,CPU;INTERVAL_FAULTS,NA,NA,NA,NA,NA,NA,NA,NA,NA,NA,NA,NA,NA,NA,NA,NA,NA,NA,NA,NA,NA,NA,NA,TARGET_GONE,identity no longer active
2026-10-02T16:06:26Z,APP_22001_3033686,22001,3033686,21,1695,201.802,0,0,-1,-1,0,0.999931471,NA,NA,70.000000000,MEASURED_CPU_FAULT,CPU;INTERVAL_FAULTS,NA,NA,NA,NA,NA,NA,NA,NA,NA,NA,NA,NA,NA,NA,NA,NA,NA,NA,NA,NA,NA,NA,NA,TARGET_GONE,identity no longer active
2026-10-02T16:06:26Z,APP_22001_3033686,22001,3033686,21,1696,194.529,0,0,-1,-1,0,0.999931471,NA,NA,70.000000000,MEASURED_CPU_FAULT,CPU;INTERVAL_FAULTS,NA,NA,NA,NA,NA,NA,NA,NA,NA,NA,NA,NA,NA,NA,NA,NA,NA,NA,NA,NA,NA,NA,NA,TARGET_GONE,identity no longer active
2026-10-02T16:06:26Z,APP_22001_3033686,22001,3033686,21,1697,201.198,0,0,-1,-1,0,0.999931471,NA,NA,70.000000000,MEASURED_CPU_FAULT,CPU;INTERVAL_FAULTS,NA,NA,NA,NA,NA,NA,NA,NA,NA,NA,NA,NA,NA,NA,NA,NA,NA,NA,NA,NA,NA,NA,NA,TARGET_GONE,identity no longer active
2026-10-02T16:06:26Z,APP_22001_3033686,22001,3033686,21,1698,203.873,0,0,-1,-1,0,0.999931471,NA,NA,70.000000000,MEASURED_CPU_FAULT,CPU;INTERVAL_FAULTS,NA,NA,NA,NA,NA,NA,NA,NA,NA,NA,NA,NA,NA,NA,NA,NA,NA,NA,NA,NA,NA,NA,NA,TARGET_GONE,identity no longer active
2026-10-02T16:06:26Z,APP_22001_3033686,22001,3033686,21,1699,191.045,0,0,-1,-1,0,0.999931471,NA,NA,70.000000000,MEASURED_CPU_FAULT,CPU;INTERVAL_FAULTS,NA,NA,NA,NA,NA,NA,NA,NA,NA,NA,NA,NA,NA,NA,NA,NA,NA,NA,NA,NA,NA,NA,NA,TARGET_GONE,identity no longer active
2026-10-02T16:06:26Z,APP_22001_3033686,22001,3033686,21,1700,201.802,0,0,-1,-1,0,0.999931471,NA,NA,70.000000000,MEASURED_CPU_FAULT,CPU;INTERVAL_FAULTS,NA,NA,NA,NA,NA,NA,NA,NA,NA,NA,NA,NA,NA,NA,NA,NA,NA,NA,NA,NA,NA,NA,NA,TARGET_GONE,identity no longer active
2026-10-02T16:06:27Z,APP_22001_3033686,22001,3033686,21,1701,199.253,0,0,-1,-1,0,0.999931471,NA,NA,70.000000000,MEASURED_CPU_FAULT,CPU;INTERVAL_FAULTS,NA,NA,NA,NA,NA,NA,NA,NA,NA,NA,NA,NA,NA,NA,NA,NA,NA,NA,NA,NA,NA,NA,NA,TARGET_GONE,identity no longer active
2026-10-02T16:06:27Z,APP_22001_3033686,22001,3033686,21,1702,192.192,0,0,-1,-1,0,0.999931471,NA,NA,70.000000000,MEASURED_CPU_FAULT,CPU;INTERVAL_FAULTS,NA,NA,NA,NA,NA,NA,NA,NA,NA,NA,NA,NA,NA,NA,NA,NA,NA,NA,NA,NA,NA,NA,NA,TARGET_GONE,identity no longer active
2026-10-02T16:06:27Z,APP_22001_3033686,22001,3033686,21,1703,204.536,0,0,-1,-1,0,0.999931471,NA,NA,70.000000000,MEASURED_CPU_FAULT,CPU;INTERVAL_FAULTS,NA,NA,NA,NA,NA,NA,NA,NA,NA,NA,NA,NA,NA,NA,NA,NA,NA,NA,NA,NA,NA,NA,NA,TARGET_GONE,identity no longer active
2026-10-02T16:06:27Z,APP_22001_3033686,22001,3033686,21,1704,201.499,0,0,-1,-1,0,0.999931471,NA,NA,70.000000000,MEASURED_CPU_FAULT,CPU;INTERVAL_FAULTS,NA,NA,NA,NA,NA,NA,NA,NA,NA,NA,NA,NA,NA,NA,NA,NA,NA,NA,NA,NA,NA,NA,NA,TARGET_GONE,identity no longer active
2026-10-02T16:06:27Z,APP_22001_3033686,22001,3033686,21,1705,196.831,0,0,-1,-1,0,0.999931471,NA,NA,70.000000000,MEASURED_CPU_FAULT,CPU;INTERVAL_FAULTS,NA,NA,NA,NA,NA,NA,NA,NA,NA,NA,NA,NA,NA,NA,NA,NA,NA,NA,NA,NA,NA,NA,NA,TARGET_GONE,identity no longer active
2026-10-02T16:06:27Z,APP_22001_3033686,22001,3033686,21,1706,201.802,0,0,-1,-1,0,0.999931471,NA,NA,70.000000000,MEASURED_CPU_FAULT,CPU;INTERVAL_FAULTS,NA,NA,NA,NA,NA,NA,NA,NA,NA,NA,NA,NA,NA,NA,NA,NA,NA,NA,NA,NA,NA,NA,NA,TARGET_GONE,identity no longer active
2026-10-02T16:06:04Z,APP_22001_3033686,22001,3033686,22,1707,0.000,0,0,-1,-1,0,0.999931471,1,true,0.000000000,MEASURED_CPU_FAULT,CPU;INTERVAL_FAULTS,HOT,669.474315258,0.560000000,0.700000000,NA,NA,NA,NA,0.560000000,0.000000000,0.700000000,0.000000000,-1.000000000,1.232000000,NA,MOVE_THREAD,INVALID,NOT_APPLICABLE,INVALID,MOVE_THREAD,-1,-1,false,TARGET_GONE,identity no longer active
2026-10-02T16:06:04Z,APP_22001_3033686,22001,3033686,22,1708,0.000,0,0,-1,-1,0,0.999931471,NA,NA,0.000000000,MEASURED_CPU_FAULT,CPU;INTERVAL_FAULTS,NA,NA,NA,NA,NA,NA,NA,NA,NA,NA,NA,NA,NA,NA,NA,NA,NA,NA,NA,NA,NA,NA,NA,TARGET_GONE,identity no longer active
2026-10-02T16:06:04Z,APP_22001_3033686,22001,3033686,22,1709,0.000,0,0,-1,-1,0,0.999931471,NA,NA,0.000000000,MEASURED_CPU_FAULT,CPU;INTERVAL_FAULTS,NA,NA,NA,NA,NA,NA,NA,NA,NA,NA,NA,NA,NA,NA,NA,NA,NA,NA,NA,NA,NA,NA,NA,TARGET_GONE,identity no longer active
2026-10-02T16:06:04Z,APP_22001_3033686,22001,3033686,22,1710,0.000,0,0,-1,-1,0,0.999931471,NA,NA,0.000000000,MEASURED_CPU_FAULT,CPU;INTERVAL_FAULTS,NA,NA,NA,NA,NA,NA,NA,NA,NA,NA,NA,NA,NA,NA,NA,NA,NA,NA,NA,NA,NA,NA,NA,TARGET_GONE,identity no longer active
2026-10-02T16:06:04Z,APP_22001_3033686,22001,3033686,22,1711,0.000,0,0,-1,-1,0,0.999931471,NA,NA,0.000000000,MEASURED_CPU_FAULT,CPU;INTERVAL_FAULTS,NA,NA,NA,NA,NA,NA,NA,NA,NA,NA,NA,NA,NA,NA,NA,NA,NA,NA,NA,NA,NA,NA,NA,TARGET_GONE,identity no longer active
2026-10-02T16:06:04Z,APP_22001_3033686,22001,3033686,22,1712,0.000,0,0,-1,-1,0,0.999931471,NA,NA,0.000000000,MEASURED_CPU_FAULT,CPU;INTERVAL_FAULTS,NA,NA,NA,NA,NA,NA,NA,NA,NA,NA,NA,NA,NA,NA,NA,NA,NA,NA,NA,NA,NA,NA,NA,TARGET_GONE,identity no longer active
2026-10-02T16:06:05Z,APP_22001_3033686,22001,3033686,22,1713,0.000,0,0,-1,-1,0,0.999931471,NA,NA,0.000000000,MEASURED_CPU_FAULT,CPU;INTERVAL_FAULTS,NA,NA,NA,NA,NA,NA,NA,NA,NA,NA,NA,NA,NA,NA,NA,NA,NA,NA,NA,NA,NA,NA,NA,TARGET_GONE,identity no longer active
2026-10-02T16:06:05Z,APP_22001_3033686,22001,3033686,22,1714,0.000,0,0,-1,-1,0,0.999931471,NA,NA,0.000000000,MEASURED_CPU_FAULT,CPU;INTERVAL_FAULTS,NA,NA,NA,NA,NA,NA,NA,NA,NA,NA,NA,NA,NA,NA,NA,NA,NA,NA,NA,NA,NA,NA,NA,TARGET_GONE,identity no longer active
2026-10-02T16:06:05Z,APP_22001_3033686,22001,3033686,22,1715,0.000,0,0,-1,-1,0,0.999931471,NA,NA,0.000000000,MEASURED_CPU_FAULT,CPU;INTERVAL_FAULTS,NA,NA,NA,NA,NA,NA,NA,NA,NA,NA,NA,NA,NA,NA,NA,NA,NA,NA,NA,NA,NA,NA,NA,TARGET_GONE,identity no longer active
2026-10-02T16:06:05Z,APP_22001_3033686,22001,3033686,22,1716,16.203,0,0,-1,-1,0,0.999931471,NA,NA,11.342100000,MEASURED_CPU_FAULT,CPU;INTERVAL_FAULTS,NA,NA,NA,NA,NA,NA,NA,NA,NA,NA,NA,NA,NA,NA,NA,NA,NA,NA,NA,NA,NA,NA,NA,TARGET_GONE,identity no longer active
2026-10-02T16:06:05Z,APP_22001_3033686,22001,3033686,22,1717,192.385,0,0,-1,-1,0,0.999931471,NA,NA,70.000000000,MEASURED_CPU_FAULT,CPU;INTERVAL_FAULTS,NA,NA,NA,NA,NA,NA,NA,NA,NA,NA,NA,NA,NA,NA,NA,NA,NA,NA,NA,NA,NA,NA,NA,TARGET_GONE,identity no longer active
2026-10-02T16:06:05Z,APP_22001_3033686,22001,3033686,22,1718,210.778,0,0,-1,-1,0,0.999931471,NA,NA,70.000000000,MEASURED_CPU_FAULT,CPU;INTERVAL_FAULTS,NA,NA,NA,NA,NA,NA,NA,NA,NA,NA,NA,NA,NA,NA,NA,NA,NA,NA,NA,NA,NA,NA,NA,TARGET_GONE,identity no longer active
2026-10-02T16:06:05Z,APP_22001_3033686,22001,3033686,22,1719,202.009,0,0,-1,-1,0,0.999931471,NA,NA,70.000000000,MEASURED_CPU_FAULT,CPU;INTERVAL_FAULTS,NA,NA,NA,NA,NA,NA,NA,NA,NA,NA,NA,NA,NA,NA,NA,NA,NA,NA,NA,NA,NA,NA,NA,TARGET_GONE,identity no longer active
2026-10-02T16:06:05Z,APP_22001_3033686,22001,3033686,22,1720,191.904,0,0,-1,-1,0,0.999931471,NA,NA,70.000000000,MEASURED_CPU_FAULT,CPU;INTERVAL_FAULTS,NA,NA,NA,NA,NA,NA,NA,NA,NA,NA,NA,NA,NA,NA,NA,NA,NA,NA,NA,NA,NA,NA,NA,TARGET_GONE,identity no longer active
2026-10-02T16:06:06Z,APP_22001_3033686,22001,3033686,22,1721,206.928,0,0,-1,-1,0,0.999931471,NA,NA,70.000000000,MEASURED_CPU_FAULT,CPU;INTERVAL_FAULTS,NA,NA,NA,NA,NA,NA,NA,NA,NA,NA,NA,NA,NA,NA,NA,NA,NA,NA,NA,NA,NA,NA,NA,TARGET_GONE,identity no longer active
2026-10-02T16:06:06Z,APP_22001_3033686,22001,3033686,22,1722,192.385,0,0,-1,-1,0,0.999931471,NA,NA,70.000000000,MEASURED_CPU_FAULT,CPU;INTERVAL_FAULTS,NA,NA,NA,NA,NA,NA,NA,NA,NA,NA,NA,NA,NA,NA,NA,NA,NA,NA,NA,NA,NA,NA,NA,TARGET_GONE,identity no longer active
2026-10-02T16:06:06Z,APP_22001_3033686,22001,3033686,22,1723,201.198,0,0,-1,-1,0,0.999931471,NA,NA,70.000000000,MEASURED_CPU_FAULT,CPU;INTERVAL_FAULTS,NA,NA,NA,NA,NA,NA,NA,NA,NA,NA,NA,NA,NA,NA,NA,NA,NA,NA,NA,NA,NA,NA,NA,TARGET_GONE,identity no longer active
2026-10-02T16:06:06Z,APP_22001_3033686,22001,3033686,22,1724,201.431,0,0,-1,-1,0,0.999931471,NA,NA,70.000000000,MEASURED_CPU_FAULT,CPU;INTERVAL_FAULTS,NA,NA,NA,NA,NA,NA,NA,NA,NA,NA,NA,NA,NA,NA,NA,NA,NA,NA,NA,NA,NA,NA,NA,TARGET_GONE,identity no longer active
2026-10-02T16:06:06Z,APP_22001_3033686,22001,3033686,22,1725,201.802,0,0,-1,-1,0,0.999931471,NA,NA,70.000000000,MEASURED_CPU_FAULT,CPU;INTERVAL_FAULTS,NA,NA,NA,NA,NA,NA,NA,NA,NA,NA,NA,NA,NA,NA,NA,NA,NA,NA,NA,NA,NA,NA,NA,TARGET_GONE,identity no longer active
2026-10-02T16:06:06Z,APP_22001_3033686,22001,3033686,22,1726,196.047,0,0,-1,-1,0,0.999931471,NA,NA,70.000000000,MEASURED_CPU_FAULT,CPU;INTERVAL_FAULTS,NA,NA,NA,NA,NA,NA,NA,NA,NA,NA,NA,NA,NA,NA,NA,NA,NA,NA,NA,NA,NA,NA,NA,TARGET_GONE,identity no longer active
2026-10-02T16:06:06Z,APP_22001_3033686,22001,3033686,22,1727,204.391,0,0,-1,-1,0,0.999931471,NA,NA,70.000000000,MEASURED_CPU_FAULT,CPU;INTERVAL_FAULTS,NA,NA,NA,NA,NA,NA,NA,NA,NA,NA,NA,NA,NA,NA,NA,NA,NA,NA,NA,NA,NA,NA,NA,TARGET_GONE,identity no longer active
2026-10-02T16:06:06Z,APP_22001_3033686,22001,3033686,22,1728,201.802,0,0,-1,-1,0,0.999931471,NA,NA,70.000000000,MEASURED_CPU_FAULT,CPU;INTERVAL_FAULTS,NA,NA,NA,NA,NA,NA,NA,NA,NA,NA,NA,NA,NA,NA,NA,NA,NA,NA,NA,NA,NA,NA,NA,TARGET_GONE,identity no longer active
2026-10-02T16:06:06Z,APP_22001_3033686,22001,3033686,22,1729,194.195,0,0,-1,-1,0,0.999931471,NA,NA,70.000000000,MEASURED_CPU_FAULT,CPU;INTERVAL_FAULTS,NA,NA,NA,NA,NA,NA,NA,NA,NA,NA,NA,NA,NA,NA,NA,NA,NA,NA,NA,NA,NA,NA,NA,TARGET_GONE,identity no longer active
2026-10-02T16:06:06Z,APP_22001_3033686,22001,3033686,22,1730,210.778,0,0,-1,-1,0,0.999931471,NA,NA,70.000000000,MEASURED_CPU_FAULT,CPU;INTERVAL_FAULTS,NA,NA,NA,NA,NA,NA,NA,NA,NA,NA,NA,NA,NA,NA,NA,NA,NA,NA,NA,NA,NA,NA,NA,TARGET_GONE,identity no longer active
2026-10-02T16:06:07Z,APP_22001_3033686,22001,3033686,22,1731,194.360,0,0,-1,-1,0,0.999931471,NA,NA,70.000000000,MEASURED_CPU_FAULT,CPU;INTERVAL_FAULTS,NA,NA,NA,NA,NA,NA,NA,NA,NA,NA,NA,NA,NA,NA,NA,NA,NA,NA,NA,NA,NA,NA,NA,TARGET_GONE,identity no longer active
2026-10-02T16:06:07Z,APP_22001_3033686,22001,3033686,22,1732,205.210,0,0,-1,-1,0,0.999931471,NA,NA,70.000000000,MEASURED_CPU_FAULT,CPU;INTERVAL_FAULTS,NA,NA,NA,NA,NA,NA,NA,NA,NA,NA,NA,NA,NA,NA,NA,NA,NA,NA,NA,NA,NA,NA,NA,TARGET_GONE,identity no longer active
2026-10-02T16:06:07Z,APP_22001_3033686,22001,3033686,22,1733,191.904,0,0,-1,-1,0,0.999931471,NA,NA,70.000000000,MEASURED_CPU_FAULT,CPU;INTERVAL_FAULTS,NA,NA,NA,NA,NA,NA,NA,NA,NA,NA,NA,NA,NA,NA,NA,NA,NA,NA,NA,NA,NA,NA,NA,TARGET_GONE,identity no longer active
2026-10-02T16:06:07Z,APP_22001_3033686,22001,3033686,22,1734,202.639,0,0,-1,-1,0,0.999931471,NA,NA,70.000000000,MEASURED_CPU_FAULT,CPU;INTERVAL_FAULTS,NA,NA,NA,NA,NA,NA,NA,NA,NA,NA,NA,NA,NA,NA,NA,NA,NA,NA,NA,NA,NA,NA,NA,TARGET_GONE,identity no longer active
2026-10-02T16:06:07Z,APP_22001_3033686,22001,3033686,22,1735,201.802,0,0,-1,-1,0,0.999931471,NA,NA,70.000000000,MEASURED_CPU_FAULT,CPU;INTERVAL_FAULTS,NA,NA,NA,NA,NA,NA,NA,NA,NA,NA,NA,NA,NA,NA,NA,NA,NA,NA,NA,NA,NA,NA,NA,TARGET_GONE,identity no longer active
2026-10-02T16:06:07Z,APP_22001_3033686,22001,3033686,22,1736,196.923,0,0,-1,-1,0,0.999931471,NA,NA,70.000000000,MEASURED_CPU_FAULT,CPU;INTERVAL_FAULTS,NA,NA,NA,NA,NA,NA,NA,NA,NA,NA,NA,NA,NA,NA,NA,NA,NA,NA,NA,NA,NA,NA,NA,TARGET_GONE,identity no longer active
2026-10-02T16:06:07Z,APP_22001_3033686,22001,3033686,22,1737,204.800,0,0,-1,-1,0,0.999931471,NA,NA,70.000000000,MEASURED_CPU_FAULT,CPU;INTERVAL_FAULTS,NA,NA,NA,NA,NA,NA,NA,NA,NA,NA,NA,NA,NA,NA,NA,NA,NA,NA,NA,NA,NA,NA,NA,TARGET_GONE,identity no longer active
2026-10-02T16:06:07Z,APP_22001_3033686,22001,3033686,22,1738,201.499,0,0,-1,-1,0,0.999931471,NA,NA,70.000000000,MEASURED_CPU_FAULT,CPU;INTERVAL_FAULTS,NA,NA,NA,NA,NA,NA,NA,NA,NA,NA,NA,NA,NA,NA,NA,NA,NA,NA,NA,NA,NA,NA,NA,TARGET_GONE,identity no longer active
2026-10-02T16:06:07Z,APP_22001_3033686,22001,3033686,22,1739,202.639,0,0,-1,-1,0,0.999931471,NA,NA,70.000000000,MEASURED_CPU_FAULT,CPU;INTERVAL_FAULTS,NA,NA,NA,NA,NA,NA,NA,NA,NA,NA,NA,NA,NA,NA,NA,NA,NA,NA,NA,NA,NA,NA,NA,TARGET_GONE,identity no longer active
2026-10-02T16:06:08Z,APP_22001_3033686,22001,3033686,22,1740,201.802,0,0,-1,-1,0,0.999931471,NA,NA,70.000000000,MEASURED_CPU_FAULT,CPU;INTERVAL_FAULTS,NA,NA,NA,NA,NA,NA,NA,NA,NA,NA,NA,NA,NA,NA,NA,NA,NA,NA,NA,NA,NA,NA,NA,TARGET_GONE,identity no longer active
2026-10-02T16:06:08Z,APP_22001_3033686,22001,3033686,22,1741,200.866,0,0,-1,-1,0,0.999931471,NA,NA,70.000000000,MEASURED_CPU_FAULT,CPU;INTERVAL_FAULTS,NA,NA,NA,NA,NA,NA,NA,NA,NA,NA,NA,NA,NA,NA,NA,NA,NA,NA,NA,NA,NA,NA,NA,TARGET_GONE,identity no longer active
2026-10-02T16:06:08Z,APP_22001_3033686,22001,3033686,22,1742,192.192,0,0,-1,-1,0,0.999931471,NA,NA,70.000000000,MEASURED_CPU_FAULT,CPU;INTERVAL_FAULTS,NA,NA,NA,NA,NA,NA,NA,NA,NA,NA,NA,NA,NA,NA,NA,NA,NA,NA,NA,NA,NA,NA,NA,TARGET_GONE,identity no longer active
2026-10-02T16:06:08Z,APP_22001_3033686,22001,3033686,22,1743,201.083,0,0,-1,-1,0,0.999931471,NA,NA,70.000000000,MEASURED_CPU_FAULT,CPU;INTERVAL_FAULTS,NA,NA,NA,NA,NA,NA,NA,NA,NA,NA,NA,NA,NA,NA,NA,NA,NA,NA,NA,NA,NA,NA,NA,TARGET_GONE,identity no longer active
2026-10-02T16:06:08Z,APP_22001_3033686,22001,3033686,22,1744,192.000,0,0,-1,-1,0,0.999931471,NA,NA,70.000000000,MEASURED_CPU_FAULT,CPU;INTERVAL_FAULTS,NA,NA,NA,NA,NA,NA,NA,NA,NA,NA,NA,NA,NA,NA,NA,NA,NA,NA,NA,NA,NA,NA,NA,TARGET_GONE,identity no longer active
2026-10-02T16:06:08Z,APP_22001_3033686,22001,3033686,22,1745,201.117,0,0,-1,-1,0,0.999931471,NA,NA,70.000000000,MEASURED_CPU_FAULT,CPU;INTERVAL_FAULTS,NA,NA,NA,NA,NA,NA,NA,NA,NA,NA,NA,NA,NA,NA,NA,NA,NA,NA,NA,NA,NA,NA,NA,TARGET_GONE,identity no longer active
2026-10-02T16:06:08Z,APP_22001_3033686,22001,3033686,22,1746,204.391,0,0,-1,-1,0,0.999931471,NA,NA,70.000000000,MEASURED_CPU_FAULT,CPU;INTERVAL_FAULTS,NA,NA,NA,NA,NA,NA,NA,NA,NA,NA,NA,NA,NA,NA,NA,NA,NA,NA,NA,NA,NA,NA,NA,TARGET_GONE,identity no longer active
2026-10-02T16:06:08Z,APP_22001_3033686,22001,3033686,22,1747,201.802,0,0,-1,-1,0,0.999931471,NA,NA,70.000000000,MEASURED_CPU_FAULT,CPU;INTERVAL_FAULTS,NA,NA,NA,NA,NA,NA,NA,NA,NA,NA,NA,NA,NA,NA,NA,NA,NA,NA,NA,NA,NA,NA,NA,TARGET_GONE,identity no longer active
2026-10-02T16:06:09Z,APP_22001_3033686,22001,3033686,22,1748,202.906,0,0,-1,-1,0,0.999931471,NA,NA,70.000000000,MEASURED_CPU_FAULT,CPU;INTERVAL_FAULTS,NA,NA,NA,NA,NA,NA,NA,NA,NA,NA,NA,NA,NA,NA,NA,NA,NA,NA,NA,NA,NA,NA,NA,TARGET_GONE,identity no longer active
2026-10-02T16:06:09Z,APP_22001_3033686,22001,3033686,22,1749,201.802,0,0,-1,-1,0,0.999931471,NA,NA,70.000000000,MEASURED_CPU_FAULT,CPU;INTERVAL_FAULTS,NA,NA,NA,NA,NA,NA,NA,NA,NA,NA,NA,NA,NA,NA,NA,NA,NA,NA,NA,NA,NA,NA,NA,TARGET_GONE,identity no longer active
2026-10-02T16:06:09Z,APP_22001_3033686,22001,3033686,22,1750,201.083,0,0,-1,-1,0,0.999931471,NA,NA,70.000000000,MEASURED_CPU_FAULT,CPU;INTERVAL_FAULTS,NA,NA,NA,NA,NA,NA,NA,NA,NA,NA,NA,NA,NA,NA,NA,NA,NA,NA,NA,NA,NA,NA,NA,TARGET_GONE,identity no longer active
2026-10-02T16:06:09Z,APP_22001_3033686,22001,3033686,22,1751,192.481,0,0,-1,-1,0,0.999931471,NA,NA,70.000000000,MEASURED_CPU_FAULT,CPU;INTERVAL_FAULTS,NA,NA,NA,NA,NA,NA,NA,NA,NA,NA,NA,NA,NA,NA,NA,NA,NA,NA,NA,NA,NA,NA,NA,TARGET_GONE,identity no longer active
2026-10-02T16:06:09Z,APP_22001_3033686,22001,3033686,22,1752,201.083,0,0,-1,-1,0,0.999931471,NA,NA,70.000000000,MEASURED_CPU_FAULT,CPU;INTERVAL_FAULTS,NA,NA,NA,NA,NA,NA,NA,NA,NA,NA,NA,NA,NA,NA,NA,NA,NA,NA,NA,NA,NA,NA,NA,TARGET_GONE,identity no longer active
2026-10-02T16:06:09Z,APP_22001_3033686,22001,3033686,22,1753,192.000,0,0,-1,-1,0,0.999931471,NA,NA,70.000000000,MEASURED_CPU_FAULT,CPU;INTERVAL_FAULTS,NA,NA,NA,NA,NA,NA,NA,NA,NA,NA,NA,NA,NA,NA,NA,NA,NA,NA,NA,NA,NA,NA,NA,TARGET_GONE,identity no longer active
2026-10-02T16:06:09Z,APP_22001_3033686,22001,3033686,22,1754,200.557,0,0,-1,-1,0,0.999931471,NA,NA,70.000000000,MEASURED_CPU_FAULT,CPU;INTERVAL_FAULTS,NA,NA,NA,NA,NA,NA,NA,NA,NA,NA,NA,NA,NA,NA,NA,NA,NA,NA,NA,NA,NA,NA,NA,TARGET_GONE,identity no longer active
2026-10-02T16:06:09Z,APP_22001_3033686,22001,3033686,22,1755,204.391,0,0,-1,-1,0,0.999931471,NA,NA,70.000000000,MEASURED_CPU_FAULT,CPU;INTERVAL_FAULTS,NA,NA,NA,NA,NA,NA,NA,NA,NA,NA,NA,NA,NA,NA,NA,NA,NA,NA,NA,NA,NA,NA,NA,TARGET_GONE,identity no longer active
2026-10-02T16:06:10Z,APP_22001_3033686,22001,3033686,22,1756,201.499,0,0,-1,-1,0,0.999931471,NA,NA,70.000000000,MEASURED_CPU_FAULT,CPU;INTERVAL_FAULTS,NA,NA,NA,NA,NA,NA,NA,NA,NA,NA,NA,NA,NA,NA,NA,NA,NA,NA,NA,NA,NA,NA,NA,TARGET_GONE,identity no longer active
2026-10-02T16:06:10Z,APP_22001_3033686,22001,3033686,22,1757,202.906,0,0,-1,-1,0,0.999931471,NA,NA,70.000000000,MEASURED_CPU_FAULT,CPU;INTERVAL_FAULTS,NA,NA,NA,NA,NA,NA,NA,NA,NA,NA,NA,NA,NA,NA,NA,NA,NA,NA,NA,NA,NA,NA,NA,TARGET_GONE,identity no longer active
2026-10-02T16:06:10Z,APP_22001_3033686,22001,3033686,22,1758,201.802,0,0,-1,-1,0,0.999931471,NA,NA,70.000000000,MEASURED_CPU_FAULT,CPU;INTERVAL_FAULTS,NA,NA,NA,NA,NA,NA,NA,NA,NA,NA,NA,NA,NA,NA,NA,NA,NA,NA,NA,NA,NA,NA,NA,TARGET_GONE,identity no longer active
2026-10-02T16:06:10Z,APP_22001_3033686,22001,3033686,22,1759,201.083,0,0,-1,-1,0,0.999931471,NA,NA,70.000000000,MEASURED_CPU_FAULT,CPU;INTERVAL_FAULTS,NA,NA,NA,NA,NA,NA,NA,NA,NA,NA,NA,NA,NA,NA,NA,NA,NA,NA,NA,NA,NA,NA,NA,TARGET_GONE,identity no longer active
2026-10-02T16:06:10Z,APP_22001_3033686,22001,3033686,22,1760,191.904,0,0,-1,-1,0,0.999931471,NA,NA,70.000000000,MEASURED_CPU_FAULT,CPU;INTERVAL_FAULTS,NA,NA,NA,NA,NA,NA,NA,NA,NA,NA,NA,NA,NA,NA,NA,NA,NA,NA,NA,NA,NA,NA,NA,TARGET_GONE,identity no longer active
2026-10-02T16:06:10Z,APP_22001_3033686,22001,3033686,22,1761,201.083,0,0,-1,-1,0,0.999931471,NA,NA,70.000000000,MEASURED_CPU_FAULT,CPU;INTERVAL_FAULTS,NA,NA,NA,NA,NA,NA,NA,NA,NA,NA,NA,NA,NA,NA,NA,NA,NA,NA,NA,NA,NA,NA,NA,TARGET_GONE,identity no longer active
2026-10-02T16:06:10Z,APP_22001_3033686,22001,3033686,22,1762,192.771,0,0,-1,-1,0,0.999931471,NA,NA,70.000000000,MEASURED_CPU_FAULT,CPU;INTERVAL_FAULTS,NA,NA,NA,NA,NA,NA,NA,NA,NA,NA,NA,NA,NA,NA,NA,NA,NA,NA,NA,NA,NA,NA,NA,TARGET_GONE,identity no longer active
2026-10-02T16:06:10Z,APP_22001_3033686,22001,3033686,22,1763,203.109,0,0,-1,-1,0,0.999931471,NA,NA,70.000000000,MEASURED_CPU_FAULT,CPU;INTERVAL_FAULTS,NA,NA,NA,NA,NA,NA,NA,NA,NA,NA,NA,NA,NA,NA,NA,NA,NA,NA,NA,NA,NA,NA,NA,TARGET_GONE,identity no longer active
2026-10-02T16:06:11Z,APP_22001_3033686,22001,3033686,22,1764,192.000,0,0,-1,-1,0,0.999931471,NA,NA,70.000000000,MEASURED_CPU_FAULT,CPU;INTERVAL_FAULTS,NA,NA,NA,NA,NA,NA,NA,NA,NA,NA,NA,NA,NA,NA,NA,NA,NA,NA,NA,NA,NA,NA,NA,TARGET_GONE,identity no longer active
2026-10-02T16:06:11Z,APP_22001_3033686,22001,3033686,22,1765,201.802,0,0,-1,-1,0,0.999931471,NA,NA,70.000000000,MEASURED_CPU_FAULT,CPU;INTERVAL_FAULTS,NA,NA,NA,NA,NA,NA,NA,NA,NA,NA,NA,NA,NA,NA,NA,NA,NA,NA,NA,NA,NA,NA,NA,TARGET_GONE,identity no longer active
2026-10-02T16:06:11Z,APP_22001_3033686,22001,3033686,22,1766,204.082,0,0,-1,-1,0,0.999931471,NA,NA,70.000000000,MEASURED_CPU_FAULT,CPU;INTERVAL_FAULTS,NA,NA,NA,NA,NA,NA,NA,NA,NA,NA,NA,NA,NA,NA,NA,NA,NA,NA,NA,NA,NA,NA,NA,TARGET_GONE,identity no longer active
2026-10-02T16:06:11Z,APP_22001_3033686,22001,3033686,22,1767,201.802,0,0,-1,-1,0,0.999931471,NA,NA,70.000000000,MEASURED_CPU_FAULT,CPU;INTERVAL_FAULTS,NA,NA,NA,NA,NA,NA,NA,NA,NA,NA,NA,NA,NA,NA,NA,NA,NA,NA,NA,NA,NA,NA,NA,TARGET_GONE,identity no longer active
2026-10-02T16:06:11Z,APP_22001_3033686,22001,3033686,22,1768,194.967,0,0,-1,-1,0,0.999931471,NA,NA,70.000000000,MEASURED_CPU_FAULT,CPU;INTERVAL_FAULTS,NA,NA,NA,NA,NA,NA,NA,NA,NA,NA,NA,NA,NA,NA,NA,NA,NA,NA,NA,NA,NA,NA,NA,TARGET_GONE,identity no longer active
2026-10-02T16:06:11Z,APP_22001_3033686,22001,3033686,22,1769,210.463,0,0,-1,-1,0,0.999931471,NA,NA,70.000000000,MEASURED_CPU_FAULT,CPU;INTERVAL_FAULTS,NA,NA,NA,NA,NA,NA,NA,NA,NA,NA,NA,NA,NA,NA,NA,NA,NA,NA,NA,NA,NA,NA,NA,TARGET_GONE,identity no longer active
2026-10-02T16:06:11Z,APP_22001_3033686,22001,3033686,22,1770,195.163,0,0,-1,-1,0,0.999931471,NA,NA,70.000000000,MEASURED_CPU_FAULT,CPU;INTERVAL_FAULTS,NA,NA,NA,NA,NA,NA,NA,NA,NA,NA,NA,NA,NA,NA,NA,NA,NA,NA,NA,NA,NA,NA,NA,TARGET_GONE,identity no longer active
2026-10-02T16:06:11Z,APP_22001_3033686,22001,3033686,22,1771,192.000,0,0,-1,-1,0,0.999931471,NA,NA,70.000000000,MEASURED_CPU_FAULT,CPU;INTERVAL_FAULTS,NA,NA,NA,NA,NA,NA,NA,NA,NA,NA,NA,NA,NA,NA,NA,NA,NA,NA,NA,NA,NA,NA,NA,TARGET_GONE,identity no longer active
2026-10-02T16:06:12Z,APP_22001_3033686,22001,3033686,22,1772,200.261,0,0,-1,-1,0,0.999931471,NA,NA,70.000000000,MEASURED_CPU_FAULT,CPU;INTERVAL_FAULTS,NA,NA,NA,NA,NA,NA,NA,NA,NA,NA,NA,NA,NA,NA,NA,NA,NA,NA,NA,NA,NA,NA,NA,TARGET_GONE,identity no longer active
2026-10-02T16:06:12Z,APP_22001_3033686,22001,3033686,22,1773,210.778,0,0,-1,-1,0,0.999931471,NA,NA,70.000000000,MEASURED_CPU_FAULT,CPU;INTERVAL_FAULTS,NA,NA,NA,NA,NA,NA,NA,NA,NA,NA,NA,NA,NA,NA,NA,NA,NA,NA,NA,NA,NA,NA,NA,TARGET_GONE,identity no longer active
2026-10-02T16:06:12Z,APP_22001_3033686,22001,3033686,22,1774,192.192,0,0,-1,-1,0,0.999931471,NA,NA,70.000000000,MEASURED_CPU_FAULT,CPU;INTERVAL_FAULTS,NA,NA,NA,NA,NA,NA,NA,NA,NA,NA,NA,NA,NA,NA,NA,NA,NA,NA,NA,NA,NA,NA,NA,TARGET_GONE,identity no longer active
2026-10-02T16:06:12Z,APP_22001_3033686,22001,3033686,22,1775,203.562,0,0,-1,-1,0,0.999931471,NA,NA,70.000000000,MEASURED_CPU_FAULT,CPU;INTERVAL_FAULTS,NA,NA,NA,NA,NA,NA,NA,NA,NA,NA,NA,NA,NA,NA,NA,NA,NA,NA,NA,NA,NA,NA,NA,TARGET_GONE,identity no longer active
2026-10-02T16:06:12Z,APP_22001_3033686,22001,3033686,22,1776,201.802,0,0,-1,-1,0,0.999931471,NA,NA,70.000000000,MEASURED_CPU_FAULT,CPU;INTERVAL_FAULTS,NA,NA,NA,NA,NA,NA,NA,NA,NA,NA,NA,NA,NA,NA,NA,NA,NA,NA,NA,NA,NA,NA,NA,TARGET_GONE,identity no longer active
2026-10-02T16:06:12Z,APP_22001_3033686,22001,3033686,22,1777,201.893,0,0,-1,-1,0,0.999931471,NA,NA,70.000000000,MEASURED_CPU_FAULT,CPU;INTERVAL_FAULTS,NA,NA,NA,NA,NA,NA,NA,NA,NA,NA,NA,NA,NA,NA,NA,NA,NA,NA,NA,NA,NA,NA,NA,TARGET_GONE,identity no longer active
2026-10-02T16:06:12Z,APP_22001_3033686,22001,3033686,22,1778,191.617,0,0,-1,-1,0,0.999931471,NA,NA,70.000000000,MEASURED_CPU_FAULT,CPU;INTERVAL_FAULTS,NA,NA,NA,NA,NA,NA,NA,NA,NA,NA,NA,NA,NA,NA,NA,NA,NA,NA,NA,NA,NA,NA,NA,TARGET_GONE,identity no longer active
2026-10-02T16:06:12Z,APP_22001_3033686,22001,3033686,22,1779,201.893,0,0,-1,-1,0,0.999931471,NA,NA,70.000000000,MEASURED_CPU_FAULT,CPU;INTERVAL_FAULTS,NA,NA,NA,NA,NA,NA,NA,NA,NA,NA,NA,NA,NA,NA,NA,NA,NA,NA,NA,NA,NA,NA,NA,TARGET_GONE,identity no longer active
2026-10-02T16:06:12Z,APP_22001_3033686,22001,3033686,22,1780,201.499,0,0,-1,-1,0,0.999931471,NA,NA,70.000000000,MEASURED_CPU_FAULT,CPU;INTERVAL_FAULTS,NA,NA,NA,NA,NA,NA,NA,NA,NA,NA,NA,NA,NA,NA,NA,NA,NA,NA,NA,NA,NA,NA,NA,TARGET_GONE,identity no longer active
2026-10-02T16:06:13Z,APP_22001_3033686,22001,3033686,22,1781,197.666,0,0,-1,-1,0,0.999931471,NA,NA,70.000000000,MEASURED_CPU_FAULT,CPU;INTERVAL_FAULTS,NA,NA,NA,NA,NA,NA,NA,NA,NA,NA,NA,NA,NA,NA,NA,NA,NA,NA,NA,NA,NA,NA,NA,TARGET_GONE,identity no longer active
2026-10-02T16:06:13Z,APP_22001_3033686,22001,3033686,22,1782,211.411,0,0,-1,-1,0,0.999931471,NA,NA,70.000000000,MEASURED_CPU_FAULT,CPU;INTERVAL_FAULTS,NA,NA,NA,NA,NA,NA,NA,NA,NA,NA,NA,NA,NA,NA,NA,NA,NA,NA,NA,NA,NA,NA,NA,TARGET_GONE,identity no longer active
2026-10-02T16:06:13Z,APP_22001_3033686,22001,3033686,22,1783,200.897,0,0,-1,-1,0,0.999931471,NA,NA,70.000000000,MEASURED_CPU_FAULT,CPU;INTERVAL_FAULTS,NA,NA,NA,NA,NA,NA,NA,NA,NA,NA,NA,NA,NA,NA,NA,NA,NA,NA,NA,NA,NA,NA,NA,TARGET_GONE,identity no longer active
2026-10-02T16:06:13Z,APP_22001_3033686,22001,3033686,22,1784,195.918,0,0,-1,-1,0,0.999931471,NA,NA,70.000000000,MEASURED_CPU_FAULT,CPU;INTERVAL_FAULTS,NA,NA,NA,NA,NA,NA,NA,NA,NA,NA,NA,NA,NA,NA,NA,NA,NA,NA,NA,NA,NA,NA,NA,TARGET_GONE,identity no longer active
2026-10-02T16:06:13Z,APP_22001_3033686,22001,3033686,22,1785,201.802,0,0,-1,-1,0,0.999931471,NA,NA,70.000000000,MEASURED_CPU_FAULT,CPU;INTERVAL_FAULTS,NA,NA,NA,NA,NA,NA,NA,NA,NA,NA,NA,NA,NA,NA,NA,NA,NA,NA,NA,NA,NA,NA,NA,TARGET_GONE,identity no longer active
2026-10-02T16:06:13Z,APP_22001_3033686,22001,3033686,22,1786,201.893,0,0,-1,-1,0,0.999931471,NA,NA,70.000000000,MEASURED_CPU_FAULT,CPU;INTERVAL_FAULTS,NA,NA,NA,NA,NA,NA,NA,NA,NA,NA,NA,NA,NA,NA,NA,NA,NA,NA,NA,NA,NA,NA,NA,TARGET_GONE,identity no longer active
2026-10-02T16:06:13Z,APP_22001_3033686,22001,3033686,22,1787,201.198,0,0,-1,-1,0,0.999931471,NA,NA,70.000000000,MEASURED_CPU_FAULT,CPU;INTERVAL_FAULTS,NA,NA,NA,NA,NA,NA,NA,NA,NA,NA,NA,NA,NA,NA,NA,NA,NA,NA,NA,NA,NA,NA,NA,TARGET_GONE,identity no longer active
2026-10-02T16:06:13Z,APP_22001_3033686,22001,3033686,22,1788,201.681,0,0,-1,-1,0,0.999931471,NA,NA,70.000000000,MEASURED_CPU_FAULT,CPU;INTERVAL_FAULTS,NA,NA,NA,NA,NA,NA,NA,NA,NA,NA,NA,NA,NA,NA,NA,NA,NA,NA,NA,NA,NA,NA,NA,TARGET_GONE,identity no longer active
2026-10-02T16:06:14Z,APP_22001_3033686,22001,3033686,22,1789,201.499,0,0,-1,-1,0,0.999931471,NA,NA,70.000000000,MEASURED_CPU_FAULT,CPU;INTERVAL_FAULTS,NA,NA,NA,NA,NA,NA,NA,NA,NA,NA,NA,NA,NA,NA,NA,NA,NA,NA,NA,NA,NA,NA,NA,TARGET_GONE,identity no longer active
2026-10-02T16:06:14Z,APP_22001_3033686,22001,3033686,22,1790,197.531,0,0,-1,-1,0,0.999931471,NA,NA,70.000000000,MEASURED_CPU_FAULT,CPU;INTERVAL_FAULTS,NA,NA,NA,NA,NA,NA,NA,NA,NA,NA,NA,NA,NA,NA,NA,NA,NA,NA,NA,NA,NA,NA,NA,TARGET_GONE,identity no longer active
2026-10-02T16:06:14Z,APP_22001_3033686,22001,3033686,22,1791,210.778,0,0,-1,-1,0,0.999931471,NA,NA,70.000000000,MEASURED_CPU_FAULT,CPU;INTERVAL_FAULTS,NA,NA,NA,NA,NA,NA,NA,NA,NA,NA,NA,NA,NA,NA,NA,NA,NA,NA,NA,NA,NA,NA,NA,TARGET_GONE,identity no longer active
2026-10-02T16:06:14Z,APP_22001_3033686,22001,3033686,22,1792,201.802,0,0,-1,-1,0,0.999931471,NA,NA,70.000000000,MEASURED_CPU_FAULT,CPU;INTERVAL_FAULTS,NA,NA,NA,NA,NA,NA,NA,NA,NA,NA,NA,NA,NA,NA,NA,NA,NA,NA,NA,NA,NA,NA,NA,TARGET_GONE,identity no longer active
2026-10-02T16:06:14Z,APP_22001_3033686,22001,3033686,22,1793,195.420,0,0,-1,-1,0,0.999931471,NA,NA,70.000000000,MEASURED_CPU_FAULT,CPU;INTERVAL_FAULTS,NA,NA,NA,NA,NA,NA,NA,NA,NA,NA,NA,NA,NA,NA,NA,NA,NA,NA,NA,NA,NA,NA,NA,TARGET_GONE,identity no longer active
2026-10-02T16:06:14Z,APP_22001_3033686,22001,3033686,22,1794,201.499,0,0,-1,-1,0,0.999931471,NA,NA,70.000000000,MEASURED_CPU_FAULT,CPU;INTERVAL_FAULTS,NA,NA,NA,NA,NA,NA,NA,NA,NA,NA,NA,NA,NA,NA,NA,NA,NA,NA,NA,NA,NA,NA,NA,TARGET_GONE,identity no longer active
2026-10-02T16:06:14Z,APP_22001_3033686,22001,3033686,22,1795,201.893,0,0,-1,-1,0,0.999931471,NA,NA,70.000000000,MEASURED_CPU_FAULT,CPU;INTERVAL_FAULTS,NA,NA,NA,NA,NA,NA,NA,NA,NA,NA,NA,NA,NA,NA,NA,NA,NA,NA,NA,NA,NA,NA,NA,TARGET_GONE,identity no longer active
2026-10-02T16:06:14Z,APP_22001_3033686,22001,3033686,22,1796,201.499,0,0,-1,-1,0,0.999931471,NA,NA,70.000000000,MEASURED_CPU_FAULT,CPU;INTERVAL_FAULTS,NA,NA,NA,NA,NA,NA,NA,NA,NA,NA,NA,NA,NA,NA,NA,NA,NA,NA,NA,NA,NA,NA,NA,TARGET_GONE,identity no longer active
2026-10-02T16:06:15Z,APP_22001_3033686,22001,3033686,22,1797,194.753,0,0,-1,-1,0,0.999931471,NA,NA,70.000000000,MEASURED_CPU_FAULT,CPU;INTERVAL_FAULTS,NA,NA,NA,NA,NA,NA,NA,NA,NA,NA,NA,NA,NA,NA,NA,NA,NA,NA,NA,NA,NA,NA,NA,TARGET_GONE,identity no longer active
2026-10-02T16:06:15Z,APP_22001_3033686,22001,3033686,22,1798,201.499,0,0,-1,-1,0,0.999931471,NA,NA,70.000000000,MEASURED_CPU_FAULT,CPU;INTERVAL_FAULTS,NA,NA,NA,NA,NA,NA,NA,NA,NA,NA,NA,NA,NA,NA,NA,NA,NA,NA,NA,NA,NA,NA,NA,TARGET_GONE,identity no longer active
2026-10-02T16:06:15Z,APP_22001_3033686,22001,3033686,22,1799,202.895,0,0,-1,-1,0,0.999931471,NA,NA,70.000000000,MEASURED_CPU_FAULT,CPU;INTERVAL_FAULTS,NA,NA,NA,NA,NA,NA,NA,NA,NA,NA,NA,NA,NA,NA,NA,NA,NA,NA,NA,NA,NA,NA,NA,TARGET_GONE,identity no longer active
2026-10-02T16:06:15Z,APP_22001_3033686,22001,3033686,22,1800,191.617,0,0,-1,-1,0,0.999931471,NA,NA,70.000000000,MEASURED_CPU_FAULT,CPU;INTERVAL_FAULTS,NA,NA,NA,NA,NA,NA,NA,NA,NA,NA,NA,NA,NA,NA,NA,NA,NA,NA,NA,NA,NA,NA,NA,TARGET_GONE,identity no longer active
2026-10-02T16:06:15Z,APP_22001_3033686,22001,3033686,22,1801,201.802,0,0,-1,-1,0,0.999931471,NA,NA,70.000000000,MEASURED_CPU_FAULT,CPU;INTERVAL_FAULTS,NA,NA,NA,NA,NA,NA,NA,NA,NA,NA,NA,NA,NA,NA,NA,NA,NA,NA,NA,NA,NA,NA,NA,TARGET_GONE,identity no longer active
2026-10-02T16:06:15Z,APP_22001_3033686,22001,3033686,22,1802,203.822,0,0,-1,-1,0,0.999931471,NA,NA,70.000000000,MEASURED_CPU_FAULT,CPU;INTERVAL_FAULTS,NA,NA,NA,NA,NA,NA,NA,NA,NA,NA,NA,NA,NA,NA,NA,NA,NA,NA,NA,NA,NA,NA,NA,TARGET_GONE,identity no longer active
2026-10-02T16:06:15Z,APP_22001_3033686,22001,3033686,22,1803,192.192,0,0,-1,-1,0,0.999931471,NA,NA,70.000000000,MEASURED_CPU_FAULT,CPU;INTERVAL_FAULTS,NA,NA,NA,NA,NA,NA,NA,NA,NA,NA,NA,NA,NA,NA,NA,NA,NA,NA,NA,NA,NA,NA,NA,TARGET_GONE,identity no longer active
2026-10-02T16:06:15Z,APP_22001_3033686,22001,3033686,22,1804,201.681,0,0,-1,-1,0,0.999931471,NA,NA,70.000000000,MEASURED_CPU_FAULT,CPU;INTERVAL_FAULTS,NA,NA,NA,NA,NA,NA,NA,NA,NA,NA,NA,NA,NA,NA,NA,NA,NA,NA,NA,NA,NA,NA,NA,TARGET_GONE,identity no longer active
2026-10-02T16:06:16Z,APP_22001_3033686,22001,3033686,22,1805,201.499,0,0,-1,-1,0,0.999931471,NA,NA,70.000000000,MEASURED_CPU_FAULT,CPU;INTERVAL_FAULTS,NA,NA,NA,NA,NA,NA,NA,NA,NA,NA,NA,NA,NA,NA,NA,NA,NA,NA,NA,NA,NA,NA,NA,TARGET_GONE,identity no longer active
2026-10-02T16:06:16Z,APP_22001_3033686,22001,3033686,22,1806,200.810,0,0,-1,-1,0,0.999931471,NA,NA,70.000000000,MEASURED_CPU_FAULT,CPU;INTERVAL_FAULTS,NA,NA,NA,NA,NA,NA,NA,NA,NA,NA,NA,NA,NA,NA,NA,NA,NA,NA,NA,NA,NA,NA,NA,TARGET_GONE,identity no longer active
2026-10-02T16:06:16Z,APP_22001_3033686,22001,3033686,22,1807,201.198,0,0,-1,-1,0,0.999931471,NA,NA,70.000000000,MEASURED_CPU_FAULT,CPU;INTERVAL_FAULTS,NA,NA,NA,NA,NA,NA,NA,NA,NA,NA,NA,NA,NA,NA,NA,NA,NA,NA,NA,NA,NA,NA,NA,TARGET_GONE,identity no longer active
2026-10-02T16:06:16Z,APP_22001_3033686,22001,3033686,22,1808,199.146,0,0,-1,-1,0,0.999931471,NA,NA,70.000000000,MEASURED_CPU_FAULT,CPU;INTERVAL_FAULTS,NA,NA,NA,NA,NA,NA,NA,NA,NA,NA,NA,NA,NA,NA,NA,NA,NA,NA,NA,NA,NA,NA,NA,TARGET_GONE,identity no longer active
2026-10-02T16:06:16Z,APP_22001_3033686,22001,3033686,22,1809,192.192,0,0,-1,-1,0,0.999931471,NA,NA,70.000000000,MEASURED_CPU_FAULT,CPU;INTERVAL_FAULTS,NA,NA,NA,NA,NA,NA,NA,NA,NA,NA,NA,NA,NA,NA,NA,NA,NA,NA,NA,NA,NA,NA,NA,TARGET_GONE,identity no longer active
2026-10-02T16:06:16Z,APP_22001_3033686,22001,3033686,22,1810,201.802,0,0,-1,-1,0,0.999931471,NA,NA,70.000000000,MEASURED_CPU_FAULT,CPU;INTERVAL_FAULTS,NA,NA,NA,NA,NA,NA,NA,NA,NA,NA,NA,NA,NA,NA,NA,NA,NA,NA,NA,NA,NA,NA,NA,TARGET_GONE,identity no longer active
2026-10-02T16:06:16Z,APP_22001_3033686,22001,3033686,22,1811,197.574,0,0,-1,-1,0,0.999931471,NA,NA,70.000000000,MEASURED_CPU_FAULT,CPU;INTERVAL_FAULTS,NA,NA,NA,NA,NA,NA,NA,NA,NA,NA,NA,NA,NA,NA,NA,NA,NA,NA,NA,NA,NA,NA,NA,TARGET_GONE,identity no longer active
2026-10-02T16:06:16Z,APP_22001_3033686,22001,3033686,22,1812,201.499,0,0,-1,-1,0,0.999931471,NA,NA,70.000000000,MEASURED_CPU_FAULT,CPU;INTERVAL_FAULTS,NA,NA,NA,NA,NA,NA,NA,NA,NA,NA,NA,NA,NA,NA,NA,NA,NA,NA,NA,NA,NA,NA,NA,TARGET_GONE,identity no longer active
2026-10-02T16:06:17Z,APP_22001_3033686,22001,3033686,22,1813,202.985,0,0,-1,-1,0,0.999931471,NA,NA,70.000000000,MEASURED_CPU_FAULT,CPU;INTERVAL_FAULTS,NA,NA,NA,NA,NA,NA,NA,NA,NA,NA,NA,NA,NA,NA,NA,NA,NA,NA,NA,NA,NA,NA,NA,TARGET_GONE,identity no longer active
2026-10-02T16:06:17Z,APP_22001_3033686,22001,3033686,22,1814,191.617,0,0,-1,-1,0,0.999931471,NA,NA,70.000000000,MEASURED_CPU_FAULT,CPU;INTERVAL_FAULTS,NA,NA,NA,NA,NA,NA,NA,NA,NA,NA,NA,NA,NA,NA,NA,NA,NA,NA,NA,NA,NA,NA,NA,TARGET_GONE,identity no longer active
2026-10-02T16:06:17Z,APP_22001_3033686,22001,3033686,22,1815,202.607,0,0,-1,-1,0,0.999931471,NA,NA,70.000000000,MEASURED_CPU_FAULT,CPU;INTERVAL_FAULTS,NA,NA,NA,NA,NA,NA,NA,NA,NA,NA,NA,NA,NA,NA,NA,NA,NA,NA,NA,NA,NA,NA,NA,TARGET_GONE,identity no longer active
2026-10-02T16:06:17Z,APP_22001_3033686,22001,3033686,22,1816,200.104,0,0,-1,-1,0,0.999931471,NA,NA,70.000000000,MEASURED_CPU_FAULT,CPU;INTERVAL_FAULTS,NA,NA,NA,NA,NA,NA,NA,NA,NA,NA,NA,NA,NA,NA,NA,NA,NA,NA,NA,NA,NA,NA,NA,TARGET_GONE,identity no longer active
2026-10-02T16:06:17Z,APP_22001_3033686,22001,3033686,22,1817,191.617,0,0,-1,-1,0,0.999931471,NA,NA,70.000000000,MEASURED_CPU_FAULT,CPU;INTERVAL_FAULTS,NA,NA,NA,NA,NA,NA,NA,NA,NA,NA,NA,NA,NA,NA,NA,NA,NA,NA,NA,NA,NA,NA,NA,TARGET_GONE,identity no longer active
2026-10-02T16:06:17Z,APP_22001_3033686,22001,3033686,22,1818,201.499,0,0,-1,-1,0,0.999931471,NA,NA,70.000000000,MEASURED_CPU_FAULT,CPU;INTERVAL_FAULTS,NA,NA,NA,NA,NA,NA,NA,NA,NA,NA,NA,NA,NA,NA,NA,NA,NA,NA,NA,NA,NA,NA,NA,TARGET_GONE,identity no longer active
2026-10-02T16:06:18Z,APP_22001_3033686,22001,3033686,22,1819,203.732,0,0,-1,-1,0,0.999931471,NA,NA,70.000000000,MEASURED_CPU_FAULT,CPU;INTERVAL_FAULTS,NA,NA,NA,NA,NA,NA,NA,NA,NA,NA,NA,NA,NA,NA,NA,NA,NA,NA,NA,NA,NA,NA,NA,TARGET_GONE,identity no longer active
2026-10-02T16:06:18Z,APP_22001_3033686,22001,3033686,22,1820,201.499,0,0,-1,-1,0,0.999931471,NA,NA,70.000000000,MEASURED_CPU_FAULT,CPU;INTERVAL_FAULTS,NA,NA,NA,NA,NA,NA,NA,NA,NA,NA,NA,NA,NA,NA,NA,NA,NA,NA,NA,NA,NA,NA,NA,TARGET_GONE,identity no longer active
2026-10-02T16:06:18Z,APP_22001_3033686,22001,3033686,22,1821,196.648,0,0,-1,-1,0,0.999931471,NA,NA,70.000000000,MEASURED_CPU_FAULT,CPU;INTERVAL_FAULTS,NA,NA,NA,NA,NA,NA,NA,NA,NA,NA,NA,NA,NA,NA,NA,NA,NA,NA,NA,NA,NA,NA,NA,TARGET_GONE,identity no longer active
2026-10-02T16:06:18Z,APP_22001_3033686,22001,3033686,22,1822,201.198,0,0,-1,-1,0,0.999931471,NA,NA,70.000000000,MEASURED_CPU_FAULT,CPU;INTERVAL_FAULTS,NA,NA,NA,NA,NA,NA,NA,NA,NA,NA,NA,NA,NA,NA,NA,NA,NA,NA,NA,NA,NA,NA,NA,TARGET_GONE,identity no longer active
2026-10-02T16:06:18Z,APP_22001_3033686,22001,3033686,22,1823,202.796,0,0,-1,-1,0,0.999931471,NA,NA,70.000000000,MEASURED_CPU_FAULT,CPU;INTERVAL_FAULTS,NA,NA,NA,NA,NA,NA,NA,NA,NA,NA,NA,NA,NA,NA,NA,NA,NA,NA,NA,NA,NA,NA,NA,TARGET_GONE,identity no longer active
2026-10-02T16:06:18Z,APP_22001_3033686,22001,3033686,22,1824,199.344,0,0,-1,-1,0,0.999931471,NA,NA,70.000000000,MEASURED_CPU_FAULT,CPU;INTERVAL_FAULTS,NA,NA,NA,NA,NA,NA,NA,NA,NA,NA,NA,NA,NA,NA,NA,NA,NA,NA,NA,NA,NA,NA,NA,TARGET_GONE,identity no longer active
2026-10-02T16:06:18Z,APP_22001_3033686,22001,3033686,22,1825,191.617,0,0,-1,-1,0,0.999931471,NA,NA,70.000000000,MEASURED_CPU_FAULT,CPU;INTERVAL_FAULTS,NA,NA,NA,NA,NA,NA,NA,NA,NA,NA,NA,NA,NA,NA,NA,NA,NA,NA,NA,NA,NA,NA,NA,TARGET_GONE,identity no longer active
2026-10-02T16:06:19Z,APP_22001_3033686,22001,3033686,22,1826,211.094,0,0,-1,-1,0,0.999931471,NA,NA,70.000000000,MEASURED_CPU_FAULT,CPU;INTERVAL_FAULTS,NA,NA,NA,NA,NA,NA,NA,NA,NA,NA,NA,NA,NA,NA,NA,NA,NA,NA,NA,NA,NA,NA,NA,TARGET_GONE,identity no longer active
2026-10-02T16:06:19Z,APP_22001_3033686,22001,3033686,22,1827,197.792,0,0,-1,-1,0,0.999931471,NA,NA,70.000000000,MEASURED_CPU_FAULT,CPU;INTERVAL_FAULTS,NA,NA,NA,NA,NA,NA,NA,NA,NA,NA,NA,NA,NA,NA,NA,NA,NA,NA,NA,NA,NA,NA,NA,TARGET_GONE,identity no longer active
2026-10-02T16:06:19Z,APP_22001_3033686,22001,3033686,22,1828,191.617,0,0,-1,-1,0,0.999931471,NA,NA,70.000000000,MEASURED_CPU_FAULT,CPU;INTERVAL_FAULTS,NA,NA,NA,NA,NA,NA,NA,NA,NA,NA,NA,NA,NA,NA,NA,NA,NA,NA,NA,NA,NA,NA,NA,TARGET_GONE,identity no longer active
2026-10-02T16:06:19Z,APP_22001_3033686,22001,3033686,22,1829,202.796,0,0,-1,-1,0,0.999931471,NA,NA,70.000000000,MEASURED_CPU_FAULT,CPU;INTERVAL_FAULTS,NA,NA,NA,NA,NA,NA,NA,NA,NA,NA,NA,NA,NA,NA,NA,NA,NA,NA,NA,NA,NA,NA,NA,TARGET_GONE,identity no longer active
2026-10-02T16:06:19Z,APP_22001_3033686,22001,3033686,22,1830,201.198,0,0,-1,-1,0,0.999931471,NA,NA,70.000000000,MEASURED_CPU_FAULT,CPU;INTERVAL_FAULTS,NA,NA,NA,NA,NA,NA,NA,NA,NA,NA,NA,NA,NA,NA,NA,NA,NA,NA,NA,NA,NA,NA,NA,TARGET_GONE,identity no longer active
2026-10-02T16:06:19Z,APP_22001_3033686,22001,3033686,22,1831,197.413,0,0,-1,-1,0,0.999931471,NA,NA,70.000000000,MEASURED_CPU_FAULT,CPU;INTERVAL_FAULTS,NA,NA,NA,NA,NA,NA,NA,NA,NA,NA,NA,NA,NA,NA,NA,NA,NA,NA,NA,NA,NA,NA,NA,TARGET_GONE,identity no longer active
2026-10-02T16:06:19Z,APP_22001_3033686,22001,3033686,22,1832,201.499,0,0,-1,-1,0,0.999931471,NA,NA,70.000000000,MEASURED_CPU_FAULT,CPU;INTERVAL_FAULTS,NA,NA,NA,NA,NA,NA,NA,NA,NA,NA,NA,NA,NA,NA,NA,NA,NA,NA,NA,NA,NA,NA,NA,TARGET_GONE,identity no longer active
2026-10-02T16:06:19Z,APP_22001_3033686,22001,3033686,22,1833,199.495,0,0,-1,-1,0,0.999931471,NA,NA,70.000000000,MEASURED_CPU_FAULT,CPU;INTERVAL_FAULTS,NA,NA,NA,NA,NA,NA,NA,NA,NA,NA,NA,NA,NA,NA,NA,NA,NA,NA,NA,NA,NA,NA,NA,TARGET_GONE,identity no longer active
2026-10-02T16:06:20Z,APP_22001_3033686,22001,3033686,22,1834,210.778,0,0,-1,-1,0,0.999931471,NA,NA,70.000000000,MEASURED_CPU_FAULT,CPU;INTERVAL_FAULTS,NA,NA,NA,NA,NA,NA,NA,NA,NA,NA,NA,NA,NA,NA,NA,NA,NA,NA,NA,NA,NA,NA,NA,TARGET_GONE,identity no longer active
2026-10-02T16:06:20Z,APP_22001_3033686,22001,3033686,22,1835,202.105,0,0,-1,-1,0,0.999931471,NA,NA,70.000000000,MEASURED_CPU_FAULT,CPU;INTERVAL_FAULTS,NA,NA,NA,NA,NA,NA,NA,NA,NA,NA,NA,NA,NA,NA,NA,NA,NA,NA,NA,NA,NA,NA,NA,TARGET_GONE,identity no longer active
2026-10-02T16:06:20Z,APP_22001_3033686,22001,3033686,22,1836,191.045,0,0,-1,-1,0,0.999931471,NA,NA,70.000000000,MEASURED_CPU_FAULT,CPU;INTERVAL_FAULTS,NA,NA,NA,NA,NA,NA,NA,NA,NA,NA,NA,NA,NA,NA,NA,NA,NA,NA,NA,NA,NA,NA,NA,TARGET_GONE,identity no longer active
2026-10-02T16:06:20Z,APP_22001_3033686,22001,3033686,22,1837,201.802,0,0,-1,-1,0,0.999931471,NA,NA,70.000000000,MEASURED_CPU_FAULT,CPU;INTERVAL_FAULTS,NA,NA,NA,NA,NA,NA,NA,NA,NA,NA,NA,NA,NA,NA,NA,NA,NA,NA,NA,NA,NA,NA,NA,TARGET_GONE,identity no longer active
2026-10-02T16:06:20Z,APP_22001_3033686,22001,3033686,22,1838,200.810,0,0,-1,-1,0,0.999931471,NA,NA,70.000000000,MEASURED_CPU_FAULT,CPU;INTERVAL_FAULTS,NA,NA,NA,NA,NA,NA,NA,NA,NA,NA,NA,NA,NA,NA,NA,NA,NA,NA,NA,NA,NA,NA,NA,TARGET_GONE,identity no longer active
2026-10-02T16:06:20Z,APP_22001_3033686,22001,3033686,22,1839,201.499,0,0,-1,-1,0,0.999931471,NA,NA,70.000000000,MEASURED_CPU_FAULT,CPU;INTERVAL_FAULTS,NA,NA,NA,NA,NA,NA,NA,NA,NA,NA,NA,NA,NA,NA,NA,NA,NA,NA,NA,NA,NA,NA,NA,TARGET_GONE,identity no longer active
2026-10-02T16:06:20Z,APP_22001_3033686,22001,3033686,22,1840,201.972,0,0,-1,-1,0,0.999931471,NA,NA,70.000000000,MEASURED_CPU_FAULT,CPU;INTERVAL_FAULTS,NA,NA,NA,NA,NA,NA,NA,NA,NA,NA,NA,NA,NA,NA,NA,NA,NA,NA,NA,NA,NA,NA,NA,TARGET_GONE,identity no longer active
2026-10-02T16:06:20Z,APP_22001_3033686,22001,3033686,22,1841,202.105,0,0,-1,-1,0,0.999931471,NA,NA,70.000000000,MEASURED_CPU_FAULT,CPU;INTERVAL_FAULTS,NA,NA,NA,NA,NA,NA,NA,NA,NA,NA,NA,NA,NA,NA,NA,NA,NA,NA,NA,NA,NA,NA,NA,TARGET_GONE,identity no longer active
2026-10-02T16:06:21Z,APP_22001_3033686,22001,3033686,22,1842,200.272,0,0,-1,-1,0,0.999931471,NA,NA,70.000000000,MEASURED_CPU_FAULT,CPU;INTERVAL_FAULTS,NA,NA,NA,NA,NA,NA,NA,NA,NA,NA,NA,NA,NA,NA,NA,NA,NA,NA,NA,NA,NA,NA,NA,TARGET_GONE,identity no longer active
2026-10-02T16:06:21Z,APP_22001_3033686,22001,3033686,22,1843,192.192,0,0,-1,-1,0,0.999931471,NA,NA,70.000000000,MEASURED_CPU_FAULT,CPU;INTERVAL_FAULTS,NA,NA,NA,NA,NA,NA,NA,NA,NA,NA,NA,NA,NA,NA,NA,NA,NA,NA,NA,NA,NA,NA,NA,TARGET_GONE,identity no longer active
2026-10-02T16:06:21Z,APP_22001_3033686,22001,3033686,22,1844,201.198,0,0,-1,-1,0,0.999931471,NA,NA,70.000000000,MEASURED_CPU_FAULT,CPU;INTERVAL_FAULTS,NA,NA,NA,NA,NA,NA,NA,NA,NA,NA,NA,NA,NA,NA,NA,NA,NA,NA,NA,NA,NA,NA,NA,TARGET_GONE,identity no longer active
2026-10-02T16:06:21Z,APP_22001_3033686,22001,3033686,22,1845,195.122,0,0,-1,-1,0,0.999931471,NA,NA,70.000000000,MEASURED_CPU_FAULT,CPU;INTERVAL_FAULTS,NA,NA,NA,NA,NA,NA,NA,NA,NA,NA,NA,NA,NA,NA,NA,NA,NA,NA,NA,NA,NA,NA,NA,TARGET_GONE,identity no longer active
2026-10-02T16:06:21Z,APP_22001_3033686,22001,3033686,22,1846,201.198,0,0,-1,-1,0,0.999931471,NA,NA,70.000000000,MEASURED_CPU_FAULT,CPU;INTERVAL_FAULTS,NA,NA,NA,NA,NA,NA,NA,NA,NA,NA,NA,NA,NA,NA,NA,NA,NA,NA,NA,NA,NA,NA,NA,TARGET_GONE,identity no longer active
2026-10-02T16:06:21Z,APP_22001_3033686,22001,3033686,22,1847,208.185,0,0,-1,-1,0,0.999931471,NA,NA,70.000000000,MEASURED_CPU_FAULT,CPU;INTERVAL_FAULTS,NA,NA,NA,NA,NA,NA,NA,NA,NA,NA,NA,NA,NA,NA,NA,NA,NA,NA,NA,NA,NA,NA,NA,TARGET_GONE,identity no longer active
2026-10-02T16:06:21Z,APP_22001_3033686,22001,3033686,22,1848,192.192,0,0,-1,-1,0,0.999931471,NA,NA,70.000000000,MEASURED_CPU_FAULT,CPU;INTERVAL_FAULTS,NA,NA,NA,NA,NA,NA,NA,NA,NA,NA,NA,NA,NA,NA,NA,NA,NA,NA,NA,NA,NA,NA,NA,TARGET_GONE,identity no longer active
2026-10-02T16:06:21Z,APP_22001_3033686,22001,3033686,22,1849,201.681,0,0,-1,-1,0,0.999931471,NA,NA,70.000000000,MEASURED_CPU_FAULT,CPU;INTERVAL_FAULTS,NA,NA,NA,NA,NA,NA,NA,NA,NA,NA,NA,NA,NA,NA,NA,NA,NA,NA,NA,NA,NA,NA,NA,TARGET_GONE,identity no longer active
2026-10-02T16:06:22Z,APP_22001_3033686,22001,3033686,22,1850,201.499,0,0,-1,-1,0,0.999931471,NA,NA,70.000000000,MEASURED_CPU_FAULT,CPU;INTERVAL_FAULTS,NA,NA,NA,NA,NA,NA,NA,NA,NA,NA,NA,NA,NA,NA,NA,NA,NA,NA,NA,NA,NA,NA,NA,TARGET_GONE,identity no longer active
2026-10-02T16:06:22Z,APP_22001_3033686,22001,3033686,22,1851,195.785,0,0,-1,-1,0,0.999931471,NA,NA,70.000000000,MEASURED_CPU_FAULT,CPU;INTERVAL_FAULTS,NA,NA,NA,NA,NA,NA,NA,NA,NA,NA,NA,NA,NA,NA,NA,NA,NA,NA,NA,NA,NA,NA,NA,TARGET_GONE,identity no longer active
2026-10-02T16:06:22Z,APP_22001_3033686,22001,3033686,22,1852,210.149,0,0,-1,-1,0,0.999931471,NA,NA,70.000000000,MEASURED_CPU_FAULT,CPU;INTERVAL_FAULTS,NA,NA,NA,NA,NA,NA,NA,NA,NA,NA,NA,NA,NA,NA,NA,NA,NA,NA,NA,NA,NA,NA,NA,TARGET_GONE,identity no longer active
2026-10-02T16:06:22Z,APP_22001_3033686,22001,3033686,22,1853,202.105,0,0,-1,-1,0,0.999931471,NA,NA,70.000000000,MEASURED_CPU_FAULT,CPU;INTERVAL_FAULTS,NA,NA,NA,NA,NA,NA,NA,NA,NA,NA,NA,NA,NA,NA,NA,NA,NA,NA,NA,NA,NA,NA,NA,TARGET_GONE,identity no longer active
2026-10-02T16:06:22Z,APP_22001_3033686,22001,3033686,22,1854,194.647,0,0,-1,-1,0,0.999931471,NA,NA,70.000000000,MEASURED_CPU_FAULT,CPU;INTERVAL_FAULTS,NA,NA,NA,NA,NA,NA,NA,NA,NA,NA,NA,NA,NA,NA,NA,NA,NA,NA,NA,NA,NA,NA,NA,TARGET_GONE,identity no longer active
2026-10-02T16:06:22Z,APP_22001_3033686,22001,3033686,22,1855,211.094,0,0,-1,-1,0,0.999931471,NA,NA,70.000000000,MEASURED_CPU_FAULT,CPU;INTERVAL_FAULTS,NA,NA,NA,NA,NA,NA,NA,NA,NA,NA,NA,NA,NA,NA,NA,NA,NA,NA,NA,NA,NA,NA,NA,TARGET_GONE,identity no longer active
2026-10-02T16:06:22Z,APP_22001_3033686,22001,3033686,22,1856,191.538,0,0,-1,-1,0,0.999931471,NA,NA,70.000000000,MEASURED_CPU_FAULT,CPU;INTERVAL_FAULTS,NA,NA,NA,NA,NA,NA,NA,NA,NA,NA,NA,NA,NA,NA,NA,NA,NA,NA,NA,NA,NA,NA,NA,TARGET_GONE,identity no longer active
2026-10-02T16:06:22Z,APP_22001_3033686,22001,3033686,22,1857,201.802,0,0,-1,-1,0,0.999931471,NA,NA,70.000000000,MEASURED_CPU_FAULT,CPU;INTERVAL_FAULTS,NA,NA,NA,NA,NA,NA,NA,NA,NA,NA,NA,NA,NA,NA,NA,NA,NA,NA,NA,NA,NA,NA,NA,TARGET_GONE,identity no longer active
2026-10-02T16:06:23Z,APP_22001_3033686,22001,3033686,22,1858,200.607,0,0,-1,-1,0,0.999931471,NA,NA,70.000000000,MEASURED_CPU_FAULT,CPU;INTERVAL_FAULTS,NA,NA,NA,NA,NA,NA,NA,NA,NA,NA,NA,NA,NA,NA,NA,NA,NA,NA,NA,NA,NA,NA,NA,TARGET_GONE,identity no longer active
2026-10-02T16:06:23Z,APP_22001_3033686,22001,3033686,22,1859,201.499,0,0,-1,-1,0,0.999931471,NA,NA,70.000000000,MEASURED_CPU_FAULT,CPU;INTERVAL_FAULTS,NA,NA,NA,NA,NA,NA,NA,NA,NA,NA,NA,NA,NA,NA,NA,NA,NA,NA,NA,NA,NA,NA,NA,TARGET_GONE,identity no longer active
2026-10-02T16:06:23Z,APP_22001_3033686,22001,3033686,22,1860,201.093,0,0,-1,-1,0,0.999931471,NA,NA,70.000000000,MEASURED_CPU_FAULT,CPU;INTERVAL_FAULTS,NA,NA,NA,NA,NA,NA,NA,NA,NA,NA,NA,NA,NA,NA,NA,NA,NA,NA,NA,NA,NA,NA,NA,TARGET_GONE,identity no longer active
2026-10-02T16:06:23Z,APP_22001_3033686,22001,3033686,22,1861,191.617,0,0,-1,-1,0,0.999931471,NA,NA,70.000000000,MEASURED_CPU_FAULT,CPU;INTERVAL_FAULTS,NA,NA,NA,NA,NA,NA,NA,NA,NA,NA,NA,NA,NA,NA,NA,NA,NA,NA,NA,NA,NA,NA,NA,TARGET_GONE,identity no longer active
2026-10-02T16:06:23Z,APP_22001_3033686,22001,3033686,22,1862,201.499,0,0,-1,-1,0,0.999931471,NA,NA,70.000000000,MEASURED_CPU_FAULT,CPU;INTERVAL_FAULTS,NA,NA,NA,NA,NA,NA,NA,NA,NA,NA,NA,NA,NA,NA,NA,NA,NA,NA,NA,NA,NA,NA,NA,TARGET_GONE,identity no longer active
2026-10-02T16:06:23Z,APP_22001_3033686,22001,3033686,22,1863,204.180,0,0,-1,-1,0,0.999931471,NA,NA,70.000000000,MEASURED_CPU_FAULT,CPU;INTERVAL_FAULTS,NA,NA,NA,NA,NA,NA,NA,NA,NA,NA,NA,NA,NA,NA,NA,NA,NA,NA,NA,NA,NA,NA,NA,TARGET_GONE,identity no longer active
2026-10-02T16:06:23Z,APP_22001_3033686,22001,3033686,22,1864,201.499,0,0,-1,-1,0,0.999931471,NA,NA,70.000000000,MEASURED_CPU_FAULT,CPU;INTERVAL_FAULTS,NA,NA,NA,NA,NA,NA,NA,NA,NA,NA,NA,NA,NA,NA,NA,NA,NA,NA,NA,NA,NA,NA,NA,TARGET_GONE,identity no longer active
2026-10-02T16:06:23Z,APP_22001_3033686,22001,3033686,22,1865,196.283,0,0,-1,-1,0,0.999931471,NA,NA,70.000000000,MEASURED_CPU_FAULT,CPU;INTERVAL_FAULTS,NA,NA,NA,NA,NA,NA,NA,NA,NA,NA,NA,NA,NA,NA,NA,NA,NA,NA,NA,NA,NA,NA,NA,TARGET_GONE,identity no longer active
2026-10-02T16:06:24Z,APP_22001_3033686,22001,3033686,22,1866,201.198,0,0,-1,-1,0,0.999931471,NA,NA,70.000000000,MEASURED_CPU_FAULT,CPU;INTERVAL_FAULTS,NA,NA,NA,NA,NA,NA,NA,NA,NA,NA,NA,NA,NA,NA,NA,NA,NA,NA,NA,NA,NA,NA,NA,TARGET_GONE,identity no longer active
2026-10-02T16:06:24Z,APP_22001_3033686,22001,3033686,22,1867,201.421,0,0,-1,-1,0,0.999931471,NA,NA,70.000000000,MEASURED_CPU_FAULT,CPU;INTERVAL_FAULTS,NA,NA,NA,NA,NA,NA,NA,NA,NA,NA,NA,NA,NA,NA,NA,NA,NA,NA,NA,NA,NA,NA,NA,TARGET_GONE,identity no longer active
2026-10-02T16:06:24Z,APP_22001_3033686,22001,3033686,22,1868,201.802,0,0,-1,-1,0,0.999931471,NA,NA,70.000000000,MEASURED_CPU_FAULT,CPU;INTERVAL_FAULTS,NA,NA,NA,NA,NA,NA,NA,NA,NA,NA,NA,NA,NA,NA,NA,NA,NA,NA,NA,NA,NA,NA,NA,TARGET_GONE,identity no longer active
2026-10-02T16:06:24Z,APP_22001_3033686,22001,3033686,22,1869,201.381,0,0,-1,-1,0,0.999931471,NA,NA,70.000000000,MEASURED_CPU_FAULT,CPU;INTERVAL_FAULTS,NA,NA,NA,NA,NA,NA,NA,NA,NA,NA,NA,NA,NA,NA,NA,NA,NA,NA,NA,NA,NA,NA,NA,TARGET_GONE,identity no longer active
2026-10-02T16:06:24Z,APP_22001_3033686,22001,3033686,22,1870,191.617,0,0,-1,-1,0,0.999931471,NA,NA,70.000000000,MEASURED_CPU_FAULT,CPU;INTERVAL_FAULTS,NA,NA,NA,NA,NA,NA,NA,NA,NA,NA,NA,NA,NA,NA,NA,NA,NA,NA,NA,NA,NA,NA,NA,TARGET_GONE,identity no longer active
2026-10-02T16:06:24Z,APP_22001_3033686,22001,3033686,22,1871,202.105,0,0,-1,-1,0,0.999931471,NA,NA,70.000000000,MEASURED_CPU_FAULT,CPU;INTERVAL_FAULTS,NA,NA,NA,NA,NA,NA,NA,NA,NA,NA,NA,NA,NA,NA,NA,NA,NA,NA,NA,NA,NA,NA,NA,TARGET_GONE,identity no longer active
2026-10-02T16:06:24Z,APP_22001_3033686,22001,3033686,22,1872,204.878,0,0,-1,-1,0,0.999931471,NA,NA,70.000000000,MEASURED_CPU_FAULT,CPU;INTERVAL_FAULTS,NA,NA,NA,NA,NA,NA,NA,NA,NA,NA,NA,NA,NA,NA,NA,NA,NA,NA,NA,NA,NA,NA,NA,TARGET_GONE,identity no longer active
2026-10-02T16:06:24Z,APP_22001_3033686,22001,3033686,22,1873,192.192,0,0,-1,-1,0,0.999931471,NA,NA,70.000000000,MEASURED_CPU_FAULT,CPU;INTERVAL_FAULTS,NA,NA,NA,NA,NA,NA,NA,NA,NA,NA,NA,NA,NA,NA,NA,NA,NA,NA,NA,NA,NA,NA,NA,TARGET_GONE,identity no longer active
2026-10-02T16:06:25Z,APP_22001_3033686,22001,3033686,22,1874,201.217,0,0,-1,-1,0,0.999931471,NA,NA,70.000000000,MEASURED_CPU_FAULT,CPU;INTERVAL_FAULTS,NA,NA,NA,NA,NA,NA,NA,NA,NA,NA,NA,NA,NA,NA,NA,NA,NA,NA,NA,NA,NA,NA,NA,TARGET_GONE,identity no longer active
2026-10-02T16:06:25Z,APP_22001_3033686,22001,3033686,22,1875,201.499,0,0,-1,-1,0,0.999931471,NA,NA,70.000000000,MEASURED_CPU_FAULT,CPU;INTERVAL_FAULTS,NA,NA,NA,NA,NA,NA,NA,NA,NA,NA,NA,NA,NA,NA,NA,NA,NA,NA,NA,NA,NA,NA,NA,TARGET_GONE,identity no longer active
2026-10-02T16:06:25Z,APP_22001_3033686,22001,3033686,22,1876,200.810,0,0,-1,-1,0,0.999931471,NA,NA,70.000000000,MEASURED_CPU_FAULT,CPU;INTERVAL_FAULTS,NA,NA,NA,NA,NA,NA,NA,NA,NA,NA,NA,NA,NA,NA,NA,NA,NA,NA,NA,NA,NA,NA,NA,TARGET_GONE,identity no longer active
2026-10-02T16:06:25Z,APP_22001_3033686,22001,3033686,22,1877,201.499,0,0,-1,-1,0,0.999931471,NA,NA,70.000000000,MEASURED_CPU_FAULT,CPU;INTERVAL_FAULTS,NA,NA,NA,NA,NA,NA,NA,NA,NA,NA,NA,NA,NA,NA,NA,NA,NA,NA,NA,NA,NA,NA,NA,TARGET_GONE,identity no longer active
2026-10-02T16:06:25Z,APP_22001_3033686,22001,3033686,22,1878,197.938,0,0,-1,-1,0,0.999931471,NA,NA,70.000000000,MEASURED_CPU_FAULT,CPU;INTERVAL_FAULTS,NA,NA,NA,NA,NA,NA,NA,NA,NA,NA,NA,NA,NA,NA,NA,NA,NA,NA,NA,NA,NA,NA,NA,TARGET_GONE,identity no longer active
2026-10-02T16:06:25Z,APP_22001_3033686,22001,3033686,22,1879,205.210,0,0,-1,-1,0,0.999931471,NA,NA,70.000000000,MEASURED_CPU_FAULT,CPU;INTERVAL_FAULTS,NA,NA,NA,NA,NA,NA,NA,NA,NA,NA,NA,NA,NA,NA,NA,NA,NA,NA,NA,NA,NA,NA,NA,TARGET_GONE,identity no longer active
2026-10-02T16:06:25Z,APP_22001_3033686,22001,3033686,22,1880,191.617,0,0,-1,-1,0,0.999931471,NA,NA,70.000000000,MEASURED_CPU_FAULT,CPU;INTERVAL_FAULTS,NA,NA,NA,NA,NA,NA,NA,NA,NA,NA,NA,NA,NA,NA,NA,NA,NA,NA,NA,NA,NA,NA,NA,TARGET_GONE,identity no longer active
2026-10-02T16:06:25Z,APP_22001_3033686,22001,3033686,22,1881,205.505,0,0,-1,-1,0,0.999931471,NA,NA,70.000000000,MEASURED_CPU_FAULT,CPU;INTERVAL_FAULTS,NA,NA,NA,NA,NA,NA,NA,NA,NA,NA,NA,NA,NA,NA,NA,NA,NA,NA,NA,NA,NA,NA,NA,TARGET_GONE,identity no longer active
2026-10-02T16:06:26Z,APP_22001_3033686,22001,3033686,22,1882,201.198,0,0,-1,-1,0,0.999931471,NA,NA,70.000000000,MEASURED_CPU_FAULT,CPU;INTERVAL_FAULTS,NA,NA,NA,NA,NA,NA,NA,NA,NA,NA,NA,NA,NA,NA,NA,NA,NA,NA,NA,NA,NA,NA,NA,TARGET_GONE,identity no longer active
2026-10-02T16:06:26Z,APP_22001_3033686,22001,3033686,22,1883,201.013,0,0,-1,-1,0,0.999931471,NA,NA,70.000000000,MEASURED_CPU_FAULT,CPU;INTERVAL_FAULTS,NA,NA,NA,NA,NA,NA,NA,NA,NA,NA,NA,NA,NA,NA,NA,NA,NA,NA,NA,NA,NA,NA,NA,TARGET_GONE,identity no longer active
2026-10-02T16:06:26Z,APP_22001_3033686,22001,3033686,22,1884,201.802,0,0,-1,-1,0,0.999931471,NA,NA,70.000000000,MEASURED_CPU_FAULT,CPU;INTERVAL_FAULTS,NA,NA,NA,NA,NA,NA,NA,NA,NA,NA,NA,NA,NA,NA,NA,NA,NA,NA,NA,NA,NA,NA,NA,TARGET_GONE,identity no longer active
2026-10-02T16:06:26Z,APP_22001_3033686,22001,3033686,22,1885,194.529,0,0,-1,-1,0,0.999931471,NA,NA,70.000000000,MEASURED_CPU_FAULT,CPU;INTERVAL_FAULTS,NA,NA,NA,NA,NA,NA,NA,NA,NA,NA,NA,NA,NA,NA,NA,NA,NA,NA,NA,NA,NA,NA,NA,TARGET_GONE,identity no longer active
2026-10-02T16:06:26Z,APP_22001_3033686,22001,3033686,22,1886,201.198,0,0,-1,-1,0,0.999931471,NA,NA,70.000000000,MEASURED_CPU_FAULT,CPU;INTERVAL_FAULTS,NA,NA,NA,NA,NA,NA,NA,NA,NA,NA,NA,NA,NA,NA,NA,NA,NA,NA,NA,NA,NA,NA,NA,TARGET_GONE,identity no longer active
2026-10-02T16:06:26Z,APP_22001_3033686,22001,3033686,22,1887,203.873,0,0,-1,-1,0,0.999931471,NA,NA,70.000000000,MEASURED_CPU_FAULT,CPU;INTERVAL_FAULTS,NA,NA,NA,NA,NA,NA,NA,NA,NA,NA,NA,NA,NA,NA,NA,NA,NA,NA,NA,NA,NA,NA,NA,TARGET_GONE,identity no longer active
2026-10-02T16:06:26Z,APP_22001_3033686,22001,3033686,22,1888,191.045,0,0,-1,-1,0,0.999931471,NA,NA,70.000000000,MEASURED_CPU_FAULT,CPU;INTERVAL_FAULTS,NA,NA,NA,NA,NA,NA,NA,NA,NA,NA,NA,NA,NA,NA,NA,NA,NA,NA,NA,NA,NA,NA,NA,TARGET_GONE,identity no longer active
2026-10-02T16:06:26Z,APP_22001_3033686,22001,3033686,22,1889,201.802,0,0,-1,-1,0,0.999931471,NA,NA,70.000000000,MEASURED_CPU_FAULT,CPU;INTERVAL_FAULTS,NA,NA,NA,NA,NA,NA,NA,NA,NA,NA,NA,NA,NA,NA,NA,NA,NA,NA,NA,NA,NA,NA,NA,TARGET_GONE,identity no longer active
2026-10-02T16:06:27Z,APP_22001_3033686,22001,3033686,22,1890,199.253,0,0,-1,-1,0,0.999931471,NA,NA,70.000000000,MEASURED_CPU_FAULT,CPU;INTERVAL_FAULTS,NA,NA,NA,NA,NA,NA,NA,NA,NA,NA,NA,NA,NA,NA,NA,NA,NA,NA,NA,NA,NA,NA,NA,TARGET_GONE,identity no longer active
2026-10-02T16:06:27Z,APP_22001_3033686,22001,3033686,22,1891,192.192,0,0,-1,-1,0,0.999931471,NA,NA,70.000000000,MEASURED_CPU_FAULT,CPU;INTERVAL_FAULTS,NA,NA,NA,NA,NA,NA,NA,NA,NA,NA,NA,NA,NA,NA,NA,NA,NA,NA,NA,NA,NA,NA,NA,TARGET_GONE,identity no longer active
2026-10-02T16:06:27Z,APP_22001_3033686,22001,3033686,22,1892,204.536,0,0,-1,-1,0,0.999931471,NA,NA,70.000000000,MEASURED_CPU_FAULT,CPU;INTERVAL_FAULTS,NA,NA,NA,NA,NA,NA,NA,NA,NA,NA,NA,NA,NA,NA,NA,NA,NA,NA,NA,NA,NA,NA,NA,TARGET_GONE,identity no longer active
2026-10-02T16:06:27Z,APP_22001_3033686,22001,3033686,22,1893,201.499,0,0,-1,-1,0,0.999931471,NA,NA,70.000000000,MEASURED_CPU_FAULT,CPU;INTERVAL_FAULTS,NA,NA,NA,NA,NA,NA,NA,NA,NA,NA,NA,NA,NA,NA,NA,NA,NA,NA,NA,NA,NA,NA,NA,TARGET_GONE,identity no longer active
2026-10-02T16:06:27Z,APP_22001_3033686,22001,3033686,22,1894,196.831,0,0,-1,-1,0,0.999931471,NA,NA,70.000000000,MEASURED_CPU_FAULT,CPU;INTERVAL_FAULTS,NA,NA,NA,NA,NA,NA,NA,NA,NA,NA,NA,NA,NA,NA,NA,NA,NA,NA,NA,NA,NA,NA,NA,TARGET_GONE,identity no longer active
2026-10-02T16:06:27Z,APP_22001_3033686,22001,3033686,22,1895,201.802,0,0,-1,-1,0,0.999931471,NA,NA,70.000000000,MEASURED_CPU_FAULT,CPU;INTERVAL_FAULTS,NA,NA,NA,NA,NA,NA,NA,NA,NA,NA,NA,NA,NA,NA,NA,NA,NA,NA,NA,NA,NA,NA,NA,TARGET_GONE,identity no longer active
2026-10-02T16:06:27Z,APP_22001_3033686,22001,3033686,22,1896,199.005,0,0,-1,-1,0,0.999931471,NA,NA,70.000000000,MEASURED_CPU_FAULT,CPU;INTERVAL_FAULTS,NA,NA,NA,NA,NA,NA,NA,NA,NA,NA,NA,NA,NA,NA,NA,NA,NA,NA,NA,NA,NA,NA,NA,TARGET_GONE,identity no longer active
2026-10-02T16:06:28Z,APP_22001_3033686,22001,3033686,22,1897,204.800,0,0,-1,-1,0,0.999931471,NA,NA,70.000000000,MEASURED_CPU_FAULT,CPU;INTERVAL_FAULTS,NA,NA,NA,NA,NA,NA,NA,NA,NA,NA,NA,NA,NA,NA,NA,NA,NA,NA,NA,NA,NA,NA,NA,TARGET_GONE,identity no longer active
2026-10-02T16:06:28Z,APP_22001_3033686,22001,3033686,22,1898,201.499,0,0,-1,-1,0,0.999931471,NA,NA,70.000000000,MEASURED_CPU_FAULT,CPU;INTERVAL_FAULTS,NA,NA,NA,NA,NA,NA,NA,NA,NA,NA,NA,NA,NA,NA,NA,NA,NA,NA,NA,NA,NA,NA,NA,TARGET_GONE,identity no longer active
2026-10-02T16:06:28Z,APP_22001_3033686,22001,3033686,22,1899,201.368,0,0,-1,-1,0,0.999931471,NA,NA,70.000000000,MEASURED_CPU_FAULT,CPU;INTERVAL_FAULTS,NA,NA,NA,NA,NA,NA,NA,NA,NA,NA,NA,NA,NA,NA,NA,NA,NA,NA,NA,NA,NA,NA,NA,TARGET_GONE,identity no longer active
2026-10-02T16:06:28Z,APP_22001_3033686,22001,3033686,22,1900,191.617,0,0,-1,-1,0,0.999931471,NA,NA,70.000000000,MEASURED_CPU_FAULT,CPU;INTERVAL_FAULTS,NA,NA,NA,NA,NA,NA,NA,NA,NA,NA,NA,NA,NA,NA,NA,NA,NA,NA,NA,NA,NA,NA,NA,TARGET_GONE,identity no longer active
2026-10-02T16:06:28Z,APP_22001_3033686,22001,3033686,22,1901,205.993,0,0,-1,-1,0,0.999931471,NA,NA,70.000000000,MEASURED_CPU_FAULT,CPU;INTERVAL_FAULTS,NA,NA,NA,NA,NA,NA,NA,NA,NA,NA,NA,NA,NA,NA,NA,NA,NA,NA,NA,NA,NA,NA,NA,TARGET_GONE,identity no longer active
2026-10-02T16:06:28Z,APP_22001_3033686,22001,3033686,22,1902,192.000,0,0,-1,-1,0,0.999931471,NA,NA,70.000000000,MEASURED_CPU_FAULT,CPU;INTERVAL_FAULTS,NA,NA,NA,NA,NA,NA,NA,NA,NA,NA,NA,NA,NA,NA,NA,NA,NA,NA,NA,NA,NA,NA,NA,TARGET_GONE,identity no longer active
2026-10-02T16:06:28Z,APP_22001_3033686,22001,3033686,22,1903,201.802,0,0,-1,-1,0,0.999931471,NA,NA,70.000000000,MEASURED_CPU_FAULT,CPU;INTERVAL_FAULTS,NA,NA,NA,NA,NA,NA,NA,NA,NA,NA,NA,NA,NA,NA,NA,NA,NA,NA,NA,NA,NA,NA,NA,TARGET_GONE,identity no longer active
2026-10-02T16:06:28Z,APP_22001_3033686,22001,3033686,22,1904,200.545,0,0,-1,-1,0,0.999931471,NA,NA,70.000000000,MEASURED_CPU_FAULT,CPU;INTERVAL_FAULTS,NA,NA,NA,NA,NA,NA,NA,NA,NA,NA,NA,NA,NA,NA,NA,NA,NA,NA,NA,NA,NA,NA,NA,TARGET_GONE,identity no longer active
2026-10-02T16:06:28Z,APP_22001_3033686,22001,3033686,22,1905,201.499,0,0,-1,-1,0,0.999931471,NA,NA,70.000000000,MEASURED_CPU_FAULT,CPU;INTERVAL_FAULTS,NA,NA,NA,NA,NA,NA,NA,NA,NA,NA,NA,NA,NA,NA,NA,NA,NA,NA,NA,NA,NA,NA,NA,TARGET_GONE,identity no longer active
2026-10-02T16:06:04Z,APP_22001_3033686,22001,3033686,23,1906,0.000,0,0,-1,-1,0,0.999931471,1,true,0.000000000,MEASURED_CPU_FAULT,CPU;INTERVAL_FAULTS,HOT,669.474315258,0.560000000,0.700000000,NA,NA,NA,NA,0.560000000,0.000000000,0.700000000,0.000000000,-1.000000000,1.232000000,NA,MOVE_THREAD,INVALID,NOT_APPLICABLE,INVALID,MOVE_THREAD,-1,-1,false,TARGET_GONE,identity no longer active
2026-10-02T16:06:04Z,APP_22001_3033686,22001,3033686,23,1907,0.000,0,0,-1,-1,0,0.999931471,NA,NA,0.000000000,MEASURED_CPU_FAULT,CPU;INTERVAL_FAULTS,NA,NA,NA,NA,NA,NA,NA,NA,NA,NA,NA,NA,NA,NA,NA,NA,NA,NA,NA,NA,NA,NA,NA,TARGET_GONE,identity no longer active
2026-10-02T16:06:04Z,APP_22001_3033686,22001,3033686,23,1908,0.000,0,0,-1,-1,0,0.999931471,NA,NA,0.000000000,MEASURED_CPU_FAULT,CPU;INTERVAL_FAULTS,NA,NA,NA,NA,NA,NA,NA,NA,NA,NA,NA,NA,NA,NA,NA,NA,NA,NA,NA,NA,NA,NA,NA,TARGET_GONE,identity no longer active
2026-10-02T16:06:04Z,APP_22001_3033686,22001,3033686,23,1909,0.000,0,0,-1,-1,0,0.999931471,NA,NA,0.000000000,MEASURED_CPU_FAULT,CPU;INTERVAL_FAULTS,NA,NA,NA,NA,NA,NA,NA,NA,NA,NA,NA,NA,NA,NA,NA,NA,NA,NA,NA,NA,NA,NA,NA,TARGET_GONE,identity no longer active
2026-10-02T16:06:04Z,APP_22001_3033686,22001,3033686,23,1910,0.000,0,0,-1,-1,0,0.999931471,NA,NA,0.000000000,MEASURED_CPU_FAULT,CPU;INTERVAL_FAULTS,NA,NA,NA,NA,NA,NA,NA,NA,NA,NA,NA,NA,NA,NA,NA,NA,NA,NA,NA,NA,NA,NA,NA,TARGET_GONE,identity no longer active
2026-10-02T16:06:04Z,APP_22001_3033686,22001,3033686,23,1911,0.000,0,0,-1,-1,0,0.999931471,NA,NA,0.000000000,MEASURED_CPU_FAULT,CPU;INTERVAL_FAULTS,NA,NA,NA,NA,NA,NA,NA,NA,NA,NA,NA,NA,NA,NA,NA,NA,NA,NA,NA,NA,NA,NA,NA,TARGET_GONE,identity no longer active
2026-10-02T16:06:05Z,APP_22001_3033686,22001,3033686,23,1912,0.000,0,0,-1,-1,0,0.999931471,NA,NA,0.000000000,MEASURED_CPU_FAULT,CPU;INTERVAL_FAULTS,NA,NA,NA,NA,NA,NA,NA,NA,NA,NA,NA,NA,NA,NA,NA,NA,NA,NA,NA,NA,NA,NA,NA,TARGET_GONE,identity no longer active
2026-10-02T16:06:05Z,APP_22001_3033686,22001,3033686,23,1913,0.000,0,0,-1,-1,0,0.999931471,NA,NA,0.000000000,MEASURED_CPU_FAULT,CPU;INTERVAL_FAULTS,NA,NA,NA,NA,NA,NA,NA,NA,NA,NA,NA,NA,NA,NA,NA,NA,NA,NA,NA,NA,NA,NA,NA,TARGET_GONE,identity no longer active
2026-10-02T16:06:05Z,APP_22001_3033686,22001,3033686,23,1914,0.000,0,0,-1,-1,0,0.999931471,NA,NA,0.000000000,MEASURED_CPU_FAULT,CPU;INTERVAL_FAULTS,NA,NA,NA,NA,NA,NA,NA,NA,NA,NA,NA,NA,NA,NA,NA,NA,NA,NA,NA,NA,NA,NA,NA,TARGET_GONE,identity no longer active
2026-10-02T16:06:05Z,APP_22001_3033686,22001,3033686,23,1915,16.203,0,0,-1,-1,0,0.999931471,NA,NA,11.342100000,MEASURED_CPU_FAULT,CPU;INTERVAL_FAULTS,NA,NA,NA,NA,NA,NA,NA,NA,NA,NA,NA,NA,NA,NA,NA,NA,NA,NA,NA,NA,NA,NA,NA,TARGET_GONE,identity no longer active
2026-10-02T16:06:05Z,APP_22001_3033686,22001,3033686,23,1916,192.385,0,0,-1,-1,0,0.999931471,NA,NA,70.000000000,MEASURED_CPU_FAULT,CPU;INTERVAL_FAULTS,NA,NA,NA,NA,NA,NA,NA,NA,NA,NA,NA,NA,NA,NA,NA,NA,NA,NA,NA,NA,NA,NA,NA,TARGET_GONE,identity no longer active
2026-10-02T16:06:05Z,APP_22001_3033686,22001,3033686,23,1917,210.778,0,0,-1,-1,0,0.999931471,NA,NA,70.000000000,MEASURED_CPU_FAULT,CPU;INTERVAL_FAULTS,NA,NA,NA,NA,NA,NA,NA,NA,NA,NA,NA,NA,NA,NA,NA,NA,NA,NA,NA,NA,NA,NA,NA,TARGET_GONE,identity no longer active
2026-10-02T16:06:05Z,APP_22001_3033686,22001,3033686,23,1918,202.009,0,0,-1,-1,0,0.999931471,NA,NA,70.000000000,MEASURED_CPU_FAULT,CPU;INTERVAL_FAULTS,NA,NA,NA,NA,NA,NA,NA,NA,NA,NA,NA,NA,NA,NA,NA,NA,NA,NA,NA,NA,NA,NA,NA,TARGET_GONE,identity no longer active
2026-10-02T16:06:05Z,APP_22001_3033686,22001,3033686,23,1919,191.904,0,0,-1,-1,0,0.999931471,NA,NA,70.000000000,MEASURED_CPU_FAULT,CPU;INTERVAL_FAULTS,NA,NA,NA,NA,NA,NA,NA,NA,NA,NA,NA,NA,NA,NA,NA,NA,NA,NA,NA,NA,NA,NA,NA,TARGET_GONE,identity no longer active
2026-10-02T16:06:06Z,APP_22001_3033686,22001,3033686,23,1920,206.928,0,0,-1,-1,0,0.999931471,NA,NA,70.000000000,MEASURED_CPU_FAULT,CPU;INTERVAL_FAULTS,NA,NA,NA,NA,NA,NA,NA,NA,NA,NA,NA,NA,NA,NA,NA,NA,NA,NA,NA,NA,NA,NA,NA,TARGET_GONE,identity no longer active
2026-10-02T16:06:06Z,APP_22001_3033686,22001,3033686,23,1921,192.385,0,0,-1,-1,0,0.999931471,NA,NA,70.000000000,MEASURED_CPU_FAULT,CPU;INTERVAL_FAULTS,NA,NA,NA,NA,NA,NA,NA,NA,NA,NA,NA,NA,NA,NA,NA,NA,NA,NA,NA,NA,NA,NA,NA,TARGET_GONE,identity no longer active
2026-10-02T16:06:06Z,APP_22001_3033686,22001,3033686,23,1922,201.198,0,0,-1,-1,0,0.999931471,NA,NA,70.000000000,MEASURED_CPU_FAULT,CPU;INTERVAL_FAULTS,NA,NA,NA,NA,NA,NA,NA,NA,NA,NA,NA,NA,NA,NA,NA,NA,NA,NA,NA,NA,NA,NA,NA,TARGET_GONE,identity no longer active
2026-10-02T16:06:06Z,APP_22001_3033686,22001,3033686,23,1923,201.431,0,0,-1,-1,0,0.999931471,NA,NA,70.000000000,MEASURED_CPU_FAULT,CPU;INTERVAL_FAULTS,NA,NA,NA,NA,NA,NA,NA,NA,NA,NA,NA,NA,NA,NA,NA,NA,NA,NA,NA,NA,NA,NA,NA,TARGET_GONE,identity no longer active
2026-10-02T16:06:06Z,APP_22001_3033686,22001,3033686,23,1924,201.802,0,0,-1,-1,0,0.999931471,NA,NA,70.000000000,MEASURED_CPU_FAULT,CPU;INTERVAL_FAULTS,NA,NA,NA,NA,NA,NA,NA,NA,NA,NA,NA,NA,NA,NA,NA,NA,NA,NA,NA,NA,NA,NA,NA,TARGET_GONE,identity no longer active
2026-10-02T16:06:06Z,APP_22001_3033686,22001,3033686,23,1925,196.047,0,0,-1,-1,0,0.999931471,NA,NA,70.000000000,MEASURED_CPU_FAULT,CPU;INTERVAL_FAULTS,NA,NA,NA,NA,NA,NA,NA,NA,NA,NA,NA,NA,NA,NA,NA,NA,NA,NA,NA,NA,NA,NA,NA,TARGET_GONE,identity no longer active
2026-10-02T16:06:06Z,APP_22001_3033686,22001,3033686,23,1926,204.391,0,0,-1,-1,0,0.999931471,NA,NA,70.000000000,MEASURED_CPU_FAULT,CPU;INTERVAL_FAULTS,NA,NA,NA,NA,NA,NA,NA,NA,NA,NA,NA,NA,NA,NA,NA,NA,NA,NA,NA,NA,NA,NA,NA,TARGET_GONE,identity no longer active
2026-10-02T16:06:06Z,APP_22001_3033686,22001,3033686,23,1927,201.802,0,0,-1,-1,0,0.999931471,NA,NA,70.000000000,MEASURED_CPU_FAULT,CPU;INTERVAL_FAULTS,NA,NA,NA,NA,NA,NA,NA,NA,NA,NA,NA,NA,NA,NA,NA,NA,NA,NA,NA,NA,NA,NA,NA,TARGET_GONE,identity no longer active
2026-10-02T16:06:06Z,APP_22001_3033686,22001,3033686,23,1928,194.195,0,0,-1,-1,0,0.999931471,NA,NA,70.000000000,MEASURED_CPU_FAULT,CPU;INTERVAL_FAULTS,NA,NA,NA,NA,NA,NA,NA,NA,NA,NA,NA,NA,NA,NA,NA,NA,NA,NA,NA,NA,NA,NA,NA,TARGET_GONE,identity no longer active
2026-10-02T16:06:06Z,APP_22001_3033686,22001,3033686,23,1929,210.778,0,0,-1,-1,0,0.999931471,NA,NA,70.000000000,MEASURED_CPU_FAULT,CPU;INTERVAL_FAULTS,NA,NA,NA,NA,NA,NA,NA,NA,NA,NA,NA,NA,NA,NA,NA,NA,NA,NA,NA,NA,NA,NA,NA,TARGET_GONE,identity no longer active
2026-10-02T16:06:07Z,APP_22001_3033686,22001,3033686,23,1930,194.360,0,0,-1,-1,0,0.999931471,NA,NA,70.000000000,MEASURED_CPU_FAULT,CPU;INTERVAL_FAULTS,NA,NA,NA,NA,NA,NA,NA,NA,NA,NA,NA,NA,NA,NA,NA,NA,NA,NA,NA,NA,NA,NA,NA,TARGET_GONE,identity no longer active
2026-10-02T16:06:07Z,APP_22001_3033686,22001,3033686,23,1931,205.210,0,0,-1,-1,0,0.999931471,NA,NA,70.000000000,MEASURED_CPU_FAULT,CPU;INTERVAL_FAULTS,NA,NA,NA,NA,NA,NA,NA,NA,NA,NA,NA,NA,NA,NA,NA,NA,NA,NA,NA,NA,NA,NA,NA,TARGET_GONE,identity no longer active
2026-10-02T16:06:07Z,APP_22001_3033686,22001,3033686,23,1932,191.904,0,0,-1,-1,0,0.999931471,NA,NA,70.000000000,MEASURED_CPU_FAULT,CPU;INTERVAL_FAULTS,NA,NA,NA,NA,NA,NA,NA,NA,NA,NA,NA,NA,NA,NA,NA,NA,NA,NA,NA,NA,NA,NA,NA,TARGET_GONE,identity no longer active
2026-10-02T16:06:07Z,APP_22001_3033686,22001,3033686,23,1933,202.639,0,0,-1,-1,0,0.999931471,NA,NA,70.000000000,MEASURED_CPU_FAULT,CPU;INTERVAL_FAULTS,NA,NA,NA,NA,NA,NA,NA,NA,NA,NA,NA,NA,NA,NA,NA,NA,NA,NA,NA,NA,NA,NA,NA,TARGET_GONE,identity no longer active
2026-10-02T16:06:07Z,APP_22001_3033686,22001,3033686,23,1934,201.802,0,0,-1,-1,0,0.999931471,NA,NA,70.000000000,MEASURED_CPU_FAULT,CPU;INTERVAL_FAULTS,NA,NA,NA,NA,NA,NA,NA,NA,NA,NA,NA,NA,NA,NA,NA,NA,NA,NA,NA,NA,NA,NA,NA,TARGET_GONE,identity no longer active
2026-10-02T16:06:07Z,APP_22001_3033686,22001,3033686,23,1935,196.923,0,0,-1,-1,0,0.999931471,NA,NA,70.000000000,MEASURED_CPU_FAULT,CPU;INTERVAL_FAULTS,NA,NA,NA,NA,NA,NA,NA,NA,NA,NA,NA,NA,NA,NA,NA,NA,NA,NA,NA,NA,NA,NA,NA,TARGET_GONE,identity no longer active
2026-10-02T16:06:07Z,APP_22001_3033686,22001,3033686,23,1936,204.800,0,0,-1,-1,0,0.999931471,NA,NA,70.000000000,MEASURED_CPU_FAULT,CPU;INTERVAL_FAULTS,NA,NA,NA,NA,NA,NA,NA,NA,NA,NA,NA,NA,NA,NA,NA,NA,NA,NA,NA,NA,NA,NA,NA,TARGET_GONE,identity no longer active
2026-10-02T16:06:07Z,APP_22001_3033686,22001,3033686,23,1937,201.499,0,0,-1,-1,0,0.999931471,NA,NA,70.000000000,MEASURED_CPU_FAULT,CPU;INTERVAL_FAULTS,NA,NA,NA,NA,NA,NA,NA,NA,NA,NA,NA,NA,NA,NA,NA,NA,NA,NA,NA,NA,NA,NA,NA,TARGET_GONE,identity no longer active
2026-10-02T16:06:07Z,APP_22001_3033686,22001,3033686,23,1938,202.639,0,0,-1,-1,0,0.999931471,NA,NA,70.000000000,MEASURED_CPU_FAULT,CPU;INTERVAL_FAULTS,NA,NA,NA,NA,NA,NA,NA,NA,NA,NA,NA,NA,NA,NA,NA,NA,NA,NA,NA,NA,NA,NA,NA,TARGET_GONE,identity no longer active
2026-10-02T16:06:08Z,APP_22001_3033686,22001,3033686,23,1939,201.802,0,0,-1,-1,0,0.999931471,NA,NA,70.000000000,MEASURED_CPU_FAULT,CPU;INTERVAL_FAULTS,NA,NA,NA,NA,NA,NA,NA,NA,NA,NA,NA,NA,NA,NA,NA,NA,NA,NA,NA,NA,NA,NA,NA,TARGET_GONE,identity no longer active
2026-10-02T16:06:08Z,APP_22001_3033686,22001,3033686,23,1940,200.866,0,0,-1,-1,0,0.999931471,NA,NA,70.000000000,MEASURED_CPU_FAULT,CPU;INTERVAL_FAULTS,NA,NA,NA,NA,NA,NA,NA,NA,NA,NA,NA,NA,NA,NA,NA,NA,NA,NA,NA,NA,NA,NA,NA,TARGET_GONE,identity no longer active
2026-10-02T16:06:08Z,APP_22001_3033686,22001,3033686,23,1941,192.192,0,0,-1,-1,0,0.999931471,NA,NA,70.000000000,MEASURED_CPU_FAULT,CPU;INTERVAL_FAULTS,NA,NA,NA,NA,NA,NA,NA,NA,NA,NA,NA,NA,NA,NA,NA,NA,NA,NA,NA,NA,NA,NA,NA,TARGET_GONE,identity no longer active
2026-10-02T16:06:08Z,APP_22001_3033686,22001,3033686,23,1942,201.083,0,0,-1,-1,0,0.999931471,NA,NA,70.000000000,MEASURED_CPU_FAULT,CPU;INTERVAL_FAULTS,NA,NA,NA,NA,NA,NA,NA,NA,NA,NA,NA,NA,NA,NA,NA,NA,NA,NA,NA,NA,NA,NA,NA,TARGET_GONE,identity no longer active
2026-10-02T16:06:08Z,APP_22001_3033686,22001,3033686,23,1943,192.000,0,0,-1,-1,0,0.999931471,NA,NA,70.000000000,MEASURED_CPU_FAULT,CPU;INTERVAL_FAULTS,NA,NA,NA,NA,NA,NA,NA,NA,NA,NA,NA,NA,NA,NA,NA,NA,NA,NA,NA,NA,NA,NA,NA,TARGET_GONE,identity no longer active
2026-10-02T16:06:08Z,APP_22001_3033686,22001,3033686,23,1944,201.117,0,0,-1,-1,0,0.999931471,NA,NA,70.000000000,MEASURED_CPU_FAULT,CPU;INTERVAL_FAULTS,NA,NA,NA,NA,NA,NA,NA,NA,NA,NA,NA,NA,NA,NA,NA,NA,NA,NA,NA,NA,NA,NA,NA,TARGET_GONE,identity no longer active
2026-10-02T16:06:08Z,APP_22001_3033686,22001,3033686,23,1945,204.391,0,0,-1,-1,0,0.999931471,NA,NA,70.000000000,MEASURED_CPU_FAULT,CPU;INTERVAL_FAULTS,NA,NA,NA,NA,NA,NA,NA,NA,NA,NA,NA,NA,NA,NA,NA,NA,NA,NA,NA,NA,NA,NA,NA,TARGET_GONE,identity no longer active
2026-10-02T16:06:08Z,APP_22001_3033686,22001,3033686,23,1946,201.802,0,0,-1,-1,0,0.999931471,NA,NA,70.000000000,MEASURED_CPU_FAULT,CPU;INTERVAL_FAULTS,NA,NA,NA,NA,NA,NA,NA,NA,NA,NA,NA,NA,NA,NA,NA,NA,NA,NA,NA,NA,NA,NA,NA,TARGET_GONE,identity no longer active
2026-10-02T16:06:09Z,APP_22001_3033686,22001,3033686,23,1947,202.906,0,0,-1,-1,0,0.999931471,NA,NA,70.000000000,MEASURED_CPU_FAULT,CPU;INTERVAL_FAULTS,NA,NA,NA,NA,NA,NA,NA,NA,NA,NA,NA,NA,NA,NA,NA,NA,NA,NA,NA,NA,NA,NA,NA,TARGET_GONE,identity no longer active
2026-10-02T16:06:09Z,APP_22001_3033686,22001,3033686,23,1948,201.802,0,0,-1,-1,0,0.999931471,NA,NA,70.000000000,MEASURED_CPU_FAULT,CPU;INTERVAL_FAULTS,NA,NA,NA,NA,NA,NA,NA,NA,NA,NA,NA,NA,NA,NA,NA,NA,NA,NA,NA,NA,NA,NA,NA,TARGET_GONE,identity no longer active
2026-10-02T16:06:09Z,APP_22001_3033686,22001,3033686,23,1949,201.083,0,0,-1,-1,0,0.999931471,NA,NA,70.000000000,MEASURED_CPU_FAULT,CPU;INTERVAL_FAULTS,NA,NA,NA,NA,NA,NA,NA,NA,NA,NA,NA,NA,NA,NA,NA,NA,NA,NA,NA,NA,NA,NA,NA,TARGET_GONE,identity no longer active
2026-10-02T16:06:09Z,APP_22001_3033686,22001,3033686,23,1950,192.481,0,0,-1,-1,0,0.999931471,NA,NA,70.000000000,MEASURED_CPU_FAULT,CPU;INTERVAL_FAULTS,NA,NA,NA,NA,NA,NA,NA,NA,NA,NA,NA,NA,NA,NA,NA,NA,NA,NA,NA,NA,NA,NA,NA,TARGET_GONE,identity no longer active
2026-10-02T16:06:09Z,APP_22001_3033686,22001,3033686,23,1951,201.083,0,0,-1,-1,0,0.999931471,NA,NA,70.000000000,MEASURED_CPU_FAULT,CPU;INTERVAL_FAULTS,NA,NA,NA,NA,NA,NA,NA,NA,NA,NA,NA,NA,NA,NA,NA,NA,NA,NA,NA,NA,NA,NA,NA,TARGET_GONE,identity no longer active
2026-10-02T16:06:09Z,APP_22001_3033686,22001,3033686,23,1952,192.000,0,0,-1,-1,0,0.999931471,NA,NA,70.000000000,MEASURED_CPU_FAULT,CPU;INTERVAL_FAULTS,NA,NA,NA,NA,NA,NA,NA,NA,NA,NA,NA,NA,NA,NA,NA,NA,NA,NA,NA,NA,NA,NA,NA,TARGET_GONE,identity no longer active
2026-10-02T16:06:09Z,APP_22001_3033686,22001,3033686,23,1953,200.557,0,0,-1,-1,0,0.999931471,NA,NA,70.000000000,MEASURED_CPU_FAULT,CPU;INTERVAL_FAULTS,NA,NA,NA,NA,NA,NA,NA,NA,NA,NA,NA,NA,NA,NA,NA,NA,NA,NA,NA,NA,NA,NA,NA,TARGET_GONE,identity no longer active
2026-10-02T16:06:09Z,APP_22001_3033686,22001,3033686,23,1954,204.391,0,0,-1,-1,0,0.999931471,NA,NA,70.000000000,MEASURED_CPU_FAULT,CPU;INTERVAL_FAULTS,NA,NA,NA,NA,NA,NA,NA,NA,NA,NA,NA,NA,NA,NA,NA,NA,NA,NA,NA,NA,NA,NA,NA,TARGET_GONE,identity no longer active
2026-10-02T16:06:10Z,APP_22001_3033686,22001,3033686,23,1955,201.499,0,0,-1,-1,0,0.999931471,NA,NA,70.000000000,MEASURED_CPU_FAULT,CPU;INTERVAL_FAULTS,NA,NA,NA,NA,NA,NA,NA,NA,NA,NA,NA,NA,NA,NA,NA,NA,NA,NA,NA,NA,NA,NA,NA,TARGET_GONE,identity no longer active
2026-10-02T16:06:10Z,APP_22001_3033686,22001,3033686,23,1956,202.906,0,0,-1,-1,0,0.999931471,NA,NA,70.000000000,MEASURED_CPU_FAULT,CPU;INTERVAL_FAULTS,NA,NA,NA,NA,NA,NA,NA,NA,NA,NA,NA,NA,NA,NA,NA,NA,NA,NA,NA,NA,NA,NA,NA,TARGET_GONE,identity no longer active
2026-10-02T16:06:10Z,APP_22001_3033686,22001,3033686,23,1957,201.802,0,0,-1,-1,0,0.999931471,NA,NA,70.000000000,MEASURED_CPU_FAULT,CPU;INTERVAL_FAULTS,NA,NA,NA,NA,NA,NA,NA,NA,NA,NA,NA,NA,NA,NA,NA,NA,NA,NA,NA,NA,NA,NA,NA,TARGET_GONE,identity no longer active
2026-10-02T16:06:10Z,APP_22001_3033686,22001,3033686,23,1958,201.083,0,0,-1,-1,0,0.999931471,NA,NA,70.000000000,MEASURED_CPU_FAULT,CPU;INTERVAL_FAULTS,NA,NA,NA,NA,NA,NA,NA,NA,NA,NA,NA,NA,NA,NA,NA,NA,NA,NA,NA,NA,NA,NA,NA,TARGET_GONE,identity no longer active
2026-10-02T16:06:10Z,APP_22001_3033686,22001,3033686,23,1959,191.904,0,0,-1,-1,0,0.999931471,NA,NA,70.000000000,MEASURED_CPU_FAULT,CPU;INTERVAL_FAULTS,NA,NA,NA,NA,NA,NA,NA,NA,NA,NA,NA,NA,NA,NA,NA,NA,NA,NA,NA,NA,NA,NA,NA,TARGET_GONE,identity no longer active
2026-10-02T16:06:10Z,APP_22001_3033686,22001,3033686,23,1960,201.083,0,0,-1,-1,0,0.999931471,NA,NA,70.000000000,MEASURED_CPU_FAULT,CPU;INTERVAL_FAULTS,NA,NA,NA,NA,NA,NA,NA,NA,NA,NA,NA,NA,NA,NA,NA,NA,NA,NA,NA,NA,NA,NA,NA,TARGET_GONE,identity no longer active
2026-10-02T16:06:10Z,APP_22001_3033686,22001,3033686,23,1961,192.771,0,0,-1,-1,0,0.999931471,NA,NA,70.000000000,MEASURED_CPU_FAULT,CPU;INTERVAL_FAULTS,NA,NA,NA,NA,NA,NA,NA,NA,NA,NA,NA,NA,NA,NA,NA,NA,NA,NA,NA,NA,NA,NA,NA,TARGET_GONE,identity no longer active
2026-10-02T16:06:10Z,APP_22001_3033686,22001,3033686,23,1962,203.109,0,0,-1,-1,0,0.999931471,NA,NA,70.000000000,MEASURED_CPU_FAULT,CPU;INTERVAL_FAULTS,NA,NA,NA,NA,NA,NA,NA,NA,NA,NA,NA,NA,NA,NA,NA,NA,NA,NA,NA,NA,NA,NA,NA,TARGET_GONE,identity no longer active
2026-10-02T16:06:11Z,APP_22001_3033686,22001,3033686,23,1963,192.000,0,0,-1,-1,0,0.999931471,NA,NA,70.000000000,MEASURED_CPU_FAULT,CPU;INTERVAL_FAULTS,NA,NA,NA,NA,NA,NA,NA,NA,NA,NA,NA,NA,NA,NA,NA,NA,NA,NA,NA,NA,NA,NA,NA,TARGET_GONE,identity no longer active
2026-10-02T16:06:11Z,APP_22001_3033686,22001,3033686,23,1964,201.802,0,0,-1,-1,0,0.999931471,NA,NA,70.000000000,MEASURED_CPU_FAULT,CPU;INTERVAL_FAULTS,NA,NA,NA,NA,NA,NA,NA,NA,NA,NA,NA,NA,NA,NA,NA,NA,NA,NA,NA,NA,NA,NA,NA,TARGET_GONE,identity no longer active
2026-10-02T16:06:11Z,APP_22001_3033686,22001,3033686,23,1965,204.082,0,0,-1,-1,0,0.999931471,NA,NA,70.000000000,MEASURED_CPU_FAULT,CPU;INTERVAL_FAULTS,NA,NA,NA,NA,NA,NA,NA,NA,NA,NA,NA,NA,NA,NA,NA,NA,NA,NA,NA,NA,NA,NA,NA,TARGET_GONE,identity no longer active
2026-10-02T16:06:11Z,APP_22001_3033686,22001,3033686,23,1966,201.802,0,0,-1,-1,0,0.999931471,NA,NA,70.000000000,MEASURED_CPU_FAULT,CPU;INTERVAL_FAULTS,NA,NA,NA,NA,NA,NA,NA,NA,NA,NA,NA,NA,NA,NA,NA,NA,NA,NA,NA,NA,NA,NA,NA,TARGET_GONE,identity no longer active
2026-10-02T16:06:11Z,APP_22001_3033686,22001,3033686,23,1967,194.967,0,0,-1,-1,0,0.999931471,NA,NA,70.000000000,MEASURED_CPU_FAULT,CPU;INTERVAL_FAULTS,NA,NA,NA,NA,NA,NA,NA,NA,NA,NA,NA,NA,NA,NA,NA,NA,NA,NA,NA,NA,NA,NA,NA,TARGET_GONE,identity no longer active
2026-10-02T16:06:11Z,APP_22001_3033686,22001,3033686,23,1968,210.463,0,0,-1,-1,0,0.999931471,NA,NA,70.000000000,MEASURED_CPU_FAULT,CPU;INTERVAL_FAULTS,NA,NA,NA,NA,NA,NA,NA,NA,NA,NA,NA,NA,NA,NA,NA,NA,NA,NA,NA,NA,NA,NA,NA,TARGET_GONE,identity no longer active
2026-10-02T16:06:11Z,APP_22001_3033686,22001,3033686,23,1969,195.163,0,0,-1,-1,0,0.999931471,NA,NA,70.000000000,MEASURED_CPU_FAULT,CPU;INTERVAL_FAULTS,NA,NA,NA,NA,NA,NA,NA,NA,NA,NA,NA,NA,NA,NA,NA,NA,NA,NA,NA,NA,NA,NA,NA,TARGET_GONE,identity no longer active
2026-10-02T16:06:11Z,APP_22001_3033686,22001,3033686,23,1970,192.000,0,0,-1,-1,0,0.999931471,NA,NA,70.000000000,MEASURED_CPU_FAULT,CPU;INTERVAL_FAULTS,NA,NA,NA,NA,NA,NA,NA,NA,NA,NA,NA,NA,NA,NA,NA,NA,NA,NA,NA,NA,NA,NA,NA,TARGET_GONE,identity no longer active
2026-10-02T16:06:12Z,APP_22001_3033686,22001,3033686,23,1971,200.261,0,0,-1,-1,0,0.999931471,NA,NA,70.000000000,MEASURED_CPU_FAULT,CPU;INTERVAL_FAULTS,NA,NA,NA,NA,NA,NA,NA,NA,NA,NA,NA,NA,NA,NA,NA,NA,NA,NA,NA,NA,NA,NA,NA,TARGET_GONE,identity no longer active
2026-10-02T16:06:12Z,APP_22001_3033686,22001,3033686,23,1972,210.778,0,0,-1,-1,0,0.999931471,NA,NA,70.000000000,MEASURED_CPU_FAULT,CPU;INTERVAL_FAULTS,NA,NA,NA,NA,NA,NA,NA,NA,NA,NA,NA,NA,NA,NA,NA,NA,NA,NA,NA,NA,NA,NA,NA,TARGET_GONE,identity no longer active
2026-10-02T16:06:12Z,APP_22001_3033686,22001,3033686,23,1973,192.192,0,0,-1,-1,0,0.999931471,NA,NA,70.000000000,MEASURED_CPU_FAULT,CPU;INTERVAL_FAULTS,NA,NA,NA,NA,NA,NA,NA,NA,NA,NA,NA,NA,NA,NA,NA,NA,NA,NA,NA,NA,NA,NA,NA,TARGET_GONE,identity no longer active
2026-10-02T16:06:12Z,APP_22001_3033686,22001,3033686,23,1974,203.562,0,0,-1,-1,0,0.999931471,NA,NA,70.000000000,MEASURED_CPU_FAULT,CPU;INTERVAL_FAULTS,NA,NA,NA,NA,NA,NA,NA,NA,NA,NA,NA,NA,NA,NA,NA,NA,NA,NA,NA,NA,NA,NA,NA,TARGET_GONE,identity no longer active
2026-10-02T16:06:12Z,APP_22001_3033686,22001,3033686,23,1975,201.802,0,0,-1,-1,0,0.999931471,NA,NA,70.000000000,MEASURED_CPU_FAULT,CPU;INTERVAL_FAULTS,NA,NA,NA,NA,NA,NA,NA,NA,NA,NA,NA,NA,NA,NA,NA,NA,NA,NA,NA,NA,NA,NA,NA,TARGET_GONE,identity no longer active
2026-10-02T16:06:12Z,APP_22001_3033686,22001,3033686,23,1976,201.893,0,0,-1,-1,0,0.999931471,NA,NA,70.000000000,MEASURED_CPU_FAULT,CPU;INTERVAL_FAULTS,NA,NA,NA,NA,NA,NA,NA,NA,NA,NA,NA,NA,NA,NA,NA,NA,NA,NA,NA,NA,NA,NA,NA,TARGET_GONE,identity no longer active
2026-10-02T16:06:12Z,APP_22001_3033686,22001,3033686,23,1977,191.617,0,0,-1,-1,0,0.999931471,NA,NA,70.000000000,MEASURED_CPU_FAULT,CPU;INTERVAL_FAULTS,NA,NA,NA,NA,NA,NA,NA,NA,NA,NA,NA,NA,NA,NA,NA,NA,NA,NA,NA,NA,NA,NA,NA,TARGET_GONE,identity no longer active
2026-10-02T16:06:12Z,APP_22001_3033686,22001,3033686,23,1978,201.893,0,0,-1,-1,0,0.999931471,NA,NA,70.000000000,MEASURED_CPU_FAULT,CPU;INTERVAL_FAULTS,NA,NA,NA,NA,NA,NA,NA,NA,NA,NA,NA,NA,NA,NA,NA,NA,NA,NA,NA,NA,NA,NA,NA,TARGET_GONE,identity no longer active
2026-10-02T16:06:12Z,APP_22001_3033686,22001,3033686,23,1979,201.499,0,0,-1,-1,0,0.999931471,NA,NA,70.000000000,MEASURED_CPU_FAULT,CPU;INTERVAL_FAULTS,NA,NA,NA,NA,NA,NA,NA,NA,NA,NA,NA,NA,NA,NA,NA,NA,NA,NA,NA,NA,NA,NA,NA,TARGET_GONE,identity no longer active
2026-10-02T16:06:13Z,APP_22001_3033686,22001,3033686,23,1980,197.666,0,0,-1,-1,0,0.999931471,NA,NA,70.000000000,MEASURED_CPU_FAULT,CPU;INTERVAL_FAULTS,NA,NA,NA,NA,NA,NA,NA,NA,NA,NA,NA,NA,NA,NA,NA,NA,NA,NA,NA,NA,NA,NA,NA,TARGET_GONE,identity no longer active
2026-10-02T16:06:13Z,APP_22001_3033686,22001,3033686,23,1981,211.411,0,0,-1,-1,0,0.999931471,NA,NA,70.000000000,MEASURED_CPU_FAULT,CPU;INTERVAL_FAULTS,NA,NA,NA,NA,NA,NA,NA,NA,NA,NA,NA,NA,NA,NA,NA,NA,NA,NA,NA,NA,NA,NA,NA,TARGET_GONE,identity no longer active
2026-10-02T16:06:13Z,APP_22001_3033686,22001,3033686,23,1982,200.897,0,0,-1,-1,0,0.999931471,NA,NA,70.000000000,MEASURED_CPU_FAULT,CPU;INTERVAL_FAULTS,NA,NA,NA,NA,NA,NA,NA,NA,NA,NA,NA,NA,NA,NA,NA,NA,NA,NA,NA,NA,NA,NA,NA,TARGET_GONE,identity no longer active
2026-10-02T16:06:13Z,APP_22001_3033686,22001,3033686,23,1983,195.918,0,0,-1,-1,0,0.999931471,NA,NA,70.000000000,MEASURED_CPU_FAULT,CPU;INTERVAL_FAULTS,NA,NA,NA,NA,NA,NA,NA,NA,NA,NA,NA,NA,NA,NA,NA,NA,NA,NA,NA,NA,NA,NA,NA,TARGET_GONE,identity no longer active
2026-10-02T16:06:13Z,APP_22001_3033686,22001,3033686,23,1984,201.802,0,0,-1,-1,0,0.999931471,NA,NA,70.000000000,MEASURED_CPU_FAULT,CPU;INTERVAL_FAULTS,NA,NA,NA,NA,NA,NA,NA,NA,NA,NA,NA,NA,NA,NA,NA,NA,NA,NA,NA,NA,NA,NA,NA,TARGET_GONE,identity no longer active
2026-10-02T16:06:13Z,APP_22001_3033686,22001,3033686,23,1985,201.893,0,0,-1,-1,0,0.999931471,NA,NA,70.000000000,MEASURED_CPU_FAULT,CPU;INTERVAL_FAULTS,NA,NA,NA,NA,NA,NA,NA,NA,NA,NA,NA,NA,NA,NA,NA,NA,NA,NA,NA,NA,NA,NA,NA,TARGET_GONE,identity no longer active
2026-10-02T16:06:13Z,APP_22001_3033686,22001,3033686,23,1986,201.198,0,0,-1,-1,0,0.999931471,NA,NA,70.000000000,MEASURED_CPU_FAULT,CPU;INTERVAL_FAULTS,NA,NA,NA,NA,NA,NA,NA,NA,NA,NA,NA,NA,NA,NA,NA,NA,NA,NA,NA,NA,NA,NA,NA,TARGET_GONE,identity no longer active
2026-10-02T16:06:13Z,APP_22001_3033686,22001,3033686,23,1987,201.681,0,0,-1,-1,0,0.999931471,NA,NA,70.000000000,MEASURED_CPU_FAULT,CPU;INTERVAL_FAULTS,NA,NA,NA,NA,NA,NA,NA,NA,NA,NA,NA,NA,NA,NA,NA,NA,NA,NA,NA,NA,NA,NA,NA,TARGET_GONE,identity no longer active
2026-10-02T16:06:14Z,APP_22001_3033686,22001,3033686,23,1988,201.499,0,0,-1,-1,0,0.999931471,NA,NA,70.000000000,MEASURED_CPU_FAULT,CPU;INTERVAL_FAULTS,NA,NA,NA,NA,NA,NA,NA,NA,NA,NA,NA,NA,NA,NA,NA,NA,NA,NA,NA,NA,NA,NA,NA,TARGET_GONE,identity no longer active
2026-10-02T16:06:14Z,APP_22001_3033686,22001,3033686,23,1989,197.531,0,0,-1,-1,0,0.999931471,NA,NA,70.000000000,MEASURED_CPU_FAULT,CPU;INTERVAL_FAULTS,NA,NA,NA,NA,NA,NA,NA,NA,NA,NA,NA,NA,NA,NA,NA,NA,NA,NA,NA,NA,NA,NA,NA,TARGET_GONE,identity no longer active
2026-10-02T16:06:14Z,APP_22001_3033686,22001,3033686,23,1990,210.778,0,0,-1,-1,0,0.999931471,NA,NA,70.000000000,MEASURED_CPU_FAULT,CPU;INTERVAL_FAULTS,NA,NA,NA,NA,NA,NA,NA,NA,NA,NA,NA,NA,NA,NA,NA,NA,NA,NA,NA,NA,NA,NA,NA,TARGET_GONE,identity no longer active
2026-10-02T16:06:14Z,APP_22001_3033686,22001,3033686,23,1991,201.802,0,0,-1,-1,0,0.999931471,NA,NA,70.000000000,MEASURED_CPU_FAULT,CPU;INTERVAL_FAULTS,NA,NA,NA,NA,NA,NA,NA,NA,NA,NA,NA,NA,NA,NA,NA,NA,NA,NA,NA,NA,NA,NA,NA,TARGET_GONE,identity no longer active
2026-10-02T16:06:14Z,APP_22001_3033686,22001,3033686,23,1992,195.420,0,0,-1,-1,0,0.999931471,NA,NA,70.000000000,MEASURED_CPU_FAULT,CPU;INTERVAL_FAULTS,NA,NA,NA,NA,NA,NA,NA,NA,NA,NA,NA,NA,NA,NA,NA,NA,NA,NA,NA,NA,NA,NA,NA,TARGET_GONE,identity no longer active
2026-10-02T16:06:14Z,APP_22001_3033686,22001,3033686,23,1993,201.499,0,0,-1,-1,0,0.999931471,NA,NA,70.000000000,MEASURED_CPU_FAULT,CPU;INTERVAL_FAULTS,NA,NA,NA,NA,NA,NA,NA,NA,NA,NA,NA,NA,NA,NA,NA,NA,NA,NA,NA,NA,NA,NA,NA,TARGET_GONE,identity no longer active
2026-10-02T16:06:14Z,APP_22001_3033686,22001,3033686,23,1994,201.893,0,0,-1,-1,0,0.999931471,NA,NA,70.000000000,MEASURED_CPU_FAULT,CPU;INTERVAL_FAULTS,NA,NA,NA,NA,NA,NA,NA,NA,NA,NA,NA,NA,NA,NA,NA,NA,NA,NA,NA,NA,NA,NA,NA,TARGET_GONE,identity no longer active
2026-10-02T16:06:14Z,APP_22001_3033686,22001,3033686,23,1995,201.499,0,0,-1,-1,0,0.999931471,NA,NA,70.000000000,MEASURED_CPU_FAULT,CPU;INTERVAL_FAULTS,NA,NA,NA,NA,NA,NA,NA,NA,NA,NA,NA,NA,NA,NA,NA,NA,NA,NA,NA,NA,NA,NA,NA,TARGET_GONE,identity no longer active
2026-10-02T16:06:15Z,APP_22001_3033686,22001,3033686,23,1996,194.753,0,0,-1,-1,0,0.999931471,NA,NA,70.000000000,MEASURED_CPU_FAULT,CPU;INTERVAL_FAULTS,NA,NA,NA,NA,NA,NA,NA,NA,NA,NA,NA,NA,NA,NA,NA,NA,NA,NA,NA,NA,NA,NA,NA,TARGET_GONE,identity no longer active
2026-10-02T16:06:15Z,APP_22001_3033686,22001,3033686,23,1997,201.499,0,0,-1,-1,0,0.999931471,NA,NA,70.000000000,MEASURED_CPU_FAULT,CPU;INTERVAL_FAULTS,NA,NA,NA,NA,NA,NA,NA,NA,NA,NA,NA,NA,NA,NA,NA,NA,NA,NA,NA,NA,NA,NA,NA,TARGET_GONE,identity no longer active
2026-10-02T16:06:15Z,APP_22001_3033686,22001,3033686,23,1998,202.895,0,0,-1,-1,0,0.999931471,NA,NA,70.000000000,MEASURED_CPU_FAULT,CPU;INTERVAL_FAULTS,NA,NA,NA,NA,NA,NA,NA,NA,NA,NA,NA,NA,NA,NA,NA,NA,NA,NA,NA,NA,NA,NA,NA,TARGET_GONE,identity no longer active
2026-10-02T16:06:15Z,APP_22001_3033686,22001,3033686,23,1999,191.617,0,0,-1,-1,0,0.999931471,NA,NA,70.000000000,MEASURED_CPU_FAULT,CPU;INTERVAL_FAULTS,NA,NA,NA,NA,NA,NA,NA,NA,NA,NA,NA,NA,NA,NA,NA,NA,NA,NA,NA,NA,NA,NA,NA,TARGET_GONE,identity no longer active
2026-10-02T16:06:15Z,APP_22001_3033686,22001,3033686,23,2000,201.802,0,0,-1,-1,0,0.999931471,NA,NA,70.000000000,MEASURED_CPU_FAULT,CPU;INTERVAL_FAULTS,NA,NA,NA,NA,NA,NA,NA,NA,NA,NA,NA,NA,NA,NA,NA,NA,NA,NA,NA,NA,NA,NA,NA,TARGET_GONE,identity no longer active
2026-10-02T16:06:15Z,APP_22001_3033686,22001,3033686,23,2001,203.822,0,0,-1,-1,0,0.999931471,NA,NA,70.000000000,MEASURED_CPU_FAULT,CPU;INTERVAL_FAULTS,NA,NA,NA,NA,NA,NA,NA,NA,NA,NA,NA,NA,NA,NA,NA,NA,NA,NA,NA,NA,NA,NA,NA,TARGET_GONE,identity no longer active
2026-10-02T16:06:15Z,APP_22001_3033686,22001,3033686,23,2002,192.192,0,0,-1,-1,0,0.999931471,NA,NA,70.000000000,MEASURED_CPU_FAULT,CPU;INTERVAL_FAULTS,NA,NA,NA,NA,NA,NA,NA,NA,NA,NA,NA,NA,NA,NA,NA,NA,NA,NA,NA,NA,NA,NA,NA,TARGET_GONE,identity no longer active
2026-10-02T16:06:15Z,APP_22001_3033686,22001,3033686,23,2003,201.681,0,0,-1,-1,0,0.999931471,NA,NA,70.000000000,MEASURED_CPU_FAULT,CPU;INTERVAL_FAULTS,NA,NA,NA,NA,NA,NA,NA,NA,NA,NA,NA,NA,NA,NA,NA,NA,NA,NA,NA,NA,NA,NA,NA,TARGET_GONE,identity no longer active
2026-10-02T16:06:16Z,APP_22001_3033686,22001,3033686,23,2004,201.499,0,0,-1,-1,0,0.999931471,NA,NA,70.000000000,MEASURED_CPU_FAULT,CPU;INTERVAL_FAULTS,NA,NA,NA,NA,NA,NA,NA,NA,NA,NA,NA,NA,NA,NA,NA,NA,NA,NA,NA,NA,NA,NA,NA,TARGET_GONE,identity no longer active
2026-10-02T16:06:16Z,APP_22001_3033686,22001,3033686,23,2005,200.810,0,0,-1,-1,0,0.999931471,NA,NA,70.000000000,MEASURED_CPU_FAULT,CPU;INTERVAL_FAULTS,NA,NA,NA,NA,NA,NA,NA,NA,NA,NA,NA,NA,NA,NA,NA,NA,NA,NA,NA,NA,NA,NA,NA,TARGET_GONE,identity no longer active
2026-10-02T16:06:16Z,APP_22001_3033686,22001,3033686,23,2006,201.198,0,0,-1,-1,0,0.999931471,NA,NA,70.000000000,MEASURED_CPU_FAULT,CPU;INTERVAL_FAULTS,NA,NA,NA,NA,NA,NA,NA,NA,NA,NA,NA,NA,NA,NA,NA,NA,NA,NA,NA,NA,NA,NA,NA,TARGET_GONE,identity no longer active
2026-10-02T16:06:16Z,APP_22001_3033686,22001,3033686,23,2007,199.146,0,0,-1,-1,0,0.999931471,NA,NA,70.000000000,MEASURED_CPU_FAULT,CPU;INTERVAL_FAULTS,NA,NA,NA,NA,NA,NA,NA,NA,NA,NA,NA,NA,NA,NA,NA,NA,NA,NA,NA,NA,NA,NA,NA,TARGET_GONE,identity no longer active
2026-10-02T16:06:16Z,APP_22001_3033686,22001,3033686,23,2008,192.192,0,0,-1,-1,0,0.999931471,NA,NA,70.000000000,MEASURED_CPU_FAULT,CPU;INTERVAL_FAULTS,NA,NA,NA,NA,NA,NA,NA,NA,NA,NA,NA,NA,NA,NA,NA,NA,NA,NA,NA,NA,NA,NA,NA,TARGET_GONE,identity no longer active
2026-10-02T16:06:16Z,APP_22001_3033686,22001,3033686,23,2009,201.802,0,0,-1,-1,0,0.999931471,NA,NA,70.000000000,MEASURED_CPU_FAULT,CPU;INTERVAL_FAULTS,NA,NA,NA,NA,NA,NA,NA,NA,NA,NA,NA,NA,NA,NA,NA,NA,NA,NA,NA,NA,NA,NA,NA,TARGET_GONE,identity no longer active
2026-10-02T16:06:16Z,APP_22001_3033686,22001,3033686,23,2010,197.574,0,0,-1,-1,0,0.999931471,NA,NA,70.000000000,MEASURED_CPU_FAULT,CPU;INTERVAL_FAULTS,NA,NA,NA,NA,NA,NA,NA,NA,NA,NA,NA,NA,NA,NA,NA,NA,NA,NA,NA,NA,NA,NA,NA,TARGET_GONE,identity no longer active
2026-10-02T16:06:16Z,APP_22001_3033686,22001,3033686,23,2011,201.499,0,0,-1,-1,0,0.999931471,NA,NA,70.000000000,MEASURED_CPU_FAULT,CPU;INTERVAL_FAULTS,NA,NA,NA,NA,NA,NA,NA,NA,NA,NA,NA,NA,NA,NA,NA,NA,NA,NA,NA,NA,NA,NA,NA,TARGET_GONE,identity no longer active
2026-10-02T16:06:17Z,APP_22001_3033686,22001,3033686,23,2012,202.985,0,0,-1,-1,0,0.999931471,NA,NA,70.000000000,MEASURED_CPU_FAULT,CPU;INTERVAL_FAULTS,NA,NA,NA,NA,NA,NA,NA,NA,NA,NA,NA,NA,NA,NA,NA,NA,NA,NA,NA,NA,NA,NA,NA,TARGET_GONE,identity no longer active
2026-10-02T16:06:17Z,APP_22001_3033686,22001,3033686,23,2013,191.617,0,0,-1,-1,0,0.999931471,NA,NA,70.000000000,MEASURED_CPU_FAULT,CPU;INTERVAL_FAULTS,NA,NA,NA,NA,NA,NA,NA,NA,NA,NA,NA,NA,NA,NA,NA,NA,NA,NA,NA,NA,NA,NA,NA,TARGET_GONE,identity no longer active
2026-10-02T16:06:17Z,APP_22001_3033686,22001,3033686,23,2014,202.607,0,0,-1,-1,0,0.999931471,NA,NA,70.000000000,MEASURED_CPU_FAULT,CPU;INTERVAL_FAULTS,NA,NA,NA,NA,NA,NA,NA,NA,NA,NA,NA,NA,NA,NA,NA,NA,NA,NA,NA,NA,NA,NA,NA,TARGET_GONE,identity no longer active
2026-10-02T16:06:17Z,APP_22001_3033686,22001,3033686,23,2015,200.104,0,0,-1,-1,0,0.999931471,NA,NA,70.000000000,MEASURED_CPU_FAULT,CPU;INTERVAL_FAULTS,NA,NA,NA,NA,NA,NA,NA,NA,NA,NA,NA,NA,NA,NA,NA,NA,NA,NA,NA,NA,NA,NA,NA,TARGET_GONE,identity no longer active
2026-10-02T16:06:17Z,APP_22001_3033686,22001,3033686,23,2016,191.617,0,0,-1,-1,0,0.999931471,NA,NA,70.000000000,MEASURED_CPU_FAULT,CPU;INTERVAL_FAULTS,NA,NA,NA,NA,NA,NA,NA,NA,NA,NA,NA,NA,NA,NA,NA,NA,NA,NA,NA,NA,NA,NA,NA,TARGET_GONE,identity no longer active
2026-10-02T16:06:17Z,APP_22001_3033686,22001,3033686,23,2017,201.499,0,0,-1,-1,0,0.999931471,NA,NA,70.000000000,MEASURED_CPU_FAULT,CPU;INTERVAL_FAULTS,NA,NA,NA,NA,NA,NA,NA,NA,NA,NA,NA,NA,NA,NA,NA,NA,NA,NA,NA,NA,NA,NA,NA,TARGET_GONE,identity no longer active
2026-10-02T16:06:18Z,APP_22001_3033686,22001,3033686,23,2018,203.732,0,0,-1,-1,0,0.999931471,NA,NA,70.000000000,MEASURED_CPU_FAULT,CPU;INTERVAL_FAULTS,NA,NA,NA,NA,NA,NA,NA,NA,NA,NA,NA,NA,NA,NA,NA,NA,NA,NA,NA,NA,NA,NA,NA,TARGET_GONE,identity no longer active
2026-10-02T16:06:18Z,APP_22001_3033686,22001,3033686,23,2019,201.499,0,0,-1,-1,0,0.999931471,NA,NA,70.000000000,MEASURED_CPU_FAULT,CPU;INTERVAL_FAULTS,NA,NA,NA,NA,NA,NA,NA,NA,NA,NA,NA,NA,NA,NA,NA,NA,NA,NA,NA,NA,NA,NA,NA,TARGET_GONE,identity no longer active
2026-10-02T16:06:18Z,APP_22001_3033686,22001,3033686,23,2020,196.648,0,0,-1,-1,0,0.999931471,NA,NA,70.000000000,MEASURED_CPU_FAULT,CPU;INTERVAL_FAULTS,NA,NA,NA,NA,NA,NA,NA,NA,NA,NA,NA,NA,NA,NA,NA,NA,NA,NA,NA,NA,NA,NA,NA,TARGET_GONE,identity no longer active
2026-10-02T16:06:18Z,APP_22001_3033686,22001,3033686,23,2021,201.198,0,0,-1,-1,0,0.999931471,NA,NA,70.000000000,MEASURED_CPU_FAULT,CPU;INTERVAL_FAULTS,NA,NA,NA,NA,NA,NA,NA,NA,NA,NA,NA,NA,NA,NA,NA,NA,NA,NA,NA,NA,NA,NA,NA,TARGET_GONE,identity no longer active
2026-10-02T16:06:18Z,APP_22001_3033686,22001,3033686,23,2022,202.796,0,0,-1,-1,0,0.999931471,NA,NA,70.000000000,MEASURED_CPU_FAULT,CPU;INTERVAL_FAULTS,NA,NA,NA,NA,NA,NA,NA,NA,NA,NA,NA,NA,NA,NA,NA,NA,NA,NA,NA,NA,NA,NA,NA,TARGET_GONE,identity no longer active
2026-10-02T16:06:18Z,APP_22001_3033686,22001,3033686,23,2023,199.344,0,0,-1,-1,0,0.999931471,NA,NA,70.000000000,MEASURED_CPU_FAULT,CPU;INTERVAL_FAULTS,NA,NA,NA,NA,NA,NA,NA,NA,NA,NA,NA,NA,NA,NA,NA,NA,NA,NA,NA,NA,NA,NA,NA,TARGET_GONE,identity no longer active
2026-10-02T16:06:18Z,APP_22001_3033686,22001,3033686,23,2024,191.617,0,0,-1,-1,0,0.999931471,NA,NA,70.000000000,MEASURED_CPU_FAULT,CPU;INTERVAL_FAULTS,NA,NA,NA,NA,NA,NA,NA,NA,NA,NA,NA,NA,NA,NA,NA,NA,NA,NA,NA,NA,NA,NA,NA,TARGET_GONE,identity no longer active
2026-10-02T16:06:19Z,APP_22001_3033686,22001,3033686,23,2025,211.094,0,0,-1,-1,0,0.999931471,NA,NA,70.000000000,MEASURED_CPU_FAULT,CPU;INTERVAL_FAULTS,NA,NA,NA,NA,NA,NA,NA,NA,NA,NA,NA,NA,NA,NA,NA,NA,NA,NA,NA,NA,NA,NA,NA,TARGET_GONE,identity no longer active
2026-10-02T16:06:19Z,APP_22001_3033686,22001,3033686,23,2026,197.792,0,0,-1,-1,0,0.999931471,NA,NA,70.000000000,MEASURED_CPU_FAULT,CPU;INTERVAL_FAULTS,NA,NA,NA,NA,NA,NA,NA,NA,NA,NA,NA,NA,NA,NA,NA,NA,NA,NA,NA,NA,NA,NA,NA,TARGET_GONE,identity no longer active
2026-10-02T16:06:19Z,APP_22001_3033686,22001,3033686,23,2027,191.617,0,0,-1,-1,0,0.999931471,NA,NA,70.000000000,MEASURED_CPU_FAULT,CPU;INTERVAL_FAULTS,NA,NA,NA,NA,NA,NA,NA,NA,NA,NA,NA,NA,NA,NA,NA,NA,NA,NA,NA,NA,NA,NA,NA,TARGET_GONE,identity no longer active
2026-10-02T16:06:19Z,APP_22001_3033686,22001,3033686,23,2028,202.796,0,0,-1,-1,0,0.999931471,NA,NA,70.000000000,MEASURED_CPU_FAULT,CPU;INTERVAL_FAULTS,NA,NA,NA,NA,NA,NA,NA,NA,NA,NA,NA,NA,NA,NA,NA,NA,NA,NA,NA,NA,NA,NA,NA,TARGET_GONE,identity no longer active
2026-10-02T16:06:19Z,APP_22001_3033686,22001,3033686,23,2029,201.198,0,0,-1,-1,0,0.999931471,NA,NA,70.000000000,MEASURED_CPU_FAULT,CPU;INTERVAL_FAULTS,NA,NA,NA,NA,NA,NA,NA,NA,NA,NA,NA,NA,NA,NA,NA,NA,NA,NA,NA,NA,NA,NA,NA,TARGET_GONE,identity no longer active
2026-10-02T16:06:19Z,APP_22001_3033686,22001,3033686,23,2030,197.413,0,0,-1,-1,0,0.999931471,NA,NA,70.000000000,MEASURED_CPU_FAULT,CPU;INTERVAL_FAULTS,NA,NA,NA,NA,NA,NA,NA,NA,NA,NA,NA,NA,NA,NA,NA,NA,NA,NA,NA,NA,NA,NA,NA,TARGET_GONE,identity no longer active
2026-10-02T16:06:19Z,APP_22001_3033686,22001,3033686,23,2031,201.499,0,0,-1,-1,0,0.999931471,NA,NA,70.000000000,MEASURED_CPU_FAULT,CPU;INTERVAL_FAULTS,NA,NA,NA,NA,NA,NA,NA,NA,NA,NA,NA,NA,NA,NA,NA,NA,NA,NA,NA,NA,NA,NA,NA,TARGET_GONE,identity no longer active
2026-10-02T16:06:19Z,APP_22001_3033686,22001,3033686,23,2032,199.495,0,0,-1,-1,0,0.999931471,NA,NA,70.000000000,MEASURED_CPU_FAULT,CPU;INTERVAL_FAULTS,NA,NA,NA,NA,NA,NA,NA,NA,NA,NA,NA,NA,NA,NA,NA,NA,NA,NA,NA,NA,NA,NA,NA,TARGET_GONE,identity no longer active
2026-10-02T16:06:20Z,APP_22001_3033686,22001,3033686,23,2033,210.778,0,0,-1,-1,0,0.999931471,NA,NA,70.000000000,MEASURED_CPU_FAULT,CPU;INTERVAL_FAULTS,NA,NA,NA,NA,NA,NA,NA,NA,NA,NA,NA,NA,NA,NA,NA,NA,NA,NA,NA,NA,NA,NA,NA,TARGET_GONE,identity no longer active
2026-10-02T16:06:20Z,APP_22001_3033686,22001,3033686,23,2034,202.105,0,0,-1,-1,0,0.999931471,NA,NA,70.000000000,MEASURED_CPU_FAULT,CPU;INTERVAL_FAULTS,NA,NA,NA,NA,NA,NA,NA,NA,NA,NA,NA,NA,NA,NA,NA,NA,NA,NA,NA,NA,NA,NA,NA,TARGET_GONE,identity no longer active
2026-10-02T16:06:20Z,APP_22001_3033686,22001,3033686,23,2035,191.045,0,0,-1,-1,0,0.999931471,NA,NA,70.000000000,MEASURED_CPU_FAULT,CPU;INTERVAL_FAULTS,NA,NA,NA,NA,NA,NA,NA,NA,NA,NA,NA,NA,NA,NA,NA,NA,NA,NA,NA,NA,NA,NA,NA,TARGET_GONE,identity no longer active
2026-10-02T16:06:20Z,APP_22001_3033686,22001,3033686,23,2036,201.802,0,0,-1,-1,0,0.999931471,NA,NA,70.000000000,MEASURED_CPU_FAULT,CPU;INTERVAL_FAULTS,NA,NA,NA,NA,NA,NA,NA,NA,NA,NA,NA,NA,NA,NA,NA,NA,NA,NA,NA,NA,NA,NA,NA,TARGET_GONE,identity no longer active
2026-10-02T16:06:20Z,APP_22001_3033686,22001,3033686,23,2037,200.810,0,0,-1,-1,0,0.999931471,NA,NA,70.000000000,MEASURED_CPU_FAULT,CPU;INTERVAL_FAULTS,NA,NA,NA,NA,NA,NA,NA,NA,NA,NA,NA,NA,NA,NA,NA,NA,NA,NA,NA,NA,NA,NA,NA,TARGET_GONE,identity no longer active
2026-10-02T16:06:20Z,APP_22001_3033686,22001,3033686,23,2038,201.499,0,0,-1,-1,0,0.999931471,NA,NA,70.000000000,MEASURED_CPU_FAULT,CPU;INTERVAL_FAULTS,NA,NA,NA,NA,NA,NA,NA,NA,NA,NA,NA,NA,NA,NA,NA,NA,NA,NA,NA,NA,NA,NA,NA,TARGET_GONE,identity no longer active
2026-10-02T16:06:20Z,APP_22001_3033686,22001,3033686,23,2039,201.972,0,0,-1,-1,0,0.999931471,NA,NA,70.000000000,MEASURED_CPU_FAULT,CPU;INTERVAL_FAULTS,NA,NA,NA,NA,NA,NA,NA,NA,NA,NA,NA,NA,NA,NA,NA,NA,NA,NA,NA,NA,NA,NA,NA,TARGET_GONE,identity no longer active
2026-10-02T16:06:20Z,APP_22001_3033686,22001,3033686,23,2040,202.105,0,0,-1,-1,0,0.999931471,NA,NA,70.000000000,MEASURED_CPU_FAULT,CPU;INTERVAL_FAULTS,NA,NA,NA,NA,NA,NA,NA,NA,NA,NA,NA,NA,NA,NA,NA,NA,NA,NA,NA,NA,NA,NA,NA,TARGET_GONE,identity no longer active
2026-10-02T16:06:21Z,APP_22001_3033686,22001,3033686,23,2041,200.272,0,0,-1,-1,0,0.999931471,NA,NA,70.000000000,MEASURED_CPU_FAULT,CPU;INTERVAL_FAULTS,NA,NA,NA,NA,NA,NA,NA,NA,NA,NA,NA,NA,NA,NA,NA,NA,NA,NA,NA,NA,NA,NA,NA,TARGET_GONE,identity no longer active
2026-10-02T16:06:21Z,APP_22001_3033686,22001,3033686,23,2042,192.192,0,0,-1,-1,0,0.999931471,NA,NA,70.000000000,MEASURED_CPU_FAULT,CPU;INTERVAL_FAULTS,NA,NA,NA,NA,NA,NA,NA,NA,NA,NA,NA,NA,NA,NA,NA,NA,NA,NA,NA,NA,NA,NA,NA,TARGET_GONE,identity no longer active
2026-10-02T16:06:21Z,APP_22001_3033686,22001,3033686,23,2043,201.198,0,0,-1,-1,0,0.999931471,NA,NA,70.000000000,MEASURED_CPU_FAULT,CPU;INTERVAL_FAULTS,NA,NA,NA,NA,NA,NA,NA,NA,NA,NA,NA,NA,NA,NA,NA,NA,NA,NA,NA,NA,NA,NA,NA,TARGET_GONE,identity no longer active
2026-10-02T16:06:21Z,APP_22001_3033686,22001,3033686,23,2044,195.122,0,0,-1,-1,0,0.999931471,NA,NA,70.000000000,MEASURED_CPU_FAULT,CPU;INTERVAL_FAULTS,NA,NA,NA,NA,NA,NA,NA,NA,NA,NA,NA,NA,NA,NA,NA,NA,NA,NA,NA,NA,NA,NA,NA,TARGET_GONE,identity no longer active
2026-10-02T16:06:21Z,APP_22001_3033686,22001,3033686,23,2045,201.198,0,0,-1,-1,0,0.999931471,NA,NA,70.000000000,MEASURED_CPU_FAULT,CPU;INTERVAL_FAULTS,NA,NA,NA,NA,NA,NA,NA,NA,NA,NA,NA,NA,NA,NA,NA,NA,NA,NA,NA,NA,NA,NA,NA,TARGET_GONE,identity no longer active
2026-10-02T16:06:21Z,APP_22001_3033686,22001,3033686,23,2046,208.185,0,0,-1,-1,0,0.999931471,NA,NA,70.000000000,MEASURED_CPU_FAULT,CPU;INTERVAL_FAULTS,NA,NA,NA,NA,NA,NA,NA,NA,NA,NA,NA,NA,NA,NA,NA,NA,NA,NA,NA,NA,NA,NA,NA,TARGET_GONE,identity no longer active
2026-10-02T16:06:21Z,APP_22001_3033686,22001,3033686,23,2047,192.192,0,0,-1,-1,0,0.999931471,NA,NA,70.000000000,MEASURED_CPU_FAULT,CPU;INTERVAL_FAULTS,NA,NA,NA,NA,NA,NA,NA,NA,NA,NA,NA,NA,NA,NA,NA,NA,NA,NA,NA,NA,NA,NA,NA,TARGET_GONE,identity no longer active
2026-10-02T16:06:21Z,APP_22001_3033686,22001,3033686,23,2048,201.681,0,0,-1,-1,0,0.999931471,NA,NA,70.000000000,MEASURED_CPU_FAULT,CPU;INTERVAL_FAULTS,NA,NA,NA,NA,NA,NA,NA,NA,NA,NA,NA,NA,NA,NA,NA,NA,NA,NA,NA,NA,NA,NA,NA,TARGET_GONE,identity no longer active
2026-10-02T16:06:22Z,APP_22001_3033686,22001,3033686,23,2049,201.499,0,0,-1,-1,0,0.999931471,NA,NA,70.000000000,MEASURED_CPU_FAULT,CPU;INTERVAL_FAULTS,NA,NA,NA,NA,NA,NA,NA,NA,NA,NA,NA,NA,NA,NA,NA,NA,NA,NA,NA,NA,NA,NA,NA,TARGET_GONE,identity no longer active
2026-10-02T16:06:22Z,APP_22001_3033686,22001,3033686,23,2050,195.785,0,0,-1,-1,0,0.999931471,NA,NA,70.000000000,MEASURED_CPU_FAULT,CPU;INTERVAL_FAULTS,NA,NA,NA,NA,NA,NA,NA,NA,NA,NA,NA,NA,NA,NA,NA,NA,NA,NA,NA,NA,NA,NA,NA,TARGET_GONE,identity no longer active
2026-10-02T16:06:22Z,APP_22001_3033686,22001,3033686,23,2051,210.149,0,0,-1,-1,0,0.999931471,NA,NA,70.000000000,MEASURED_CPU_FAULT,CPU;INTERVAL_FAULTS,NA,NA,NA,NA,NA,NA,NA,NA,NA,NA,NA,NA,NA,NA,NA,NA,NA,NA,NA,NA,NA,NA,NA,TARGET_GONE,identity no longer active
2026-10-02T16:06:22Z,APP_22001_3033686,22001,3033686,23,2052,202.105,0,0,-1,-1,0,0.999931471,NA,NA,70.000000000,MEASURED_CPU_FAULT,CPU;INTERVAL_FAULTS,NA,NA,NA,NA,NA,NA,NA,NA,NA,NA,NA,NA,NA,NA,NA,NA,NA,NA,NA,NA,NA,NA,NA,TARGET_GONE,identity no longer active
2026-10-02T16:06:22Z,APP_22001_3033686,22001,3033686,23,2053,194.647,0,0,-1,-1,0,0.999931471,NA,NA,70.000000000,MEASURED_CPU_FAULT,CPU;INTERVAL_FAULTS,NA,NA,NA,NA,NA,NA,NA,NA,NA,NA,NA,NA,NA,NA,NA,NA,NA,NA,NA,NA,NA,NA,NA,TARGET_GONE,identity no longer active
2026-10-02T16:06:22Z,APP_22001_3033686,22001,3033686,23,2054,211.094,0,0,-1,-1,0,0.999931471,NA,NA,70.000000000,MEASURED_CPU_FAULT,CPU;INTERVAL_FAULTS,NA,NA,NA,NA,NA,NA,NA,NA,NA,NA,NA,NA,NA,NA,NA,NA,NA,NA,NA,NA,NA,NA,NA,TARGET_GONE,identity no longer active
2026-10-02T16:06:22Z,APP_22001_3033686,22001,3033686,23,2055,191.538,0,0,-1,-1,0,0.999931471,NA,NA,70.000000000,MEASURED_CPU_FAULT,CPU;INTERVAL_FAULTS,NA,NA,NA,NA,NA,NA,NA,NA,NA,NA,NA,NA,NA,NA,NA,NA,NA,NA,NA,NA,NA,NA,NA,TARGET_GONE,identity no longer active
2026-10-02T16:06:22Z,APP_22001_3033686,22001,3033686,23,2056,201.802,0,0,-1,-1,0,0.999931471,NA,NA,70.000000000,MEASURED_CPU_FAULT,CPU;INTERVAL_FAULTS,NA,NA,NA,NA,NA,NA,NA,NA,NA,NA,NA,NA,NA,NA,NA,NA,NA,NA,NA,NA,NA,NA,NA,TARGET_GONE,identity no longer active
2026-10-02T16:06:23Z,APP_22001_3033686,22001,3033686,23,2057,200.607,0,0,-1,-1,0,0.999931471,NA,NA,70.000000000,MEASURED_CPU_FAULT,CPU;INTERVAL_FAULTS,NA,NA,NA,NA,NA,NA,NA,NA,NA,NA,NA,NA,NA,NA,NA,NA,NA,NA,NA,NA,NA,NA,NA,TARGET_GONE,identity no longer active
2026-10-02T16:06:23Z,APP_22001_3033686,22001,3033686,23,2058,201.499,0,0,-1,-1,0,0.999931471,NA,NA,70.000000000,MEASURED_CPU_FAULT,CPU;INTERVAL_FAULTS,NA,NA,NA,NA,NA,NA,NA,NA,NA,NA,NA,NA,NA,NA,NA,NA,NA,NA,NA,NA,NA,NA,NA,TARGET_GONE,identity no longer active
2026-10-02T16:06:23Z,APP_22001_3033686,22001,3033686,23,2059,201.093,0,0,-1,-1,0,0.999931471,NA,NA,70.000000000,MEASURED_CPU_FAULT,CPU;INTERVAL_FAULTS,NA,NA,NA,NA,NA,NA,NA,NA,NA,NA,NA,NA,NA,NA,NA,NA,NA,NA,NA,NA,NA,NA,NA,TARGET_GONE,identity no longer active
2026-10-02T16:06:23Z,APP_22001_3033686,22001,3033686,23,2060,191.617,0,0,-1,-1,0,0.999931471,NA,NA,70.000000000,MEASURED_CPU_FAULT,CPU;INTERVAL_FAULTS,NA,NA,NA,NA,NA,NA,NA,NA,NA,NA,NA,NA,NA,NA,NA,NA,NA,NA,NA,NA,NA,NA,NA,TARGET_GONE,identity no longer active
2026-10-02T16:06:23Z,APP_22001_3033686,22001,3033686,23,2061,201.499,0,0,-1,-1,0,0.999931471,NA,NA,70.000000000,MEASURED_CPU_FAULT,CPU;INTERVAL_FAULTS,NA,NA,NA,NA,NA,NA,NA,NA,NA,NA,NA,NA,NA,NA,NA,NA,NA,NA,NA,NA,NA,NA,NA,TARGET_GONE,identity no longer active
2026-10-02T16:06:23Z,APP_22001_3033686,22001,3033686,23,2062,204.180,0,0,-1,-1,0,0.999931471,NA,NA,70.000000000,MEASURED_CPU_FAULT,CPU;INTERVAL_FAULTS,NA,NA,NA,NA,NA,NA,NA,NA,NA,NA,NA,NA,NA,NA,NA,NA,NA,NA,NA,NA,NA,NA,NA,TARGET_GONE,identity no longer active
2026-10-02T16:06:23Z,APP_22001_3033686,22001,3033686,23,2063,201.499,0,0,-1,-1,0,0.999931471,NA,NA,70.000000000,MEASURED_CPU_FAULT,CPU;INTERVAL_FAULTS,NA,NA,NA,NA,NA,NA,NA,NA,NA,NA,NA,NA,NA,NA,NA,NA,NA,NA,NA,NA,NA,NA,NA,TARGET_GONE,identity no longer active
2026-10-02T16:06:23Z,APP_22001_3033686,22001,3033686,23,2064,196.283,0,0,-1,-1,0,0.999931471,NA,NA,70.000000000,MEASURED_CPU_FAULT,CPU;INTERVAL_FAULTS,NA,NA,NA,NA,NA,NA,NA,NA,NA,NA,NA,NA,NA,NA,NA,NA,NA,NA,NA,NA,NA,NA,NA,TARGET_GONE,identity no longer active
2026-10-02T16:06:24Z,APP_22001_3033686,22001,3033686,23,2065,201.198,0,0,-1,-1,0,0.999931471,NA,NA,70.000000000,MEASURED_CPU_FAULT,CPU;INTERVAL_FAULTS,NA,NA,NA,NA,NA,NA,NA,NA,NA,NA,NA,NA,NA,NA,NA,NA,NA,NA,NA,NA,NA,NA,NA,TARGET_GONE,identity no longer active
2026-10-02T16:06:24Z,APP_22001_3033686,22001,3033686,23,2066,201.421,0,0,-1,-1,0,0.999931471,NA,NA,70.000000000,MEASURED_CPU_FAULT,CPU;INTERVAL_FAULTS,NA,NA,NA,NA,NA,NA,NA,NA,NA,NA,NA,NA,NA,NA,NA,NA,NA,NA,NA,NA,NA,NA,NA,TARGET_GONE,identity no longer active
2026-10-02T16:06:24Z,APP_22001_3033686,22001,3033686,23,2067,201.802,0,0,-1,-1,0,0.999931471,NA,NA,70.000000000,MEASURED_CPU_FAULT,CPU;INTERVAL_FAULTS,NA,NA,NA,NA,NA,NA,NA,NA,NA,NA,NA,NA,NA,NA,NA,NA,NA,NA,NA,NA,NA,NA,NA,TARGET_GONE,identity no longer active
2026-10-02T16:06:24Z,APP_22001_3033686,22001,3033686,23,2068,201.381,0,0,-1,-1,0,0.999931471,NA,NA,70.000000000,MEASURED_CPU_FAULT,CPU;INTERVAL_FAULTS,NA,NA,NA,NA,NA,NA,NA,NA,NA,NA,NA,NA,NA,NA,NA,NA,NA,NA,NA,NA,NA,NA,NA,TARGET_GONE,identity no longer active
2026-10-02T16:06:24Z,APP_22001_3033686,22001,3033686,23,2069,191.617,0,0,-1,-1,0,0.999931471,NA,NA,70.000000000,MEASURED_CPU_FAULT,CPU;INTERVAL_FAULTS,NA,NA,NA,NA,NA,NA,NA,NA,NA,NA,NA,NA,NA,NA,NA,NA,NA,NA,NA,NA,NA,NA,NA,TARGET_GONE,identity no longer active
2026-10-02T16:06:24Z,APP_22001_3033686,22001,3033686,23,2070,202.105,0,0,-1,-1,0,0.999931471,NA,NA,70.000000000,MEASURED_CPU_FAULT,CPU;INTERVAL_FAULTS,NA,NA,NA,NA,NA,NA,NA,NA,NA,NA,NA,NA,NA,NA,NA,NA,NA,NA,NA,NA,NA,NA,NA,TARGET_GONE,identity no longer active
2026-10-02T16:06:24Z,APP_22001_3033686,22001,3033686,23,2071,204.878,0,0,-1,-1,0,0.999931471,NA,NA,70.000000000,MEASURED_CPU_FAULT,CPU;INTERVAL_FAULTS,NA,NA,NA,NA,NA,NA,NA,NA,NA,NA,NA,NA,NA,NA,NA,NA,NA,NA,NA,NA,NA,NA,NA,TARGET_GONE,identity no longer active
2026-10-02T16:06:24Z,APP_22001_3033686,22001,3033686,23,2072,192.192,0,0,-1,-1,0,0.999931471,NA,NA,70.000000000,MEASURED_CPU_FAULT,CPU;INTERVAL_FAULTS,NA,NA,NA,NA,NA,NA,NA,NA,NA,NA,NA,NA,NA,NA,NA,NA,NA,NA,NA,NA,NA,NA,NA,TARGET_GONE,identity no longer active
2026-10-02T16:06:25Z,APP_22001_3033686,22001,3033686,23,2073,201.217,0,0,-1,-1,0,0.999931471,NA,NA,70.000000000,MEASURED_CPU_FAULT,CPU;INTERVAL_FAULTS,NA,NA,NA,NA,NA,NA,NA,NA,NA,NA,NA,NA,NA,NA,NA,NA,NA,NA,NA,NA,NA,NA,NA,TARGET_GONE,identity no longer active
2026-10-02T16:06:25Z,APP_22001_3033686,22001,3033686,23,2074,201.499,0,0,-1,-1,0,0.999931471,NA,NA,70.000000000,MEASURED_CPU_FAULT,CPU;INTERVAL_FAULTS,NA,NA,NA,NA,NA,NA,NA,NA,NA,NA,NA,NA,NA,NA,NA,NA,NA,NA,NA,NA,NA,NA,NA,TARGET_GONE,identity no longer active
2026-10-02T16:06:25Z,APP_22001_3033686,22001,3033686,23,2075,200.810,0,0,-1,-1,0,0.999931471,NA,NA,70.000000000,MEASURED_CPU_FAULT,CPU;INTERVAL_FAULTS,NA,NA,NA,NA,NA,NA,NA,NA,NA,NA,NA,NA,NA,NA,NA,NA,NA,NA,NA,NA,NA,NA,NA,TARGET_GONE,identity no longer active
2026-10-02T16:06:25Z,APP_22001_3033686,22001,3033686,23,2076,201.499,0,0,-1,-1,0,0.999931471,NA,NA,70.000000000,MEASURED_CPU_FAULT,CPU;INTERVAL_FAULTS,NA,NA,NA,NA,NA,NA,NA,NA,NA,NA,NA,NA,NA,NA,NA,NA,NA,NA,NA,NA,NA,NA,NA,TARGET_GONE,identity no longer active
2026-10-02T16:06:25Z,APP_22001_3033686,22001,3033686,23,2077,197.938,0,0,-1,-1,0,0.999931471,NA,NA,70.000000000,MEASURED_CPU_FAULT,CPU;INTERVAL_FAULTS,NA,NA,NA,NA,NA,NA,NA,NA,NA,NA,NA,NA,NA,NA,NA,NA,NA,NA,NA,NA,NA,NA,NA,TARGET_GONE,identity no longer active
2026-10-02T16:06:25Z,APP_22001_3033686,22001,3033686,23,2078,205.210,0,0,-1,-1,0,0.999931471,NA,NA,70.000000000,MEASURED_CPU_FAULT,CPU;INTERVAL_FAULTS,NA,NA,NA,NA,NA,NA,NA,NA,NA,NA,NA,NA,NA,NA,NA,NA,NA,NA,NA,NA,NA,NA,NA,TARGET_GONE,identity no longer active
2026-10-02T16:06:25Z,APP_22001_3033686,22001,3033686,23,2079,191.617,0,0,-1,-1,0,0.999931471,NA,NA,70.000000000,MEASURED_CPU_FAULT,CPU;INTERVAL_FAULTS,NA,NA,NA,NA,NA,NA,NA,NA,NA,NA,NA,NA,NA,NA,NA,NA,NA,NA,NA,NA,NA,NA,NA,TARGET_GONE,identity no longer active
2026-10-02T16:06:25Z,APP_22001_3033686,22001,3033686,23,2080,205.505,0,0,-1,-1,0,0.999931471,NA,NA,70.000000000,MEASURED_CPU_FAULT,CPU;INTERVAL_FAULTS,NA,NA,NA,NA,NA,NA,NA,NA,NA,NA,NA,NA,NA,NA,NA,NA,NA,NA,NA,NA,NA,NA,NA,TARGET_GONE,identity no longer active
2026-10-02T16:06:26Z,APP_22001_3033686,22001,3033686,23,2081,201.198,0,0,-1,-1,0,0.999931471,NA,NA,70.000000000,MEASURED_CPU_FAULT,CPU;INTERVAL_FAULTS,NA,NA,NA,NA,NA,NA,NA,NA,NA,NA,NA,NA,NA,NA,NA,NA,NA,NA,NA,NA,NA,NA,NA,TARGET_GONE,identity no longer active
2026-10-02T16:06:26Z,APP_22001_3033686,22001,3033686,23,2082,201.013,0,0,-1,-1,0,0.999931471,NA,NA,70.000000000,MEASURED_CPU_FAULT,CPU;INTERVAL_FAULTS,NA,NA,NA,NA,NA,NA,NA,NA,NA,NA,NA,NA,NA,NA,NA,NA,NA,NA,NA,NA,NA,NA,NA,TARGET_GONE,identity no longer active
2026-10-02T16:06:26Z,APP_22001_3033686,22001,3033686,23,2083,201.802,0,0,-1,-1,0,0.999931471,NA,NA,70.000000000,MEASURED_CPU_FAULT,CPU;INTERVAL_FAULTS,NA,NA,NA,NA,NA,NA,NA,NA,NA,NA,NA,NA,NA,NA,NA,NA,NA,NA,NA,NA,NA,NA,NA,TARGET_GONE,identity no longer active
2026-10-02T16:06:26Z,APP_22001_3033686,22001,3033686,23,2084,194.529,0,0,-1,-1,0,0.999931471,NA,NA,70.000000000,MEASURED_CPU_FAULT,CPU;INTERVAL_FAULTS,NA,NA,NA,NA,NA,NA,NA,NA,NA,NA,NA,NA,NA,NA,NA,NA,NA,NA,NA,NA,NA,NA,NA,TARGET_GONE,identity no longer active
2026-10-02T16:06:26Z,APP_22001_3033686,22001,3033686,23,2085,201.198,0,0,-1,-1,0,0.999931471,NA,NA,70.000000000,MEASURED_CPU_FAULT,CPU;INTERVAL_FAULTS,NA,NA,NA,NA,NA,NA,NA,NA,NA,NA,NA,NA,NA,NA,NA,NA,NA,NA,NA,NA,NA,NA,NA,TARGET_GONE,identity no longer active
2026-10-02T16:06:26Z,APP_22001_3033686,22001,3033686,23,2086,203.873,0,0,-1,-1,0,0.999931471,NA,NA,70.000000000,MEASURED_CPU_FAULT,CPU;INTERVAL_FAULTS,NA,NA,NA,NA,NA,NA,NA,NA,NA,NA,NA,NA,NA,NA,NA,NA,NA,NA,NA,NA,NA,NA,NA,TARGET_GONE,identity no longer active
2026-10-02T16:06:26Z,APP_22001_3033686,22001,3033686,23,2087,191.045,0,0,-1,-1,0,0.999931471,NA,NA,70.000000000,MEASURED_CPU_FAULT,CPU;INTERVAL_FAULTS,NA,NA,NA,NA,NA,NA,NA,NA,NA,NA,NA,NA,NA,NA,NA,NA,NA,NA,NA,NA,NA,NA,NA,TARGET_GONE,identity no longer active
2026-10-02T16:06:26Z,APP_22001_3033686,22001,3033686,23,2088,201.802,0,0,-1,-1,0,0.999931471,NA,NA,70.000000000,MEASURED_CPU_FAULT,CPU;INTERVAL_FAULTS,NA,NA,NA,NA,NA,NA,NA,NA,NA,NA,NA,NA,NA,NA,NA,NA,NA,NA,NA,NA,NA,NA,NA,TARGET_GONE,identity no longer active
2026-10-02T16:06:27Z,APP_22001_3033686,22001,3033686,23,2089,199.253,0,0,-1,-1,0,0.999931471,NA,NA,70.000000000,MEASURED_CPU_FAULT,CPU;INTERVAL_FAULTS,NA,NA,NA,NA,NA,NA,NA,NA,NA,NA,NA,NA,NA,NA,NA,NA,NA,NA,NA,NA,NA,NA,NA,TARGET_GONE,identity no longer active
2026-10-02T16:06:27Z,APP_22001_3033686,22001,3033686,23,2090,192.192,0,0,-1,-1,0,0.999931471,NA,NA,70.000000000,MEASURED_CPU_FAULT,CPU;INTERVAL_FAULTS,NA,NA,NA,NA,NA,NA,NA,NA,NA,NA,NA,NA,NA,NA,NA,NA,NA,NA,NA,NA,NA,NA,NA,TARGET_GONE,identity no longer active
2026-10-02T16:06:27Z,APP_22001_3033686,22001,3033686,23,2091,204.536,0,0,-1,-1,0,0.999931471,NA,NA,70.000000000,MEASURED_CPU_FAULT,CPU;INTERVAL_FAULTS,NA,NA,NA,NA,NA,NA,NA,NA,NA,NA,NA,NA,NA,NA,NA,NA,NA,NA,NA,NA,NA,NA,NA,TARGET_GONE,identity no longer active
2026-10-02T16:06:27Z,APP_22001_3033686,22001,3033686,23,2092,201.499,0,0,-1,-1,0,0.999931471,NA,NA,70.000000000,MEASURED_CPU_FAULT,CPU;INTERVAL_FAULTS,NA,NA,NA,NA,NA,NA,NA,NA,NA,NA,NA,NA,NA,NA,NA,NA,NA,NA,NA,NA,NA,NA,NA,TARGET_GONE,identity no longer active
2026-10-02T16:06:27Z,APP_22001_3033686,22001,3033686,23,2093,196.831,0,0,-1,-1,0,0.999931471,NA,NA,70.000000000,MEASURED_CPU_FAULT,CPU;INTERVAL_FAULTS,NA,NA,NA,NA,NA,NA,NA,NA,NA,NA,NA,NA,NA,NA,NA,NA,NA,NA,NA,NA,NA,NA,NA,TARGET_GONE,identity no longer active
2026-10-02T16:06:27Z,APP_22001_3033686,22001,3033686,23,2094,201.802,0,0,-1,-1,0,0.999931471,NA,NA,70.000000000,MEASURED_CPU_FAULT,CPU;INTERVAL_FAULTS,NA,NA,NA,NA,NA,NA,NA,NA,NA,NA,NA,NA,NA,NA,NA,NA,NA,NA,NA,NA,NA,NA,NA,TARGET_GONE,identity no longer active
2026-10-02T16:06:27Z,APP_22001_3033686,22001,3033686,23,2095,199.005,0,0,-1,-1,0,0.999931471,NA,NA,70.000000000,MEASURED_CPU_FAULT,CPU;INTERVAL_FAULTS,NA,NA,NA,NA,NA,NA,NA,NA,NA,NA,NA,NA,NA,NA,NA,NA,NA,NA,NA,NA,NA,NA,NA,TARGET_GONE,identity no longer active
2026-10-02T16:06:28Z,APP_22001_3033686,22001,3033686,23,2096,204.800,0,0,-1,-1,0,0.999931471,NA,NA,70.000000000,MEASURED_CPU_FAULT,CPU;INTERVAL_FAULTS,NA,NA,NA,NA,NA,NA,NA,NA,NA,NA,NA,NA,NA,NA,NA,NA,NA,NA,NA,NA,NA,NA,NA,TARGET_GONE,identity no longer active
2026-10-02T16:06:28Z,APP_22001_3033686,22001,3033686,23,2097,201.499,0,0,-1,-1,0,0.999931471,NA,NA,70.000000000,MEASURED_CPU_FAULT,CPU;INTERVAL_FAULTS,NA,NA,NA,NA,NA,NA,NA,NA,NA,NA,NA,NA,NA,NA,NA,NA,NA,NA,NA,NA,NA,NA,NA,TARGET_GONE,identity no longer active
2026-10-02T16:06:28Z,APP_22001_3033686,22001,3033686,23,2098,201.368,0,0,-1,-1,0,0.999931471,NA,NA,70.000000000,MEASURED_CPU_FAULT,CPU;INTERVAL_FAULTS,NA,NA,NA,NA,NA,NA,NA,NA,NA,NA,NA,NA,NA,NA,NA,NA,NA,NA,NA,NA,NA,NA,NA,TARGET_GONE,identity no longer active
2026-10-02T16:06:28Z,APP_22001_3033686,22001,3033686,23,2099,191.617,0,0,-1,-1,0,0.999931471,NA,NA,70.000000000,MEASURED_CPU_FAULT,CPU;INTERVAL_FAULTS,NA,NA,NA,NA,NA,NA,NA,NA,NA,NA,NA,NA,NA,NA,NA,NA,NA,NA,NA,NA,NA,NA,NA,TARGET_GONE,identity no longer active
2026-10-02T16:06:28Z,APP_22001_3033686,22001,3033686,23,2100,205.993,0,0,-1,-1,0,0.999931471,NA,NA,70.000000000,MEASURED_CPU_FAULT,CPU;INTERVAL_FAULTS,NA,NA,NA,NA,NA,NA,NA,NA,NA,NA,NA,NA,NA,NA,NA,NA,NA,NA,NA,NA,NA,NA,NA,TARGET_GONE,identity no longer active
2026-10-02T16:06:28Z,APP_22001_3033686,22001,3033686,23,2101,192.000,0,0,-1,-1,0,0.999931471,NA,NA,70.000000000,MEASURED_CPU_FAULT,CPU;INTERVAL_FAULTS,NA,NA,NA,NA,NA,NA,NA,NA,NA,NA,NA,NA,NA,NA,NA,NA,NA,NA,NA,NA,NA,NA,NA,TARGET_GONE,identity no longer active
2026-10-02T16:06:28Z,APP_22001_3033686,22001,3033686,23,2102,201.802,0,0,-1,-1,0,0.999931471,NA,NA,70.000000000,MEASURED_CPU_FAULT,CPU;INTERVAL_FAULTS,NA,NA,NA,NA,NA,NA,NA,NA,NA,NA,NA,NA,NA,NA,NA,NA,NA,NA,NA,NA,NA,NA,NA,TARGET_GONE,identity no longer active
2026-10-02T16:06:28Z,APP_22001_3033686,22001,3033686,23,2103,200.545,0,0,-1,-1,0,0.999931471,NA,NA,70.000000000,MEASURED_CPU_FAULT,CPU;INTERVAL_FAULTS,NA,NA,NA,NA,NA,NA,NA,NA,NA,NA,NA,NA,NA,NA,NA,NA,NA,NA,NA,NA,NA,NA,NA,TARGET_GONE,identity no longer active
2026-10-02T16:06:28Z,APP_22001_3033686,22001,3033686,23,2104,201.499,0,0,-1,-1,0,0.999931471,NA,NA,70.000000000,MEASURED_CPU_FAULT,CPU;INTERVAL_FAULTS,NA,NA,NA,NA,NA,NA,NA,NA,NA,NA,NA,NA,NA,NA,NA,NA,NA,NA,NA,NA,NA,NA,NA,TARGET_GONE,identity no longer active
2026-10-02T16:06:29Z,APP_22001_3033686,22001,3033686,23,2105,199.361,0,0,-1,-1,0,0.999931471,NA,NA,70.000000000,MEASURED_CPU_FAULT,CPU;INTERVAL_FAULTS,NA,NA,NA,NA,NA,NA,NA,NA,NA,NA,NA,NA,NA,NA,NA,NA,NA,NA,NA,NA,NA,NA,NA,TARGET_GONE,identity no longer active
2026-10-02T16:06:29Z,APP_22001_3033686,22001,3033686,23,2106,205.622,0,0,-1,-1,0,0.999931471,NA,NA,70.000000000,MEASURED_CPU_FAULT,CPU;INTERVAL_FAULTS,NA,NA,NA,NA,NA,NA,NA,NA,NA,NA,NA,NA,NA,NA,NA,NA,NA,NA,NA,NA,NA,NA,NA,TARGET_GONE,identity no longer active
2026-10-02T16:06:29Z,APP_22001_3033686,22001,3033686,23,2107,191.617,0,0,-1,-1,0,0.999931471,NA,NA,70.000000000,MEASURED_CPU_FAULT,CPU;INTERVAL_FAULTS,NA,NA,NA,NA,NA,NA,NA,NA,NA,NA,NA,NA,NA,NA,NA,NA,NA,NA,NA,NA,NA,NA,NA,TARGET_GONE,identity no longer active
2026-10-02T16:06:29Z,APP_22001_3033686,22001,3033686,23,2108,209.264,0,0,-1,-1,0,0.999931471,NA,NA,70.000000000,MEASURED_CPU_FAULT,CPU;INTERVAL_FAULTS,NA,NA,NA,NA,NA,NA,NA,NA,NA,NA,NA,NA,NA,NA,NA,NA,NA,NA,NA,NA,NA,NA,NA,TARGET_GONE,identity no longer active
2026-10-02T16:06:29Z,APP_22001_3033686,22001,3033686,23,2109,191.617,0,0,-1,-1,0,0.999931471,NA,NA,70.000000000,MEASURED_CPU_FAULT,CPU;INTERVAL_FAULTS,NA,NA,NA,NA,NA,NA,NA,NA,NA,NA,NA,NA,NA,NA,NA,NA,NA,NA,NA,NA,NA,NA,NA,TARGET_GONE,identity no longer active
2026-10-02T16:06:29Z,APP_22001_3033686,22001,3033686,23,2110,199.555,0,0,-1,-1,0,0.999931471,NA,NA,70.000000000,MEASURED_CPU_FAULT,CPU;INTERVAL_FAULTS,NA,NA,NA,NA,NA,NA,NA,NA,NA,NA,NA,NA,NA,NA,NA,NA,NA,NA,NA,NA,NA,NA,NA,TARGET_GONE,identity no longer active
2026-10-02T16:06:29Z,APP_22001_3033686,22001,3033686,23,2111,203.984,0,0,-1,-1,0,0.999931471,NA,NA,70.000000000,MEASURED_CPU_FAULT,CPU;INTERVAL_FAULTS,NA,NA,NA,NA,NA,NA,NA,NA,NA,NA,NA,NA,NA,NA,NA,NA,NA,NA,NA,NA,NA,NA,NA,TARGET_GONE,identity no longer active
2026-10-02T16:06:29Z,APP_22001_3033686,22001,3033686,23,2112,201.802,0,0,-1,-1,0,0.999931471,NA,NA,70.000000000,MEASURED_CPU_FAULT,CPU;INTERVAL_FAULTS,NA,NA,NA,NA,NA,NA,NA,NA,NA,NA,NA,NA,NA,NA,NA,NA,NA,NA,NA,NA,NA,NA,NA,TARGET_GONE,identity no longer active
2026-10-02T16:06:29Z,APP_22001_3033686,22001,3033686,23,2113,201.093,0,0,-1,-1,0,0.999931471,NA,NA,70.000000000,MEASURED_CPU_FAULT,CPU;INTERVAL_FAULTS,NA,NA,NA,NA,NA,NA,NA,NA,NA,NA,NA,NA,NA,NA,NA,NA,NA,NA,NA,NA,NA,NA,NA,TARGET_GONE,identity no longer active
2026-10-02T16:06:30Z,APP_22001_3033686,22001,3033686,23,2114,201.198,0,0,-1,-1,0,0.999931471,NA,NA,70.000000000,MEASURED_CPU_FAULT,CPU;INTERVAL_FAULTS,NA,NA,NA,NA,NA,NA,NA,NA,NA,NA,NA,NA,NA,NA,NA,NA,NA,NA,NA,NA,NA,NA,NA,TARGET_GONE,identity no longer active
2026-10-02T16:06:04Z,APP_22001_3033686,22001,3033686,24,2115,0.000,0,0,-1,-1,0,0.999931471,1,true,0.000000000,MEASURED_CPU_FAULT,CPU;INTERVAL_FAULTS,HOT,669.474315258,0.560000000,0.700000000,NA,NA,NA,NA,0.560000000,0.000000000,0.700000000,0.000000000,-1.000000000,1.232000000,NA,MOVE_THREAD,INVALID,NOT_APPLICABLE,INVALID,MOVE_THREAD,-1,-1,false,TARGET_GONE,identity no longer active
2026-10-02T16:06:04Z,APP_22001_3033686,22001,3033686,24,2116,0.000,0,0,-1,-1,0,0.999931471,NA,NA,0.000000000,MEASURED_CPU_FAULT,CPU;INTERVAL_FAULTS,NA,NA,NA,NA,NA,NA,NA,NA,NA,NA,NA,NA,NA,NA,NA,NA,NA,NA,NA,NA,NA,NA,NA,TARGET_GONE,identity no longer active
2026-10-02T16:06:04Z,APP_22001_3033686,22001,3033686,24,2117,0.000,0,0,-1,-1,0,0.999931471,NA,NA,0.000000000,MEASURED_CPU_FAULT,CPU;INTERVAL_FAULTS,NA,NA,NA,NA,NA,NA,NA,NA,NA,NA,NA,NA,NA,NA,NA,NA,NA,NA,NA,NA,NA,NA,NA,TARGET_GONE,identity no longer active
2026-10-02T16:06:04Z,APP_22001_3033686,22001,3033686,24,2118,0.000,0,0,-1,-1,0,0.999931471,NA,NA,0.000000000,MEASURED_CPU_FAULT,CPU;INTERVAL_FAULTS,NA,NA,NA,NA,NA,NA,NA,NA,NA,NA,NA,NA,NA,NA,NA,NA,NA,NA,NA,NA,NA,NA,NA,TARGET_GONE,identity no longer active
2026-10-02T16:06:04Z,APP_22001_3033686,22001,3033686,24,2119,0.000,0,0,-1,-1,0,0.999931471,NA,NA,0.000000000,MEASURED_CPU_FAULT,CPU;INTERVAL_FAULTS,NA,NA,NA,NA,NA,NA,NA,NA,NA,NA,NA,NA,NA,NA,NA,NA,NA,NA,NA,NA,NA,NA,NA,TARGET_GONE,identity no longer active
2026-10-02T16:06:04Z,APP_22001_3033686,22001,3033686,24,2120,0.000,0,0,-1,-1,0,0.999931471,NA,NA,0.000000000,MEASURED_CPU_FAULT,CPU;INTERVAL_FAULTS,NA,NA,NA,NA,NA,NA,NA,NA,NA,NA,NA,NA,NA,NA,NA,NA,NA,NA,NA,NA,NA,NA,NA,TARGET_GONE,identity no longer active
2026-10-02T16:06:05Z,APP_22001_3033686,22001,3033686,24,2121,0.000,0,0,-1,-1,0,0.999931471,NA,NA,0.000000000,MEASURED_CPU_FAULT,CPU;INTERVAL_FAULTS,NA,NA,NA,NA,NA,NA,NA,NA,NA,NA,NA,NA,NA,NA,NA,NA,NA,NA,NA,NA,NA,NA,NA,TARGET_GONE,identity no longer active
2026-10-02T16:06:05Z,APP_22001_3033686,22001,3033686,24,2122,0.000,0,0,-1,-1,0,0.999931471,NA,NA,0.000000000,MEASURED_CPU_FAULT,CPU;INTERVAL_FAULTS,NA,NA,NA,NA,NA,NA,NA,NA,NA,NA,NA,NA,NA,NA,NA,NA,NA,NA,NA,NA,NA,NA,NA,TARGET_GONE,identity no longer active
2026-10-02T16:06:05Z,APP_22001_3033686,22001,3033686,24,2123,0.000,0,0,-1,-1,0,0.999931471,NA,NA,0.000000000,MEASURED_CPU_FAULT,CPU;INTERVAL_FAULTS,NA,NA,NA,NA,NA,NA,NA,NA,NA,NA,NA,NA,NA,NA,NA,NA,NA,NA,NA,NA,NA,NA,NA,TARGET_GONE,identity no longer active
2026-10-02T16:06:05Z,APP_22001_3033686,22001,3033686,24,2124,16.203,0,0,-1,-1,0,0.999931471,NA,NA,11.342100000,MEASURED_CPU_FAULT,CPU;INTERVAL_FAULTS,NA,NA,NA,NA,NA,NA,NA,NA,NA,NA,NA,NA,NA,NA,NA,NA,NA,NA,NA,NA,NA,NA,NA,TARGET_GONE,identity no longer active
2026-10-02T16:06:05Z,APP_22001_3033686,22001,3033686,24,2125,192.385,0,0,-1,-1,0,0.999931471,NA,NA,70.000000000,MEASURED_CPU_FAULT,CPU;INTERVAL_FAULTS,NA,NA,NA,NA,NA,NA,NA,NA,NA,NA,NA,NA,NA,NA,NA,NA,NA,NA,NA,NA,NA,NA,NA,TARGET_GONE,identity no longer active
2026-10-02T16:06:05Z,APP_22001_3033686,22001,3033686,24,2126,210.778,0,0,-1,-1,0,0.999931471,NA,NA,70.000000000,MEASURED_CPU_FAULT,CPU;INTERVAL_FAULTS,NA,NA,NA,NA,NA,NA,NA,NA,NA,NA,NA,NA,NA,NA,NA,NA,NA,NA,NA,NA,NA,NA,NA,TARGET_GONE,identity no longer active
2026-10-02T16:06:05Z,APP_22001_3033686,22001,3033686,24,2127,202.009,0,0,-1,-1,0,0.999931471,NA,NA,70.000000000,MEASURED_CPU_FAULT,CPU;INTERVAL_FAULTS,NA,NA,NA,NA,NA,NA,NA,NA,NA,NA,NA,NA,NA,NA,NA,NA,NA,NA,NA,NA,NA,NA,NA,TARGET_GONE,identity no longer active
2026-10-02T16:06:05Z,APP_22001_3033686,22001,3033686,24,2128,191.904,0,0,-1,-1,0,0.999931471,NA,NA,70.000000000,MEASURED_CPU_FAULT,CPU;INTERVAL_FAULTS,NA,NA,NA,NA,NA,NA,NA,NA,NA,NA,NA,NA,NA,NA,NA,NA,NA,NA,NA,NA,NA,NA,NA,TARGET_GONE,identity no longer active
2026-10-02T16:06:06Z,APP_22001_3033686,22001,3033686,24,2129,206.928,0,0,-1,-1,0,0.999931471,NA,NA,70.000000000,MEASURED_CPU_FAULT,CPU;INTERVAL_FAULTS,NA,NA,NA,NA,NA,NA,NA,NA,NA,NA,NA,NA,NA,NA,NA,NA,NA,NA,NA,NA,NA,NA,NA,TARGET_GONE,identity no longer active
2026-10-02T16:06:06Z,APP_22001_3033686,22001,3033686,24,2130,192.385,0,0,-1,-1,0,0.999931471,NA,NA,70.000000000,MEASURED_CPU_FAULT,CPU;INTERVAL_FAULTS,NA,NA,NA,NA,NA,NA,NA,NA,NA,NA,NA,NA,NA,NA,NA,NA,NA,NA,NA,NA,NA,NA,NA,TARGET_GONE,identity no longer active
2026-10-02T16:06:06Z,APP_22001_3033686,22001,3033686,24,2131,201.198,0,0,-1,-1,0,0.999931471,NA,NA,70.000000000,MEASURED_CPU_FAULT,CPU;INTERVAL_FAULTS,NA,NA,NA,NA,NA,NA,NA,NA,NA,NA,NA,NA,NA,NA,NA,NA,NA,NA,NA,NA,NA,NA,NA,TARGET_GONE,identity no longer active
2026-10-02T16:06:06Z,APP_22001_3033686,22001,3033686,24,2132,201.431,0,0,-1,-1,0,0.999931471,NA,NA,70.000000000,MEASURED_CPU_FAULT,CPU;INTERVAL_FAULTS,NA,NA,NA,NA,NA,NA,NA,NA,NA,NA,NA,NA,NA,NA,NA,NA,NA,NA,NA,NA,NA,NA,NA,TARGET_GONE,identity no longer active
2026-10-02T16:06:06Z,APP_22001_3033686,22001,3033686,24,2133,201.802,0,0,-1,-1,0,0.999931471,NA,NA,70.000000000,MEASURED_CPU_FAULT,CPU;INTERVAL_FAULTS,NA,NA,NA,NA,NA,NA,NA,NA,NA,NA,NA,NA,NA,NA,NA,NA,NA,NA,NA,NA,NA,NA,NA,TARGET_GONE,identity no longer active
2026-10-02T16:06:06Z,APP_22001_3033686,22001,3033686,24,2134,196.047,0,0,-1,-1,0,0.999931471,NA,NA,70.000000000,MEASURED_CPU_FAULT,CPU;INTERVAL_FAULTS,NA,NA,NA,NA,NA,NA,NA,NA,NA,NA,NA,NA,NA,NA,NA,NA,NA,NA,NA,NA,NA,NA,NA,TARGET_GONE,identity no longer active
2026-10-02T16:06:06Z,APP_22001_3033686,22001,3033686,24,2135,204.391,0,0,-1,-1,0,0.999931471,NA,NA,70.000000000,MEASURED_CPU_FAULT,CPU;INTERVAL_FAULTS,NA,NA,NA,NA,NA,NA,NA,NA,NA,NA,NA,NA,NA,NA,NA,NA,NA,NA,NA,NA,NA,NA,NA,TARGET_GONE,identity no longer active
2026-10-02T16:06:06Z,APP_22001_3033686,22001,3033686,24,2136,201.802,0,0,-1,-1,0,0.999931471,NA,NA,70.000000000,MEASURED_CPU_FAULT,CPU;INTERVAL_FAULTS,NA,NA,NA,NA,NA,NA,NA,NA,NA,NA,NA,NA,NA,NA,NA,NA,NA,NA,NA,NA,NA,NA,NA,TARGET_GONE,identity no longer active
2026-10-02T16:06:06Z,APP_22001_3033686,22001,3033686,24,2137,194.195,0,0,-1,-1,0,0.999931471,NA,NA,70.000000000,MEASURED_CPU_FAULT,CPU;INTERVAL_FAULTS,NA,NA,NA,NA,NA,NA,NA,NA,NA,NA,NA,NA,NA,NA,NA,NA,NA,NA,NA,NA,NA,NA,NA,TARGET_GONE,identity no longer active
2026-10-02T16:06:06Z,APP_22001_3033686,22001,3033686,24,2138,210.778,0,0,-1,-1,0,0.999931471,NA,NA,70.000000000,MEASURED_CPU_FAULT,CPU;INTERVAL_FAULTS,NA,NA,NA,NA,NA,NA,NA,NA,NA,NA,NA,NA,NA,NA,NA,NA,NA,NA,NA,NA,NA,NA,NA,TARGET_GONE,identity no longer active
2026-10-02T16:06:07Z,APP_22001_3033686,22001,3033686,24,2139,194.360,0,0,-1,-1,0,0.999931471,NA,NA,70.000000000,MEASURED_CPU_FAULT,CPU;INTERVAL_FAULTS,NA,NA,NA,NA,NA,NA,NA,NA,NA,NA,NA,NA,NA,NA,NA,NA,NA,NA,NA,NA,NA,NA,NA,TARGET_GONE,identity no longer active
2026-10-02T16:06:07Z,APP_22001_3033686,22001,3033686,24,2140,205.210,0,0,-1,-1,0,0.999931471,NA,NA,70.000000000,MEASURED_CPU_FAULT,CPU;INTERVAL_FAULTS,NA,NA,NA,NA,NA,NA,NA,NA,NA,NA,NA,NA,NA,NA,NA,NA,NA,NA,NA,NA,NA,NA,NA,TARGET_GONE,identity no longer active
2026-10-02T16:06:07Z,APP_22001_3033686,22001,3033686,24,2141,191.904,0,0,-1,-1,0,0.999931471,NA,NA,70.000000000,MEASURED_CPU_FAULT,CPU;INTERVAL_FAULTS,NA,NA,NA,NA,NA,NA,NA,NA,NA,NA,NA,NA,NA,NA,NA,NA,NA,NA,NA,NA,NA,NA,NA,TARGET_GONE,identity no longer active
2026-10-02T16:06:07Z,APP_22001_3033686,22001,3033686,24,2142,202.639,0,0,-1,-1,0,0.999931471,NA,NA,70.000000000,MEASURED_CPU_FAULT,CPU;INTERVAL_FAULTS,NA,NA,NA,NA,NA,NA,NA,NA,NA,NA,NA,NA,NA,NA,NA,NA,NA,NA,NA,NA,NA,NA,NA,TARGET_GONE,identity no longer active
2026-10-02T16:06:07Z,APP_22001_3033686,22001,3033686,24,2143,201.802,0,0,-1,-1,0,0.999931471,NA,NA,70.000000000,MEASURED_CPU_FAULT,CPU;INTERVAL_FAULTS,NA,NA,NA,NA,NA,NA,NA,NA,NA,NA,NA,NA,NA,NA,NA,NA,NA,NA,NA,NA,NA,NA,NA,TARGET_GONE,identity no longer active
2026-10-02T16:06:07Z,APP_22001_3033686,22001,3033686,24,2144,196.923,0,0,-1,-1,0,0.999931471,NA,NA,70.000000000,MEASURED_CPU_FAULT,CPU;INTERVAL_FAULTS,NA,NA,NA,NA,NA,NA,NA,NA,NA,NA,NA,NA,NA,NA,NA,NA,NA,NA,NA,NA,NA,NA,NA,TARGET_GONE,identity no longer active
2026-10-02T16:06:07Z,APP_22001_3033686,22001,3033686,24,2145,204.800,0,0,-1,-1,0,0.999931471,NA,NA,70.000000000,MEASURED_CPU_FAULT,CPU;INTERVAL_FAULTS,NA,NA,NA,NA,NA,NA,NA,NA,NA,NA,NA,NA,NA,NA,NA,NA,NA,NA,NA,NA,NA,NA,NA,TARGET_GONE,identity no longer active
2026-10-02T16:06:07Z,APP_22001_3033686,22001,3033686,24,2146,201.499,0,0,-1,-1,0,0.999931471,NA,NA,70.000000000,MEASURED_CPU_FAULT,CPU;INTERVAL_FAULTS,NA,NA,NA,NA,NA,NA,NA,NA,NA,NA,NA,NA,NA,NA,NA,NA,NA,NA,NA,NA,NA,NA,NA,TARGET_GONE,identity no longer active
2026-10-02T16:06:07Z,APP_22001_3033686,22001,3033686,24,2147,202.639,0,0,-1,-1,0,0.999931471,NA,NA,70.000000000,MEASURED_CPU_FAULT,CPU;INTERVAL_FAULTS,NA,NA,NA,NA,NA,NA,NA,NA,NA,NA,NA,NA,NA,NA,NA,NA,NA,NA,NA,NA,NA,NA,NA,TARGET_GONE,identity no longer active
2026-10-02T16:06:08Z,APP_22001_3033686,22001,3033686,24,2148,201.802,0,0,-1,-1,0,0.999931471,NA,NA,70.000000000,MEASURED_CPU_FAULT,CPU;INTERVAL_FAULTS,NA,NA,NA,NA,NA,NA,NA,NA,NA,NA,NA,NA,NA,NA,NA,NA,NA,NA,NA,NA,NA,NA,NA,TARGET_GONE,identity no longer active
2026-10-02T16:06:08Z,APP_22001_3033686,22001,3033686,24,2149,200.866,0,0,-1,-1,0,0.999931471,NA,NA,70.000000000,MEASURED_CPU_FAULT,CPU;INTERVAL_FAULTS,NA,NA,NA,NA,NA,NA,NA,NA,NA,NA,NA,NA,NA,NA,NA,NA,NA,NA,NA,NA,NA,NA,NA,TARGET_GONE,identity no longer active
2026-10-02T16:06:08Z,APP_22001_3033686,22001,3033686,24,2150,192.192,0,0,-1,-1,0,0.999931471,NA,NA,70.000000000,MEASURED_CPU_FAULT,CPU;INTERVAL_FAULTS,NA,NA,NA,NA,NA,NA,NA,NA,NA,NA,NA,NA,NA,NA,NA,NA,NA,NA,NA,NA,NA,NA,NA,TARGET_GONE,identity no longer active
2026-10-02T16:06:08Z,APP_22001_3033686,22001,3033686,24,2151,201.083,0,0,-1,-1,0,0.999931471,NA,NA,70.000000000,MEASURED_CPU_FAULT,CPU;INTERVAL_FAULTS,NA,NA,NA,NA,NA,NA,NA,NA,NA,NA,NA,NA,NA,NA,NA,NA,NA,NA,NA,NA,NA,NA,NA,TARGET_GONE,identity no longer active
2026-10-02T16:06:08Z,APP_22001_3033686,22001,3033686,24,2152,192.000,0,0,-1,-1,0,0.999931471,NA,NA,70.000000000,MEASURED_CPU_FAULT,CPU;INTERVAL_FAULTS,NA,NA,NA,NA,NA,NA,NA,NA,NA,NA,NA,NA,NA,NA,NA,NA,NA,NA,NA,NA,NA,NA,NA,TARGET_GONE,identity no longer active
2026-10-02T16:06:08Z,APP_22001_3033686,22001,3033686,24,2153,201.117,0,0,-1,-1,0,0.999931471,NA,NA,70.000000000,MEASURED_CPU_FAULT,CPU;INTERVAL_FAULTS,NA,NA,NA,NA,NA,NA,NA,NA,NA,NA,NA,NA,NA,NA,NA,NA,NA,NA,NA,NA,NA,NA,NA,TARGET_GONE,identity no longer active
2026-10-02T16:06:08Z,APP_22001_3033686,22001,3033686,24,2154,204.391,0,0,-1,-1,0,0.999931471,NA,NA,70.000000000,MEASURED_CPU_FAULT,CPU;INTERVAL_FAULTS,NA,NA,NA,NA,NA,NA,NA,NA,NA,NA,NA,NA,NA,NA,NA,NA,NA,NA,NA,NA,NA,NA,NA,TARGET_GONE,identity no longer active
2026-10-02T16:06:08Z,APP_22001_3033686,22001,3033686,24,2155,201.802,0,0,-1,-1,0,0.999931471,NA,NA,70.000000000,MEASURED_CPU_FAULT,CPU;INTERVAL_FAULTS,NA,NA,NA,NA,NA,NA,NA,NA,NA,NA,NA,NA,NA,NA,NA,NA,NA,NA,NA,NA,NA,NA,NA,TARGET_GONE,identity no longer active
2026-10-02T16:06:09Z,APP_22001_3033686,22001,3033686,24,2156,202.906,0,0,-1,-1,0,0.999931471,NA,NA,70.000000000,MEASURED_CPU_FAULT,CPU;INTERVAL_FAULTS,NA,NA,NA,NA,NA,NA,NA,NA,NA,NA,NA,NA,NA,NA,NA,NA,NA,NA,NA,NA,NA,NA,NA,TARGET_GONE,identity no longer active
2026-10-02T16:06:09Z,APP_22001_3033686,22001,3033686,24,2157,201.802,0,0,-1,-1,0,0.999931471,NA,NA,70.000000000,MEASURED_CPU_FAULT,CPU;INTERVAL_FAULTS,NA,NA,NA,NA,NA,NA,NA,NA,NA,NA,NA,NA,NA,NA,NA,NA,NA,NA,NA,NA,NA,NA,NA,TARGET_GONE,identity no longer active
2026-10-02T16:06:09Z,APP_22001_3033686,22001,3033686,24,2158,201.083,0,0,-1,-1,0,0.999931471,NA,NA,70.000000000,MEASURED_CPU_FAULT,CPU;INTERVAL_FAULTS,NA,NA,NA,NA,NA,NA,NA,NA,NA,NA,NA,NA,NA,NA,NA,NA,NA,NA,NA,NA,NA,NA,NA,TARGET_GONE,identity no longer active
2026-10-02T16:06:09Z,APP_22001_3033686,22001,3033686,24,2159,192.481,0,0,-1,-1,0,0.999931471,NA,NA,70.000000000,MEASURED_CPU_FAULT,CPU;INTERVAL_FAULTS,NA,NA,NA,NA,NA,NA,NA,NA,NA,NA,NA,NA,NA,NA,NA,NA,NA,NA,NA,NA,NA,NA,NA,TARGET_GONE,identity no longer active
2026-10-02T16:06:09Z,APP_22001_3033686,22001,3033686,24,2160,201.083,0,0,-1,-1,0,0.999931471,NA,NA,70.000000000,MEASURED_CPU_FAULT,CPU;INTERVAL_FAULTS,NA,NA,NA,NA,NA,NA,NA,NA,NA,NA,NA,NA,NA,NA,NA,NA,NA,NA,NA,NA,NA,NA,NA,TARGET_GONE,identity no longer active
2026-10-02T16:06:09Z,APP_22001_3033686,22001,3033686,24,2161,192.000,0,0,-1,-1,0,0.999931471,NA,NA,70.000000000,MEASURED_CPU_FAULT,CPU;INTERVAL_FAULTS,NA,NA,NA,NA,NA,NA,NA,NA,NA,NA,NA,NA,NA,NA,NA,NA,NA,NA,NA,NA,NA,NA,NA,TARGET_GONE,identity no longer active
2026-10-02T16:06:09Z,APP_22001_3033686,22001,3033686,24,2162,200.557,0,0,-1,-1,0,0.999931471,NA,NA,70.000000000,MEASURED_CPU_FAULT,CPU;INTERVAL_FAULTS,NA,NA,NA,NA,NA,NA,NA,NA,NA,NA,NA,NA,NA,NA,NA,NA,NA,NA,NA,NA,NA,NA,NA,TARGET_GONE,identity no longer active
2026-10-02T16:06:09Z,APP_22001_3033686,22001,3033686,24,2163,204.391,0,0,-1,-1,0,0.999931471,NA,NA,70.000000000,MEASURED_CPU_FAULT,CPU;INTERVAL_FAULTS,NA,NA,NA,NA,NA,NA,NA,NA,NA,NA,NA,NA,NA,NA,NA,NA,NA,NA,NA,NA,NA,NA,NA,TARGET_GONE,identity no longer active
2026-10-02T16:06:10Z,APP_22001_3033686,22001,3033686,24,2164,201.499,0,0,-1,-1,0,0.999931471,NA,NA,70.000000000,MEASURED_CPU_FAULT,CPU;INTERVAL_FAULTS,NA,NA,NA,NA,NA,NA,NA,NA,NA,NA,NA,NA,NA,NA,NA,NA,NA,NA,NA,NA,NA,NA,NA,TARGET_GONE,identity no longer active
2026-10-02T16:06:10Z,APP_22001_3033686,22001,3033686,24,2165,202.906,0,0,-1,-1,0,0.999931471,NA,NA,70.000000000,MEASURED_CPU_FAULT,CPU;INTERVAL_FAULTS,NA,NA,NA,NA,NA,NA,NA,NA,NA,NA,NA,NA,NA,NA,NA,NA,NA,NA,NA,NA,NA,NA,NA,TARGET_GONE,identity no longer active
2026-10-02T16:06:10Z,APP_22001_3033686,22001,3033686,24,2166,201.802,0,0,-1,-1,0,0.999931471,NA,NA,70.000000000,MEASURED_CPU_FAULT,CPU;INTERVAL_FAULTS,NA,NA,NA,NA,NA,NA,NA,NA,NA,NA,NA,NA,NA,NA,NA,NA,NA,NA,NA,NA,NA,NA,NA,TARGET_GONE,identity no longer active
2026-10-02T16:06:10Z,APP_22001_3033686,22001,3033686,24,2167,201.083,0,0,-1,-1,0,0.999931471,NA,NA,70.000000000,MEASURED_CPU_FAULT,CPU;INTERVAL_FAULTS,NA,NA,NA,NA,NA,NA,NA,NA,NA,NA,NA,NA,NA,NA,NA,NA,NA,NA,NA,NA,NA,NA,NA,TARGET_GONE,identity no longer active
2026-10-02T16:06:10Z,APP_22001_3033686,22001,3033686,24,2168,191.904,0,0,-1,-1,0,0.999931471,NA,NA,70.000000000,MEASURED_CPU_FAULT,CPU;INTERVAL_FAULTS,NA,NA,NA,NA,NA,NA,NA,NA,NA,NA,NA,NA,NA,NA,NA,NA,NA,NA,NA,NA,NA,NA,NA,TARGET_GONE,identity no longer active
2026-10-02T16:06:10Z,APP_22001_3033686,22001,3033686,24,2169,201.083,0,0,-1,-1,0,0.999931471,NA,NA,70.000000000,MEASURED_CPU_FAULT,CPU;INTERVAL_FAULTS,NA,NA,NA,NA,NA,NA,NA,NA,NA,NA,NA,NA,NA,NA,NA,NA,NA,NA,NA,NA,NA,NA,NA,TARGET_GONE,identity no longer active
2026-10-02T16:06:10Z,APP_22001_3033686,22001,3033686,24,2170,192.771,0,0,-1,-1,0,0.999931471,NA,NA,70.000000000,MEASURED_CPU_FAULT,CPU;INTERVAL_FAULTS,NA,NA,NA,NA,NA,NA,NA,NA,NA,NA,NA,NA,NA,NA,NA,NA,NA,NA,NA,NA,NA,NA,NA,TARGET_GONE,identity no longer active
2026-10-02T16:06:10Z,APP_22001_3033686,22001,3033686,24,2171,203.109,0,0,-1,-1,0,0.999931471,NA,NA,70.000000000,MEASURED_CPU_FAULT,CPU;INTERVAL_FAULTS,NA,NA,NA,NA,NA,NA,NA,NA,NA,NA,NA,NA,NA,NA,NA,NA,NA,NA,NA,NA,NA,NA,NA,TARGET_GONE,identity no longer active
2026-10-02T16:06:11Z,APP_22001_3033686,22001,3033686,24,2172,192.000,0,0,-1,-1,0,0.999931471,NA,NA,70.000000000,MEASURED_CPU_FAULT,CPU;INTERVAL_FAULTS,NA,NA,NA,NA,NA,NA,NA,NA,NA,NA,NA,NA,NA,NA,NA,NA,NA,NA,NA,NA,NA,NA,NA,TARGET_GONE,identity no longer active
2026-10-02T16:06:11Z,APP_22001_3033686,22001,3033686,24,2173,201.802,0,0,-1,-1,0,0.999931471,NA,NA,70.000000000,MEASURED_CPU_FAULT,CPU;INTERVAL_FAULTS,NA,NA,NA,NA,NA,NA,NA,NA,NA,NA,NA,NA,NA,NA,NA,NA,NA,NA,NA,NA,NA,NA,NA,TARGET_GONE,identity no longer active
2026-10-02T16:06:11Z,APP_22001_3033686,22001,3033686,24,2174,204.082,0,0,-1,-1,0,0.999931471,NA,NA,70.000000000,MEASURED_CPU_FAULT,CPU;INTERVAL_FAULTS,NA,NA,NA,NA,NA,NA,NA,NA,NA,NA,NA,NA,NA,NA,NA,NA,NA,NA,NA,NA,NA,NA,NA,TARGET_GONE,identity no longer active
2026-10-02T16:06:11Z,APP_22001_3033686,22001,3033686,24,2175,201.802,0,0,-1,-1,0,0.999931471,NA,NA,70.000000000,MEASURED_CPU_FAULT,CPU;INTERVAL_FAULTS,NA,NA,NA,NA,NA,NA,NA,NA,NA,NA,NA,NA,NA,NA,NA,NA,NA,NA,NA,NA,NA,NA,NA,TARGET_GONE,identity no longer active
2026-10-02T16:06:11Z,APP_22001_3033686,22001,3033686,24,2176,194.967,0,0,-1,-1,0,0.999931471,NA,NA,70.000000000,MEASURED_CPU_FAULT,CPU;INTERVAL_FAULTS,NA,NA,NA,NA,NA,NA,NA,NA,NA,NA,NA,NA,NA,NA,NA,NA,NA,NA,NA,NA,NA,NA,NA,TARGET_GONE,identity no longer active
2026-10-02T16:06:11Z,APP_22001_3033686,22001,3033686,24,2177,210.463,0,0,-1,-1,0,0.999931471,NA,NA,70.000000000,MEASURED_CPU_FAULT,CPU;INTERVAL_FAULTS,NA,NA,NA,NA,NA,NA,NA,NA,NA,NA,NA,NA,NA,NA,NA,NA,NA,NA,NA,NA,NA,NA,NA,TARGET_GONE,identity no longer active
2026-10-02T16:06:11Z,APP_22001_3033686,22001,3033686,24,2178,195.163,0,0,-1,-1,0,0.999931471,NA,NA,70.000000000,MEASURED_CPU_FAULT,CPU;INTERVAL_FAULTS,NA,NA,NA,NA,NA,NA,NA,NA,NA,NA,NA,NA,NA,NA,NA,NA,NA,NA,NA,NA,NA,NA,NA,TARGET_GONE,identity no longer active
2026-10-02T16:06:11Z,APP_22001_3033686,22001,3033686,24,2179,192.000,0,0,-1,-1,0,0.999931471,NA,NA,70.000000000,MEASURED_CPU_FAULT,CPU;INTERVAL_FAULTS,NA,NA,NA,NA,NA,NA,NA,NA,NA,NA,NA,NA,NA,NA,NA,NA,NA,NA,NA,NA,NA,NA,NA,TARGET_GONE,identity no longer active
2026-10-02T16:06:12Z,APP_22001_3033686,22001,3033686,24,2180,200.261,0,0,-1,-1,0,0.999931471,NA,NA,70.000000000,MEASURED_CPU_FAULT,CPU;INTERVAL_FAULTS,NA,NA,NA,NA,NA,NA,NA,NA,NA,NA,NA,NA,NA,NA,NA,NA,NA,NA,NA,NA,NA,NA,NA,TARGET_GONE,identity no longer active
2026-10-02T16:06:12Z,APP_22001_3033686,22001,3033686,24,2181,210.778,0,0,-1,-1,0,0.999931471,NA,NA,70.000000000,MEASURED_CPU_FAULT,CPU;INTERVAL_FAULTS,NA,NA,NA,NA,NA,NA,NA,NA,NA,NA,NA,NA,NA,NA,NA,NA,NA,NA,NA,NA,NA,NA,NA,TARGET_GONE,identity no longer active
2026-10-02T16:06:12Z,APP_22001_3033686,22001,3033686,24,2182,192.192,0,0,-1,-1,0,0.999931471,NA,NA,70.000000000,MEASURED_CPU_FAULT,CPU;INTERVAL_FAULTS,NA,NA,NA,NA,NA,NA,NA,NA,NA,NA,NA,NA,NA,NA,NA,NA,NA,NA,NA,NA,NA,NA,NA,TARGET_GONE,identity no longer active
2026-10-02T16:06:12Z,APP_22001_3033686,22001,3033686,24,2183,203.562,0,0,-1,-1,0,0.999931471,NA,NA,70.000000000,MEASURED_CPU_FAULT,CPU;INTERVAL_FAULTS,NA,NA,NA,NA,NA,NA,NA,NA,NA,NA,NA,NA,NA,NA,NA,NA,NA,NA,NA,NA,NA,NA,NA,TARGET_GONE,identity no longer active
2026-10-02T16:06:12Z,APP_22001_3033686,22001,3033686,24,2184,201.802,0,0,-1,-1,0,0.999931471,NA,NA,70.000000000,MEASURED_CPU_FAULT,CPU;INTERVAL_FAULTS,NA,NA,NA,NA,NA,NA,NA,NA,NA,NA,NA,NA,NA,NA,NA,NA,NA,NA,NA,NA,NA,NA,NA,TARGET_GONE,identity no longer active
2026-10-02T16:06:12Z,APP_22001_3033686,22001,3033686,24,2185,201.893,0,0,-1,-1,0,0.999931471,NA,NA,70.000000000,MEASURED_CPU_FAULT,CPU;INTERVAL_FAULTS,NA,NA,NA,NA,NA,NA,NA,NA,NA,NA,NA,NA,NA,NA,NA,NA,NA,NA,NA,NA,NA,NA,NA,TARGET_GONE,identity no longer active
2026-10-02T16:06:12Z,APP_22001_3033686,22001,3033686,24,2186,191.617,0,0,-1,-1,0,0.999931471,NA,NA,70.000000000,MEASURED_CPU_FAULT,CPU;INTERVAL_FAULTS,NA,NA,NA,NA,NA,NA,NA,NA,NA,NA,NA,NA,NA,NA,NA,NA,NA,NA,NA,NA,NA,NA,NA,TARGET_GONE,identity no longer active
2026-10-02T16:06:12Z,APP_22001_3033686,22001,3033686,24,2187,201.893,0,0,-1,-1,0,0.999931471,NA,NA,70.000000000,MEASURED_CPU_FAULT,CPU;INTERVAL_FAULTS,NA,NA,NA,NA,NA,NA,NA,NA,NA,NA,NA,NA,NA,NA,NA,NA,NA,NA,NA,NA,NA,NA,NA,TARGET_GONE,identity no longer active
2026-10-02T16:06:12Z,APP_22001_3033686,22001,3033686,24,2188,201.499,0,0,-1,-1,0,0.999931471,NA,NA,70.000000000,MEASURED_CPU_FAULT,CPU;INTERVAL_FAULTS,NA,NA,NA,NA,NA,NA,NA,NA,NA,NA,NA,NA,NA,NA,NA,NA,NA,NA,NA,NA,NA,NA,NA,TARGET_GONE,identity no longer active
2026-10-02T16:06:13Z,APP_22001_3033686,22001,3033686,24,2189,197.666,0,0,-1,-1,0,0.999931471,NA,NA,70.000000000,MEASURED_CPU_FAULT,CPU;INTERVAL_FAULTS,NA,NA,NA,NA,NA,NA,NA,NA,NA,NA,NA,NA,NA,NA,NA,NA,NA,NA,NA,NA,NA,NA,NA,TARGET_GONE,identity no longer active
2026-10-02T16:06:13Z,APP_22001_3033686,22001,3033686,24,2190,211.411,0,0,-1,-1,0,0.999931471,NA,NA,70.000000000,MEASURED_CPU_FAULT,CPU;INTERVAL_FAULTS,NA,NA,NA,NA,NA,NA,NA,NA,NA,NA,NA,NA,NA,NA,NA,NA,NA,NA,NA,NA,NA,NA,NA,TARGET_GONE,identity no longer active
2026-10-02T16:06:13Z,APP_22001_3033686,22001,3033686,24,2191,200.897,0,0,-1,-1,0,0.999931471,NA,NA,70.000000000,MEASURED_CPU_FAULT,CPU;INTERVAL_FAULTS,NA,NA,NA,NA,NA,NA,NA,NA,NA,NA,NA,NA,NA,NA,NA,NA,NA,NA,NA,NA,NA,NA,NA,TARGET_GONE,identity no longer active
2026-10-02T16:06:13Z,APP_22001_3033686,22001,3033686,24,2192,195.918,0,0,-1,-1,0,0.999931471,NA,NA,70.000000000,MEASURED_CPU_FAULT,CPU;INTERVAL_FAULTS,NA,NA,NA,NA,NA,NA,NA,NA,NA,NA,NA,NA,NA,NA,NA,NA,NA,NA,NA,NA,NA,NA,NA,TARGET_GONE,identity no longer active
2026-10-02T16:06:13Z,APP_22001_3033686,22001,3033686,24,2193,201.802,0,0,-1,-1,0,0.999931471,NA,NA,70.000000000,MEASURED_CPU_FAULT,CPU;INTERVAL_FAULTS,NA,NA,NA,NA,NA,NA,NA,NA,NA,NA,NA,NA,NA,NA,NA,NA,NA,NA,NA,NA,NA,NA,NA,TARGET_GONE,identity no longer active
2026-10-02T16:06:13Z,APP_22001_3033686,22001,3033686,24,2194,201.893,0,0,-1,-1,0,0.999931471,NA,NA,70.000000000,MEASURED_CPU_FAULT,CPU;INTERVAL_FAULTS,NA,NA,NA,NA,NA,NA,NA,NA,NA,NA,NA,NA,NA,NA,NA,NA,NA,NA,NA,NA,NA,NA,NA,TARGET_GONE,identity no longer active
2026-10-02T16:06:13Z,APP_22001_3033686,22001,3033686,24,2195,201.198,0,0,-1,-1,0,0.999931471,NA,NA,70.000000000,MEASURED_CPU_FAULT,CPU;INTERVAL_FAULTS,NA,NA,NA,NA,NA,NA,NA,NA,NA,NA,NA,NA,NA,NA,NA,NA,NA,NA,NA,NA,NA,NA,NA,TARGET_GONE,identity no longer active
2026-10-02T16:06:13Z,APP_22001_3033686,22001,3033686,24,2196,201.681,0,0,-1,-1,0,0.999931471,NA,NA,70.000000000,MEASURED_CPU_FAULT,CPU;INTERVAL_FAULTS,NA,NA,NA,NA,NA,NA,NA,NA,NA,NA,NA,NA,NA,NA,NA,NA,NA,NA,NA,NA,NA,NA,NA,TARGET_GONE,identity no longer active
2026-10-02T16:06:14Z,APP_22001_3033686,22001,3033686,24,2197,201.499,0,0,-1,-1,0,0.999931471,NA,NA,70.000000000,MEASURED_CPU_FAULT,CPU;INTERVAL_FAULTS,NA,NA,NA,NA,NA,NA,NA,NA,NA,NA,NA,NA,NA,NA,NA,NA,NA,NA,NA,NA,NA,NA,NA,TARGET_GONE,identity no longer active
2026-10-02T16:06:14Z,APP_22001_3033686,22001,3033686,24,2198,197.531,0,0,-1,-1,0,0.999931471,NA,NA,70.000000000,MEASURED_CPU_FAULT,CPU;INTERVAL_FAULTS,NA,NA,NA,NA,NA,NA,NA,NA,NA,NA,NA,NA,NA,NA,NA,NA,NA,NA,NA,NA,NA,NA,NA,TARGET_GONE,identity no longer active
2026-10-02T16:06:14Z,APP_22001_3033686,22001,3033686,24,2199,210.778,0,0,-1,-1,0,0.999931471,NA,NA,70.000000000,MEASURED_CPU_FAULT,CPU;INTERVAL_FAULTS,NA,NA,NA,NA,NA,NA,NA,NA,NA,NA,NA,NA,NA,NA,NA,NA,NA,NA,NA,NA,NA,NA,NA,TARGET_GONE,identity no longer active
2026-10-02T16:06:14Z,APP_22001_3033686,22001,3033686,24,2200,201.802,0,0,-1,-1,0,0.999931471,NA,NA,70.000000000,MEASURED_CPU_FAULT,CPU;INTERVAL_FAULTS,NA,NA,NA,NA,NA,NA,NA,NA,NA,NA,NA,NA,NA,NA,NA,NA,NA,NA,NA,NA,NA,NA,NA,TARGET_GONE,identity no longer active
2026-10-02T16:06:14Z,APP_22001_3033686,22001,3033686,24,2201,195.420,0,0,-1,-1,0,0.999931471,NA,NA,70.000000000,MEASURED_CPU_FAULT,CPU;INTERVAL_FAULTS,NA,NA,NA,NA,NA,NA,NA,NA,NA,NA,NA,NA,NA,NA,NA,NA,NA,NA,NA,NA,NA,NA,NA,TARGET_GONE,identity no longer active
2026-10-02T16:06:14Z,APP_22001_3033686,22001,3033686,24,2202,201.499,0,0,-1,-1,0,0.999931471,NA,NA,70.000000000,MEASURED_CPU_FAULT,CPU;INTERVAL_FAULTS,NA,NA,NA,NA,NA,NA,NA,NA,NA,NA,NA,NA,NA,NA,NA,NA,NA,NA,NA,NA,NA,NA,NA,TARGET_GONE,identity no longer active
2026-10-02T16:06:14Z,APP_22001_3033686,22001,3033686,24,2203,201.893,0,0,-1,-1,0,0.999931471,NA,NA,70.000000000,MEASURED_CPU_FAULT,CPU;INTERVAL_FAULTS,NA,NA,NA,NA,NA,NA,NA,NA,NA,NA,NA,NA,NA,NA,NA,NA,NA,NA,NA,NA,NA,NA,NA,TARGET_GONE,identity no longer active
2026-10-02T16:06:14Z,APP_22001_3033686,22001,3033686,24,2204,201.499,0,0,-1,-1,0,0.999931471,NA,NA,70.000000000,MEASURED_CPU_FAULT,CPU;INTERVAL_FAULTS,NA,NA,NA,NA,NA,NA,NA,NA,NA,NA,NA,NA,NA,NA,NA,NA,NA,NA,NA,NA,NA,NA,NA,TARGET_GONE,identity no longer active
2026-10-02T16:06:15Z,APP_22001_3033686,22001,3033686,24,2205,194.753,0,0,-1,-1,0,0.999931471,NA,NA,70.000000000,MEASURED_CPU_FAULT,CPU;INTERVAL_FAULTS,NA,NA,NA,NA,NA,NA,NA,NA,NA,NA,NA,NA,NA,NA,NA,NA,NA,NA,NA,NA,NA,NA,NA,TARGET_GONE,identity no longer active
2026-10-02T16:06:15Z,APP_22001_3033686,22001,3033686,24,2206,201.499,0,0,-1,-1,0,0.999931471,NA,NA,70.000000000,MEASURED_CPU_FAULT,CPU;INTERVAL_FAULTS,NA,NA,NA,NA,NA,NA,NA,NA,NA,NA,NA,NA,NA,NA,NA,NA,NA,NA,NA,NA,NA,NA,NA,TARGET_GONE,identity no longer active
2026-10-02T16:06:15Z,APP_22001_3033686,22001,3033686,24,2207,202.895,0,0,-1,-1,0,0.999931471,NA,NA,70.000000000,MEASURED_CPU_FAULT,CPU;INTERVAL_FAULTS,NA,NA,NA,NA,NA,NA,NA,NA,NA,NA,NA,NA,NA,NA,NA,NA,NA,NA,NA,NA,NA,NA,NA,TARGET_GONE,identity no longer active
2026-10-02T16:06:15Z,APP_22001_3033686,22001,3033686,24,2208,191.617,0,0,-1,-1,0,0.999931471,NA,NA,70.000000000,MEASURED_CPU_FAULT,CPU;INTERVAL_FAULTS,NA,NA,NA,NA,NA,NA,NA,NA,NA,NA,NA,NA,NA,NA,NA,NA,NA,NA,NA,NA,NA,NA,NA,TARGET_GONE,identity no longer active
2026-10-02T16:06:15Z,APP_22001_3033686,22001,3033686,24,2209,201.802,0,0,-1,-1,0,0.999931471,NA,NA,70.000000000,MEASURED_CPU_FAULT,CPU;INTERVAL_FAULTS,NA,NA,NA,NA,NA,NA,NA,NA,NA,NA,NA,NA,NA,NA,NA,NA,NA,NA,NA,NA,NA,NA,NA,TARGET_GONE,identity no longer active
2026-10-02T16:06:15Z,APP_22001_3033686,22001,3033686,24,2210,203.822,0,0,-1,-1,0,0.999931471,NA,NA,70.000000000,MEASURED_CPU_FAULT,CPU;INTERVAL_FAULTS,NA,NA,NA,NA,NA,NA,NA,NA,NA,NA,NA,NA,NA,NA,NA,NA,NA,NA,NA,NA,NA,NA,NA,TARGET_GONE,identity no longer active
2026-10-02T16:06:15Z,APP_22001_3033686,22001,3033686,24,2211,192.192,0,0,-1,-1,0,0.999931471,NA,NA,70.000000000,MEASURED_CPU_FAULT,CPU;INTERVAL_FAULTS,NA,NA,NA,NA,NA,NA,NA,NA,NA,NA,NA,NA,NA,NA,NA,NA,NA,NA,NA,NA,NA,NA,NA,TARGET_GONE,identity no longer active
2026-10-02T16:06:15Z,APP_22001_3033686,22001,3033686,24,2212,201.681,0,0,-1,-1,0,0.999931471,NA,NA,70.000000000,MEASURED_CPU_FAULT,CPU;INTERVAL_FAULTS,NA,NA,NA,NA,NA,NA,NA,NA,NA,NA,NA,NA,NA,NA,NA,NA,NA,NA,NA,NA,NA,NA,NA,TARGET_GONE,identity no longer active
2026-10-02T16:06:16Z,APP_22001_3033686,22001,3033686,24,2213,201.499,0,0,-1,-1,0,0.999931471,NA,NA,70.000000000,MEASURED_CPU_FAULT,CPU;INTERVAL_FAULTS,NA,NA,NA,NA,NA,NA,NA,NA,NA,NA,NA,NA,NA,NA,NA,NA,NA,NA,NA,NA,NA,NA,NA,TARGET_GONE,identity no longer active
2026-10-02T16:06:16Z,APP_22001_3033686,22001,3033686,24,2214,200.810,0,0,-1,-1,0,0.999931471,NA,NA,70.000000000,MEASURED_CPU_FAULT,CPU;INTERVAL_FAULTS,NA,NA,NA,NA,NA,NA,NA,NA,NA,NA,NA,NA,NA,NA,NA,NA,NA,NA,NA,NA,NA,NA,NA,TARGET_GONE,identity no longer active
2026-10-02T16:06:16Z,APP_22001_3033686,22001,3033686,24,2215,201.198,0,0,-1,-1,0,0.999931471,NA,NA,70.000000000,MEASURED_CPU_FAULT,CPU;INTERVAL_FAULTS,NA,NA,NA,NA,NA,NA,NA,NA,NA,NA,NA,NA,NA,NA,NA,NA,NA,NA,NA,NA,NA,NA,NA,TARGET_GONE,identity no longer active
2026-10-02T16:06:16Z,APP_22001_3033686,22001,3033686,24,2216,199.146,0,0,-1,-1,0,0.999931471,NA,NA,70.000000000,MEASURED_CPU_FAULT,CPU;INTERVAL_FAULTS,NA,NA,NA,NA,NA,NA,NA,NA,NA,NA,NA,NA,NA,NA,NA,NA,NA,NA,NA,NA,NA,NA,NA,TARGET_GONE,identity no longer active
2026-10-02T16:06:16Z,APP_22001_3033686,22001,3033686,24,2217,192.192,0,0,-1,-1,0,0.999931471,NA,NA,70.000000000,MEASURED_CPU_FAULT,CPU;INTERVAL_FAULTS,NA,NA,NA,NA,NA,NA,NA,NA,NA,NA,NA,NA,NA,NA,NA,NA,NA,NA,NA,NA,NA,NA,NA,TARGET_GONE,identity no longer active
2026-10-02T16:06:16Z,APP_22001_3033686,22001,3033686,24,2218,201.802,0,0,-1,-1,0,0.999931471,NA,NA,70.000000000,MEASURED_CPU_FAULT,CPU;INTERVAL_FAULTS,NA,NA,NA,NA,NA,NA,NA,NA,NA,NA,NA,NA,NA,NA,NA,NA,NA,NA,NA,NA,NA,NA,NA,TARGET_GONE,identity no longer active
2026-10-02T16:06:16Z,APP_22001_3033686,22001,3033686,24,2219,197.574,0,0,-1,-1,0,0.999931471,NA,NA,70.000000000,MEASURED_CPU_FAULT,CPU;INTERVAL_FAULTS,NA,NA,NA,NA,NA,NA,NA,NA,NA,NA,NA,NA,NA,NA,NA,NA,NA,NA,NA,NA,NA,NA,NA,TARGET_GONE,identity no longer active
2026-10-02T16:06:16Z,APP_22001_3033686,22001,3033686,24,2220,201.499,0,0,-1,-1,0,0.999931471,NA,NA,70.000000000,MEASURED_CPU_FAULT,CPU;INTERVAL_FAULTS,NA,NA,NA,NA,NA,NA,NA,NA,NA,NA,NA,NA,NA,NA,NA,NA,NA,NA,NA,NA,NA,NA,NA,TARGET_GONE,identity no longer active
2026-10-02T16:06:17Z,APP_22001_3033686,22001,3033686,24,2221,202.985,0,0,-1,-1,0,0.999931471,NA,NA,70.000000000,MEASURED_CPU_FAULT,CPU;INTERVAL_FAULTS,NA,NA,NA,NA,NA,NA,NA,NA,NA,NA,NA,NA,NA,NA,NA,NA,NA,NA,NA,NA,NA,NA,NA,TARGET_GONE,identity no longer active
2026-10-02T16:06:17Z,APP_22001_3033686,22001,3033686,24,2222,191.617,0,0,-1,-1,0,0.999931471,NA,NA,70.000000000,MEASURED_CPU_FAULT,CPU;INTERVAL_FAULTS,NA,NA,NA,NA,NA,NA,NA,NA,NA,NA,NA,NA,NA,NA,NA,NA,NA,NA,NA,NA,NA,NA,NA,TARGET_GONE,identity no longer active
2026-10-02T16:06:17Z,APP_22001_3033686,22001,3033686,24,2223,202.607,0,0,-1,-1,0,0.999931471,NA,NA,70.000000000,MEASURED_CPU_FAULT,CPU;INTERVAL_FAULTS,NA,NA,NA,NA,NA,NA,NA,NA,NA,NA,NA,NA,NA,NA,NA,NA,NA,NA,NA,NA,NA,NA,NA,TARGET_GONE,identity no longer active
2026-10-02T16:06:17Z,APP_22001_3033686,22001,3033686,24,2224,200.104,0,0,-1,-1,0,0.999931471,NA,NA,70.000000000,MEASURED_CPU_FAULT,CPU;INTERVAL_FAULTS,NA,NA,NA,NA,NA,NA,NA,NA,NA,NA,NA,NA,NA,NA,NA,NA,NA,NA,NA,NA,NA,NA,NA,TARGET_GONE,identity no longer active
2026-10-02T16:06:17Z,APP_22001_3033686,22001,3033686,24,2225,191.617,0,0,-1,-1,0,0.999931471,NA,NA,70.000000000,MEASURED_CPU_FAULT,CPU;INTERVAL_FAULTS,NA,NA,NA,NA,NA,NA,NA,NA,NA,NA,NA,NA,NA,NA,NA,NA,NA,NA,NA,NA,NA,NA,NA,TARGET_GONE,identity no longer active
2026-10-02T16:06:17Z,APP_22001_3033686,22001,3033686,24,2226,201.499,0,0,-1,-1,0,0.999931471,NA,NA,70.000000000,MEASURED_CPU_FAULT,CPU;INTERVAL_FAULTS,NA,NA,NA,NA,NA,NA,NA,NA,NA,NA,NA,NA,NA,NA,NA,NA,NA,NA,NA,NA,NA,NA,NA,TARGET_GONE,identity no longer active
2026-10-02T16:06:18Z,APP_22001_3033686,22001,3033686,24,2227,203.732,0,0,-1,-1,0,0.999931471,NA,NA,70.000000000,MEASURED_CPU_FAULT,CPU;INTERVAL_FAULTS,NA,NA,NA,NA,NA,NA,NA,NA,NA,NA,NA,NA,NA,NA,NA,NA,NA,NA,NA,NA,NA,NA,NA,TARGET_GONE,identity no longer active
2026-10-02T16:06:18Z,APP_22001_3033686,22001,3033686,24,2228,201.499,0,0,-1,-1,0,0.999931471,NA,NA,70.000000000,MEASURED_CPU_FAULT,CPU;INTERVAL_FAULTS,NA,NA,NA,NA,NA,NA,NA,NA,NA,NA,NA,NA,NA,NA,NA,NA,NA,NA,NA,NA,NA,NA,NA,TARGET_GONE,identity no longer active
2026-10-02T16:06:18Z,APP_22001_3033686,22001,3033686,24,2229,196.648,0,0,-1,-1,0,0.999931471,NA,NA,70.000000000,MEASURED_CPU_FAULT,CPU;INTERVAL_FAULTS,NA,NA,NA,NA,NA,NA,NA,NA,NA,NA,NA,NA,NA,NA,NA,NA,NA,NA,NA,NA,NA,NA,NA,TARGET_GONE,identity no longer active
2026-10-02T16:06:18Z,APP_22001_3033686,22001,3033686,24,2230,201.198,0,0,-1,-1,0,0.999931471,NA,NA,70.000000000,MEASURED_CPU_FAULT,CPU;INTERVAL_FAULTS,NA,NA,NA,NA,NA,NA,NA,NA,NA,NA,NA,NA,NA,NA,NA,NA,NA,NA,NA,NA,NA,NA,NA,TARGET_GONE,identity no longer active
2026-10-02T16:06:18Z,APP_22001_3033686,22001,3033686,24,2231,202.796,0,0,-1,-1,0,0.999931471,NA,NA,70.000000000,MEASURED_CPU_FAULT,CPU;INTERVAL_FAULTS,NA,NA,NA,NA,NA,NA,NA,NA,NA,NA,NA,NA,NA,NA,NA,NA,NA,NA,NA,NA,NA,NA,NA,TARGET_GONE,identity no longer active
2026-10-02T16:06:18Z,APP_22001_3033686,22001,3033686,24,2232,199.344,0,0,-1,-1,0,0.999931471,NA,NA,70.000000000,MEASURED_CPU_FAULT,CPU;INTERVAL_FAULTS,NA,NA,NA,NA,NA,NA,NA,NA,NA,NA,NA,NA,NA,NA,NA,NA,NA,NA,NA,NA,NA,NA,NA,TARGET_GONE,identity no longer active
2026-10-02T16:06:18Z,APP_22001_3033686,22001,3033686,24,2233,191.617,0,0,-1,-1,0,0.999931471,NA,NA,70.000000000,MEASURED_CPU_FAULT,CPU;INTERVAL_FAULTS,NA,NA,NA,NA,NA,NA,NA,NA,NA,NA,NA,NA,NA,NA,NA,NA,NA,NA,NA,NA,NA,NA,NA,TARGET_GONE,identity no longer active
2026-10-02T16:06:19Z,APP_22001_3033686,22001,3033686,24,2234,211.094,0,0,-1,-1,0,0.999931471,NA,NA,70.000000000,MEASURED_CPU_FAULT,CPU;INTERVAL_FAULTS,NA,NA,NA,NA,NA,NA,NA,NA,NA,NA,NA,NA,NA,NA,NA,NA,NA,NA,NA,NA,NA,NA,NA,TARGET_GONE,identity no longer active
2026-10-02T16:06:19Z,APP_22001_3033686,22001,3033686,24,2235,197.792,0,0,-1,-1,0,0.999931471,NA,NA,70.000000000,MEASURED_CPU_FAULT,CPU;INTERVAL_FAULTS,NA,NA,NA,NA,NA,NA,NA,NA,NA,NA,NA,NA,NA,NA,NA,NA,NA,NA,NA,NA,NA,NA,NA,TARGET_GONE,identity no longer active
2026-10-02T16:06:19Z,APP_22001_3033686,22001,3033686,24,2236,191.617,0,0,-1,-1,0,0.999931471,NA,NA,70.000000000,MEASURED_CPU_FAULT,CPU;INTERVAL_FAULTS,NA,NA,NA,NA,NA,NA,NA,NA,NA,NA,NA,NA,NA,NA,NA,NA,NA,NA,NA,NA,NA,NA,NA,TARGET_GONE,identity no longer active
2026-10-02T16:06:19Z,APP_22001_3033686,22001,3033686,24,2237,202.796,0,0,-1,-1,0,0.999931471,NA,NA,70.000000000,MEASURED_CPU_FAULT,CPU;INTERVAL_FAULTS,NA,NA,NA,NA,NA,NA,NA,NA,NA,NA,NA,NA,NA,NA,NA,NA,NA,NA,NA,NA,NA,NA,NA,TARGET_GONE,identity no longer active
2026-10-02T16:06:19Z,APP_22001_3033686,22001,3033686,24,2238,201.198,0,0,-1,-1,0,0.999931471,NA,NA,70.000000000,MEASURED_CPU_FAULT,CPU;INTERVAL_FAULTS,NA,NA,NA,NA,NA,NA,NA,NA,NA,NA,NA,NA,NA,NA,NA,NA,NA,NA,NA,NA,NA,NA,NA,TARGET_GONE,identity no longer active
2026-10-02T16:06:19Z,APP_22001_3033686,22001,3033686,24,2239,197.413,0,0,-1,-1,0,0.999931471,NA,NA,70.000000000,MEASURED_CPU_FAULT,CPU;INTERVAL_FAULTS,NA,NA,NA,NA,NA,NA,NA,NA,NA,NA,NA,NA,NA,NA,NA,NA,NA,NA,NA,NA,NA,NA,NA,TARGET_GONE,identity no longer active
2026-10-02T16:06:19Z,APP_22001_3033686,22001,3033686,24,2240,201.499,0,0,-1,-1,0,0.999931471,NA,NA,70.000000000,MEASURED_CPU_FAULT,CPU;INTERVAL_FAULTS,NA,NA,NA,NA,NA,NA,NA,NA,NA,NA,NA,NA,NA,NA,NA,NA,NA,NA,NA,NA,NA,NA,NA,TARGET_GONE,identity no longer active
2026-10-02T16:06:19Z,APP_22001_3033686,22001,3033686,24,2241,199.495,0,0,-1,-1,0,0.999931471,NA,NA,70.000000000,MEASURED_CPU_FAULT,CPU;INTERVAL_FAULTS,NA,NA,NA,NA,NA,NA,NA,NA,NA,NA,NA,NA,NA,NA,NA,NA,NA,NA,NA,NA,NA,NA,NA,TARGET_GONE,identity no longer active
2026-10-02T16:06:20Z,APP_22001_3033686,22001,3033686,24,2242,210.778,0,0,-1,-1,0,0.999931471,NA,NA,70.000000000,MEASURED_CPU_FAULT,CPU;INTERVAL_FAULTS,NA,NA,NA,NA,NA,NA,NA,NA,NA,NA,NA,NA,NA,NA,NA,NA,NA,NA,NA,NA,NA,NA,NA,TARGET_GONE,identity no longer active
2026-10-02T16:06:20Z,APP_22001_3033686,22001,3033686,24,2243,202.105,0,0,-1,-1,0,0.999931471,NA,NA,70.000000000,MEASURED_CPU_FAULT,CPU;INTERVAL_FAULTS,NA,NA,NA,NA,NA,NA,NA,NA,NA,NA,NA,NA,NA,NA,NA,NA,NA,NA,NA,NA,NA,NA,NA,TARGET_GONE,identity no longer active
2026-10-02T16:06:20Z,APP_22001_3033686,22001,3033686,24,2244,191.045,0,0,-1,-1,0,0.999931471,NA,NA,70.000000000,MEASURED_CPU_FAULT,CPU;INTERVAL_FAULTS,NA,NA,NA,NA,NA,NA,NA,NA,NA,NA,NA,NA,NA,NA,NA,NA,NA,NA,NA,NA,NA,NA,NA,TARGET_GONE,identity no longer active
2026-10-02T16:06:20Z,APP_22001_3033686,22001,3033686,24,2245,201.802,0,0,-1,-1,0,0.999931471,NA,NA,70.000000000,MEASURED_CPU_FAULT,CPU;INTERVAL_FAULTS,NA,NA,NA,NA,NA,NA,NA,NA,NA,NA,NA,NA,NA,NA,NA,NA,NA,NA,NA,NA,NA,NA,NA,TARGET_GONE,identity no longer active
2026-10-02T16:06:20Z,APP_22001_3033686,22001,3033686,24,2246,200.810,0,0,-1,-1,0,0.999931471,NA,NA,70.000000000,MEASURED_CPU_FAULT,CPU;INTERVAL_FAULTS,NA,NA,NA,NA,NA,NA,NA,NA,NA,NA,NA,NA,NA,NA,NA,NA,NA,NA,NA,NA,NA,NA,NA,TARGET_GONE,identity no longer active
2026-10-02T16:06:20Z,APP_22001_3033686,22001,3033686,24,2247,201.499,0,0,-1,-1,0,0.999931471,NA,NA,70.000000000,MEASURED_CPU_FAULT,CPU;INTERVAL_FAULTS,NA,NA,NA,NA,NA,NA,NA,NA,NA,NA,NA,NA,NA,NA,NA,NA,NA,NA,NA,NA,NA,NA,NA,TARGET_GONE,identity no longer active
2026-10-02T16:06:20Z,APP_22001_3033686,22001,3033686,24,2248,201.972,0,0,-1,-1,0,0.999931471,NA,NA,70.000000000,MEASURED_CPU_FAULT,CPU;INTERVAL_FAULTS,NA,NA,NA,NA,NA,NA,NA,NA,NA,NA,NA,NA,NA,NA,NA,NA,NA,NA,NA,NA,NA,NA,NA,TARGET_GONE,identity no longer active
2026-10-02T16:06:20Z,APP_22001_3033686,22001,3033686,24,2249,202.105,0,0,-1,-1,0,0.999931471,NA,NA,70.000000000,MEASURED_CPU_FAULT,CPU;INTERVAL_FAULTS,NA,NA,NA,NA,NA,NA,NA,NA,NA,NA,NA,NA,NA,NA,NA,NA,NA,NA,NA,NA,NA,NA,NA,TARGET_GONE,identity no longer active
2026-10-02T16:06:21Z,APP_22001_3033686,22001,3033686,24,2250,200.272,0,0,-1,-1,0,0.999931471,NA,NA,70.000000000,MEASURED_CPU_FAULT,CPU;INTERVAL_FAULTS,NA,NA,NA,NA,NA,NA,NA,NA,NA,NA,NA,NA,NA,NA,NA,NA,NA,NA,NA,NA,NA,NA,NA,TARGET_GONE,identity no longer active
2026-10-02T16:06:21Z,APP_22001_3033686,22001,3033686,24,2251,192.192,0,0,-1,-1,0,0.999931471,NA,NA,70.000000000,MEASURED_CPU_FAULT,CPU;INTERVAL_FAULTS,NA,NA,NA,NA,NA,NA,NA,NA,NA,NA,NA,NA,NA,NA,NA,NA,NA,NA,NA,NA,NA,NA,NA,TARGET_GONE,identity no longer active
2026-10-02T16:06:21Z,APP_22001_3033686,22001,3033686,24,2252,201.198,0,0,-1,-1,0,0.999931471,NA,NA,70.000000000,MEASURED_CPU_FAULT,CPU;INTERVAL_FAULTS,NA,NA,NA,NA,NA,NA,NA,NA,NA,NA,NA,NA,NA,NA,NA,NA,NA,NA,NA,NA,NA,NA,NA,TARGET_GONE,identity no longer active
2026-10-02T16:06:21Z,APP_22001_3033686,22001,3033686,24,2253,195.122,0,0,-1,-1,0,0.999931471,NA,NA,70.000000000,MEASURED_CPU_FAULT,CPU;INTERVAL_FAULTS,NA,NA,NA,NA,NA,NA,NA,NA,NA,NA,NA,NA,NA,NA,NA,NA,NA,NA,NA,NA,NA,NA,NA,TARGET_GONE,identity no longer active
2026-10-02T16:06:21Z,APP_22001_3033686,22001,3033686,24,2254,201.198,0,0,-1,-1,0,0.999931471,NA,NA,70.000000000,MEASURED_CPU_FAULT,CPU;INTERVAL_FAULTS,NA,NA,NA,NA,NA,NA,NA,NA,NA,NA,NA,NA,NA,NA,NA,NA,NA,NA,NA,NA,NA,NA,NA,TARGET_GONE,identity no longer active
2026-10-02T16:06:21Z,APP_22001_3033686,22001,3033686,24,2255,208.185,0,0,-1,-1,0,0.999931471,NA,NA,70.000000000,MEASURED_CPU_FAULT,CPU;INTERVAL_FAULTS,NA,NA,NA,NA,NA,NA,NA,NA,NA,NA,NA,NA,NA,NA,NA,NA,NA,NA,NA,NA,NA,NA,NA,TARGET_GONE,identity no longer active
2026-10-02T16:06:21Z,APP_22001_3033686,22001,3033686,24,2256,192.192,0,0,-1,-1,0,0.999931471,NA,NA,70.000000000,MEASURED_CPU_FAULT,CPU;INTERVAL_FAULTS,NA,NA,NA,NA,NA,NA,NA,NA,NA,NA,NA,NA,NA,NA,NA,NA,NA,NA,NA,NA,NA,NA,NA,TARGET_GONE,identity no longer active
2026-10-02T16:06:21Z,APP_22001_3033686,22001,3033686,24,2257,201.681,0,0,-1,-1,0,0.999931471,NA,NA,70.000000000,MEASURED_CPU_FAULT,CPU;INTERVAL_FAULTS,NA,NA,NA,NA,NA,NA,NA,NA,NA,NA,NA,NA,NA,NA,NA,NA,NA,NA,NA,NA,NA,NA,NA,TARGET_GONE,identity no longer active
2026-10-02T16:06:22Z,APP_22001_3033686,22001,3033686,24,2258,201.499,0,0,-1,-1,0,0.999931471,NA,NA,70.000000000,MEASURED_CPU_FAULT,CPU;INTERVAL_FAULTS,NA,NA,NA,NA,NA,NA,NA,NA,NA,NA,NA,NA,NA,NA,NA,NA,NA,NA,NA,NA,NA,NA,NA,TARGET_GONE,identity no longer active
2026-10-02T16:06:22Z,APP_22001_3033686,22001,3033686,24,2259,195.785,0,0,-1,-1,0,0.999931471,NA,NA,70.000000000,MEASURED_CPU_FAULT,CPU;INTERVAL_FAULTS,NA,NA,NA,NA,NA,NA,NA,NA,NA,NA,NA,NA,NA,NA,NA,NA,NA,NA,NA,NA,NA,NA,NA,TARGET_GONE,identity no longer active
2026-10-02T16:06:22Z,APP_22001_3033686,22001,3033686,24,2260,210.149,0,0,-1,-1,0,0.999931471,NA,NA,70.000000000,MEASURED_CPU_FAULT,CPU;INTERVAL_FAULTS,NA,NA,NA,NA,NA,NA,NA,NA,NA,NA,NA,NA,NA,NA,NA,NA,NA,NA,NA,NA,NA,NA,NA,TARGET_GONE,identity no longer active
2026-10-02T16:06:22Z,APP_22001_3033686,22001,3033686,24,2261,202.105,0,0,-1,-1,0,0.999931471,NA,NA,70.000000000,MEASURED_CPU_FAULT,CPU;INTERVAL_FAULTS,NA,NA,NA,NA,NA,NA,NA,NA,NA,NA,NA,NA,NA,NA,NA,NA,NA,NA,NA,NA,NA,NA,NA,TARGET_GONE,identity no longer active
2026-10-02T16:06:22Z,APP_22001_3033686,22001,3033686,24,2262,194.647,0,0,-1,-1,0,0.999931471,NA,NA,70.000000000,MEASURED_CPU_FAULT,CPU;INTERVAL_FAULTS,NA,NA,NA,NA,NA,NA,NA,NA,NA,NA,NA,NA,NA,NA,NA,NA,NA,NA,NA,NA,NA,NA,NA,TARGET_GONE,identity no longer active
2026-10-02T16:06:22Z,APP_22001_3033686,22001,3033686,24,2263,211.094,0,0,-1,-1,0,0.999931471,NA,NA,70.000000000,MEASURED_CPU_FAULT,CPU;INTERVAL_FAULTS,NA,NA,NA,NA,NA,NA,NA,NA,NA,NA,NA,NA,NA,NA,NA,NA,NA,NA,NA,NA,NA,NA,NA,TARGET_GONE,identity no longer active
2026-10-02T16:06:22Z,APP_22001_3033686,22001,3033686,24,2264,191.538,0,0,-1,-1,0,0.999931471,NA,NA,70.000000000,MEASURED_CPU_FAULT,CPU;INTERVAL_FAULTS,NA,NA,NA,NA,NA,NA,NA,NA,NA,NA,NA,NA,NA,NA,NA,NA,NA,NA,NA,NA,NA,NA,NA,TARGET_GONE,identity no longer active
2026-10-02T16:06:22Z,APP_22001_3033686,22001,3033686,24,2265,201.802,0,0,-1,-1,0,0.999931471,NA,NA,70.000000000,MEASURED_CPU_FAULT,CPU;INTERVAL_FAULTS,NA,NA,NA,NA,NA,NA,NA,NA,NA,NA,NA,NA,NA,NA,NA,NA,NA,NA,NA,NA,NA,NA,NA,TARGET_GONE,identity no longer active
2026-10-02T16:06:23Z,APP_22001_3033686,22001,3033686,24,2266,200.607,0,0,-1,-1,0,0.999931471,NA,NA,70.000000000,MEASURED_CPU_FAULT,CPU;INTERVAL_FAULTS,NA,NA,NA,NA,NA,NA,NA,NA,NA,NA,NA,NA,NA,NA,NA,NA,NA,NA,NA,NA,NA,NA,NA,TARGET_GONE,identity no longer active
2026-10-02T16:06:23Z,APP_22001_3033686,22001,3033686,24,2267,201.499,0,0,-1,-1,0,0.999931471,NA,NA,70.000000000,MEASURED_CPU_FAULT,CPU;INTERVAL_FAULTS,NA,NA,NA,NA,NA,NA,NA,NA,NA,NA,NA,NA,NA,NA,NA,NA,NA,NA,NA,NA,NA,NA,NA,TARGET_GONE,identity no longer active
2026-10-02T16:06:23Z,APP_22001_3033686,22001,3033686,24,2268,201.093,0,0,-1,-1,0,0.999931471,NA,NA,70.000000000,MEASURED_CPU_FAULT,CPU;INTERVAL_FAULTS,NA,NA,NA,NA,NA,NA,NA,NA,NA,NA,NA,NA,NA,NA,NA,NA,NA,NA,NA,NA,NA,NA,NA,TARGET_GONE,identity no longer active
2026-10-02T16:06:23Z,APP_22001_3033686,22001,3033686,24,2269,191.617,0,0,-1,-1,0,0.999931471,NA,NA,70.000000000,MEASURED_CPU_FAULT,CPU;INTERVAL_FAULTS,NA,NA,NA,NA,NA,NA,NA,NA,NA,NA,NA,NA,NA,NA,NA,NA,NA,NA,NA,NA,NA,NA,NA,TARGET_GONE,identity no longer active
2026-10-02T16:06:23Z,APP_22001_3033686,22001,3033686,24,2270,201.499,0,0,-1,-1,0,0.999931471,NA,NA,70.000000000,MEASURED_CPU_FAULT,CPU;INTERVAL_FAULTS,NA,NA,NA,NA,NA,NA,NA,NA,NA,NA,NA,NA,NA,NA,NA,NA,NA,NA,NA,NA,NA,NA,NA,TARGET_GONE,identity no longer active
2026-10-02T16:06:23Z,APP_22001_3033686,22001,3033686,24,2271,204.180,0,0,-1,-1,0,0.999931471,NA,NA,70.000000000,MEASURED_CPU_FAULT,CPU;INTERVAL_FAULTS,NA,NA,NA,NA,NA,NA,NA,NA,NA,NA,NA,NA,NA,NA,NA,NA,NA,NA,NA,NA,NA,NA,NA,TARGET_GONE,identity no longer active
2026-10-02T16:06:23Z,APP_22001_3033686,22001,3033686,24,2272,201.499,0,0,-1,-1,0,0.999931471,NA,NA,70.000000000,MEASURED_CPU_FAULT,CPU;INTERVAL_FAULTS,NA,NA,NA,NA,NA,NA,NA,NA,NA,NA,NA,NA,NA,NA,NA,NA,NA,NA,NA,NA,NA,NA,NA,TARGET_GONE,identity no longer active
2026-10-02T16:06:23Z,APP_22001_3033686,22001,3033686,24,2273,196.283,0,0,-1,-1,0,0.999931471,NA,NA,70.000000000,MEASURED_CPU_FAULT,CPU;INTERVAL_FAULTS,NA,NA,NA,NA,NA,NA,NA,NA,NA,NA,NA,NA,NA,NA,NA,NA,NA,NA,NA,NA,NA,NA,NA,TARGET_GONE,identity no longer active
2026-10-02T16:06:24Z,APP_22001_3033686,22001,3033686,24,2274,201.198,0,0,-1,-1,0,0.999931471,NA,NA,70.000000000,MEASURED_CPU_FAULT,CPU;INTERVAL_FAULTS,NA,NA,NA,NA,NA,NA,NA,NA,NA,NA,NA,NA,NA,NA,NA,NA,NA,NA,NA,NA,NA,NA,NA,TARGET_GONE,identity no longer active
2026-10-02T16:06:24Z,APP_22001_3033686,22001,3033686,24,2275,201.421,0,0,-1,-1,0,0.999931471,NA,NA,70.000000000,MEASURED_CPU_FAULT,CPU;INTERVAL_FAULTS,NA,NA,NA,NA,NA,NA,NA,NA,NA,NA,NA,NA,NA,NA,NA,NA,NA,NA,NA,NA,NA,NA,NA,TARGET_GONE,identity no longer active
2026-10-02T16:06:24Z,APP_22001_3033686,22001,3033686,24,2276,201.802,0,0,-1,-1,0,0.999931471,NA,NA,70.000000000,MEASURED_CPU_FAULT,CPU;INTERVAL_FAULTS,NA,NA,NA,NA,NA,NA,NA,NA,NA,NA,NA,NA,NA,NA,NA,NA,NA,NA,NA,NA,NA,NA,NA,TARGET_GONE,identity no longer active
2026-10-02T16:06:24Z,APP_22001_3033686,22001,3033686,24,2277,201.381,0,0,-1,-1,0,0.999931471,NA,NA,70.000000000,MEASURED_CPU_FAULT,CPU;INTERVAL_FAULTS,NA,NA,NA,NA,NA,NA,NA,NA,NA,NA,NA,NA,NA,NA,NA,NA,NA,NA,NA,NA,NA,NA,NA,TARGET_GONE,identity no longer active
2026-10-02T16:06:24Z,APP_22001_3033686,22001,3033686,24,2278,191.617,0,0,-1,-1,0,0.999931471,NA,NA,70.000000000,MEASURED_CPU_FAULT,CPU;INTERVAL_FAULTS,NA,NA,NA,NA,NA,NA,NA,NA,NA,NA,NA,NA,NA,NA,NA,NA,NA,NA,NA,NA,NA,NA,NA,TARGET_GONE,identity no longer active
2026-10-02T16:06:24Z,APP_22001_3033686,22001,3033686,24,2279,202.105,0,0,-1,-1,0,0.999931471,NA,NA,70.000000000,MEASURED_CPU_FAULT,CPU;INTERVAL_FAULTS,NA,NA,NA,NA,NA,NA,NA,NA,NA,NA,NA,NA,NA,NA,NA,NA,NA,NA,NA,NA,NA,NA,NA,TARGET_GONE,identity no longer active
2026-10-02T16:06:24Z,APP_22001_3033686,22001,3033686,24,2280,204.878,0,0,-1,-1,0,0.999931471,NA,NA,70.000000000,MEASURED_CPU_FAULT,CPU;INTERVAL_FAULTS,NA,NA,NA,NA,NA,NA,NA,NA,NA,NA,NA,NA,NA,NA,NA,NA,NA,NA,NA,NA,NA,NA,NA,TARGET_GONE,identity no longer active
2026-10-02T16:06:24Z,APP_22001_3033686,22001,3033686,24,2281,192.192,0,0,-1,-1,0,0.999931471,NA,NA,70.000000000,MEASURED_CPU_FAULT,CPU;INTERVAL_FAULTS,NA,NA,NA,NA,NA,NA,NA,NA,NA,NA,NA,NA,NA,NA,NA,NA,NA,NA,NA,NA,NA,NA,NA,TARGET_GONE,identity no longer active
2026-10-02T16:06:25Z,APP_22001_3033686,22001,3033686,24,2282,201.217,0,0,-1,-1,0,0.999931471,NA,NA,70.000000000,MEASURED_CPU_FAULT,CPU;INTERVAL_FAULTS,NA,NA,NA,NA,NA,NA,NA,NA,NA,NA,NA,NA,NA,NA,NA,NA,NA,NA,NA,NA,NA,NA,NA,TARGET_GONE,identity no longer active
2026-10-02T16:06:25Z,APP_22001_3033686,22001,3033686,24,2283,201.499,0,0,-1,-1,0,0.999931471,NA,NA,70.000000000,MEASURED_CPU_FAULT,CPU;INTERVAL_FAULTS,NA,NA,NA,NA,NA,NA,NA,NA,NA,NA,NA,NA,NA,NA,NA,NA,NA,NA,NA,NA,NA,NA,NA,TARGET_GONE,identity no longer active
2026-10-02T16:06:25Z,APP_22001_3033686,22001,3033686,24,2284,200.810,0,0,-1,-1,0,0.999931471,NA,NA,70.000000000,MEASURED_CPU_FAULT,CPU;INTERVAL_FAULTS,NA,NA,NA,NA,NA,NA,NA,NA,NA,NA,NA,NA,NA,NA,NA,NA,NA,NA,NA,NA,NA,NA,NA,TARGET_GONE,identity no longer active
2026-10-02T16:06:25Z,APP_22001_3033686,22001,3033686,24,2285,201.499,0,0,-1,-1,0,0.999931471,NA,NA,70.000000000,MEASURED_CPU_FAULT,CPU;INTERVAL_FAULTS,NA,NA,NA,NA,NA,NA,NA,NA,NA,NA,NA,NA,NA,NA,NA,NA,NA,NA,NA,NA,NA,NA,NA,TARGET_GONE,identity no longer active
2026-10-02T16:06:25Z,APP_22001_3033686,22001,3033686,24,2286,197.938,0,0,-1,-1,0,0.999931471,NA,NA,70.000000000,MEASURED_CPU_FAULT,CPU;INTERVAL_FAULTS,NA,NA,NA,NA,NA,NA,NA,NA,NA,NA,NA,NA,NA,NA,NA,NA,NA,NA,NA,NA,NA,NA,NA,TARGET_GONE,identity no longer active
2026-10-02T16:06:25Z,APP_22001_3033686,22001,3033686,24,2287,205.210,0,0,-1,-1,0,0.999931471,NA,NA,70.000000000,MEASURED_CPU_FAULT,CPU;INTERVAL_FAULTS,NA,NA,NA,NA,NA,NA,NA,NA,NA,NA,NA,NA,NA,NA,NA,NA,NA,NA,NA,NA,NA,NA,NA,TARGET_GONE,identity no longer active
2026-10-02T16:06:25Z,APP_22001_3033686,22001,3033686,24,2288,191.617,0,0,-1,-1,0,0.999931471,NA,NA,70.000000000,MEASURED_CPU_FAULT,CPU;INTERVAL_FAULTS,NA,NA,NA,NA,NA,NA,NA,NA,NA,NA,NA,NA,NA,NA,NA,NA,NA,NA,NA,NA,NA,NA,NA,TARGET_GONE,identity no longer active
2026-10-02T16:06:25Z,APP_22001_3033686,22001,3033686,24,2289,205.505,0,0,-1,-1,0,0.999931471,NA,NA,70.000000000,MEASURED_CPU_FAULT,CPU;INTERVAL_FAULTS,NA,NA,NA,NA,NA,NA,NA,NA,NA,NA,NA,NA,NA,NA,NA,NA,NA,NA,NA,NA,NA,NA,NA,TARGET_GONE,identity no longer active
2026-10-02T16:06:26Z,APP_22001_3033686,22001,3033686,24,2290,201.198,0,0,-1,-1,0,0.999931471,NA,NA,70.000000000,MEASURED_CPU_FAULT,CPU;INTERVAL_FAULTS,NA,NA,NA,NA,NA,NA,NA,NA,NA,NA,NA,NA,NA,NA,NA,NA,NA,NA,NA,NA,NA,NA,NA,TARGET_GONE,identity no longer active
2026-10-02T16:06:26Z,APP_22001_3033686,22001,3033686,24,2291,201.013,0,0,-1,-1,0,0.999931471,NA,NA,70.000000000,MEASURED_CPU_FAULT,CPU;INTERVAL_FAULTS,NA,NA,NA,NA,NA,NA,NA,NA,NA,NA,NA,NA,NA,NA,NA,NA,NA,NA,NA,NA,NA,NA,NA,TARGET_GONE,identity no longer active
2026-10-02T16:06:26Z,APP_22001_3033686,22001,3033686,24,2292,201.802,0,0,-1,-1,0,0.999931471,NA,NA,70.000000000,MEASURED_CPU_FAULT,CPU;INTERVAL_FAULTS,NA,NA,NA,NA,NA,NA,NA,NA,NA,NA,NA,NA,NA,NA,NA,NA,NA,NA,NA,NA,NA,NA,NA,TARGET_GONE,identity no longer active
2026-10-02T16:06:26Z,APP_22001_3033686,22001,3033686,24,2293,194.529,0,0,-1,-1,0,0.999931471,NA,NA,70.000000000,MEASURED_CPU_FAULT,CPU;INTERVAL_FAULTS,NA,NA,NA,NA,NA,NA,NA,NA,NA,NA,NA,NA,NA,NA,NA,NA,NA,NA,NA,NA,NA,NA,NA,TARGET_GONE,identity no longer active
2026-10-02T16:06:26Z,APP_22001_3033686,22001,3033686,24,2294,201.198,0,0,-1,-1,0,0.999931471,NA,NA,70.000000000,MEASURED_CPU_FAULT,CPU;INTERVAL_FAULTS,NA,NA,NA,NA,NA,NA,NA,NA,NA,NA,NA,NA,NA,NA,NA,NA,NA,NA,NA,NA,NA,NA,NA,TARGET_GONE,identity no longer active
2026-10-02T16:06:26Z,APP_22001_3033686,22001,3033686,24,2295,203.873,0,0,-1,-1,0,0.999931471,NA,NA,70.000000000,MEASURED_CPU_FAULT,CPU;INTERVAL_FAULTS,NA,NA,NA,NA,NA,NA,NA,NA,NA,NA,NA,NA,NA,NA,NA,NA,NA,NA,NA,NA,NA,NA,NA,TARGET_GONE,identity no longer active
2026-10-02T16:06:26Z,APP_22001_3033686,22001,3033686,24,2296,191.045,0,0,-1,-1,0,0.999931471,NA,NA,70.000000000,MEASURED_CPU_FAULT,CPU;INTERVAL_FAULTS,NA,NA,NA,NA,NA,NA,NA,NA,NA,NA,NA,NA,NA,NA,NA,NA,NA,NA,NA,NA,NA,NA,NA,TARGET_GONE,identity no longer active
2026-10-02T16:06:26Z,APP_22001_3033686,22001,3033686,24,2297,201.802,0,0,-1,-1,0,0.999931471,NA,NA,70.000000000,MEASURED_CPU_FAULT,CPU;INTERVAL_FAULTS,NA,NA,NA,NA,NA,NA,NA,NA,NA,NA,NA,NA,NA,NA,NA,NA,NA,NA,NA,NA,NA,NA,NA,TARGET_GONE,identity no longer active
2026-10-02T16:06:27Z,APP_22001_3033686,22001,3033686,24,2298,199.253,0,0,-1,-1,0,0.999931471,NA,NA,70.000000000,MEASURED_CPU_FAULT,CPU;INTERVAL_FAULTS,NA,NA,NA,NA,NA,NA,NA,NA,NA,NA,NA,NA,NA,NA,NA,NA,NA,NA,NA,NA,NA,NA,NA,TARGET_GONE,identity no longer active
2026-10-02T16:06:27Z,APP_22001_3033686,22001,3033686,24,2299,192.192,0,0,-1,-1,0,0.999931471,NA,NA,70.000000000,MEASURED_CPU_FAULT,CPU;INTERVAL_FAULTS,NA,NA,NA,NA,NA,NA,NA,NA,NA,NA,NA,NA,NA,NA,NA,NA,NA,NA,NA,NA,NA,NA,NA,TARGET_GONE,identity no longer active
2026-10-02T16:06:27Z,APP_22001_3033686,22001,3033686,24,2300,204.536,0,0,-1,-1,0,0.999931471,NA,NA,70.000000000,MEASURED_CPU_FAULT,CPU;INTERVAL_FAULTS,NA,NA,NA,NA,NA,NA,NA,NA,NA,NA,NA,NA,NA,NA,NA,NA,NA,NA,NA,NA,NA,NA,NA,TARGET_GONE,identity no longer active
2026-10-02T16:06:27Z,APP_22001_3033686,22001,3033686,24,2301,201.499,0,0,-1,-1,0,0.999931471,NA,NA,70.000000000,MEASURED_CPU_FAULT,CPU;INTERVAL_FAULTS,NA,NA,NA,NA,NA,NA,NA,NA,NA,NA,NA,NA,NA,NA,NA,NA,NA,NA,NA,NA,NA,NA,NA,TARGET_GONE,identity no longer active
2026-10-02T16:06:27Z,APP_22001_3033686,22001,3033686,24,2302,196.831,0,0,-1,-1,0,0.999931471,NA,NA,70.000000000,MEASURED_CPU_FAULT,CPU;INTERVAL_FAULTS,NA,NA,NA,NA,NA,NA,NA,NA,NA,NA,NA,NA,NA,NA,NA,NA,NA,NA,NA,NA,NA,NA,NA,TARGET_GONE,identity no longer active
2026-10-02T16:06:27Z,APP_22001_3033686,22001,3033686,24,2303,201.802,0,0,-1,-1,0,0.999931471,NA,NA,70.000000000,MEASURED_CPU_FAULT,CPU;INTERVAL_FAULTS,NA,NA,NA,NA,NA,NA,NA,NA,NA,NA,NA,NA,NA,NA,NA,NA,NA,NA,NA,NA,NA,NA,NA,TARGET_GONE,identity no longer active
2026-10-02T16:06:27Z,APP_22001_3033686,22001,3033686,24,2304,199.005,0,0,-1,-1,0,0.999931471,NA,NA,70.000000000,MEASURED_CPU_FAULT,CPU;INTERVAL_FAULTS,NA,NA,NA,NA,NA,NA,NA,NA,NA,NA,NA,NA,NA,NA,NA,NA,NA,NA,NA,NA,NA,NA,NA,TARGET_GONE,identity no longer active
2026-10-02T16:06:28Z,APP_22001_3033686,22001,3033686,24,2305,204.800,0,0,-1,-1,0,0.999931471,NA,NA,70.000000000,MEASURED_CPU_FAULT,CPU;INTERVAL_FAULTS,NA,NA,NA,NA,NA,NA,NA,NA,NA,NA,NA,NA,NA,NA,NA,NA,NA,NA,NA,NA,NA,NA,NA,TARGET_GONE,identity no longer active
2026-10-02T16:06:28Z,APP_22001_3033686,22001,3033686,24,2306,201.499,0,0,-1,-1,0,0.999931471,NA,NA,70.000000000,MEASURED_CPU_FAULT,CPU;INTERVAL_FAULTS,NA,NA,NA,NA,NA,NA,NA,NA,NA,NA,NA,NA,NA,NA,NA,NA,NA,NA,NA,NA,NA,NA,NA,TARGET_GONE,identity no longer active
2026-10-02T16:06:28Z,APP_22001_3033686,22001,3033686,24,2307,201.368,0,0,-1,-1,0,0.999931471,NA,NA,70.000000000,MEASURED_CPU_FAULT,CPU;INTERVAL_FAULTS,NA,NA,NA,NA,NA,NA,NA,NA,NA,NA,NA,NA,NA,NA,NA,NA,NA,NA,NA,NA,NA,NA,NA,TARGET_GONE,identity no longer active
2026-10-02T16:06:28Z,APP_22001_3033686,22001,3033686,24,2308,191.617,0,0,-1,-1,0,0.999931471,NA,NA,70.000000000,MEASURED_CPU_FAULT,CPU;INTERVAL_FAULTS,NA,NA,NA,NA,NA,NA,NA,NA,NA,NA,NA,NA,NA,NA,NA,NA,NA,NA,NA,NA,NA,NA,NA,TARGET_GONE,identity no longer active
2026-10-02T16:06:28Z,APP_22001_3033686,22001,3033686,24,2309,205.993,0,0,-1,-1,0,0.999931471,NA,NA,70.000000000,MEASURED_CPU_FAULT,CPU;INTERVAL_FAULTS,NA,NA,NA,NA,NA,NA,NA,NA,NA,NA,NA,NA,NA,NA,NA,NA,NA,NA,NA,NA,NA,NA,NA,TARGET_GONE,identity no longer active
2026-10-02T16:06:28Z,APP_22001_3033686,22001,3033686,24,2310,192.000,0,0,-1,-1,0,0.999931471,NA,NA,70.000000000,MEASURED_CPU_FAULT,CPU;INTERVAL_FAULTS,NA,NA,NA,NA,NA,NA,NA,NA,NA,NA,NA,NA,NA,NA,NA,NA,NA,NA,NA,NA,NA,NA,NA,TARGET_GONE,identity no longer active
2026-10-02T16:06:28Z,APP_22001_3033686,22001,3033686,24,2311,201.802,0,0,-1,-1,0,0.999931471,NA,NA,70.000000000,MEASURED_CPU_FAULT,CPU;INTERVAL_FAULTS,NA,NA,NA,NA,NA,NA,NA,NA,NA,NA,NA,NA,NA,NA,NA,NA,NA,NA,NA,NA,NA,NA,NA,TARGET_GONE,identity no longer active
2026-10-02T16:06:28Z,APP_22001_3033686,22001,3033686,24,2312,200.545,0,0,-1,-1,0,0.999931471,NA,NA,70.000000000,MEASURED_CPU_FAULT,CPU;INTERVAL_FAULTS,NA,NA,NA,NA,NA,NA,NA,NA,NA,NA,NA,NA,NA,NA,NA,NA,NA,NA,NA,NA,NA,NA,NA,TARGET_GONE,identity no longer active
2026-10-02T16:06:28Z,APP_22001_3033686,22001,3033686,24,2313,201.499,0,0,-1,-1,0,0.999931471,NA,NA,70.000000000,MEASURED_CPU_FAULT,CPU;INTERVAL_FAULTS,NA,NA,NA,NA,NA,NA,NA,NA,NA,NA,NA,NA,NA,NA,NA,NA,NA,NA,NA,NA,NA,NA,NA,TARGET_GONE,identity no longer active
2026-10-02T16:06:29Z,APP_22001_3033686,22001,3033686,24,2314,199.361,0,0,-1,-1,0,0.999931471,NA,NA,70.000000000,MEASURED_CPU_FAULT,CPU;INTERVAL_FAULTS,NA,NA,NA,NA,NA,NA,NA,NA,NA,NA,NA,NA,NA,NA,NA,NA,NA,NA,NA,NA,NA,NA,NA,TARGET_GONE,identity no longer active
2026-10-02T16:06:29Z,APP_22001_3033686,22001,3033686,24,2315,205.622,0,0,-1,-1,0,0.999931471,NA,NA,70.000000000,MEASURED_CPU_FAULT,CPU;INTERVAL_FAULTS,NA,NA,NA,NA,NA,NA,NA,NA,NA,NA,NA,NA,NA,NA,NA,NA,NA,NA,NA,NA,NA,NA,NA,TARGET_GONE,identity no longer active
2026-10-02T16:06:29Z,APP_22001_3033686,22001,3033686,24,2316,191.617,0,0,-1,-1,0,0.999931471,NA,NA,70.000000000,MEASURED_CPU_FAULT,CPU;INTERVAL_FAULTS,NA,NA,NA,NA,NA,NA,NA,NA,NA,NA,NA,NA,NA,NA,NA,NA,NA,NA,NA,NA,NA,NA,NA,TARGET_GONE,identity no longer active
2026-10-02T16:06:29Z,APP_22001_3033686,22001,3033686,24,2317,209.264,0,0,-1,-1,0,0.999931471,NA,NA,70.000000000,MEASURED_CPU_FAULT,CPU;INTERVAL_FAULTS,NA,NA,NA,NA,NA,NA,NA,NA,NA,NA,NA,NA,NA,NA,NA,NA,NA,NA,NA,NA,NA,NA,NA,TARGET_GONE,identity no longer active
2026-10-02T16:06:29Z,APP_22001_3033686,22001,3033686,24,2318,191.617,0,0,-1,-1,0,0.999931471,NA,NA,70.000000000,MEASURED_CPU_FAULT,CPU;INTERVAL_FAULTS,NA,NA,NA,NA,NA,NA,NA,NA,NA,NA,NA,NA,NA,NA,NA,NA,NA,NA,NA,NA,NA,NA,NA,TARGET_GONE,identity no longer active
2026-10-02T16:06:29Z,APP_22001_3033686,22001,3033686,24,2319,199.555,0,0,-1,-1,0,0.999931471,NA,NA,70.000000000,MEASURED_CPU_FAULT,CPU;INTERVAL_FAULTS,NA,NA,NA,NA,NA,NA,NA,NA,NA,NA,NA,NA,NA,NA,NA,NA,NA,NA,NA,NA,NA,NA,NA,TARGET_GONE,identity no longer active
2026-10-02T16:06:29Z,APP_22001_3033686,22001,3033686,24,2320,203.984,0,0,-1,-1,0,0.999931471,NA,NA,70.000000000,MEASURED_CPU_FAULT,CPU;INTERVAL_FAULTS,NA,NA,NA,NA,NA,NA,NA,NA,NA,NA,NA,NA,NA,NA,NA,NA,NA,NA,NA,NA,NA,NA,NA,TARGET_GONE,identity no longer active
2026-10-02T16:06:29Z,APP_22001_3033686,22001,3033686,24,2321,201.802,0,0,-1,-1,0,0.999931471,NA,NA,70.000000000,MEASURED_CPU_FAULT,CPU;INTERVAL_FAULTS,NA,NA,NA,NA,NA,NA,NA,NA,NA,NA,NA,NA,NA,NA,NA,NA,NA,NA,NA,NA,NA,NA,NA,TARGET_GONE,identity no longer active
2026-10-02T16:06:29Z,APP_22001_3033686,22001,3033686,24,2322,201.093,0,0,-1,-1,0,0.999931471,NA,NA,70.000000000,MEASURED_CPU_FAULT,CPU;INTERVAL_FAULTS,NA,NA,NA,NA,NA,NA,NA,NA,NA,NA,NA,NA,NA,NA,NA,NA,NA,NA,NA,NA,NA,NA,NA,TARGET_GONE,identity no longer active
2026-10-02T16:06:30Z,APP_22001_3033686,22001,3033686,24,2323,201.198,0,0,-1,-1,0,0.999931471,NA,NA,70.000000000,MEASURED_CPU_FAULT,CPU;INTERVAL_FAULTS,NA,NA,NA,NA,NA,NA,NA,NA,NA,NA,NA,NA,NA,NA,NA,NA,NA,NA,NA,NA,NA,NA,NA,TARGET_GONE,identity no longer active
2026-10-02T16:06:30Z,APP_22001_3033686,22001,3033686,24,2324,202.559,0,0,-1,-1,0,0.999931471,NA,NA,70.000000000,MEASURED_CPU_FAULT,CPU;INTERVAL_FAULTS,NA,NA,NA,NA,NA,NA,NA,NA,NA,NA,NA,NA,NA,NA,NA,NA,NA,NA,NA,NA,NA,NA,NA,TARGET_GONE,identity no longer active
2026-10-02T16:06:30Z,APP_22001_3033686,22001,3033686,24,2325,192.771,0,0,-1,-1,0,0.999931471,NA,NA,70.000000000,MEASURED_CPU_FAULT,CPU;INTERVAL_FAULTS,NA,NA,NA,NA,NA,NA,NA,NA,NA,NA,NA,NA,NA,NA,NA,NA,NA,NA,NA,NA,NA,NA,NA,TARGET_GONE,identity no longer active
2026-10-02T16:06:30Z,APP_22001_3033686,22001,3033686,24,2326,201.198,0,0,-1,-1,0,0.999931471,NA,NA,70.000000000,MEASURED_CPU_FAULT,CPU;INTERVAL_FAULTS,NA,NA,NA,NA,NA,NA,NA,NA,NA,NA,NA,NA,NA,NA,NA,NA,NA,NA,NA,NA,NA,NA,NA,TARGET_GONE,identity no longer active
2026-10-02T16:06:30Z,APP_22001_3033686,22001,3033686,24,2327,198.870,0,0,-1,-1,0,0.999931471,NA,NA,70.000000000,MEASURED_CPU_FAULT,CPU;INTERVAL_FAULTS,NA,NA,NA,NA,NA,NA,NA,NA,NA,NA,NA,NA,NA,NA,NA,NA,NA,NA,NA,NA,NA,NA,NA,TARGET_GONE,identity no longer active
2026-10-02T16:06:30Z,APP_22001_3033686,22001,3033686,24,2328,201.499,0,0,-1,-1,0,0.999931471,NA,NA,70.000000000,MEASURED_CPU_FAULT,CPU;INTERVAL_FAULTS,NA,NA,NA,NA,NA,NA,NA,NA,NA,NA,NA,NA,NA,NA,NA,NA,NA,NA,NA,NA,NA,NA,NA,TARGET_GONE,identity no longer active
2026-10-02T16:06:30Z,APP_22001_3033686,22001,3033686,24,2329,198.165,0,0,-1,-1,0,0.999931471,NA,NA,70.000000000,MEASURED_CPU_FAULT,CPU;INTERVAL_FAULTS,NA,NA,NA,NA,NA,NA,NA,NA,NA,NA,NA,NA,NA,NA,NA,NA,NA,NA,NA,NA,NA,NA,NA,TARGET_GONE,identity no longer active
2026-10-02T16:06:30Z,APP_22001_3033686,22001,3033686,24,2330,203.984,0,0,-1,-1,0,0.999931471,NA,NA,70.000000000,MEASURED_CPU_FAULT,CPU;INTERVAL_FAULTS,NA,NA,NA,NA,NA,NA,NA,NA,NA,NA,NA,NA,NA,NA,NA,NA,NA,NA,NA,NA,NA,NA,NA,TARGET_GONE,identity no longer active
2026-10-02T16:06:31Z,APP_22001_3033686,22001,3033686,24,2331,201.802,0,0,-1,-1,0,0.999931471,NA,NA,70.000000000,MEASURED_CPU_FAULT,CPU;INTERVAL_FAULTS,NA,NA,NA,NA,NA,NA,NA,NA,NA,NA,NA,NA,NA,NA,NA,NA,NA,NA,NA,NA,NA,NA,NA,TARGET_GONE,identity no longer active
2026-10-02T16:06:31Z,APP_22001_3033686,22001,3033686,24,2332,190.099,0,0,-1,-1,0,0.999931471,NA,NA,70.000000000,MEASURED_CPU_FAULT,CPU;INTERVAL_FAULTS,NA,NA,NA,NA,NA,NA,NA,NA,NA,NA,NA,NA,NA,NA,NA,NA,NA,NA,NA,NA,NA,NA,NA,TARGET_GONE,identity no longer active
2026-10-02T16:06:31Z,APP_22001_3033686,22001,3033686,24,2333,201.802,0,0,-1,-1,0,0.999931471,NA,NA,70.000000000,MEASURED_CPU_FAULT,CPU;INTERVAL_FAULTS,NA,NA,NA,NA,NA,NA,NA,NA,NA,NA,NA,NA,NA,NA,NA,NA,NA,NA,NA,NA,NA,NA,NA,TARGET_GONE,identity no longer active
2026-10-02T16:06:04Z,APP_22001_3033686,22001,3033686,25,2334,0.000,0,0,-1,-1,0,0.999931471,1,true,0.000000000,MEASURED_CPU_FAULT,CPU;INTERVAL_FAULTS,HOT,669.474315258,0.560000000,0.700000000,NA,NA,NA,NA,0.560000000,0.000000000,0.700000000,0.000000000,-1.000000000,1.232000000,NA,MOVE_THREAD,INVALID,NOT_APPLICABLE,INVALID,MOVE_THREAD,-1,-1,false,TARGET_GONE,identity no longer active
2026-10-02T16:06:04Z,APP_22001_3033686,22001,3033686,25,2335,0.000,0,0,-1,-1,0,0.999931471,NA,NA,0.000000000,MEASURED_CPU_FAULT,CPU;INTERVAL_FAULTS,NA,NA,NA,NA,NA,NA,NA,NA,NA,NA,NA,NA,NA,NA,NA,NA,NA,NA,NA,NA,NA,NA,NA,TARGET_GONE,identity no longer active
2026-10-02T16:06:04Z,APP_22001_3033686,22001,3033686,25,2336,0.000,0,0,-1,-1,0,0.999931471,NA,NA,0.000000000,MEASURED_CPU_FAULT,CPU;INTERVAL_FAULTS,NA,NA,NA,NA,NA,NA,NA,NA,NA,NA,NA,NA,NA,NA,NA,NA,NA,NA,NA,NA,NA,NA,NA,TARGET_GONE,identity no longer active
2026-10-02T16:06:04Z,APP_22001_3033686,22001,3033686,25,2337,0.000,0,0,-1,-1,0,0.999931471,NA,NA,0.000000000,MEASURED_CPU_FAULT,CPU;INTERVAL_FAULTS,NA,NA,NA,NA,NA,NA,NA,NA,NA,NA,NA,NA,NA,NA,NA,NA,NA,NA,NA,NA,NA,NA,NA,TARGET_GONE,identity no longer active
2026-10-02T16:06:04Z,APP_22001_3033686,22001,3033686,25,2338,0.000,0,0,-1,-1,0,0.999931471,NA,NA,0.000000000,MEASURED_CPU_FAULT,CPU;INTERVAL_FAULTS,NA,NA,NA,NA,NA,NA,NA,NA,NA,NA,NA,NA,NA,NA,NA,NA,NA,NA,NA,NA,NA,NA,NA,TARGET_GONE,identity no longer active
2026-10-02T16:06:04Z,APP_22001_3033686,22001,3033686,25,2339,0.000,0,0,-1,-1,0,0.999931471,NA,NA,0.000000000,MEASURED_CPU_FAULT,CPU;INTERVAL_FAULTS,NA,NA,NA,NA,NA,NA,NA,NA,NA,NA,NA,NA,NA,NA,NA,NA,NA,NA,NA,NA,NA,NA,NA,TARGET_GONE,identity no longer active
2026-10-02T16:06:05Z,APP_22001_3033686,22001,3033686,25,2340,0.000,0,0,-1,-1,0,0.999931471,NA,NA,0.000000000,MEASURED_CPU_FAULT,CPU;INTERVAL_FAULTS,NA,NA,NA,NA,NA,NA,NA,NA,NA,NA,NA,NA,NA,NA,NA,NA,NA,NA,NA,NA,NA,NA,NA,TARGET_GONE,identity no longer active
2026-10-02T16:06:05Z,APP_22001_3033686,22001,3033686,25,2341,0.000,0,0,-1,-1,0,0.999931471,NA,NA,0.000000000,MEASURED_CPU_FAULT,CPU;INTERVAL_FAULTS,NA,NA,NA,NA,NA,NA,NA,NA,NA,NA,NA,NA,NA,NA,NA,NA,NA,NA,NA,NA,NA,NA,NA,TARGET_GONE,identity no longer active
2026-10-02T16:06:05Z,APP_22001_3033686,22001,3033686,25,2342,0.000,0,0,-1,-1,0,0.999931471,NA,NA,0.000000000,MEASURED_CPU_FAULT,CPU;INTERVAL_FAULTS,NA,NA,NA,NA,NA,NA,NA,NA,NA,NA,NA,NA,NA,NA,NA,NA,NA,NA,NA,NA,NA,NA,NA,TARGET_GONE,identity no longer active
2026-10-02T16:06:05Z,APP_22001_3033686,22001,3033686,25,2343,16.203,0,0,-1,-1,0,0.999931471,NA,NA,11.342100000,MEASURED_CPU_FAULT,CPU;INTERVAL_FAULTS,NA,NA,NA,NA,NA,NA,NA,NA,NA,NA,NA,NA,NA,NA,NA,NA,NA,NA,NA,NA,NA,NA,NA,TARGET_GONE,identity no longer active
2026-10-02T16:06:05Z,APP_22001_3033686,22001,3033686,25,2344,192.385,0,0,-1,-1,0,0.999931471,NA,NA,70.000000000,MEASURED_CPU_FAULT,CPU;INTERVAL_FAULTS,NA,NA,NA,NA,NA,NA,NA,NA,NA,NA,NA,NA,NA,NA,NA,NA,NA,NA,NA,NA,NA,NA,NA,TARGET_GONE,identity no longer active
2026-10-02T16:06:05Z,APP_22001_3033686,22001,3033686,25,2345,210.778,0,0,-1,-1,0,0.999931471,NA,NA,70.000000000,MEASURED_CPU_FAULT,CPU;INTERVAL_FAULTS,NA,NA,NA,NA,NA,NA,NA,NA,NA,NA,NA,NA,NA,NA,NA,NA,NA,NA,NA,NA,NA,NA,NA,TARGET_GONE,identity no longer active
2026-10-02T16:06:05Z,APP_22001_3033686,22001,3033686,25,2346,202.009,0,0,-1,-1,0,0.999931471,NA,NA,70.000000000,MEASURED_CPU_FAULT,CPU;INTERVAL_FAULTS,NA,NA,NA,NA,NA,NA,NA,NA,NA,NA,NA,NA,NA,NA,NA,NA,NA,NA,NA,NA,NA,NA,NA,TARGET_GONE,identity no longer active
2026-10-02T16:06:05Z,APP_22001_3033686,22001,3033686,25,2347,191.904,0,0,-1,-1,0,0.999931471,NA,NA,70.000000000,MEASURED_CPU_FAULT,CPU;INTERVAL_FAULTS,NA,NA,NA,NA,NA,NA,NA,NA,NA,NA,NA,NA,NA,NA,NA,NA,NA,NA,NA,NA,NA,NA,NA,TARGET_GONE,identity no longer active
2026-10-02T16:06:06Z,APP_22001_3033686,22001,3033686,25,2348,206.928,0,0,-1,-1,0,0.999931471,NA,NA,70.000000000,MEASURED_CPU_FAULT,CPU;INTERVAL_FAULTS,NA,NA,NA,NA,NA,NA,NA,NA,NA,NA,NA,NA,NA,NA,NA,NA,NA,NA,NA,NA,NA,NA,NA,TARGET_GONE,identity no longer active
2026-10-02T16:06:06Z,APP_22001_3033686,22001,3033686,25,2349,192.385,0,0,-1,-1,0,0.999931471,NA,NA,70.000000000,MEASURED_CPU_FAULT,CPU;INTERVAL_FAULTS,NA,NA,NA,NA,NA,NA,NA,NA,NA,NA,NA,NA,NA,NA,NA,NA,NA,NA,NA,NA,NA,NA,NA,TARGET_GONE,identity no longer active
2026-10-02T16:06:06Z,APP_22001_3033686,22001,3033686,25,2350,201.198,0,0,-1,-1,0,0.999931471,NA,NA,70.000000000,MEASURED_CPU_FAULT,CPU;INTERVAL_FAULTS,NA,NA,NA,NA,NA,NA,NA,NA,NA,NA,NA,NA,NA,NA,NA,NA,NA,NA,NA,NA,NA,NA,NA,TARGET_GONE,identity no longer active
2026-10-02T16:06:06Z,APP_22001_3033686,22001,3033686,25,2351,201.431,0,0,-1,-1,0,0.999931471,NA,NA,70.000000000,MEASURED_CPU_FAULT,CPU;INTERVAL_FAULTS,NA,NA,NA,NA,NA,NA,NA,NA,NA,NA,NA,NA,NA,NA,NA,NA,NA,NA,NA,NA,NA,NA,NA,TARGET_GONE,identity no longer active
2026-10-02T16:06:06Z,APP_22001_3033686,22001,3033686,25,2352,201.802,0,0,-1,-1,0,0.999931471,NA,NA,70.000000000,MEASURED_CPU_FAULT,CPU;INTERVAL_FAULTS,NA,NA,NA,NA,NA,NA,NA,NA,NA,NA,NA,NA,NA,NA,NA,NA,NA,NA,NA,NA,NA,NA,NA,TARGET_GONE,identity no longer active
2026-10-02T16:06:06Z,APP_22001_3033686,22001,3033686,25,2353,196.047,0,0,-1,-1,0,0.999931471,NA,NA,70.000000000,MEASURED_CPU_FAULT,CPU;INTERVAL_FAULTS,NA,NA,NA,NA,NA,NA,NA,NA,NA,NA,NA,NA,NA,NA,NA,NA,NA,NA,NA,NA,NA,NA,NA,TARGET_GONE,identity no longer active
2026-10-02T16:06:06Z,APP_22001_3033686,22001,3033686,25,2354,204.391,0,0,-1,-1,0,0.999931471,NA,NA,70.000000000,MEASURED_CPU_FAULT,CPU;INTERVAL_FAULTS,NA,NA,NA,NA,NA,NA,NA,NA,NA,NA,NA,NA,NA,NA,NA,NA,NA,NA,NA,NA,NA,NA,NA,TARGET_GONE,identity no longer active
2026-10-02T16:06:06Z,APP_22001_3033686,22001,3033686,25,2355,201.802,0,0,-1,-1,0,0.999931471,NA,NA,70.000000000,MEASURED_CPU_FAULT,CPU;INTERVAL_FAULTS,NA,NA,NA,NA,NA,NA,NA,NA,NA,NA,NA,NA,NA,NA,NA,NA,NA,NA,NA,NA,NA,NA,NA,TARGET_GONE,identity no longer active
2026-10-02T16:06:06Z,APP_22001_3033686,22001,3033686,25,2356,194.195,0,0,-1,-1,0,0.999931471,NA,NA,70.000000000,MEASURED_CPU_FAULT,CPU;INTERVAL_FAULTS,NA,NA,NA,NA,NA,NA,NA,NA,NA,NA,NA,NA,NA,NA,NA,NA,NA,NA,NA,NA,NA,NA,NA,TARGET_GONE,identity no longer active
2026-10-02T16:06:06Z,APP_22001_3033686,22001,3033686,25,2357,210.778,0,0,-1,-1,0,0.999931471,NA,NA,70.000000000,MEASURED_CPU_FAULT,CPU;INTERVAL_FAULTS,NA,NA,NA,NA,NA,NA,NA,NA,NA,NA,NA,NA,NA,NA,NA,NA,NA,NA,NA,NA,NA,NA,NA,TARGET_GONE,identity no longer active
2026-10-02T16:06:07Z,APP_22001_3033686,22001,3033686,25,2358,194.360,0,0,-1,-1,0,0.999931471,NA,NA,70.000000000,MEASURED_CPU_FAULT,CPU;INTERVAL_FAULTS,NA,NA,NA,NA,NA,NA,NA,NA,NA,NA,NA,NA,NA,NA,NA,NA,NA,NA,NA,NA,NA,NA,NA,TARGET_GONE,identity no longer active
2026-10-02T16:06:07Z,APP_22001_3033686,22001,3033686,25,2359,205.210,0,0,-1,-1,0,0.999931471,NA,NA,70.000000000,MEASURED_CPU_FAULT,CPU;INTERVAL_FAULTS,NA,NA,NA,NA,NA,NA,NA,NA,NA,NA,NA,NA,NA,NA,NA,NA,NA,NA,NA,NA,NA,NA,NA,TARGET_GONE,identity no longer active
2026-10-02T16:06:07Z,APP_22001_3033686,22001,3033686,25,2360,191.904,0,0,-1,-1,0,0.999931471,NA,NA,70.000000000,MEASURED_CPU_FAULT,CPU;INTERVAL_FAULTS,NA,NA,NA,NA,NA,NA,NA,NA,NA,NA,NA,NA,NA,NA,NA,NA,NA,NA,NA,NA,NA,NA,NA,TARGET_GONE,identity no longer active
2026-10-02T16:06:07Z,APP_22001_3033686,22001,3033686,25,2361,202.639,0,0,-1,-1,0,0.999931471,NA,NA,70.000000000,MEASURED_CPU_FAULT,CPU;INTERVAL_FAULTS,NA,NA,NA,NA,NA,NA,NA,NA,NA,NA,NA,NA,NA,NA,NA,NA,NA,NA,NA,NA,NA,NA,NA,TARGET_GONE,identity no longer active
2026-10-02T16:06:07Z,APP_22001_3033686,22001,3033686,25,2362,201.802,0,0,-1,-1,0,0.999931471,NA,NA,70.000000000,MEASURED_CPU_FAULT,CPU;INTERVAL_FAULTS,NA,NA,NA,NA,NA,NA,NA,NA,NA,NA,NA,NA,NA,NA,NA,NA,NA,NA,NA,NA,NA,NA,NA,TARGET_GONE,identity no longer active
2026-10-02T16:06:07Z,APP_22001_3033686,22001,3033686,25,2363,196.923,0,0,-1,-1,0,0.999931471,NA,NA,70.000000000,MEASURED_CPU_FAULT,CPU;INTERVAL_FAULTS,NA,NA,NA,NA,NA,NA,NA,NA,NA,NA,NA,NA,NA,NA,NA,NA,NA,NA,NA,NA,NA,NA,NA,TARGET_GONE,identity no longer active
2026-10-02T16:06:07Z,APP_22001_3033686,22001,3033686,25,2364,204.800,0,0,-1,-1,0,0.999931471,NA,NA,70.000000000,MEASURED_CPU_FAULT,CPU;INTERVAL_FAULTS,NA,NA,NA,NA,NA,NA,NA,NA,NA,NA,NA,NA,NA,NA,NA,NA,NA,NA,NA,NA,NA,NA,NA,TARGET_GONE,identity no longer active
2026-10-02T16:06:07Z,APP_22001_3033686,22001,3033686,25,2365,201.499,0,0,-1,-1,0,0.999931471,NA,NA,70.000000000,MEASURED_CPU_FAULT,CPU;INTERVAL_FAULTS,NA,NA,NA,NA,NA,NA,NA,NA,NA,NA,NA,NA,NA,NA,NA,NA,NA,NA,NA,NA,NA,NA,NA,TARGET_GONE,identity no longer active
2026-10-02T16:06:07Z,APP_22001_3033686,22001,3033686,25,2366,202.639,0,0,-1,-1,0,0.999931471,NA,NA,70.000000000,MEASURED_CPU_FAULT,CPU;INTERVAL_FAULTS,NA,NA,NA,NA,NA,NA,NA,NA,NA,NA,NA,NA,NA,NA,NA,NA,NA,NA,NA,NA,NA,NA,NA,TARGET_GONE,identity no longer active
2026-10-02T16:06:08Z,APP_22001_3033686,22001,3033686,25,2367,201.802,0,0,-1,-1,0,0.999931471,NA,NA,70.000000000,MEASURED_CPU_FAULT,CPU;INTERVAL_FAULTS,NA,NA,NA,NA,NA,NA,NA,NA,NA,NA,NA,NA,NA,NA,NA,NA,NA,NA,NA,NA,NA,NA,NA,TARGET_GONE,identity no longer active
2026-10-02T16:06:08Z,APP_22001_3033686,22001,3033686,25,2368,200.866,0,0,-1,-1,0,0.999931471,NA,NA,70.000000000,MEASURED_CPU_FAULT,CPU;INTERVAL_FAULTS,NA,NA,NA,NA,NA,NA,NA,NA,NA,NA,NA,NA,NA,NA,NA,NA,NA,NA,NA,NA,NA,NA,NA,TARGET_GONE,identity no longer active
2026-10-02T16:06:08Z,APP_22001_3033686,22001,3033686,25,2369,192.192,0,0,-1,-1,0,0.999931471,NA,NA,70.000000000,MEASURED_CPU_FAULT,CPU;INTERVAL_FAULTS,NA,NA,NA,NA,NA,NA,NA,NA,NA,NA,NA,NA,NA,NA,NA,NA,NA,NA,NA,NA,NA,NA,NA,TARGET_GONE,identity no longer active
2026-10-02T16:06:08Z,APP_22001_3033686,22001,3033686,25,2370,201.083,0,0,-1,-1,0,0.999931471,NA,NA,70.000000000,MEASURED_CPU_FAULT,CPU;INTERVAL_FAULTS,NA,NA,NA,NA,NA,NA,NA,NA,NA,NA,NA,NA,NA,NA,NA,NA,NA,NA,NA,NA,NA,NA,NA,TARGET_GONE,identity no longer active
2026-10-02T16:06:08Z,APP_22001_3033686,22001,3033686,25,2371,192.000,0,0,-1,-1,0,0.999931471,NA,NA,70.000000000,MEASURED_CPU_FAULT,CPU;INTERVAL_FAULTS,NA,NA,NA,NA,NA,NA,NA,NA,NA,NA,NA,NA,NA,NA,NA,NA,NA,NA,NA,NA,NA,NA,NA,TARGET_GONE,identity no longer active
2026-10-02T16:06:08Z,APP_22001_3033686,22001,3033686,25,2372,201.117,0,0,-1,-1,0,0.999931471,NA,NA,70.000000000,MEASURED_CPU_FAULT,CPU;INTERVAL_FAULTS,NA,NA,NA,NA,NA,NA,NA,NA,NA,NA,NA,NA,NA,NA,NA,NA,NA,NA,NA,NA,NA,NA,NA,TARGET_GONE,identity no longer active
2026-10-02T16:06:08Z,APP_22001_3033686,22001,3033686,25,2373,204.391,0,0,-1,-1,0,0.999931471,NA,NA,70.000000000,MEASURED_CPU_FAULT,CPU;INTERVAL_FAULTS,NA,NA,NA,NA,NA,NA,NA,NA,NA,NA,NA,NA,NA,NA,NA,NA,NA,NA,NA,NA,NA,NA,NA,TARGET_GONE,identity no longer active
2026-10-02T16:06:08Z,APP_22001_3033686,22001,3033686,25,2374,201.802,0,0,-1,-1,0,0.999931471,NA,NA,70.000000000,MEASURED_CPU_FAULT,CPU;INTERVAL_FAULTS,NA,NA,NA,NA,NA,NA,NA,NA,NA,NA,NA,NA,NA,NA,NA,NA,NA,NA,NA,NA,NA,NA,NA,TARGET_GONE,identity no longer active
2026-10-02T16:06:09Z,APP_22001_3033686,22001,3033686,25,2375,202.906,0,0,-1,-1,0,0.999931471,NA,NA,70.000000000,MEASURED_CPU_FAULT,CPU;INTERVAL_FAULTS,NA,NA,NA,NA,NA,NA,NA,NA,NA,NA,NA,NA,NA,NA,NA,NA,NA,NA,NA,NA,NA,NA,NA,TARGET_GONE,identity no longer active
2026-10-02T16:06:09Z,APP_22001_3033686,22001,3033686,25,2376,201.802,0,0,-1,-1,0,0.999931471,NA,NA,70.000000000,MEASURED_CPU_FAULT,CPU;INTERVAL_FAULTS,NA,NA,NA,NA,NA,NA,NA,NA,NA,NA,NA,NA,NA,NA,NA,NA,NA,NA,NA,NA,NA,NA,NA,TARGET_GONE,identity no longer active
2026-10-02T16:06:09Z,APP_22001_3033686,22001,3033686,25,2377,201.083,0,0,-1,-1,0,0.999931471,NA,NA,70.000000000,MEASURED_CPU_FAULT,CPU;INTERVAL_FAULTS,NA,NA,NA,NA,NA,NA,NA,NA,NA,NA,NA,NA,NA,NA,NA,NA,NA,NA,NA,NA,NA,NA,NA,TARGET_GONE,identity no longer active
2026-10-02T16:06:09Z,APP_22001_3033686,22001,3033686,25,2378,192.481,0,0,-1,-1,0,0.999931471,NA,NA,70.000000000,MEASURED_CPU_FAULT,CPU;INTERVAL_FAULTS,NA,NA,NA,NA,NA,NA,NA,NA,NA,NA,NA,NA,NA,NA,NA,NA,NA,NA,NA,NA,NA,NA,NA,TARGET_GONE,identity no longer active
2026-10-02T16:06:09Z,APP_22001_3033686,22001,3033686,25,2379,201.083,0,0,-1,-1,0,0.999931471,NA,NA,70.000000000,MEASURED_CPU_FAULT,CPU;INTERVAL_FAULTS,NA,NA,NA,NA,NA,NA,NA,NA,NA,NA,NA,NA,NA,NA,NA,NA,NA,NA,NA,NA,NA,NA,NA,TARGET_GONE,identity no longer active
2026-10-02T16:06:09Z,APP_22001_3033686,22001,3033686,25,2380,192.000,0,0,-1,-1,0,0.999931471,NA,NA,70.000000000,MEASURED_CPU_FAULT,CPU;INTERVAL_FAULTS,NA,NA,NA,NA,NA,NA,NA,NA,NA,NA,NA,NA,NA,NA,NA,NA,NA,NA,NA,NA,NA,NA,NA,TARGET_GONE,identity no longer active
2026-10-02T16:06:09Z,APP_22001_3033686,22001,3033686,25,2381,200.557,0,0,-1,-1,0,0.999931471,NA,NA,70.000000000,MEASURED_CPU_FAULT,CPU;INTERVAL_FAULTS,NA,NA,NA,NA,NA,NA,NA,NA,NA,NA,NA,NA,NA,NA,NA,NA,NA,NA,NA,NA,NA,NA,NA,TARGET_GONE,identity no longer active
2026-10-02T16:06:09Z,APP_22001_3033686,22001,3033686,25,2382,204.391,0,0,-1,-1,0,0.999931471,NA,NA,70.000000000,MEASURED_CPU_FAULT,CPU;INTERVAL_FAULTS,NA,NA,NA,NA,NA,NA,NA,NA,NA,NA,NA,NA,NA,NA,NA,NA,NA,NA,NA,NA,NA,NA,NA,TARGET_GONE,identity no longer active
2026-10-02T16:06:10Z,APP_22001_3033686,22001,3033686,25,2383,201.499,0,0,-1,-1,0,0.999931471,NA,NA,70.000000000,MEASURED_CPU_FAULT,CPU;INTERVAL_FAULTS,NA,NA,NA,NA,NA,NA,NA,NA,NA,NA,NA,NA,NA,NA,NA,NA,NA,NA,NA,NA,NA,NA,NA,TARGET_GONE,identity no longer active
2026-10-02T16:06:10Z,APP_22001_3033686,22001,3033686,25,2384,202.906,0,0,-1,-1,0,0.999931471,NA,NA,70.000000000,MEASURED_CPU_FAULT,CPU;INTERVAL_FAULTS,NA,NA,NA,NA,NA,NA,NA,NA,NA,NA,NA,NA,NA,NA,NA,NA,NA,NA,NA,NA,NA,NA,NA,TARGET_GONE,identity no longer active
2026-10-02T16:06:10Z,APP_22001_3033686,22001,3033686,25,2385,201.802,0,0,-1,-1,0,0.999931471,NA,NA,70.000000000,MEASURED_CPU_FAULT,CPU;INTERVAL_FAULTS,NA,NA,NA,NA,NA,NA,NA,NA,NA,NA,NA,NA,NA,NA,NA,NA,NA,NA,NA,NA,NA,NA,NA,TARGET_GONE,identity no longer active
2026-10-02T16:06:10Z,APP_22001_3033686,22001,3033686,25,2386,201.083,0,0,-1,-1,0,0.999931471,NA,NA,70.000000000,MEASURED_CPU_FAULT,CPU;INTERVAL_FAULTS,NA,NA,NA,NA,NA,NA,NA,NA,NA,NA,NA,NA,NA,NA,NA,NA,NA,NA,NA,NA,NA,NA,NA,TARGET_GONE,identity no longer active
2026-10-02T16:06:10Z,APP_22001_3033686,22001,3033686,25,2387,191.904,0,0,-1,-1,0,0.999931471,NA,NA,70.000000000,MEASURED_CPU_FAULT,CPU;INTERVAL_FAULTS,NA,NA,NA,NA,NA,NA,NA,NA,NA,NA,NA,NA,NA,NA,NA,NA,NA,NA,NA,NA,NA,NA,NA,TARGET_GONE,identity no longer active
2026-10-02T16:06:10Z,APP_22001_3033686,22001,3033686,25,2388,201.083,0,0,-1,-1,0,0.999931471,NA,NA,70.000000000,MEASURED_CPU_FAULT,CPU;INTERVAL_FAULTS,NA,NA,NA,NA,NA,NA,NA,NA,NA,NA,NA,NA,NA,NA,NA,NA,NA,NA,NA,NA,NA,NA,NA,TARGET_GONE,identity no longer active
2026-10-02T16:06:10Z,APP_22001_3033686,22001,3033686,25,2389,192.771,0,0,-1,-1,0,0.999931471,NA,NA,70.000000000,MEASURED_CPU_FAULT,CPU;INTERVAL_FAULTS,NA,NA,NA,NA,NA,NA,NA,NA,NA,NA,NA,NA,NA,NA,NA,NA,NA,NA,NA,NA,NA,NA,NA,TARGET_GONE,identity no longer active
2026-10-02T16:06:10Z,APP_22001_3033686,22001,3033686,25,2390,203.109,0,0,-1,-1,0,0.999931471,NA,NA,70.000000000,MEASURED_CPU_FAULT,CPU;INTERVAL_FAULTS,NA,NA,NA,NA,NA,NA,NA,NA,NA,NA,NA,NA,NA,NA,NA,NA,NA,NA,NA,NA,NA,NA,NA,TARGET_GONE,identity no longer active
2026-10-02T16:06:11Z,APP_22001_3033686,22001,3033686,25,2391,192.000,0,0,-1,-1,0,0.999931471,NA,NA,70.000000000,MEASURED_CPU_FAULT,CPU;INTERVAL_FAULTS,NA,NA,NA,NA,NA,NA,NA,NA,NA,NA,NA,NA,NA,NA,NA,NA,NA,NA,NA,NA,NA,NA,NA,TARGET_GONE,identity no longer active
2026-10-02T16:06:11Z,APP_22001_3033686,22001,3033686,25,2392,201.802,0,0,-1,-1,0,0.999931471,NA,NA,70.000000000,MEASURED_CPU_FAULT,CPU;INTERVAL_FAULTS,NA,NA,NA,NA,NA,NA,NA,NA,NA,NA,NA,NA,NA,NA,NA,NA,NA,NA,NA,NA,NA,NA,NA,TARGET_GONE,identity no longer active
2026-10-02T16:06:11Z,APP_22001_3033686,22001,3033686,25,2393,204.082,0,0,-1,-1,0,0.999931471,NA,NA,70.000000000,MEASURED_CPU_FAULT,CPU;INTERVAL_FAULTS,NA,NA,NA,NA,NA,NA,NA,NA,NA,NA,NA,NA,NA,NA,NA,NA,NA,NA,NA,NA,NA,NA,NA,TARGET_GONE,identity no longer active
2026-10-02T16:06:11Z,APP_22001_3033686,22001,3033686,25,2394,201.802,0,0,-1,-1,0,0.999931471,NA,NA,70.000000000,MEASURED_CPU_FAULT,CPU;INTERVAL_FAULTS,NA,NA,NA,NA,NA,NA,NA,NA,NA,NA,NA,NA,NA,NA,NA,NA,NA,NA,NA,NA,NA,NA,NA,TARGET_GONE,identity no longer active
2026-10-02T16:06:11Z,APP_22001_3033686,22001,3033686,25,2395,194.967,0,0,-1,-1,0,0.999931471,NA,NA,70.000000000,MEASURED_CPU_FAULT,CPU;INTERVAL_FAULTS,NA,NA,NA,NA,NA,NA,NA,NA,NA,NA,NA,NA,NA,NA,NA,NA,NA,NA,NA,NA,NA,NA,NA,TARGET_GONE,identity no longer active
2026-10-02T16:06:11Z,APP_22001_3033686,22001,3033686,25,2396,210.463,0,0,-1,-1,0,0.999931471,NA,NA,70.000000000,MEASURED_CPU_FAULT,CPU;INTERVAL_FAULTS,NA,NA,NA,NA,NA,NA,NA,NA,NA,NA,NA,NA,NA,NA,NA,NA,NA,NA,NA,NA,NA,NA,NA,TARGET_GONE,identity no longer active
2026-10-02T16:06:11Z,APP_22001_3033686,22001,3033686,25,2397,195.163,0,0,-1,-1,0,0.999931471,NA,NA,70.000000000,MEASURED_CPU_FAULT,CPU;INTERVAL_FAULTS,NA,NA,NA,NA,NA,NA,NA,NA,NA,NA,NA,NA,NA,NA,NA,NA,NA,NA,NA,NA,NA,NA,NA,TARGET_GONE,identity no longer active
2026-10-02T16:06:11Z,APP_22001_3033686,22001,3033686,25,2398,192.000,0,0,-1,-1,0,0.999931471,NA,NA,70.000000000,MEASURED_CPU_FAULT,CPU;INTERVAL_FAULTS,NA,NA,NA,NA,NA,NA,NA,NA,NA,NA,NA,NA,NA,NA,NA,NA,NA,NA,NA,NA,NA,NA,NA,TARGET_GONE,identity no longer active
2026-10-02T16:06:12Z,APP_22001_3033686,22001,3033686,25,2399,200.261,0,0,-1,-1,0,0.999931471,NA,NA,70.000000000,MEASURED_CPU_FAULT,CPU;INTERVAL_FAULTS,NA,NA,NA,NA,NA,NA,NA,NA,NA,NA,NA,NA,NA,NA,NA,NA,NA,NA,NA,NA,NA,NA,NA,TARGET_GONE,identity no longer active
2026-10-02T16:06:12Z,APP_22001_3033686,22001,3033686,25,2400,210.778,0,0,-1,-1,0,0.999931471,NA,NA,70.000000000,MEASURED_CPU_FAULT,CPU;INTERVAL_FAULTS,NA,NA,NA,NA,NA,NA,NA,NA,NA,NA,NA,NA,NA,NA,NA,NA,NA,NA,NA,NA,NA,NA,NA,TARGET_GONE,identity no longer active
2026-10-02T16:06:12Z,APP_22001_3033686,22001,3033686,25,2401,192.192,0,0,-1,-1,0,0.999931471,NA,NA,70.000000000,MEASURED_CPU_FAULT,CPU;INTERVAL_FAULTS,NA,NA,NA,NA,NA,NA,NA,NA,NA,NA,NA,NA,NA,NA,NA,NA,NA,NA,NA,NA,NA,NA,NA,TARGET_GONE,identity no longer active
2026-10-02T16:06:12Z,APP_22001_3033686,22001,3033686,25,2402,203.562,0,0,-1,-1,0,0.999931471,NA,NA,70.000000000,MEASURED_CPU_FAULT,CPU;INTERVAL_FAULTS,NA,NA,NA,NA,NA,NA,NA,NA,NA,NA,NA,NA,NA,NA,NA,NA,NA,NA,NA,NA,NA,NA,NA,TARGET_GONE,identity no longer active
2026-10-02T16:06:12Z,APP_22001_3033686,22001,3033686,25,2403,201.802,0,0,-1,-1,0,0.999931471,NA,NA,70.000000000,MEASURED_CPU_FAULT,CPU;INTERVAL_FAULTS,NA,NA,NA,NA,NA,NA,NA,NA,NA,NA,NA,NA,NA,NA,NA,NA,NA,NA,NA,NA,NA,NA,NA,TARGET_GONE,identity no longer active
2026-10-02T16:06:12Z,APP_22001_3033686,22001,3033686,25,2404,201.893,0,0,-1,-1,0,0.999931471,NA,NA,70.000000000,MEASURED_CPU_FAULT,CPU;INTERVAL_FAULTS,NA,NA,NA,NA,NA,NA,NA,NA,NA,NA,NA,NA,NA,NA,NA,NA,NA,NA,NA,NA,NA,NA,NA,TARGET_GONE,identity no longer active
2026-10-02T16:06:12Z,APP_22001_3033686,22001,3033686,25,2405,191.617,0,0,-1,-1,0,0.999931471,NA,NA,70.000000000,MEASURED_CPU_FAULT,CPU;INTERVAL_FAULTS,NA,NA,NA,NA,NA,NA,NA,NA,NA,NA,NA,NA,NA,NA,NA,NA,NA,NA,NA,NA,NA,NA,NA,TARGET_GONE,identity no longer active
2026-10-02T16:06:12Z,APP_22001_3033686,22001,3033686,25,2406,201.893,0,0,-1,-1,0,0.999931471,NA,NA,70.000000000,MEASURED_CPU_FAULT,CPU;INTERVAL_FAULTS,NA,NA,NA,NA,NA,NA,NA,NA,NA,NA,NA,NA,NA,NA,NA,NA,NA,NA,NA,NA,NA,NA,NA,TARGET_GONE,identity no longer active
2026-10-02T16:06:12Z,APP_22001_3033686,22001,3033686,25,2407,201.499,0,0,-1,-1,0,0.999931471,NA,NA,70.000000000,MEASURED_CPU_FAULT,CPU;INTERVAL_FAULTS,NA,NA,NA,NA,NA,NA,NA,NA,NA,NA,NA,NA,NA,NA,NA,NA,NA,NA,NA,NA,NA,NA,NA,TARGET_GONE,identity no longer active
2026-10-02T16:06:13Z,APP_22001_3033686,22001,3033686,25,2408,197.666,0,0,-1,-1,0,0.999931471,NA,NA,70.000000000,MEASURED_CPU_FAULT,CPU;INTERVAL_FAULTS,NA,NA,NA,NA,NA,NA,NA,NA,NA,NA,NA,NA,NA,NA,NA,NA,NA,NA,NA,NA,NA,NA,NA,TARGET_GONE,identity no longer active
2026-10-02T16:06:13Z,APP_22001_3033686,22001,3033686,25,2409,211.411,0,0,-1,-1,0,0.999931471,NA,NA,70.000000000,MEASURED_CPU_FAULT,CPU;INTERVAL_FAULTS,NA,NA,NA,NA,NA,NA,NA,NA,NA,NA,NA,NA,NA,NA,NA,NA,NA,NA,NA,NA,NA,NA,NA,TARGET_GONE,identity no longer active
2026-10-02T16:06:13Z,APP_22001_3033686,22001,3033686,25,2410,200.897,0,0,-1,-1,0,0.999931471,NA,NA,70.000000000,MEASURED_CPU_FAULT,CPU;INTERVAL_FAULTS,NA,NA,NA,NA,NA,NA,NA,NA,NA,NA,NA,NA,NA,NA,NA,NA,NA,NA,NA,NA,NA,NA,NA,TARGET_GONE,identity no longer active
2026-10-02T16:06:13Z,APP_22001_3033686,22001,3033686,25,2411,195.918,0,0,-1,-1,0,0.999931471,NA,NA,70.000000000,MEASURED_CPU_FAULT,CPU;INTERVAL_FAULTS,NA,NA,NA,NA,NA,NA,NA,NA,NA,NA,NA,NA,NA,NA,NA,NA,NA,NA,NA,NA,NA,NA,NA,TARGET_GONE,identity no longer active
2026-10-02T16:06:13Z,APP_22001_3033686,22001,3033686,25,2412,201.802,0,0,-1,-1,0,0.999931471,NA,NA,70.000000000,MEASURED_CPU_FAULT,CPU;INTERVAL_FAULTS,NA,NA,NA,NA,NA,NA,NA,NA,NA,NA,NA,NA,NA,NA,NA,NA,NA,NA,NA,NA,NA,NA,NA,TARGET_GONE,identity no longer active
2026-10-02T16:06:13Z,APP_22001_3033686,22001,3033686,25,2413,201.893,0,0,-1,-1,0,0.999931471,NA,NA,70.000000000,MEASURED_CPU_FAULT,CPU;INTERVAL_FAULTS,NA,NA,NA,NA,NA,NA,NA,NA,NA,NA,NA,NA,NA,NA,NA,NA,NA,NA,NA,NA,NA,NA,NA,TARGET_GONE,identity no longer active
2026-10-02T16:06:13Z,APP_22001_3033686,22001,3033686,25,2414,201.198,0,0,-1,-1,0,0.999931471,NA,NA,70.000000000,MEASURED_CPU_FAULT,CPU;INTERVAL_FAULTS,NA,NA,NA,NA,NA,NA,NA,NA,NA,NA,NA,NA,NA,NA,NA,NA,NA,NA,NA,NA,NA,NA,NA,TARGET_GONE,identity no longer active
2026-10-02T16:06:13Z,APP_22001_3033686,22001,3033686,25,2415,201.681,0,0,-1,-1,0,0.999931471,NA,NA,70.000000000,MEASURED_CPU_FAULT,CPU;INTERVAL_FAULTS,NA,NA,NA,NA,NA,NA,NA,NA,NA,NA,NA,NA,NA,NA,NA,NA,NA,NA,NA,NA,NA,NA,NA,TARGET_GONE,identity no longer active
2026-10-02T16:06:14Z,APP_22001_3033686,22001,3033686,25,2416,201.499,0,0,-1,-1,0,0.999931471,NA,NA,70.000000000,MEASURED_CPU_FAULT,CPU;INTERVAL_FAULTS,NA,NA,NA,NA,NA,NA,NA,NA,NA,NA,NA,NA,NA,NA,NA,NA,NA,NA,NA,NA,NA,NA,NA,TARGET_GONE,identity no longer active
2026-10-02T16:06:14Z,APP_22001_3033686,22001,3033686,25,2417,197.531,0,0,-1,-1,0,0.999931471,NA,NA,70.000000000,MEASURED_CPU_FAULT,CPU;INTERVAL_FAULTS,NA,NA,NA,NA,NA,NA,NA,NA,NA,NA,NA,NA,NA,NA,NA,NA,NA,NA,NA,NA,NA,NA,NA,TARGET_GONE,identity no longer active
2026-10-02T16:06:14Z,APP_22001_3033686,22001,3033686,25,2418,210.778,0,0,-1,-1,0,0.999931471,NA,NA,70.000000000,MEASURED_CPU_FAULT,CPU;INTERVAL_FAULTS,NA,NA,NA,NA,NA,NA,NA,NA,NA,NA,NA,NA,NA,NA,NA,NA,NA,NA,NA,NA,NA,NA,NA,TARGET_GONE,identity no longer active
2026-10-02T16:06:14Z,APP_22001_3033686,22001,3033686,25,2419,201.802,0,0,-1,-1,0,0.999931471,NA,NA,70.000000000,MEASURED_CPU_FAULT,CPU;INTERVAL_FAULTS,NA,NA,NA,NA,NA,NA,NA,NA,NA,NA,NA,NA,NA,NA,NA,NA,NA,NA,NA,NA,NA,NA,NA,TARGET_GONE,identity no longer active
2026-10-02T16:06:14Z,APP_22001_3033686,22001,3033686,25,2420,195.420,0,0,-1,-1,0,0.999931471,NA,NA,70.000000000,MEASURED_CPU_FAULT,CPU;INTERVAL_FAULTS,NA,NA,NA,NA,NA,NA,NA,NA,NA,NA,NA,NA,NA,NA,NA,NA,NA,NA,NA,NA,NA,NA,NA,TARGET_GONE,identity no longer active
2026-10-02T16:06:14Z,APP_22001_3033686,22001,3033686,25,2421,201.499,0,0,-1,-1,0,0.999931471,NA,NA,70.000000000,MEASURED_CPU_FAULT,CPU;INTERVAL_FAULTS,NA,NA,NA,NA,NA,NA,NA,NA,NA,NA,NA,NA,NA,NA,NA,NA,NA,NA,NA,NA,NA,NA,NA,TARGET_GONE,identity no longer active
2026-10-02T16:06:14Z,APP_22001_3033686,22001,3033686,25,2422,201.893,0,0,-1,-1,0,0.999931471,NA,NA,70.000000000,MEASURED_CPU_FAULT,CPU;INTERVAL_FAULTS,NA,NA,NA,NA,NA,NA,NA,NA,NA,NA,NA,NA,NA,NA,NA,NA,NA,NA,NA,NA,NA,NA,NA,TARGET_GONE,identity no longer active
2026-10-02T16:06:14Z,APP_22001_3033686,22001,3033686,25,2423,201.499,0,0,-1,-1,0,0.999931471,NA,NA,70.000000000,MEASURED_CPU_FAULT,CPU;INTERVAL_FAULTS,NA,NA,NA,NA,NA,NA,NA,NA,NA,NA,NA,NA,NA,NA,NA,NA,NA,NA,NA,NA,NA,NA,NA,TARGET_GONE,identity no longer active
2026-10-02T16:06:15Z,APP_22001_3033686,22001,3033686,25,2424,194.753,0,0,-1,-1,0,0.999931471,NA,NA,70.000000000,MEASURED_CPU_FAULT,CPU;INTERVAL_FAULTS,NA,NA,NA,NA,NA,NA,NA,NA,NA,NA,NA,NA,NA,NA,NA,NA,NA,NA,NA,NA,NA,NA,NA,TARGET_GONE,identity no longer active
2026-10-02T16:06:15Z,APP_22001_3033686,22001,3033686,25,2425,201.499,0,0,-1,-1,0,0.999931471,NA,NA,70.000000000,MEASURED_CPU_FAULT,CPU;INTERVAL_FAULTS,NA,NA,NA,NA,NA,NA,NA,NA,NA,NA,NA,NA,NA,NA,NA,NA,NA,NA,NA,NA,NA,NA,NA,TARGET_GONE,identity no longer active
2026-10-02T16:06:15Z,APP_22001_3033686,22001,3033686,25,2426,202.895,0,0,-1,-1,0,0.999931471,NA,NA,70.000000000,MEASURED_CPU_FAULT,CPU;INTERVAL_FAULTS,NA,NA,NA,NA,NA,NA,NA,NA,NA,NA,NA,NA,NA,NA,NA,NA,NA,NA,NA,NA,NA,NA,NA,TARGET_GONE,identity no longer active
2026-10-02T16:06:15Z,APP_22001_3033686,22001,3033686,25,2427,191.617,0,0,-1,-1,0,0.999931471,NA,NA,70.000000000,MEASURED_CPU_FAULT,CPU;INTERVAL_FAULTS,NA,NA,NA,NA,NA,NA,NA,NA,NA,NA,NA,NA,NA,NA,NA,NA,NA,NA,NA,NA,NA,NA,NA,TARGET_GONE,identity no longer active
2026-10-02T16:06:15Z,APP_22001_3033686,22001,3033686,25,2428,201.802,0,0,-1,-1,0,0.999931471,NA,NA,70.000000000,MEASURED_CPU_FAULT,CPU;INTERVAL_FAULTS,NA,NA,NA,NA,NA,NA,NA,NA,NA,NA,NA,NA,NA,NA,NA,NA,NA,NA,NA,NA,NA,NA,NA,TARGET_GONE,identity no longer active
2026-10-02T16:06:15Z,APP_22001_3033686,22001,3033686,25,2429,203.822,0,0,-1,-1,0,0.999931471,NA,NA,70.000000000,MEASURED_CPU_FAULT,CPU;INTERVAL_FAULTS,NA,NA,NA,NA,NA,NA,NA,NA,NA,NA,NA,NA,NA,NA,NA,NA,NA,NA,NA,NA,NA,NA,NA,TARGET_GONE,identity no longer active
2026-10-02T16:06:15Z,APP_22001_3033686,22001,3033686,25,2430,192.192,0,0,-1,-1,0,0.999931471,NA,NA,70.000000000,MEASURED_CPU_FAULT,CPU;INTERVAL_FAULTS,NA,NA,NA,NA,NA,NA,NA,NA,NA,NA,NA,NA,NA,NA,NA,NA,NA,NA,NA,NA,NA,NA,NA,TARGET_GONE,identity no longer active
2026-10-02T16:06:15Z,APP_22001_3033686,22001,3033686,25,2431,201.681,0,0,-1,-1,0,0.999931471,NA,NA,70.000000000,MEASURED_CPU_FAULT,CPU;INTERVAL_FAULTS,NA,NA,NA,NA,NA,NA,NA,NA,NA,NA,NA,NA,NA,NA,NA,NA,NA,NA,NA,NA,NA,NA,NA,TARGET_GONE,identity no longer active
2026-10-02T16:06:16Z,APP_22001_3033686,22001,3033686,25,2432,201.499,0,0,-1,-1,0,0.999931471,NA,NA,70.000000000,MEASURED_CPU_FAULT,CPU;INTERVAL_FAULTS,NA,NA,NA,NA,NA,NA,NA,NA,NA,NA,NA,NA,NA,NA,NA,NA,NA,NA,NA,NA,NA,NA,NA,TARGET_GONE,identity no longer active
2026-10-02T16:06:16Z,APP_22001_3033686,22001,3033686,25,2433,200.810,0,0,-1,-1,0,0.999931471,NA,NA,70.000000000,MEASURED_CPU_FAULT,CPU;INTERVAL_FAULTS,NA,NA,NA,NA,NA,NA,NA,NA,NA,NA,NA,NA,NA,NA,NA,NA,NA,NA,NA,NA,NA,NA,NA,TARGET_GONE,identity no longer active
2026-10-02T16:06:16Z,APP_22001_3033686,22001,3033686,25,2434,201.198,0,0,-1,-1,0,0.999931471,NA,NA,70.000000000,MEASURED_CPU_FAULT,CPU;INTERVAL_FAULTS,NA,NA,NA,NA,NA,NA,NA,NA,NA,NA,NA,NA,NA,NA,NA,NA,NA,NA,NA,NA,NA,NA,NA,TARGET_GONE,identity no longer active
2026-10-02T16:06:16Z,APP_22001_3033686,22001,3033686,25,2435,199.146,0,0,-1,-1,0,0.999931471,NA,NA,70.000000000,MEASURED_CPU_FAULT,CPU;INTERVAL_FAULTS,NA,NA,NA,NA,NA,NA,NA,NA,NA,NA,NA,NA,NA,NA,NA,NA,NA,NA,NA,NA,NA,NA,NA,TARGET_GONE,identity no longer active
2026-10-02T16:06:16Z,APP_22001_3033686,22001,3033686,25,2436,192.192,0,0,-1,-1,0,0.999931471,NA,NA,70.000000000,MEASURED_CPU_FAULT,CPU;INTERVAL_FAULTS,NA,NA,NA,NA,NA,NA,NA,NA,NA,NA,NA,NA,NA,NA,NA,NA,NA,NA,NA,NA,NA,NA,NA,TARGET_GONE,identity no longer active
2026-10-02T16:06:16Z,APP_22001_3033686,22001,3033686,25,2437,201.802,0,0,-1,-1,0,0.999931471,NA,NA,70.000000000,MEASURED_CPU_FAULT,CPU;INTERVAL_FAULTS,NA,NA,NA,NA,NA,NA,NA,NA,NA,NA,NA,NA,NA,NA,NA,NA,NA,NA,NA,NA,NA,NA,NA,TARGET_GONE,identity no longer active
2026-10-02T16:06:16Z,APP_22001_3033686,22001,3033686,25,2438,197.574,0,0,-1,-1,0,0.999931471,NA,NA,70.000000000,MEASURED_CPU_FAULT,CPU;INTERVAL_FAULTS,NA,NA,NA,NA,NA,NA,NA,NA,NA,NA,NA,NA,NA,NA,NA,NA,NA,NA,NA,NA,NA,NA,NA,TARGET_GONE,identity no longer active
2026-10-02T16:06:16Z,APP_22001_3033686,22001,3033686,25,2439,201.499,0,0,-1,-1,0,0.999931471,NA,NA,70.000000000,MEASURED_CPU_FAULT,CPU;INTERVAL_FAULTS,NA,NA,NA,NA,NA,NA,NA,NA,NA,NA,NA,NA,NA,NA,NA,NA,NA,NA,NA,NA,NA,NA,NA,TARGET_GONE,identity no longer active
2026-10-02T16:06:17Z,APP_22001_3033686,22001,3033686,25,2440,202.985,0,0,-1,-1,0,0.999931471,NA,NA,70.000000000,MEASURED_CPU_FAULT,CPU;INTERVAL_FAULTS,NA,NA,NA,NA,NA,NA,NA,NA,NA,NA,NA,NA,NA,NA,NA,NA,NA,NA,NA,NA,NA,NA,NA,TARGET_GONE,identity no longer active
2026-10-02T16:06:17Z,APP_22001_3033686,22001,3033686,25,2441,191.617,0,0,-1,-1,0,0.999931471,NA,NA,70.000000000,MEASURED_CPU_FAULT,CPU;INTERVAL_FAULTS,NA,NA,NA,NA,NA,NA,NA,NA,NA,NA,NA,NA,NA,NA,NA,NA,NA,NA,NA,NA,NA,NA,NA,TARGET_GONE,identity no longer active
2026-10-02T16:06:17Z,APP_22001_3033686,22001,3033686,25,2442,202.607,0,0,-1,-1,0,0.999931471,NA,NA,70.000000000,MEASURED_CPU_FAULT,CPU;INTERVAL_FAULTS,NA,NA,NA,NA,NA,NA,NA,NA,NA,NA,NA,NA,NA,NA,NA,NA,NA,NA,NA,NA,NA,NA,NA,TARGET_GONE,identity no longer active
2026-10-02T16:06:17Z,APP_22001_3033686,22001,3033686,25,2443,200.104,0,0,-1,-1,0,0.999931471,NA,NA,70.000000000,MEASURED_CPU_FAULT,CPU;INTERVAL_FAULTS,NA,NA,NA,NA,NA,NA,NA,NA,NA,NA,NA,NA,NA,NA,NA,NA,NA,NA,NA,NA,NA,NA,NA,TARGET_GONE,identity no longer active
2026-10-02T16:06:17Z,APP_22001_3033686,22001,3033686,25,2444,191.617,0,0,-1,-1,0,0.999931471,NA,NA,70.000000000,MEASURED_CPU_FAULT,CPU;INTERVAL_FAULTS,NA,NA,NA,NA,NA,NA,NA,NA,NA,NA,NA,NA,NA,NA,NA,NA,NA,NA,NA,NA,NA,NA,NA,TARGET_GONE,identity no longer active
2026-10-02T16:06:17Z,APP_22001_3033686,22001,3033686,25,2445,201.499,0,0,-1,-1,0,0.999931471,NA,NA,70.000000000,MEASURED_CPU_FAULT,CPU;INTERVAL_FAULTS,NA,NA,NA,NA,NA,NA,NA,NA,NA,NA,NA,NA,NA,NA,NA,NA,NA,NA,NA,NA,NA,NA,NA,TARGET_GONE,identity no longer active
2026-10-02T16:06:18Z,APP_22001_3033686,22001,3033686,25,2446,203.732,0,0,-1,-1,0,0.999931471,NA,NA,70.000000000,MEASURED_CPU_FAULT,CPU;INTERVAL_FAULTS,NA,NA,NA,NA,NA,NA,NA,NA,NA,NA,NA,NA,NA,NA,NA,NA,NA,NA,NA,NA,NA,NA,NA,TARGET_GONE,identity no longer active
2026-10-02T16:06:18Z,APP_22001_3033686,22001,3033686,25,2447,201.499,0,0,-1,-1,0,0.999931471,NA,NA,70.000000000,MEASURED_CPU_FAULT,CPU;INTERVAL_FAULTS,NA,NA,NA,NA,NA,NA,NA,NA,NA,NA,NA,NA,NA,NA,NA,NA,NA,NA,NA,NA,NA,NA,NA,TARGET_GONE,identity no longer active
2026-10-02T16:06:18Z,APP_22001_3033686,22001,3033686,25,2448,196.648,0,0,-1,-1,0,0.999931471,NA,NA,70.000000000,MEASURED_CPU_FAULT,CPU;INTERVAL_FAULTS,NA,NA,NA,NA,NA,NA,NA,NA,NA,NA,NA,NA,NA,NA,NA,NA,NA,NA,NA,NA,NA,NA,NA,TARGET_GONE,identity no longer active
2026-10-02T16:06:18Z,APP_22001_3033686,22001,3033686,25,2449,201.198,0,0,-1,-1,0,0.999931471,NA,NA,70.000000000,MEASURED_CPU_FAULT,CPU;INTERVAL_FAULTS,NA,NA,NA,NA,NA,NA,NA,NA,NA,NA,NA,NA,NA,NA,NA,NA,NA,NA,NA,NA,NA,NA,NA,TARGET_GONE,identity no longer active
2026-10-02T16:06:18Z,APP_22001_3033686,22001,3033686,25,2450,202.796,0,0,-1,-1,0,0.999931471,NA,NA,70.000000000,MEASURED_CPU_FAULT,CPU;INTERVAL_FAULTS,NA,NA,NA,NA,NA,NA,NA,NA,NA,NA,NA,NA,NA,NA,NA,NA,NA,NA,NA,NA,NA,NA,NA,TARGET_GONE,identity no longer active
2026-10-02T16:06:18Z,APP_22001_3033686,22001,3033686,25,2451,199.344,0,0,-1,-1,0,0.999931471,NA,NA,70.000000000,MEASURED_CPU_FAULT,CPU;INTERVAL_FAULTS,NA,NA,NA,NA,NA,NA,NA,NA,NA,NA,NA,NA,NA,NA,NA,NA,NA,NA,NA,NA,NA,NA,NA,TARGET_GONE,identity no longer active
2026-10-02T16:06:18Z,APP_22001_3033686,22001,3033686,25,2452,191.617,0,0,-1,-1,0,0.999931471,NA,NA,70.000000000,MEASURED_CPU_FAULT,CPU;INTERVAL_FAULTS,NA,NA,NA,NA,NA,NA,NA,NA,NA,NA,NA,NA,NA,NA,NA,NA,NA,NA,NA,NA,NA,NA,NA,TARGET_GONE,identity no longer active
2026-10-02T16:06:19Z,APP_22001_3033686,22001,3033686,25,2453,211.094,0,0,-1,-1,0,0.999931471,NA,NA,70.000000000,MEASURED_CPU_FAULT,CPU;INTERVAL_FAULTS,NA,NA,NA,NA,NA,NA,NA,NA,NA,NA,NA,NA,NA,NA,NA,NA,NA,NA,NA,NA,NA,NA,NA,TARGET_GONE,identity no longer active
2026-10-02T16:06:19Z,APP_22001_3033686,22001,3033686,25,2454,197.792,0,0,-1,-1,0,0.999931471,NA,NA,70.000000000,MEASURED_CPU_FAULT,CPU;INTERVAL_FAULTS,NA,NA,NA,NA,NA,NA,NA,NA,NA,NA,NA,NA,NA,NA,NA,NA,NA,NA,NA,NA,NA,NA,NA,TARGET_GONE,identity no longer active
2026-10-02T16:06:19Z,APP_22001_3033686,22001,3033686,25,2455,191.617,0,0,-1,-1,0,0.999931471,NA,NA,70.000000000,MEASURED_CPU_FAULT,CPU;INTERVAL_FAULTS,NA,NA,NA,NA,NA,NA,NA,NA,NA,NA,NA,NA,NA,NA,NA,NA,NA,NA,NA,NA,NA,NA,NA,TARGET_GONE,identity no longer active
2026-10-02T16:06:19Z,APP_22001_3033686,22001,3033686,25,2456,202.796,0,0,-1,-1,0,0.999931471,NA,NA,70.000000000,MEASURED_CPU_FAULT,CPU;INTERVAL_FAULTS,NA,NA,NA,NA,NA,NA,NA,NA,NA,NA,NA,NA,NA,NA,NA,NA,NA,NA,NA,NA,NA,NA,NA,TARGET_GONE,identity no longer active
2026-10-02T16:06:19Z,APP_22001_3033686,22001,3033686,25,2457,201.198,0,0,-1,-1,0,0.999931471,NA,NA,70.000000000,MEASURED_CPU_FAULT,CPU;INTERVAL_FAULTS,NA,NA,NA,NA,NA,NA,NA,NA,NA,NA,NA,NA,NA,NA,NA,NA,NA,NA,NA,NA,NA,NA,NA,TARGET_GONE,identity no longer active
2026-10-02T16:06:19Z,APP_22001_3033686,22001,3033686,25,2458,197.413,0,0,-1,-1,0,0.999931471,NA,NA,70.000000000,MEASURED_CPU_FAULT,CPU;INTERVAL_FAULTS,NA,NA,NA,NA,NA,NA,NA,NA,NA,NA,NA,NA,NA,NA,NA,NA,NA,NA,NA,NA,NA,NA,NA,TARGET_GONE,identity no longer active
2026-10-02T16:06:19Z,APP_22001_3033686,22001,3033686,25,2459,201.499,0,0,-1,-1,0,0.999931471,NA,NA,70.000000000,MEASURED_CPU_FAULT,CPU;INTERVAL_FAULTS,NA,NA,NA,NA,NA,NA,NA,NA,NA,NA,NA,NA,NA,NA,NA,NA,NA,NA,NA,NA,NA,NA,NA,TARGET_GONE,identity no longer active
2026-10-02T16:06:19Z,APP_22001_3033686,22001,3033686,25,2460,199.495,0,0,-1,-1,0,0.999931471,NA,NA,70.000000000,MEASURED_CPU_FAULT,CPU;INTERVAL_FAULTS,NA,NA,NA,NA,NA,NA,NA,NA,NA,NA,NA,NA,NA,NA,NA,NA,NA,NA,NA,NA,NA,NA,NA,TARGET_GONE,identity no longer active
2026-10-02T16:06:20Z,APP_22001_3033686,22001,3033686,25,2461,210.778,0,0,-1,-1,0,0.999931471,NA,NA,70.000000000,MEASURED_CPU_FAULT,CPU;INTERVAL_FAULTS,NA,NA,NA,NA,NA,NA,NA,NA,NA,NA,NA,NA,NA,NA,NA,NA,NA,NA,NA,NA,NA,NA,NA,TARGET_GONE,identity no longer active
2026-10-02T16:06:20Z,APP_22001_3033686,22001,3033686,25,2462,202.105,0,0,-1,-1,0,0.999931471,NA,NA,70.000000000,MEASURED_CPU_FAULT,CPU;INTERVAL_FAULTS,NA,NA,NA,NA,NA,NA,NA,NA,NA,NA,NA,NA,NA,NA,NA,NA,NA,NA,NA,NA,NA,NA,NA,TARGET_GONE,identity no longer active
2026-10-02T16:06:20Z,APP_22001_3033686,22001,3033686,25,2463,191.045,0,0,-1,-1,0,0.999931471,NA,NA,70.000000000,MEASURED_CPU_FAULT,CPU;INTERVAL_FAULTS,NA,NA,NA,NA,NA,NA,NA,NA,NA,NA,NA,NA,NA,NA,NA,NA,NA,NA,NA,NA,NA,NA,NA,TARGET_GONE,identity no longer active
2026-10-02T16:06:20Z,APP_22001_3033686,22001,3033686,25,2464,201.802,0,0,-1,-1,0,0.999931471,NA,NA,70.000000000,MEASURED_CPU_FAULT,CPU;INTERVAL_FAULTS,NA,NA,NA,NA,NA,NA,NA,NA,NA,NA,NA,NA,NA,NA,NA,NA,NA,NA,NA,NA,NA,NA,NA,TARGET_GONE,identity no longer active
2026-10-02T16:06:20Z,APP_22001_3033686,22001,3033686,25,2465,200.810,0,0,-1,-1,0,0.999931471,NA,NA,70.000000000,MEASURED_CPU_FAULT,CPU;INTERVAL_FAULTS,NA,NA,NA,NA,NA,NA,NA,NA,NA,NA,NA,NA,NA,NA,NA,NA,NA,NA,NA,NA,NA,NA,NA,TARGET_GONE,identity no longer active
2026-10-02T16:06:20Z,APP_22001_3033686,22001,3033686,25,2466,201.499,0,0,-1,-1,0,0.999931471,NA,NA,70.000000000,MEASURED_CPU_FAULT,CPU;INTERVAL_FAULTS,NA,NA,NA,NA,NA,NA,NA,NA,NA,NA,NA,NA,NA,NA,NA,NA,NA,NA,NA,NA,NA,NA,NA,TARGET_GONE,identity no longer active
2026-10-02T16:06:20Z,APP_22001_3033686,22001,3033686,25,2467,201.972,0,0,-1,-1,0,0.999931471,NA,NA,70.000000000,MEASURED_CPU_FAULT,CPU;INTERVAL_FAULTS,NA,NA,NA,NA,NA,NA,NA,NA,NA,NA,NA,NA,NA,NA,NA,NA,NA,NA,NA,NA,NA,NA,NA,TARGET_GONE,identity no longer active
2026-10-02T16:06:20Z,APP_22001_3033686,22001,3033686,25,2468,202.105,0,0,-1,-1,0,0.999931471,NA,NA,70.000000000,MEASURED_CPU_FAULT,CPU;INTERVAL_FAULTS,NA,NA,NA,NA,NA,NA,NA,NA,NA,NA,NA,NA,NA,NA,NA,NA,NA,NA,NA,NA,NA,NA,NA,TARGET_GONE,identity no longer active
2026-10-02T16:06:21Z,APP_22001_3033686,22001,3033686,25,2469,200.272,0,0,-1,-1,0,0.999931471,NA,NA,70.000000000,MEASURED_CPU_FAULT,CPU;INTERVAL_FAULTS,NA,NA,NA,NA,NA,NA,NA,NA,NA,NA,NA,NA,NA,NA,NA,NA,NA,NA,NA,NA,NA,NA,NA,TARGET_GONE,identity no longer active
2026-10-02T16:06:21Z,APP_22001_3033686,22001,3033686,25,2470,192.192,0,0,-1,-1,0,0.999931471,NA,NA,70.000000000,MEASURED_CPU_FAULT,CPU;INTERVAL_FAULTS,NA,NA,NA,NA,NA,NA,NA,NA,NA,NA,NA,NA,NA,NA,NA,NA,NA,NA,NA,NA,NA,NA,NA,TARGET_GONE,identity no longer active
2026-10-02T16:06:21Z,APP_22001_3033686,22001,3033686,25,2471,201.198,0,0,-1,-1,0,0.999931471,NA,NA,70.000000000,MEASURED_CPU_FAULT,CPU;INTERVAL_FAULTS,NA,NA,NA,NA,NA,NA,NA,NA,NA,NA,NA,NA,NA,NA,NA,NA,NA,NA,NA,NA,NA,NA,NA,TARGET_GONE,identity no longer active
2026-10-02T16:06:21Z,APP_22001_3033686,22001,3033686,25,2472,195.122,0,0,-1,-1,0,0.999931471,NA,NA,70.000000000,MEASURED_CPU_FAULT,CPU;INTERVAL_FAULTS,NA,NA,NA,NA,NA,NA,NA,NA,NA,NA,NA,NA,NA,NA,NA,NA,NA,NA,NA,NA,NA,NA,NA,TARGET_GONE,identity no longer active
2026-10-02T16:06:21Z,APP_22001_3033686,22001,3033686,25,2473,201.198,0,0,-1,-1,0,0.999931471,NA,NA,70.000000000,MEASURED_CPU_FAULT,CPU;INTERVAL_FAULTS,NA,NA,NA,NA,NA,NA,NA,NA,NA,NA,NA,NA,NA,NA,NA,NA,NA,NA,NA,NA,NA,NA,NA,TARGET_GONE,identity no longer active
2026-10-02T16:06:21Z,APP_22001_3033686,22001,3033686,25,2474,208.185,0,0,-1,-1,0,0.999931471,NA,NA,70.000000000,MEASURED_CPU_FAULT,CPU;INTERVAL_FAULTS,NA,NA,NA,NA,NA,NA,NA,NA,NA,NA,NA,NA,NA,NA,NA,NA,NA,NA,NA,NA,NA,NA,NA,TARGET_GONE,identity no longer active
2026-10-02T16:06:21Z,APP_22001_3033686,22001,3033686,25,2475,192.192,0,0,-1,-1,0,0.999931471,NA,NA,70.000000000,MEASURED_CPU_FAULT,CPU;INTERVAL_FAULTS,NA,NA,NA,NA,NA,NA,NA,NA,NA,NA,NA,NA,NA,NA,NA,NA,NA,NA,NA,NA,NA,NA,NA,TARGET_GONE,identity no longer active
2026-10-02T16:06:21Z,APP_22001_3033686,22001,3033686,25,2476,201.681,0,0,-1,-1,0,0.999931471,NA,NA,70.000000000,MEASURED_CPU_FAULT,CPU;INTERVAL_FAULTS,NA,NA,NA,NA,NA,NA,NA,NA,NA,NA,NA,NA,NA,NA,NA,NA,NA,NA,NA,NA,NA,NA,NA,TARGET_GONE,identity no longer active
2026-10-02T16:06:22Z,APP_22001_3033686,22001,3033686,25,2477,201.499,0,0,-1,-1,0,0.999931471,NA,NA,70.000000000,MEASURED_CPU_FAULT,CPU;INTERVAL_FAULTS,NA,NA,NA,NA,NA,NA,NA,NA,NA,NA,NA,NA,NA,NA,NA,NA,NA,NA,NA,NA,NA,NA,NA,TARGET_GONE,identity no longer active
2026-10-02T16:06:22Z,APP_22001_3033686,22001,3033686,25,2478,195.785,0,0,-1,-1,0,0.999931471,NA,NA,70.000000000,MEASURED_CPU_FAULT,CPU;INTERVAL_FAULTS,NA,NA,NA,NA,NA,NA,NA,NA,NA,NA,NA,NA,NA,NA,NA,NA,NA,NA,NA,NA,NA,NA,NA,TARGET_GONE,identity no longer active
2026-10-02T16:06:22Z,APP_22001_3033686,22001,3033686,25,2479,210.149,0,0,-1,-1,0,0.999931471,NA,NA,70.000000000,MEASURED_CPU_FAULT,CPU;INTERVAL_FAULTS,NA,NA,NA,NA,NA,NA,NA,NA,NA,NA,NA,NA,NA,NA,NA,NA,NA,NA,NA,NA,NA,NA,NA,TARGET_GONE,identity no longer active
2026-10-02T16:06:22Z,APP_22001_3033686,22001,3033686,25,2480,202.105,0,0,-1,-1,0,0.999931471,NA,NA,70.000000000,MEASURED_CPU_FAULT,CPU;INTERVAL_FAULTS,NA,NA,NA,NA,NA,NA,NA,NA,NA,NA,NA,NA,NA,NA,NA,NA,NA,NA,NA,NA,NA,NA,NA,TARGET_GONE,identity no longer active
2026-10-02T16:06:22Z,APP_22001_3033686,22001,3033686,25,2481,194.647,0,0,-1,-1,0,0.999931471,NA,NA,70.000000000,MEASURED_CPU_FAULT,CPU;INTERVAL_FAULTS,NA,NA,NA,NA,NA,NA,NA,NA,NA,NA,NA,NA,NA,NA,NA,NA,NA,NA,NA,NA,NA,NA,NA,TARGET_GONE,identity no longer active
2026-10-02T16:06:22Z,APP_22001_3033686,22001,3033686,25,2482,211.094,0,0,-1,-1,0,0.999931471,NA,NA,70.000000000,MEASURED_CPU_FAULT,CPU;INTERVAL_FAULTS,NA,NA,NA,NA,NA,NA,NA,NA,NA,NA,NA,NA,NA,NA,NA,NA,NA,NA,NA,NA,NA,NA,NA,TARGET_GONE,identity no longer active
2026-10-02T16:06:22Z,APP_22001_3033686,22001,3033686,25,2483,191.538,0,0,-1,-1,0,0.999931471,NA,NA,70.000000000,MEASURED_CPU_FAULT,CPU;INTERVAL_FAULTS,NA,NA,NA,NA,NA,NA,NA,NA,NA,NA,NA,NA,NA,NA,NA,NA,NA,NA,NA,NA,NA,NA,NA,TARGET_GONE,identity no longer active
2026-10-02T16:06:22Z,APP_22001_3033686,22001,3033686,25,2484,201.802,0,0,-1,-1,0,0.999931471,NA,NA,70.000000000,MEASURED_CPU_FAULT,CPU;INTERVAL_FAULTS,NA,NA,NA,NA,NA,NA,NA,NA,NA,NA,NA,NA,NA,NA,NA,NA,NA,NA,NA,NA,NA,NA,NA,TARGET_GONE,identity no longer active
2026-10-02T16:06:23Z,APP_22001_3033686,22001,3033686,25,2485,200.607,0,0,-1,-1,0,0.999931471,NA,NA,70.000000000,MEASURED_CPU_FAULT,CPU;INTERVAL_FAULTS,NA,NA,NA,NA,NA,NA,NA,NA,NA,NA,NA,NA,NA,NA,NA,NA,NA,NA,NA,NA,NA,NA,NA,TARGET_GONE,identity no longer active
2026-10-02T16:06:23Z,APP_22001_3033686,22001,3033686,25,2486,201.499,0,0,-1,-1,0,0.999931471,NA,NA,70.000000000,MEASURED_CPU_FAULT,CPU;INTERVAL_FAULTS,NA,NA,NA,NA,NA,NA,NA,NA,NA,NA,NA,NA,NA,NA,NA,NA,NA,NA,NA,NA,NA,NA,NA,TARGET_GONE,identity no longer active
2026-10-02T16:06:23Z,APP_22001_3033686,22001,3033686,25,2487,201.093,0,0,-1,-1,0,0.999931471,NA,NA,70.000000000,MEASURED_CPU_FAULT,CPU;INTERVAL_FAULTS,NA,NA,NA,NA,NA,NA,NA,NA,NA,NA,NA,NA,NA,NA,NA,NA,NA,NA,NA,NA,NA,NA,NA,TARGET_GONE,identity no longer active
2026-10-02T16:06:23Z,APP_22001_3033686,22001,3033686,25,2488,191.617,0,0,-1,-1,0,0.999931471,NA,NA,70.000000000,MEASURED_CPU_FAULT,CPU;INTERVAL_FAULTS,NA,NA,NA,NA,NA,NA,NA,NA,NA,NA,NA,NA,NA,NA,NA,NA,NA,NA,NA,NA,NA,NA,NA,TARGET_GONE,identity no longer active
2026-10-02T16:06:23Z,APP_22001_3033686,22001,3033686,25,2489,201.499,0,0,-1,-1,0,0.999931471,NA,NA,70.000000000,MEASURED_CPU_FAULT,CPU;INTERVAL_FAULTS,NA,NA,NA,NA,NA,NA,NA,NA,NA,NA,NA,NA,NA,NA,NA,NA,NA,NA,NA,NA,NA,NA,NA,TARGET_GONE,identity no longer active
2026-10-02T16:06:23Z,APP_22001_3033686,22001,3033686,25,2490,204.180,0,0,-1,-1,0,0.999931471,NA,NA,70.000000000,MEASURED_CPU_FAULT,CPU;INTERVAL_FAULTS,NA,NA,NA,NA,NA,NA,NA,NA,NA,NA,NA,NA,NA,NA,NA,NA,NA,NA,NA,NA,NA,NA,NA,TARGET_GONE,identity no longer active
2026-10-02T16:06:23Z,APP_22001_3033686,22001,3033686,25,2491,201.499,0,0,-1,-1,0,0.999931471,NA,NA,70.000000000,MEASURED_CPU_FAULT,CPU;INTERVAL_FAULTS,NA,NA,NA,NA,NA,NA,NA,NA,NA,NA,NA,NA,NA,NA,NA,NA,NA,NA,NA,NA,NA,NA,NA,TARGET_GONE,identity no longer active
2026-10-02T16:06:23Z,APP_22001_3033686,22001,3033686,25,2492,196.283,0,0,-1,-1,0,0.999931471,NA,NA,70.000000000,MEASURED_CPU_FAULT,CPU;INTERVAL_FAULTS,NA,NA,NA,NA,NA,NA,NA,NA,NA,NA,NA,NA,NA,NA,NA,NA,NA,NA,NA,NA,NA,NA,NA,TARGET_GONE,identity no longer active
2026-10-02T16:06:24Z,APP_22001_3033686,22001,3033686,25,2493,201.198,0,0,-1,-1,0,0.999931471,NA,NA,70.000000000,MEASURED_CPU_FAULT,CPU;INTERVAL_FAULTS,NA,NA,NA,NA,NA,NA,NA,NA,NA,NA,NA,NA,NA,NA,NA,NA,NA,NA,NA,NA,NA,NA,NA,TARGET_GONE,identity no longer active
2026-10-02T16:06:24Z,APP_22001_3033686,22001,3033686,25,2494,201.421,0,0,-1,-1,0,0.999931471,NA,NA,70.000000000,MEASURED_CPU_FAULT,CPU;INTERVAL_FAULTS,NA,NA,NA,NA,NA,NA,NA,NA,NA,NA,NA,NA,NA,NA,NA,NA,NA,NA,NA,NA,NA,NA,NA,TARGET_GONE,identity no longer active
2026-10-02T16:06:24Z,APP_22001_3033686,22001,3033686,25,2495,201.802,0,0,-1,-1,0,0.999931471,NA,NA,70.000000000,MEASURED_CPU_FAULT,CPU;INTERVAL_FAULTS,NA,NA,NA,NA,NA,NA,NA,NA,NA,NA,NA,NA,NA,NA,NA,NA,NA,NA,NA,NA,NA,NA,NA,TARGET_GONE,identity no longer active
2026-10-02T16:06:24Z,APP_22001_3033686,22001,3033686,25,2496,201.381,0,0,-1,-1,0,0.999931471,NA,NA,70.000000000,MEASURED_CPU_FAULT,CPU;INTERVAL_FAULTS,NA,NA,NA,NA,NA,NA,NA,NA,NA,NA,NA,NA,NA,NA,NA,NA,NA,NA,NA,NA,NA,NA,NA,TARGET_GONE,identity no longer active
2026-10-02T16:06:24Z,APP_22001_3033686,22001,3033686,25,2497,191.617,0,0,-1,-1,0,0.999931471,NA,NA,70.000000000,MEASURED_CPU_FAULT,CPU;INTERVAL_FAULTS,NA,NA,NA,NA,NA,NA,NA,NA,NA,NA,NA,NA,NA,NA,NA,NA,NA,NA,NA,NA,NA,NA,NA,TARGET_GONE,identity no longer active
2026-10-02T16:06:24Z,APP_22001_3033686,22001,3033686,25,2498,202.105,0,0,-1,-1,0,0.999931471,NA,NA,70.000000000,MEASURED_CPU_FAULT,CPU;INTERVAL_FAULTS,NA,NA,NA,NA,NA,NA,NA,NA,NA,NA,NA,NA,NA,NA,NA,NA,NA,NA,NA,NA,NA,NA,NA,TARGET_GONE,identity no longer active
2026-10-02T16:06:24Z,APP_22001_3033686,22001,3033686,25,2499,204.878,0,0,-1,-1,0,0.999931471,NA,NA,70.000000000,MEASURED_CPU_FAULT,CPU;INTERVAL_FAULTS,NA,NA,NA,NA,NA,NA,NA,NA,NA,NA,NA,NA,NA,NA,NA,NA,NA,NA,NA,NA,NA,NA,NA,TARGET_GONE,identity no longer active
2026-10-02T16:06:24Z,APP_22001_3033686,22001,3033686,25,2500,192.192,0,0,-1,-1,0,0.999931471,NA,NA,70.000000000,MEASURED_CPU_FAULT,CPU;INTERVAL_FAULTS,NA,NA,NA,NA,NA,NA,NA,NA,NA,NA,NA,NA,NA,NA,NA,NA,NA,NA,NA,NA,NA,NA,NA,TARGET_GONE,identity no longer active
2026-10-02T16:06:25Z,APP_22001_3033686,22001,3033686,25,2501,201.217,0,0,-1,-1,0,0.999931471,NA,NA,70.000000000,MEASURED_CPU_FAULT,CPU;INTERVAL_FAULTS,NA,NA,NA,NA,NA,NA,NA,NA,NA,NA,NA,NA,NA,NA,NA,NA,NA,NA,NA,NA,NA,NA,NA,TARGET_GONE,identity no longer active
2026-10-02T16:06:25Z,APP_22001_3033686,22001,3033686,25,2502,201.499,0,0,-1,-1,0,0.999931471,NA,NA,70.000000000,MEASURED_CPU_FAULT,CPU;INTERVAL_FAULTS,NA,NA,NA,NA,NA,NA,NA,NA,NA,NA,NA,NA,NA,NA,NA,NA,NA,NA,NA,NA,NA,NA,NA,TARGET_GONE,identity no longer active
2026-10-02T16:06:25Z,APP_22001_3033686,22001,3033686,25,2503,200.810,0,0,-1,-1,0,0.999931471,NA,NA,70.000000000,MEASURED_CPU_FAULT,CPU;INTERVAL_FAULTS,NA,NA,NA,NA,NA,NA,NA,NA,NA,NA,NA,NA,NA,NA,NA,NA,NA,NA,NA,NA,NA,NA,NA,TARGET_GONE,identity no longer active
2026-10-02T16:06:25Z,APP_22001_3033686,22001,3033686,25,2504,201.499,0,0,-1,-1,0,0.999931471,NA,NA,70.000000000,MEASURED_CPU_FAULT,CPU;INTERVAL_FAULTS,NA,NA,NA,NA,NA,NA,NA,NA,NA,NA,NA,NA,NA,NA,NA,NA,NA,NA,NA,NA,NA,NA,NA,TARGET_GONE,identity no longer active
2026-10-02T16:06:25Z,APP_22001_3033686,22001,3033686,25,2505,197.938,0,0,-1,-1,0,0.999931471,NA,NA,70.000000000,MEASURED_CPU_FAULT,CPU;INTERVAL_FAULTS,NA,NA,NA,NA,NA,NA,NA,NA,NA,NA,NA,NA,NA,NA,NA,NA,NA,NA,NA,NA,NA,NA,NA,TARGET_GONE,identity no longer active
2026-10-02T16:06:25Z,APP_22001_3033686,22001,3033686,25,2506,205.210,0,0,-1,-1,0,0.999931471,NA,NA,70.000000000,MEASURED_CPU_FAULT,CPU;INTERVAL_FAULTS,NA,NA,NA,NA,NA,NA,NA,NA,NA,NA,NA,NA,NA,NA,NA,NA,NA,NA,NA,NA,NA,NA,NA,TARGET_GONE,identity no longer active
2026-10-02T16:06:25Z,APP_22001_3033686,22001,3033686,25,2507,191.617,0,0,-1,-1,0,0.999931471,NA,NA,70.000000000,MEASURED_CPU_FAULT,CPU;INTERVAL_FAULTS,NA,NA,NA,NA,NA,NA,NA,NA,NA,NA,NA,NA,NA,NA,NA,NA,NA,NA,NA,NA,NA,NA,NA,TARGET_GONE,identity no longer active
2026-10-02T16:06:25Z,APP_22001_3033686,22001,3033686,25,2508,205.505,0,0,-1,-1,0,0.999931471,NA,NA,70.000000000,MEASURED_CPU_FAULT,CPU;INTERVAL_FAULTS,NA,NA,NA,NA,NA,NA,NA,NA,NA,NA,NA,NA,NA,NA,NA,NA,NA,NA,NA,NA,NA,NA,NA,TARGET_GONE,identity no longer active
2026-10-02T16:06:26Z,APP_22001_3033686,22001,3033686,25,2509,201.198,0,0,-1,-1,0,0.999931471,NA,NA,70.000000000,MEASURED_CPU_FAULT,CPU;INTERVAL_FAULTS,NA,NA,NA,NA,NA,NA,NA,NA,NA,NA,NA,NA,NA,NA,NA,NA,NA,NA,NA,NA,NA,NA,NA,TARGET_GONE,identity no longer active
2026-10-02T16:06:26Z,APP_22001_3033686,22001,3033686,25,2510,201.013,0,0,-1,-1,0,0.999931471,NA,NA,70.000000000,MEASURED_CPU_FAULT,CPU;INTERVAL_FAULTS,NA,NA,NA,NA,NA,NA,NA,NA,NA,NA,NA,NA,NA,NA,NA,NA,NA,NA,NA,NA,NA,NA,NA,TARGET_GONE,identity no longer active
2026-10-02T16:06:26Z,APP_22001_3033686,22001,3033686,25,2511,201.802,0,0,-1,-1,0,0.999931471,NA,NA,70.000000000,MEASURED_CPU_FAULT,CPU;INTERVAL_FAULTS,NA,NA,NA,NA,NA,NA,NA,NA,NA,NA,NA,NA,NA,NA,NA,NA,NA,NA,NA,NA,NA,NA,NA,TARGET_GONE,identity no longer active
2026-10-02T16:06:26Z,APP_22001_3033686,22001,3033686,25,2512,194.529,0,0,-1,-1,0,0.999931471,NA,NA,70.000000000,MEASURED_CPU_FAULT,CPU;INTERVAL_FAULTS,NA,NA,NA,NA,NA,NA,NA,NA,NA,NA,NA,NA,NA,NA,NA,NA,NA,NA,NA,NA,NA,NA,NA,TARGET_GONE,identity no longer active
2026-10-02T16:06:26Z,APP_22001_3033686,22001,3033686,25,2513,201.198,0,0,-1,-1,0,0.999931471,NA,NA,70.000000000,MEASURED_CPU_FAULT,CPU;INTERVAL_FAULTS,NA,NA,NA,NA,NA,NA,NA,NA,NA,NA,NA,NA,NA,NA,NA,NA,NA,NA,NA,NA,NA,NA,NA,TARGET_GONE,identity no longer active
2026-10-02T16:06:26Z,APP_22001_3033686,22001,3033686,25,2514,203.873,0,0,-1,-1,0,0.999931471,NA,NA,70.000000000,MEASURED_CPU_FAULT,CPU;INTERVAL_FAULTS,NA,NA,NA,NA,NA,NA,NA,NA,NA,NA,NA,NA,NA,NA,NA,NA,NA,NA,NA,NA,NA,NA,NA,TARGET_GONE,identity no longer active
2026-10-02T16:06:26Z,APP_22001_3033686,22001,3033686,25,2515,191.045,0,0,-1,-1,0,0.999931471,NA,NA,70.000000000,MEASURED_CPU_FAULT,CPU;INTERVAL_FAULTS,NA,NA,NA,NA,NA,NA,NA,NA,NA,NA,NA,NA,NA,NA,NA,NA,NA,NA,NA,NA,NA,NA,NA,TARGET_GONE,identity no longer active
2026-10-02T16:06:26Z,APP_22001_3033686,22001,3033686,25,2516,201.802,0,0,-1,-1,0,0.999931471,NA,NA,70.000000000,MEASURED_CPU_FAULT,CPU;INTERVAL_FAULTS,NA,NA,NA,NA,NA,NA,NA,NA,NA,NA,NA,NA,NA,NA,NA,NA,NA,NA,NA,NA,NA,NA,NA,TARGET_GONE,identity no longer active
2026-10-02T16:06:27Z,APP_22001_3033686,22001,3033686,25,2517,199.253,0,0,-1,-1,0,0.999931471,NA,NA,70.000000000,MEASURED_CPU_FAULT,CPU;INTERVAL_FAULTS,NA,NA,NA,NA,NA,NA,NA,NA,NA,NA,NA,NA,NA,NA,NA,NA,NA,NA,NA,NA,NA,NA,NA,TARGET_GONE,identity no longer active
2026-10-02T16:06:27Z,APP_22001_3033686,22001,3033686,25,2518,192.192,0,0,-1,-1,0,0.999931471,NA,NA,70.000000000,MEASURED_CPU_FAULT,CPU;INTERVAL_FAULTS,NA,NA,NA,NA,NA,NA,NA,NA,NA,NA,NA,NA,NA,NA,NA,NA,NA,NA,NA,NA,NA,NA,NA,TARGET_GONE,identity no longer active
2026-10-02T16:06:27Z,APP_22001_3033686,22001,3033686,25,2519,204.536,0,0,-1,-1,0,0.999931471,NA,NA,70.000000000,MEASURED_CPU_FAULT,CPU;INTERVAL_FAULTS,NA,NA,NA,NA,NA,NA,NA,NA,NA,NA,NA,NA,NA,NA,NA,NA,NA,NA,NA,NA,NA,NA,NA,TARGET_GONE,identity no longer active
2026-10-02T16:06:27Z,APP_22001_3033686,22001,3033686,25,2520,201.499,0,0,-1,-1,0,0.999931471,NA,NA,70.000000000,MEASURED_CPU_FAULT,CPU;INTERVAL_FAULTS,NA,NA,NA,NA,NA,NA,NA,NA,NA,NA,NA,NA,NA,NA,NA,NA,NA,NA,NA,NA,NA,NA,NA,TARGET_GONE,identity no longer active
2026-10-02T16:06:27Z,APP_22001_3033686,22001,3033686,25,2521,196.831,0,0,-1,-1,0,0.999931471,NA,NA,70.000000000,MEASURED_CPU_FAULT,CPU;INTERVAL_FAULTS,NA,NA,NA,NA,NA,NA,NA,NA,NA,NA,NA,NA,NA,NA,NA,NA,NA,NA,NA,NA,NA,NA,NA,TARGET_GONE,identity no longer active
2026-10-02T16:06:27Z,APP_22001_3033686,22001,3033686,25,2522,201.802,0,0,-1,-1,0,0.999931471,NA,NA,70.000000000,MEASURED_CPU_FAULT,CPU;INTERVAL_FAULTS,NA,NA,NA,NA,NA,NA,NA,NA,NA,NA,NA,NA,NA,NA,NA,NA,NA,NA,NA,NA,NA,NA,NA,TARGET_GONE,identity no longer active
2026-10-02T16:06:27Z,APP_22001_3033686,22001,3033686,25,2523,199.005,0,0,-1,-1,0,0.999931471,NA,NA,70.000000000,MEASURED_CPU_FAULT,CPU;INTERVAL_FAULTS,NA,NA,NA,NA,NA,NA,NA,NA,NA,NA,NA,NA,NA,NA,NA,NA,NA,NA,NA,NA,NA,NA,NA,TARGET_GONE,identity no longer active
2026-10-02T16:06:28Z,APP_22001_3033686,22001,3033686,25,2524,204.800,0,0,-1,-1,0,0.999931471,NA,NA,70.000000000,MEASURED_CPU_FAULT,CPU;INTERVAL_FAULTS,NA,NA,NA,NA,NA,NA,NA,NA,NA,NA,NA,NA,NA,NA,NA,NA,NA,NA,NA,NA,NA,NA,NA,TARGET_GONE,identity no longer active
2026-10-02T16:06:28Z,APP_22001_3033686,22001,3033686,25,2525,201.499,0,0,-1,-1,0,0.999931471,NA,NA,70.000000000,MEASURED_CPU_FAULT,CPU;INTERVAL_FAULTS,NA,NA,NA,NA,NA,NA,NA,NA,NA,NA,NA,NA,NA,NA,NA,NA,NA,NA,NA,NA,NA,NA,NA,TARGET_GONE,identity no longer active
2026-10-02T16:06:28Z,APP_22001_3033686,22001,3033686,25,2526,201.368,0,0,-1,-1,0,0.999931471,NA,NA,70.000000000,MEASURED_CPU_FAULT,CPU;INTERVAL_FAULTS,NA,NA,NA,NA,NA,NA,NA,NA,NA,NA,NA,NA,NA,NA,NA,NA,NA,NA,NA,NA,NA,NA,NA,TARGET_GONE,identity no longer active
2026-10-02T16:06:28Z,APP_22001_3033686,22001,3033686,25,2527,191.617,0,0,-1,-1,0,0.999931471,NA,NA,70.000000000,MEASURED_CPU_FAULT,CPU;INTERVAL_FAULTS,NA,NA,NA,NA,NA,NA,NA,NA,NA,NA,NA,NA,NA,NA,NA,NA,NA,NA,NA,NA,NA,NA,NA,TARGET_GONE,identity no longer active
2026-10-02T16:06:28Z,APP_22001_3033686,22001,3033686,25,2528,205.993,0,0,-1,-1,0,0.999931471,NA,NA,70.000000000,MEASURED_CPU_FAULT,CPU;INTERVAL_FAULTS,NA,NA,NA,NA,NA,NA,NA,NA,NA,NA,NA,NA,NA,NA,NA,NA,NA,NA,NA,NA,NA,NA,NA,TARGET_GONE,identity no longer active
2026-10-02T16:06:28Z,APP_22001_3033686,22001,3033686,25,2529,192.000,0,0,-1,-1,0,0.999931471,NA,NA,70.000000000,MEASURED_CPU_FAULT,CPU;INTERVAL_FAULTS,NA,NA,NA,NA,NA,NA,NA,NA,NA,NA,NA,NA,NA,NA,NA,NA,NA,NA,NA,NA,NA,NA,NA,TARGET_GONE,identity no longer active
2026-10-02T16:06:28Z,APP_22001_3033686,22001,3033686,25,2530,201.802,0,0,-1,-1,0,0.999931471,NA,NA,70.000000000,MEASURED_CPU_FAULT,CPU;INTERVAL_FAULTS,NA,NA,NA,NA,NA,NA,NA,NA,NA,NA,NA,NA,NA,NA,NA,NA,NA,NA,NA,NA,NA,NA,NA,TARGET_GONE,identity no longer active
2026-10-02T16:06:28Z,APP_22001_3033686,22001,3033686,25,2531,200.545,0,0,-1,-1,0,0.999931471,NA,NA,70.000000000,MEASURED_CPU_FAULT,CPU;INTERVAL_FAULTS,NA,NA,NA,NA,NA,NA,NA,NA,NA,NA,NA,NA,NA,NA,NA,NA,NA,NA,NA,NA,NA,NA,NA,TARGET_GONE,identity no longer active
2026-10-02T16:06:28Z,APP_22001_3033686,22001,3033686,25,2532,201.499,0,0,-1,-1,0,0.999931471,NA,NA,70.000000000,MEASURED_CPU_FAULT,CPU;INTERVAL_FAULTS,NA,NA,NA,NA,NA,NA,NA,NA,NA,NA,NA,NA,NA,NA,NA,NA,NA,NA,NA,NA,NA,NA,NA,TARGET_GONE,identity no longer active
2026-10-02T16:06:29Z,APP_22001_3033686,22001,3033686,25,2533,199.361,0,0,-1,-1,0,0.999931471,NA,NA,70.000000000,MEASURED_CPU_FAULT,CPU;INTERVAL_FAULTS,NA,NA,NA,NA,NA,NA,NA,NA,NA,NA,NA,NA,NA,NA,NA,NA,NA,NA,NA,NA,NA,NA,NA,TARGET_GONE,identity no longer active
2026-10-02T16:06:29Z,APP_22001_3033686,22001,3033686,25,2534,205.622,0,0,-1,-1,0,0.999931471,NA,NA,70.000000000,MEASURED_CPU_FAULT,CPU;INTERVAL_FAULTS,NA,NA,NA,NA,NA,NA,NA,NA,NA,NA,NA,NA,NA,NA,NA,NA,NA,NA,NA,NA,NA,NA,NA,TARGET_GONE,identity no longer active
2026-10-02T16:06:29Z,APP_22001_3033686,22001,3033686,25,2535,191.617,0,0,-1,-1,0,0.999931471,NA,NA,70.000000000,MEASURED_CPU_FAULT,CPU;INTERVAL_FAULTS,NA,NA,NA,NA,NA,NA,NA,NA,NA,NA,NA,NA,NA,NA,NA,NA,NA,NA,NA,NA,NA,NA,NA,TARGET_GONE,identity no longer active
2026-10-02T16:06:29Z,APP_22001_3033686,22001,3033686,25,2536,209.264,0,0,-1,-1,0,0.999931471,NA,NA,70.000000000,MEASURED_CPU_FAULT,CPU;INTERVAL_FAULTS,NA,NA,NA,NA,NA,NA,NA,NA,NA,NA,NA,NA,NA,NA,NA,NA,NA,NA,NA,NA,NA,NA,NA,TARGET_GONE,identity no longer active
2026-10-02T16:06:29Z,APP_22001_3033686,22001,3033686,25,2537,191.617,0,0,-1,-1,0,0.999931471,NA,NA,70.000000000,MEASURED_CPU_FAULT,CPU;INTERVAL_FAULTS,NA,NA,NA,NA,NA,NA,NA,NA,NA,NA,NA,NA,NA,NA,NA,NA,NA,NA,NA,NA,NA,NA,NA,TARGET_GONE,identity no longer active
2026-10-02T16:06:29Z,APP_22001_3033686,22001,3033686,25,2538,199.555,0,0,-1,-1,0,0.999931471,NA,NA,70.000000000,MEASURED_CPU_FAULT,CPU;INTERVAL_FAULTS,NA,NA,NA,NA,NA,NA,NA,NA,NA,NA,NA,NA,NA,NA,NA,NA,NA,NA,NA,NA,NA,NA,NA,TARGET_GONE,identity no longer active
2026-10-02T16:06:29Z,APP_22001_3033686,22001,3033686,25,2539,203.984,0,0,-1,-1,0,0.999931471,NA,NA,70.000000000,MEASURED_CPU_FAULT,CPU;INTERVAL_FAULTS,NA,NA,NA,NA,NA,NA,NA,NA,NA,NA,NA,NA,NA,NA,NA,NA,NA,NA,NA,NA,NA,NA,NA,TARGET_GONE,identity no longer active
2026-10-02T16:06:29Z,APP_22001_3033686,22001,3033686,25,2540,201.802,0,0,-1,-1,0,0.999931471,NA,NA,70.000000000,MEASURED_CPU_FAULT,CPU;INTERVAL_FAULTS,NA,NA,NA,NA,NA,NA,NA,NA,NA,NA,NA,NA,NA,NA,NA,NA,NA,NA,NA,NA,NA,NA,NA,TARGET_GONE,identity no longer active
2026-10-02T16:06:29Z,APP_22001_3033686,22001,3033686,25,2541,201.093,0,0,-1,-1,0,0.999931471,NA,NA,70.000000000,MEASURED_CPU_FAULT,CPU;INTERVAL_FAULTS,NA,NA,NA,NA,NA,NA,NA,NA,NA,NA,NA,NA,NA,NA,NA,NA,NA,NA,NA,NA,NA,NA,NA,TARGET_GONE,identity no longer active
2026-10-02T16:06:30Z,APP_22001_3033686,22001,3033686,25,2542,201.198,0,0,-1,-1,0,0.999931471,NA,NA,70.000000000,MEASURED_CPU_FAULT,CPU;INTERVAL_FAULTS,NA,NA,NA,NA,NA,NA,NA,NA,NA,NA,NA,NA,NA,NA,NA,NA,NA,NA,NA,NA,NA,NA,NA,TARGET_GONE,identity no longer active
2026-10-02T16:06:30Z,APP_22001_3033686,22001,3033686,25,2543,202.559,0,0,-1,-1,0,0.999931471,NA,NA,70.000000000,MEASURED_CPU_FAULT,CPU;INTERVAL_FAULTS,NA,NA,NA,NA,NA,NA,NA,NA,NA,NA,NA,NA,NA,NA,NA,NA,NA,NA,NA,NA,NA,NA,NA,TARGET_GONE,identity no longer active
2026-10-02T16:06:30Z,APP_22001_3033686,22001,3033686,25,2544,192.771,0,0,-1,-1,0,0.999931471,NA,NA,70.000000000,MEASURED_CPU_FAULT,CPU;INTERVAL_FAULTS,NA,NA,NA,NA,NA,NA,NA,NA,NA,NA,NA,NA,NA,NA,NA,NA,NA,NA,NA,NA,NA,NA,NA,TARGET_GONE,identity no longer active
2026-10-02T16:06:30Z,APP_22001_3033686,22001,3033686,25,2545,201.198,0,0,-1,-1,0,0.999931471,NA,NA,70.000000000,MEASURED_CPU_FAULT,CPU;INTERVAL_FAULTS,NA,NA,NA,NA,NA,NA,NA,NA,NA,NA,NA,NA,NA,NA,NA,NA,NA,NA,NA,NA,NA,NA,NA,TARGET_GONE,identity no longer active
2026-10-02T16:06:30Z,APP_22001_3033686,22001,3033686,25,2546,198.870,0,0,-1,-1,0,0.999931471,NA,NA,70.000000000,MEASURED_CPU_FAULT,CPU;INTERVAL_FAULTS,NA,NA,NA,NA,NA,NA,NA,NA,NA,NA,NA,NA,NA,NA,NA,NA,NA,NA,NA,NA,NA,NA,NA,TARGET_GONE,identity no longer active
2026-10-02T16:06:30Z,APP_22001_3033686,22001,3033686,25,2547,201.499,0,0,-1,-1,0,0.999931471,NA,NA,70.000000000,MEASURED_CPU_FAULT,CPU;INTERVAL_FAULTS,NA,NA,NA,NA,NA,NA,NA,NA,NA,NA,NA,NA,NA,NA,NA,NA,NA,NA,NA,NA,NA,NA,NA,TARGET_GONE,identity no longer active
2026-10-02T16:06:30Z,APP_22001_3033686,22001,3033686,25,2548,198.165,0,0,-1,-1,0,0.999931471,NA,NA,70.000000000,MEASURED_CPU_FAULT,CPU;INTERVAL_FAULTS,NA,NA,NA,NA,NA,NA,NA,NA,NA,NA,NA,NA,NA,NA,NA,NA,NA,NA,NA,NA,NA,NA,NA,TARGET_GONE,identity no longer active
2026-10-02T16:06:30Z,APP_22001_3033686,22001,3033686,25,2549,203.984,0,0,-1,-1,0,0.999931471,NA,NA,70.000000000,MEASURED_CPU_FAULT,CPU;INTERVAL_FAULTS,NA,NA,NA,NA,NA,NA,NA,NA,NA,NA,NA,NA,NA,NA,NA,NA,NA,NA,NA,NA,NA,NA,NA,TARGET_GONE,identity no longer active
2026-10-02T16:06:31Z,APP_22001_3033686,22001,3033686,25,2550,201.802,0,0,-1,-1,0,0.999931471,NA,NA,70.000000000,MEASURED_CPU_FAULT,CPU;INTERVAL_FAULTS,NA,NA,NA,NA,NA,NA,NA,NA,NA,NA,NA,NA,NA,NA,NA,NA,NA,NA,NA,NA,NA,NA,NA,TARGET_GONE,identity no longer active
2026-10-02T16:06:31Z,APP_22001_3033686,22001,3033686,25,2551,190.099,0,0,-1,-1,0,0.999931471,NA,NA,70.000000000,MEASURED_CPU_FAULT,CPU;INTERVAL_FAULTS,NA,NA,NA,NA,NA,NA,NA,NA,NA,NA,NA,NA,NA,NA,NA,NA,NA,NA,NA,NA,NA,NA,NA,TARGET_GONE,identity no longer active
2026-10-02T16:06:31Z,APP_22001_3033686,22001,3033686,25,2552,201.802,0,0,-1,-1,0,0.999931471,NA,NA,70.000000000,MEASURED_CPU_FAULT,CPU;INTERVAL_FAULTS,NA,NA,NA,NA,NA,NA,NA,NA,NA,NA,NA,NA,NA,NA,NA,NA,NA,NA,NA,NA,NA,NA,NA,TARGET_GONE,identity no longer active
2026-10-02T16:06:31Z,APP_22001_3033686,22001,3033686,25,2553,201.258,0,0,-1,-1,0,0.999931471,NA,NA,70.000000000,MEASURED_CPU_FAULT,CPU;INTERVAL_FAULTS,NA,NA,NA,NA,NA,NA,NA,NA,NA,NA,NA,NA,NA,NA,NA,NA,NA,NA,NA,NA,NA,NA,NA,TARGET_GONE,identity no longer active
2026-10-02T16:06:31Z,APP_22001_3033686,22001,3033686,25,2554,204.391,0,0,-1,-1,0,0.999931471,NA,NA,70.000000000,MEASURED_CPU_FAULT,CPU;INTERVAL_FAULTS,NA,NA,NA,NA,NA,NA,NA,NA,NA,NA,NA,NA,NA,NA,NA,NA,NA,NA,NA,NA,NA,NA,NA,TARGET_GONE,identity no longer active
2026-10-02T16:06:31Z,APP_22001_3033686,22001,3033686,25,2555,201.499,0,0,-1,-1,0,0.999931471,NA,NA,70.000000000,MEASURED_CPU_FAULT,CPU;INTERVAL_FAULTS,NA,NA,NA,NA,NA,NA,NA,NA,NA,NA,NA,NA,NA,NA,NA,NA,NA,NA,NA,NA,NA,NA,NA,TARGET_GONE,identity no longer active
2026-10-02T16:06:31Z,APP_22001_3033686,22001,3033686,25,2556,190.638,0,0,-1,-1,0,0.999931471,NA,NA,70.000000000,MEASURED_CPU_FAULT,CPU;INTERVAL_FAULTS,NA,NA,NA,NA,NA,NA,NA,NA,NA,NA,NA,NA,NA,NA,NA,NA,NA,NA,NA,NA,NA,NA,NA,TARGET_GONE,identity no longer active
2026-10-02T16:06:31Z,APP_22001_3033686,22001,3033686,25,2557,201.198,0,0,-1,-1,0,0.999931471,NA,NA,70.000000000,MEASURED_CPU_FAULT,CPU;INTERVAL_FAULTS,NA,NA,NA,NA,NA,NA,NA,NA,NA,NA,NA,NA,NA,NA,NA,NA,NA,NA,NA,NA,NA,NA,NA,TARGET_GONE,identity no longer active
2026-10-02T16:06:31Z,APP_22001_3033686,22001,3033686,25,2558,203.175,0,0,-1,-1,0,0.999931471,NA,NA,70.000000000,MEASURED_CPU_FAULT,CPU;INTERVAL_FAULTS,NA,NA,NA,NA,NA,NA,NA,NA,NA,NA,NA,NA,NA,NA,NA,NA,NA,NA,NA,NA,NA,NA,NA,TARGET_GONE,identity no longer active
2026-10-02T16:06:32Z,APP_22001_3033686,22001,3033686,25,2559,204.391,0,0,-1,-1,0,0.999931471,NA,NA,70.000000000,MEASURED_CPU_FAULT,CPU;INTERVAL_FAULTS,NA,NA,NA,NA,NA,NA,NA,NA,NA,NA,NA,NA,NA,NA,NA,NA,NA,NA,NA,NA,NA,NA,NA,TARGET_GONE,identity no longer active
2026-10-02T16:06:32Z,APP_22001_3033686,22001,3033686,25,2560,201.499,0,0,-1,-1,0,0.999931471,NA,NA,70.000000000,MEASURED_CPU_FAULT,CPU;INTERVAL_FAULTS,NA,NA,NA,NA,NA,NA,NA,NA,NA,NA,NA,NA,NA,NA,NA,NA,NA,NA,NA,NA,NA,NA,NA,TARGET_GONE,identity no longer active
2026-10-02T16:06:32Z,APP_22001_3033686,22001,3033686,25,2561,198.568,0,0,-1,-1,0,0.999931471,NA,NA,70.000000000,MEASURED_CPU_FAULT,CPU;INTERVAL_FAULTS,NA,NA,NA,NA,NA,NA,NA,NA,NA,NA,NA,NA,NA,NA,NA,NA,NA,NA,NA,NA,NA,NA,NA,TARGET_GONE,identity no longer active
2026-10-02T16:06:32Z,APP_22001_3033686,22001,3033686,25,2562,191.904,0,0,-1,-1,0,0.999931471,NA,NA,70.000000000,MEASURED_CPU_FAULT,CPU;INTERVAL_FAULTS,NA,NA,NA,NA,NA,NA,NA,NA,NA,NA,NA,NA,NA,NA,NA,NA,NA,NA,NA,NA,NA,NA,NA,TARGET_GONE,identity no longer active
2026-10-02T16:06:04Z,APP_22001_3033686,22001,3033686,26,2563,0.000,0,0,-1,-1,0,0.999931471,1,true,0.000000000,MEASURED_CPU_FAULT,CPU;INTERVAL_FAULTS,HOT,669.474315258,0.560000000,0.700000000,NA,NA,NA,NA,0.560000000,0.000000000,0.700000000,0.000000000,-1.000000000,1.232000000,NA,MOVE_THREAD,INVALID,NOT_APPLICABLE,INVALID,MOVE_THREAD,-1,-1,false,TARGET_GONE,identity no longer active
2026-10-02T16:06:04Z,APP_22001_3033686,22001,3033686,26,2564,0.000,0,0,-1,-1,0,0.999931471,NA,NA,0.000000000,MEASURED_CPU_FAULT,CPU;INTERVAL_FAULTS,NA,NA,NA,NA,NA,NA,NA,NA,NA,NA,NA,NA,NA,NA,NA,NA,NA,NA,NA,NA,NA,NA,NA,TARGET_GONE,identity no longer active
2026-10-02T16:06:04Z,APP_22001_3033686,22001,3033686,26,2565,0.000,0,0,-1,-1,0,0.999931471,NA,NA,0.000000000,MEASURED_CPU_FAULT,CPU;INTERVAL_FAULTS,NA,NA,NA,NA,NA,NA,NA,NA,NA,NA,NA,NA,NA,NA,NA,NA,NA,NA,NA,NA,NA,NA,NA,TARGET_GONE,identity no longer active
2026-10-02T16:06:04Z,APP_22001_3033686,22001,3033686,26,2566,0.000,0,0,-1,-1,0,0.999931471,NA,NA,0.000000000,MEASURED_CPU_FAULT,CPU;INTERVAL_FAULTS,NA,NA,NA,NA,NA,NA,NA,NA,NA,NA,NA,NA,NA,NA,NA,NA,NA,NA,NA,NA,NA,NA,NA,TARGET_GONE,identity no longer active
2026-10-02T16:06:04Z,APP_22001_3033686,22001,3033686,26,2567,0.000,0,0,-1,-1,0,0.999931471,NA,NA,0.000000000,MEASURED_CPU_FAULT,CPU;INTERVAL_FAULTS,NA,NA,NA,NA,NA,NA,NA,NA,NA,NA,NA,NA,NA,NA,NA,NA,NA,NA,NA,NA,NA,NA,NA,TARGET_GONE,identity no longer active
2026-10-02T16:06:04Z,APP_22001_3033686,22001,3033686,26,2568,0.000,0,0,-1,-1,0,0.999931471,NA,NA,0.000000000,MEASURED_CPU_FAULT,CPU;INTERVAL_FAULTS,NA,NA,NA,NA,NA,NA,NA,NA,NA,NA,NA,NA,NA,NA,NA,NA,NA,NA,NA,NA,NA,NA,NA,TARGET_GONE,identity no longer active
2026-10-02T16:06:05Z,APP_22001_3033686,22001,3033686,26,2569,0.000,0,0,-1,-1,0,0.999931471,NA,NA,0.000000000,MEASURED_CPU_FAULT,CPU;INTERVAL_FAULTS,NA,NA,NA,NA,NA,NA,NA,NA,NA,NA,NA,NA,NA,NA,NA,NA,NA,NA,NA,NA,NA,NA,NA,TARGET_GONE,identity no longer active
2026-10-02T16:06:05Z,APP_22001_3033686,22001,3033686,26,2570,0.000,0,0,-1,-1,0,0.999931471,NA,NA,0.000000000,MEASURED_CPU_FAULT,CPU;INTERVAL_FAULTS,NA,NA,NA,NA,NA,NA,NA,NA,NA,NA,NA,NA,NA,NA,NA,NA,NA,NA,NA,NA,NA,NA,NA,TARGET_GONE,identity no longer active
2026-10-02T16:06:05Z,APP_22001_3033686,22001,3033686,26,2571,0.000,0,0,-1,-1,0,0.999931471,NA,NA,0.000000000,MEASURED_CPU_FAULT,CPU;INTERVAL_FAULTS,NA,NA,NA,NA,NA,NA,NA,NA,NA,NA,NA,NA,NA,NA,NA,NA,NA,NA,NA,NA,NA,NA,NA,TARGET_GONE,identity no longer active
2026-10-02T16:06:05Z,APP_22001_3033686,22001,3033686,26,2572,16.203,0,0,-1,-1,0,0.999931471,NA,NA,11.342100000,MEASURED_CPU_FAULT,CPU;INTERVAL_FAULTS,NA,NA,NA,NA,NA,NA,NA,NA,NA,NA,NA,NA,NA,NA,NA,NA,NA,NA,NA,NA,NA,NA,NA,TARGET_GONE,identity no longer active
2026-10-02T16:06:05Z,APP_22001_3033686,22001,3033686,26,2573,192.385,0,0,-1,-1,0,0.999931471,NA,NA,70.000000000,MEASURED_CPU_FAULT,CPU;INTERVAL_FAULTS,NA,NA,NA,NA,NA,NA,NA,NA,NA,NA,NA,NA,NA,NA,NA,NA,NA,NA,NA,NA,NA,NA,NA,TARGET_GONE,identity no longer active
2026-10-02T16:06:05Z,APP_22001_3033686,22001,3033686,26,2574,210.778,0,0,-1,-1,0,0.999931471,NA,NA,70.000000000,MEASURED_CPU_FAULT,CPU;INTERVAL_FAULTS,NA,NA,NA,NA,NA,NA,NA,NA,NA,NA,NA,NA,NA,NA,NA,NA,NA,NA,NA,NA,NA,NA,NA,TARGET_GONE,identity no longer active
2026-10-02T16:06:05Z,APP_22001_3033686,22001,3033686,26,2575,202.009,0,0,-1,-1,0,0.999931471,NA,NA,70.000000000,MEASURED_CPU_FAULT,CPU;INTERVAL_FAULTS,NA,NA,NA,NA,NA,NA,NA,NA,NA,NA,NA,NA,NA,NA,NA,NA,NA,NA,NA,NA,NA,NA,NA,TARGET_GONE,identity no longer active
2026-10-02T16:06:05Z,APP_22001_3033686,22001,3033686,26,2576,191.904,0,0,-1,-1,0,0.999931471,NA,NA,70.000000000,MEASURED_CPU_FAULT,CPU;INTERVAL_FAULTS,NA,NA,NA,NA,NA,NA,NA,NA,NA,NA,NA,NA,NA,NA,NA,NA,NA,NA,NA,NA,NA,NA,NA,TARGET_GONE,identity no longer active
2026-10-02T16:06:06Z,APP_22001_3033686,22001,3033686,26,2577,206.928,0,0,-1,-1,0,0.999931471,NA,NA,70.000000000,MEASURED_CPU_FAULT,CPU;INTERVAL_FAULTS,NA,NA,NA,NA,NA,NA,NA,NA,NA,NA,NA,NA,NA,NA,NA,NA,NA,NA,NA,NA,NA,NA,NA,TARGET_GONE,identity no longer active
2026-10-02T16:06:06Z,APP_22001_3033686,22001,3033686,26,2578,192.385,0,0,-1,-1,0,0.999931471,NA,NA,70.000000000,MEASURED_CPU_FAULT,CPU;INTERVAL_FAULTS,NA,NA,NA,NA,NA,NA,NA,NA,NA,NA,NA,NA,NA,NA,NA,NA,NA,NA,NA,NA,NA,NA,NA,TARGET_GONE,identity no longer active
2026-10-02T16:06:06Z,APP_22001_3033686,22001,3033686,26,2579,201.198,0,0,-1,-1,0,0.999931471,NA,NA,70.000000000,MEASURED_CPU_FAULT,CPU;INTERVAL_FAULTS,NA,NA,NA,NA,NA,NA,NA,NA,NA,NA,NA,NA,NA,NA,NA,NA,NA,NA,NA,NA,NA,NA,NA,TARGET_GONE,identity no longer active
2026-10-02T16:06:06Z,APP_22001_3033686,22001,3033686,26,2580,201.431,0,0,-1,-1,0,0.999931471,NA,NA,70.000000000,MEASURED_CPU_FAULT,CPU;INTERVAL_FAULTS,NA,NA,NA,NA,NA,NA,NA,NA,NA,NA,NA,NA,NA,NA,NA,NA,NA,NA,NA,NA,NA,NA,NA,TARGET_GONE,identity no longer active
2026-10-02T16:06:06Z,APP_22001_3033686,22001,3033686,26,2581,201.802,0,0,-1,-1,0,0.999931471,NA,NA,70.000000000,MEASURED_CPU_FAULT,CPU;INTERVAL_FAULTS,NA,NA,NA,NA,NA,NA,NA,NA,NA,NA,NA,NA,NA,NA,NA,NA,NA,NA,NA,NA,NA,NA,NA,TARGET_GONE,identity no longer active
2026-10-02T16:06:06Z,APP_22001_3033686,22001,3033686,26,2582,196.047,0,0,-1,-1,0,0.999931471,NA,NA,70.000000000,MEASURED_CPU_FAULT,CPU;INTERVAL_FAULTS,NA,NA,NA,NA,NA,NA,NA,NA,NA,NA,NA,NA,NA,NA,NA,NA,NA,NA,NA,NA,NA,NA,NA,TARGET_GONE,identity no longer active
2026-10-02T16:06:06Z,APP_22001_3033686,22001,3033686,26,2583,204.391,0,0,-1,-1,0,0.999931471,NA,NA,70.000000000,MEASURED_CPU_FAULT,CPU;INTERVAL_FAULTS,NA,NA,NA,NA,NA,NA,NA,NA,NA,NA,NA,NA,NA,NA,NA,NA,NA,NA,NA,NA,NA,NA,NA,TARGET_GONE,identity no longer active
2026-10-02T16:06:06Z,APP_22001_3033686,22001,3033686,26,2584,201.802,0,0,-1,-1,0,0.999931471,NA,NA,70.000000000,MEASURED_CPU_FAULT,CPU;INTERVAL_FAULTS,NA,NA,NA,NA,NA,NA,NA,NA,NA,NA,NA,NA,NA,NA,NA,NA,NA,NA,NA,NA,NA,NA,NA,TARGET_GONE,identity no longer active
2026-10-02T16:06:06Z,APP_22001_3033686,22001,3033686,26,2585,194.195,0,0,-1,-1,0,0.999931471,NA,NA,70.000000000,MEASURED_CPU_FAULT,CPU;INTERVAL_FAULTS,NA,NA,NA,NA,NA,NA,NA,NA,NA,NA,NA,NA,NA,NA,NA,NA,NA,NA,NA,NA,NA,NA,NA,TARGET_GONE,identity no longer active
2026-10-02T16:06:06Z,APP_22001_3033686,22001,3033686,26,2586,210.778,0,0,-1,-1,0,0.999931471,NA,NA,70.000000000,MEASURED_CPU_FAULT,CPU;INTERVAL_FAULTS,NA,NA,NA,NA,NA,NA,NA,NA,NA,NA,NA,NA,NA,NA,NA,NA,NA,NA,NA,NA,NA,NA,NA,TARGET_GONE,identity no longer active
2026-10-02T16:06:07Z,APP_22001_3033686,22001,3033686,26,2587,194.360,0,0,-1,-1,0,0.999931471,NA,NA,70.000000000,MEASURED_CPU_FAULT,CPU;INTERVAL_FAULTS,NA,NA,NA,NA,NA,NA,NA,NA,NA,NA,NA,NA,NA,NA,NA,NA,NA,NA,NA,NA,NA,NA,NA,TARGET_GONE,identity no longer active
2026-10-02T16:06:07Z,APP_22001_3033686,22001,3033686,26,2588,205.210,0,0,-1,-1,0,0.999931471,NA,NA,70.000000000,MEASURED_CPU_FAULT,CPU;INTERVAL_FAULTS,NA,NA,NA,NA,NA,NA,NA,NA,NA,NA,NA,NA,NA,NA,NA,NA,NA,NA,NA,NA,NA,NA,NA,TARGET_GONE,identity no longer active
2026-10-02T16:06:07Z,APP_22001_3033686,22001,3033686,26,2589,191.904,0,0,-1,-1,0,0.999931471,NA,NA,70.000000000,MEASURED_CPU_FAULT,CPU;INTERVAL_FAULTS,NA,NA,NA,NA,NA,NA,NA,NA,NA,NA,NA,NA,NA,NA,NA,NA,NA,NA,NA,NA,NA,NA,NA,TARGET_GONE,identity no longer active
2026-10-02T16:06:07Z,APP_22001_3033686,22001,3033686,26,2590,202.639,0,0,-1,-1,0,0.999931471,NA,NA,70.000000000,MEASURED_CPU_FAULT,CPU;INTERVAL_FAULTS,NA,NA,NA,NA,NA,NA,NA,NA,NA,NA,NA,NA,NA,NA,NA,NA,NA,NA,NA,NA,NA,NA,NA,TARGET_GONE,identity no longer active
2026-10-02T16:06:07Z,APP_22001_3033686,22001,3033686,26,2591,201.802,0,0,-1,-1,0,0.999931471,NA,NA,70.000000000,MEASURED_CPU_FAULT,CPU;INTERVAL_FAULTS,NA,NA,NA,NA,NA,NA,NA,NA,NA,NA,NA,NA,NA,NA,NA,NA,NA,NA,NA,NA,NA,NA,NA,TARGET_GONE,identity no longer active
2026-10-02T16:06:07Z,APP_22001_3033686,22001,3033686,26,2592,196.923,0,0,-1,-1,0,0.999931471,NA,NA,70.000000000,MEASURED_CPU_FAULT,CPU;INTERVAL_FAULTS,NA,NA,NA,NA,NA,NA,NA,NA,NA,NA,NA,NA,NA,NA,NA,NA,NA,NA,NA,NA,NA,NA,NA,TARGET_GONE,identity no longer active
2026-10-02T16:06:07Z,APP_22001_3033686,22001,3033686,26,2593,204.800,0,0,-1,-1,0,0.999931471,NA,NA,70.000000000,MEASURED_CPU_FAULT,CPU;INTERVAL_FAULTS,NA,NA,NA,NA,NA,NA,NA,NA,NA,NA,NA,NA,NA,NA,NA,NA,NA,NA,NA,NA,NA,NA,NA,TARGET_GONE,identity no longer active
2026-10-02T16:06:07Z,APP_22001_3033686,22001,3033686,26,2594,201.499,0,0,-1,-1,0,0.999931471,NA,NA,70.000000000,MEASURED_CPU_FAULT,CPU;INTERVAL_FAULTS,NA,NA,NA,NA,NA,NA,NA,NA,NA,NA,NA,NA,NA,NA,NA,NA,NA,NA,NA,NA,NA,NA,NA,TARGET_GONE,identity no longer active
2026-10-02T16:06:07Z,APP_22001_3033686,22001,3033686,26,2595,202.639,0,0,-1,-1,0,0.999931471,NA,NA,70.000000000,MEASURED_CPU_FAULT,CPU;INTERVAL_FAULTS,NA,NA,NA,NA,NA,NA,NA,NA,NA,NA,NA,NA,NA,NA,NA,NA,NA,NA,NA,NA,NA,NA,NA,TARGET_GONE,identity no longer active
2026-10-02T16:06:08Z,APP_22001_3033686,22001,3033686,26,2596,201.802,0,0,-1,-1,0,0.999931471,NA,NA,70.000000000,MEASURED_CPU_FAULT,CPU;INTERVAL_FAULTS,NA,NA,NA,NA,NA,NA,NA,NA,NA,NA,NA,NA,NA,NA,NA,NA,NA,NA,NA,NA,NA,NA,NA,TARGET_GONE,identity no longer active
2026-10-02T16:06:08Z,APP_22001_3033686,22001,3033686,26,2597,200.866,0,0,-1,-1,0,0.999931471,NA,NA,70.000000000,MEASURED_CPU_FAULT,CPU;INTERVAL_FAULTS,NA,NA,NA,NA,NA,NA,NA,NA,NA,NA,NA,NA,NA,NA,NA,NA,NA,NA,NA,NA,NA,NA,NA,TARGET_GONE,identity no longer active
2026-10-02T16:06:08Z,APP_22001_3033686,22001,3033686,26,2598,192.192,0,0,-1,-1,0,0.999931471,NA,NA,70.000000000,MEASURED_CPU_FAULT,CPU;INTERVAL_FAULTS,NA,NA,NA,NA,NA,NA,NA,NA,NA,NA,NA,NA,NA,NA,NA,NA,NA,NA,NA,NA,NA,NA,NA,TARGET_GONE,identity no longer active
2026-10-02T16:06:08Z,APP_22001_3033686,22001,3033686,26,2599,201.083,0,0,-1,-1,0,0.999931471,NA,NA,70.000000000,MEASURED_CPU_FAULT,CPU;INTERVAL_FAULTS,NA,NA,NA,NA,NA,NA,NA,NA,NA,NA,NA,NA,NA,NA,NA,NA,NA,NA,NA,NA,NA,NA,NA,TARGET_GONE,identity no longer active
2026-10-02T16:06:08Z,APP_22001_3033686,22001,3033686,26,2600,192.000,0,0,-1,-1,0,0.999931471,NA,NA,70.000000000,MEASURED_CPU_FAULT,CPU;INTERVAL_FAULTS,NA,NA,NA,NA,NA,NA,NA,NA,NA,NA,NA,NA,NA,NA,NA,NA,NA,NA,NA,NA,NA,NA,NA,TARGET_GONE,identity no longer active
2026-10-02T16:06:08Z,APP_22001_3033686,22001,3033686,26,2601,201.117,0,0,-1,-1,0,0.999931471,NA,NA,70.000000000,MEASURED_CPU_FAULT,CPU;INTERVAL_FAULTS,NA,NA,NA,NA,NA,NA,NA,NA,NA,NA,NA,NA,NA,NA,NA,NA,NA,NA,NA,NA,NA,NA,NA,TARGET_GONE,identity no longer active
2026-10-02T16:06:08Z,APP_22001_3033686,22001,3033686,26,2602,204.391,0,0,-1,-1,0,0.999931471,NA,NA,70.000000000,MEASURED_CPU_FAULT,CPU;INTERVAL_FAULTS,NA,NA,NA,NA,NA,NA,NA,NA,NA,NA,NA,NA,NA,NA,NA,NA,NA,NA,NA,NA,NA,NA,NA,TARGET_GONE,identity no longer active
2026-10-02T16:06:08Z,APP_22001_3033686,22001,3033686,26,2603,201.802,0,0,-1,-1,0,0.999931471,NA,NA,70.000000000,MEASURED_CPU_FAULT,CPU;INTERVAL_FAULTS,NA,NA,NA,NA,NA,NA,NA,NA,NA,NA,NA,NA,NA,NA,NA,NA,NA,NA,NA,NA,NA,NA,NA,TARGET_GONE,identity no longer active
2026-10-02T16:06:09Z,APP_22001_3033686,22001,3033686,26,2604,202.906,0,0,-1,-1,0,0.999931471,NA,NA,70.000000000,MEASURED_CPU_FAULT,CPU;INTERVAL_FAULTS,NA,NA,NA,NA,NA,NA,NA,NA,NA,NA,NA,NA,NA,NA,NA,NA,NA,NA,NA,NA,NA,NA,NA,TARGET_GONE,identity no longer active
2026-10-02T16:06:09Z,APP_22001_3033686,22001,3033686,26,2605,201.802,0,0,-1,-1,0,0.999931471,NA,NA,70.000000000,MEASURED_CPU_FAULT,CPU;INTERVAL_FAULTS,NA,NA,NA,NA,NA,NA,NA,NA,NA,NA,NA,NA,NA,NA,NA,NA,NA,NA,NA,NA,NA,NA,NA,TARGET_GONE,identity no longer active
2026-10-02T16:06:09Z,APP_22001_3033686,22001,3033686,26,2606,201.083,0,0,-1,-1,0,0.999931471,NA,NA,70.000000000,MEASURED_CPU_FAULT,CPU;INTERVAL_FAULTS,NA,NA,NA,NA,NA,NA,NA,NA,NA,NA,NA,NA,NA,NA,NA,NA,NA,NA,NA,NA,NA,NA,NA,TARGET_GONE,identity no longer active
2026-10-02T16:06:09Z,APP_22001_3033686,22001,3033686,26,2607,192.481,0,0,-1,-1,0,0.999931471,NA,NA,70.000000000,MEASURED_CPU_FAULT,CPU;INTERVAL_FAULTS,NA,NA,NA,NA,NA,NA,NA,NA,NA,NA,NA,NA,NA,NA,NA,NA,NA,NA,NA,NA,NA,NA,NA,TARGET_GONE,identity no longer active
2026-10-02T16:06:09Z,APP_22001_3033686,22001,3033686,26,2608,201.083,0,0,-1,-1,0,0.999931471,NA,NA,70.000000000,MEASURED_CPU_FAULT,CPU;INTERVAL_FAULTS,NA,NA,NA,NA,NA,NA,NA,NA,NA,NA,NA,NA,NA,NA,NA,NA,NA,NA,NA,NA,NA,NA,NA,TARGET_GONE,identity no longer active
2026-10-02T16:06:09Z,APP_22001_3033686,22001,3033686,26,2609,192.000,0,0,-1,-1,0,0.999931471,NA,NA,70.000000000,MEASURED_CPU_FAULT,CPU;INTERVAL_FAULTS,NA,NA,NA,NA,NA,NA,NA,NA,NA,NA,NA,NA,NA,NA,NA,NA,NA,NA,NA,NA,NA,NA,NA,TARGET_GONE,identity no longer active
2026-10-02T16:06:09Z,APP_22001_3033686,22001,3033686,26,2610,200.557,0,0,-1,-1,0,0.999931471,NA,NA,70.000000000,MEASURED_CPU_FAULT,CPU;INTERVAL_FAULTS,NA,NA,NA,NA,NA,NA,NA,NA,NA,NA,NA,NA,NA,NA,NA,NA,NA,NA,NA,NA,NA,NA,NA,TARGET_GONE,identity no longer active
2026-10-02T16:06:09Z,APP_22001_3033686,22001,3033686,26,2611,204.391,0,0,-1,-1,0,0.999931471,NA,NA,70.000000000,MEASURED_CPU_FAULT,CPU;INTERVAL_FAULTS,NA,NA,NA,NA,NA,NA,NA,NA,NA,NA,NA,NA,NA,NA,NA,NA,NA,NA,NA,NA,NA,NA,NA,TARGET_GONE,identity no longer active
2026-10-02T16:06:10Z,APP_22001_3033686,22001,3033686,26,2612,201.499,0,0,-1,-1,0,0.999931471,NA,NA,70.000000000,MEASURED_CPU_FAULT,CPU;INTERVAL_FAULTS,NA,NA,NA,NA,NA,NA,NA,NA,NA,NA,NA,NA,NA,NA,NA,NA,NA,NA,NA,NA,NA,NA,NA,TARGET_GONE,identity no longer active
2026-10-02T16:06:10Z,APP_22001_3033686,22001,3033686,26,2613,202.906,0,0,-1,-1,0,0.999931471,NA,NA,70.000000000,MEASURED_CPU_FAULT,CPU;INTERVAL_FAULTS,NA,NA,NA,NA,NA,NA,NA,NA,NA,NA,NA,NA,NA,NA,NA,NA,NA,NA,NA,NA,NA,NA,NA,TARGET_GONE,identity no longer active
2026-10-02T16:06:10Z,APP_22001_3033686,22001,3033686,26,2614,201.802,0,0,-1,-1,0,0.999931471,NA,NA,70.000000000,MEASURED_CPU_FAULT,CPU;INTERVAL_FAULTS,NA,NA,NA,NA,NA,NA,NA,NA,NA,NA,NA,NA,NA,NA,NA,NA,NA,NA,NA,NA,NA,NA,NA,TARGET_GONE,identity no longer active
2026-10-02T16:06:10Z,APP_22001_3033686,22001,3033686,26,2615,201.083,0,0,-1,-1,0,0.999931471,NA,NA,70.000000000,MEASURED_CPU_FAULT,CPU;INTERVAL_FAULTS,NA,NA,NA,NA,NA,NA,NA,NA,NA,NA,NA,NA,NA,NA,NA,NA,NA,NA,NA,NA,NA,NA,NA,TARGET_GONE,identity no longer active
2026-10-02T16:06:10Z,APP_22001_3033686,22001,3033686,26,2616,191.904,0,0,-1,-1,0,0.999931471,NA,NA,70.000000000,MEASURED_CPU_FAULT,CPU;INTERVAL_FAULTS,NA,NA,NA,NA,NA,NA,NA,NA,NA,NA,NA,NA,NA,NA,NA,NA,NA,NA,NA,NA,NA,NA,NA,TARGET_GONE,identity no longer active
2026-10-02T16:06:10Z,APP_22001_3033686,22001,3033686,26,2617,201.083,0,0,-1,-1,0,0.999931471,NA,NA,70.000000000,MEASURED_CPU_FAULT,CPU;INTERVAL_FAULTS,NA,NA,NA,NA,NA,NA,NA,NA,NA,NA,NA,NA,NA,NA,NA,NA,NA,NA,NA,NA,NA,NA,NA,TARGET_GONE,identity no longer active
2026-10-02T16:06:10Z,APP_22001_3033686,22001,3033686,26,2618,192.771,0,0,-1,-1,0,0.999931471,NA,NA,70.000000000,MEASURED_CPU_FAULT,CPU;INTERVAL_FAULTS,NA,NA,NA,NA,NA,NA,NA,NA,NA,NA,NA,NA,NA,NA,NA,NA,NA,NA,NA,NA,NA,NA,NA,TARGET_GONE,identity no longer active
2026-10-02T16:06:10Z,APP_22001_3033686,22001,3033686,26,2619,203.109,0,0,-1,-1,0,0.999931471,NA,NA,70.000000000,MEASURED_CPU_FAULT,CPU;INTERVAL_FAULTS,NA,NA,NA,NA,NA,NA,NA,NA,NA,NA,NA,NA,NA,NA,NA,NA,NA,NA,NA,NA,NA,NA,NA,TARGET_GONE,identity no longer active
2026-10-02T16:06:11Z,APP_22001_3033686,22001,3033686,26,2620,192.000,0,0,-1,-1,0,0.999931471,NA,NA,70.000000000,MEASURED_CPU_FAULT,CPU;INTERVAL_FAULTS,NA,NA,NA,NA,NA,NA,NA,NA,NA,NA,NA,NA,NA,NA,NA,NA,NA,NA,NA,NA,NA,NA,NA,TARGET_GONE,identity no longer active
2026-10-02T16:06:11Z,APP_22001_3033686,22001,3033686,26,2621,201.802,0,0,-1,-1,0,0.999931471,NA,NA,70.000000000,MEASURED_CPU_FAULT,CPU;INTERVAL_FAULTS,NA,NA,NA,NA,NA,NA,NA,NA,NA,NA,NA,NA,NA,NA,NA,NA,NA,NA,NA,NA,NA,NA,NA,TARGET_GONE,identity no longer active
2026-10-02T16:06:11Z,APP_22001_3033686,22001,3033686,26,2622,204.082,0,0,-1,-1,0,0.999931471,NA,NA,70.000000000,MEASURED_CPU_FAULT,CPU;INTERVAL_FAULTS,NA,NA,NA,NA,NA,NA,NA,NA,NA,NA,NA,NA,NA,NA,NA,NA,NA,NA,NA,NA,NA,NA,NA,TARGET_GONE,identity no longer active
2026-10-02T16:06:11Z,APP_22001_3033686,22001,3033686,26,2623,201.802,0,0,-1,-1,0,0.999931471,NA,NA,70.000000000,MEASURED_CPU_FAULT,CPU;INTERVAL_FAULTS,NA,NA,NA,NA,NA,NA,NA,NA,NA,NA,NA,NA,NA,NA,NA,NA,NA,NA,NA,NA,NA,NA,NA,TARGET_GONE,identity no longer active
2026-10-02T16:06:11Z,APP_22001_3033686,22001,3033686,26,2624,194.967,0,0,-1,-1,0,0.999931471,NA,NA,70.000000000,MEASURED_CPU_FAULT,CPU;INTERVAL_FAULTS,NA,NA,NA,NA,NA,NA,NA,NA,NA,NA,NA,NA,NA,NA,NA,NA,NA,NA,NA,NA,NA,NA,NA,TARGET_GONE,identity no longer active
2026-10-02T16:06:11Z,APP_22001_3033686,22001,3033686,26,2625,210.463,0,0,-1,-1,0,0.999931471,NA,NA,70.000000000,MEASURED_CPU_FAULT,CPU;INTERVAL_FAULTS,NA,NA,NA,NA,NA,NA,NA,NA,NA,NA,NA,NA,NA,NA,NA,NA,NA,NA,NA,NA,NA,NA,NA,TARGET_GONE,identity no longer active
2026-10-02T16:06:11Z,APP_22001_3033686,22001,3033686,26,2626,195.163,0,0,-1,-1,0,0.999931471,NA,NA,70.000000000,MEASURED_CPU_FAULT,CPU;INTERVAL_FAULTS,NA,NA,NA,NA,NA,NA,NA,NA,NA,NA,NA,NA,NA,NA,NA,NA,NA,NA,NA,NA,NA,NA,NA,TARGET_GONE,identity no longer active
2026-10-02T16:06:11Z,APP_22001_3033686,22001,3033686,26,2627,192.000,0,0,-1,-1,0,0.999931471,NA,NA,70.000000000,MEASURED_CPU_FAULT,CPU;INTERVAL_FAULTS,NA,NA,NA,NA,NA,NA,NA,NA,NA,NA,NA,NA,NA,NA,NA,NA,NA,NA,NA,NA,NA,NA,NA,TARGET_GONE,identity no longer active
2026-10-02T16:06:12Z,APP_22001_3033686,22001,3033686,26,2628,200.261,0,0,-1,-1,0,0.999931471,NA,NA,70.000000000,MEASURED_CPU_FAULT,CPU;INTERVAL_FAULTS,NA,NA,NA,NA,NA,NA,NA,NA,NA,NA,NA,NA,NA,NA,NA,NA,NA,NA,NA,NA,NA,NA,NA,TARGET_GONE,identity no longer active
2026-10-02T16:06:12Z,APP_22001_3033686,22001,3033686,26,2629,210.778,0,0,-1,-1,0,0.999931471,NA,NA,70.000000000,MEASURED_CPU_FAULT,CPU;INTERVAL_FAULTS,NA,NA,NA,NA,NA,NA,NA,NA,NA,NA,NA,NA,NA,NA,NA,NA,NA,NA,NA,NA,NA,NA,NA,TARGET_GONE,identity no longer active
2026-10-02T16:06:12Z,APP_22001_3033686,22001,3033686,26,2630,192.192,0,0,-1,-1,0,0.999931471,NA,NA,70.000000000,MEASURED_CPU_FAULT,CPU;INTERVAL_FAULTS,NA,NA,NA,NA,NA,NA,NA,NA,NA,NA,NA,NA,NA,NA,NA,NA,NA,NA,NA,NA,NA,NA,NA,TARGET_GONE,identity no longer active
2026-10-02T16:06:12Z,APP_22001_3033686,22001,3033686,26,2631,203.562,0,0,-1,-1,0,0.999931471,NA,NA,70.000000000,MEASURED_CPU_FAULT,CPU;INTERVAL_FAULTS,NA,NA,NA,NA,NA,NA,NA,NA,NA,NA,NA,NA,NA,NA,NA,NA,NA,NA,NA,NA,NA,NA,NA,TARGET_GONE,identity no longer active
2026-10-02T16:06:12Z,APP_22001_3033686,22001,3033686,26,2632,201.802,0,0,-1,-1,0,0.999931471,NA,NA,70.000000000,MEASURED_CPU_FAULT,CPU;INTERVAL_FAULTS,NA,NA,NA,NA,NA,NA,NA,NA,NA,NA,NA,NA,NA,NA,NA,NA,NA,NA,NA,NA,NA,NA,NA,TARGET_GONE,identity no longer active
2026-10-02T16:06:12Z,APP_22001_3033686,22001,3033686,26,2633,201.893,0,0,-1,-1,0,0.999931471,NA,NA,70.000000000,MEASURED_CPU_FAULT,CPU;INTERVAL_FAULTS,NA,NA,NA,NA,NA,NA,NA,NA,NA,NA,NA,NA,NA,NA,NA,NA,NA,NA,NA,NA,NA,NA,NA,TARGET_GONE,identity no longer active
2026-10-02T16:06:12Z,APP_22001_3033686,22001,3033686,26,2634,191.617,0,0,-1,-1,0,0.999931471,NA,NA,70.000000000,MEASURED_CPU_FAULT,CPU;INTERVAL_FAULTS,NA,NA,NA,NA,NA,NA,NA,NA,NA,NA,NA,NA,NA,NA,NA,NA,NA,NA,NA,NA,NA,NA,NA,TARGET_GONE,identity no longer active
2026-10-02T16:06:12Z,APP_22001_3033686,22001,3033686,26,2635,201.893,0,0,-1,-1,0,0.999931471,NA,NA,70.000000000,MEASURED_CPU_FAULT,CPU;INTERVAL_FAULTS,NA,NA,NA,NA,NA,NA,NA,NA,NA,NA,NA,NA,NA,NA,NA,NA,NA,NA,NA,NA,NA,NA,NA,TARGET_GONE,identity no longer active
2026-10-02T16:06:12Z,APP_22001_3033686,22001,3033686,26,2636,201.499,0,0,-1,-1,0,0.999931471,NA,NA,70.000000000,MEASURED_CPU_FAULT,CPU;INTERVAL_FAULTS,NA,NA,NA,NA,NA,NA,NA,NA,NA,NA,NA,NA,NA,NA,NA,NA,NA,NA,NA,NA,NA,NA,NA,TARGET_GONE,identity no longer active
2026-10-02T16:06:13Z,APP_22001_3033686,22001,3033686,26,2637,197.666,0,0,-1,-1,0,0.999931471,NA,NA,70.000000000,MEASURED_CPU_FAULT,CPU;INTERVAL_FAULTS,NA,NA,NA,NA,NA,NA,NA,NA,NA,NA,NA,NA,NA,NA,NA,NA,NA,NA,NA,NA,NA,NA,NA,TARGET_GONE,identity no longer active
2026-10-02T16:06:13Z,APP_22001_3033686,22001,3033686,26,2638,211.411,0,0,-1,-1,0,0.999931471,NA,NA,70.000000000,MEASURED_CPU_FAULT,CPU;INTERVAL_FAULTS,NA,NA,NA,NA,NA,NA,NA,NA,NA,NA,NA,NA,NA,NA,NA,NA,NA,NA,NA,NA,NA,NA,NA,TARGET_GONE,identity no longer active
2026-10-02T16:06:13Z,APP_22001_3033686,22001,3033686,26,2639,200.897,0,0,-1,-1,0,0.999931471,NA,NA,70.000000000,MEASURED_CPU_FAULT,CPU;INTERVAL_FAULTS,NA,NA,NA,NA,NA,NA,NA,NA,NA,NA,NA,NA,NA,NA,NA,NA,NA,NA,NA,NA,NA,NA,NA,TARGET_GONE,identity no longer active
2026-10-02T16:06:13Z,APP_22001_3033686,22001,3033686,26,2640,195.918,0,0,-1,-1,0,0.999931471,NA,NA,70.000000000,MEASURED_CPU_FAULT,CPU;INTERVAL_FAULTS,NA,NA,NA,NA,NA,NA,NA,NA,NA,NA,NA,NA,NA,NA,NA,NA,NA,NA,NA,NA,NA,NA,NA,TARGET_GONE,identity no longer active
2026-10-02T16:06:13Z,APP_22001_3033686,22001,3033686,26,2641,201.802,0,0,-1,-1,0,0.999931471,NA,NA,70.000000000,MEASURED_CPU_FAULT,CPU;INTERVAL_FAULTS,NA,NA,NA,NA,NA,NA,NA,NA,NA,NA,NA,NA,NA,NA,NA,NA,NA,NA,NA,NA,NA,NA,NA,TARGET_GONE,identity no longer active
2026-10-02T16:06:13Z,APP_22001_3033686,22001,3033686,26,2642,201.893,0,0,-1,-1,0,0.999931471,NA,NA,70.000000000,MEASURED_CPU_FAULT,CPU;INTERVAL_FAULTS,NA,NA,NA,NA,NA,NA,NA,NA,NA,NA,NA,NA,NA,NA,NA,NA,NA,NA,NA,NA,NA,NA,NA,TARGET_GONE,identity no longer active
2026-10-02T16:06:13Z,APP_22001_3033686,22001,3033686,26,2643,201.198,0,0,-1,-1,0,0.999931471,NA,NA,70.000000000,MEASURED_CPU_FAULT,CPU;INTERVAL_FAULTS,NA,NA,NA,NA,NA,NA,NA,NA,NA,NA,NA,NA,NA,NA,NA,NA,NA,NA,NA,NA,NA,NA,NA,TARGET_GONE,identity no longer active
2026-10-02T16:06:13Z,APP_22001_3033686,22001,3033686,26,2644,201.681,0,0,-1,-1,0,0.999931471,NA,NA,70.000000000,MEASURED_CPU_FAULT,CPU;INTERVAL_FAULTS,NA,NA,NA,NA,NA,NA,NA,NA,NA,NA,NA,NA,NA,NA,NA,NA,NA,NA,NA,NA,NA,NA,NA,TARGET_GONE,identity no longer active
2026-10-02T16:06:14Z,APP_22001_3033686,22001,3033686,26,2645,201.499,0,0,-1,-1,0,0.999931471,NA,NA,70.000000000,MEASURED_CPU_FAULT,CPU;INTERVAL_FAULTS,NA,NA,NA,NA,NA,NA,NA,NA,NA,NA,NA,NA,NA,NA,NA,NA,NA,NA,NA,NA,NA,NA,NA,TARGET_GONE,identity no longer active
2026-10-02T16:06:14Z,APP_22001_3033686,22001,3033686,26,2646,197.531,0,0,-1,-1,0,0.999931471,NA,NA,70.000000000,MEASURED_CPU_FAULT,CPU;INTERVAL_FAULTS,NA,NA,NA,NA,NA,NA,NA,NA,NA,NA,NA,NA,NA,NA,NA,NA,NA,NA,NA,NA,NA,NA,NA,TARGET_GONE,identity no longer active
2026-10-02T16:06:14Z,APP_22001_3033686,22001,3033686,26,2647,210.778,0,0,-1,-1,0,0.999931471,NA,NA,70.000000000,MEASURED_CPU_FAULT,CPU;INTERVAL_FAULTS,NA,NA,NA,NA,NA,NA,NA,NA,NA,NA,NA,NA,NA,NA,NA,NA,NA,NA,NA,NA,NA,NA,NA,TARGET_GONE,identity no longer active
2026-10-02T16:06:14Z,APP_22001_3033686,22001,3033686,26,2648,201.802,0,0,-1,-1,0,0.999931471,NA,NA,70.000000000,MEASURED_CPU_FAULT,CPU;INTERVAL_FAULTS,NA,NA,NA,NA,NA,NA,NA,NA,NA,NA,NA,NA,NA,NA,NA,NA,NA,NA,NA,NA,NA,NA,NA,TARGET_GONE,identity no longer active
2026-10-02T16:06:14Z,APP_22001_3033686,22001,3033686,26,2649,195.420,0,0,-1,-1,0,0.999931471,NA,NA,70.000000000,MEASURED_CPU_FAULT,CPU;INTERVAL_FAULTS,NA,NA,NA,NA,NA,NA,NA,NA,NA,NA,NA,NA,NA,NA,NA,NA,NA,NA,NA,NA,NA,NA,NA,TARGET_GONE,identity no longer active
2026-10-02T16:06:14Z,APP_22001_3033686,22001,3033686,26,2650,201.499,0,0,-1,-1,0,0.999931471,NA,NA,70.000000000,MEASURED_CPU_FAULT,CPU;INTERVAL_FAULTS,NA,NA,NA,NA,NA,NA,NA,NA,NA,NA,NA,NA,NA,NA,NA,NA,NA,NA,NA,NA,NA,NA,NA,TARGET_GONE,identity no longer active
2026-10-02T16:06:14Z,APP_22001_3033686,22001,3033686,26,2651,201.893,0,0,-1,-1,0,0.999931471,NA,NA,70.000000000,MEASURED_CPU_FAULT,CPU;INTERVAL_FAULTS,NA,NA,NA,NA,NA,NA,NA,NA,NA,NA,NA,NA,NA,NA,NA,NA,NA,NA,NA,NA,NA,NA,NA,TARGET_GONE,identity no longer active
2026-10-02T16:06:14Z,APP_22001_3033686,22001,3033686,26,2652,201.499,0,0,-1,-1,0,0.999931471,NA,NA,70.000000000,MEASURED_CPU_FAULT,CPU;INTERVAL_FAULTS,NA,NA,NA,NA,NA,NA,NA,NA,NA,NA,NA,NA,NA,NA,NA,NA,NA,NA,NA,NA,NA,NA,NA,TARGET_GONE,identity no longer active
2026-10-02T16:06:15Z,APP_22001_3033686,22001,3033686,26,2653,194.753,0,0,-1,-1,0,0.999931471,NA,NA,70.000000000,MEASURED_CPU_FAULT,CPU;INTERVAL_FAULTS,NA,NA,NA,NA,NA,NA,NA,NA,NA,NA,NA,NA,NA,NA,NA,NA,NA,NA,NA,NA,NA,NA,NA,TARGET_GONE,identity no longer active
2026-10-02T16:06:15Z,APP_22001_3033686,22001,3033686,26,2654,201.499,0,0,-1,-1,0,0.999931471,NA,NA,70.000000000,MEASURED_CPU_FAULT,CPU;INTERVAL_FAULTS,NA,NA,NA,NA,NA,NA,NA,NA,NA,NA,NA,NA,NA,NA,NA,NA,NA,NA,NA,NA,NA,NA,NA,TARGET_GONE,identity no longer active
2026-10-02T16:06:15Z,APP_22001_3033686,22001,3033686,26,2655,202.895,0,0,-1,-1,0,0.999931471,NA,NA,70.000000000,MEASURED_CPU_FAULT,CPU;INTERVAL_FAULTS,NA,NA,NA,NA,NA,NA,NA,NA,NA,NA,NA,NA,NA,NA,NA,NA,NA,NA,NA,NA,NA,NA,NA,TARGET_GONE,identity no longer active
2026-10-02T16:06:15Z,APP_22001_3033686,22001,3033686,26,2656,191.617,0,0,-1,-1,0,0.999931471,NA,NA,70.000000000,MEASURED_CPU_FAULT,CPU;INTERVAL_FAULTS,NA,NA,NA,NA,NA,NA,NA,NA,NA,NA,NA,NA,NA,NA,NA,NA,NA,NA,NA,NA,NA,NA,NA,TARGET_GONE,identity no longer active
2026-10-02T16:06:15Z,APP_22001_3033686,22001,3033686,26,2657,201.802,0,0,-1,-1,0,0.999931471,NA,NA,70.000000000,MEASURED_CPU_FAULT,CPU;INTERVAL_FAULTS,NA,NA,NA,NA,NA,NA,NA,NA,NA,NA,NA,NA,NA,NA,NA,NA,NA,NA,NA,NA,NA,NA,NA,TARGET_GONE,identity no longer active
2026-10-02T16:06:15Z,APP_22001_3033686,22001,3033686,26,2658,203.822,0,0,-1,-1,0,0.999931471,NA,NA,70.000000000,MEASURED_CPU_FAULT,CPU;INTERVAL_FAULTS,NA,NA,NA,NA,NA,NA,NA,NA,NA,NA,NA,NA,NA,NA,NA,NA,NA,NA,NA,NA,NA,NA,NA,TARGET_GONE,identity no longer active
2026-10-02T16:06:15Z,APP_22001_3033686,22001,3033686,26,2659,192.192,0,0,-1,-1,0,0.999931471,NA,NA,70.000000000,MEASURED_CPU_FAULT,CPU;INTERVAL_FAULTS,NA,NA,NA,NA,NA,NA,NA,NA,NA,NA,NA,NA,NA,NA,NA,NA,NA,NA,NA,NA,NA,NA,NA,TARGET_GONE,identity no longer active
2026-10-02T16:06:15Z,APP_22001_3033686,22001,3033686,26,2660,201.681,0,0,-1,-1,0,0.999931471,NA,NA,70.000000000,MEASURED_CPU_FAULT,CPU;INTERVAL_FAULTS,NA,NA,NA,NA,NA,NA,NA,NA,NA,NA,NA,NA,NA,NA,NA,NA,NA,NA,NA,NA,NA,NA,NA,TARGET_GONE,identity no longer active
2026-10-02T16:06:16Z,APP_22001_3033686,22001,3033686,26,2661,201.499,0,0,-1,-1,0,0.999931471,NA,NA,70.000000000,MEASURED_CPU_FAULT,CPU;INTERVAL_FAULTS,NA,NA,NA,NA,NA,NA,NA,NA,NA,NA,NA,NA,NA,NA,NA,NA,NA,NA,NA,NA,NA,NA,NA,TARGET_GONE,identity no longer active
2026-10-02T16:06:16Z,APP_22001_3033686,22001,3033686,26,2662,200.810,0,0,-1,-1,0,0.999931471,NA,NA,70.000000000,MEASURED_CPU_FAULT,CPU;INTERVAL_FAULTS,NA,NA,NA,NA,NA,NA,NA,NA,NA,NA,NA,NA,NA,NA,NA,NA,NA,NA,NA,NA,NA,NA,NA,TARGET_GONE,identity no longer active
2026-10-02T16:06:16Z,APP_22001_3033686,22001,3033686,26,2663,201.198,0,0,-1,-1,0,0.999931471,NA,NA,70.000000000,MEASURED_CPU_FAULT,CPU;INTERVAL_FAULTS,NA,NA,NA,NA,NA,NA,NA,NA,NA,NA,NA,NA,NA,NA,NA,NA,NA,NA,NA,NA,NA,NA,NA,TARGET_GONE,identity no longer active
2026-10-02T16:06:16Z,APP_22001_3033686,22001,3033686,26,2664,199.146,0,0,-1,-1,0,0.999931471,NA,NA,70.000000000,MEASURED_CPU_FAULT,CPU;INTERVAL_FAULTS,NA,NA,NA,NA,NA,NA,NA,NA,NA,NA,NA,NA,NA,NA,NA,NA,NA,NA,NA,NA,NA,NA,NA,TARGET_GONE,identity no longer active
2026-10-02T16:06:16Z,APP_22001_3033686,22001,3033686,26,2665,192.192,0,0,-1,-1,0,0.999931471,NA,NA,70.000000000,MEASURED_CPU_FAULT,CPU;INTERVAL_FAULTS,NA,NA,NA,NA,NA,NA,NA,NA,NA,NA,NA,NA,NA,NA,NA,NA,NA,NA,NA,NA,NA,NA,NA,TARGET_GONE,identity no longer active
2026-10-02T16:06:16Z,APP_22001_3033686,22001,3033686,26,2666,201.802,0,0,-1,-1,0,0.999931471,NA,NA,70.000000000,MEASURED_CPU_FAULT,CPU;INTERVAL_FAULTS,NA,NA,NA,NA,NA,NA,NA,NA,NA,NA,NA,NA,NA,NA,NA,NA,NA,NA,NA,NA,NA,NA,NA,TARGET_GONE,identity no longer active
2026-10-02T16:06:16Z,APP_22001_3033686,22001,3033686,26,2667,197.574,0,0,-1,-1,0,0.999931471,NA,NA,70.000000000,MEASURED_CPU_FAULT,CPU;INTERVAL_FAULTS,NA,NA,NA,NA,NA,NA,NA,NA,NA,NA,NA,NA,NA,NA,NA,NA,NA,NA,NA,NA,NA,NA,NA,TARGET_GONE,identity no longer active
2026-10-02T16:06:16Z,APP_22001_3033686,22001,3033686,26,2668,201.499,0,0,-1,-1,0,0.999931471,NA,NA,70.000000000,MEASURED_CPU_FAULT,CPU;INTERVAL_FAULTS,NA,NA,NA,NA,NA,NA,NA,NA,NA,NA,NA,NA,NA,NA,NA,NA,NA,NA,NA,NA,NA,NA,NA,TARGET_GONE,identity no longer active
2026-10-02T16:06:17Z,APP_22001_3033686,22001,3033686,26,2669,202.985,0,0,-1,-1,0,0.999931471,NA,NA,70.000000000,MEASURED_CPU_FAULT,CPU;INTERVAL_FAULTS,NA,NA,NA,NA,NA,NA,NA,NA,NA,NA,NA,NA,NA,NA,NA,NA,NA,NA,NA,NA,NA,NA,NA,TARGET_GONE,identity no longer active
2026-10-02T16:06:17Z,APP_22001_3033686,22001,3033686,26,2670,191.617,0,0,-1,-1,0,0.999931471,NA,NA,70.000000000,MEASURED_CPU_FAULT,CPU;INTERVAL_FAULTS,NA,NA,NA,NA,NA,NA,NA,NA,NA,NA,NA,NA,NA,NA,NA,NA,NA,NA,NA,NA,NA,NA,NA,TARGET_GONE,identity no longer active
2026-10-02T16:06:17Z,APP_22001_3033686,22001,3033686,26,2671,202.607,0,0,-1,-1,0,0.999931471,NA,NA,70.000000000,MEASURED_CPU_FAULT,CPU;INTERVAL_FAULTS,NA,NA,NA,NA,NA,NA,NA,NA,NA,NA,NA,NA,NA,NA,NA,NA,NA,NA,NA,NA,NA,NA,NA,TARGET_GONE,identity no longer active
2026-10-02T16:06:17Z,APP_22001_3033686,22001,3033686,26,2672,200.104,0,0,-1,-1,0,0.999931471,NA,NA,70.000000000,MEASURED_CPU_FAULT,CPU;INTERVAL_FAULTS,NA,NA,NA,NA,NA,NA,NA,NA,NA,NA,NA,NA,NA,NA,NA,NA,NA,NA,NA,NA,NA,NA,NA,TARGET_GONE,identity no longer active
2026-10-02T16:06:17Z,APP_22001_3033686,22001,3033686,26,2673,191.617,0,0,-1,-1,0,0.999931471,NA,NA,70.000000000,MEASURED_CPU_FAULT,CPU;INTERVAL_FAULTS,NA,NA,NA,NA,NA,NA,NA,NA,NA,NA,NA,NA,NA,NA,NA,NA,NA,NA,NA,NA,NA,NA,NA,TARGET_GONE,identity no longer active
2026-10-02T16:06:17Z,APP_22001_3033686,22001,3033686,26,2674,201.499,0,0,-1,-1,0,0.999931471,NA,NA,70.000000000,MEASURED_CPU_FAULT,CPU;INTERVAL_FAULTS,NA,NA,NA,NA,NA,NA,NA,NA,NA,NA,NA,NA,NA,NA,NA,NA,NA,NA,NA,NA,NA,NA,NA,TARGET_GONE,identity no longer active
2026-10-02T16:06:18Z,APP_22001_3033686,22001,3033686,26,2675,203.732,0,0,-1,-1,0,0.999931471,NA,NA,70.000000000,MEASURED_CPU_FAULT,CPU;INTERVAL_FAULTS,NA,NA,NA,NA,NA,NA,NA,NA,NA,NA,NA,NA,NA,NA,NA,NA,NA,NA,NA,NA,NA,NA,NA,TARGET_GONE,identity no longer active
2026-10-02T16:06:18Z,APP_22001_3033686,22001,3033686,26,2676,201.499,0,0,-1,-1,0,0.999931471,NA,NA,70.000000000,MEASURED_CPU_FAULT,CPU;INTERVAL_FAULTS,NA,NA,NA,NA,NA,NA,NA,NA,NA,NA,NA,NA,NA,NA,NA,NA,NA,NA,NA,NA,NA,NA,NA,TARGET_GONE,identity no longer active
2026-10-02T16:06:18Z,APP_22001_3033686,22001,3033686,26,2677,196.648,0,0,-1,-1,0,0.999931471,NA,NA,70.000000000,MEASURED_CPU_FAULT,CPU;INTERVAL_FAULTS,NA,NA,NA,NA,NA,NA,NA,NA,NA,NA,NA,NA,NA,NA,NA,NA,NA,NA,NA,NA,NA,NA,NA,TARGET_GONE,identity no longer active
2026-10-02T16:06:18Z,APP_22001_3033686,22001,3033686,26,2678,201.198,0,0,-1,-1,0,0.999931471,NA,NA,70.000000000,MEASURED_CPU_FAULT,CPU;INTERVAL_FAULTS,NA,NA,NA,NA,NA,NA,NA,NA,NA,NA,NA,NA,NA,NA,NA,NA,NA,NA,NA,NA,NA,NA,NA,TARGET_GONE,identity no longer active
2026-10-02T16:06:18Z,APP_22001_3033686,22001,3033686,26,2679,202.796,0,0,-1,-1,0,0.999931471,NA,NA,70.000000000,MEASURED_CPU_FAULT,CPU;INTERVAL_FAULTS,NA,NA,NA,NA,NA,NA,NA,NA,NA,NA,NA,NA,NA,NA,NA,NA,NA,NA,NA,NA,NA,NA,NA,TARGET_GONE,identity no longer active
2026-10-02T16:06:18Z,APP_22001_3033686,22001,3033686,26,2680,199.344,0,0,-1,-1,0,0.999931471,NA,NA,70.000000000,MEASURED_CPU_FAULT,CPU;INTERVAL_FAULTS,NA,NA,NA,NA,NA,NA,NA,NA,NA,NA,NA,NA,NA,NA,NA,NA,NA,NA,NA,NA,NA,NA,NA,TARGET_GONE,identity no longer active
2026-10-02T16:06:18Z,APP_22001_3033686,22001,3033686,26,2681,191.617,0,0,-1,-1,0,0.999931471,NA,NA,70.000000000,MEASURED_CPU_FAULT,CPU;INTERVAL_FAULTS,NA,NA,NA,NA,NA,NA,NA,NA,NA,NA,NA,NA,NA,NA,NA,NA,NA,NA,NA,NA,NA,NA,NA,TARGET_GONE,identity no longer active
2026-10-02T16:06:19Z,APP_22001_3033686,22001,3033686,26,2682,211.094,0,0,-1,-1,0,0.999931471,NA,NA,70.000000000,MEASURED_CPU_FAULT,CPU;INTERVAL_FAULTS,NA,NA,NA,NA,NA,NA,NA,NA,NA,NA,NA,NA,NA,NA,NA,NA,NA,NA,NA,NA,NA,NA,NA,TARGET_GONE,identity no longer active
2026-10-02T16:06:19Z,APP_22001_3033686,22001,3033686,26,2683,197.792,0,0,-1,-1,0,0.999931471,NA,NA,70.000000000,MEASURED_CPU_FAULT,CPU;INTERVAL_FAULTS,NA,NA,NA,NA,NA,NA,NA,NA,NA,NA,NA,NA,NA,NA,NA,NA,NA,NA,NA,NA,NA,NA,NA,TARGET_GONE,identity no longer active
2026-10-02T16:06:19Z,APP_22001_3033686,22001,3033686,26,2684,191.617,0,0,-1,-1,0,0.999931471,NA,NA,70.000000000,MEASURED_CPU_FAULT,CPU;INTERVAL_FAULTS,NA,NA,NA,NA,NA,NA,NA,NA,NA,NA,NA,NA,NA,NA,NA,NA,NA,NA,NA,NA,NA,NA,NA,TARGET_GONE,identity no longer active
2026-10-02T16:06:19Z,APP_22001_3033686,22001,3033686,26,2685,202.796,0,0,-1,-1,0,0.999931471,NA,NA,70.000000000,MEASURED_CPU_FAULT,CPU;INTERVAL_FAULTS,NA,NA,NA,NA,NA,NA,NA,NA,NA,NA,NA,NA,NA,NA,NA,NA,NA,NA,NA,NA,NA,NA,NA,TARGET_GONE,identity no longer active
2026-10-02T16:06:19Z,APP_22001_3033686,22001,3033686,26,2686,201.198,0,0,-1,-1,0,0.999931471,NA,NA,70.000000000,MEASURED_CPU_FAULT,CPU;INTERVAL_FAULTS,NA,NA,NA,NA,NA,NA,NA,NA,NA,NA,NA,NA,NA,NA,NA,NA,NA,NA,NA,NA,NA,NA,NA,TARGET_GONE,identity no longer active
2026-10-02T16:06:19Z,APP_22001_3033686,22001,3033686,26,2687,197.413,0,0,-1,-1,0,0.999931471,NA,NA,70.000000000,MEASURED_CPU_FAULT,CPU;INTERVAL_FAULTS,NA,NA,NA,NA,NA,NA,NA,NA,NA,NA,NA,NA,NA,NA,NA,NA,NA,NA,NA,NA,NA,NA,NA,TARGET_GONE,identity no longer active
2026-10-02T16:06:19Z,APP_22001_3033686,22001,3033686,26,2688,201.499,0,0,-1,-1,0,0.999931471,NA,NA,70.000000000,MEASURED_CPU_FAULT,CPU;INTERVAL_FAULTS,NA,NA,NA,NA,NA,NA,NA,NA,NA,NA,NA,NA,NA,NA,NA,NA,NA,NA,NA,NA,NA,NA,NA,TARGET_GONE,identity no longer active
2026-10-02T16:06:19Z,APP_22001_3033686,22001,3033686,26,2689,199.495,0,0,-1,-1,0,0.999931471,NA,NA,70.000000000,MEASURED_CPU_FAULT,CPU;INTERVAL_FAULTS,NA,NA,NA,NA,NA,NA,NA,NA,NA,NA,NA,NA,NA,NA,NA,NA,NA,NA,NA,NA,NA,NA,NA,TARGET_GONE,identity no longer active
2026-10-02T16:06:20Z,APP_22001_3033686,22001,3033686,26,2690,210.778,0,0,-1,-1,0,0.999931471,NA,NA,70.000000000,MEASURED_CPU_FAULT,CPU;INTERVAL_FAULTS,NA,NA,NA,NA,NA,NA,NA,NA,NA,NA,NA,NA,NA,NA,NA,NA,NA,NA,NA,NA,NA,NA,NA,TARGET_GONE,identity no longer active
2026-10-02T16:06:20Z,APP_22001_3033686,22001,3033686,26,2691,202.105,0,0,-1,-1,0,0.999931471,NA,NA,70.000000000,MEASURED_CPU_FAULT,CPU;INTERVAL_FAULTS,NA,NA,NA,NA,NA,NA,NA,NA,NA,NA,NA,NA,NA,NA,NA,NA,NA,NA,NA,NA,NA,NA,NA,TARGET_GONE,identity no longer active
2026-10-02T16:06:20Z,APP_22001_3033686,22001,3033686,26,2692,191.045,0,0,-1,-1,0,0.999931471,NA,NA,70.000000000,MEASURED_CPU_FAULT,CPU;INTERVAL_FAULTS,NA,NA,NA,NA,NA,NA,NA,NA,NA,NA,NA,NA,NA,NA,NA,NA,NA,NA,NA,NA,NA,NA,NA,TARGET_GONE,identity no longer active
2026-10-02T16:06:20Z,APP_22001_3033686,22001,3033686,26,2693,201.802,0,0,-1,-1,0,0.999931471,NA,NA,70.000000000,MEASURED_CPU_FAULT,CPU;INTERVAL_FAULTS,NA,NA,NA,NA,NA,NA,NA,NA,NA,NA,NA,NA,NA,NA,NA,NA,NA,NA,NA,NA,NA,NA,NA,TARGET_GONE,identity no longer active
2026-10-02T16:06:20Z,APP_22001_3033686,22001,3033686,26,2694,200.810,0,0,-1,-1,0,0.999931471,NA,NA,70.000000000,MEASURED_CPU_FAULT,CPU;INTERVAL_FAULTS,NA,NA,NA,NA,NA,NA,NA,NA,NA,NA,NA,NA,NA,NA,NA,NA,NA,NA,NA,NA,NA,NA,NA,TARGET_GONE,identity no longer active
2026-10-02T16:06:20Z,APP_22001_3033686,22001,3033686,26,2695,201.499,0,0,-1,-1,0,0.999931471,NA,NA,70.000000000,MEASURED_CPU_FAULT,CPU;INTERVAL_FAULTS,NA,NA,NA,NA,NA,NA,NA,NA,NA,NA,NA,NA,NA,NA,NA,NA,NA,NA,NA,NA,NA,NA,NA,TARGET_GONE,identity no longer active
2026-10-02T16:06:20Z,APP_22001_3033686,22001,3033686,26,2696,201.972,0,0,-1,-1,0,0.999931471,NA,NA,70.000000000,MEASURED_CPU_FAULT,CPU;INTERVAL_FAULTS,NA,NA,NA,NA,NA,NA,NA,NA,NA,NA,NA,NA,NA,NA,NA,NA,NA,NA,NA,NA,NA,NA,NA,TARGET_GONE,identity no longer active
2026-10-02T16:06:20Z,APP_22001_3033686,22001,3033686,26,2697,202.105,0,0,-1,-1,0,0.999931471,NA,NA,70.000000000,MEASURED_CPU_FAULT,CPU;INTERVAL_FAULTS,NA,NA,NA,NA,NA,NA,NA,NA,NA,NA,NA,NA,NA,NA,NA,NA,NA,NA,NA,NA,NA,NA,NA,TARGET_GONE,identity no longer active
2026-10-02T16:06:21Z,APP_22001_3033686,22001,3033686,26,2698,200.272,0,0,-1,-1,0,0.999931471,NA,NA,70.000000000,MEASURED_CPU_FAULT,CPU;INTERVAL_FAULTS,NA,NA,NA,NA,NA,NA,NA,NA,NA,NA,NA,NA,NA,NA,NA,NA,NA,NA,NA,NA,NA,NA,NA,TARGET_GONE,identity no longer active
2026-10-02T16:06:21Z,APP_22001_3033686,22001,3033686,26,2699,192.192,0,0,-1,-1,0,0.999931471,NA,NA,70.000000000,MEASURED_CPU_FAULT,CPU;INTERVAL_FAULTS,NA,NA,NA,NA,NA,NA,NA,NA,NA,NA,NA,NA,NA,NA,NA,NA,NA,NA,NA,NA,NA,NA,NA,TARGET_GONE,identity no longer active
2026-10-02T16:06:21Z,APP_22001_3033686,22001,3033686,26,2700,201.198,0,0,-1,-1,0,0.999931471,NA,NA,70.000000000,MEASURED_CPU_FAULT,CPU;INTERVAL_FAULTS,NA,NA,NA,NA,NA,NA,NA,NA,NA,NA,NA,NA,NA,NA,NA,NA,NA,NA,NA,NA,NA,NA,NA,TARGET_GONE,identity no longer active
2026-10-02T16:06:21Z,APP_22001_3033686,22001,3033686,26,2701,195.122,0,0,-1,-1,0,0.999931471,NA,NA,70.000000000,MEASURED_CPU_FAULT,CPU;INTERVAL_FAULTS,NA,NA,NA,NA,NA,NA,NA,NA,NA,NA,NA,NA,NA,NA,NA,NA,NA,NA,NA,NA,NA,NA,NA,TARGET_GONE,identity no longer active
2026-10-02T16:06:21Z,APP_22001_3033686,22001,3033686,26,2702,201.198,0,0,-1,-1,0,0.999931471,NA,NA,70.000000000,MEASURED_CPU_FAULT,CPU;INTERVAL_FAULTS,NA,NA,NA,NA,NA,NA,NA,NA,NA,NA,NA,NA,NA,NA,NA,NA,NA,NA,NA,NA,NA,NA,NA,TARGET_GONE,identity no longer active
2026-10-02T16:06:21Z,APP_22001_3033686,22001,3033686,26,2703,208.185,0,0,-1,-1,0,0.999931471,NA,NA,70.000000000,MEASURED_CPU_FAULT,CPU;INTERVAL_FAULTS,NA,NA,NA,NA,NA,NA,NA,NA,NA,NA,NA,NA,NA,NA,NA,NA,NA,NA,NA,NA,NA,NA,NA,TARGET_GONE,identity no longer active
2026-10-02T16:06:21Z,APP_22001_3033686,22001,3033686,26,2704,192.192,0,0,-1,-1,0,0.999931471,NA,NA,70.000000000,MEASURED_CPU_FAULT,CPU;INTERVAL_FAULTS,NA,NA,NA,NA,NA,NA,NA,NA,NA,NA,NA,NA,NA,NA,NA,NA,NA,NA,NA,NA,NA,NA,NA,TARGET_GONE,identity no longer active
2026-10-02T16:06:21Z,APP_22001_3033686,22001,3033686,26,2705,201.681,0,0,-1,-1,0,0.999931471,NA,NA,70.000000000,MEASURED_CPU_FAULT,CPU;INTERVAL_FAULTS,NA,NA,NA,NA,NA,NA,NA,NA,NA,NA,NA,NA,NA,NA,NA,NA,NA,NA,NA,NA,NA,NA,NA,TARGET_GONE,identity no longer active
2026-10-02T16:06:22Z,APP_22001_3033686,22001,3033686,26,2706,201.499,0,0,-1,-1,0,0.999931471,NA,NA,70.000000000,MEASURED_CPU_FAULT,CPU;INTERVAL_FAULTS,NA,NA,NA,NA,NA,NA,NA,NA,NA,NA,NA,NA,NA,NA,NA,NA,NA,NA,NA,NA,NA,NA,NA,TARGET_GONE,identity no longer active
2026-10-02T16:06:22Z,APP_22001_3033686,22001,3033686,26,2707,195.785,0,0,-1,-1,0,0.999931471,NA,NA,70.000000000,MEASURED_CPU_FAULT,CPU;INTERVAL_FAULTS,NA,NA,NA,NA,NA,NA,NA,NA,NA,NA,NA,NA,NA,NA,NA,NA,NA,NA,NA,NA,NA,NA,NA,TARGET_GONE,identity no longer active
2026-10-02T16:06:22Z,APP_22001_3033686,22001,3033686,26,2708,210.149,0,0,-1,-1,0,0.999931471,NA,NA,70.000000000,MEASURED_CPU_FAULT,CPU;INTERVAL_FAULTS,NA,NA,NA,NA,NA,NA,NA,NA,NA,NA,NA,NA,NA,NA,NA,NA,NA,NA,NA,NA,NA,NA,NA,TARGET_GONE,identity no longer active
2026-10-02T16:06:22Z,APP_22001_3033686,22001,3033686,26,2709,202.105,0,0,-1,-1,0,0.999931471,NA,NA,70.000000000,MEASURED_CPU_FAULT,CPU;INTERVAL_FAULTS,NA,NA,NA,NA,NA,NA,NA,NA,NA,NA,NA,NA,NA,NA,NA,NA,NA,NA,NA,NA,NA,NA,NA,TARGET_GONE,identity no longer active
2026-10-02T16:06:22Z,APP_22001_3033686,22001,3033686,26,2710,194.647,0,0,-1,-1,0,0.999931471,NA,NA,70.000000000,MEASURED_CPU_FAULT,CPU;INTERVAL_FAULTS,NA,NA,NA,NA,NA,NA,NA,NA,NA,NA,NA,NA,NA,NA,NA,NA,NA,NA,NA,NA,NA,NA,NA,TARGET_GONE,identity no longer active
2026-10-02T16:06:22Z,APP_22001_3033686,22001,3033686,26,2711,211.094,0,0,-1,-1,0,0.999931471,NA,NA,70.000000000,MEASURED_CPU_FAULT,CPU;INTERVAL_FAULTS,NA,NA,NA,NA,NA,NA,NA,NA,NA,NA,NA,NA,NA,NA,NA,NA,NA,NA,NA,NA,NA,NA,NA,TARGET_GONE,identity no longer active
2026-10-02T16:06:22Z,APP_22001_3033686,22001,3033686,26,2712,191.538,0,0,-1,-1,0,0.999931471,NA,NA,70.000000000,MEASURED_CPU_FAULT,CPU;INTERVAL_FAULTS,NA,NA,NA,NA,NA,NA,NA,NA,NA,NA,NA,NA,NA,NA,NA,NA,NA,NA,NA,NA,NA,NA,NA,TARGET_GONE,identity no longer active
2026-10-02T16:06:22Z,APP_22001_3033686,22001,3033686,26,2713,201.802,0,0,-1,-1,0,0.999931471,NA,NA,70.000000000,MEASURED_CPU_FAULT,CPU;INTERVAL_FAULTS,NA,NA,NA,NA,NA,NA,NA,NA,NA,NA,NA,NA,NA,NA,NA,NA,NA,NA,NA,NA,NA,NA,NA,TARGET_GONE,identity no longer active
2026-10-02T16:06:23Z,APP_22001_3033686,22001,3033686,26,2714,200.607,0,0,-1,-1,0,0.999931471,NA,NA,70.000000000,MEASURED_CPU_FAULT,CPU;INTERVAL_FAULTS,NA,NA,NA,NA,NA,NA,NA,NA,NA,NA,NA,NA,NA,NA,NA,NA,NA,NA,NA,NA,NA,NA,NA,TARGET_GONE,identity no longer active
2026-10-02T16:06:23Z,APP_22001_3033686,22001,3033686,26,2715,201.499,0,0,-1,-1,0,0.999931471,NA,NA,70.000000000,MEASURED_CPU_FAULT,CPU;INTERVAL_FAULTS,NA,NA,NA,NA,NA,NA,NA,NA,NA,NA,NA,NA,NA,NA,NA,NA,NA,NA,NA,NA,NA,NA,NA,TARGET_GONE,identity no longer active
2026-10-02T16:06:23Z,APP_22001_3033686,22001,3033686,26,2716,201.093,0,0,-1,-1,0,0.999931471,NA,NA,70.000000000,MEASURED_CPU_FAULT,CPU;INTERVAL_FAULTS,NA,NA,NA,NA,NA,NA,NA,NA,NA,NA,NA,NA,NA,NA,NA,NA,NA,NA,NA,NA,NA,NA,NA,TARGET_GONE,identity no longer active
2026-10-02T16:06:23Z,APP_22001_3033686,22001,3033686,26,2717,191.617,0,0,-1,-1,0,0.999931471,NA,NA,70.000000000,MEASURED_CPU_FAULT,CPU;INTERVAL_FAULTS,NA,NA,NA,NA,NA,NA,NA,NA,NA,NA,NA,NA,NA,NA,NA,NA,NA,NA,NA,NA,NA,NA,NA,TARGET_GONE,identity no longer active
2026-10-02T16:06:23Z,APP_22001_3033686,22001,3033686,26,2718,201.499,0,0,-1,-1,0,0.999931471,NA,NA,70.000000000,MEASURED_CPU_FAULT,CPU;INTERVAL_FAULTS,NA,NA,NA,NA,NA,NA,NA,NA,NA,NA,NA,NA,NA,NA,NA,NA,NA,NA,NA,NA,NA,NA,NA,TARGET_GONE,identity no longer active
2026-10-02T16:06:23Z,APP_22001_3033686,22001,3033686,26,2719,204.180,0,0,-1,-1,0,0.999931471,NA,NA,70.000000000,MEASURED_CPU_FAULT,CPU;INTERVAL_FAULTS,NA,NA,NA,NA,NA,NA,NA,NA,NA,NA,NA,NA,NA,NA,NA,NA,NA,NA,NA,NA,NA,NA,NA,TARGET_GONE,identity no longer active
2026-10-02T16:06:23Z,APP_22001_3033686,22001,3033686,26,2720,201.499,0,0,-1,-1,0,0.999931471,NA,NA,70.000000000,MEASURED_CPU_FAULT,CPU;INTERVAL_FAULTS,NA,NA,NA,NA,NA,NA,NA,NA,NA,NA,NA,NA,NA,NA,NA,NA,NA,NA,NA,NA,NA,NA,NA,TARGET_GONE,identity no longer active
2026-10-02T16:06:23Z,APP_22001_3033686,22001,3033686,26,2721,196.283,0,0,-1,-1,0,0.999931471,NA,NA,70.000000000,MEASURED_CPU_FAULT,CPU;INTERVAL_FAULTS,NA,NA,NA,NA,NA,NA,NA,NA,NA,NA,NA,NA,NA,NA,NA,NA,NA,NA,NA,NA,NA,NA,NA,TARGET_GONE,identity no longer active
2026-10-02T16:06:24Z,APP_22001_3033686,22001,3033686,26,2722,201.198,0,0,-1,-1,0,0.999931471,NA,NA,70.000000000,MEASURED_CPU_FAULT,CPU;INTERVAL_FAULTS,NA,NA,NA,NA,NA,NA,NA,NA,NA,NA,NA,NA,NA,NA,NA,NA,NA,NA,NA,NA,NA,NA,NA,TARGET_GONE,identity no longer active
2026-10-02T16:06:24Z,APP_22001_3033686,22001,3033686,26,2723,201.421,0,0,-1,-1,0,0.999931471,NA,NA,70.000000000,MEASURED_CPU_FAULT,CPU;INTERVAL_FAULTS,NA,NA,NA,NA,NA,NA,NA,NA,NA,NA,NA,NA,NA,NA,NA,NA,NA,NA,NA,NA,NA,NA,NA,TARGET_GONE,identity no longer active
2026-10-02T16:06:24Z,APP_22001_3033686,22001,3033686,26,2724,201.802,0,0,-1,-1,0,0.999931471,NA,NA,70.000000000,MEASURED_CPU_FAULT,CPU;INTERVAL_FAULTS,NA,NA,NA,NA,NA,NA,NA,NA,NA,NA,NA,NA,NA,NA,NA,NA,NA,NA,NA,NA,NA,NA,NA,TARGET_GONE,identity no longer active
2026-10-02T16:06:24Z,APP_22001_3033686,22001,3033686,26,2725,201.381,0,0,-1,-1,0,0.999931471,NA,NA,70.000000000,MEASURED_CPU_FAULT,CPU;INTERVAL_FAULTS,NA,NA,NA,NA,NA,NA,NA,NA,NA,NA,NA,NA,NA,NA,NA,NA,NA,NA,NA,NA,NA,NA,NA,TARGET_GONE,identity no longer active
2026-10-02T16:06:24Z,APP_22001_3033686,22001,3033686,26,2726,191.617,0,0,-1,-1,0,0.999931471,NA,NA,70.000000000,MEASURED_CPU_FAULT,CPU;INTERVAL_FAULTS,NA,NA,NA,NA,NA,NA,NA,NA,NA,NA,NA,NA,NA,NA,NA,NA,NA,NA,NA,NA,NA,NA,NA,TARGET_GONE,identity no longer active
2026-10-02T16:06:24Z,APP_22001_3033686,22001,3033686,26,2727,202.105,0,0,-1,-1,0,0.999931471,NA,NA,70.000000000,MEASURED_CPU_FAULT,CPU;INTERVAL_FAULTS,NA,NA,NA,NA,NA,NA,NA,NA,NA,NA,NA,NA,NA,NA,NA,NA,NA,NA,NA,NA,NA,NA,NA,TARGET_GONE,identity no longer active
2026-10-02T16:06:24Z,APP_22001_3033686,22001,3033686,26,2728,204.878,0,0,-1,-1,0,0.999931471,NA,NA,70.000000000,MEASURED_CPU_FAULT,CPU;INTERVAL_FAULTS,NA,NA,NA,NA,NA,NA,NA,NA,NA,NA,NA,NA,NA,NA,NA,NA,NA,NA,NA,NA,NA,NA,NA,TARGET_GONE,identity no longer active
2026-10-02T16:06:24Z,APP_22001_3033686,22001,3033686,26,2729,192.192,0,0,-1,-1,0,0.999931471,NA,NA,70.000000000,MEASURED_CPU_FAULT,CPU;INTERVAL_FAULTS,NA,NA,NA,NA,NA,NA,NA,NA,NA,NA,NA,NA,NA,NA,NA,NA,NA,NA,NA,NA,NA,NA,NA,TARGET_GONE,identity no longer active
2026-10-02T16:06:25Z,APP_22001_3033686,22001,3033686,26,2730,201.217,0,0,-1,-1,0,0.999931471,NA,NA,70.000000000,MEASURED_CPU_FAULT,CPU;INTERVAL_FAULTS,NA,NA,NA,NA,NA,NA,NA,NA,NA,NA,NA,NA,NA,NA,NA,NA,NA,NA,NA,NA,NA,NA,NA,TARGET_GONE,identity no longer active
2026-10-02T16:06:25Z,APP_22001_3033686,22001,3033686,26,2731,201.499,0,0,-1,-1,0,0.999931471,NA,NA,70.000000000,MEASURED_CPU_FAULT,CPU;INTERVAL_FAULTS,NA,NA,NA,NA,NA,NA,NA,NA,NA,NA,NA,NA,NA,NA,NA,NA,NA,NA,NA,NA,NA,NA,NA,TARGET_GONE,identity no longer active
2026-10-02T16:06:25Z,APP_22001_3033686,22001,3033686,26,2732,200.810,0,0,-1,-1,0,0.999931471,NA,NA,70.000000000,MEASURED_CPU_FAULT,CPU;INTERVAL_FAULTS,NA,NA,NA,NA,NA,NA,NA,NA,NA,NA,NA,NA,NA,NA,NA,NA,NA,NA,NA,NA,NA,NA,NA,TARGET_GONE,identity no longer active
2026-10-02T16:06:25Z,APP_22001_3033686,22001,3033686,26,2733,201.499,0,0,-1,-1,0,0.999931471,NA,NA,70.000000000,MEASURED_CPU_FAULT,CPU;INTERVAL_FAULTS,NA,NA,NA,NA,NA,NA,NA,NA,NA,NA,NA,NA,NA,NA,NA,NA,NA,NA,NA,NA,NA,NA,NA,TARGET_GONE,identity no longer active
2026-10-02T16:06:25Z,APP_22001_3033686,22001,3033686,26,2734,197.938,0,0,-1,-1,0,0.999931471,NA,NA,70.000000000,MEASURED_CPU_FAULT,CPU;INTERVAL_FAULTS,NA,NA,NA,NA,NA,NA,NA,NA,NA,NA,NA,NA,NA,NA,NA,NA,NA,NA,NA,NA,NA,NA,NA,TARGET_GONE,identity no longer active
2026-10-02T16:06:25Z,APP_22001_3033686,22001,3033686,26,2735,205.210,0,0,-1,-1,0,0.999931471,NA,NA,70.000000000,MEASURED_CPU_FAULT,CPU;INTERVAL_FAULTS,NA,NA,NA,NA,NA,NA,NA,NA,NA,NA,NA,NA,NA,NA,NA,NA,NA,NA,NA,NA,NA,NA,NA,TARGET_GONE,identity no longer active
2026-10-02T16:06:25Z,APP_22001_3033686,22001,3033686,26,2736,191.617,0,0,-1,-1,0,0.999931471,NA,NA,70.000000000,MEASURED_CPU_FAULT,CPU;INTERVAL_FAULTS,NA,NA,NA,NA,NA,NA,NA,NA,NA,NA,NA,NA,NA,NA,NA,NA,NA,NA,NA,NA,NA,NA,NA,TARGET_GONE,identity no longer active
2026-10-02T16:06:25Z,APP_22001_3033686,22001,3033686,26,2737,205.505,0,0,-1,-1,0,0.999931471,NA,NA,70.000000000,MEASURED_CPU_FAULT,CPU;INTERVAL_FAULTS,NA,NA,NA,NA,NA,NA,NA,NA,NA,NA,NA,NA,NA,NA,NA,NA,NA,NA,NA,NA,NA,NA,NA,TARGET_GONE,identity no longer active
2026-10-02T16:06:26Z,APP_22001_3033686,22001,3033686,26,2738,201.198,0,0,-1,-1,0,0.999931471,NA,NA,70.000000000,MEASURED_CPU_FAULT,CPU;INTERVAL_FAULTS,NA,NA,NA,NA,NA,NA,NA,NA,NA,NA,NA,NA,NA,NA,NA,NA,NA,NA,NA,NA,NA,NA,NA,TARGET_GONE,identity no longer active
2026-10-02T16:06:26Z,APP_22001_3033686,22001,3033686,26,2739,201.013,0,0,-1,-1,0,0.999931471,NA,NA,70.000000000,MEASURED_CPU_FAULT,CPU;INTERVAL_FAULTS,NA,NA,NA,NA,NA,NA,NA,NA,NA,NA,NA,NA,NA,NA,NA,NA,NA,NA,NA,NA,NA,NA,NA,TARGET_GONE,identity no longer active
2026-10-02T16:06:26Z,APP_22001_3033686,22001,3033686,26,2740,201.802,0,0,-1,-1,0,0.999931471,NA,NA,70.000000000,MEASURED_CPU_FAULT,CPU;INTERVAL_FAULTS,NA,NA,NA,NA,NA,NA,NA,NA,NA,NA,NA,NA,NA,NA,NA,NA,NA,NA,NA,NA,NA,NA,NA,TARGET_GONE,identity no longer active
2026-10-02T16:06:26Z,APP_22001_3033686,22001,3033686,26,2741,194.529,0,0,-1,-1,0,0.999931471,NA,NA,70.000000000,MEASURED_CPU_FAULT,CPU;INTERVAL_FAULTS,NA,NA,NA,NA,NA,NA,NA,NA,NA,NA,NA,NA,NA,NA,NA,NA,NA,NA,NA,NA,NA,NA,NA,TARGET_GONE,identity no longer active
2026-10-02T16:06:26Z,APP_22001_3033686,22001,3033686,26,2742,201.198,0,0,-1,-1,0,0.999931471,NA,NA,70.000000000,MEASURED_CPU_FAULT,CPU;INTERVAL_FAULTS,NA,NA,NA,NA,NA,NA,NA,NA,NA,NA,NA,NA,NA,NA,NA,NA,NA,NA,NA,NA,NA,NA,NA,TARGET_GONE,identity no longer active
2026-10-02T16:06:26Z,APP_22001_3033686,22001,3033686,26,2743,203.873,0,0,-1,-1,0,0.999931471,NA,NA,70.000000000,MEASURED_CPU_FAULT,CPU;INTERVAL_FAULTS,NA,NA,NA,NA,NA,NA,NA,NA,NA,NA,NA,NA,NA,NA,NA,NA,NA,NA,NA,NA,NA,NA,NA,TARGET_GONE,identity no longer active
2026-10-02T16:06:26Z,APP_22001_3033686,22001,3033686,26,2744,191.045,0,0,-1,-1,0,0.999931471,NA,NA,70.000000000,MEASURED_CPU_FAULT,CPU;INTERVAL_FAULTS,NA,NA,NA,NA,NA,NA,NA,NA,NA,NA,NA,NA,NA,NA,NA,NA,NA,NA,NA,NA,NA,NA,NA,TARGET_GONE,identity no longer active
2026-10-02T16:06:26Z,APP_22001_3033686,22001,3033686,26,2745,201.802,0,0,-1,-1,0,0.999931471,NA,NA,70.000000000,MEASURED_CPU_FAULT,CPU;INTERVAL_FAULTS,NA,NA,NA,NA,NA,NA,NA,NA,NA,NA,NA,NA,NA,NA,NA,NA,NA,NA,NA,NA,NA,NA,NA,TARGET_GONE,identity no longer active
2026-10-02T16:06:27Z,APP_22001_3033686,22001,3033686,26,2746,199.253,0,0,-1,-1,0,0.999931471,NA,NA,70.000000000,MEASURED_CPU_FAULT,CPU;INTERVAL_FAULTS,NA,NA,NA,NA,NA,NA,NA,NA,NA,NA,NA,NA,NA,NA,NA,NA,NA,NA,NA,NA,NA,NA,NA,TARGET_GONE,identity no longer active
2026-10-02T16:06:27Z,APP_22001_3033686,22001,3033686,26,2747,192.192,0,0,-1,-1,0,0.999931471,NA,NA,70.000000000,MEASURED_CPU_FAULT,CPU;INTERVAL_FAULTS,NA,NA,NA,NA,NA,NA,NA,NA,NA,NA,NA,NA,NA,NA,NA,NA,NA,NA,NA,NA,NA,NA,NA,TARGET_GONE,identity no longer active
2026-10-02T16:06:27Z,APP_22001_3033686,22001,3033686,26,2748,204.536,0,0,-1,-1,0,0.999931471,NA,NA,70.000000000,MEASURED_CPU_FAULT,CPU;INTERVAL_FAULTS,NA,NA,NA,NA,NA,NA,NA,NA,NA,NA,NA,NA,NA,NA,NA,NA,NA,NA,NA,NA,NA,NA,NA,TARGET_GONE,identity no longer active
2026-10-02T16:06:27Z,APP_22001_3033686,22001,3033686,26,2749,201.499,0,0,-1,-1,0,0.999931471,NA,NA,70.000000000,MEASURED_CPU_FAULT,CPU;INTERVAL_FAULTS,NA,NA,NA,NA,NA,NA,NA,NA,NA,NA,NA,NA,NA,NA,NA,NA,NA,NA,NA,NA,NA,NA,NA,TARGET_GONE,identity no longer active
2026-10-02T16:06:27Z,APP_22001_3033686,22001,3033686,26,2750,196.831,0,0,-1,-1,0,0.999931471,NA,NA,70.000000000,MEASURED_CPU_FAULT,CPU;INTERVAL_FAULTS,NA,NA,NA,NA,NA,NA,NA,NA,NA,NA,NA,NA,NA,NA,NA,NA,NA,NA,NA,NA,NA,NA,NA,TARGET_GONE,identity no longer active
2026-10-02T16:06:27Z,APP_22001_3033686,22001,3033686,26,2751,201.802,0,0,-1,-1,0,0.999931471,NA,NA,70.000000000,MEASURED_CPU_FAULT,CPU;INTERVAL_FAULTS,NA,NA,NA,NA,NA,NA,NA,NA,NA,NA,NA,NA,NA,NA,NA,NA,NA,NA,NA,NA,NA,NA,NA,TARGET_GONE,identity no longer active
2026-10-02T16:06:27Z,APP_22001_3033686,22001,3033686,26,2752,199.005,0,0,-1,-1,0,0.999931471,NA,NA,70.000000000,MEASURED_CPU_FAULT,CPU;INTERVAL_FAULTS,NA,NA,NA,NA,NA,NA,NA,NA,NA,NA,NA,NA,NA,NA,NA,NA,NA,NA,NA,NA,NA,NA,NA,TARGET_GONE,identity no longer active
2026-10-02T16:06:28Z,APP_22001_3033686,22001,3033686,26,2753,204.800,0,0,-1,-1,0,0.999931471,NA,NA,70.000000000,MEASURED_CPU_FAULT,CPU;INTERVAL_FAULTS,NA,NA,NA,NA,NA,NA,NA,NA,NA,NA,NA,NA,NA,NA,NA,NA,NA,NA,NA,NA,NA,NA,NA,TARGET_GONE,identity no longer active
2026-10-02T16:06:28Z,APP_22001_3033686,22001,3033686,26,2754,201.499,0,0,-1,-1,0,0.999931471,NA,NA,70.000000000,MEASURED_CPU_FAULT,CPU;INTERVAL_FAULTS,NA,NA,NA,NA,NA,NA,NA,NA,NA,NA,NA,NA,NA,NA,NA,NA,NA,NA,NA,NA,NA,NA,NA,TARGET_GONE,identity no longer active
2026-10-02T16:06:28Z,APP_22001_3033686,22001,3033686,26,2755,201.368,0,0,-1,-1,0,0.999931471,NA,NA,70.000000000,MEASURED_CPU_FAULT,CPU;INTERVAL_FAULTS,NA,NA,NA,NA,NA,NA,NA,NA,NA,NA,NA,NA,NA,NA,NA,NA,NA,NA,NA,NA,NA,NA,NA,TARGET_GONE,identity no longer active
2026-10-02T16:06:28Z,APP_22001_3033686,22001,3033686,26,2756,191.617,0,0,-1,-1,0,0.999931471,NA,NA,70.000000000,MEASURED_CPU_FAULT,CPU;INTERVAL_FAULTS,NA,NA,NA,NA,NA,NA,NA,NA,NA,NA,NA,NA,NA,NA,NA,NA,NA,NA,NA,NA,NA,NA,NA,TARGET_GONE,identity no longer active
2026-10-02T16:06:28Z,APP_22001_3033686,22001,3033686,26,2757,205.993,0,0,-1,-1,0,0.999931471,NA,NA,70.000000000,MEASURED_CPU_FAULT,CPU;INTERVAL_FAULTS,NA,NA,NA,NA,NA,NA,NA,NA,NA,NA,NA,NA,NA,NA,NA,NA,NA,NA,NA,NA,NA,NA,NA,TARGET_GONE,identity no longer active
2026-10-02T16:06:28Z,APP_22001_3033686,22001,3033686,26,2758,192.000,0,0,-1,-1,0,0.999931471,NA,NA,70.000000000,MEASURED_CPU_FAULT,CPU;INTERVAL_FAULTS,NA,NA,NA,NA,NA,NA,NA,NA,NA,NA,NA,NA,NA,NA,NA,NA,NA,NA,NA,NA,NA,NA,NA,TARGET_GONE,identity no longer active
2026-10-02T16:06:28Z,APP_22001_3033686,22001,3033686,26,2759,201.802,0,0,-1,-1,0,0.999931471,NA,NA,70.000000000,MEASURED_CPU_FAULT,CPU;INTERVAL_FAULTS,NA,NA,NA,NA,NA,NA,NA,NA,NA,NA,NA,NA,NA,NA,NA,NA,NA,NA,NA,NA,NA,NA,NA,TARGET_GONE,identity no longer active
2026-10-02T16:06:28Z,APP_22001_3033686,22001,3033686,26,2760,200.545,0,0,-1,-1,0,0.999931471,NA,NA,70.000000000,MEASURED_CPU_FAULT,CPU;INTERVAL_FAULTS,NA,NA,NA,NA,NA,NA,NA,NA,NA,NA,NA,NA,NA,NA,NA,NA,NA,NA,NA,NA,NA,NA,NA,TARGET_GONE,identity no longer active
2026-10-02T16:06:28Z,APP_22001_3033686,22001,3033686,26,2761,201.499,0,0,-1,-1,0,0.999931471,NA,NA,70.000000000,MEASURED_CPU_FAULT,CPU;INTERVAL_FAULTS,NA,NA,NA,NA,NA,NA,NA,NA,NA,NA,NA,NA,NA,NA,NA,NA,NA,NA,NA,NA,NA,NA,NA,TARGET_GONE,identity no longer active
2026-10-02T16:06:29Z,APP_22001_3033686,22001,3033686,26,2762,199.361,0,0,-1,-1,0,0.999931471,NA,NA,70.000000000,MEASURED_CPU_FAULT,CPU;INTERVAL_FAULTS,NA,NA,NA,NA,NA,NA,NA,NA,NA,NA,NA,NA,NA,NA,NA,NA,NA,NA,NA,NA,NA,NA,NA,TARGET_GONE,identity no longer active
2026-10-02T16:06:29Z,APP_22001_3033686,22001,3033686,26,2763,205.622,0,0,-1,-1,0,0.999931471,NA,NA,70.000000000,MEASURED_CPU_FAULT,CPU;INTERVAL_FAULTS,NA,NA,NA,NA,NA,NA,NA,NA,NA,NA,NA,NA,NA,NA,NA,NA,NA,NA,NA,NA,NA,NA,NA,TARGET_GONE,identity no longer active
2026-10-02T16:06:29Z,APP_22001_3033686,22001,3033686,26,2764,191.617,0,0,-1,-1,0,0.999931471,NA,NA,70.000000000,MEASURED_CPU_FAULT,CPU;INTERVAL_FAULTS,NA,NA,NA,NA,NA,NA,NA,NA,NA,NA,NA,NA,NA,NA,NA,NA,NA,NA,NA,NA,NA,NA,NA,TARGET_GONE,identity no longer active
2026-10-02T16:06:29Z,APP_22001_3033686,22001,3033686,26,2765,209.264,0,0,-1,-1,0,0.999931471,NA,NA,70.000000000,MEASURED_CPU_FAULT,CPU;INTERVAL_FAULTS,NA,NA,NA,NA,NA,NA,NA,NA,NA,NA,NA,NA,NA,NA,NA,NA,NA,NA,NA,NA,NA,NA,NA,TARGET_GONE,identity no longer active
2026-10-02T16:06:29Z,APP_22001_3033686,22001,3033686,26,2766,191.617,0,0,-1,-1,0,0.999931471,NA,NA,70.000000000,MEASURED_CPU_FAULT,CPU;INTERVAL_FAULTS,NA,NA,NA,NA,NA,NA,NA,NA,NA,NA,NA,NA,NA,NA,NA,NA,NA,NA,NA,NA,NA,NA,NA,TARGET_GONE,identity no longer active
2026-10-02T16:06:29Z,APP_22001_3033686,22001,3033686,26,2767,199.555,0,0,-1,-1,0,0.999931471,NA,NA,70.000000000,MEASURED_CPU_FAULT,CPU;INTERVAL_FAULTS,NA,NA,NA,NA,NA,NA,NA,NA,NA,NA,NA,NA,NA,NA,NA,NA,NA,NA,NA,NA,NA,NA,NA,TARGET_GONE,identity no longer active
2026-10-02T16:06:29Z,APP_22001_3033686,22001,3033686,26,2768,203.984,0,0,-1,-1,0,0.999931471,NA,NA,70.000000000,MEASURED_CPU_FAULT,CPU;INTERVAL_FAULTS,NA,NA,NA,NA,NA,NA,NA,NA,NA,NA,NA,NA,NA,NA,NA,NA,NA,NA,NA,NA,NA,NA,NA,TARGET_GONE,identity no longer active
2026-10-02T16:06:29Z,APP_22001_3033686,22001,3033686,26,2769,201.802,0,0,-1,-1,0,0.999931471,NA,NA,70.000000000,MEASURED_CPU_FAULT,CPU;INTERVAL_FAULTS,NA,NA,NA,NA,NA,NA,NA,NA,NA,NA,NA,NA,NA,NA,NA,NA,NA,NA,NA,NA,NA,NA,NA,TARGET_GONE,identity no longer active
2026-10-02T16:06:29Z,APP_22001_3033686,22001,3033686,26,2770,201.093,0,0,-1,-1,0,0.999931471,NA,NA,70.000000000,MEASURED_CPU_FAULT,CPU;INTERVAL_FAULTS,NA,NA,NA,NA,NA,NA,NA,NA,NA,NA,NA,NA,NA,NA,NA,NA,NA,NA,NA,NA,NA,NA,NA,TARGET_GONE,identity no longer active
2026-10-02T16:06:30Z,APP_22001_3033686,22001,3033686,26,2771,201.198,0,0,-1,-1,0,0.999931471,NA,NA,70.000000000,MEASURED_CPU_FAULT,CPU;INTERVAL_FAULTS,NA,NA,NA,NA,NA,NA,NA,NA,NA,NA,NA,NA,NA,NA,NA,NA,NA,NA,NA,NA,NA,NA,NA,TARGET_GONE,identity no longer active
2026-10-02T16:06:30Z,APP_22001_3033686,22001,3033686,26,2772,202.559,0,0,-1,-1,0,0.999931471,NA,NA,70.000000000,MEASURED_CPU_FAULT,CPU;INTERVAL_FAULTS,NA,NA,NA,NA,NA,NA,NA,NA,NA,NA,NA,NA,NA,NA,NA,NA,NA,NA,NA,NA,NA,NA,NA,TARGET_GONE,identity no longer active
2026-10-02T16:06:30Z,APP_22001_3033686,22001,3033686,26,2773,192.771,0,0,-1,-1,0,0.999931471,NA,NA,70.000000000,MEASURED_CPU_FAULT,CPU;INTERVAL_FAULTS,NA,NA,NA,NA,NA,NA,NA,NA,NA,NA,NA,NA,NA,NA,NA,NA,NA,NA,NA,NA,NA,NA,NA,TARGET_GONE,identity no longer active
2026-10-02T16:06:30Z,APP_22001_3033686,22001,3033686,26,2774,201.198,0,0,-1,-1,0,0.999931471,NA,NA,70.000000000,MEASURED_CPU_FAULT,CPU;INTERVAL_FAULTS,NA,NA,NA,NA,NA,NA,NA,NA,NA,NA,NA,NA,NA,NA,NA,NA,NA,NA,NA,NA,NA,NA,NA,TARGET_GONE,identity no longer active
2026-10-02T16:06:30Z,APP_22001_3033686,22001,3033686,26,2775,198.870,0,0,-1,-1,0,0.999931471,NA,NA,70.000000000,MEASURED_CPU_FAULT,CPU;INTERVAL_FAULTS,NA,NA,NA,NA,NA,NA,NA,NA,NA,NA,NA,NA,NA,NA,NA,NA,NA,NA,NA,NA,NA,NA,NA,TARGET_GONE,identity no longer active
2026-10-02T16:06:30Z,APP_22001_3033686,22001,3033686,26,2776,201.499,0,0,-1,-1,0,0.999931471,NA,NA,70.000000000,MEASURED_CPU_FAULT,CPU;INTERVAL_FAULTS,NA,NA,NA,NA,NA,NA,NA,NA,NA,NA,NA,NA,NA,NA,NA,NA,NA,NA,NA,NA,NA,NA,NA,TARGET_GONE,identity no longer active
2026-10-02T16:06:30Z,APP_22001_3033686,22001,3033686,26,2777,198.165,0,0,-1,-1,0,0.999931471,NA,NA,70.000000000,MEASURED_CPU_FAULT,CPU;INTERVAL_FAULTS,NA,NA,NA,NA,NA,NA,NA,NA,NA,NA,NA,NA,NA,NA,NA,NA,NA,NA,NA,NA,NA,NA,NA,TARGET_GONE,identity no longer active
2026-10-02T16:06:30Z,APP_22001_3033686,22001,3033686,26,2778,203.984,0,0,-1,-1,0,0.999931471,NA,NA,70.000000000,MEASURED_CPU_FAULT,CPU;INTERVAL_FAULTS,NA,NA,NA,NA,NA,NA,NA,NA,NA,NA,NA,NA,NA,NA,NA,NA,NA,NA,NA,NA,NA,NA,NA,TARGET_GONE,identity no longer active
2026-10-02T16:06:31Z,APP_22001_3033686,22001,3033686,26,2779,201.802,0,0,-1,-1,0,0.999931471,NA,NA,70.000000000,MEASURED_CPU_FAULT,CPU;INTERVAL_FAULTS,NA,NA,NA,NA,NA,NA,NA,NA,NA,NA,NA,NA,NA,NA,NA,NA,NA,NA,NA,NA,NA,NA,NA,TARGET_GONE,identity no longer active
2026-10-02T16:06:31Z,APP_22001_3033686,22001,3033686,26,2780,190.099,0,0,-1,-1,0,0.999931471,NA,NA,70.000000000,MEASURED_CPU_FAULT,CPU;INTERVAL_FAULTS,NA,NA,NA,NA,NA,NA,NA,NA,NA,NA,NA,NA,NA,NA,NA,NA,NA,NA,NA,NA,NA,NA,NA,TARGET_GONE,identity no longer active
2026-10-02T16:06:31Z,APP_22001_3033686,22001,3033686,26,2781,201.802,0,0,-1,-1,0,0.999931471,NA,NA,70.000000000,MEASURED_CPU_FAULT,CPU;INTERVAL_FAULTS,NA,NA,NA,NA,NA,NA,NA,NA,NA,NA,NA,NA,NA,NA,NA,NA,NA,NA,NA,NA,NA,NA,NA,TARGET_GONE,identity no longer active
2026-10-02T16:06:31Z,APP_22001_3033686,22001,3033686,26,2782,201.258,0,0,-1,-1,0,0.999931471,NA,NA,70.000000000,MEASURED_CPU_FAULT,CPU;INTERVAL_FAULTS,NA,NA,NA,NA,NA,NA,NA,NA,NA,NA,NA,NA,NA,NA,NA,NA,NA,NA,NA,NA,NA,NA,NA,TARGET_GONE,identity no longer active
2026-10-02T16:06:31Z,APP_22001_3033686,22001,3033686,26,2783,204.391,0,0,-1,-1,0,0.999931471,NA,NA,70.000000000,MEASURED_CPU_FAULT,CPU;INTERVAL_FAULTS,NA,NA,NA,NA,NA,NA,NA,NA,NA,NA,NA,NA,NA,NA,NA,NA,NA,NA,NA,NA,NA,NA,NA,TARGET_GONE,identity no longer active
2026-10-02T16:06:31Z,APP_22001_3033686,22001,3033686,26,2784,201.499,0,0,-1,-1,0,0.999931471,NA,NA,70.000000000,MEASURED_CPU_FAULT,CPU;INTERVAL_FAULTS,NA,NA,NA,NA,NA,NA,NA,NA,NA,NA,NA,NA,NA,NA,NA,NA,NA,NA,NA,NA,NA,NA,NA,TARGET_GONE,identity no longer active
2026-10-02T16:06:31Z,APP_22001_3033686,22001,3033686,26,2785,190.638,0,0,-1,-1,0,0.999931471,NA,NA,70.000000000,MEASURED_CPU_FAULT,CPU;INTERVAL_FAULTS,NA,NA,NA,NA,NA,NA,NA,NA,NA,NA,NA,NA,NA,NA,NA,NA,NA,NA,NA,NA,NA,NA,NA,TARGET_GONE,identity no longer active
2026-10-02T16:06:31Z,APP_22001_3033686,22001,3033686,26,2786,201.198,0,0,-1,-1,0,0.999931471,NA,NA,70.000000000,MEASURED_CPU_FAULT,CPU;INTERVAL_FAULTS,NA,NA,NA,NA,NA,NA,NA,NA,NA,NA,NA,NA,NA,NA,NA,NA,NA,NA,NA,NA,NA,NA,NA,TARGET_GONE,identity no longer active
2026-10-02T16:06:31Z,APP_22001_3033686,22001,3033686,26,2787,203.175,0,0,-1,-1,0,0.999931471,NA,NA,70.000000000,MEASURED_CPU_FAULT,CPU;INTERVAL_FAULTS,NA,NA,NA,NA,NA,NA,NA,NA,NA,NA,NA,NA,NA,NA,NA,NA,NA,NA,NA,NA,NA,NA,NA,TARGET_GONE,identity no longer active
2026-10-02T16:06:32Z,APP_22001_3033686,22001,3033686,26,2788,204.391,0,0,-1,-1,0,0.999931471,NA,NA,70.000000000,MEASURED_CPU_FAULT,CPU;INTERVAL_FAULTS,NA,NA,NA,NA,NA,NA,NA,NA,NA,NA,NA,NA,NA,NA,NA,NA,NA,NA,NA,NA,NA,NA,NA,TARGET_GONE,identity no longer active
2026-10-02T16:06:32Z,APP_22001_3033686,22001,3033686,26,2789,201.499,0,0,-1,-1,0,0.999931471,NA,NA,70.000000000,MEASURED_CPU_FAULT,CPU;INTERVAL_FAULTS,NA,NA,NA,NA,NA,NA,NA,NA,NA,NA,NA,NA,NA,NA,NA,NA,NA,NA,NA,NA,NA,NA,NA,TARGET_GONE,identity no longer active
2026-10-02T16:06:32Z,APP_22001_3033686,22001,3033686,26,2790,198.568,0,0,-1,-1,0,0.999931471,NA,NA,70.000000000,MEASURED_CPU_FAULT,CPU;INTERVAL_FAULTS,NA,NA,NA,NA,NA,NA,NA,NA,NA,NA,NA,NA,NA,NA,NA,NA,NA,NA,NA,NA,NA,NA,NA,TARGET_GONE,identity no longer active
2026-10-02T16:06:32Z,APP_22001_3033686,22001,3033686,26,2791,191.904,0,0,-1,-1,0,0.999931471,NA,NA,70.000000000,MEASURED_CPU_FAULT,CPU;INTERVAL_FAULTS,NA,NA,NA,NA,NA,NA,NA,NA,NA,NA,NA,NA,NA,NA,NA,NA,NA,NA,NA,NA,NA,NA,NA,TARGET_GONE,identity no longer active
2026-10-02T16:06:32Z,APP_22001_3033686,22001,3033686,26,2792,203.299,0,0,-1,-1,0,0.999931471,NA,NA,70.000000000,MEASURED_CPU_FAULT,CPU;INTERVAL_FAULTS,NA,NA,NA,NA,NA,NA,NA,NA,NA,NA,NA,NA,NA,NA,NA,NA,NA,NA,NA,NA,NA,NA,NA,TARGET_GONE,identity no longer active
2026-10-02T16:06:32Z,APP_22001_3033686,22001,3033686,26,2793,204.800,0,0,-1,-1,0,0.999931471,NA,NA,70.000000000,MEASURED_CPU_FAULT,CPU;INTERVAL_FAULTS,NA,NA,NA,NA,NA,NA,NA,NA,NA,NA,NA,NA,NA,NA,NA,NA,NA,NA,NA,NA,NA,NA,NA,TARGET_GONE,identity no longer active
2026-10-02T16:06:32Z,APP_22001_3033686,22001,3033686,26,2794,191.617,0,0,-1,-1,0,0.999931471,NA,NA,70.000000000,MEASURED_CPU_FAULT,CPU;INTERVAL_FAULTS,NA,NA,NA,NA,NA,NA,NA,NA,NA,NA,NA,NA,NA,NA,NA,NA,NA,NA,NA,NA,NA,NA,NA,TARGET_GONE,identity no longer active
2026-10-02T16:06:32Z,APP_22001_3033686,22001,3033686,26,2795,202.680,0,0,-1,-1,0,0.999931471,NA,NA,70.000000000,MEASURED_CPU_FAULT,CPU;INTERVAL_FAULTS,NA,NA,NA,NA,NA,NA,NA,NA,NA,NA,NA,NA,NA,NA,NA,NA,NA,NA,NA,NA,NA,NA,NA,TARGET_GONE,identity no longer active
2026-10-02T16:06:33Z,APP_22001_3033686,22001,3033686,26,2796,201.198,0,0,-1,-1,0,0.999931471,NA,NA,70.000000000,MEASURED_CPU_FAULT,CPU;INTERVAL_FAULTS,NA,NA,NA,NA,NA,NA,NA,NA,NA,NA,NA,NA,NA,NA,NA,NA,NA,NA,NA,NA,NA,NA,NA,TARGET_GONE,identity no longer active
2026-10-02T16:06:33Z,APP_22001_3033686,22001,3033686,26,2797,201.013,0,0,-1,-1,0,0.999931471,NA,NA,70.000000000,MEASURED_CPU_FAULT,CPU;INTERVAL_FAULTS,NA,NA,NA,NA,NA,NA,NA,NA,NA,NA,NA,NA,NA,NA,NA,NA,NA,NA,NA,NA,NA,NA,NA,TARGET_GONE,identity no longer active
2026-10-02T16:06:33Z,APP_22001_3033686,22001,3033686,26,2798,201.499,0,0,-1,-1,0,0.999931471,NA,NA,70.000000000,MEASURED_CPU_FAULT,CPU;INTERVAL_FAULTS,NA,NA,NA,NA,NA,NA,NA,NA,NA,NA,NA,NA,NA,NA,NA,NA,NA,NA,NA,NA,NA,NA,NA,TARGET_GONE,identity no longer active
2026-10-02T16:06:33Z,APP_22001_3033686,22001,3033686,26,2799,195.468,0,0,-1,-1,0,0.999931471,NA,NA,70.000000000,MEASURED_CPU_FAULT,CPU;INTERVAL_FAULTS,NA,NA,NA,NA,NA,NA,NA,NA,NA,NA,NA,NA,NA,NA,NA,NA,NA,NA,NA,NA,NA,NA,NA,TARGET_GONE,identity no longer active
2026-10-02T16:06:33Z,APP_22001_3033686,22001,3033686,26,2800,211.094,0,0,-1,-1,0,0.999931471,NA,NA,70.000000000,MEASURED_CPU_FAULT,CPU;INTERVAL_FAULTS,NA,NA,NA,NA,NA,NA,NA,NA,NA,NA,NA,NA,NA,NA,NA,NA,NA,NA,NA,NA,NA,NA,NA,TARGET_GONE,identity no longer active
2026-10-02T16:06:04Z,APP_22001_3033686,22001,3033686,27,2801,0.000,0,0,-1,-1,0,0.999931471,1,true,0.000000000,MEASURED_CPU_FAULT,CPU;INTERVAL_FAULTS,HOT,669.474315258,0.560000000,0.700000000,NA,NA,NA,NA,0.560000000,0.000000000,0.700000000,0.000000000,-1.000000000,1.232000000,NA,MOVE_THREAD,INVALID,NOT_APPLICABLE,INVALID,MOVE_THREAD,-1,-1,false,TARGET_GONE,identity no longer active
2026-10-02T16:06:04Z,APP_22001_3033686,22001,3033686,27,2802,0.000,0,0,-1,-1,0,0.999931471,NA,NA,0.000000000,MEASURED_CPU_FAULT,CPU;INTERVAL_FAULTS,NA,NA,NA,NA,NA,NA,NA,NA,NA,NA,NA,NA,NA,NA,NA,NA,NA,NA,NA,NA,NA,NA,NA,TARGET_GONE,identity no longer active
2026-10-02T16:06:04Z,APP_22001_3033686,22001,3033686,27,2803,0.000,0,0,-1,-1,0,0.999931471,NA,NA,0.000000000,MEASURED_CPU_FAULT,CPU;INTERVAL_FAULTS,NA,NA,NA,NA,NA,NA,NA,NA,NA,NA,NA,NA,NA,NA,NA,NA,NA,NA,NA,NA,NA,NA,NA,TARGET_GONE,identity no longer active
2026-10-02T16:06:04Z,APP_22001_3033686,22001,3033686,27,2804,0.000,0,0,-1,-1,0,0.999931471,NA,NA,0.000000000,MEASURED_CPU_FAULT,CPU;INTERVAL_FAULTS,NA,NA,NA,NA,NA,NA,NA,NA,NA,NA,NA,NA,NA,NA,NA,NA,NA,NA,NA,NA,NA,NA,NA,TARGET_GONE,identity no longer active
2026-10-02T16:06:04Z,APP_22001_3033686,22001,3033686,27,2805,0.000,0,0,-1,-1,0,0.999931471,NA,NA,0.000000000,MEASURED_CPU_FAULT,CPU;INTERVAL_FAULTS,NA,NA,NA,NA,NA,NA,NA,NA,NA,NA,NA,NA,NA,NA,NA,NA,NA,NA,NA,NA,NA,NA,NA,TARGET_GONE,identity no longer active
2026-10-02T16:06:04Z,APP_22001_3033686,22001,3033686,27,2806,0.000,0,0,-1,-1,0,0.999931471,NA,NA,0.000000000,MEASURED_CPU_FAULT,CPU;INTERVAL_FAULTS,NA,NA,NA,NA,NA,NA,NA,NA,NA,NA,NA,NA,NA,NA,NA,NA,NA,NA,NA,NA,NA,NA,NA,TARGET_GONE,identity no longer active
2026-10-02T16:06:05Z,APP_22001_3033686,22001,3033686,27,2807,0.000,0,0,-1,-1,0,0.999931471,NA,NA,0.000000000,MEASURED_CPU_FAULT,CPU;INTERVAL_FAULTS,NA,NA,NA,NA,NA,NA,NA,NA,NA,NA,NA,NA,NA,NA,NA,NA,NA,NA,NA,NA,NA,NA,NA,TARGET_GONE,identity no longer active
2026-10-02T16:06:05Z,APP_22001_3033686,22001,3033686,27,2808,0.000,0,0,-1,-1,0,0.999931471,NA,NA,0.000000000,MEASURED_CPU_FAULT,CPU;INTERVAL_FAULTS,NA,NA,NA,NA,NA,NA,NA,NA,NA,NA,NA,NA,NA,NA,NA,NA,NA,NA,NA,NA,NA,NA,NA,TARGET_GONE,identity no longer active
2026-10-02T16:06:05Z,APP_22001_3033686,22001,3033686,27,2809,0.000,0,0,-1,-1,0,0.999931471,NA,NA,0.000000000,MEASURED_CPU_FAULT,CPU;INTERVAL_FAULTS,NA,NA,NA,NA,NA,NA,NA,NA,NA,NA,NA,NA,NA,NA,NA,NA,NA,NA,NA,NA,NA,NA,NA,TARGET_GONE,identity no longer active
2026-10-02T16:06:05Z,APP_22001_3033686,22001,3033686,27,2810,16.203,0,0,-1,-1,0,0.999931471,NA,NA,11.342100000,MEASURED_CPU_FAULT,CPU;INTERVAL_FAULTS,NA,NA,NA,NA,NA,NA,NA,NA,NA,NA,NA,NA,NA,NA,NA,NA,NA,NA,NA,NA,NA,NA,NA,TARGET_GONE,identity no longer active
2026-10-02T16:06:05Z,APP_22001_3033686,22001,3033686,27,2811,192.385,0,0,-1,-1,0,0.999931471,NA,NA,70.000000000,MEASURED_CPU_FAULT,CPU;INTERVAL_FAULTS,NA,NA,NA,NA,NA,NA,NA,NA,NA,NA,NA,NA,NA,NA,NA,NA,NA,NA,NA,NA,NA,NA,NA,TARGET_GONE,identity no longer active
2026-10-02T16:06:05Z,APP_22001_3033686,22001,3033686,27,2812,210.778,0,0,-1,-1,0,0.999931471,NA,NA,70.000000000,MEASURED_CPU_FAULT,CPU;INTERVAL_FAULTS,NA,NA,NA,NA,NA,NA,NA,NA,NA,NA,NA,NA,NA,NA,NA,NA,NA,NA,NA,NA,NA,NA,NA,TARGET_GONE,identity no longer active
2026-10-02T16:06:05Z,APP_22001_3033686,22001,3033686,27,2813,202.009,0,0,-1,-1,0,0.999931471,NA,NA,70.000000000,MEASURED_CPU_FAULT,CPU;INTERVAL_FAULTS,NA,NA,NA,NA,NA,NA,NA,NA,NA,NA,NA,NA,NA,NA,NA,NA,NA,NA,NA,NA,NA,NA,NA,TARGET_GONE,identity no longer active
2026-10-02T16:06:05Z,APP_22001_3033686,22001,3033686,27,2814,191.904,0,0,-1,-1,0,0.999931471,NA,NA,70.000000000,MEASURED_CPU_FAULT,CPU;INTERVAL_FAULTS,NA,NA,NA,NA,NA,NA,NA,NA,NA,NA,NA,NA,NA,NA,NA,NA,NA,NA,NA,NA,NA,NA,NA,TARGET_GONE,identity no longer active
2026-10-02T16:06:06Z,APP_22001_3033686,22001,3033686,27,2815,206.928,0,0,-1,-1,0,0.999931471,NA,NA,70.000000000,MEASURED_CPU_FAULT,CPU;INTERVAL_FAULTS,NA,NA,NA,NA,NA,NA,NA,NA,NA,NA,NA,NA,NA,NA,NA,NA,NA,NA,NA,NA,NA,NA,NA,TARGET_GONE,identity no longer active
2026-10-02T16:06:06Z,APP_22001_3033686,22001,3033686,27,2816,192.385,0,0,-1,-1,0,0.999931471,NA,NA,70.000000000,MEASURED_CPU_FAULT,CPU;INTERVAL_FAULTS,NA,NA,NA,NA,NA,NA,NA,NA,NA,NA,NA,NA,NA,NA,NA,NA,NA,NA,NA,NA,NA,NA,NA,TARGET_GONE,identity no longer active
2026-10-02T16:06:06Z,APP_22001_3033686,22001,3033686,27,2817,201.198,0,0,-1,-1,0,0.999931471,NA,NA,70.000000000,MEASURED_CPU_FAULT,CPU;INTERVAL_FAULTS,NA,NA,NA,NA,NA,NA,NA,NA,NA,NA,NA,NA,NA,NA,NA,NA,NA,NA,NA,NA,NA,NA,NA,TARGET_GONE,identity no longer active
2026-10-02T16:06:06Z,APP_22001_3033686,22001,3033686,27,2818,201.431,0,0,-1,-1,0,0.999931471,NA,NA,70.000000000,MEASURED_CPU_FAULT,CPU;INTERVAL_FAULTS,NA,NA,NA,NA,NA,NA,NA,NA,NA,NA,NA,NA,NA,NA,NA,NA,NA,NA,NA,NA,NA,NA,NA,TARGET_GONE,identity no longer active
2026-10-02T16:06:06Z,APP_22001_3033686,22001,3033686,27,2819,201.802,0,0,-1,-1,0,0.999931471,NA,NA,70.000000000,MEASURED_CPU_FAULT,CPU;INTERVAL_FAULTS,NA,NA,NA,NA,NA,NA,NA,NA,NA,NA,NA,NA,NA,NA,NA,NA,NA,NA,NA,NA,NA,NA,NA,TARGET_GONE,identity no longer active
2026-10-02T16:06:06Z,APP_22001_3033686,22001,3033686,27,2820,196.047,0,0,-1,-1,0,0.999931471,NA,NA,70.000000000,MEASURED_CPU_FAULT,CPU;INTERVAL_FAULTS,NA,NA,NA,NA,NA,NA,NA,NA,NA,NA,NA,NA,NA,NA,NA,NA,NA,NA,NA,NA,NA,NA,NA,TARGET_GONE,identity no longer active
2026-10-02T16:06:06Z,APP_22001_3033686,22001,3033686,27,2821,204.391,0,0,-1,-1,0,0.999931471,NA,NA,70.000000000,MEASURED_CPU_FAULT,CPU;INTERVAL_FAULTS,NA,NA,NA,NA,NA,NA,NA,NA,NA,NA,NA,NA,NA,NA,NA,NA,NA,NA,NA,NA,NA,NA,NA,TARGET_GONE,identity no longer active
2026-10-02T16:06:06Z,APP_22001_3033686,22001,3033686,27,2822,201.802,0,0,-1,-1,0,0.999931471,NA,NA,70.000000000,MEASURED_CPU_FAULT,CPU;INTERVAL_FAULTS,NA,NA,NA,NA,NA,NA,NA,NA,NA,NA,NA,NA,NA,NA,NA,NA,NA,NA,NA,NA,NA,NA,NA,TARGET_GONE,identity no longer active
2026-10-02T16:06:06Z,APP_22001_3033686,22001,3033686,27,2823,194.195,0,0,-1,-1,0,0.999931471,NA,NA,70.000000000,MEASURED_CPU_FAULT,CPU;INTERVAL_FAULTS,NA,NA,NA,NA,NA,NA,NA,NA,NA,NA,NA,NA,NA,NA,NA,NA,NA,NA,NA,NA,NA,NA,NA,TARGET_GONE,identity no longer active
2026-10-02T16:06:06Z,APP_22001_3033686,22001,3033686,27,2824,210.778,0,0,-1,-1,0,0.999931471,NA,NA,70.000000000,MEASURED_CPU_FAULT,CPU;INTERVAL_FAULTS,NA,NA,NA,NA,NA,NA,NA,NA,NA,NA,NA,NA,NA,NA,NA,NA,NA,NA,NA,NA,NA,NA,NA,TARGET_GONE,identity no longer active
2026-10-02T16:06:07Z,APP_22001_3033686,22001,3033686,27,2825,194.360,0,0,-1,-1,0,0.999931471,NA,NA,70.000000000,MEASURED_CPU_FAULT,CPU;INTERVAL_FAULTS,NA,NA,NA,NA,NA,NA,NA,NA,NA,NA,NA,NA,NA,NA,NA,NA,NA,NA,NA,NA,NA,NA,NA,TARGET_GONE,identity no longer active
2026-10-02T16:06:07Z,APP_22001_3033686,22001,3033686,27,2826,205.210,0,0,-1,-1,0,0.999931471,NA,NA,70.000000000,MEASURED_CPU_FAULT,CPU;INTERVAL_FAULTS,NA,NA,NA,NA,NA,NA,NA,NA,NA,NA,NA,NA,NA,NA,NA,NA,NA,NA,NA,NA,NA,NA,NA,TARGET_GONE,identity no longer active
2026-10-02T16:06:07Z,APP_22001_3033686,22001,3033686,27,2827,191.904,0,0,-1,-1,0,0.999931471,NA,NA,70.000000000,MEASURED_CPU_FAULT,CPU;INTERVAL_FAULTS,NA,NA,NA,NA,NA,NA,NA,NA,NA,NA,NA,NA,NA,NA,NA,NA,NA,NA,NA,NA,NA,NA,NA,TARGET_GONE,identity no longer active
2026-10-02T16:06:07Z,APP_22001_3033686,22001,3033686,27,2828,202.639,0,0,-1,-1,0,0.999931471,NA,NA,70.000000000,MEASURED_CPU_FAULT,CPU;INTERVAL_FAULTS,NA,NA,NA,NA,NA,NA,NA,NA,NA,NA,NA,NA,NA,NA,NA,NA,NA,NA,NA,NA,NA,NA,NA,TARGET_GONE,identity no longer active
2026-10-02T16:06:07Z,APP_22001_3033686,22001,3033686,27,2829,201.802,0,0,-1,-1,0,0.999931471,NA,NA,70.000000000,MEASURED_CPU_FAULT,CPU;INTERVAL_FAULTS,NA,NA,NA,NA,NA,NA,NA,NA,NA,NA,NA,NA,NA,NA,NA,NA,NA,NA,NA,NA,NA,NA,NA,TARGET_GONE,identity no longer active
2026-10-02T16:06:07Z,APP_22001_3033686,22001,3033686,27,2830,196.923,0,0,-1,-1,0,0.999931471,NA,NA,70.000000000,MEASURED_CPU_FAULT,CPU;INTERVAL_FAULTS,NA,NA,NA,NA,NA,NA,NA,NA,NA,NA,NA,NA,NA,NA,NA,NA,NA,NA,NA,NA,NA,NA,NA,TARGET_GONE,identity no longer active
2026-10-02T16:06:07Z,APP_22001_3033686,22001,3033686,27,2831,204.800,0,0,-1,-1,0,0.999931471,NA,NA,70.000000000,MEASURED_CPU_FAULT,CPU;INTERVAL_FAULTS,NA,NA,NA,NA,NA,NA,NA,NA,NA,NA,NA,NA,NA,NA,NA,NA,NA,NA,NA,NA,NA,NA,NA,TARGET_GONE,identity no longer active
2026-10-02T16:06:07Z,APP_22001_3033686,22001,3033686,27,2832,201.499,0,0,-1,-1,0,0.999931471,NA,NA,70.000000000,MEASURED_CPU_FAULT,CPU;INTERVAL_FAULTS,NA,NA,NA,NA,NA,NA,NA,NA,NA,NA,NA,NA,NA,NA,NA,NA,NA,NA,NA,NA,NA,NA,NA,TARGET_GONE,identity no longer active
2026-10-02T16:06:07Z,APP_22001_3033686,22001,3033686,27,2833,202.639,0,0,-1,-1,0,0.999931471,NA,NA,70.000000000,MEASURED_CPU_FAULT,CPU;INTERVAL_FAULTS,NA,NA,NA,NA,NA,NA,NA,NA,NA,NA,NA,NA,NA,NA,NA,NA,NA,NA,NA,NA,NA,NA,NA,TARGET_GONE,identity no longer active
2026-10-02T16:06:08Z,APP_22001_3033686,22001,3033686,27,2834,201.802,0,0,-1,-1,0,0.999931471,NA,NA,70.000000000,MEASURED_CPU_FAULT,CPU;INTERVAL_FAULTS,NA,NA,NA,NA,NA,NA,NA,NA,NA,NA,NA,NA,NA,NA,NA,NA,NA,NA,NA,NA,NA,NA,NA,TARGET_GONE,identity no longer active
2026-10-02T16:06:08Z,APP_22001_3033686,22001,3033686,27,2835,200.866,0,0,-1,-1,0,0.999931471,NA,NA,70.000000000,MEASURED_CPU_FAULT,CPU;INTERVAL_FAULTS,NA,NA,NA,NA,NA,NA,NA,NA,NA,NA,NA,NA,NA,NA,NA,NA,NA,NA,NA,NA,NA,NA,NA,TARGET_GONE,identity no longer active
2026-10-02T16:06:08Z,APP_22001_3033686,22001,3033686,27,2836,192.192,0,0,-1,-1,0,0.999931471,NA,NA,70.000000000,MEASURED_CPU_FAULT,CPU;INTERVAL_FAULTS,NA,NA,NA,NA,NA,NA,NA,NA,NA,NA,NA,NA,NA,NA,NA,NA,NA,NA,NA,NA,NA,NA,NA,TARGET_GONE,identity no longer active
2026-10-02T16:06:08Z,APP_22001_3033686,22001,3033686,27,2837,201.083,0,0,-1,-1,0,0.999931471,NA,NA,70.000000000,MEASURED_CPU_FAULT,CPU;INTERVAL_FAULTS,NA,NA,NA,NA,NA,NA,NA,NA,NA,NA,NA,NA,NA,NA,NA,NA,NA,NA,NA,NA,NA,NA,NA,TARGET_GONE,identity no longer active
2026-10-02T16:06:08Z,APP_22001_3033686,22001,3033686,27,2838,192.000,0,0,-1,-1,0,0.999931471,NA,NA,70.000000000,MEASURED_CPU_FAULT,CPU;INTERVAL_FAULTS,NA,NA,NA,NA,NA,NA,NA,NA,NA,NA,NA,NA,NA,NA,NA,NA,NA,NA,NA,NA,NA,NA,NA,TARGET_GONE,identity no longer active
2026-10-02T16:06:08Z,APP_22001_3033686,22001,3033686,27,2839,201.117,0,0,-1,-1,0,0.999931471,NA,NA,70.000000000,MEASURED_CPU_FAULT,CPU;INTERVAL_FAULTS,NA,NA,NA,NA,NA,NA,NA,NA,NA,NA,NA,NA,NA,NA,NA,NA,NA,NA,NA,NA,NA,NA,NA,TARGET_GONE,identity no longer active
2026-10-02T16:06:08Z,APP_22001_3033686,22001,3033686,27,2840,204.391,0,0,-1,-1,0,0.999931471,NA,NA,70.000000000,MEASURED_CPU_FAULT,CPU;INTERVAL_FAULTS,NA,NA,NA,NA,NA,NA,NA,NA,NA,NA,NA,NA,NA,NA,NA,NA,NA,NA,NA,NA,NA,NA,NA,TARGET_GONE,identity no longer active
2026-10-02T16:06:08Z,APP_22001_3033686,22001,3033686,27,2841,201.802,0,0,-1,-1,0,0.999931471,NA,NA,70.000000000,MEASURED_CPU_FAULT,CPU;INTERVAL_FAULTS,NA,NA,NA,NA,NA,NA,NA,NA,NA,NA,NA,NA,NA,NA,NA,NA,NA,NA,NA,NA,NA,NA,NA,TARGET_GONE,identity no longer active
2026-10-02T16:06:09Z,APP_22001_3033686,22001,3033686,27,2842,202.906,0,0,-1,-1,0,0.999931471,NA,NA,70.000000000,MEASURED_CPU_FAULT,CPU;INTERVAL_FAULTS,NA,NA,NA,NA,NA,NA,NA,NA,NA,NA,NA,NA,NA,NA,NA,NA,NA,NA,NA,NA,NA,NA,NA,TARGET_GONE,identity no longer active
2026-10-02T16:06:09Z,APP_22001_3033686,22001,3033686,27,2843,201.802,0,0,-1,-1,0,0.999931471,NA,NA,70.000000000,MEASURED_CPU_FAULT,CPU;INTERVAL_FAULTS,NA,NA,NA,NA,NA,NA,NA,NA,NA,NA,NA,NA,NA,NA,NA,NA,NA,NA,NA,NA,NA,NA,NA,TARGET_GONE,identity no longer active
2026-10-02T16:06:09Z,APP_22001_3033686,22001,3033686,27,2844,201.083,0,0,-1,-1,0,0.999931471,NA,NA,70.000000000,MEASURED_CPU_FAULT,CPU;INTERVAL_FAULTS,NA,NA,NA,NA,NA,NA,NA,NA,NA,NA,NA,NA,NA,NA,NA,NA,NA,NA,NA,NA,NA,NA,NA,TARGET_GONE,identity no longer active
2026-10-02T16:06:09Z,APP_22001_3033686,22001,3033686,27,2845,192.481,0,0,-1,-1,0,0.999931471,NA,NA,70.000000000,MEASURED_CPU_FAULT,CPU;INTERVAL_FAULTS,NA,NA,NA,NA,NA,NA,NA,NA,NA,NA,NA,NA,NA,NA,NA,NA,NA,NA,NA,NA,NA,NA,NA,TARGET_GONE,identity no longer active
2026-10-02T16:06:09Z,APP_22001_3033686,22001,3033686,27,2846,201.083,0,0,-1,-1,0,0.999931471,NA,NA,70.000000000,MEASURED_CPU_FAULT,CPU;INTERVAL_FAULTS,NA,NA,NA,NA,NA,NA,NA,NA,NA,NA,NA,NA,NA,NA,NA,NA,NA,NA,NA,NA,NA,NA,NA,TARGET_GONE,identity no longer active
2026-10-02T16:06:09Z,APP_22001_3033686,22001,3033686,27,2847,192.000,0,0,-1,-1,0,0.999931471,NA,NA,70.000000000,MEASURED_CPU_FAULT,CPU;INTERVAL_FAULTS,NA,NA,NA,NA,NA,NA,NA,NA,NA,NA,NA,NA,NA,NA,NA,NA,NA,NA,NA,NA,NA,NA,NA,TARGET_GONE,identity no longer active
2026-10-02T16:06:09Z,APP_22001_3033686,22001,3033686,27,2848,200.557,0,0,-1,-1,0,0.999931471,NA,NA,70.000000000,MEASURED_CPU_FAULT,CPU;INTERVAL_FAULTS,NA,NA,NA,NA,NA,NA,NA,NA,NA,NA,NA,NA,NA,NA,NA,NA,NA,NA,NA,NA,NA,NA,NA,TARGET_GONE,identity no longer active
2026-10-02T16:06:09Z,APP_22001_3033686,22001,3033686,27,2849,204.391,0,0,-1,-1,0,0.999931471,NA,NA,70.000000000,MEASURED_CPU_FAULT,CPU;INTERVAL_FAULTS,NA,NA,NA,NA,NA,NA,NA,NA,NA,NA,NA,NA,NA,NA,NA,NA,NA,NA,NA,NA,NA,NA,NA,TARGET_GONE,identity no longer active
2026-10-02T16:06:10Z,APP_22001_3033686,22001,3033686,27,2850,201.499,0,0,-1,-1,0,0.999931471,NA,NA,70.000000000,MEASURED_CPU_FAULT,CPU;INTERVAL_FAULTS,NA,NA,NA,NA,NA,NA,NA,NA,NA,NA,NA,NA,NA,NA,NA,NA,NA,NA,NA,NA,NA,NA,NA,TARGET_GONE,identity no longer active
2026-10-02T16:06:10Z,APP_22001_3033686,22001,3033686,27,2851,202.906,0,0,-1,-1,0,0.999931471,NA,NA,70.000000000,MEASURED_CPU_FAULT,CPU;INTERVAL_FAULTS,NA,NA,NA,NA,NA,NA,NA,NA,NA,NA,NA,NA,NA,NA,NA,NA,NA,NA,NA,NA,NA,NA,NA,TARGET_GONE,identity no longer active
2026-10-02T16:06:10Z,APP_22001_3033686,22001,3033686,27,2852,201.802,0,0,-1,-1,0,0.999931471,NA,NA,70.000000000,MEASURED_CPU_FAULT,CPU;INTERVAL_FAULTS,NA,NA,NA,NA,NA,NA,NA,NA,NA,NA,NA,NA,NA,NA,NA,NA,NA,NA,NA,NA,NA,NA,NA,TARGET_GONE,identity no longer active
2026-10-02T16:06:10Z,APP_22001_3033686,22001,3033686,27,2853,201.083,0,0,-1,-1,0,0.999931471,NA,NA,70.000000000,MEASURED_CPU_FAULT,CPU;INTERVAL_FAULTS,NA,NA,NA,NA,NA,NA,NA,NA,NA,NA,NA,NA,NA,NA,NA,NA,NA,NA,NA,NA,NA,NA,NA,TARGET_GONE,identity no longer active
2026-10-02T16:06:10Z,APP_22001_3033686,22001,3033686,27,2854,191.904,0,0,-1,-1,0,0.999931471,NA,NA,70.000000000,MEASURED_CPU_FAULT,CPU;INTERVAL_FAULTS,NA,NA,NA,NA,NA,NA,NA,NA,NA,NA,NA,NA,NA,NA,NA,NA,NA,NA,NA,NA,NA,NA,NA,TARGET_GONE,identity no longer active
2026-10-02T16:06:10Z,APP_22001_3033686,22001,3033686,27,2855,201.083,0,0,-1,-1,0,0.999931471,NA,NA,70.000000000,MEASURED_CPU_FAULT,CPU;INTERVAL_FAULTS,NA,NA,NA,NA,NA,NA,NA,NA,NA,NA,NA,NA,NA,NA,NA,NA,NA,NA,NA,NA,NA,NA,NA,TARGET_GONE,identity no longer active
2026-10-02T16:06:10Z,APP_22001_3033686,22001,3033686,27,2856,192.771,0,0,-1,-1,0,0.999931471,NA,NA,70.000000000,MEASURED_CPU_FAULT,CPU;INTERVAL_FAULTS,NA,NA,NA,NA,NA,NA,NA,NA,NA,NA,NA,NA,NA,NA,NA,NA,NA,NA,NA,NA,NA,NA,NA,TARGET_GONE,identity no longer active
2026-10-02T16:06:10Z,APP_22001_3033686,22001,3033686,27,2857,203.109,0,0,-1,-1,0,0.999931471,NA,NA,70.000000000,MEASURED_CPU_FAULT,CPU;INTERVAL_FAULTS,NA,NA,NA,NA,NA,NA,NA,NA,NA,NA,NA,NA,NA,NA,NA,NA,NA,NA,NA,NA,NA,NA,NA,TARGET_GONE,identity no longer active
2026-10-02T16:06:11Z,APP_22001_3033686,22001,3033686,27,2858,192.000,0,0,-1,-1,0,0.999931471,NA,NA,70.000000000,MEASURED_CPU_FAULT,CPU;INTERVAL_FAULTS,NA,NA,NA,NA,NA,NA,NA,NA,NA,NA,NA,NA,NA,NA,NA,NA,NA,NA,NA,NA,NA,NA,NA,TARGET_GONE,identity no longer active
2026-10-02T16:06:11Z,APP_22001_3033686,22001,3033686,27,2859,201.802,0,0,-1,-1,0,0.999931471,NA,NA,70.000000000,MEASURED_CPU_FAULT,CPU;INTERVAL_FAULTS,NA,NA,NA,NA,NA,NA,NA,NA,NA,NA,NA,NA,NA,NA,NA,NA,NA,NA,NA,NA,NA,NA,NA,TARGET_GONE,identity no longer active
2026-10-02T16:06:11Z,APP_22001_3033686,22001,3033686,27,2860,204.082,0,0,-1,-1,0,0.999931471,NA,NA,70.000000000,MEASURED_CPU_FAULT,CPU;INTERVAL_FAULTS,NA,NA,NA,NA,NA,NA,NA,NA,NA,NA,NA,NA,NA,NA,NA,NA,NA,NA,NA,NA,NA,NA,NA,TARGET_GONE,identity no longer active
2026-10-02T16:06:11Z,APP_22001_3033686,22001,3033686,27,2861,201.802,0,0,-1,-1,0,0.999931471,NA,NA,70.000000000,MEASURED_CPU_FAULT,CPU;INTERVAL_FAULTS,NA,NA,NA,NA,NA,NA,NA,NA,NA,NA,NA,NA,NA,NA,NA,NA,NA,NA,NA,NA,NA,NA,NA,TARGET_GONE,identity no longer active
2026-10-02T16:06:11Z,APP_22001_3033686,22001,3033686,27,2862,194.967,0,0,-1,-1,0,0.999931471,NA,NA,70.000000000,MEASURED_CPU_FAULT,CPU;INTERVAL_FAULTS,NA,NA,NA,NA,NA,NA,NA,NA,NA,NA,NA,NA,NA,NA,NA,NA,NA,NA,NA,NA,NA,NA,NA,TARGET_GONE,identity no longer active
2026-10-02T16:06:11Z,APP_22001_3033686,22001,3033686,27,2863,210.463,0,0,-1,-1,0,0.999931471,NA,NA,70.000000000,MEASURED_CPU_FAULT,CPU;INTERVAL_FAULTS,NA,NA,NA,NA,NA,NA,NA,NA,NA,NA,NA,NA,NA,NA,NA,NA,NA,NA,NA,NA,NA,NA,NA,TARGET_GONE,identity no longer active
2026-10-02T16:06:11Z,APP_22001_3033686,22001,3033686,27,2864,195.163,0,0,-1,-1,0,0.999931471,NA,NA,70.000000000,MEASURED_CPU_FAULT,CPU;INTERVAL_FAULTS,NA,NA,NA,NA,NA,NA,NA,NA,NA,NA,NA,NA,NA,NA,NA,NA,NA,NA,NA,NA,NA,NA,NA,TARGET_GONE,identity no longer active
2026-10-02T16:06:11Z,APP_22001_3033686,22001,3033686,27,2865,192.000,0,0,-1,-1,0,0.999931471,NA,NA,70.000000000,MEASURED_CPU_FAULT,CPU;INTERVAL_FAULTS,NA,NA,NA,NA,NA,NA,NA,NA,NA,NA,NA,NA,NA,NA,NA,NA,NA,NA,NA,NA,NA,NA,NA,TARGET_GONE,identity no longer active
2026-10-02T16:06:12Z,APP_22001_3033686,22001,3033686,27,2866,200.261,0,0,-1,-1,0,0.999931471,NA,NA,70.000000000,MEASURED_CPU_FAULT,CPU;INTERVAL_FAULTS,NA,NA,NA,NA,NA,NA,NA,NA,NA,NA,NA,NA,NA,NA,NA,NA,NA,NA,NA,NA,NA,NA,NA,TARGET_GONE,identity no longer active
2026-10-02T16:06:12Z,APP_22001_3033686,22001,3033686,27,2867,210.778,0,0,-1,-1,0,0.999931471,NA,NA,70.000000000,MEASURED_CPU_FAULT,CPU;INTERVAL_FAULTS,NA,NA,NA,NA,NA,NA,NA,NA,NA,NA,NA,NA,NA,NA,NA,NA,NA,NA,NA,NA,NA,NA,NA,TARGET_GONE,identity no longer active
2026-10-02T16:06:12Z,APP_22001_3033686,22001,3033686,27,2868,192.192,0,0,-1,-1,0,0.999931471,NA,NA,70.000000000,MEASURED_CPU_FAULT,CPU;INTERVAL_FAULTS,NA,NA,NA,NA,NA,NA,NA,NA,NA,NA,NA,NA,NA,NA,NA,NA,NA,NA,NA,NA,NA,NA,NA,TARGET_GONE,identity no longer active
2026-10-02T16:06:12Z,APP_22001_3033686,22001,3033686,27,2869,203.562,0,0,-1,-1,0,0.999931471,NA,NA,70.000000000,MEASURED_CPU_FAULT,CPU;INTERVAL_FAULTS,NA,NA,NA,NA,NA,NA,NA,NA,NA,NA,NA,NA,NA,NA,NA,NA,NA,NA,NA,NA,NA,NA,NA,TARGET_GONE,identity no longer active
2026-10-02T16:06:12Z,APP_22001_3033686,22001,3033686,27,2870,201.802,0,0,-1,-1,0,0.999931471,NA,NA,70.000000000,MEASURED_CPU_FAULT,CPU;INTERVAL_FAULTS,NA,NA,NA,NA,NA,NA,NA,NA,NA,NA,NA,NA,NA,NA,NA,NA,NA,NA,NA,NA,NA,NA,NA,TARGET_GONE,identity no longer active
2026-10-02T16:06:12Z,APP_22001_3033686,22001,3033686,27,2871,201.893,0,0,-1,-1,0,0.999931471,NA,NA,70.000000000,MEASURED_CPU_FAULT,CPU;INTERVAL_FAULTS,NA,NA,NA,NA,NA,NA,NA,NA,NA,NA,NA,NA,NA,NA,NA,NA,NA,NA,NA,NA,NA,NA,NA,TARGET_GONE,identity no longer active
2026-10-02T16:06:12Z,APP_22001_3033686,22001,3033686,27,2872,191.617,0,0,-1,-1,0,0.999931471,NA,NA,70.000000000,MEASURED_CPU_FAULT,CPU;INTERVAL_FAULTS,NA,NA,NA,NA,NA,NA,NA,NA,NA,NA,NA,NA,NA,NA,NA,NA,NA,NA,NA,NA,NA,NA,NA,TARGET_GONE,identity no longer active
2026-10-02T16:06:12Z,APP_22001_3033686,22001,3033686,27,2873,201.893,0,0,-1,-1,0,0.999931471,NA,NA,70.000000000,MEASURED_CPU_FAULT,CPU;INTERVAL_FAULTS,NA,NA,NA,NA,NA,NA,NA,NA,NA,NA,NA,NA,NA,NA,NA,NA,NA,NA,NA,NA,NA,NA,NA,TARGET_GONE,identity no longer active
2026-10-02T16:06:12Z,APP_22001_3033686,22001,3033686,27,2874,201.499,0,0,-1,-1,0,0.999931471,NA,NA,70.000000000,MEASURED_CPU_FAULT,CPU;INTERVAL_FAULTS,NA,NA,NA,NA,NA,NA,NA,NA,NA,NA,NA,NA,NA,NA,NA,NA,NA,NA,NA,NA,NA,NA,NA,TARGET_GONE,identity no longer active
2026-10-02T16:06:13Z,APP_22001_3033686,22001,3033686,27,2875,197.666,0,0,-1,-1,0,0.999931471,NA,NA,70.000000000,MEASURED_CPU_FAULT,CPU;INTERVAL_FAULTS,NA,NA,NA,NA,NA,NA,NA,NA,NA,NA,NA,NA,NA,NA,NA,NA,NA,NA,NA,NA,NA,NA,NA,TARGET_GONE,identity no longer active
2026-10-02T16:06:13Z,APP_22001_3033686,22001,3033686,27,2876,211.411,0,0,-1,-1,0,0.999931471,NA,NA,70.000000000,MEASURED_CPU_FAULT,CPU;INTERVAL_FAULTS,NA,NA,NA,NA,NA,NA,NA,NA,NA,NA,NA,NA,NA,NA,NA,NA,NA,NA,NA,NA,NA,NA,NA,TARGET_GONE,identity no longer active
2026-10-02T16:06:13Z,APP_22001_3033686,22001,3033686,27,2877,200.897,0,0,-1,-1,0,0.999931471,NA,NA,70.000000000,MEASURED_CPU_FAULT,CPU;INTERVAL_FAULTS,NA,NA,NA,NA,NA,NA,NA,NA,NA,NA,NA,NA,NA,NA,NA,NA,NA,NA,NA,NA,NA,NA,NA,TARGET_GONE,identity no longer active
2026-10-02T16:06:13Z,APP_22001_3033686,22001,3033686,27,2878,195.918,0,0,-1,-1,0,0.999931471,NA,NA,70.000000000,MEASURED_CPU_FAULT,CPU;INTERVAL_FAULTS,NA,NA,NA,NA,NA,NA,NA,NA,NA,NA,NA,NA,NA,NA,NA,NA,NA,NA,NA,NA,NA,NA,NA,TARGET_GONE,identity no longer active
2026-10-02T16:06:13Z,APP_22001_3033686,22001,3033686,27,2879,201.802,0,0,-1,-1,0,0.999931471,NA,NA,70.000000000,MEASURED_CPU_FAULT,CPU;INTERVAL_FAULTS,NA,NA,NA,NA,NA,NA,NA,NA,NA,NA,NA,NA,NA,NA,NA,NA,NA,NA,NA,NA,NA,NA,NA,TARGET_GONE,identity no longer active
2026-10-02T16:06:13Z,APP_22001_3033686,22001,3033686,27,2880,201.893,0,0,-1,-1,0,0.999931471,NA,NA,70.000000000,MEASURED_CPU_FAULT,CPU;INTERVAL_FAULTS,NA,NA,NA,NA,NA,NA,NA,NA,NA,NA,NA,NA,NA,NA,NA,NA,NA,NA,NA,NA,NA,NA,NA,TARGET_GONE,identity no longer active
2026-10-02T16:06:13Z,APP_22001_3033686,22001,3033686,27,2881,201.198,0,0,-1,-1,0,0.999931471,NA,NA,70.000000000,MEASURED_CPU_FAULT,CPU;INTERVAL_FAULTS,NA,NA,NA,NA,NA,NA,NA,NA,NA,NA,NA,NA,NA,NA,NA,NA,NA,NA,NA,NA,NA,NA,NA,TARGET_GONE,identity no longer active
2026-10-02T16:06:13Z,APP_22001_3033686,22001,3033686,27,2882,201.681,0,0,-1,-1,0,0.999931471,NA,NA,70.000000000,MEASURED_CPU_FAULT,CPU;INTERVAL_FAULTS,NA,NA,NA,NA,NA,NA,NA,NA,NA,NA,NA,NA,NA,NA,NA,NA,NA,NA,NA,NA,NA,NA,NA,TARGET_GONE,identity no longer active
2026-10-02T16:06:14Z,APP_22001_3033686,22001,3033686,27,2883,201.499,0,0,-1,-1,0,0.999931471,NA,NA,70.000000000,MEASURED_CPU_FAULT,CPU;INTERVAL_FAULTS,NA,NA,NA,NA,NA,NA,NA,NA,NA,NA,NA,NA,NA,NA,NA,NA,NA,NA,NA,NA,NA,NA,NA,TARGET_GONE,identity no longer active
2026-10-02T16:06:14Z,APP_22001_3033686,22001,3033686,27,2884,197.531,0,0,-1,-1,0,0.999931471,NA,NA,70.000000000,MEASURED_CPU_FAULT,CPU;INTERVAL_FAULTS,NA,NA,NA,NA,NA,NA,NA,NA,NA,NA,NA,NA,NA,NA,NA,NA,NA,NA,NA,NA,NA,NA,NA,TARGET_GONE,identity no longer active
2026-10-02T16:06:14Z,APP_22001_3033686,22001,3033686,27,2885,210.778,0,0,-1,-1,0,0.999931471,NA,NA,70.000000000,MEASURED_CPU_FAULT,CPU;INTERVAL_FAULTS,NA,NA,NA,NA,NA,NA,NA,NA,NA,NA,NA,NA,NA,NA,NA,NA,NA,NA,NA,NA,NA,NA,NA,TARGET_GONE,identity no longer active
2026-10-02T16:06:14Z,APP_22001_3033686,22001,3033686,27,2886,201.802,0,0,-1,-1,0,0.999931471,NA,NA,70.000000000,MEASURED_CPU_FAULT,CPU;INTERVAL_FAULTS,NA,NA,NA,NA,NA,NA,NA,NA,NA,NA,NA,NA,NA,NA,NA,NA,NA,NA,NA,NA,NA,NA,NA,TARGET_GONE,identity no longer active
2026-10-02T16:06:14Z,APP_22001_3033686,22001,3033686,27,2887,195.420,0,0,-1,-1,0,0.999931471,NA,NA,70.000000000,MEASURED_CPU_FAULT,CPU;INTERVAL_FAULTS,NA,NA,NA,NA,NA,NA,NA,NA,NA,NA,NA,NA,NA,NA,NA,NA,NA,NA,NA,NA,NA,NA,NA,TARGET_GONE,identity no longer active
2026-10-02T16:06:14Z,APP_22001_3033686,22001,3033686,27,2888,201.499,0,0,-1,-1,0,0.999931471,NA,NA,70.000000000,MEASURED_CPU_FAULT,CPU;INTERVAL_FAULTS,NA,NA,NA,NA,NA,NA,NA,NA,NA,NA,NA,NA,NA,NA,NA,NA,NA,NA,NA,NA,NA,NA,NA,TARGET_GONE,identity no longer active
2026-10-02T16:06:14Z,APP_22001_3033686,22001,3033686,27,2889,201.893,0,0,-1,-1,0,0.999931471,NA,NA,70.000000000,MEASURED_CPU_FAULT,CPU;INTERVAL_FAULTS,NA,NA,NA,NA,NA,NA,NA,NA,NA,NA,NA,NA,NA,NA,NA,NA,NA,NA,NA,NA,NA,NA,NA,TARGET_GONE,identity no longer active
2026-10-02T16:06:14Z,APP_22001_3033686,22001,3033686,27,2890,201.499,0,0,-1,-1,0,0.999931471,NA,NA,70.000000000,MEASURED_CPU_FAULT,CPU;INTERVAL_FAULTS,NA,NA,NA,NA,NA,NA,NA,NA,NA,NA,NA,NA,NA,NA,NA,NA,NA,NA,NA,NA,NA,NA,NA,TARGET_GONE,identity no longer active
2026-10-02T16:06:15Z,APP_22001_3033686,22001,3033686,27,2891,194.753,0,0,-1,-1,0,0.999931471,NA,NA,70.000000000,MEASURED_CPU_FAULT,CPU;INTERVAL_FAULTS,NA,NA,NA,NA,NA,NA,NA,NA,NA,NA,NA,NA,NA,NA,NA,NA,NA,NA,NA,NA,NA,NA,NA,TARGET_GONE,identity no longer active
2026-10-02T16:06:15Z,APP_22001_3033686,22001,3033686,27,2892,201.499,0,0,-1,-1,0,0.999931471,NA,NA,70.000000000,MEASURED_CPU_FAULT,CPU;INTERVAL_FAULTS,NA,NA,NA,NA,NA,NA,NA,NA,NA,NA,NA,NA,NA,NA,NA,NA,NA,NA,NA,NA,NA,NA,NA,TARGET_GONE,identity no longer active
2026-10-02T16:06:15Z,APP_22001_3033686,22001,3033686,27,2893,202.895,0,0,-1,-1,0,0.999931471,NA,NA,70.000000000,MEASURED_CPU_FAULT,CPU;INTERVAL_FAULTS,NA,NA,NA,NA,NA,NA,NA,NA,NA,NA,NA,NA,NA,NA,NA,NA,NA,NA,NA,NA,NA,NA,NA,TARGET_GONE,identity no longer active
2026-10-02T16:06:15Z,APP_22001_3033686,22001,3033686,27,2894,191.617,0,0,-1,-1,0,0.999931471,NA,NA,70.000000000,MEASURED_CPU_FAULT,CPU;INTERVAL_FAULTS,NA,NA,NA,NA,NA,NA,NA,NA,NA,NA,NA,NA,NA,NA,NA,NA,NA,NA,NA,NA,NA,NA,NA,TARGET_GONE,identity no longer active
2026-10-02T16:06:15Z,APP_22001_3033686,22001,3033686,27,2895,201.802,0,0,-1,-1,0,0.999931471,NA,NA,70.000000000,MEASURED_CPU_FAULT,CPU;INTERVAL_FAULTS,NA,NA,NA,NA,NA,NA,NA,NA,NA,NA,NA,NA,NA,NA,NA,NA,NA,NA,NA,NA,NA,NA,NA,TARGET_GONE,identity no longer active
2026-10-02T16:06:15Z,APP_22001_3033686,22001,3033686,27,2896,203.822,0,0,-1,-1,0,0.999931471,NA,NA,70.000000000,MEASURED_CPU_FAULT,CPU;INTERVAL_FAULTS,NA,NA,NA,NA,NA,NA,NA,NA,NA,NA,NA,NA,NA,NA,NA,NA,NA,NA,NA,NA,NA,NA,NA,TARGET_GONE,identity no longer active
2026-10-02T16:06:15Z,APP_22001_3033686,22001,3033686,27,2897,192.192,0,0,-1,-1,0,0.999931471,NA,NA,70.000000000,MEASURED_CPU_FAULT,CPU;INTERVAL_FAULTS,NA,NA,NA,NA,NA,NA,NA,NA,NA,NA,NA,NA,NA,NA,NA,NA,NA,NA,NA,NA,NA,NA,NA,TARGET_GONE,identity no longer active
2026-10-02T16:06:15Z,APP_22001_3033686,22001,3033686,27,2898,201.681,0,0,-1,-1,0,0.999931471,NA,NA,70.000000000,MEASURED_CPU_FAULT,CPU;INTERVAL_FAULTS,NA,NA,NA,NA,NA,NA,NA,NA,NA,NA,NA,NA,NA,NA,NA,NA,NA,NA,NA,NA,NA,NA,NA,TARGET_GONE,identity no longer active
2026-10-02T16:06:16Z,APP_22001_3033686,22001,3033686,27,2899,201.499,0,0,-1,-1,0,0.999931471,NA,NA,70.000000000,MEASURED_CPU_FAULT,CPU;INTERVAL_FAULTS,NA,NA,NA,NA,NA,NA,NA,NA,NA,NA,NA,NA,NA,NA,NA,NA,NA,NA,NA,NA,NA,NA,NA,TARGET_GONE,identity no longer active
2026-10-02T16:06:16Z,APP_22001_3033686,22001,3033686,27,2900,200.810,0,0,-1,-1,0,0.999931471,NA,NA,70.000000000,MEASURED_CPU_FAULT,CPU;INTERVAL_FAULTS,NA,NA,NA,NA,NA,NA,NA,NA,NA,NA,NA,NA,NA,NA,NA,NA,NA,NA,NA,NA,NA,NA,NA,TARGET_GONE,identity no longer active
2026-10-02T16:06:16Z,APP_22001_3033686,22001,3033686,27,2901,201.198,0,0,-1,-1,0,0.999931471,NA,NA,70.000000000,MEASURED_CPU_FAULT,CPU;INTERVAL_FAULTS,NA,NA,NA,NA,NA,NA,NA,NA,NA,NA,NA,NA,NA,NA,NA,NA,NA,NA,NA,NA,NA,NA,NA,TARGET_GONE,identity no longer active
2026-10-02T16:06:16Z,APP_22001_3033686,22001,3033686,27,2902,199.146,0,0,-1,-1,0,0.999931471,NA,NA,70.000000000,MEASURED_CPU_FAULT,CPU;INTERVAL_FAULTS,NA,NA,NA,NA,NA,NA,NA,NA,NA,NA,NA,NA,NA,NA,NA,NA,NA,NA,NA,NA,NA,NA,NA,TARGET_GONE,identity no longer active
2026-10-02T16:06:16Z,APP_22001_3033686,22001,3033686,27,2903,192.192,0,0,-1,-1,0,0.999931471,NA,NA,70.000000000,MEASURED_CPU_FAULT,CPU;INTERVAL_FAULTS,NA,NA,NA,NA,NA,NA,NA,NA,NA,NA,NA,NA,NA,NA,NA,NA,NA,NA,NA,NA,NA,NA,NA,TARGET_GONE,identity no longer active
2026-10-02T16:06:16Z,APP_22001_3033686,22001,3033686,27,2904,201.802,0,0,-1,-1,0,0.999931471,NA,NA,70.000000000,MEASURED_CPU_FAULT,CPU;INTERVAL_FAULTS,NA,NA,NA,NA,NA,NA,NA,NA,NA,NA,NA,NA,NA,NA,NA,NA,NA,NA,NA,NA,NA,NA,NA,TARGET_GONE,identity no longer active
2026-10-02T16:06:16Z,APP_22001_3033686,22001,3033686,27,2905,197.574,0,0,-1,-1,0,0.999931471,NA,NA,70.000000000,MEASURED_CPU_FAULT,CPU;INTERVAL_FAULTS,NA,NA,NA,NA,NA,NA,NA,NA,NA,NA,NA,NA,NA,NA,NA,NA,NA,NA,NA,NA,NA,NA,NA,TARGET_GONE,identity no longer active
2026-10-02T16:06:16Z,APP_22001_3033686,22001,3033686,27,2906,201.499,0,0,-1,-1,0,0.999931471,NA,NA,70.000000000,MEASURED_CPU_FAULT,CPU;INTERVAL_FAULTS,NA,NA,NA,NA,NA,NA,NA,NA,NA,NA,NA,NA,NA,NA,NA,NA,NA,NA,NA,NA,NA,NA,NA,TARGET_GONE,identity no longer active
2026-10-02T16:06:17Z,APP_22001_3033686,22001,3033686,27,2907,202.985,0,0,-1,-1,0,0.999931471,NA,NA,70.000000000,MEASURED_CPU_FAULT,CPU;INTERVAL_FAULTS,NA,NA,NA,NA,NA,NA,NA,NA,NA,NA,NA,NA,NA,NA,NA,NA,NA,NA,NA,NA,NA,NA,NA,TARGET_GONE,identity no longer active
2026-10-02T16:06:17Z,APP_22001_3033686,22001,3033686,27,2908,191.617,0,0,-1,-1,0,0.999931471,NA,NA,70.000000000,MEASURED_CPU_FAULT,CPU;INTERVAL_FAULTS,NA,NA,NA,NA,NA,NA,NA,NA,NA,NA,NA,NA,NA,NA,NA,NA,NA,NA,NA,NA,NA,NA,NA,TARGET_GONE,identity no longer active
2026-10-02T16:06:17Z,APP_22001_3033686,22001,3033686,27,2909,202.607,0,0,-1,-1,0,0.999931471,NA,NA,70.000000000,MEASURED_CPU_FAULT,CPU;INTERVAL_FAULTS,NA,NA,NA,NA,NA,NA,NA,NA,NA,NA,NA,NA,NA,NA,NA,NA,NA,NA,NA,NA,NA,NA,NA,TARGET_GONE,identity no longer active
2026-10-02T16:06:17Z,APP_22001_3033686,22001,3033686,27,2910,200.104,0,0,-1,-1,0,0.999931471,NA,NA,70.000000000,MEASURED_CPU_FAULT,CPU;INTERVAL_FAULTS,NA,NA,NA,NA,NA,NA,NA,NA,NA,NA,NA,NA,NA,NA,NA,NA,NA,NA,NA,NA,NA,NA,NA,TARGET_GONE,identity no longer active
2026-10-02T16:06:17Z,APP_22001_3033686,22001,3033686,27,2911,191.617,0,0,-1,-1,0,0.999931471,NA,NA,70.000000000,MEASURED_CPU_FAULT,CPU;INTERVAL_FAULTS,NA,NA,NA,NA,NA,NA,NA,NA,NA,NA,NA,NA,NA,NA,NA,NA,NA,NA,NA,NA,NA,NA,NA,TARGET_GONE,identity no longer active
2026-10-02T16:06:17Z,APP_22001_3033686,22001,3033686,27,2912,201.499,0,0,-1,-1,0,0.999931471,NA,NA,70.000000000,MEASURED_CPU_FAULT,CPU;INTERVAL_FAULTS,NA,NA,NA,NA,NA,NA,NA,NA,NA,NA,NA,NA,NA,NA,NA,NA,NA,NA,NA,NA,NA,NA,NA,TARGET_GONE,identity no longer active
2026-10-02T16:06:18Z,APP_22001_3033686,22001,3033686,27,2913,203.732,0,0,-1,-1,0,0.999931471,NA,NA,70.000000000,MEASURED_CPU_FAULT,CPU;INTERVAL_FAULTS,NA,NA,NA,NA,NA,NA,NA,NA,NA,NA,NA,NA,NA,NA,NA,NA,NA,NA,NA,NA,NA,NA,NA,TARGET_GONE,identity no longer active
2026-10-02T16:06:18Z,APP_22001_3033686,22001,3033686,27,2914,201.499,0,0,-1,-1,0,0.999931471,NA,NA,70.000000000,MEASURED_CPU_FAULT,CPU;INTERVAL_FAULTS,NA,NA,NA,NA,NA,NA,NA,NA,NA,NA,NA,NA,NA,NA,NA,NA,NA,NA,NA,NA,NA,NA,NA,TARGET_GONE,identity no longer active
2026-10-02T16:06:18Z,APP_22001_3033686,22001,3033686,27,2915,196.648,0,0,-1,-1,0,0.999931471,NA,NA,70.000000000,MEASURED_CPU_FAULT,CPU;INTERVAL_FAULTS,NA,NA,NA,NA,NA,NA,NA,NA,NA,NA,NA,NA,NA,NA,NA,NA,NA,NA,NA,NA,NA,NA,NA,TARGET_GONE,identity no longer active
2026-10-02T16:06:18Z,APP_22001_3033686,22001,3033686,27,2916,201.198,0,0,-1,-1,0,0.999931471,NA,NA,70.000000000,MEASURED_CPU_FAULT,CPU;INTERVAL_FAULTS,NA,NA,NA,NA,NA,NA,NA,NA,NA,NA,NA,NA,NA,NA,NA,NA,NA,NA,NA,NA,NA,NA,NA,TARGET_GONE,identity no longer active
2026-10-02T16:06:18Z,APP_22001_3033686,22001,3033686,27,2917,202.796,0,0,-1,-1,0,0.999931471,NA,NA,70.000000000,MEASURED_CPU_FAULT,CPU;INTERVAL_FAULTS,NA,NA,NA,NA,NA,NA,NA,NA,NA,NA,NA,NA,NA,NA,NA,NA,NA,NA,NA,NA,NA,NA,NA,TARGET_GONE,identity no longer active
2026-10-02T16:06:18Z,APP_22001_3033686,22001,3033686,27,2918,199.344,0,0,-1,-1,0,0.999931471,NA,NA,70.000000000,MEASURED_CPU_FAULT,CPU;INTERVAL_FAULTS,NA,NA,NA,NA,NA,NA,NA,NA,NA,NA,NA,NA,NA,NA,NA,NA,NA,NA,NA,NA,NA,NA,NA,TARGET_GONE,identity no longer active
2026-10-02T16:06:18Z,APP_22001_3033686,22001,3033686,27,2919,191.617,0,0,-1,-1,0,0.999931471,NA,NA,70.000000000,MEASURED_CPU_FAULT,CPU;INTERVAL_FAULTS,NA,NA,NA,NA,NA,NA,NA,NA,NA,NA,NA,NA,NA,NA,NA,NA,NA,NA,NA,NA,NA,NA,NA,TARGET_GONE,identity no longer active
2026-10-02T16:06:19Z,APP_22001_3033686,22001,3033686,27,2920,211.094,0,0,-1,-1,0,0.999931471,NA,NA,70.000000000,MEASURED_CPU_FAULT,CPU;INTERVAL_FAULTS,NA,NA,NA,NA,NA,NA,NA,NA,NA,NA,NA,NA,NA,NA,NA,NA,NA,NA,NA,NA,NA,NA,NA,TARGET_GONE,identity no longer active
2026-10-02T16:06:19Z,APP_22001_3033686,22001,3033686,27,2921,197.792,0,0,-1,-1,0,0.999931471,NA,NA,70.000000000,MEASURED_CPU_FAULT,CPU;INTERVAL_FAULTS,NA,NA,NA,NA,NA,NA,NA,NA,NA,NA,NA,NA,NA,NA,NA,NA,NA,NA,NA,NA,NA,NA,NA,TARGET_GONE,identity no longer active
2026-10-02T16:06:19Z,APP_22001_3033686,22001,3033686,27,2922,191.617,0,0,-1,-1,0,0.999931471,NA,NA,70.000000000,MEASURED_CPU_FAULT,CPU;INTERVAL_FAULTS,NA,NA,NA,NA,NA,NA,NA,NA,NA,NA,NA,NA,NA,NA,NA,NA,NA,NA,NA,NA,NA,NA,NA,TARGET_GONE,identity no longer active
2026-10-02T16:06:19Z,APP_22001_3033686,22001,3033686,27,2923,202.796,0,0,-1,-1,0,0.999931471,NA,NA,70.000000000,MEASURED_CPU_FAULT,CPU;INTERVAL_FAULTS,NA,NA,NA,NA,NA,NA,NA,NA,NA,NA,NA,NA,NA,NA,NA,NA,NA,NA,NA,NA,NA,NA,NA,TARGET_GONE,identity no longer active
2026-10-02T16:06:19Z,APP_22001_3033686,22001,3033686,27,2924,201.198,0,0,-1,-1,0,0.999931471,NA,NA,70.000000000,MEASURED_CPU_FAULT,CPU;INTERVAL_FAULTS,NA,NA,NA,NA,NA,NA,NA,NA,NA,NA,NA,NA,NA,NA,NA,NA,NA,NA,NA,NA,NA,NA,NA,TARGET_GONE,identity no longer active
2026-10-02T16:06:19Z,APP_22001_3033686,22001,3033686,27,2925,197.413,0,0,-1,-1,0,0.999931471,NA,NA,70.000000000,MEASURED_CPU_FAULT,CPU;INTERVAL_FAULTS,NA,NA,NA,NA,NA,NA,NA,NA,NA,NA,NA,NA,NA,NA,NA,NA,NA,NA,NA,NA,NA,NA,NA,TARGET_GONE,identity no longer active
2026-10-02T16:06:19Z,APP_22001_3033686,22001,3033686,27,2926,201.499,0,0,-1,-1,0,0.999931471,NA,NA,70.000000000,MEASURED_CPU_FAULT,CPU;INTERVAL_FAULTS,NA,NA,NA,NA,NA,NA,NA,NA,NA,NA,NA,NA,NA,NA,NA,NA,NA,NA,NA,NA,NA,NA,NA,TARGET_GONE,identity no longer active
2026-10-02T16:06:19Z,APP_22001_3033686,22001,3033686,27,2927,199.495,0,0,-1,-1,0,0.999931471,NA,NA,70.000000000,MEASURED_CPU_FAULT,CPU;INTERVAL_FAULTS,NA,NA,NA,NA,NA,NA,NA,NA,NA,NA,NA,NA,NA,NA,NA,NA,NA,NA,NA,NA,NA,NA,NA,TARGET_GONE,identity no longer active
2026-10-02T16:06:20Z,APP_22001_3033686,22001,3033686,27,2928,210.778,0,0,-1,-1,0,0.999931471,NA,NA,70.000000000,MEASURED_CPU_FAULT,CPU;INTERVAL_FAULTS,NA,NA,NA,NA,NA,NA,NA,NA,NA,NA,NA,NA,NA,NA,NA,NA,NA,NA,NA,NA,NA,NA,NA,TARGET_GONE,identity no longer active
2026-10-02T16:06:20Z,APP_22001_3033686,22001,3033686,27,2929,202.105,0,0,-1,-1,0,0.999931471,NA,NA,70.000000000,MEASURED_CPU_FAULT,CPU;INTERVAL_FAULTS,NA,NA,NA,NA,NA,NA,NA,NA,NA,NA,NA,NA,NA,NA,NA,NA,NA,NA,NA,NA,NA,NA,NA,TARGET_GONE,identity no longer active
2026-10-02T16:06:20Z,APP_22001_3033686,22001,3033686,27,2930,191.045,0,0,-1,-1,0,0.999931471,NA,NA,70.000000000,MEASURED_CPU_FAULT,CPU;INTERVAL_FAULTS,NA,NA,NA,NA,NA,NA,NA,NA,NA,NA,NA,NA,NA,NA,NA,NA,NA,NA,NA,NA,NA,NA,NA,TARGET_GONE,identity no longer active
2026-10-02T16:06:20Z,APP_22001_3033686,22001,3033686,27,2931,201.802,0,0,-1,-1,0,0.999931471,NA,NA,70.000000000,MEASURED_CPU_FAULT,CPU;INTERVAL_FAULTS,NA,NA,NA,NA,NA,NA,NA,NA,NA,NA,NA,NA,NA,NA,NA,NA,NA,NA,NA,NA,NA,NA,NA,TARGET_GONE,identity no longer active
2026-10-02T16:06:20Z,APP_22001_3033686,22001,3033686,27,2932,200.810,0,0,-1,-1,0,0.999931471,NA,NA,70.000000000,MEASURED_CPU_FAULT,CPU;INTERVAL_FAULTS,NA,NA,NA,NA,NA,NA,NA,NA,NA,NA,NA,NA,NA,NA,NA,NA,NA,NA,NA,NA,NA,NA,NA,TARGET_GONE,identity no longer active
2026-10-02T16:06:20Z,APP_22001_3033686,22001,3033686,27,2933,201.499,0,0,-1,-1,0,0.999931471,NA,NA,70.000000000,MEASURED_CPU_FAULT,CPU;INTERVAL_FAULTS,NA,NA,NA,NA,NA,NA,NA,NA,NA,NA,NA,NA,NA,NA,NA,NA,NA,NA,NA,NA,NA,NA,NA,TARGET_GONE,identity no longer active
2026-10-02T16:06:20Z,APP_22001_3033686,22001,3033686,27,2934,201.972,0,0,-1,-1,0,0.999931471,NA,NA,70.000000000,MEASURED_CPU_FAULT,CPU;INTERVAL_FAULTS,NA,NA,NA,NA,NA,NA,NA,NA,NA,NA,NA,NA,NA,NA,NA,NA,NA,NA,NA,NA,NA,NA,NA,TARGET_GONE,identity no longer active
2026-10-02T16:06:20Z,APP_22001_3033686,22001,3033686,27,2935,202.105,0,0,-1,-1,0,0.999931471,NA,NA,70.000000000,MEASURED_CPU_FAULT,CPU;INTERVAL_FAULTS,NA,NA,NA,NA,NA,NA,NA,NA,NA,NA,NA,NA,NA,NA,NA,NA,NA,NA,NA,NA,NA,NA,NA,TARGET_GONE,identity no longer active
2026-10-02T16:06:21Z,APP_22001_3033686,22001,3033686,27,2936,200.272,0,0,-1,-1,0,0.999931471,NA,NA,70.000000000,MEASURED_CPU_FAULT,CPU;INTERVAL_FAULTS,NA,NA,NA,NA,NA,NA,NA,NA,NA,NA,NA,NA,NA,NA,NA,NA,NA,NA,NA,NA,NA,NA,NA,TARGET_GONE,identity no longer active
2026-10-02T16:06:21Z,APP_22001_3033686,22001,3033686,27,2937,192.192,0,0,-1,-1,0,0.999931471,NA,NA,70.000000000,MEASURED_CPU_FAULT,CPU;INTERVAL_FAULTS,NA,NA,NA,NA,NA,NA,NA,NA,NA,NA,NA,NA,NA,NA,NA,NA,NA,NA,NA,NA,NA,NA,NA,TARGET_GONE,identity no longer active
2026-10-02T16:06:21Z,APP_22001_3033686,22001,3033686,27,2938,201.198,0,0,-1,-1,0,0.999931471,NA,NA,70.000000000,MEASURED_CPU_FAULT,CPU;INTERVAL_FAULTS,NA,NA,NA,NA,NA,NA,NA,NA,NA,NA,NA,NA,NA,NA,NA,NA,NA,NA,NA,NA,NA,NA,NA,TARGET_GONE,identity no longer active
2026-10-02T16:06:21Z,APP_22001_3033686,22001,3033686,27,2939,195.122,0,0,-1,-1,0,0.999931471,NA,NA,70.000000000,MEASURED_CPU_FAULT,CPU;INTERVAL_FAULTS,NA,NA,NA,NA,NA,NA,NA,NA,NA,NA,NA,NA,NA,NA,NA,NA,NA,NA,NA,NA,NA,NA,NA,TARGET_GONE,identity no longer active
2026-10-02T16:06:21Z,APP_22001_3033686,22001,3033686,27,2940,201.198,0,0,-1,-1,0,0.999931471,NA,NA,70.000000000,MEASURED_CPU_FAULT,CPU;INTERVAL_FAULTS,NA,NA,NA,NA,NA,NA,NA,NA,NA,NA,NA,NA,NA,NA,NA,NA,NA,NA,NA,NA,NA,NA,NA,TARGET_GONE,identity no longer active
2026-10-02T16:06:21Z,APP_22001_3033686,22001,3033686,27,2941,208.185,0,0,-1,-1,0,0.999931471,NA,NA,70.000000000,MEASURED_CPU_FAULT,CPU;INTERVAL_FAULTS,NA,NA,NA,NA,NA,NA,NA,NA,NA,NA,NA,NA,NA,NA,NA,NA,NA,NA,NA,NA,NA,NA,NA,TARGET_GONE,identity no longer active
2026-10-02T16:06:21Z,APP_22001_3033686,22001,3033686,27,2942,192.192,0,0,-1,-1,0,0.999931471,NA,NA,70.000000000,MEASURED_CPU_FAULT,CPU;INTERVAL_FAULTS,NA,NA,NA,NA,NA,NA,NA,NA,NA,NA,NA,NA,NA,NA,NA,NA,NA,NA,NA,NA,NA,NA,NA,TARGET_GONE,identity no longer active
2026-10-02T16:06:21Z,APP_22001_3033686,22001,3033686,27,2943,201.681,0,0,-1,-1,0,0.999931471,NA,NA,70.000000000,MEASURED_CPU_FAULT,CPU;INTERVAL_FAULTS,NA,NA,NA,NA,NA,NA,NA,NA,NA,NA,NA,NA,NA,NA,NA,NA,NA,NA,NA,NA,NA,NA,NA,TARGET_GONE,identity no longer active
2026-10-02T16:06:22Z,APP_22001_3033686,22001,3033686,27,2944,201.499,0,0,-1,-1,0,0.999931471,NA,NA,70.000000000,MEASURED_CPU_FAULT,CPU;INTERVAL_FAULTS,NA,NA,NA,NA,NA,NA,NA,NA,NA,NA,NA,NA,NA,NA,NA,NA,NA,NA,NA,NA,NA,NA,NA,TARGET_GONE,identity no longer active
2026-10-02T16:06:22Z,APP_22001_3033686,22001,3033686,27,2945,195.785,0,0,-1,-1,0,0.999931471,NA,NA,70.000000000,MEASURED_CPU_FAULT,CPU;INTERVAL_FAULTS,NA,NA,NA,NA,NA,NA,NA,NA,NA,NA,NA,NA,NA,NA,NA,NA,NA,NA,NA,NA,NA,NA,NA,TARGET_GONE,identity no longer active
2026-10-02T16:06:22Z,APP_22001_3033686,22001,3033686,27,2946,210.149,0,0,-1,-1,0,0.999931471,NA,NA,70.000000000,MEASURED_CPU_FAULT,CPU;INTERVAL_FAULTS,NA,NA,NA,NA,NA,NA,NA,NA,NA,NA,NA,NA,NA,NA,NA,NA,NA,NA,NA,NA,NA,NA,NA,TARGET_GONE,identity no longer active
2026-10-02T16:06:22Z,APP_22001_3033686,22001,3033686,27,2947,202.105,0,0,-1,-1,0,0.999931471,NA,NA,70.000000000,MEASURED_CPU_FAULT,CPU;INTERVAL_FAULTS,NA,NA,NA,NA,NA,NA,NA,NA,NA,NA,NA,NA,NA,NA,NA,NA,NA,NA,NA,NA,NA,NA,NA,TARGET_GONE,identity no longer active
2026-10-02T16:06:22Z,APP_22001_3033686,22001,3033686,27,2948,194.647,0,0,-1,-1,0,0.999931471,NA,NA,70.000000000,MEASURED_CPU_FAULT,CPU;INTERVAL_FAULTS,NA,NA,NA,NA,NA,NA,NA,NA,NA,NA,NA,NA,NA,NA,NA,NA,NA,NA,NA,NA,NA,NA,NA,TARGET_GONE,identity no longer active
2026-10-02T16:06:22Z,APP_22001_3033686,22001,3033686,27,2949,211.094,0,0,-1,-1,0,0.999931471,NA,NA,70.000000000,MEASURED_CPU_FAULT,CPU;INTERVAL_FAULTS,NA,NA,NA,NA,NA,NA,NA,NA,NA,NA,NA,NA,NA,NA,NA,NA,NA,NA,NA,NA,NA,NA,NA,TARGET_GONE,identity no longer active
2026-10-02T16:06:22Z,APP_22001_3033686,22001,3033686,27,2950,191.538,0,0,-1,-1,0,0.999931471,NA,NA,70.000000000,MEASURED_CPU_FAULT,CPU;INTERVAL_FAULTS,NA,NA,NA,NA,NA,NA,NA,NA,NA,NA,NA,NA,NA,NA,NA,NA,NA,NA,NA,NA,NA,NA,NA,TARGET_GONE,identity no longer active
2026-10-02T16:06:22Z,APP_22001_3033686,22001,3033686,27,2951,201.802,0,0,-1,-1,0,0.999931471,NA,NA,70.000000000,MEASURED_CPU_FAULT,CPU;INTERVAL_FAULTS,NA,NA,NA,NA,NA,NA,NA,NA,NA,NA,NA,NA,NA,NA,NA,NA,NA,NA,NA,NA,NA,NA,NA,TARGET_GONE,identity no longer active
2026-10-02T16:06:23Z,APP_22001_3033686,22001,3033686,27,2952,200.607,0,0,-1,-1,0,0.999931471,NA,NA,70.000000000,MEASURED_CPU_FAULT,CPU;INTERVAL_FAULTS,NA,NA,NA,NA,NA,NA,NA,NA,NA,NA,NA,NA,NA,NA,NA,NA,NA,NA,NA,NA,NA,NA,NA,TARGET_GONE,identity no longer active
2026-10-02T16:06:23Z,APP_22001_3033686,22001,3033686,27,2953,201.499,0,0,-1,-1,0,0.999931471,NA,NA,70.000000000,MEASURED_CPU_FAULT,CPU;INTERVAL_FAULTS,NA,NA,NA,NA,NA,NA,NA,NA,NA,NA,NA,NA,NA,NA,NA,NA,NA,NA,NA,NA,NA,NA,NA,TARGET_GONE,identity no longer active
2026-10-02T16:06:23Z,APP_22001_3033686,22001,3033686,27,2954,201.093,0,0,-1,-1,0,0.999931471,NA,NA,70.000000000,MEASURED_CPU_FAULT,CPU;INTERVAL_FAULTS,NA,NA,NA,NA,NA,NA,NA,NA,NA,NA,NA,NA,NA,NA,NA,NA,NA,NA,NA,NA,NA,NA,NA,TARGET_GONE,identity no longer active
2026-10-02T16:06:23Z,APP_22001_3033686,22001,3033686,27,2955,191.617,0,0,-1,-1,0,0.999931471,NA,NA,70.000000000,MEASURED_CPU_FAULT,CPU;INTERVAL_FAULTS,NA,NA,NA,NA,NA,NA,NA,NA,NA,NA,NA,NA,NA,NA,NA,NA,NA,NA,NA,NA,NA,NA,NA,TARGET_GONE,identity no longer active
2026-10-02T16:06:23Z,APP_22001_3033686,22001,3033686,27,2956,201.499,0,0,-1,-1,0,0.999931471,NA,NA,70.000000000,MEASURED_CPU_FAULT,CPU;INTERVAL_FAULTS,NA,NA,NA,NA,NA,NA,NA,NA,NA,NA,NA,NA,NA,NA,NA,NA,NA,NA,NA,NA,NA,NA,NA,TARGET_GONE,identity no longer active
2026-10-02T16:06:23Z,APP_22001_3033686,22001,3033686,27,2957,204.180,0,0,-1,-1,0,0.999931471,NA,NA,70.000000000,MEASURED_CPU_FAULT,CPU;INTERVAL_FAULTS,NA,NA,NA,NA,NA,NA,NA,NA,NA,NA,NA,NA,NA,NA,NA,NA,NA,NA,NA,NA,NA,NA,NA,TARGET_GONE,identity no longer active
2026-10-02T16:06:23Z,APP_22001_3033686,22001,3033686,27,2958,201.499,0,0,-1,-1,0,0.999931471,NA,NA,70.000000000,MEASURED_CPU_FAULT,CPU;INTERVAL_FAULTS,NA,NA,NA,NA,NA,NA,NA,NA,NA,NA,NA,NA,NA,NA,NA,NA,NA,NA,NA,NA,NA,NA,NA,TARGET_GONE,identity no longer active
2026-10-02T16:06:23Z,APP_22001_3033686,22001,3033686,27,2959,196.283,0,0,-1,-1,0,0.999931471,NA,NA,70.000000000,MEASURED_CPU_FAULT,CPU;INTERVAL_FAULTS,NA,NA,NA,NA,NA,NA,NA,NA,NA,NA,NA,NA,NA,NA,NA,NA,NA,NA,NA,NA,NA,NA,NA,TARGET_GONE,identity no longer active
2026-10-02T16:06:24Z,APP_22001_3033686,22001,3033686,27,2960,201.198,0,0,-1,-1,0,0.999931471,NA,NA,70.000000000,MEASURED_CPU_FAULT,CPU;INTERVAL_FAULTS,NA,NA,NA,NA,NA,NA,NA,NA,NA,NA,NA,NA,NA,NA,NA,NA,NA,NA,NA,NA,NA,NA,NA,TARGET_GONE,identity no longer active
2026-10-02T16:06:24Z,APP_22001_3033686,22001,3033686,27,2961,201.421,0,0,-1,-1,0,0.999931471,NA,NA,70.000000000,MEASURED_CPU_FAULT,CPU;INTERVAL_FAULTS,NA,NA,NA,NA,NA,NA,NA,NA,NA,NA,NA,NA,NA,NA,NA,NA,NA,NA,NA,NA,NA,NA,NA,TARGET_GONE,identity no longer active
2026-10-02T16:06:24Z,APP_22001_3033686,22001,3033686,27,2962,201.802,0,0,-1,-1,0,0.999931471,NA,NA,70.000000000,MEASURED_CPU_FAULT,CPU;INTERVAL_FAULTS,NA,NA,NA,NA,NA,NA,NA,NA,NA,NA,NA,NA,NA,NA,NA,NA,NA,NA,NA,NA,NA,NA,NA,TARGET_GONE,identity no longer active
2026-10-02T16:06:24Z,APP_22001_3033686,22001,3033686,27,2963,201.381,0,0,-1,-1,0,0.999931471,NA,NA,70.000000000,MEASURED_CPU_FAULT,CPU;INTERVAL_FAULTS,NA,NA,NA,NA,NA,NA,NA,NA,NA,NA,NA,NA,NA,NA,NA,NA,NA,NA,NA,NA,NA,NA,NA,TARGET_GONE,identity no longer active
2026-10-02T16:06:24Z,APP_22001_3033686,22001,3033686,27,2964,191.617,0,0,-1,-1,0,0.999931471,NA,NA,70.000000000,MEASURED_CPU_FAULT,CPU;INTERVAL_FAULTS,NA,NA,NA,NA,NA,NA,NA,NA,NA,NA,NA,NA,NA,NA,NA,NA,NA,NA,NA,NA,NA,NA,NA,TARGET_GONE,identity no longer active
2026-10-02T16:06:24Z,APP_22001_3033686,22001,3033686,27,2965,202.105,0,0,-1,-1,0,0.999931471,NA,NA,70.000000000,MEASURED_CPU_FAULT,CPU;INTERVAL_FAULTS,NA,NA,NA,NA,NA,NA,NA,NA,NA,NA,NA,NA,NA,NA,NA,NA,NA,NA,NA,NA,NA,NA,NA,TARGET_GONE,identity no longer active
2026-10-02T16:06:24Z,APP_22001_3033686,22001,3033686,27,2966,204.878,0,0,-1,-1,0,0.999931471,NA,NA,70.000000000,MEASURED_CPU_FAULT,CPU;INTERVAL_FAULTS,NA,NA,NA,NA,NA,NA,NA,NA,NA,NA,NA,NA,NA,NA,NA,NA,NA,NA,NA,NA,NA,NA,NA,TARGET_GONE,identity no longer active
2026-10-02T16:06:24Z,APP_22001_3033686,22001,3033686,27,2967,192.192,0,0,-1,-1,0,0.999931471,NA,NA,70.000000000,MEASURED_CPU_FAULT,CPU;INTERVAL_FAULTS,NA,NA,NA,NA,NA,NA,NA,NA,NA,NA,NA,NA,NA,NA,NA,NA,NA,NA,NA,NA,NA,NA,NA,TARGET_GONE,identity no longer active
2026-10-02T16:06:25Z,APP_22001_3033686,22001,3033686,27,2968,201.217,0,0,-1,-1,0,0.999931471,NA,NA,70.000000000,MEASURED_CPU_FAULT,CPU;INTERVAL_FAULTS,NA,NA,NA,NA,NA,NA,NA,NA,NA,NA,NA,NA,NA,NA,NA,NA,NA,NA,NA,NA,NA,NA,NA,TARGET_GONE,identity no longer active
2026-10-02T16:06:25Z,APP_22001_3033686,22001,3033686,27,2969,201.499,0,0,-1,-1,0,0.999931471,NA,NA,70.000000000,MEASURED_CPU_FAULT,CPU;INTERVAL_FAULTS,NA,NA,NA,NA,NA,NA,NA,NA,NA,NA,NA,NA,NA,NA,NA,NA,NA,NA,NA,NA,NA,NA,NA,TARGET_GONE,identity no longer active
2026-10-02T16:06:25Z,APP_22001_3033686,22001,3033686,27,2970,200.810,0,0,-1,-1,0,0.999931471,NA,NA,70.000000000,MEASURED_CPU_FAULT,CPU;INTERVAL_FAULTS,NA,NA,NA,NA,NA,NA,NA,NA,NA,NA,NA,NA,NA,NA,NA,NA,NA,NA,NA,NA,NA,NA,NA,TARGET_GONE,identity no longer active
2026-10-02T16:06:25Z,APP_22001_3033686,22001,3033686,27,2971,201.499,0,0,-1,-1,0,0.999931471,NA,NA,70.000000000,MEASURED_CPU_FAULT,CPU;INTERVAL_FAULTS,NA,NA,NA,NA,NA,NA,NA,NA,NA,NA,NA,NA,NA,NA,NA,NA,NA,NA,NA,NA,NA,NA,NA,TARGET_GONE,identity no longer active
2026-10-02T16:06:25Z,APP_22001_3033686,22001,3033686,27,2972,197.938,0,0,-1,-1,0,0.999931471,NA,NA,70.000000000,MEASURED_CPU_FAULT,CPU;INTERVAL_FAULTS,NA,NA,NA,NA,NA,NA,NA,NA,NA,NA,NA,NA,NA,NA,NA,NA,NA,NA,NA,NA,NA,NA,NA,TARGET_GONE,identity no longer active
2026-10-02T16:06:25Z,APP_22001_3033686,22001,3033686,27,2973,205.210,0,0,-1,-1,0,0.999931471,NA,NA,70.000000000,MEASURED_CPU_FAULT,CPU;INTERVAL_FAULTS,NA,NA,NA,NA,NA,NA,NA,NA,NA,NA,NA,NA,NA,NA,NA,NA,NA,NA,NA,NA,NA,NA,NA,TARGET_GONE,identity no longer active
2026-10-02T16:06:25Z,APP_22001_3033686,22001,3033686,27,2974,191.617,0,0,-1,-1,0,0.999931471,NA,NA,70.000000000,MEASURED_CPU_FAULT,CPU;INTERVAL_FAULTS,NA,NA,NA,NA,NA,NA,NA,NA,NA,NA,NA,NA,NA,NA,NA,NA,NA,NA,NA,NA,NA,NA,NA,TARGET_GONE,identity no longer active
2026-10-02T16:06:25Z,APP_22001_3033686,22001,3033686,27,2975,205.505,0,0,-1,-1,0,0.999931471,NA,NA,70.000000000,MEASURED_CPU_FAULT,CPU;INTERVAL_FAULTS,NA,NA,NA,NA,NA,NA,NA,NA,NA,NA,NA,NA,NA,NA,NA,NA,NA,NA,NA,NA,NA,NA,NA,TARGET_GONE,identity no longer active
2026-10-02T16:06:26Z,APP_22001_3033686,22001,3033686,27,2976,201.198,0,0,-1,-1,0,0.999931471,NA,NA,70.000000000,MEASURED_CPU_FAULT,CPU;INTERVAL_FAULTS,NA,NA,NA,NA,NA,NA,NA,NA,NA,NA,NA,NA,NA,NA,NA,NA,NA,NA,NA,NA,NA,NA,NA,TARGET_GONE,identity no longer active
2026-10-02T16:06:26Z,APP_22001_3033686,22001,3033686,27,2977,201.013,0,0,-1,-1,0,0.999931471,NA,NA,70.000000000,MEASURED_CPU_FAULT,CPU;INTERVAL_FAULTS,NA,NA,NA,NA,NA,NA,NA,NA,NA,NA,NA,NA,NA,NA,NA,NA,NA,NA,NA,NA,NA,NA,NA,TARGET_GONE,identity no longer active
2026-10-02T16:06:26Z,APP_22001_3033686,22001,3033686,27,2978,201.802,0,0,-1,-1,0,0.999931471,NA,NA,70.000000000,MEASURED_CPU_FAULT,CPU;INTERVAL_FAULTS,NA,NA,NA,NA,NA,NA,NA,NA,NA,NA,NA,NA,NA,NA,NA,NA,NA,NA,NA,NA,NA,NA,NA,TARGET_GONE,identity no longer active
2026-10-02T16:06:26Z,APP_22001_3033686,22001,3033686,27,2979,194.529,0,0,-1,-1,0,0.999931471,NA,NA,70.000000000,MEASURED_CPU_FAULT,CPU;INTERVAL_FAULTS,NA,NA,NA,NA,NA,NA,NA,NA,NA,NA,NA,NA,NA,NA,NA,NA,NA,NA,NA,NA,NA,NA,NA,TARGET_GONE,identity no longer active
2026-10-02T16:06:26Z,APP_22001_3033686,22001,3033686,27,2980,201.198,0,0,-1,-1,0,0.999931471,NA,NA,70.000000000,MEASURED_CPU_FAULT,CPU;INTERVAL_FAULTS,NA,NA,NA,NA,NA,NA,NA,NA,NA,NA,NA,NA,NA,NA,NA,NA,NA,NA,NA,NA,NA,NA,NA,TARGET_GONE,identity no longer active
2026-10-02T16:06:26Z,APP_22001_3033686,22001,3033686,27,2981,203.873,0,0,-1,-1,0,0.999931471,NA,NA,70.000000000,MEASURED_CPU_FAULT,CPU;INTERVAL_FAULTS,NA,NA,NA,NA,NA,NA,NA,NA,NA,NA,NA,NA,NA,NA,NA,NA,NA,NA,NA,NA,NA,NA,NA,TARGET_GONE,identity no longer active
2026-10-02T16:06:26Z,APP_22001_3033686,22001,3033686,27,2982,191.045,0,0,-1,-1,0,0.999931471,NA,NA,70.000000000,MEASURED_CPU_FAULT,CPU;INTERVAL_FAULTS,NA,NA,NA,NA,NA,NA,NA,NA,NA,NA,NA,NA,NA,NA,NA,NA,NA,NA,NA,NA,NA,NA,NA,TARGET_GONE,identity no longer active
2026-10-02T16:06:26Z,APP_22001_3033686,22001,3033686,27,2983,201.802,0,0,-1,-1,0,0.999931471,NA,NA,70.000000000,MEASURED_CPU_FAULT,CPU;INTERVAL_FAULTS,NA,NA,NA,NA,NA,NA,NA,NA,NA,NA,NA,NA,NA,NA,NA,NA,NA,NA,NA,NA,NA,NA,NA,TARGET_GONE,identity no longer active
2026-10-02T16:06:27Z,APP_22001_3033686,22001,3033686,27,2984,199.253,0,0,-1,-1,0,0.999931471,NA,NA,70.000000000,MEASURED_CPU_FAULT,CPU;INTERVAL_FAULTS,NA,NA,NA,NA,NA,NA,NA,NA,NA,NA,NA,NA,NA,NA,NA,NA,NA,NA,NA,NA,NA,NA,NA,TARGET_GONE,identity no longer active
2026-10-02T16:06:27Z,APP_22001_3033686,22001,3033686,27,2985,192.192,0,0,-1,-1,0,0.999931471,NA,NA,70.000000000,MEASURED_CPU_FAULT,CPU;INTERVAL_FAULTS,NA,NA,NA,NA,NA,NA,NA,NA,NA,NA,NA,NA,NA,NA,NA,NA,NA,NA,NA,NA,NA,NA,NA,TARGET_GONE,identity no longer active
2026-10-02T16:06:27Z,APP_22001_3033686,22001,3033686,27,2986,204.536,0,0,-1,-1,0,0.999931471,NA,NA,70.000000000,MEASURED_CPU_FAULT,CPU;INTERVAL_FAULTS,NA,NA,NA,NA,NA,NA,NA,NA,NA,NA,NA,NA,NA,NA,NA,NA,NA,NA,NA,NA,NA,NA,NA,TARGET_GONE,identity no longer active
2026-10-02T16:06:27Z,APP_22001_3033686,22001,3033686,27,2987,201.499,0,0,-1,-1,0,0.999931471,NA,NA,70.000000000,MEASURED_CPU_FAULT,CPU;INTERVAL_FAULTS,NA,NA,NA,NA,NA,NA,NA,NA,NA,NA,NA,NA,NA,NA,NA,NA,NA,NA,NA,NA,NA,NA,NA,TARGET_GONE,identity no longer active
2026-10-02T16:06:27Z,APP_22001_3033686,22001,3033686,27,2988,196.831,0,0,-1,-1,0,0.999931471,NA,NA,70.000000000,MEASURED_CPU_FAULT,CPU;INTERVAL_FAULTS,NA,NA,NA,NA,NA,NA,NA,NA,NA,NA,NA,NA,NA,NA,NA,NA,NA,NA,NA,NA,NA,NA,NA,TARGET_GONE,identity no longer active
2026-10-02T16:06:27Z,APP_22001_3033686,22001,3033686,27,2989,201.802,0,0,-1,-1,0,0.999931471,NA,NA,70.000000000,MEASURED_CPU_FAULT,CPU;INTERVAL_FAULTS,NA,NA,NA,NA,NA,NA,NA,NA,NA,NA,NA,NA,NA,NA,NA,NA,NA,NA,NA,NA,NA,NA,NA,TARGET_GONE,identity no longer active
2026-10-02T16:06:27Z,APP_22001_3033686,22001,3033686,27,2990,199.005,0,0,-1,-1,0,0.999931471,NA,NA,70.000000000,MEASURED_CPU_FAULT,CPU;INTERVAL_FAULTS,NA,NA,NA,NA,NA,NA,NA,NA,NA,NA,NA,NA,NA,NA,NA,NA,NA,NA,NA,NA,NA,NA,NA,TARGET_GONE,identity no longer active
2026-10-02T16:06:28Z,APP_22001_3033686,22001,3033686,27,2991,204.800,0,0,-1,-1,0,0.999931471,NA,NA,70.000000000,MEASURED_CPU_FAULT,CPU;INTERVAL_FAULTS,NA,NA,NA,NA,NA,NA,NA,NA,NA,NA,NA,NA,NA,NA,NA,NA,NA,NA,NA,NA,NA,NA,NA,TARGET_GONE,identity no longer active
2026-10-02T16:06:28Z,APP_22001_3033686,22001,3033686,27,2992,201.499,0,0,-1,-1,0,0.999931471,NA,NA,70.000000000,MEASURED_CPU_FAULT,CPU;INTERVAL_FAULTS,NA,NA,NA,NA,NA,NA,NA,NA,NA,NA,NA,NA,NA,NA,NA,NA,NA,NA,NA,NA,NA,NA,NA,TARGET_GONE,identity no longer active
2026-10-02T16:06:28Z,APP_22001_3033686,22001,3033686,27,2993,201.368,0,0,-1,-1,0,0.999931471,NA,NA,70.000000000,MEASURED_CPU_FAULT,CPU;INTERVAL_FAULTS,NA,NA,NA,NA,NA,NA,NA,NA,NA,NA,NA,NA,NA,NA,NA,NA,NA,NA,NA,NA,NA,NA,NA,TARGET_GONE,identity no longer active
2026-10-02T16:06:28Z,APP_22001_3033686,22001,3033686,27,2994,191.617,0,0,-1,-1,0,0.999931471,NA,NA,70.000000000,MEASURED_CPU_FAULT,CPU;INTERVAL_FAULTS,NA,NA,NA,NA,NA,NA,NA,NA,NA,NA,NA,NA,NA,NA,NA,NA,NA,NA,NA,NA,NA,NA,NA,TARGET_GONE,identity no longer active
2026-10-02T16:06:28Z,APP_22001_3033686,22001,3033686,27,2995,205.993,0,0,-1,-1,0,0.999931471,NA,NA,70.000000000,MEASURED_CPU_FAULT,CPU;INTERVAL_FAULTS,NA,NA,NA,NA,NA,NA,NA,NA,NA,NA,NA,NA,NA,NA,NA,NA,NA,NA,NA,NA,NA,NA,NA,TARGET_GONE,identity no longer active
2026-10-02T16:06:28Z,APP_22001_3033686,22001,3033686,27,2996,192.000,0,0,-1,-1,0,0.999931471,NA,NA,70.000000000,MEASURED_CPU_FAULT,CPU;INTERVAL_FAULTS,NA,NA,NA,NA,NA,NA,NA,NA,NA,NA,NA,NA,NA,NA,NA,NA,NA,NA,NA,NA,NA,NA,NA,TARGET_GONE,identity no longer active
2026-10-02T16:06:28Z,APP_22001_3033686,22001,3033686,27,2997,201.802,0,0,-1,-1,0,0.999931471,NA,NA,70.000000000,MEASURED_CPU_FAULT,CPU;INTERVAL_FAULTS,NA,NA,NA,NA,NA,NA,NA,NA,NA,NA,NA,NA,NA,NA,NA,NA,NA,NA,NA,NA,NA,NA,NA,TARGET_GONE,identity no longer active
2026-10-02T16:06:28Z,APP_22001_3033686,22001,3033686,27,2998,200.545,0,0,-1,-1,0,0.999931471,NA,NA,70.000000000,MEASURED_CPU_FAULT,CPU;INTERVAL_FAULTS,NA,NA,NA,NA,NA,NA,NA,NA,NA,NA,NA,NA,NA,NA,NA,NA,NA,NA,NA,NA,NA,NA,NA,TARGET_GONE,identity no longer active
2026-10-02T16:06:28Z,APP_22001_3033686,22001,3033686,27,2999,201.499,0,0,-1,-1,0,0.999931471,NA,NA,70.000000000,MEASURED_CPU_FAULT,CPU;INTERVAL_FAULTS,NA,NA,NA,NA,NA,NA,NA,NA,NA,NA,NA,NA,NA,NA,NA,NA,NA,NA,NA,NA,NA,NA,NA,TARGET_GONE,identity no longer active
2026-10-02T16:06:29Z,APP_22001_3033686,22001,3033686,27,3000,199.361,0,0,-1,-1,0,0.999931471,NA,NA,70.000000000,MEASURED_CPU_FAULT,CPU;INTERVAL_FAULTS,NA,NA,NA,NA,NA,NA,NA,NA,NA,NA,NA,NA,NA,NA,NA,NA,NA,NA,NA,NA,NA,NA,NA,TARGET_GONE,identity no longer active
2026-10-02T16:06:29Z,APP_22001_3033686,22001,3033686,27,3001,205.622,0,0,-1,-1,0,0.999931471,NA,NA,70.000000000,MEASURED_CPU_FAULT,CPU;INTERVAL_FAULTS,NA,NA,NA,NA,NA,NA,NA,NA,NA,NA,NA,NA,NA,NA,NA,NA,NA,NA,NA,NA,NA,NA,NA,TARGET_GONE,identity no longer active
2026-10-02T16:06:29Z,APP_22001_3033686,22001,3033686,27,3002,191.617,0,0,-1,-1,0,0.999931471,NA,NA,70.000000000,MEASURED_CPU_FAULT,CPU;INTERVAL_FAULTS,NA,NA,NA,NA,NA,NA,NA,NA,NA,NA,NA,NA,NA,NA,NA,NA,NA,NA,NA,NA,NA,NA,NA,TARGET_GONE,identity no longer active
2026-10-02T16:06:29Z,APP_22001_3033686,22001,3033686,27,3003,209.264,0,0,-1,-1,0,0.999931471,NA,NA,70.000000000,MEASURED_CPU_FAULT,CPU;INTERVAL_FAULTS,NA,NA,NA,NA,NA,NA,NA,NA,NA,NA,NA,NA,NA,NA,NA,NA,NA,NA,NA,NA,NA,NA,NA,TARGET_GONE,identity no longer active
2026-10-02T16:06:29Z,APP_22001_3033686,22001,3033686,27,3004,191.617,0,0,-1,-1,0,0.999931471,NA,NA,70.000000000,MEASURED_CPU_FAULT,CPU;INTERVAL_FAULTS,NA,NA,NA,NA,NA,NA,NA,NA,NA,NA,NA,NA,NA,NA,NA,NA,NA,NA,NA,NA,NA,NA,NA,TARGET_GONE,identity no longer active
2026-10-02T16:06:29Z,APP_22001_3033686,22001,3033686,27,3005,199.555,0,0,-1,-1,0,0.999931471,NA,NA,70.000000000,MEASURED_CPU_FAULT,CPU;INTERVAL_FAULTS,NA,NA,NA,NA,NA,NA,NA,NA,NA,NA,NA,NA,NA,NA,NA,NA,NA,NA,NA,NA,NA,NA,NA,TARGET_GONE,identity no longer active
2026-10-02T16:06:29Z,APP_22001_3033686,22001,3033686,27,3006,203.984,0,0,-1,-1,0,0.999931471,NA,NA,70.000000000,MEASURED_CPU_FAULT,CPU;INTERVAL_FAULTS,NA,NA,NA,NA,NA,NA,NA,NA,NA,NA,NA,NA,NA,NA,NA,NA,NA,NA,NA,NA,NA,NA,NA,TARGET_GONE,identity no longer active
2026-10-02T16:06:29Z,APP_22001_3033686,22001,3033686,27,3007,201.802,0,0,-1,-1,0,0.999931471,NA,NA,70.000000000,MEASURED_CPU_FAULT,CPU;INTERVAL_FAULTS,NA,NA,NA,NA,NA,NA,NA,NA,NA,NA,NA,NA,NA,NA,NA,NA,NA,NA,NA,NA,NA,NA,NA,TARGET_GONE,identity no longer active
2026-10-02T16:06:29Z,APP_22001_3033686,22001,3033686,27,3008,201.093,0,0,-1,-1,0,0.999931471,NA,NA,70.000000000,MEASURED_CPU_FAULT,CPU;INTERVAL_FAULTS,NA,NA,NA,NA,NA,NA,NA,NA,NA,NA,NA,NA,NA,NA,NA,NA,NA,NA,NA,NA,NA,NA,NA,TARGET_GONE,identity no longer active
2026-10-02T16:06:30Z,APP_22001_3033686,22001,3033686,27,3009,201.198,0,0,-1,-1,0,0.999931471,NA,NA,70.000000000,MEASURED_CPU_FAULT,CPU;INTERVAL_FAULTS,NA,NA,NA,NA,NA,NA,NA,NA,NA,NA,NA,NA,NA,NA,NA,NA,NA,NA,NA,NA,NA,NA,NA,TARGET_GONE,identity no longer active
2026-10-02T16:06:30Z,APP_22001_3033686,22001,3033686,27,3010,202.559,0,0,-1,-1,0,0.999931471,NA,NA,70.000000000,MEASURED_CPU_FAULT,CPU;INTERVAL_FAULTS,NA,NA,NA,NA,NA,NA,NA,NA,NA,NA,NA,NA,NA,NA,NA,NA,NA,NA,NA,NA,NA,NA,NA,TARGET_GONE,identity no longer active
2026-10-02T16:06:30Z,APP_22001_3033686,22001,3033686,27,3011,192.771,0,0,-1,-1,0,0.999931471,NA,NA,70.000000000,MEASURED_CPU_FAULT,CPU;INTERVAL_FAULTS,NA,NA,NA,NA,NA,NA,NA,NA,NA,NA,NA,NA,NA,NA,NA,NA,NA,NA,NA,NA,NA,NA,NA,TARGET_GONE,identity no longer active
2026-10-02T16:06:30Z,APP_22001_3033686,22001,3033686,27,3012,201.198,0,0,-1,-1,0,0.999931471,NA,NA,70.000000000,MEASURED_CPU_FAULT,CPU;INTERVAL_FAULTS,NA,NA,NA,NA,NA,NA,NA,NA,NA,NA,NA,NA,NA,NA,NA,NA,NA,NA,NA,NA,NA,NA,NA,TARGET_GONE,identity no longer active
2026-10-02T16:06:30Z,APP_22001_3033686,22001,3033686,27,3013,198.870,0,0,-1,-1,0,0.999931471,NA,NA,70.000000000,MEASURED_CPU_FAULT,CPU;INTERVAL_FAULTS,NA,NA,NA,NA,NA,NA,NA,NA,NA,NA,NA,NA,NA,NA,NA,NA,NA,NA,NA,NA,NA,NA,NA,TARGET_GONE,identity no longer active
2026-10-02T16:06:30Z,APP_22001_3033686,22001,3033686,27,3014,201.499,0,0,-1,-1,0,0.999931471,NA,NA,70.000000000,MEASURED_CPU_FAULT,CPU;INTERVAL_FAULTS,NA,NA,NA,NA,NA,NA,NA,NA,NA,NA,NA,NA,NA,NA,NA,NA,NA,NA,NA,NA,NA,NA,NA,TARGET_GONE,identity no longer active
2026-10-02T16:06:30Z,APP_22001_3033686,22001,3033686,27,3015,198.165,0,0,-1,-1,0,0.999931471,NA,NA,70.000000000,MEASURED_CPU_FAULT,CPU;INTERVAL_FAULTS,NA,NA,NA,NA,NA,NA,NA,NA,NA,NA,NA,NA,NA,NA,NA,NA,NA,NA,NA,NA,NA,NA,NA,TARGET_GONE,identity no longer active
2026-10-02T16:06:30Z,APP_22001_3033686,22001,3033686,27,3016,203.984,0,0,-1,-1,0,0.999931471,NA,NA,70.000000000,MEASURED_CPU_FAULT,CPU;INTERVAL_FAULTS,NA,NA,NA,NA,NA,NA,NA,NA,NA,NA,NA,NA,NA,NA,NA,NA,NA,NA,NA,NA,NA,NA,NA,TARGET_GONE,identity no longer active
2026-10-02T16:06:31Z,APP_22001_3033686,22001,3033686,27,3017,201.802,0,0,-1,-1,0,0.999931471,NA,NA,70.000000000,MEASURED_CPU_FAULT,CPU;INTERVAL_FAULTS,NA,NA,NA,NA,NA,NA,NA,NA,NA,NA,NA,NA,NA,NA,NA,NA,NA,NA,NA,NA,NA,NA,NA,TARGET_GONE,identity no longer active
2026-10-02T16:06:31Z,APP_22001_3033686,22001,3033686,27,3018,190.099,0,0,-1,-1,0,0.999931471,NA,NA,70.000000000,MEASURED_CPU_FAULT,CPU;INTERVAL_FAULTS,NA,NA,NA,NA,NA,NA,NA,NA,NA,NA,NA,NA,NA,NA,NA,NA,NA,NA,NA,NA,NA,NA,NA,TARGET_GONE,identity no longer active
2026-10-02T16:06:31Z,APP_22001_3033686,22001,3033686,27,3019,201.802,0,0,-1,-1,0,0.999931471,NA,NA,70.000000000,MEASURED_CPU_FAULT,CPU;INTERVAL_FAULTS,NA,NA,NA,NA,NA,NA,NA,NA,NA,NA,NA,NA,NA,NA,NA,NA,NA,NA,NA,NA,NA,NA,NA,TARGET_GONE,identity no longer active
2026-10-02T16:06:31Z,APP_22001_3033686,22001,3033686,27,3020,201.258,0,0,-1,-1,0,0.999931471,NA,NA,70.000000000,MEASURED_CPU_FAULT,CPU;INTERVAL_FAULTS,NA,NA,NA,NA,NA,NA,NA,NA,NA,NA,NA,NA,NA,NA,NA,NA,NA,NA,NA,NA,NA,NA,NA,TARGET_GONE,identity no longer active
2026-10-02T16:06:31Z,APP_22001_3033686,22001,3033686,27,3021,204.391,0,0,-1,-1,0,0.999931471,NA,NA,70.000000000,MEASURED_CPU_FAULT,CPU;INTERVAL_FAULTS,NA,NA,NA,NA,NA,NA,NA,NA,NA,NA,NA,NA,NA,NA,NA,NA,NA,NA,NA,NA,NA,NA,NA,TARGET_GONE,identity no longer active
2026-10-02T16:06:31Z,APP_22001_3033686,22001,3033686,27,3022,201.499,0,0,-1,-1,0,0.999931471,NA,NA,70.000000000,MEASURED_CPU_FAULT,CPU;INTERVAL_FAULTS,NA,NA,NA,NA,NA,NA,NA,NA,NA,NA,NA,NA,NA,NA,NA,NA,NA,NA,NA,NA,NA,NA,NA,TARGET_GONE,identity no longer active
2026-10-02T16:06:31Z,APP_22001_3033686,22001,3033686,27,3023,190.638,0,0,-1,-1,0,0.999931471,NA,NA,70.000000000,MEASURED_CPU_FAULT,CPU;INTERVAL_FAULTS,NA,NA,NA,NA,NA,NA,NA,NA,NA,NA,NA,NA,NA,NA,NA,NA,NA,NA,NA,NA,NA,NA,NA,TARGET_GONE,identity no longer active
2026-10-02T16:06:31Z,APP_22001_3033686,22001,3033686,27,3024,201.198,0,0,-1,-1,0,0.999931471,NA,NA,70.000000000,MEASURED_CPU_FAULT,CPU;INTERVAL_FAULTS,NA,NA,NA,NA,NA,NA,NA,NA,NA,NA,NA,NA,NA,NA,NA,NA,NA,NA,NA,NA,NA,NA,NA,TARGET_GONE,identity no longer active
2026-10-02T16:06:31Z,APP_22001_3033686,22001,3033686,27,3025,203.175,0,0,-1,-1,0,0.999931471,NA,NA,70.000000000,MEASURED_CPU_FAULT,CPU;INTERVAL_FAULTS,NA,NA,NA,NA,NA,NA,NA,NA,NA,NA,NA,NA,NA,NA,NA,NA,NA,NA,NA,NA,NA,NA,NA,TARGET_GONE,identity no longer active
2026-10-02T16:06:32Z,APP_22001_3033686,22001,3033686,27,3026,204.391,0,0,-1,-1,0,0.999931471,NA,NA,70.000000000,MEASURED_CPU_FAULT,CPU;INTERVAL_FAULTS,NA,NA,NA,NA,NA,NA,NA,NA,NA,NA,NA,NA,NA,NA,NA,NA,NA,NA,NA,NA,NA,NA,NA,TARGET_GONE,identity no longer active
2026-10-02T16:06:32Z,APP_22001_3033686,22001,3033686,27,3027,201.499,0,0,-1,-1,0,0.999931471,NA,NA,70.000000000,MEASURED_CPU_FAULT,CPU;INTERVAL_FAULTS,NA,NA,NA,NA,NA,NA,NA,NA,NA,NA,NA,NA,NA,NA,NA,NA,NA,NA,NA,NA,NA,NA,NA,TARGET_GONE,identity no longer active
2026-10-02T16:06:32Z,APP_22001_3033686,22001,3033686,27,3028,198.568,0,0,-1,-1,0,0.999931471,NA,NA,70.000000000,MEASURED_CPU_FAULT,CPU;INTERVAL_FAULTS,NA,NA,NA,NA,NA,NA,NA,NA,NA,NA,NA,NA,NA,NA,NA,NA,NA,NA,NA,NA,NA,NA,NA,TARGET_GONE,identity no longer active
2026-10-02T16:06:32Z,APP_22001_3033686,22001,3033686,27,3029,191.904,0,0,-1,-1,0,0.999931471,NA,NA,70.000000000,MEASURED_CPU_FAULT,CPU;INTERVAL_FAULTS,NA,NA,NA,NA,NA,NA,NA,NA,NA,NA,NA,NA,NA,NA,NA,NA,NA,NA,NA,NA,NA,NA,NA,TARGET_GONE,identity no longer active
2026-10-02T16:06:32Z,APP_22001_3033686,22001,3033686,27,3030,203.299,0,0,-1,-1,0,0.999931471,NA,NA,70.000000000,MEASURED_CPU_FAULT,CPU;INTERVAL_FAULTS,NA,NA,NA,NA,NA,NA,NA,NA,NA,NA,NA,NA,NA,NA,NA,NA,NA,NA,NA,NA,NA,NA,NA,TARGET_GONE,identity no longer active
2026-10-02T16:06:32Z,APP_22001_3033686,22001,3033686,27,3031,204.800,0,0,-1,-1,0,0.999931471,NA,NA,70.000000000,MEASURED_CPU_FAULT,CPU;INTERVAL_FAULTS,NA,NA,NA,NA,NA,NA,NA,NA,NA,NA,NA,NA,NA,NA,NA,NA,NA,NA,NA,NA,NA,NA,NA,TARGET_GONE,identity no longer active
2026-10-02T16:06:32Z,APP_22001_3033686,22001,3033686,27,3032,191.617,0,0,-1,-1,0,0.999931471,NA,NA,70.000000000,MEASURED_CPU_FAULT,CPU;INTERVAL_FAULTS,NA,NA,NA,NA,NA,NA,NA,NA,NA,NA,NA,NA,NA,NA,NA,NA,NA,NA,NA,NA,NA,NA,NA,TARGET_GONE,identity no longer active
2026-10-02T16:06:32Z,APP_22001_3033686,22001,3033686,27,3033,202.680,0,0,-1,-1,0,0.999931471,NA,NA,70.000000000,MEASURED_CPU_FAULT,CPU;INTERVAL_FAULTS,NA,NA,NA,NA,NA,NA,NA,NA,NA,NA,NA,NA,NA,NA,NA,NA,NA,NA,NA,NA,NA,NA,NA,TARGET_GONE,identity no longer active
2026-10-02T16:06:33Z,APP_22001_3033686,22001,3033686,27,3034,201.198,0,0,-1,-1,0,0.999931471,NA,NA,70.000000000,MEASURED_CPU_FAULT,CPU;INTERVAL_FAULTS,NA,NA,NA,NA,NA,NA,NA,NA,NA,NA,NA,NA,NA,NA,NA,NA,NA,NA,NA,NA,NA,NA,NA,TARGET_GONE,identity no longer active
2026-10-02T16:06:33Z,APP_22001_3033686,22001,3033686,27,3035,201.013,0,0,-1,-1,0,0.999931471,NA,NA,70.000000000,MEASURED_CPU_FAULT,CPU;INTERVAL_FAULTS,NA,NA,NA,NA,NA,NA,NA,NA,NA,NA,NA,NA,NA,NA,NA,NA,NA,NA,NA,NA,NA,NA,NA,TARGET_GONE,identity no longer active
2026-10-02T16:06:33Z,APP_22001_3033686,22001,3033686,27,3036,201.499,0,0,-1,-1,0,0.999931471,NA,NA,70.000000000,MEASURED_CPU_FAULT,CPU;INTERVAL_FAULTS,NA,NA,NA,NA,NA,NA,NA,NA,NA,NA,NA,NA,NA,NA,NA,NA,NA,NA,NA,NA,NA,NA,NA,TARGET_GONE,identity no longer active
2026-10-02T16:06:33Z,APP_22001_3033686,22001,3033686,27,3037,195.468,0,0,-1,-1,0,0.999931471,NA,NA,70.000000000,MEASURED_CPU_FAULT,CPU;INTERVAL_FAULTS,NA,NA,NA,NA,NA,NA,NA,NA,NA,NA,NA,NA,NA,NA,NA,NA,NA,NA,NA,NA,NA,NA,NA,TARGET_GONE,identity no longer active
2026-10-02T16:06:33Z,APP_22001_3033686,22001,3033686,27,3038,211.094,0,0,-1,-1,0,0.999931471,NA,NA,70.000000000,MEASURED_CPU_FAULT,CPU;INTERVAL_FAULTS,NA,NA,NA,NA,NA,NA,NA,NA,NA,NA,NA,NA,NA,NA,NA,NA,NA,NA,NA,NA,NA,NA,NA,TARGET_GONE,identity no longer active
2026-10-02T16:06:33Z,APP_22001_3033686,22001,3033686,27,3039,194.924,0,0,-1,-1,0,0.999931471,NA,NA,70.000000000,MEASURED_CPU_FAULT,CPU;INTERVAL_FAULTS,NA,NA,NA,NA,NA,NA,NA,NA,NA,NA,NA,NA,NA,NA,NA,NA,NA,NA,NA,NA,NA,NA,NA,TARGET_GONE,identity no longer active
2026-10-02T16:06:33Z,APP_22001_3033686,22001,3033686,27,3040,204.800,0,0,-1,-1,0,0.999931471,NA,NA,70.000000000,MEASURED_CPU_FAULT,CPU;INTERVAL_FAULTS,NA,NA,NA,NA,NA,NA,NA,NA,NA,NA,NA,NA,NA,NA,NA,NA,NA,NA,NA,NA,NA,NA,NA,TARGET_GONE,identity no longer active
2026-10-02T16:06:34Z,APP_22001_3033686,22001,3033686,27,3041,201.499,0,0,-1,-1,0,0.999931471,NA,NA,70.000000000,MEASURED_CPU_FAULT,CPU;INTERVAL_FAULTS,NA,NA,NA,NA,NA,NA,NA,NA,NA,NA,NA,NA,NA,NA,NA,NA,NA,NA,NA,NA,NA,NA,NA,TARGET_GONE,identity no longer active
2026-10-02T16:06:34Z,APP_22001_3033686,22001,3033686,27,3042,202.927,0,0,-1,-1,0,0.999931471,NA,NA,70.000000000,MEASURED_CPU_FAULT,CPU;INTERVAL_FAULTS,NA,NA,NA,NA,NA,NA,NA,NA,NA,NA,NA,NA,NA,NA,NA,NA,NA,NA,NA,NA,NA,NA,NA,TARGET_GONE,identity no longer active
2026-10-02T16:06:34Z,APP_22001_3033686,22001,3033686,27,3043,201.499,0,0,-1,-1,0,0.999931471,NA,NA,70.000000000,MEASURED_CPU_FAULT,CPU;INTERVAL_FAULTS,NA,NA,NA,NA,NA,NA,NA,NA,NA,NA,NA,NA,NA,NA,NA,NA,NA,NA,NA,NA,NA,NA,NA,TARGET_GONE,identity no longer active
2026-10-02T16:06:34Z,APP_22001_3033686,22001,3033686,27,3044,194.726,0,0,-1,-1,0,0.999931471,NA,NA,70.000000000,MEASURED_CPU_FAULT,CPU;INTERVAL_FAULTS,NA,NA,NA,NA,NA,NA,NA,NA,NA,NA,NA,NA,NA,NA,NA,NA,NA,NA,NA,NA,NA,NA,NA,TARGET_GONE,identity no longer active
2026-10-02T16:06:34Z,APP_22001_3033686,22001,3033686,27,3045,211.094,0,0,-1,-1,0,0.999931471,NA,NA,70.000000000,MEASURED_CPU_FAULT,CPU;INTERVAL_FAULTS,NA,NA,NA,NA,NA,NA,NA,NA,NA,NA,NA,NA,NA,NA,NA,NA,NA,NA,NA,NA,NA,NA,NA,TARGET_GONE,identity no longer active
2026-10-02T16:06:34Z,APP_22001_3033686,22001,3033686,27,3046,194.332,0,0,-1,-1,0,0.999931471,NA,NA,70.000000000,MEASURED_CPU_FAULT,CPU;INTERVAL_FAULTS,NA,NA,NA,NA,NA,NA,NA,NA,NA,NA,NA,NA,NA,NA,NA,NA,NA,NA,NA,NA,NA,NA,NA,TARGET_GONE,identity no longer active
2026-10-02T16:06:34Z,APP_22001_3033686,22001,3033686,27,3047,201.499,0,0,-1,-1,0,0.999931471,NA,NA,70.000000000,MEASURED_CPU_FAULT,CPU;INTERVAL_FAULTS,NA,NA,NA,NA,NA,NA,NA,NA,NA,NA,NA,NA,NA,NA,NA,NA,NA,NA,NA,NA,NA,NA,NA,TARGET_GONE,identity no longer active
2026-10-02T16:06:04Z,APP_22001_3033686,22001,3033686,3,3048,0.000,0,0,-1,-1,0,0.999931471,1,true,0.000000000,MEASURED_CPU_FAULT,CPU;INTERVAL_FAULTS,HOT,669.474315258,0.560000000,0.700000000,NA,NA,NA,NA,0.560000000,0.000000000,0.700000000,0.000000000,-1.000000000,1.232000000,NA,MOVE_THREAD,INVALID,NOT_APPLICABLE,INVALID,MOVE_THREAD,-1,-1,false,TARGET_GONE,identity no longer active
2026-10-02T16:06:04Z,APP_22001_3033686,22001,3033686,3,3049,0.000,0,0,-1,-1,0,0.999931471,NA,NA,0.000000000,MEASURED_CPU_FAULT,CPU;INTERVAL_FAULTS,NA,NA,NA,NA,NA,NA,NA,NA,NA,NA,NA,NA,NA,NA,NA,NA,NA,NA,NA,NA,NA,NA,NA,TARGET_GONE,identity no longer active
2026-10-02T16:06:04Z,APP_22001_3033686,22001,3033686,3,3050,0.000,0,0,-1,-1,0,0.999931471,NA,NA,0.000000000,MEASURED_CPU_FAULT,CPU;INTERVAL_FAULTS,NA,NA,NA,NA,NA,NA,NA,NA,NA,NA,NA,NA,NA,NA,NA,NA,NA,NA,NA,NA,NA,NA,NA,TARGET_GONE,identity no longer active
2026-10-02T16:06:04Z,APP_22001_3033686,22001,3033686,3,3051,0.000,0,0,-1,-1,0,0.999931471,NA,NA,0.000000000,MEASURED_CPU_FAULT,CPU;INTERVAL_FAULTS,NA,NA,NA,NA,NA,NA,NA,NA,NA,NA,NA,NA,NA,NA,NA,NA,NA,NA,NA,NA,NA,NA,NA,TARGET_GONE,identity no longer active
2026-10-02T16:06:04Z,APP_22001_3033686,22001,3033686,3,3052,0.000,0,0,-1,-1,0,0.999931471,NA,NA,0.000000000,MEASURED_CPU_FAULT,CPU;INTERVAL_FAULTS,NA,NA,NA,NA,NA,NA,NA,NA,NA,NA,NA,NA,NA,NA,NA,NA,NA,NA,NA,NA,NA,NA,NA,TARGET_GONE,identity no longer active
2026-10-02T16:06:04Z,APP_22001_3033686,22001,3033686,3,3053,0.000,0,0,-1,-1,0,0.999931471,NA,NA,0.000000000,MEASURED_CPU_FAULT,CPU;INTERVAL_FAULTS,NA,NA,NA,NA,NA,NA,NA,NA,NA,NA,NA,NA,NA,NA,NA,NA,NA,NA,NA,NA,NA,NA,NA,TARGET_GONE,identity no longer active
2026-10-02T16:06:05Z,APP_22001_3033686,22001,3033686,3,3054,0.000,0,0,-1,-1,0,0.999931471,NA,NA,0.000000000,MEASURED_CPU_FAULT,CPU;INTERVAL_FAULTS,NA,NA,NA,NA,NA,NA,NA,NA,NA,NA,NA,NA,NA,NA,NA,NA,NA,NA,NA,NA,NA,NA,NA,TARGET_GONE,identity no longer active
2026-10-02T16:06:05Z,APP_22001_3033686,22001,3033686,3,3055,0.000,0,0,-1,-1,0,0.999931471,NA,NA,0.000000000,MEASURED_CPU_FAULT,CPU;INTERVAL_FAULTS,NA,NA,NA,NA,NA,NA,NA,NA,NA,NA,NA,NA,NA,NA,NA,NA,NA,NA,NA,NA,NA,NA,NA,TARGET_GONE,identity no longer active
2026-10-02T16:06:05Z,APP_22001_3033686,22001,3033686,3,3056,0.000,0,0,-1,-1,0,0.999931471,NA,NA,0.000000000,MEASURED_CPU_FAULT,CPU;INTERVAL_FAULTS,NA,NA,NA,NA,NA,NA,NA,NA,NA,NA,NA,NA,NA,NA,NA,NA,NA,NA,NA,NA,NA,NA,NA,TARGET_GONE,identity no longer active
2026-10-02T16:06:05Z,APP_22001_3033686,22001,3033686,3,3057,16.203,0,0,-1,-1,0,0.999931471,NA,NA,11.342100000,MEASURED_CPU_FAULT,CPU;INTERVAL_FAULTS,NA,NA,NA,NA,NA,NA,NA,NA,NA,NA,NA,NA,NA,NA,NA,NA,NA,NA,NA,NA,NA,NA,NA,TARGET_GONE,identity no longer active
2026-10-02T16:06:05Z,APP_22001_3033686,22001,3033686,3,3058,192.385,0,0,-1,-1,0,0.999931471,NA,NA,70.000000000,MEASURED_CPU_FAULT,CPU;INTERVAL_FAULTS,NA,NA,NA,NA,NA,NA,NA,NA,NA,NA,NA,NA,NA,NA,NA,NA,NA,NA,NA,NA,NA,NA,NA,TARGET_GONE,identity no longer active
2026-10-02T16:06:05Z,APP_22001_3033686,22001,3033686,3,3059,210.778,0,0,-1,-1,0,0.999931471,NA,NA,70.000000000,MEASURED_CPU_FAULT,CPU;INTERVAL_FAULTS,NA,NA,NA,NA,NA,NA,NA,NA,NA,NA,NA,NA,NA,NA,NA,NA,NA,NA,NA,NA,NA,NA,NA,TARGET_GONE,identity no longer active
2026-10-02T16:06:05Z,APP_22001_3033686,22001,3033686,3,3060,202.009,0,0,-1,-1,0,0.999931471,NA,NA,70.000000000,MEASURED_CPU_FAULT,CPU;INTERVAL_FAULTS,NA,NA,NA,NA,NA,NA,NA,NA,NA,NA,NA,NA,NA,NA,NA,NA,NA,NA,NA,NA,NA,NA,NA,TARGET_GONE,identity no longer active
2026-10-02T16:06:05Z,APP_22001_3033686,22001,3033686,3,3061,191.904,0,0,-1,-1,0,0.999931471,NA,NA,70.000000000,MEASURED_CPU_FAULT,CPU;INTERVAL_FAULTS,NA,NA,NA,NA,NA,NA,NA,NA,NA,NA,NA,NA,NA,NA,NA,NA,NA,NA,NA,NA,NA,NA,NA,TARGET_GONE,identity no longer active
2026-10-02T16:06:06Z,APP_22001_3033686,22001,3033686,3,3062,206.928,0,0,-1,-1,0,0.999931471,NA,NA,70.000000000,MEASURED_CPU_FAULT,CPU;INTERVAL_FAULTS,NA,NA,NA,NA,NA,NA,NA,NA,NA,NA,NA,NA,NA,NA,NA,NA,NA,NA,NA,NA,NA,NA,NA,TARGET_GONE,identity no longer active
2026-10-02T16:06:06Z,APP_22001_3033686,22001,3033686,3,3063,192.385,0,0,-1,-1,0,0.999931471,NA,NA,70.000000000,MEASURED_CPU_FAULT,CPU;INTERVAL_FAULTS,NA,NA,NA,NA,NA,NA,NA,NA,NA,NA,NA,NA,NA,NA,NA,NA,NA,NA,NA,NA,NA,NA,NA,TARGET_GONE,identity no longer active
2026-10-02T16:06:06Z,APP_22001_3033686,22001,3033686,3,3064,201.198,0,0,-1,-1,0,0.999931471,NA,NA,70.000000000,MEASURED_CPU_FAULT,CPU;INTERVAL_FAULTS,NA,NA,NA,NA,NA,NA,NA,NA,NA,NA,NA,NA,NA,NA,NA,NA,NA,NA,NA,NA,NA,NA,NA,TARGET_GONE,identity no longer active
2026-10-02T16:06:06Z,APP_22001_3033686,22001,3033686,3,3065,201.431,0,0,-1,-1,0,0.999931471,NA,NA,70.000000000,MEASURED_CPU_FAULT,CPU;INTERVAL_FAULTS,NA,NA,NA,NA,NA,NA,NA,NA,NA,NA,NA,NA,NA,NA,NA,NA,NA,NA,NA,NA,NA,NA,NA,TARGET_GONE,identity no longer active
2026-10-02T16:06:06Z,APP_22001_3033686,22001,3033686,3,3066,201.802,0,0,-1,-1,0,0.999931471,NA,NA,70.000000000,MEASURED_CPU_FAULT,CPU;INTERVAL_FAULTS,NA,NA,NA,NA,NA,NA,NA,NA,NA,NA,NA,NA,NA,NA,NA,NA,NA,NA,NA,NA,NA,NA,NA,TARGET_GONE,identity no longer active
2026-10-02T16:06:06Z,APP_22001_3033686,22001,3033686,3,3067,196.047,0,0,-1,-1,0,0.999931471,NA,NA,70.000000000,MEASURED_CPU_FAULT,CPU;INTERVAL_FAULTS,NA,NA,NA,NA,NA,NA,NA,NA,NA,NA,NA,NA,NA,NA,NA,NA,NA,NA,NA,NA,NA,NA,NA,TARGET_GONE,identity no longer active
2026-10-02T16:06:06Z,APP_22001_3033686,22001,3033686,3,3068,204.391,0,0,-1,-1,0,0.999931471,NA,NA,70.000000000,MEASURED_CPU_FAULT,CPU;INTERVAL_FAULTS,NA,NA,NA,NA,NA,NA,NA,NA,NA,NA,NA,NA,NA,NA,NA,NA,NA,NA,NA,NA,NA,NA,NA,TARGET_GONE,identity no longer active
2026-10-02T16:06:06Z,APP_22001_3033686,22001,3033686,3,3069,201.802,0,0,-1,-1,0,0.999931471,NA,NA,70.000000000,MEASURED_CPU_FAULT,CPU;INTERVAL_FAULTS,NA,NA,NA,NA,NA,NA,NA,NA,NA,NA,NA,NA,NA,NA,NA,NA,NA,NA,NA,NA,NA,NA,NA,TARGET_GONE,identity no longer active
2026-10-02T16:06:06Z,APP_22001_3033686,22001,3033686,3,3070,194.195,0,0,-1,-1,0,0.999931471,NA,NA,70.000000000,MEASURED_CPU_FAULT,CPU;INTERVAL_FAULTS,NA,NA,NA,NA,NA,NA,NA,NA,NA,NA,NA,NA,NA,NA,NA,NA,NA,NA,NA,NA,NA,NA,NA,TARGET_GONE,identity no longer active
2026-10-02T16:06:06Z,APP_22001_3033686,22001,3033686,3,3071,210.778,0,0,-1,-1,0,0.999931471,NA,NA,70.000000000,MEASURED_CPU_FAULT,CPU;INTERVAL_FAULTS,NA,NA,NA,NA,NA,NA,NA,NA,NA,NA,NA,NA,NA,NA,NA,NA,NA,NA,NA,NA,NA,NA,NA,TARGET_GONE,identity no longer active
2026-10-02T16:06:07Z,APP_22001_3033686,22001,3033686,3,3072,194.360,0,0,-1,-1,0,0.999931471,NA,NA,70.000000000,MEASURED_CPU_FAULT,CPU;INTERVAL_FAULTS,NA,NA,NA,NA,NA,NA,NA,NA,NA,NA,NA,NA,NA,NA,NA,NA,NA,NA,NA,NA,NA,NA,NA,TARGET_GONE,identity no longer active
2026-10-02T16:06:07Z,APP_22001_3033686,22001,3033686,3,3073,205.210,0,0,-1,-1,0,0.999931471,NA,NA,70.000000000,MEASURED_CPU_FAULT,CPU;INTERVAL_FAULTS,NA,NA,NA,NA,NA,NA,NA,NA,NA,NA,NA,NA,NA,NA,NA,NA,NA,NA,NA,NA,NA,NA,NA,TARGET_GONE,identity no longer active
2026-10-02T16:06:07Z,APP_22001_3033686,22001,3033686,3,3074,191.904,0,0,-1,-1,0,0.999931471,NA,NA,70.000000000,MEASURED_CPU_FAULT,CPU;INTERVAL_FAULTS,NA,NA,NA,NA,NA,NA,NA,NA,NA,NA,NA,NA,NA,NA,NA,NA,NA,NA,NA,NA,NA,NA,NA,TARGET_GONE,identity no longer active
2026-10-02T16:06:07Z,APP_22001_3033686,22001,3033686,3,3075,202.639,0,0,-1,-1,0,0.999931471,NA,NA,70.000000000,MEASURED_CPU_FAULT,CPU;INTERVAL_FAULTS,NA,NA,NA,NA,NA,NA,NA,NA,NA,NA,NA,NA,NA,NA,NA,NA,NA,NA,NA,NA,NA,NA,NA,TARGET_GONE,identity no longer active
2026-10-02T16:06:07Z,APP_22001_3033686,22001,3033686,3,3076,201.802,0,0,-1,-1,0,0.999931471,NA,NA,70.000000000,MEASURED_CPU_FAULT,CPU;INTERVAL_FAULTS,NA,NA,NA,NA,NA,NA,NA,NA,NA,NA,NA,NA,NA,NA,NA,NA,NA,NA,NA,NA,NA,NA,NA,TARGET_GONE,identity no longer active
2026-10-02T16:06:04Z,APP_22001_3033686,22001,3033686,4,3077,0.000,0,0,-1,-1,0,0.999931471,1,true,0.000000000,MEASURED_CPU_FAULT,CPU;INTERVAL_FAULTS,HOT,669.474315258,0.560000000,0.700000000,NA,NA,NA,NA,0.560000000,0.000000000,0.700000000,0.000000000,-1.000000000,1.232000000,NA,MOVE_THREAD,INVALID,NOT_APPLICABLE,INVALID,MOVE_THREAD,-1,-1,false,TARGET_GONE,identity no longer active
2026-10-02T16:06:04Z,APP_22001_3033686,22001,3033686,4,3078,0.000,0,0,-1,-1,0,0.999931471,NA,NA,0.000000000,MEASURED_CPU_FAULT,CPU;INTERVAL_FAULTS,NA,NA,NA,NA,NA,NA,NA,NA,NA,NA,NA,NA,NA,NA,NA,NA,NA,NA,NA,NA,NA,NA,NA,TARGET_GONE,identity no longer active
2026-10-02T16:06:04Z,APP_22001_3033686,22001,3033686,4,3079,0.000,0,0,-1,-1,0,0.999931471,NA,NA,0.000000000,MEASURED_CPU_FAULT,CPU;INTERVAL_FAULTS,NA,NA,NA,NA,NA,NA,NA,NA,NA,NA,NA,NA,NA,NA,NA,NA,NA,NA,NA,NA,NA,NA,NA,TARGET_GONE,identity no longer active
2026-10-02T16:06:04Z,APP_22001_3033686,22001,3033686,4,3080,0.000,0,0,-1,-1,0,0.999931471,NA,NA,0.000000000,MEASURED_CPU_FAULT,CPU;INTERVAL_FAULTS,NA,NA,NA,NA,NA,NA,NA,NA,NA,NA,NA,NA,NA,NA,NA,NA,NA,NA,NA,NA,NA,NA,NA,TARGET_GONE,identity no longer active
2026-10-02T16:06:04Z,APP_22001_3033686,22001,3033686,4,3081,0.000,0,0,-1,-1,0,0.999931471,NA,NA,0.000000000,MEASURED_CPU_FAULT,CPU;INTERVAL_FAULTS,NA,NA,NA,NA,NA,NA,NA,NA,NA,NA,NA,NA,NA,NA,NA,NA,NA,NA,NA,NA,NA,NA,NA,TARGET_GONE,identity no longer active
2026-10-02T16:06:04Z,APP_22001_3033686,22001,3033686,4,3082,0.000,0,0,-1,-1,0,0.999931471,NA,NA,0.000000000,MEASURED_CPU_FAULT,CPU;INTERVAL_FAULTS,NA,NA,NA,NA,NA,NA,NA,NA,NA,NA,NA,NA,NA,NA,NA,NA,NA,NA,NA,NA,NA,NA,NA,TARGET_GONE,identity no longer active
2026-10-02T16:06:05Z,APP_22001_3033686,22001,3033686,4,3083,0.000,0,0,-1,-1,0,0.999931471,NA,NA,0.000000000,MEASURED_CPU_FAULT,CPU;INTERVAL_FAULTS,NA,NA,NA,NA,NA,NA,NA,NA,NA,NA,NA,NA,NA,NA,NA,NA,NA,NA,NA,NA,NA,NA,NA,TARGET_GONE,identity no longer active
2026-10-02T16:06:05Z,APP_22001_3033686,22001,3033686,4,3084,0.000,0,0,-1,-1,0,0.999931471,NA,NA,0.000000000,MEASURED_CPU_FAULT,CPU;INTERVAL_FAULTS,NA,NA,NA,NA,NA,NA,NA,NA,NA,NA,NA,NA,NA,NA,NA,NA,NA,NA,NA,NA,NA,NA,NA,TARGET_GONE,identity no longer active
2026-10-02T16:06:05Z,APP_22001_3033686,22001,3033686,4,3085,0.000,0,0,-1,-1,0,0.999931471,NA,NA,0.000000000,MEASURED_CPU_FAULT,CPU;INTERVAL_FAULTS,NA,NA,NA,NA,NA,NA,NA,NA,NA,NA,NA,NA,NA,NA,NA,NA,NA,NA,NA,NA,NA,NA,NA,TARGET_GONE,identity no longer active
2026-10-02T16:06:05Z,APP_22001_3033686,22001,3033686,4,3086,16.203,0,0,-1,-1,0,0.999931471,NA,NA,11.342100000,MEASURED_CPU_FAULT,CPU;INTERVAL_FAULTS,NA,NA,NA,NA,NA,NA,NA,NA,NA,NA,NA,NA,NA,NA,NA,NA,NA,NA,NA,NA,NA,NA,NA,TARGET_GONE,identity no longer active
2026-10-02T16:06:05Z,APP_22001_3033686,22001,3033686,4,3087,192.385,0,0,-1,-1,0,0.999931471,NA,NA,70.000000000,MEASURED_CPU_FAULT,CPU;INTERVAL_FAULTS,NA,NA,NA,NA,NA,NA,NA,NA,NA,NA,NA,NA,NA,NA,NA,NA,NA,NA,NA,NA,NA,NA,NA,TARGET_GONE,identity no longer active
2026-10-02T16:06:05Z,APP_22001_3033686,22001,3033686,4,3088,210.778,0,0,-1,-1,0,0.999931471,NA,NA,70.000000000,MEASURED_CPU_FAULT,CPU;INTERVAL_FAULTS,NA,NA,NA,NA,NA,NA,NA,NA,NA,NA,NA,NA,NA,NA,NA,NA,NA,NA,NA,NA,NA,NA,NA,TARGET_GONE,identity no longer active
2026-10-02T16:06:05Z,APP_22001_3033686,22001,3033686,4,3089,202.009,0,0,-1,-1,0,0.999931471,NA,NA,70.000000000,MEASURED_CPU_FAULT,CPU;INTERVAL_FAULTS,NA,NA,NA,NA,NA,NA,NA,NA,NA,NA,NA,NA,NA,NA,NA,NA,NA,NA,NA,NA,NA,NA,NA,TARGET_GONE,identity no longer active
2026-10-02T16:06:05Z,APP_22001_3033686,22001,3033686,4,3090,191.904,0,0,-1,-1,0,0.999931471,NA,NA,70.000000000,MEASURED_CPU_FAULT,CPU;INTERVAL_FAULTS,NA,NA,NA,NA,NA,NA,NA,NA,NA,NA,NA,NA,NA,NA,NA,NA,NA,NA,NA,NA,NA,NA,NA,TARGET_GONE,identity no longer active
2026-10-02T16:06:06Z,APP_22001_3033686,22001,3033686,4,3091,206.928,0,0,-1,-1,0,0.999931471,NA,NA,70.000000000,MEASURED_CPU_FAULT,CPU;INTERVAL_FAULTS,NA,NA,NA,NA,NA,NA,NA,NA,NA,NA,NA,NA,NA,NA,NA,NA,NA,NA,NA,NA,NA,NA,NA,TARGET_GONE,identity no longer active
2026-10-02T16:06:06Z,APP_22001_3033686,22001,3033686,4,3092,192.385,0,0,-1,-1,0,0.999931471,NA,NA,70.000000000,MEASURED_CPU_FAULT,CPU;INTERVAL_FAULTS,NA,NA,NA,NA,NA,NA,NA,NA,NA,NA,NA,NA,NA,NA,NA,NA,NA,NA,NA,NA,NA,NA,NA,TARGET_GONE,identity no longer active
2026-10-02T16:06:06Z,APP_22001_3033686,22001,3033686,4,3093,201.198,0,0,-1,-1,0,0.999931471,NA,NA,70.000000000,MEASURED_CPU_FAULT,CPU;INTERVAL_FAULTS,NA,NA,NA,NA,NA,NA,NA,NA,NA,NA,NA,NA,NA,NA,NA,NA,NA,NA,NA,NA,NA,NA,NA,TARGET_GONE,identity no longer active
2026-10-02T16:06:06Z,APP_22001_3033686,22001,3033686,4,3094,201.431,0,0,-1,-1,0,0.999931471,NA,NA,70.000000000,MEASURED_CPU_FAULT,CPU;INTERVAL_FAULTS,NA,NA,NA,NA,NA,NA,NA,NA,NA,NA,NA,NA,NA,NA,NA,NA,NA,NA,NA,NA,NA,NA,NA,TARGET_GONE,identity no longer active
2026-10-02T16:06:06Z,APP_22001_3033686,22001,3033686,4,3095,201.802,0,0,-1,-1,0,0.999931471,NA,NA,70.000000000,MEASURED_CPU_FAULT,CPU;INTERVAL_FAULTS,NA,NA,NA,NA,NA,NA,NA,NA,NA,NA,NA,NA,NA,NA,NA,NA,NA,NA,NA,NA,NA,NA,NA,TARGET_GONE,identity no longer active
2026-10-02T16:06:06Z,APP_22001_3033686,22001,3033686,4,3096,196.047,0,0,-1,-1,0,0.999931471,NA,NA,70.000000000,MEASURED_CPU_FAULT,CPU;INTERVAL_FAULTS,NA,NA,NA,NA,NA,NA,NA,NA,NA,NA,NA,NA,NA,NA,NA,NA,NA,NA,NA,NA,NA,NA,NA,TARGET_GONE,identity no longer active
2026-10-02T16:06:06Z,APP_22001_3033686,22001,3033686,4,3097,204.391,0,0,-1,-1,0,0.999931471,NA,NA,70.000000000,MEASURED_CPU_FAULT,CPU;INTERVAL_FAULTS,NA,NA,NA,NA,NA,NA,NA,NA,NA,NA,NA,NA,NA,NA,NA,NA,NA,NA,NA,NA,NA,NA,NA,TARGET_GONE,identity no longer active
2026-10-02T16:06:06Z,APP_22001_3033686,22001,3033686,4,3098,201.802,0,0,-1,-1,0,0.999931471,NA,NA,70.000000000,MEASURED_CPU_FAULT,CPU;INTERVAL_FAULTS,NA,NA,NA,NA,NA,NA,NA,NA,NA,NA,NA,NA,NA,NA,NA,NA,NA,NA,NA,NA,NA,NA,NA,TARGET_GONE,identity no longer active
2026-10-02T16:06:06Z,APP_22001_3033686,22001,3033686,4,3099,194.195,0,0,-1,-1,0,0.999931471,NA,NA,70.000000000,MEASURED_CPU_FAULT,CPU;INTERVAL_FAULTS,NA,NA,NA,NA,NA,NA,NA,NA,NA,NA,NA,NA,NA,NA,NA,NA,NA,NA,NA,NA,NA,NA,NA,TARGET_GONE,identity no longer active
2026-10-02T16:06:06Z,APP_22001_3033686,22001,3033686,4,3100,210.778,0,0,-1,-1,0,0.999931471,NA,NA,70.000000000,MEASURED_CPU_FAULT,CPU;INTERVAL_FAULTS,NA,NA,NA,NA,NA,NA,NA,NA,NA,NA,NA,NA,NA,NA,NA,NA,NA,NA,NA,NA,NA,NA,NA,TARGET_GONE,identity no longer active
2026-10-02T16:06:07Z,APP_22001_3033686,22001,3033686,4,3101,194.360,0,0,-1,-1,0,0.999931471,NA,NA,70.000000000,MEASURED_CPU_FAULT,CPU;INTERVAL_FAULTS,NA,NA,NA,NA,NA,NA,NA,NA,NA,NA,NA,NA,NA,NA,NA,NA,NA,NA,NA,NA,NA,NA,NA,TARGET_GONE,identity no longer active
2026-10-02T16:06:07Z,APP_22001_3033686,22001,3033686,4,3102,205.210,0,0,-1,-1,0,0.999931471,NA,NA,70.000000000,MEASURED_CPU_FAULT,CPU;INTERVAL_FAULTS,NA,NA,NA,NA,NA,NA,NA,NA,NA,NA,NA,NA,NA,NA,NA,NA,NA,NA,NA,NA,NA,NA,NA,TARGET_GONE,identity no longer active
2026-10-02T16:06:07Z,APP_22001_3033686,22001,3033686,4,3103,191.904,0,0,-1,-1,0,0.999931471,NA,NA,70.000000000,MEASURED_CPU_FAULT,CPU;INTERVAL_FAULTS,NA,NA,NA,NA,NA,NA,NA,NA,NA,NA,NA,NA,NA,NA,NA,NA,NA,NA,NA,NA,NA,NA,NA,TARGET_GONE,identity no longer active
2026-10-02T16:06:07Z,APP_22001_3033686,22001,3033686,4,3104,202.639,0,0,-1,-1,0,0.999931471,NA,NA,70.000000000,MEASURED_CPU_FAULT,CPU;INTERVAL_FAULTS,NA,NA,NA,NA,NA,NA,NA,NA,NA,NA,NA,NA,NA,NA,NA,NA,NA,NA,NA,NA,NA,NA,NA,TARGET_GONE,identity no longer active
2026-10-02T16:06:07Z,APP_22001_3033686,22001,3033686,4,3105,201.802,0,0,-1,-1,0,0.999931471,NA,NA,70.000000000,MEASURED_CPU_FAULT,CPU;INTERVAL_FAULTS,NA,NA,NA,NA,NA,NA,NA,NA,NA,NA,NA,NA,NA,NA,NA,NA,NA,NA,NA,NA,NA,NA,NA,TARGET_GONE,identity no longer active
2026-10-02T16:06:07Z,APP_22001_3033686,22001,3033686,4,3106,196.923,0,0,-1,-1,0,0.999931471,NA,NA,70.000000000,MEASURED_CPU_FAULT,CPU;INTERVAL_FAULTS,NA,NA,NA,NA,NA,NA,NA,NA,NA,NA,NA,NA,NA,NA,NA,NA,NA,NA,NA,NA,NA,NA,NA,TARGET_GONE,identity no longer active
2026-10-02T16:06:07Z,APP_22001_3033686,22001,3033686,4,3107,204.800,0,0,-1,-1,0,0.999931471,NA,NA,70.000000000,MEASURED_CPU_FAULT,CPU;INTERVAL_FAULTS,NA,NA,NA,NA,NA,NA,NA,NA,NA,NA,NA,NA,NA,NA,NA,NA,NA,NA,NA,NA,NA,NA,NA,TARGET_GONE,identity no longer active
2026-10-02T16:06:07Z,APP_22001_3033686,22001,3033686,4,3108,201.499,0,0,-1,-1,0,0.999931471,NA,NA,70.000000000,MEASURED_CPU_FAULT,CPU;INTERVAL_FAULTS,NA,NA,NA,NA,NA,NA,NA,NA,NA,NA,NA,NA,NA,NA,NA,NA,NA,NA,NA,NA,NA,NA,NA,TARGET_GONE,identity no longer active
2026-10-02T16:06:07Z,APP_22001_3033686,22001,3033686,4,3109,202.639,0,0,-1,-1,0,0.999931471,NA,NA,70.000000000,MEASURED_CPU_FAULT,CPU;INTERVAL_FAULTS,NA,NA,NA,NA,NA,NA,NA,NA,NA,NA,NA,NA,NA,NA,NA,NA,NA,NA,NA,NA,NA,NA,NA,TARGET_GONE,identity no longer active
2026-10-02T16:06:08Z,APP_22001_3033686,22001,3033686,4,3110,201.802,0,0,-1,-1,0,0.999931471,NA,NA,70.000000000,MEASURED_CPU_FAULT,CPU;INTERVAL_FAULTS,NA,NA,NA,NA,NA,NA,NA,NA,NA,NA,NA,NA,NA,NA,NA,NA,NA,NA,NA,NA,NA,NA,NA,TARGET_GONE,identity no longer active
2026-10-02T16:06:08Z,APP_22001_3033686,22001,3033686,4,3111,200.866,0,0,-1,-1,0,0.999931471,NA,NA,70.000000000,MEASURED_CPU_FAULT,CPU;INTERVAL_FAULTS,NA,NA,NA,NA,NA,NA,NA,NA,NA,NA,NA,NA,NA,NA,NA,NA,NA,NA,NA,NA,NA,NA,NA,TARGET_GONE,identity no longer active
2026-10-02T16:06:08Z,APP_22001_3033686,22001,3033686,4,3112,192.192,0,0,-1,-1,0,0.999931471,NA,NA,70.000000000,MEASURED_CPU_FAULT,CPU;INTERVAL_FAULTS,NA,NA,NA,NA,NA,NA,NA,NA,NA,NA,NA,NA,NA,NA,NA,NA,NA,NA,NA,NA,NA,NA,NA,TARGET_GONE,identity no longer active
2026-10-02T16:06:08Z,APP_22001_3033686,22001,3033686,4,3113,201.083,0,0,-1,-1,0,0.999931471,NA,NA,70.000000000,MEASURED_CPU_FAULT,CPU;INTERVAL_FAULTS,NA,NA,NA,NA,NA,NA,NA,NA,NA,NA,NA,NA,NA,NA,NA,NA,NA,NA,NA,NA,NA,NA,NA,TARGET_GONE,identity no longer active
2026-10-02T16:06:08Z,APP_22001_3033686,22001,3033686,4,3114,192.000,0,0,-1,-1,0,0.999931471,NA,NA,70.000000000,MEASURED_CPU_FAULT,CPU;INTERVAL_FAULTS,NA,NA,NA,NA,NA,NA,NA,NA,NA,NA,NA,NA,NA,NA,NA,NA,NA,NA,NA,NA,NA,NA,NA,TARGET_GONE,identity no longer active
2026-10-02T16:06:04Z,APP_22001_3033686,22001,3033686,5,3115,0.000,0,0,-1,-1,0,0.999931471,1,true,0.000000000,MEASURED_CPU_FAULT,CPU;INTERVAL_FAULTS,HOT,669.474315258,0.560000000,0.700000000,NA,NA,NA,NA,0.560000000,0.000000000,0.700000000,0.000000000,-1.000000000,1.232000000,NA,MOVE_THREAD,INVALID,NOT_APPLICABLE,INVALID,MOVE_THREAD,-1,-1,false,TARGET_GONE,identity no longer active
2026-10-02T16:06:04Z,APP_22001_3033686,22001,3033686,5,3116,0.000,0,0,-1,-1,0,0.999931471,NA,NA,0.000000000,MEASURED_CPU_FAULT,CPU;INTERVAL_FAULTS,NA,NA,NA,NA,NA,NA,NA,NA,NA,NA,NA,NA,NA,NA,NA,NA,NA,NA,NA,NA,NA,NA,NA,TARGET_GONE,identity no longer active
2026-10-02T16:06:04Z,APP_22001_3033686,22001,3033686,5,3117,0.000,0,0,-1,-1,0,0.999931471,NA,NA,0.000000000,MEASURED_CPU_FAULT,CPU;INTERVAL_FAULTS,NA,NA,NA,NA,NA,NA,NA,NA,NA,NA,NA,NA,NA,NA,NA,NA,NA,NA,NA,NA,NA,NA,NA,TARGET_GONE,identity no longer active
2026-10-02T16:06:04Z,APP_22001_3033686,22001,3033686,5,3118,0.000,0,0,-1,-1,0,0.999931471,NA,NA,0.000000000,MEASURED_CPU_FAULT,CPU;INTERVAL_FAULTS,NA,NA,NA,NA,NA,NA,NA,NA,NA,NA,NA,NA,NA,NA,NA,NA,NA,NA,NA,NA,NA,NA,NA,TARGET_GONE,identity no longer active
2026-10-02T16:06:04Z,APP_22001_3033686,22001,3033686,5,3119,0.000,0,0,-1,-1,0,0.999931471,NA,NA,0.000000000,MEASURED_CPU_FAULT,CPU;INTERVAL_FAULTS,NA,NA,NA,NA,NA,NA,NA,NA,NA,NA,NA,NA,NA,NA,NA,NA,NA,NA,NA,NA,NA,NA,NA,TARGET_GONE,identity no longer active
2026-10-02T16:06:04Z,APP_22001_3033686,22001,3033686,5,3120,0.000,0,0,-1,-1,0,0.999931471,NA,NA,0.000000000,MEASURED_CPU_FAULT,CPU;INTERVAL_FAULTS,NA,NA,NA,NA,NA,NA,NA,NA,NA,NA,NA,NA,NA,NA,NA,NA,NA,NA,NA,NA,NA,NA,NA,TARGET_GONE,identity no longer active
2026-10-02T16:06:05Z,APP_22001_3033686,22001,3033686,5,3121,0.000,0,0,-1,-1,0,0.999931471,NA,NA,0.000000000,MEASURED_CPU_FAULT,CPU;INTERVAL_FAULTS,NA,NA,NA,NA,NA,NA,NA,NA,NA,NA,NA,NA,NA,NA,NA,NA,NA,NA,NA,NA,NA,NA,NA,TARGET_GONE,identity no longer active
2026-10-02T16:06:05Z,APP_22001_3033686,22001,3033686,5,3122,0.000,0,0,-1,-1,0,0.999931471,NA,NA,0.000000000,MEASURED_CPU_FAULT,CPU;INTERVAL_FAULTS,NA,NA,NA,NA,NA,NA,NA,NA,NA,NA,NA,NA,NA,NA,NA,NA,NA,NA,NA,NA,NA,NA,NA,TARGET_GONE,identity no longer active
2026-10-02T16:06:05Z,APP_22001_3033686,22001,3033686,5,3123,0.000,0,0,-1,-1,0,0.999931471,NA,NA,0.000000000,MEASURED_CPU_FAULT,CPU;INTERVAL_FAULTS,NA,NA,NA,NA,NA,NA,NA,NA,NA,NA,NA,NA,NA,NA,NA,NA,NA,NA,NA,NA,NA,NA,NA,TARGET_GONE,identity no longer active
2026-10-02T16:06:05Z,APP_22001_3033686,22001,3033686,5,3124,16.203,0,0,-1,-1,0,0.999931471,NA,NA,11.342100000,MEASURED_CPU_FAULT,CPU;INTERVAL_FAULTS,NA,NA,NA,NA,NA,NA,NA,NA,NA,NA,NA,NA,NA,NA,NA,NA,NA,NA,NA,NA,NA,NA,NA,TARGET_GONE,identity no longer active
2026-10-02T16:06:05Z,APP_22001_3033686,22001,3033686,5,3125,192.385,0,0,-1,-1,0,0.999931471,NA,NA,70.000000000,MEASURED_CPU_FAULT,CPU;INTERVAL_FAULTS,NA,NA,NA,NA,NA,NA,NA,NA,NA,NA,NA,NA,NA,NA,NA,NA,NA,NA,NA,NA,NA,NA,NA,TARGET_GONE,identity no longer active
2026-10-02T16:06:05Z,APP_22001_3033686,22001,3033686,5,3126,210.778,0,0,-1,-1,0,0.999931471,NA,NA,70.000000000,MEASURED_CPU_FAULT,CPU;INTERVAL_FAULTS,NA,NA,NA,NA,NA,NA,NA,NA,NA,NA,NA,NA,NA,NA,NA,NA,NA,NA,NA,NA,NA,NA,NA,TARGET_GONE,identity no longer active
2026-10-02T16:06:05Z,APP_22001_3033686,22001,3033686,5,3127,202.009,0,0,-1,-1,0,0.999931471,NA,NA,70.000000000,MEASURED_CPU_FAULT,CPU;INTERVAL_FAULTS,NA,NA,NA,NA,NA,NA,NA,NA,NA,NA,NA,NA,NA,NA,NA,NA,NA,NA,NA,NA,NA,NA,NA,TARGET_GONE,identity no longer active
2026-10-02T16:06:05Z,APP_22001_3033686,22001,3033686,5,3128,191.904,0,0,-1,-1,0,0.999931471,NA,NA,70.000000000,MEASURED_CPU_FAULT,CPU;INTERVAL_FAULTS,NA,NA,NA,NA,NA,NA,NA,NA,NA,NA,NA,NA,NA,NA,NA,NA,NA,NA,NA,NA,NA,NA,NA,TARGET_GONE,identity no longer active
2026-10-02T16:06:06Z,APP_22001_3033686,22001,3033686,5,3129,206.928,0,0,-1,-1,0,0.999931471,NA,NA,70.000000000,MEASURED_CPU_FAULT,CPU;INTERVAL_FAULTS,NA,NA,NA,NA,NA,NA,NA,NA,NA,NA,NA,NA,NA,NA,NA,NA,NA,NA,NA,NA,NA,NA,NA,TARGET_GONE,identity no longer active
2026-10-02T16:06:06Z,APP_22001_3033686,22001,3033686,5,3130,192.385,0,0,-1,-1,0,0.999931471,NA,NA,70.000000000,MEASURED_CPU_FAULT,CPU;INTERVAL_FAULTS,NA,NA,NA,NA,NA,NA,NA,NA,NA,NA,NA,NA,NA,NA,NA,NA,NA,NA,NA,NA,NA,NA,NA,TARGET_GONE,identity no longer active
2026-10-02T16:06:06Z,APP_22001_3033686,22001,3033686,5,3131,201.198,0,0,-1,-1,0,0.999931471,NA,NA,70.000000000,MEASURED_CPU_FAULT,CPU;INTERVAL_FAULTS,NA,NA,NA,NA,NA,NA,NA,NA,NA,NA,NA,NA,NA,NA,NA,NA,NA,NA,NA,NA,NA,NA,NA,TARGET_GONE,identity no longer active
2026-10-02T16:06:06Z,APP_22001_3033686,22001,3033686,5,3132,201.431,0,0,-1,-1,0,0.999931471,NA,NA,70.000000000,MEASURED_CPU_FAULT,CPU;INTERVAL_FAULTS,NA,NA,NA,NA,NA,NA,NA,NA,NA,NA,NA,NA,NA,NA,NA,NA,NA,NA,NA,NA,NA,NA,NA,TARGET_GONE,identity no longer active
2026-10-02T16:06:06Z,APP_22001_3033686,22001,3033686,5,3133,201.802,0,0,-1,-1,0,0.999931471,NA,NA,70.000000000,MEASURED_CPU_FAULT,CPU;INTERVAL_FAULTS,NA,NA,NA,NA,NA,NA,NA,NA,NA,NA,NA,NA,NA,NA,NA,NA,NA,NA,NA,NA,NA,NA,NA,TARGET_GONE,identity no longer active
2026-10-02T16:06:06Z,APP_22001_3033686,22001,3033686,5,3134,196.047,0,0,-1,-1,0,0.999931471,NA,NA,70.000000000,MEASURED_CPU_FAULT,CPU;INTERVAL_FAULTS,NA,NA,NA,NA,NA,NA,NA,NA,NA,NA,NA,NA,NA,NA,NA,NA,NA,NA,NA,NA,NA,NA,NA,TARGET_GONE,identity no longer active
2026-10-02T16:06:06Z,APP_22001_3033686,22001,3033686,5,3135,204.391,0,0,-1,-1,0,0.999931471,NA,NA,70.000000000,MEASURED_CPU_FAULT,CPU;INTERVAL_FAULTS,NA,NA,NA,NA,NA,NA,NA,NA,NA,NA,NA,NA,NA,NA,NA,NA,NA,NA,NA,NA,NA,NA,NA,TARGET_GONE,identity no longer active
2026-10-02T16:06:06Z,APP_22001_3033686,22001,3033686,5,3136,201.802,0,0,-1,-1,0,0.999931471,NA,NA,70.000000000,MEASURED_CPU_FAULT,CPU;INTERVAL_FAULTS,NA,NA,NA,NA,NA,NA,NA,NA,NA,NA,NA,NA,NA,NA,NA,NA,NA,NA,NA,NA,NA,NA,NA,TARGET_GONE,identity no longer active
2026-10-02T16:06:06Z,APP_22001_3033686,22001,3033686,5,3137,194.195,0,0,-1,-1,0,0.999931471,NA,NA,70.000000000,MEASURED_CPU_FAULT,CPU;INTERVAL_FAULTS,NA,NA,NA,NA,NA,NA,NA,NA,NA,NA,NA,NA,NA,NA,NA,NA,NA,NA,NA,NA,NA,NA,NA,TARGET_GONE,identity no longer active
2026-10-02T16:06:06Z,APP_22001_3033686,22001,3033686,5,3138,210.778,0,0,-1,-1,0,0.999931471,NA,NA,70.000000000,MEASURED_CPU_FAULT,CPU;INTERVAL_FAULTS,NA,NA,NA,NA,NA,NA,NA,NA,NA,NA,NA,NA,NA,NA,NA,NA,NA,NA,NA,NA,NA,NA,NA,TARGET_GONE,identity no longer active
2026-10-02T16:06:07Z,APP_22001_3033686,22001,3033686,5,3139,194.360,0,0,-1,-1,0,0.999931471,NA,NA,70.000000000,MEASURED_CPU_FAULT,CPU;INTERVAL_FAULTS,NA,NA,NA,NA,NA,NA,NA,NA,NA,NA,NA,NA,NA,NA,NA,NA,NA,NA,NA,NA,NA,NA,NA,TARGET_GONE,identity no longer active
2026-10-02T16:06:07Z,APP_22001_3033686,22001,3033686,5,3140,205.210,0,0,-1,-1,0,0.999931471,NA,NA,70.000000000,MEASURED_CPU_FAULT,CPU;INTERVAL_FAULTS,NA,NA,NA,NA,NA,NA,NA,NA,NA,NA,NA,NA,NA,NA,NA,NA,NA,NA,NA,NA,NA,NA,NA,TARGET_GONE,identity no longer active
2026-10-02T16:06:07Z,APP_22001_3033686,22001,3033686,5,3141,191.904,0,0,-1,-1,0,0.999931471,NA,NA,70.000000000,MEASURED_CPU_FAULT,CPU;INTERVAL_FAULTS,NA,NA,NA,NA,NA,NA,NA,NA,NA,NA,NA,NA,NA,NA,NA,NA,NA,NA,NA,NA,NA,NA,NA,TARGET_GONE,identity no longer active
2026-10-02T16:06:07Z,APP_22001_3033686,22001,3033686,5,3142,202.639,0,0,-1,-1,0,0.999931471,NA,NA,70.000000000,MEASURED_CPU_FAULT,CPU;INTERVAL_FAULTS,NA,NA,NA,NA,NA,NA,NA,NA,NA,NA,NA,NA,NA,NA,NA,NA,NA,NA,NA,NA,NA,NA,NA,TARGET_GONE,identity no longer active
2026-10-02T16:06:07Z,APP_22001_3033686,22001,3033686,5,3143,201.802,0,0,-1,-1,0,0.999931471,NA,NA,70.000000000,MEASURED_CPU_FAULT,CPU;INTERVAL_FAULTS,NA,NA,NA,NA,NA,NA,NA,NA,NA,NA,NA,NA,NA,NA,NA,NA,NA,NA,NA,NA,NA,NA,NA,TARGET_GONE,identity no longer active
2026-10-02T16:06:07Z,APP_22001_3033686,22001,3033686,5,3144,196.923,0,0,-1,-1,0,0.999931471,NA,NA,70.000000000,MEASURED_CPU_FAULT,CPU;INTERVAL_FAULTS,NA,NA,NA,NA,NA,NA,NA,NA,NA,NA,NA,NA,NA,NA,NA,NA,NA,NA,NA,NA,NA,NA,NA,TARGET_GONE,identity no longer active
2026-10-02T16:06:07Z,APP_22001_3033686,22001,3033686,5,3145,204.800,0,0,-1,-1,0,0.999931471,NA,NA,70.000000000,MEASURED_CPU_FAULT,CPU;INTERVAL_FAULTS,NA,NA,NA,NA,NA,NA,NA,NA,NA,NA,NA,NA,NA,NA,NA,NA,NA,NA,NA,NA,NA,NA,NA,TARGET_GONE,identity no longer active
2026-10-02T16:06:07Z,APP_22001_3033686,22001,3033686,5,3146,201.499,0,0,-1,-1,0,0.999931471,NA,NA,70.000000000,MEASURED_CPU_FAULT,CPU;INTERVAL_FAULTS,NA,NA,NA,NA,NA,NA,NA,NA,NA,NA,NA,NA,NA,NA,NA,NA,NA,NA,NA,NA,NA,NA,NA,TARGET_GONE,identity no longer active
2026-10-02T16:06:07Z,APP_22001_3033686,22001,3033686,5,3147,202.639,0,0,-1,-1,0,0.999931471,NA,NA,70.000000000,MEASURED_CPU_FAULT,CPU;INTERVAL_FAULTS,NA,NA,NA,NA,NA,NA,NA,NA,NA,NA,NA,NA,NA,NA,NA,NA,NA,NA,NA,NA,NA,NA,NA,TARGET_GONE,identity no longer active
2026-10-02T16:06:08Z,APP_22001_3033686,22001,3033686,5,3148,201.802,0,0,-1,-1,0,0.999931471,NA,NA,70.000000000,MEASURED_CPU_FAULT,CPU;INTERVAL_FAULTS,NA,NA,NA,NA,NA,NA,NA,NA,NA,NA,NA,NA,NA,NA,NA,NA,NA,NA,NA,NA,NA,NA,NA,TARGET_GONE,identity no longer active
2026-10-02T16:06:08Z,APP_22001_3033686,22001,3033686,5,3149,200.866,0,0,-1,-1,0,0.999931471,NA,NA,70.000000000,MEASURED_CPU_FAULT,CPU;INTERVAL_FAULTS,NA,NA,NA,NA,NA,NA,NA,NA,NA,NA,NA,NA,NA,NA,NA,NA,NA,NA,NA,NA,NA,NA,NA,TARGET_GONE,identity no longer active
2026-10-02T16:06:08Z,APP_22001_3033686,22001,3033686,5,3150,192.192,0,0,-1,-1,0,0.999931471,NA,NA,70.000000000,MEASURED_CPU_FAULT,CPU;INTERVAL_FAULTS,NA,NA,NA,NA,NA,NA,NA,NA,NA,NA,NA,NA,NA,NA,NA,NA,NA,NA,NA,NA,NA,NA,NA,TARGET_GONE,identity no longer active
2026-10-02T16:06:08Z,APP_22001_3033686,22001,3033686,5,3151,201.083,0,0,-1,-1,0,0.999931471,NA,NA,70.000000000,MEASURED_CPU_FAULT,CPU;INTERVAL_FAULTS,NA,NA,NA,NA,NA,NA,NA,NA,NA,NA,NA,NA,NA,NA,NA,NA,NA,NA,NA,NA,NA,NA,NA,TARGET_GONE,identity no longer active
2026-10-02T16:06:08Z,APP_22001_3033686,22001,3033686,5,3152,192.000,0,0,-1,-1,0,0.999931471,NA,NA,70.000000000,MEASURED_CPU_FAULT,CPU;INTERVAL_FAULTS,NA,NA,NA,NA,NA,NA,NA,NA,NA,NA,NA,NA,NA,NA,NA,NA,NA,NA,NA,NA,NA,NA,NA,TARGET_GONE,identity no longer active
2026-10-02T16:06:08Z,APP_22001_3033686,22001,3033686,5,3153,201.117,0,0,-1,-1,0,0.999931471,NA,NA,70.000000000,MEASURED_CPU_FAULT,CPU;INTERVAL_FAULTS,NA,NA,NA,NA,NA,NA,NA,NA,NA,NA,NA,NA,NA,NA,NA,NA,NA,NA,NA,NA,NA,NA,NA,TARGET_GONE,identity no longer active
2026-10-02T16:06:08Z,APP_22001_3033686,22001,3033686,5,3154,204.391,0,0,-1,-1,0,0.999931471,NA,NA,70.000000000,MEASURED_CPU_FAULT,CPU;INTERVAL_FAULTS,NA,NA,NA,NA,NA,NA,NA,NA,NA,NA,NA,NA,NA,NA,NA,NA,NA,NA,NA,NA,NA,NA,NA,TARGET_GONE,identity no longer active
2026-10-02T16:06:08Z,APP_22001_3033686,22001,3033686,5,3155,201.802,0,0,-1,-1,0,0.999931471,NA,NA,70.000000000,MEASURED_CPU_FAULT,CPU;INTERVAL_FAULTS,NA,NA,NA,NA,NA,NA,NA,NA,NA,NA,NA,NA,NA,NA,NA,NA,NA,NA,NA,NA,NA,NA,NA,TARGET_GONE,identity no longer active
2026-10-02T16:06:09Z,APP_22001_3033686,22001,3033686,5,3156,202.906,0,0,-1,-1,0,0.999931471,NA,NA,70.000000000,MEASURED_CPU_FAULT,CPU;INTERVAL_FAULTS,NA,NA,NA,NA,NA,NA,NA,NA,NA,NA,NA,NA,NA,NA,NA,NA,NA,NA,NA,NA,NA,NA,NA,TARGET_GONE,identity no longer active
2026-10-02T16:06:09Z,APP_22001_3033686,22001,3033686,5,3157,201.802,0,0,-1,-1,0,0.999931471,NA,NA,70.000000000,MEASURED_CPU_FAULT,CPU;INTERVAL_FAULTS,NA,NA,NA,NA,NA,NA,NA,NA,NA,NA,NA,NA,NA,NA,NA,NA,NA,NA,NA,NA,NA,NA,NA,TARGET_GONE,identity no longer active
2026-10-02T16:06:09Z,APP_22001_3033686,22001,3033686,5,3158,201.083,0,0,-1,-1,0,0.999931471,NA,NA,70.000000000,MEASURED_CPU_FAULT,CPU;INTERVAL_FAULTS,NA,NA,NA,NA,NA,NA,NA,NA,NA,NA,NA,NA,NA,NA,NA,NA,NA,NA,NA,NA,NA,NA,NA,TARGET_GONE,identity no longer active
2026-10-02T16:06:09Z,APP_22001_3033686,22001,3033686,5,3159,192.481,0,0,-1,-1,0,0.999931471,NA,NA,70.000000000,MEASURED_CPU_FAULT,CPU;INTERVAL_FAULTS,NA,NA,NA,NA,NA,NA,NA,NA,NA,NA,NA,NA,NA,NA,NA,NA,NA,NA,NA,NA,NA,NA,NA,TARGET_GONE,identity no longer active
2026-10-02T16:06:09Z,APP_22001_3033686,22001,3033686,5,3160,201.083,0,0,-1,-1,0,0.999931471,NA,NA,70.000000000,MEASURED_CPU_FAULT,CPU;INTERVAL_FAULTS,NA,NA,NA,NA,NA,NA,NA,NA,NA,NA,NA,NA,NA,NA,NA,NA,NA,NA,NA,NA,NA,NA,NA,TARGET_GONE,identity no longer active
2026-10-02T16:06:09Z,APP_22001_3033686,22001,3033686,5,3161,192.000,0,0,-1,-1,0,0.999931471,NA,NA,70.000000000,MEASURED_CPU_FAULT,CPU;INTERVAL_FAULTS,NA,NA,NA,NA,NA,NA,NA,NA,NA,NA,NA,NA,NA,NA,NA,NA,NA,NA,NA,NA,NA,NA,NA,TARGET_GONE,identity no longer active
2026-10-02T16:06:04Z,APP_22001_3033686,22001,3033686,6,3162,0.000,0,0,-1,-1,0,0.999931471,1,true,0.000000000,MEASURED_CPU_FAULT,CPU;INTERVAL_FAULTS,HOT,669.474315258,0.560000000,0.700000000,NA,NA,NA,NA,0.560000000,0.000000000,0.700000000,0.000000000,-1.000000000,1.232000000,NA,MOVE_THREAD,INVALID,NOT_APPLICABLE,INVALID,MOVE_THREAD,-1,-1,false,TARGET_GONE,identity no longer active
2026-10-02T16:06:04Z,APP_22001_3033686,22001,3033686,6,3163,0.000,0,0,-1,-1,0,0.999931471,NA,NA,0.000000000,MEASURED_CPU_FAULT,CPU;INTERVAL_FAULTS,NA,NA,NA,NA,NA,NA,NA,NA,NA,NA,NA,NA,NA,NA,NA,NA,NA,NA,NA,NA,NA,NA,NA,TARGET_GONE,identity no longer active
2026-10-02T16:06:04Z,APP_22001_3033686,22001,3033686,6,3164,0.000,0,0,-1,-1,0,0.999931471,NA,NA,0.000000000,MEASURED_CPU_FAULT,CPU;INTERVAL_FAULTS,NA,NA,NA,NA,NA,NA,NA,NA,NA,NA,NA,NA,NA,NA,NA,NA,NA,NA,NA,NA,NA,NA,NA,TARGET_GONE,identity no longer active
2026-10-02T16:06:04Z,APP_22001_3033686,22001,3033686,6,3165,0.000,0,0,-1,-1,0,0.999931471,NA,NA,0.000000000,MEASURED_CPU_FAULT,CPU;INTERVAL_FAULTS,NA,NA,NA,NA,NA,NA,NA,NA,NA,NA,NA,NA,NA,NA,NA,NA,NA,NA,NA,NA,NA,NA,NA,TARGET_GONE,identity no longer active
2026-10-02T16:06:04Z,APP_22001_3033686,22001,3033686,6,3166,0.000,0,0,-1,-1,0,0.999931471,NA,NA,0.000000000,MEASURED_CPU_FAULT,CPU;INTERVAL_FAULTS,NA,NA,NA,NA,NA,NA,NA,NA,NA,NA,NA,NA,NA,NA,NA,NA,NA,NA,NA,NA,NA,NA,NA,TARGET_GONE,identity no longer active
2026-10-02T16:06:04Z,APP_22001_3033686,22001,3033686,6,3167,0.000,0,0,-1,-1,0,0.999931471,NA,NA,0.000000000,MEASURED_CPU_FAULT,CPU;INTERVAL_FAULTS,NA,NA,NA,NA,NA,NA,NA,NA,NA,NA,NA,NA,NA,NA,NA,NA,NA,NA,NA,NA,NA,NA,NA,TARGET_GONE,identity no longer active
2026-10-02T16:06:05Z,APP_22001_3033686,22001,3033686,6,3168,0.000,0,0,-1,-1,0,0.999931471,NA,NA,0.000000000,MEASURED_CPU_FAULT,CPU;INTERVAL_FAULTS,NA,NA,NA,NA,NA,NA,NA,NA,NA,NA,NA,NA,NA,NA,NA,NA,NA,NA,NA,NA,NA,NA,NA,TARGET_GONE,identity no longer active
2026-10-02T16:06:05Z,APP_22001_3033686,22001,3033686,6,3169,0.000,0,0,-1,-1,0,0.999931471,NA,NA,0.000000000,MEASURED_CPU_FAULT,CPU;INTERVAL_FAULTS,NA,NA,NA,NA,NA,NA,NA,NA,NA,NA,NA,NA,NA,NA,NA,NA,NA,NA,NA,NA,NA,NA,NA,TARGET_GONE,identity no longer active
2026-10-02T16:06:05Z,APP_22001_3033686,22001,3033686,6,3170,0.000,0,0,-1,-1,0,0.999931471,NA,NA,0.000000000,MEASURED_CPU_FAULT,CPU;INTERVAL_FAULTS,NA,NA,NA,NA,NA,NA,NA,NA,NA,NA,NA,NA,NA,NA,NA,NA,NA,NA,NA,NA,NA,NA,NA,TARGET_GONE,identity no longer active
2026-10-02T16:06:05Z,APP_22001_3033686,22001,3033686,6,3171,16.203,0,0,-1,-1,0,0.999931471,NA,NA,11.342100000,MEASURED_CPU_FAULT,CPU;INTERVAL_FAULTS,NA,NA,NA,NA,NA,NA,NA,NA,NA,NA,NA,NA,NA,NA,NA,NA,NA,NA,NA,NA,NA,NA,NA,TARGET_GONE,identity no longer active
2026-10-02T16:06:05Z,APP_22001_3033686,22001,3033686,6,3172,192.385,0,0,-1,-1,0,0.999931471,NA,NA,70.000000000,MEASURED_CPU_FAULT,CPU;INTERVAL_FAULTS,NA,NA,NA,NA,NA,NA,NA,NA,NA,NA,NA,NA,NA,NA,NA,NA,NA,NA,NA,NA,NA,NA,NA,TARGET_GONE,identity no longer active
2026-10-02T16:06:05Z,APP_22001_3033686,22001,3033686,6,3173,210.778,0,0,-1,-1,0,0.999931471,NA,NA,70.000000000,MEASURED_CPU_FAULT,CPU;INTERVAL_FAULTS,NA,NA,NA,NA,NA,NA,NA,NA,NA,NA,NA,NA,NA,NA,NA,NA,NA,NA,NA,NA,NA,NA,NA,TARGET_GONE,identity no longer active
2026-10-02T16:06:05Z,APP_22001_3033686,22001,3033686,6,3174,202.009,0,0,-1,-1,0,0.999931471,NA,NA,70.000000000,MEASURED_CPU_FAULT,CPU;INTERVAL_FAULTS,NA,NA,NA,NA,NA,NA,NA,NA,NA,NA,NA,NA,NA,NA,NA,NA,NA,NA,NA,NA,NA,NA,NA,TARGET_GONE,identity no longer active
2026-10-02T16:06:05Z,APP_22001_3033686,22001,3033686,6,3175,191.904,0,0,-1,-1,0,0.999931471,NA,NA,70.000000000,MEASURED_CPU_FAULT,CPU;INTERVAL_FAULTS,NA,NA,NA,NA,NA,NA,NA,NA,NA,NA,NA,NA,NA,NA,NA,NA,NA,NA,NA,NA,NA,NA,NA,TARGET_GONE,identity no longer active
2026-10-02T16:06:06Z,APP_22001_3033686,22001,3033686,6,3176,206.928,0,0,-1,-1,0,0.999931471,NA,NA,70.000000000,MEASURED_CPU_FAULT,CPU;INTERVAL_FAULTS,NA,NA,NA,NA,NA,NA,NA,NA,NA,NA,NA,NA,NA,NA,NA,NA,NA,NA,NA,NA,NA,NA,NA,TARGET_GONE,identity no longer active
2026-10-02T16:06:06Z,APP_22001_3033686,22001,3033686,6,3177,192.385,0,0,-1,-1,0,0.999931471,NA,NA,70.000000000,MEASURED_CPU_FAULT,CPU;INTERVAL_FAULTS,NA,NA,NA,NA,NA,NA,NA,NA,NA,NA,NA,NA,NA,NA,NA,NA,NA,NA,NA,NA,NA,NA,NA,TARGET_GONE,identity no longer active
2026-10-02T16:06:06Z,APP_22001_3033686,22001,3033686,6,3178,201.198,0,0,-1,-1,0,0.999931471,NA,NA,70.000000000,MEASURED_CPU_FAULT,CPU;INTERVAL_FAULTS,NA,NA,NA,NA,NA,NA,NA,NA,NA,NA,NA,NA,NA,NA,NA,NA,NA,NA,NA,NA,NA,NA,NA,TARGET_GONE,identity no longer active
2026-10-02T16:06:06Z,APP_22001_3033686,22001,3033686,6,3179,201.431,0,0,-1,-1,0,0.999931471,NA,NA,70.000000000,MEASURED_CPU_FAULT,CPU;INTERVAL_FAULTS,NA,NA,NA,NA,NA,NA,NA,NA,NA,NA,NA,NA,NA,NA,NA,NA,NA,NA,NA,NA,NA,NA,NA,TARGET_GONE,identity no longer active
2026-10-02T16:06:06Z,APP_22001_3033686,22001,3033686,6,3180,201.802,0,0,-1,-1,0,0.999931471,NA,NA,70.000000000,MEASURED_CPU_FAULT,CPU;INTERVAL_FAULTS,NA,NA,NA,NA,NA,NA,NA,NA,NA,NA,NA,NA,NA,NA,NA,NA,NA,NA,NA,NA,NA,NA,NA,TARGET_GONE,identity no longer active
2026-10-02T16:06:06Z,APP_22001_3033686,22001,3033686,6,3181,196.047,0,0,-1,-1,0,0.999931471,NA,NA,70.000000000,MEASURED_CPU_FAULT,CPU;INTERVAL_FAULTS,NA,NA,NA,NA,NA,NA,NA,NA,NA,NA,NA,NA,NA,NA,NA,NA,NA,NA,NA,NA,NA,NA,NA,TARGET_GONE,identity no longer active
2026-10-02T16:06:06Z,APP_22001_3033686,22001,3033686,6,3182,204.391,0,0,-1,-1,0,0.999931471,NA,NA,70.000000000,MEASURED_CPU_FAULT,CPU;INTERVAL_FAULTS,NA,NA,NA,NA,NA,NA,NA,NA,NA,NA,NA,NA,NA,NA,NA,NA,NA,NA,NA,NA,NA,NA,NA,TARGET_GONE,identity no longer active
2026-10-02T16:06:06Z,APP_22001_3033686,22001,3033686,6,3183,201.802,0,0,-1,-1,0,0.999931471,NA,NA,70.000000000,MEASURED_CPU_FAULT,CPU;INTERVAL_FAULTS,NA,NA,NA,NA,NA,NA,NA,NA,NA,NA,NA,NA,NA,NA,NA,NA,NA,NA,NA,NA,NA,NA,NA,TARGET_GONE,identity no longer active
2026-10-02T16:06:06Z,APP_22001_3033686,22001,3033686,6,3184,194.195,0,0,-1,-1,0,0.999931471,NA,NA,70.000000000,MEASURED_CPU_FAULT,CPU;INTERVAL_FAULTS,NA,NA,NA,NA,NA,NA,NA,NA,NA,NA,NA,NA,NA,NA,NA,NA,NA,NA,NA,NA,NA,NA,NA,TARGET_GONE,identity no longer active
2026-10-02T16:06:06Z,APP_22001_3033686,22001,3033686,6,3185,210.778,0,0,-1,-1,0,0.999931471,NA,NA,70.000000000,MEASURED_CPU_FAULT,CPU;INTERVAL_FAULTS,NA,NA,NA,NA,NA,NA,NA,NA,NA,NA,NA,NA,NA,NA,NA,NA,NA,NA,NA,NA,NA,NA,NA,TARGET_GONE,identity no longer active
2026-10-02T16:06:07Z,APP_22001_3033686,22001,3033686,6,3186,194.360,0,0,-1,-1,0,0.999931471,NA,NA,70.000000000,MEASURED_CPU_FAULT,CPU;INTERVAL_FAULTS,NA,NA,NA,NA,NA,NA,NA,NA,NA,NA,NA,NA,NA,NA,NA,NA,NA,NA,NA,NA,NA,NA,NA,TARGET_GONE,identity no longer active
2026-10-02T16:06:07Z,APP_22001_3033686,22001,3033686,6,3187,205.210,0,0,-1,-1,0,0.999931471,NA,NA,70.000000000,MEASURED_CPU_FAULT,CPU;INTERVAL_FAULTS,NA,NA,NA,NA,NA,NA,NA,NA,NA,NA,NA,NA,NA,NA,NA,NA,NA,NA,NA,NA,NA,NA,NA,TARGET_GONE,identity no longer active
2026-10-02T16:06:07Z,APP_22001_3033686,22001,3033686,6,3188,191.904,0,0,-1,-1,0,0.999931471,NA,NA,70.000000000,MEASURED_CPU_FAULT,CPU;INTERVAL_FAULTS,NA,NA,NA,NA,NA,NA,NA,NA,NA,NA,NA,NA,NA,NA,NA,NA,NA,NA,NA,NA,NA,NA,NA,TARGET_GONE,identity no longer active
2026-10-02T16:06:07Z,APP_22001_3033686,22001,3033686,6,3189,202.639,0,0,-1,-1,0,0.999931471,NA,NA,70.000000000,MEASURED_CPU_FAULT,CPU;INTERVAL_FAULTS,NA,NA,NA,NA,NA,NA,NA,NA,NA,NA,NA,NA,NA,NA,NA,NA,NA,NA,NA,NA,NA,NA,NA,TARGET_GONE,identity no longer active
2026-10-02T16:06:07Z,APP_22001_3033686,22001,3033686,6,3190,201.802,0,0,-1,-1,0,0.999931471,NA,NA,70.000000000,MEASURED_CPU_FAULT,CPU;INTERVAL_FAULTS,NA,NA,NA,NA,NA,NA,NA,NA,NA,NA,NA,NA,NA,NA,NA,NA,NA,NA,NA,NA,NA,NA,NA,TARGET_GONE,identity no longer active
2026-10-02T16:06:07Z,APP_22001_3033686,22001,3033686,6,3191,196.923,0,0,-1,-1,0,0.999931471,NA,NA,70.000000000,MEASURED_CPU_FAULT,CPU;INTERVAL_FAULTS,NA,NA,NA,NA,NA,NA,NA,NA,NA,NA,NA,NA,NA,NA,NA,NA,NA,NA,NA,NA,NA,NA,NA,TARGET_GONE,identity no longer active
2026-10-02T16:06:07Z,APP_22001_3033686,22001,3033686,6,3192,204.800,0,0,-1,-1,0,0.999931471,NA,NA,70.000000000,MEASURED_CPU_FAULT,CPU;INTERVAL_FAULTS,NA,NA,NA,NA,NA,NA,NA,NA,NA,NA,NA,NA,NA,NA,NA,NA,NA,NA,NA,NA,NA,NA,NA,TARGET_GONE,identity no longer active
2026-10-02T16:06:07Z,APP_22001_3033686,22001,3033686,6,3193,201.499,0,0,-1,-1,0,0.999931471,NA,NA,70.000000000,MEASURED_CPU_FAULT,CPU;INTERVAL_FAULTS,NA,NA,NA,NA,NA,NA,NA,NA,NA,NA,NA,NA,NA,NA,NA,NA,NA,NA,NA,NA,NA,NA,NA,TARGET_GONE,identity no longer active
2026-10-02T16:06:07Z,APP_22001_3033686,22001,3033686,6,3194,202.639,0,0,-1,-1,0,0.999931471,NA,NA,70.000000000,MEASURED_CPU_FAULT,CPU;INTERVAL_FAULTS,NA,NA,NA,NA,NA,NA,NA,NA,NA,NA,NA,NA,NA,NA,NA,NA,NA,NA,NA,NA,NA,NA,NA,TARGET_GONE,identity no longer active
2026-10-02T16:06:08Z,APP_22001_3033686,22001,3033686,6,3195,201.802,0,0,-1,-1,0,0.999931471,NA,NA,70.000000000,MEASURED_CPU_FAULT,CPU;INTERVAL_FAULTS,NA,NA,NA,NA,NA,NA,NA,NA,NA,NA,NA,NA,NA,NA,NA,NA,NA,NA,NA,NA,NA,NA,NA,TARGET_GONE,identity no longer active
2026-10-02T16:06:08Z,APP_22001_3033686,22001,3033686,6,3196,200.866,0,0,-1,-1,0,0.999931471,NA,NA,70.000000000,MEASURED_CPU_FAULT,CPU;INTERVAL_FAULTS,NA,NA,NA,NA,NA,NA,NA,NA,NA,NA,NA,NA,NA,NA,NA,NA,NA,NA,NA,NA,NA,NA,NA,TARGET_GONE,identity no longer active
2026-10-02T16:06:08Z,APP_22001_3033686,22001,3033686,6,3197,192.192,0,0,-1,-1,0,0.999931471,NA,NA,70.000000000,MEASURED_CPU_FAULT,CPU;INTERVAL_FAULTS,NA,NA,NA,NA,NA,NA,NA,NA,NA,NA,NA,NA,NA,NA,NA,NA,NA,NA,NA,NA,NA,NA,NA,TARGET_GONE,identity no longer active
2026-10-02T16:06:08Z,APP_22001_3033686,22001,3033686,6,3198,201.083,0,0,-1,-1,0,0.999931471,NA,NA,70.000000000,MEASURED_CPU_FAULT,CPU;INTERVAL_FAULTS,NA,NA,NA,NA,NA,NA,NA,NA,NA,NA,NA,NA,NA,NA,NA,NA,NA,NA,NA,NA,NA,NA,NA,TARGET_GONE,identity no longer active
2026-10-02T16:06:08Z,APP_22001_3033686,22001,3033686,6,3199,192.000,0,0,-1,-1,0,0.999931471,NA,NA,70.000000000,MEASURED_CPU_FAULT,CPU;INTERVAL_FAULTS,NA,NA,NA,NA,NA,NA,NA,NA,NA,NA,NA,NA,NA,NA,NA,NA,NA,NA,NA,NA,NA,NA,NA,TARGET_GONE,identity no longer active
2026-10-02T16:06:08Z,APP_22001_3033686,22001,3033686,6,3200,201.117,0,0,-1,-1,0,0.999931471,NA,NA,70.000000000,MEASURED_CPU_FAULT,CPU;INTERVAL_FAULTS,NA,NA,NA,NA,NA,NA,NA,NA,NA,NA,NA,NA,NA,NA,NA,NA,NA,NA,NA,NA,NA,NA,NA,TARGET_GONE,identity no longer active
2026-10-02T16:06:08Z,APP_22001_3033686,22001,3033686,6,3201,204.391,0,0,-1,-1,0,0.999931471,NA,NA,70.000000000,MEASURED_CPU_FAULT,CPU;INTERVAL_FAULTS,NA,NA,NA,NA,NA,NA,NA,NA,NA,NA,NA,NA,NA,NA,NA,NA,NA,NA,NA,NA,NA,NA,NA,TARGET_GONE,identity no longer active
2026-10-02T16:06:08Z,APP_22001_3033686,22001,3033686,6,3202,201.802,0,0,-1,-1,0,0.999931471,NA,NA,70.000000000,MEASURED_CPU_FAULT,CPU;INTERVAL_FAULTS,NA,NA,NA,NA,NA,NA,NA,NA,NA,NA,NA,NA,NA,NA,NA,NA,NA,NA,NA,NA,NA,NA,NA,TARGET_GONE,identity no longer active
2026-10-02T16:06:09Z,APP_22001_3033686,22001,3033686,6,3203,202.906,0,0,-1,-1,0,0.999931471,NA,NA,70.000000000,MEASURED_CPU_FAULT,CPU;INTERVAL_FAULTS,NA,NA,NA,NA,NA,NA,NA,NA,NA,NA,NA,NA,NA,NA,NA,NA,NA,NA,NA,NA,NA,NA,NA,TARGET_GONE,identity no longer active
2026-10-02T16:06:09Z,APP_22001_3033686,22001,3033686,6,3204,201.802,0,0,-1,-1,0,0.999931471,NA,NA,70.000000000,MEASURED_CPU_FAULT,CPU;INTERVAL_FAULTS,NA,NA,NA,NA,NA,NA,NA,NA,NA,NA,NA,NA,NA,NA,NA,NA,NA,NA,NA,NA,NA,NA,NA,TARGET_GONE,identity no longer active
2026-10-02T16:06:09Z,APP_22001_3033686,22001,3033686,6,3205,201.083,0,0,-1,-1,0,0.999931471,NA,NA,70.000000000,MEASURED_CPU_FAULT,CPU;INTERVAL_FAULTS,NA,NA,NA,NA,NA,NA,NA,NA,NA,NA,NA,NA,NA,NA,NA,NA,NA,NA,NA,NA,NA,NA,NA,TARGET_GONE,identity no longer active
2026-10-02T16:06:09Z,APP_22001_3033686,22001,3033686,6,3206,192.481,0,0,-1,-1,0,0.999931471,NA,NA,70.000000000,MEASURED_CPU_FAULT,CPU;INTERVAL_FAULTS,NA,NA,NA,NA,NA,NA,NA,NA,NA,NA,NA,NA,NA,NA,NA,NA,NA,NA,NA,NA,NA,NA,NA,TARGET_GONE,identity no longer active
2026-10-02T16:06:09Z,APP_22001_3033686,22001,3033686,6,3207,201.083,0,0,-1,-1,0,0.999931471,NA,NA,70.000000000,MEASURED_CPU_FAULT,CPU;INTERVAL_FAULTS,NA,NA,NA,NA,NA,NA,NA,NA,NA,NA,NA,NA,NA,NA,NA,NA,NA,NA,NA,NA,NA,NA,NA,TARGET_GONE,identity no longer active
2026-10-02T16:06:09Z,APP_22001_3033686,22001,3033686,6,3208,192.000,0,0,-1,-1,0,0.999931471,NA,NA,70.000000000,MEASURED_CPU_FAULT,CPU;INTERVAL_FAULTS,NA,NA,NA,NA,NA,NA,NA,NA,NA,NA,NA,NA,NA,NA,NA,NA,NA,NA,NA,NA,NA,NA,NA,TARGET_GONE,identity no longer active
2026-10-02T16:06:09Z,APP_22001_3033686,22001,3033686,6,3209,200.557,0,0,-1,-1,0,0.999931471,NA,NA,70.000000000,MEASURED_CPU_FAULT,CPU;INTERVAL_FAULTS,NA,NA,NA,NA,NA,NA,NA,NA,NA,NA,NA,NA,NA,NA,NA,NA,NA,NA,NA,NA,NA,NA,NA,TARGET_GONE,identity no longer active
2026-10-02T16:06:09Z,APP_22001_3033686,22001,3033686,6,3210,204.391,0,0,-1,-1,0,0.999931471,NA,NA,70.000000000,MEASURED_CPU_FAULT,CPU;INTERVAL_FAULTS,NA,NA,NA,NA,NA,NA,NA,NA,NA,NA,NA,NA,NA,NA,NA,NA,NA,NA,NA,NA,NA,NA,NA,TARGET_GONE,identity no longer active
2026-10-02T16:06:10Z,APP_22001_3033686,22001,3033686,6,3211,201.499,0,0,-1,-1,0,0.999931471,NA,NA,70.000000000,MEASURED_CPU_FAULT,CPU;INTERVAL_FAULTS,NA,NA,NA,NA,NA,NA,NA,NA,NA,NA,NA,NA,NA,NA,NA,NA,NA,NA,NA,NA,NA,NA,NA,TARGET_GONE,identity no longer active
2026-10-02T16:06:10Z,APP_22001_3033686,22001,3033686,6,3212,202.906,0,0,-1,-1,0,0.999931471,NA,NA,70.000000000,MEASURED_CPU_FAULT,CPU;INTERVAL_FAULTS,NA,NA,NA,NA,NA,NA,NA,NA,NA,NA,NA,NA,NA,NA,NA,NA,NA,NA,NA,NA,NA,NA,NA,TARGET_GONE,identity no longer active
2026-10-02T16:06:10Z,APP_22001_3033686,22001,3033686,6,3213,201.802,0,0,-1,-1,0,0.999931471,NA,NA,70.000000000,MEASURED_CPU_FAULT,CPU;INTERVAL_FAULTS,NA,NA,NA,NA,NA,NA,NA,NA,NA,NA,NA,NA,NA,NA,NA,NA,NA,NA,NA,NA,NA,NA,NA,TARGET_GONE,identity no longer active
2026-10-02T16:06:10Z,APP_22001_3033686,22001,3033686,6,3214,201.083,0,0,-1,-1,0,0.999931471,NA,NA,70.000000000,MEASURED_CPU_FAULT,CPU;INTERVAL_FAULTS,NA,NA,NA,NA,NA,NA,NA,NA,NA,NA,NA,NA,NA,NA,NA,NA,NA,NA,NA,NA,NA,NA,NA,TARGET_GONE,identity no longer active
2026-10-02T16:06:10Z,APP_22001_3033686,22001,3033686,6,3215,191.904,0,0,-1,-1,0,0.999931471,NA,NA,70.000000000,MEASURED_CPU_FAULT,CPU;INTERVAL_FAULTS,NA,NA,NA,NA,NA,NA,NA,NA,NA,NA,NA,NA,NA,NA,NA,NA,NA,NA,NA,NA,NA,NA,NA,TARGET_GONE,identity no longer active
2026-10-02T16:06:10Z,APP_22001_3033686,22001,3033686,6,3216,201.083,0,0,-1,-1,0,0.999931471,NA,NA,70.000000000,MEASURED_CPU_FAULT,CPU;INTERVAL_FAULTS,NA,NA,NA,NA,NA,NA,NA,NA,NA,NA,NA,NA,NA,NA,NA,NA,NA,NA,NA,NA,NA,NA,NA,TARGET_GONE,identity no longer active
2026-10-02T16:06:10Z,APP_22001_3033686,22001,3033686,6,3217,192.771,0,0,-1,-1,0,0.999931471,NA,NA,70.000000000,MEASURED_CPU_FAULT,CPU;INTERVAL_FAULTS,NA,NA,NA,NA,NA,NA,NA,NA,NA,NA,NA,NA,NA,NA,NA,NA,NA,NA,NA,NA,NA,NA,NA,TARGET_GONE,identity no longer active
2026-10-02T16:06:04Z,APP_22001_3033686,22001,3033686,7,3218,0.000,0,0,-1,-1,0,0.999931471,1,true,0.000000000,MEASURED_CPU_FAULT,CPU;INTERVAL_FAULTS,HOT,669.474315258,0.560000000,0.700000000,NA,NA,NA,NA,0.560000000,0.000000000,0.700000000,0.000000000,-1.000000000,1.232000000,NA,MOVE_THREAD,INVALID,NOT_APPLICABLE,INVALID,MOVE_THREAD,-1,-1,false,TARGET_GONE,identity no longer active
2026-10-02T16:06:04Z,APP_22001_3033686,22001,3033686,7,3219,0.000,0,0,-1,-1,0,0.999931471,NA,NA,0.000000000,MEASURED_CPU_FAULT,CPU;INTERVAL_FAULTS,NA,NA,NA,NA,NA,NA,NA,NA,NA,NA,NA,NA,NA,NA,NA,NA,NA,NA,NA,NA,NA,NA,NA,TARGET_GONE,identity no longer active
2026-10-02T16:06:04Z,APP_22001_3033686,22001,3033686,7,3220,0.000,0,0,-1,-1,0,0.999931471,NA,NA,0.000000000,MEASURED_CPU_FAULT,CPU;INTERVAL_FAULTS,NA,NA,NA,NA,NA,NA,NA,NA,NA,NA,NA,NA,NA,NA,NA,NA,NA,NA,NA,NA,NA,NA,NA,TARGET_GONE,identity no longer active
2026-10-02T16:06:04Z,APP_22001_3033686,22001,3033686,7,3221,0.000,0,0,-1,-1,0,0.999931471,NA,NA,0.000000000,MEASURED_CPU_FAULT,CPU;INTERVAL_FAULTS,NA,NA,NA,NA,NA,NA,NA,NA,NA,NA,NA,NA,NA,NA,NA,NA,NA,NA,NA,NA,NA,NA,NA,TARGET_GONE,identity no longer active
2026-10-02T16:06:04Z,APP_22001_3033686,22001,3033686,7,3222,0.000,0,0,-1,-1,0,0.999931471,NA,NA,0.000000000,MEASURED_CPU_FAULT,CPU;INTERVAL_FAULTS,NA,NA,NA,NA,NA,NA,NA,NA,NA,NA,NA,NA,NA,NA,NA,NA,NA,NA,NA,NA,NA,NA,NA,TARGET_GONE,identity no longer active
2026-10-02T16:06:04Z,APP_22001_3033686,22001,3033686,7,3223,0.000,0,0,-1,-1,0,0.999931471,NA,NA,0.000000000,MEASURED_CPU_FAULT,CPU;INTERVAL_FAULTS,NA,NA,NA,NA,NA,NA,NA,NA,NA,NA,NA,NA,NA,NA,NA,NA,NA,NA,NA,NA,NA,NA,NA,TARGET_GONE,identity no longer active
2026-10-02T16:06:05Z,APP_22001_3033686,22001,3033686,7,3224,0.000,0,0,-1,-1,0,0.999931471,NA,NA,0.000000000,MEASURED_CPU_FAULT,CPU;INTERVAL_FAULTS,NA,NA,NA,NA,NA,NA,NA,NA,NA,NA,NA,NA,NA,NA,NA,NA,NA,NA,NA,NA,NA,NA,NA,TARGET_GONE,identity no longer active
2026-10-02T16:06:05Z,APP_22001_3033686,22001,3033686,7,3225,0.000,0,0,-1,-1,0,0.999931471,NA,NA,0.000000000,MEASURED_CPU_FAULT,CPU;INTERVAL_FAULTS,NA,NA,NA,NA,NA,NA,NA,NA,NA,NA,NA,NA,NA,NA,NA,NA,NA,NA,NA,NA,NA,NA,NA,TARGET_GONE,identity no longer active
2026-10-02T16:06:05Z,APP_22001_3033686,22001,3033686,7,3226,0.000,0,0,-1,-1,0,0.999931471,NA,NA,0.000000000,MEASURED_CPU_FAULT,CPU;INTERVAL_FAULTS,NA,NA,NA,NA,NA,NA,NA,NA,NA,NA,NA,NA,NA,NA,NA,NA,NA,NA,NA,NA,NA,NA,NA,TARGET_GONE,identity no longer active
2026-10-02T16:06:05Z,APP_22001_3033686,22001,3033686,7,3227,16.203,0,0,-1,-1,0,0.999931471,NA,NA,11.342100000,MEASURED_CPU_FAULT,CPU;INTERVAL_FAULTS,NA,NA,NA,NA,NA,NA,NA,NA,NA,NA,NA,NA,NA,NA,NA,NA,NA,NA,NA,NA,NA,NA,NA,TARGET_GONE,identity no longer active
2026-10-02T16:06:05Z,APP_22001_3033686,22001,3033686,7,3228,192.385,0,0,-1,-1,0,0.999931471,NA,NA,70.000000000,MEASURED_CPU_FAULT,CPU;INTERVAL_FAULTS,NA,NA,NA,NA,NA,NA,NA,NA,NA,NA,NA,NA,NA,NA,NA,NA,NA,NA,NA,NA,NA,NA,NA,TARGET_GONE,identity no longer active
2026-10-02T16:06:05Z,APP_22001_3033686,22001,3033686,7,3229,210.778,0,0,-1,-1,0,0.999931471,NA,NA,70.000000000,MEASURED_CPU_FAULT,CPU;INTERVAL_FAULTS,NA,NA,NA,NA,NA,NA,NA,NA,NA,NA,NA,NA,NA,NA,NA,NA,NA,NA,NA,NA,NA,NA,NA,TARGET_GONE,identity no longer active
2026-10-02T16:06:05Z,APP_22001_3033686,22001,3033686,7,3230,202.009,0,0,-1,-1,0,0.999931471,NA,NA,70.000000000,MEASURED_CPU_FAULT,CPU;INTERVAL_FAULTS,NA,NA,NA,NA,NA,NA,NA,NA,NA,NA,NA,NA,NA,NA,NA,NA,NA,NA,NA,NA,NA,NA,NA,TARGET_GONE,identity no longer active
2026-10-02T16:06:05Z,APP_22001_3033686,22001,3033686,7,3231,191.904,0,0,-1,-1,0,0.999931471,NA,NA,70.000000000,MEASURED_CPU_FAULT,CPU;INTERVAL_FAULTS,NA,NA,NA,NA,NA,NA,NA,NA,NA,NA,NA,NA,NA,NA,NA,NA,NA,NA,NA,NA,NA,NA,NA,TARGET_GONE,identity no longer active
2026-10-02T16:06:06Z,APP_22001_3033686,22001,3033686,7,3232,206.928,0,0,-1,-1,0,0.999931471,NA,NA,70.000000000,MEASURED_CPU_FAULT,CPU;INTERVAL_FAULTS,NA,NA,NA,NA,NA,NA,NA,NA,NA,NA,NA,NA,NA,NA,NA,NA,NA,NA,NA,NA,NA,NA,NA,TARGET_GONE,identity no longer active
2026-10-02T16:06:06Z,APP_22001_3033686,22001,3033686,7,3233,192.385,0,0,-1,-1,0,0.999931471,NA,NA,70.000000000,MEASURED_CPU_FAULT,CPU;INTERVAL_FAULTS,NA,NA,NA,NA,NA,NA,NA,NA,NA,NA,NA,NA,NA,NA,NA,NA,NA,NA,NA,NA,NA,NA,NA,TARGET_GONE,identity no longer active
2026-10-02T16:06:06Z,APP_22001_3033686,22001,3033686,7,3234,201.198,0,0,-1,-1,0,0.999931471,NA,NA,70.000000000,MEASURED_CPU_FAULT,CPU;INTERVAL_FAULTS,NA,NA,NA,NA,NA,NA,NA,NA,NA,NA,NA,NA,NA,NA,NA,NA,NA,NA,NA,NA,NA,NA,NA,TARGET_GONE,identity no longer active
2026-10-02T16:06:06Z,APP_22001_3033686,22001,3033686,7,3235,201.431,0,0,-1,-1,0,0.999931471,NA,NA,70.000000000,MEASURED_CPU_FAULT,CPU;INTERVAL_FAULTS,NA,NA,NA,NA,NA,NA,NA,NA,NA,NA,NA,NA,NA,NA,NA,NA,NA,NA,NA,NA,NA,NA,NA,TARGET_GONE,identity no longer active
2026-10-02T16:06:06Z,APP_22001_3033686,22001,3033686,7,3236,201.802,0,0,-1,-1,0,0.999931471,NA,NA,70.000000000,MEASURED_CPU_FAULT,CPU;INTERVAL_FAULTS,NA,NA,NA,NA,NA,NA,NA,NA,NA,NA,NA,NA,NA,NA,NA,NA,NA,NA,NA,NA,NA,NA,NA,TARGET_GONE,identity no longer active
2026-10-02T16:06:06Z,APP_22001_3033686,22001,3033686,7,3237,196.047,0,0,-1,-1,0,0.999931471,NA,NA,70.000000000,MEASURED_CPU_FAULT,CPU;INTERVAL_FAULTS,NA,NA,NA,NA,NA,NA,NA,NA,NA,NA,NA,NA,NA,NA,NA,NA,NA,NA,NA,NA,NA,NA,NA,TARGET_GONE,identity no longer active
2026-10-02T16:06:06Z,APP_22001_3033686,22001,3033686,7,3238,204.391,0,0,-1,-1,0,0.999931471,NA,NA,70.000000000,MEASURED_CPU_FAULT,CPU;INTERVAL_FAULTS,NA,NA,NA,NA,NA,NA,NA,NA,NA,NA,NA,NA,NA,NA,NA,NA,NA,NA,NA,NA,NA,NA,NA,TARGET_GONE,identity no longer active
2026-10-02T16:06:06Z,APP_22001_3033686,22001,3033686,7,3239,201.802,0,0,-1,-1,0,0.999931471,NA,NA,70.000000000,MEASURED_CPU_FAULT,CPU;INTERVAL_FAULTS,NA,NA,NA,NA,NA,NA,NA,NA,NA,NA,NA,NA,NA,NA,NA,NA,NA,NA,NA,NA,NA,NA,NA,TARGET_GONE,identity no longer active
2026-10-02T16:06:06Z,APP_22001_3033686,22001,3033686,7,3240,194.195,0,0,-1,-1,0,0.999931471,NA,NA,70.000000000,MEASURED_CPU_FAULT,CPU;INTERVAL_FAULTS,NA,NA,NA,NA,NA,NA,NA,NA,NA,NA,NA,NA,NA,NA,NA,NA,NA,NA,NA,NA,NA,NA,NA,TARGET_GONE,identity no longer active
2026-10-02T16:06:06Z,APP_22001_3033686,22001,3033686,7,3241,210.778,0,0,-1,-1,0,0.999931471,NA,NA,70.000000000,MEASURED_CPU_FAULT,CPU;INTERVAL_FAULTS,NA,NA,NA,NA,NA,NA,NA,NA,NA,NA,NA,NA,NA,NA,NA,NA,NA,NA,NA,NA,NA,NA,NA,TARGET_GONE,identity no longer active
2026-10-02T16:06:07Z,APP_22001_3033686,22001,3033686,7,3242,194.360,0,0,-1,-1,0,0.999931471,NA,NA,70.000000000,MEASURED_CPU_FAULT,CPU;INTERVAL_FAULTS,NA,NA,NA,NA,NA,NA,NA,NA,NA,NA,NA,NA,NA,NA,NA,NA,NA,NA,NA,NA,NA,NA,NA,TARGET_GONE,identity no longer active
2026-10-02T16:06:07Z,APP_22001_3033686,22001,3033686,7,3243,205.210,0,0,-1,-1,0,0.999931471,NA,NA,70.000000000,MEASURED_CPU_FAULT,CPU;INTERVAL_FAULTS,NA,NA,NA,NA,NA,NA,NA,NA,NA,NA,NA,NA,NA,NA,NA,NA,NA,NA,NA,NA,NA,NA,NA,TARGET_GONE,identity no longer active
2026-10-02T16:06:07Z,APP_22001_3033686,22001,3033686,7,3244,191.904,0,0,-1,-1,0,0.999931471,NA,NA,70.000000000,MEASURED_CPU_FAULT,CPU;INTERVAL_FAULTS,NA,NA,NA,NA,NA,NA,NA,NA,NA,NA,NA,NA,NA,NA,NA,NA,NA,NA,NA,NA,NA,NA,NA,TARGET_GONE,identity no longer active
2026-10-02T16:06:07Z,APP_22001_3033686,22001,3033686,7,3245,202.639,0,0,-1,-1,0,0.999931471,NA,NA,70.000000000,MEASURED_CPU_FAULT,CPU;INTERVAL_FAULTS,NA,NA,NA,NA,NA,NA,NA,NA,NA,NA,NA,NA,NA,NA,NA,NA,NA,NA,NA,NA,NA,NA,NA,TARGET_GONE,identity no longer active
2026-10-02T16:06:07Z,APP_22001_3033686,22001,3033686,7,3246,201.802,0,0,-1,-1,0,0.999931471,NA,NA,70.000000000,MEASURED_CPU_FAULT,CPU;INTERVAL_FAULTS,NA,NA,NA,NA,NA,NA,NA,NA,NA,NA,NA,NA,NA,NA,NA,NA,NA,NA,NA,NA,NA,NA,NA,TARGET_GONE,identity no longer active
2026-10-02T16:06:07Z,APP_22001_3033686,22001,3033686,7,3247,196.923,0,0,-1,-1,0,0.999931471,NA,NA,70.000000000,MEASURED_CPU_FAULT,CPU;INTERVAL_FAULTS,NA,NA,NA,NA,NA,NA,NA,NA,NA,NA,NA,NA,NA,NA,NA,NA,NA,NA,NA,NA,NA,NA,NA,TARGET_GONE,identity no longer active
2026-10-02T16:06:07Z,APP_22001_3033686,22001,3033686,7,3248,204.800,0,0,-1,-1,0,0.999931471,NA,NA,70.000000000,MEASURED_CPU_FAULT,CPU;INTERVAL_FAULTS,NA,NA,NA,NA,NA,NA,NA,NA,NA,NA,NA,NA,NA,NA,NA,NA,NA,NA,NA,NA,NA,NA,NA,TARGET_GONE,identity no longer active
2026-10-02T16:06:07Z,APP_22001_3033686,22001,3033686,7,3249,201.499,0,0,-1,-1,0,0.999931471,NA,NA,70.000000000,MEASURED_CPU_FAULT,CPU;INTERVAL_FAULTS,NA,NA,NA,NA,NA,NA,NA,NA,NA,NA,NA,NA,NA,NA,NA,NA,NA,NA,NA,NA,NA,NA,NA,TARGET_GONE,identity no longer active
2026-10-02T16:06:07Z,APP_22001_3033686,22001,3033686,7,3250,202.639,0,0,-1,-1,0,0.999931471,NA,NA,70.000000000,MEASURED_CPU_FAULT,CPU;INTERVAL_FAULTS,NA,NA,NA,NA,NA,NA,NA,NA,NA,NA,NA,NA,NA,NA,NA,NA,NA,NA,NA,NA,NA,NA,NA,TARGET_GONE,identity no longer active
2026-10-02T16:06:08Z,APP_22001_3033686,22001,3033686,7,3251,201.802,0,0,-1,-1,0,0.999931471,NA,NA,70.000000000,MEASURED_CPU_FAULT,CPU;INTERVAL_FAULTS,NA,NA,NA,NA,NA,NA,NA,NA,NA,NA,NA,NA,NA,NA,NA,NA,NA,NA,NA,NA,NA,NA,NA,TARGET_GONE,identity no longer active
2026-10-02T16:06:08Z,APP_22001_3033686,22001,3033686,7,3252,200.866,0,0,-1,-1,0,0.999931471,NA,NA,70.000000000,MEASURED_CPU_FAULT,CPU;INTERVAL_FAULTS,NA,NA,NA,NA,NA,NA,NA,NA,NA,NA,NA,NA,NA,NA,NA,NA,NA,NA,NA,NA,NA,NA,NA,TARGET_GONE,identity no longer active
2026-10-02T16:06:08Z,APP_22001_3033686,22001,3033686,7,3253,192.192,0,0,-1,-1,0,0.999931471,NA,NA,70.000000000,MEASURED_CPU_FAULT,CPU;INTERVAL_FAULTS,NA,NA,NA,NA,NA,NA,NA,NA,NA,NA,NA,NA,NA,NA,NA,NA,NA,NA,NA,NA,NA,NA,NA,TARGET_GONE,identity no longer active
2026-10-02T16:06:08Z,APP_22001_3033686,22001,3033686,7,3254,201.083,0,0,-1,-1,0,0.999931471,NA,NA,70.000000000,MEASURED_CPU_FAULT,CPU;INTERVAL_FAULTS,NA,NA,NA,NA,NA,NA,NA,NA,NA,NA,NA,NA,NA,NA,NA,NA,NA,NA,NA,NA,NA,NA,NA,TARGET_GONE,identity no longer active
2026-10-02T16:06:08Z,APP_22001_3033686,22001,3033686,7,3255,192.000,0,0,-1,-1,0,0.999931471,NA,NA,70.000000000,MEASURED_CPU_FAULT,CPU;INTERVAL_FAULTS,NA,NA,NA,NA,NA,NA,NA,NA,NA,NA,NA,NA,NA,NA,NA,NA,NA,NA,NA,NA,NA,NA,NA,TARGET_GONE,identity no longer active
2026-10-02T16:06:08Z,APP_22001_3033686,22001,3033686,7,3256,201.117,0,0,-1,-1,0,0.999931471,NA,NA,70.000000000,MEASURED_CPU_FAULT,CPU;INTERVAL_FAULTS,NA,NA,NA,NA,NA,NA,NA,NA,NA,NA,NA,NA,NA,NA,NA,NA,NA,NA,NA,NA,NA,NA,NA,TARGET_GONE,identity no longer active
2026-10-02T16:06:08Z,APP_22001_3033686,22001,3033686,7,3257,204.391,0,0,-1,-1,0,0.999931471,NA,NA,70.000000000,MEASURED_CPU_FAULT,CPU;INTERVAL_FAULTS,NA,NA,NA,NA,NA,NA,NA,NA,NA,NA,NA,NA,NA,NA,NA,NA,NA,NA,NA,NA,NA,NA,NA,TARGET_GONE,identity no longer active
2026-10-02T16:06:08Z,APP_22001_3033686,22001,3033686,7,3258,201.802,0,0,-1,-1,0,0.999931471,NA,NA,70.000000000,MEASURED_CPU_FAULT,CPU;INTERVAL_FAULTS,NA,NA,NA,NA,NA,NA,NA,NA,NA,NA,NA,NA,NA,NA,NA,NA,NA,NA,NA,NA,NA,NA,NA,TARGET_GONE,identity no longer active
2026-10-02T16:06:09Z,APP_22001_3033686,22001,3033686,7,3259,202.906,0,0,-1,-1,0,0.999931471,NA,NA,70.000000000,MEASURED_CPU_FAULT,CPU;INTERVAL_FAULTS,NA,NA,NA,NA,NA,NA,NA,NA,NA,NA,NA,NA,NA,NA,NA,NA,NA,NA,NA,NA,NA,NA,NA,TARGET_GONE,identity no longer active
2026-10-02T16:06:09Z,APP_22001_3033686,22001,3033686,7,3260,201.802,0,0,-1,-1,0,0.999931471,NA,NA,70.000000000,MEASURED_CPU_FAULT,CPU;INTERVAL_FAULTS,NA,NA,NA,NA,NA,NA,NA,NA,NA,NA,NA,NA,NA,NA,NA,NA,NA,NA,NA,NA,NA,NA,NA,TARGET_GONE,identity no longer active
2026-10-02T16:06:09Z,APP_22001_3033686,22001,3033686,7,3261,201.083,0,0,-1,-1,0,0.999931471,NA,NA,70.000000000,MEASURED_CPU_FAULT,CPU;INTERVAL_FAULTS,NA,NA,NA,NA,NA,NA,NA,NA,NA,NA,NA,NA,NA,NA,NA,NA,NA,NA,NA,NA,NA,NA,NA,TARGET_GONE,identity no longer active
2026-10-02T16:06:09Z,APP_22001_3033686,22001,3033686,7,3262,192.481,0,0,-1,-1,0,0.999931471,NA,NA,70.000000000,MEASURED_CPU_FAULT,CPU;INTERVAL_FAULTS,NA,NA,NA,NA,NA,NA,NA,NA,NA,NA,NA,NA,NA,NA,NA,NA,NA,NA,NA,NA,NA,NA,NA,TARGET_GONE,identity no longer active
2026-10-02T16:06:09Z,APP_22001_3033686,22001,3033686,7,3263,201.083,0,0,-1,-1,0,0.999931471,NA,NA,70.000000000,MEASURED_CPU_FAULT,CPU;INTERVAL_FAULTS,NA,NA,NA,NA,NA,NA,NA,NA,NA,NA,NA,NA,NA,NA,NA,NA,NA,NA,NA,NA,NA,NA,NA,TARGET_GONE,identity no longer active
2026-10-02T16:06:09Z,APP_22001_3033686,22001,3033686,7,3264,192.000,0,0,-1,-1,0,0.999931471,NA,NA,70.000000000,MEASURED_CPU_FAULT,CPU;INTERVAL_FAULTS,NA,NA,NA,NA,NA,NA,NA,NA,NA,NA,NA,NA,NA,NA,NA,NA,NA,NA,NA,NA,NA,NA,NA,TARGET_GONE,identity no longer active
2026-10-02T16:06:09Z,APP_22001_3033686,22001,3033686,7,3265,200.557,0,0,-1,-1,0,0.999931471,NA,NA,70.000000000,MEASURED_CPU_FAULT,CPU;INTERVAL_FAULTS,NA,NA,NA,NA,NA,NA,NA,NA,NA,NA,NA,NA,NA,NA,NA,NA,NA,NA,NA,NA,NA,NA,NA,TARGET_GONE,identity no longer active
2026-10-02T16:06:09Z,APP_22001_3033686,22001,3033686,7,3266,204.391,0,0,-1,-1,0,0.999931471,NA,NA,70.000000000,MEASURED_CPU_FAULT,CPU;INTERVAL_FAULTS,NA,NA,NA,NA,NA,NA,NA,NA,NA,NA,NA,NA,NA,NA,NA,NA,NA,NA,NA,NA,NA,NA,NA,TARGET_GONE,identity no longer active
2026-10-02T16:06:10Z,APP_22001_3033686,22001,3033686,7,3267,201.499,0,0,-1,-1,0,0.999931471,NA,NA,70.000000000,MEASURED_CPU_FAULT,CPU;INTERVAL_FAULTS,NA,NA,NA,NA,NA,NA,NA,NA,NA,NA,NA,NA,NA,NA,NA,NA,NA,NA,NA,NA,NA,NA,NA,TARGET_GONE,identity no longer active
2026-10-02T16:06:10Z,APP_22001_3033686,22001,3033686,7,3268,202.906,0,0,-1,-1,0,0.999931471,NA,NA,70.000000000,MEASURED_CPU_FAULT,CPU;INTERVAL_FAULTS,NA,NA,NA,NA,NA,NA,NA,NA,NA,NA,NA,NA,NA,NA,NA,NA,NA,NA,NA,NA,NA,NA,NA,TARGET_GONE,identity no longer active
2026-10-02T16:06:10Z,APP_22001_3033686,22001,3033686,7,3269,201.802,0,0,-1,-1,0,0.999931471,NA,NA,70.000000000,MEASURED_CPU_FAULT,CPU;INTERVAL_FAULTS,NA,NA,NA,NA,NA,NA,NA,NA,NA,NA,NA,NA,NA,NA,NA,NA,NA,NA,NA,NA,NA,NA,NA,TARGET_GONE,identity no longer active
2026-10-02T16:06:10Z,APP_22001_3033686,22001,3033686,7,3270,201.083,0,0,-1,-1,0,0.999931471,NA,NA,70.000000000,MEASURED_CPU_FAULT,CPU;INTERVAL_FAULTS,NA,NA,NA,NA,NA,NA,NA,NA,NA,NA,NA,NA,NA,NA,NA,NA,NA,NA,NA,NA,NA,NA,NA,TARGET_GONE,identity no longer active
2026-10-02T16:06:10Z,APP_22001_3033686,22001,3033686,7,3271,191.904,0,0,-1,-1,0,0.999931471,NA,NA,70.000000000,MEASURED_CPU_FAULT,CPU;INTERVAL_FAULTS,NA,NA,NA,NA,NA,NA,NA,NA,NA,NA,NA,NA,NA,NA,NA,NA,NA,NA,NA,NA,NA,NA,NA,TARGET_GONE,identity no longer active
2026-10-02T16:06:10Z,APP_22001_3033686,22001,3033686,7,3272,201.083,0,0,-1,-1,0,0.999931471,NA,NA,70.000000000,MEASURED_CPU_FAULT,CPU;INTERVAL_FAULTS,NA,NA,NA,NA,NA,NA,NA,NA,NA,NA,NA,NA,NA,NA,NA,NA,NA,NA,NA,NA,NA,NA,NA,TARGET_GONE,identity no longer active
2026-10-02T16:06:10Z,APP_22001_3033686,22001,3033686,7,3273,192.771,0,0,-1,-1,0,0.999931471,NA,NA,70.000000000,MEASURED_CPU_FAULT,CPU;INTERVAL_FAULTS,NA,NA,NA,NA,NA,NA,NA,NA,NA,NA,NA,NA,NA,NA,NA,NA,NA,NA,NA,NA,NA,NA,NA,TARGET_GONE,identity no longer active
2026-10-02T16:06:10Z,APP_22001_3033686,22001,3033686,7,3274,203.109,0,0,-1,-1,0,0.999931471,NA,NA,70.000000000,MEASURED_CPU_FAULT,CPU;INTERVAL_FAULTS,NA,NA,NA,NA,NA,NA,NA,NA,NA,NA,NA,NA,NA,NA,NA,NA,NA,NA,NA,NA,NA,NA,NA,TARGET_GONE,identity no longer active
2026-10-02T16:06:11Z,APP_22001_3033686,22001,3033686,7,3275,192.000,0,0,-1,-1,0,0.999931471,NA,NA,70.000000000,MEASURED_CPU_FAULT,CPU;INTERVAL_FAULTS,NA,NA,NA,NA,NA,NA,NA,NA,NA,NA,NA,NA,NA,NA,NA,NA,NA,NA,NA,NA,NA,NA,NA,TARGET_GONE,identity no longer active
2026-10-02T16:06:11Z,APP_22001_3033686,22001,3033686,7,3276,201.802,0,0,-1,-1,0,0.999931471,NA,NA,70.000000000,MEASURED_CPU_FAULT,CPU;INTERVAL_FAULTS,NA,NA,NA,NA,NA,NA,NA,NA,NA,NA,NA,NA,NA,NA,NA,NA,NA,NA,NA,NA,NA,NA,NA,TARGET_GONE,identity no longer active
2026-10-02T16:06:11Z,APP_22001_3033686,22001,3033686,7,3277,204.082,0,0,-1,-1,0,0.999931471,NA,NA,70.000000000,MEASURED_CPU_FAULT,CPU;INTERVAL_FAULTS,NA,NA,NA,NA,NA,NA,NA,NA,NA,NA,NA,NA,NA,NA,NA,NA,NA,NA,NA,NA,NA,NA,NA,TARGET_GONE,identity no longer active
2026-10-02T16:06:11Z,APP_22001_3033686,22001,3033686,7,3278,201.802,0,0,-1,-1,0,0.999931471,NA,NA,70.000000000,MEASURED_CPU_FAULT,CPU;INTERVAL_FAULTS,NA,NA,NA,NA,NA,NA,NA,NA,NA,NA,NA,NA,NA,NA,NA,NA,NA,NA,NA,NA,NA,NA,NA,TARGET_GONE,identity no longer active
2026-10-02T16:06:11Z,APP_22001_3033686,22001,3033686,7,3279,194.967,0,0,-1,-1,0,0.999931471,NA,NA,70.000000000,MEASURED_CPU_FAULT,CPU;INTERVAL_FAULTS,NA,NA,NA,NA,NA,NA,NA,NA,NA,NA,NA,NA,NA,NA,NA,NA,NA,NA,NA,NA,NA,NA,NA,TARGET_GONE,identity no longer active
2026-10-02T16:06:11Z,APP_22001_3033686,22001,3033686,7,3280,210.463,0,0,-1,-1,0,0.999931471,NA,NA,70.000000000,MEASURED_CPU_FAULT,CPU;INTERVAL_FAULTS,NA,NA,NA,NA,NA,NA,NA,NA,NA,NA,NA,NA,NA,NA,NA,NA,NA,NA,NA,NA,NA,NA,NA,TARGET_GONE,identity no longer active
2026-10-02T16:06:11Z,APP_22001_3033686,22001,3033686,7,3281,195.163,0,0,-1,-1,0,0.999931471,NA,NA,70.000000000,MEASURED_CPU_FAULT,CPU;INTERVAL_FAULTS,NA,NA,NA,NA,NA,NA,NA,NA,NA,NA,NA,NA,NA,NA,NA,NA,NA,NA,NA,NA,NA,NA,NA,TARGET_GONE,identity no longer active
2026-10-02T16:06:11Z,APP_22001_3033686,22001,3033686,7,3282,192.000,0,0,-1,-1,0,0.999931471,NA,NA,70.000000000,MEASURED_CPU_FAULT,CPU;INTERVAL_FAULTS,NA,NA,NA,NA,NA,NA,NA,NA,NA,NA,NA,NA,NA,NA,NA,NA,NA,NA,NA,NA,NA,NA,NA,TARGET_GONE,identity no longer active
2026-10-02T16:06:04Z,APP_22001_3033686,22001,3033686,8,3283,0.000,0,0,-1,-1,0,0.999931471,1,true,0.000000000,MEASURED_CPU_FAULT,CPU;INTERVAL_FAULTS,HOT,669.474315258,0.560000000,0.700000000,NA,NA,NA,NA,0.560000000,0.000000000,0.700000000,0.000000000,-1.000000000,1.232000000,NA,MOVE_THREAD,INVALID,NOT_APPLICABLE,INVALID,MOVE_THREAD,-1,-1,false,TARGET_GONE,identity no longer active
2026-10-02T16:06:04Z,APP_22001_3033686,22001,3033686,8,3284,0.000,0,0,-1,-1,0,0.999931471,NA,NA,0.000000000,MEASURED_CPU_FAULT,CPU;INTERVAL_FAULTS,NA,NA,NA,NA,NA,NA,NA,NA,NA,NA,NA,NA,NA,NA,NA,NA,NA,NA,NA,NA,NA,NA,NA,TARGET_GONE,identity no longer active
2026-10-02T16:06:04Z,APP_22001_3033686,22001,3033686,8,3285,0.000,0,0,-1,-1,0,0.999931471,NA,NA,0.000000000,MEASURED_CPU_FAULT,CPU;INTERVAL_FAULTS,NA,NA,NA,NA,NA,NA,NA,NA,NA,NA,NA,NA,NA,NA,NA,NA,NA,NA,NA,NA,NA,NA,NA,TARGET_GONE,identity no longer active
2026-10-02T16:06:04Z,APP_22001_3033686,22001,3033686,8,3286,0.000,0,0,-1,-1,0,0.999931471,NA,NA,0.000000000,MEASURED_CPU_FAULT,CPU;INTERVAL_FAULTS,NA,NA,NA,NA,NA,NA,NA,NA,NA,NA,NA,NA,NA,NA,NA,NA,NA,NA,NA,NA,NA,NA,NA,TARGET_GONE,identity no longer active
2026-10-02T16:06:04Z,APP_22001_3033686,22001,3033686,8,3287,0.000,0,0,-1,-1,0,0.999931471,NA,NA,0.000000000,MEASURED_CPU_FAULT,CPU;INTERVAL_FAULTS,NA,NA,NA,NA,NA,NA,NA,NA,NA,NA,NA,NA,NA,NA,NA,NA,NA,NA,NA,NA,NA,NA,NA,TARGET_GONE,identity no longer active
2026-10-02T16:06:04Z,APP_22001_3033686,22001,3033686,8,3288,0.000,0,0,-1,-1,0,0.999931471,NA,NA,0.000000000,MEASURED_CPU_FAULT,CPU;INTERVAL_FAULTS,NA,NA,NA,NA,NA,NA,NA,NA,NA,NA,NA,NA,NA,NA,NA,NA,NA,NA,NA,NA,NA,NA,NA,TARGET_GONE,identity no longer active
2026-10-02T16:06:05Z,APP_22001_3033686,22001,3033686,8,3289,0.000,0,0,-1,-1,0,0.999931471,NA,NA,0.000000000,MEASURED_CPU_FAULT,CPU;INTERVAL_FAULTS,NA,NA,NA,NA,NA,NA,NA,NA,NA,NA,NA,NA,NA,NA,NA,NA,NA,NA,NA,NA,NA,NA,NA,TARGET_GONE,identity no longer active
2026-10-02T16:06:05Z,APP_22001_3033686,22001,3033686,8,3290,0.000,0,0,-1,-1,0,0.999931471,NA,NA,0.000000000,MEASURED_CPU_FAULT,CPU;INTERVAL_FAULTS,NA,NA,NA,NA,NA,NA,NA,NA,NA,NA,NA,NA,NA,NA,NA,NA,NA,NA,NA,NA,NA,NA,NA,TARGET_GONE,identity no longer active
2026-10-02T16:06:05Z,APP_22001_3033686,22001,3033686,8,3291,0.000,0,0,-1,-1,0,0.999931471,NA,NA,0.000000000,MEASURED_CPU_FAULT,CPU;INTERVAL_FAULTS,NA,NA,NA,NA,NA,NA,NA,NA,NA,NA,NA,NA,NA,NA,NA,NA,NA,NA,NA,NA,NA,NA,NA,TARGET_GONE,identity no longer active
2026-10-02T16:06:05Z,APP_22001_3033686,22001,3033686,8,3292,16.203,0,0,-1,-1,0,0.999931471,NA,NA,11.342100000,MEASURED_CPU_FAULT,CPU;INTERVAL_FAULTS,NA,NA,NA,NA,NA,NA,NA,NA,NA,NA,NA,NA,NA,NA,NA,NA,NA,NA,NA,NA,NA,NA,NA,TARGET_GONE,identity no longer active
2026-10-02T16:06:05Z,APP_22001_3033686,22001,3033686,8,3293,192.385,0,0,-1,-1,0,0.999931471,NA,NA,70.000000000,MEASURED_CPU_FAULT,CPU;INTERVAL_FAULTS,NA,NA,NA,NA,NA,NA,NA,NA,NA,NA,NA,NA,NA,NA,NA,NA,NA,NA,NA,NA,NA,NA,NA,TARGET_GONE,identity no longer active
2026-10-02T16:06:05Z,APP_22001_3033686,22001,3033686,8,3294,210.778,0,0,-1,-1,0,0.999931471,NA,NA,70.000000000,MEASURED_CPU_FAULT,CPU;INTERVAL_FAULTS,NA,NA,NA,NA,NA,NA,NA,NA,NA,NA,NA,NA,NA,NA,NA,NA,NA,NA,NA,NA,NA,NA,NA,TARGET_GONE,identity no longer active
2026-10-02T16:06:05Z,APP_22001_3033686,22001,3033686,8,3295,202.009,0,0,-1,-1,0,0.999931471,NA,NA,70.000000000,MEASURED_CPU_FAULT,CPU;INTERVAL_FAULTS,NA,NA,NA,NA,NA,NA,NA,NA,NA,NA,NA,NA,NA,NA,NA,NA,NA,NA,NA,NA,NA,NA,NA,TARGET_GONE,identity no longer active
2026-10-02T16:06:05Z,APP_22001_3033686,22001,3033686,8,3296,191.904,0,0,-1,-1,0,0.999931471,NA,NA,70.000000000,MEASURED_CPU_FAULT,CPU;INTERVAL_FAULTS,NA,NA,NA,NA,NA,NA,NA,NA,NA,NA,NA,NA,NA,NA,NA,NA,NA,NA,NA,NA,NA,NA,NA,TARGET_GONE,identity no longer active
2026-10-02T16:06:06Z,APP_22001_3033686,22001,3033686,8,3297,206.928,0,0,-1,-1,0,0.999931471,NA,NA,70.000000000,MEASURED_CPU_FAULT,CPU;INTERVAL_FAULTS,NA,NA,NA,NA,NA,NA,NA,NA,NA,NA,NA,NA,NA,NA,NA,NA,NA,NA,NA,NA,NA,NA,NA,TARGET_GONE,identity no longer active
2026-10-02T16:06:06Z,APP_22001_3033686,22001,3033686,8,3298,192.385,0,0,-1,-1,0,0.999931471,NA,NA,70.000000000,MEASURED_CPU_FAULT,CPU;INTERVAL_FAULTS,NA,NA,NA,NA,NA,NA,NA,NA,NA,NA,NA,NA,NA,NA,NA,NA,NA,NA,NA,NA,NA,NA,NA,TARGET_GONE,identity no longer active
2026-10-02T16:06:06Z,APP_22001_3033686,22001,3033686,8,3299,201.198,0,0,-1,-1,0,0.999931471,NA,NA,70.000000000,MEASURED_CPU_FAULT,CPU;INTERVAL_FAULTS,NA,NA,NA,NA,NA,NA,NA,NA,NA,NA,NA,NA,NA,NA,NA,NA,NA,NA,NA,NA,NA,NA,NA,TARGET_GONE,identity no longer active
2026-10-02T16:06:06Z,APP_22001_3033686,22001,3033686,8,3300,201.431,0,0,-1,-1,0,0.999931471,NA,NA,70.000000000,MEASURED_CPU_FAULT,CPU;INTERVAL_FAULTS,NA,NA,NA,NA,NA,NA,NA,NA,NA,NA,NA,NA,NA,NA,NA,NA,NA,NA,NA,NA,NA,NA,NA,TARGET_GONE,identity no longer active
2026-10-02T16:06:06Z,APP_22001_3033686,22001,3033686,8,3301,201.802,0,0,-1,-1,0,0.999931471,NA,NA,70.000000000,MEASURED_CPU_FAULT,CPU;INTERVAL_FAULTS,NA,NA,NA,NA,NA,NA,NA,NA,NA,NA,NA,NA,NA,NA,NA,NA,NA,NA,NA,NA,NA,NA,NA,TARGET_GONE,identity no longer active
2026-10-02T16:06:06Z,APP_22001_3033686,22001,3033686,8,3302,196.047,0,0,-1,-1,0,0.999931471,NA,NA,70.000000000,MEASURED_CPU_FAULT,CPU;INTERVAL_FAULTS,NA,NA,NA,NA,NA,NA,NA,NA,NA,NA,NA,NA,NA,NA,NA,NA,NA,NA,NA,NA,NA,NA,NA,TARGET_GONE,identity no longer active
2026-10-02T16:06:06Z,APP_22001_3033686,22001,3033686,8,3303,204.391,0,0,-1,-1,0,0.999931471,NA,NA,70.000000000,MEASURED_CPU_FAULT,CPU;INTERVAL_FAULTS,NA,NA,NA,NA,NA,NA,NA,NA,NA,NA,NA,NA,NA,NA,NA,NA,NA,NA,NA,NA,NA,NA,NA,TARGET_GONE,identity no longer active
2026-10-02T16:06:06Z,APP_22001_3033686,22001,3033686,8,3304,201.802,0,0,-1,-1,0,0.999931471,NA,NA,70.000000000,MEASURED_CPU_FAULT,CPU;INTERVAL_FAULTS,NA,NA,NA,NA,NA,NA,NA,NA,NA,NA,NA,NA,NA,NA,NA,NA,NA,NA,NA,NA,NA,NA,NA,TARGET_GONE,identity no longer active
2026-10-02T16:06:06Z,APP_22001_3033686,22001,3033686,8,3305,194.195,0,0,-1,-1,0,0.999931471,NA,NA,70.000000000,MEASURED_CPU_FAULT,CPU;INTERVAL_FAULTS,NA,NA,NA,NA,NA,NA,NA,NA,NA,NA,NA,NA,NA,NA,NA,NA,NA,NA,NA,NA,NA,NA,NA,TARGET_GONE,identity no longer active
2026-10-02T16:06:06Z,APP_22001_3033686,22001,3033686,8,3306,210.778,0,0,-1,-1,0,0.999931471,NA,NA,70.000000000,MEASURED_CPU_FAULT,CPU;INTERVAL_FAULTS,NA,NA,NA,NA,NA,NA,NA,NA,NA,NA,NA,NA,NA,NA,NA,NA,NA,NA,NA,NA,NA,NA,NA,TARGET_GONE,identity no longer active
2026-10-02T16:06:07Z,APP_22001_3033686,22001,3033686,8,3307,194.360,0,0,-1,-1,0,0.999931471,NA,NA,70.000000000,MEASURED_CPU_FAULT,CPU;INTERVAL_FAULTS,NA,NA,NA,NA,NA,NA,NA,NA,NA,NA,NA,NA,NA,NA,NA,NA,NA,NA,NA,NA,NA,NA,NA,TARGET_GONE,identity no longer active
2026-10-02T16:06:07Z,APP_22001_3033686,22001,3033686,8,3308,205.210,0,0,-1,-1,0,0.999931471,NA,NA,70.000000000,MEASURED_CPU_FAULT,CPU;INTERVAL_FAULTS,NA,NA,NA,NA,NA,NA,NA,NA,NA,NA,NA,NA,NA,NA,NA,NA,NA,NA,NA,NA,NA,NA,NA,TARGET_GONE,identity no longer active
2026-10-02T16:06:07Z,APP_22001_3033686,22001,3033686,8,3309,191.904,0,0,-1,-1,0,0.999931471,NA,NA,70.000000000,MEASURED_CPU_FAULT,CPU;INTERVAL_FAULTS,NA,NA,NA,NA,NA,NA,NA,NA,NA,NA,NA,NA,NA,NA,NA,NA,NA,NA,NA,NA,NA,NA,NA,TARGET_GONE,identity no longer active
2026-10-02T16:06:07Z,APP_22001_3033686,22001,3033686,8,3310,202.639,0,0,-1,-1,0,0.999931471,NA,NA,70.000000000,MEASURED_CPU_FAULT,CPU;INTERVAL_FAULTS,NA,NA,NA,NA,NA,NA,NA,NA,NA,NA,NA,NA,NA,NA,NA,NA,NA,NA,NA,NA,NA,NA,NA,TARGET_GONE,identity no longer active
2026-10-02T16:06:07Z,APP_22001_3033686,22001,3033686,8,3311,201.802,0,0,-1,-1,0,0.999931471,NA,NA,70.000000000,MEASURED_CPU_FAULT,CPU;INTERVAL_FAULTS,NA,NA,NA,NA,NA,NA,NA,NA,NA,NA,NA,NA,NA,NA,NA,NA,NA,NA,NA,NA,NA,NA,NA,TARGET_GONE,identity no longer active
2026-10-02T16:06:07Z,APP_22001_3033686,22001,3033686,8,3312,196.923,0,0,-1,-1,0,0.999931471,NA,NA,70.000000000,MEASURED_CPU_FAULT,CPU;INTERVAL_FAULTS,NA,NA,NA,NA,NA,NA,NA,NA,NA,NA,NA,NA,NA,NA,NA,NA,NA,NA,NA,NA,NA,NA,NA,TARGET_GONE,identity no longer active
2026-10-02T16:06:07Z,APP_22001_3033686,22001,3033686,8,3313,204.800,0,0,-1,-1,0,0.999931471,NA,NA,70.000000000,MEASURED_CPU_FAULT,CPU;INTERVAL_FAULTS,NA,NA,NA,NA,NA,NA,NA,NA,NA,NA,NA,NA,NA,NA,NA,NA,NA,NA,NA,NA,NA,NA,NA,TARGET_GONE,identity no longer active
2026-10-02T16:06:07Z,APP_22001_3033686,22001,3033686,8,3314,201.499,0,0,-1,-1,0,0.999931471,NA,NA,70.000000000,MEASURED_CPU_FAULT,CPU;INTERVAL_FAULTS,NA,NA,NA,NA,NA,NA,NA,NA,NA,NA,NA,NA,NA,NA,NA,NA,NA,NA,NA,NA,NA,NA,NA,TARGET_GONE,identity no longer active
2026-10-02T16:06:07Z,APP_22001_3033686,22001,3033686,8,3315,202.639,0,0,-1,-1,0,0.999931471,NA,NA,70.000000000,MEASURED_CPU_FAULT,CPU;INTERVAL_FAULTS,NA,NA,NA,NA,NA,NA,NA,NA,NA,NA,NA,NA,NA,NA,NA,NA,NA,NA,NA,NA,NA,NA,NA,TARGET_GONE,identity no longer active
2026-10-02T16:06:08Z,APP_22001_3033686,22001,3033686,8,3316,201.802,0,0,-1,-1,0,0.999931471,NA,NA,70.000000000,MEASURED_CPU_FAULT,CPU;INTERVAL_FAULTS,NA,NA,NA,NA,NA,NA,NA,NA,NA,NA,NA,NA,NA,NA,NA,NA,NA,NA,NA,NA,NA,NA,NA,TARGET_GONE,identity no longer active
2026-10-02T16:06:08Z,APP_22001_3033686,22001,3033686,8,3317,200.866,0,0,-1,-1,0,0.999931471,NA,NA,70.000000000,MEASURED_CPU_FAULT,CPU;INTERVAL_FAULTS,NA,NA,NA,NA,NA,NA,NA,NA,NA,NA,NA,NA,NA,NA,NA,NA,NA,NA,NA,NA,NA,NA,NA,TARGET_GONE,identity no longer active
2026-10-02T16:06:08Z,APP_22001_3033686,22001,3033686,8,3318,192.192,0,0,-1,-1,0,0.999931471,NA,NA,70.000000000,MEASURED_CPU_FAULT,CPU;INTERVAL_FAULTS,NA,NA,NA,NA,NA,NA,NA,NA,NA,NA,NA,NA,NA,NA,NA,NA,NA,NA,NA,NA,NA,NA,NA,TARGET_GONE,identity no longer active
2026-10-02T16:06:08Z,APP_22001_3033686,22001,3033686,8,3319,201.083,0,0,-1,-1,0,0.999931471,NA,NA,70.000000000,MEASURED_CPU_FAULT,CPU;INTERVAL_FAULTS,NA,NA,NA,NA,NA,NA,NA,NA,NA,NA,NA,NA,NA,NA,NA,NA,NA,NA,NA,NA,NA,NA,NA,TARGET_GONE,identity no longer active
2026-10-02T16:06:08Z,APP_22001_3033686,22001,3033686,8,3320,192.000,0,0,-1,-1,0,0.999931471,NA,NA,70.000000000,MEASURED_CPU_FAULT,CPU;INTERVAL_FAULTS,NA,NA,NA,NA,NA,NA,NA,NA,NA,NA,NA,NA,NA,NA,NA,NA,NA,NA,NA,NA,NA,NA,NA,TARGET_GONE,identity no longer active
2026-10-02T16:06:08Z,APP_22001_3033686,22001,3033686,8,3321,201.117,0,0,-1,-1,0,0.999931471,NA,NA,70.000000000,MEASURED_CPU_FAULT,CPU;INTERVAL_FAULTS,NA,NA,NA,NA,NA,NA,NA,NA,NA,NA,NA,NA,NA,NA,NA,NA,NA,NA,NA,NA,NA,NA,NA,TARGET_GONE,identity no longer active
2026-10-02T16:06:08Z,APP_22001_3033686,22001,3033686,8,3322,204.391,0,0,-1,-1,0,0.999931471,NA,NA,70.000000000,MEASURED_CPU_FAULT,CPU;INTERVAL_FAULTS,NA,NA,NA,NA,NA,NA,NA,NA,NA,NA,NA,NA,NA,NA,NA,NA,NA,NA,NA,NA,NA,NA,NA,TARGET_GONE,identity no longer active
2026-10-02T16:06:08Z,APP_22001_3033686,22001,3033686,8,3323,201.802,0,0,-1,-1,0,0.999931471,NA,NA,70.000000000,MEASURED_CPU_FAULT,CPU;INTERVAL_FAULTS,NA,NA,NA,NA,NA,NA,NA,NA,NA,NA,NA,NA,NA,NA,NA,NA,NA,NA,NA,NA,NA,NA,NA,TARGET_GONE,identity no longer active
2026-10-02T16:06:09Z,APP_22001_3033686,22001,3033686,8,3324,202.906,0,0,-1,-1,0,0.999931471,NA,NA,70.000000000,MEASURED_CPU_FAULT,CPU;INTERVAL_FAULTS,NA,NA,NA,NA,NA,NA,NA,NA,NA,NA,NA,NA,NA,NA,NA,NA,NA,NA,NA,NA,NA,NA,NA,TARGET_GONE,identity no longer active
2026-10-02T16:06:09Z,APP_22001_3033686,22001,3033686,8,3325,201.802,0,0,-1,-1,0,0.999931471,NA,NA,70.000000000,MEASURED_CPU_FAULT,CPU;INTERVAL_FAULTS,NA,NA,NA,NA,NA,NA,NA,NA,NA,NA,NA,NA,NA,NA,NA,NA,NA,NA,NA,NA,NA,NA,NA,TARGET_GONE,identity no longer active
2026-10-02T16:06:09Z,APP_22001_3033686,22001,3033686,8,3326,201.083,0,0,-1,-1,0,0.999931471,NA,NA,70.000000000,MEASURED_CPU_FAULT,CPU;INTERVAL_FAULTS,NA,NA,NA,NA,NA,NA,NA,NA,NA,NA,NA,NA,NA,NA,NA,NA,NA,NA,NA,NA,NA,NA,NA,TARGET_GONE,identity no longer active
2026-10-02T16:06:09Z,APP_22001_3033686,22001,3033686,8,3327,192.481,0,0,-1,-1,0,0.999931471,NA,NA,70.000000000,MEASURED_CPU_FAULT,CPU;INTERVAL_FAULTS,NA,NA,NA,NA,NA,NA,NA,NA,NA,NA,NA,NA,NA,NA,NA,NA,NA,NA,NA,NA,NA,NA,NA,TARGET_GONE,identity no longer active
2026-10-02T16:06:09Z,APP_22001_3033686,22001,3033686,8,3328,201.083,0,0,-1,-1,0,0.999931471,NA,NA,70.000000000,MEASURED_CPU_FAULT,CPU;INTERVAL_FAULTS,NA,NA,NA,NA,NA,NA,NA,NA,NA,NA,NA,NA,NA,NA,NA,NA,NA,NA,NA,NA,NA,NA,NA,TARGET_GONE,identity no longer active
2026-10-02T16:06:09Z,APP_22001_3033686,22001,3033686,8,3329,192.000,0,0,-1,-1,0,0.999931471,NA,NA,70.000000000,MEASURED_CPU_FAULT,CPU;INTERVAL_FAULTS,NA,NA,NA,NA,NA,NA,NA,NA,NA,NA,NA,NA,NA,NA,NA,NA,NA,NA,NA,NA,NA,NA,NA,TARGET_GONE,identity no longer active
2026-10-02T16:06:09Z,APP_22001_3033686,22001,3033686,8,3330,200.557,0,0,-1,-1,0,0.999931471,NA,NA,70.000000000,MEASURED_CPU_FAULT,CPU;INTERVAL_FAULTS,NA,NA,NA,NA,NA,NA,NA,NA,NA,NA,NA,NA,NA,NA,NA,NA,NA,NA,NA,NA,NA,NA,NA,TARGET_GONE,identity no longer active
2026-10-02T16:06:09Z,APP_22001_3033686,22001,3033686,8,3331,204.391,0,0,-1,-1,0,0.999931471,NA,NA,70.000000000,MEASURED_CPU_FAULT,CPU;INTERVAL_FAULTS,NA,NA,NA,NA,NA,NA,NA,NA,NA,NA,NA,NA,NA,NA,NA,NA,NA,NA,NA,NA,NA,NA,NA,TARGET_GONE,identity no longer active
2026-10-02T16:06:10Z,APP_22001_3033686,22001,3033686,8,3332,201.499,0,0,-1,-1,0,0.999931471,NA,NA,70.000000000,MEASURED_CPU_FAULT,CPU;INTERVAL_FAULTS,NA,NA,NA,NA,NA,NA,NA,NA,NA,NA,NA,NA,NA,NA,NA,NA,NA,NA,NA,NA,NA,NA,NA,TARGET_GONE,identity no longer active
2026-10-02T16:06:10Z,APP_22001_3033686,22001,3033686,8,3333,202.906,0,0,-1,-1,0,0.999931471,NA,NA,70.000000000,MEASURED_CPU_FAULT,CPU;INTERVAL_FAULTS,NA,NA,NA,NA,NA,NA,NA,NA,NA,NA,NA,NA,NA,NA,NA,NA,NA,NA,NA,NA,NA,NA,NA,TARGET_GONE,identity no longer active
2026-10-02T16:06:10Z,APP_22001_3033686,22001,3033686,8,3334,201.802,0,0,-1,-1,0,0.999931471,NA,NA,70.000000000,MEASURED_CPU_FAULT,CPU;INTERVAL_FAULTS,NA,NA,NA,NA,NA,NA,NA,NA,NA,NA,NA,NA,NA,NA,NA,NA,NA,NA,NA,NA,NA,NA,NA,TARGET_GONE,identity no longer active
2026-10-02T16:06:10Z,APP_22001_3033686,22001,3033686,8,3335,201.083,0,0,-1,-1,0,0.999931471,NA,NA,70.000000000,MEASURED_CPU_FAULT,CPU;INTERVAL_FAULTS,NA,NA,NA,NA,NA,NA,NA,NA,NA,NA,NA,NA,NA,NA,NA,NA,NA,NA,NA,NA,NA,NA,NA,TARGET_GONE,identity no longer active
2026-10-02T16:06:10Z,APP_22001_3033686,22001,3033686,8,3336,191.904,0,0,-1,-1,0,0.999931471,NA,NA,70.000000000,MEASURED_CPU_FAULT,CPU;INTERVAL_FAULTS,NA,NA,NA,NA,NA,NA,NA,NA,NA,NA,NA,NA,NA,NA,NA,NA,NA,NA,NA,NA,NA,NA,NA,TARGET_GONE,identity no longer active
2026-10-02T16:06:10Z,APP_22001_3033686,22001,3033686,8,3337,201.083,0,0,-1,-1,0,0.999931471,NA,NA,70.000000000,MEASURED_CPU_FAULT,CPU;INTERVAL_FAULTS,NA,NA,NA,NA,NA,NA,NA,NA,NA,NA,NA,NA,NA,NA,NA,NA,NA,NA,NA,NA,NA,NA,NA,TARGET_GONE,identity no longer active
2026-10-02T16:06:10Z,APP_22001_3033686,22001,3033686,8,3338,192.771,0,0,-1,-1,0,0.999931471,NA,NA,70.000000000,MEASURED_CPU_FAULT,CPU;INTERVAL_FAULTS,NA,NA,NA,NA,NA,NA,NA,NA,NA,NA,NA,NA,NA,NA,NA,NA,NA,NA,NA,NA,NA,NA,NA,TARGET_GONE,identity no longer active
2026-10-02T16:06:10Z,APP_22001_3033686,22001,3033686,8,3339,203.109,0,0,-1,-1,0,0.999931471,NA,NA,70.000000000,MEASURED_CPU_FAULT,CPU;INTERVAL_FAULTS,NA,NA,NA,NA,NA,NA,NA,NA,NA,NA,NA,NA,NA,NA,NA,NA,NA,NA,NA,NA,NA,NA,NA,TARGET_GONE,identity no longer active
2026-10-02T16:06:11Z,APP_22001_3033686,22001,3033686,8,3340,192.000,0,0,-1,-1,0,0.999931471,NA,NA,70.000000000,MEASURED_CPU_FAULT,CPU;INTERVAL_FAULTS,NA,NA,NA,NA,NA,NA,NA,NA,NA,NA,NA,NA,NA,NA,NA,NA,NA,NA,NA,NA,NA,NA,NA,TARGET_GONE,identity no longer active
2026-10-02T16:06:11Z,APP_22001_3033686,22001,3033686,8,3341,201.802,0,0,-1,-1,0,0.999931471,NA,NA,70.000000000,MEASURED_CPU_FAULT,CPU;INTERVAL_FAULTS,NA,NA,NA,NA,NA,NA,NA,NA,NA,NA,NA,NA,NA,NA,NA,NA,NA,NA,NA,NA,NA,NA,NA,TARGET_GONE,identity no longer active
2026-10-02T16:06:11Z,APP_22001_3033686,22001,3033686,8,3342,204.082,0,0,-1,-1,0,0.999931471,NA,NA,70.000000000,MEASURED_CPU_FAULT,CPU;INTERVAL_FAULTS,NA,NA,NA,NA,NA,NA,NA,NA,NA,NA,NA,NA,NA,NA,NA,NA,NA,NA,NA,NA,NA,NA,NA,TARGET_GONE,identity no longer active
2026-10-02T16:06:11Z,APP_22001_3033686,22001,3033686,8,3343,201.802,0,0,-1,-1,0,0.999931471,NA,NA,70.000000000,MEASURED_CPU_FAULT,CPU;INTERVAL_FAULTS,NA,NA,NA,NA,NA,NA,NA,NA,NA,NA,NA,NA,NA,NA,NA,NA,NA,NA,NA,NA,NA,NA,NA,TARGET_GONE,identity no longer active
2026-10-02T16:06:11Z,APP_22001_3033686,22001,3033686,8,3344,194.967,0,0,-1,-1,0,0.999931471,NA,NA,70.000000000,MEASURED_CPU_FAULT,CPU;INTERVAL_FAULTS,NA,NA,NA,NA,NA,NA,NA,NA,NA,NA,NA,NA,NA,NA,NA,NA,NA,NA,NA,NA,NA,NA,NA,TARGET_GONE,identity no longer active
2026-10-02T16:06:11Z,APP_22001_3033686,22001,3033686,8,3345,210.463,0,0,-1,-1,0,0.999931471,NA,NA,70.000000000,MEASURED_CPU_FAULT,CPU;INTERVAL_FAULTS,NA,NA,NA,NA,NA,NA,NA,NA,NA,NA,NA,NA,NA,NA,NA,NA,NA,NA,NA,NA,NA,NA,NA,TARGET_GONE,identity no longer active
2026-10-02T16:06:11Z,APP_22001_3033686,22001,3033686,8,3346,195.163,0,0,-1,-1,0,0.999931471,NA,NA,70.000000000,MEASURED_CPU_FAULT,CPU;INTERVAL_FAULTS,NA,NA,NA,NA,NA,NA,NA,NA,NA,NA,NA,NA,NA,NA,NA,NA,NA,NA,NA,NA,NA,NA,NA,TARGET_GONE,identity no longer active
2026-10-02T16:06:11Z,APP_22001_3033686,22001,3033686,8,3347,192.000,0,0,-1,-1,0,0.999931471,NA,NA,70.000000000,MEASURED_CPU_FAULT,CPU;INTERVAL_FAULTS,NA,NA,NA,NA,NA,NA,NA,NA,NA,NA,NA,NA,NA,NA,NA,NA,NA,NA,NA,NA,NA,NA,NA,TARGET_GONE,identity no longer active
2026-10-02T16:06:12Z,APP_22001_3033686,22001,3033686,8,3348,200.261,0,0,-1,-1,0,0.999931471,NA,NA,70.000000000,MEASURED_CPU_FAULT,CPU;INTERVAL_FAULTS,NA,NA,NA,NA,NA,NA,NA,NA,NA,NA,NA,NA,NA,NA,NA,NA,NA,NA,NA,NA,NA,NA,NA,TARGET_GONE,identity no longer active
2026-10-02T16:06:12Z,APP_22001_3033686,22001,3033686,8,3349,210.778,0,0,-1,-1,0,0.999931471,NA,NA,70.000000000,MEASURED_CPU_FAULT,CPU;INTERVAL_FAULTS,NA,NA,NA,NA,NA,NA,NA,NA,NA,NA,NA,NA,NA,NA,NA,NA,NA,NA,NA,NA,NA,NA,NA,TARGET_GONE,identity no longer active
2026-10-02T16:06:12Z,APP_22001_3033686,22001,3033686,8,3350,192.192,0,0,-1,-1,0,0.999931471,NA,NA,70.000000000,MEASURED_CPU_FAULT,CPU;INTERVAL_FAULTS,NA,NA,NA,NA,NA,NA,NA,NA,NA,NA,NA,NA,NA,NA,NA,NA,NA,NA,NA,NA,NA,NA,NA,TARGET_GONE,identity no longer active
2026-10-02T16:06:12Z,APP_22001_3033686,22001,3033686,8,3351,203.562,0,0,-1,-1,0,0.999931471,NA,NA,70.000000000,MEASURED_CPU_FAULT,CPU;INTERVAL_FAULTS,NA,NA,NA,NA,NA,NA,NA,NA,NA,NA,NA,NA,NA,NA,NA,NA,NA,NA,NA,NA,NA,NA,NA,TARGET_GONE,identity no longer active
2026-10-02T16:06:12Z,APP_22001_3033686,22001,3033686,8,3352,201.802,0,0,-1,-1,0,0.999931471,NA,NA,70.000000000,MEASURED_CPU_FAULT,CPU;INTERVAL_FAULTS,NA,NA,NA,NA,NA,NA,NA,NA,NA,NA,NA,NA,NA,NA,NA,NA,NA,NA,NA,NA,NA,NA,NA,TARGET_GONE,identity no longer active
2026-10-02T16:06:12Z,APP_22001_3033686,22001,3033686,8,3353,201.893,0,0,-1,-1,0,0.999931471,NA,NA,70.000000000,MEASURED_CPU_FAULT,CPU;INTERVAL_FAULTS,NA,NA,NA,NA,NA,NA,NA,NA,NA,NA,NA,NA,NA,NA,NA,NA,NA,NA,NA,NA,NA,NA,NA,TARGET_GONE,identity no longer active
2026-10-02T16:06:12Z,APP_22001_3033686,22001,3033686,8,3354,191.617,0,0,-1,-1,0,0.999931471,NA,NA,70.000000000,MEASURED_CPU_FAULT,CPU;INTERVAL_FAULTS,NA,NA,NA,NA,NA,NA,NA,NA,NA,NA,NA,NA,NA,NA,NA,NA,NA,NA,NA,NA,NA,NA,NA,TARGET_GONE,identity no longer active
2026-10-02T16:06:12Z,APP_22001_3033686,22001,3033686,8,3355,201.893,0,0,-1,-1,0,0.999931471,NA,NA,70.000000000,MEASURED_CPU_FAULT,CPU;INTERVAL_FAULTS,NA,NA,NA,NA,NA,NA,NA,NA,NA,NA,NA,NA,NA,NA,NA,NA,NA,NA,NA,NA,NA,NA,NA,TARGET_GONE,identity no longer active
2026-10-02T16:06:12Z,APP_22001_3033686,22001,3033686,8,3356,201.499,0,0,-1,-1,0,0.999931471,NA,NA,70.000000000,MEASURED_CPU_FAULT,CPU;INTERVAL_FAULTS,NA,NA,NA,NA,NA,NA,NA,NA,NA,NA,NA,NA,NA,NA,NA,NA,NA,NA,NA,NA,NA,NA,NA,TARGET_GONE,identity no longer active
2026-10-02T16:06:04Z,APP_22001_3033686,22001,3033686,9,3357,0.000,0,0,-1,-1,0,0.999931471,1,true,0.000000000,MEASURED_CPU_FAULT,CPU;INTERVAL_FAULTS,HOT,669.474315258,0.560000000,0.700000000,NA,NA,NA,NA,0.560000000,0.000000000,0.700000000,0.000000000,-1.000000000,1.232000000,NA,MOVE_THREAD,INVALID,NOT_APPLICABLE,INVALID,MOVE_THREAD,-1,-1,false,TARGET_GONE,identity no longer active
2026-10-02T16:06:04Z,APP_22001_3033686,22001,3033686,9,3358,0.000,0,0,-1,-1,0,0.999931471,NA,NA,0.000000000,MEASURED_CPU_FAULT,CPU;INTERVAL_FAULTS,NA,NA,NA,NA,NA,NA,NA,NA,NA,NA,NA,NA,NA,NA,NA,NA,NA,NA,NA,NA,NA,NA,NA,TARGET_GONE,identity no longer active
2026-10-02T16:06:04Z,APP_22001_3033686,22001,3033686,9,3359,0.000,0,0,-1,-1,0,0.999931471,NA,NA,0.000000000,MEASURED_CPU_FAULT,CPU;INTERVAL_FAULTS,NA,NA,NA,NA,NA,NA,NA,NA,NA,NA,NA,NA,NA,NA,NA,NA,NA,NA,NA,NA,NA,NA,NA,TARGET_GONE,identity no longer active
2026-10-02T16:06:04Z,APP_22001_3033686,22001,3033686,9,3360,0.000,0,0,-1,-1,0,0.999931471,NA,NA,0.000000000,MEASURED_CPU_FAULT,CPU;INTERVAL_FAULTS,NA,NA,NA,NA,NA,NA,NA,NA,NA,NA,NA,NA,NA,NA,NA,NA,NA,NA,NA,NA,NA,NA,NA,TARGET_GONE,identity no longer active
2026-10-02T16:06:04Z,APP_22001_3033686,22001,3033686,9,3361,0.000,0,0,-1,-1,0,0.999931471,NA,NA,0.000000000,MEASURED_CPU_FAULT,CPU;INTERVAL_FAULTS,NA,NA,NA,NA,NA,NA,NA,NA,NA,NA,NA,NA,NA,NA,NA,NA,NA,NA,NA,NA,NA,NA,NA,TARGET_GONE,identity no longer active
2026-10-02T16:06:04Z,APP_22001_3033686,22001,3033686,9,3362,0.000,0,0,-1,-1,0,0.999931471,NA,NA,0.000000000,MEASURED_CPU_FAULT,CPU;INTERVAL_FAULTS,NA,NA,NA,NA,NA,NA,NA,NA,NA,NA,NA,NA,NA,NA,NA,NA,NA,NA,NA,NA,NA,NA,NA,TARGET_GONE,identity no longer active
2026-10-02T16:06:05Z,APP_22001_3033686,22001,3033686,9,3363,0.000,0,0,-1,-1,0,0.999931471,NA,NA,0.000000000,MEASURED_CPU_FAULT,CPU;INTERVAL_FAULTS,NA,NA,NA,NA,NA,NA,NA,NA,NA,NA,NA,NA,NA,NA,NA,NA,NA,NA,NA,NA,NA,NA,NA,TARGET_GONE,identity no longer active
2026-10-02T16:06:05Z,APP_22001_3033686,22001,3033686,9,3364,0.000,0,0,-1,-1,0,0.999931471,NA,NA,0.000000000,MEASURED_CPU_FAULT,CPU;INTERVAL_FAULTS,NA,NA,NA,NA,NA,NA,NA,NA,NA,NA,NA,NA,NA,NA,NA,NA,NA,NA,NA,NA,NA,NA,NA,TARGET_GONE,identity no longer active
2026-10-02T16:06:05Z,APP_22001_3033686,22001,3033686,9,3365,0.000,0,0,-1,-1,0,0.999931471,NA,NA,0.000000000,MEASURED_CPU_FAULT,CPU;INTERVAL_FAULTS,NA,NA,NA,NA,NA,NA,NA,NA,NA,NA,NA,NA,NA,NA,NA,NA,NA,NA,NA,NA,NA,NA,NA,TARGET_GONE,identity no longer active
2026-10-02T16:06:05Z,APP_22001_3033686,22001,3033686,9,3366,16.203,0,0,-1,-1,0,0.999931471,NA,NA,11.342100000,MEASURED_CPU_FAULT,CPU;INTERVAL_FAULTS,NA,NA,NA,NA,NA,NA,NA,NA,NA,NA,NA,NA,NA,NA,NA,NA,NA,NA,NA,NA,NA,NA,NA,TARGET_GONE,identity no longer active
2026-10-02T16:06:05Z,APP_22001_3033686,22001,3033686,9,3367,192.385,0,0,-1,-1,0,0.999931471,NA,NA,70.000000000,MEASURED_CPU_FAULT,CPU;INTERVAL_FAULTS,NA,NA,NA,NA,NA,NA,NA,NA,NA,NA,NA,NA,NA,NA,NA,NA,NA,NA,NA,NA,NA,NA,NA,TARGET_GONE,identity no longer active
2026-10-02T16:06:05Z,APP_22001_3033686,22001,3033686,9,3368,210.778,0,0,-1,-1,0,0.999931471,NA,NA,70.000000000,MEASURED_CPU_FAULT,CPU;INTERVAL_FAULTS,NA,NA,NA,NA,NA,NA,NA,NA,NA,NA,NA,NA,NA,NA,NA,NA,NA,NA,NA,NA,NA,NA,NA,TARGET_GONE,identity no longer active
2026-10-02T16:06:05Z,APP_22001_3033686,22001,3033686,9,3369,202.009,0,0,-1,-1,0,0.999931471,NA,NA,70.000000000,MEASURED_CPU_FAULT,CPU;INTERVAL_FAULTS,NA,NA,NA,NA,NA,NA,NA,NA,NA,NA,NA,NA,NA,NA,NA,NA,NA,NA,NA,NA,NA,NA,NA,TARGET_GONE,identity no longer active
2026-10-02T16:06:05Z,APP_22001_3033686,22001,3033686,9,3370,191.904,0,0,-1,-1,0,0.999931471,NA,NA,70.000000000,MEASURED_CPU_FAULT,CPU;INTERVAL_FAULTS,NA,NA,NA,NA,NA,NA,NA,NA,NA,NA,NA,NA,NA,NA,NA,NA,NA,NA,NA,NA,NA,NA,NA,TARGET_GONE,identity no longer active
2026-10-02T16:06:06Z,APP_22001_3033686,22001,3033686,9,3371,206.928,0,0,-1,-1,0,0.999931471,NA,NA,70.000000000,MEASURED_CPU_FAULT,CPU;INTERVAL_FAULTS,NA,NA,NA,NA,NA,NA,NA,NA,NA,NA,NA,NA,NA,NA,NA,NA,NA,NA,NA,NA,NA,NA,NA,TARGET_GONE,identity no longer active
2026-10-02T16:06:06Z,APP_22001_3033686,22001,3033686,9,3372,192.385,0,0,-1,-1,0,0.999931471,NA,NA,70.000000000,MEASURED_CPU_FAULT,CPU;INTERVAL_FAULTS,NA,NA,NA,NA,NA,NA,NA,NA,NA,NA,NA,NA,NA,NA,NA,NA,NA,NA,NA,NA,NA,NA,NA,TARGET_GONE,identity no longer active
2026-10-02T16:06:06Z,APP_22001_3033686,22001,3033686,9,3373,201.198,0,0,-1,-1,0,0.999931471,NA,NA,70.000000000,MEASURED_CPU_FAULT,CPU;INTERVAL_FAULTS,NA,NA,NA,NA,NA,NA,NA,NA,NA,NA,NA,NA,NA,NA,NA,NA,NA,NA,NA,NA,NA,NA,NA,TARGET_GONE,identity no longer active
2026-10-02T16:06:06Z,APP_22001_3033686,22001,3033686,9,3374,201.431,0,0,-1,-1,0,0.999931471,NA,NA,70.000000000,MEASURED_CPU_FAULT,CPU;INTERVAL_FAULTS,NA,NA,NA,NA,NA,NA,NA,NA,NA,NA,NA,NA,NA,NA,NA,NA,NA,NA,NA,NA,NA,NA,NA,TARGET_GONE,identity no longer active
2026-10-02T16:06:06Z,APP_22001_3033686,22001,3033686,9,3375,201.802,0,0,-1,-1,0,0.999931471,NA,NA,70.000000000,MEASURED_CPU_FAULT,CPU;INTERVAL_FAULTS,NA,NA,NA,NA,NA,NA,NA,NA,NA,NA,NA,NA,NA,NA,NA,NA,NA,NA,NA,NA,NA,NA,NA,TARGET_GONE,identity no longer active
2026-10-02T16:06:06Z,APP_22001_3033686,22001,3033686,9,3376,196.047,0,0,-1,-1,0,0.999931471,NA,NA,70.000000000,MEASURED_CPU_FAULT,CPU;INTERVAL_FAULTS,NA,NA,NA,NA,NA,NA,NA,NA,NA,NA,NA,NA,NA,NA,NA,NA,NA,NA,NA,NA,NA,NA,NA,TARGET_GONE,identity no longer active
2026-10-02T16:06:06Z,APP_22001_3033686,22001,3033686,9,3377,204.391,0,0,-1,-1,0,0.999931471,NA,NA,70.000000000,MEASURED_CPU_FAULT,CPU;INTERVAL_FAULTS,NA,NA,NA,NA,NA,NA,NA,NA,NA,NA,NA,NA,NA,NA,NA,NA,NA,NA,NA,NA,NA,NA,NA,TARGET_GONE,identity no longer active
2026-10-02T16:06:06Z,APP_22001_3033686,22001,3033686,9,3378,201.802,0,0,-1,-1,0,0.999931471,NA,NA,70.000000000,MEASURED_CPU_FAULT,CPU;INTERVAL_FAULTS,NA,NA,NA,NA,NA,NA,NA,NA,NA,NA,NA,NA,NA,NA,NA,NA,NA,NA,NA,NA,NA,NA,NA,TARGET_GONE,identity no longer active
2026-10-02T16:06:06Z,APP_22001_3033686,22001,3033686,9,3379,194.195,0,0,-1,-1,0,0.999931471,NA,NA,70.000000000,MEASURED_CPU_FAULT,CPU;INTERVAL_FAULTS,NA,NA,NA,NA,NA,NA,NA,NA,NA,NA,NA,NA,NA,NA,NA,NA,NA,NA,NA,NA,NA,NA,NA,TARGET_GONE,identity no longer active
2026-10-02T16:06:06Z,APP_22001_3033686,22001,3033686,9,3380,210.778,0,0,-1,-1,0,0.999931471,NA,NA,70.000000000,MEASURED_CPU_FAULT,CPU;INTERVAL_FAULTS,NA,NA,NA,NA,NA,NA,NA,NA,NA,NA,NA,NA,NA,NA,NA,NA,NA,NA,NA,NA,NA,NA,NA,TARGET_GONE,identity no longer active
2026-10-02T16:06:07Z,APP_22001_3033686,22001,3033686,9,3381,194.360,0,0,-1,-1,0,0.999931471,NA,NA,70.000000000,MEASURED_CPU_FAULT,CPU;INTERVAL_FAULTS,NA,NA,NA,NA,NA,NA,NA,NA,NA,NA,NA,NA,NA,NA,NA,NA,NA,NA,NA,NA,NA,NA,NA,TARGET_GONE,identity no longer active
2026-10-02T16:06:07Z,APP_22001_3033686,22001,3033686,9,3382,205.210,0,0,-1,-1,0,0.999931471,NA,NA,70.000000000,MEASURED_CPU_FAULT,CPU;INTERVAL_FAULTS,NA,NA,NA,NA,NA,NA,NA,NA,NA,NA,NA,NA,NA,NA,NA,NA,NA,NA,NA,NA,NA,NA,NA,TARGET_GONE,identity no longer active
2026-10-02T16:06:07Z,APP_22001_3033686,22001,3033686,9,3383,191.904,0,0,-1,-1,0,0.999931471,NA,NA,70.000000000,MEASURED_CPU_FAULT,CPU;INTERVAL_FAULTS,NA,NA,NA,NA,NA,NA,NA,NA,NA,NA,NA,NA,NA,NA,NA,NA,NA,NA,NA,NA,NA,NA,NA,TARGET_GONE,identity no longer active
2026-10-02T16:06:07Z,APP_22001_3033686,22001,3033686,9,3384,202.639,0,0,-1,-1,0,0.999931471,NA,NA,70.000000000,MEASURED_CPU_FAULT,CPU;INTERVAL_FAULTS,NA,NA,NA,NA,NA,NA,NA,NA,NA,NA,NA,NA,NA,NA,NA,NA,NA,NA,NA,NA,NA,NA,NA,TARGET_GONE,identity no longer active
2026-10-02T16:06:07Z,APP_22001_3033686,22001,3033686,9,3385,201.802,0,0,-1,-1,0,0.999931471,NA,NA,70.000000000,MEASURED_CPU_FAULT,CPU;INTERVAL_FAULTS,NA,NA,NA,NA,NA,NA,NA,NA,NA,NA,NA,NA,NA,NA,NA,NA,NA,NA,NA,NA,NA,NA,NA,TARGET_GONE,identity no longer active
2026-10-02T16:06:07Z,APP_22001_3033686,22001,3033686,9,3386,196.923,0,0,-1,-1,0,0.999931471,NA,NA,70.000000000,MEASURED_CPU_FAULT,CPU;INTERVAL_FAULTS,NA,NA,NA,NA,NA,NA,NA,NA,NA,NA,NA,NA,NA,NA,NA,NA,NA,NA,NA,NA,NA,NA,NA,TARGET_GONE,identity no longer active
2026-10-02T16:06:07Z,APP_22001_3033686,22001,3033686,9,3387,204.800,0,0,-1,-1,0,0.999931471,NA,NA,70.000000000,MEASURED_CPU_FAULT,CPU;INTERVAL_FAULTS,NA,NA,NA,NA,NA,NA,NA,NA,NA,NA,NA,NA,NA,NA,NA,NA,NA,NA,NA,NA,NA,NA,NA,TARGET_GONE,identity no longer active
2026-10-02T16:06:07Z,APP_22001_3033686,22001,3033686,9,3388,201.499,0,0,-1,-1,0,0.999931471,NA,NA,70.000000000,MEASURED_CPU_FAULT,CPU;INTERVAL_FAULTS,NA,NA,NA,NA,NA,NA,NA,NA,NA,NA,NA,NA,NA,NA,NA,NA,NA,NA,NA,NA,NA,NA,NA,TARGET_GONE,identity no longer active
2026-10-02T16:06:07Z,APP_22001_3033686,22001,3033686,9,3389,202.639,0,0,-1,-1,0,0.999931471,NA,NA,70.000000000,MEASURED_CPU_FAULT,CPU;INTERVAL_FAULTS,NA,NA,NA,NA,NA,NA,NA,NA,NA,NA,NA,NA,NA,NA,NA,NA,NA,NA,NA,NA,NA,NA,NA,TARGET_GONE,identity no longer active
2026-10-02T16:06:08Z,APP_22001_3033686,22001,3033686,9,3390,201.802,0,0,-1,-1,0,0.999931471,NA,NA,70.000000000,MEASURED_CPU_FAULT,CPU;INTERVAL_FAULTS,NA,NA,NA,NA,NA,NA,NA,NA,NA,NA,NA,NA,NA,NA,NA,NA,NA,NA,NA,NA,NA,NA,NA,TARGET_GONE,identity no longer active
2026-10-02T16:06:08Z,APP_22001_3033686,22001,3033686,9,3391,200.866,0,0,-1,-1,0,0.999931471,NA,NA,70.000000000,MEASURED_CPU_FAULT,CPU;INTERVAL_FAULTS,NA,NA,NA,NA,NA,NA,NA,NA,NA,NA,NA,NA,NA,NA,NA,NA,NA,NA,NA,NA,NA,NA,NA,TARGET_GONE,identity no longer active
2026-10-02T16:06:08Z,APP_22001_3033686,22001,3033686,9,3392,192.192,0,0,-1,-1,0,0.999931471,NA,NA,70.000000000,MEASURED_CPU_FAULT,CPU;INTERVAL_FAULTS,NA,NA,NA,NA,NA,NA,NA,NA,NA,NA,NA,NA,NA,NA,NA,NA,NA,NA,NA,NA,NA,NA,NA,TARGET_GONE,identity no longer active
2026-10-02T16:06:08Z,APP_22001_3033686,22001,3033686,9,3393,201.083,0,0,-1,-1,0,0.999931471,NA,NA,70.000000000,MEASURED_CPU_FAULT,CPU;INTERVAL_FAULTS,NA,NA,NA,NA,NA,NA,NA,NA,NA,NA,NA,NA,NA,NA,NA,NA,NA,NA,NA,NA,NA,NA,NA,TARGET_GONE,identity no longer active
2026-10-02T16:06:08Z,APP_22001_3033686,22001,3033686,9,3394,192.000,0,0,-1,-1,0,0.999931471,NA,NA,70.000000000,MEASURED_CPU_FAULT,CPU;INTERVAL_FAULTS,NA,NA,NA,NA,NA,NA,NA,NA,NA,NA,NA,NA,NA,NA,NA,NA,NA,NA,NA,NA,NA,NA,NA,TARGET_GONE,identity no longer active
2026-10-02T16:06:08Z,APP_22001_3033686,22001,3033686,9,3395,201.117,0,0,-1,-1,0,0.999931471,NA,NA,70.000000000,MEASURED_CPU_FAULT,CPU;INTERVAL_FAULTS,NA,NA,NA,NA,NA,NA,NA,NA,NA,NA,NA,NA,NA,NA,NA,NA,NA,NA,NA,NA,NA,NA,NA,TARGET_GONE,identity no longer active
2026-10-02T16:06:08Z,APP_22001_3033686,22001,3033686,9,3396,204.391,0,0,-1,-1,0,0.999931471,NA,NA,70.000000000,MEASURED_CPU_FAULT,CPU;INTERVAL_FAULTS,NA,NA,NA,NA,NA,NA,NA,NA,NA,NA,NA,NA,NA,NA,NA,NA,NA,NA,NA,NA,NA,NA,NA,TARGET_GONE,identity no longer active
2026-10-02T16:06:08Z,APP_22001_3033686,22001,3033686,9,3397,201.802,0,0,-1,-1,0,0.999931471,NA,NA,70.000000000,MEASURED_CPU_FAULT,CPU;INTERVAL_FAULTS,NA,NA,NA,NA,NA,NA,NA,NA,NA,NA,NA,NA,NA,NA,NA,NA,NA,NA,NA,NA,NA,NA,NA,TARGET_GONE,identity no longer active
2026-10-02T16:06:09Z,APP_22001_3033686,22001,3033686,9,3398,202.906,0,0,-1,-1,0,0.999931471,NA,NA,70.000000000,MEASURED_CPU_FAULT,CPU;INTERVAL_FAULTS,NA,NA,NA,NA,NA,NA,NA,NA,NA,NA,NA,NA,NA,NA,NA,NA,NA,NA,NA,NA,NA,NA,NA,TARGET_GONE,identity no longer active
2026-10-02T16:06:09Z,APP_22001_3033686,22001,3033686,9,3399,201.802,0,0,-1,-1,0,0.999931471,NA,NA,70.000000000,MEASURED_CPU_FAULT,CPU;INTERVAL_FAULTS,NA,NA,NA,NA,NA,NA,NA,NA,NA,NA,NA,NA,NA,NA,NA,NA,NA,NA,NA,NA,NA,NA,NA,TARGET_GONE,identity no longer active
2026-10-02T16:06:09Z,APP_22001_3033686,22001,3033686,9,3400,201.083,0,0,-1,-1,0,0.999931471,NA,NA,70.000000000,MEASURED_CPU_FAULT,CPU;INTERVAL_FAULTS,NA,NA,NA,NA,NA,NA,NA,NA,NA,NA,NA,NA,NA,NA,NA,NA,NA,NA,NA,NA,NA,NA,NA,TARGET_GONE,identity no longer active
2026-10-02T16:06:09Z,APP_22001_3033686,22001,3033686,9,3401,192.481,0,0,-1,-1,0,0.999931471,NA,NA,70.000000000,MEASURED_CPU_FAULT,CPU;INTERVAL_FAULTS,NA,NA,NA,NA,NA,NA,NA,NA,NA,NA,NA,NA,NA,NA,NA,NA,NA,NA,NA,NA,NA,NA,NA,TARGET_GONE,identity no longer active
2026-10-02T16:06:09Z,APP_22001_3033686,22001,3033686,9,3402,201.083,0,0,-1,-1,0,0.999931471,NA,NA,70.000000000,MEASURED_CPU_FAULT,CPU;INTERVAL_FAULTS,NA,NA,NA,NA,NA,NA,NA,NA,NA,NA,NA,NA,NA,NA,NA,NA,NA,NA,NA,NA,NA,NA,NA,TARGET_GONE,identity no longer active
2026-10-02T16:06:09Z,APP_22001_3033686,22001,3033686,9,3403,192.000,0,0,-1,-1,0,0.999931471,NA,NA,70.000000000,MEASURED_CPU_FAULT,CPU;INTERVAL_FAULTS,NA,NA,NA,NA,NA,NA,NA,NA,NA,NA,NA,NA,NA,NA,NA,NA,NA,NA,NA,NA,NA,NA,NA,TARGET_GONE,identity no longer active
2026-10-02T16:06:09Z,APP_22001_3033686,22001,3033686,9,3404,200.557,0,0,-1,-1,0,0.999931471,NA,NA,70.000000000,MEASURED_CPU_FAULT,CPU;INTERVAL_FAULTS,NA,NA,NA,NA,NA,NA,NA,NA,NA,NA,NA,NA,NA,NA,NA,NA,NA,NA,NA,NA,NA,NA,NA,TARGET_GONE,identity no longer active
2026-10-02T16:06:09Z,APP_22001_3033686,22001,3033686,9,3405,204.391,0,0,-1,-1,0,0.999931471,NA,NA,70.000000000,MEASURED_CPU_FAULT,CPU;INTERVAL_FAULTS,NA,NA,NA,NA,NA,NA,NA,NA,NA,NA,NA,NA,NA,NA,NA,NA,NA,NA,NA,NA,NA,NA,NA,TARGET_GONE,identity no longer active
2026-10-02T16:06:10Z,APP_22001_3033686,22001,3033686,9,3406,201.499,0,0,-1,-1,0,0.999931471,NA,NA,70.000000000,MEASURED_CPU_FAULT,CPU;INTERVAL_FAULTS,NA,NA,NA,NA,NA,NA,NA,NA,NA,NA,NA,NA,NA,NA,NA,NA,NA,NA,NA,NA,NA,NA,NA,TARGET_GONE,identity no longer active
2026-10-02T16:06:10Z,APP_22001_3033686,22001,3033686,9,3407,202.906,0,0,-1,-1,0,0.999931471,NA,NA,70.000000000,MEASURED_CPU_FAULT,CPU;INTERVAL_FAULTS,NA,NA,NA,NA,NA,NA,NA,NA,NA,NA,NA,NA,NA,NA,NA,NA,NA,NA,NA,NA,NA,NA,NA,TARGET_GONE,identity no longer active
2026-10-02T16:06:10Z,APP_22001_3033686,22001,3033686,9,3408,201.802,0,0,-1,-1,0,0.999931471,NA,NA,70.000000000,MEASURED_CPU_FAULT,CPU;INTERVAL_FAULTS,NA,NA,NA,NA,NA,NA,NA,NA,NA,NA,NA,NA,NA,NA,NA,NA,NA,NA,NA,NA,NA,NA,NA,TARGET_GONE,identity no longer active
2026-10-02T16:06:10Z,APP_22001_3033686,22001,3033686,9,3409,201.083,0,0,-1,-1,0,0.999931471,NA,NA,70.000000000,MEASURED_CPU_FAULT,CPU;INTERVAL_FAULTS,NA,NA,NA,NA,NA,NA,NA,NA,NA,NA,NA,NA,NA,NA,NA,NA,NA,NA,NA,NA,NA,NA,NA,TARGET_GONE,identity no longer active
2026-10-02T16:06:10Z,APP_22001_3033686,22001,3033686,9,3410,191.904,0,0,-1,-1,0,0.999931471,NA,NA,70.000000000,MEASURED_CPU_FAULT,CPU;INTERVAL_FAULTS,NA,NA,NA,NA,NA,NA,NA,NA,NA,NA,NA,NA,NA,NA,NA,NA,NA,NA,NA,NA,NA,NA,NA,TARGET_GONE,identity no longer active
2026-10-02T16:06:10Z,APP_22001_3033686,22001,3033686,9,3411,201.083,0,0,-1,-1,0,0.999931471,NA,NA,70.000000000,MEASURED_CPU_FAULT,CPU;INTERVAL_FAULTS,NA,NA,NA,NA,NA,NA,NA,NA,NA,NA,NA,NA,NA,NA,NA,NA,NA,NA,NA,NA,NA,NA,NA,TARGET_GONE,identity no longer active
2026-10-02T16:06:10Z,APP_22001_3033686,22001,3033686,9,3412,192.771,0,0,-1,-1,0,0.999931471,NA,NA,70.000000000,MEASURED_CPU_FAULT,CPU;INTERVAL_FAULTS,NA,NA,NA,NA,NA,NA,NA,NA,NA,NA,NA,NA,NA,NA,NA,NA,NA,NA,NA,NA,NA,NA,NA,TARGET_GONE,identity no longer active
2026-10-02T16:06:10Z,APP_22001_3033686,22001,3033686,9,3413,203.109,0,0,-1,-1,0,0.999931471,NA,NA,70.000000000,MEASURED_CPU_FAULT,CPU;INTERVAL_FAULTS,NA,NA,NA,NA,NA,NA,NA,NA,NA,NA,NA,NA,NA,NA,NA,NA,NA,NA,NA,NA,NA,NA,NA,TARGET_GONE,identity no longer active
2026-10-02T16:06:11Z,APP_22001_3033686,22001,3033686,9,3414,192.000,0,0,-1,-1,0,0.999931471,NA,NA,70.000000000,MEASURED_CPU_FAULT,CPU;INTERVAL_FAULTS,NA,NA,NA,NA,NA,NA,NA,NA,NA,NA,NA,NA,NA,NA,NA,NA,NA,NA,NA,NA,NA,NA,NA,TARGET_GONE,identity no longer active
2026-10-02T16:06:11Z,APP_22001_3033686,22001,3033686,9,3415,201.802,0,0,-1,-1,0,0.999931471,NA,NA,70.000000000,MEASURED_CPU_FAULT,CPU;INTERVAL_FAULTS,NA,NA,NA,NA,NA,NA,NA,NA,NA,NA,NA,NA,NA,NA,NA,NA,NA,NA,NA,NA,NA,NA,NA,TARGET_GONE,identity no longer active
2026-10-02T16:06:11Z,APP_22001_3033686,22001,3033686,9,3416,204.082,0,0,-1,-1,0,0.999931471,NA,NA,70.000000000,MEASURED_CPU_FAULT,CPU;INTERVAL_FAULTS,NA,NA,NA,NA,NA,NA,NA,NA,NA,NA,NA,NA,NA,NA,NA,NA,NA,NA,NA,NA,NA,NA,NA,TARGET_GONE,identity no longer active
2026-10-02T16:06:11Z,APP_22001_3033686,22001,3033686,9,3417,201.802,0,0,-1,-1,0,0.999931471,NA,NA,70.000000000,MEASURED_CPU_FAULT,CPU;INTERVAL_FAULTS,NA,NA,NA,NA,NA,NA,NA,NA,NA,NA,NA,NA,NA,NA,NA,NA,NA,NA,NA,NA,NA,NA,NA,TARGET_GONE,identity no longer active
2026-10-02T16:06:11Z,APP_22001_3033686,22001,3033686,9,3418,194.967,0,0,-1,-1,0,0.999931471,NA,NA,70.000000000,MEASURED_CPU_FAULT,CPU;INTERVAL_FAULTS,NA,NA,NA,NA,NA,NA,NA,NA,NA,NA,NA,NA,NA,NA,NA,NA,NA,NA,NA,NA,NA,NA,NA,TARGET_GONE,identity no longer active
2026-10-02T16:06:11Z,APP_22001_3033686,22001,3033686,9,3419,210.463,0,0,-1,-1,0,0.999931471,NA,NA,70.000000000,MEASURED_CPU_FAULT,CPU;INTERVAL_FAULTS,NA,NA,NA,NA,NA,NA,NA,NA,NA,NA,NA,NA,NA,NA,NA,NA,NA,NA,NA,NA,NA,NA,NA,TARGET_GONE,identity no longer active
2026-10-02T16:06:11Z,APP_22001_3033686,22001,3033686,9,3420,195.163,0,0,-1,-1,0,0.999931471,NA,NA,70.000000000,MEASURED_CPU_FAULT,CPU;INTERVAL_FAULTS,NA,NA,NA,NA,NA,NA,NA,NA,NA,NA,NA,NA,NA,NA,NA,NA,NA,NA,NA,NA,NA,NA,NA,TARGET_GONE,identity no longer active
2026-10-02T16:06:11Z,APP_22001_3033686,22001,3033686,9,3421,192.000,0,0,-1,-1,0,0.999931471,NA,NA,70.000000000,MEASURED_CPU_FAULT,CPU;INTERVAL_FAULTS,NA,NA,NA,NA,NA,NA,NA,NA,NA,NA,NA,NA,NA,NA,NA,NA,NA,NA,NA,NA,NA,NA,NA,TARGET_GONE,identity no longer active
2026-10-02T16:06:12Z,APP_22001_3033686,22001,3033686,9,3422,200.261,0,0,-1,-1,0,0.999931471,NA,NA,70.000000000,MEASURED_CPU_FAULT,CPU;INTERVAL_FAULTS,NA,NA,NA,NA,NA,NA,NA,NA,NA,NA,NA,NA,NA,NA,NA,NA,NA,NA,NA,NA,NA,NA,NA,TARGET_GONE,identity no longer active
2026-10-02T16:06:12Z,APP_22001_3033686,22001,3033686,9,3423,210.778,0,0,-1,-1,0,0.999931471,NA,NA,70.000000000,MEASURED_CPU_FAULT,CPU;INTERVAL_FAULTS,NA,NA,NA,NA,NA,NA,NA,NA,NA,NA,NA,NA,NA,NA,NA,NA,NA,NA,NA,NA,NA,NA,NA,TARGET_GONE,identity no longer active
2026-10-02T16:06:12Z,APP_22001_3033686,22001,3033686,9,3424,192.192,0,0,-1,-1,0,0.999931471,NA,NA,70.000000000,MEASURED_CPU_FAULT,CPU;INTERVAL_FAULTS,NA,NA,NA,NA,NA,NA,NA,NA,NA,NA,NA,NA,NA,NA,NA,NA,NA,NA,NA,NA,NA,NA,NA,TARGET_GONE,identity no longer active
2026-10-02T16:06:12Z,APP_22001_3033686,22001,3033686,9,3425,203.562,0,0,-1,-1,0,0.999931471,NA,NA,70.000000000,MEASURED_CPU_FAULT,CPU;INTERVAL_FAULTS,NA,NA,NA,NA,NA,NA,NA,NA,NA,NA,NA,NA,NA,NA,NA,NA,NA,NA,NA,NA,NA,NA,NA,TARGET_GONE,identity no longer active
2026-10-02T16:06:12Z,APP_22001_3033686,22001,3033686,9,3426,201.802,0,0,-1,-1,0,0.999931471,NA,NA,70.000000000,MEASURED_CPU_FAULT,CPU;INTERVAL_FAULTS,NA,NA,NA,NA,NA,NA,NA,NA,NA,NA,NA,NA,NA,NA,NA,NA,NA,NA,NA,NA,NA,NA,NA,TARGET_GONE,identity no longer active
2026-10-02T16:06:12Z,APP_22001_3033686,22001,3033686,9,3427,201.893,0,0,-1,-1,0,0.999931471,NA,NA,70.000000000,MEASURED_CPU_FAULT,CPU;INTERVAL_FAULTS,NA,NA,NA,NA,NA,NA,NA,NA,NA,NA,NA,NA,NA,NA,NA,NA,NA,NA,NA,NA,NA,NA,NA,TARGET_GONE,identity no longer active
2026-10-02T16:06:12Z,APP_22001_3033686,22001,3033686,9,3428,191.617,0,0,-1,-1,0,0.999931471,NA,NA,70.000000000,MEASURED_CPU_FAULT,CPU;INTERVAL_FAULTS,NA,NA,NA,NA,NA,NA,NA,NA,NA,NA,NA,NA,NA,NA,NA,NA,NA,NA,NA,NA,NA,NA,NA,TARGET_GONE,identity no longer active
2026-10-02T16:06:12Z,APP_22001_3033686,22001,3033686,9,3429,201.893,0,0,-1,-1,0,0.999931471,NA,NA,70.000000000,MEASURED_CPU_FAULT,CPU;INTERVAL_FAULTS,NA,NA,NA,NA,NA,NA,NA,NA,NA,NA,NA,NA,NA,NA,NA,NA,NA,NA,NA,NA,NA,NA,NA,TARGET_GONE,identity no longer active
2026-10-02T16:06:12Z,APP_22001_3033686,22001,3033686,9,3430,201.499,0,0,-1,-1,0,0.999931471,NA,NA,70.000000000,MEASURED_CPU_FAULT,CPU;INTERVAL_FAULTS,NA,NA,NA,NA,NA,NA,NA,NA,NA,NA,NA,NA,NA,NA,NA,NA,NA,NA,NA,NA,NA,NA,NA,TARGET_GONE,identity no longer active
2026-10-02T16:06:13Z,APP_22001_3033686,22001,3033686,9,3431,197.666,0,0,-1,-1,0,0.999931471,NA,NA,70.000000000,MEASURED_CPU_FAULT,CPU;INTERVAL_FAULTS,NA,NA,NA,NA,NA,NA,NA,NA,NA,NA,NA,NA,NA,NA,NA,NA,NA,NA,NA,NA,NA,NA,NA,TARGET_GONE,identity no longer active
2026-10-02T16:06:13Z,APP_22001_3033686,22001,3033686,9,3432,211.411,0,0,-1,-1,0,0.999931471,NA,NA,70.000000000,MEASURED_CPU_FAULT,CPU;INTERVAL_FAULTS,NA,NA,NA,NA,NA,NA,NA,NA,NA,NA,NA,NA,NA,NA,NA,NA,NA,NA,NA,NA,NA,NA,NA,TARGET_GONE,identity no longer active
2026-10-02T16:06:13Z,APP_22001_3033686,22001,3033686,9,3433,200.897,0,0,-1,-1,0,0.999931471,NA,NA,70.000000000,MEASURED_CPU_FAULT,CPU;INTERVAL_FAULTS,NA,NA,NA,NA,NA,NA,NA,NA,NA,NA,NA,NA,NA,NA,NA,NA,NA,NA,NA,NA,NA,NA,NA,TARGET_GONE,identity no longer active
2026-10-02T16:06:13Z,APP_22001_3033686,22001,3033686,9,3434,195.918,0,0,-1,-1,0,0.999931471,NA,NA,70.000000000,MEASURED_CPU_FAULT,CPU;INTERVAL_FAULTS,NA,NA,NA,NA,NA,NA,NA,NA,NA,NA,NA,NA,NA,NA,NA,NA,NA,NA,NA,NA,NA,NA,NA,TARGET_GONE,identity no longer active
2026-10-02T16:06:13Z,APP_22001_3033686,22001,3033686,9,3435,201.802,0,0,-1,-1,0,0.999931471,NA,NA,70.000000000,MEASURED_CPU_FAULT,CPU;INTERVAL_FAULTS,NA,NA,NA,NA,NA,NA,NA,NA,NA,NA,NA,NA,NA,NA,NA,NA,NA,NA,NA,NA,NA,NA,NA,TARGET_GONE,identity no longer active
2026-10-02T16:06:13Z,APP_22001_3033686,22001,3033686,9,3436,201.893,0,0,-1,-1,0,0.999931471,NA,NA,70.000000000,MEASURED_CPU_FAULT,CPU;INTERVAL_FAULTS,NA,NA,NA,NA,NA,NA,NA,NA,NA,NA,NA,NA,NA,NA,NA,NA,NA,NA,NA,NA,NA,NA,NA,TARGET_GONE,identity no longer active
2026-10-02T16:06:13Z,APP_22001_3033686,22001,3033686,9,3437,201.198,0,0,-1,-1,0,0.999931471,NA,NA,70.000000000,MEASURED_CPU_FAULT,CPU;INTERVAL_FAULTS,NA,NA,NA,NA,NA,NA,NA,NA,NA,NA,NA,NA,NA,NA,NA,NA,NA,NA,NA,NA,NA,NA,NA,TARGET_GONE,identity no longer active
2026-10-02T16:06:13Z,APP_22001_3033686,22001,3033686,9,3438,201.681,0,0,-1,-1,0,0.999931471,NA,NA,70.000000000,MEASURED_CPU_FAULT,CPU;INTERVAL_FAULTS,NA,NA,NA,NA,NA,NA,NA,NA,NA,NA,NA,NA,NA,NA,NA,NA,NA,NA,NA,NA,NA,NA,NA,TARGET_GONE,identity no longer active
2026-10-02T16:06:14Z,APP_22001_3033686,22001,3033686,9,3439,201.499,0,0,-1,-1,0,0.999931471,NA,NA,70.000000000,MEASURED_CPU_FAULT,CPU;INTERVAL_FAULTS,NA,NA,NA,NA,NA,NA,NA,NA,NA,NA,NA,NA,NA,NA,NA,NA,NA,NA,NA,NA,NA,NA,NA,TARGET_GONE,identity no longer active
