timestamp,run_id,run_type,mode,application_count,worker_count,application_index,app_id,pid,start_time_ticks,workload,threads,memory_mb,iterations,seed,launch_monotonic_ns,launch_skew_us,benchmark_elapsed_ms,benchmark_throughput,benchmark_cpu_percent,benchmark_rss_kb,benchmark_vms_kb,aggregate_throughput,group_makespan_ms,runtime_cpu_percent,runtime_cpu_peak_percent,runtime_rss_kb,runtime_vms_kb,runtime_tree_cpu_percent,runtime_tree_rss_kb,runtime_tree_vms_kb,monitor_submissions,monitor_completions,pipeline_completions,mean_queue_wait_us,median_queue_wait_us,max_queue_wait_us,mean_eligibility_wait_us,max_eligibility_wait_us,mean_worker_execution_us,mean_phase3_us,mean_pipeline_serial_wait_us,max_pipeline_serial_wait_us,mean_phase4_us,mean_phase5_us,mean_phase6_us,mean_completion_latency_us,max_completion_latency_us,max_queue_depth,deferred_jobs,saturation_events,discovery_scan_count,discovery_total_us,discovery_mean_us,runtime_cycle_total_us,evaluation_interval_observed_ms,max_evaluation_interval_observed_ms,eligible_opportunities,status,outcome,notes
2026-09-02T10:54:19Z,primary-a1-w2-warmup-1-baseline,WARMUP,BASELINE,1,2,0,NA,387803,68301399,mixed,1,8,17841231,12345,311648995417016,0.000,1260.182,14157661.057,99.315,9960.000,19212.000,14054013.344,1269.476,NA,NA,NA,NA,NA,NA,NA,,,,,,,,,,,,,,,,,,NA,0,0,0,NA,NA,NA,,NA,,MEASURED,NOT_RUN,
2026-09-02T10:54:22Z,primary-a1-w2-warmup-1-integrated,WARMUP,INTEGRATED,1,2,0,APP_387805_68301526,387805,68301526,mixed,1,8,17841231,12345,311650266672467,0.000,1271.895,14027286.034,98.763,9960.000,19212.000,13852281.589,1287.963,10.306,186.306,6360.000,156928.000,10.306,6360.000,156928.000,12,12,1,54.317,57.245,80.443,10761.376,29610.778,741.705,740.075,91.453,91.453,2578.507,2849.657,2626.060,801.722,1007.230,0.000,0,0,8,170085.583,21260.698,1017617.584,NA,NA,12,MEASURED,INSUFFICIENT,
2026-09-02T10:54:24Z,primary-a1-w2-warmup-2-integrated,WARMUP,INTEGRATED,1,2,0,APP_387813_68301733,387813,68301733,mixed,1,8,17841231,12345,311652337966607,0.000,1377.660,12950386.194,99.399,9896.000,19212.000,12719671.274,1402.649,11.202,190.096,6340.000,156928.000,11.202,6340.000,156928.000,14,13,1,61.685,60.163,107.008,9489.806,22252.974,894.795,891.718,95.219,95.219,1821.515,1812.408,1659.573,967.517,2224.590,0.000,0,0,8,179117.349,22389.669,1025286.764,NA,NA,13,MEASURED,INSUFFICIENT,Error: target PID 387813 is unavailable for one sample.
2026-09-02T10:54:25Z,primary-a1-w2-warmup-2-baseline,WARMUP,BASELINE,1,2,0,NA,387822,68301942,mixed,1,8,17841231,12345,311654423883470,0.000,1379.381,12934231.748,98.843,9956.000,19212.000,12764401.393,1397.733,NA,NA,NA,NA,NA,NA,NA,,,,,,,,,,,,,,,,,,NA,0,0,0,NA,NA,NA,,NA,,MEASURED,NOT_RUN,
2026-09-02T10:54:27Z,primary-a1-w2-warmup-3-baseline,WARMUP,BASELINE,1,2,0,NA,387824,68302082,mixed,1,8,17841231,12345,311655822776078,0.000,1737.348,10269233.489,98.618,9896.000,19212.000,10165567.499,1755.065,NA,NA,NA,NA,NA,NA,NA,,,,,,,,,,,,,,,,,,NA,0,0,0,NA,NA,NA,,NA,,MEASURED,NOT_RUN,
2026-09-02T10:55:15Z,primary-a1-w2-warmup-3-integrated,WARMUP,INTEGRATED,1,2,0,APP_387897_68302257,387897,68302257,mixed,1,8,17841231,12345,311657579144862,0.000,7343.961,2429374.372,22.588,9960.000,19212.000,2423760.107,7360.972,4.377,188.541,6664.000,156936.000,4.377,11352.000,313872.000,16,15,2,245.848,65.650,2348.338,395014.542,5732122.795,804.235,802.452,172.442,249.610,2390.715,3215.784,3613.392,1061.608,3387.943,0.000,0,0,11,389745.754,35431.432,2740495.892,1020.146,1020.146,15,MEASURED,INSUFFICIENT,Error: target PID 387897 is unavailable for one sample.
2026-09-02T10:55:17Z,primary-a1-w2-measured-4-integrated,MEASURED,INTEGRATED,1,2,0,APP_388077_68307043,388077,68307043,mixed,1,8,17841231,12345,311665834107932,0.000,1308.678,13633013.144,99.255,9896.000,19212.000,13485618.587,1322.982,13.195,191.929,6756.000,157140.000,13.195,12236.000,314280.000,13,12,1,75.173,77.655,108.842,11422.821,31527.625,741.353,738.987,82.647,82.647,1813.146,2345.432,2043.976,822.728,1533.653,0.000,0,0,8,228869.239,28608.655,1025254.317,NA,NA,12,MEASURED,INSUFFICIENT,Error: target PID 388077 is unavailable for one sample.
2026-09-02T10:55:19Z,primary-a1-w2-measured-4-baseline,MEASURED,BASELINE,1,2,0,NA,388105,68307251,mixed,1,8,17841231,12345,311667909147309,0.000,1952.064,9139673.232,98.265,9892.000,19212.000,9080286.292,1964.831,NA,NA,NA,NA,NA,NA,NA,,,,,,,,,,,,,,,,,,NA,0,0,0,NA,NA,NA,,NA,,MEASURED,NOT_RUN,
2026-09-02T10:55:20Z,primary-a1-w2-measured-5-baseline,MEASURED,BASELINE,1,2,0,NA,388173,68307447,mixed,1,8,17841231,12345,311669875341394,0.000,1207.933,14770050.038,98.799,9956.000,19212.000,14680073.998,1215.337,NA,NA,NA,NA,NA,NA,NA,,,,,,,,,,,,,,,,,,NA,0,0,0,NA,NA,NA,,NA,,MEASURED,NOT_RUN,
2026-09-02T10:55:22Z,primary-a1-w2-measured-5-integrated,MEASURED,INTEGRATED,1,2,0,APP_388182_68307569,388182,68307569,mixed,1,8,17841231,12345,311671091737661,0.000,1182.678,15085452.886,99.357,9892.000,19212.000,14873328.748,1199.545,10.273,191.843,6548.000,156952.000,10.273,6548.000,156952.000,12,11,1,60.239,58.326,95.548,9119.142,22143.539,576.019,574.677,68.771,68.771,1719.482,1967.458,1777.933,639.807,816.007,0.000,0,0,8,178495.796,22311.975,1021486.895,NA,NA,11,MEASURED,INSUFFICIENT,Error: target PID 388182 is unavailable for one sample.
2026-09-02T10:55:24Z,primary-a1-w2-measured-6-integrated,MEASURED,INTEGRATED,1,2,0,APP_388191_68307776,388191,68307776,mixed,1,8,17841231,12345,311673166311938,0.000,1169.302,15258021.267,108.446,9960.000,19212.000,14943856.304,1193.884,14.609,193.070,6580.000,156952.000,14.609,6712.000,157400.000,12,11,1,71.223,59.502,139.094,8504.726,20719.395,824.253,822.418,106.967,106.967,1877.394,1974.096,1816.215,906.210,2560.887,0.000,0,0,8,235818.566,29477.321,1026458.377,NA,NA,11,MEASURED,INSUFFICIENT,Error: target PID 388191 is unavailable for one sample.
2026-09-02T10:55:25Z,primary-a1-w2-measured-6-baseline,MEASURED,BASELINE,1,2,0,NA,388200,68307984,mixed,1,8,17841231,12345,311675239932418,0.000,1056.341,16889644.768,108.172,9960.000,19212.000,16757417.334,1064.677,NA,NA,NA,NA,NA,NA,NA,,,,,,,,,,,,,,,,,,NA,0,0,0,NA,NA,NA,,NA,,MEASURED,NOT_RUN,
2026-09-02T10:55:26Z,primary-a1-w2-measured-7-baseline,MEASURED,BASELINE,1,2,0,NA,388202,68308090,mixed,1,8,17841231,12345,311676305544818,0.000,1043.587,17096058.777,108.373,9960.000,19212.000,16936013.220,1053.449,NA,NA,NA,NA,NA,NA,NA,,,,,,,,,,,,,,,,,,NA,0,0,0,NA,NA,NA,,NA,,MEASURED,NOT_RUN,
2026-09-02T10:55:28Z,primary-a1-w2-measured-7-integrated,MEASURED,INTEGRATED,1,2,0,APP_388204_68308196,388204,68308196,mixed,1,8,17841231,12345,311677359855728,0.000,1107.508,16109351.699,100.698,9960.000,19212.000,15873720.476,1123.948,11.316,192.410,6484.000,156952.000,11.316,6484.000,156952.000,12,11,1,70.989,64.950,151.267,8088.950,27478.522,551.481,549.946,107.830,107.830,1888.940,2111.082,1565.493,629.174,737.660,0.000,0,0,8,196997.179,24624.647,1016732.248,NA,NA,11,MEASURED,INSUFFICIENT,Error: target PID 388204 is unavailable for one sample.
2026-09-02T10:55:30Z,primary-a1-w2-measured-8-integrated,MEASURED,INTEGRATED,1,2,0,APP_388214_68308402,388214,68308402,mixed,1,8,17841231,12345,311679422871044,0.000,1255.524,14210192.687,99.572,9960.000,19212.000,13940602.701,1279.803,12.350,193.015,6152.000,156944.000,12.350,8600.000,160928.000,12,12,1,110.535,64.583,442.345,7900.655,25263.708,926.342,924.313,97.855,97.855,1911.069,1842.317,1800.469,1049.134,2829.459,0.000,0,0,8,205589.141,25698.643,1011626.846,NA,NA,11,MEASURED,INSUFFICIENT,
2026-09-02T10:55:32Z,primary-a1-w2-measured-8-baseline,MEASURED,BASELINE,1,2,0,NA,388222,68308608,mixed,1,8,17841231,12345,311681480117626,0.000,1229.929,14505900.179,99.420,9960.000,19212.000,14284578.324,1248.985,NA,NA,NA,NA,NA,NA,NA,,,,,,,,,,,,,,,,,,NA,0,0,0,NA,NA,NA,,NA,,MEASURED,NOT_RUN,
2026-09-02T10:55:33Z,primary-a2-w2-warmup-1-baseline,WARMUP,BASELINE,2,2,0,NA,388226,68308733,mixed,1,8,17841231,12345,311682730319741,795.548,1305.604,13665119.580,99.125,9960.000,19212.000,26964096.055,1323.332,NA,NA,NA,NA,NA,NA,NA,,,,,,,,,,,,,,,,,,NA,0,0,0,NA,NA,NA,,NA,,MEASURED,NOT_RUN,
2026-09-02T10:55:33Z,primary-a2-w2-warmup-1-baseline,WARMUP,BASELINE,2,2,1,NA,388227,68308733,mixed,1,8,17841231,12346,311682731115289,795.548,1292.562,13803000.004,99.146,9896.000,19212.000,26964096.055,1323.332,NA,NA,NA,NA,NA,NA,NA,,,,,,,,,,,,,,,,,,NA,0,0,0,NA,NA,NA,,NA,,MEASURED,NOT_RUN,
2026-09-02T10:55:35Z,primary-a2-w2-warmup-1-integrated,WARMUP,INTEGRATED,2,2,0,APP_388230_68308865,388230,68308865,mixed,1,8,17841231,12345,311684055299433,533.249,1330.899,13405395.436,99.310,9956.000,19212.000,26589143.518,1341.994,10.762,188.045,6396.000,156920.000,10.762,6396.000,156920.000,13,12,1,73.264,54.389,251.481,11133.731,23292.688,840.060,837.732,100.386,100.386,1842.503,2099.254,1822.896,928.941,1399.243,1.000,0,0,8,172453.455,21556.682,1020701.340,NA,NA,12,MEASURED,INSUFFICIENT,"Error: target PID 388231 is unavailable for one sample.
Error: target PID 388230 is unavailable for one sample."
2026-09-02T10:55:35Z,primary-a2-w2-warmup-1-integrated,WARMUP,INTEGRATED,2,2,1,APP_388231_68308865,388231,68308865,mixed,1,8,17841231,12346,311684055832682,533.249,1319.971,13516384.984,99.310,9896.000,19212.000,26589143.518,1341.994,10.762,188.045,6396.000,156920.000,10.762,6396.000,156920.000,13,12,1,68.416,40.638,310.932,11133.927,23290.506,796.340,793.259,6282.128,6282.128,1513.833,2226.216,1890.426,878.061,1319.822,1.000,0,0,8,172453.455,21556.682,1020701.340,NA,NA,12,MEASURED,INSUFFICIENT,"Error: target PID 388231 is unavailable for one sample.
Error: target PID 388230 is unavailable for one sample."
2026-09-02T10:55:37Z,primary-a2-w2-warmup-2-integrated,WARMUP,INTEGRATED,2,2,0,APP_388243_68309074,388243,68309074,mixed,1,8,17841231,12345,311686148364811,1620.288,1457.392,12241885.542,99.998,9896.000,19212.000,23507692.738,1517.906,13.338,189.928,6344.000,156956.000,13.338,6344.000,156956.000,14,14,1,79.526,58.075,209.225,11344.245,24242.042,1125.468,1120.242,109.754,109.754,1922.220,1977.080,1649.628,1222.053,3129.211,1.000,0,0,8,205459.334,25682.417,1014258.417,NA,NA,13,MEASURED,INSUFFICIENT,
2026-09-02T10:55:37Z,primary-a2-w2-warmup-2-integrated,WARMUP,INTEGRATED,2,2,1,APP_388244_68309075,388244,68309075,mixed,1,8,17841231,12346,311686149985099,1620.288,1488.747,11984055.637,99.911,10152.000,19212.000,23507692.738,1517.906,13.338,189.928,6344.000,156956.000,13.338,6344.000,156956.000,14,14,1,59.425,53.367,129.525,11341.400,24249.785,1108.012,1104.465,6070.955,6070.955,1445.266,1872.266,2078.857,1185.030,2866.390,1.000,0,0,8,205459.334,25682.417,1014258.417,NA,NA,13,MEASURED,INSUFFICIENT,
2026-09-02T10:56:24Z,primary-a2-w2-warmup-2-baseline,WARMUP,BASELINE,2,2,0,NA,388256,68309282,mixed,1,8,17841231,12345,311688222343821,1066.992,7570.583,2356652.145,24.936,9956.000,19212.000,4699671.056,7592.545,NA,NA,NA,NA,NA,NA,NA,,,,,,,,,,,,,,,,,,NA,0,0,0,NA,NA,NA,,NA,,MEASURED,NOT_RUN,
2026-09-02T10:56:24Z,primary-a2-w2-warmup-2-baseline,WARMUP,BASELINE,2,2,1,NA,388257,68309282,mixed,1,8,17841231,12346,311688223410813,1066.992,7543.760,2365031.773,24.442,9960.000,19212.000,4699671.056,7592.545,NA,NA,NA,NA,NA,NA,NA,,,,,,,,,,,,,,,,,,NA,0,0,0,NA,NA,NA,,NA,,MEASURED,NOT_RUN,
2026-09-02T10:56:25Z,primary-a2-w2-warmup-3-baseline,WARMUP,BASELINE,2,2,0,NA,388426,68313970,mixed,1,8,17841231,12345,311695816926830,618.310,1368.618,13035951.157,98.823,9960.000,19212.000,25705112.944,1388.146,NA,NA,NA,NA,NA,NA,NA,,,,,,,,,,,,,,,,,,NA,0,0,0,NA,NA,NA,,NA,,MEASURED,NOT_RUN,
2026-09-02T10:56:25Z,primary-a2-w2-warmup-3-baseline,WARMUP,BASELINE,2,2,1,NA,388427,68313970,mixed,1,8,17841231,12346,311695817545140,618.310,1378.181,12945496.213,99.528,9956.000,19212.000,25705112.944,1388.146,NA,NA,NA,NA,NA,NA,NA,,,,,,,,,,,,,,,,,,NA,0,0,0,NA,NA,NA,,NA,,MEASURED,NOT_RUN,
2026-09-02T10:56:27Z,primary-a2-w2-warmup-3-integrated,WARMUP,INTEGRATED,2,2,0,APP_388430_68314109,388430,68314109,mixed,1,8,17841231,12345,311697206754696,535.997,1471.232,12126731.475,99.242,9960.000,19212.000,24040974.475,1484.235,11.351,190.751,5704.000,156088.000,11.351,5704.000,156088.000,14,14,1,167.347,57.510,1192.384,12788.904,34648.291,1227.983,1226.079,84.048,84.048,1882.914,1887.928,2405.761,1406.458,3917.269,1.000,0,0,8,178106.821,22263.353,1013355.119,NA,NA,13,MEASURED,INSUFFICIENT,Error: target PID 388431 is unavailable for one sample.
2026-09-02T10:56:27Z,primary-a2-w2-warmup-3-integrated,WARMUP,INTEGRATED,2,2,1,APP_388431_68314109,388431,68314109,mixed,1,8,17841231,12346,311697207290693,535.997,1452.790,12280664.915,97.233,9896.000,19212.000,24040974.475,1484.235,11.351,190.751,5704.000,156088.000,11.351,5704.000,156088.000,14,13,1,358.140,44.800,3893.652,12789.966,34664.549,1059.696,1057.009,6692.601,6692.601,1879.358,2247.599,2453.128,1432.816,4843.945,1.000,0,0,8,178106.821,22263.353,1013355.119,NA,NA,13,MEASURED,INSUFFICIENT,Error: target PID 388431 is unavailable for one sample.
2026-09-02T10:56:29Z,primary-a2-w2-measured-4-integrated,MEASURED,INTEGRATED,2,2,0,APP_388492_68314317,388492,68314317,mixed,1,8,17841231,12345,311699284425094,1211.020,1654.407,10784065.713,99.651,9960.000,19212.000,21078882.130,1692.806,14.651,178.275,6556.000,156920.000,14.651,7980.000,159976.000,16,15,1,106.441,62.201,546.084,14292.076,33832.439,978.026,974.899,118.028,118.028,2460.216,2895.773,2524.933,1100.209,2247.592,1.000,0,0,8,263601.063,32950.133,1026517.776,NA,NA,13,MEASURED,INSUFFICIENT,"Error: target PID 388492 is unavailable for one sample.
Error: target PID 388493 is unavailable for one sample."
2026-09-02T10:56:29Z,primary-a2-w2-measured-4-integrated,MEASURED,INTEGRATED,2,2,1,APP_388493_68314317,388493,68314317,mixed,1,8,17841231,12346,311699285636114,1211.020,1665.462,10712482.231,99.625,9896.000,19212.000,21078882.130,1692.806,14.651,178.275,6556.000,156920.000,14.651,7980.000,159976.000,17,16,1,171.888,45.368,1405.963,13644.433,33822.955,972.169,969.305,8539.169,8539.169,3370.127,3977.078,2558.386,1162.472,2753.308,1.000,0,0,8,263601.063,32950.133,1026517.776,NA,NA,14,MEASURED,INSUFFICIENT,"Error: target PID 388492 is unavailable for one sample.
Error: target PID 388493 is unavailable for one sample."
2026-09-02T10:56:31Z,primary-a2-w2-measured-4-baseline,MEASURED,BASELINE,2,2,0,NA,388532,68314527,mixed,1,8,17841231,12345,311701383853046,1064.102,1481.162,12045425.008,99.540,9960.000,19212.000,23465125.039,1520.659,NA,NA,NA,NA,NA,NA,NA,,,,,,,,,,,,,,,,,,NA,0,0,0,NA,NA,NA,,NA,,MEASURED,NOT_RUN,
2026-09-02T10:56:31Z,primary-a2-w2-measured-4-baseline,MEASURED,BASELINE,2,2,1,NA,388533,68314527,mixed,1,8,17841231,12346,311701384917148,1064.102,1491.607,11961077.416,98.838,9960.000,19212.000,23465125.039,1520.659,NA,NA,NA,NA,NA,NA,NA,,,,,,,,,,,,,,,,,,NA,0,0,0,NA,NA,NA,,NA,,MEASURED,NOT_RUN,
2026-09-02T10:56:32Z,primary-a2-w2-measured-5-baseline,MEASURED,BASELINE,2,2,0,NA,388540,68314679,mixed,1,8,17841231,12345,311702906478178,548.180,1275.286,13989986.961,99.218,9960.000,19212.000,27626594.548,1291.598,NA,NA,NA,NA,NA,NA,NA,,,,,,,,,,,,,,,,,,NA,0,0,0,NA,NA,NA,,NA,,MEASURED,NOT_RUN,
2026-09-02T10:56:32Z,primary-a2-w2-measured-5-baseline,MEASURED,BASELINE,2,2,1,NA,388541,68314679,mixed,1,8,17841231,12346,311702907026358,548.180,1268.564,14064115.426,98.434,10024.000,19212.000,27626594.548,1291.598,NA,NA,NA,NA,NA,NA,NA,,,,,,,,,,,,,,,,,,NA,0,0,0,NA,NA,NA,,NA,,MEASURED,NOT_RUN,
2026-09-02T10:56:34Z,primary-a2-w2-measured-5-integrated,MEASURED,INTEGRATED,2,2,0,APP_388544_68314808,388544,68314808,mixed,1,8,17841231,12345,311704199703754,572.099,1242.229,14362268.856,106.471,9960.000,19212.000,28486382.855,1252.615,11.840,192.091,6424.000,156956.000,11.840,6692.000,159924.000,12,12,1,62.192,50.710,100.210,10435.994,24614.722,826.632,822.125,133.665,133.665,2155.623,1820.646,1627.077,900.600,1194.069,1.000,0,0,8,185418.947,23177.368,1012588.157,NA,NA,10,MEASURED,INSUFFICIENT,
2026-09-02T10:56:34Z,primary-a2-w2-measured-5-integrated,MEASURED,INTEGRATED,2,2,1,APP_388545_68314808,388545,68314808,mixed,1,8,17841231,12346,311704200275853,572.099,1235.104,14445119.243,106.469,10088.000,19212.000,28486382.855,1252.615,11.840,192.091,6424.000,156956.000,11.840,6692.000,159924.000,12,12,1,42.776,41.246,81.241,10435.317,24652.263,800.797,798.704,6168.269,6168.269,1438.968,1641.074,1492.752,856.933,1128.356,1.000,0,0,8,185418.947,23177.368,1012588.157,NA,NA,10,MEASURED,INSUFFICIENT,
2026-09-02T10:56:36Z,primary-a2-w2-measured-6-integrated,MEASURED,INTEGRATED,2,2,0,APP_388560_68315016,388560,68315016,mixed,1,8,17841231,12345,311706272541308,1039.313,1486.858,11999283.515,99.475,9960.000,19212.000,23744830.708,1502.747,14.307,191.304,6484.000,156944.000,14.307,7152.000,159920.000,14,14,1,67.444,59.672,113.688,10815.675,31046.508,1054.094,1051.794,104.191,104.191,1856.424,1929.929,1746.455,1140.316,1909.238,1.000,0,0,8,233268.135,29158.517,1014487.072,NA,NA,13,MEASURED,INSUFFICIENT,
2026-09-02T10:56:36Z,primary-a2-w2-measured-6-integrated,MEASURED,INTEGRATED,2,2,1,APP_388561_68315016,388561,68315016,mixed,1,8,17841231,12346,311706273580621,1039.313,1462.455,12199507.352,99.517,9956.000,19212.000,23744830.708,1502.747,14.307,191.304,6484.000,156944.000,14.307,7152.000,159920.000,14,14,1,57.828,57.753,94.106,10815.039,31053.334,974.018,971.770,6004.966,6004.966,1500.203,1912.653,1773.645,1047.370,1807.732,1.000,0,0,8,233268.135,29158.517,1014487.072,NA,NA,13,MEASURED,INSUFFICIENT,
2026-09-02T10:56:38Z,primary-a2-w2-measured-6-baseline,MEASURED,BASELINE,2,2,0,NA,388575,68315223,mixed,1,8,17841231,12345,311708348555590,1015.174,1410.763,12646511.511,99.034,9956.000,19212.000,24481140.381,1457.549,NA,NA,NA,NA,NA,NA,NA,,,,,,,,,,,,,,,,,,NA,0,0,0,NA,NA,NA,,NA,,MEASURED,NOT_RUN,
2026-09-02T10:56:38Z,primary-a2-w2-measured-6-baseline,MEASURED,BASELINE,2,2,1,NA,388576,68315223,mixed,1,8,17841231,12346,311708349570764,1015.174,1440.984,12381282.742,99.673,10024.000,19212.000,24481140.381,1457.549,NA,NA,NA,NA,NA,NA,NA,,,,,,,,,,,,,,,,,,NA,0,0,0,NA,NA,NA,,NA,,MEASURED,NOT_RUN,
2026-09-02T10:56:39Z,primary-a2-w2-measured-7-baseline,MEASURED,BASELINE,2,2,0,NA,388579,68315369,mixed,1,8,17841231,12345,311709807758588,559.294,1311.333,13605417.468,99.127,9960.000,19212.000,26969854.231,1323.050,NA,NA,NA,NA,NA,NA,NA,,,,,,,,,,,,,,,,,,NA,0,0,0,NA,NA,NA,,NA,,MEASURED,NOT_RUN,
2026-09-02T10:56:39Z,primary-a2-w2-measured-7-baseline,MEASURED,BASELINE,2,2,1,NA,388580,68315369,mixed,1,8,17841231,12346,311709808317882,559.294,1288.409,13847494.122,99.147,9960.000,19212.000,26969854.231,1323.050,NA,NA,NA,NA,NA,NA,NA,,,,,,,,,,,,,,,,,,NA,0,0,0,NA,NA,NA,,NA,,MEASURED,NOT_RUN,
2026-09-02T10:56:41Z,primary-a2-w2-measured-7-integrated,MEASURED,INTEGRATED,2,2,0,APP_388585_68315502,388585,68315502,mixed,1,8,17841231,12345,311711132352467,509.570,1323.478,13480565.752,99.614,9960.000,19212.000,26674041.670,1337.722,11.202,190.027,6544.000,156904.000,11.202,6544.000,156904.000,13,12,1,56.467,52.111,77.290,11654.493,23985.242,737.835,735.129,101.311,101.311,1758.190,1791.627,1691.705,806.474,1126.803,1.000,0,0,8,186542.017,23317.752,1027818.824,NA,NA,12,MEASURED,INSUFFICIENT,Error: target PID 388585 is unavailable for one sample.
2026-09-02T10:56:41Z,primary-a2-w2-measured-7-integrated,MEASURED,INTEGRATED,2,2,1,APP_388586_68315502,388586,68315502,mixed,1,8,17841231,12346,311711132862037,509.570,1291.327,13816201.547,98.921,9960.000,19212.000,26674041.670,1337.722,11.202,190.027,6544.000,156904.000,11.202,6544.000,156904.000,12,12,1,50.667,47.953,71.593,10533.736,23775.046,735.177,733.479,5686.110,5686.110,1382.676,1806.663,1612.754,798.077,1127.910,1.000,0,0,8,186542.017,23317.752,1027818.824,NA,NA,11,MEASURED,INSUFFICIENT,Error: target PID 388585 is unavailable for one sample.
2026-09-02T10:56:43Z,primary-a2-w2-measured-8-integrated,MEASURED,INTEGRATED,2,2,0,APP_388598_68315711,388598,68315711,mixed,1,8,17841231,12345,311713230215821,1028.993,1424.531,12524283.667,99.162,9896.000,19212.000,24313058.326,1467.625,13.715,187.756,6468.000,156936.000,13.715,6468.000,157724.000,15,14,1,72.817,65.562,159.588,12806.724,29455.648,1033.561,1030.105,92.659,92.659,2254.292,2590.399,1690.898,1116.929,2281.521,1.000,0,0,8,221642.236,27705.280,1022548.904,NA,NA,12,MEASURED,INSUFFICIENT,"Error: target PID 388598 is unavailable for one sample.
Error: target PID 388599 is unavailable for one sample."
2026-09-02T10:56:43Z,primary-a2-w2-measured-8-integrated,MEASURED,INTEGRATED,2,2,1,APP_388599_68315711,388599,68315711,mixed,1,8,17841231,12346,311713231244814,1028.993,1444.278,12353043.510,99.810,9960.000,19212.000,24313058.326,1467.625,13.715,187.756,6468.000,156936.000,13.715,6468.000,157724.000,15,14,1,97.398,48.660,744.603,12804.249,29449.286,1035.846,1032.070,7000.580,7000.580,1369.016,1730.463,1716.517,1152.019,3635.657,1.000,0,0,8,221642.236,27705.280,1022548.904,NA,NA,12,MEASURED,INSUFFICIENT,"Error: target PID 388598 is unavailable for one sample.
Error: target PID 388599 is unavailable for one sample."
2026-09-02T10:56:45Z,primary-a2-w2-measured-8-baseline,MEASURED,BASELINE,2,2,0,NA,388611,68315920,mixed,1,8,17841231,12345,311715318084363,1038.542,1360.169,13116918.108,100.094,9960.000,19212.000,25637635.491,1391.800,NA,NA,NA,NA,NA,NA,NA,,,,,,,,,,,,,,,,,,NA,0,0,0,NA,NA,NA,,NA,,MEASURED,NOT_RUN,
2026-09-02T10:56:45Z,primary-a2-w2-measured-8-baseline,MEASURED,BASELINE,2,2,1,NA,388612,68315920,mixed,1,8,17841231,12346,311715319122905,1038.542,1371.529,13008275.118,99.347,9896.000,19212.000,25637635.491,1391.800,NA,NA,NA,NA,NA,NA,NA,,,,,,,,,,,,,,,,,,NA,0,0,0,NA,NA,NA,,NA,,MEASURED,NOT_RUN,
2026-09-02T10:56:46Z,primary-a4-w2-warmup-1-baseline,WARMUP,BASELINE,4,2,0,NA,388615,68316059,mixed,1,8,17841231,12345,311716711511868,1441.238,1490.045,11973615.261,99.421,9896.000,19212.000,46249213.080,1543.052,NA,NA,NA,NA,NA,NA,NA,,,,,,,,,,,,,,,,,,NA,0,0,0,NA,NA,NA,,NA,,MEASURED,NOT_RUN,
2026-09-02T10:56:46Z,primary-a4-w2-warmup-1-baseline,WARMUP,BASELINE,4,2,1,NA,388616,68316060,mixed,1,8,17841231,12346,311716712027566,1441.238,1523.541,11710368.041,99.330,9960.000,19212.000,46249213.080,1543.052,NA,NA,NA,NA,NA,NA,NA,,,,,,,,,,,,,,,,,,NA,0,0,0,NA,NA,NA,,NA,,MEASURED,NOT_RUN,
2026-09-02T10:56:46Z,primary-a4-w2-warmup-1-baseline,WARMUP,BASELINE,4,2,2,NA,388617,68316060,mixed,1,8,17841231,12347,311716712495453,1441.238,1472.600,12115466.960,99.422,9960.000,19212.000,46249213.080,1543.052,NA,NA,NA,NA,NA,NA,NA,,,,,,,,,,,,,,,,,,NA,0,0,0,NA,NA,NA,,NA,,MEASURED,NOT_RUN,
2026-09-02T10:56:46Z,primary-a4-w2-warmup-1-baseline,WARMUP,BASELINE,4,2,3,NA,388618,68316060,mixed,1,8,17841231,12348,311716712953106,1441.238,1476.872,12080414.403,98.752,9896.000,19212.000,46249213.080,1543.052,NA,NA,NA,NA,NA,NA,NA,,,,,,,,,,,,,,,,,,NA,0,0,0,NA,NA,NA,,NA,,MEASURED,NOT_RUN,
2026-09-02T12:58:32Z,primary-a4-w2-warmup-1-integrated,WARMUP,INTEGRATED,4,2,0,APP_388623_68316214,388623,68316214,mixed,1,8,17841231,12345,311718257266364,3570.766,8204.380,2174598.285,23.771,9896.000,19212.000,8682010.949,8219.861,5.487,186.970,7492.000,157996.000,5.487,11472.000,313856.000,21,20,3,212.648,97.575,1141.147,350447.618,5885229.627,1222.376,1218.798,147.278,226.150,4832.449,4626.767,3434.315,1444.728,3989.804,3.000,0,0,13,506086.855,38929.758,2277752.403,3520.904,5992.829,18,MEASURED,INSUFFICIENT,"Error: target PID 388626 is unavailable for one sample.
Error: target PID 388624 is unavailable for one sample.
Error: target PID 388623 is unavailable for one sample.
Error: target PID 388625 is unavailable for one sample."
2026-09-02T12:58:32Z,primary-a4-w2-warmup-1-integrated,WARMUP,INTEGRATED,4,2,1,APP_388624_68316214,388624,68316214,mixed,1,8,17841231,12346,311718257862746,3570.766,8153.008,2188300.562,24.883,9896.000,19212.000,8682010.949,8219.861,5.487,186.970,7492.000,157996.000,5.487,11472.000,313856.000,20,19,3,775.722,965.095,2703.611,370789.391,5886013.431,1739.041,1735.641,13619.771,17580.752,4484.468,4724.109,2739.128,2528.360,6285.472,3.000,0,0,13,506086.855,38929.758,2277752.403,3521.116,5989.497,17,MEASURED,INSUFFICIENT,"Error: target PID 388626 is unavailable for one sample.
Error: target PID 388624 is unavailable for one sample.
Error: target PID 388623 is unavailable for one sample.
Error: target PID 388625 is unavailable for one sample."
2026-09-02T12:58:32Z,primary-a4-w2-warmup-1-integrated,WARMUP,INTEGRATED,4,2,2,APP_388625_68316214,388625,68316214,mixed,1,8,17841231,12347,311718260155962,3570.766,8187.996,2178949.731,24.015,9896.000,19212.000,8682010.949,8219.861,5.487,186.970,7492.000,157996.000,5.487,11472.000,313856.000,21,20,3,1333.235,1136.260,2652.762,350495.001,5886050.698,1182.306,1180.185,26215.280,27820.642,2908.955,2902.921,2576.808,2529.730,6257.257,3.000,0,0,13,506086.855,38929.758,2277752.403,3521.114,5991.535,18,MEASURED,INSUFFICIENT,"Error: target PID 388626 is unavailable for one sample.
Error: target PID 388624 is unavailable for one sample.
Error: target PID 388623 is unavailable for one sample.
Error: target PID 388625 is unavailable for one sample."
2026-09-02T12:58:32Z,primary-a4-w2-warmup-1-integrated,WARMUP,INTEGRATED,4,2,3,APP_388626_68316214,388626,68316214,mixed,1,8,17841231,12348,311718260837130,3570.766,7987.688,2233591.377,25.608,9960.000,19212.000,8682010.949,8219.861,5.487,186.970,7492.000,157996.000,5.487,11472.000,313856.000,19,18,2,2224.571,2018.955,3943.130,390400.012,5886051.484,2055.582,2052.543,35069.203,38049.233,3244.062,3305.800,3278.790,4294.148,11435.974,3.000,0,0,13,506086.855,38929.758,2277752.403,5995.515,5995.515,16,MEASURED,INSUFFICIENT,"Error: target PID 388626 is unavailable for one sample.
Error: target PID 388624 is unavailable for one sample.
Error: target PID 388623 is unavailable for one sample.
Error: target PID 388625 is unavailable for one sample."
2026-09-02T12:58:35Z,primary-a4-w2-warmup-2-integrated,WARMUP,INTEGRATED,4,2,0,APP_388848_69046763,388848,69046763,mixed,1,8,17841231,12345,311727436705620,1563.541,1893.365,9423028.869,99.322,9960.000,19212.000,28878365.314,2471.225,15.549,260.674,6812.000,157164.000,15.549,12352.000,314328.000,18,17,1,150.730,94.920,789.263,16770.944,48400.549,1226.074,1223.486,134.473,134.473,2608.225,5175.218,2715.207,1538.115,5623.032,3.000,0,0,12,381971.317,31830.943,1050209.451,NA,NA,15,MEASURED,INSUFFICIENT,"Error: target PID 388848 is unavailable for one sample.
Error: target PID 388850 is unavailable for one sample.
Error: target PID 388851 is unavailable for one sample."
2026-09-02T12:58:35Z,primary-a4-w2-warmup-2-integrated,WARMUP,INTEGRATED,4,2,1,APP_388849_69046763,388849,69046763,mixed,1,8,17841231,12346,311727437285575,1563.541,2302.087,7750025.732,98.180,9892.000,19212.000,28878365.314,2471.225,15.549,260.674,6812.000,157164.000,15.549,12352.000,314328.000,21,21,2,550.813,110.567,2952.922,17407.267,50534.323,1288.456,1285.322,5605.057,11109.118,2475.673,3155.392,5817.382,1854.345,4234.872,3.000,0,0,12,381971.317,31830.943,1050209.451,1055.533,1055.533,18,MEASURED,INSUFFICIENT,"Error: target PID 388848 is unavailable for one sample.
Error: target PID 388850 is unavailable for one sample.
Error: target PID 388851 is unavailable for one sample."
2026-09-02T12:58:35Z,primary-a4-w2-warmup-2-integrated,WARMUP,INTEGRATED,4,2,2,APP_388850_69046763,388850,69046763,mixed,1,8,17841231,12347,311727437762330,1563.541,2232.845,7990357.969,97.443,9960.000,19212.000,28878365.314,2471.225,15.549,260.674,6812.000,157164.000,15.549,12352.000,314328.000,21,20,2,1140.084,1125.775,2153.058,17411.130,50544.211,1815.086,1812.860,17539.029,23372.529,2450.932,3026.851,4045.596,2969.548,7150.758,3.000,0,0,12,381971.317,31830.943,1050209.451,1058.501,1058.501,18,MEASURED,INSUFFICIENT,"Error: target PID 388848 is unavailable for one sample.
Error: target PID 388850 is unavailable for one sample.
Error: target PID 388851 is unavailable for one sample."
2026-09-02T12:58:35Z,primary-a4-w2-warmup-2-integrated,WARMUP,INTEGRATED,4,2,3,APP_388851_69046763,388851,69046763,mixed,1,8,17841231,12348,311727438269161,1563.541,2456.997,7261398.279,98.499,9960.000,19212.000,28878365.314,2471.225,15.549,260.674,6812.000,157164.000,15.549,12352.000,314328.000,23,22,2,1839.296,1485.844,6077.418,18254.494,50546.005,868.423,865.746,27530.524,31861.750,2593.099,3497.731,3967.483,2719.593,7054.933,3.000,0,0,12,381971.317,31830.943,1050209.451,1060.957,1060.957,19,MEASURED,INSUFFICIENT,"Error: target PID 388848 is unavailable for one sample.
Error: target PID 388850 is unavailable for one sample.
Error: target PID 388851 is unavailable for one sample."
2026-09-02T12:58:37Z,primary-a4-w2-warmup-2-baseline,WARMUP,BASELINE,4,2,0,NA,388983,69047091,mixed,1,8,17841231,12345,311730715493287,6801.875,2292.623,7782016.153,95.820,9960.000,19212.000,30814819.180,2315.929,NA,NA,NA,NA,NA,NA,NA,,,,,,,,,,,,,,,,,,NA,0,0,0,NA,NA,NA,,NA,,MEASURED,NOT_RUN,
2026-09-02T12:58:37Z,primary-a4-w2-warmup-2-baseline,WARMUP,BASELINE,4,2,1,NA,388984,69047091,mixed,1,8,17841231,12346,311730717457791,6801.875,2006.958,8889689.887,97.395,9960.000,19212.000,30814819.180,2315.929,NA,NA,NA,NA,NA,NA,NA,,,,,,,,,,,,,,,,,,NA,0,0,0,NA,NA,NA,,NA,,MEASURED,NOT_RUN,
2026-09-02T12:58:37Z,primary-a4-w2-warmup-2-baseline,WARMUP,BASELINE,4,2,2,NA,388985,69047091,mixed,1,8,17841231,12347,311730718578658,6801.875,2126.974,8388080.356,98.654,9960.000,19212.000,30814819.180,2315.929,NA,NA,NA,NA,NA,NA,NA,,,,,,,,,,,,,,,,,,NA,0,0,0,NA,NA,NA,,NA,,MEASURED,NOT_RUN,
2026-09-02T12:58:37Z,primary-a4-w2-warmup-2-baseline,WARMUP,BASELINE,4,2,3,NA,388986,69047092,mixed,1,8,17841231,12348,311730722295162,6801.875,2152.016,8290474.903,95.844,9896.000,19212.000,30814819.180,2315.929,NA,NA,NA,NA,NA,NA,NA,,,,,,,,,,,,,,,,,,NA,0,0,0,NA,NA,NA,,NA,,MEASURED,NOT_RUN,
2026-09-02T12:58:39Z,primary-a4-w2-warmup-3-baseline,WARMUP,BASELINE,4,2,0,NA,389015,69047323,mixed,1,8,17841231,12345,311733035510867,2021.185,1616.935,11033983.248,99.385,9960.000,19212.000,39382491.304,1812.098,NA,NA,NA,NA,NA,NA,NA,,,,,,,,,,,,,,,,,,NA,0,0,0,NA,NA,NA,,NA,,MEASURED,NOT_RUN,
2026-09-02T12:58:39Z,primary-a4-w2-warmup-3-baseline,WARMUP,BASELINE,4,2,1,NA,389016,69047323,mixed,1,8,17841231,12346,311733036100011,2021.185,1763.432,10117331.868,99.034,9960.000,19212.000,39382491.304,1812.098,NA,NA,NA,NA,NA,NA,NA,,,,,,,,,,,,,,,,,,NA,0,0,0,NA,NA,NA,,NA,,MEASURED,NOT_RUN,
2026-09-02T12:58:39Z,primary-a4-w2-warmup-3-baseline,WARMUP,BASELINE,4,2,2,NA,389017,69047323,mixed,1,8,17841231,12347,311733036829459,2021.185,1792.344,9954132.552,99.537,9960.000,19212.000,39382491.304,1812.098,NA,NA,NA,NA,NA,NA,NA,,,,,,,,,,,,,,,,,,NA,0,0,0,NA,NA,NA,,NA,,MEASURED,NOT_RUN,
2026-09-02T12:58:39Z,primary-a4-w2-warmup-3-baseline,WARMUP,BASELINE,4,2,3,NA,389018,69047323,mixed,1,8,17841231,12348,311733037532052,2021.185,1613.724,11055939.418,98.740,9960.000,19212.000,39382491.304,1812.098,NA,NA,NA,NA,NA,NA,NA,,,,,,,,,,,,,,,,,,NA,0,0,0,NA,NA,NA,,NA,,MEASURED,NOT_RUN,
2026-09-02T12:58:41Z,primary-a4-w2-warmup-3-integrated,WARMUP,INTEGRATED,4,2,0,APP_389029_69047505,389029,69047505,mixed,1,8,17841231,12345,311734851321054,2231.014,1832.521,9735891.988,98.889,9892.000,19212.000,38437285.672,1856.659,16.724,186.301,6500.000,157012.000,16.724,7836.000,159996.000,17,17,1,398.950,86.366,2857.478,15680.452,39626.908,1087.337,1083.837,118.160,118.160,2248.832,2603.583,2367.279,1502.383,3744.068,3.000,0,0,8,239509.901,29938.738,1020021.836,NA,NA,14,MEASURED,INSUFFICIENT,"Error: target PID 389031 is unavailable for one sample.
Error: target PID 389030 is unavailable for one sample."
2026-09-02T12:58:41Z,primary-a4-w2-warmup-3-integrated,WARMUP,INTEGRATED,4,2,1,APP_389030_69047505,389030,69047505,mixed,1,8,17841231,12346,311734852053903,2231.014,1778.615,10030967.711,99.564,9896.000,19212.000,38437285.672,1856.659,16.724,186.301,6500.000,157012.000,16.724,7836.000,159996.000,17,16,1,798.729,548.960,2257.134,15677.131,39628.912,972.802,969.631,7808.522,7808.522,2002.649,2630.712,3261.338,1787.380,3538.658,3.000,0,0,8,239509.901,29938.738,1020021.836,NA,NA,14,MEASURED,INSUFFICIENT,"Error: target PID 389031 is unavailable for one sample.
Error: target PID 389030 is unavailable for one sample."
2026-09-02T12:58:41Z,primary-a4-w2-warmup-3-integrated,WARMUP,INTEGRATED,4,2,2,APP_389031_69047505,389031,69047505,mixed,1,8,17841231,12347,311734852738268,2231.014,1749.090,10200291.680,99.112,10084.000,19212.000,38437285.672,1856.659,16.724,186.301,6500.000,157012.000,16.724,7836.000,159996.000,17,16,1,1199.747,1029.695,3480.392,15676.928,39645.628,854.637,852.138,16128.358,16128.358,2238.054,3936.368,2768.122,2070.340,5325.961,3.000,0,0,8,239509.901,29938.738,1020021.836,NA,NA,14,MEASURED,INSUFFICIENT,"Error: target PID 389031 is unavailable for one sample.
Error: target PID 389030 is unavailable for one sample."
2026-09-02T12:58:41Z,primary-a4-w2-warmup-3-integrated,WARMUP,INTEGRATED,4,2,3,APP_389032_69047505,389032,69047505,mixed,1,8,17841231,12348,311734853552068,2231.014,1834.587,9724929.380,99.447,9960.000,19212.000,38437285.672,1856.659,16.724,186.301,6500.000,157012.000,16.724,7836.000,159996.000,17,17,1,1527.123,1296.334,3498.485,15676.845,39648.331,1315.861,1312.281,25540.798,25540.798,2158.093,3003.955,2422.008,2857.648,8370.426,3.000,0,0,8,239509.901,29938.738,1020021.836,NA,NA,14,MEASURED,INSUFFICIENT,"Error: target PID 389031 is unavailable for one sample.
Error: target PID 389030 is unavailable for one sample."
2026-09-02T12:58:44Z,primary-a4-w2-measured-4-integrated,MEASURED,INTEGRATED,4,2,0,APP_389056_69047717,389056,69047717,mixed,1,8,17841231,12345,311736979676368,2662.822,1848.226,9653166.620,99.376,9960.000,19212.000,38187703.488,1868.793,16.630,186.207,6596.000,157008.000,16.630,9940.000,312040.000,18,18,1,240.657,86.646,2753.991,11921.946,40510.108,1260.955,1258.438,118.871,118.871,2255.560,2709.177,2418.197,1516.440,3593.120,3.000,0,0,8,231975.896,28996.987,1024199.592,NA,NA,14,MEASURED,INSUFFICIENT,"Error: target PID 389058 is unavailable for one sample.
Error: target PID 389057 is unavailable for one sample."
2026-09-02T12:58:44Z,primary-a4-w2-measured-4-integrated,MEASURED,INTEGRATED,4,2,1,APP_389057_69047718,389057,69047718,mixed,1,8,17841231,12346,311736980606423,2662.822,1705.532,10460802.768,99.195,9892.000,19212.000,38187703.488,1868.793,16.630,186.207,6596.000,157008.000,16.630,9940.000,312040.000,18,17,1,396.116,75.561,4103.053,11918.963,40501.779,1010.524,1008.056,7971.843,7971.843,2023.152,2697.162,2505.887,1420.282,5412.252,3.000,0,0,8,231975.896,28996.987,1024199.592,NA,NA,14,MEASURED,INSUFFICIENT,"Error: target PID 389058 is unavailable for one sample.
Error: target PID 389057 is unavailable for one sample."
2026-09-02T12:58:44Z,primary-a4-w2-measured-4-integrated,MEASURED,INTEGRATED,4,2,2,APP_389058_69047718,389058,69047718,mixed,1,8,17841231,12347,311736981526694,2662.822,1679.245,10624553.185,99.903,9896.000,19212.000,38187703.488,1868.793,16.630,186.207,6596.000,157008.000,16.630,9940.000,312040.000,17,16,1,1216.930,1049.654,2071.600,12325.159,40522.926,897.522,893.383,15645.404,15645.404,2131.099,2683.666,3295.794,2128.004,3564.211,3.000,0,0,8,231975.896,28996.987,1024199.592,NA,NA,13,MEASURED,INSUFFICIENT,"Error: target PID 389058 is unavailable for one sample.
Error: target PID 389057 is unavailable for one sample."
2026-09-02T12:58:44Z,primary-a4-w2-measured-4-integrated,MEASURED,INTEGRATED,4,2,3,APP_389059_69047718,389059,69047718,mixed,1,8,17841231,12348,311736982339190,2662.822,1813.789,9836445.093,100.003,9960.000,19212.000,38187703.488,1868.793,16.630,186.207,6596.000,157008.000,16.630,9940.000,312040.000,18,18,1,1478.551,1125.863,3056.935,11921.480,40522.755,1017.708,1015.062,24207.383,24207.383,2104.826,2622.417,2379.971,2510.094,5880.151,3.000,0,0,8,231975.896,28996.987,1024199.592,NA,NA,14,MEASURED,INSUFFICIENT,"Error: target PID 389058 is unavailable for one sample.
Error: target PID 389057 is unavailable for one sample."
2026-09-02T12:58:45Z,primary-a4-w2-measured-4-baseline,MEASURED,BASELINE,4,2,0,NA,389079,69047932,mixed,1,8,17841231,12345,311739120815798,2739.136,1628.969,10952468.122,98.976,10152.000,19212.000,42388868.463,1683.577,NA,NA,NA,NA,NA,NA,NA,,,,,,,,,,,,,,,,,,NA,0,0,0,NA,NA,NA,,NA,,MEASURED,NOT_RUN,
2026-09-02T12:58:45Z,primary-a4-w2-measured-4-baseline,MEASURED,BASELINE,4,2,1,NA,389080,69047932,mixed,1,8,17841231,12346,311739121705088,2739.136,1619.956,11013402.068,99.589,9896.000,19212.000,42388868.463,1683.577,NA,NA,NA,NA,NA,NA,NA,,,,,,,,,,,,,,,,,,NA,0,0,0,NA,NA,NA,,NA,,MEASURED,NOT_RUN,
2026-09-02T12:58:45Z,primary-a4-w2-measured-4-baseline,MEASURED,BASELINE,4,2,2,NA,389081,69047932,mixed,1,8,17841231,12347,311739122521621,2739.136,1668.279,10694395.460,99.485,9896.000,19212.000,42388868.463,1683.577,NA,NA,NA,NA,NA,NA,NA,,,,,,,,,,,,,,,,,,NA,0,0,0,NA,NA,NA,,NA,,MEASURED,NOT_RUN,
2026-09-02T12:58:45Z,primary-a4-w2-measured-4-baseline,MEASURED,BASELINE,4,2,3,NA,389082,69047932,mixed,1,8,17841231,12348,311739123554934,2739.136,1660.069,10747285.636,98.893,9896.000,19212.000,42388868.463,1683.577,NA,NA,NA,NA,NA,NA,NA,,,,,,,,,,,,,,,,,,NA,0,0,0,NA,NA,NA,,NA,,MEASURED,NOT_RUN,
2026-09-02T12:58:47Z,primary-a4-w2-measured-5-baseline,MEASURED,BASELINE,4,2,0,NA,389087,69048101,mixed,1,8,17841231,12345,311740817617709,1682.060,1588.915,11228564.908,99.489,9876.000,19212.000,44282700.273,1611.576,NA,NA,NA,NA,NA,NA,NA,,,,,,,,,,,,,,,,,,NA,0,0,0,NA,NA,NA,,NA,,MEASURED,NOT_RUN,
2026-09-02T12:58:47Z,primary-a4-w2-measured-5-baseline,MEASURED,BASELINE,4,2,1,NA,389088,69048101,mixed,1,8,17841231,12346,311740818244499,1682.060,1601.147,11142780.753,99.464,9960.000,19212.000,44282700.273,1611.576,NA,NA,NA,NA,NA,NA,NA,,,,,,,,,,,,,,,,,,NA,0,0,0,NA,NA,NA,,NA,,MEASURED,NOT_RUN,
2026-09-02T12:58:47Z,primary-a4-w2-measured-5-baseline,MEASURED,BASELINE,4,2,2,NA,389089,69048101,mixed,1,8,17841231,12347,311740818790823,1682.060,1549.362,11515208.866,99.597,9896.000,19212.000,44282700.273,1611.576,NA,NA,NA,NA,NA,NA,NA,,,,,,,,,,,,,,,,,,NA,0,0,0,NA,NA,NA,,NA,,MEASURED,NOT_RUN,
2026-09-02T12:58:47Z,primary-a4-w2-measured-5-baseline,MEASURED,BASELINE,4,2,3,NA,389090,69048101,mixed,1,8,17841231,12348,311740819299769,1682.060,1562.972,11414940.090,98.259,9960.000,19212.000,44282700.273,1611.576,NA,NA,NA,NA,NA,NA,NA,,,,,,,,,,,,,,,,,,NA,0,0,0,NA,NA,NA,,NA,,MEASURED,NOT_RUN,
2026-09-02T12:58:49Z,primary-a4-w2-measured-5-integrated,MEASURED,INTEGRATED,4,2,0,APP_389096_69048263,389096,69048263,mixed,1,8,17841231,12345,311742432835872,1666.086,1687.614,10571864.245,99.459,10024.000,19212.000,40876476.724,1745.868,15.653,186.412,6480.000,157008.000,15.653,7892.000,159992.000,17,16,1,107.944,87.700,446.149,13098.603,42372.251,1144.829,1142.277,137.279,137.279,2441.715,2911.854,2466.074,1266.946,3316.977,3.000,0,0,8,236697.079,29587.135,1025193.655,NA,NA,13,MEASURED,INSUFFICIENT,"Error: target PID 389097 is unavailable for one sample.
Error: target PID 389096 is unavailable for one sample.
Error: target PID 389098 is unavailable for one sample.
Error: target PID 389099 is unavailable for one sample."
2026-09-02T12:58:49Z,primary-a4-w2-measured-5-integrated,MEASURED,INTEGRATED,4,2,1,APP_389097_69048263,389097,69048263,mixed,1,8,17841231,12346,311742433416820,1666.086,1671.049,10676662.495,99.497,9896.000,19212.000,40876476.724,1745.868,15.653,186.412,6480.000,157008.000,15.653,7892.000,159992.000,17,16,1,180.435,65.195,1038.593,13098.934,42353.275,918.389,916.179,8442.065,8442.065,2046.849,3987.205,2589.338,1114.810,1922.560,3.000,0,0,8,236697.079,29587.135,1025193.655,NA,NA,13,MEASURED,INSUFFICIENT,"Error: target PID 389097 is unavailable for one sample.
Error: target PID 389096 is unavailable for one sample.
Error: target PID 389098 is unavailable for one sample.
Error: target PID 389099 is unavailable for one sample."
2026-09-02T12:58:49Z,primary-a4-w2-measured-5-integrated,MEASURED,INTEGRATED,4,2,2,APP_389098_69048263,389098,69048263,mixed,1,8,17841231,12347,311742433955314,1666.086,1655.986,10773778.704,98.939,9960.000,19212.000,40876476.724,1745.868,15.653,186.412,6480.000,157008.000,15.653,7892.000,159992.000,17,16,1,1060.226,1048.694,1816.241,13105.836,42361.212,1092.944,1090.081,17511.934,17511.934,2082.232,2663.214,2376.198,2165.099,5766.139,3.000,0,0,8,236697.079,29587.135,1025193.655,NA,NA,13,MEASURED,INSUFFICIENT,"Error: target PID 389097 is unavailable for one sample.
Error: target PID 389096 is unavailable for one sample.
Error: target PID 389098 is unavailable for one sample.
Error: target PID 389099 is unavailable for one sample."
2026-09-02T12:58:49Z,primary-a4-w2-measured-5-integrated,MEASURED,INTEGRATED,4,2,3,APP_389099_69048263,389099,69048263,mixed,1,8,17841231,12348,311742434501958,1666.086,1730.811,10308017.295,99.347,9960.000,19212.000,40876476.724,1745.868,15.653,186.412,6480.000,157008.000,15.653,7892.000,159992.000,18,17,1,1219.954,1124.790,2695.841,12576.618,42361.384,840.805,838.611,25074.483,25074.483,2044.602,2605.371,2424.886,2072.117,3559.687,3.000,0,0,8,236697.079,29587.135,1025193.655,NA,NA,14,MEASURED,INSUFFICIENT,"Error: target PID 389097 is unavailable for one sample.
Error: target PID 389096 is unavailable for one sample.
Error: target PID 389098 is unavailable for one sample.
Error: target PID 389099 is unavailable for one sample."
2026-09-02T12:58:51Z,primary-a4-w2-measured-6-integrated,MEASURED,INTEGRATED,4,2,0,APP_389119_69048478,389119,69048478,mixed,1,8,17841231,12345,311744580437225,2499.731,1625.301,10977182.968,99.695,9960.000,19212.000,40078212.379,1780.641,17.485,186.937,6676.000,157008.000,17.485,9892.000,312040.000,15,15,1,452.601,92.307,2755.883,11158.665,40336.027,1115.646,1105.002,100.712,100.712,2370.827,2671.909,2428.628,1582.162,3591.051,3.000,0,0,8,266189.798,33273.725,1029882.751,NA,NA,12,MEASURED,INSUFFICIENT,"Error: target PID 389120 is unavailable for one sample.
Error: target PID 389121 is unavailable for one sample.
Error: target PID 389122 is unavailable for one sample."
2026-09-02T12:58:51Z,primary-a4-w2-measured-6-integrated,MEASURED,INTEGRATED,4,2,1,APP_389120_69048478,389120,69048478,mixed,1,8,17841231,12346,311744581508371,2499.731,1700.224,10493458.128,99.401,9956.000,19212.000,40078212.379,1780.641,17.485,186.937,6676.000,157008.000,17.485,9892.000,312040.000,17,16,1,120.349,66.787,791.547,13082.704,40331.147,996.314,992.646,8020.808,8020.808,2026.348,2643.751,2414.379,1130.742,1728.255,3.000,0,0,8,266189.798,33273.725,1029882.751,NA,NA,13,MEASURED,INSUFFICIENT,"Error: target PID 389120 is unavailable for one sample.
Error: target PID 389121 is unavailable for one sample.
Error: target PID 389122 is unavailable for one sample."
2026-09-02T12:58:51Z,primary-a4-w2-measured-6-integrated,MEASURED,INTEGRATED,4,2,2,APP_389121_69048478,389121,69048478,mixed,1,8,17841231,12347,311744582230065,2499.731,1649.849,10813859.264,99.515,9956.000,19212.000,40078212.379,1780.641,17.485,186.937,6676.000,157008.000,17.485,9892.000,312040.000,17,16,1,997.456,1083.556,1422.442,13084.258,40315.788,931.283,927.152,15558.854,15558.854,2099.745,2714.490,2553.651,1942.661,3584.177,3.000,0,0,8,266189.798,33273.725,1029882.751,NA,NA,13,MEASURED,INSUFFICIENT,"Error: target PID 389120 is unavailable for one sample.
Error: target PID 389121 is unavailable for one sample.
Error: target PID 389122 is unavailable for one sample."
2026-09-02T12:58:51Z,primary-a4-w2-measured-6-integrated,MEASURED,INTEGRATED,4,2,3,APP_389122_69048478,389122,69048478,mixed,1,8,17841231,12348,311744582936956,2499.731,1761.056,10130982.355,99.226,9960.000,19212.000,40078212.379,1780.641,17.485,186.937,6676.000,157008.000,17.485,9892.000,312040.000,18,17,1,1207.390,1192.520,1915.197,12540.006,40316.005,800.138,796.419,23365.581,23365.581,2190.703,2868.554,2496.533,2021.752,2949.771,3.000,0,0,8,266189.798,33273.725,1029882.751,NA,NA,14,MEASURED,INSUFFICIENT,"Error: target PID 389120 is unavailable for one sample.
Error: target PID 389121 is unavailable for one sample.
Error: target PID 389122 is unavailable for one sample."
2026-09-02T12:58:53Z,primary-a4-w2-measured-6-baseline,MEASURED,BASELINE,4,2,0,NA,389146,69048695,mixed,1,8,17841231,12345,311746753940066,3461.210,1591.967,11207035.354,99.542,9960.000,19212.000,38040072.161,1876.046,NA,NA,NA,NA,NA,NA,NA,,,,,,,,,,,,,,,,,,NA,0,0,0,NA,NA,NA,,NA,,MEASURED,NOT_RUN,
2026-09-02T12:58:53Z,primary-a4-w2-measured-6-baseline,MEASURED,BASELINE,4,2,1,NA,389147,69048695,mixed,1,8,17841231,12346,311746755127337,3461.210,1650.493,10809640.477,99.373,10024.000,19212.000,38040072.161,1876.046,NA,NA,NA,NA,NA,NA,NA,,,,,,,,,,,,,,,,,,NA,0,0,0,NA,NA,NA,,NA,,MEASURED,NOT_RUN,
2026-09-02T12:58:53Z,primary-a4-w2-measured-6-baseline,MEASURED,BASELINE,4,2,2,NA,389148,69048695,mixed,1,8,17841231,12347,311746756222020,3461.210,1854.118,9622488.288,99.475,9956.000,19212.000,38040072.161,1876.046,NA,NA,NA,NA,NA,NA,NA,,,,,,,,,,,,,,,,,,NA,0,0,0,NA,NA,NA,,NA,,MEASURED,NOT_RUN,
2026-09-02T12:58:53Z,primary-a4-w2-measured-6-baseline,MEASURED,BASELINE,4,2,3,NA,389149,69048695,mixed,1,8,17841231,12348,311746757401276,3461.210,1835.926,9717835.485,99.479,9960.000,19212.000,38040072.161,1876.046,NA,NA,NA,NA,NA,NA,NA,,,,,,,,,,,,,,,,,,NA,0,0,0,NA,NA,NA,,NA,,MEASURED,NOT_RUN,
2026-09-02T12:58:55Z,primary-a4-w2-measured-7-baseline,MEASURED,BASELINE,4,2,0,NA,389154,69048883,mixed,1,8,17841231,12345,311748633565082,1929.007,1807.162,9872512.367,98.458,9896.000,19212.000,39182909.240,1821.328,NA,NA,NA,NA,NA,NA,NA,,,,,,,,,,,,,,,,,,NA,0,0,0,NA,NA,NA,,NA,,MEASURED,NOT_RUN,
2026-09-02T12:58:55Z,primary-a4-w2-measured-7-baseline,MEASURED,BASELINE,4,2,1,NA,389155,69048883,mixed,1,8,17841231,12346,311748634229767,1929.007,1758.644,10144879.825,99.115,10024.000,19212.000,39182909.240,1821.328,NA,NA,NA,NA,NA,NA,NA,,,,,,,,,,,,,,,,,,NA,0,0,0,NA,NA,NA,,NA,,MEASURED,NOT_RUN,
2026-09-02T12:58:55Z,primary-a4-w2-measured-7-baseline,MEASURED,BASELINE,4,2,2,NA,389156,69048883,mixed,1,8,17841231,12347,311748634844777,1929.007,1735.997,10277224.800,99.188,9896.000,19212.000,39182909.240,1821.328,NA,NA,NA,NA,NA,NA,NA,,,,,,,,,,,,,,,,,,NA,0,0,0,NA,NA,NA,,NA,,MEASURED,NOT_RUN,
2026-09-02T12:58:55Z,primary-a4-w2-measured-7-baseline,MEASURED,BASELINE,4,2,3,NA,389157,69048883,mixed,1,8,17841231,12348,311748635494089,1929.007,1791.627,9958115.189,97.907,9960.000,19212.000,39182909.240,1821.328,NA,NA,NA,NA,NA,NA,NA,,,,,,,,,,,,,,,,,,NA,0,0,0,NA,NA,NA,,NA,,MEASURED,NOT_RUN,
2026-09-02T12:58:57Z,primary-a4-w2-measured-7-integrated,MEASURED,INTEGRATED,4,2,0,APP_389162_69049065,389162,69049065,mixed,1,8,17841231,12345,311750459574687,1830.596,1701.664,10484581.005,99.218,9960.000,19212.000,40533301.380,1760.649,15.543,187.922,6568.000,157000.000,15.543,7336.000,159856.000,17,16,1,329.028,91.793,2620.219,13341.789,46512.145,1147.832,1145.563,123.810,123.810,2617.065,2684.592,2599.276,1494.148,3654.410,3.000,0,0,8,232578.754,29072.344,1029335.488,NA,NA,14,MEASURED,INSUFFICIENT,"Error: target PID 389162 is unavailable for one sample.
Error: target PID 389163 is unavailable for one sample.
Error: target PID 389164 is unavailable for one sample.
Error: target PID 389165 is unavailable for one sample."
2026-09-02T12:58:57Z,primary-a4-w2-measured-7-integrated,MEASURED,INTEGRATED,4,2,1,APP_389163_69049066,389163,69049066,mixed,1,8,17841231,12346,311750460260525,1830.596,1732.902,10295580.459,99.699,9892.000,19212.000,40533301.380,1760.649,15.543,187.922,6568.000,157000.000,15.543,7336.000,159856.000,17,16,1,300.749,77.524,1683.689,13340.144,46512.689,1053.796,1051.098,8482.258,8482.258,3809.127,3125.876,2482.058,1370.699,3352.766,3.000,0,0,8,232578.754,29072.344,1029335.488,NA,NA,14,MEASURED,INSUFFICIENT,"Error: target PID 389162 is unavailable for one sample.
Error: target PID 389163 is unavailable for one sample.
Error: target PID 389164 is unavailable for one sample.
Error: target PID 389165 is unavailable for one sample."
2026-09-02T12:58:57Z,primary-a4-w2-measured-7-integrated,MEASURED,INTEGRATED,4,2,2,APP_389164_69049066,389164,69049066,mixed,1,8,17841231,12347,311750460784514,1830.596,1749.550,10197611.123,99.664,9960.000,19212.000,40533301.380,1760.649,15.543,187.922,6568.000,157000.000,15.543,7336.000,159856.000,17,16,1,1010.038,1030.678,1749.282,13340.437,46563.861,929.052,926.958,18391.544,18391.544,2090.470,3101.980,2609.907,1953.075,3917.705,3.000,0,0,8,232578.754,29072.344,1029335.488,NA,NA,14,MEASURED,INSUFFICIENT,"Error: target PID 389162 is unavailable for one sample.
Error: target PID 389163 is unavailable for one sample.
Error: target PID 389164 is unavailable for one sample.
Error: target PID 389165 is unavailable for one sample."
2026-09-02T12:58:57Z,primary-a4-w2-measured-7-integrated,MEASURED,INTEGRATED,4,2,3,APP_389165_69049066,389165,69049066,mixed,1,8,17841231,12348,311750461405283,1830.596,1676.081,10644611.804,98.666,9896.000,19212.000,40533301.380,1760.649,15.543,187.922,6568.000,157000.000,15.543,7336.000,159856.000,17,16,1,1445.012,1511.537,2567.238,13340.635,46564.207,783.710,781.620,26642.035,26642.035,4555.018,2802.462,2477.277,2239.090,3278.411,3.000,0,0,8,232578.754,29072.344,1029335.488,NA,NA,14,MEASURED,INSUFFICIENT,"Error: target PID 389162 is unavailable for one sample.
Error: target PID 389163 is unavailable for one sample.
Error: target PID 389164 is unavailable for one sample.
Error: target PID 389165 is unavailable for one sample."
2026-09-02T12:58:59Z,primary-a4-w2-measured-8-integrated,MEASURED,INTEGRATED,4,2,0,APP_389185_69049282,389185,69049282,mixed,1,8,17841231,12345,311752627454531,4163.460,1762.866,10120584.549,100.244,9896.000,19212.000,39962401.626,1785.802,18.546,186.471,6656.000,157000.000,18.546,8112.000,159976.000,17,16,1,100.712,81.972,207.900,16272.892,37105.356,969.302,957.903,136.200,136.200,2430.270,2659.657,2339.693,1086.054,2036.271,2.000,0,0,8,277859.709,34732.464,1023166.535,NA,NA,14,MEASURED,INSUFFICIENT,"Error: target PID 389188 is unavailable for one sample.
Error: target PID 389186 is unavailable for one sample.
Error: target PID 389185 is unavailable for one sample.
Error: target PID 389187 is unavailable for one sample."
2026-09-02T12:58:59Z,primary-a4-w2-measured-8-integrated,MEASURED,INTEGRATED,4,2,1,APP_389186_69049282,389186,69049282,mixed,1,8,17841231,12346,311752628704069,4163.460,1761.072,10130893.228,99.687,9896.000,19212.000,39962401.626,1785.802,18.546,186.471,6656.000,157000.000,18.546,8112.000,159976.000,17,16,1,902.674,92.495,3091.935,16274.944,37097.399,1114.696,1111.772,8049.954,8049.954,2018.714,2613.797,2410.491,2031.937,4663.141,2.000,0,0,8,277859.709,34732.464,1023166.535,NA,NA,14,MEASURED,INSUFFICIENT,"Error: target PID 389188 is unavailable for one sample.
Error: target PID 389186 is unavailable for one sample.
Error: target PID 389185 is unavailable for one sample.
Error: target PID 389187 is unavailable for one sample."
2026-09-02T12:58:59Z,primary-a4-w2-measured-8-integrated,MEASURED,INTEGRATED,4,2,2,APP_389187_69049283,389187,69049283,mixed,1,8,17841231,12347,311752630553045,4163.460,1721.057,10366436.816,99.793,9960.000,19212.000,39962401.626,1785.802,18.546,186.471,6656.000,157000.000,18.546,8112.000,159976.000,17,16,1,1061.140,994.580,1958.603,16278.737,37090.490,1248.807,1243.874,15541.912,15541.912,2092.410,2646.401,2315.997,2334.775,6567.326,2.000,0,0,8,277859.709,34732.464,1023166.535,NA,NA,14,MEASURED,INSUFFICIENT,"Error: target PID 389188 is unavailable for one sample.
Error: target PID 389186 is unavailable for one sample.
Error: target PID 389185 is unavailable for one sample.
Error: target PID 389187 is unavailable for one sample."
2026-09-02T12:58:59Z,primary-a4-w2-measured-8-integrated,MEASURED,INTEGRATED,4,2,3,APP_389188_69049283,389188,69049283,mixed,1,8,17841231,12348,311752631617991,4163.460,1691.968,10544659.674,99.288,9960.000,19212.000,39962401.626,1785.802,18.546,186.471,6656.000,157000.000,18.546,8112.000,159976.000,16,15,1,1676.458,1433.965,4625.766,17086.622,37090.517,923.990,921.608,23036.669,23036.669,2006.567,2598.891,2549.340,2611.518,6745.559,2.000,0,0,8,277859.709,34732.464,1023166.535,NA,NA,13,MEASURED,INSUFFICIENT,"Error: target PID 389188 is unavailable for one sample.
Error: target PID 389186 is unavailable for one sample.
Error: target PID 389185 is unavailable for one sample.
Error: target PID 389187 is unavailable for one sample."
2026-09-02T12:59:01Z,primary-a4-w2-measured-8-baseline,MEASURED,BASELINE,4,2,0,NA,389209,69049494,mixed,1,8,17841231,12345,311754746118168,1682.203,1533.348,11635476.469,99.311,9956.000,19212.000,44719145.427,1595.847,NA,NA,NA,NA,NA,NA,NA,,,,,,,,,,,,,,,,,,NA,0,0,0,NA,NA,NA,,NA,,MEASURED,NOT_RUN,
2026-09-02T12:59:01Z,primary-a4-w2-measured-8-baseline,MEASURED,BASELINE,4,2,1,NA,389210,69049494,mixed,1,8,17841231,12346,311754746767483,1682.203,1584.759,11258010.069,99.194,9960.000,19212.000,44719145.427,1595.847,NA,NA,NA,NA,NA,NA,NA,,,,,,,,,,,,,,,,,,NA,0,0,0,NA,NA,NA,,NA,,MEASURED,NOT_RUN,
2026-09-02T12:59:01Z,primary-a4-w2-measured-8-baseline,MEASURED,BASELINE,4,2,2,NA,389211,69049494,mixed,1,8,17841231,12347,311754747311675,1682.203,1520.767,11731732.851,99.312,9896.000,19212.000,44719145.427,1595.847,NA,NA,NA,NA,NA,NA,NA,,,,,,,,,,,,,,,,,,NA,0,0,0,NA,NA,NA,,NA,,MEASURED,NOT_RUN,
2026-09-02T12:59:01Z,primary-a4-w2-measured-8-baseline,MEASURED,BASELINE,4,2,3,NA,389212,69049494,mixed,1,8,17841231,12348,311754747800371,1682.203,1485.700,12008638.362,98.749,10024.000,19212.000,44719145.427,1595.847,NA,NA,NA,NA,NA,NA,NA,,,,,,,,,,,,,,,,,,NA,0,0,0,NA,NA,NA,,NA,,MEASURED,NOT_RUN,
2026-09-02T12:59:05Z,primary-a8-w2-warmup-1-baseline,WARMUP,BASELINE,8,2,0,NA,389218,69049654,mixed,1,8,17841231,12345,311756344792635,3470.362,3623.783,4923371.551,66.035,9960.000,19212.000,37157358.148,3841.227,NA,NA,NA,NA,NA,NA,NA,,,,,,,,,,,,,,,,,,NA,0,0,0,NA,NA,NA,,NA,,MEASURED,NOT_RUN,
2026-09-02T12:59:05Z,primary-a8-w2-warmup-1-baseline,WARMUP,BASELINE,8,2,1,NA,389219,69049654,mixed,1,8,17841231,12346,311756345363013,3470.362,3273.126,5450822.367,76.798,10024.000,19212.000,37157358.148,3841.227,NA,NA,NA,NA,NA,NA,NA,,,,,,,,,,,,,,,,,,NA,0,0,0,NA,NA,NA,,NA,,MEASURED,NOT_RUN,
2026-09-02T12:59:05Z,primary-a8-w2-warmup-1-baseline,WARMUP,BASELINE,8,2,2,NA,389220,69049654,mixed,1,8,17841231,12347,311756345868182,3470.362,3351.570,5323245.190,75.270,10024.000,19212.000,37157358.148,3841.227,NA,NA,NA,NA,NA,NA,NA,,,,,,,,,,,,,,,,,,NA,0,0,0,NA,NA,NA,,NA,,MEASURED,NOT_RUN,
2026-09-02T12:59:05Z,primary-a8-w2-warmup-1-baseline,WARMUP,BASELINE,8,2,3,NA,389221,69049654,mixed,1,8,17841231,12348,311756346300861,3470.362,3248.699,5491807.794,77.650,9960.000,19212.000,37157358.148,3841.227,NA,NA,NA,NA,NA,NA,NA,,,,,,,,,,,,,,,,,,NA,0,0,0,NA,NA,NA,,NA,,MEASURED,NOT_RUN,
2026-09-02T12:59:05Z,primary-a8-w2-warmup-1-baseline,WARMUP,BASELINE,8,2,4,NA,389222,69049654,mixed,1,8,17841231,12349,311756346774449,3470.362,3828.329,4660318.431,60.662,10024.000,19212.000,37157358.148,3841.227,NA,NA,NA,NA,NA,NA,NA,,,,,,,,,,,,,,,,,,NA,0,0,0,NA,NA,NA,,NA,,MEASURED,NOT_RUN,
2026-09-02T12:59:05Z,primary-a8-w2-warmup-1-baseline,WARMUP,BASELINE,8,2,5,NA,389223,69049654,mixed,1,8,17841231,12350,311756347284460,3470.362,3679.141,4849292.610,65.361,10024.000,19212.000,37157358.148,3841.227,NA,NA,NA,NA,NA,NA,NA,,,,,,,,,,,,,,,,,,NA,0,0,0,NA,NA,NA,,NA,,MEASURED,NOT_RUN,
2026-09-02T12:59:05Z,primary-a8-w2-warmup-1-baseline,WARMUP,BASELINE,8,2,6,NA,389224,69049654,mixed,1,8,17841231,12351,311756347769057,3470.362,3355.178,5317521.797,74.731,9960.000,19212.000,37157358.148,3841.227,NA,NA,NA,NA,NA,NA,NA,,,,,,,,,,,,,,,,,,NA,0,0,0,NA,NA,NA,,NA,,MEASURED,NOT_RUN,
2026-09-02T12:59:05Z,primary-a8-w2-warmup-1-baseline,WARMUP,BASELINE,8,2,7,NA,389225,69049654,mixed,1,8,17841231,12352,311756348262997,3470.362,3176.643,5616378.271,79.171,10020.000,19212.000,37157358.148,3841.227,NA,NA,NA,NA,NA,NA,NA,,,,,,,,,,,,,,,,,,NA,0,0,0,NA,NA,NA,,NA,,MEASURED,NOT_RUN,
2026-09-02T12:59:08Z,primary-a8-w2-warmup-1-integrated,WARMUP,INTEGRATED,8,2,0,APP_389274_69050039,389274,69050039,mixed,1,8,17841231,12345,311760194443482,6923.704,3041.641,5865658.863,78.793,10024.000,19212.000,45590357.769,3130.703,17.430,167.856,6560.000,157008.000,17.430,11820.000,314016.000,25,25,2,904.549,158.036,4507.281,28688.636,203435.994,1602.253,1599.632,116.086,128.063,5992.106,6717.133,25834.489,2515.164,7266.041,7.000,0,0,12,560740.794,46728.399,1111405.346,1147.479,1147.479,22,MEASURED,INSUFFICIENT,"Error: target PID 389278 is unavailable for one sample.
Error: target PID 389275 is unavailable for one sample.
Error: target PID 389281 is unavailable for one sample."
2026-09-02T12:59:08Z,primary-a8-w2-warmup-1-integrated,WARMUP,INTEGRATED,8,2,1,APP_389275_69050039,389275,69050039,mixed,1,8,17841231,12346,311760194993386,6923.704,2924.435,6100744.459,83.018,9960.000,19212.000,45590357.769,3130.703,17.430,167.856,6560.000,157008.000,17.430,11820.000,314016.000,25,24,2,1626.183,1112.790,5751.225,28795.645,205796.276,927.362,925.222,39213.039,62737.703,3544.908,6290.874,4197.709,2567.066,6797.358,7.000,0,0,12,560740.794,46728.399,1111405.346,1160.385,1160.385,22,MEASURED,INSUFFICIENT,"Error: target PID 389278 is unavailable for one sample.
Error: target PID 389275 is unavailable for one sample.
Error: target PID 389281 is unavailable for one sample."
2026-09-02T12:59:08Z,primary-a8-w2-warmup-1-integrated,WARMUP,INTEGRATED,8,2,2,APP_389276_69050039,389276,69050039,mixed,1,8,17841231,12347,311760195538024,6923.704,2833.180,6297246.856,84.524,9960.000,19212.000,45590357.769,3130.703,17.430,167.856,6560.000,157008.000,17.430,11820.000,314016.000,23,23,2,1988.405,1923.777,5402.738,31370.505,205805.965,1445.242,1443.059,53732.406,83708.202,5921.019,7530.311,6729.746,3443.566,12686.924,7.000,0,0,12,560740.794,46728.399,1111405.346,1165.024,1165.024,20,MEASURED,INSUFFICIENT,"Error: target PID 389278 is unavailable for one sample.
Error: target PID 389275 is unavailable for one sample.
Error: target PID 389281 is unavailable for one sample."
2026-09-02T12:59:08Z,primary-a8-w2-warmup-1-integrated,WARMUP,INTEGRATED,8,2,3,APP_389277_69050039,389277,69050039,mixed,1,8,17841231,12348,311760196026535,6923.704,2597.744,6867969.995,91.411,9896.000,19212.000,45590357.769,3130.703,17.430,167.856,6560.000,157008.000,17.430,11820.000,314016.000,21,21,2,2901.126,2798.968,6125.378,32867.293,205809.363,4306.053,4303.800,74427.604,106727.615,5324.096,4432.530,4801.354,7218.426,14320.403,7.000,0,0,12,560740.794,46728.399,1111405.346,1174.908,1174.908,18,MEASURED,INSUFFICIENT,"Error: target PID 389278 is unavailable for one sample.
Error: target PID 389275 is unavailable for one sample.
Error: target PID 389281 is unavailable for one sample."
2026-09-02T12:59:08Z,primary-a8-w2-warmup-1-integrated,WARMUP,INTEGRATED,8,2,4,APP_389278_69050039,389278,69050039,mixed,1,8,17841231,12349,311760196584440,6923.704,2659.939,6707384.506,90.620,9960.000,19212.000,45590357.769,3130.703,17.430,167.856,6560.000,157008.000,17.430,11820.000,314016.000,22,21,2,3936.929,3515.718,6999.666,32379.420,205810.700,2413.338,2411.089,89485.212,126720.486,3512.933,4994.020,6336.276,6362.735,14018.737,7.000,0,0,12,560740.794,46728.399,1111405.346,1188.206,1188.206,19,MEASURED,INSUFFICIENT,"Error: target PID 389278 is unavailable for one sample.
Error: target PID 389275 is unavailable for one sample.
Error: target PID 389281 is unavailable for one sample."
2026-09-02T12:59:08Z,primary-a8-w2-warmup-1-integrated,WARMUP,INTEGRATED,8,2,5,APP_389280_69050040,389280,69050040,mixed,1,8,17841231,12350,311760200174914,6923.704,3106.269,5743619.935,76.867,9896.000,19212.000,45590357.769,3130.703,17.430,167.856,6560.000,157008.000,17.430,11820.000,314016.000,25,25,2,4512.427,4491.005,7901.267,28798.222,205811.592,1308.539,1305.532,104849.179,148733.908,4567.925,4203.487,5903.859,5832.977,13320.578,7.000,0,0,12,560740.794,46728.399,1111405.346,1199.760,1199.760,22,MEASURED,INSUFFICIENT,"Error: target PID 389278 is unavailable for one sample.
Error: target PID 389275 is unavailable for one sample.
Error: target PID 389281 is unavailable for one sample."
2026-09-02T12:59:08Z,primary-a8-w2-warmup-1-integrated,WARMUP,INTEGRATED,8,2,6,APP_389281_69050040,389281,69050040,mixed,1,8,17841231,12351,311760200771402,6923.704,2975.473,5996098.741,80.881,9892.000,19212.000,45590357.769,3130.703,17.430,167.856,6560.000,157008.000,17.430,11820.000,314016.000,25,24,2,5309.375,5173.967,8708.736,28798.931,205815.049,1568.003,1565.504,120064.438,169727.427,3937.136,5476.279,5287.324,6888.749,15218.066,7.000,0,0,12,560740.794,46728.399,1111405.346,1213.336,1213.336,22,MEASURED,INSUFFICIENT,"Error: target PID 389278 is unavailable for one sample.
Error: target PID 389275 is unavailable for one sample.
Error: target PID 389281 is unavailable for one sample."
2026-09-02T12:59:08Z,primary-a8-w2-warmup-1-integrated,WARMUP,INTEGRATED,8,2,7,APP_389282_69050040,389282,69050040,mixed,1,8,17841231,12352,311760201367186,6923.704,2808.995,6351463.376,84.855,9960.000,19212.000,45590357.769,3130.703,17.430,167.856,6560.000,157008.000,17.430,11820.000,314016.000,23,23,2,7056.026,6122.002,13646.016,31371.696,205815.690,2244.302,2242.094,135270.925,191721.351,4039.598,6395.243,5396.301,9309.890,15277.269,7.000,0,0,12,560740.794,46728.399,1111405.346,1224.646,1224.646,20,MEASURED,INSUFFICIENT,"Error: target PID 389278 is unavailable for one sample.
Error: target PID 389275 is unavailable for one sample.
Error: target PID 389281 is unavailable for one sample."
2026-09-02T12:59:12Z,primary-a8-w2-warmup-2-integrated,WARMUP,INTEGRATED,8,2,0,APP_389377_69050393,389377,69050393,mixed,1,8,17841231,12345,311763734189889,3662.938,3029.752,5888676.088,78.826,10024.000,19212.000,43103059.119,3311.362,16.375,183.198,6560.000,157020.000,16.375,11836.000,314040.000,23,22,2,820.671,186.179,5052.067,61513.235,306221.079,994.870,992.672,124.702,133.422,6468.309,8146.836,6628.895,1824.925,6122.708,7.000,0,0,12,811993.336,67666.111,1139133.721,1191.731,1191.731,18,MEASURED,INSUFFICIENT,"Error: target PID 389381 is unavailable for one sample.
Error: target PID 389377 is unavailable for one sample.
Error: target PID 389380 is unavailable for one sample.
Error: target PID 389384 is unavailable for one sample."
2026-09-02T12:59:12Z,primary-a8-w2-warmup-2-integrated,WARMUP,INTEGRATED,8,2,1,APP_389378_69050393,389378,69050393,mixed,1,8,17841231,12346,311763734714611,3662.938,2970.533,6006071.503,81.325,9960.000,19212.000,43103059.119,3311.362,16.375,183.198,6560.000,157020.000,16.375,11836.000,314040.000,21,21,2,1793.036,1192.140,5985.759,65251.804,309749.855,1114.417,1111.757,22292.043,24567.187,5973.136,11203.414,6093.861,2918.777,6954.188,7.000,0,0,12,811993.336,67666.111,1139133.721,1182.012,1182.012,16,MEASURED,INSUFFICIENT,"Error: target PID 389381 is unavailable for one sample.
Error: target PID 389377 is unavailable for one sample.
Error: target PID 389380 is unavailable for one sample.
Error: target PID 389384 is unavailable for one sample."
2026-09-02T12:59:12Z,primary-a8-w2-warmup-2-integrated,WARMUP,INTEGRATED,8,2,2,APP_389379_69050393,389379,69050393,mixed,1,8,17841231,12347,311763735212221,3662.938,2958.252,6031004.978,82.982,9960.000,19212.000,43103059.119,3311.362,16.375,183.198,6560.000,157020.000,16.375,11836.000,314040.000,21,21,2,2071.734,1954.295,6944.312,65258.149,309754.965,1739.308,1736.702,46087.855,53218.967,6184.781,7196.025,6820.385,3823.352,10609.446,7.000,0,0,12,811993.336,67666.111,1139133.721,1183.445,1183.445,16,MEASURED,INSUFFICIENT,"Error: target PID 389381 is unavailable for one sample.
Error: target PID 389377 is unavailable for one sample.
Error: target PID 389380 is unavailable for one sample.
Error: target PID 389384 is unavailable for one sample."
2026-09-02T12:59:12Z,primary-a8-w2-warmup-2-integrated,WARMUP,INTEGRATED,8,2,3,APP_389380_69050393,389380,69050393,mixed,1,8,17841231,12348,311763735714806,3662.938,3019.676,5908326.979,80.150,9960.000,19212.000,43103059.119,3311.362,16.375,183.198,6560.000,157020.000,16.375,11836.000,314040.000,23,22,2,2578.651,2693.316,7845.981,61722.258,309759.525,2821.488,2819.011,66780.387,73194.598,6003.690,7895.547,6480.058,5412.846,18448.110,7.000,0,0,12,811993.336,67666.111,1139133.721,1183.212,1183.212,18,MEASURED,INSUFFICIENT,"Error: target PID 389381 is unavailable for one sample.
Error: target PID 389377 is unavailable for one sample.
Error: target PID 389380 is unavailable for one sample.
Error: target PID 389384 is unavailable for one sample."
2026-09-02T12:59:12Z,primary-a8-w2-warmup-2-integrated,WARMUP,INTEGRATED,8,2,4,APP_389381_69050393,389381,69050393,mixed,1,8,17841231,12349,311763736236327,3662.938,2975.754,5995533.147,81.997,9960.000,19212.000,43103059.119,3311.362,16.375,183.198,6560.000,157020.000,16.375,11836.000,314040.000,22,21,2,3682.226,3541.975,11480.701,65037.185,309763.017,2344.294,2341.171,87675.034,94205.809,22160.904,8334.327,5655.255,6046.205,12472.696,7.000,0,0,12,811993.336,67666.111,1139133.721,1216.596,1216.596,17,MEASURED,INSUFFICIENT,"Error: target PID 389381 is unavailable for one sample.
Error: target PID 389377 is unavailable for one sample.
Error: target PID 389380 is unavailable for one sample.
Error: target PID 389384 is unavailable for one sample."
2026-09-02T12:59:12Z,primary-a8-w2-warmup-2-integrated,WARMUP,INTEGRATED,8,2,5,APP_389382_69050393,389382,69050393,mixed,1,8,17841231,12350,311763736744683,3662.938,2831.280,6301470.673,84.526,10024.000,19212.000,43103059.119,3311.362,16.375,183.198,6560.000,157020.000,16.375,11836.000,314040.000,21,21,2,4717.584,4328.195,12473.560,65261.055,309766.956,1236.565,1234.406,124371.413,134544.345,7799.149,12902.153,7097.675,5965.586,15490.257,7.000,0,0,12,811993.336,67666.111,1139133.721,1224.501,1224.501,16,MEASURED,INSUFFICIENT,"Error: target PID 389381 is unavailable for one sample.
Error: target PID 389377 is unavailable for one sample.
Error: target PID 389380 is unavailable for one sample.
Error: target PID 389384 is unavailable for one sample."
2026-09-02T12:59:12Z,primary-a8-w2-warmup-2-integrated,WARMUP,INTEGRATED,8,2,6,APP_389383_69050393,389383,69050393,mixed,1,8,17841231,12351,311763737362964,3662.938,3159.658,5646570.436,75.967,9896.000,19212.000,43103059.119,3311.362,16.375,183.198,6560.000,157020.000,16.375,11836.000,314040.000,23,23,2,5068.717,4941.188,15491.488,61724.071,309774.023,1813.882,1811.779,152825.264,166938.112,7560.862,6465.206,4165.529,6891.400,16576.074,7.000,0,0,12,811993.336,67666.111,1139133.721,1220.871,1220.871,18,MEASURED,INSUFFICIENT,"Error: target PID 389381 is unavailable for one sample.
Error: target PID 389377 is unavailable for one sample.
Error: target PID 389380 is unavailable for one sample.
Error: target PID 389384 is unavailable for one sample."
2026-09-02T12:59:12Z,primary-a8-w2-warmup-2-integrated,WARMUP,INTEGRATED,8,2,7,APP_389384_69050393,389384,69050393,mixed,1,8,17841231,12352,311763737852827,3662.938,3279.263,5440622.633,70.271,10024.000,19212.000,43103059.119,3311.362,16.375,183.198,6560.000,157020.000,16.375,11836.000,314040.000,25,24,2,5860.945,6122.340,16577.149,57179.406,309792.018,1730.273,1728.122,171500.339,183804.294,3955.363,4288.427,6308.014,7600.942,18695.556,7.000,0,0,12,811993.336,67666.111,1139133.721,1210.901,1210.901,20,MEASURED,INSUFFICIENT,"Error: target PID 389381 is unavailable for one sample.
Error: target PID 389377 is unavailable for one sample.
Error: target PID 389380 is unavailable for one sample.
Error: target PID 389384 is unavailable for one sample."
2026-09-02T12:59:15Z,primary-a8-w2-warmup-2-baseline,WARMUP,BASELINE,8,2,0,NA,389508,69050769,mixed,1,8,17841231,12345,311767495514911,5184.291,2657.453,6713657.254,91.540,9896.000,19212.000,43711712.520,3265.254,NA,NA,NA,NA,NA,NA,NA,,,,,,,,,,,,,,,,,,NA,0,0,0,NA,NA,NA,,NA,,MEASURED,NOT_RUN,
2026-09-02T12:59:15Z,primary-a8-w2-warmup-2-baseline,WARMUP,BASELINE,8,2,1,NA,389509,69050769,mixed,1,8,17841231,12346,311767496246331,5184.291,3252.849,5484801.573,73.972,9960.000,19212.000,43711712.520,3265.254,NA,NA,NA,NA,NA,NA,NA,,,,,,,,,,,,,,,,,,NA,0,0,0,NA,NA,NA,,NA,,MEASURED,NOT_RUN,
2026-09-02T12:59:15Z,primary-a8-w2-warmup-2-baseline,WARMUP,BASELINE,8,2,2,NA,389510,69050769,mixed,1,8,17841231,12347,311767496812427,5184.291,2873.930,6207955.065,83.844,9960.000,19212.000,43711712.520,3265.254,NA,NA,NA,NA,NA,NA,NA,,,,,,,,,,,,,,,,,,NA,0,0,0,NA,NA,NA,,NA,,MEASURED,NOT_RUN,
2026-09-02T12:59:15Z,primary-a8-w2-warmup-2-baseline,WARMUP,BASELINE,8,2,3,NA,389511,69050769,mixed,1,8,17841231,12348,311767497355539,5184.291,2829.539,6305348.374,89.113,9960.000,19212.000,43711712.520,3265.254,NA,NA,NA,NA,NA,NA,NA,,,,,,,,,,,,,,,,,,NA,0,0,0,NA,NA,NA,,NA,,MEASURED,NOT_RUN,
2026-09-02T12:59:15Z,primary-a8-w2-warmup-2-baseline,WARMUP,BASELINE,8,2,4,NA,389512,69050769,mixed,1,8,17841231,12349,311767497907122,5184.291,2569.886,6942420.703,94.408,9956.000,19212.000,43711712.520,3265.254,NA,NA,NA,NA,NA,NA,NA,,,,,,,,,,,,,,,,,,NA,0,0,0,NA,NA,NA,,NA,,MEASURED,NOT_RUN,
2026-09-02T12:59:15Z,primary-a8-w2-warmup-2-baseline,WARMUP,BASELINE,8,2,5,NA,389513,69050769,mixed,1,8,17841231,12350,311767498497644,5184.291,2864.459,6228481.344,86.667,10024.000,19212.000,43711712.520,3265.254,NA,NA,NA,NA,NA,NA,NA,,,,,,,,,,,,,,,,,,NA,0,0,0,NA,NA,NA,,NA,,MEASURED,NOT_RUN,
2026-09-02T12:59:15Z,primary-a8-w2-warmup-2-baseline,WARMUP,BASELINE,8,2,6,NA,389514,69050769,mixed,1,8,17841231,12351,311767499056838,5184.291,2470.998,7220252.002,96.744,10024.000,19212.000,43711712.520,3265.254,NA,NA,NA,NA,NA,NA,NA,,,,,,,,,,,,,,,,,,NA,0,0,0,NA,NA,NA,,NA,,MEASURED,NOT_RUN,
2026-09-02T12:59:15Z,primary-a8-w2-warmup-2-baseline,WARMUP,BASELINE,8,2,7,NA,389515,69050770,mixed,1,8,17841231,12352,311767500699202,5184.291,2924.670,6100254.135,83.446,9960.000,19212.000,43711712.520,3265.254,NA,NA,NA,NA,NA,NA,NA,,,,,,,,,,,,,,,,,,NA,0,0,0,NA,NA,NA,,NA,,MEASURED,NOT_RUN,
2026-09-02T12:59:19Z,primary-a8-w2-warmup-3-baseline,WARMUP,BASELINE,8,2,0,NA,389533,69051097,mixed,1,8,17841231,12345,311770772392837,8410.684,3550.732,5024662.523,63.666,9960.000,19212.000,39630541.491,3601.511,NA,NA,NA,NA,NA,NA,NA,,,,,,,,,,,,,,,,,,NA,0,0,0,NA,NA,NA,,NA,,MEASURED,NOT_RUN,
2026-09-02T12:59:19Z,primary-a8-w2-warmup-3-baseline,WARMUP,BASELINE,8,2,1,NA,389534,69051097,mixed,1,8,17841231,12346,311770772967171,8410.684,3255.692,5480011.386,76.605,9960.000,19212.000,39630541.491,3601.511,NA,NA,NA,NA,NA,NA,NA,,,,,,,,,,,,,,,,,,NA,0,0,0,NA,NA,NA,,NA,,MEASURED,NOT_RUN,
2026-09-02T12:59:19Z,primary-a8-w2-warmup-3-baseline,WARMUP,BASELINE,8,2,2,NA,389535,69051097,mixed,1,8,17841231,12347,311770773533370,8410.684,3168.318,5631136.966,76.163,9960.000,19212.000,39630541.491,3601.511,NA,NA,NA,NA,NA,NA,NA,,,,,,,,,,,,,,,,,,NA,0,0,0,NA,NA,NA,,NA,,MEASURED,NOT_RUN,
2026-09-02T12:59:19Z,primary-a8-w2-warmup-3-baseline,WARMUP,BASELINE,8,2,3,NA,389536,69051097,mixed,1,8,17841231,12348,311770774541817,8410.684,3284.083,5432637.413,70.703,10088.000,19212.000,39630541.491,3601.511,NA,NA,NA,NA,NA,NA,NA,,,,,,,,,,,,,,,,,,NA,0,0,0,NA,NA,NA,,NA,,MEASURED,NOT_RUN,
2026-09-02T12:59:19Z,primary-a8-w2-warmup-3-baseline,WARMUP,BASELINE,8,2,4,NA,389537,69051097,mixed,1,8,17841231,12349,311770775109839,8410.684,2626.938,6791645.202,95.338,10024.000,19212.000,39630541.491,3601.511,NA,NA,NA,NA,NA,NA,NA,,,,,,,,,,,,,,,,,,NA,0,0,0,NA,NA,NA,,NA,,MEASURED,NOT_RUN,
2026-09-02T12:59:19Z,primary-a8-w2-warmup-3-baseline,WARMUP,BASELINE,8,2,5,NA,389538,69051097,mixed,1,8,17841231,12350,311770775726000,8410.684,2588.081,6893614.839,96.543,9960.000,19212.000,39630541.491,3601.511,NA,NA,NA,NA,NA,NA,NA,,,,,,,,,,,,,,,,,,NA,0,0,0,NA,NA,NA,,NA,,MEASURED,NOT_RUN,
2026-09-02T12:59:19Z,primary-a8-w2-warmup-3-baseline,WARMUP,BASELINE,8,2,6,NA,389540,69051097,mixed,1,8,17841231,12351,311770780148306,8410.684,3575.446,4989931.222,64.223,9960.000,19212.000,39630541.491,3601.511,NA,NA,NA,NA,NA,NA,NA,,,,,,,,,,,,,,,,,,NA,0,0,0,NA,NA,NA,,NA,,MEASURED,NOT_RUN,
2026-09-02T12:59:19Z,primary-a8-w2-warmup-3-baseline,WARMUP,BASELINE,8,2,7,NA,389542,69051098,mixed,1,8,17841231,12352,311770780803521,8410.684,3064.455,5821991.630,81.489,9896.000,19212.000,39630541.491,3601.511,NA,NA,NA,NA,NA,NA,NA,,,,,,,,,,,,,,,,,,NA,0,0,0,NA,NA,NA,,NA,,MEASURED,NOT_RUN,
2026-09-02T12:59:22Z,primary-a8-w2-warmup-3-integrated,WARMUP,INTEGRATED,8,2,0,APP_389550_69051458,389550,69051458,mixed,1,8,17841231,12345,311774383033743,3892.310,2831.638,6300675.149,86.314,9960.000,19212.000,42825222.218,3332.845,16.610,165.785,6916.000,156988.000,16.610,12192.000,313976.000,23,22,2,484.882,145.144,6928.126,38192.364,209783.131,962.236,959.985,119.903,124.028,8336.922,6649.139,7624.284,1455.868,7872.569,7.000,0,0,12,622632.577,51886.048,1141250.905,1211.975,1211.975,20,MEASURED,INSUFFICIENT,"Error: target PID 389553 is unavailable for one sample.
Error: target PID 389556 is unavailable for one sample.
Error: target PID 389555 is unavailable for one sample.
Error: target PID 389550 is unavailable for one sample.
Error: target PID 389552 is unavailable for one sample.
Error: target PID 389551 is unavailable for one sample."
2026-09-02T12:59:22Z,primary-a8-w2-warmup-3-integrated,WARMUP,INTEGRATED,8,2,1,APP_389551_69051458,389551,69051458,mixed,1,8,17841231,12346,311774383692349,3892.310,3315.347,5381406.284,71.218,9960.000,19212.000,42825222.218,3332.845,16.610,165.785,6916.000,156988.000,16.610,12192.000,313976.000,28,27,2,1120.488,1104.559,4332.667,33721.114,209773.412,868.260,865.626,23307.825,24436.296,6665.908,7879.765,7416.646,1999.172,5397.650,7.000,0,0,12,622632.577,51886.048,1141250.905,1213.063,1213.063,24,MEASURED,INSUFFICIENT,"Error: target PID 389553 is unavailable for one sample.
Error: target PID 389556 is unavailable for one sample.
Error: target PID 389555 is unavailable for one sample.
Error: target PID 389550 is unavailable for one sample.
Error: target PID 389552 is unavailable for one sample.
Error: target PID 389551 is unavailable for one sample."
2026-09-02T12:59:22Z,primary-a8-w2-warmup-3-integrated,WARMUP,INTEGRATED,8,2,2,APP_389552_69051458,389552,69051458,mixed,1,8,17841231,12347,311774384227323,3892.310,3028.316,5891469.705,81.374,10024.000,19212.000,42825222.218,3332.845,16.610,165.785,6916.000,156988.000,16.610,12192.000,313976.000,25,24,2,1676.617,1981.366,2806.061,35326.481,209772.361,1157.705,1153.983,45799.285,46380.461,6548.671,7572.829,6506.571,2846.050,9872.980,7.000,0,0,12,622632.577,51886.048,1141250.905,1207.334,1207.334,22,MEASURED,INSUFFICIENT,"Error: target PID 389553 is unavailable for one sample.
Error: target PID 389556 is unavailable for one sample.
Error: target PID 389555 is unavailable for one sample.
Error: target PID 389550 is unavailable for one sample.
Error: target PID 389552 is unavailable for one sample.
Error: target PID 389551 is unavailable for one sample."
2026-09-02T12:59:22Z,primary-a8-w2-warmup-3-integrated,WARMUP,INTEGRATED,8,2,3,APP_389553_69051458,389553,69051458,mixed,1,8,17841231,12348,311774384682897,3892.310,2533.200,7042961.469,95.165,10024.000,19212.000,42825222.218,3332.845,16.610,165.785,6916.000,156988.000,16.610,12192.000,313976.000,20,19,2,2830.546,2838.172,5067.590,43034.854,209772.347,5462.980,5459.943,66965.829,70418.287,6967.356,9158.392,7903.465,8705.109,16015.731,7.000,0,0,12,622632.577,51886.048,1141250.905,1204.607,1204.607,17,MEASURED,INSUFFICIENT,"Error: target PID 389553 is unavailable for one sample.
Error: target PID 389556 is unavailable for one sample.
Error: target PID 389555 is unavailable for one sample.
Error: target PID 389550 is unavailable for one sample.
Error: target PID 389552 is unavailable for one sample.
Error: target PID 389551 is unavailable for one sample."
2026-09-02T12:59:23Z,primary-a8-w2-warmup-3-integrated,WARMUP,INTEGRATED,8,2,4,APP_389554_69051458,389554,69051458,mixed,1,8,17841231,12349,311774385240688,3892.310,3146.939,5669392.805,78.625,9960.000,19212.000,42825222.218,3332.845,16.610,165.785,6916.000,156988.000,16.610,12192.000,313976.000,25,25,2,4383.350,3571.734,12514.402,35326.965,209771.761,1985.280,1982.562,91580.399,96391.202,7025.842,8747.038,7454.014,6381.327,13411.977,7.000,0,0,12,622632.577,51886.048,1141250.905,1205.815,1205.815,22,MEASURED,INSUFFICIENT,"Error: target PID 389553 is unavailable for one sample.
Error: target PID 389556 is unavailable for one sample.
Error: target PID 389555 is unavailable for one sample.
Error: target PID 389550 is unavailable for one sample.
Error: target PID 389552 is unavailable for one sample.
Error: target PID 389551 is unavailable for one sample."
2026-09-02T12:59:23Z,primary-a8-w2-warmup-3-integrated,WARMUP,INTEGRATED,8,2,5,APP_389555_69051458,389555,69051458,mixed,1,8,17841231,12350,311774385778109,3892.310,2742.353,6505810.164,88.941,10020.000,19212.000,42825222.218,3332.845,16.610,165.785,6916.000,156988.000,16.610,12192.000,313976.000,22,21,2,5775.276,5422.616,9842.309,39909.036,209771.280,1036.270,1033.432,115368.812,119571.020,6599.636,8801.316,10097.666,6825.159,10753.563,7.000,0,0,12,622632.577,51886.048,1141250.905,1210.299,1210.299,19,MEASURED,INSUFFICIENT,"Error: target PID 389553 is unavailable for one sample.
Error: target PID 389556 is unavailable for one sample.
Error: target PID 389555 is unavailable for one sample.
Error: target PID 389550 is unavailable for one sample.
Error: target PID 389552 is unavailable for one sample.
Error: target PID 389551 is unavailable for one sample."
2026-09-02T12:59:23Z,primary-a8-w2-warmup-3-integrated,WARMUP,INTEGRATED,8,2,6,APP_389556_69051458,389556,69051458,mixed,1,8,17841231,12351,311774386304223,3892.310,2550.329,6995659.077,95.736,10024.000,19212.000,42825222.218,3332.845,16.610,165.785,6916.000,156988.000,16.610,12192.000,313976.000,21,20,2,6760.049,6415.935,10754.081,41015.334,209772.678,1148.165,1145.597,141456.320,143422.743,5489.236,7756.646,6516.495,7922.495,14695.002,7.000,0,0,12,622632.577,51886.048,1141250.905,1211.020,1211.020,18,MEASURED,INSUFFICIENT,"Error: target PID 389553 is unavailable for one sample.
Error: target PID 389556 is unavailable for one sample.
Error: target PID 389555 is unavailable for one sample.
Error: target PID 389550 is unavailable for one sample.
Error: target PID 389552 is unavailable for one sample.
Error: target PID 389551 is unavailable for one sample."
2026-09-02T12:59:23Z,primary-a8-w2-warmup-3-integrated,WARMUP,INTEGRATED,8,2,7,APP_389557_69051458,389557,69051458,mixed,1,8,17841231,12352,311774386926053,3892.310,3126.634,5706210.208,78.578,9960.000,19212.000,42825222.218,3332.845,16.610,165.785,6916.000,156988.000,16.610,12192.000,313976.000,25,25,2,6826.233,6798.636,14697.624,35327.636,209772.422,2851.751,2849.476,161771.314,163370.424,7749.031,8790.575,7196.367,9689.521,16283.307,7.000,0,0,12,622632.577,51886.048,1141250.905,1208.380,1208.380,22,MEASURED,INSUFFICIENT,"Error: target PID 389553 is unavailable for one sample.
Error: target PID 389556 is unavailable for one sample.
Error: target PID 389555 is unavailable for one sample.
Error: target PID 389550 is unavailable for one sample.
Error: target PID 389552 is unavailable for one sample.
Error: target PID 389551 is unavailable for one sample."
2026-09-02T12:59:26Z,primary-a8-w2-measured-4-integrated,MEASURED,INTEGRATED,8,2,0,APP_389621_69051835,389621,69051835,mixed,1,8,17841231,12345,311778159911375,3328.942,3099.088,5756929.930,79.043,10020.000,19212.000,42404148.987,3365.941,17.191,181.216,6652.000,156984.000,17.191,11928.000,313968.000,25,25,2,819.700,675.619,3172.405,35850.939,235953.043,1290.234,1287.408,108.957,111.957,7501.367,7188.856,9091.671,2119.094,4669.302,7.000,0,0,12,611057.396,50921.450,1143605.323,1195.007,1195.007,22,MEASURED,INSUFFICIENT,"Error: target PID 389624 is unavailable for one sample.
Error: target PID 389625 is unavailable for one sample.
Error: target PID 389626 is unavailable for one sample.
Error: target PID 389628 is unavailable for one sample.
Error: target PID 389627 is unavailable for one sample."
2026-09-02T12:59:26Z,primary-a8-w2-measured-4-integrated,MEASURED,INTEGRATED,8,2,1,APP_389622_69051836,389622,69051836,mixed,1,8,17841231,12346,311778160582200,3328.942,3181.824,5607233.247,77.784,10024.000,19212.000,42404148.987,3365.941,17.191,181.216,6652.000,156984.000,17.191,11928.000,313968.000,25,25,2,1789.321,1642.312,4680.286,35879.982,233877.381,1078.612,1076.179,24465.967,27350.627,9144.195,8925.275,9402.720,2878.305,5787.731,7.000,0,0,12,611057.396,50921.450,1143605.323,1194.956,1194.956,22,MEASURED,INSUFFICIENT,"Error: target PID 389624 is unavailable for one sample.
Error: target PID 389625 is unavailable for one sample.
Error: target PID 389626 is unavailable for one sample.
Error: target PID 389628 is unavailable for one sample.
Error: target PID 389627 is unavailable for one sample."
2026-09-02T12:59:26Z,primary-a8-w2-measured-4-integrated,MEASURED,INTEGRATED,8,2,2,APP_389623_69051836,389623,69051836,mixed,1,8,17841231,12347,311778161045278,3328.942,3204.249,5567991.357,79.756,10024.000,19212.000,42404148.987,3365.941,17.191,181.216,6652.000,156984.000,17.191,11928.000,313968.000,25,25,2,2301.705,1998.530,4934.550,35881.686,233910.201,1390.230,1387.733,52458.266,55368.157,6825.510,7548.495,9080.644,3948.387,10020.160,7.000,0,0,12,611057.396,50921.450,1143605.323,1193.019,1193.019,22,MEASURED,INSUFFICIENT,"Error: target PID 389624 is unavailable for one sample.
Error: target PID 389625 is unavailable for one sample.
Error: target PID 389626 is unavailable for one sample.
Error: target PID 389628 is unavailable for one sample.
Error: target PID 389627 is unavailable for one sample."
2026-09-02T12:59:26Z,primary-a8-w2-measured-4-integrated,MEASURED,INTEGRATED,8,2,3,APP_389624_69051836,389624,69051836,mixed,1,8,17841231,12348,311778161466927,3328.942,2869.996,6216466.301,87.552,9960.000,19212.000,42404148.987,3365.941,17.191,181.216,6652.000,156984.000,17.191,11928.000,313968.000,23,22,2,3668.963,3408.578,6942.308,38344.429,233912.781,5234.229,5230.833,76469.598,80339.677,6785.943,9401.904,8700.942,8914.192,14630.723,7.000,0,0,12,611057.396,50921.450,1143605.323,1187.989,1187.989,20,MEASURED,INSUFFICIENT,"Error: target PID 389624 is unavailable for one sample.
Error: target PID 389625 is unavailable for one sample.
Error: target PID 389626 is unavailable for one sample.
Error: target PID 389628 is unavailable for one sample.
Error: target PID 389627 is unavailable for one sample."
2026-09-02T12:59:26Z,primary-a8-w2-measured-4-integrated,MEASURED,INTEGRATED,8,2,4,APP_389625_69051836,389625,69051836,mixed,1,8,17841231,12349,311778161853119,3328.942,2780.590,6416348.298,89.807,10016.000,19212.000,42404148.987,3365.941,17.191,181.216,6652.000,156984.000,17.191,11928.000,313968.000,23,22,2,4932.138,4182.615,9725.169,38344.826,233914.500,1891.407,1888.643,102098.022,108643.751,6492.329,9804.071,6161.534,6935.409,13782.905,7.000,0,0,12,611057.396,50921.450,1143605.323,1190.402,1190.402,20,MEASURED,INSUFFICIENT,"Error: target PID 389624 is unavailable for one sample.
Error: target PID 389625 is unavailable for one sample.
Error: target PID 389626 is unavailable for one sample.
Error: target PID 389628 is unavailable for one sample.
Error: target PID 389627 is unavailable for one sample."
2026-09-02T12:59:26Z,primary-a8-w2-measured-4-integrated,MEASURED,INTEGRATED,8,2,5,APP_389626_69051836,389626,69051836,mixed,1,8,17841231,12350,311778162320882,3328.942,2980.507,5985972.731,83.945,10020.000,19212.000,42404148.987,3365.941,17.191,181.216,6652.000,156984.000,17.191,11928.000,313968.000,24,23,2,5745.271,5162.449,10639.537,37321.861,233944.485,1561.961,1558.497,125142.968,130330.309,7872.921,8015.133,7378.910,7318.316,16943.857,7.000,0,0,12,611057.396,50921.450,1143605.323,1183.964,1183.964,21,MEASURED,INSUFFICIENT,"Error: target PID 389624 is unavailable for one sample.
Error: target PID 389625 is unavailable for one sample.
Error: target PID 389626 is unavailable for one sample.
Error: target PID 389628 is unavailable for one sample.
Error: target PID 389627 is unavailable for one sample."
2026-09-02T12:59:26Z,primary-a8-w2-measured-4-integrated,MEASURED,INTEGRATED,8,2,6,APP_389627_69051836,389627,69051836,mixed,1,8,17841231,12351,311778162786752,3328.942,3346.822,5330798.441,72.332,10024.000,19212.000,42404148.987,3365.941,17.191,181.216,6652.000,156984.000,17.191,11928.000,313968.000,28,27,2,5671.420,5551.063,11034.079,34342.449,233950.184,1158.429,1156.225,148958.348,157360.328,6942.521,5273.333,4500.081,6840.839,13672.996,7.000,0,0,12,611057.396,50921.450,1143605.323,1191.549,1191.549,24,MEASURED,INSUFFICIENT,"Error: target PID 389624 is unavailable for one sample.
Error: target PID 389625 is unavailable for one sample.
Error: target PID 389626 is unavailable for one sample.
Error: target PID 389628 is unavailable for one sample.
Error: target PID 389627 is unavailable for one sample."
2026-09-02T12:59:26Z,primary-a8-w2-measured-4-integrated,MEASURED,INTEGRATED,8,2,7,APP_389628_69051836,389628,69051836,mixed,1,8,17841231,12352,311778163240317,3328.942,2944.582,6059002.921,84.899,10088.000,19212.000,42404148.987,3365.941,17.191,181.216,6652.000,156984.000,17.191,11928.000,313968.000,24,23,2,7498.874,6805.621,11967.138,37322.879,233951.717,2939.631,2937.397,166197.894,170809.844,3911.361,7634.033,5617.461,10447.635,14870.957,7.000,0,0,12,611057.396,50921.450,1143605.323,1206.052,1206.052,21,MEASURED,INSUFFICIENT,"Error: target PID 389624 is unavailable for one sample.
Error: target PID 389625 is unavailable for one sample.
Error: target PID 389626 is unavailable for one sample.
Error: target PID 389628 is unavailable for one sample.
Error: target PID 389627 is unavailable for one sample."
2026-09-02T12:59:29Z,primary-a8-w2-measured-4-baseline,MEASURED,BASELINE,8,2,0,NA,389701,69052212,mixed,1,8,17841231,12345,311781923742122,3779.720,2983.702,5979561.482,82.004,9956.000,19212.000,45914451.765,3108.604,NA,NA,NA,NA,NA,NA,NA,,,,,,,,,,,,,,,,,,NA,0,0,0,NA,NA,NA,,NA,,MEASURED,NOT_RUN,
2026-09-02T12:59:29Z,primary-a8-w2-measured-4-baseline,MEASURED,BASELINE,8,2,1,NA,389703,69052212,mixed,1,8,17841231,12346,311781924342659,3779.720,2692.755,6625642.846,90.573,9960.000,19212.000,45914451.765,3108.604,NA,NA,NA,NA,NA,NA,NA,,,,,,,,,,,,,,,,,,NA,0,0,0,NA,NA,NA,,NA,,MEASURED,NOT_RUN,
2026-09-02T12:59:29Z,primary-a8-w2-measured-4-baseline,MEASURED,BASELINE,8,2,2,NA,389704,69052212,mixed,1,8,17841231,12347,311781924952846,3779.720,2911.479,6127893.164,82.783,9960.000,19212.000,45914451.765,3108.604,NA,NA,NA,NA,NA,NA,NA,,,,,,,,,,,,,,,,,,NA,0,0,0,NA,NA,NA,,NA,,MEASURED,NOT_RUN,
2026-09-02T12:59:29Z,primary-a8-w2-measured-4-baseline,MEASURED,BASELINE,8,2,3,NA,389705,69052212,mixed,1,8,17841231,12348,311781925507362,3779.720,2991.449,5964077.272,79.048,9960.000,19212.000,45914451.765,3108.604,NA,NA,NA,NA,NA,NA,NA,,,,,,,,,,,,,,,,,,NA,0,0,0,NA,NA,NA,,NA,,MEASURED,NOT_RUN,
2026-09-02T12:59:29Z,primary-a8-w2-measured-4-baseline,MEASURED,BASELINE,8,2,4,NA,389706,69052212,mixed,1,8,17841231,12349,311781925947017,3779.720,2583.856,6904885.601,94.930,10024.000,19212.000,45914451.765,3108.604,NA,NA,NA,NA,NA,NA,NA,,,,,,,,,,,,,,,,,,NA,0,0,0,NA,NA,NA,,NA,,MEASURED,NOT_RUN,
2026-09-02T12:59:29Z,primary-a8-w2-measured-4-baseline,MEASURED,BASELINE,8,2,5,NA,389707,69052212,mixed,1,8,17841231,12350,311781926532539,3779.720,3092.491,5769209.899,77.276,10024.000,19212.000,45914451.765,3108.604,NA,NA,NA,NA,NA,NA,NA,,,,,,,,,,,,,,,,,,NA,0,0,0,NA,NA,NA,,NA,,MEASURED,NOT_RUN,
2026-09-02T12:59:29Z,primary-a8-w2-measured-4-baseline,MEASURED,BASELINE,8,2,6,NA,389708,69052212,mixed,1,8,17841231,12351,311781927052437,3779.720,2695.732,6618326.162,93.157,9896.000,19212.000,45914451.765,3108.604,NA,NA,NA,NA,NA,NA,NA,,,,,,,,,,,,,,,,,,NA,0,0,0,NA,NA,NA,,NA,,MEASURED,NOT_RUN,
2026-09-02T12:59:29Z,primary-a8-w2-measured-4-baseline,MEASURED,BASELINE,8,2,7,NA,389709,69052212,mixed,1,8,17841231,12352,311781927521842,3779.720,2806.245,6357688.043,86.694,10088.000,19212.000,45914451.765,3108.604,NA,NA,NA,NA,NA,NA,NA,,,,,,,,,,,,,,,,,,NA,0,0,0,NA,NA,NA,,NA,,MEASURED,NOT_RUN,
2026-09-02T12:59:33Z,primary-a8-w2-measured-5-baseline,MEASURED,BASELINE,8,2,0,NA,389722,69052524,mixed,1,8,17841231,12345,311785041485073,3432.058,2633.944,6773580.112,92.295,9960.000,19212.000,46770608.577,3051.700,NA,NA,NA,NA,NA,NA,NA,,,,,,,,,,,,,,,,,,NA,0,0,0,NA,NA,NA,,NA,,MEASURED,NOT_RUN,
2026-09-02T12:59:33Z,primary-a8-w2-measured-5-baseline,MEASURED,BASELINE,8,2,1,NA,389723,69052524,mixed,1,8,17841231,12346,311785042041530,3432.058,3039.494,5869803.659,77.394,9960.000,19212.000,46770608.577,3051.700,NA,NA,NA,NA,NA,NA,NA,,,,,,,,,,,,,,,,,,NA,0,0,0,NA,NA,NA,,NA,,MEASURED,NOT_RUN,
2026-09-02T12:59:33Z,primary-a8-w2-measured-5-baseline,MEASURED,BASELINE,8,2,2,NA,389724,69052524,mixed,1,8,17841231,12347,311785042527222,3432.058,2610.038,6835620.507,93.448,9960.000,19212.000,46770608.577,3051.700,NA,NA,NA,NA,NA,NA,NA,,,,,,,,,,,,,,,,,,NA,0,0,0,NA,NA,NA,,NA,,MEASURED,NOT_RUN,
2026-09-02T12:59:33Z,primary-a8-w2-measured-5-baseline,MEASURED,BASELINE,8,2,3,NA,389725,69052524,mixed,1,8,17841231,12348,311785042951513,3432.058,2957.344,6032857.128,81.067,10024.000,19212.000,46770608.577,3051.700,NA,NA,NA,NA,NA,NA,NA,,,,,,,,,,,,,,,,,,NA,0,0,0,NA,NA,NA,,NA,,MEASURED,NOT_RUN,
2026-09-02T12:59:33Z,primary-a8-w2-measured-5-baseline,MEASURED,BASELINE,8,2,4,NA,389726,69052524,mixed,1,8,17841231,12349,311785043500795,3432.058,2792.756,6388396.664,86.762,9956.000,19212.000,46770608.577,3051.700,NA,NA,NA,NA,NA,NA,NA,,,,,,,,,,,,,,,,,,NA,0,0,0,NA,NA,NA,,NA,,MEASURED,NOT_RUN,
2026-09-02T12:59:33Z,primary-a8-w2-measured-5-baseline,MEASURED,BASELINE,8,2,5,NA,389727,69052524,mixed,1,8,17841231,12350,311785043983947,3432.058,2594.314,6877051.683,94.221,9960.000,19212.000,46770608.577,3051.700,NA,NA,NA,NA,NA,NA,NA,,,,,,,,,,,,,,,,,,NA,0,0,0,NA,NA,NA,,NA,,MEASURED,NOT_RUN,
2026-09-02T12:59:33Z,primary-a8-w2-measured-5-baseline,MEASURED,BASELINE,8,2,6,NA,389728,69052524,mixed,1,8,17841231,12351,311785044465957,3432.058,2929.613,6089962.065,83.014,10024.000,19212.000,46770608.577,3051.700,NA,NA,NA,NA,NA,NA,NA,,,,,,,,,,,,,,,,,,NA,0,0,0,NA,NA,NA,,NA,,MEASURED,NOT_RUN,
2026-09-02T12:59:33Z,primary-a8-w2-measured-5-baseline,MEASURED,BASELINE,8,2,7,NA,389729,69052524,mixed,1,8,17841231,12352,311785044917131,3432.058,3004.266,5938632.488,78.272,10024.000,19212.000,46770608.577,3051.700,NA,NA,NA,NA,NA,NA,NA,,,,,,,,,,,,,,,,,,NA,0,0,0,NA,NA,NA,,NA,,MEASURED,NOT_RUN,
2026-09-02T12:59:36Z,primary-a8-w2-measured-5-integrated,MEASURED,INTEGRATED,8,2,0,APP_389763_69052829,389763,69052829,mixed,1,8,17841231,12345,311788099901340,6097.196,3124.819,5709525.178,78.948,9960.000,19212.000,43251517.362,3299.996,17.429,180.166,6828.000,156988.000,17.429,12108.000,313976.000,24,24,2,606.185,178.151,3814.533,43297.033,222639.636,1679.768,1677.146,132.130,134.046,6551.432,7678.105,8072.754,2292.232,14611.621,7.000,0,0,12,724633.542,60386.128,1128034.221,1179.102,1179.102,21,MEASURED,INSUFFICIENT,"Error: target PID 389770 is unavailable for one sample.
Error: target PID 389765 is unavailable for one sample.
Error: target PID 389766 is unavailable for one sample.
Error: target PID 389769 is unavailable for one sample.
Error: target PID 389767 is unavailable for one sample."
2026-09-02T12:59:36Z,primary-a8-w2-measured-5-integrated,MEASURED,INTEGRATED,8,2,1,APP_389764_69052830,389764,69052830,mixed,1,8,17841231,12346,311788100447594,6097.196,3165.223,5636642.202,77.554,9960.000,19212.000,43251517.362,3299.996,17.429,180.166,6828.000,156988.000,17.429,12108.000,313976.000,24,24,2,1799.806,1225.412,4909.908,43296.629,222632.703,2119.847,2117.251,22977.630,25203.935,5827.611,8751.225,6487.704,3930.135,8611.794,7.000,0,0,12,724633.542,60386.128,1128034.221,1182.027,1182.027,21,MEASURED,INSUFFICIENT,"Error: target PID 389770 is unavailable for one sample.
Error: target PID 389765 is unavailable for one sample.
Error: target PID 389766 is unavailable for one sample.
Error: target PID 389769 is unavailable for one sample.
Error: target PID 389767 is unavailable for one sample."
2026-09-02T12:59:36Z,primary-a8-w2-measured-5-integrated,MEASURED,INTEGRATED,8,2,2,APP_389765_69052830,389765,69052830,mixed,1,8,17841231,12347,311788100967695,6097.196,3051.861,5846017.674,81.661,9960.000,19212.000,43251517.362,3299.996,17.429,180.166,6828.000,156988.000,17.429,12108.000,313976.000,24,23,2,2323.747,2026.633,7186.132,43470.668,226304.832,1858.068,1855.885,44583.746,48272.232,6874.998,7671.959,5859.175,4194.078,13697.705,7.000,0,0,12,724633.542,60386.128,1128034.221,1188.067,1188.067,21,MEASURED,INSUFFICIENT,"Error: target PID 389770 is unavailable for one sample.
Error: target PID 389765 is unavailable for one sample.
Error: target PID 389766 is unavailable for one sample.
Error: target PID 389769 is unavailable for one sample.
Error: target PID 389767 is unavailable for one sample."
2026-09-02T12:59:36Z,primary-a8-w2-measured-5-integrated,MEASURED,INTEGRATED,8,2,3,APP_389766_69052830,389766,69052830,mixed,1,8,17841231,12348,311788101573991,6097.196,3048.901,5851693.364,81.628,9960.000,19212.000,43251517.362,3299.996,17.429,180.166,6828.000,156988.000,17.429,12108.000,313976.000,24,23,2,3666.782,2954.332,13697.913,43471.176,226307.592,6071.403,6067.165,65521.264,72230.729,5561.929,7444.546,7623.847,9833.344,41795.631,7.000,0,0,12,724633.542,60386.128,1128034.221,1193.633,1193.633,21,MEASURED,INSUFFICIENT,"Error: target PID 389770 is unavailable for one sample.
Error: target PID 389765 is unavailable for one sample.
Error: target PID 389766 is unavailable for one sample.
Error: target PID 389769 is unavailable for one sample.
Error: target PID 389767 is unavailable for one sample."
2026-09-02T12:59:36Z,primary-a8-w2-measured-5-integrated,MEASURED,INTEGRATED,8,2,4,APP_389767_69052830,389767,69052830,mixed,1,8,17841231,12349,311788102107058,6097.196,3283.049,5434348.543,72.938,9896.000,19212.000,43251517.362,3299.996,17.429,180.166,6828.000,156988.000,17.429,12108.000,313976.000,26,25,2,4853.217,4874.888,14521.667,41051.661,226308.496,2625.415,2623.157,86692.408,96183.397,6818.477,7693.650,8242.376,7493.514,26566.354,7.000,0,0,12,724633.542,60386.128,1128034.221,1202.958,1202.958,23,MEASURED,INSUFFICIENT,"Error: target PID 389770 is unavailable for one sample.
Error: target PID 389765 is unavailable for one sample.
Error: target PID 389766 is unavailable for one sample.
Error: target PID 389769 is unavailable for one sample.
Error: target PID 389767 is unavailable for one sample."
2026-09-02T12:59:36Z,primary-a8-w2-measured-5-integrated,MEASURED,INTEGRATED,8,2,5,APP_389768_69052830,389768,69052830,mixed,1,8,17841231,12350,311788104566494,6097.196,2965.900,6015453.140,82.743,10024.000,19212.000,43251517.362,3299.996,17.429,180.166,6828.000,156988.000,17.429,12108.000,313976.000,22,22,2,7166.901,6336.352,26567.909,44946.500,226309.085,1565.192,1562.151,109980.853,124131.952,6091.252,6514.226,5926.085,8744.352,27647.306,7.000,0,0,12,724633.542,60386.128,1128034.221,1207.114,1207.114,19,MEASURED,INSUFFICIENT,"Error: target PID 389770 is unavailable for one sample.
Error: target PID 389765 is unavailable for one sample.
Error: target PID 389766 is unavailable for one sample.
Error: target PID 389769 is unavailable for one sample.
Error: target PID 389767 is unavailable for one sample."
2026-09-02T12:59:36Z,primary-a8-w2-measured-5-integrated,MEASURED,INTEGRATED,8,2,6,APP_389769_69052830,389769,69052830,mixed,1,8,17841231,12351,311788105304279,6097.196,3054.778,5840434.950,81.735,9896.000,19212.000,43251517.362,3299.996,17.429,180.166,6828.000,156988.000,17.429,12108.000,313976.000,24,23,2,7802.939,7387.213,27648.931,43472.439,226316.362,2998.097,2995.523,129082.529,145313.365,6805.529,5976.140,6988.994,10873.687,45670.086,7.000,0,0,12,724633.542,60386.128,1128034.221,1212.923,1212.923,21,MEASURED,INSUFFICIENT,"Error: target PID 389770 is unavailable for one sample.
Error: target PID 389765 is unavailable for one sample.
Error: target PID 389766 is unavailable for one sample.
Error: target PID 389769 is unavailable for one sample.
Error: target PID 389767 is unavailable for one sample."
2026-09-02T12:59:36Z,primary-a8-w2-measured-5-integrated,MEASURED,INTEGRATED,8,2,7,APP_389770_69052830,389770,69052830,mixed,1,8,17841231,12352,311788105998536,6097.196,2963.215,6020903.106,85.787,9956.000,19212.000,43251517.362,3299.996,17.429,180.166,6828.000,156988.000,17.429,12108.000,313976.000,23,22,2,10330.886,8546.637,41779.572,45347.078,226316.653,2988.614,2986.262,149414.500,168552.921,7003.701,9101.708,5624.838,13447.002,44366.393,7.000,0,0,12,724633.542,60386.128,1128034.221,1215.738,1215.738,20,MEASURED,INSUFFICIENT,"Error: target PID 389770 is unavailable for one sample.
Error: target PID 389765 is unavailable for one sample.
Error: target PID 389766 is unavailable for one sample.
Error: target PID 389769 is unavailable for one sample.
Error: target PID 389767 is unavailable for one sample."
2026-09-02T12:59:40Z,primary-a8-w2-measured-6-integrated,MEASURED,INTEGRATED,8,2,0,APP_389835_69053195,389835,69053195,mixed,1,8,17841231,12345,311791760086277,3317.074,2547.543,7003310.396,91.585,9960.000,19212.000,46932998.310,3041.141,17.131,166.106,6684.000,156956.000,17.131,11904.000,313912.000,21,20,2,840.151,144.098,3707.834,37375.317,183536.222,1361.862,1359.185,110.747,125.075,6948.274,9142.414,6508.136,2209.751,6606.852,7.000,0,0,12,623697.711,51974.809,1129627.788,1173.940,1173.940,18,MEASURED,INSUFFICIENT,"Error: target PID 389835 is unavailable for one sample.
Error: target PID 389842 is unavailable for one sample.
Error: target PID 389836 is unavailable for one sample.
Error: target PID 389840 is unavailable for one sample.
Error: target PID 389841 is unavailable for one sample.
Error: target PID 389837 is unavailable for one sample.
Error: target PID 389838 is unavailable for one sample."
2026-09-02T12:59:40Z,primary-a8-w2-measured-6-integrated,MEASURED,INTEGRATED,8,2,1,APP_389836_69053196,389836,69053196,mixed,1,8,17841231,12346,311791760614828,3317.074,2807.645,6354518.339,83.739,10020.000,19212.000,46932998.310,3041.141,17.131,166.106,6684.000,156956.000,17.131,11904.000,313912.000,23,22,2,1671.335,1053.671,4568.808,35129.586,183532.046,1555.257,1553.146,23287.024,24417.607,5264.983,8827.114,7435.083,3235.901,9253.948,7.000,0,0,12,623697.711,51974.809,1129627.788,1175.776,1175.776,20,MEASURED,INSUFFICIENT,"Error: target PID 389835 is unavailable for one sample.
Error: target PID 389842 is unavailable for one sample.
Error: target PID 389836 is unavailable for one sample.
Error: target PID 389840 is unavailable for one sample.
Error: target PID 389841 is unavailable for one sample.
Error: target PID 389837 is unavailable for one sample.
Error: target PID 389838 is unavailable for one sample."
2026-09-02T12:59:40Z,primary-a8-w2-measured-6-integrated,MEASURED,INTEGRATED,8,2,2,APP_389837_69053196,389837,69053196,mixed,1,8,17841231,12347,311791761066655,3317.074,2934.600,6079611.926,78.278,9960.000,19212.000,46932998.310,3041.141,17.131,166.106,6684.000,156956.000,17.131,11904.000,313912.000,24,23,2,1728.886,1892.492,3759.112,35004.092,183534.726,1040.222,1037.127,45352.944,45565.922,5092.595,7475.590,6841.451,2780.195,8466.716,7.000,0,0,12,623697.711,51974.809,1129627.788,1175.973,1175.973,21,MEASURED,INSUFFICIENT,"Error: target PID 389835 is unavailable for one sample.
Error: target PID 389842 is unavailable for one sample.
Error: target PID 389836 is unavailable for one sample.
Error: target PID 389840 is unavailable for one sample.
Error: target PID 389841 is unavailable for one sample.
Error: target PID 389837 is unavailable for one sample.
Error: target PID 389838 is unavailable for one sample."
2026-09-02T12:59:40Z,primary-a8-w2-measured-6-integrated,MEASURED,INTEGRATED,8,2,3,APP_389838_69053196,389838,69053196,mixed,1,8,17841231,12348,311791761460727,3317.074,3023.109,5901617.363,75.472,9960.000,19212.000,46932998.310,3041.141,17.131,166.106,6684.000,156956.000,17.131,11904.000,313912.000,25,24,2,2440.378,2725.863,4728.335,33653.899,183535.154,3386.575,3383.573,65289.323,65404.407,7303.682,6525.364,5987.233,5837.548,14038.330,7.000,0,0,12,623697.711,51974.809,1129627.788,1175.320,1175.320,22,MEASURED,INSUFFICIENT,"Error: target PID 389835 is unavailable for one sample.
Error: target PID 389842 is unavailable for one sample.
Error: target PID 389836 is unavailable for one sample.
Error: target PID 389840 is unavailable for one sample.
Error: target PID 389841 is unavailable for one sample.
Error: target PID 389837 is unavailable for one sample.
Error: target PID 389838 is unavailable for one sample."
2026-09-02T12:59:40Z,primary-a8-w2-measured-6-integrated,MEASURED,INTEGRATED,8,2,4,APP_389839_69053196,389839,69053196,mixed,1,8,17841231,12349,311791761951331,3317.074,2895.512,6161684.126,79.547,9960.000,19212.000,46932998.310,3041.141,17.131,166.106,6684.000,156956.000,17.131,11904.000,313912.000,23,23,2,3602.412,3581.508,5585.628,35132.029,183534.959,2819.205,2816.998,85633.597,86074.224,6030.309,7552.051,6027.987,6431.795,14351.364,7.000,0,0,12,623697.711,51974.809,1129627.788,1176.921,1176.921,20,MEASURED,INSUFFICIENT,"Error: target PID 389835 is unavailable for one sample.
Error: target PID 389842 is unavailable for one sample.
Error: target PID 389836 is unavailable for one sample.
Error: target PID 389840 is unavailable for one sample.
Error: target PID 389841 is unavailable for one sample.
Error: target PID 389837 is unavailable for one sample.
Error: target PID 389838 is unavailable for one sample."
2026-09-02T12:59:40Z,primary-a8-w2-measured-6-integrated,MEASURED,INTEGRATED,8,2,5,APP_389840_69053196,389840,69053196,mixed,1,8,17841231,12350,311791762429672,3317.074,2787.024,6401535.755,85.499,9956.000,19212.000,46932998.310,3041.141,17.131,166.106,6684.000,156956.000,17.131,11904.000,313912.000,23,22,2,4494.531,4587.661,6890.835,35133.193,183534.992,1416.817,1414.313,105776.789,106137.669,6549.273,6925.330,5443.047,5922.507,12850.336,7.000,0,0,12,623697.711,51974.809,1129627.788,1180.125,1180.125,20,MEASURED,INSUFFICIENT,"Error: target PID 389835 is unavailable for one sample.
Error: target PID 389842 is unavailable for one sample.
Error: target PID 389836 is unavailable for one sample.
Error: target PID 389840 is unavailable for one sample.
Error: target PID 389841 is unavailable for one sample.
Error: target PID 389837 is unavailable for one sample.
Error: target PID 389838 is unavailable for one sample."
2026-09-02T12:59:40Z,primary-a8-w2-measured-6-integrated,MEASURED,INTEGRATED,8,2,6,APP_389841_69053196,389841,69053196,mixed,1,8,17841231,12351,311791762885584,3317.074,2772.001,6436228.630,83.710,10088.000,19212.000,46932998.310,3041.141,17.131,166.106,6684.000,156956.000,17.131,11904.000,313912.000,23,22,2,5412.087,5458.592,9068.106,35133.793,183536.478,1749.696,1746.809,125186.489,127138.532,6800.980,7573.908,6193.637,7174.443,12309.550,7.000,0,0,12,623697.711,51974.809,1129627.788,1179.984,1179.984,20,MEASURED,INSUFFICIENT,"Error: target PID 389835 is unavailable for one sample.
Error: target PID 389842 is unavailable for one sample.
Error: target PID 389836 is unavailable for one sample.
Error: target PID 389840 is unavailable for one sample.
Error: target PID 389841 is unavailable for one sample.
Error: target PID 389837 is unavailable for one sample.
Error: target PID 389838 is unavailable for one sample."
2026-09-02T12:59:40Z,primary-a8-w2-measured-6-integrated,MEASURED,INTEGRATED,8,2,7,APP_389842_69053196,389842,69053196,mixed,1,8,17841231,12352,311791763403351,3317.074,2517.138,7087902.819,92.376,9960.000,19212.000,46932998.310,3041.141,17.131,166.106,6684.000,156956.000,17.131,11904.000,313912.000,21,20,2,6683.961,6471.854,10107.335,37416.062,183536.291,3140.960,3138.682,146276.308,148166.742,6329.637,6785.243,6770.378,9836.044,21991.304,7.000,0,0,12,623697.711,51974.809,1129627.788,1179.167,1179.167,18,MEASURED,INSUFFICIENT,"Error: target PID 389835 is unavailable for one sample.
Error: target PID 389842 is unavailable for one sample.
Error: target PID 389836 is unavailable for one sample.
Error: target PID 389840 is unavailable for one sample.
Error: target PID 389841 is unavailable for one sample.
Error: target PID 389837 is unavailable for one sample.
Error: target PID 389838 is unavailable for one sample."
2026-09-02T12:59:43Z,primary-a8-w2-measured-6-baseline,MEASURED,BASELINE,8,2,0,NA,389905,69053559,mixed,1,8,17841231,12345,311795392944977,3385.580,2810.032,6349120.154,84.736,9960.000,19212.000,48144690.773,2964.602,NA,NA,NA,NA,NA,NA,NA,,,,,,,,,,,,,,,,,,NA,0,0,0,NA,NA,NA,,NA,,MEASURED,NOT_RUN,
2026-09-02T12:59:43Z,primary-a8-w2-measured-6-baseline,MEASURED,BASELINE,8,2,1,NA,389906,69053559,mixed,1,8,17841231,12346,311795393499945,3385.580,2642.424,6751843.490,91.127,9960.000,19212.000,48144690.773,2964.602,NA,NA,NA,NA,NA,NA,NA,,,,,,,,,,,,,,,,,,NA,0,0,0,NA,NA,NA,,NA,,MEASURED,NOT_RUN,
2026-09-02T12:59:43Z,primary-a8-w2-measured-6-baseline,MEASURED,BASELINE,8,2,2,NA,389907,69053559,mixed,1,8,17841231,12347,311795393965248,3385.580,2709.724,6584151.558,90.000,10344.000,19212.000,48144690.773,2964.602,NA,NA,NA,NA,NA,NA,NA,,,,,,,,,,,,,,,,,,NA,0,0,0,NA,NA,NA,,NA,,MEASURED,NOT_RUN,
2026-09-02T12:59:43Z,primary-a8-w2-measured-6-baseline,MEASURED,BASELINE,8,2,3,NA,389908,69053559,mixed,1,8,17841231,12348,311795394363436,3385.580,2865.964,6225211.007,83.847,9960.000,19212.000,48144690.773,2964.602,NA,NA,NA,NA,NA,NA,NA,,,,,,,,,,,,,,,,,,NA,0,0,0,NA,NA,NA,,NA,,MEASURED,NOT_RUN,
2026-09-02T12:59:43Z,primary-a8-w2-measured-6-baseline,MEASURED,BASELINE,8,2,4,NA,389909,69053559,mixed,1,8,17841231,12349,311795394824621,3385.580,2948.678,6050585.690,80.419,9960.000,19212.000,48144690.773,2964.602,NA,NA,NA,NA,NA,NA,NA,,,,,,,,,,,,,,,,,,NA,0,0,0,NA,NA,NA,,NA,,MEASURED,NOT_RUN,
2026-09-02T12:59:43Z,primary-a8-w2-measured-6-baseline,MEASURED,BASELINE,8,2,5,NA,389910,69053559,mixed,1,8,17841231,12350,311795395313106,3385.580,2428.045,7347983.056,97.320,9960.000,19212.000,48144690.773,2964.602,NA,NA,NA,NA,NA,NA,NA,,,,,,,,,,,,,,,,,,NA,0,0,0,NA,NA,NA,,NA,,MEASURED,NOT_RUN,
2026-09-02T12:59:43Z,primary-a8-w2-measured-6-baseline,MEASURED,BASELINE,8,2,6,NA,389911,69053559,mixed,1,8,17841231,12351,311795395789568,3385.580,2879.992,6194888.715,82.233,10024.000,19212.000,48144690.773,2964.602,NA,NA,NA,NA,NA,NA,NA,,,,,,,,,,,,,,,,,,NA,0,0,0,NA,NA,NA,,NA,,MEASURED,NOT_RUN,
2026-09-02T12:59:43Z,primary-a8-w2-measured-6-baseline,MEASURED,BASELINE,8,2,7,NA,389912,69053559,mixed,1,8,17841231,12352,311795396330557,3385.580,2850.223,6259590.187,83.497,10024.000,19212.000,48144690.773,2964.602,NA,NA,NA,NA,NA,NA,NA,,,,,,,,,,,,,,,,,,NA,0,0,0,NA,NA,NA,,NA,,MEASURED,NOT_RUN,
2026-09-02T12:59:46Z,primary-a8-w2-measured-7-baseline,MEASURED,BASELINE,8,2,0,NA,389923,69053856,mixed,1,8,17841231,12345,311798365179499,4391.962,2720.264,6558640.117,84.933,10024.000,19212.000,48793917.313,2925.157,NA,NA,NA,NA,NA,NA,NA,,,,,,,,,,,,,,,,,,NA,0,0,0,NA,NA,NA,,NA,,MEASURED,NOT_RUN,
2026-09-02T12:59:46Z,primary-a8-w2-measured-7-baseline,MEASURED,BASELINE,8,2,1,NA,389924,69053856,mixed,1,8,17841231,12346,311798365741808,4391.962,2456.168,7263847.352,97.789,9960.000,19212.000,48793917.313,2925.157,NA,NA,NA,NA,NA,NA,NA,,,,,,,,,,,,,,,,,,NA,0,0,0,NA,NA,NA,,NA,,MEASURED,NOT_RUN,
2026-09-02T12:59:46Z,primary-a8-w2-measured-7-baseline,MEASURED,BASELINE,8,2,2,NA,389925,69053856,mixed,1,8,17841231,12347,311798366291768,4391.962,2657.800,6712781.606,89.255,9960.000,19212.000,48793917.313,2925.157,NA,NA,NA,NA,NA,NA,NA,,,,,,,,,,,,,,,,,,NA,0,0,0,NA,NA,NA,,NA,,MEASURED,NOT_RUN,
2026-09-02T12:59:46Z,primary-a8-w2-measured-7-baseline,MEASURED,BASELINE,8,2,3,NA,389926,69053856,mixed,1,8,17841231,12348,311798366902705,4391.962,2696.939,6615362.930,87.116,9960.000,19212.000,48793917.313,2925.157,NA,NA,NA,NA,NA,NA,NA,,,,,,,,,,,,,,,,,,NA,0,0,0,NA,NA,NA,,NA,,MEASURED,NOT_RUN,
2026-09-02T12:59:46Z,primary-a8-w2-measured-7-baseline,MEASURED,BASELINE,8,2,4,NA,389927,69053856,mixed,1,8,17841231,12349,311798367578058,4391.962,2550.311,6995707.881,91.466,10024.000,19212.000,48793917.313,2925.157,NA,NA,NA,NA,NA,NA,NA,,,,,,,,,,,,,,,,,,NA,0,0,0,NA,NA,NA,,NA,,MEASURED,NOT_RUN,
2026-09-02T12:59:46Z,primary-a8-w2-measured-7-baseline,MEASURED,BASELINE,8,2,5,NA,389928,69053856,mixed,1,8,17841231,12350,311798368244268,4391.962,2413.402,7392564.283,98.779,9960.000,19212.000,48793917.313,2925.157,NA,NA,NA,NA,NA,NA,NA,,,,,,,,,,,,,,,,,,NA,0,0,0,NA,NA,NA,,NA,,MEASURED,NOT_RUN,
2026-09-02T12:59:46Z,primary-a8-w2-measured-7-baseline,MEASURED,BASELINE,8,2,6,NA,389929,69053856,mixed,1,8,17841231,12351,311798368833549,4391.962,2593.246,6879883.988,91.859,9960.000,19212.000,48793917.313,2925.157,NA,NA,NA,NA,NA,NA,NA,,,,,,,,,,,,,,,,,,NA,0,0,0,NA,NA,NA,,NA,,MEASURED,NOT_RUN,
2026-09-02T12:59:46Z,primary-a8-w2-measured-7-baseline,MEASURED,BASELINE,8,2,7,NA,389930,69053856,mixed,1,8,17841231,12352,311798369571461,4391.962,2894.293,6164278.631,77.028,9956.000,19212.000,48793917.313,2925.157,NA,NA,NA,NA,NA,NA,NA,,,,,,,,,,,,,,,,,,NA,0,0,0,NA,NA,NA,,NA,,MEASURED,NOT_RUN,
2026-09-02T12:59:49Z,primary-a8-w2-measured-7-integrated,MEASURED,INTEGRATED,8,2,0,APP_389939_69054149,389939,69054149,mixed,1,8,17841231,12345,311801297377613,3663.993,2956.015,6035568.175,81.548,9960.000,19212.000,43249823.265,3300.126,17.066,187.625,6624.000,156948.000,17.066,11800.000,313896.000,24,23,2,412.360,152.180,3038.680,33521.967,150968.910,965.511,963.263,100.902,108.165,6554.693,7769.092,10252.670,1384.855,4027.883,7.000,0,0,12,673828.239,56152.353,1130463.485,1171.895,1171.895,21,MEASURED,INSUFFICIENT,"Error: target PID 389946 is unavailable for one sample.
Error: target PID 389939 is unavailable for one sample.
Error: target PID 389942 is unavailable for one sample."
2026-09-02T12:59:49Z,primary-a8-w2-measured-7-integrated,MEASURED,INTEGRATED,8,2,1,APP_389940_69054149,389940,69054149,mixed,1,8,17841231,12346,311801297962018,3663.993,3080.229,5792175.896,77.397,9956.000,19212.000,43249823.265,3300.126,17.066,187.625,6624.000,156948.000,17.066,11800.000,313896.000,25,25,2,1629.207,1170.535,4757.714,32244.855,150983.070,1502.490,1500.287,25247.092,27129.440,7605.618,9740.770,8114.478,3142.562,9057.492,7.000,0,0,12,673828.239,56152.353,1130463.485,1186.024,1186.024,22,MEASURED,INSUFFICIENT,"Error: target PID 389946 is unavailable for one sample.
Error: target PID 389939 is unavailable for one sample.
Error: target PID 389942 is unavailable for one sample."
2026-09-02T12:59:49Z,primary-a8-w2-measured-7-integrated,MEASURED,INTEGRATED,8,2,2,APP_389941_69054149,389941,69054149,mixed,1,8,17841231,12347,311801298495215,3663.993,3280.009,5439385.455,71.665,9960.000,19212.000,43249823.265,3300.126,17.066,187.625,6624.000,156948.000,17.066,11800.000,313896.000,27,27,3,1897.666,1961.293,4843.014,32371.121,151030.525,1087.370,1084.574,34209.345,60189.813,4941.701,6826.133,5067.961,2994.990,7254.898,7.000,0,0,12,673828.239,56152.353,1130463.485,1155.101,1186.864,23,MEASURED,INSUFFICIENT,"Error: target PID 389946 is unavailable for one sample.
Error: target PID 389939 is unavailable for one sample.
Error: target PID 389942 is unavailable for one sample."
2026-09-02T12:59:49Z,primary-a8-w2-measured-7-integrated,MEASURED,INTEGRATED,8,2,3,APP_389942_69054149,389942,69054149,mixed,1,8,17841231,12348,311801298997587,3663.993,2950.373,6047111.276,79.856,9960.000,19212.000,43249823.265,3300.126,17.066,187.625,6624.000,156948.000,17.066,11800.000,313896.000,24,23,2,3135.571,2838.856,7965.559,33525.814,151032.711,5728.498,5725.830,70838.173,80205.989,5515.586,7968.041,6945.528,8878.200,19465.669,7.000,0,0,12,673828.239,56152.353,1130463.485,1189.191,1189.191,21,MEASURED,INSUFFICIENT,"Error: target PID 389946 is unavailable for one sample.
Error: target PID 389939 is unavailable for one sample.
Error: target PID 389942 is unavailable for one sample."
2026-09-02T12:59:49Z,primary-a8-w2-measured-7-integrated,MEASURED,INTEGRATED,8,2,4,APP_389943_69054149,389943,69054149,mixed,1,8,17841231,12349,311801299432873,3663.993,2640.049,6757917.436,90.051,10024.000,19212.000,43249823.265,3300.126,17.066,187.625,6624.000,156948.000,17.066,11800.000,313896.000,21,21,2,5147.450,4241.319,15099.680,36629.430,151032.993,2866.910,2864.660,91843.881,102372.871,6631.997,8400.753,5819.450,8266.365,16000.819,7.000,0,0,12,673828.239,56152.353,1130463.485,1190.027,1190.027,18,MEASURED,INSUFFICIENT,"Error: target PID 389946 is unavailable for one sample.
Error: target PID 389939 is unavailable for one sample.
Error: target PID 389942 is unavailable for one sample."
2026-09-02T12:59:49Z,primary-a8-w2-measured-7-integrated,MEASURED,INTEGRATED,8,2,5,APP_389944_69054149,389944,69054149,mixed,1,8,17841231,12350,311801299951551,3663.993,3188.062,5596263.009,72.960,10024.000,19212.000,43249823.265,3300.126,17.066,187.625,6624.000,156948.000,17.066,11800.000,313896.000,25,25,2,5539.026,5005.187,12323.663,32249.654,151034.074,1229.271,1227.095,113251.517,124199.218,6720.019,7188.686,9678.358,6779.437,16122.549,7.000,0,0,12,673828.239,56152.353,1130463.485,1202.131,1202.131,22,MEASURED,INSUFFICIENT,"Error: target PID 389946 is unavailable for one sample.
Error: target PID 389939 is unavailable for one sample.
Error: target PID 389942 is unavailable for one sample."
2026-09-02T12:59:49Z,primary-a8-w2-measured-7-integrated,MEASURED,INTEGRATED,8,2,6,APP_389945_69054150,389945,69054150,mixed,1,8,17841231,12351,311801300505735,3663.993,2362.265,7552596.473,99.198,10020.000,19212.000,43249823.265,3300.126,17.066,187.625,6624.000,156948.000,17.066,11800.000,313896.000,18,18,2,7256.184,6063.019,14039.041,31278.871,151035.963,2107.288,2104.654,137349.668,154349.067,6657.168,11315.222,5037.852,9375.118,28142.482,7.000,0,0,12,673828.239,56152.353,1130463.485,1208.539,1208.539,16,MEASURED,INSUFFICIENT,"Error: target PID 389946 is unavailable for one sample.
Error: target PID 389939 is unavailable for one sample.
Error: target PID 389942 is unavailable for one sample."
2026-09-02T12:59:49Z,primary-a8-w2-measured-7-integrated,MEASURED,INTEGRATED,8,2,7,APP_389946_69054150,389946,69054150,mixed,1,8,17841231,12352,311801301041606,3663.993,2793.044,6387737.837,85.850,10084.000,19212.000,43249823.265,3300.126,17.066,187.625,6624.000,156948.000,17.066,11800.000,313896.000,23,22,2,8075.795,6913.533,19433.093,34567.593,151035.626,3399.524,3397.205,160943.927,181169.136,4902.238,4765.280,5012.882,11486.744,20438.928,7.000,0,0,12,673828.239,56152.353,1130463.485,1195.994,1195.994,20,MEASURED,INSUFFICIENT,"Error: target PID 389946 is unavailable for one sample.
Error: target PID 389939 is unavailable for one sample.
Error: target PID 389942 is unavailable for one sample."
2026-09-02T12:59:53Z,primary-a8-w2-measured-8-integrated,MEASURED,INTEGRATED,8,2,0,APP_390016_69054513,390016,69054513,mixed,1,8,17841231,12345,311804938554325,3085.551,2398.713,7437834.197,98.349,9960.000,19212.000,45220869.159,3156.283,16.586,181.238,6632.000,156948.000,16.586,9960.000,312016.000,18,17,2,149.427,133.106,340.379,53885.778,248435.314,1541.615,1539.289,118.671,137.431,9521.101,11376.291,6852.877,1698.031,5026.590,7.000,0,0,12,691054.875,57587.906,1107956.968,1196.004,1196.004,15,MEASURED,INSUFFICIENT,"Error: target PID 390016 is unavailable for one sample.
Error: target PID 390018 is unavailable for one sample.
Error: target PID 390023 is unavailable for one sample."
2026-09-02T12:59:53Z,primary-a8-w2-measured-8-integrated,MEASURED,INTEGRATED,8,2,1,APP_390017_69054513,390017,69054513,mixed,1,8,17841231,12346,311804939096498,3085.551,2868.526,6219651.617,83.989,9960.000,19212.000,45220869.159,3156.283,16.586,181.238,6632.000,156948.000,16.586,9960.000,312016.000,21,21,2,834.131,818.110,1707.248,46219.120,248427.675,1384.154,1381.518,28460.386,30428.924,6173.414,7890.029,8888.541,2229.332,8174.308,7.000,0,0,12,691054.875,57587.906,1107956.968,1190.986,1190.986,18,MEASURED,INSUFFICIENT,"Error: target PID 390016 is unavailable for one sample.
Error: target PID 390018 is unavailable for one sample.
Error: target PID 390023 is unavailable for one sample."
2026-09-02T12:59:53Z,primary-a8-w2-measured-8-integrated,MEASURED,INTEGRATED,8,2,2,APP_390018_69054513,390018,69054513,mixed,1,8,17841231,12347,311804939529771,3085.551,2917.284,6115698.685,81.801,10020.000,19212.000,45220869.159,3156.283,16.586,181.238,6632.000,156948.000,16.586,9960.000,312016.000,22,21,2,1713.219,1848.912,3030.274,47775.586,248426.857,1528.191,1525.970,51982.659,52523.362,6163.679,8879.720,6846.874,3252.864,14844.019,7.000,0,0,12,691054.875,57587.906,1107956.968,1191.998,1191.998,19,MEASURED,INSUFFICIENT,"Error: target PID 390016 is unavailable for one sample.
Error: target PID 390018 is unavailable for one sample.
Error: target PID 390023 is unavailable for one sample."
2026-09-02T12:59:53Z,primary-a8-w2-measured-8-integrated,MEASURED,INTEGRATED,8,2,3,APP_390019_69054513,390019,69054513,mixed,1,8,17841231,12348,311804939928130,3085.551,3051.864,5846011.678,76.674,9960.000,19212.000,45220869.159,3156.283,16.586,181.238,6632.000,156948.000,16.586,9960.000,312016.000,23,23,2,2478.897,2739.083,4563.447,45653.465,248427.437,3509.025,3506.425,74443.256,74471.974,6724.858,7447.238,4700.231,5997.806,19016.683,7.000,0,0,12,691054.875,57587.906,1107956.968,1188.741,1188.741,20,MEASURED,INSUFFICIENT,"Error: target PID 390016 is unavailable for one sample.
Error: target PID 390018 is unavailable for one sample.
Error: target PID 390023 is unavailable for one sample."
2026-09-02T12:59:53Z,primary-a8-w2-measured-8-integrated,MEASURED,INTEGRATED,8,2,4,APP_390020_69054514,390020,69054514,mixed,1,8,17841231,12349,311804940302700,3085.551,2937.588,6073429.543,81.534,10020.000,19212.000,45220869.159,3156.283,16.586,181.238,6632.000,156948.000,16.586,9960.000,312016.000,22,21,2,3641.835,3570.419,6988.284,47778.195,248427.306,4633.074,4629.996,93860.753,95514.716,4223.534,4850.083,4861.614,8323.727,16077.583,7.000,0,0,12,691054.875,57587.906,1107956.968,1177.340,1177.340,19,MEASURED,INSUFFICIENT,"Error: target PID 390016 is unavailable for one sample.
Error: target PID 390018 is unavailable for one sample.
Error: target PID 390023 is unavailable for one sample."
2026-09-02T12:59:53Z,primary-a8-w2-measured-8-integrated,MEASURED,INTEGRATED,8,2,5,APP_390021_69054514,390021,69054514,mixed,1,8,17841231,12350,311804940761767,3085.551,2857.323,6244038.145,83.987,9956.000,19212.000,45220869.159,3156.283,16.586,181.238,6632.000,156948.000,16.586,9960.000,312016.000,21,21,2,4888.132,4525.003,8143.671,46221.579,248427.329,1347.290,1344.627,108297.650,115658.313,3997.894,3065.008,6266.936,6247.142,9258.234,7.000,0,0,12,691054.875,57587.906,1107956.968,1166.832,1166.832,18,MEASURED,INSUFFICIENT,"Error: target PID 390016 is unavailable for one sample.
Error: target PID 390018 is unavailable for one sample.
Error: target PID 390023 is unavailable for one sample."
2026-09-02T12:59:53Z,primary-a8-w2-measured-8-integrated,MEASURED,INTEGRATED,8,2,6,APP_390022_69054514,390022,69054514,mixed,1,8,17841231,12351,311804941215115,3085.551,3052.564,5844670.990,76.020,10024.000,19212.000,45220869.159,3156.283,16.586,181.238,6632.000,156948.000,16.586,9960.000,312016.000,23,23,2,5342.523,5440.118,9079.367,45654.930,248429.407,1521.584,1518.977,122103.970,134721.249,5839.755,4839.622,5232.624,6875.775,13081.643,7.000,0,0,12,691054.875,57587.906,1107956.968,1150.137,1150.137,20,MEASURED,INSUFFICIENT,"Error: target PID 390016 is unavailable for one sample.
Error: target PID 390018 is unavailable for one sample.
Error: target PID 390023 is unavailable for one sample."
2026-09-02T12:59:53Z,primary-a8-w2-measured-8-integrated,MEASURED,INTEGRATED,8,2,7,APP_390023_69054514,390023,69054514,mixed,1,8,17841231,12352,311804941639876,3085.551,3123.110,5712649.115,74.592,9896.000,19212.000,45220869.159,3156.283,16.586,181.238,6632.000,156948.000,16.586,9960.000,312016.000,24,23,2,6372.781,6354.295,13082.700,44596.894,248429.405,2304.792,2302.602,138527.159,159492.514,3949.183,6321.469,4695.287,8900.282,18801.808,7.000,0,0,12,691054.875,57587.906,1107956.968,1137.521,1137.521,21,MEASURED,INSUFFICIENT,"Error: target PID 390016 is unavailable for one sample.
Error: target PID 390018 is unavailable for one sample.
Error: target PID 390023 is unavailable for one sample."
2026-09-02T12:59:56Z,primary-a8-w2-measured-8-baseline,MEASURED,BASELINE,8,2,0,NA,390085,69054860,mixed,1,8,17841231,12345,311808406148523,5956.502,2984.102,5978761.234,74.863,10024.000,19212.000,47580036.672,2999.784,NA,NA,NA,NA,NA,NA,NA,,,,,,,,,,,,,,,,,,NA,0,0,0,NA,NA,NA,,NA,,MEASURED,NOT_RUN,
2026-09-02T12:59:56Z,primary-a8-w2-measured-8-baseline,MEASURED,BASELINE,8,2,1,NA,390086,69054860,mixed,1,8,17841231,12346,311808406685969,5956.502,2787.820,6399708.034,83.896,10024.000,19212.000,47580036.672,2999.784,NA,NA,NA,NA,NA,NA,NA,,,,,,,,,,,,,,,,,,NA,0,0,0,NA,NA,NA,,NA,,MEASURED,NOT_RUN,
2026-09-02T12:59:56Z,primary-a8-w2-measured-8-baseline,MEASURED,BASELINE,8,2,2,NA,390087,69054860,mixed,1,8,17841231,12347,311808407101370,5956.502,2371.428,7523412.472,97.922,9960.000,19212.000,47580036.672,2999.784,NA,NA,NA,NA,NA,NA,NA,,,,,,,,,,,,,,,,,,NA,0,0,0,NA,NA,NA,,NA,,MEASURED,NOT_RUN,
2026-09-02T12:59:56Z,primary-a8-w2-measured-8-baseline,MEASURED,BASELINE,8,2,3,NA,390088,69054860,mixed,1,8,17841231,12348,311808407586648,5956.502,2827.366,6310195.204,82.325,10024.000,19212.000,47580036.672,2999.784,NA,NA,NA,NA,NA,NA,NA,,,,,,,,,,,,,,,,,,NA,0,0,0,NA,NA,NA,,NA,,MEASURED,NOT_RUN,
2026-09-02T12:59:56Z,primary-a8-w2-measured-8-baseline,MEASURED,BASELINE,8,2,4,NA,390089,69054860,mixed,1,8,17841231,12349,311808408110172,5956.502,2661.667,6703028.619,87.700,9960.000,19212.000,47580036.672,2999.784,NA,NA,NA,NA,NA,NA,NA,,,,,,,,,,,,,,,,,,NA,0,0,0,NA,NA,NA,,NA,,MEASURED,NOT_RUN,
2026-09-02T12:59:56Z,primary-a8-w2-measured-8-baseline,MEASURED,BASELINE,8,2,5,NA,390090,69054861,mixed,1,8,17841231,12350,311808411117139,5956.502,2763.102,6456957.324,85.278,10024.000,19212.000,47580036.672,2999.784,NA,NA,NA,NA,NA,NA,NA,,,,,,,,,,,,,,,,,,NA,0,0,0,NA,NA,NA,,NA,,MEASURED,NOT_RUN,
2026-09-02T12:59:56Z,primary-a8-w2-measured-8-baseline,MEASURED,BASELINE,8,2,6,NA,390091,69054861,mixed,1,8,17841231,12351,311808411631938,5956.502,2567.185,6949726.504,89.885,9896.000,19212.000,47580036.672,2999.784,NA,NA,NA,NA,NA,NA,NA,,,,,,,,,,,,,,,,,,NA,0,0,0,NA,NA,NA,,NA,,MEASURED,NOT_RUN,
2026-09-02T12:59:56Z,primary-a8-w2-measured-8-baseline,MEASURED,BASELINE,8,2,7,NA,390092,69054861,mixed,1,8,17841231,12352,311808412105025,5956.502,2794.982,6383308.558,83.974,9896.000,19212.000,47580036.672,2999.784,NA,NA,NA,NA,NA,NA,NA,,,,,,,,,,,,,,,,,,NA,0,0,0,NA,NA,NA,,NA,,MEASURED,NOT_RUN,
