level,component,application,pid,job_id,start_ns,end_ns,duration_us,status
discovery,application_discovery_scan,-,-1,0,129706044558865,129706078278303,33719.438,OK
worker,job_submission,APP_196111_38322410,196111,4294967297,129706087089686,129706087115748,26.062,OK
worker,job_started,APP_196111_38322410,196111,4294967297,129706087213966,129706087214241,0.275,OK
sample,proc_pid_stat,-,196111,0,129706087344915,129706087464860,119.945,OK
lifecycle,perf_counter_attempt,-,196111,0,129706087679187,129706087688312,9.125,UNAVAILABLE
lifecycle,perf_counter_attempt,-,196111,0,129706087723179,129706087726699,3.520,UNAVAILABLE
lifecycle,perf_counter_initialization,-,196111,0,129706087678843,129706087750165,71.322,OK
lifecycle,initialization,-,196111,0,129706087311367,129706087772337,460.970,OK
sample,cache_perf_read,-,-1,0,129706087792527,129706087792714,0.187,UNAVAILABLE
sample,cache_perf_read,-,-1,0,129706087811301,129706087811432,0.131,UNAVAILABLE
sample,proc_pid_stat,-,196111,0,129706087832858,129706087895290,62.432,OK
sample,cpu_statistics,-,-1,0,129706087942996,129706088183299,240.303,OK
sample,memory_rss,-,196111,0,129706088221010,129706088359232,138.222,OK
sample,numa_information,-,196111,0,129706088391143,129706088758649,367.506,OK
sample,thread_enumeration,-,196111,0,129706088837903,129706088854813,16.910,OK
sample,thread_enumeration,-,196111,0,129706088886130,129706088886349,0.219,OK
sample,thread_enumeration,-,196111,0,129706088907720,129706088907916,0.196,OK
sample,per_thread_stat,-,196111,196111,129706088930965,129706088998576,67.611,OK
sample,thread_enumeration,-,196111,0,129706089080063,129706089083688,3.625,END
sample,thread_statistics_total,-,196111,0,129706088795864,129706089112398,316.534,OK
sample,csv_formatting_process,-,196111,0,129706089249923,129706089262039,12.116,OK
sample,csv_write_process,-,196111,0,129706089293047,129706089316952,23.905,OK
sample,csv_formatting_threads,-,196111,0,129706089341991,129706089346641,4.650,OK
sample,csv_write_threads,-,196111,0,129706089363933,129706089376594,12.661,OK
sample,monitor_sample_total,-,196111,0,129706087792099,129706089401330,1609.231,OK
lifecycle,finalization,-,196111,0,129706089422270,129706089431072,8.802,OK
lifecycle,monitor_run_pid_once,-,196111,0,129706087311222,129706089456574,2145.352,OK
worker,monitor_execution,APP_196111_38322410,196111,4294967297,129706087300450,129706089477628,2177.178,OK
worker,job_completed,APP_196111_38322410,196111,4294967297,129706089523148,129706089523283,0.135,OK
discovery,application_discovery_scan,-,-1,0,129706103538867,129706136421774,32882.907,OK
discovery,application_discovery_scan,-,-1,0,129706154755287,129706188348353,33593.066,OK
worker,job_submission,APP_196111_38322410,196111,4294967298,129706190113215,129706190134988,21.773,OK
worker,job_started,APP_196111_38322410,196111,4294967298,129706190255994,129706190256160,0.166,OK
sample,proc_pid_stat,-,196111,0,129706190326375,129706190404435,78.060,OK
lifecycle,perf_counter_attempt,-,196111,0,129706190529682,129706190537854,8.172,UNAVAILABLE
lifecycle,perf_counter_attempt,-,196111,0,129706190561583,129706190563561,1.978,UNAVAILABLE
lifecycle,perf_counter_initialization,-,196111,0,129706190529334,129706190576157,46.823,OK
lifecycle,initialization,-,196111,0,129706190305468,129706190589378,283.910,OK
sample,cache_perf_read,-,-1,0,129706190602890,129706190603032,0.142,UNAVAILABLE
sample,cache_perf_read,-,-1,0,129706190614958,129706190615050,0.092,UNAVAILABLE
sample,proc_pid_stat,-,196111,0,129706190628046,129706190667807,39.761,OK
sample,cpu_statistics,-,-1,0,129706190701809,129706190837478,135.669,OK
sample,memory_rss,-,196111,0,129706190859332,129706190942982,83.650,OK
sample,numa_information,-,196111,0,129706190960954,129706191235288,274.334,OK
sample,thread_enumeration,-,196111,0,129706191296798,129706191304261,7.463,OK
sample,thread_enumeration,-,196111,0,129706191320949,129706191321138,0.189,OK
sample,thread_enumeration,-,196111,0,129706191332155,129706191332281,0.126,OK
sample,per_thread_stat,-,196111,196111,129706191343315,129706191384526,41.211,OK
sample,thread_enumeration,-,196111,0,129706191405691,129706191407798,2.107,END
sample,thread_statistics_total,-,196111,0,129706191272081,129706191448381,176.300,OK
sample,csv_formatting_process,-,196111,0,129706191468511,129706191475746,7.235,OK
sample,csv_write_process,-,196111,0,129706191489625,129706191494005,4.380,OK
sample,csv_formatting_threads,-,196111,0,129706191504602,129706191507584,2.982,OK
sample,csv_write_threads,-,196111,0,129706191517335,129706191520096,2.761,OK
sample,monitor_sample_total,-,196111,0,129706190602592,129706191530484,927.892,OK
lifecycle,finalization,-,196111,0,129706191542109,129706191547752,5.643,OK
lifecycle,monitor_run_pid_once,-,196111,0,129706190305373,129706191557850,1252.477,OK
worker,monitor_execution,APP_196111_38322410,196111,4294967298,129706190296264,129706191570854,1274.590,OK
worker,job_completed,APP_196111_38322410,196111,4294967298,129706191597775,129706191597869,0.094,OK
discovery,application_discovery_scan,-,-1,0,129706206314841,129706244513602,38198.761,OK
discovery,application_discovery_scan,-,-1,0,129706262035544,129706296752059,34716.515,OK
worker,job_submission,APP_196111_38322410,196111,4294967299,129706300620873,129706300646234,25.361,OK
worker,job_started,APP_196111_38322410,196111,4294967299,129706300787566,129706300787733,0.167,OK
sample,proc_pid_stat,-,196111,0,129706300859621,129706300938169,78.548,OK
lifecycle,perf_counter_attempt,-,196111,0,129706301089906,129706301097717,7.811,UNAVAILABLE
lifecycle,perf_counter_attempt,-,196111,0,129706301132151,129706301134531,2.380,UNAVAILABLE
lifecycle,perf_counter_initialization,-,196111,0,129706301089555,129706301149570,60.015,OK
lifecycle,initialization,-,196111,0,129706300840502,129706301160985,320.483,OK
sample,cache_perf_read,-,-1,0,129706301172148,129706301172287,0.139,UNAVAILABLE
sample,cache_perf_read,-,-1,0,129706301183113,129706301183188,0.075,UNAVAILABLE
sample,proc_pid_stat,-,196111,0,129706301193531,129706301236059,42.528,OK
sample,cpu_statistics,-,-1,0,129706301275299,129706301414914,139.615,OK
sample,memory_rss,-,196111,0,129706301436292,129706301519958,83.666,OK
sample,numa_information,-,196111,0,129706301537506,129706301768428,230.922,OK
sample,thread_enumeration,-,196111,0,129706301811182,129706301819066,7.884,OK
sample,thread_enumeration,-,196111,0,129706301833118,129706301833294,0.176,OK
sample,thread_enumeration,-,196111,0,129706301844730,129706301844864,0.134,OK
sample,per_thread_stat,-,196111,196111,129706301855118,129706301893140,38.022,OK
sample,thread_enumeration,-,196111,0,129706301932322,129706301934236,1.914,END
sample,thread_statistics_total,-,196111,0,129706301790219,129706301949589,159.370,OK
sample,csv_formatting_process,-,196111,0,129706301968558,129706301976023,7.465,OK
sample,csv_write_process,-,196111,0,129706301995195,129706301999815,4.620,OK
sample,csv_formatting_threads,-,196111,0,129706302059640,129706302063301,3.661,OK
sample,csv_write_threads,-,196111,0,129706302075494,129706302078653,3.159,OK
sample,monitor_sample_total,-,196111,0,129706301171841,129706302089227,917.386,OK
lifecycle,finalization,-,196111,0,129706302102834,129706302109494,6.660,OK
lifecycle,monitor_run_pid_once,-,196111,0,129706300840400,129706302124143,1283.743,OK
worker,monitor_execution,APP_196111_38322410,196111,4294967299,129706300831698,129706302137056,1305.358,OK
worker,job_completed,APP_196111_38322410,196111,4294967299,129706302160431,129706302160525,0.094,OK
discovery,application_discovery_scan,-,-1,0,129706316845568,129706358701607,41856.039,OK
worker,job_submission,APP_196117_38322435,196117,8589934593,129706361195366,129706361221311,25.945,OK
worker,job_started,APP_196117_38322435,196117,8589934593,129706361384911,129706361385081,0.170,OK
sample,proc_pid_stat,-,196117,0,129706361487710,129706361585876,98.166,OK
lifecycle,perf_counter_attempt,-,196117,0,129706361784060,129706361793181,9.121,UNAVAILABLE
lifecycle,perf_counter_attempt,-,196117,0,129706361823233,129706361826352,3.119,UNAVAILABLE
lifecycle,perf_counter_initialization,-,196117,0,129706361783726,129706361849763,66.037,OK
lifecycle,initialization,-,196117,0,129706361460747,129706361869647,408.900,OK
sample,cache_perf_read,-,-1,0,129706361941049,129706361941244,0.195,UNAVAILABLE
sample,cache_perf_read,-,-1,0,129706361967689,129706361967819,0.130,UNAVAILABLE
sample,proc_pid_stat,-,196117,0,129706361988772,129706362078505,89.733,OK
sample,cpu_statistics,-,-1,0,129706362141876,129706362311790,169.914,OK
sample,memory_rss,-,196117,0,129706362344267,129706362470379,126.112,OK
sample,numa_information,-,196117,0,129706362500764,129706362960602,459.838,OK
sample,thread_enumeration,-,196117,0,129706363057525,129706363074722,17.197,OK
sample,thread_enumeration,-,196117,0,129706363128268,129706363128658,0.390,OK
sample,thread_enumeration,-,196117,0,129706363154883,129706363155096,0.213,OK
sample,per_thread_stat,-,196117,196117,129706363174953,129706363251643,76.690,OK
sample,thread_enumeration,-,196117,0,129706363323489,129706363327100,3.611,END
sample,thread_statistics_total,-,196117,0,129706362991909,129706363356168,364.259,OK
sample,csv_formatting_process,-,196117,0,129706363387745,129706363398053,10.308,OK
sample,csv_write_process,-,196117,0,129706363433611,129706363458769,25.158,OK
sample,csv_formatting_threads,-,196117,0,129706363482866,129706363487896,5.030,OK
sample,csv_write_threads,-,196117,0,129706363504007,129706363517169,13.162,OK
sample,monitor_sample_total,-,196117,0,129706361940576,129706363536577,1596.001,OK
lifecycle,finalization,-,196117,0,129706363554798,129706363563975,9.177,OK
lifecycle,monitor_run_pid_once,-,196117,0,129706361460614,129706363581959,2121.345,OK
worker,monitor_execution,APP_196117_38322435,196117,8589934593,129706361449203,129706363600194,2150.991,OK
worker,job_completed,APP_196117_38322435,196117,8589934593,129706363638773,129706363638970,0.197,OK
discovery,application_discovery_scan,-,-1,0,129706377554911,129706409417558,31862.647,OK
worker,job_submission,APP_196111_38322410,196111,4294967300,129706411065622,129706411090003,24.381,OK
worker,job_submission,APP_196117_38322435,196117,8589934594,129706411159883,129706411186940,27.057,OK
worker,job_started,APP_196111_38322410,196111,4294967300,129706411404818,129706411405051,0.233,OK
worker,job_started,APP_196117_38322435,196117,8589934594,129706411420967,129706411421121,0.154,OK
sample,proc_pid_stat,-,196111,0,129706411522038,129706411628882,106.844,OK
sample,proc_pid_stat,-,196117,0,129706411667392,129706411807625,140.233,OK
lifecycle,perf_counter_attempt,-,196111,0,129706411857678,129706411868083,10.405,UNAVAILABLE
lifecycle,perf_counter_attempt,-,196111,0,129706411951719,129706411956568,4.849,UNAVAILABLE
lifecycle,perf_counter_initialization,-,196111,0,129706411857333,129706411987874,130.541,OK
lifecycle,initialization,-,196111,0,129706411487524,129706412038328,550.804,OK
sample,cache_perf_read,-,-1,0,129706412083104,129706412083286,0.182,UNAVAILABLE
sample,cache_perf_read,-,-1,0,129706412130387,129706412130474,0.087,UNAVAILABLE
lifecycle,perf_counter_attempt,-,196117,0,129706412059095,129706412067682,8.587,UNAVAILABLE
lifecycle,perf_counter_attempt,-,196117,0,129706412245296,129706412250984,5.688,UNAVAILABLE
lifecycle,perf_counter_initialization,-,196117,0,129706412058814,129706412284535,225.721,OK
lifecycle,initialization,-,196117,0,129706411623771,129706412312046,688.275,OK
sample,cache_perf_read,-,-1,0,129706412334111,129706412334285,0.174,UNAVAILABLE
sample,cache_perf_read,-,-1,0,129706412356247,129706412356381,0.134,UNAVAILABLE
sample,proc_pid_stat,-,196111,0,129706412154783,129706412223527,68.744,OK
sample,proc_pid_stat,-,196117,0,129706412378706,129706412450061,71.355,OK
sample,cpu_statistics,-,-1,0,129706412451913,129706412622964,171.051,OK
sample,cpu_statistics,-,-1,0,129706412507504,129706412659672,152.168,OK
sample,memory_rss,-,196111,0,129706412658806,129706412784050,125.244,OK
sample,memory_rss,-,196117,0,129706412697087,129706412824276,127.189,OK
sample,numa_information,-,196111,0,129706412820834,129706413207386,386.552,OK
sample,thread_enumeration,-,196111,0,129706413323610,129706413334944,11.334,OK
sample,thread_enumeration,-,196111,0,129706413377411,129706413377563,0.152,OK
sample,thread_enumeration,-,196111,0,129706413396141,129706413396268,0.127,OK
sample,numa_information,-,196117,0,129706412858079,129706413449506,591.427,OK
sample,per_thread_stat,-,196111,196111,129706413429308,129706413485625,56.317,OK
sample,thread_enumeration,-,196117,0,129706413548338,129706413557718,9.380,OK
sample,thread_enumeration,-,196117,0,129706413592644,129706413593000,0.356,OK
sample,thread_enumeration,-,196117,0,129706413613274,129706413613470,0.196,OK
sample,thread_enumeration,-,196111,0,129706413555336,129706413558152,2.816,END
sample,thread_statistics_total,-,196111,0,129706413265391,129706413740201,474.810,OK
sample,per_thread_stat,-,196117,196117,129706413634154,129706413701152,66.998,OK
sample,thread_enumeration,-,196117,0,129706413838556,129706413842493,3.937,END
sample,thread_statistics_total,-,196117,0,129706413500071,129706413877048,376.977,OK
sample,csv_formatting_process,-,196111,0,129706413783427,129706413795833,12.406,OK
sample,csv_write_process,-,196111,0,129706413949463,129706413956744,7.281,OK
sample,csv_formatting_threads,-,196111,0,129706413975464,129706413979213,3.749,OK
sample,csv_formatting_process,-,196117,0,129706413908540,129706413920635,12.095,OK
sample,csv_write_process,-,196117,0,129706414067789,129706414076437,8.648,OK
sample,csv_formatting_threads,-,196117,0,129706414104250,129706414110160,5.910,OK
sample,csv_write_threads,-,196117,0,129706414141872,129706414147814,5.942,OK
sample,monitor_sample_total,-,196117,0,129706412333785,129706414174529,1840.744,OK
sample,csv_write_threads,-,196111,0,129706413992491,129706413995963,3.472,OK
sample,monitor_sample_total,-,196111,0,129706412082687,129706414240206,2157.519,OK
lifecycle,finalization,-,196117,0,129706414200847,129706414211643,10.796,OK
lifecycle,monitor_run_pid_once,-,196117,0,129706411623638,129706414304800,2681.162,OK
worker,monitor_execution,APP_196117_38322435,196117,8589934594,129706411612970,129706414334429,2721.459,OK
lifecycle,finalization,-,196111,0,129706414255650,129706414266717,11.067,OK
lifecycle,monitor_run_pid_once,-,196111,0,129706411487392,129706414416313,2928.921,OK
worker,monitor_execution,APP_196111_38322410,196111,4294967300,129706411476846,129706414438830,2961.984,OK
worker,job_completed,APP_196117_38322435,196117,8589934594,129706414389984,129706414390236,0.252,OK
worker,job_completed,APP_196111_38322410,196111,4294967300,129706414465716,129706414465893,0.177,OK
discovery,application_discovery_scan,-,-1,0,129706427347517,129706467661889,40314.372,OK
discovery,application_discovery_scan,-,-1,0,129706485309999,129706517706624,32396.625,OK
worker,job_submission,APP_196111_38322410,196111,4294967301,129706519226735,129706519246724,19.989,OK
worker,job_submission,APP_196117_38322435,196117,8589934595,129706519303854,129706519312942,9.088,OK
worker,job_started,APP_196111_38322410,196111,4294967301,129706519410994,129706519411198,0.204,OK
worker,job_started,APP_196117_38322435,196117,8589934595,129706519447577,129706519447739,0.162,OK
sample,proc_pid_stat,-,196111,0,129706519495346,129706519576816,81.470,OK
sample,proc_pid_stat,-,196117,0,129706519569083,129706519648423,79.340,OK
lifecycle,perf_counter_attempt,-,196111,0,129706519732591,129706519740795,8.204,UNAVAILABLE
lifecycle,perf_counter_attempt,-,196111,0,129706519772630,129706519775726,3.096,UNAVAILABLE
lifecycle,perf_counter_initialization,-,196111,0,129706519732220,129706519798873,66.653,OK
lifecycle,initialization,-,196111,0,129706519479535,129706519831089,351.554,OK
sample,cache_perf_read,-,-1,0,129706519859727,129706519859921,0.194,UNAVAILABLE
sample,cache_perf_read,-,-1,0,129706519883852,129706519883988,0.136,UNAVAILABLE
lifecycle,perf_counter_attempt,-,196117,0,129706519802473,129706519810212,7.739,UNAVAILABLE
lifecycle,perf_counter_attempt,-,196117,0,129706519956567,129706519962726,6.159,UNAVAILABLE
lifecycle,perf_counter_initialization,-,196117,0,129706519802221,129706519994803,192.582,OK
lifecycle,initialization,-,196117,0,129706519554051,129706520081171,527.120,OK
sample,cache_perf_read,-,-1,0,129706520123559,129706520123755,0.196,UNAVAILABLE
sample,cache_perf_read,-,-1,0,129706520151254,129706520151372,0.118,UNAVAILABLE
sample,proc_pid_stat,-,196111,0,129706519905942,129706519963873,57.931,OK
sample,proc_pid_stat,-,196117,0,129706520209844,129706520280996,71.152,OK
sample,cpu_statistics,-,-1,0,129706520316516,129706520474365,157.849,OK
sample,cpu_statistics,-,-1,0,129706520341419,129706520533015,191.596,OK
sample,memory_rss,-,196111,0,129706520518393,129706520649181,130.788,OK
sample,memory_rss,-,196117,0,129706520577142,129706520717105,139.963,OK
sample,numa_information,-,196111,0,129706520682675,129706520979280,296.605,OK
sample,thread_enumeration,-,196111,0,129706521066702,129706521076775,10.073,OK
sample,thread_enumeration,-,196111,0,129706521118745,129706521119151,0.406,OK
sample,thread_enumeration,-,196111,0,129706521144868,129706521145029,0.161,OK
sample,per_thread_stat,-,196111,196111,129706521168340,129706521233959,65.619,OK
sample,thread_enumeration,-,196111,0,129706521262586,129706521266139,3.553,END
sample,thread_statistics_total,-,196111,0,129706521045526,129706521298294,252.768,OK
sample,csv_formatting_process,-,196111,0,129706521329336,129706521341561,12.225,OK
sample,csv_write_process,-,196111,0,129706521368429,129706521375916,7.487,OK
sample,csv_formatting_threads,-,196111,0,129706521395487,129706521400961,5.474,OK
sample,csv_write_threads,-,196111,0,129706521420300,129706521425714,5.414,OK
sample,monitor_sample_total,-,196111,0,129706519859326,129706521444899,1585.573,OK
lifecycle,finalization,-,196111,0,129706521484037,129706521494826,10.789,OK
lifecycle,monitor_run_pid_once,-,196111,0,129706519479395,129706521524232,2044.837,OK
worker,monitor_execution,APP_196111_38322410,196111,4294967301,129706519469644,129706521552195,2082.551,OK
sample,numa_information,-,196117,0,129706520754801,129706521463440,708.639,OK
worker,job_completed,APP_196111_38322410,196111,4294967301,129706521596501,129706521596639,0.138,OK
sample,thread_enumeration,-,196117,0,129706521664256,129706521672741,8.485,OK
sample,thread_enumeration,-,196117,0,129706521755331,129706521755904,0.573,OK
sample,thread_enumeration,-,196117,0,129706521778576,129706521778768,0.192,OK
sample,per_thread_stat,-,196117,196117,129706521803648,129706521868126,64.478,OK
sample,thread_enumeration,-,196117,0,129706521899142,129706521902058,2.916,END
sample,thread_statistics_total,-,196117,0,129706521643497,129706521930965,287.468,OK
sample,csv_formatting_process,-,196117,0,129706521955303,129706521966750,11.447,OK
sample,csv_write_process,-,196117,0,129706521991470,129706521998087,6.617,OK
sample,csv_formatting_threads,-,196117,0,129706522066060,129706522071610,5.550,OK
sample,csv_write_threads,-,196117,0,129706522091083,129706522095580,4.497,OK
sample,monitor_sample_total,-,196117,0,129706520123040,129706522117616,1994.576,OK
lifecycle,finalization,-,196117,0,129706522139017,129706522148886,9.869,OK
lifecycle,monitor_run_pid_once,-,196117,0,129706519553930,129706522173818,2619.888,OK
worker,monitor_execution,APP_196117_38322435,196117,8589934595,129706519543602,129706522204241,2660.639,OK
worker,job_completed,APP_196117_38322435,196117,8589934595,129706522244333,129706522244462,0.129,OK
discovery,application_discovery_scan,-,-1,0,129706535474030,129706572430866,36956.836,OK
discovery,application_discovery_scan,-,-1,0,129706590036241,129706627588141,37551.900,OK
worker,job_submission,APP_196111_38322410,196111,4294967302,129706632226080,129706632256533,30.453,OK
worker,job_submission,APP_196117_38322435,196117,8589934596,129706632348706,129706632385860,37.154,OK
worker,job_started,APP_196111_38322410,196111,4294967302,129706632467342,129706632467517,0.175,OK
worker,job_started,APP_196117_38322435,196117,8589934596,129706632546993,129706632547224,0.231,OK
sample,proc_pid_stat,-,196111,0,129706632589385,129706632700513,111.128,OK
sample,proc_pid_stat,-,196117,0,129706632651682,129706632757785,106.103,OK
lifecycle,perf_counter_attempt,-,196111,0,129706632916478,129706632929212,12.734,UNAVAILABLE
lifecycle,perf_counter_attempt,-,196111,0,129706632965924,129706632972121,6.197,UNAVAILABLE
lifecycle,perf_counter_initialization,-,196111,0,129706632916150,129706633020617,104.467,OK
lifecycle,initialization,-,196111,0,129706632553114,129706633086919,533.805,OK
sample,cache_perf_read,-,-1,0,129706633112320,129706633112506,0.186,UNAVAILABLE
sample,cache_perf_read,-,-1,0,129706633132263,129706633132364,0.101,UNAVAILABLE
lifecycle,perf_counter_attempt,-,196117,0,129706632981265,129706632988054,6.789,UNAVAILABLE
sample,proc_pid_stat,-,196111,0,129706633165451,129706633235799,70.348,OK
lifecycle,perf_counter_attempt,-,196117,0,129706633229736,129706633236553,6.817,UNAVAILABLE
lifecycle,perf_counter_initialization,-,196117,0,129706632981029,129706633390123,409.094,OK
lifecycle,initialization,-,196117,0,129706632620042,129706633410736,790.694,OK
sample,cache_perf_read,-,-1,0,129706633424929,129706633425069,0.140,UNAVAILABLE
sample,cache_perf_read,-,-1,0,129706633438148,129706633438221,0.073,UNAVAILABLE
sample,cpu_statistics,-,-1,0,129706633305394,129706633504601,199.207,OK
sample,proc_pid_stat,-,196117,0,129706633450238,129706633514748,64.510,OK
sample,memory_rss,-,196111,0,129706633542435,129706633677820,135.385,OK
sample,cpu_statistics,-,-1,0,129706633616202,129706633753768,137.566,OK
sample,memory_rss,-,196117,0,129706633777443,129706633865157,87.714,OK
sample,numa_information,-,196111,0,129706633707070,129706634070220,363.150,OK
sample,thread_enumeration,-,196111,0,129706634152538,129706634163082,10.544,OK
sample,thread_enumeration,-,196111,0,129706634209711,129706634210051,0.340,OK
sample,thread_enumeration,-,196111,0,129706634232947,129706634233099,0.152,OK
sample,per_thread_stat,-,196111,196111,129706634253099,129706634318336,65.237,OK
sample,thread_enumeration,-,196111,0,129706634352288,129706634355670,3.382,END
sample,thread_statistics_total,-,196111,0,129706634111593,129706634386348,274.755,OK
sample,csv_formatting_process,-,196111,0,129706634418675,129706634430302,11.627,OK
sample,csv_write_process,-,196111,0,129706634456747,129706634463944,7.197,OK
sample,numa_information,-,196117,0,129706633886604,129706634336405,449.801,OK
sample,csv_formatting_threads,-,196111,0,129706634486311,129706634491473,5.162,OK
sample,csv_write_threads,-,196111,0,129706634622978,129706634629607,6.629,OK
sample,monitor_sample_total,-,196111,0,129706633111785,129706634661298,1549.513,OK
lifecycle,finalization,-,196111,0,129706634683251,129706634694036,10.785,OK
lifecycle,monitor_run_pid_once,-,196111,0,129706632552989,129706634713019,2160.030,OK
worker,monitor_execution,APP_196111_38322410,196111,4294967302,129706632543049,129706634733049,2190.000,OK
sample,thread_enumeration,-,196117,0,129706634597122,129706634605347,8.225,OK
sample,thread_enumeration,-,196117,0,129706634821238,129706634821621,0.383,OK
sample,thread_enumeration,-,196117,0,129706634840751,129706634840881,0.130,OK
worker,job_completed,APP_196111_38322410,196111,4294967302,129706634775863,129706634776036,0.173,OK
sample,per_thread_stat,-,196117,196117,129706634857601,129706634924167,66.566,OK
sample,thread_enumeration,-,196117,0,129706634946376,129706634949301,2.925,END
sample,thread_statistics_total,-,196117,0,129706634543822,129706634965204,421.382,OK
sample,csv_formatting_process,-,196117,0,129706634982159,129706634989908,7.749,OK
sample,csv_write_process,-,196117,0,129706635021287,129706635031829,10.542,OK
sample,csv_formatting_threads,-,196117,0,129706635066772,129706635070989,4.217,OK
sample,csv_write_threads,-,196117,0,129706635082741,129706635085916,3.175,OK
sample,monitor_sample_total,-,196117,0,129706633424595,129706635096583,1671.988,OK
lifecycle,finalization,-,196117,0,129706635109070,129706635116940,7.870,OK
lifecycle,monitor_run_pid_once,-,196117,0,129706632619901,129706635128934,2509.033,OK
worker,monitor_execution,APP_196117_38322435,196117,8589934596,129706632608751,129706635141700,2532.949,OK
worker,job_completed,APP_196117_38322435,196117,8589934596,129706635166028,129706635166178,0.150,OK
discovery,application_discovery_scan,-,-1,0,129706648534999,129706696257214,47722.215,OK
worker,job_submission,APP_196118_38322465,196118,12884901889,129706699271759,129706699292635,20.876,OK
worker,job_started,APP_196118_38322465,196118,12884901889,129706699458578,129706699458793,0.215,OK
sample,proc_pid_stat,-,196118,0,129706699567236,129706699655721,88.485,OK
lifecycle,perf_counter_attempt,-,196118,0,129706699866057,129706699874570,8.513,UNAVAILABLE
lifecycle,perf_counter_attempt,-,196118,0,129706699906698,129706699910315,3.617,UNAVAILABLE
lifecycle,perf_counter_initialization,-,196118,0,129706699865705,129706699934393,68.688,OK
lifecycle,initialization,-,196118,0,129706699534331,129706699956483,422.152,OK
sample,cache_perf_read,-,-1,0,129706699977861,129706699978074,0.213,UNAVAILABLE
sample,cache_perf_read,-,-1,0,129706699996853,129706699996954,0.101,UNAVAILABLE
sample,proc_pid_stat,-,196118,0,129706700079983,129706700145522,65.539,OK
sample,cpu_statistics,-,-1,0,129706700196538,129706700359448,162.910,OK
sample,memory_rss,-,196118,0,129706700392331,129706700506594,114.263,OK
sample,numa_information,-,196118,0,129706700536771,129706701036438,499.667,OK
sample,thread_enumeration,-,196118,0,129706701129348,129706701146534,17.186,OK
sample,thread_enumeration,-,196118,0,129706701190967,129706701191299,0.332,OK
sample,thread_enumeration,-,196118,0,129706701215083,129706701215222,0.139,OK
sample,per_thread_stat,-,196118,196118,129706701234758,129706701305536,70.778,OK
sample,thread_enumeration,-,196118,0,129706701334966,129706701338791,3.825,END
sample,thread_statistics_total,-,196118,0,129706701081146,129706701365253,284.107,OK
sample,csv_formatting_process,-,196118,0,129706701394008,129706701403994,9.986,OK
sample,csv_write_process,-,196118,0,129706701434438,129706701459113,24.675,OK
sample,csv_formatting_threads,-,196118,0,129706701487511,129706701492628,5.117,OK
sample,csv_write_threads,-,196118,0,129706701522933,129706701537472,14.539,OK
sample,monitor_sample_total,-,196118,0,129706699977513,129706701565949,1588.436,OK
lifecycle,finalization,-,196118,0,129706701586882,129706701596429,9.547,OK
lifecycle,monitor_run_pid_once,-,196118,0,129706699534207,129706701616685,2082.478,OK
worker,monitor_execution,APP_196118_38322465,196118,12884901889,129706699523139,129706701636414,2113.275,OK
worker,job_completed,APP_196118_38322465,196118,12884901889,129706701676481,129706701676610,0.129,OK
discovery,application_discovery_scan,-,-1,0,129706715736997,129706753158270,37421.273,OK
worker,job_submission,APP_196111_38322410,196111,4294967303,129706754664396,129706754680366,15.970,OK
worker,job_submission,APP_196117_38322435,196117,8589934597,129706754749454,129706754765960,16.506,OK
worker,job_submission,APP_196118_38322465,196118,12884901890,129706754811356,129706754838349,26.993,OK
worker,job_started,APP_196111_38322410,196111,4294967303,129706754916357,129706754916519,0.162,OK
worker,job_started,APP_196118_38322465,196118,12884901890,129706754962161,129706754962402,0.241,OK
worker,job_started,APP_196117_38322435,196117,8589934597,129706754940269,129706754940375,0.106,OK
sample,proc_pid_stat,-,196111,0,129706755031308,129706755123911,92.603,OK
sample,proc_pid_stat,-,196117,0,129706755160673,129706755227464,66.791,OK
sample,proc_pid_stat,-,196118,0,129706755081543,129706755164590,83.047,OK
lifecycle,perf_counter_attempt,-,196111,0,129706755371493,129706755379686,8.193,UNAVAILABLE
lifecycle,perf_counter_attempt,-,196111,0,129706755420833,129706755426263,5.430,UNAVAILABLE
lifecycle,perf_counter_initialization,-,196111,0,129706755371330,129706755453082,81.752,OK
lifecycle,initialization,-,196111,0,129706754973389,129706755481519,508.130,OK
sample,cache_perf_read,-,-1,0,129706755506505,129706755506701,0.196,UNAVAILABLE
sample,cache_perf_read,-,-1,0,129706755530409,129706755530541,0.132,UNAVAILABLE
lifecycle,perf_counter_attempt,-,196118,0,129706755503076,129706755510372,7.296,UNAVAILABLE
lifecycle,perf_counter_attempt,-,196118,0,129706755615286,129706755618920,3.634,UNAVAILABLE
lifecycle,perf_counter_initialization,-,196118,0,129706755502771,129706755654197,151.426,OK
lifecycle,initialization,-,196118,0,129706755066128,129706755686742,620.614,OK
sample,cache_perf_read,-,-1,0,129706755723296,129706755723492,0.196,UNAVAILABLE
sample,cache_perf_read,-,-1,0,129706755795577,129706755795728,0.151,UNAVAILABLE
sample,proc_pid_stat,-,196118,0,129706755822463,129706755947825,125.362,OK
sample,cpu_statistics,-,-1,0,129706756026591,129706756254365,227.774,OK
sample,memory_rss,-,196118,0,129706756342124,129706756458176,116.052,OK
sample,numa_information,-,196118,0,129706756489678,129706756916633,426.955,OK
sample,thread_enumeration,-,196118,0,129706756955167,129706756963229,8.062,OK
sample,thread_enumeration,-,196118,0,129706756976580,129706756976769,0.189,OK
sample,thread_enumeration,-,196118,0,129706756989124,129706756989286,0.162,OK
sample,per_thread_stat,-,196118,196118,129706757025923,129706757091977,66.054,OK
sample,thread_enumeration,-,196118,0,129706757167329,129706757171607,4.278,END
sample,thread_statistics_total,-,196118,0,129706756941400,129706757220222,278.822,OK
sample,csv_formatting_process,-,196118,0,129706757254724,129706757264847,10.123,OK
sample,csv_write_process,-,196118,0,129706757309349,129706757316816,7.467,OK
sample,csv_formatting_threads,-,196118,0,129706757347673,129706757353044,5.371,OK
sample,csv_write_threads,-,196118,0,129706757371096,129706757376806,5.710,OK
sample,monitor_sample_total,-,196118,0,129706755722809,129706757393640,1670.831,OK
lifecycle,finalization,-,196118,0,129706757413826,129706757425191,11.365,OK
lifecycle,monitor_run_pid_once,-,196118,0,129706755066014,129706757481841,2415.827,OK
worker,monitor_execution,APP_196118_38322465,196118,12884901890,129706755054639,129706757523036,2468.397,OK
worker,job_completed,APP_196118_38322465,196118,12884901890,129706757561873,129706757562048,0.175,OK
sample,proc_pid_stat,-,196111,0,129706755549076,129706755600967,51.891,OK
lifecycle,perf_counter_attempt,-,196117,0,129706755371438,129706755379679,8.241,UNAVAILABLE
lifecycle,perf_counter_attempt,-,196117,0,129706758599322,129706758605546,6.224,UNAVAILABLE
lifecycle,perf_counter_initialization,-,196117,0,129706755371155,129706758628831,3257.676,OK
lifecycle,initialization,-,196117,0,129706755149286,129706758651691,3502.405,OK
sample,cache_perf_read,-,-1,0,129706758682182,129706758682348,0.166,UNAVAILABLE
sample,cache_perf_read,-,-1,0,129706758710732,129706758710822,0.090,UNAVAILABLE
sample,cpu_statistics,-,-1,0,129706758556983,129706758768919,211.936,OK
sample,proc_pid_stat,-,196117,0,129706758732454,129706758808113,75.659,OK
sample,memory_rss,-,196111,0,129706758831223,129706758941549,110.326,OK
sample,cpu_statistics,-,-1,0,129706758906660,129706759149143,242.483,OK
sample,numa_information,-,196111,0,129706758972377,129706759264257,291.880,OK
sample,memory_rss,-,196117,0,129706759196258,129706759329547,133.289,OK
sample,thread_enumeration,-,196111,0,129706759360328,129706759368375,8.047,OK
sample,thread_enumeration,-,196111,0,129706759395492,129706759395730,0.238,OK
sample,thread_enumeration,-,196111,0,129706759409208,129706759409370,0.162,OK
sample,per_thread_stat,-,196111,196111,129706759422034,129706759469825,47.791,OK
sample,thread_enumeration,-,196111,0,129706759491278,129706759493527,2.249,END
sample,thread_statistics_total,-,196111,0,129706759294772,129706759508653,213.881,OK
sample,csv_formatting_process,-,196111,0,129706759526888,129706759534318,7.430,OK
sample,csv_write_process,-,196111,0,129706759545104,129706759551100,5.996,OK
sample,csv_formatting_threads,-,196111,0,129706759561021,129706759564165,3.144,OK
sample,csv_write_threads,-,196111,0,129706759573158,129706759576543,3.385,OK
sample,monitor_sample_total,-,196111,0,129706755506056,129706759586994,4080.938,OK
lifecycle,finalization,-,196111,0,129706759598470,129706759604642,6.172,OK
lifecycle,monitor_run_pid_once,-,196111,0,129706754973278,129706759615046,4641.768,OK
worker,monitor_execution,APP_196111_38322410,196111,4294967303,129706754963516,129706759626421,4662.905,OK
worker,job_completed,APP_196111_38322410,196111,4294967303,129706759650453,129706759650552,0.099,OK
sample,numa_information,-,196117,0,129706759373793,129706760045146,671.353,OK
sample,thread_enumeration,-,196117,0,129706760117002,129706760125813,8.811,OK
sample,thread_enumeration,-,196117,0,129706760164560,129706760164926,0.366,OK
sample,thread_enumeration,-,196117,0,129706760213359,129706760213580,0.221,OK
sample,per_thread_stat,-,196117,196117,129706760237380,129706760305899,68.519,OK
sample,thread_enumeration,-,196117,0,129706760341842,129706760344934,3.092,END
sample,thread_statistics_total,-,196117,0,129706760096356,129706760371544,275.188,OK
sample,csv_formatting_process,-,196117,0,129706760397675,129706760409301,11.626,OK
sample,csv_write_process,-,196117,0,129706760439050,129706760447018,7.968,OK
sample,csv_formatting_threads,-,196117,0,129706760465342,129706760470418,5.076,OK
sample,csv_write_threads,-,196117,0,129706760486691,129706760492088,5.397,OK
sample,monitor_sample_total,-,196117,0,129706758681868,129706760509770,1827.902,OK
lifecycle,finalization,-,196117,0,129706760530768,129706760541200,10.432,OK
lifecycle,monitor_run_pid_once,-,196117,0,129706755149166,129706760566811,5417.645,OK
worker,monitor_execution,APP_196117_38322435,196117,8589934597,129706755140974,129706760587846,5446.872,OK
worker,job_completed,APP_196117_38322435,196117,8589934597,129706760626142,129706760626252,0.110,OK
discovery,application_discovery_scan,-,-1,0,129706771043607,129706803415494,32371.887,OK
discovery,application_discovery_scan,-,-1,0,129706821335667,129706860242657,38906.990,OK
worker,job_submission,APP_196111_38322410,196111,4294967304,129706861620137,129706861637658,17.521,OK
worker,job_submission,APP_196117_38322435,196117,8589934598,129706861693891,129706861707673,13.782,OK
worker,job_submission,APP_196118_38322465,196118,12884901891,129706861742873,129706861751934,9.061,OK
worker,job_started,APP_196117_38322435,196117,8589934598,129706861843399,129706861843578,0.179,OK
worker,job_started,APP_196118_38322465,196118,12884901891,129706861913574,129706861913728,0.154,OK
worker,job_started,APP_196111_38322410,196111,4294967304,129706861890734,129706861890907,0.173,OK
sample,proc_pid_stat,-,196117,0,129706861935752,129706862047121,111.369,OK
sample,proc_pid_stat,-,196111,0,129706862085876,129706862151750,65.874,OK
sample,proc_pid_stat,-,196118,0,129706861995475,129706862095765,100.290,OK
lifecycle,perf_counter_attempt,-,196117,0,129706862262067,129706862271105,9.038,UNAVAILABLE
lifecycle,perf_counter_attempt,-,196111,0,129706862305118,129706862312202,7.084,UNAVAILABLE
lifecycle,perf_counter_attempt,-,196111,0,129706862347702,129706862350684,2.982,UNAVAILABLE
lifecycle,perf_counter_attempt,-,196117,0,129706862309413,129706862313063,3.650,UNAVAILABLE
lifecycle,perf_counter_initialization,-,196117,0,129706862261660,129706862423145,161.485,OK
lifecycle,initialization,-,196117,0,129706861919673,129706862451114,531.441,OK
sample,cache_perf_read,-,-1,0,129706862475267,129706862475454,0.187,UNAVAILABLE
sample,cache_perf_read,-,-1,0,129706862500603,129706862500701,0.098,UNAVAILABLE
lifecycle,perf_counter_initialization,-,196111,0,129706862304848,129706862377553,72.705,OK
lifecycle,initialization,-,196111,0,129706862074235,129706862562129,487.894,OK
sample,proc_pid_stat,-,196117,0,129706862522951,129706862587348,64.397,OK
sample,cache_perf_read,-,-1,0,129706862589225,129706862589367,0.142,UNAVAILABLE
sample,cache_perf_read,-,-1,0,129706862657290,129706862657361,0.071,UNAVAILABLE
lifecycle,perf_counter_attempt,-,196118,0,129706862345640,129706862350816,5.176,UNAVAILABLE
lifecycle,perf_counter_attempt,-,196118,0,129706862738408,129706862744159,5.751,UNAVAILABLE
lifecycle,perf_counter_initialization,-,196118,0,129706862345451,129706862771832,426.381,OK
lifecycle,initialization,-,196118,0,129706861981100,129706862808273,827.173,OK
sample,cache_perf_read,-,-1,0,129706862835856,129706862835971,0.115,UNAVAILABLE
sample,cache_perf_read,-,-1,0,129706862863068,129706862863159,0.091,UNAVAILABLE
sample,cpu_statistics,-,-1,0,129706862637765,129706862828993,191.228,OK
sample,proc_pid_stat,-,196111,0,129706862680958,129706862744690,63.732,OK
sample,proc_pid_stat,-,196118,0,129706862877544,129706862929764,52.220,OK
sample,memory_rss,-,196117,0,129706862950231,129706863111872,161.641,OK
sample,cpu_statistics,-,-1,0,129706863041802,129706863256127,214.325,OK
sample,cpu_statistics,-,-1,0,129706863110180,129706863292268,182.088,OK
sample,memory_rss,-,196111,0,129706863331589,129706863443157,111.568,OK
sample,memory_rss,-,196118,0,129706863419278,129706863559964,140.686,OK
sample,numa_information,-,196111,0,129706863472284,129706863729364,257.080,OK
sample,thread_enumeration,-,196111,0,129706863773833,129706863781495,7.662,OK
sample,thread_enumeration,-,196111,0,129706863802458,129706863802646,0.188,OK
sample,thread_enumeration,-,196111,0,129706863829555,129706863829693,0.138,OK
sample,numa_information,-,196117,0,129706863152226,129706863806496,654.270,OK
sample,per_thread_stat,-,196111,196111,129706863857982,129706863899821,41.839,OK
sample,thread_enumeration,-,196111,0,129706863973728,129706863976332,2.604,END
sample,thread_statistics_total,-,196111,0,129706863759135,129706864025994,266.859,OK
sample,thread_enumeration,-,196117,0,129706863950740,129706863959290,8.550,OK
sample,thread_enumeration,-,196117,0,129706864129760,129706864130172,0.412,OK
sample,thread_enumeration,-,196117,0,129706864159352,129706864159523,0.171,OK
sample,csv_formatting_process,-,196111,0,129706864067025,129706864075190,8.165,OK
sample,numa_information,-,196118,0,129706863592305,129706864240468,648.163,OK
sample,csv_write_process,-,196111,0,129706864235384,129706864243606,8.222,OK
sample,csv_formatting_threads,-,196111,0,129706864337155,129706864344098,6.943,OK
sample,per_thread_stat,-,196117,196117,129706864182435,129706864253150,70.715,OK
sample,thread_enumeration,-,196117,0,129706864408419,129706864411769,3.350,END
sample,thread_enumeration,-,196118,0,129706864293278,129706864300739,7.461,OK
sample,thread_enumeration,-,196118,0,129706864518195,129706864518544,0.349,OK
sample,thread_enumeration,-,196118,0,129706864535225,129706864535368,0.143,OK
sample,thread_statistics_total,-,196117,0,129706863929478,129706864454914,525.436,OK
sample,per_thread_stat,-,196118,196118,129706864552258,129706864615545,63.287,OK
sample,thread_enumeration,-,196118,0,129706864639339,129706864642193,2.854,END
sample,thread_statistics_total,-,196118,0,129706864275550,129706864661113,385.563,OK
sample,csv_formatting_process,-,196117,0,129706864613601,129706864624355,10.754,OK
sample,csv_write_process,-,196117,0,129706864721071,129706864729354,8.283,OK
sample,csv_formatting_threads,-,196117,0,129706864757270,129706864763132,5.862,OK
sample,csv_write_threads,-,196117,0,129706864784010,129706864789234,5.224,OK
sample,monitor_sample_total,-,196117,0,129706862474959,129706864811176,2336.217,OK
sample,csv_formatting_process,-,196118,0,129706864679216,129706864687021,7.805,OK
sample,csv_write_process,-,196118,0,129706864875721,129706864882137,6.416,OK
sample,csv_formatting_threads,-,196118,0,129706864897276,129706864900876,3.600,OK
sample,csv_write_threads,-,196118,0,129706864911959,129706864915201,3.242,OK
sample,monitor_sample_total,-,196118,0,129706862835558,129706864927667,2092.109,OK
sample,csv_write_threads,-,196111,0,129706864367044,129706864372826,5.782,OK
sample,monitor_sample_total,-,196111,0,129706862588875,129706864995443,2406.568,OK
lifecycle,finalization,-,196111,0,129706865074311,129706865086587,12.276,OK
lifecycle,monitor_run_pid_once,-,196111,0,129706862074098,129706865122360,3048.262,OK
worker,monitor_execution,APP_196111_38322410,196111,4294967304,129706862065572,129706865149800,3084.228,OK
lifecycle,finalization,-,196118,0,129706864943819,129706864952090,8.271,OK
lifecycle,monitor_run_pid_once,-,196118,0,129706861980975,129706865234986,3254.011,OK
worker,monitor_execution,APP_196118_38322465,196118,12884901891,129706861970859,129706865256680,3285.821,OK
worker,job_completed,APP_196111_38322410,196111,4294967304,129706865191423,129706865191546,0.123,OK
lifecycle,finalization,-,196117,0,129706864836378,129706864847920,11.542,OK
lifecycle,monitor_run_pid_once,-,196117,0,129706861919561,129706865376857,3457.296,OK
worker,monitor_execution,APP_196117_38322435,196117,8589934598,129706861907302,129706865400816,3493.514,OK
worker,job_completed,APP_196118_38322465,196118,12884901891,129706865284213,129706865284335,0.122,OK
worker,job_completed,APP_196117_38322435,196117,8589934598,129706865446639,129706865446762,0.123,OK
discovery,application_discovery_scan,-,-1,0,129706877879864,129706916996053,39116.189,OK
discovery,application_discovery_scan,-,-1,0,129706934566669,129706968506556,33939.887,OK
worker,job_submission,APP_196111_38322410,196111,4294967305,129706970208397,129706970226934,18.537,OK
worker,job_submission,APP_196118_38322465,196118,12884901892,129706970290884,129706970319965,29.081,OK
worker,job_started,APP_196111_38322410,196111,4294967305,129706970412925,129706970413076,0.151,OK
worker,job_started,APP_196118_38322465,196118,12884901892,129706970464954,129706970465183,0.229,OK
sample,proc_pid_stat,-,196111,0,129706970487387,129706970568582,81.195,OK
sample,proc_pid_stat,-,196118,0,129706970542749,129706970623749,81.000,OK
lifecycle,perf_counter_attempt,-,196111,0,129706970737117,129706970744753,7.636,UNAVAILABLE
lifecycle,perf_counter_attempt,-,196111,0,129706970773229,129706970776605,3.376,UNAVAILABLE
lifecycle,perf_counter_initialization,-,196111,0,129706970736755,129706970804532,67.777,OK
lifecycle,initialization,-,196111,0,129706970471245,129706970840445,369.200,OK
sample,cache_perf_read,-,-1,0,129706970872068,129706970872270,0.202,UNAVAILABLE
sample,cache_perf_read,-,-1,0,129706970901936,129706970902040,0.104,UNAVAILABLE
lifecycle,perf_counter_attempt,-,196118,0,129706970775068,129706970782120,7.052,UNAVAILABLE
lifecycle,perf_counter_attempt,-,196118,0,129706970980712,129706970984744,4.032,UNAVAILABLE
lifecycle,perf_counter_initialization,-,196118,0,129706970774790,129706971031943,257.153,OK
lifecycle,initialization,-,196118,0,129706970528146,129706971074192,546.046,OK
sample,cache_perf_read,-,-1,0,129706971098973,129706971099135,0.162,UNAVAILABLE
sample,cache_perf_read,-,-1,0,129706971127051,129706971127172,0.121,UNAVAILABLE
sample,proc_pid_stat,-,196111,0,129706970928130,129706970991728,63.598,OK
sample,proc_pid_stat,-,196118,0,129706971150003,129706971216498,66.495,OK
sample,cpu_statistics,-,-1,0,129706971229010,129706971425274,196.264,OK
sample,cpu_statistics,-,-1,0,129706971263935,129706971468284,204.349,OK
sample,memory_rss,-,196111,0,129706971459372,129706971601500,142.128,OK
sample,memory_rss,-,196118,0,129706971501245,129706971634037,132.792,OK
sample,numa_information,-,196111,0,129706971653976,129706971901591,247.615,OK
sample,thread_enumeration,-,196111,0,129706971940833,129706971948334,7.501,OK
sample,thread_enumeration,-,196111,0,129706971962480,129706971962693,0.213,OK
sample,thread_enumeration,-,196111,0,129706971973225,129706971973350,0.125,OK
sample,per_thread_stat,-,196111,196111,129706971984147,129706972060328,76.181,OK
sample,thread_enumeration,-,196111,0,129706972101959,129706972104682,2.723,END
sample,thread_statistics_total,-,196111,0,129706971927996,129706972122349,194.353,OK
sample,csv_formatting_process,-,196111,0,129706972142207,129706972149682,7.475,OK
sample,csv_write_process,-,196111,0,129706972159665,129706972164479,4.814,OK
sample,csv_formatting_threads,-,196111,0,129706972175528,129706972178678,3.150,OK
sample,csv_write_threads,-,196111,0,129706972189730,129706972192489,2.759,OK
sample,monitor_sample_total,-,196111,0,129706970871687,129706972202749,1331.062,OK
lifecycle,finalization,-,196111,0,129706972213906,129706972220210,6.304,OK
lifecycle,monitor_run_pid_once,-,196111,0,129706970471116,129706972229807,1758.691,OK
worker,monitor_execution,APP_196111_38322410,196111,4294967305,129706970460750,129706972241744,1780.994,OK
worker,job_completed,APP_196111_38322410,196111,4294967305,129706972266291,129706972266394,0.103,OK
sample,numa_information,-,196118,0,129706971703584,129706972439951,736.367,OK
sample,thread_enumeration,-,196118,0,129706972494334,129706972503069,8.735,OK
sample,thread_enumeration,-,196118,0,129706972525023,129706972525343,0.320,OK
sample,thread_enumeration,-,196118,0,129706972543825,129706972544042,0.217,OK
sample,per_thread_stat,-,196118,196118,129706972564229,129706972621492,57.263,OK
sample,thread_enumeration,-,196118,0,129706972650831,129706972654005,3.174,END
sample,thread_statistics_total,-,196118,0,129706972476082,129706972703754,227.672,OK
sample,csv_formatting_process,-,196118,0,129706972729314,129706972739623,10.309,OK
sample,csv_write_process,-,196118,0,129706972763224,129706972770241,7.017,OK
sample,csv_formatting_threads,-,196118,0,129706972787009,129706972791373,4.364,OK
sample,csv_write_threads,-,196118,0,129706972806222,129706972811077,4.855,OK
sample,monitor_sample_total,-,196118,0,129706971098677,129706972840508,1741.831,OK
lifecycle,finalization,-,196118,0,129706972861875,129706972870618,8.743,OK
lifecycle,monitor_run_pid_once,-,196118,0,129706970528005,129706972890425,2362.420,OK
worker,monitor_execution,APP_196118_38322465,196118,12884901892,129706970518266,129706972909241,2390.975,OK
worker,job_completed,APP_196118_38322465,196118,12884901892,129706972942625,129706972942796,0.171,OK
discovery,application_discovery_scan,-,-1,0,129706986479829,129707020571611,34091.782,OK
discovery,application_discovery_scan,-,-1,0,129707038025998,129707072044130,34018.132,OK
worker,job_submission,APP_196111_38322410,196111,4294967306,129707073410928,129707073428290,17.362,OK
worker,job_submission,APP_196118_38322465,196118,12884901893,129707073482344,129707073499334,16.990,OK
worker,job_started,APP_196118_38322465,196118,12884901893,129707073545050,129707073545267,0.217,OK
worker,job_started,APP_196111_38322410,196111,4294967306,129707073562671,129707073562842,0.171,OK
sample,proc_pid_stat,-,196118,0,129707073635504,129707073718207,82.703,OK
sample,proc_pid_stat,-,196111,0,129707073700018,129707073765282,65.264,OK
lifecycle,perf_counter_attempt,-,196118,0,129707073875665,129707073884586,8.921,UNAVAILABLE
lifecycle,perf_counter_attempt,-,196118,0,129707073926090,129707073931520,5.430,UNAVAILABLE
lifecycle,perf_counter_initialization,-,196118,0,129707073875283,129707073959353,84.070,OK
lifecycle,initialization,-,196118,0,129707073620065,129707073987977,367.912,OK
sample,cache_perf_read,-,-1,0,129707074054773,129707074055040,0.267,UNAVAILABLE
sample,cache_perf_read,-,-1,0,129707074101657,129707074101753,0.096,UNAVAILABLE
lifecycle,perf_counter_attempt,-,196111,0,129707073883346,129707073887216,3.870,UNAVAILABLE
lifecycle,perf_counter_attempt,-,196111,0,129707074179756,129707074186048,6.292,UNAVAILABLE
lifecycle,perf_counter_initialization,-,196111,0,129707073883168,129707074212647,329.479,OK
lifecycle,initialization,-,196111,0,129707073689179,129707074250554,561.375,OK
sample,cache_perf_read,-,-1,0,129707074275761,129707074275893,0.132,UNAVAILABLE
sample,cache_perf_read,-,-1,0,129707074301230,129707074301331,0.101,UNAVAILABLE
sample,proc_pid_stat,-,196118,0,129707074129472,129707074194585,65.113,OK
sample,proc_pid_stat,-,196111,0,129707074321679,129707074386727,65.048,OK
sample,cpu_statistics,-,-1,0,129707074394705,129707074609367,214.662,OK
sample,cpu_statistics,-,-1,0,129707074440168,129707074616371,176.203,OK
sample,memory_rss,-,196118,0,129707074657079,129707074814187,157.108,OK
sample,memory_rss,-,196111,0,129707074711670,129707074838322,126.652,OK
sample,numa_information,-,196111,0,129707074920322,129707075284456,364.134,OK
sample,thread_enumeration,-,196111,0,129707075348057,129707075357306,9.249,OK
sample,thread_enumeration,-,196111,0,129707075381736,129707075381930,0.194,OK
sample,thread_enumeration,-,196111,0,129707075400127,129707075400294,0.167,OK
sample,per_thread_stat,-,196111,196111,129707075419758,129707075477284,57.526,OK
sample,thread_enumeration,-,196111,0,129707075506688,129707075509642,2.954,END
sample,thread_statistics_total,-,196111,0,129707075329088,129707075531873,202.785,OK
sample,csv_formatting_process,-,196111,0,129707075559554,129707075570164,10.610,OK
sample,csv_write_process,-,196111,0,129707075597508,129707075604969,7.461,OK
sample,csv_formatting_threads,-,196111,0,129707075629205,129707075634319,5.114,OK
sample,csv_write_threads,-,196111,0,129707075651270,129707075655855,4.585,OK
sample,monitor_sample_total,-,196111,0,129707074275298,129707075691732,1416.434,OK
lifecycle,finalization,-,196111,0,129707075727944,129707075738460,10.516,OK
lifecycle,monitor_run_pid_once,-,196111,0,129707073689076,129707075788939,2099.863,OK
worker,monitor_execution,APP_196111_38322410,196111,4294967306,129707073681273,129707075816729,2135.456,OK
sample,numa_information,-,196118,0,129707074854315,129707075572135,717.820,OK
worker,job_completed,APP_196111_38322410,196111,4294967306,129707075862053,129707075862224,0.171,OK
sample,thread_enumeration,-,196118,0,129707075920001,129707075928688,8.687,OK
sample,thread_enumeration,-,196118,0,129707075998959,129707075999252,0.293,OK
sample,thread_enumeration,-,196118,0,129707076068917,129707076069227,0.310,OK
sample,per_thread_stat,-,196118,196118,129707076090550,129707076144920,54.370,OK
sample,thread_enumeration,-,196118,0,129707076167402,129707076169870,2.468,END
sample,thread_statistics_total,-,196118,0,129707075896126,129707076186223,290.097,OK
sample,csv_formatting_process,-,196118,0,129707076203416,129707076213140,9.724,OK
sample,csv_write_process,-,196118,0,129707076232744,129707076238590,5.846,OK
sample,csv_formatting_threads,-,196118,0,129707076255083,129707076259027,3.944,OK
sample,csv_write_threads,-,196118,0,129707076276653,129707076280400,3.747,OK
sample,monitor_sample_total,-,196118,0,129707074054242,129707076296041,2241.799,OK
lifecycle,finalization,-,196118,0,129707076319360,129707076328133,8.773,OK
lifecycle,monitor_run_pid_once,-,196118,0,129707073619937,129707076360610,2740.673,OK
worker,monitor_execution,APP_196118_38322465,196118,12884901893,129707073608986,129707076389549,2780.563,OK
worker,job_completed,APP_196118_38322465,196118,12884901893,129707076415858,129707076415953,0.095,OK
discovery,application_discovery_scan,-,-1,0,129707089673131,129707121952866,32279.735,OK
discovery,application_discovery_scan,-,-1,0,129707139455257,129707172956398,33501.141,OK
worker,job_submission,APP_196111_38322410,196111,4294967307,129707174344637,129707174362987,18.350,OK
worker,job_submission,APP_196118_38322465,196118,12884901894,129707174426910,129707174440155,13.245,OK
worker,job_started,APP_196118_38322465,196118,12884901894,129707174516468,129707174516690,0.222,OK
worker,job_started,APP_196111_38322410,196111,4294967307,129707174536213,129707174536373,0.160,OK
sample,proc_pid_stat,-,196118,0,129707174605281,129707174691056,85.775,OK
sample,proc_pid_stat,-,196111,0,129707174677498,129707174757002,79.504,OK
lifecycle,perf_counter_attempt,-,196118,0,129707174889930,129707174898726,8.796,UNAVAILABLE
lifecycle,perf_counter_attempt,-,196118,0,129707174974059,129707174978996,4.937,UNAVAILABLE
lifecycle,perf_counter_initialization,-,196118,0,129707174889545,129707175049645,160.100,OK
lifecycle,initialization,-,196118,0,129707174588903,129707175116834,527.931,OK
sample,cache_perf_read,-,-1,0,129707175168242,129707175168431,0.189,UNAVAILABLE
sample,cache_perf_read,-,-1,0,129707175193005,129707175193076,0.071,UNAVAILABLE
lifecycle,perf_counter_attempt,-,196111,0,129707174923373,129707174930390,7.017,UNAVAILABLE
lifecycle,perf_counter_attempt,-,196111,0,129707175382987,129707175389862,6.875,UNAVAILABLE
lifecycle,perf_counter_initialization,-,196111,0,129707174923092,129707175446782,523.690,OK
lifecycle,initialization,-,196111,0,129707174663018,129707175485772,822.754,OK
sample,cache_perf_read,-,-1,0,129707175507615,129707175507783,0.168,UNAVAILABLE
sample,cache_perf_read,-,-1,0,129707175531573,129707175531699,0.126,UNAVAILABLE
sample,proc_pid_stat,-,196118,0,129707175220681,129707175291096,70.415,OK
sample,proc_pid_stat,-,196111,0,129707175551881,129707175623491,71.610,OK
sample,cpu_statistics,-,-1,0,129707175675810,129707175823608,147.798,OK
sample,cpu_statistics,-,-1,0,129707175738735,129707175913227,174.492,OK
sample,memory_rss,-,196118,0,129707175849979,129707175938822,88.843,OK
sample,memory_rss,-,196111,0,129707175964967,129707176118558,153.591,OK
sample,numa_information,-,196111,0,129707176161978,129707176525761,363.783,OK
sample,thread_enumeration,-,196111,0,129707176592718,129707176603465,10.747,OK
sample,thread_enumeration,-,196111,0,129707176634016,129707176634195,0.179,OK
sample,thread_enumeration,-,196111,0,129707176655258,129707176655449,0.191,OK
sample,numa_information,-,196118,0,129707176035540,129707176714544,679.004,OK
sample,per_thread_stat,-,196111,196111,129707176708065,129707176774149,66.084,OK
sample,thread_enumeration,-,196111,0,129707176814282,129707176817620,3.338,END
sample,thread_statistics_total,-,196111,0,129707176570616,129707176852026,281.410,OK
sample,thread_enumeration,-,196118,0,129707176774649,129707176783558,8.909,OK
sample,thread_enumeration,-,196118,0,129707176929849,129707176930302,0.453,OK
sample,thread_enumeration,-,196118,0,129707176954251,129707176954418,0.167,OK
sample,csv_formatting_process,-,196111,0,129707176885944,129707176896782,10.838,OK
sample,csv_write_process,-,196111,0,129707177088548,129707177097882,9.334,OK
sample,csv_formatting_threads,-,196111,0,129707177127836,129707177132496,4.660,OK
sample,csv_write_threads,-,196111,0,129707177144216,129707177148157,3.941,OK
sample,monitor_sample_total,-,196111,0,129707175507241,129707177158084,1650.843,OK
lifecycle,finalization,-,196111,0,129707177173704,129707177182640,8.936,OK
lifecycle,monitor_run_pid_once,-,196111,0,129707174662878,129707177204423,2541.545,OK
worker,monitor_execution,APP_196111_38322410,196111,4294967307,129707174652224,129707177235639,2583.415,OK
sample,per_thread_stat,-,196118,196118,129707176976838,129707177073852,97.014,OK
sample,thread_enumeration,-,196118,0,129707177351577,129707177355412,3.835,END
sample,thread_statistics_total,-,196118,0,129707176753244,129707177403874,650.630,OK
worker,job_completed,APP_196111_38322410,196111,4294967307,129707177295109,129707177295285,0.176,OK
sample,csv_formatting_process,-,196118,0,129707177443692,129707177455668,11.976,OK
sample,csv_write_process,-,196118,0,129707177531284,129707177539034,7.750,OK
sample,csv_formatting_threads,-,196118,0,129707177560188,129707177565710,5.522,OK
sample,csv_write_threads,-,196118,0,129707177584799,129707177589451,4.652,OK
sample,monitor_sample_total,-,196118,0,129707175167866,129707177606880,2439.014,OK
lifecycle,finalization,-,196118,0,129707177627299,129707177638409,11.110,OK
lifecycle,monitor_run_pid_once,-,196118,0,129707174588780,129707177667206,3078.426,OK
worker,monitor_execution,APP_196118_38322465,196118,12884901894,129707174578399,129707177688775,3110.376,OK
worker,job_completed,APP_196118_38322465,196118,12884901894,129707177726529,129707177726679,0.150,OK
discovery,application_discovery_scan,-,-1,0,129707190632166,129707227514811,36882.645,OK
discovery,application_discovery_scan,-,-1,0,129707245373441,129707279451442,34078.001,OK
worker,job_submission,APP_196111_38322410,196111,4294967308,129707280876428,129707280899396,22.968,OK
worker,job_submission,APP_196118_38322465,196118,12884901895,129707281037841,129707281065319,27.478,OK
worker,job_started,APP_196111_38322410,196111,4294967308,129707281257612,129707281257823,0.211,OK
worker,job_started,APP_196118_38322465,196118,12884901895,129707281276739,129707281276895,0.156,OK
sample,proc_pid_stat,-,196111,0,129707281343875,129707281429358,85.483,OK
sample,proc_pid_stat,-,196118,0,129707281400451,129707281466618,66.167,OK
lifecycle,perf_counter_attempt,-,196111,0,129707281592163,129707281601389,9.226,UNAVAILABLE
lifecycle,perf_counter_attempt,-,196111,0,129707281644552,129707281648643,4.091,UNAVAILABLE
lifecycle,perf_counter_initialization,-,196111,0,129707281591774,129707281679587,87.813,OK
lifecycle,initialization,-,196111,0,129707281327706,129707281703662,375.956,OK
sample,cache_perf_read,-,-1,0,129707281728430,129707281728628,0.198,UNAVAILABLE
sample,cache_perf_read,-,-1,0,129707281753687,129707281753773,0.086,UNAVAILABLE
lifecycle,perf_counter_attempt,-,196118,0,129707281592156,129707281601378,9.222,UNAVAILABLE
sample,proc_pid_stat,-,196111,0,129707281801204,129707281865846,64.642,OK
lifecycle,perf_counter_attempt,-,196118,0,129707281862962,129707281868643,5.681,UNAVAILABLE
lifecycle,perf_counter_initialization,-,196118,0,129707281591769,129707281970103,378.334,OK
lifecycle,initialization,-,196118,0,129707281389474,129707281997406,607.932,OK
sample,cache_perf_read,-,-1,0,129707282073440,129707282073619,0.179,UNAVAILABLE
sample,cache_perf_read,-,-1,0,129707282151824,129707282151928,0.104,UNAVAILABLE
sample,cpu_statistics,-,-1,0,129707281927926,129707282170833,242.907,OK
sample,proc_pid_stat,-,196118,0,129707282194448,129707282265000,70.552,OK
sample,memory_rss,-,196111,0,129707282265910,129707282412084,146.174,OK
sample,cpu_statistics,-,-1,0,129707282316828,129707282496620,179.792,OK
sample,memory_rss,-,196118,0,129707282535791,129707282664453,128.662,OK
sample,numa_information,-,196111,0,129707282452566,129707282819060,366.494,OK
sample,thread_enumeration,-,196111,0,129707282876263,129707282885404,9.141,OK
sample,thread_enumeration,-,196111,0,129707282911979,129707282912256,0.277,OK
sample,thread_enumeration,-,196111,0,129707282932937,129707282933093,0.156,OK
sample,per_thread_stat,-,196111,196111,129707282952891,129707283039911,87.020,OK
sample,thread_enumeration,-,196111,0,129707283092416,129707283096057,3.641,END
sample,thread_statistics_total,-,196111,0,129707282856514,129707283123867,267.353,OK
sample,csv_formatting_process,-,196111,0,129707283153557,129707283164080,10.523,OK
sample,csv_write_process,-,196111,0,129707283198748,129707283205196,6.448,OK
sample,csv_formatting_threads,-,196111,0,129707283225129,129707283230362,5.233,OK
sample,csv_write_threads,-,196111,0,129707283248624,129707283253860,5.236,OK
sample,monitor_sample_total,-,196111,0,129707281728010,129707283272061,1544.051,OK
lifecycle,finalization,-,196111,0,129707283291058,129707283300821,9.763,OK
lifecycle,monitor_run_pid_once,-,196111,0,129707281327609,129707283327221,1999.612,OK
worker,monitor_execution,APP_196111_38322410,196111,4294967308,129707281317171,129707283375846,2058.675,OK
sample,numa_information,-,196118,0,129707282696719,129707283389354,692.635,OK
worker,job_completed,APP_196111_38322410,196111,4294967308,129707283431538,129707283431675,0.137,OK
sample,thread_enumeration,-,196118,0,129707283490332,129707283498357,8.025,OK
sample,thread_enumeration,-,196118,0,129707283604371,129707283604746,0.375,OK
sample,thread_enumeration,-,196118,0,129707283621740,129707283621996,0.256,OK
sample,per_thread_stat,-,196118,196118,129707283635128,129707283688371,53.243,OK
sample,thread_enumeration,-,196118,0,129707283709303,129707283711573,2.270,END
sample,thread_statistics_total,-,196118,0,129707283468596,129707283728215,259.619,OK
sample,csv_formatting_process,-,196118,0,129707283743850,129707283750580,6.730,OK
sample,csv_write_process,-,196118,0,129707283761156,129707283766158,5.002,OK
sample,csv_formatting_threads,-,196118,0,129707283783775,129707283786388,2.613,OK
sample,csv_write_threads,-,196118,0,129707283797219,129707283799908,2.689,OK
sample,monitor_sample_total,-,196118,0,129707282073113,129707283810253,1737.140,OK
lifecycle,finalization,-,196118,0,129707283822503,129707283827585,5.082,OK
lifecycle,monitor_run_pid_once,-,196118,0,129707281389343,129707283837448,2448.105,OK
worker,monitor_execution,APP_196118_38322465,196118,12884901895,129707281381400,129707283849002,2467.602,OK
worker,job_completed,APP_196118_38322465,196118,12884901895,129707283870453,129707283870622,0.169,OK
discovery,application_discovery_scan,-,-1,0,129707297245388,129707331335015,34089.627,OK
discovery,application_discovery_scan,-,-1,0,129707348829938,129707389865247,41035.309,OK
worker,job_submission,APP_196111_38322410,196111,4294967309,129707391779001,129707391804884,25.883,OK
worker,job_submission,APP_196118_38322465,196118,12884901896,129707391879747,129707391895530,15.783,OK
worker,job_started,APP_196111_38322410,196111,4294967309,129707392072001,129707392072155,0.154,OK
worker,job_started,APP_196118_38322465,196118,12884901896,129707392102077,129707392102275,0.198,OK
sample,proc_pid_stat,-,196111,0,129707392168608,129707392251809,83.201,OK
sample,proc_pid_stat,-,196118,0,129707392236946,129707392320899,83.953,OK
lifecycle,perf_counter_attempt,-,196111,0,129707392415257,129707392425008,9.751,UNAVAILABLE
lifecycle,perf_counter_attempt,-,196111,0,129707392458368,129707392461965,3.597,UNAVAILABLE
lifecycle,perf_counter_attempt,-,196118,0,129707392475354,129707392482305,6.951,UNAVAILABLE
lifecycle,perf_counter_attempt,-,196118,0,129707392553262,129707392556745,3.483,UNAVAILABLE
lifecycle,perf_counter_initialization,-,196118,0,129707392475099,129707392583444,108.345,OK
lifecycle,initialization,-,196118,0,129707392222050,129707392620381,398.331,OK
sample,cache_perf_read,-,-1,0,129707392651108,129707392651292,0.184,UNAVAILABLE
sample,cache_perf_read,-,-1,0,129707392676095,129707392676200,0.105,UNAVAILABLE
lifecycle,perf_counter_initialization,-,196111,0,129707392414846,129707392487287,72.441,OK
lifecycle,initialization,-,196111,0,129707392152363,129707392775573,623.210,OK
sample,cache_perf_read,-,-1,0,129707392804194,129707392804382,0.188,UNAVAILABLE
sample,cache_perf_read,-,-1,0,129707392828056,129707392828152,0.096,UNAVAILABLE
sample,proc_pid_stat,-,196111,0,129707392851757,129707392925730,73.973,OK
sample,proc_pid_stat,-,196118,0,129707392700341,129707392760866,60.525,OK
sample,cpu_statistics,-,-1,0,129707393103760,129707393316692,212.932,OK
sample,cpu_statistics,-,-1,0,129707393171907,129707393384867,212.960,OK
sample,memory_rss,-,196111,0,129707393361623,129707393498371,136.748,OK
sample,memory_rss,-,196118,0,129707393416864,129707393511603,94.739,OK
sample,numa_information,-,196111,0,129707393538914,129707393877461,338.547,OK
sample,thread_enumeration,-,196111,0,129707393935102,129707393945625,10.523,OK
sample,thread_enumeration,-,196111,0,129707393976626,129707393976882,0.256,OK
sample,thread_enumeration,-,196111,0,129707393998074,129707393998292,0.218,OK
sample,per_thread_stat,-,196111,196111,129707394064488,129707394128683,64.195,OK
sample,thread_enumeration,-,196111,0,129707394164196,129707394167473,3.277,END
sample,thread_statistics_total,-,196111,0,129707393913904,129707394193913,280.009,OK
sample,csv_formatting_process,-,196111,0,129707394228519,129707394239820,11.301,OK
sample,numa_information,-,196118,0,129707393622898,129707394142654,519.756,OK
sample,csv_write_process,-,196111,0,129707394264186,129707394272391,8.205,OK
sample,csv_formatting_threads,-,196111,0,129707394373224,129707394379499,6.275,OK
sample,csv_write_threads,-,196111,0,129707394404417,129707394410916,6.499,OK
sample,monitor_sample_total,-,196111,0,129707392803716,129707394446624,1642.908,OK
sample,thread_enumeration,-,196118,0,129707394325104,129707394332232,7.128,OK
sample,thread_enumeration,-,196118,0,129707394522034,129707394522284,0.250,OK
sample,thread_enumeration,-,196118,0,129707394545578,129707394545707,0.129,OK
lifecycle,finalization,-,196111,0,129707394473957,129707394485236,11.279,OK
lifecycle,monitor_run_pid_once,-,196111,0,129707392152257,129707394592306,2440.049,OK
worker,monitor_execution,APP_196111_38322410,196111,4294967309,129707392140301,129707394625999,2485.698,OK
sample,per_thread_stat,-,196118,196118,129707394560310,129707394612708,52.398,OK
sample,thread_enumeration,-,196118,0,129707394739206,129707394742876,3.670,END
sample,thread_statistics_total,-,196118,0,129707394307743,129707394883581,575.838,OK
sample,csv_formatting_process,-,196118,0,129707394940450,129707394952997,12.547,OK
sample,csv_write_process,-,196118,0,129707394984645,129707394992879,8.234,OK
sample,csv_formatting_threads,-,196118,0,129707395059216,129707395066164,6.948,OK
sample,csv_write_threads,-,196118,0,129707395106142,129707395113038,6.896,OK
sample,monitor_sample_total,-,196118,0,129707392650797,129707395136929,2486.132,OK
lifecycle,finalization,-,196118,0,129707395165583,129707395176865,11.282,OK
lifecycle,monitor_run_pid_once,-,196118,0,129707392221923,129707395211576,2989.653,OK
worker,monitor_execution,APP_196118_38322465,196118,12884901896,129707392212304,129707395236019,3023.715,OK
worker,job_completed,APP_196111_38322410,196111,4294967309,129707394674071,129707394674326,0.255,OK
worker,job_completed,APP_196118_38322465,196118,12884901896,129707395277967,129707395278082,0.115,OK
discovery,application_discovery_scan,-,-1,0,129707408137386,129707443983477,35846.091,OK
worker,job_submission,APP_196111_38322410,196111,4294967310,129707445407484,129707445428809,21.325,OK
worker,job_submission,APP_196118_38322465,196118,12884901897,129707445514218,129707445528343,14.125,OK
worker,job_started,APP_196111_38322410,196111,4294967310,129707445658297,129707445658481,0.184,OK
worker,job_started,APP_196118_38322465,196118,12884901897,129707445685046,129707445685250,0.204,OK
sample,proc_pid_stat,-,196111,0,129707445754781,129707445837608,82.827,OK
sample,proc_pid_stat,-,196118,0,129707445882162,129707445963611,81.449,OK
lifecycle,perf_counter_attempt,-,196111,0,129707446072912,129707446082592,9.680,UNAVAILABLE
lifecycle,perf_counter_attempt,-,196111,0,129707446129750,129707446133410,3.660,UNAVAILABLE
lifecycle,perf_counter_initialization,-,196111,0,129707446072512,129707446159095,86.583,OK
lifecycle,initialization,-,196111,0,129707445738561,129707446182591,444.030,OK
sample,cache_perf_read,-,-1,0,129707446202363,129707446202550,0.187,UNAVAILABLE
sample,cache_perf_read,-,-1,0,129707446225561,129707446225653,0.092,UNAVAILABLE
lifecycle,perf_counter_attempt,-,196118,0,129707446148170,129707446155661,7.491,UNAVAILABLE
sample,proc_pid_stat,-,196111,0,129707446249074,129707446313651,64.577,OK
lifecycle,perf_counter_attempt,-,196118,0,129707446309013,129707446315226,6.213,UNAVAILABLE
lifecycle,perf_counter_initialization,-,196118,0,129707446147911,129707446406430,258.519,OK
lifecycle,initialization,-,196118,0,129707445867145,129707446430569,563.424,OK
sample,cache_perf_read,-,-1,0,129707446452179,129707446452369,0.190,UNAVAILABLE
sample,cache_perf_read,-,-1,0,129707446472693,129707446472799,0.106,UNAVAILABLE
sample,proc_pid_stat,-,196118,0,129707446491734,129707446554414,62.680,OK
sample,cpu_statistics,-,-1,0,129707446367396,129707446563967,196.571,OK
sample,cpu_statistics,-,-1,0,129707446611390,129707446781589,170.199,OK
sample,memory_rss,-,196111,0,129707446659435,129707446803339,143.904,OK
sample,memory_rss,-,196118,0,129707446820334,129707446945426,125.092,OK
sample,numa_information,-,196111,0,129707446875201,129707447264051,388.850,OK
sample,thread_enumeration,-,196111,0,129707447330636,129707447340621,9.985,OK
sample,thread_enumeration,-,196111,0,129707447376261,129707447376466,0.205,OK
sample,thread_enumeration,-,196111,0,129707447395916,129707447396046,0.130,OK
sample,per_thread_stat,-,196111,196111,129707447415212,129707447472970,57.758,OK
sample,thread_enumeration,-,196111,0,129707447509387,129707447512537,3.150,END
sample,thread_statistics_total,-,196111,0,129707447311655,129707447536874,225.219,OK
sample,numa_information,-,196118,0,129707446976365,129707447542174,565.809,OK
sample,csv_formatting_process,-,196111,0,129707447570015,129707447580753,10.738,OK
sample,csv_write_process,-,196111,0,129707447691489,129707447699481,7.992,OK
sample,csv_formatting_threads,-,196111,0,129707447727237,129707447732695,5.458,OK
sample,csv_write_threads,-,196111,0,129707447763564,129707447768274,4.710,OK
sample,monitor_sample_total,-,196111,0,129707446202036,129707447789493,1587.457,OK
sample,thread_enumeration,-,196118,0,129707447644903,129707447653613,8.710,OK
sample,thread_enumeration,-,196118,0,129707447870677,129707447870897,0.220,OK
sample,thread_enumeration,-,196118,0,129707447897539,129707447897684,0.145,OK
lifecycle,finalization,-,196111,0,129707447812156,129707447823435,11.279,OK
lifecycle,monitor_run_pid_once,-,196111,0,129707445738438,129707447969179,2230.741,OK
worker,monitor_execution,APP_196111_38322410,196111,4294967310,129707445727511,129707448027379,2299.868,OK
sample,per_thread_stat,-,196118,196118,129707447917799,129707447986989,69.190,OK
sample,thread_enumeration,-,196118,0,129707448127450,129707448130862,3.412,END
sample,thread_statistics_total,-,196118,0,129707447623810,129707448173742,549.932,OK
worker,job_completed,APP_196111_38322410,196111,4294967310,129707448092300,129707448092471,0.171,OK
sample,csv_formatting_process,-,196118,0,129707448209236,129707448221209,11.973,OK
sample,csv_write_process,-,196118,0,129707448303571,129707448311600,8.029,OK
sample,csv_formatting_threads,-,196118,0,129707448339007,129707448344880,5.873,OK
sample,csv_write_threads,-,196118,0,129707448367012,129707448371966,4.954,OK
sample,monitor_sample_total,-,196118,0,129707446451861,129707448420588,1968.727,OK
lifecycle,finalization,-,196118,0,129707448444121,129707448453455,9.334,OK
lifecycle,monitor_run_pid_once,-,196118,0,129707445867015,129707448474417,2607.402,OK
worker,monitor_execution,APP_196118_38322465,196118,12884901897,129707445856537,129707448495074,2638.537,OK
worker,job_completed,APP_196118_38322465,196118,12884901897,129707448532933,129707448533074,0.141,OK
discovery,application_discovery_scan,-,-1,0,129707461690406,129707508283753,46593.347,OK
discovery,application_discovery_scan,-,-1,0,129707526285614,129707564495578,38209.964,OK
worker,job_submission,APP_196111_38322410,196111,4294967311,129707566068661,129707566088433,19.772,OK
worker,job_submission,APP_196118_38322465,196118,12884901898,129707566160422,129707566175153,14.731,OK
worker,job_started,APP_196111_38322410,196111,4294967311,129707566257361,129707566257596,0.235,OK
worker,job_started,APP_196118_38322465,196118,12884901898,129707566320340,129707566320563,0.223,OK
sample,proc_pid_stat,-,196111,0,129707566374033,129707566460405,86.372,OK
sample,proc_pid_stat,-,196118,0,129707566449111,129707566526548,77.437,OK
lifecycle,perf_counter_attempt,-,196111,0,129707566620149,129707566628783,8.634,UNAVAILABLE
lifecycle,perf_counter_attempt,-,196111,0,129707566677469,129707566681624,4.155,UNAVAILABLE
lifecycle,perf_counter_initialization,-,196111,0,129707566619771,129707566716187,96.416,OK
lifecycle,initialization,-,196111,0,129707566356133,129707566736362,380.229,OK
sample,cache_perf_read,-,-1,0,129707566759109,129707566759302,0.193,UNAVAILABLE
sample,cache_perf_read,-,-1,0,129707566777941,129707566778042,0.101,UNAVAILABLE
lifecycle,perf_counter_attempt,-,196118,0,129707566692320,129707566699807,7.487,UNAVAILABLE
lifecycle,perf_counter_attempt,-,196118,0,129707566858811,129707566863243,4.432,UNAVAILABLE
lifecycle,perf_counter_initialization,-,196118,0,129707566692084,129707566892935,200.851,OK
lifecycle,initialization,-,196118,0,129707566434216,129707566925067,490.851,OK
sample,cache_perf_read,-,-1,0,129707566953076,129707566953233,0.157,UNAVAILABLE
sample,proc_pid_stat,-,196111,0,129707566799855,129707566865984,66.129,OK
sample,cache_perf_read,-,-1,0,129707566977807,129707566977951,0.144,UNAVAILABLE
sample,proc_pid_stat,-,196118,0,129707567116972,129707567184913,67.941,OK
sample,cpu_statistics,-,-1,0,129707567061116,129707567240669,179.553,OK
sample,memory_rss,-,196111,0,129707567272121,129707567364527,92.406,OK
sample,cpu_statistics,-,-1,0,129707567239707,129707567412983,173.276,OK
sample,memory_rss,-,196118,0,129707567453424,129707567557453,104.029,OK
sample,numa_information,-,196111,0,129707567385478,129707567688435,302.957,OK
sample,thread_enumeration,-,196111,0,129707567746363,129707567755918,9.555,OK
sample,thread_enumeration,-,196111,0,129707567785003,129707567785209,0.206,OK
sample,thread_enumeration,-,196111,0,129707567804841,129707567804988,0.147,OK
sample,per_thread_stat,-,196111,196111,129707567826490,129707567888744,62.254,OK
sample,thread_enumeration,-,196111,0,129707567920216,129707567923228,3.012,END
sample,thread_statistics_total,-,196111,0,129707567727203,129707567948328,221.125,OK
sample,csv_formatting_process,-,196111,0,129707567975673,129707567986377,10.704,OK
sample,csv_write_process,-,196111,0,129707568034941,129707568042903,7.962,OK
sample,csv_formatting_threads,-,196111,0,129707568076119,129707568081928,5.809,OK
sample,csv_write_threads,-,196111,0,129707568096531,129707568099864,3.333,OK
sample,monitor_sample_total,-,196111,0,129707566758673,129707568110307,1351.634,OK
lifecycle,finalization,-,196111,0,129707568123299,129707568131823,8.524,OK
lifecycle,monitor_run_pid_once,-,196111,0,129707566355995,129707568142636,1786.641,OK
worker,monitor_execution,APP_196111_38322410,196111,4294967311,129707566343754,129707568155958,1812.204,OK
worker,job_completed,APP_196111_38322410,196111,4294967311,129707568180214,129707568180351,0.137,OK
sample,numa_information,-,196118,0,129707567587311,129707568220640,633.329,OK
sample,thread_enumeration,-,196118,0,129707568279600,129707568287960,8.360,OK
sample,thread_enumeration,-,196118,0,129707568343223,129707568343431,0.208,OK
sample,thread_enumeration,-,196118,0,129707568367265,129707568367488,0.223,OK
sample,per_thread_stat,-,196118,196118,129707568389876,129707568454326,64.450,OK
sample,thread_enumeration,-,196118,0,129707568484464,129707568487881,3.417,END
sample,thread_statistics_total,-,196118,0,129707568258870,129707568513082,254.212,OK
sample,csv_formatting_process,-,196118,0,129707568539193,129707568551433,12.240,OK
sample,csv_write_process,-,196118,0,129707568576181,129707568583356,7.175,OK
sample,csv_formatting_threads,-,196118,0,129707568602279,129707568607724,5.445,OK
sample,csv_write_threads,-,196118,0,129707568625628,129707568629937,4.309,OK
sample,monitor_sample_total,-,196118,0,129707566952749,129707568652277,1699.528,OK
lifecycle,finalization,-,196118,0,129707568672301,129707568681509,9.208,OK
lifecycle,monitor_run_pid_once,-,196118,0,129707566434106,129707568701818,2267.712,OK
worker,monitor_execution,APP_196118_38322465,196118,12884901898,129707566423854,129707568721570,2297.716,OK
worker,job_completed,APP_196118_38322465,196118,12884901898,129707568756934,129707568757046,0.112,OK
discovery,application_discovery_scan,-,-1,0,129707582347349,129707616668644,34321.295,OK
discovery,application_discovery_scan,-,-1,0,129707634143689,129707666187833,32044.144,OK
worker,job_submission,APP_196111_38322410,196111,4294967312,129707667667026,129707667683707,16.681,OK
worker,job_submission,APP_196118_38322465,196118,12884901899,129707667737515,129707667759247,21.732,OK
worker,job_started,APP_196111_38322410,196111,4294967312,129707667788124,129707667788298,0.174,OK
sample,proc_pid_stat,-,196111,0,129707667858706,129707667938369,79.663,OK
worker,job_started,APP_196118_38322465,196118,12884901899,129707667959312,129707667959519,0.207,OK
lifecycle,perf_counter_attempt,-,196111,0,129707668149102,129707668157471,8.369,UNAVAILABLE
lifecycle,perf_counter_attempt,-,196111,0,129707668216837,129707668221311,4.474,UNAVAILABLE
lifecycle,perf_counter_initialization,-,196111,0,129707668148758,129707668246074,97.316,OK
lifecycle,initialization,-,196111,0,129707667843426,129707668270150,426.724,OK
sample,cache_perf_read,-,-1,0,129707668291234,129707668291431,0.197,UNAVAILABLE
sample,cache_perf_read,-,-1,0,129707668311207,129707668311309,0.102,UNAVAILABLE
sample,proc_pid_stat,-,196111,0,129707668330246,129707668394982,64.736,OK
sample,cpu_statistics,-,-1,0,129707668486591,129707668666239,179.648,OK
sample,memory_rss,-,196111,0,129707668706476,129707668832580,126.104,OK
sample,proc_pid_stat,-,196118,0,129707668115276,129707668196551,81.275,OK
sample,numa_information,-,196111,0,129707668864260,129707669231932,367.672,OK
lifecycle,perf_counter_attempt,-,196118,0,129707669248275,129707669255675,7.400,UNAVAILABLE
lifecycle,perf_counter_attempt,-,196118,0,129707669377478,129707669383891,6.413,UNAVAILABLE
lifecycle,perf_counter_initialization,-,196118,0,129707669248037,129707669424320,176.283,OK
lifecycle,initialization,-,196118,0,129707668100337,129707669449796,1349.459,OK
sample,cache_perf_read,-,-1,0,129707669471219,129707669471487,0.268,UNAVAILABLE
sample,cache_perf_read,-,-1,0,129707669491264,129707669491392,0.128,UNAVAILABLE
sample,proc_pid_stat,-,196118,0,129707669510783,129707669582245,71.462,OK
sample,thread_enumeration,-,196111,0,129707669320333,129707669329702,9.369,OK
sample,thread_enumeration,-,196111,0,129707669708813,129707669709207,0.394,OK
sample,thread_enumeration,-,196111,0,129707669723528,129707669723666,0.138,OK
sample,per_thread_stat,-,196111,196111,129707669737225,129707669796430,59.205,OK
sample,thread_enumeration,-,196111,0,129707669817081,129707669819883,2.802,END
sample,thread_statistics_total,-,196111,0,129707669298778,129707669837581,538.803,OK
sample,csv_formatting_process,-,196111,0,129707669887924,129707669895716,7.792,OK
sample,csv_write_process,-,196111,0,129707669913257,129707669919336,6.079,OK
sample,csv_formatting_threads,-,196111,0,129707669932127,129707669935289,3.162,OK
sample,csv_write_threads,-,196111,0,129707669945680,129707669948832,3.152,OK
sample,monitor_sample_total,-,196111,0,129707668290712,129707669981889,1691.177,OK
lifecycle,finalization,-,196111,0,129707669994712,129707670036529,41.817,OK
lifecycle,monitor_run_pid_once,-,196111,0,129707667843306,129707670072731,2229.425,OK
worker,monitor_execution,APP_196111_38322410,196111,4294967312,129707667833635,129707670086981,2253.346,OK
worker,job_completed,APP_196111_38322410,196111,4294967312,129707670113798,129707670113898,0.100,OK
sample,cpu_statistics,-,-1,0,129707669661451,129707669843049,181.598,OK
sample,memory_rss,-,196118,0,129707670227366,129707670341456,114.090,OK
sample,numa_information,-,196118,0,129707670375019,129707670827681,452.662,OK
sample,thread_enumeration,-,196118,0,129707670880753,129707670888949,8.196,OK
sample,thread_enumeration,-,196118,0,129707670921155,129707670921449,0.294,OK
sample,thread_enumeration,-,196118,0,129707670943144,129707670943295,0.151,OK
sample,per_thread_stat,-,196118,196118,129707670964728,129707671049920,85.192,OK
sample,thread_enumeration,-,196118,0,129707671110963,129707671114686,3.723,END
sample,thread_statistics_total,-,196118,0,129707670861981,129707671146961,284.980,OK
sample,csv_formatting_process,-,196118,0,129707671175237,129707671186640,11.403,OK
sample,csv_write_process,-,196118,0,129707671223252,129707671231185,7.933,OK
sample,csv_formatting_threads,-,196118,0,129707671249551,129707671254888,5.337,OK
sample,csv_write_threads,-,196118,0,129707671271919,129707671276320,4.401,OK
sample,monitor_sample_total,-,196118,0,129707669470879,129707671294852,1823.973,OK
lifecycle,finalization,-,196118,0,129707671315188,129707671324631,9.443,OK
lifecycle,monitor_run_pid_once,-,196118,0,129707668100232,129707671351813,3251.581,OK
worker,monitor_execution,APP_196118_38322465,196118,12884901899,129707668088936,129707671372732,3283.796,OK
worker,job_completed,APP_196118_38322465,196118,12884901899,129707671410756,129707671410980,0.224,OK
discovery,application_discovery_scan,-,-1,0,129707691264955,129707729178648,37913.693,OK
worker,job_submission,APP_196119_38322574,196119,4294967297,129707738485793,129707738512137,26.344,OK
worker,job_submission,APP_196120_38322574,196120,8589934593,129707738626250,129707738638782,12.532,OK
worker,job_submission,APP_196121_38322574,196121,12884901889,129707738683647,129707738689183,5.536,OK
worker,job_submission,APP_196122_38322575,196122,17179869185,129707738718026,129707738777510,59.484,OK
worker,job_submission,APP_196123_38322575,196123,21474836481,129707738819771,129707738824647,4.876,OK
worker,job_started,APP_196119_38322574,196119,4294967297,129707738903592,129707738903741,0.149,OK
worker,job_started,APP_196120_38322574,196120,8589934593,129707738927282,129707738927455,0.173,OK
sample,proc_pid_stat,-,196119,0,129707739054307,129707739166920,112.613,OK
sample,proc_pid_stat,-,196120,0,129707739175947,129707739264488,88.541,OK
lifecycle,perf_counter_attempt,-,196119,0,129707739375978,129707739385447,9.469,UNAVAILABLE
lifecycle,perf_counter_attempt,-,196119,0,129707739417418,129707739419445,2.027,UNAVAILABLE
lifecycle,perf_counter_initialization,-,196119,0,129707739375561,129707739434502,58.941,OK
lifecycle,initialization,-,196119,0,129707738982672,129707739450829,468.157,OK
sample,cache_perf_read,-,-1,0,129707739477924,129707739478062,0.138,UNAVAILABLE
sample,cache_perf_read,-,-1,0,129707739490091,129707739490162,0.071,UNAVAILABLE
lifecycle,perf_counter_attempt,-,196120,0,129707739453023,129707739460015,6.992,UNAVAILABLE
lifecycle,perf_counter_attempt,-,196120,0,129707739569019,129707739573111,4.092,UNAVAILABLE
lifecycle,perf_counter_initialization,-,196120,0,129707739452796,129707739591107,138.311,OK
lifecycle,initialization,-,196120,0,129707739145906,129707739608192,462.286,OK
sample,cache_perf_read,-,-1,0,129707739621216,129707739621356,0.140,UNAVAILABLE
sample,cache_perf_read,-,-1,0,129707739635802,129707739635878,0.076,UNAVAILABLE
sample,proc_pid_stat,-,196119,0,129707739505181,129707739551062,45.881,OK
sample,proc_pid_stat,-,196120,0,129707739687924,129707739740525,52.601,OK
sample,cpu_statistics,-,-1,0,129707739751014,129707739896897,145.883,OK
sample,cpu_statistics,-,-1,0,129707739805894,129707739941272,135.378,OK
sample,memory_rss,-,196119,0,129707739923185,129707740063429,140.244,OK
sample,memory_rss,-,196120,0,129707739978704,129707740145346,166.642,OK
sample,numa_information,-,196120,0,129707740171059,129707740530423,359.364,OK
sample,numa_information,-,196119,0,129707740136820,129707740531110,394.290,OK
sample,thread_enumeration,-,196120,0,129707740596129,129707740607907,11.778,OK
sample,thread_enumeration,-,196120,0,129707740626494,129707740626670,0.176,OK
sample,thread_enumeration,-,196120,0,129707740641340,129707740641469,0.129,OK
sample,thread_enumeration,-,196119,0,129707740640337,129707740651401,11.064,OK
sample,thread_enumeration,-,196119,0,129707740673307,129707740673497,0.190,OK
sample,thread_enumeration,-,196119,0,129707740686711,129707740686873,0.162,OK
sample,per_thread_stat,-,196120,196120,129707740655558,129707740705230,49.672,OK
sample,thread_enumeration,-,196120,0,129707740722220,129707740724344,2.124,END
sample,thread_statistics_total,-,196120,0,129707740556827,129707740739349,182.522,OK
sample,csv_formatting_process,-,196120,0,129707740767728,129707740774144,6.416,OK
sample,per_thread_stat,-,196119,196119,129707740698556,129707740749094,50.538,OK
sample,thread_enumeration,-,196119,0,129707740840482,129707740843067,2.585,END
sample,thread_statistics_total,-,196119,0,129707740601950,129707740863913,261.963,OK
sample,csv_write_process,-,196120,0,129707740789053,129707740810000,20.947,OK
sample,csv_formatting_threads,-,196120,0,129707740909677,129707740913118,3.441,OK
sample,csv_formatting_process,-,196119,0,129707740883233,129707740889817,6.584,OK
sample,csv_write_threads,-,196120,0,129707740925951,129707740937151,11.200,OK
sample,monitor_sample_total,-,196120,0,129707739620919,129707740983451,1362.532,OK
sample,csv_write_process,-,196119,0,129707740952086,129707740971756,19.670,OK
sample,csv_formatting_threads,-,196119,0,129707741071259,129707741074854,3.595,OK
lifecycle,finalization,-,196120,0,129707740999047,129707741054284,55.237,OK
lifecycle,monitor_run_pid_once,-,196120,0,129707739145816,129707741122143,1976.327,OK
worker,monitor_execution,APP_196120_38322574,196120,8589934593,129707739135812,129707741140253,2004.441,OK
sample,csv_write_threads,-,196119,0,129707741089685,129707741103044,13.359,OK
sample,monitor_sample_total,-,196119,0,129707739477682,129707741188530,1710.848,OK
lifecycle,finalization,-,196119,0,129707741204454,129707741213287,8.833,OK
lifecycle,monitor_run_pid_once,-,196119,0,129707738982580,129707741226955,2244.375,OK
worker,monitor_execution,APP_196119_38322574,196119,4294967297,129707738972451,129707741242847,2270.396,OK
worker,job_completed,APP_196120_38322574,196120,8589934593,129707741178070,129707741178158,0.088,OK
worker,job_completed,APP_196119_38322574,196119,4294967297,129707741268230,129707741268351,0.121,OK
worker,job_started,APP_196122_38322575,196122,17179869185,129707741320656,129707741320758,0.102,OK
worker,job_started,APP_196121_38322574,196121,12884901889,129707741294429,129707741294518,0.089,OK
sample,proc_pid_stat,-,196122,0,129707741382643,129707741428168,45.525,OK
sample,proc_pid_stat,-,196121,0,129707741427186,129707741490043,62.857,OK
lifecycle,perf_counter_attempt,-,196122,0,129707741535199,129707741540872,5.673,UNAVAILABLE
lifecycle,perf_counter_attempt,-,196122,0,129707741560725,129707741562372,1.647,UNAVAILABLE
lifecycle,perf_counter_initialization,-,196122,0,129707741534984,129707741572600,37.616,OK
lifecycle,initialization,-,196122,0,129707741372397,129707741584183,211.786,OK
sample,cache_perf_read,-,-1,0,129707741595424,129707741595501,0.077,UNAVAILABLE
sample,cache_perf_read,-,-1,0,129707741606622,129707741606699,0.077,UNAVAILABLE
lifecycle,perf_counter_attempt,-,196121,0,129707741641613,129707741647400,5.787,UNAVAILABLE
lifecycle,perf_counter_attempt,-,196121,0,129707741682419,129707741685065,2.646,UNAVAILABLE
lifecycle,perf_counter_initialization,-,196121,0,129707741641369,129707741705833,64.464,OK
lifecycle,initialization,-,196121,0,129707741416203,129707741750215,334.012,OK
sample,cache_perf_read,-,-1,0,129707741818455,129707741818620,0.165,UNAVAILABLE
sample,cache_perf_read,-,-1,0,129707741843689,129707741843798,0.109,UNAVAILABLE
sample,proc_pid_stat,-,196122,0,129707741616982,129707741652494,35.512,OK
sample,proc_pid_stat,-,196121,0,129707741864793,129707741925536,60.743,OK
sample,cpu_statistics,-,-1,0,129707741927833,129707742142019,214.186,OK
sample,cpu_statistics,-,-1,0,129707741977818,129707742234039,256.221,OK
sample,memory_rss,-,196122,0,129707742188577,129707742324354,135.777,OK
sample,memory_rss,-,196121,0,129707742272261,129707742404652,132.391,OK
sample,numa_information,-,196122,0,129707742355414,129707742843609,488.195,OK
sample,numa_information,-,196121,0,129707742459389,129707742872919,413.530,OK
sample,thread_enumeration,-,196122,0,129707742922596,129707742937412,14.816,OK
sample,thread_enumeration,-,196121,0,129707742992764,129707743041454,48.690,OK
sample,thread_enumeration,-,196121,0,129707743093216,129707743093527,0.311,OK
sample,thread_enumeration,-,196121,0,129707743119017,129707743119156,0.139,OK
sample,thread_enumeration,-,196122,0,129707743044454,129707743044804,0.350,OK
sample,thread_enumeration,-,196122,0,129707743199856,129707743200168,0.312,OK
sample,per_thread_stat,-,196121,196121,129707743147490,129707743228850,81.360,OK
sample,thread_enumeration,-,196121,0,129707743272941,129707743275996,3.055,END
sample,thread_statistics_total,-,196121,0,129707742962941,129707743304811,341.870,OK
sample,per_thread_stat,-,196122,196122,129707743225351,129707743307405,82.054,OK
sample,thread_enumeration,-,196122,0,129707743418473,129707743421844,3.371,END
sample,csv_formatting_process,-,196121,0,129707743361871,129707743373738,11.867,OK
sample,thread_statistics_total,-,196122,0,129707742892185,129707743451476,559.291,OK
sample,csv_write_process,-,196121,0,129707743501475,129707743525590,24.115,OK
sample,csv_formatting_threads,-,196121,0,129707743615052,129707743620850,5.798,OK
sample,csv_formatting_process,-,196122,0,129707743558872,129707743569849,10.977,OK
sample,csv_write_threads,-,196121,0,129707743646599,129707743663578,16.979,OK
sample,monitor_sample_total,-,196121,0,129707741818141,129707743753698,1935.557,OK
sample,csv_write_process,-,196122,0,129707743697047,129707743720167,23.120,OK
sample,csv_formatting_threads,-,196122,0,129707743834268,129707743840167,5.899,OK
lifecycle,finalization,-,196121,0,129707743780974,129707743791577,10.603,OK
lifecycle,monitor_run_pid_once,-,196121,0,129707741416092,129707743913062,2496.970,OK
worker,monitor_execution,APP_196121_38322574,196121,12884901889,129707741407189,129707743941347,2534.158,OK
sample,csv_write_threads,-,196122,0,129707743864368,129707743881724,17.356,OK
sample,monitor_sample_total,-,196122,0,129707741595236,129707744052271,2457.035,OK
lifecycle,finalization,-,196122,0,129707744107230,129707744117367,10.137,OK
lifecycle,monitor_run_pid_once,-,196122,0,129707741372322,129707744142341,2770.019,OK
worker,monitor_execution,APP_196122_38322575,196122,17179869185,129707741363871,129707744167050,2803.179,OK
worker,job_completed,APP_196122_38322575,196122,17179869185,129707744207230,129707744207425,0.195,OK
worker,job_started,APP_196123_38322575,196123,21474836481,129707744259229,129707744259348,0.119,OK
worker,job_completed,APP_196121_38322574,196121,12884901889,129707743983724,129707743983844,0.120,OK
sample,proc_pid_stat,-,196123,0,129707744293653,129707744342581,48.928,OK
lifecycle,perf_counter_attempt,-,196123,0,129707744489382,129707744495432,6.050,UNAVAILABLE
lifecycle,perf_counter_attempt,-,196123,0,129707744520158,129707744521915,1.757,UNAVAILABLE
lifecycle,perf_counter_initialization,-,196123,0,129707744489165,129707744536269,47.104,OK
lifecycle,initialization,-,196123,0,129707744282799,129707744548241,265.442,OK
sample,cache_perf_read,-,-1,0,129707744559873,129707744559981,0.108,UNAVAILABLE
sample,cache_perf_read,-,-1,0,129707744571977,129707744572052,0.075,UNAVAILABLE
sample,proc_pid_stat,-,196123,0,129707744583699,129707744646352,62.653,OK
sample,cpu_statistics,-,-1,0,129707744711173,129707744875387,164.214,OK
sample,memory_rss,-,196123,0,129707744910855,129707745059037,148.182,OK
sample,numa_information,-,196123,0,129707745096983,129707745470519,373.536,OK
sample,thread_enumeration,-,196123,0,129707745528016,129707745541407,13.391,OK
sample,thread_enumeration,-,196123,0,129707745572898,129707745573087,0.189,OK
sample,thread_enumeration,-,196123,0,129707745592794,129707745592940,0.146,OK
sample,per_thread_stat,-,196123,196123,129707745615791,129707745683130,67.339,OK
sample,thread_enumeration,-,196123,0,129707745713123,129707745716010,2.887,END
sample,thread_statistics_total,-,196123,0,129707745500564,129707745741832,241.268,OK
sample,csv_formatting_process,-,196123,0,129707745775415,129707745785706,10.291,OK
sample,csv_write_process,-,196123,0,129707745813648,129707745835358,21.710,OK
sample,csv_formatting_threads,-,196123,0,129707745861918,129707745866855,4.937,OK
sample,csv_write_threads,-,196123,0,129707745885689,129707745900868,15.179,OK
sample,monitor_sample_total,-,196123,0,129707744559603,129707745930892,1371.289,OK
lifecycle,finalization,-,196123,0,129707745952682,129707745962212,9.530,OK
lifecycle,monitor_run_pid_once,-,196123,0,129707744282700,129707745984809,1702.109,OK
worker,monitor_execution,APP_196123_38322575,196123,21474836481,129707744274873,129707746025785,1750.912,OK
worker,job_completed,APP_196123_38322575,196123,21474836481,129707746090668,129707746090872,0.204,OK
discovery,application_discovery_scan,-,-1,0,129707757026540,129707799448463,42421.923,OK
discovery,application_discovery_scan,-,-1,0,129707818885312,129707851962063,33076.751,OK
worker,job_submission,APP_196119_38322574,196119,4294967298,129707853470897,129707853490708,19.811,OK
worker,job_submission,APP_196120_38322574,196120,8589934594,129707853550625,129707853573582,22.957,OK
worker,job_submission,APP_196121_38322574,196121,12884901890,129707853608422,129707853613083,4.661,OK
worker,job_submission,APP_196122_38322575,196122,17179869186,129707853651082,129707853655736,4.654,OK
worker,job_submission,APP_196123_38322575,196123,21474836482,129707853683047,129707853689827,6.780,OK
worker,job_started,APP_196119_38322574,196119,4294967298,129707853762066,129707853762291,0.225,OK
worker,job_started,APP_196120_38322574,196120,8589934594,129707853776598,129707853776860,0.262,OK
sample,proc_pid_stat,-,196119,0,129707853856318,129707853942639,86.321,OK
sample,proc_pid_stat,-,196120,0,129707853931787,129707854029332,97.545,OK
lifecycle,perf_counter_attempt,-,196119,0,129707854131779,129707854141119,9.340,UNAVAILABLE
lifecycle,perf_counter_attempt,-,196119,0,129707854176521,129707854179931,3.410,UNAVAILABLE
lifecycle,perf_counter_initialization,-,196119,0,129707854131389,129707854204506,73.117,OK
lifecycle,initialization,-,196119,0,129707853838438,129707854231654,393.216,OK
sample,cache_perf_read,-,-1,0,129707854251577,129707854251776,0.199,UNAVAILABLE
sample,cache_perf_read,-,-1,0,129707854273937,129707854274040,0.103,UNAVAILABLE
lifecycle,perf_counter_attempt,-,196120,0,129707854200812,129707854208078,7.266,UNAVAILABLE
lifecycle,perf_counter_attempt,-,196120,0,129707854384504,129707854391300,6.796,UNAVAILABLE
lifecycle,perf_counter_initialization,-,196120,0,129707854200575,129707854427097,226.522,OK
lifecycle,initialization,-,196120,0,129707853918577,129707854451015,532.438,OK
sample,cache_perf_read,-,-1,0,129707854475686,129707854475866,0.180,UNAVAILABLE
sample,cache_perf_read,-,-1,0,129707854501726,129707854501863,0.137,UNAVAILABLE
sample,proc_pid_stat,-,196119,0,129707854303034,129707854363814,60.780,OK
sample,proc_pid_stat,-,196120,0,129707854525583,129707854593500,67.917,OK
sample,cpu_statistics,-,-1,0,129707854651788,129707854829095,177.307,OK
sample,cpu_statistics,-,-1,0,129707854620100,129707854856358,236.258,OK
sample,memory_rss,-,196120,0,129707854875615,129707855046235,170.620,OK
sample,memory_rss,-,196119,0,129707854936251,129707855110668,174.417,OK
sample,numa_information,-,196120,0,129707855088219,129707855500196,411.977,OK
sample,thread_enumeration,-,196120,0,129707855551380,129707855560779,9.399,OK
sample,thread_enumeration,-,196120,0,129707855622816,129707855623001,0.185,OK
sample,thread_enumeration,-,196120,0,129707855650855,129707855650996,0.141,OK
sample,numa_information,-,196119,0,129707855145613,129707855696200,550.587,OK
sample,per_thread_stat,-,196120,196120,129707855672358,129707855739488,67.130,OK
sample,thread_enumeration,-,196120,0,129707855785487,129707855788767,3.280,END
sample,thread_statistics_total,-,196120,0,129707855532428,129707855823412,290.984,OK
sample,thread_enumeration,-,196119,0,129707855753421,129707855762594,9.173,OK
sample,thread_enumeration,-,196119,0,129707855906375,129707855906690,0.315,OK
sample,thread_enumeration,-,196119,0,129707855938370,129707855938504,0.134,OK
sample,csv_formatting_process,-,196120,0,129707855862645,129707855874357,11.712,OK
sample,per_thread_stat,-,196119,196119,129707855964921,129707856055320,90.399,OK
sample,thread_enumeration,-,196119,0,129707856117195,129707856120591,3.396,END
sample,thread_statistics_total,-,196119,0,129707855735009,129707856154263,419.254,OK
sample,csv_write_process,-,196120,0,129707856049521,129707856058925,9.404,OK
sample,csv_formatting_threads,-,196120,0,129707856244757,129707856251467,6.710,OK
sample,csv_write_threads,-,196120,0,129707856278967,129707856285095,6.128,OK
sample,monitor_sample_total,-,196120,0,129707854475348,129707856307528,1832.180,OK
sample,csv_formatting_process,-,196119,0,129707856188216,129707856199919,11.703,OK
sample,csv_write_process,-,196119,0,129707856387186,129707856394262,7.076,OK
sample,csv_formatting_threads,-,196119,0,129707856418382,129707856423937,5.555,OK
sample,csv_write_threads,-,196119,0,129707856444278,129707856449580,5.302,OK
sample,monitor_sample_total,-,196119,0,129707854251224,129707856470497,2219.273,OK
lifecycle,finalization,-,196120,0,129707856332090,129707856343314,11.224,OK
lifecycle,monitor_run_pid_once,-,196120,0,129707853918452,129707856552556,2634.104,OK
worker,monitor_execution,APP_196120_38322574,196120,8589934594,129707853908559,129707856596585,2688.026,OK
lifecycle,finalization,-,196119,0,129707856492006,129707856503699,11.693,OK
lifecycle,monitor_run_pid_once,-,196119,0,129707853838303,129707856704547,2866.244,OK
worker,monitor_execution,APP_196119_38322574,196119,4294967298,129707853827723,129707856730483,2902.760,OK
worker,job_completed,APP_196120_38322574,196120,8589934594,129707856641817,129707856642080,0.263,OK
worker,job_completed,APP_196119_38322574,196119,4294967298,129707856770899,129707856771105,0.206,OK
worker,job_started,APP_196121_38322574,196121,12884901890,129707856821567,129707856821771,0.204,OK
worker,job_started,APP_196122_38322575,196122,17179869186,129707856869374,129707856869505,0.131,OK
sample,proc_pid_stat,-,196121,0,129707856931463,129707856993578,62.115,OK
sample,proc_pid_stat,-,196122,0,129707856978065,129707857074016,95.951,OK
lifecycle,perf_counter_attempt,-,196121,0,129707857174315,129707857180120,5.805,UNAVAILABLE
lifecycle,perf_counter_attempt,-,196121,0,129707857206801,129707857210269,3.468,UNAVAILABLE
lifecycle,perf_counter_initialization,-,196121,0,129707857174192,129707857234625,60.433,OK
lifecycle,initialization,-,196121,0,129707856919011,129707857258917,339.906,OK
sample,cache_perf_read,-,-1,0,129707857282573,129707857282727,0.154,UNAVAILABLE
sample,cache_perf_read,-,-1,0,129707857305037,129707857305177,0.140,UNAVAILABLE
lifecycle,perf_counter_attempt,-,196122,0,129707857207787,129707857213739,5.952,UNAVAILABLE
sample,proc_pid_stat,-,196121,0,129707857328841,129707857388592,59.751,OK
lifecycle,perf_counter_attempt,-,196122,0,129707857392843,129707857397195,4.352,UNAVAILABLE
lifecycle,perf_counter_initialization,-,196122,0,129707857207649,129707857473883,266.234,OK
lifecycle,initialization,-,196122,0,129707856965084,129707857494607,529.523,OK
sample,cache_perf_read,-,-1,0,129707857513759,129707857513845,0.086,UNAVAILABLE
sample,cache_perf_read,-,-1,0,129707857533165,129707857533258,0.093,UNAVAILABLE
sample,proc_pid_stat,-,196122,0,129707857552453,129707857611461,59.008,OK
sample,cpu_statistics,-,-1,0,129707857451422,129707857640713,189.291,OK
sample,memory_rss,-,196121,0,129707857700623,129707857807057,106.434,OK
sample,cpu_statistics,-,-1,0,129707857659813,129707857860819,201.006,OK
sample,memory_rss,-,196122,0,129707857905133,129707858069610,164.477,OK
sample,numa_information,-,196121,0,129707857838007,129707858282401,444.394,OK
sample,thread_enumeration,-,196121,0,129707858333141,129707858341960,8.819,OK
sample,thread_enumeration,-,196121,0,129707858365177,129707858365339,0.162,OK
sample,thread_enumeration,-,196121,0,129707858383871,129707858384015,0.144,OK
sample,per_thread_stat,-,196121,196121,129707858404167,129707858464307,60.140,OK
sample,thread_enumeration,-,196121,0,129707858494223,129707858497306,3.083,END
sample,thread_statistics_total,-,196121,0,129707858313932,129707858523390,209.458,OK
sample,csv_formatting_process,-,196121,0,129707858550499,129707858560910,10.411,OK
sample,csv_write_process,-,196121,0,129707858594381,129707858602173,7.792,OK
sample,csv_formatting_threads,-,196121,0,129707858622115,129707858627131,5.016,OK
sample,csv_write_threads,-,196121,0,129707858645459,129707858650008,4.549,OK
sample,monitor_sample_total,-,196121,0,129707857282238,129707858667295,1385.057,OK
lifecycle,finalization,-,196121,0,129707858685626,129707858695672,10.046,OK
lifecycle,monitor_run_pid_once,-,196121,0,129707856918895,129707858715915,1797.020,OK
worker,monitor_execution,APP_196121_38322574,196121,12884901890,129707856908822,129707858750448,1841.626,OK
sample,numa_information,-,196122,0,129707858117668,129707858715859,598.191,OK
worker,job_completed,APP_196121_38322574,196121,12884901890,129707858794634,129707858794801,0.167,OK
sample,thread_enumeration,-,196122,0,129707858896895,129707858906719,9.824,OK
sample,thread_enumeration,-,196122,0,129707858942790,129707858943088,0.298,OK
sample,thread_enumeration,-,196122,0,129707858967274,129707858967400,0.126,OK
worker,job_started,APP_196123_38322575,196123,21474836482,129707858945095,129707858945290,0.195,OK
sample,per_thread_stat,-,196122,196122,129707858985952,129707859083289,97.337,OK
sample,thread_enumeration,-,196122,0,129707859129173,129707859132538,3.365,END
sample,thread_statistics_total,-,196122,0,129707858867858,129707859176378,308.520,OK
sample,proc_pid_stat,-,196123,0,129707859087401,129707859150476,63.075,OK
sample,csv_formatting_process,-,196122,0,129707859213455,129707859224195,10.740,OK
sample,csv_write_process,-,196122,0,129707859342767,129707859351950,9.183,OK
lifecycle,perf_counter_attempt,-,196123,0,129707859370226,129707859376635,6.409,UNAVAILABLE
lifecycle,perf_counter_attempt,-,196123,0,129707859413155,129707859415885,2.730,UNAVAILABLE
lifecycle,perf_counter_initialization,-,196123,0,129707859370022,129707859445736,75.714,OK
lifecycle,initialization,-,196123,0,129707859074786,129707859467649,392.863,OK
sample,cache_perf_read,-,-1,0,129707859489855,129707859490011,0.156,UNAVAILABLE
sample,cache_perf_read,-,-1,0,129707859512238,129707859512314,0.076,UNAVAILABLE
sample,csv_formatting_threads,-,196122,0,129707859374945,129707859380440,5.495,OK
sample,csv_write_threads,-,196122,0,129707859564598,129707859569961,5.363,OK
sample,monitor_sample_total,-,196122,0,129707857513452,129707859581772,2068.320,OK
sample,proc_pid_stat,-,196123,0,129707859533011,129707859594559,61.548,OK
lifecycle,finalization,-,196122,0,129707859596788,129707859606084,9.296,OK
lifecycle,monitor_run_pid_once,-,196122,0,129707856965011,129707859770117,2805.106,OK
worker,monitor_execution,APP_196122_38322575,196122,17179869186,129707856954875,129707859791377,2836.502,OK
worker,job_completed,APP_196122_38322575,196122,17179869186,129707859819574,129707859819664,0.090,OK
sample,cpu_statistics,-,-1,0,129707859680637,129707859872986,192.349,OK
sample,memory_rss,-,196123,0,129707859913360,129707860074527,161.167,OK
sample,numa_information,-,196123,0,129707860126764,129707860490804,364.040,OK
sample,thread_enumeration,-,196123,0,129707860542483,129707860549911,7.428,OK
sample,thread_enumeration,-,196123,0,129707860575536,129707860575747,0.211,OK
sample,thread_enumeration,-,196123,0,129707860595368,129707860595505,0.137,OK
sample,per_thread_stat,-,196123,196123,129707860661488,129707860726126,64.638,OK
sample,thread_enumeration,-,196123,0,129707860762014,129707860765144,3.130,END
sample,thread_statistics_total,-,196123,0,129707860522786,129707860792150,269.364,OK
sample,csv_formatting_process,-,196123,0,129707860822832,129707860833742,10.910,OK
sample,csv_write_process,-,196123,0,129707860859722,129707860866308,6.586,OK
sample,csv_formatting_threads,-,196123,0,129707860890254,129707860894928,4.674,OK
sample,csv_write_threads,-,196123,0,129707860918588,129707860923233,4.645,OK
sample,monitor_sample_total,-,196123,0,129707859489510,129707860941123,1451.613,OK
lifecycle,finalization,-,196123,0,129707860965241,129707860974428,9.187,OK
lifecycle,monitor_run_pid_once,-,196123,0,129707859074677,129707860999022,1924.345,OK
worker,monitor_execution,APP_196123_38322575,196123,21474836482,129707859065243,129707861077338,2012.095,OK
worker,job_completed,APP_196123_38322575,196123,21474836482,129707861123504,129707861123679,0.175,OK
discovery,application_discovery_scan,-,-1,0,129707871873308,129707908383556,36510.248,OK
discovery,application_discovery_scan,-,-1,0,129707928103752,129707961876255,33772.503,OK
worker,job_submission,APP_196119_38322574,196119,4294967299,129707963358527,129707963378006,19.479,OK
worker,job_submission,APP_196120_38322574,196120,8589934595,129707963433522,129707963443608,10.086,OK
worker,job_submission,APP_196121_38322574,196121,12884901891,129707963478375,129707963578864,100.489,OK
worker,job_submission,APP_196122_38322575,196122,17179869187,129707963619341,129707963624035,4.694,OK
worker,job_submission,APP_196123_38322575,196123,21474836483,129707963654507,129707963658675,4.168,OK
worker,job_started,APP_196119_38322574,196119,4294967299,129707963723153,129707963723381,0.228,OK
worker,job_started,APP_196120_38322574,196120,8589934595,129707963794428,129707963794582,0.154,OK
sample,proc_pid_stat,-,196119,0,129707963813870,129707963906329,92.459,OK
sample,proc_pid_stat,-,196120,0,129707963869880,129707963935367,65.487,OK
lifecycle,perf_counter_attempt,-,196119,0,129707964101067,129707964110956,9.889,UNAVAILABLE
lifecycle,perf_counter_attempt,-,196119,0,129707964157802,129707964162110,4.308,UNAVAILABLE
lifecycle,perf_counter_initialization,-,196119,0,129707964100707,129707964185622,84.915,OK
lifecycle,initialization,-,196119,0,129707963795743,129707964211000,415.257,OK
sample,cache_perf_read,-,-1,0,129707964235011,129707964235211,0.200,UNAVAILABLE
sample,cache_perf_read,-,-1,0,129707964255297,129707964255395,0.098,UNAVAILABLE
lifecycle,perf_counter_attempt,-,196120,0,129707964117248,129707964125027,7.779,UNAVAILABLE
sample,proc_pid_stat,-,196119,0,129707964279847,129707964342830,62.983,OK
lifecycle,perf_counter_attempt,-,196120,0,129707964341576,129707964346539,4.963,UNAVAILABLE
lifecycle,perf_counter_initialization,-,196120,0,129707964117025,129707964420789,303.764,OK
lifecycle,initialization,-,196120,0,129707963856881,129707964446729,589.848,OK
sample,cache_perf_read,-,-1,0,129707964468306,129707964468452,0.146,UNAVAILABLE
sample,cache_perf_read,-,-1,0,129707964486194,129707964486269,0.075,UNAVAILABLE
sample,proc_pid_stat,-,196120,0,129707964506948,129707964562538,55.590,OK
sample,cpu_statistics,-,-1,0,129707964402255,129707964601684,199.429,OK
sample,cpu_statistics,-,-1,0,129707964601498,129707964769919,168.421,OK
sample,memory_rss,-,196119,0,129707964654193,129707964802031,147.838,OK
sample,memory_rss,-,196120,0,129707964794649,129707964880981,86.332,OK
sample,numa_information,-,196119,0,129707964834982,129707965287044,452.062,OK
sample,numa_information,-,196120,0,129707964903338,129707965291198,387.860,OK
sample,thread_enumeration,-,196119,0,129707965358695,129707965368970,10.275,OK
sample,thread_enumeration,-,196119,0,129707965448189,129707965448394,0.205,OK
sample,thread_enumeration,-,196119,0,129707965473973,129707965474195,0.222,OK
sample,thread_enumeration,-,196120,0,129707965409057,129707965416724,7.667,OK
sample,thread_enumeration,-,196120,0,129707965533521,129707965533745,0.224,OK
sample,thread_enumeration,-,196120,0,129707965572440,129707965572646,0.206,OK
sample,per_thread_stat,-,196119,196119,129707965506463,129707965577881,71.418,OK
sample,per_thread_stat,-,196120,196120,129707965597797,129707965648399,50.602,OK
sample,thread_enumeration,-,196120,0,129707965671972,129707965674255,2.283,END
sample,thread_statistics_total,-,196120,0,129707965391766,129707965696760,304.994,OK
sample,thread_enumeration,-,196119,0,129707965652214,129707965655684,3.470,END
sample,thread_statistics_total,-,196119,0,129707965338157,129707965781681,443.524,OK
sample,csv_formatting_process,-,196120,0,129707965722493,129707965729975,7.482,OK
sample,csv_write_process,-,196120,0,129707965862635,129707965870481,7.846,OK
sample,csv_formatting_threads,-,196120,0,129707965897347,129707965900891,3.544,OK
sample,csv_write_threads,-,196120,0,129707965947009,129707965951717,4.708,OK
sample,monitor_sample_total,-,196120,0,129707964467848,129707965979464,1511.616,OK
lifecycle,finalization,-,196120,0,129707966028414,129707966039634,11.220,OK
lifecycle,monitor_run_pid_once,-,196120,0,129707963856786,129707966083901,2227.115,OK
worker,monitor_execution,APP_196120_38322574,196120,8589934595,129707963848171,129707966109994,2261.823,OK
sample,csv_formatting_process,-,196119,0,129707965827604,129707965839790,12.186,OK
sample,csv_write_process,-,196119,0,129707966191962,129707966199180,7.218,OK
sample,csv_formatting_threads,-,196119,0,129707966227068,129707966233221,6.153,OK
sample,csv_write_threads,-,196119,0,129707966256471,129707966261409,4.938,OK
sample,monitor_sample_total,-,196119,0,129707964234671,129707966296528,2061.857,OK
worker,job_completed,APP_196120_38322574,196120,8589934595,129707966154574,129707966154789,0.215,OK
worker,job_started,APP_196121_38322574,196121,12884901891,129707966398188,129707966398317,0.129,OK
lifecycle,finalization,-,196119,0,129707966324366,129707966335445,11.079,OK
lifecycle,monitor_run_pid_once,-,196119,0,129707963795611,129707966495150,2699.539,OK
sample,proc_pid_stat,-,196121,0,129707966455596,129707966519324,63.728,OK
worker,monitor_execution,APP_196119_38322574,196119,4294967299,129707963783813,129707966522761,2738.948,OK
worker,job_completed,APP_196119_38322574,196119,4294967299,129707966644512,129707966644778,0.266,OK
lifecycle,perf_counter_attempt,-,196121,0,129707966664890,129707966671944,7.054,UNAVAILABLE
lifecycle,perf_counter_attempt,-,196121,0,129707966697803,129707966701448,3.645,UNAVAILABLE
worker,job_started,APP_196122_38322575,196122,17179869187,129707966683045,129707966683173,0.128,OK
lifecycle,perf_counter_initialization,-,196121,0,129707966664678,129707966722133,57.455,OK
lifecycle,initialization,-,196121,0,129707966443080,129707966902607,459.527,OK
sample,cache_perf_read,-,-1,0,129707966951355,129707966951526,0.171,UNAVAILABLE
sample,cache_perf_read,-,-1,0,129707966985635,129707966985727,0.092,UNAVAILABLE
sample,proc_pid_stat,-,196122,0,129707966816844,129707966884495,67.651,OK
sample,proc_pid_stat,-,196121,0,129707967041543,129707967125960,84.417,OK
lifecycle,perf_counter_attempt,-,196122,0,129707967232698,129707967239233,6.535,UNAVAILABLE
lifecycle,perf_counter_attempt,-,196122,0,129707967270937,129707967274743,3.806,UNAVAILABLE
lifecycle,perf_counter_initialization,-,196122,0,129707967232464,129707967294542,62.078,OK
lifecycle,initialization,-,196122,0,129707966804042,129707967322701,518.659,OK
sample,cache_perf_read,-,-1,0,129707967348820,129707967348986,0.166,UNAVAILABLE
sample,cache_perf_read,-,-1,0,129707967371291,129707967371391,0.100,UNAVAILABLE
sample,cpu_statistics,-,-1,0,129707967167532,129707967305448,137.916,OK
sample,proc_pid_stat,-,196122,0,129707967395029,129707967462083,67.054,OK
sample,memory_rss,-,196121,0,129707967444509,129707967541092,96.583,OK
sample,cpu_statistics,-,-1,0,129707967516475,129707967683635,167.160,OK
sample,memory_rss,-,196122,0,129707967717390,129707967827988,110.598,OK
sample,numa_information,-,196121,0,129707967563989,129707967893424,329.435,OK
sample,thread_enumeration,-,196121,0,129707967931812,129707967938888,7.076,OK
sample,thread_enumeration,-,196121,0,129707967958415,129707967958571,0.156,OK
sample,thread_enumeration,-,196121,0,129707967993445,129707967993603,0.158,OK
sample,per_thread_stat,-,196121,196121,129707968049555,129707968104751,55.196,OK
sample,thread_enumeration,-,196121,0,129707968141734,129707968144377,2.643,END
sample,thread_statistics_total,-,196121,0,129707967918966,129707968161425,242.459,OK
sample,csv_formatting_process,-,196121,0,129707968178305,129707968186236,7.931,OK
sample,csv_write_process,-,196121,0,129707968201792,129707968207298,5.506,OK
sample,csv_formatting_threads,-,196121,0,129707968218056,129707968221247,3.191,OK
sample,csv_write_threads,-,196121,0,129707968232515,129707968235460,2.945,OK
sample,monitor_sample_total,-,196121,0,129707966950877,129707968246236,1295.359,OK
lifecycle,finalization,-,196121,0,129707968258473,129707968264896,6.423,OK
lifecycle,monitor_run_pid_once,-,196121,0,129707966443004,129707968274927,1831.923,OK
worker,monitor_execution,APP_196121_38322574,196121,12884901891,129707966432215,129707968286131,1853.916,OK
worker,job_completed,APP_196121_38322574,196121,12884901891,129707968310676,129707968310784,0.108,OK
worker,job_started,APP_196123_38322575,196123,21474836483,129707968334127,129707968334220,0.093,OK
sample,numa_information,-,196122,0,129707967857982,129707968391834,533.852,OK
sample,proc_pid_stat,-,196123,0,129707968362339,129707968400394,38.055,OK
sample,thread_enumeration,-,196122,0,129707968452769,129707968461113,8.344,OK
sample,thread_enumeration,-,196122,0,129707968565858,129707968566192,0.334,OK
sample,thread_enumeration,-,196122,0,129707968593110,129707968593323,0.213,OK
lifecycle,perf_counter_attempt,-,196123,0,129707968574985,129707968580507,5.522,UNAVAILABLE
lifecycle,perf_counter_attempt,-,196123,0,129707968664418,129707968666940,2.522,UNAVAILABLE
lifecycle,perf_counter_initialization,-,196123,0,129707968574757,129707968680292,105.535,OK
lifecycle,initialization,-,196123,0,129707968353976,129707968709101,355.125,OK
sample,cache_perf_read,-,-1,0,129707968739703,129707968739782,0.079,UNAVAILABLE
sample,cache_perf_read,-,-1,0,129707968753662,129707968753733,0.071,UNAVAILABLE
sample,per_thread_stat,-,196122,196122,129707968617652,129707968687270,69.618,OK
sample,thread_enumeration,-,196122,0,129707968819644,129707968822753,3.109,END
sample,thread_statistics_total,-,196122,0,129707968433079,129707968853995,420.916,OK
sample,proc_pid_stat,-,196123,0,129707968767190,129707968809517,42.327,OK
sample,csv_formatting_process,-,196122,0,129707968894016,129707968905969,11.953,OK
sample,csv_write_process,-,196122,0,129707968979702,129707968987208,7.506,OK
sample,csv_formatting_threads,-,196122,0,129707969025843,129707969033056,7.213,OK
sample,csv_write_threads,-,196122,0,129707969064740,129707969070341,5.601,OK
sample,monitor_sample_total,-,196122,0,129707967348529,129707969151448,1802.919,OK
lifecycle,finalization,-,196122,0,129707969182352,129707969193240,10.888,OK
lifecycle,monitor_run_pid_once,-,196122,0,129707966803919,129707969217411,2413.492,OK
worker,monitor_execution,APP_196122_38322575,196122,17179869187,129707966793686,129707969238847,2445.161,OK
sample,cpu_statistics,-,-1,0,129707968948716,129707969113577,164.861,OK
worker,job_completed,APP_196122_38322575,196122,17179869187,129707969303357,129707969303473,0.116,OK
sample,memory_rss,-,196123,0,129707969338619,129707969432830,94.211,OK
sample,numa_information,-,196123,0,129707969454577,129707969768153,313.576,OK
sample,thread_enumeration,-,196123,0,129707969805348,129707969811564,6.216,OK
sample,thread_enumeration,-,196123,0,129707969827680,129707969827867,0.187,OK
sample,thread_enumeration,-,196123,0,129707969840709,129707969840898,0.189,OK
sample,per_thread_stat,-,196123,196123,129707969853025,129707969890075,37.050,OK
sample,thread_enumeration,-,196123,0,129707969910678,129707969912699,2.021,END
sample,thread_statistics_total,-,196123,0,129707969792971,129707969928051,135.080,OK
sample,csv_formatting_process,-,196123,0,129707969943953,129707969951049,7.096,OK
sample,csv_write_process,-,196123,0,129707969965182,129707969970242,5.060,OK
sample,csv_formatting_threads,-,196123,0,129707970000132,129707970035287,35.155,OK
sample,csv_write_threads,-,196123,0,129707970064317,129707970067574,3.257,OK
sample,monitor_sample_total,-,196123,0,129707968739416,129707970078992,1339.576,OK
lifecycle,finalization,-,196123,0,129707970091585,129707970099688,8.103,OK
lifecycle,monitor_run_pid_once,-,196123,0,129707968353881,129707970111043,1757.162,OK
worker,monitor_execution,APP_196123_38322575,196123,21474836483,129707968345330,129707970122903,1777.573,OK
worker,job_completed,APP_196123_38322575,196123,21474836483,129707970144370,129707970144484,0.114,OK
discovery,application_discovery_scan,-,-1,0,129707981776813,129708017785513,36008.700,OK
discovery,application_discovery_scan,-,-1,0,129708037281842,129708070622904,33341.062,OK
worker,job_submission,APP_196119_38322574,196119,4294967300,129708072507333,129708072528634,21.301,OK
worker,job_submission,APP_196120_38322574,196120,8589934596,129708072596794,129708072608522,11.728,OK
worker,job_submission,APP_196121_38322574,196121,12884901892,129708072643076,129708072648439,5.363,OK
worker,job_submission,APP_196122_38322575,196122,17179869188,129708072678213,129708072732831,54.618,OK
worker,job_submission,APP_196123_38322575,196123,21474836484,129708072772629,129708072777724,5.095,OK
worker,job_started,APP_196119_38322574,196119,4294967300,129708072839430,129708072839682,0.252,OK
worker,job_started,APP_196120_38322574,196120,8589934596,129708072862526,129708072862681,0.155,OK
sample,proc_pid_stat,-,196119,0,129708072927958,129708073035918,107.960,OK
sample,proc_pid_stat,-,196120,0,129708072991811,129708073096271,104.460,OK
lifecycle,perf_counter_attempt,-,196119,0,129708073205544,129708073215016,9.472,UNAVAILABLE
lifecycle,perf_counter_attempt,-,196119,0,129708073246875,129708073249842,2.967,UNAVAILABLE
lifecycle,perf_counter_initialization,-,196119,0,129708073205181,129708073271353,66.172,OK
lifecycle,initialization,-,196119,0,129708072910280,129708073294923,384.643,OK
sample,cache_perf_read,-,-1,0,129708073318675,129708073318842,0.167,UNAVAILABLE
sample,cache_perf_read,-,-1,0,129708073340534,129708073340623,0.089,UNAVAILABLE
lifecycle,perf_counter_attempt,-,196120,0,129708073265779,129708073273311,7.532,UNAVAILABLE
lifecycle,perf_counter_attempt,-,196120,0,129708073444623,129708073452120,7.497,UNAVAILABLE
lifecycle,perf_counter_initialization,-,196120,0,129708073265514,129708073485607,220.093,OK
lifecycle,initialization,-,196120,0,129708072976875,129708073512403,535.528,OK
sample,cache_perf_read,-,-1,0,129708073536874,129708073537054,0.180,UNAVAILABLE
sample,cache_perf_read,-,-1,0,129708073560095,129708073560194,0.099,UNAVAILABLE
sample,proc_pid_stat,-,196119,0,129708073364304,129708073424405,60.101,OK
sample,proc_pid_stat,-,196120,0,129708073584012,129708073652278,68.266,OK
sample,cpu_statistics,-,-1,0,129708073666232,129708073874713,208.481,OK
sample,cpu_statistics,-,-1,0,129708073715366,129708073898882,183.516,OK
sample,memory_rss,-,196119,0,129708073927213,129708074092250,165.037,OK
sample,memory_rss,-,196120,0,129708073983443,129708074140776,157.333,OK
sample,numa_information,-,196119,0,129708074139900,129708074539849,399.949,OK
sample,thread_enumeration,-,196119,0,129708074586348,129708074603883,17.535,OK
sample,thread_enumeration,-,196119,0,129708074622603,129708074622752,0.149,OK
sample,thread_enumeration,-,196119,0,129708074635274,129708074635443,0.169,OK
sample,per_thread_stat,-,196119,196119,129708074647752,129708074692128,44.376,OK
sample,thread_enumeration,-,196119,0,129708074731607,129708074733574,1.967,END
sample,numa_information,-,196120,0,129708074177467,129708074706473,529.006,OK
sample,thread_statistics_total,-,196119,0,129708074570788,129708074751237,180.449,OK
sample,csv_formatting_process,-,196119,0,129708074843883,129708074852453,8.570,OK
sample,csv_write_process,-,196119,0,129708074867607,129708074874008,6.401,OK
sample,csv_formatting_threads,-,196119,0,129708074888795,129708074892120,3.325,OK
sample,csv_write_threads,-,196119,0,129708074910738,129708074914427,3.689,OK
sample,monitor_sample_total,-,196119,0,129708073318339,129708074932580,1614.241,OK
lifecycle,finalization,-,196119,0,129708074975103,129708074982690,7.587,OK
lifecycle,monitor_run_pid_once,-,196119,0,129708072910133,129708074998907,2088.774,OK
worker,monitor_execution,APP_196119_38322574,196119,4294967300,129708072899010,129708075065816,2166.806,OK
sample,thread_enumeration,-,196120,0,129708074813019,129708074822181,9.162,OK
sample,thread_enumeration,-,196120,0,129708075122743,129708075123202,0.459,OK
sample,thread_enumeration,-,196120,0,129708075148480,129708075148647,0.167,OK
worker,job_completed,APP_196119_38322574,196119,4294967300,129708075095906,129708075096023,0.117,OK
worker,job_started,APP_196121_38322574,196121,12884901892,129708075243606,129708075243695,0.089,OK
sample,per_thread_stat,-,196120,196120,129708075173621,129708075243964,70.343,OK
sample,proc_pid_stat,-,196121,0,129708075283272,129708075333467,50.195,OK
sample,thread_enumeration,-,196120,0,129708075330185,129708075333547,3.362,END
sample,thread_statistics_total,-,196120,0,129708074791353,129708075435937,644.584,OK
lifecycle,perf_counter_attempt,-,196121,0,129708075461793,129708075469058,7.265,UNAVAILABLE
lifecycle,perf_counter_attempt,-,196121,0,129708075516605,129708075521825,5.220,UNAVAILABLE
lifecycle,perf_counter_initialization,-,196121,0,129708075461538,129708075537132,75.594,OK
lifecycle,initialization,-,196121,0,129708075273256,129708075549601,276.345,OK
sample,cache_perf_read,-,-1,0,129708075562565,129708075562683,0.118,UNAVAILABLE
sample,cache_perf_read,-,-1,0,129708075574966,129708075575059,0.093,UNAVAILABLE
sample,proc_pid_stat,-,196121,0,129708075588665,129708075633474,44.809,OK
sample,csv_formatting_process,-,196120,0,129708075468963,129708075480355,11.392,OK
sample,csv_write_process,-,196120,0,129708075741600,129708075750582,8.982,OK
sample,csv_formatting_threads,-,196120,0,129708075784104,129708075791202,7.098,OK
sample,cpu_statistics,-,-1,0,129708075685959,129708075812132,126.173,OK
sample,csv_write_threads,-,196120,0,129708075810880,129708075816189,5.309,OK
sample,monitor_sample_total,-,196120,0,129708073536550,129708075882061,2345.511,OK
sample,memory_rss,-,196121,0,129708075835187,129708075917497,82.310,OK
lifecycle,finalization,-,196120,0,129708075913631,129708075926478,12.847,OK
lifecycle,monitor_run_pid_once,-,196120,0,129708072976747,129708075992270,3015.523,OK
worker,monitor_execution,APP_196120_38322574,196120,8589934596,129708072966863,129708076046094,3079.231,OK
worker,job_completed,APP_196120_38322574,196120,8589934596,129708076083916,129708076084052,0.136,OK
worker,job_started,APP_196122_38322575,196122,17179869188,129708076140241,129708076140337,0.096,OK
sample,proc_pid_stat,-,196122,0,129708076191473,129708076265602,74.129,OK
sample,numa_information,-,196121,0,129708075942289,129708076338372,396.083,OK
sample,thread_enumeration,-,196121,0,129708076397252,129708076403685,6.433,OK
sample,thread_enumeration,-,196121,0,129708076430842,129708076431075,0.233,OK
sample,thread_enumeration,-,196121,0,129708076444560,129708076444748,0.188,OK
lifecycle,perf_counter_attempt,-,196122,0,129708076404610,129708076411593,6.983,UNAVAILABLE
sample,per_thread_stat,-,196121,196121,129708076465027,129708076520651,55.624,OK
sample,thread_enumeration,-,196121,0,129708076555049,129708076557897,2.848,END
sample,thread_statistics_total,-,196121,0,129708076381571,129708076592720,211.149,OK
lifecycle,perf_counter_attempt,-,196122,0,129708076521829,129708076525572,3.743,UNAVAILABLE
lifecycle,perf_counter_initialization,-,196122,0,129708076404358,129708076682317,277.959,OK
lifecycle,initialization,-,196122,0,129708076177477,129708076714107,536.630,OK
sample,cache_perf_read,-,-1,0,129708076737569,129708076737751,0.182,UNAVAILABLE
sample,cache_perf_read,-,-1,0,129708076760539,129708076760664,0.125,UNAVAILABLE
sample,csv_formatting_process,-,196121,0,129708076626549,129708076637267,10.718,OK
sample,csv_write_process,-,196121,0,129708076818565,129708076823977,5.412,OK
sample,csv_formatting_threads,-,196121,0,129708076862692,129708076866096,3.404,OK
sample,csv_write_threads,-,196121,0,129708076885602,129708076888675,3.073,OK
sample,monitor_sample_total,-,196121,0,129708075562280,129708076929328,1367.048,OK
lifecycle,finalization,-,196121,0,129708076947362,129708076955386,8.024,OK
lifecycle,monitor_run_pid_once,-,196121,0,129708075273159,129708076971613,1698.454,OK
sample,proc_pid_stat,-,196122,0,129708076783107,129708076847317,64.210,OK
worker,monitor_execution,APP_196121_38322574,196121,12884901892,129708075265357,129708076985923,1720.566,OK
worker,job_completed,APP_196121_38322574,196121,12884901892,129708077124101,129708077124203,0.102,OK
worker,job_started,APP_196123_38322575,196123,21474836484,129708077150053,129708077150125,0.072,OK
sample,proc_pid_stat,-,196123,0,129708077186499,129708077234809,48.310,OK
sample,cpu_statistics,-,-1,0,129708077074832,129708077289792,214.960,OK
lifecycle,perf_counter_attempt,-,196123,0,129708077326987,129708077332021,5.034,UNAVAILABLE
lifecycle,perf_counter_attempt,-,196123,0,129708077353223,129708077354835,1.612,UNAVAILABLE
lifecycle,perf_counter_initialization,-,196123,0,129708077326765,129708077367015,40.250,OK
lifecycle,initialization,-,196123,0,129708077175732,129708077380493,204.761,OK
sample,cache_perf_read,-,-1,0,129708077392685,129708077392797,0.112,UNAVAILABLE
sample,cache_perf_read,-,-1,0,129708077404173,129708077404267,0.094,UNAVAILABLE
sample,proc_pid_stat,-,196123,0,129708077415506,129708077450659,35.153,OK
sample,memory_rss,-,196122,0,129708077327612,129708077466812,139.200,OK
sample,cpu_statistics,-,-1,0,129708077482986,129708077604738,121.752,OK
sample,memory_rss,-,196123,0,129708077662402,129708077743124,80.722,OK
sample,numa_information,-,196122,0,129708077501494,129708078123859,622.365,OK
sample,numa_information,-,196123,0,129708077761247,129708078135186,373.939,OK
sample,thread_enumeration,-,196122,0,129708078197304,129708078205774,8.470,OK
sample,thread_enumeration,-,196122,0,129708078326087,129708078326492,0.405,OK
sample,thread_enumeration,-,196123,0,129708078255157,129708078262288,7.131,OK
sample,thread_enumeration,-,196123,0,129708078436552,129708078436991,0.439,OK
sample,thread_enumeration,-,196123,0,129708078467297,129708078467585,0.288,OK
sample,thread_enumeration,-,196122,0,129708078370684,129708078370841,0.157,OK
sample,per_thread_stat,-,196123,196123,129708078492794,129708078579447,86.653,OK
sample,thread_enumeration,-,196123,0,129708078633418,129708078637164,3.746,END
sample,thread_statistics_total,-,196123,0,129708078238329,129708078674517,436.188,OK
sample,per_thread_stat,-,196122,196122,129708078551225,129708078617704,66.479,OK
sample,thread_enumeration,-,196122,0,129708078756007,129708078759179,3.172,END
sample,thread_statistics_total,-,196122,0,129708078177487,129708078789442,611.955,OK
sample,csv_formatting_process,-,196123,0,129708078708252,129708078720151,11.899,OK
sample,csv_write_process,-,196123,0,129708078879551,129708078888205,8.654,OK
sample,csv_formatting_threads,-,196123,0,129708078942393,129708078949584,7.191,OK
sample,csv_write_threads,-,196123,0,129708078980571,129708078986160,5.589,OK
sample,monitor_sample_total,-,196123,0,129708077392417,129708079028921,1636.504,OK
sample,csv_formatting_process,-,196122,0,129708078828238,129708078839439,11.201,OK
sample,csv_write_process,-,196122,0,129708079125458,129708079132946,7.488,OK
sample,csv_formatting_threads,-,196122,0,129708079156232,129708079161855,5.623,OK
sample,csv_write_threads,-,196122,0,129708079190112,129708079195105,4.993,OK
sample,monitor_sample_total,-,196122,0,129708076737272,129708079223805,2486.533,OK
lifecycle,finalization,-,196122,0,129708079252408,129708079262814,10.406,OK
lifecycle,monitor_run_pid_once,-,196122,0,129708076177352,129708079297212,3119.860,OK
worker,monitor_execution,APP_196122_38322575,196122,17179869188,129708076167538,129708079321940,3154.402,OK
lifecycle,finalization,-,196123,0,129708079069969,129708079081838,11.869,OK
lifecycle,monitor_run_pid_once,-,196123,0,129708077175660,129708079404578,2228.918,OK
worker,monitor_execution,APP_196123_38322575,196123,21474836484,129708077168086,129708079433306,2265.220,OK
worker,job_completed,APP_196122_38322575,196122,17179869188,129708079363483,129708079363618,0.135,OK
worker,job_completed,APP_196123_38322575,196123,21474836484,129708079475916,129708079476040,0.124,OK
discovery,application_discovery_scan,-,-1,0,129708090935517,129708129672839,38737.322,OK
discovery,application_discovery_scan,-,-1,0,129708149061859,129708180868110,31806.251,OK
worker,job_submission,APP_196119_38322574,196119,4294967301,129708182477564,129708182498289,20.725,OK
worker,job_submission,APP_196120_38322574,196120,8589934597,129708182553792,129708182564995,11.203,OK
worker,job_submission,APP_196121_38322574,196121,12884901893,129708182600777,129708182653594,52.817,OK
worker,job_submission,APP_196122_38322575,196122,17179869189,129708182685745,129708182688813,3.068,OK
worker,job_submission,APP_196123_38322575,196123,21474836485,129708182709413,129708182712050,2.637,OK
worker,job_started,APP_196119_38322574,196119,4294967301,129708182765593,129708182765815,0.222,OK
worker,job_started,APP_196120_38322574,196120,8589934597,129708182811045,129708182811167,0.122,OK
sample,proc_pid_stat,-,196120,0,129708182869766,129708182926506,56.740,OK
sample,proc_pid_stat,-,196119,0,129708182842883,129708182929250,86.367,OK
lifecycle,perf_counter_attempt,-,196120,0,129708183105680,129708183115672,9.992,UNAVAILABLE
lifecycle,perf_counter_attempt,-,196119,0,129708183157792,129708183166454,8.662,UNAVAILABLE
lifecycle,perf_counter_attempt,-,196119,0,129708183204300,129708183208745,4.445,UNAVAILABLE
lifecycle,perf_counter_initialization,-,196119,0,129708183157542,129708183243374,85.832,OK
lifecycle,initialization,-,196119,0,129708182826781,129708183270687,443.906,OK
sample,cache_perf_read,-,-1,0,129708183292622,129708183292818,0.196,UNAVAILABLE
sample,cache_perf_read,-,-1,0,129708183315804,129708183315980,0.176,UNAVAILABLE
lifecycle,perf_counter_attempt,-,196120,0,129708183162212,129708183167865,5.653,UNAVAILABLE
lifecycle,perf_counter_initialization,-,196120,0,129708183105377,129708183400993,295.616,OK
lifecycle,initialization,-,196120,0,129708182858869,129708183431383,572.514,OK
sample,cache_perf_read,-,-1,0,129708183463409,129708183463576,0.167,UNAVAILABLE
sample,cache_perf_read,-,-1,0,129708183488357,129708183488466,0.109,UNAVAILABLE
sample,proc_pid_stat,-,196119,0,129708183342931,129708183403846,60.915,OK
sample,proc_pid_stat,-,196120,0,129708183510062,129708183577353,67.291,OK
sample,cpu_statistics,-,-1,0,129708183584965,129708183774908,189.943,OK
sample,cpu_statistics,-,-1,0,129708183633242,129708183804932,171.690,OK
sample,memory_rss,-,196119,0,129708183811142,129708183933791,122.649,OK
sample,memory_rss,-,196120,0,129708183851487,129708183963879,112.392,OK
sample,numa_information,-,196119,0,129708183963659,129708184363130,399.471,OK
sample,numa_information,-,196120,0,129708184000140,129708184388558,388.418,OK
sample,thread_enumeration,-,196119,0,129708184429425,129708184438536,9.111,OK
sample,thread_enumeration,-,196119,0,129708184528377,129708184528744,0.367,OK
sample,thread_enumeration,-,196119,0,129708184561868,129708184562009,0.141,OK
sample,thread_enumeration,-,196120,0,129708184492281,129708184500759,8.478,OK
sample,thread_enumeration,-,196120,0,129708184643992,129708184644447,0.455,OK
sample,thread_enumeration,-,196120,0,129708184672404,129708184672628,0.224,OK
sample,per_thread_stat,-,196119,196119,129708184591597,129708184656087,64.490,OK
sample,thread_enumeration,-,196119,0,129708184740270,129708184743526,3.256,END
sample,thread_statistics_total,-,196119,0,129708184409713,129708184786784,377.071,OK
sample,per_thread_stat,-,196120,196120,129708184694890,129708184763801,68.911,OK
sample,thread_enumeration,-,196120,0,129708184879954,129708184883493,3.539,END
sample,thread_statistics_total,-,196120,0,129708184472434,129708184916702,444.268,OK
sample,csv_formatting_process,-,196119,0,129708184833312,129708184845859,12.547,OK
sample,csv_write_process,-,196119,0,129708185019638,129708185027954,8.316,OK
sample,csv_formatting_threads,-,196119,0,129708185068440,129708185074826,6.386,OK
sample,csv_write_threads,-,196119,0,129708185100939,129708185106044,5.105,OK
sample,monitor_sample_total,-,196119,0,129708183292290,129708185161070,1868.780,OK
sample,csv_formatting_process,-,196120,0,129708184959567,129708184971516,11.949,OK
sample,csv_write_process,-,196120,0,129708185250893,129708185258763,7.870,OK
sample,csv_formatting_threads,-,196120,0,129708185285831,129708185291856,6.025,OK
sample,csv_write_threads,-,196120,0,129708185314481,129708185319381,4.900,OK
sample,monitor_sample_total,-,196120,0,129708183463071,129708185341758,1878.687,OK
lifecycle,finalization,-,196120,0,129708185367811,129708185378786,10.975,OK
lifecycle,monitor_run_pid_once,-,196120,0,129708182858777,129708185409569,2550.792,OK
worker,monitor_execution,APP_196120_38322574,196120,8589934597,129708182851437,129708185438076,2586.639,OK
lifecycle,finalization,-,196119,0,129708185191875,129708185202341,10.466,OK
lifecycle,monitor_run_pid_once,-,196119,0,129708182826651,129708185522080,2695.429,OK
worker,monitor_execution,APP_196119_38322574,196119,4294967301,129708182814349,129708185550762,2736.413,OK
worker,job_completed,APP_196120_38322574,196120,8589934597,129708185487632,129708185487834,0.202,OK
worker,job_completed,APP_196119_38322574,196119,4294967301,129708185592632,129708185592808,0.176,OK
worker,job_started,APP_196121_38322574,196121,12884901893,129708185644053,129708185644260,0.207,OK
worker,job_started,APP_196122_38322575,196122,17179869189,129708185703428,129708185703555,0.127,OK
sample,proc_pid_stat,-,196121,0,129708185765147,129708185829375,64.228,OK
sample,proc_pid_stat,-,196122,0,129708185811366,129708185871189,59.823,OK
lifecycle,perf_counter_attempt,-,196121,0,129708185965332,129708185971176,5.844,UNAVAILABLE
lifecycle,perf_counter_attempt,-,196121,0,129708186024082,129708186028598,4.516,UNAVAILABLE
lifecycle,perf_counter_initialization,-,196121,0,129708185965141,129708186067457,102.316,OK
lifecycle,initialization,-,196121,0,129708185753860,129708186092489,338.629,OK
sample,cache_perf_read,-,-1,0,129708186117341,129708186117452,0.111,UNAVAILABLE
sample,cache_perf_read,-,-1,0,129708186142342,129708186142419,0.077,UNAVAILABLE
lifecycle,perf_counter_attempt,-,196122,0,129708185988506,129708185995301,6.795,UNAVAILABLE
lifecycle,perf_counter_attempt,-,196122,0,129708186244843,129708186249978,5.135,UNAVAILABLE
lifecycle,perf_counter_initialization,-,196122,0,129708185988364,129708186277303,288.939,OK
lifecycle,initialization,-,196122,0,129708185799541,129708186334348,534.807,OK
sample,cache_perf_read,-,-1,0,129708186372553,129708186372697,0.144,UNAVAILABLE
sample,cache_perf_read,-,-1,0,129708186398963,129708186399061,0.098,UNAVAILABLE
sample,proc_pid_stat,-,196121,0,129708186167665,129708186229020,61.355,OK
sample,proc_pid_stat,-,196122,0,129708186423662,129708186486997,63.335,OK
sample,cpu_statistics,-,-1,0,129708186496494,129708186650571,154.077,OK
sample,cpu_statistics,-,-1,0,129708186541168,129708186673626,132.458,OK
sample,memory_rss,-,196121,0,129708186687418,129708186812008,124.590,OK
sample,memory_rss,-,196122,0,129708186744137,129708186855239,111.102,OK
sample,numa_information,-,196121,0,129708186841625,129708187227318,385.693,OK
sample,numa_information,-,196122,0,129708186886836,129708187247938,361.102,OK
sample,thread_enumeration,-,196122,0,129708187348020,129708187355816,7.796,OK
sample,thread_enumeration,-,196122,0,129708187455178,129708187455566,0.388,OK
sample,thread_enumeration,-,196122,0,129708187482635,129708187482825,0.190,OK
sample,thread_enumeration,-,196121,0,129708187290584,129708187298495,7.911,OK
sample,thread_enumeration,-,196121,0,129708187585327,129708187585709,0.382,OK
sample,thread_enumeration,-,196121,0,129708187615463,129708187615686,0.223,OK
sample,per_thread_stat,-,196122,196122,129708187509266,129708187572433,63.167,OK
sample,thread_enumeration,-,196122,0,129708187689316,129708187692625,3.309,END
sample,thread_statistics_total,-,196122,0,129708187328363,129708187719824,391.461,OK
sample,csv_formatting_process,-,196122,0,129708187751235,129708187762326,11.091,OK
sample,csv_write_process,-,196122,0,129708187793068,129708187799755,6.687,OK
sample,csv_formatting_threads,-,196122,0,129708187824214,129708187829337,5.123,OK
sample,csv_write_threads,-,196122,0,129708187876849,129708187881936,5.087,OK
sample,monitor_sample_total,-,196122,0,129708186372197,129708187908273,1536.076,OK
lifecycle,finalization,-,196122,0,129708187932983,129708187943085,10.102,OK
lifecycle,monitor_run_pid_once,-,196122,0,129708185799414,129708187976594,2177.180,OK
worker,monitor_execution,APP_196122_38322575,196122,17179869189,129708185790276,129708188021181,2230.905,OK
sample,per_thread_stat,-,196121,196121,129708187640532,129708187726500,85.968,OK
sample,thread_enumeration,-,196121,0,129708188134906,129708188139498,4.592,END
sample,thread_statistics_total,-,196121,0,129708187271587,129708188174655,903.068,OK
worker,job_completed,APP_196122_38322575,196122,17179869189,129708188078753,129708188078919,0.166,OK
worker,job_started,APP_196123_38322575,196123,21474836485,129708188272752,129708188272899,0.147,OK
sample,csv_formatting_process,-,196121,0,129708188211018,129708188223093,12.075,OK
sample,csv_write_process,-,196121,0,129708188363696,129708188371950,8.254,OK
sample,csv_formatting_threads,-,196121,0,129708188407063,129708188413279,6.216,OK
sample,csv_write_threads,-,196121,0,129708188440388,129708188445837,5.449,OK
sample,monitor_sample_total,-,196121,0,129708186117031,129708188469646,2352.615,OK
sample,proc_pid_stat,-,196123,0,129708188325730,129708188390559,64.829,OK
lifecycle,finalization,-,196121,0,129708188495472,129708188506526,11.054,OK
lifecycle,monitor_run_pid_once,-,196121,0,129708185753735,129708188602982,2849.247,OK
worker,monitor_execution,APP_196121_38322574,196121,12884901893,129708185745118,129708188626608,2881.490,OK
worker,job_completed,APP_196121_38322574,196121,12884901893,129708188663425,129708188663578,0.153,OK
lifecycle,perf_counter_attempt,-,196123,0,129708188652590,129708188672648,20.058,UNAVAILABLE
lifecycle,perf_counter_attempt,-,196123,0,129708188755368,129708188760663,5.295,UNAVAILABLE
lifecycle,perf_counter_initialization,-,196123,0,129708188652356,129708188786541,134.185,OK
lifecycle,initialization,-,196123,0,129708188314024,129708188817598,503.574,OK
sample,cache_perf_read,-,-1,0,129708188840154,129708188840309,0.155,UNAVAILABLE
sample,cache_perf_read,-,-1,0,129708188860673,129708188860781,0.108,UNAVAILABLE
sample,proc_pid_stat,-,196123,0,129708188880064,129708188936844,56.780,OK
sample,cpu_statistics,-,-1,0,129708188979077,129708189141067,161.990,OK
sample,memory_rss,-,196123,0,129708189180618,129708189287818,107.200,OK
sample,numa_information,-,196123,0,129708189316023,129708189650930,334.907,OK
sample,thread_enumeration,-,196123,0,129708189696853,129708189704250,7.397,OK
sample,thread_enumeration,-,196123,0,129708189727092,129708189727306,0.214,OK
sample,thread_enumeration,-,196123,0,129708189745753,129708189745920,0.167,OK
sample,per_thread_stat,-,196123,196123,129708189764627,129708189821962,57.335,OK
sample,thread_enumeration,-,196123,0,129708189849223,129708189852037,2.814,END
sample,thread_statistics_total,-,196123,0,129708189679920,129708189876067,196.147,OK
sample,csv_formatting_process,-,196123,0,129708189907457,129708189918132,10.675,OK
sample,csv_write_process,-,196123,0,129708189951191,129708189957587,6.396,OK
sample,csv_formatting_threads,-,196123,0,129708189976764,129708189981532,4.768,OK
sample,csv_write_threads,-,196123,0,129708189997913,129708190031312,33.399,OK
sample,monitor_sample_total,-,196123,0,129708188839824,129708190067889,1228.065,OK
lifecycle,finalization,-,196123,0,129708190091332,129708190100058,8.726,OK
lifecycle,monitor_run_pid_once,-,196123,0,129708188313921,129708190119358,1805.437,OK
worker,monitor_execution,APP_196123_38322575,196123,21474836485,129708188306864,129708190139025,1832.161,OK
worker,job_completed,APP_196123_38322575,196123,21474836485,129708190174673,129708190174867,0.194,OK
discovery,application_discovery_scan,-,-1,0,129708200866142,129708235952729,35086.587,OK
discovery,application_discovery_scan,-,-1,0,129708255621396,129708288728648,33107.252,OK
worker,job_submission,APP_196119_38322574,196119,4294967302,129708290130528,129708290148099,17.571,OK
worker,job_submission,APP_196120_38322574,196120,8589934598,129708290216487,129708290227362,10.875,OK
worker,job_submission,APP_196121_38322574,196121,12884901894,129708290262321,129708290308556,46.235,OK
worker,job_submission,APP_196122_38322575,196122,17179869190,129708290362117,129708290365212,3.095,OK
worker,job_submission,APP_196123_38322575,196123,21474836486,129708290384223,129708290386899,2.676,OK
worker,job_started,APP_196119_38322574,196119,4294967302,129708290437479,129708290437760,0.281,OK
worker,job_started,APP_196120_38322574,196120,8589934598,129708290516045,129708290516197,0.152,OK
sample,proc_pid_stat,-,196119,0,129708290519177,129708290606111,86.934,OK
sample,proc_pid_stat,-,196120,0,129708290588648,129708290651729,63.081,OK
lifecycle,perf_counter_attempt,-,196120,0,129708290755944,129708290764007,8.063,UNAVAILABLE
lifecycle,perf_counter_attempt,-,196120,0,129708290792801,129708290794914,2.113,UNAVAILABLE
lifecycle,perf_counter_initialization,-,196120,0,129708290755617,129708290808619,53.002,OK
lifecycle,initialization,-,196120,0,129708290576091,129708290823145,247.054,OK
sample,cache_perf_read,-,-1,0,129708290835626,129708290835763,0.137,UNAVAILABLE
sample,cache_perf_read,-,-1,0,129708290850402,129708290850478,0.076,UNAVAILABLE
lifecycle,perf_counter_attempt,-,196119,0,129708290765987,129708290773301,7.314,UNAVAILABLE
lifecycle,perf_counter_attempt,-,196119,0,129708290923895,129708290929835,5.940,UNAVAILABLE
lifecycle,perf_counter_initialization,-,196119,0,129708290765748,129708290970028,204.280,OK
lifecycle,initialization,-,196119,0,129708290502354,129708290995533,493.179,OK
sample,cache_perf_read,-,-1,0,129708291055519,129708291055706,0.187,UNAVAILABLE
sample,cache_perf_read,-,-1,0,129708291076547,129708291076626,0.079,UNAVAILABLE
sample,proc_pid_stat,-,196120,0,129708290864029,129708290903574,39.545,OK
sample,proc_pid_stat,-,196119,0,129708291099765,129708291180001,80.236,OK
sample,cpu_statistics,-,-1,0,129708291187698,129708291349844,162.146,OK
sample,cpu_statistics,-,-1,0,129708291226977,129708291438182,211.205,OK
sample,memory_rss,-,196120,0,129708291378858,129708291467844,88.986,OK
sample,memory_rss,-,196119,0,129708291472158,129708291611916,139.758,OK
sample,numa_information,-,196120,0,129708291491656,129708291848447,356.791,OK
sample,thread_enumeration,-,196120,0,129708291884922,129708291892010,7.088,OK
sample,thread_enumeration,-,196120,0,129708291905322,129708291905536,0.214,OK
sample,thread_enumeration,-,196120,0,129708291915718,129708291915847,0.129,OK
sample,per_thread_stat,-,196120,196120,129708291927183,129708291965925,38.742,OK
sample,thread_enumeration,-,196120,0,129708291983091,129708291984942,1.851,END
sample,thread_statistics_total,-,196120,0,129708291872302,129708291999757,127.455,OK
sample,csv_formatting_process,-,196120,0,129708292073926,129708292082097,8.171,OK
sample,csv_write_process,-,196120,0,129708292110948,129708292116605,5.657,OK
sample,csv_formatting_threads,-,196120,0,129708292130893,129708292134176,3.283,OK
sample,csv_write_threads,-,196120,0,129708292144201,129708292146844,2.643,OK
sample,monitor_sample_total,-,196120,0,129708290835335,129708292180861,1345.526,OK
lifecycle,finalization,-,196120,0,129708292195035,129708292202861,7.826,OK
lifecycle,monitor_run_pid_once,-,196120,0,129708290575995,129708292212967,1636.972,OK
worker,monitor_execution,APP_196120_38322574,196120,8589934598,129708290568218,129708292225457,1657.239,OK
worker,job_completed,APP_196120_38322574,196120,8589934598,129708292265474,129708292265566,0.092,OK
sample,numa_information,-,196119,0,129708291643140,129708292229599,586.459,OK
worker,job_started,APP_196121_38322574,196121,12884901894,129708292336460,129708292336534,0.074,OK
sample,thread_enumeration,-,196119,0,129708292479205,129708292487658,8.453,OK
sample,thread_enumeration,-,196119,0,129708292600576,129708292600891,0.315,OK
sample,thread_enumeration,-,196119,0,129708292624058,129708292624319,0.261,OK
sample,per_thread_stat,-,196119,196119,129708292672025,129708292739467,67.442,OK
sample,thread_enumeration,-,196119,0,129708292827138,129708292830519,3.381,END
sample,thread_statistics_total,-,196119,0,129708292455212,129708292897344,442.132,OK
sample,csv_formatting_process,-,196119,0,129708292945070,129708292954882,9.812,OK
sample,csv_write_process,-,196119,0,129708292977473,129708292984187,6.714,OK
sample,csv_formatting_threads,-,196119,0,129708293019594,129708293025358,5.764,OK
sample,csv_write_threads,-,196119,0,129708293055124,129708293059899,4.775,OK
sample,monitor_sample_total,-,196119,0,129708291054998,129708293076453,2021.455,OK
lifecycle,finalization,-,196119,0,129708293094783,129708293103942,9.159,OK
lifecycle,monitor_run_pid_once,-,196119,0,129708290502235,129708293120630,2618.395,OK
worker,monitor_execution,APP_196119_38322574,196119,4294967302,129708290491716,129708293138438,2646.722,OK
worker,job_completed,APP_196119_38322574,196119,4294967302,129708293173278,129708293173448,0.170,OK
worker,job_started,APP_196122_38322575,196122,17179869190,129708293207422,129708293207554,0.132,OK
sample,proc_pid_stat,-,196122,0,129708293246376,129708293308249,61.873,OK
lifecycle,perf_counter_attempt,-,196122,0,129708293474957,129708293481976,7.019,UNAVAILABLE
lifecycle,perf_counter_attempt,-,196122,0,129708293532046,129708293535295,3.249,UNAVAILABLE
lifecycle,perf_counter_initialization,-,196122,0,129708293474814,129708293555411,80.597,OK
lifecycle,initialization,-,196122,0,129708293233976,129708293575398,341.422,OK
sample,cache_perf_read,-,-1,0,129708293595013,129708293595185,0.172,UNAVAILABLE
sample,cache_perf_read,-,-1,0,129708293615004,129708293615128,0.124,UNAVAILABLE
sample,proc_pid_stat,-,196122,0,129708293649089,129708293706766,57.677,OK
sample,cpu_statistics,-,-1,0,129708293753414,129708293961957,208.543,OK
sample,memory_rss,-,196122,0,129708293994419,129708294165969,171.550,OK
sample,numa_information,-,196122,0,129708294213028,129708294813869,600.841,OK
sample,thread_enumeration,-,196122,0,129708294866171,129708294875007,8.836,OK
sample,thread_enumeration,-,196122,0,129708294899806,129708294900013,0.207,OK
sample,thread_enumeration,-,196122,0,129708294920290,129708294920432,0.142,OK
sample,per_thread_stat,-,196122,196122,129708294939467,129708294996585,57.118,OK
sample,thread_enumeration,-,196122,0,129708295080519,129708295083630,3.111,END
sample,thread_statistics_total,-,196122,0,129708294849098,129708295112779,263.681,OK
sample,csv_formatting_process,-,196122,0,129708295138963,129708295150280,11.317,OK
sample,csv_write_process,-,196122,0,129708295170931,129708295177386,6.455,OK
sample,csv_formatting_threads,-,196122,0,129708295195929,129708295200518,4.589,OK
sample,csv_write_threads,-,196122,0,129708295218049,129708295222317,4.268,OK
sample,monitor_sample_total,-,196122,0,129708293594575,129708295253659,1659.084,OK
lifecycle,finalization,-,196122,0,129708295298709,129708295306327,7.618,OK
lifecycle,monitor_run_pid_once,-,196122,0,129708293233845,129708295323375,2089.530,OK
worker,monitor_execution,APP_196122_38322575,196122,17179869190,129708293225501,129708295342457,2116.956,OK
worker,job_completed,APP_196122_38322575,196122,17179869190,129708295375170,129708295375296,0.126,OK
worker,job_started,APP_196123_38322575,196123,21474836486,129708295405782,129708295405929,0.147,OK
sample,proc_pid_stat,-,196123,0,129708295457190,129708295514576,57.386,OK
sample,proc_pid_stat,-,196121,0,129708292570875,129708292636527,65.652,OK
lifecycle,perf_counter_attempt,-,196123,0,129708295673503,129708295679932,6.429,UNAVAILABLE
lifecycle,perf_counter_attempt,-,196123,0,129708295708586,129708295711439,2.853,UNAVAILABLE
lifecycle,perf_counter_initialization,-,196123,0,129708295673335,129708295729784,56.449,OK
lifecycle,initialization,-,196123,0,129708295445844,129708295750814,304.970,OK
sample,cache_perf_read,-,-1,0,129708295771531,129708295771694,0.163,UNAVAILABLE
sample,cache_perf_read,-,-1,0,129708295789657,129708295789753,0.096,UNAVAILABLE
lifecycle,perf_counter_attempt,-,196121,0,129708295804129,129708295811551,7.422,UNAVAILABLE
lifecycle,perf_counter_attempt,-,196121,0,129708295894432,129708295898380,3.948,UNAVAILABLE
lifecycle,perf_counter_initialization,-,196121,0,129708295803922,129708295952739,148.817,OK
lifecycle,initialization,-,196121,0,129708292558335,129708295982656,3424.321,OK
sample,cache_perf_read,-,-1,0,129708296078241,129708296078383,0.142,UNAVAILABLE
sample,cache_perf_read,-,-1,0,129708296141181,129708296141305,0.124,UNAVAILABLE
sample,proc_pid_stat,-,196123,0,129708295807990,129708295861885,53.895,OK
sample,proc_pid_stat,-,196121,0,129708296172118,129708296250689,78.571,OK
sample,cpu_statistics,-,-1,0,129708296318385,129708296458997,140.612,OK
sample,cpu_statistics,-,-1,0,129708296273402,129708296489562,216.160,OK
sample,memory_rss,-,196121,0,129708296490828,129708296612613,121.785,OK
sample,memory_rss,-,196123,0,129708296526728,129708296675202,148.474,OK
sample,numa_information,-,196121,0,129708296642279,129708297059637,417.358,OK
sample,thread_enumeration,-,196121,0,129708297120283,129708297129569,9.286,OK
sample,thread_enumeration,-,196121,0,129708297164674,129708297164943,0.269,OK
sample,thread_enumeration,-,196121,0,129708297186148,129708297186299,0.151,OK
sample,per_thread_stat,-,196121,196121,129708297206546,129708297265998,59.452,OK
sample,thread_enumeration,-,196121,0,129708297292659,129708297296151,3.492,END
sample,thread_statistics_total,-,196121,0,129708297100909,129708297327625,226.716,OK
sample,numa_information,-,196123,0,129708296710487,129708297296757,586.270,OK
sample,csv_formatting_process,-,196121,0,129708297378712,129708297390737,12.025,OK
sample,csv_write_process,-,196121,0,129708297498068,129708297506498,8.430,OK
sample,csv_formatting_threads,-,196121,0,129708297534213,129708297540111,5.898,OK
sample,csv_write_threads,-,196121,0,129708297566911,129708297572243,5.332,OK
sample,monitor_sample_total,-,196121,0,129708296077844,129708297596039,1518.195,OK
sample,thread_enumeration,-,196123,0,129708297459302,129708297468837,9.535,OK
sample,thread_enumeration,-,196123,0,129708297673771,129708297674121,0.350,OK
sample,thread_enumeration,-,196123,0,129708297710562,129708297710797,0.235,OK
lifecycle,finalization,-,196121,0,129708297624766,129708297636176,11.410,OK
lifecycle,monitor_run_pid_once,-,196121,0,129708292558196,129708297790766,5232.570,OK
worker,monitor_execution,APP_196121_38322574,196121,12884901894,129708292548917,129708297821044,5272.127,OK
sample,per_thread_stat,-,196123,196123,129708297738462,129708297809360,70.898,OK
sample,thread_enumeration,-,196123,0,129708297898413,129708297902171,3.758,END
sample,thread_statistics_total,-,196123,0,129708297435517,129708297934053,498.536,OK
worker,job_completed,APP_196121_38322574,196121,12884901894,129708297866489,129708297866637,0.148,OK
sample,csv_formatting_process,-,196123,0,129708297966079,129708297978220,12.141,OK
sample,csv_write_process,-,196123,0,129708298125281,129708298132196,6.915,OK
sample,csv_formatting_threads,-,196123,0,129708298176156,129708298181894,5.738,OK
sample,csv_write_threads,-,196123,0,129708298199765,129708298205118,5.353,OK
sample,monitor_sample_total,-,196123,0,129708295771218,129708298228503,2457.285,OK
lifecycle,finalization,-,196123,0,129708298249981,129708298261743,11.762,OK
lifecycle,monitor_run_pid_once,-,196123,0,129708295445767,129708298286920,2841.153,OK
worker,monitor_execution,APP_196123_38322575,196123,21474836486,129708295437478,129708298310278,2872.800,OK
worker,job_completed,APP_196123_38322575,196123,21474836486,129708298355802,129708298355947,0.145,OK
discovery,application_discovery_scan,-,-1,0,129708308545711,129708345270054,36724.343,OK
discovery,application_discovery_scan,-,-1,0,129708365277237,129708403645810,38368.573,OK
worker,job_submission,APP_196119_38322574,196119,4294967303,129708405558641,129708405578442,19.801,OK
worker,job_submission,APP_196120_38322574,196120,8589934599,129708405646017,129708405669560,23.543,OK
worker,job_submission,APP_196121_38322574,196121,12884901895,129708405710580,129708405716343,5.763,OK
worker,job_submission,APP_196122_38322575,196122,17179869191,129708405746058,129708405751671,5.613,OK
worker,job_submission,APP_196123_38322575,196123,21474836487,129708405783123,129708405788075,4.952,OK
worker,job_started,APP_196119_38322574,196119,4294967303,129708405877800,129708405878033,0.233,OK
worker,job_started,APP_196120_38322574,196120,8589934599,129708405907803,129708405908106,0.303,OK
sample,proc_pid_stat,-,196119,0,129708405962664,129708406084112,121.448,OK
sample,proc_pid_stat,-,196120,0,129708406053229,129708406138069,84.840,OK
lifecycle,perf_counter_attempt,-,196119,0,129708406294673,129708406304770,10.097,UNAVAILABLE
lifecycle,perf_counter_attempt,-,196119,0,129708406357009,129708406361246,4.237,UNAVAILABLE
lifecycle,perf_counter_initialization,-,196119,0,129708406294293,129708406389074,94.781,OK
lifecycle,perf_counter_attempt,-,196120,0,129708406366036,129708406373792,7.756,UNAVAILABLE
lifecycle,perf_counter_attempt,-,196120,0,129708406496619,129708406500704,4.085,UNAVAILABLE
lifecycle,perf_counter_initialization,-,196120,0,129708406365764,129708406544704,178.940,OK
lifecycle,initialization,-,196120,0,129708406038052,129708406569923,531.871,OK
sample,cache_perf_read,-,-1,0,129708406590257,129708406590452,0.195,UNAVAILABLE
sample,cache_perf_read,-,-1,0,129708406609785,129708406609873,0.088,UNAVAILABLE
sample,proc_pid_stat,-,196120,0,129708406628817,129708406696297,67.480,OK
sample,cpu_statistics,-,-1,0,129708406751400,129708406970136,218.736,OK
sample,memory_rss,-,196120,0,129708407039024,129708407187767,148.743,OK
sample,numa_information,-,196120,0,129708407239950,129708407858042,618.092,OK
sample,thread_enumeration,-,196120,0,129708407912531,129708407922717,10.186,OK
sample,thread_enumeration,-,196120,0,129708407946501,129708407946807,0.306,OK
sample,thread_enumeration,-,196120,0,129708407968995,129708407969139,0.144,OK
sample,per_thread_stat,-,196120,196120,129708407989286,129708408074472,85.186,OK
sample,thread_enumeration,-,196120,0,129708408118556,129708408121910,3.354,END
sample,thread_statistics_total,-,196120,0,129708407893428,129708408150341,256.913,OK
sample,csv_formatting_process,-,196120,0,129708408179108,129708408190625,11.517,OK
sample,csv_write_process,-,196120,0,129708408212715,129708408219245,6.530,OK
sample,csv_formatting_threads,-,196120,0,129708408259811,129708408264953,5.142,OK
sample,csv_write_threads,-,196120,0,129708408283765,129708408288404,4.639,OK
sample,monitor_sample_total,-,196120,0,129708406589946,129708408306665,1716.719,OK
lifecycle,finalization,-,196120,0,129708408326805,129708408336733,9.928,OK
lifecycle,monitor_run_pid_once,-,196120,0,129708406037912,129708408367251,2329.339,OK
worker,monitor_execution,APP_196120_38322574,196120,8589934599,129708406027104,129708408389006,2361.902,OK
worker,job_completed,APP_196120_38322574,196120,8589934599,129708408429148,129708408429368,0.220,OK
worker,job_started,APP_196121_38322574,196121,12884901895,129708408476739,129708408476834,0.095,OK
sample,proc_pid_stat,-,196121,0,129708408517070,129708408575408,58.338,OK
lifecycle,perf_counter_attempt,-,196121,0,129708408739618,129708408745541,5.923,UNAVAILABLE
lifecycle,perf_counter_attempt,-,196121,0,129708408785835,129708408788805,2.970,UNAVAILABLE
lifecycle,perf_counter_initialization,-,196121,0,129708408739383,129708408815091,75.708,OK
lifecycle,initialization,-,196121,0,129708408506246,129708408840039,333.793,OK
sample,cache_perf_read,-,-1,0,129708408873794,129708408873922,0.128,UNAVAILABLE
sample,cache_perf_read,-,-1,0,129708408896955,129708408897049,0.094,UNAVAILABLE
lifecycle,initialization,-,196119,0,129708405947449,129708406411538,464.089,OK
sample,cache_perf_read,-,-1,0,129708409040760,129708409040910,0.150,UNAVAILABLE
sample,cache_perf_read,-,-1,0,129708409107263,129708409107356,0.093,UNAVAILABLE
sample,proc_pid_stat,-,196121,0,129708408919782,129708408975185,55.403,OK
sample,proc_pid_stat,-,196119,0,129708409140777,129708409226747,85.970,OK
sample,cpu_statistics,-,-1,0,129708409286283,129708409434401,148.118,OK
sample,memory_rss,-,196119,0,129708409470199,129708409583804,113.605,OK
sample,cpu_statistics,-,-1,0,129708409225987,129708409436789,210.802,OK
sample,memory_rss,-,196121,0,129708409710566,129708409856989,146.423,OK
sample,numa_information,-,196119,0,129708409652025,129708410160752,508.727,OK
sample,thread_enumeration,-,196119,0,129708410247480,129708410257042,9.562,OK
sample,thread_enumeration,-,196119,0,129708410299571,129708410299934,0.363,OK
sample,thread_enumeration,-,196119,0,129708410333446,129708410333680,0.234,OK
sample,per_thread_stat,-,196119,196119,129708410360823,129708410425487,64.664,OK
sample,thread_enumeration,-,196119,0,129708410453418,129708410457035,3.617,END
sample,thread_statistics_total,-,196119,0,129708410226549,129708410484652,258.103,OK
sample,csv_formatting_process,-,196119,0,129708410516377,129708410528089,11.712,OK
sample,csv_write_process,-,196119,0,129708410567434,129708410576257,8.823,OK
sample,csv_formatting_threads,-,196119,0,129708410605582,129708410611632,6.050,OK
sample,csv_write_threads,-,196119,0,129708410633970,129708410639249,5.279,OK
sample,monitor_sample_total,-,196119,0,129708409039985,129708410669655,1629.670,OK
lifecycle,finalization,-,196119,0,129708410698555,129708410709082,10.527,OK
lifecycle,monitor_run_pid_once,-,196119,0,129708405947342,129708410742231,4794.889,OK
worker,monitor_execution,APP_196119_38322574,196119,4294967303,129708405935418,129708410771200,4835.782,OK
sample,numa_information,-,196121,0,129708409906961,129708410492627,585.666,OK
worker,job_completed,APP_196119_38322574,196119,4294967303,129708410814516,129708410814646,0.130,OK
sample,thread_enumeration,-,196121,0,129708410882505,129708410891124,8.619,OK
sample,thread_enumeration,-,196121,0,129708410970106,129708410970487,0.381,OK
sample,thread_enumeration,-,196121,0,129708410994409,129708410994562,0.153,OK
worker,job_started,APP_196122_38322575,196122,17179869191,129708410935286,129708410935478,0.192,OK
sample,per_thread_stat,-,196121,196121,129708411036939,129708411107575,70.636,OK
sample,thread_enumeration,-,196121,0,129708411149504,129708411152903,3.399,END
sample,thread_statistics_total,-,196121,0,129708410860381,129708411178705,318.324,OK
sample,proc_pid_stat,-,196122,0,129708411119707,129708411185782,66.075,OK
sample,csv_formatting_process,-,196121,0,129708411207634,129708411218587,10.953,OK
sample,csv_write_process,-,196121,0,129708411328664,129708411337497,8.833,OK
sample,csv_formatting_threads,-,196121,0,129708411361288,129708411366974,5.686,OK
sample,csv_write_threads,-,196121,0,129708411398052,129708411407118,9.066,OK
sample,monitor_sample_total,-,196121,0,129708408873469,129708411459617,2586.148,OK
lifecycle,finalization,-,196121,0,129708411486363,129708411497023,10.660,OK
lifecycle,monitor_run_pid_once,-,196121,0,129708408506145,129708411516072,3009.927,OK
worker,monitor_execution,APP_196121_38322574,196121,12884901895,129708408497728,129708411535859,3038.131,OK
worker,job_completed,APP_196121_38322574,196121,12884901895,129708411571122,129708411571301,0.179,OK
worker,job_started,APP_196123_38322575,196123,21474836487,129708411603920,129708411604020,0.100,OK
lifecycle,perf_counter_attempt,-,196122,0,129708411373714,129708411381191,7.477,UNAVAILABLE
lifecycle,perf_counter_attempt,-,196122,0,129708411759263,129708411765829,6.566,UNAVAILABLE
lifecycle,perf_counter_initialization,-,196122,0,129708411373463,129708411790293,416.830,OK
lifecycle,initialization,-,196122,0,129708411105845,129708411813918,708.073,OK
sample,cache_perf_read,-,-1,0,129708411836941,129708411837139,0.198,UNAVAILABLE
sample,cache_perf_read,-,-1,0,129708411858158,129708411858335,0.177,UNAVAILABLE
sample,proc_pid_stat,-,196123,0,129708411650435,129708411712437,62.002,OK
sample,proc_pid_stat,-,196122,0,129708411877384,129708411940399,63.015,OK
lifecycle,perf_counter_attempt,-,196123,0,129708412116503,129708412123190,6.687,UNAVAILABLE
lifecycle,perf_counter_attempt,-,196123,0,129708412158371,129708412161858,3.487,UNAVAILABLE
lifecycle,perf_counter_initialization,-,196123,0,129708412116258,129708412183690,67.432,OK
lifecycle,initialization,-,196123,0,129708411638005,129708412206112,568.107,OK
sample,cache_perf_read,-,-1,0,129708412225744,129708412225924,0.180,UNAVAILABLE
sample,cache_perf_read,-,-1,0,129708412247753,129708412247862,0.109,UNAVAILABLE
sample,cpu_statistics,-,-1,0,129708412123773,129708412324349,200.576,OK
sample,proc_pid_stat,-,196123,0,129708412267618,129708412327744,60.126,OK
sample,memory_rss,-,196122,0,129708412388345,129708412534327,145.982,OK
sample,cpu_statistics,-,-1,0,129708412468452,129708412650823,182.371,OK
sample,memory_rss,-,196123,0,129708412690576,129708412821481,130.905,OK
sample,numa_information,-,196122,0,129708412572855,129708413154857,582.002,OK
sample,thread_enumeration,-,196122,0,129708413236313,129708413244916,8.603,OK
sample,thread_enumeration,-,196122,0,129708413293903,129708413294221,0.318,OK
sample,thread_enumeration,-,196122,0,129708413317050,129708413317282,0.232,OK
sample,numa_information,-,196123,0,129708412853061,129708413392938,539.877,OK
sample,per_thread_stat,-,196122,196122,129708413336769,129708413397073,60.304,OK
sample,thread_enumeration,-,196122,0,129708413517370,129708413520645,3.275,END
sample,thread_statistics_total,-,196122,0,129708413214865,129708413555907,341.042,OK
sample,thread_enumeration,-,196123,0,129708413465236,129708413473429,8.193,OK
sample,thread_enumeration,-,196123,0,129708413637460,129708413637733,0.273,OK
sample,thread_enumeration,-,196123,0,129708413668720,129708413668924,0.204,OK
sample,csv_formatting_process,-,196122,0,129708413590559,129708413601928,11.369,OK
sample,per_thread_stat,-,196123,196123,129708413699990,129708413767402,67.412,OK
sample,thread_enumeration,-,196123,0,129708413803805,129708413806678,2.873,END
sample,thread_statistics_total,-,196123,0,129708413444164,129708413844899,400.735,OK
sample,csv_write_process,-,196122,0,129708413758513,129708413767673,9.160,OK
sample,csv_formatting_threads,-,196122,0,129708413928001,129708413934148,6.147,OK
sample,csv_write_threads,-,196122,0,129708413960037,129708413966673,6.636,OK
sample,monitor_sample_total,-,196122,0,129708411836513,129708414031532,2195.019,OK
sample,csv_formatting_process,-,196123,0,129708413880787,129708413891302,10.515,OK
sample,csv_write_process,-,196123,0,129708414127786,129708414135196,7.410,OK
sample,csv_formatting_threads,-,196123,0,129708414165077,129708414170688,5.611,OK
sample,csv_write_threads,-,196123,0,129708414196635,129708414201763,5.128,OK
sample,monitor_sample_total,-,196123,0,129708412225439,129708414226667,2001.228,OK
lifecycle,finalization,-,196123,0,129708414255863,129708414265493,9.630,OK
lifecycle,monitor_run_pid_once,-,196123,0,129708411637871,129708414301166,2663.295,OK
worker,monitor_execution,APP_196123_38322575,196123,21474836487,129708411628380,129708414329233,2700.853,OK
lifecycle,finalization,-,196122,0,129708414076714,129708414090016,13.302,OK
lifecycle,monitor_run_pid_once,-,196122,0,129708411105695,129708414406886,3301.191,OK
worker,monitor_execution,APP_196122_38322575,196122,17179869191,129708411095075,129708414436708,3341.633,OK
worker,job_completed,APP_196123_38322575,196123,21474836487,129708414379022,129708414379239,0.217,OK
worker,job_completed,APP_196122_38322575,196122,17179869191,129708414480954,129708414481105,0.151,OK
discovery,application_discovery_scan,-,-1,0,129708423989804,129708460487791,36497.987,OK
discovery,application_discovery_scan,-,-1,0,129708480105717,129708514129266,34023.549,OK
worker,job_submission,APP_196119_38322574,196119,4294967304,129708515560455,129708515582399,21.944,OK
worker,job_submission,APP_196120_38322574,196120,8589934600,129708515645336,129708515656336,11.000,OK
worker,job_submission,APP_196121_38322574,196121,12884901896,129708515693524,129708515699243,5.719,OK
worker,job_submission,APP_196122_38322575,196122,17179869192,129708515729508,129708515735046,5.538,OK
worker,job_submission,APP_196123_38322575,196123,21474836488,129708515759729,129708515764524,4.795,OK
worker,job_started,APP_196119_38322574,196119,4294967304,129708515871118,129708515871302,0.184,OK
worker,job_started,APP_196120_38322574,196120,8589934600,129708515893986,129708515894081,0.095,OK
sample,proc_pid_stat,-,196119,0,129708515982174,129708516109196,127.022,OK
sample,proc_pid_stat,-,196120,0,129708516093709,129708516175167,81.458,OK
lifecycle,perf_counter_attempt,-,196119,0,129708516303279,129708516312125,8.846,UNAVAILABLE
lifecycle,perf_counter_attempt,-,196119,0,129708516379129,129708516383367,4.238,UNAVAILABLE
lifecycle,perf_counter_initialization,-,196119,0,129708516302881,129708516408272,105.391,OK
lifecycle,initialization,-,196119,0,129708515963808,129708516427557,463.749,OK
sample,cache_perf_read,-,-1,0,129708516446186,129708516446355,0.169,UNAVAILABLE
sample,cache_perf_read,-,-1,0,129708516468647,129708516468777,0.130,UNAVAILABLE
lifecycle,perf_counter_attempt,-,196120,0,129708516326574,129708516333980,7.406,UNAVAILABLE
lifecycle,perf_counter_attempt,-,196120,0,129708516547124,129708516554644,7.520,UNAVAILABLE
lifecycle,perf_counter_initialization,-,196120,0,129708516326354,129708516581798,255.444,OK
lifecycle,initialization,-,196120,0,129708516078196,129708516607241,529.045,OK
sample,cache_perf_read,-,-1,0,129708516637881,129708516638078,0.197,UNAVAILABLE
sample,cache_perf_read,-,-1,0,129708516678952,129708516679089,0.137,UNAVAILABLE
sample,proc_pid_stat,-,196119,0,129708516490287,129708516559341,69.054,OK
sample,proc_pid_stat,-,196120,0,129708516702395,129708516782364,79.969,OK
sample,cpu_statistics,-,-1,0,129708516828935,129708517070638,241.703,OK
sample,cpu_statistics,-,-1,0,129708516812554,129708517070645,258.091,OK
sample,memory_rss,-,196120,0,129708517130445,129708517278089,147.644,OK
sample,memory_rss,-,196119,0,129708517187321,129708517317705,130.384,OK
sample,numa_information,-,196120,0,129708517314418,129708517917091,602.673,OK
sample,numa_information,-,196119,0,129708517348177,129708517917052,568.875,OK
sample,thread_enumeration,-,196120,0,129708517983891,129708517994370,10.479,OK
sample,thread_enumeration,-,196120,0,129708518153086,129708518153355,0.269,OK
sample,thread_enumeration,-,196120,0,129708518182966,129708518183139,0.173,OK
sample,thread_enumeration,-,196119,0,129708518070418,129708518078411,7.993,OK
sample,thread_enumeration,-,196119,0,129708518317206,129708518317671,0.465,OK
sample,thread_enumeration,-,196119,0,129708518349483,129708518349680,0.197,OK
sample,per_thread_stat,-,196120,196120,129708518202103,129708518271016,68.913,OK
sample,thread_enumeration,-,196120,0,129708518485739,129708518490081,4.342,END
sample,thread_statistics_total,-,196120,0,129708517962806,129708518551714,588.908,OK
sample,csv_formatting_process,-,196120,0,129708518608548,129708518621297,12.749,OK
sample,csv_write_process,-,196120,0,129708518660418,129708518668834,8.416,OK
sample,csv_formatting_threads,-,196120,0,129708518688867,129708518694117,5.250,OK
sample,csv_write_threads,-,196120,0,129708518711511,129708518716172,4.661,OK
sample,monitor_sample_total,-,196120,0,129708516637506,129708518734136,2096.630,OK
lifecycle,finalization,-,196120,0,129708518753797,129708518763812,10.015,OK
lifecycle,monitor_run_pid_once,-,196120,0,129708516078086,129708518782773,2704.687,OK
worker,monitor_execution,APP_196120_38322574,196120,8589934600,129708516068388,129708518829726,2761.338,OK
worker,job_completed,APP_196120_38322574,196120,8589934600,129708518886160,129708518886353,0.193,OK
worker,job_started,APP_196121_38322574,196121,12884901896,129708518943305,129708518943456,0.151,OK
sample,proc_pid_stat,-,196121,0,129708518985380,129708519074054,88.674,OK
lifecycle,perf_counter_attempt,-,196121,0,129708519267433,129708519273914,6.481,UNAVAILABLE
lifecycle,perf_counter_attempt,-,196121,0,129708519308468,129708519319932,11.464,UNAVAILABLE
lifecycle,perf_counter_initialization,-,196121,0,129708519267152,129708519342652,75.500,OK
lifecycle,initialization,-,196121,0,129708518973232,129708519362093,388.861,OK
sample,cache_perf_read,-,-1,0,129708519382522,129708519382698,0.176,UNAVAILABLE
sample,cache_perf_read,-,-1,0,129708519402803,129708519402907,0.104,UNAVAILABLE
sample,proc_pid_stat,-,196121,0,129708519423198,129708519479207,56.009,OK
sample,cpu_statistics,-,-1,0,129708519522740,129708519725925,203.185,OK
sample,memory_rss,-,196121,0,129708519757572,129708519889891,132.319,OK
sample,per_thread_stat,-,196119,196119,129708518376509,129708518464263,87.754,OK
sample,thread_enumeration,-,196119,0,129708520145160,129708520149648,4.488,END
sample,thread_statistics_total,-,196119,0,129708518048864,129708520209946,2161.082,OK
sample,csv_formatting_process,-,196119,0,129708520255554,129708520268300,12.746,OK
sample,csv_write_process,-,196119,0,129708520294597,129708520302336,7.739,OK
sample,csv_formatting_threads,-,196119,0,129708520326515,129708520331596,5.081,OK
sample,csv_write_threads,-,196119,0,129708520348778,129708520353431,4.653,OK
sample,monitor_sample_total,-,196119,0,129708516445865,129708520374096,3928.231,OK
lifecycle,finalization,-,196119,0,129708520394169,129708520405348,11.179,OK
lifecycle,monitor_run_pid_once,-,196119,0,129708515963705,129708520424557,4460.852,OK
worker,monitor_execution,APP_196119_38322574,196119,4294967304,129708515951826,129708520444770,4492.944,OK
worker,job_completed,APP_196119_38322574,196119,4294967304,129708520480986,129708520481159,0.173,OK
sample,numa_information,-,196121,0,129708519920104,129708520494966,574.862,OK
worker,job_started,APP_196122_38322575,196122,17179869192,129708520567680,129708520567828,0.148,OK
sample,thread_enumeration,-,196121,0,129708520635738,129708520644238,8.500,OK
sample,thread_enumeration,-,196121,0,129708520750580,129708520750964,0.384,OK
sample,thread_enumeration,-,196121,0,129708520774032,129708520774268,0.236,OK
sample,proc_pid_stat,-,196122,0,129708520710601,129708520785234,74.633,OK
sample,per_thread_stat,-,196121,196121,129708520799375,129708520866818,67.443,OK
sample,thread_enumeration,-,196121,0,129708520897930,129708520900755,2.825,END
sample,thread_statistics_total,-,196121,0,129708520615043,129708520934005,318.962,OK
sample,csv_formatting_process,-,196121,0,129708520959583,129708520970780,11.197,OK
sample,csv_write_process,-,196121,0,129708521038958,129708521047046,8.088,OK
sample,csv_formatting_threads,-,196121,0,129708521088087,129708521093984,5.897,OK
sample,csv_write_threads,-,196121,0,129708521162212,129708521167868,5.656,OK
sample,monitor_sample_total,-,196121,0,129708519382211,129708521213121,1830.910,OK
lifecycle,finalization,-,196121,0,129708521235054,129708521245150,10.096,OK
lifecycle,perf_counter_attempt,-,196122,0,129708520969350,129708520975677,6.327,UNAVAILABLE
lifecycle,perf_counter_attempt,-,196122,0,129708521335474,129708521343749,8.275,UNAVAILABLE
lifecycle,perf_counter_initialization,-,196122,0,129708520969100,129708521379610,410.510,OK
lifecycle,initialization,-,196122,0,129708520695576,129708521402198,706.622,OK
sample,cache_perf_read,-,-1,0,129708521420437,129708521420599,0.162,UNAVAILABLE
sample,cache_perf_read,-,-1,0,129708521439600,129708521439691,0.091,UNAVAILABLE
lifecycle,monitor_run_pid_once,-,196121,0,129708518973100,129708521264963,2291.863,OK
worker,monitor_execution,APP_196121_38322574,196121,12884901896,129708518963923,129708521567807,2603.884,OK
sample,proc_pid_stat,-,196122,0,129708521458072,129708521540928,82.856,OK
worker,job_completed,APP_196121_38322574,196121,12884901896,129708521614454,129708521614608,0.154,OK
worker,job_started,APP_196123_38322575,196123,21474836488,129708521743051,129708521743190,0.139,OK
sample,cpu_statistics,-,-1,0,129708521683076,129708521828080,145.004,OK
sample,proc_pid_stat,-,196123,0,129708521788645,129708521855760,67.115,OK
sample,memory_rss,-,196122,0,129708521854857,129708521944321,89.464,OK
lifecycle,perf_counter_attempt,-,196123,0,129708521982900,129708521989554,6.654,UNAVAILABLE
lifecycle,perf_counter_attempt,-,196123,0,129708522058084,129708522062077,3.993,UNAVAILABLE
lifecycle,perf_counter_initialization,-,196123,0,129708521982634,129708522093244,110.610,OK
lifecycle,initialization,-,196123,0,129708521776551,129708522115660,339.109,OK
sample,cache_perf_read,-,-1,0,129708522134413,129708522134612,0.199,UNAVAILABLE
sample,cache_perf_read,-,-1,0,129708522152764,129708522152864,0.100,UNAVAILABLE
sample,proc_pid_stat,-,196123,0,129708522171549,129708522231384,59.835,OK
sample,numa_information,-,196122,0,129708521965440,129708522343117,377.677,OK
sample,thread_enumeration,-,196122,0,129708522386820,129708522393422,6.602,OK
sample,thread_enumeration,-,196122,0,129708522406355,129708522406563,0.208,OK
sample,thread_enumeration,-,196122,0,129708522443854,129708522444028,0.174,OK
sample,cpu_statistics,-,-1,0,129708522276611,129708522477528,200.917,OK
sample,per_thread_stat,-,196122,196122,129708522458922,129708522502988,44.066,OK
sample,thread_enumeration,-,196122,0,129708522561095,129708522563537,2.442,END
sample,thread_statistics_total,-,196122,0,129708522372070,129708522580428,208.358,OK
sample,csv_formatting_process,-,196122,0,129708522597579,129708522605146,7.567,OK
sample,csv_write_process,-,196122,0,129708522621297,129708522627312,6.015,OK
sample,memory_rss,-,196123,0,129708522516376,129708522639406,123.030,OK
sample,csv_formatting_threads,-,196122,0,129708522638921,129708522641854,2.933,OK
sample,csv_write_threads,-,196122,0,129708522716741,129708522720494,3.753,OK
sample,monitor_sample_total,-,196122,0,129708521420130,129708522731591,1311.461,OK
lifecycle,finalization,-,196122,0,129708522744811,129708522752432,7.621,OK
lifecycle,monitor_run_pid_once,-,196122,0,129708520695444,129708522762702,2067.258,OK
worker,monitor_execution,APP_196122_38322575,196122,17179869192,129708520685569,129708522777574,2092.005,OK
worker,job_completed,APP_196122_38322575,196122,17179869192,129708522799729,129708522799843,0.114,OK
sample,numa_information,-,196123,0,129708522685776,129708523224909,539.133,OK
sample,thread_enumeration,-,196123,0,129708523297198,129708523305117,7.919,OK
sample,thread_enumeration,-,196123,0,129708523342922,129708523343130,0.208,OK
sample,thread_enumeration,-,196123,0,129708523365571,129708523365737,0.166,OK
sample,per_thread_stat,-,196123,196123,129708523386086,129708523450610,64.524,OK
sample,thread_enumeration,-,196123,0,129708523484976,129708523488008,3.032,END
sample,thread_statistics_total,-,196123,0,129708523275315,129708523515543,240.228,OK
sample,csv_formatting_process,-,196123,0,129708523541378,129708523552976,11.598,OK
sample,csv_write_process,-,196123,0,129708523573351,129708523580210,6.859,OK
sample,csv_formatting_threads,-,196123,0,129708523610736,129708523615809,5.073,OK
sample,csv_write_threads,-,196123,0,129708523634413,129708523639526,5.113,OK
sample,monitor_sample_total,-,196123,0,129708522134126,129708523658168,1524.042,OK
lifecycle,finalization,-,196123,0,129708523677601,129708523686861,9.260,OK
lifecycle,monitor_run_pid_once,-,196123,0,129708521776424,129708523704465,1928.041,OK
worker,monitor_execution,APP_196123_38322575,196123,21474836488,129708521767411,129708523724276,1956.865,OK
worker,job_completed,APP_196123_38322575,196123,21474836488,129708523761474,129708523761622,0.148,OK
discovery,application_discovery_scan,-,-1,0,129708533981415,129708571624159,37642.744,OK
discovery,application_discovery_scan,-,-1,0,129708591099950,129708619815166,28715.216,OK
worker,job_submission,APP_196119_38322574,196119,4294967305,129708621195680,129708621213841,18.161,OK
worker,job_submission,APP_196120_38322574,196120,8589934601,129708621267352,129708621289258,21.906,OK
worker,job_submission,APP_196121_38322574,196121,12884901897,129708621322981,129708621328139,5.158,OK
worker,job_submission,APP_196122_38322575,196122,17179869193,129708621358882,129708621363745,4.863,OK
worker,job_submission,APP_196123_38322575,196123,21474836489,129708621391014,129708621395476,4.462,OK
worker,job_started,APP_196119_38322574,196119,4294967305,129708621480555,129708621480778,0.223,OK
worker,job_started,APP_196120_38322574,196120,8589934601,129708621497826,129708621497958,0.132,OK
sample,proc_pid_stat,-,196119,0,129708621570846,129708621654862,84.016,OK
sample,proc_pid_stat,-,196120,0,129708621630084,129708621698601,68.517,OK
lifecycle,perf_counter_attempt,-,196119,0,129708621807335,129708621815791,8.456,UNAVAILABLE
lifecycle,perf_counter_attempt,-,196119,0,129708621855867,129708621859028,3.161,UNAVAILABLE
lifecycle,perf_counter_initialization,-,196119,0,129708621806985,129708621893583,86.598,OK
lifecycle,initialization,-,196119,0,129708621553204,129708621917291,364.087,OK
sample,cache_perf_read,-,-1,0,129708621939366,129708621939515,0.149,UNAVAILABLE
sample,cache_perf_read,-,-1,0,129708621965152,129708621965276,0.124,UNAVAILABLE
lifecycle,perf_counter_attempt,-,196120,0,129708621834995,129708621842063,7.068,UNAVAILABLE
sample,proc_pid_stat,-,196119,0,129708622049546,129708622118344,68.798,OK
lifecycle,perf_counter_attempt,-,196120,0,129708622121582,129708622128834,7.252,UNAVAILABLE
lifecycle,perf_counter_initialization,-,196120,0,129708621834813,129708622214344,379.531,OK
lifecycle,initialization,-,196120,0,129708621617943,129708622239737,621.794,OK
sample,cache_perf_read,-,-1,0,129708622260853,129708622261009,0.156,UNAVAILABLE
sample,cache_perf_read,-,-1,0,129708622288547,129708622288650,0.103,UNAVAILABLE
sample,proc_pid_stat,-,196120,0,129708622309338,129708622375671,66.333,OK
sample,cpu_statistics,-,-1,0,129708622177552,129708622388516,210.964,OK
sample,cpu_statistics,-,-1,0,129708622427231,129708622600676,173.445,OK
sample,memory_rss,-,196119,0,129708622485663,129708622630550,144.887,OK
sample,memory_rss,-,196120,0,129708622632747,129708622755371,122.624,OK
sample,numa_information,-,196120,0,129708622783877,129708623183692,399.815,OK
sample,thread_enumeration,-,196120,0,129708623250775,129708623260320,9.545,OK
sample,thread_enumeration,-,196120,0,129708623295793,129708623296030,0.237,OK
sample,thread_enumeration,-,196120,0,129708623311815,129708623311953,0.138,OK
sample,numa_information,-,196119,0,129708622664669,129708623268310,603.641,OK
sample,per_thread_stat,-,196120,196120,129708623324465,129708623373198,48.733,OK
sample,thread_enumeration,-,196120,0,129708623467178,129708623469871,2.693,END
sample,thread_enumeration,-,196119,0,129708623424702,129708623434191,9.489,OK
sample,thread_enumeration,-,196119,0,129708623533856,129708623534189,0.333,OK
sample,thread_enumeration,-,196119,0,129708623558579,129708623558750,0.171,OK
sample,thread_statistics_total,-,196120,0,129708623231392,129708623489792,258.400,OK
sample,csv_formatting_process,-,196120,0,129708623628447,129708623636896,8.449,OK
sample,per_thread_stat,-,196119,196119,129708623583684,129708623655542,71.858,OK
sample,thread_enumeration,-,196119,0,129708623691647,129708623694844,3.197,END
sample,thread_statistics_total,-,196119,0,129708623401683,129708623727249,325.566,OK
sample,csv_write_process,-,196120,0,129708623651423,129708623656427,5.004,OK
sample,csv_formatting_threads,-,196120,0,129708623803458,129708623806952,3.494,OK
sample,csv_formatting_process,-,196119,0,129708623774982,129708623787556,12.574,OK
sample,csv_write_threads,-,196120,0,129708623819742,129708623822890,3.148,OK
sample,monitor_sample_total,-,196120,0,129708622260545,129708623892818,1632.273,OK
lifecycle,finalization,-,196120,0,129708623906106,129708623912909,6.803,OK
lifecycle,monitor_run_pid_once,-,196120,0,129708621617820,129708623926734,2308.914,OK
worker,monitor_execution,APP_196120_38322574,196120,8589934601,129708621609107,129708623940110,2331.003,OK
sample,csv_write_process,-,196119,0,129708623865571,129708623873639,8.068,OK
sample,csv_formatting_threads,-,196119,0,129708624045581,129708624053182,7.601,OK
worker,job_completed,APP_196120_38322574,196120,8589934601,129708623967602,129708623967747,0.145,OK
worker,job_started,APP_196121_38322574,196121,12884901897,129708624139519,129708624139664,0.145,OK
sample,csv_write_threads,-,196119,0,129708624094182,129708624100676,6.494,OK
sample,monitor_sample_total,-,196119,0,129708621939066,129708624215452,2276.386,OK
sample,proc_pid_stat,-,196121,0,129708624178638,129708624224134,45.496,OK
lifecycle,finalization,-,196119,0,129708624244984,129708624256863,11.879,OK
lifecycle,monitor_run_pid_once,-,196119,0,129708621553064,129708624349997,2796.933,OK
worker,monitor_execution,APP_196119_38322574,196119,4294967305,129708621542605,129708624382608,2840.003,OK
lifecycle,perf_counter_attempt,-,196121,0,129708624355523,129708624360602,5.079,UNAVAILABLE
lifecycle,perf_counter_attempt,-,196121,0,129708624448014,129708624451539,3.525,UNAVAILABLE
lifecycle,perf_counter_initialization,-,196121,0,129708624355350,129708624463743,108.393,OK
lifecycle,initialization,-,196121,0,129708624169797,129708624480117,310.320,OK
sample,cache_perf_read,-,-1,0,129708624500198,129708624500329,0.131,UNAVAILABLE
sample,cache_perf_read,-,-1,0,129708624542288,129708624542379,0.091,UNAVAILABLE
worker,job_completed,APP_196119_38322574,196119,4294967305,129708624430581,129708624430741,0.160,OK
sample,proc_pid_stat,-,196121,0,129708624555907,129708624598090,42.183,OK
worker,job_started,APP_196122_38322575,196122,17179869193,129708624610479,129708624610595,0.116,OK
sample,cpu_statistics,-,-1,0,129708624636712,129708624756228,119.516,OK
sample,proc_pid_stat,-,196122,0,129708624695517,129708624762204,66.687,OK
sample,memory_rss,-,196121,0,129708624781595,129708624859831,78.236,OK
lifecycle,perf_counter_attempt,-,196122,0,129708624939844,129708624947638,7.794,UNAVAILABLE
lifecycle,perf_counter_attempt,-,196122,0,129708624985719,129708624989052,3.333,UNAVAILABLE
lifecycle,perf_counter_initialization,-,196122,0,129708624939627,129708625044969,105.342,OK
lifecycle,initialization,-,196122,0,129708624683477,129708625082006,398.529,OK
sample,cache_perf_read,-,-1,0,129708625105850,129708625105994,0.144,UNAVAILABLE
sample,cache_perf_read,-,-1,0,129708625128827,129708625128922,0.095,UNAVAILABLE
sample,proc_pid_stat,-,196122,0,129708625151714,129708625216858,65.144,OK
sample,numa_information,-,196121,0,129708624884590,129708625231139,346.549,OK
sample,thread_enumeration,-,196121,0,129708625323023,129708625330925,7.902,OK
sample,thread_enumeration,-,196121,0,129708625356791,129708625356973,0.182,OK
sample,thread_enumeration,-,196121,0,129708625376093,129708625376250,0.157,OK
sample,per_thread_stat,-,196121,196121,129708625395410,129708625451717,56.307,OK
sample,thread_enumeration,-,196121,0,129708625501937,129708625505446,3.509,END
sample,thread_statistics_total,-,196121,0,129708625303391,129708625540254,236.863,OK
sample,cpu_statistics,-,-1,0,129708625277048,129708625483326,206.278,OK
sample,csv_formatting_process,-,196121,0,129708625571563,129708625582512,10.949,OK
sample,csv_write_process,-,196121,0,129708625678598,129708625685379,6.781,OK
sample,csv_formatting_threads,-,196121,0,129708625737263,129708625743562,6.299,OK
sample,memory_rss,-,196122,0,129708625624462,129708625764389,139.927,OK
sample,csv_write_threads,-,196121,0,129708625763940,129708625769049,5.109,OK
sample,monitor_sample_total,-,196121,0,129708624499912,129708625852284,1352.372,OK
lifecycle,finalization,-,196121,0,129708625877035,129708625888103,11.068,OK
lifecycle,monitor_run_pid_once,-,196121,0,129708624169724,129708625911341,1741.617,OK
worker,monitor_execution,APP_196121_38322574,196121,12884901897,129708624162472,129708625932759,1770.287,OK
worker,job_completed,APP_196121_38322574,196121,12884901897,129708625968168,129708625968299,0.131,OK
worker,job_started,APP_196123_38322575,196123,21474836489,129708626061799,129708626061919,0.120,OK
sample,proc_pid_stat,-,196123,0,129708626116790,129708626179634,62.844,OK
lifecycle,perf_counter_attempt,-,196123,0,129708626303352,129708626309637,6.285,UNAVAILABLE
lifecycle,perf_counter_attempt,-,196123,0,129708626343686,129708626347534,3.848,UNAVAILABLE
lifecycle,perf_counter_initialization,-,196123,0,129708626303215,129708626373496,70.281,OK
lifecycle,initialization,-,196123,0,129708626105465,129708626396528,291.063,OK
sample,cache_perf_read,-,-1,0,129708626419954,129708626420079,0.125,UNAVAILABLE
sample,cache_perf_read,-,-1,0,129708626442240,129708626442334,0.094,UNAVAILABLE
sample,numa_information,-,196122,0,129708625797477,129708626328894,531.417,OK
sample,proc_pid_stat,-,196123,0,129708626465589,129708626524025,58.436,OK
sample,thread_enumeration,-,196122,0,129708626549584,129708626557776,8.192,OK
sample,thread_enumeration,-,196122,0,129708626583781,129708626584005,0.224,OK
sample,thread_enumeration,-,196122,0,129708626602870,129708626603043,0.173,OK
sample,per_thread_stat,-,196122,196122,129708626624392,129708626689088,64.696,OK
sample,thread_enumeration,-,196122,0,129708626730728,129708626733982,3.254,END
sample,thread_statistics_total,-,196122,0,129708626527547,129708626763812,236.265,OK
sample,cpu_statistics,-,-1,0,129708626570062,129708626740983,170.921,OK
sample,csv_formatting_process,-,196122,0,129708626792996,129708626803094,10.098,OK
sample,csv_write_process,-,196122,0,129708626916923,129708626923928,7.005,OK
sample,csv_formatting_threads,-,196122,0,129708626944504,129708626949864,5.360,OK
sample,csv_write_threads,-,196122,0,129708626967510,129708626971733,4.223,OK
sample,monitor_sample_total,-,196122,0,129708625105559,129708626993046,1887.487,OK
lifecycle,finalization,-,196122,0,129708627063403,129708627074394,10.991,OK
lifecycle,monitor_run_pid_once,-,196122,0,129708624683358,129708627125968,2442.610,OK
worker,monitor_execution,APP_196122_38322575,196122,17179869193,129708624674027,129708627192691,2518.664,OK
worker,job_completed,APP_196122_38322575,196122,17179869193,129708627242518,129708627242606,0.088,OK
sample,memory_rss,-,196123,0,129708626842308,129708626977447,135.139,OK
sample,numa_information,-,196123,0,129708627340987,129708627690993,350.006,OK
sample,thread_enumeration,-,196123,0,129708627760488,129708627768372,7.884,OK
sample,thread_enumeration,-,196123,0,129708627808460,129708627808723,0.263,OK
sample,thread_enumeration,-,196123,0,129708627832513,129708627832680,0.167,OK
sample,per_thread_stat,-,196123,196123,129708627853361,129708627912026,58.665,OK
sample,thread_enumeration,-,196123,0,129708627940353,129708627943276,2.923,END
sample,thread_statistics_total,-,196123,0,129708627740742,129708627968496,227.754,OK
sample,csv_formatting_process,-,196123,0,129708627996057,129708628036895,40.838,OK
sample,csv_write_process,-,196123,0,129708628077444,129708628084250,6.806,OK
sample,csv_formatting_threads,-,196123,0,129708628106256,129708628111325,5.069,OK
sample,csv_write_threads,-,196123,0,129708628131882,129708628136812,4.930,OK
sample,monitor_sample_total,-,196123,0,129708626419618,129708628156359,1736.741,OK
lifecycle,finalization,-,196123,0,129708628180025,129708628190728,10.703,OK
lifecycle,monitor_run_pid_once,-,196123,0,129708626105342,129708628214010,2108.668,OK
worker,monitor_execution,APP_196123_38322575,196123,21474836489,129708626098301,129708628233844,2135.543,OK
worker,job_completed,APP_196123_38322575,196123,21474836489,129708628270662,129708628270797,0.135,OK
discovery,application_discovery_scan,-,-1,0,129708639515706,129708681506126,41990.420,OK
discovery,application_discovery_scan,-,-1,0,129708701054284,129708734112068,33057.784,OK
worker,job_submission,APP_196119_38322574,196119,4294967306,129708735598062,129708735615665,17.603,OK
worker,job_submission,APP_196120_38322574,196120,8589934602,129708735680286,129708735704103,23.817,OK
worker,job_submission,APP_196121_38322574,196121,12884901898,129708735742951,129708735749260,6.309,OK
worker,job_submission,APP_196122_38322575,196122,17179869194,129708735778146,129708735783228,5.082,OK
worker,job_submission,APP_196123_38322575,196123,21474836490,129708735809895,129708735826152,16.257,OK
worker,job_started,APP_196119_38322574,196119,4294967306,129708735940599,129708735940770,0.171,OK
worker,job_started,APP_196120_38322574,196120,8589934602,129708735962283,129708735962437,0.154,OK
sample,proc_pid_stat,-,196119,0,129708736069903,129708736160400,90.497,OK
sample,proc_pid_stat,-,196120,0,129708736122892,129708736194154,71.262,OK
lifecycle,perf_counter_attempt,-,196119,0,129708736287227,129708736295524,8.297,UNAVAILABLE
lifecycle,perf_counter_attempt,-,196119,0,129708736323262,129708736325451,2.189,UNAVAILABLE
lifecycle,perf_counter_initialization,-,196119,0,129708736286889,129708736338777,51.888,OK
lifecycle,initialization,-,196119,0,129708736050153,129708736350679,300.526,OK
sample,cache_perf_read,-,-1,0,129708736366409,129708736366549,0.140,UNAVAILABLE
sample,cache_perf_read,-,-1,0,129708736378941,129708736379016,0.075,UNAVAILABLE
lifecycle,perf_counter_attempt,-,196120,0,129708736341929,129708736350371,8.442,UNAVAILABLE
lifecycle,perf_counter_attempt,-,196120,0,129708736468498,129708736473127,4.629,UNAVAILABLE
lifecycle,perf_counter_initialization,-,196120,0,129708736341710,129708736554748,213.038,OK
lifecycle,initialization,-,196120,0,129708736108592,129708736585049,476.457,OK
sample,cache_perf_read,-,-1,0,129708736624770,129708736624943,0.173,UNAVAILABLE
sample,cache_perf_read,-,-1,0,129708736681498,129708736681630,0.132,UNAVAILABLE
sample,proc_pid_stat,-,196119,0,129708736391351,129708736430097,38.746,OK
sample,proc_pid_stat,-,196120,0,129708736711453,129708736776767,65.314,OK
sample,cpu_statistics,-,-1,0,129708736792537,129708736937343,144.806,OK
sample,cpu_statistics,-,-1,0,129708736827863,129708736979817,151.954,OK
sample,memory_rss,-,196119,0,129708736961529,129708737097666,136.137,OK
sample,memory_rss,-,196120,0,129708737041173,129708737155516,114.343,OK
sample,numa_information,-,196119,0,129708737136654,129708737494887,358.233,OK
sample,thread_enumeration,-,196119,0,129708737531938,129708737539623,7.685,OK
sample,thread_enumeration,-,196119,0,129708737554199,129708737554357,0.158,OK
sample,thread_enumeration,-,196119,0,129708737570896,129708737571058,0.162,OK
sample,numa_information,-,196120,0,129708737191380,129708737556343,364.963,OK
sample,per_thread_stat,-,196119,196119,129708737582550,129708737622055,39.505,OK
sample,thread_enumeration,-,196119,0,129708737690199,129708737692416,2.217,END
sample,thread_statistics_total,-,196119,0,129708737518188,129708737717477,199.289,OK
sample,csv_formatting_process,-,196119,0,129708737736764,129708737744423,7.659,OK
sample,csv_write_process,-,196119,0,129708737756930,129708737762512,5.582,OK
sample,csv_formatting_threads,-,196119,0,129708737773681,129708737776770,3.089,OK
sample,csv_write_threads,-,196119,0,129708737786389,129708737789276,2.887,OK
sample,monitor_sample_total,-,196119,0,129708736366104,129708737812676,1446.572,OK
lifecycle,finalization,-,196119,0,129708737838415,129708737844695,6.280,OK
lifecycle,monitor_run_pid_once,-,196119,0,129708736050055,129708737858644,1808.589,OK
worker,monitor_execution,APP_196119_38322574,196119,4294967306,129708736038629,129708737870568,1831.939,OK
sample,thread_enumeration,-,196120,0,129708737660196,129708737668137,7.941,OK
sample,thread_enumeration,-,196120,0,129708737940378,129708737940737,0.359,OK
sample,thread_enumeration,-,196120,0,129708737967165,129708737967304,0.139,OK
worker,job_completed,APP_196119_38322574,196119,4294967306,129708737897377,129708737897472,0.095,OK
worker,job_started,APP_196121_38322574,196121,12884901898,129708738084026,129708738084102,0.076,OK
sample,per_thread_stat,-,196120,196120,129708738029022,129708738117668,88.646,OK
sample,thread_enumeration,-,196120,0,129708738158300,129708738161677,3.377,END
sample,thread_statistics_total,-,196120,0,129708737641069,129708738208407,567.338,OK
sample,proc_pid_stat,-,196121,0,129708738132464,129708738177294,44.830,OK
sample,csv_formatting_process,-,196120,0,129708738236306,129708738248220,11.914,OK
sample,csv_write_process,-,196120,0,129708738314799,129708738322407,7.608,OK
sample,csv_formatting_threads,-,196120,0,129708738368854,129708738374584,5.730,OK
sample,csv_write_threads,-,196120,0,129708738396394,129708738400714,4.320,OK
sample,monitor_sample_total,-,196120,0,129708736624482,129708738425663,1801.181,OK
lifecycle,perf_counter_attempt,-,196121,0,129708738333367,129708738338242,4.875,UNAVAILABLE
lifecycle,perf_counter_attempt,-,196121,0,129708738490380,129708738494191,3.811,UNAVAILABLE
lifecycle,perf_counter_initialization,-,196121,0,129708738333151,129708738515616,182.465,OK
lifecycle,initialization,-,196121,0,129708738123718,129708738536351,412.633,OK
lifecycle,finalization,-,196120,0,129708738458321,129708738467783,9.462,OK
lifecycle,monitor_run_pid_once,-,196120,0,129708736108471,129708738583600,2475.129,OK
worker,monitor_execution,APP_196120_38322574,196120,8589934602,129708736099622,129708738613370,2513.748,OK
sample,cache_perf_read,-,-1,0,129708738551625,129708738551704,0.079,UNAVAILABLE
sample,cache_perf_read,-,-1,0,129708738684411,129708738684483,0.072,UNAVAILABLE
worker,job_completed,APP_196120_38322574,196120,8589934602,129708738662303,129708738662468,0.165,OK
sample,proc_pid_stat,-,196121,0,129708738698995,129708738742469,43.474,OK
worker,job_started,APP_196122_38322575,196122,17179869194,129708738758333,129708738758440,0.107,OK
sample,proc_pid_stat,-,196122,0,129708738844536,129708738898734,54.198,OK
sample,cpu_statistics,-,-1,0,129708738785109,129708738906499,121.390,OK
lifecycle,perf_counter_attempt,-,196122,0,129708739094557,129708739100926,6.369,UNAVAILABLE
lifecycle,perf_counter_attempt,-,196122,0,129708739232134,129708739239516,7.382,UNAVAILABLE
lifecycle,perf_counter_initialization,-,196122,0,129708739094384,129708739265857,171.473,OK
lifecycle,initialization,-,196122,0,129708738832041,129708739294521,462.480,OK
sample,cache_perf_read,-,-1,0,129708739349302,129708739349451,0.149,UNAVAILABLE
sample,cache_perf_read,-,-1,0,129708739378550,129708739378653,0.103,UNAVAILABLE
sample,memory_rss,-,196121,0,129708739152419,129708739247077,94.658,OK
sample,proc_pid_stat,-,196122,0,129708739410190,129708739494646,84.456,OK
sample,cpu_statistics,-,-1,0,129708739546562,129708739741424,194.862,OK
sample,numa_information,-,196121,0,129708739441160,129708739752423,311.263,OK
sample,thread_enumeration,-,196121,0,129708739834020,129708739840621,6.601,OK
sample,thread_enumeration,-,196121,0,129708739854330,129708739854496,0.166,OK
sample,thread_enumeration,-,196121,0,129708739866229,129708739866355,0.126,OK
sample,memory_rss,-,196122,0,129708739780751,129708739916834,136.083,OK
sample,per_thread_stat,-,196121,196121,129708739877486,129708739918585,41.099,OK
sample,thread_enumeration,-,196121,0,129708739993033,129708739995304,2.271,END
sample,thread_statistics_total,-,196121,0,129708739820074,129708740054256,234.182,OK
sample,csv_formatting_process,-,196121,0,129708740096861,129708740105251,8.390,OK
sample,csv_write_process,-,196121,0,129708740124644,129708740128864,4.220,OK
sample,csv_formatting_threads,-,196121,0,129708740141756,129708740144673,2.917,OK
sample,csv_write_threads,-,196121,0,129708740156686,129708740159085,2.399,OK
sample,monitor_sample_total,-,196121,0,129708738551357,129708740169900,1618.543,OK
lifecycle,finalization,-,196121,0,129708740182018,129708740189178,7.160,OK
lifecycle,monitor_run_pid_once,-,196121,0,129708738123622,129708740202561,2078.939,OK
worker,monitor_execution,APP_196121_38322574,196121,12884901898,129708738115769,129708740215088,2099.319,OK
worker,job_completed,APP_196121_38322574,196121,12884901898,129708740236870,129708740236979,0.109,OK
worker,job_started,APP_196123_38322575,196123,21474836490,129708740264052,129708740264124,0.072,OK
sample,proc_pid_stat,-,196123,0,129708740292444,129708740335457,43.013,OK
lifecycle,perf_counter_attempt,-,196123,0,129708740432792,129708740438018,5.226,UNAVAILABLE
lifecycle,perf_counter_attempt,-,196123,0,129708740459250,129708740461094,1.844,UNAVAILABLE
lifecycle,perf_counter_initialization,-,196123,0,129708740432618,129708740472801,40.183,OK
lifecycle,initialization,-,196123,0,129708740283221,129708740484664,201.443,OK
sample,cache_perf_read,-,-1,0,129708740495493,129708740495630,0.137,UNAVAILABLE
sample,cache_perf_read,-,-1,0,129708740505927,129708740506018,0.091,UNAVAILABLE
sample,numa_information,-,196122,0,129708739956651,129708740545625,588.974,OK
sample,proc_pid_stat,-,196123,0,129708740516500,129708740551165,34.665,OK
sample,thread_enumeration,-,196122,0,129708740607281,129708740616123,8.842,OK
sample,thread_enumeration,-,196122,0,129708740693998,129708740694261,0.263,OK
sample,thread_enumeration,-,196122,0,129708740718093,129708740718304,0.211,OK
sample,cpu_statistics,-,-1,0,129708740653583,129708740774839,121.256,OK
sample,per_thread_stat,-,196122,196122,129708740738379,129708740804951,66.572,OK
sample,thread_enumeration,-,196122,0,129708740836408,129708740839387,2.979,END
sample,thread_statistics_total,-,196122,0,129708740588567,129708740875252,286.685,OK
sample,memory_rss,-,196123,0,129708740797789,129708740877455,79.666,OK
sample,csv_formatting_process,-,196122,0,129708740908802,129708740920380,11.578,OK
sample,csv_write_process,-,196122,0,129708741039057,129708741048170,9.113,OK
sample,csv_formatting_threads,-,196122,0,129708741090502,129708741096720,6.218,OK
sample,csv_write_threads,-,196122,0,129708741121268,129708741126761,5.493,OK
sample,monitor_sample_total,-,196122,0,129708739348951,129708741150676,1801.725,OK
lifecycle,finalization,-,196122,0,129708741200502,129708741211855,11.353,OK
lifecycle,monitor_run_pid_once,-,196122,0,129708738831899,129708741234486,2402.587,OK
worker,monitor_execution,APP_196122_38322575,196122,17179869194,129708738822802,129708741255057,2432.255,OK
sample,numa_information,-,196123,0,129708740943310,129708741285589,342.279,OK
worker,job_completed,APP_196122_38322575,196122,17179869194,129708741292695,129708741292867,0.172,OK
sample,thread_enumeration,-,196123,0,129708741336126,129708741341714,5.588,OK
sample,thread_enumeration,-,196123,0,129708741425074,129708741425312,0.238,OK
sample,thread_enumeration,-,196123,0,129708741440186,129708741440312,0.126,OK
sample,per_thread_stat,-,196123,196123,129708741451703,129708741494374,42.671,OK
sample,thread_enumeration,-,196123,0,129708741520049,129708741522167,2.118,END
sample,thread_statistics_total,-,196123,0,129708741322273,129708741537703,215.430,OK
sample,csv_formatting_process,-,196123,0,129708741554350,129708741560933,6.583,OK
sample,csv_write_process,-,196123,0,129708741573253,129708741579174,5.921,OK
sample,csv_formatting_threads,-,196123,0,129708741597045,129708741601453,4.408,OK
sample,csv_write_threads,-,196123,0,129708741620864,129708741624955,4.091,OK
sample,monitor_sample_total,-,196123,0,129708740495219,129708741641536,1146.317,OK
lifecycle,finalization,-,196123,0,129708741660652,129708741669542,8.890,OK
lifecycle,monitor_run_pid_once,-,196123,0,129708740283124,129708741692234,1409.110,OK
worker,monitor_execution,APP_196123_38322575,196123,21474836490,129708740275896,129708741708297,1432.401,OK
worker,job_completed,APP_196123_38322575,196123,21474836490,129708741730376,129708741730452,0.076,OK
discovery,application_discovery_scan,-,-1,0,129708754031473,129708790140434,36108.961,OK
discovery,application_discovery_scan,-,-1,0,129708809652983,129708848194485,38541.502,OK
worker,job_submission,APP_196119_38322574,196119,4294967307,129708849607090,129708849624159,17.069,OK
worker,job_submission,APP_196120_38322574,196120,8589934603,129708849689077,129708849712312,23.235,OK
worker,job_submission,APP_196121_38322574,196121,12884901899,129708849741967,129708849747352,5.385,OK
worker,job_submission,APP_196122_38322575,196122,17179869195,129708849773507,129708849777823,4.316,OK
worker,job_submission,APP_196123_38322575,196123,21474836491,129708849810701,129708849859834,49.133,OK
worker,job_started,APP_196119_38322574,196119,4294967307,129708849917585,129708849917776,0.191,OK
worker,job_started,APP_196120_38322574,196120,8589934603,129708849936339,129708849936491,0.152,OK
sample,proc_pid_stat,-,196119,0,129708849985941,129708850080542,94.601,OK
sample,proc_pid_stat,-,196120,0,129708850071372,129708850135341,63.969,OK
lifecycle,perf_counter_attempt,-,196119,0,129708850261065,129708850270309,9.244,UNAVAILABLE
lifecycle,perf_counter_attempt,-,196119,0,129708850318345,129708850323187,4.842,UNAVAILABLE
lifecycle,perf_counter_initialization,-,196119,0,129708850260662,129708850352596,91.934,OK
lifecycle,initialization,-,196119,0,129708849973051,129708850375226,402.175,OK
sample,cache_perf_read,-,-1,0,129708850390219,129708850390360,0.141,UNAVAILABLE
sample,cache_perf_read,-,-1,0,129708850405888,129708850405984,0.096,UNAVAILABLE
lifecycle,perf_counter_attempt,-,196120,0,129708850292254,129708850299724,7.470,UNAVAILABLE
lifecycle,perf_counter_attempt,-,196120,0,129708850486832,129708850493548,6.716,UNAVAILABLE
lifecycle,perf_counter_initialization,-,196120,0,129708850292031,129708850524969,232.938,OK
lifecycle,initialization,-,196120,0,129708850059400,129708850557469,498.069,OK
sample,cache_perf_read,-,-1,0,129708850584309,129708850584498,0.189,UNAVAILABLE
sample,cache_perf_read,-,-1,0,129708850607791,129708850607883,0.092,UNAVAILABLE
sample,proc_pid_stat,-,196119,0,129708850417588,129708850469405,51.817,OK
sample,proc_pid_stat,-,196120,0,129708850643766,129708850712957,69.191,OK
sample,cpu_statistics,-,-1,0,129708850715565,129708850857935,142.370,OK
sample,cpu_statistics,-,-1,0,129708850768801,129708850931593,162.792,OK
sample,memory_rss,-,196119,0,129708850882476,129708850971114,88.638,OK
sample,memory_rss,-,196120,0,129708850986766,129708851164242,177.476,OK
sample,numa_information,-,196119,0,129708851111459,129708851541341,429.882,OK
sample,numa_information,-,196120,0,129708851192017,129708851569792,377.775,OK
sample,thread_enumeration,-,196119,0,129708851595533,129708851604680,9.147,OK
sample,thread_enumeration,-,196119,0,129708851681846,129708851682245,0.399,OK
sample,thread_enumeration,-,196119,0,129708851715631,129708851715958,0.327,OK
sample,thread_enumeration,-,196120,0,129708851643972,129708851651756,7.784,OK
sample,thread_enumeration,-,196120,0,129708851800010,129708851800293,0.283,OK
sample,thread_enumeration,-,196120,0,129708851828630,129708851828782,0.152,OK
sample,per_thread_stat,-,196119,196119,129708851741282,129708851808282,67.000,OK
sample,thread_enumeration,-,196119,0,129708851906282,129708851909473,3.191,END
sample,thread_statistics_total,-,196119,0,129708851576534,129708851943394,366.860,OK
sample,per_thread_stat,-,196120,196120,129708851853746,129708851923721,69.975,OK
sample,thread_enumeration,-,196120,0,129708852076422,129708852079691,3.269,END
sample,thread_statistics_total,-,196120,0,129708851625673,129708852113816,488.143,OK
sample,csv_formatting_process,-,196119,0,129708851996259,129708852031014,34.755,OK
sample,csv_write_process,-,196119,0,129708852208322,129708852217539,9.217,OK
sample,csv_formatting_threads,-,196119,0,129708852256684,129708852262761,6.077,OK
sample,csv_write_threads,-,196119,0,129708852285455,129708852290465,5.010,OK
sample,monitor_sample_total,-,196119,0,129708850389838,129708852312748,1922.910,OK
lifecycle,finalization,-,196119,0,129708852337976,129708852349261,11.285,OK
lifecycle,monitor_run_pid_once,-,196119,0,129708849972929,129708852391920,2418.991,OK
worker,monitor_execution,APP_196119_38322574,196119,4294967307,129708849963839,129708852416023,2452.184,OK
sample,csv_formatting_process,-,196120,0,129708852152928,129708852165387,12.459,OK
sample,csv_write_process,-,196120,0,129708852493964,129708852502291,8.327,OK
sample,csv_formatting_threads,-,196120,0,129708852529168,129708852535171,6.003,OK
sample,csv_write_threads,-,196120,0,129708852555493,129708852560634,5.141,OK
sample,monitor_sample_total,-,196120,0,129708850583994,129708852589113,2005.119,OK
lifecycle,finalization,-,196120,0,129708852612874,129708852622705,9.831,OK
lifecycle,monitor_run_pid_once,-,196120,0,129708850059257,129708852653185,2593.928,OK
worker,monitor_execution,APP_196120_38322574,196120,8589934603,129708850050400,129708852677022,2626.622,OK
worker,job_completed,APP_196119_38322574,196119,4294967307,129708852454430,129708852454605,0.175,OK
worker,job_completed,APP_196120_38322574,196120,8589934603,129708852721053,129708852721224,0.171,OK
worker,job_started,APP_196122_38322575,196122,17179869195,129708852824605,129708852824683,0.078,OK
sample,proc_pid_stat,-,196122,0,129708852872397,129708852922532,50.135,OK
worker,job_started,APP_196121_38322574,196121,12884901899,129708852771705,129708852771858,0.153,OK
sample,proc_pid_stat,-,196121,0,129708853023293,129708853105640,82.347,OK
lifecycle,perf_counter_attempt,-,196122,0,129708853104616,129708853110087,5.471,UNAVAILABLE
lifecycle,perf_counter_attempt,-,196122,0,129708853195991,129708853199080,3.089,UNAVAILABLE
lifecycle,perf_counter_initialization,-,196122,0,129708853104377,129708853219219,114.842,OK
lifecycle,initialization,-,196122,0,129708852860490,129708853238745,378.255,OK
sample,cache_perf_read,-,-1,0,129708853276396,129708853276548,0.152,UNAVAILABLE
sample,cache_perf_read,-,-1,0,129708853356080,129708853356174,0.094,UNAVAILABLE
lifecycle,perf_counter_attempt,-,196121,0,129708853245017,129708853250396,5.379,UNAVAILABLE
lifecycle,perf_counter_attempt,-,196121,0,129708853442813,129708853446384,3.571,UNAVAILABLE
lifecycle,perf_counter_initialization,-,196121,0,129708853244828,129708853468841,224.013,OK
sample,proc_pid_stat,-,196122,0,129708853397115,129708853453853,56.738,OK
lifecycle,initialization,-,196121,0,129708852990587,129708853486626,496.039,OK
sample,cache_perf_read,-,-1,0,129708853549842,129708853549959,0.117,UNAVAILABLE
sample,cache_perf_read,-,-1,0,129708853578425,129708853578500,0.075,UNAVAILABLE
sample,proc_pid_stat,-,196121,0,129708853590509,129708853632311,41.802,OK
sample,cpu_statistics,-,-1,0,129708853536305,129708853739201,202.896,OK
sample,cpu_statistics,-,-1,0,129708853658430,129708853796821,138.391,OK
sample,memory_rss,-,196122,0,129708853772997,129708853898519,125.522,OK
sample,memory_rss,-,196121,0,129708853828900,129708853910872,81.972,OK
sample,numa_information,-,196122,0,129708853934521,129708854334838,400.317,OK
sample,thread_enumeration,-,196122,0,129708854423044,129708854431628,8.584,OK
sample,thread_enumeration,-,196122,0,129708854457528,129708854457861,0.333,OK
sample,numa_information,-,196121,0,129708853973536,129708854470331,496.795,OK
sample,thread_enumeration,-,196122,0,129708854474136,129708854474308,0.172,OK
sample,per_thread_stat,-,196122,196122,129708854651111,129708854733996,82.885,OK
sample,thread_enumeration,-,196122,0,129708854763336,129708854766336,3.000,END
sample,thread_statistics_total,-,196122,0,129708854402033,129708854789086,387.053,OK
sample,csv_formatting_process,-,196122,0,129708854819793,129708854828967,9.174,OK
sample,csv_write_process,-,196122,0,129708854841973,129708854846578,4.605,OK
sample,csv_formatting_threads,-,196122,0,129708854857141,129708854860140,2.999,OK
sample,csv_write_threads,-,196122,0,129708854870364,129708854873073,2.709,OK
sample,monitor_sample_total,-,196122,0,129708853276152,129708854882480,1606.328,OK
lifecycle,finalization,-,196122,0,129708854893897,129708854900121,6.224,OK
lifecycle,monitor_run_pid_once,-,196122,0,129708852860288,129708854909438,2049.150,OK
worker,monitor_execution,APP_196122_38322575,196122,17179869195,129708852849611,129708854921072,2071.461,OK
worker,job_completed,APP_196122_38322575,196122,17179869195,129708854944043,129708854944184,0.141,OK
worker,job_started,APP_196123_38322575,196123,21474836491,129708854973989,129708854974092,0.103,OK
sample,thread_enumeration,-,196121,0,129708854555751,129708854563635,7.884,OK
sample,thread_enumeration,-,196121,0,129708855102951,129708855103293,0.342,OK
sample,thread_enumeration,-,196121,0,129708855127108,129708855127265,0.157,OK
sample,proc_pid_stat,-,196123,0,129708855043140,129708855084916,41.776,OK
sample,per_thread_stat,-,196121,196121,129708855151074,129708855237771,86.697,OK
sample,thread_enumeration,-,196121,0,129708855279154,129708855282703,3.549,END
sample,thread_statistics_total,-,196121,0,129708854534266,129708855315399,781.133,OK
lifecycle,perf_counter_attempt,-,196123,0,129708855284054,129708855290438,6.384,UNAVAILABLE
lifecycle,perf_counter_attempt,-,196123,0,129708855390029,129708855394211,4.182,UNAVAILABLE
lifecycle,perf_counter_initialization,-,196123,0,129708855283878,129708855410202,126.324,OK
lifecycle,initialization,-,196123,0,129708855033064,129708855423593,390.529,OK
sample,cache_perf_read,-,-1,0,129708855438728,129708855438841,0.113,UNAVAILABLE
sample,cache_perf_read,-,-1,0,129708855457869,129708855457942,0.073,UNAVAILABLE
sample,csv_formatting_process,-,196121,0,129708855350609,129708855361910,11.301,OK
sample,csv_write_process,-,196121,0,129708855531051,129708855539582,8.531,OK
sample,csv_formatting_threads,-,196121,0,129708855567945,129708855573544,5.599,OK
sample,csv_write_threads,-,196121,0,129708855598905,129708855604454,5.549,OK
sample,monitor_sample_total,-,196121,0,129708853549588,129708855628368,2078.780,OK
sample,proc_pid_stat,-,196123,0,129708855478013,129708855520799,42.786,OK
lifecycle,finalization,-,196121,0,129708855652715,129708855663368,10.653,OK
lifecycle,monitor_run_pid_once,-,196121,0,129708852990473,129708855752596,2762.123,OK
worker,monitor_execution,APP_196121_38322574,196121,12884901899,129708852979981,129708855779076,2799.095,OK
worker,job_completed,APP_196121_38322574,196121,12884901899,129708855817508,129708855817643,0.135,OK
sample,cpu_statistics,-,-1,0,129708855703416,129708855827485,124.069,OK
sample,memory_rss,-,196123,0,129708855900694,129708855988694,88.000,OK
sample,numa_information,-,196123,0,129708856032077,129708856405927,373.850,OK
sample,thread_enumeration,-,196123,0,129708856471739,129708856478032,6.293,OK
sample,thread_enumeration,-,196123,0,129708856494901,129708856495175,0.274,OK
sample,thread_enumeration,-,196123,0,129708856507120,129708856507297,0.177,OK
sample,per_thread_stat,-,196123,196123,129708856519492,129708856557712,38.220,OK
sample,thread_enumeration,-,196123,0,129708856594545,129708856596503,1.958,END
sample,thread_statistics_total,-,196123,0,129708856457975,129708856613230,155.255,OK
sample,csv_formatting_process,-,196123,0,129708856629155,129708856636442,7.287,OK
sample,csv_write_process,-,196123,0,129708856648823,129708856653213,4.390,OK
sample,csv_formatting_threads,-,196123,0,129708856663725,129708856666358,2.633,OK
sample,csv_write_threads,-,196123,0,129708856676253,129708856679103,2.850,OK
sample,monitor_sample_total,-,196123,0,129708855438415,129708856689525,1251.110,OK
lifecycle,finalization,-,196123,0,129708856701378,129708856706385,5.007,OK
lifecycle,monitor_run_pid_once,-,196123,0,129708855032943,129708856720957,1688.014,OK
worker,monitor_execution,APP_196123_38322575,196123,21474836491,129708855024896,129708856732433,1707.537,OK
worker,job_completed,APP_196123_38322575,196123,21474836491,129708856754350,129708856754437,0.087,OK
discovery,application_discovery_scan,-,-1,0,129708867989861,129708911315175,43325.314,OK
discovery,application_discovery_scan,-,-1,0,129708930780796,129708964566938,33786.142,OK
worker,job_submission,APP_196119_38322574,196119,4294967308,129708965871892,129708965887452,15.560,OK
worker,job_submission,APP_196120_38322574,196120,8589934604,129708965948046,129708965960577,12.531,OK
worker,job_submission,APP_196121_38322574,196121,12884901900,129708965996231,129708966033388,37.157,OK
worker,job_submission,APP_196122_38322575,196122,17179869196,129708966071891,129708966075395,3.504,OK
worker,job_submission,APP_196123_38322575,196123,21474836492,129708966093093,129708966096078,2.985,OK
worker,job_started,APP_196119_38322574,196119,4294967308,129708966151913,129708966152074,0.161,OK
worker,job_started,APP_196120_38322574,196120,8589934604,129708966186778,129708966186969,0.191,OK
sample,proc_pid_stat,-,196119,0,129708966217469,129708966276016,58.547,OK
sample,proc_pid_stat,-,196120,0,129708966304245,129708966380872,76.627,OK
lifecycle,perf_counter_attempt,-,196119,0,129708966387342,129708966394782,7.440,UNAVAILABLE
lifecycle,perf_counter_attempt,-,196119,0,129708966473303,129708966478481,5.178,UNAVAILABLE
lifecycle,perf_counter_initialization,-,196119,0,129708966387022,129708966539240,152.218,OK
lifecycle,initialization,-,196119,0,129708966205170,129708966593646,388.476,OK
sample,cache_perf_read,-,-1,0,129708966659842,129708966659991,0.149,UNAVAILABLE
sample,cache_perf_read,-,-1,0,129708966718251,129708966718364,0.113,UNAVAILABLE
lifecycle,perf_counter_attempt,-,196120,0,129708966538585,129708966545623,7.038,UNAVAILABLE
lifecycle,perf_counter_attempt,-,196120,0,129708966873585,129708966879252,5.667,UNAVAILABLE
lifecycle,perf_counter_initialization,-,196120,0,129708966538323,129708966960587,422.264,OK
lifecycle,initialization,-,196120,0,129708966288835,129708967030446,741.611,OK
sample,cache_perf_read,-,-1,0,129708967105150,129708967105307,0.157,UNAVAILABLE
sample,cache_perf_read,-,-1,0,129708967161649,129708967161757,0.108,UNAVAILABLE
sample,proc_pid_stat,-,196119,0,129708966782192,129708966847544,65.352,OK
sample,proc_pid_stat,-,196120,0,129708967190118,129708967260548,70.430,OK
sample,cpu_statistics,-,-1,0,129708967317477,129708967550668,233.191,OK
sample,cpu_statistics,-,-1,0,129708967404500,129708967573881,169.381,OK
sample,memory_rss,-,196119,0,129708967599502,129708967750114,150.612,OK
sample,memory_rss,-,196120,0,129708967675421,129708967803001,127.580,OK
sample,numa_information,-,196120,0,129708967842227,129708968249401,407.174,OK
sample,thread_enumeration,-,196120,0,129708968323484,129708968332968,9.484,OK
sample,thread_enumeration,-,196120,0,129708968359755,129708968359970,0.215,OK
sample,thread_enumeration,-,196120,0,129708968381182,129708968381343,0.161,OK
sample,numa_information,-,196119,0,129708967786536,129708968414628,628.092,OK
sample,per_thread_stat,-,196120,196120,129708968400252,129708968465259,65.007,OK
sample,thread_enumeration,-,196120,0,129708968581425,129708968585040,3.615,END
sample,thread_statistics_total,-,196120,0,129708968302891,129708968628412,325.521,OK
sample,thread_enumeration,-,196119,0,129708968528588,129708968538540,9.952,OK
sample,thread_enumeration,-,196119,0,129708968715671,129708968716010,0.339,OK
sample,thread_enumeration,-,196119,0,129708968746727,129708968746883,0.156,OK
sample,csv_formatting_process,-,196120,0,129708968666266,129708968678182,11.916,OK
sample,csv_write_process,-,196120,0,129708968824469,129708968832820,8.351,OK
sample,csv_formatting_threads,-,196120,0,129708968861524,129708968867341,5.817,OK
sample,csv_write_threads,-,196120,0,129708968899460,129708968904122,4.662,OK
sample,monitor_sample_total,-,196120,0,129708967104561,129708968926598,1822.037,OK
lifecycle,finalization,-,196120,0,129708968951309,129708968961736,10.427,OK
lifecycle,monitor_run_pid_once,-,196120,0,129708966288730,129708968997007,2708.277,OK
worker,monitor_execution,APP_196120_38322574,196120,8589934604,129708966278392,129708969067522,2789.130,OK
sample,per_thread_stat,-,196119,196119,129708968771654,129708968846815,75.161,OK
sample,thread_enumeration,-,196119,0,129708969153809,129708969157023,3.214,END
sample,thread_statistics_total,-,196119,0,129708968505823,129708969199829,694.006,OK
worker,job_completed,APP_196120_38322574,196120,8589934604,129708969115445,129708969115573,0.128,OK
sample,csv_formatting_process,-,196119,0,129708969239256,129708969250638,11.382,OK
sample,csv_write_process,-,196119,0,129708969341180,129708969349555,8.375,OK
sample,csv_formatting_threads,-,196119,0,129708969375605,129708969381091,5.486,OK
sample,csv_write_threads,-,196119,0,129708969408262,129708969413430,5.168,OK
sample,monitor_sample_total,-,196119,0,129708966659533,129708969435985,2776.452,OK
lifecycle,finalization,-,196119,0,129708969459000,129708969469429,10.429,OK
lifecycle,monitor_run_pid_once,-,196119,0,129708966205076,129708969512898,3307.822,OK
worker,monitor_execution,APP_196119_38322574,196119,4294967308,129708966196721,129708969535370,3338.649,OK
worker,job_completed,APP_196119_38322574,196119,4294967308,129708969573381,129708969573534,0.153,OK
worker,job_started,APP_196122_38322575,196122,17179869196,129708969613043,129708969613172,0.129,OK
worker,job_started,APP_196121_38322574,196121,12884901900,129708969305746,129708969305883,0.137,OK
sample,proc_pid_stat,-,196122,0,129708969657679,129708969722004,64.325,OK
sample,proc_pid_stat,-,196121,0,129708969759071,129708969827807,68.736,OK
lifecycle,perf_counter_attempt,-,196122,0,129708969905053,129708969912583,7.530,UNAVAILABLE
lifecycle,perf_counter_attempt,-,196122,0,129708969945728,129708969948921,3.193,UNAVAILABLE
lifecycle,perf_counter_initialization,-,196122,0,129708969904735,129708969968873,64.138,OK
lifecycle,initialization,-,196122,0,129708969644424,129708970023866,379.442,OK
sample,cache_perf_read,-,-1,0,129708970072288,129708970072473,0.185,UNAVAILABLE
sample,cache_perf_read,-,-1,0,129708970098144,129708970098296,0.152,UNAVAILABLE
lifecycle,perf_counter_attempt,-,196121,0,129708969966526,129708969972920,6.394,UNAVAILABLE
lifecycle,perf_counter_attempt,-,196121,0,129708970175881,129708970181754,5.873,UNAVAILABLE
lifecycle,perf_counter_initialization,-,196121,0,129708969966249,129708970202025,235.776,OK
lifecycle,initialization,-,196121,0,129708969747048,129708970216795,469.747,OK
sample,cache_perf_read,-,-1,0,129708970236275,129708970236390,0.115,UNAVAILABLE
sample,cache_perf_read,-,-1,0,129708970249404,129708970249477,0.073,UNAVAILABLE
sample,proc_pid_stat,-,196122,0,129708970123276,129708970185525,62.249,OK
sample,proc_pid_stat,-,196121,0,129708970265519,129708970324080,58.561,OK
sample,cpu_statistics,-,-1,0,129708970360485,129708970488337,127.852,OK
sample,cpu_statistics,-,-1,0,129708970331977,129708970526472,194.495,OK
sample,memory_rss,-,196121,0,129708970511706,129708970595913,84.207,OK
sample,memory_rss,-,196122,0,129708970558451,129708970695655,137.204,OK
sample,numa_information,-,196121,0,129708970616841,129708970937215,320.374,OK
sample,thread_enumeration,-,196121,0,129708970973828,129708970980244,6.416,OK
sample,thread_enumeration,-,196121,0,129708970994586,129708970994782,0.196,OK
sample,thread_enumeration,-,196121,0,129708971033858,129708971034025,0.167,OK
sample,per_thread_stat,-,196121,196121,129708971065523,129708971112757,47.234,OK
sample,thread_enumeration,-,196121,0,129708971132229,129708971134558,2.329,END
sample,thread_statistics_total,-,196121,0,129708970961058,129708971150709,189.651,OK
sample,csv_formatting_process,-,196121,0,129708971172341,129708971180244,7.903,OK
sample,csv_write_process,-,196121,0,129708971193320,129708971198865,5.545,OK
sample,csv_formatting_threads,-,196121,0,129708971209849,129708971212704,2.855,OK
sample,csv_write_threads,-,196121,0,129708971222132,129708971225125,2.993,OK
sample,monitor_sample_total,-,196121,0,129708970235904,129708971234766,998.862,OK
lifecycle,finalization,-,196121,0,129708971245761,129708971252105,6.344,OK
lifecycle,monitor_run_pid_once,-,196121,0,129708969746943,129708971267445,1520.502,OK
worker,monitor_execution,APP_196121_38322574,196121,12884901900,129708969737772,129708971279785,1542.013,OK
worker,job_completed,APP_196121_38322574,196121,12884901900,129708971302124,129708971302237,0.113,OK
sample,numa_information,-,196122,0,129708970751113,129708971316959,565.846,OK
worker,job_started,APP_196123_38322575,196123,21474836492,129708971326457,129708971326544,0.087,OK
sample,thread_enumeration,-,196122,0,129708971375069,129708971383006,7.937,OK
sample,thread_enumeration,-,196122,0,129708971459030,129708971459306,0.276,OK
sample,thread_enumeration,-,196122,0,129708971487898,129708971488090,0.192,OK
sample,proc_pid_stat,-,196123,0,129708971421625,129708971464488,42.863,OK
sample,per_thread_stat,-,196122,196122,129708971515089,129708971577113,62.024,OK
sample,thread_enumeration,-,196122,0,129708971607326,129708971609978,2.652,END
sample,thread_statistics_total,-,196122,0,129708971356447,129708971635918,279.471,OK
lifecycle,perf_counter_attempt,-,196123,0,129708971638672,129708971643755,5.083,UNAVAILABLE
lifecycle,perf_counter_attempt,-,196123,0,129708971708295,129708971711696,3.401,UNAVAILABLE
lifecycle,perf_counter_initialization,-,196123,0,129708971638456,129708971734764,96.308,OK
lifecycle,initialization,-,196123,0,129708971412604,129708971754141,341.537,OK
sample,cache_perf_read,-,-1,0,129708971774051,129708971774147,0.096,UNAVAILABLE
sample,cache_perf_read,-,-1,0,129708971786706,129708971786777,0.071,UNAVAILABLE
sample,csv_formatting_process,-,196122,0,129708971667139,129708971678696,11.557,OK
sample,csv_write_process,-,196122,0,129708971853784,129708971861062,7.278,OK
sample,csv_formatting_threads,-,196122,0,129708971888570,129708971893807,5.237,OK
sample,csv_write_threads,-,196122,0,129708971931895,129708971936046,4.151,OK
sample,monitor_sample_total,-,196122,0,129708970071891,129708971960213,1888.322,OK
sample,proc_pid_stat,-,196123,0,129708971800956,129708971841522,40.566,OK
lifecycle,finalization,-,196122,0,129708971985040,129708971995300,10.260,OK
lifecycle,monitor_run_pid_once,-,196122,0,129708969644297,129708972096243,2451.946,OK
worker,monitor_execution,APP_196122_38322575,196122,17179869196,129708969634998,129708972123080,2488.082,OK
worker,job_completed,APP_196122_38322575,196122,17179869196,129708972165545,129708972165692,0.147,OK
sample,cpu_statistics,-,-1,0,129708972050237,129708972174358,124.121,OK
sample,memory_rss,-,196123,0,129708972244937,129708972330540,85.603,OK
sample,numa_information,-,196123,0,129708972351454,129708972653256,301.802,OK
sample,thread_enumeration,-,196123,0,129708972689782,129708972695719,5.937,OK
sample,thread_enumeration,-,196123,0,129708972710048,129708972710261,0.213,OK
sample,thread_enumeration,-,196123,0,129708972722063,129708972722186,0.123,OK
sample,per_thread_stat,-,196123,196123,129708972733439,129708972769464,36.025,OK
sample,thread_enumeration,-,196123,0,129708972787969,129708972789921,1.952,END
sample,thread_statistics_total,-,196123,0,129708972677234,129708972804422,127.188,OK
sample,csv_formatting_process,-,196123,0,129708972838834,129708972846065,7.231,OK
sample,csv_write_process,-,196123,0,129708972861201,129708972865918,4.717,OK
sample,csv_formatting_threads,-,196123,0,129708972876113,129708972878718,2.605,OK
sample,csv_write_threads,-,196123,0,129708972889227,129708972891801,2.574,OK
sample,monitor_sample_total,-,196123,0,129708971773795,129708972903380,1129.585,OK
lifecycle,finalization,-,196123,0,129708972917427,129708972923072,5.645,OK
lifecycle,monitor_run_pid_once,-,196123,0,129708971412515,129708972935112,1522.597,OK
worker,monitor_execution,APP_196123_38322575,196123,21474836492,129708971405140,129708972946859,1541.719,OK
worker,job_completed,APP_196123_38322575,196123,21474836492,129708972967881,129708972967958,0.077,OK
discovery,application_discovery_scan,-,-1,0,129708984197679,129709017283602,33085.923,OK
discovery,application_discovery_scan,-,-1,0,129709036583608,129709068744560,32160.952,OK
worker,job_submission,APP_196119_38322574,196119,4294967309,129709070637688,129709070656951,19.263,OK
worker,job_submission,APP_196120_38322574,196120,8589934605,129709070718451,129709070740831,22.380,OK
worker,job_submission,APP_196121_38322574,196121,12884901901,129709070778057,129709070784111,6.054,OK
worker,job_submission,APP_196122_38322575,196122,17179869197,129709070812569,129709070871183,58.614,OK
worker,job_submission,APP_196123_38322575,196123,21474836493,129709070909481,129709070914873,5.392,OK
worker,job_started,APP_196119_38322574,196119,4294967309,129709070976576,129709070976735,0.159,OK
worker,job_started,APP_196120_38322574,196120,8589934605,129709071036219,129709071036395,0.176,OK
sample,proc_pid_stat,-,196119,0,129709071080873,129709071163545,82.672,OK
sample,proc_pid_stat,-,196120,0,129709071150005,129709071213557,63.552,OK
lifecycle,perf_counter_attempt,-,196120,0,129709071319372,129709071327991,8.619,UNAVAILABLE
lifecycle,perf_counter_attempt,-,196120,0,129709071354394,129709071356618,2.224,UNAVAILABLE
lifecycle,perf_counter_attempt,-,196119,0,129709071319533,129709071328705,9.172,UNAVAILABLE
lifecycle,perf_counter_attempt,-,196119,0,129709071417997,129709071422804,4.807,UNAVAILABLE
lifecycle,perf_counter_initialization,-,196119,0,129709071319325,129709071450033,130.708,OK
lifecycle,initialization,-,196119,0,129709071064831,129709071474633,409.802,OK
sample,cache_perf_read,-,-1,0,129709071499449,129709071499653,0.204,UNAVAILABLE
sample,cache_perf_read,-,-1,0,129709071523627,129709071523734,0.107,UNAVAILABLE
lifecycle,perf_counter_initialization,-,196120,0,129709071319004,129709071371638,52.634,OK
lifecycle,initialization,-,196120,0,129709071137770,129709071606950,469.180,OK
sample,cache_perf_read,-,-1,0,129709071629966,129709071630102,0.136,UNAVAILABLE
sample,cache_perf_read,-,-1,0,129709071643829,129709071643925,0.096,UNAVAILABLE
sample,proc_pid_stat,-,196119,0,129709071547720,129709071614032,66.312,OK
sample,proc_pid_stat,-,196120,0,129709071660156,129709071723408,63.252,OK
sample,cpu_statistics,-,-1,0,129709071803594,129709071936593,132.999,OK
sample,cpu_statistics,-,-1,0,129709071764370,129709071940294,175.924,OK
sample,memory_rss,-,196120,0,129709071963511,129709072091302,127.791,OK
sample,memory_rss,-,196119,0,129709072044789,129709072175260,130.471,OK
sample,numa_information,-,196120,0,129709072128335,129709072490088,361.753,OK
sample,thread_enumeration,-,196120,0,129709072526767,129709072534646,7.879,OK
sample,thread_enumeration,-,196120,0,129709072548254,129709072548392,0.138,OK
sample,thread_enumeration,-,196120,0,129709072560378,129709072560503,0.125,OK
sample,numa_information,-,196119,0,129709072212108,129709072603784,391.676,OK
sample,per_thread_stat,-,196120,196120,129709072571441,129709072612572,41.131,OK
sample,thread_enumeration,-,196120,0,129709072696440,129709072698810,2.370,END
sample,thread_statistics_total,-,196120,0,129709072513563,129709072733473,219.910,OK
sample,thread_enumeration,-,196119,0,129709072667967,129709072676875,8.908,OK
sample,thread_enumeration,-,196119,0,129709072806916,129709072807333,0.417,OK
sample,thread_enumeration,-,196119,0,129709072863356,129709072863549,0.193,OK
sample,csv_formatting_process,-,196120,0,129709072758146,129709072765820,7.674,OK
sample,csv_write_process,-,196120,0,129709072917389,129709072923145,5.756,OK
sample,csv_formatting_threads,-,196120,0,129709072935249,129709072938433,3.184,OK
sample,csv_write_threads,-,196120,0,129709072949210,129709072952544,3.334,OK
sample,monitor_sample_total,-,196120,0,129709071629602,129709072962049,1332.447,OK
lifecycle,finalization,-,196120,0,129709072982952,129709072990257,7.305,OK
sample,per_thread_stat,-,196119,196119,129709072895754,129709072963569,67.815,OK
sample,thread_enumeration,-,196119,0,129709073087949,129709073091467,3.518,END
sample,thread_statistics_total,-,196119,0,129709072649190,129709073123814,474.624,OK
lifecycle,monitor_run_pid_once,-,196120,0,129709071137680,129709073029086,1891.406,OK
worker,monitor_execution,APP_196120_38322574,196120,8589934605,129709071129516,129709073194340,2064.824,OK
sample,csv_formatting_process,-,196119,0,129709073165777,129709073178160,12.383,OK
sample,csv_write_process,-,196119,0,129709073241730,129709073248512,6.782,OK
sample,csv_formatting_threads,-,196119,0,129709073275478,129709073281263,5.785,OK
sample,csv_write_threads,-,196119,0,129709073303922,129709073308818,4.896,OK
sample,monitor_sample_total,-,196119,0,129709071499080,129709073329765,1830.685,OK
worker,job_completed,APP_196120_38322574,196120,8589934605,129709073220456,129709073220557,0.101,OK
worker,job_started,APP_196121_38322574,196121,12884901901,129709073395586,129709073395685,0.099,OK
lifecycle,finalization,-,196119,0,129709073353543,129709073363535,9.992,OK
lifecycle,monitor_run_pid_once,-,196119,0,129709071064726,129709073445221,2380.495,OK
worker,monitor_execution,APP_196119_38322574,196119,4294967309,129709071053231,129709073494937,2441.706,OK
sample,proc_pid_stat,-,196121,0,129709073425466,129709073486310,60.844,OK
worker,job_completed,APP_196119_38322574,196119,4294967309,129709073533932,129709073534121,0.189,OK
worker,job_started,APP_196122_38322575,196122,17179869197,129709073621476,129709073621539,0.063,OK
lifecycle,perf_counter_attempt,-,196121,0,129709073632150,129709073637261,5.111,UNAVAILABLE
lifecycle,perf_counter_attempt,-,196121,0,129709073686172,129709073689527,3.355,UNAVAILABLE
lifecycle,perf_counter_initialization,-,196121,0,129709073631936,129709073708245,76.309,OK
lifecycle,initialization,-,196121,0,129709073416073,129709073719652,303.579,OK
sample,cache_perf_read,-,-1,0,129709073730394,129709073730469,0.075,UNAVAILABLE
sample,cache_perf_read,-,-1,0,129709073743302,129709073743375,0.073,UNAVAILABLE
sample,proc_pid_stat,-,196122,0,129709073672608,129709073730767,58.159,OK
sample,proc_pid_stat,-,196121,0,129709073753173,129709073790302,37.129,OK
lifecycle,perf_counter_attempt,-,196122,0,129709073898963,129709073904796,5.833,UNAVAILABLE
lifecycle,perf_counter_attempt,-,196122,0,129709073931673,129709073934709,3.036,UNAVAILABLE
lifecycle,perf_counter_initialization,-,196122,0,129709073898820,129709073953548,54.728,OK
lifecycle,initialization,-,196122,0,129709073661945,129709073971370,309.425,OK
sample,cache_perf_read,-,-1,0,129709073991066,129709073991171,0.105,UNAVAILABLE
sample,cache_perf_read,-,-1,0,129709074031527,129709074031607,0.080,UNAVAILABLE
sample,cpu_statistics,-,-1,0,129709073851209,129709074034785,183.576,OK
sample,proc_pid_stat,-,196122,0,129709074072190,129709074124734,52.544,OK
sample,memory_rss,-,196121,0,129709074127166,129709074250692,123.526,OK
sample,cpu_statistics,-,-1,0,129709074167946,129709074335088,167.142,OK
sample,memory_rss,-,196122,0,129709074375546,129709074488004,112.458,OK
sample,numa_information,-,196121,0,129709074328336,129709074721510,393.174,OK
sample,thread_enumeration,-,196121,0,129709074779937,129709074787800,7.863,OK
sample,thread_enumeration,-,196121,0,129709074811843,129709074812043,0.200,OK
sample,thread_enumeration,-,196121,0,129709074829601,129709074829746,0.145,OK
sample,per_thread_stat,-,196121,196121,129709074849038,129709074910576,61.538,OK
sample,thread_enumeration,-,196121,0,129709074983474,129709074986597,3.123,END
sample,thread_statistics_total,-,196121,0,129709074761260,129709075052279,291.019,OK
sample,csv_formatting_process,-,196121,0,129709075099584,129709075111230,11.646,OK
sample,csv_write_process,-,196121,0,129709075140442,129709075147465,7.023,OK
sample,csv_formatting_threads,-,196121,0,129709075167710,129709075172757,5.047,OK
sample,csv_write_threads,-,196121,0,129709075191954,129709075196374,4.420,OK
sample,monitor_sample_total,-,196121,0,129709073730126,129709075214986,1484.860,OK
lifecycle,finalization,-,196121,0,129709075238083,129709075247769,9.686,OK
lifecycle,monitor_run_pid_once,-,196121,0,129709073415983,129709075268570,1852.587,OK
worker,monitor_execution,APP_196121_38322574,196121,12884901901,129709073408473,129709075288186,1879.713,OK
sample,numa_information,-,196122,0,129709074516265,129709074915513,399.248,OK
worker,job_completed,APP_196121_38322574,196121,12884901901,129709075324015,129709075324166,0.151,OK
sample,thread_enumeration,-,196122,0,129709075404782,129709075412415,7.633,OK
sample,thread_enumeration,-,196122,0,129709075472858,129709075473108,0.250,OK
sample,thread_enumeration,-,196122,0,129709075495429,129709075495565,0.136,OK
worker,job_started,APP_196123_38322575,196123,21474836493,129709075446098,129709075446264,0.166,OK
sample,per_thread_stat,-,196122,196122,129709075516260,129709075573720,57.460,OK
sample,thread_enumeration,-,196122,0,129709075593207,129709075595249,2.042,END
sample,thread_statistics_total,-,196122,0,129709075382818,129709075611749,228.931,OK
sample,csv_formatting_process,-,196122,0,129709075631375,129709075639082,7.707,OK
sample,proc_pid_stat,-,196123,0,129709075585209,129709075649685,64.476,OK
sample,csv_write_process,-,196122,0,129709075653332,129709075659285,5.953,OK
sample,csv_formatting_threads,-,196122,0,129709075829671,129709075834456,4.785,OK
sample,csv_write_threads,-,196122,0,129709075852088,129709075857976,5.888,OK
sample,monitor_sample_total,-,196122,0,129709073990771,129709075874375,1883.604,OK
lifecycle,perf_counter_attempt,-,196123,0,129709075795338,129709075802035,6.697,UNAVAILABLE
lifecycle,perf_counter_attempt,-,196123,0,129709075944601,129709075948822,4.221,UNAVAILABLE
lifecycle,perf_counter_initialization,-,196123,0,129709075795118,129709075974960,179.842,OK
lifecycle,initialization,-,196123,0,129709075573672,129709075999668,425.996,OK
sample,cache_perf_read,-,-1,0,129709076075593,129709076075747,0.154,UNAVAILABLE
sample,cache_perf_read,-,-1,0,129709076113845,129709076113957,0.112,UNAVAILABLE
lifecycle,finalization,-,196122,0,129709075894733,129709075906901,12.168,OK
lifecycle,monitor_run_pid_once,-,196122,0,129709073661855,129709076197981,2536.126,OK
worker,monitor_execution,APP_196122_38322575,196122,17179869197,129709073654144,129709076215872,2561.728,OK
worker,job_completed,APP_196122_38322575,196122,17179869197,129709076244450,129709076244571,0.121,OK
sample,proc_pid_stat,-,196123,0,129709076151205,129709076216280,65.075,OK
sample,cpu_statistics,-,-1,0,129709076343987,129709076483516,139.529,OK
sample,memory_rss,-,196123,0,129709076516809,129709076626948,110.139,OK
sample,numa_information,-,196123,0,129709076653548,129709076989147,335.599,OK
sample,thread_enumeration,-,196123,0,129709077070319,129709077078217,7.898,OK
sample,thread_enumeration,-,196123,0,129709077119276,129709077119561,0.285,OK
sample,thread_enumeration,-,196123,0,129709077139298,129709077139520,0.222,OK
sample,per_thread_stat,-,196123,196123,129709077165813,129709077227272,61.459,OK
sample,thread_enumeration,-,196123,0,129709077254535,129709077257587,3.052,END
sample,thread_statistics_total,-,196123,0,129709077050927,129709077283055,232.128,OK
sample,csv_formatting_process,-,196123,0,129709077310425,129709077321274,10.849,OK
sample,csv_write_process,-,196123,0,129709077345095,129709077351186,6.091,OK
sample,csv_formatting_threads,-,196123,0,129709077369103,129709077373783,4.680,OK
sample,csv_write_threads,-,196123,0,129709077390338,129709077394617,4.279,OK
sample,monitor_sample_total,-,196123,0,129709076075166,129709077412130,1336.964,OK
lifecycle,finalization,-,196123,0,129709077464630,129709077474633,10.003,OK
lifecycle,monitor_run_pid_once,-,196123,0,129709075573560,129709077497874,1924.314,OK
worker,monitor_execution,APP_196123_38322575,196123,21474836493,129709075565301,129709077521049,1955.748,OK
worker,job_completed,APP_196123_38322575,196123,21474836493,129709077557966,129709077558119,0.153,OK
discovery,application_discovery_scan,-,-1,0,129709089087773,129709119189831,30102.058,OK
discovery,application_discovery_scan,-,-1,0,129709138545027,129709171883994,33338.967,OK
worker,job_submission,APP_196119_38322574,196119,4294967310,129709173476926,129709173493482,16.556,OK
worker,job_submission,APP_196120_38322574,196120,8589934606,129709173568503,129709173593279,24.776,OK
worker,job_submission,APP_196121_38322574,196121,12884901902,129709173630435,129709173634398,3.963,OK
worker,job_submission,APP_196122_38322575,196122,17179869198,129709173653347,129709173656336,2.989,OK
worker,job_submission,APP_196123_38322575,196123,21474836494,129709173673540,129709173676356,2.816,OK
worker,job_started,APP_196119_38322574,196119,4294967310,129709173726868,129709173727063,0.195,OK
worker,job_started,APP_196120_38322574,196120,8589934606,129709173781976,129709173782226,0.250,OK
sample,proc_pid_stat,-,196119,0,129709173794224,129709173854017,59.793,OK
sample,proc_pid_stat,-,196120,0,129709173857265,129709173943475,86.210,OK
lifecycle,perf_counter_attempt,-,196119,0,129709173963184,129709173970931,7.747,UNAVAILABLE
lifecycle,perf_counter_attempt,-,196119,0,129709174072856,129709174078747,5.891,UNAVAILABLE
lifecycle,perf_counter_initialization,-,196119,0,129709173962903,129709174095562,132.659,OK
lifecycle,initialization,-,196119,0,129709173780945,129709174111280,330.335,OK
sample,cache_perf_read,-,-1,0,129709174124348,129709174124548,0.200,UNAVAILABLE
sample,cache_perf_read,-,-1,0,129709174135743,129709174135818,0.075,UNAVAILABLE
lifecycle,perf_counter_attempt,-,196120,0,129709174135964,129709174143668,7.704,UNAVAILABLE
lifecycle,perf_counter_attempt,-,196120,0,129709174238402,129709174242229,3.827,UNAVAILABLE
lifecycle,perf_counter_initialization,-,196120,0,129709174135683,129709174269747,134.064,OK
lifecycle,initialization,-,196120,0,129709173841570,129709174316014,474.444,OK
sample,cache_perf_read,-,-1,0,129709174339717,129709174339917,0.200,UNAVAILABLE
sample,cache_perf_read,-,-1,0,129709174360263,129709174360362,0.099,UNAVAILABLE
sample,proc_pid_stat,-,196119,0,129709174174138,129709174222194,48.056,OK
sample,proc_pid_stat,-,196120,0,129709174380847,129709174447682,66.835,OK
sample,cpu_statistics,-,-1,0,129709174464507,129709174611952,147.445,OK
sample,cpu_statistics,-,-1,0,129709174494473,129709174704751,210.278,OK
sample,memory_rss,-,196119,0,129709174638528,129709174728261,89.733,OK
sample,memory_rss,-,196120,0,129709174744489,129709174882624,138.135,OK
sample,numa_information,-,196119,0,129709174786907,129709175210879,423.972,OK
sample,thread_enumeration,-,196119,0,129709175272148,129709175282581,10.433,OK
sample,thread_enumeration,-,196119,0,129709175308176,129709175308509,0.333,OK
sample,thread_enumeration,-,196119,0,129709175327242,129709175327400,0.158,OK
sample,per_thread_stat,-,196119,196119,129709175346047,129709175413580,67.533,OK
sample,thread_enumeration,-,196119,0,129709175451287,129709175454915,3.628,END
sample,numa_information,-,196120,0,129709174914722,129709175478450,563.728,OK
sample,thread_statistics_total,-,196119,0,129709175253159,129709175483595,230.436,OK
sample,csv_formatting_process,-,196119,0,129709175629634,129709175638509,8.875,OK
sample,csv_write_process,-,196119,0,129709175686149,129709175694094,7.945,OK
sample,csv_formatting_threads,-,196119,0,129709175723236,129709175728688,5.452,OK
sample,csv_write_threads,-,196119,0,129709175751108,129709175756034,4.926,OK
sample,monitor_sample_total,-,196119,0,129709174123817,129709175777841,1654.024,OK
sample,thread_enumeration,-,196120,0,129709175543196,129709175552127,8.931,OK
sample,thread_enumeration,-,196120,0,129709175877813,129709175878206,0.393,OK
sample,thread_enumeration,-,196120,0,129709175952152,129709175952356,0.204,OK
lifecycle,finalization,-,196119,0,129709175803129,129709175815169,12.040,OK
lifecycle,monitor_run_pid_once,-,196119,0,129709173780852,129709176079319,2298.467,OK
worker,monitor_execution,APP_196119_38322574,196119,4294967310,129709173771511,129709176099437,2327.926,OK
sample,per_thread_stat,-,196120,196120,129709175995591,129709176103286,107.695,OK
sample,thread_enumeration,-,196120,0,129709176166578,129709176169795,3.217,END
sample,thread_statistics_total,-,196120,0,129709175522880,129709176189008,666.128,OK
sample,csv_formatting_process,-,196120,0,129709176206347,129709176214397,8.050,OK
sample,csv_write_process,-,196120,0,129709176226301,129709176232371,6.070,OK
sample,csv_formatting_threads,-,196120,0,129709176246339,129709176249651,3.312,OK
worker,job_completed,APP_196119_38322574,196119,4294967310,129709176128923,129709176129016,0.093,OK
sample,csv_write_threads,-,196120,0,129709176260139,129709176262875,2.736,OK
sample,monitor_sample_total,-,196120,0,129709174339375,129709176342317,2002.942,OK
worker,job_started,APP_196121_38322574,196121,12884901902,129709176330421,129709176330584,0.163,OK
lifecycle,finalization,-,196120,0,129709176357597,129709176364807,7.210,OK
lifecycle,monitor_run_pid_once,-,196120,0,129709173841434,129709176404234,2562.800,OK
worker,monitor_execution,APP_196120_38322574,196120,8589934606,129709173831806,129709176417624,2585.818,OK
worker,job_completed,APP_196120_38322574,196120,8589934606,129709176441488,129709176441609,0.121,OK
sample,proc_pid_stat,-,196121,0,129709176397989,129709176458484,60.495,OK
worker,job_started,APP_196122_38322575,196122,17179869198,129709176463471,129709176463563,0.092,OK
lifecycle,perf_counter_attempt,-,196121,0,129709176562692,129709176568585,5.893,UNAVAILABLE
lifecycle,perf_counter_attempt,-,196121,0,129709176598446,129709176600151,1.705,UNAVAILABLE
lifecycle,perf_counter_initialization,-,196121,0,129709176562465,129709176616541,54.076,OK
lifecycle,initialization,-,196121,0,129709176386835,129709176632529,245.694,OK
sample,cache_perf_read,-,-1,0,129709176648021,129709176648161,0.140,UNAVAILABLE
sample,cache_perf_read,-,-1,0,129709176663175,129709176663248,0.073,UNAVAILABLE
sample,proc_pid_stat,-,196122,0,129709176539485,129709176587013,47.528,OK
sample,proc_pid_stat,-,196121,0,129709176676958,129709176714914,37.956,OK
lifecycle,perf_counter_attempt,-,196122,0,129709176786039,129709176791756,5.717,UNAVAILABLE
lifecycle,perf_counter_attempt,-,196122,0,129709176814812,129709176816786,1.974,UNAVAILABLE
lifecycle,perf_counter_initialization,-,196122,0,129709176785805,129709176834494,48.689,OK
lifecycle,initialization,-,196122,0,129709176529287,129709176855163,325.876,OK
sample,cpu_statistics,-,-1,0,129709176744180,129709176871123,126.943,OK
sample,cache_perf_read,-,-1,0,129709176875294,129709176875462,0.168,UNAVAILABLE
sample,cache_perf_read,-,-1,0,129709176935382,129709176935472,0.090,UNAVAILABLE
sample,memory_rss,-,196121,0,129709176897159,129709176982671,85.512,OK
sample,proc_pid_stat,-,196122,0,129709176948184,129709176995633,47.449,OK
sample,cpu_statistics,-,-1,0,129709177110586,129709177243372,132.786,OK
sample,memory_rss,-,196122,0,129709177267926,129709177353111,85.185,OK
sample,numa_information,-,196121,0,129709177039908,129709177381111,341.203,OK
sample,thread_enumeration,-,196121,0,129709177420736,129709177427356,6.620,OK
sample,thread_enumeration,-,196121,0,129709177450923,129709177451165,0.242,OK
sample,thread_enumeration,-,196121,0,129709177463268,129709177463397,0.129,OK
sample,per_thread_stat,-,196121,196121,129709177474787,129709177513913,39.126,OK
sample,thread_enumeration,-,196121,0,129709177532746,129709177534702,1.956,END
sample,thread_statistics_total,-,196121,0,129709177407977,129709177551476,143.499,OK
sample,csv_formatting_process,-,196121,0,129709177568272,129709177575560,7.288,OK
sample,csv_write_process,-,196121,0,129709177586990,129709177591730,4.740,OK
sample,csv_formatting_threads,-,196121,0,129709177602109,129709177605093,2.984,OK
sample,csv_write_threads,-,196121,0,129709177614663,129709177617202,2.539,OK
sample,monitor_sample_total,-,196121,0,129709176647738,129709177645511,997.773,OK
lifecycle,finalization,-,196121,0,129709177658671,129709177664219,5.548,OK
lifecycle,monitor_run_pid_once,-,196121,0,129709176386744,129709177674147,1287.403,OK
worker,monitor_execution,APP_196121_38322574,196121,12884901902,129709176378979,129709177685655,1306.676,OK
worker,job_completed,APP_196121_38322574,196121,12884901902,129709177709787,129709177709879,0.092,OK
sample,numa_information,-,196122,0,129709177379878,129709177722287,342.409,OK
worker,job_started,APP_196123_38322575,196123,21474836494,129709177730307,129709177730380,0.073,OK
sample,thread_enumeration,-,196122,0,129709177766109,129709177772709,6.600,OK
sample,thread_enumeration,-,196122,0,129709177846563,129709177846786,0.223,OK
sample,thread_enumeration,-,196122,0,129709177859122,129709177859258,0.136,OK
sample,per_thread_stat,-,196122,196122,129709177874541,129709177919392,44.851,OK
sample,thread_enumeration,-,196122,0,129709177941905,129709177943755,1.850,END
sample,thread_statistics_total,-,196122,0,129709177751389,129709177963243,211.854,OK
sample,proc_pid_stat,-,196123,0,129709177821266,129709177861966,40.700,OK
sample,csv_formatting_process,-,196122,0,129709177982055,129709177989091,7.036,OK
sample,csv_write_process,-,196122,0,129709178107334,129709178112490,5.156,OK
sample,csv_formatting_threads,-,196122,0,129709178125503,129709178128918,3.415,OK
sample,csv_write_threads,-,196122,0,129709178142051,129709178145028,2.977,OK
lifecycle,perf_counter_attempt,-,196123,0,129709178127738,129709178133632,5.894,UNAVAILABLE
lifecycle,perf_counter_attempt,-,196123,0,129709178180613,129709178182700,2.087,UNAVAILABLE
lifecycle,perf_counter_initialization,-,196123,0,129709178127575,129709178197228,69.653,OK
lifecycle,initialization,-,196123,0,129709177812760,129709178212573,399.813,OK
sample,cache_perf_read,-,-1,0,129709178226056,129709178226163,0.107,UNAVAILABLE
sample,cache_perf_read,-,-1,0,129709178240431,129709178240507,0.076,UNAVAILABLE
sample,monitor_sample_total,-,196122,0,129709176874964,129709178156698,1281.734,OK
lifecycle,finalization,-,196122,0,129709178280233,129709178289712,9.479,OK
lifecycle,monitor_run_pid_once,-,196122,0,129709176529186,129709178306066,1776.880,OK
worker,monitor_execution,APP_196122_38322575,196122,17179869198,129709176521220,129709178323676,1802.456,OK
sample,proc_pid_stat,-,196123,0,129709178255983,129709178297169,41.186,OK
worker,job_completed,APP_196122_38322575,196122,17179869198,129709178348829,129709178348989,0.160,OK
sample,cpu_statistics,-,-1,0,129709178385632,129709178507987,122.355,OK
sample,memory_rss,-,196123,0,129709178530736,129709178608802,78.066,OK
sample,numa_information,-,196123,0,129709178628076,129709178931285,303.209,OK
sample,thread_enumeration,-,196123,0,129709178966427,129709178972068,5.641,OK
sample,thread_enumeration,-,196123,0,129709178985505,129709178985647,0.142,OK
sample,thread_enumeration,-,196123,0,129709178996199,129709178996331,0.132,OK
sample,per_thread_stat,-,196123,196123,129709179041480,129709179085142,43.662,OK
sample,thread_enumeration,-,196123,0,129709179114990,129709179117111,2.121,END
sample,thread_statistics_total,-,196123,0,129709178954198,129709179133980,179.782,OK
sample,csv_formatting_process,-,196123,0,129709179149615,129709179156434,6.819,OK
sample,csv_write_process,-,196123,0,129709179167677,129709179171462,3.785,OK
sample,csv_formatting_threads,-,196123,0,129709179181161,129709179183789,2.628,OK
sample,csv_write_threads,-,196123,0,129709179192682,129709179195115,2.433,OK
sample,monitor_sample_total,-,196123,0,129709178225794,129709179204208,978.414,OK
lifecycle,finalization,-,196123,0,129709179215979,129709179221184,5.205,OK
lifecycle,monitor_run_pid_once,-,196123,0,129709177812682,129709179230937,1418.255,OK
worker,monitor_execution,APP_196123_38322575,196123,21474836494,129709177807709,129709179242379,1434.670,OK
worker,job_completed,APP_196123_38322575,196123,21474836494,129709179265478,129709179265629,0.151,OK
discovery,application_discovery_scan,-,-1,0,129709191791442,129709227258585,35467.143,OK
discovery,application_discovery_scan,-,-1,0,129709247052891,129709283931077,36878.186,OK
worker,job_submission,APP_196119_38322574,196119,4294967311,129709285168667,129709285187129,18.462,OK
worker,job_submission,APP_196120_38322574,196120,8589934607,129709285232696,129709285239065,6.369,OK
worker,job_submission,APP_196121_38322574,196121,12884901903,129709285267993,129709285318489,50.496,OK
worker,job_submission,APP_196122_38322575,196122,17179869199,129709285396025,129709285399698,3.673,OK
worker,job_submission,APP_196123_38322575,196123,21474836495,129709285418461,129709285421098,2.637,OK
worker,job_started,APP_196119_38322574,196119,4294967311,129709285469516,129709285469723,0.207,OK
worker,job_started,APP_196120_38322574,196120,8589934607,129709285505781,129709285505878,0.097,OK
sample,proc_pid_stat,-,196119,0,129709285553378,129709285638956,85.578,OK
sample,proc_pid_stat,-,196120,0,129709285608863,129709285662531,53.668,OK
lifecycle,perf_counter_attempt,-,196120,0,129709285798260,129709285806043,7.783,UNAVAILABLE
lifecycle,perf_counter_attempt,-,196120,0,129709285832877,129709285835062,2.185,UNAVAILABLE
lifecycle,perf_counter_initialization,-,196120,0,129709285797986,129709285848143,50.157,OK
lifecycle,initialization,-,196120,0,129709285598419,129709285865188,266.769,OK
sample,cache_perf_read,-,-1,0,129709285884146,129709285884258,0.112,UNAVAILABLE
sample,cache_perf_read,-,-1,0,129709285896543,129709285896613,0.070,UNAVAILABLE
lifecycle,perf_counter_attempt,-,196119,0,129709285801918,129709285809443,7.525,UNAVAILABLE
lifecycle,perf_counter_attempt,-,196119,0,129709285967617,129709285971805,4.188,UNAVAILABLE
lifecycle,perf_counter_initialization,-,196119,0,129709285801652,129709285997334,195.682,OK
lifecycle,initialization,-,196119,0,129709285536263,129709286072181,535.918,OK
sample,cache_perf_read,-,-1,0,129709286096571,129709286096776,0.205,UNAVAILABLE
sample,cache_perf_read,-,-1,0,129709286120700,129709286120779,0.079,UNAVAILABLE
sample,proc_pid_stat,-,196120,0,129709285909765,129709285949205,39.440,OK
sample,proc_pid_stat,-,196119,0,129709286144242,129709286210949,66.707,OK
sample,cpu_statistics,-,-1,0,129709286214051,129709286409204,195.153,OK
sample,cpu_statistics,-,-1,0,129709286262505,129709286503253,240.748,OK
sample,memory_rss,-,196120,0,129709286431983,129709286508836,76.853,OK
sample,memory_rss,-,196119,0,129709286537519,129709286660461,122.942,OK
sample,numa_information,-,196120,0,129709286586342,129709286913351,327.009,OK
sample,thread_enumeration,-,196120,0,129709286946395,129709286953363,6.968,OK
sample,thread_enumeration,-,196120,0,129709286967125,129709286967335,0.210,OK
sample,thread_enumeration,-,196120,0,129709286978244,129709286978357,0.113,OK
sample,per_thread_stat,-,196120,196120,129709286988851,129709287045275,56.424,OK
sample,thread_enumeration,-,196120,0,129709287074436,129709287076660,2.224,END
sample,thread_statistics_total,-,196120,0,129709286935123,129709287090506,155.383,OK
sample,csv_formatting_process,-,196120,0,129709287108831,129709287115862,7.031,OK
sample,csv_write_process,-,196120,0,129709287125249,129709287129132,3.883,OK
sample,csv_formatting_threads,-,196120,0,129709287139033,129709287142823,3.790,OK
sample,csv_write_threads,-,196120,0,129709287156740,129709287160086,3.346,OK
sample,monitor_sample_total,-,196120,0,129709285883815,129709287174452,1290.637,OK
lifecycle,finalization,-,196120,0,129709287188900,129709287196795,7.895,OK
lifecycle,monitor_run_pid_once,-,196120,0,129709285598331,129709287210836,1612.505,OK
worker,monitor_execution,APP_196120_38322574,196120,8589934607,129709285590175,129709287232642,1642.467,OK
sample,numa_information,-,196119,0,129709286689707,129709287214810,525.103,OK
worker,job_completed,APP_196120_38322574,196120,8589934607,129709287276941,129709287277068,0.127,OK
worker,job_started,APP_196121_38322574,196121,12884901903,129709287369975,129709287370102,0.127,OK
sample,thread_enumeration,-,196119,0,129709287332542,129709287340339,7.797,OK
sample,proc_pid_stat,-,196121,0,129709287398643,129709287438897,40.254,OK
sample,thread_enumeration,-,196119,0,129709287439509,129709287439800,0.291,OK
sample,thread_enumeration,-,196119,0,129709287561809,129709287561986,0.177,OK
lifecycle,perf_counter_attempt,-,196121,0,129709287576537,129709287582188,5.651,UNAVAILABLE
lifecycle,perf_counter_attempt,-,196121,0,129709287602131,129709287604115,1.984,UNAVAILABLE
lifecycle,perf_counter_initialization,-,196121,0,129709287576361,129709287615871,39.510,OK
lifecycle,initialization,-,196121,0,129709287390494,129709287628421,237.927,OK
sample,cache_perf_read,-,-1,0,129709287640190,129709287640292,0.102,UNAVAILABLE
sample,cache_perf_read,-,-1,0,129709287651908,129709287651985,0.077,UNAVAILABLE
sample,per_thread_stat,-,196119,196119,129709287584699,129709287654881,70.182,OK
sample,thread_enumeration,-,196119,0,129709287725944,129709287729252,3.308,END
sample,thread_statistics_total,-,196119,0,129709287314503,129709287762562,448.059,OK
sample,proc_pid_stat,-,196121,0,129709287666131,129709287701456,35.325,OK
sample,csv_formatting_process,-,196119,0,129709287794467,129709287806205,11.738,OK
sample,csv_write_process,-,196119,0,129709287890979,129709287898408,7.429,OK
sample,csv_formatting_threads,-,196119,0,129709287919245,129709287924348,5.103,OK
sample,csv_write_threads,-,196119,0,129709287942319,129709287946948,4.629,OK
sample,monitor_sample_total,-,196119,0,129709286096259,129709287967146,1870.887,OK
lifecycle,finalization,-,196119,0,129709287987119,129709287997764,10.645,OK
lifecycle,monitor_run_pid_once,-,196119,0,129709285536128,129709288067760,2531.632,OK
worker,monitor_execution,APP_196119_38322574,196119,4294967311,129709285525264,129709288093819,2568.555,OK
sample,cpu_statistics,-,-1,0,129709287849412,129709288042776,193.364,OK
worker,job_completed,APP_196119_38322574,196119,4294967311,129709288136606,129709288136772,0.166,OK
worker,job_started,APP_196122_38322575,196122,17179869199,129709288249322,129709288249458,0.136,OK
sample,memory_rss,-,196121,0,129709288174456,129709288307081,132.625,OK
sample,proc_pid_stat,-,196122,0,129709288300175,129709288364162,63.987,OK
lifecycle,perf_counter_attempt,-,196122,0,129709288495131,129709288502083,6.952,UNAVAILABLE
lifecycle,perf_counter_attempt,-,196122,0,129709288532326,129709288535146,2.820,UNAVAILABLE
lifecycle,perf_counter_initialization,-,196122,0,129709288494916,129709288554216,59.300,OK
lifecycle,initialization,-,196122,0,129709288287567,129709288573418,285.851,OK
sample,cache_perf_read,-,-1,0,129709288595367,129709288595483,0.116,UNAVAILABLE
sample,cache_perf_read,-,-1,0,129709288616417,129709288616514,0.097,UNAVAILABLE
sample,proc_pid_stat,-,196122,0,129709288635570,129709288688379,52.809,OK
sample,numa_information,-,196121,0,129709288342776,129709288731838,389.062,OK
sample,thread_enumeration,-,196121,0,129709288780285,129709288786373,6.088,OK
sample,thread_enumeration,-,196121,0,129709288806685,129709288806877,0.192,OK
sample,thread_enumeration,-,196121,0,129709288817747,129709288817872,0.125,OK
sample,per_thread_stat,-,196121,196121,129709288829465,129709288867748,38.283,OK
sample,thread_enumeration,-,196121,0,129709288886361,129709288888206,1.845,END
sample,thread_statistics_total,-,196121,0,129709288766302,129709288901594,135.292,OK
sample,csv_formatting_process,-,196121,0,129709288917516,129709288924420,6.904,OK
sample,csv_write_process,-,196121,0,129709288947844,129709288952849,5.005,OK
sample,cpu_statistics,-,-1,0,129709288733588,129709288928607,195.019,OK
sample,csv_formatting_threads,-,196121,0,129709288963074,129709288965753,2.679,OK
sample,csv_write_threads,-,196121,0,129709289131111,129709289137616,6.505,OK
sample,monitor_sample_total,-,196121,0,129709287639903,129709289175667,1535.764,OK
sample,memory_rss,-,196122,0,129709289059324,129709289189815,130.491,OK
lifecycle,finalization,-,196121,0,129709289191987,129709289200798,8.811,OK
lifecycle,monitor_run_pid_once,-,196121,0,129709287390425,129709289259290,1868.865,OK
worker,monitor_execution,APP_196121_38322574,196121,12884901903,129709287384120,129709289274282,1890.162,OK
worker,job_completed,APP_196121_38322574,196121,12884901903,129709289297497,129709289297588,0.091,OK
worker,job_started,APP_196123_38322575,196123,21474836495,129709289334642,129709289334731,0.089,OK
sample,proc_pid_stat,-,196123,0,129709289362140,129709289406952,44.812,OK
lifecycle,perf_counter_attempt,-,196123,0,129709289529948,129709289536156,6.208,UNAVAILABLE
lifecycle,perf_counter_attempt,-,196123,0,129709289576383,129709289581136,4.753,UNAVAILABLE
lifecycle,perf_counter_initialization,-,196123,0,129709289529791,129709289611750,81.959,OK
lifecycle,initialization,-,196123,0,129709289353064,129709289637439,284.375,OK
sample,cache_perf_read,-,-1,0,129709289660749,129709289660912,0.163,UNAVAILABLE
sample,cache_perf_read,-,-1,0,129709289685425,129709289685546,0.121,UNAVAILABLE
sample,numa_information,-,196122,0,129709289228372,129709289546505,318.133,OK
sample,thread_enumeration,-,196122,0,129709289759921,129709289765972,6.051,OK
sample,thread_enumeration,-,196122,0,129709289783597,129709289783775,0.178,OK
sample,thread_enumeration,-,196122,0,129709289795209,129709289795335,0.126,OK
sample,proc_pid_stat,-,196123,0,129709289709217,129709289768764,59.547,OK
sample,per_thread_stat,-,196122,196122,129709289806937,129709289848975,42.038,OK
sample,thread_enumeration,-,196122,0,129709289866530,129709289868536,2.006,END
sample,thread_statistics_total,-,196122,0,129709289745934,129709289883911,137.977,OK
sample,csv_formatting_process,-,196122,0,129709289899979,129709289907369,7.390,OK
sample,csv_write_process,-,196122,0,129709289919536,129709289924305,4.769,OK
sample,csv_formatting_threads,-,196122,0,129709289934330,129709289937016,2.686,OK
sample,csv_write_threads,-,196122,0,129709289947632,129709289950156,2.524,OK
sample,monitor_sample_total,-,196122,0,129709288595081,129709289959562,1364.481,OK
lifecycle,finalization,-,196122,0,129709289971827,129709289977084,5.257,OK
lifecycle,monitor_run_pid_once,-,196122,0,129709288287471,129709289987613,1700.142,OK
worker,monitor_execution,APP_196122_38322575,196122,17179869199,129709288278837,129709289998459,1719.622,OK
worker,job_completed,APP_196122_38322575,196122,17179869199,129709290069362,129709290069431,0.069,OK
sample,cpu_statistics,-,-1,0,129709289869328,129709290094095,224.767,OK
sample,memory_rss,-,196123,0,129709290127096,129709290230370,103.274,OK
sample,numa_information,-,196123,0,129709290259487,129709290597652,338.165,OK
sample,thread_enumeration,-,196123,0,129709290648614,129709290656102,7.488,OK
sample,thread_enumeration,-,196123,0,129709290680129,129709290680362,0.233,OK
sample,thread_enumeration,-,196123,0,129709290698980,129709290699158,0.178,OK
sample,per_thread_stat,-,196123,196123,129709290718875,129709290775542,56.667,OK
sample,thread_enumeration,-,196123,0,129709290802595,129709290805476,2.881,END
sample,thread_statistics_total,-,196123,0,129709290630313,129709290833188,202.875,OK
sample,csv_formatting_process,-,196123,0,129709290858485,129709290869033,10.548,OK
sample,csv_write_process,-,196123,0,129709290893610,129709290900123,6.513,OK
sample,csv_formatting_threads,-,196123,0,129709290919429,129709290924128,4.699,OK
sample,csv_write_threads,-,196123,0,129709290942768,129709290947292,4.524,OK
sample,monitor_sample_total,-,196123,0,129709289660419,129709290965856,1305.437,OK
lifecycle,finalization,-,196123,0,129709290988026,129709290997706,9.680,OK
lifecycle,monitor_run_pid_once,-,196123,0,129709289352990,129709291054741,1701.751,OK
worker,monitor_execution,APP_196123_38322575,196123,21474836495,129709289346343,129709291076567,1730.224,OK
worker,job_completed,APP_196123_38322575,196123,21474836495,129709291132707,129709291132938,0.231,OK
discovery,application_discovery_scan,-,-1,0,129709303576001,129709334318708,30742.707,OK
discovery,application_discovery_scan,-,-1,0,129709354145591,129709384168847,30023.256,OK
worker,job_submission,APP_196119_38322574,196119,4294967312,129709385673555,129709385700463,26.908,OK
worker,job_submission,APP_196120_38322574,196120,8589934608,129709385784566,129709385794386,9.820,OK
worker,job_submission,APP_196121_38322574,196121,12884901904,129709385831104,129709385870854,39.750,OK
worker,job_submission,APP_196122_38322575,196122,17179869200,129709385921851,129709385925066,3.215,OK
worker,job_submission,APP_196123_38322575,196123,21474836496,129709385944437,129709385947229,2.792,OK
worker,job_started,APP_196119_38322574,196119,4294967312,129709385997143,129709385997238,0.095,OK
worker,job_started,APP_196120_38322574,196120,8589934608,129709386045885,129709386046052,0.167,OK
sample,proc_pid_stat,-,196119,0,129709386118014,129709386182106,64.092,OK
sample,proc_pid_stat,-,196120,0,129709386190161,129709386269702,79.541,OK
lifecycle,perf_counter_attempt,-,196119,0,129709386328101,129709386336701,8.600,UNAVAILABLE
lifecycle,perf_counter_attempt,-,196119,0,129709386365267,129709386368548,3.281,UNAVAILABLE
lifecycle,perf_counter_initialization,-,196119,0,129709386327822,129709386388148,60.326,OK
lifecycle,initialization,-,196119,0,129709386104097,129709386407796,303.699,OK
sample,cache_perf_read,-,-1,0,129709386432343,129709386432511,0.168,UNAVAILABLE
sample,cache_perf_read,-,-1,0,129709386452205,129709386452280,0.075,UNAVAILABLE
lifecycle,perf_counter_attempt,-,196120,0,129709386409330,129709386416571,7.241,UNAVAILABLE
lifecycle,perf_counter_attempt,-,196120,0,129709386620533,129709386627932,7.399,UNAVAILABLE
lifecycle,perf_counter_initialization,-,196120,0,129709386409076,129709386656503,247.427,OK
lifecycle,initialization,-,196120,0,129709386175630,129709386678750,503.120,OK
sample,cache_perf_read,-,-1,0,129709386696968,129709386697163,0.195,UNAVAILABLE
sample,cache_perf_read,-,-1,0,129709386714008,129709386714132,0.124,UNAVAILABLE
sample,proc_pid_stat,-,196120,0,129709386735268,129709386811201,75.933,OK
sample,cpu_statistics,-,-1,0,129709386881105,129709387117069,235.964,OK
sample,memory_rss,-,196120,0,129709387173876,129709387332734,158.858,OK
sample,numa_information,-,196120,0,129709387372985,129709387970809,597.824,OK
sample,thread_enumeration,-,196120,0,129709388065957,129709388076288,10.331,OK
sample,thread_enumeration,-,196120,0,129709388107177,129709388107495,0.318,OK
sample,thread_enumeration,-,196120,0,129709388129338,129709388129504,0.166,OK
sample,per_thread_stat,-,196120,196120,129709388150028,129709388211548,61.520,OK
sample,thread_enumeration,-,196120,0,129709388241273,129709388244378,3.105,END
sample,thread_statistics_total,-,196120,0,129709388043831,129709388270636,226.805,OK
sample,csv_formatting_process,-,196120,0,129709388314911,129709388326184,11.273,OK
sample,csv_write_process,-,196120,0,129709388379124,129709388387516,8.392,OK
sample,csv_formatting_threads,-,196120,0,129709388407382,129709388412449,5.067,OK
sample,csv_write_threads,-,196120,0,129709388429809,129709388434582,4.773,OK
sample,monitor_sample_total,-,196120,0,129709386696621,129709388453017,1756.396,OK
lifecycle,finalization,-,196120,0,129709388472914,129709388483387,10.473,OK
lifecycle,monitor_run_pid_once,-,196120,0,129709386175500,129709388523499,2347.999,OK
worker,monitor_execution,APP_196120_38322574,196120,8589934608,129709386165504,129709388547198,2381.694,OK
worker,job_completed,APP_196120_38322574,196120,8589934608,129709388587931,129709388588115,0.184,OK
worker,job_started,APP_196121_38322574,196121,12884901904,129709388627361,129709388627486,0.125,OK
sample,proc_pid_stat,-,196121,0,129709388672261,129709388729610,57.349,OK
lifecycle,perf_counter_attempt,-,196121,0,129709388860307,129709388866431,6.124,UNAVAILABLE
lifecycle,perf_counter_attempt,-,196121,0,129709388895723,129709388898567,2.844,UNAVAILABLE
lifecycle,perf_counter_initialization,-,196121,0,129709388860139,129709388920709,60.570,OK
lifecycle,initialization,-,196121,0,129709388660850,129709388941397,280.547,OK
sample,cache_perf_read,-,-1,0,129709388961213,129709388961379,0.166,UNAVAILABLE
sample,cache_perf_read,-,-1,0,129709388981258,129709388981350,0.092,UNAVAILABLE
sample,proc_pid_stat,-,196119,0,129709386480582,129709386537516,56.934,OK
sample,proc_pid_stat,-,196121,0,129709389122347,129709389187234,64.887,OK
sample,cpu_statistics,-,-1,0,129709389215667,129709389358353,142.686,OK
sample,memory_rss,-,196119,0,129709389388096,129709389482336,94.240,OK
sample,cpu_statistics,-,-1,0,129709389237461,129709389484018,246.557,OK
sample,memory_rss,-,196121,0,129709389627137,129709389764315,137.178,OK
sample,numa_information,-,196119,0,129709389539187,129709390147665,608.478,OK
sample,thread_enumeration,-,196119,0,129709390241658,129709390250443,8.785,OK
sample,thread_enumeration,-,196119,0,129709390305298,129709390305653,0.355,OK
sample,thread_enumeration,-,196119,0,129709390337234,129709390337444,0.210,OK
sample,numa_information,-,196121,0,129709389799459,129709390320663,521.204,OK
sample,thread_enumeration,-,196121,0,129709390419201,129709390426656,7.455,OK
sample,thread_enumeration,-,196121,0,129709390485301,129709390485567,0.266,OK
sample,thread_enumeration,-,196121,0,129709390521294,129709390521437,0.143,OK
sample,per_thread_stat,-,196119,196119,129709390363712,129709390431756,68.044,OK
sample,thread_enumeration,-,196119,0,129709390611253,129709390614873,3.620,END
sample,thread_statistics_total,-,196119,0,129709390220783,129709390647306,426.523,OK
sample,per_thread_stat,-,196121,196121,129709390557441,129709390622385,64.944,OK
sample,thread_enumeration,-,196121,0,129709390734065,129709390737102,3.037,END
sample,thread_statistics_total,-,196121,0,129709390401041,129709390771613,370.572,OK
sample,csv_formatting_process,-,196119,0,129709390688040,129709390700066,12.026,OK
sample,csv_write_process,-,196119,0,129709390843197,129709390852030,8.833,OK
sample,csv_formatting_threads,-,196119,0,129709390890003,129709390895945,5.942,OK
sample,csv_write_threads,-,196119,0,129709390922895,129709390928329,5.434,OK
sample,monitor_sample_total,-,196119,0,129709386431997,129709390952935,4520.938,OK
sample,csv_formatting_process,-,196121,0,129709390805493,129709390816978,11.485,OK
sample,csv_write_process,-,196121,0,129709391061153,129709391069827,8.674,OK
sample,csv_formatting_threads,-,196121,0,129709391098628,129709391104472,5.844,OK
sample,csv_write_threads,-,196121,0,129709391129545,129709391134768,5.223,OK
sample,monitor_sample_total,-,196121,0,129709388960912,129709391159295,2198.383,OK
lifecycle,finalization,-,196119,0,129709390978800,129709390989939,11.139,OK
lifecycle,monitor_run_pid_once,-,196119,0,129709386104005,129709391236994,5132.989,OK
worker,monitor_execution,APP_196119_38322574,196119,4294967312,129709386095108,129709391264550,5169.442,OK
lifecycle,finalization,-,196121,0,129709391186029,129709391196420,10.391,OK
lifecycle,monitor_run_pid_once,-,196121,0,129709388660730,129709391335334,2674.604,OK
worker,monitor_execution,APP_196121_38322574,196121,12884901904,129709388651585,129709391358477,2706.892,OK
worker,job_completed,APP_196121_38322574,196121,12884901904,129709391390922,129709391391075,0.153,OK
worker,job_completed,APP_196119_38322574,196119,4294967312,129709391313327,129709391313514,0.187,OK
worker,job_started,APP_196122_38322575,196122,17179869200,129709391457874,129709391458006,0.132,OK
worker,job_started,APP_196123_38322575,196123,21474836496,129709391512105,129709391512236,0.131,OK
sample,proc_pid_stat,-,196122,0,129709391574355,129709391640954,66.599,OK
sample,proc_pid_stat,-,196123,0,129709391630995,129709391691304,60.309,OK
lifecycle,perf_counter_attempt,-,196122,0,129709391775909,129709391782974,7.065,UNAVAILABLE
lifecycle,perf_counter_attempt,-,196122,0,129709391818937,129709391822256,3.319,UNAVAILABLE
lifecycle,perf_counter_attempt,-,196123,0,129709391838896,129709391844220,5.324,UNAVAILABLE
lifecycle,perf_counter_attempt,-,196123,0,129709391877833,129709391881106,3.273,UNAVAILABLE
lifecycle,perf_counter_initialization,-,196123,0,129709391838729,129709391907932,69.203,OK
lifecycle,initialization,-,196123,0,129709391620381,129709391939992,319.611,OK
sample,cache_perf_read,-,-1,0,129709391967970,129709391968109,0.139,UNAVAILABLE
sample,cache_perf_read,-,-1,0,129709391993957,129709391994053,0.096,UNAVAILABLE
lifecycle,perf_counter_initialization,-,196122,0,129709391775738,129709391848037,72.299,OK
lifecycle,initialization,-,196122,0,129709391561298,129709392110265,548.967,OK
sample,cache_perf_read,-,-1,0,129709392141323,129709392141441,0.118,UNAVAILABLE
sample,cache_perf_read,-,-1,0,129709392189956,129709392190028,0.072,UNAVAILABLE
sample,proc_pid_stat,-,196123,0,129709392052862,129709392114077,61.215,OK
sample,proc_pid_stat,-,196122,0,129709392219801,129709392281573,61.772,OK
sample,cpu_statistics,-,-1,0,129709392302255,129709392501274,199.019,OK
sample,cpu_statistics,-,-1,0,129709392329379,129709392505718,176.339,OK
sample,memory_rss,-,196123,0,129709392542700,129709392681025,138.325,OK
sample,memory_rss,-,196122,0,129709392598088,129709392720823,122.735,OK
sample,numa_information,-,196123,0,129709392717158,129709393276062,558.904,OK
sample,numa_information,-,196122,0,129709392751259,129709393276028,524.769,OK
sample,thread_enumeration,-,196122,0,129709393411723,129709393419335,7.612,OK
sample,thread_enumeration,-,196122,0,129709393453262,129709393453564,0.302,OK
sample,thread_enumeration,-,196122,0,129709393481702,129709393481852,0.150,OK
sample,thread_enumeration,-,196123,0,129709393350348,129709393358407,8.059,OK
sample,thread_enumeration,-,196123,0,129709393549652,129709393549880,0.228,OK
sample,thread_enumeration,-,196123,0,129709393570714,129709393570892,0.178,OK
sample,per_thread_stat,-,196122,196122,129709393507844,129709393571644,63.800,OK
sample,per_thread_stat,-,196123,196123,129709393593943,129709393657392,63.449,OK
sample,thread_enumeration,-,196123,0,129709393690093,129709393692597,2.504,END
sample,thread_statistics_total,-,196123,0,129709393329557,129709393728453,398.896,OK
sample,thread_enumeration,-,196122,0,129709393654598,129709393657861,3.263,END
sample,thread_statistics_total,-,196122,0,129709393391873,129709393806097,414.224,OK
sample,csv_formatting_process,-,196123,0,129709393762939,129709393773915,10.976,OK
sample,csv_write_process,-,196123,0,129709393891956,129709393899577,7.621,OK
sample,csv_formatting_threads,-,196123,0,129709393927279,129709393932395,5.116,OK
sample,csv_write_threads,-,196123,0,129709393957570,129709393962033,4.463,OK
sample,monitor_sample_total,-,196123,0,129709391967678,129709393985532,2017.854,OK
lifecycle,finalization,-,196123,0,129709394041212,129709394051513,10.301,OK
lifecycle,monitor_run_pid_once,-,196123,0,129709391620255,129709394087997,2467.742,OK
worker,monitor_execution,APP_196123_38322575,196123,21474836496,129709391612094,129709394118285,2506.191,OK
sample,csv_formatting_process,-,196122,0,129709393841052,129709393851112,10.060,OK
sample,csv_write_process,-,196122,0,129709394191248,129709394197996,6.748,OK
sample,csv_formatting_threads,-,196122,0,129709394224580,129709394230144,5.564,OK
sample,csv_write_threads,-,196122,0,129709394253390,129709394257904,4.514,OK
sample,monitor_sample_total,-,196122,0,129709392140920,129709394289996,2149.076,OK
worker,job_completed,APP_196123_38322575,196123,21474836496,129709394162311,129709394162567,0.256,OK
lifecycle,finalization,-,196122,0,129709394317909,129709394327867,9.958,OK
lifecycle,monitor_run_pid_once,-,196122,0,129709391561175,129709394409664,2848.489,OK
worker,monitor_execution,APP_196122_38322575,196122,17179869200,129709391550880,129709394425271,2874.391,OK
worker,job_completed,APP_196122_38322575,196122,17179869200,129709394447928,129709394448039,0.111,OK
discovery,application_discovery_scan,-,-1,0,129709404096525,129709435832493,31735.968,OK
discovery,application_discovery_scan,-,-1,0,129709455406557,129709491081632,35675.075,OK
worker,job_submission,APP_196119_38322574,196119,4294967313,129709492695603,129709492720688,25.085,OK
worker,job_submission,APP_196120_38322574,196120,8589934609,129709492799370,129709492867557,68.187,OK
worker,job_submission,APP_196121_38322574,196121,12884901905,129709492924048,129709492929910,5.862,OK
worker,job_submission,APP_196122_38322575,196122,17179869201,129709492958770,129709492963197,4.427,OK
worker,job_submission,APP_196123_38322575,196123,21474836497,129709492988327,129709492992671,4.344,OK
worker,job_started,APP_196119_38322574,196119,4294967313,129709493137494,129709493137659,0.165,OK
worker,job_started,APP_196120_38322574,196120,8589934609,129709493164634,129709493164759,0.125,OK
sample,proc_pid_stat,-,196119,0,129709493238408,129709493322422,84.014,OK
sample,proc_pid_stat,-,196120,0,129709493303785,129709493369193,65.408,OK
lifecycle,perf_counter_attempt,-,196119,0,129709493511963,129709493522390,10.427,UNAVAILABLE
lifecycle,perf_counter_attempt,-,196119,0,129709493566326,129709493570429,4.103,UNAVAILABLE
lifecycle,perf_counter_initialization,-,196119,0,129709493511558,129709493598513,86.955,OK
lifecycle,initialization,-,196119,0,129709493220847,129709493624475,403.628,OK
sample,cache_perf_read,-,-1,0,129709493650326,129709493650517,0.191,UNAVAILABLE
sample,cache_perf_read,-,-1,0,129709493675065,129709493675139,0.074,UNAVAILABLE
lifecycle,perf_counter_attempt,-,196120,0,129709493531788,129709493536425,4.637,UNAVAILABLE
lifecycle,perf_counter_attempt,-,196120,0,129709493770310,129709493776864,6.554,UNAVAILABLE
lifecycle,perf_counter_initialization,-,196120,0,129709493531554,129709493807985,276.431,OK
lifecycle,initialization,-,196120,0,129709493291849,129709493833964,542.115,OK
sample,cache_perf_read,-,-1,0,129709493860580,129709493860710,0.130,UNAVAILABLE
sample,proc_pid_stat,-,196119,0,129709493696431,129709493755727,59.296,OK
sample,cache_perf_read,-,-1,0,129709493882590,129709493882663,0.073,UNAVAILABLE
sample,proc_pid_stat,-,196120,0,129709493987525,129709494074998,87.473,OK
sample,cpu_statistics,-,-1,0,129709493946513,129709494174594,228.081,OK
sample,cpu_statistics,-,-1,0,129709494142011,129709494319780,177.769,OK
sample,memory_rss,-,196119,0,129709494213231,129709494353752,140.521,OK
sample,memory_rss,-,196120,0,129709494373725,129709494501218,127.493,OK
sample,numa_information,-,196119,0,129709494433233,129709495036722,603.489,OK
sample,numa_information,-,196120,0,129709494538904,129709495046541,507.637,OK
sample,thread_enumeration,-,196119,0,129709495120582,129709495130931,10.349,OK
sample,thread_enumeration,-,196119,0,129709495224824,129709495225019,0.195,OK
sample,thread_enumeration,-,196119,0,129709495249740,129709495249965,0.225,OK
sample,thread_enumeration,-,196120,0,129709495179062,129709495186241,7.179,OK
sample,thread_enumeration,-,196120,0,129709495329673,129709495330035,0.362,OK
sample,thread_enumeration,-,196120,0,129709495357561,129709495357722,0.161,OK
sample,per_thread_stat,-,196119,196119,129709495275689,129709495346185,70.496,OK
sample,thread_enumeration,-,196119,0,129709495443164,129709495446414,3.250,END
sample,thread_statistics_total,-,196119,0,129709495099249,129709495483971,384.722,OK
sample,per_thread_stat,-,196120,196120,129709495394081,129709495458373,64.292,OK
sample,thread_enumeration,-,196120,0,129709495570741,129709495573839,3.098,END
sample,csv_formatting_process,-,196119,0,129709495530027,129709495541361,11.334,OK
sample,csv_write_process,-,196119,0,129709495633532,129709495641396,7.864,OK
sample,csv_formatting_threads,-,196119,0,129709495668951,129709495675600,6.649,OK
sample,csv_write_threads,-,196119,0,129709495700380,129709495705601,5.221,OK
sample,monitor_sample_total,-,196119,0,129709493649971,129709495731650,2081.679,OK
sample,thread_statistics_total,-,196120,0,129709495157944,129709495605089,447.145,OK
sample,csv_formatting_process,-,196120,0,129709495813801,129709495824037,10.236,OK
sample,csv_write_process,-,196120,0,129709495852049,129709495859770,7.721,OK
sample,csv_formatting_threads,-,196120,0,129709495892999,129709495897996,4.997,OK
sample,csv_write_threads,-,196120,0,129709495921485,129709495926036,4.551,OK
sample,monitor_sample_total,-,196120,0,129709493860316,129709495950751,2090.435,OK
lifecycle,finalization,-,196120,0,129709495977643,129709495986884,9.241,OK
lifecycle,monitor_run_pid_once,-,196120,0,129709493291713,129709496049713,2758.000,OK
worker,monitor_execution,APP_196120_38322574,196120,8589934609,129709493283491,129709496090374,2806.883,OK
lifecycle,finalization,-,196119,0,129709495757917,129709495768089,10.172,OK
lifecycle,monitor_run_pid_once,-,196119,0,129709493220722,129709496174142,2953.420,OK
worker,monitor_execution,APP_196119_38322574,196119,4294967313,129709493209993,129709496203671,2993.678,OK
worker,job_completed,APP_196120_38322574,196120,8589934609,129709496142036,129709496142171,0.135,OK
worker,job_completed,APP_196119_38322574,196119,4294967313,129709496247394,129709496247525,0.131,OK
worker,job_started,APP_196121_38322574,196121,12884901905,129709496313203,129709496313387,0.184,OK
worker,job_started,APP_196122_38322575,196122,17179869201,129709496357060,129709496357231,0.171,OK
sample,proc_pid_stat,-,196121,0,129709496408649,129709496471191,62.542,OK
sample,proc_pid_stat,-,196122,0,129709496453832,129709496512025,58.193,OK
lifecycle,perf_counter_attempt,-,196121,0,129709496607599,129709496614050,6.451,UNAVAILABLE
lifecycle,perf_counter_attempt,-,196121,0,129709496651344,129709496654951,3.607,UNAVAILABLE
lifecycle,perf_counter_initialization,-,196121,0,129709496607303,129709496682759,75.456,OK
lifecycle,initialization,-,196121,0,129709496396515,129709496713372,316.857,OK
sample,cache_perf_read,-,-1,0,129709496758022,129709496758140,0.118,UNAVAILABLE
sample,cache_perf_read,-,-1,0,129709496791668,129709496791747,0.079,UNAVAILABLE
lifecycle,perf_counter_attempt,-,196122,0,129709496627765,129709496632340,4.575,UNAVAILABLE
lifecycle,perf_counter_attempt,-,196122,0,129709496865237,129709496870304,5.067,UNAVAILABLE
lifecycle,perf_counter_initialization,-,196122,0,129709496627661,129709496896376,268.715,OK
lifecycle,initialization,-,196122,0,129709496443858,129709496924104,480.246,OK
sample,cache_perf_read,-,-1,0,129709496949642,129709496949808,0.166,UNAVAILABLE
sample,cache_perf_read,-,-1,0,129709496976466,129709496976571,0.105,UNAVAILABLE
sample,proc_pid_stat,-,196121,0,129709496820070,129709496880920,60.850,OK
sample,proc_pid_stat,-,196122,0,129709497039687,129709497103931,64.244,OK
sample,cpu_statistics,-,-1,0,129709497121766,129709497316528,194.762,OK
sample,cpu_statistics,-,-1,0,129709497156205,129709497332287,176.082,OK
sample,memory_rss,-,196121,0,129709497359199,129709497496922,137.723,OK
sample,memory_rss,-,196122,0,129709497420941,129709497544762,123.821,OK
sample,numa_information,-,196122,0,129709497577957,129709498122607,544.650,OK
sample,numa_information,-,196121,0,129709497533454,129709498122601,589.147,OK
sample,thread_enumeration,-,196122,0,129709498190554,129709498198593,8.039,OK
sample,thread_enumeration,-,196122,0,129709498281538,129709498281856,0.318,OK
sample,thread_enumeration,-,196122,0,129709498324380,129709498324522,0.142,OK
sample,thread_enumeration,-,196121,0,129709498248304,129709498255622,7.318,OK
sample,thread_enumeration,-,196121,0,129709498395830,129709498396153,0.323,OK
sample,thread_enumeration,-,196121,0,129709498434496,129709498434643,0.147,OK
sample,per_thread_stat,-,196122,196122,129709498356044,129709498420147,64.103,OK
sample,thread_enumeration,-,196122,0,129709498506738,129709498509898,3.160,END
sample,thread_statistics_total,-,196122,0,129709498171617,129709498549108,377.491,OK
sample,per_thread_stat,-,196121,196121,129709498462009,129709498525257,63.248,OK
sample,thread_enumeration,-,196121,0,129709498625543,129709498628649,3.106,END
sample,thread_statistics_total,-,196121,0,129709498229802,129709498666824,437.022,OK
sample,csv_formatting_process,-,196122,0,129709498584460,129709498595636,11.176,OK
sample,csv_write_process,-,196122,0,129709498735565,129709498742987,7.422,OK
sample,csv_formatting_threads,-,196122,0,129709498770502,129709498777175,6.673,OK
sample,csv_write_threads,-,196122,0,129709498799545,129709498804605,5.060,OK
sample,monitor_sample_total,-,196122,0,129709496949336,129709498828745,1879.409,OK
sample,csv_formatting_process,-,196121,0,129709498696073,129709498706581,10.508,OK
sample,csv_write_process,-,196121,0,129709498898011,129709498904208,6.197,OK
sample,csv_formatting_threads,-,196121,0,129709498930007,129709498935120,5.113,OK
sample,csv_write_threads,-,196121,0,129709498964038,129709498968977,4.939,OK
sample,monitor_sample_total,-,196121,0,129709496757752,129709498993173,2235.421,OK
lifecycle,finalization,-,196121,0,129709499042424,129709499051757,9.333,OK
lifecycle,monitor_run_pid_once,-,196121,0,129709496396393,129709499086444,2690.051,OK
worker,monitor_execution,APP_196121_38322574,196121,12884901905,129709496387849,129709499112454,2724.605,OK
lifecycle,finalization,-,196122,0,129709498853455,129709498863354,9.899,OK
lifecycle,monitor_run_pid_once,-,196122,0,129709496443724,129709499200297,2756.573,OK
worker,monitor_execution,APP_196122_38322575,196122,17179869201,129709496435849,129709499238718,2802.869,OK
worker,job_completed,APP_196121_38322574,196121,12884901905,129709499176301,129709499176518,0.217,OK
worker,job_completed,APP_196122_38322575,196122,17179869201,129709499284280,129709499284447,0.167,OK
worker,job_started,APP_196123_38322575,196123,21474836497,129709499329932,129709499330061,0.129,OK
sample,proc_pid_stat,-,196123,0,129709499420749,129709499467443,46.694,OK
lifecycle,perf_counter_attempt,-,196123,0,129709499556508,129709499561977,5.469,UNAVAILABLE
lifecycle,perf_counter_attempt,-,196123,0,129709499582262,129709499584114,1.852,UNAVAILABLE
lifecycle,perf_counter_initialization,-,196123,0,129709499556345,129709499599293,42.948,OK
lifecycle,initialization,-,196123,0,129709499410470,129709499611354,200.884,OK
sample,cache_perf_read,-,-1,0,129709499623613,129709499623726,0.113,UNAVAILABLE
sample,cache_perf_read,-,-1,0,129709499635788,129709499635859,0.071,UNAVAILABLE
sample,proc_pid_stat,-,196123,0,129709499647077,129709499680452,33.375,OK
sample,cpu_statistics,-,-1,0,129709499709832,129709499826857,117.025,OK
sample,memory_rss,-,196123,0,129709499848002,129709499924263,76.261,OK
sample,numa_information,-,196123,0,129709499943076,129709500298724,355.648,OK
sample,thread_enumeration,-,196123,0,129709500346532,129709500351735,5.203,OK
sample,thread_enumeration,-,196123,0,129709500364957,129709500365135,0.178,OK
sample,thread_enumeration,-,196123,0,129709500376601,129709500376735,0.134,OK
sample,per_thread_stat,-,196123,196123,129709500387913,129709500424470,36.557,OK
sample,thread_enumeration,-,196123,0,129709500443506,129709500445293,1.787,END
sample,thread_statistics_total,-,196123,0,129709500333244,129709500459989,126.745,OK
sample,csv_formatting_process,-,196123,0,129709500475776,129709500482381,6.605,OK
sample,csv_write_process,-,196123,0,129709500494480,129709500498671,4.191,OK
sample,csv_formatting_threads,-,196123,0,129709500509564,129709500512265,2.701,OK
sample,csv_write_threads,-,196123,0,129709500522393,129709500524807,2.414,OK
sample,monitor_sample_total,-,196123,0,129709499623306,129709500534525,911.219,OK
lifecycle,finalization,-,196123,0,129709500546931,129709500551921,4.990,OK
lifecycle,monitor_run_pid_once,-,196123,0,129709499410374,129709500563765,1153.391,OK
worker,monitor_execution,APP_196123_38322575,196123,21474836497,129709499403012,129709500575402,1172.390,OK
worker,job_completed,APP_196123_38322575,196123,21474836497,129709500609579,129709500609693,0.114,OK
discovery,application_discovery_scan,-,-1,0,129709511157980,129709551972576,40814.596,OK
discovery,application_discovery_scan,-,-1,0,129709571796183,129709603549731,31753.548,OK
worker,job_submission,APP_196119_38322574,196119,4294967314,129709604775416,129709604790288,14.872,OK
worker,job_submission,APP_196120_38322574,196120,8589934610,129709604852455,129709604864733,12.278,OK
worker,job_submission,APP_196121_38322574,196121,12884901906,129709604891130,129709604894043,2.913,OK
worker,job_submission,APP_196122_38322575,196122,17179869202,129709604908344,129709604953514,45.170,OK
worker,job_submission,APP_196123_38322575,196123,21474836498,129709604974901,129709604977478,2.577,OK
worker,job_started,APP_196119_38322574,196119,4294967314,129709605031930,129709605032019,0.089,OK
worker,job_started,APP_196120_38322574,196120,8589934610,129709605053744,129709605053892,0.148,OK
sample,proc_pid_stat,-,196119,0,129709605105092,129709605173180,68.088,OK
sample,proc_pid_stat,-,196120,0,129709605158812,129709605211096,52.284,OK
lifecycle,perf_counter_attempt,-,196120,0,129709605320169,129709605327694,7.525,UNAVAILABLE
lifecycle,perf_counter_attempt,-,196120,0,129709605362618,129709605366036,3.418,UNAVAILABLE
lifecycle,perf_counter_initialization,-,196120,0,129709605319815,129709605393797,73.982,OK
lifecycle,initialization,-,196120,0,129709605149937,129709605415851,265.914,OK
sample,cache_perf_read,-,-1,0,129709605460693,129709605460820,0.127,UNAVAILABLE
sample,cache_perf_read,-,-1,0,129709605485963,129709605486048,0.085,UNAVAILABLE
lifecycle,perf_counter_attempt,-,196119,0,129709605320161,129709605327689,7.528,UNAVAILABLE
lifecycle,perf_counter_attempt,-,196119,0,129709605577799,129709605584115,6.316,UNAVAILABLE
lifecycle,perf_counter_initialization,-,196119,0,129709605319891,129709605626823,306.932,OK
lifecycle,initialization,-,196119,0,129709605091731,129709605651276,559.545,OK
sample,cache_perf_read,-,-1,0,129709605674258,129709605674349,0.091,UNAVAILABLE
sample,cache_perf_read,-,-1,0,129709605696640,129709605696736,0.096,UNAVAILABLE
sample,proc_pid_stat,-,196120,0,129709605506838,129709605560643,53.805,OK
sample,proc_pid_stat,-,196119,0,129709605724865,129709605781361,56.496,OK
sample,cpu_statistics,-,-1,0,129709605797200,129709605992545,195.345,OK
sample,cpu_statistics,-,-1,0,129709605822480,129709605992552,170.072,OK
sample,memory_rss,-,196120,0,129709606071947,129709606200250,128.303,OK
sample,memory_rss,-,196119,0,129709606131816,129709606245602,113.786,OK
sample,numa_information,-,196120,0,129709606233662,129709606784500,550.838,OK
sample,numa_information,-,196119,0,129709606275353,129709606784486,509.133,OK
sample,thread_enumeration,-,196120,0,129709606841611,129709606850287,8.676,OK
sample,thread_enumeration,-,196120,0,129709606930402,129709606930668,0.266,OK
sample,thread_enumeration,-,196120,0,129709606956451,129709606956594,0.143,OK
sample,thread_enumeration,-,196119,0,129709606902197,129709606909360,7.163,OK
sample,thread_enumeration,-,196119,0,129709607053524,129709607053815,0.291,OK
sample,thread_enumeration,-,196119,0,129709607100135,129709607100401,0.266,OK
sample,per_thread_stat,-,196120,196120,129709606983924,129709607066241,82.317,OK
sample,thread_enumeration,-,196120,0,129709607154756,129709607157812,3.056,END
sample,per_thread_stat,-,196119,196119,129709607120186,129709607179794,59.608,OK
sample,thread_enumeration,-,196119,0,129709607211050,129709607213263,2.213,END
sample,thread_statistics_total,-,196119,0,129709606883993,129709607242821,358.828,OK
sample,thread_statistics_total,-,196120,0,129709606823281,129709607186998,363.717,OK
sample,csv_formatting_process,-,196119,0,129709607272944,129709607283300,10.356,OK
sample,csv_write_process,-,196119,0,129709607352870,129709607359428,6.558,OK
sample,csv_formatting_threads,-,196119,0,129709607382165,129709607386914,4.749,OK
sample,csv_write_threads,-,196119,0,129709607406728,129709607411364,4.636,OK
sample,monitor_sample_total,-,196119,0,129709605673976,129709607432412,1758.436,OK
sample,csv_formatting_process,-,196120,0,129709607314375,129709607324240,9.865,OK
sample,csv_write_process,-,196120,0,129709607502303,129709607508237,5.934,OK
sample,csv_formatting_threads,-,196120,0,129709607533652,129709607538418,4.766,OK
sample,csv_write_threads,-,196120,0,129709607559884,129709607564281,4.397,OK
sample,monitor_sample_total,-,196120,0,129709605460275,129709607586521,2126.246,OK
lifecycle,finalization,-,196120,0,129709607609755,129709607618130,8.375,OK
lifecycle,monitor_run_pid_once,-,196120,0,129709605149814,129709607640519,2490.705,OK
worker,monitor_execution,APP_196120_38322574,196120,8589934610,129709605142968,129709607663007,2520.039,OK
lifecycle,finalization,-,196119,0,129709607455527,129709607464630,9.103,OK
lifecycle,monitor_run_pid_once,-,196119,0,129709605091619,129709607730159,2638.540,OK
worker,monitor_execution,APP_196119_38322574,196119,4294967314,129709605081920,129709607759740,2677.820,OK
worker,job_completed,APP_196120_38322574,196120,8589934610,129709607703173,129709607703357,0.184,OK
worker,job_completed,APP_196119_38322574,196119,4294967314,129709607800582,129709607800765,0.183,OK
worker,job_started,APP_196121_38322574,196121,12884901906,129709607836994,129709607837110,0.116,OK
worker,job_started,APP_196122_38322575,196122,17179869202,129709607877731,129709607877834,0.103,OK
sample,proc_pid_stat,-,196121,0,129709607925018,129709607981926,56.908,OK
sample,proc_pid_stat,-,196122,0,129709607974033,129709608051759,77.726,OK
lifecycle,perf_counter_attempt,-,196121,0,129709608134434,129709608140586,6.152,UNAVAILABLE
lifecycle,perf_counter_attempt,-,196121,0,129709608170624,129709608173985,3.361,UNAVAILABLE
lifecycle,perf_counter_initialization,-,196121,0,129709608134277,129709608191977,57.700,OK
lifecycle,initialization,-,196121,0,129709607914087,129709608224609,310.522,OK
sample,cache_perf_read,-,-1,0,129709608291548,129709608291707,0.159,UNAVAILABLE
sample,cache_perf_read,-,-1,0,129709608336091,129709608336171,0.080,UNAVAILABLE
lifecycle,perf_counter_attempt,-,196122,0,129709608203304,129709608207903,4.599,UNAVAILABLE
lifecycle,perf_counter_attempt,-,196122,0,129709608435054,129709608443288,8.234,UNAVAILABLE
lifecycle,perf_counter_initialization,-,196122,0,129709608203106,129709608494460,291.354,OK
lifecycle,initialization,-,196122,0,129709607964889,129709608523639,558.750,OK
sample,cache_perf_read,-,-1,0,129709608535785,129709608535904,0.119,UNAVAILABLE
sample,cache_perf_read,-,-1,0,129709608546714,129709608546779,0.065,UNAVAILABLE
sample,proc_pid_stat,-,196122,0,129709608556349,129709608621668,65.319,OK
sample,cpu_statistics,-,-1,0,129709608669650,129709608854307,184.657,OK
sample,memory_rss,-,196122,0,129709608885094,129709609027694,142.600,OK
sample,proc_pid_stat,-,196121,0,129709608359661,129709608417353,57.692,OK
sample,cpu_statistics,-,-1,0,129709609316943,129709609440348,123.405,OK
sample,memory_rss,-,196121,0,129709609463431,129709609546321,82.890,OK
sample,numa_information,-,196122,0,129709609068772,129709609584802,516.030,OK
sample,thread_enumeration,-,196122,0,129709609627306,129709609635049,7.743,OK
sample,thread_enumeration,-,196122,0,129709609658447,129709609658712,0.265,OK
sample,thread_enumeration,-,196122,0,129709609677949,129709609678123,0.174,OK
sample,per_thread_stat,-,196122,196122,129709609695619,129709609748440,52.821,OK
sample,thread_enumeration,-,196122,0,129709609774200,129709609776878,2.678,END
sample,thread_statistics_total,-,196122,0,129709609612623,129709609799019,186.396,OK
sample,csv_formatting_process,-,196122,0,129709609821065,129709609831507,10.442,OK
sample,csv_write_process,-,196122,0,129709609859423,129709609866426,7.003,OK
sample,csv_formatting_threads,-,196122,0,129709609887465,129709609892154,4.689,OK
sample,csv_write_threads,-,196122,0,129709609911537,129709609915771,4.234,OK
sample,monitor_sample_total,-,196122,0,129709608535452,129709609937044,1401.592,OK
sample,numa_information,-,196121,0,129709609563620,129709609866989,303.369,OK
lifecycle,finalization,-,196122,0,129709609959247,129709609968628,9.381,OK
lifecycle,monitor_run_pid_once,-,196122,0,129709607964770,129709610085624,2120.854,OK
worker,monitor_execution,APP_196122_38322575,196122,17179869202,129709607957896,129709610108766,2150.870,OK
sample,thread_enumeration,-,196121,0,129709610042522,129709610050586,8.064,OK
sample,thread_enumeration,-,196121,0,129709610171000,129709610171241,0.241,OK
sample,thread_enumeration,-,196121,0,129709610193430,129709610193613,0.183,OK
worker,job_completed,APP_196122_38322575,196122,17179869202,129709610147225,129709610147679,0.454,OK
worker,job_started,APP_196123_38322575,196123,21474836498,129709610308898,129709610309059,0.161,OK
sample,per_thread_stat,-,196121,196121,129709610215103,129709610279095,63.992,OK
sample,thread_enumeration,-,196121,0,129709610386255,129709610389275,3.020,END
sample,proc_pid_stat,-,196123,0,129709610354388,129709610412256,57.868,OK
sample,thread_statistics_total,-,196121,0,129709610023881,129709610426046,402.165,OK
sample,csv_formatting_process,-,196121,0,129709610514537,129709610524564,10.027,OK
sample,csv_write_process,-,196121,0,129709610543167,129709610550491,7.324,OK
sample,csv_formatting_threads,-,196121,0,129709610578272,129709610582667,4.395,OK
sample,csv_write_threads,-,196121,0,129709610610637,129709610615445,4.808,OK
sample,monitor_sample_total,-,196121,0,129709608291164,129709610634290,2343.126,OK
lifecycle,perf_counter_attempt,-,196123,0,129709610556539,129709610562271,5.732,UNAVAILABLE
lifecycle,perf_counter_attempt,-,196123,0,129709610707851,129709610713120,5.269,UNAVAILABLE
lifecycle,perf_counter_initialization,-,196123,0,129709610556301,129709610759494,203.193,OK
lifecycle,initialization,-,196123,0,129709610343012,129709610783151,440.139,OK
sample,cache_perf_read,-,-1,0,129709610804340,129709610804443,0.103,UNAVAILABLE
sample,cache_perf_read,-,-1,0,129709610824556,129709610824643,0.087,UNAVAILABLE
lifecycle,finalization,-,196121,0,129709610656174,129709610666460,10.286,OK
sample,proc_pid_stat,-,196123,0,129709610844248,129709610900692,56.444,OK
lifecycle,monitor_run_pid_once,-,196121,0,129709607913982,129709610902988,2989.006,OK
worker,monitor_execution,APP_196121_38322574,196121,12884901906,129709607906049,129709610983121,3077.072,OK
worker,job_completed,APP_196121_38322574,196121,12884901906,129709611038878,129709611039039,0.161,OK
sample,cpu_statistics,-,-1,0,129709610951682,129709611161422,209.740,OK
sample,memory_rss,-,196123,0,129709611193517,129709611309762,116.245,OK
sample,numa_information,-,196123,0,129709611337963,129709611788449,450.486,OK
sample,thread_enumeration,-,196123,0,129709611831997,129709611839246,7.249,OK
sample,thread_enumeration,-,196123,0,129709611859387,129709611859584,0.197,OK
sample,thread_enumeration,-,196123,0,129709611875226,129709611875366,0.140,OK
sample,per_thread_stat,-,196123,196123,129709611891741,129709611938844,47.103,OK
sample,thread_enumeration,-,196123,0,129709611965292,129709611967663,2.371,END
sample,thread_statistics_total,-,196123,0,129709611816773,129709611988836,172.063,OK
sample,csv_formatting_process,-,196123,0,129709612034299,129709612044625,10.326,OK
sample,csv_write_process,-,196123,0,129709612074476,129709612079690,5.214,OK
sample,csv_formatting_threads,-,196123,0,129709612105981,129709612110589,4.608,OK
sample,csv_write_threads,-,196123,0,129709612127048,129709612130627,3.579,OK
sample,monitor_sample_total,-,196123,0,129709610804068,129709612145023,1340.955,OK
lifecycle,finalization,-,196123,0,129709612161482,129709612169843,8.361,OK
lifecycle,monitor_run_pid_once,-,196123,0,129709610342898,129709612190642,1847.744,OK
worker,monitor_execution,APP_196123_38322575,196123,21474836498,129709610333914,129709612208345,1874.431,OK
worker,job_completed,APP_196123_38322575,196123,21474836498,129709612239668,129709612239775,0.107,OK
discovery,application_discovery_scan,-,-1,0,129709623103587,129709655093637,31990.050,OK
discovery,application_discovery_scan,-,-1,0,129709674617719,129709712624301,38006.582,OK
worker,job_submission,APP_196119_38322574,196119,4294967315,129709714245550,129709714265615,20.065,OK
worker,job_submission,APP_196120_38322574,196120,8589934611,129709714324239,129709714331970,7.731,OK
worker,job_submission,APP_196121_38322574,196121,12884901907,129709714364256,129709714369297,5.041,OK
worker,job_submission,APP_196122_38322575,196122,17179869203,129709714394954,129709714399190,4.236,OK
worker,job_submission,APP_196123_38322575,196123,21474836499,129709714423531,129709714428574,5.043,OK
worker,job_started,APP_196119_38322574,196119,4294967315,129709714499125,129709714499315,0.190,OK
worker,job_started,APP_196120_38322574,196120,8589934611,129709714564392,129709714564531,0.139,OK
sample,proc_pid_stat,-,196119,0,129709714578989,129709714653845,74.856,OK
sample,proc_pid_stat,-,196120,0,129709714623345,129709714679731,56.386,OK
lifecycle,perf_counter_attempt,-,196120,0,129709714805554,129709714812354,6.800,UNAVAILABLE
lifecycle,perf_counter_attempt,-,196120,0,129709714837040,129709714838889,1.849,UNAVAILABLE
lifecycle,perf_counter_initialization,-,196120,0,129709714805238,129709714851276,46.038,OK
lifecycle,initialization,-,196120,0,129709714612144,129709714864280,252.136,OK
lifecycle,perf_counter_attempt,-,196119,0,129709714809807,129709714816345,6.538,UNAVAILABLE
lifecycle,perf_counter_attempt,-,196119,0,129709714915828,129709714920576,4.748,UNAVAILABLE
lifecycle,perf_counter_initialization,-,196119,0,129709714809582,129709714944427,134.845,OK
lifecycle,initialization,-,196119,0,129709714563954,129709714968381,404.427,OK
sample,cache_perf_read,-,-1,0,129709714989529,129709714989665,0.136,UNAVAILABLE
sample,cache_perf_read,-,-1,0,129709715068200,129709715068959,0.759,UNAVAILABLE
sample,cache_perf_read,-,-1,0,129709714875958,129709714876083,0.125,UNAVAILABLE
sample,cache_perf_read,-,-1,0,129709715187191,129709715187347,0.156,UNAVAILABLE
sample,proc_pid_stat,-,196119,0,129709715111345,129709715173368,62.023,OK
sample,proc_pid_stat,-,196120,0,129709715207329,129709715262425,55.096,OK
sample,cpu_statistics,-,-1,0,129709715294139,129709715418038,123.899,OK
sample,cpu_statistics,-,-1,0,129709715273812,129709715422462,148.650,OK
sample,memory_rss,-,196120,0,129709715440980,129709715518895,77.915,OK
sample,memory_rss,-,196119,0,129709715506551,129709715619204,112.653,OK
sample,numa_information,-,196120,0,129709715535127,129709715856626,321.499,OK
sample,thread_enumeration,-,196120,0,129709715889578,129709715896362,6.784,OK
sample,thread_enumeration,-,196120,0,129709715908411,129709715908602,0.191,OK
sample,thread_enumeration,-,196120,0,129709715920286,129709715920439,0.153,OK
sample,per_thread_stat,-,196120,196120,129709715930846,129709715965226,34.380,OK
sample,thread_enumeration,-,196120,0,129709715981016,129709715982869,1.853,END
sample,thread_statistics_total,-,196120,0,129709715877914,129709715996820,118.906,OK
sample,numa_information,-,196119,0,129709715645085,129709716043365,398.280,OK
sample,csv_formatting_process,-,196120,0,129709716065288,129709716074766,9.478,OK
sample,thread_enumeration,-,196119,0,129709716133093,129709716141085,7.992,OK
sample,thread_enumeration,-,196119,0,129709716170391,129709716170641,0.250,OK
sample,thread_enumeration,-,196119,0,129709716202025,129709716202198,0.173,OK
sample,csv_write_process,-,196120,0,129709716144210,129709716149369,5.159,OK
sample,csv_formatting_threads,-,196120,0,129709716242588,129709716245694,3.106,OK
sample,csv_write_threads,-,196120,0,129709716255428,129709716258298,2.870,OK
sample,monitor_sample_total,-,196120,0,129709714875697,129709716268781,1393.084,OK
sample,per_thread_stat,-,196119,196119,129709716223553,129709716280900,57.347,OK
sample,thread_enumeration,-,196119,0,129709716310017,129709716312757,2.740,END
sample,thread_statistics_total,-,196119,0,129709716114333,129709716350402,236.069,OK
lifecycle,finalization,-,196120,0,129709716279910,129709716287704,7.794,OK
lifecycle,monitor_run_pid_once,-,196120,0,129709714612053,129709716398665,1786.612,OK
worker,monitor_execution,APP_196120_38322574,196120,8589934611,129709714605017,129709716411685,1806.668,OK
sample,csv_formatting_process,-,196119,0,129709716379368,129709716388723,9.355,OK
sample,csv_write_process,-,196119,0,129709716449792,129709716455911,6.119,OK
sample,csv_formatting_threads,-,196119,0,129709716474112,129709716478743,4.631,OK
sample,csv_write_threads,-,196119,0,129709716508871,129709716513046,4.175,OK
sample,monitor_sample_total,-,196119,0,129709714989254,129709716532618,1543.364,OK
worker,job_completed,APP_196120_38322574,196120,8589934611,129709716434747,129709716434848,0.101,OK
worker,job_started,APP_196121_38322574,196121,12884901907,129709716589458,129709716589546,0.088,OK
lifecycle,finalization,-,196119,0,129709716554463,129709716563744,9.281,OK
lifecycle,monitor_run_pid_once,-,196119,0,129709714563829,129709716657316,2093.487,OK
worker,monitor_execution,APP_196119_38322574,196119,4294967315,129709714554225,129709716684989,2130.764,OK
sample,proc_pid_stat,-,196121,0,129709716626274,129709716667659,41.385,OK
worker,job_completed,APP_196119_38322574,196119,4294967315,129709716737930,129709716738131,0.201,OK
worker,job_started,APP_196122_38322575,196122,17179869203,129709716818583,129709716818660,0.077,OK
lifecycle,perf_counter_attempt,-,196121,0,129709716825930,129709716831805,5.875,UNAVAILABLE
lifecycle,perf_counter_attempt,-,196121,0,129709716908473,129709716913624,5.151,UNAVAILABLE
lifecycle,perf_counter_initialization,-,196121,0,129709716825783,129709716934238,108.455,OK
lifecycle,initialization,-,196121,0,129709716617339,129709716956241,338.902,OK
sample,cache_perf_read,-,-1,0,129709716967540,129709716967616,0.076,UNAVAILABLE
sample,cache_perf_read,-,-1,0,129709716984290,129709716984357,0.067,UNAVAILABLE
sample,proc_pid_stat,-,196122,0,129709716882283,129709716940158,57.875,OK
sample,proc_pid_stat,-,196121,0,129709717042493,129709717088302,45.809,OK
lifecycle,perf_counter_attempt,-,196122,0,129709717209077,129709717214740,5.663,UNAVAILABLE
lifecycle,perf_counter_attempt,-,196122,0,129709717239654,129709717242220,2.566,UNAVAILABLE
lifecycle,perf_counter_initialization,-,196122,0,129709717208871,129709717259976,51.105,OK
lifecycle,initialization,-,196122,0,129709716870984,129709717280472,409.488,OK
sample,cache_perf_read,-,-1,0,129709717302264,129709717302410,0.146,UNAVAILABLE
sample,cache_perf_read,-,-1,0,129709717322653,129709717322734,0.081,UNAVAILABLE
sample,cpu_statistics,-,-1,0,129709717161637,129709717272108,110.471,OK
sample,proc_pid_stat,-,196122,0,129709717342839,129709717396736,53.897,OK
sample,memory_rss,-,196121,0,129709717389803,129709717468585,78.782,OK
sample,cpu_statistics,-,-1,0,129709717445037,129709717604989,159.952,OK
sample,memory_rss,-,196122,0,129709717633138,129709717742625,109.487,OK
sample,numa_information,-,196121,0,129709717488605,129709717762463,273.858,OK
sample,thread_enumeration,-,196121,0,129709717827121,129709717832658,5.537,OK
sample,thread_enumeration,-,196121,0,129709717846961,129709717847095,0.134,OK
sample,thread_enumeration,-,196121,0,129709717858625,129709717858750,0.125,OK
sample,per_thread_stat,-,196121,196121,129709717869186,129709717903193,34.007,OK
sample,thread_enumeration,-,196121,0,129709717920994,129709717922676,1.682,END
sample,thread_statistics_total,-,196121,0,129709717815377,129709717937490,122.113,OK
sample,csv_formatting_process,-,196121,0,129709717951583,129709717957874,6.291,OK
sample,csv_write_process,-,196121,0,129709717967651,129709717971740,4.089,OK
sample,csv_formatting_threads,-,196121,0,129709717980459,129709717982937,2.478,OK
sample,csv_write_threads,-,196121,0,129709717992825,129709717995321,2.496,OK
sample,monitor_sample_total,-,196121,0,129709716967294,129709718030259,1062.965,OK
lifecycle,finalization,-,196121,0,129709718050755,129709718057045,6.290,OK
lifecycle,monitor_run_pid_once,-,196121,0,129709716617248,129709718066458,1449.210,OK
worker,monitor_execution,APP_196121_38322574,196121,12884901907,129709716610090,129709718078089,1467.999,OK
worker,job_completed,APP_196121_38322574,196121,12884901907,129709718098009,129709718098094,0.085,OK
worker,job_started,APP_196123_38322575,196123,21474836499,129709718117053,129709718117118,0.065,OK
sample,proc_pid_stat,-,196123,0,129709718139826,129709718175237,35.411,OK
lifecycle,perf_counter_attempt,-,196123,0,129709718250229,129709718254776,4.547,UNAVAILABLE
lifecycle,perf_counter_attempt,-,196123,0,129709718277969,129709718279320,1.351,UNAVAILABLE
lifecycle,perf_counter_initialization,-,196123,0,129709718250114,129709718290144,40.030,OK
lifecycle,initialization,-,196123,0,129709718131942,129709718302271,170.329,OK
sample,numa_information,-,196122,0,129709717771908,129709718264894,492.986,OK
sample,cache_perf_read,-,-1,0,129709718312981,129709718313070,0.089,UNAVAILABLE
sample,thread_enumeration,-,196122,0,129709718366467,129709718373751,7.284,OK
sample,thread_enumeration,-,196122,0,129709718398423,129709718398649,0.226,OK
sample,thread_enumeration,-,196122,0,129709718434966,129709718435200,0.234,OK
sample,cache_perf_read,-,-1,0,129709718374070,129709718374135,0.065,UNAVAILABLE
sample,per_thread_stat,-,196122,196122,129709718471379,129709718527774,56.395,OK
sample,thread_enumeration,-,196122,0,129709718558986,129709718562228,3.242,END
sample,thread_statistics_total,-,196122,0,129709718348137,129709718590480,242.343,OK
sample,proc_pid_stat,-,196123,0,129709718516750,129709718564732,47.982,OK
sample,csv_formatting_process,-,196122,0,129709718617077,129709718626693,9.616,OK
sample,csv_write_process,-,196122,0,129709718709271,129709718715293,6.022,OK
sample,csv_formatting_threads,-,196122,0,129709718734351,129709718738976,4.625,OK
sample,csv_write_threads,-,196122,0,129709718755072,129709718759205,4.133,OK
sample,cpu_statistics,-,-1,0,129709718665358,129709718774146,108.788,OK
sample,monitor_sample_total,-,196122,0,129709717301964,129709718774527,1472.563,OK
lifecycle,finalization,-,196122,0,129709718878517,129709718887887,9.370,OK
lifecycle,monitor_run_pid_once,-,196122,0,129709716870859,129709718921090,2050.231,OK
worker,monitor_execution,APP_196122_38322575,196122,17179869203,129709716863111,129709718945467,2082.356,OK
sample,memory_rss,-,196123,0,129709718820515,129709718895487,74.972,OK
worker,job_completed,APP_196122_38322575,196122,17179869203,129709718997371,129709718997550,0.179,OK
sample,numa_information,-,196123,0,129709718998698,129709719304132,305.434,OK
sample,thread_enumeration,-,196123,0,129709719341489,129709719346511,5.022,OK
sample,thread_enumeration,-,196123,0,129709719359219,129709719359432,0.213,OK
sample,thread_enumeration,-,196123,0,129709719369224,129709719369404,0.180,OK
sample,per_thread_stat,-,196123,196123,129709719381173,129709719414407,33.234,OK
sample,thread_enumeration,-,196123,0,129709719431157,129709719432852,1.695,END
sample,thread_statistics_total,-,196123,0,129709719330088,129709719446774,116.686,OK
sample,csv_formatting_process,-,196123,0,129709719460713,129709719466792,6.079,OK
sample,csv_write_process,-,196123,0,129709719475953,129709719480702,4.749,OK
sample,csv_formatting_threads,-,196123,0,129709719491215,129709719493613,2.398,OK
sample,csv_write_threads,-,196123,0,129709719502593,129709719505038,2.445,OK
sample,monitor_sample_total,-,196123,0,129709718312753,129709719513555,1200.802,OK
lifecycle,finalization,-,196123,0,129709719523305,129709719528483,5.178,OK
lifecycle,monitor_run_pid_once,-,196123,0,129709718131853,129709719537619,1405.766,OK
worker,monitor_execution,APP_196123_38322575,196123,21474836499,129709718127045,129709719548566,1421.521,OK
worker,job_completed,APP_196123_38322575,196123,21474836499,129709719568327,129709719568421,0.094,OK
discovery,application_discovery_scan,-,-1,0,129709732593619,129709764504147,31910.528,OK
discovery,application_discovery_scan,-,-1,0,129709783956038,129709812947076,28991.038,OK
worker,job_submission,APP_196119_38322574,196119,4294967316,129709814628727,129709814648097,19.370,OK
worker,job_submission,APP_196120_38322574,196120,8589934612,129709814734483,129709814746384,11.901,OK
worker,job_submission,APP_196121_38322574,196121,12884901908,129709814782177,129709814787351,5.174,OK
worker,job_submission,APP_196122_38322575,196122,17179869204,129709814813246,129709814817720,4.474,OK
worker,job_submission,APP_196123_38322575,196123,21474836500,129709814839878,129709814844220,4.342,OK
worker,job_started,APP_196119_38322574,196119,4294967316,129709814898579,129709814898793,0.214,OK
worker,job_started,APP_196120_38322574,196120,8589934612,129709814927299,129709814927458,0.159,OK
sample,proc_pid_stat,-,196119,0,129709814990966,129709815105790,114.824,OK
sample,proc_pid_stat,-,196120,0,129709815077134,129709815143119,65.985,OK
lifecycle,perf_counter_attempt,-,196119,0,129709815275790,129709815284266,8.476,UNAVAILABLE
lifecycle,perf_counter_attempt,-,196119,0,129709815315376,129709815318226,2.850,UNAVAILABLE
lifecycle,perf_counter_initialization,-,196119,0,129709815275476,129709815352956,77.480,OK
lifecycle,initialization,-,196119,0,129709814972738,129709815373188,400.450,OK
sample,cache_perf_read,-,-1,0,129709815395047,129709815395252,0.205,UNAVAILABLE
sample,cache_perf_read,-,-1,0,129709815417365,129709815417459,0.094,UNAVAILABLE
lifecycle,perf_counter_attempt,-,196120,0,129709815327793,129709815334224,6.431,UNAVAILABLE
lifecycle,perf_counter_attempt,-,196120,0,129709815483857,129709815487892,4.035,UNAVAILABLE
lifecycle,perf_counter_initialization,-,196120,0,129709815327584,129709815514265,186.681,OK
lifecycle,initialization,-,196120,0,129709815062975,129709815536214,473.239,OK
sample,cache_perf_read,-,-1,0,129709815554653,129709815554833,0.180,UNAVAILABLE
sample,cache_perf_read,-,-1,0,129709815573088,129709815573174,0.086,UNAVAILABLE
sample,proc_pid_stat,-,196119,0,129709815438599,129709815493621,55.022,OK
sample,proc_pid_stat,-,196120,0,129709815592238,129709815651372,59.134,OK
sample,cpu_statistics,-,-1,0,129709815742928,129709815873427,130.499,OK
sample,cpu_statistics,-,-1,0,129709815698371,129709815897045,198.674,OK
sample,memory_rss,-,196120,0,129709815925655,129709816060389,134.734,OK
sample,memory_rss,-,196119,0,129709815971956,129709816124699,152.743,OK
sample,numa_information,-,196120,0,129709816100620,129709816469659,369.039,OK
sample,thread_enumeration,-,196120,0,129709816514262,129709816523358,9.096,OK
sample,thread_enumeration,-,196120,0,129709816546105,129709816546296,0.191,OK
sample,thread_enumeration,-,196120,0,129709816564016,129709816564191,0.175,OK
sample,per_thread_stat,-,196120,196120,129709816584028,129709816636262,52.234,OK
sample,numa_information,-,196119,0,129709816165638,129709816662354,496.716,OK
sample,thread_enumeration,-,196120,0,129709816660252,129709816662980,2.728,END
sample,thread_statistics_total,-,196120,0,129709816498244,129709816765613,267.369,OK
sample,thread_enumeration,-,196119,0,129709816718178,129709816725938,7.760,OK
sample,thread_enumeration,-,196119,0,129709816853882,129709816854161,0.279,OK
sample,thread_enumeration,-,196119,0,129709816878890,129709816879025,0.135,OK
sample,csv_formatting_process,-,196120,0,129709816808091,129709816819013,10.922,OK
sample,csv_write_process,-,196120,0,129709816953867,129709816962440,8.573,OK
sample,csv_formatting_threads,-,196120,0,129709816990354,129709816995596,5.242,OK
sample,csv_write_threads,-,196120,0,129709817060413,129709817066155,5.742,OK
sample,monitor_sample_total,-,196120,0,129709815554349,129709817097288,1542.939,OK
lifecycle,finalization,-,196120,0,129709817129185,129709817140090,10.905,OK
lifecycle,monitor_run_pid_once,-,196120,0,129709815062852,129709817188428,2125.576,OK
worker,monitor_execution,APP_196120_38322574,196120,8589934612,129709815053735,129709817219276,2165.541,OK
sample,per_thread_stat,-,196119,196119,129709816900712,129709816965126,64.414,OK
sample,thread_enumeration,-,196119,0,129709817299438,129709817303154,3.716,END
sample,thread_statistics_total,-,196119,0,129709816700002,129709817346745,646.743,OK
worker,job_completed,APP_196120_38322574,196120,8589934612,129709817259926,129709817260136,0.210,OK
sample,csv_formatting_process,-,196119,0,129709817375615,129709817386555,10.940,OK
sample,csv_write_process,-,196119,0,129709817462491,129709817468703,6.212,OK
sample,csv_formatting_threads,-,196119,0,129709817482259,129709817485697,3.438,OK
worker,job_started,APP_196121_38322574,196121,12884901908,129709817436163,129709817436279,0.116,OK
sample,csv_write_threads,-,196119,0,129709817495489,129709817498545,3.056,OK
sample,monitor_sample_total,-,196119,0,129709815394730,129709817555273,2160.543,OK
lifecycle,finalization,-,196119,0,129709817569987,129709817578842,8.855,OK
lifecycle,monitor_run_pid_once,-,196119,0,129709814972613,129709817589324,2616.711,OK
worker,monitor_execution,APP_196119_38322574,196119,4294967316,129709814961557,129709817599403,2637.846,OK
sample,proc_pid_stat,-,196121,0,129709817550203,129709817612237,62.034,OK
worker,job_completed,APP_196119_38322574,196119,4294967316,129709817620398,129709817620481,0.083,OK
worker,job_started,APP_196122_38322575,196122,17179869204,129709817687664,129709817687770,0.106,OK
lifecycle,perf_counter_attempt,-,196121,0,129709817741101,129709817747452,6.351,UNAVAILABLE
lifecycle,perf_counter_attempt,-,196121,0,129709817778212,129709817781754,3.542,UNAVAILABLE
lifecycle,perf_counter_initialization,-,196121,0,129709817740897,129709817806240,65.343,OK
lifecycle,initialization,-,196121,0,129709817538521,129709817829440,290.919,OK
sample,cache_perf_read,-,-1,0,129709817852739,129709817852851,0.112,UNAVAILABLE
sample,cache_perf_read,-,-1,0,129709817876125,129709817876206,0.081,UNAVAILABLE
sample,proc_pid_stat,-,196122,0,129709817716367,129709817762233,45.866,OK
sample,proc_pid_stat,-,196121,0,129709817907393,129709817960785,53.392,OK
lifecycle,perf_counter_attempt,-,196122,0,129709818033249,129709818039059,5.810,UNAVAILABLE
lifecycle,perf_counter_attempt,-,196122,0,129709818080987,129709818084318,3.331,UNAVAILABLE
lifecycle,perf_counter_initialization,-,196122,0,129709818033136,129709818103532,70.396,OK
lifecycle,initialization,-,196122,0,129709817706524,129709818156038,449.514,OK
sample,cache_perf_read,-,-1,0,129709818176939,129709818177102,0.163,UNAVAILABLE
sample,cache_perf_read,-,-1,0,129709818194568,129709818194651,0.083,UNAVAILABLE
sample,cpu_statistics,-,-1,0,129709818034041,129709818230903,196.862,OK
sample,proc_pid_stat,-,196122,0,129709818210818,129709818257361,46.543,OK
sample,memory_rss,-,196121,0,129709818280557,129709818387168,106.611,OK
sample,cpu_statistics,-,-1,0,129709818341591,129709818458828,117.237,OK
sample,memory_rss,-,196122,0,129709818479540,129709818554904,75.364,OK
sample,numa_information,-,196121,0,129709818417028,129709818792774,375.746,OK
sample,thread_enumeration,-,196121,0,129709818840928,129709818848191,7.263,OK
sample,thread_enumeration,-,196121,0,129709818873069,129709818873260,0.191,OK
sample,thread_enumeration,-,196121,0,129709818891285,129709818891431,0.146,OK
sample,numa_information,-,196122,0,129709818573692,129709818891316,317.624,OK
sample,per_thread_stat,-,196121,196121,129709818915669,129709818972139,56.470,OK
sample,thread_enumeration,-,196121,0,129709819025621,129709819028650,3.029,END
sample,thread_statistics_total,-,196121,0,129709818824065,129709819071156,247.091,OK
sample,thread_enumeration,-,196122,0,129709818969183,129709818975235,6.052,OK
sample,thread_enumeration,-,196122,0,129709819128333,129709819128583,0.250,OK
sample,thread_enumeration,-,196122,0,129709819141162,129709819141304,0.142,OK
sample,csv_formatting_process,-,196121,0,129709819101273,129709819111769,10.496,OK
sample,csv_write_process,-,196121,0,129709819208928,129709819215757,6.829,OK
sample,csv_formatting_threads,-,196121,0,129709819242151,129709819247118,4.967,OK
sample,csv_write_threads,-,196121,0,129709819267971,129709819272737,4.766,OK
sample,monitor_sample_total,-,196121,0,129709817852448,129709819295425,1442.977,OK
sample,per_thread_stat,-,196122,196122,129709819154690,129709819197945,43.255,OK
sample,thread_enumeration,-,196122,0,129709819366211,129709819368368,2.157,END
sample,thread_statistics_total,-,196122,0,129709818955308,129709819392721,437.413,OK
lifecycle,finalization,-,196121,0,129709819328044,129709819337320,9.276,OK
lifecycle,monitor_run_pid_once,-,196121,0,129709817538405,129709819453282,1914.877,OK
worker,monitor_execution,APP_196121_38322574,196121,12884901908,129709817528900,129709819479891,1950.991,OK
sample,csv_formatting_process,-,196122,0,129709819411008,129709819417591,6.583,OK
sample,csv_write_process,-,196122,0,129709819531631,129709819536671,5.040,OK
sample,csv_formatting_threads,-,196122,0,129709819546669,129709819549554,2.885,OK
worker,job_completed,APP_196121_38322574,196121,12884901908,129709819526692,129709819526826,0.134,OK
sample,csv_write_threads,-,196122,0,129709819561049,129709819563714,2.665,OK
sample,monitor_sample_total,-,196122,0,129709818176679,129709819614900,1438.221,OK
worker,job_started,APP_196123_38322575,196123,21474836500,129709819602533,129709819602639,0.106,OK
lifecycle,finalization,-,196122,0,129709819628413,129709819634791,6.378,OK
lifecycle,monitor_run_pid_once,-,196122,0,129709817706439,129709819681496,1975.057,OK
worker,monitor_execution,APP_196122_38322575,196122,17179869204,129709817698981,129709819693662,1994.681,OK
worker,job_completed,APP_196122_38322575,196122,17179869204,129709819714356,129709819714430,0.074,OK
sample,proc_pid_stat,-,196123,0,129709819675773,129709819735383,59.610,OK
lifecycle,perf_counter_attempt,-,196123,0,129709819852017,129709819857699,5.682,UNAVAILABLE
lifecycle,perf_counter_attempt,-,196123,0,129709819889549,129709819892949,3.400,UNAVAILABLE
lifecycle,perf_counter_initialization,-,196123,0,129709819851838,129709819914983,63.145,OK
lifecycle,initialization,-,196123,0,129709819664516,129709819934276,269.760,OK
sample,cache_perf_read,-,-1,0,129709819956854,129709819956975,0.121,UNAVAILABLE
sample,cache_perf_read,-,-1,0,129709819974953,129709819975042,0.089,UNAVAILABLE
sample,proc_pid_stat,-,196123,0,129709819992408,129709820073681,81.273,OK
sample,cpu_statistics,-,-1,0,129709820128420,129709820262408,133.988,OK
sample,memory_rss,-,196123,0,129709820312435,129709820413824,101.389,OK
sample,numa_information,-,196123,0,129709820442916,129709820760479,317.563,OK
sample,thread_enumeration,-,196123,0,129709820805052,129709820812688,7.636,OK
sample,thread_enumeration,-,196123,0,129709820837394,129709820837593,0.199,OK
sample,thread_enumeration,-,196123,0,129709820863228,129709820863363,0.135,OK
sample,per_thread_stat,-,196123,196123,129709820880934,129709820933180,52.246,OK
sample,thread_enumeration,-,196123,0,129709820977705,129709820980941,3.236,END
sample,thread_statistics_total,-,196123,0,129709820789216,129709821024285,235.069,OK
sample,csv_formatting_process,-,196123,0,129709821082408,129709821093395,10.987,OK
sample,csv_write_process,-,196123,0,129709821117201,129709821122842,5.641,OK
sample,csv_formatting_threads,-,196123,0,129709821139455,129709821143756,4.301,OK
sample,csv_write_threads,-,196123,0,129709821159584,129709821163340,3.756,OK
sample,monitor_sample_total,-,196123,0,129709819956479,129709821179090,1222.611,OK
lifecycle,finalization,-,196123,0,129709821196766,129709821205663,8.897,OK
lifecycle,monitor_run_pid_once,-,196123,0,129709819664396,129709821221685,1557.289,OK
worker,monitor_execution,APP_196123_38322575,196123,21474836500,129709819656190,129709821239221,1583.031,OK
worker,job_completed,APP_196123_38322575,196123,21474836500,129709821271510,129709821271765,0.255,OK
discovery,application_discovery_scan,-,-1,0,129709832988419,129709865022087,32033.668,OK
discovery,application_discovery_scan,-,-1,0,129709884420755,129709916300891,31880.136,OK
worker,job_submission,APP_196119_38322574,196119,4294967317,129709917955672,129709917977130,21.458,OK
worker,job_submission,APP_196120_38322574,196120,8589934613,129709918067688,129709918077376,9.688,OK
worker,job_submission,APP_196121_38322574,196121,12884901909,129709918115514,129709918164602,49.088,OK
worker,job_submission,APP_196122_38322575,196122,17179869205,129709918204718,129709918209094,4.376,OK
worker,job_submission,APP_196123_38322575,196123,21474836501,129709918237211,129709918241556,4.345,OK
worker,job_started,APP_196119_38322574,196119,4294967317,129709918295565,129709918295714,0.149,OK
worker,job_started,APP_196120_38322574,196120,8589934613,129709918317440,129709918317631,0.191,OK
sample,proc_pid_stat,-,196119,0,129709918368538,129709918429587,61.049,OK
sample,proc_pid_stat,-,196120,0,129709918442749,129709918517567,74.818,OK
lifecycle,perf_counter_attempt,-,196119,0,129709918534509,129709918540961,6.452,UNAVAILABLE
lifecycle,perf_counter_attempt,-,196119,0,129709918624842,129709918629593,4.751,UNAVAILABLE
lifecycle,perf_counter_initialization,-,196119,0,129709918534234,129709918647390,113.156,OK
lifecycle,initialization,-,196119,0,129709918355466,129709918665161,309.695,OK
sample,cache_perf_read,-,-1,0,129709918685977,129709918686160,0.183,UNAVAILABLE
lifecycle,perf_counter_attempt,-,196120,0,129709918661868,129709918668234,6.366,UNAVAILABLE
lifecycle,perf_counter_attempt,-,196120,0,129709918736056,129709918739336,3.280,UNAVAILABLE
lifecycle,perf_counter_initialization,-,196120,0,129709918661615,129709918774470,112.855,OK
lifecycle,initialization,-,196120,0,129709918428597,129709918797831,369.234,OK
sample,cache_perf_read,-,-1,0,129709918822332,129709918822493,0.161,UNAVAILABLE
sample,cache_perf_read,-,-1,0,129709918863044,129709918863121,0.077,UNAVAILABLE
sample,cache_perf_read,-,-1,0,129709918704564,129709918704628,0.064,UNAVAILABLE
sample,proc_pid_stat,-,196120,0,129709918886441,129709918943111,56.670,OK
sample,proc_pid_stat,-,196119,0,129709918948650,129709919043049,94.399,OK
sample,cpu_statistics,-,-1,0,129709918999512,129709919215068,215.556,OK
sample,cpu_statistics,-,-1,0,129709919108767,129709919248553,139.786,OK
sample,memory_rss,-,196120,0,129709919268872,129709919398148,129.276,OK
sample,memory_rss,-,196119,0,129709919321481,129709919441076,119.595,OK
sample,numa_information,-,196119,0,129709919469603,129709919805110,335.507,OK
sample,thread_enumeration,-,196119,0,129709919849689,129709919858037,8.348,OK
sample,thread_enumeration,-,196119,0,129709919901594,129709919901981,0.387,OK
sample,thread_enumeration,-,196119,0,129709919920969,129709919921149,0.180,OK
sample,numa_information,-,196120,0,129709919427710,129709919947480,519.770,OK
sample,per_thread_stat,-,196119,196119,129709919940310,129709919997177,56.867,OK
sample,thread_enumeration,-,196119,0,129709920086706,129709920089910,3.204,END
sample,thread_statistics_total,-,196119,0,129709919832120,129709920136034,303.914,OK
sample,csv_formatting_process,-,196119,0,129709920177758,129709920188996,11.238,OK
sample,csv_write_process,-,196119,0,129709920217938,129709920224615,6.677,OK
sample,csv_formatting_threads,-,196119,0,129709920254472,129709920259597,5.125,OK
sample,csv_write_threads,-,196119,0,129709920285106,129709920289781,4.675,OK
sample,monitor_sample_total,-,196119,0,129709918685705,129709920311156,1625.451,OK
sample,thread_enumeration,-,196120,0,129709920020302,129709920028486,8.184,OK
sample,thread_enumeration,-,196120,0,129709920388256,129709920388561,0.305,OK
sample,thread_enumeration,-,196120,0,129709920408297,129709920408410,0.113,OK
lifecycle,finalization,-,196119,0,129709920333064,129709920342164,9.100,OK
lifecycle,monitor_run_pid_once,-,196119,0,129709918355384,129709920449382,2093.998,OK
worker,monitor_execution,APP_196119_38322574,196119,4294967317,129709918347038,129709920470225,2123.187,OK
sample,per_thread_stat,-,196120,196120,129709920421009,129709920478269,57.260,OK
sample,thread_enumeration,-,196120,0,129709920528746,129709920531496,2.750,END
worker,job_completed,APP_196119_38322574,196119,4294967317,129709920509846,129709920510038,0.192,OK
sample,thread_statistics_total,-,196120,0,129709919986143,129709920548746,562.603,OK
sample,csv_formatting_process,-,196120,0,129709920615006,129709920621980,6.974,OK
sample,csv_write_process,-,196120,0,129709920635715,129709920641321,5.606,OK
sample,csv_formatting_threads,-,196120,0,129709920653405,129709920656163,2.758,OK
sample,csv_write_threads,-,196120,0,129709920672797,129709920675342,2.545,OK
sample,monitor_sample_total,-,196120,0,129709918822052,129709920687680,1865.628,OK
worker,job_started,APP_196121_38322574,196121,12884901909,129709920589605,129709920589738,0.133,OK
lifecycle,finalization,-,196120,0,129709920700194,129709920706922,6.728,OK
lifecycle,monitor_run_pid_once,-,196120,0,129709918428489,129709920748797,2320.308,OK
worker,monitor_execution,APP_196120_38322574,196120,8589934613,129709918419839,129709920760371,2340.532,OK
worker,job_completed,APP_196120_38322574,196120,8589934613,129709920780813,129709920780898,0.085,OK
worker,job_started,APP_196122_38322575,196122,17179869205,129709920801749,129709920801831,0.082,OK
sample,proc_pid_stat,-,196121,0,129709920746506,129709920805104,58.598,OK
sample,proc_pid_stat,-,196122,0,129709920829932,129709920869475,39.543,OK
lifecycle,perf_counter_attempt,-,196122,0,129709920953892,129709920959249,5.357,UNAVAILABLE
lifecycle,perf_counter_attempt,-,196122,0,129709920980878,129709920982553,1.675,UNAVAILABLE
lifecycle,perf_counter_initialization,-,196122,0,129709920953699,129709920996225,42.526,OK
lifecycle,initialization,-,196122,0,129709920821053,129709921042939,221.886,OK
sample,cache_perf_read,-,-1,0,129709921070134,129709921070261,0.127,UNAVAILABLE
sample,cache_perf_read,-,-1,0,129709921084407,129709921084517,0.110,UNAVAILABLE
lifecycle,perf_counter_attempt,-,196121,0,129709920956112,129709920961953,5.841,UNAVAILABLE
lifecycle,perf_counter_attempt,-,196121,0,129709921129010,129709921132578,3.568,UNAVAILABLE
lifecycle,perf_counter_initialization,-,196121,0,129709920955901,129709921148639,192.738,OK
lifecycle,initialization,-,196121,0,129709920735303,129709921161181,425.878,OK
sample,cache_perf_read,-,-1,0,129709921174215,129709921174320,0.105,UNAVAILABLE
sample,cache_perf_read,-,-1,0,129709921190094,129709921190161,0.067,UNAVAILABLE
sample,proc_pid_stat,-,196122,0,129709921097422,129709921138474,41.052,OK
sample,proc_pid_stat,-,196121,0,129709921202475,129709921245684,43.209,OK
sample,cpu_statistics,-,-1,0,129709921240869,129709921357186,116.317,OK
sample,cpu_statistics,-,-1,0,129709921280014,129709921399141,119.127,OK
sample,memory_rss,-,196122,0,129709921395771,129709921475285,79.514,OK
sample,memory_rss,-,196121,0,129709921417631,129709921491812,74.181,OK
sample,numa_information,-,196122,0,129709921504382,129709921786617,282.235,OK
sample,numa_information,-,196121,0,129709921532529,129709921806965,274.436,OK
sample,thread_enumeration,-,196122,0,129709921819103,129709921824863,5.760,OK
sample,thread_enumeration,-,196122,0,129709921841405,129709921841556,0.151,OK
sample,thread_enumeration,-,196122,0,129709921854123,129709921854251,0.128,OK
sample,thread_enumeration,-,196121,0,129709921839557,129709921844934,5.377,OK
sample,thread_enumeration,-,196121,0,129709921881796,129709921881928,0.132,OK
sample,thread_enumeration,-,196121,0,129709921893369,129709921893492,0.123,OK
sample,per_thread_stat,-,196122,196122,129709921865720,129709921899923,34.203,OK
sample,thread_enumeration,-,196122,0,129709921950470,129709921952785,2.315,END
sample,thread_statistics_total,-,196122,0,129709921807769,129709921971285,163.516,OK
sample,csv_formatting_process,-,196122,0,129709921987835,129709921994077,6.242,OK
sample,csv_write_process,-,196122,0,129709922044868,129709922050501,5.633,OK
sample,csv_formatting_threads,-,196122,0,129709922076741,129709922079969,3.228,OK
sample,csv_write_threads,-,196122,0,129709922092389,129709922094835,2.446,OK
sample,monitor_sample_total,-,196122,0,129709921069764,129709922106862,1037.098,OK
sample,per_thread_stat,-,196121,196121,129709921917200,129709921954148,36.948,OK
sample,thread_enumeration,-,196121,0,129709922170927,129709922173751,2.824,END
sample,thread_statistics_total,-,196121,0,129709921828758,129709922193143,364.385,OK
lifecycle,finalization,-,196122,0,129709922120628,129709922127358,6.730,OK
lifecycle,monitor_run_pid_once,-,196122,0,129709920820966,129709922228296,1407.330,OK
worker,monitor_execution,APP_196122_38322575,196122,17179869205,129709920814405,129709922243474,1429.069,OK
sample,csv_formatting_process,-,196121,0,129709922210455,129709922216917,6.462,OK
worker,job_completed,APP_196122_38322575,196122,17179869205,129709922277612,129709922277699,0.087,OK
sample,csv_write_process,-,196121,0,129709922275344,129709922279333,3.989,OK
sample,csv_formatting_threads,-,196121,0,129709922315532,129709922318586,3.054,OK
sample,csv_write_threads,-,196121,0,129709922330197,129709922332871,2.674,OK
sample,monitor_sample_total,-,196121,0,129709921173953,129709922345106,1171.153,OK
worker,job_started,APP_196123_38322575,196123,21474836501,129709922301583,129709922301648,0.065,OK
lifecycle,finalization,-,196121,0,129709922358184,129709922364391,6.207,OK
lifecycle,monitor_run_pid_once,-,196121,0,129709920735188,129709922444448,1709.260,OK
worker,monitor_execution,APP_196121_38322574,196121,12884901909,129709920727414,129709922478544,1751.130,OK
sample,proc_pid_stat,-,196123,0,129709922393421,129709922433629,40.208,OK
worker,job_completed,APP_196121_38322574,196121,12884901909,129709922514443,129709922514544,0.101,OK
lifecycle,perf_counter_attempt,-,196123,0,129709922589898,129709922594430,4.532,UNAVAILABLE
lifecycle,perf_counter_attempt,-,196123,0,129709922616124,129709922617585,1.461,UNAVAILABLE
lifecycle,perf_counter_initialization,-,196123,0,129709922589759,129709922628624,38.865,OK
lifecycle,initialization,-,196123,0,129709922385724,129709922640303,254.579,OK
sample,cache_perf_read,-,-1,0,129709922651092,129709922651183,0.091,UNAVAILABLE
sample,cache_perf_read,-,-1,0,129709922662050,129709922662114,0.064,UNAVAILABLE
sample,proc_pid_stat,-,196123,0,129709922673982,129709922721813,47.831,OK
sample,cpu_statistics,-,-1,0,129709922784424,129709922898536,114.112,OK
sample,memory_rss,-,196123,0,129709922923689,129709922996720,73.031,OK
sample,numa_information,-,196123,0,129709923054627,129709923335311,280.684,OK
sample,thread_enumeration,-,196123,0,129709923366973,129709923372139,5.166,OK
sample,thread_enumeration,-,196123,0,129709923385344,129709923385514,0.170,OK
sample,thread_enumeration,-,196123,0,129709923395949,129709923396090,0.141,OK
sample,per_thread_stat,-,196123,196123,129709923405655,129709923438048,32.393,OK
sample,thread_enumeration,-,196123,0,129709923486893,129709923488876,1.983,END
sample,thread_statistics_total,-,196123,0,129709923356054,129709923507617,151.563,OK
sample,csv_formatting_process,-,196123,0,129709923521968,129709923528092,6.124,OK
sample,csv_write_process,-,196123,0,129709923538653,129709923542592,3.939,OK
sample,csv_formatting_threads,-,196123,0,129709923552006,129709923554367,2.361,OK
sample,csv_write_threads,-,196123,0,129709923562713,129709923564774,2.061,OK
sample,monitor_sample_total,-,196123,0,129709922650877,129709923575178,924.301,OK
lifecycle,finalization,-,196123,0,129709923585560,129709923590187,4.627,OK
lifecycle,monitor_run_pid_once,-,196123,0,129709922385659,129709923599803,1214.144,OK
worker,monitor_execution,APP_196123_38322575,196123,21474836501,129709922380865,129709923610309,1229.444,OK
worker,job_completed,APP_196123_38322575,196123,21474836501,129709923629069,129709923629156,0.087,OK
discovery,application_discovery_scan,-,-1,0,129709936381741,129709972427014,36045.273,OK
discovery,application_discovery_scan,-,-1,0,129709991744218,129710025027388,33283.170,OK
worker,job_submission,APP_196119_38322574,196119,4294967318,129710026334923,129710026356278,21.355,OK
worker,job_submission,APP_196120_38322574,196120,8589934614,129710026422631,129710026436092,13.461,OK
worker,job_submission,APP_196121_38322574,196121,12884901910,129710026469941,129710026478206,8.265,OK
worker,job_submission,APP_196122_38322575,196122,17179869206,129710026504172,129710026507153,2.981,OK
worker,job_submission,APP_196123_38322575,196123,21474836502,129710026555454,129710026558151,2.697,OK
worker,job_started,APP_196119_38322574,196119,4294967318,129710026610859,129710026611051,0.192,OK
worker,job_started,APP_196120_38322574,196120,8589934614,129710026686196,129710026686334,0.138,OK
sample,proc_pid_stat,-,196119,0,129710026683080,129710026764288,81.208,OK
sample,proc_pid_stat,-,196120,0,129710026748051,129710026802848,54.797,OK
lifecycle,perf_counter_attempt,-,196119,0,129710026933078,129710026941526,8.448,UNAVAILABLE
lifecycle,perf_counter_attempt,-,196119,0,129710026978923,129710026982108,3.185,UNAVAILABLE
lifecycle,perf_counter_initialization,-,196119,0,129710026932742,129710027025592,92.850,OK
lifecycle,initialization,-,196119,0,129710026666850,129710027062992,396.142,OK
sample,cache_perf_read,-,-1,0,129710027104780,129710027104930,0.150,UNAVAILABLE
sample,cache_perf_read,-,-1,0,129710027124623,129710027124686,0.063,UNAVAILABLE
lifecycle,perf_counter_attempt,-,196120,0,129710026936524,129710026942659,6.135,UNAVAILABLE
sample,proc_pid_stat,-,196119,0,129710027141726,129710027202477,60.751,OK
lifecycle,perf_counter_attempt,-,196120,0,129710027208222,129710027214381,6.159,UNAVAILABLE
lifecycle,perf_counter_initialization,-,196120,0,129710026936326,129710027272775,336.449,OK
lifecycle,initialization,-,196120,0,129710026737521,129710027289188,551.667,OK
sample,cache_perf_read,-,-1,0,129710027300714,129710027300841,0.127,UNAVAILABLE
sample,cache_perf_read,-,-1,0,129710027312272,129710027312337,0.065,UNAVAILABLE
sample,proc_pid_stat,-,196120,0,129710027322824,129710027379491,56.667,OK
sample,cpu_statistics,-,-1,0,129710027256488,129710027441433,184.945,OK
sample,cpu_statistics,-,-1,0,129710027409907,129710027527556,117.649,OK
sample,memory_rss,-,196119,0,129710027474349,129710027601554,127.205,OK
sample,memory_rss,-,196120,0,129710027546931,129710027633996,87.065,OK
sample,numa_information,-,196120,0,129710027655928,129710027964125,308.197,OK
sample,thread_enumeration,-,196120,0,129710027996976,129710028026386,29.410,OK
sample,thread_enumeration,-,196120,0,129710028060219,129710028060458,0.239,OK
sample,thread_enumeration,-,196120,0,129710028074878,129710028075002,0.124,OK
sample,per_thread_stat,-,196120,196120,129710028087485,129710028129798,42.313,OK
sample,thread_enumeration,-,196120,0,129710028147662,129710028149422,1.760,END
sample,thread_statistics_total,-,196120,0,129710027985382,129710028164468,179.086,OK
sample,csv_formatting_process,-,196120,0,129710028180849,129710028187235,6.386,OK
sample,csv_write_process,-,196120,0,129710028235849,129710028242838,6.989,OK
sample,csv_formatting_threads,-,196120,0,129710028274587,129710028280329,5.742,OK
sample,csv_write_threads,-,196120,0,129710028300043,129710028304303,4.260,OK
sample,monitor_sample_total,-,196120,0,129710027300451,129710028353888,1053.437,OK
lifecycle,finalization,-,196120,0,129710028380938,129710028390035,9.097,OK
lifecycle,monitor_run_pid_once,-,196120,0,129710026737438,129710028409647,1672.209,OK
worker,monitor_execution,APP_196120_38322574,196120,8589934614,129710026730683,129710028422041,1691.358,OK
worker,job_completed,APP_196120_38322574,196120,8589934614,129710028445055,129710028445140,0.085,OK
worker,job_started,APP_196121_38322574,196121,12884901910,129710028464473,129710028464556,0.083,OK
sample,proc_pid_stat,-,196121,0,129710028491620,129710028532969,41.349,OK
lifecycle,perf_counter_attempt,-,196121,0,129710028617385,129710028621630,4.245,UNAVAILABLE
lifecycle,perf_counter_attempt,-,196121,0,129710028639911,129710028641554,1.643,UNAVAILABLE
lifecycle,perf_counter_initialization,-,196121,0,129710028617175,129710028652221,35.046,OK
lifecycle,initialization,-,196121,0,129710028482362,129710028663791,181.429,OK
sample,cache_perf_read,-,-1,0,129710028674271,129710028674373,0.102,UNAVAILABLE
sample,cache_perf_read,-,-1,0,129710028684592,129710028684655,0.063,UNAVAILABLE
sample,proc_pid_stat,-,196121,0,129710028693874,129710028724885,31.011,OK
sample,cpu_statistics,-,-1,0,129710028751304,129710028856702,105.398,OK
sample,memory_rss,-,196121,0,129710028875385,129710028946095,70.710,OK
sample,numa_information,-,196121,0,129710028963892,129710029268048,304.156,OK
sample,thread_enumeration,-,196121,0,129710029310213,129710029315193,4.980,OK
sample,thread_enumeration,-,196121,0,129710029328099,129710029328229,0.130,OK
sample,thread_enumeration,-,196121,0,129710029339062,129710029339185,0.123,OK
sample,per_thread_stat,-,196121,196121,129710029349473,129710029383087,33.614,OK
sample,thread_enumeration,-,196121,0,129710029399464,129710029401214,1.750,END
sample,thread_statistics_total,-,196121,0,129710029298348,129710029413606,115.258,OK
sample,csv_formatting_process,-,196121,0,129710029428490,129710029434570,6.080,OK
sample,csv_write_process,-,196121,0,129710029443895,129710029447665,3.770,OK
sample,csv_formatting_threads,-,196121,0,129710029456653,129710029459028,2.375,OK
sample,csv_write_threads,-,196121,0,129710029467903,129710029470323,2.420,OK
sample,monitor_sample_total,-,196121,0,129710028674005,129710029480265,806.260,OK
lifecycle,finalization,-,196121,0,129710029489633,129710029493881,4.248,OK
lifecycle,monitor_run_pid_once,-,196121,0,129710028482275,129710029502688,1020.413,OK
worker,monitor_execution,APP_196121_38322574,196121,12884901910,129710028475033,129710029513511,1038.478,OK
worker,job_completed,APP_196121_38322574,196121,12884901910,129710029532817,129710029532884,0.067,OK
worker,job_started,APP_196122_38322575,196122,17179869206,129710029550714,129710029550797,0.083,OK
sample,proc_pid_stat,-,196122,0,129710029573391,129710029603976,30.585,OK
lifecycle,perf_counter_attempt,-,196122,0,129710029678567,129710029682719,4.152,UNAVAILABLE
lifecycle,perf_counter_attempt,-,196122,0,129710029701239,129710029702723,1.484,UNAVAILABLE
lifecycle,perf_counter_initialization,-,196122,0,129710029678416,129710029713588,35.172,OK
lifecycle,initialization,-,196122,0,129710029566390,129710029724362,157.972,OK
sample,cache_perf_read,-,-1,0,129710029734244,129710029734334,0.090,UNAVAILABLE
sample,cache_perf_read,-,-1,0,129710029743958,129710029744021,0.063,UNAVAILABLE
sample,proc_pid_stat,-,196122,0,129710029754030,129710029782778,28.748,OK
sample,cpu_statistics,-,-1,0,129710029809687,129710029909816,100.129,OK
sample,numa_information,-,196119,0,129710027638146,129710028205258,567.112,OK
sample,memory_rss,-,196122,0,129710029934698,129710030069795,135.097,OK
sample,thread_enumeration,-,196119,0,129710030091716,129710030100087,8.371,OK
sample,thread_enumeration,-,196119,0,129710030129735,129710030129981,0.246,OK
sample,thread_enumeration,-,196119,0,129710030174924,129710030175166,0.242,OK
sample,per_thread_stat,-,196119,196119,129710030199641,129710030263342,63.701,OK
sample,thread_enumeration,-,196119,0,129710030289387,129710030292225,2.838,END
sample,thread_statistics_total,-,196119,0,129710030069562,129710030315253,245.691,OK
sample,csv_formatting_process,-,196119,0,129710030337451,129710030347239,9.788,OK
sample,csv_write_process,-,196119,0,129710030374856,129710030382039,7.183,OK
sample,csv_formatting_threads,-,196119,0,129710030400997,129710030406129,5.132,OK
sample,csv_write_threads,-,196119,0,129710030421806,129710030425992,4.186,OK
sample,monitor_sample_total,-,196119,0,129710027104478,129710030441830,3337.352,OK
lifecycle,finalization,-,196119,0,129710030459572,129710030468223,8.651,OK
lifecycle,monitor_run_pid_once,-,196119,0,129710026666765,129710030491939,3825.174,OK
worker,monitor_execution,APP_196119_38322574,196119,4294967318,129710026657102,129710030510296,3853.194,OK
worker,job_completed,APP_196119_38322574,196119,4294967318,129710030543141,129710030543263,0.122,OK
worker,job_started,APP_196123_38322575,196123,21474836502,129710030593591,129710030593710,0.119,OK
sample,numa_information,-,196122,0,129710030099379,129710030559696,460.317,OK
sample,thread_enumeration,-,196122,0,129710030687191,129710030694085,6.894,OK
sample,thread_enumeration,-,196122,0,129710030724882,129710030725036,0.154,OK
sample,thread_enumeration,-,196122,0,129710030746735,129710030746910,0.175,OK
sample,proc_pid_stat,-,196123,0,129710030641117,129710030695920,54.803,OK
sample,per_thread_stat,-,196122,196122,129710030767954,129710030823122,55.168,OK
sample,thread_enumeration,-,196122,0,129710030851860,129710030854441,2.581,END
sample,thread_statistics_total,-,196122,0,129710030669938,129710030888070,218.132,OK
lifecycle,perf_counter_attempt,-,196123,0,129710030914097,129710030920104,6.007,UNAVAILABLE
lifecycle,perf_counter_attempt,-,196123,0,129710030949496,129710030952826,3.330,UNAVAILABLE
lifecycle,perf_counter_initialization,-,196123,0,129710030913902,129710030979973,66.071,OK
lifecycle,initialization,-,196123,0,129710030629641,129710031023511,393.870,OK
sample,cache_perf_read,-,-1,0,129710031062243,129710031062372,0.129,UNAVAILABLE
sample,cache_perf_read,-,-1,0,129710031085687,129710031085772,0.085,UNAVAILABLE
sample,csv_formatting_process,-,196122,0,129710030925408,129710030935396,9.988,OK
sample,csv_write_process,-,196122,0,129710031151391,129710031158377,6.986,OK
sample,csv_formatting_threads,-,196122,0,129710031181417,129710031186532,5.115,OK
sample,csv_write_threads,-,196122,0,129710031218847,129710031223150,4.303,OK
sample,monitor_sample_total,-,196122,0,129710029734028,129710031243000,1508.972,OK
lifecycle,finalization,-,196122,0,129710031267693,129710031276210,8.517,OK
lifecycle,monitor_run_pid_once,-,196122,0,129710029566323,129710031299658,1733.335,OK
worker,monitor_execution,APP_196122_38322575,196122,17179869206,129710029561688,129710031322805,1761.117,OK
sample,proc_pid_stat,-,196123,0,129710031107824,129710031162475,54.651,OK
worker,job_completed,APP_196122_38322575,196122,17179869206,129710031357805,129710031357916,0.111,OK
sample,cpu_statistics,-,-1,0,129710031423952,129710031579723,155.771,OK
sample,memory_rss,-,196123,0,129710031608780,129710031724726,115.946,OK
sample,numa_information,-,196123,0,129710031752293,129710032097653,345.360,OK
sample,thread_enumeration,-,196123,0,129710032149187,129710032156551,7.364,OK
sample,thread_enumeration,-,196123,0,129710032178810,129710032179070,0.260,OK
sample,thread_enumeration,-,196123,0,129710032196532,129710032196679,0.147,OK
sample,per_thread_stat,-,196123,196123,129710032214423,129710032269779,55.356,OK
sample,thread_enumeration,-,196123,0,129710032295292,129710032297831,2.539,END
sample,thread_statistics_total,-,196123,0,129710032132332,129710032321349,189.017,OK
sample,csv_formatting_process,-,196123,0,129710032366403,129710032376570,10.167,OK
sample,csv_write_process,-,196123,0,129710032399079,129710032405771,6.692,OK
sample,csv_formatting_threads,-,196123,0,129710032424981,129710032429391,4.410,OK
sample,csv_write_threads,-,196123,0,129710032470142,129710032476057,5.915,OK
sample,monitor_sample_total,-,196123,0,129710031061895,129710032497126,1435.231,OK
lifecycle,finalization,-,196123,0,129710032516309,129710032525485,9.176,OK
lifecycle,monitor_run_pid_once,-,196123,0,129710030629538,129710032548696,1919.158,OK
worker,monitor_execution,APP_196123_38322575,196123,21474836502,129710030621170,129710032591860,1970.690,OK
worker,job_completed,APP_196123_38322575,196123,21474836502,129710032630056,129710032630216,0.160,OK
discovery,application_discovery_scan,-,-1,0,129710044656261,129710078090749,33434.488,OK
discovery,application_discovery_scan,-,-1,0,129710097396658,129710126418768,29022.110,OK
worker,job_submission,APP_196119_38322574,196119,4294967319,129710127644930,129710127659912,14.982,OK
worker,job_submission,APP_196120_38322574,196120,8589934615,129710127711263,129710127719384,8.121,OK
worker,job_submission,APP_196121_38322574,196121,12884901911,129710127748886,129710127752134,3.248,OK
worker,job_submission,APP_196122_38322575,196122,17179869207,129710127766565,129710127769078,2.513,OK
worker,job_submission,APP_196123_38322575,196123,21474836503,129710127784270,129710127786820,2.550,OK
worker,job_started,APP_196120_38322574,196120,8589934615,129710127809949,129710127810092,0.143,OK
worker,job_started,APP_196119_38322574,196119,4294967319,129710127832374,129710127832525,0.151,OK
sample,proc_pid_stat,-,196120,0,129710127877771,129710127941701,63.930,OK
sample,proc_pid_stat,-,196119,0,129710127926989,129710127976869,49.880,OK
lifecycle,perf_counter_attempt,-,196120,0,129710128095110,129710128104415,9.305,UNAVAILABLE
lifecycle,perf_counter_attempt,-,196120,0,129710128139559,129710128141374,1.815,UNAVAILABLE
lifecycle,perf_counter_initialization,-,196120,0,129710128094790,129710128154958,60.168,OK
lifecycle,initialization,-,196120,0,129710127865624,129710128167988,302.364,OK
sample,cache_perf_read,-,-1,0,129710128177905,129710128178028,0.123,UNAVAILABLE
sample,cache_perf_read,-,-1,0,129710128188341,129710128188407,0.066,UNAVAILABLE
lifecycle,perf_counter_attempt,-,196119,0,129710128098717,129710128105389,6.672,UNAVAILABLE
lifecycle,perf_counter_attempt,-,196119,0,129710128279819,129710128285780,5.961,UNAVAILABLE
lifecycle,perf_counter_initialization,-,196119,0,129710128098510,129710128299882,201.372,OK
lifecycle,initialization,-,196119,0,129710127917543,129710128315866,398.323,OK
sample,cache_perf_read,-,-1,0,129710128327757,129710128327882,0.125,UNAVAILABLE
sample,cache_perf_read,-,-1,0,129710128339424,129710128339489,0.065,UNAVAILABLE
sample,proc_pid_stat,-,196120,0,129710128198335,129710128236454,38.119,OK
sample,proc_pid_stat,-,196119,0,129710128351572,129710128407322,55.750,OK
sample,cpu_statistics,-,-1,0,129710128420743,129710128554757,134.014,OK
sample,cpu_statistics,-,-1,0,129710128449906,129710128568229,118.323,OK
sample,memory_rss,-,196120,0,129710128582564,129710128664612,82.048,OK
sample,memory_rss,-,196119,0,129710128616669,129710128697812,81.143,OK
sample,numa_information,-,196120,0,129710128684914,129710129041094,356.180,OK
sample,thread_enumeration,-,196120,0,129710129092681,129710129100441,7.760,OK
sample,thread_enumeration,-,196120,0,129710129113255,129710129113421,0.166,OK
sample,thread_enumeration,-,196120,0,129710129126271,129710129126392,0.121,OK
sample,numa_information,-,196119,0,129710128713623,129710129043941,330.318,OK
sample,thread_enumeration,-,196119,0,129710129226441,129710129233504,7.063,OK
sample,thread_enumeration,-,196119,0,129710129260962,129710129261179,0.217,OK
sample,thread_enumeration,-,196119,0,129710129276202,129710129276316,0.114,OK
sample,per_thread_stat,-,196120,196120,129710129138434,129710129178190,39.756,OK
sample,thread_enumeration,-,196120,0,129710129382740,129710129385998,3.258,END
sample,thread_statistics_total,-,196120,0,129710129079055,129710129406861,327.806,OK
sample,csv_formatting_process,-,196120,0,129710129425166,129710129431768,6.602,OK
sample,csv_write_process,-,196120,0,129710129442156,129710129447652,5.496,OK
sample,per_thread_stat,-,196119,196119,129710129287524,129710129335000,47.476,OK
sample,thread_enumeration,-,196119,0,129710129532291,129710129535380,3.089,END
sample,thread_statistics_total,-,196119,0,129710129207764,129710129556429,348.665,OK
sample,csv_formatting_process,-,196119,0,129710129574281,129710129581175,6.894,OK
sample,csv_write_process,-,196119,0,129710129600081,129710129605602,5.521,OK
sample,csv_formatting_threads,-,196119,0,129710129618059,129710129620773,2.714,OK
sample,csv_write_threads,-,196119,0,129710129633086,129710129635721,2.635,OK
sample,csv_formatting_threads,-,196120,0,129710129457920,129710129460641,2.721,OK
sample,csv_write_threads,-,196120,0,129710129703648,129710129709608,5.960,OK
sample,monitor_sample_total,-,196120,0,129710128177635,129710129725171,1547.536,OK
lifecycle,finalization,-,196120,0,129710129740794,129710129750088,9.294,OK
lifecycle,monitor_run_pid_once,-,196120,0,129710127865535,129710129760929,1895.394,OK
worker,monitor_execution,APP_196120_38322574,196120,8589934615,129710127857355,129710129775453,1918.098,OK
worker,job_completed,APP_196120_38322574,196120,8589934615,129710129800817,129710129800897,0.080,OK
sample,monitor_sample_total,-,196119,0,129710128327491,129710129646832,1319.341,OK
lifecycle,finalization,-,196119,0,129710129892492,129710129902186,9.694,OK
lifecycle,monitor_run_pid_once,-,196119,0,129710127917461,129710129918742,2001.281,OK
worker,monitor_execution,APP_196119_38322574,196119,4294967319,129710127910570,129710129933716,2023.146,OK
worker,job_started,APP_196121_38322574,196121,12884901911,129710129842484,129710129842566,0.082,OK
worker,job_completed,APP_196119_38322574,196119,4294967319,129710129970679,129710129970774,0.095,OK
worker,job_started,APP_196122_38322575,196122,17179869207,129710130045043,129710130045127,0.084,OK
sample,proc_pid_stat,-,196121,0,129710129995573,129710130071003,75.430,OK
sample,proc_pid_stat,-,196122,0,129710130096309,129710130149293,52.984,OK
lifecycle,perf_counter_attempt,-,196121,0,129710130197136,129710130202189,5.053,UNAVAILABLE
lifecycle,perf_counter_attempt,-,196121,0,129710130222731,129710130224370,1.639,UNAVAILABLE
lifecycle,perf_counter_initialization,-,196121,0,129710130196947,129710130236028,39.081,OK
lifecycle,perf_counter_attempt,-,196122,0,129710130238943,129710130244162,5.219,UNAVAILABLE
lifecycle,perf_counter_attempt,-,196122,0,129710130265560,129710130267216,1.656,UNAVAILABLE
lifecycle,perf_counter_initialization,-,196122,0,129710130238805,129710130281075,42.270,OK
lifecycle,initialization,-,196122,0,129710130086034,129710130294104,208.070,OK
sample,cache_perf_read,-,-1,0,129710130307314,129710130307439,0.125,UNAVAILABLE
sample,cache_perf_read,-,-1,0,129710130320240,129710130320306,0.066,UNAVAILABLE
lifecycle,initialization,-,196121,0,129710129985206,129710130247687,262.481,OK
sample,cache_perf_read,-,-1,0,129710130365596,129710130365721,0.125,UNAVAILABLE
sample,cache_perf_read,-,-1,0,129710130380642,129710130380709,0.067,UNAVAILABLE
sample,proc_pid_stat,-,196122,0,129710130332430,129710130366256,33.826,OK
sample,proc_pid_stat,-,196121,0,129710130392118,129710130431173,39.055,OK
sample,cpu_statistics,-,-1,0,129710130425261,129710130540067,114.806,OK
sample,cpu_statistics,-,-1,0,129710130464926,129710130577218,112.292,OK
sample,memory_rss,-,196122,0,129710130561380,129710130638152,76.772,OK
sample,memory_rss,-,196121,0,129710130593340,129710130668218,74.878,OK
sample,numa_information,-,196122,0,129710130655322,129710130939405,284.083,OK
sample,numa_information,-,196121,0,129710130684920,129710130964399,279.479,OK
sample,thread_enumeration,-,196122,0,129710130969823,129710130975409,5.586,OK
sample,thread_enumeration,-,196122,0,129710131058155,129710131058458,0.303,OK
sample,thread_enumeration,-,196122,0,129710131073675,129710131073806,0.131,OK
sample,thread_enumeration,-,196121,0,129710130998629,129710131033127,34.498,OK
sample,thread_enumeration,-,196121,0,129710131105712,129710131105956,0.244,OK
sample,thread_enumeration,-,196121,0,129710131118316,129710131118427,0.111,OK
sample,per_thread_stat,-,196122,196122,129710131084469,129710131127960,43.491,OK
sample,per_thread_stat,-,196121,196121,129710131129748,129710131171071,41.323,OK
sample,thread_enumeration,-,196121,0,129710131190825,129710131192972,2.147,END
sample,thread_statistics_total,-,196121,0,129710130987063,129710131235674,248.611,OK
sample,thread_enumeration,-,196122,0,129710131171920,129710131174257,2.337,END
sample,thread_statistics_total,-,196122,0,129710130959108,129710131280882,321.774,OK
sample,csv_formatting_process,-,196121,0,129710131255184,129710131262014,6.830,OK
sample,csv_write_process,-,196121,0,129710131319117,129710131323238,4.121,OK
sample,csv_formatting_threads,-,196121,0,129710131335077,129710131338184,3.107,OK
sample,csv_write_threads,-,196121,0,129710131351239,129710131353580,2.341,OK
sample,monitor_sample_total,-,196121,0,129710130365306,129710131366479,1001.173,OK
lifecycle,finalization,-,196121,0,129710131380551,129710131386289,5.738,OK
lifecycle,monitor_run_pid_once,-,196121,0,129710129985125,129710131397662,1412.537,OK
worker,monitor_execution,APP_196121_38322574,196121,12884901911,129710129977813,129710131411323,1433.510,OK
sample,csv_formatting_process,-,196122,0,129710131298727,129710131305206,6.479,OK
sample,csv_write_process,-,196122,0,129710131454259,129710131459107,4.848,OK
sample,csv_formatting_threads,-,196122,0,129710131471715,129710131474781,3.066,OK
sample,csv_write_threads,-,196122,0,129710131486642,129710131488997,2.355,OK
sample,monitor_sample_total,-,196122,0,129710130307048,129710131500638,1193.590,OK
lifecycle,finalization,-,196122,0,129710131517074,129710131523089,6.015,OK
lifecycle,monitor_run_pid_once,-,196122,0,129710130085946,129710131552435,1466.489,OK
worker,monitor_execution,APP_196122_38322575,196122,17179869207,129710130079204,129710131565496,1486.292,OK
worker,job_completed,APP_196121_38322574,196121,12884901911,129710131443312,129710131443499,0.187,OK
worker,job_completed,APP_196122_38322575,196122,17179869207,129710131587566,129710131587655,0.089,OK
worker,job_started,APP_196123_38322575,196123,21474836503,129710131619575,129710131619637,0.062,OK
sample,proc_pid_stat,-,196123,0,129710131670690,129710131711436,40.746,OK
lifecycle,perf_counter_attempt,-,196123,0,129710131787668,129710131791658,3.990,UNAVAILABLE
lifecycle,perf_counter_attempt,-,196123,0,129710131808231,129710131809794,1.563,UNAVAILABLE
lifecycle,perf_counter_initialization,-,196123,0,129710131787466,129710131819668,32.202,OK
lifecycle,initialization,-,196123,0,129710131662978,129710131830265,167.287,OK
sample,cache_perf_read,-,-1,0,129710131840423,129710131840519,0.096,UNAVAILABLE
sample,cache_perf_read,-,-1,0,129710131849950,129710131850015,0.065,UNAVAILABLE
sample,proc_pid_stat,-,196123,0,129710131859299,129710131888620,29.321,OK
sample,cpu_statistics,-,-1,0,129710131911523,129710132044571,133.048,OK
sample,memory_rss,-,196123,0,129710132074755,129710132149772,75.017,OK
sample,numa_information,-,196123,0,129710132167570,129710132437115,269.545,OK
sample,thread_enumeration,-,196123,0,129710132468033,129710132473202,5.169,OK
sample,thread_enumeration,-,196123,0,129710132484854,129710132484966,0.112,OK
sample,thread_enumeration,-,196123,0,129710132495374,129710132495484,0.110,OK
sample,per_thread_stat,-,196123,196123,129710132505529,129710132537015,31.486,OK
sample,thread_enumeration,-,196123,0,129710132563604,129710132565919,2.315,END
sample,thread_statistics_total,-,196123,0,129710132456898,129710132587293,130.395,OK
sample,csv_formatting_process,-,196123,0,129710132609723,129710132617906,8.183,OK
sample,csv_write_process,-,196123,0,129710132636819,129710132641752,4.933,OK
sample,csv_formatting_threads,-,196123,0,129710132657630,129710132661493,3.863,OK
sample,csv_write_threads,-,196123,0,129710132677781,129710132681852,4.071,OK
sample,monitor_sample_total,-,196123,0,129710131840169,129710132697878,857.709,OK
lifecycle,finalization,-,196123,0,129710132718119,129710132725862,7.743,OK
lifecycle,monitor_run_pid_once,-,196123,0,129710131662913,129710132762857,1099.944,OK
worker,monitor_execution,APP_196123_38322575,196123,21474836503,129710131658172,129710132784853,1126.681,OK
worker,job_completed,APP_196123_38322575,196123,21474836503,129710132847409,129710132847659,0.250,OK
discovery,application_discovery_scan,-,-1,0,129710145896583,129710176448296,30551.713,OK
discovery,application_discovery_scan,-,-1,0,129710202817122,129710234791369,31974.247,OK
worker,job_submission,APP_196127_38322826,196127,4294967297,129710243131600,129710243148285,16.685,OK
worker,job_submission,APP_196128_38322826,196128,8589934593,129710243220462,129710243258978,38.516,OK
worker,job_submission,APP_196129_38322826,196129,12884901889,129710243294656,129710243297861,3.205,DEFERRED
worker,job_submission,APP_196130_38322826,196130,17179869185,129710243321352,129710243323830,2.478,DEFERRED
worker,job_submission,APP_196131_38322826,196131,21474836481,129710243337982,129710243340405,2.423,DEFERRED
worker,job_started,APP_196127_38322826,196127,4294967297,129710243384590,129710243384766,0.176,OK
sample,proc_pid_stat,-,196127,0,129710243472508,129710243568996,96.488,OK
lifecycle,perf_counter_attempt,-,196127,0,129710243768003,129710243776745,8.742,UNAVAILABLE
lifecycle,perf_counter_attempt,-,196127,0,129710243804199,129710243807187,2.988,UNAVAILABLE
lifecycle,perf_counter_initialization,-,196127,0,129710243767701,129710243826380,58.679,OK
lifecycle,initialization,-,196127,0,129710243445005,129710243843725,398.720,OK
sample,cache_perf_read,-,-1,0,129710243860495,129710243860674,0.179,UNAVAILABLE
sample,cache_perf_read,-,-1,0,129710243878917,129710243879000,0.083,UNAVAILABLE
sample,proc_pid_stat,-,196127,0,129710243896277,129710243955187,58.910,OK
sample,cpu_statistics,-,-1,0,129710244029059,129710244202404,173.345,OK
sample,memory_rss,-,196127,0,129710244236097,129710244353253,117.156,OK
sample,numa_information,-,196127,0,129710244385232,129710244935890,550.658,OK
sample,thread_enumeration,-,196127,0,129710245022491,129710245036011,13.520,OK
sample,thread_enumeration,-,196127,0,129710245068292,129710245068532,0.240,OK
sample,thread_enumeration,-,196127,0,129710245080268,129710245080382,0.114,OK
sample,per_thread_stat,-,196127,196127,129710245092626,129710245143454,50.828,OK
sample,thread_enumeration,-,196127,0,129710245162805,129710245164782,1.977,END
sample,thread_statistics_total,-,196127,0,129710244963767,129710245178663,214.896,OK
sample,csv_formatting_process,-,196127,0,129710245196851,129710245202468,5.617,OK
sample,csv_write_process,-,196127,0,129710245211934,129710245231482,19.548,OK
sample,csv_formatting_threads,-,196127,0,129710245242580,129710245245101,2.521,OK
sample,csv_write_threads,-,196127,0,129710245254044,129710245261387,7.343,OK
sample,monitor_sample_total,-,196127,0,129710243860217,129710245270583,1410.366,OK
lifecycle,finalization,-,196127,0,129710245281176,129710245287053,5.877,OK
lifecycle,monitor_run_pid_once,-,196127,0,129710243444895,129710245296202,1851.307,OK
worker,monitor_execution,APP_196127_38322826,196127,4294967297,129710243435446,129710245308281,1872.835,OK
worker,job_completed,APP_196127_38322826,196127,4294967297,129710245335438,129710245335517,0.079,OK
worker,job_started,APP_196128_38322826,196128,8589934593,129710245366212,129710245366281,0.069,OK
sample,proc_pid_stat,-,196128,0,129710245391754,129710245428185,36.431,OK
lifecycle,perf_counter_attempt,-,196128,0,129710245526315,129710245531197,4.882,UNAVAILABLE
lifecycle,perf_counter_attempt,-,196128,0,129710245550534,129710245552068,1.534,UNAVAILABLE
lifecycle,perf_counter_initialization,-,196128,0,129710245526156,129710245564266,38.110,OK
lifecycle,initialization,-,196128,0,129710245383452,129710245575531,192.079,OK
sample,cache_perf_read,-,-1,0,129710245587849,129710245587918,0.069,UNAVAILABLE
sample,cache_perf_read,-,-1,0,129710245597947,129710245598012,0.065,UNAVAILABLE
sample,proc_pid_stat,-,196128,0,129710245607606,129710245641564,33.958,OK
sample,cpu_statistics,-,-1,0,129710245669237,129710245781155,111.918,OK
sample,memory_rss,-,196128,0,129710245810084,129710245883530,73.446,OK
sample,numa_information,-,196128,0,129710245902314,129710246347825,445.511,OK
sample,thread_enumeration,-,196128,0,129710246397929,129710246407149,9.220,OK
sample,thread_enumeration,-,196128,0,129710246444286,129710246444405,0.119,OK
sample,thread_enumeration,-,196128,0,129710246455550,129710246455673,0.123,OK
sample,per_thread_stat,-,196128,196128,129710246466006,129710246510930,44.924,OK
sample,thread_enumeration,-,196128,0,129710246529589,129710246531506,1.917,END
sample,thread_statistics_total,-,196128,0,129710246376356,129710246544652,168.296,OK
sample,csv_formatting_process,-,196128,0,129710246558966,129710246564351,5.385,OK
sample,csv_write_process,-,196128,0,129710246574180,129710246591277,17.097,OK
sample,csv_formatting_threads,-,196128,0,129710246614620,129710246617246,2.626,OK
sample,csv_write_threads,-,196128,0,129710246626914,129710246634672,7.758,OK
sample,monitor_sample_total,-,196128,0,129710245587531,129710246644904,1057.373,OK
lifecycle,finalization,-,196128,0,129710246655924,129710246661633,5.709,OK
lifecycle,monitor_run_pid_once,-,196128,0,129710245383368,129710246671261,1287.893,OK
worker,monitor_execution,APP_196128_38322826,196128,8589934593,129710245376932,129710246682949,1306.017,OK
worker,job_completed,APP_196128_38322826,196128,8589934593,129710246706465,129710246706549,0.084,OK
discovery,application_discovery_scan,-,-1,0,129710261479830,129710288342948,26863.118,OK
discovery,application_discovery_scan,-,-1,0,129710308183404,129710335036294,26852.890,OK
worker,job_submission,APP_196127_38322826,196127,4294967298,129710336311768,129710336329038,17.270,OK
worker,job_submission,APP_196128_38322826,196128,8589934594,129710336382242,129710336386790,4.548,DEFERRED
worker,job_submission,APP_196129_38322826,196129,12884901889,129710336415859,129710336420684,4.825,OK
worker,job_submission,APP_196130_38322826,196130,17179869185,129710336444262,129710336448135,3.873,DEFERRED
worker,job_submission,APP_196131_38322826,196131,21474836481,129710336471456,129710336475648,4.192,DEFERRED
worker,job_started,APP_196127_38322826,196127,4294967298,129710336585489,129710336585626,0.137,OK
sample,proc_pid_stat,-,196127,0,129710336646783,129710336705350,58.567,OK
lifecycle,perf_counter_attempt,-,196127,0,129710336916537,129710336925321,8.784,UNAVAILABLE
lifecycle,perf_counter_attempt,-,196127,0,129710337020250,129710337024208,3.958,UNAVAILABLE
lifecycle,perf_counter_initialization,-,196127,0,129710336916182,129710337094517,178.335,OK
lifecycle,initialization,-,196127,0,129710336635946,129710337119364,483.418,OK
sample,cache_perf_read,-,-1,0,129710337137319,129710337137493,0.174,UNAVAILABLE
sample,cache_perf_read,-,-1,0,129710337155535,129710337155625,0.090,UNAVAILABLE
sample,proc_pid_stat,-,196127,0,129710337173713,129710337233826,60.113,OK
sample,cpu_statistics,-,-1,0,129710337294993,129710337492394,197.401,OK
sample,memory_rss,-,196127,0,129710337523284,129710337648059,124.775,OK
sample,numa_information,-,196127,0,129710337675999,129710338343544,667.545,OK
sample,thread_enumeration,-,196127,0,129710338406054,129710338415534,9.480,OK
sample,thread_enumeration,-,196127,0,129710338449409,129710338449580,0.171,OK
sample,thread_enumeration,-,196127,0,129710338467769,129710338467961,0.192,OK
sample,per_thread_stat,-,196127,196127,129710338487328,129710338541576,54.248,OK
sample,thread_enumeration,-,196127,0,129710338569100,129710338571740,2.640,END
sample,thread_statistics_total,-,196127,0,129710338388028,129710338595034,207.006,OK
sample,csv_formatting_process,-,196127,0,129710338622117,129710338632339,10.222,OK
sample,csv_write_process,-,196127,0,129710338656298,129710338662992,6.694,OK
sample,csv_formatting_threads,-,196127,0,129710338680173,129710338684488,4.315,OK
sample,csv_write_threads,-,196127,0,129710338701573,129710338706234,4.661,OK
sample,monitor_sample_total,-,196127,0,129710337137029,129710338724051,1587.022,OK
lifecycle,finalization,-,196127,0,129710338742099,129710338750699,8.600,OK
lifecycle,monitor_run_pid_once,-,196127,0,129710336635862,129710338771325,2135.463,OK
worker,monitor_execution,APP_196127_38322826,196127,4294967298,129710336628533,129710338792478,2163.945,OK
worker,job_completed,APP_196127_38322826,196127,4294967298,129710338827866,129710338828015,0.149,OK
worker,job_started,APP_196129_38322826,196129,12884901889,129710338891407,129710338891483,0.076,OK
sample,proc_pid_stat,-,196129,0,129710338931625,129710338984112,52.487,OK
lifecycle,perf_counter_attempt,-,196129,0,129710339161476,129710339167381,5.905,UNAVAILABLE
lifecycle,perf_counter_attempt,-,196129,0,129710339204647,129710339207593,2.946,UNAVAILABLE
lifecycle,perf_counter_initialization,-,196129,0,129710339161218,129710339226841,65.623,OK
lifecycle,initialization,-,196129,0,129710338920835,129710339247604,326.769,OK
sample,cache_perf_read,-,-1,0,129710339266016,129710339266155,0.139,UNAVAILABLE
sample,cache_perf_read,-,-1,0,129710339286835,129710339286939,0.104,UNAVAILABLE
sample,proc_pid_stat,-,196129,0,129710339304417,129710339356091,51.674,OK
sample,cpu_statistics,-,-1,0,129710339398178,129710339579923,181.745,OK
sample,memory_rss,-,196129,0,129710339609010,129710339727383,118.373,OK
sample,numa_information,-,196129,0,129710339753784,129710340459381,705.597,OK
sample,thread_enumeration,-,196129,0,129710340528290,129710340540109,11.819,OK
sample,thread_enumeration,-,196129,0,129710340564436,129710340564672,0.236,OK
sample,thread_enumeration,-,196129,0,129710340581833,129710340581985,0.152,OK
sample,per_thread_stat,-,196129,196129,129710340601259,129710340661161,59.902,OK
sample,thread_enumeration,-,196129,0,129710340688081,129710340690378,2.297,END
sample,thread_statistics_total,-,196129,0,129710340501545,129710340711952,210.407,OK
sample,csv_formatting_process,-,196129,0,129710340735355,129710340744223,8.868,OK
sample,csv_write_process,-,196129,0,129710340765400,129710340787037,21.637,OK
sample,csv_formatting_threads,-,196129,0,129710340813280,129710340817316,4.036,OK
sample,csv_write_threads,-,196129,0,129710340835800,129710340846522,10.722,OK
sample,monitor_sample_total,-,196129,0,129710339265767,129710340864441,1598.674,OK
lifecycle,finalization,-,196129,0,129710340889665,129710340897816,8.151,OK
lifecycle,monitor_run_pid_once,-,196129,0,129710338920727,129710340926409,2005.682,OK
worker,monitor_execution,APP_196129_38322826,196129,12884901889,129710338912567,129710340946339,2033.772,OK
worker,job_completed,APP_196129_38322826,196129,12884901889,129710340978528,129710340978658,0.130,OK
discovery,application_discovery_scan,-,-1,0,129710354644613,129710381707017,27062.404,OK
discovery,application_discovery_scan,-,-1,0,129710401363960,129710432758966,31395.006,OK
worker,job_submission,APP_196127_38322826,196127,4294967299,129710434262340,129710434283185,20.845,OK
worker,job_submission,APP_196128_38322826,196128,8589934594,129710434346155,129710434351095,4.940,DEFERRED
worker,job_submission,APP_196129_38322826,196129,12884901890,129710434379629,129710434384460,4.831,OK
worker,job_submission,APP_196130_38322826,196130,17179869185,129710434408567,129710434412613,4.046,DEFERRED
worker,job_submission,APP_196131_38322826,196131,21474836481,129710434435542,129710434439359,3.817,DEFERRED
worker,job_started,APP_196127_38322826,196127,4294967299,129710434493662,129710434493797,0.135,OK
sample,proc_pid_stat,-,196127,0,129710434562214,129710434626368,64.154,OK
lifecycle,perf_counter_attempt,-,196127,0,129710434748470,129710434756229,7.759,UNAVAILABLE
lifecycle,perf_counter_attempt,-,196127,0,129710434782572,129710434785343,2.771,UNAVAILABLE
lifecycle,perf_counter_initialization,-,196127,0,129710434748187,129710434802380,54.193,OK
lifecycle,initialization,-,196127,0,129710434548815,129710434818140,269.325,OK
sample,cache_perf_read,-,-1,0,129710434834151,129710434834341,0.190,UNAVAILABLE
sample,cache_perf_read,-,-1,0,129710434849205,129710434849320,0.115,UNAVAILABLE
sample,proc_pid_stat,-,196127,0,129710434864318,129710434914232,49.914,OK
sample,cpu_statistics,-,-1,0,129710434954547,129710435112410,157.863,OK
sample,memory_rss,-,196127,0,129710435145124,129710435243727,98.603,OK
sample,numa_information,-,196127,0,129710435266848,129710435635597,368.749,OK
sample,thread_enumeration,-,196127,0,129710435676049,129710435684179,8.130,OK
sample,thread_enumeration,-,196127,0,129710435709938,129710435710092,0.154,OK
sample,thread_enumeration,-,196127,0,129710435753027,129710435753135,0.108,OK
sample,per_thread_stat,-,196127,196127,129710435775095,129710435825575,50.480,OK
sample,thread_enumeration,-,196127,0,129710435847636,129710435850094,2.458,END
sample,thread_statistics_total,-,196127,0,129710435659551,129710435870650,211.099,OK
sample,csv_formatting_process,-,196127,0,129710435893378,129710435902685,9.307,OK
sample,csv_write_process,-,196127,0,129710435927135,129710435933399,6.264,OK
sample,csv_formatting_threads,-,196127,0,129710435948780,129710435952969,4.189,OK
sample,csv_write_threads,-,196127,0,129710435969197,129710435973283,4.086,OK
sample,monitor_sample_total,-,196127,0,129710434833856,129710435989479,1155.623,OK
lifecycle,finalization,-,196127,0,129710436026115,129710436034066,7.951,OK
lifecycle,monitor_run_pid_once,-,196127,0,129710434548724,129710436060284,1511.560,OK
worker,monitor_execution,APP_196127_38322826,196127,4294967299,129710434540079,129710436080520,1540.441,OK
worker,job_completed,APP_196127_38322826,196127,4294967299,129710436128607,129710436128782,0.175,OK
worker,job_started,APP_196129_38322826,196129,12884901890,129710436163054,129710436163129,0.075,OK
sample,proc_pid_stat,-,196129,0,129710436196752,129710436245269,48.517,OK
lifecycle,perf_counter_attempt,-,196129,0,129710436349176,129710436371349,22.173,UNAVAILABLE
lifecycle,perf_counter_attempt,-,196129,0,129710436396184,129710436399084,2.900,UNAVAILABLE
lifecycle,perf_counter_initialization,-,196129,0,129710436348979,129710436422608,73.629,OK
lifecycle,initialization,-,196129,0,129710436187268,129710436439001,251.733,OK
sample,cache_perf_read,-,-1,0,129710436459834,129710436459979,0.145,UNAVAILABLE
sample,cache_perf_read,-,-1,0,129710436476421,129710436476493,0.072,UNAVAILABLE
sample,proc_pid_stat,-,196129,0,129710436496792,129710436548921,52.129,OK
sample,cpu_statistics,-,-1,0,129710436589870,129710436725256,135.386,OK
sample,memory_rss,-,196129,0,129710436775624,129710436895774,120.150,OK
sample,numa_information,-,196129,0,129710436925829,129710437358813,432.984,OK
sample,thread_enumeration,-,196129,0,129710437417539,129710437425293,7.754,OK
sample,thread_enumeration,-,196129,0,129710437469526,129710437469736,0.210,OK
sample,thread_enumeration,-,196129,0,129710437495989,129710437496109,0.120,OK
sample,per_thread_stat,-,196129,196129,129710437517070,129710437571293,54.223,OK
sample,thread_enumeration,-,196129,0,129710437594598,129710437597440,2.842,END
sample,thread_statistics_total,-,196129,0,129710437399548,129710437621315,221.767,OK
sample,csv_formatting_process,-,196129,0,129710437644235,129710437654001,9.766,OK
sample,csv_write_process,-,196129,0,129710437671281,129710437676304,5.023,OK
sample,csv_formatting_threads,-,196129,0,129710437692249,129710437696576,4.327,OK
sample,csv_write_threads,-,196129,0,129710437710636,129710437714496,3.860,OK
sample,monitor_sample_total,-,196129,0,129710436459578,129710437730937,1271.359,OK
lifecycle,finalization,-,196129,0,129710437749215,129710437757407,8.192,OK
lifecycle,monitor_run_pid_once,-,196129,0,129710436187183,129710437782078,1594.895,OK
worker,monitor_execution,APP_196129_38322826,196129,12884901890,129710436180754,129710437800072,1619.318,OK
worker,job_completed,APP_196129_38322826,196129,12884901890,129710437831072,129710437831229,0.157,OK
discovery,application_discovery_scan,-,-1,0,129710452558434,129710482980678,30422.244,OK
discovery,application_discovery_scan,-,-1,0,129710502546226,129710532641267,30095.041,OK
worker,job_submission,APP_196127_38322826,196127,4294967300,129710533974036,129710533994011,19.975,OK
worker,job_submission,APP_196128_38322826,196128,8589934594,129710534113367,129710534170605,57.238,OK
worker,job_submission,APP_196129_38322826,196129,12884901891,129710534223987,129710534229812,5.825,DEFERRED
worker,job_submission,APP_196130_38322826,196130,17179869185,129710534287655,129710534292759,5.104,DEFERRED
worker,job_submission,APP_196131_38322826,196131,21474836481,129710534327806,129710534332122,4.316,DEFERRED
worker,job_started,APP_196127_38322826,196127,4294967300,129710534443181,129710534443348,0.167,OK
sample,proc_pid_stat,-,196127,0,129710534542551,129710534620969,78.418,OK
lifecycle,perf_counter_attempt,-,196127,0,129710534777060,129710534785864,8.804,UNAVAILABLE
lifecycle,perf_counter_attempt,-,196127,0,129710534815549,129710534818134,2.585,UNAVAILABLE
lifecycle,perf_counter_initialization,-,196127,0,129710534776717,129710534841726,65.009,OK
lifecycle,initialization,-,196127,0,129710534526776,129710534862103,335.327,OK
sample,cache_perf_read,-,-1,0,129710534882185,129710534882371,0.186,UNAVAILABLE
sample,cache_perf_read,-,-1,0,129710534900709,129710534900877,0.168,UNAVAILABLE
sample,proc_pid_stat,-,196127,0,129710534919003,129710534978197,59.194,OK
sample,cpu_statistics,-,-1,0,129710535088884,129710535253919,165.035,OK
sample,memory_rss,-,196127,0,129710535298008,129710535413531,115.523,OK
sample,numa_information,-,196127,0,129710535443966,129710535884530,440.564,OK
sample,thread_enumeration,-,196127,0,129710535935501,129710535944860,9.359,OK
sample,thread_enumeration,-,196127,0,129710535968869,129710535969153,0.284,OK
sample,thread_enumeration,-,196127,0,129710535987668,129710535987818,0.150,OK
sample,per_thread_stat,-,196127,196127,129710536031986,129710536092562,60.576,OK
sample,thread_enumeration,-,196127,0,129710536129373,129710536132680,3.307,END
sample,thread_statistics_total,-,196127,0,129710535916036,129710536160247,244.211,OK
sample,csv_formatting_process,-,196127,0,129710536188834,129710536200568,11.734,OK
sample,csv_write_process,-,196127,0,129710536224082,129710536230914,6.832,OK
sample,csv_formatting_threads,-,196127,0,129710536252249,129710536257080,4.831,OK
sample,csv_write_threads,-,196127,0,129710536274057,129710536278151,4.094,OK
sample,monitor_sample_total,-,196127,0,129710534881883,129710536296748,1414.865,OK
lifecycle,finalization,-,196127,0,129710536338170,129710536347445,9.275,OK
lifecycle,monitor_run_pid_once,-,196127,0,129710534526659,129710536373809,1847.150,OK
worker,monitor_execution,APP_196127_38322826,196127,4294967300,129710534516086,129710536407550,1891.464,OK
worker,job_completed,APP_196127_38322826,196127,4294967300,129710536448471,129710536448622,0.151,OK
worker,job_started,APP_196128_38322826,196128,8589934594,129710536494275,129710536494370,0.095,OK
sample,proc_pid_stat,-,196128,0,129710536542311,129710536595454,53.143,OK
lifecycle,perf_counter_attempt,-,196128,0,129710536715947,129710536722412,6.465,UNAVAILABLE
lifecycle,perf_counter_attempt,-,196128,0,129710536749309,129710536752020,2.711,UNAVAILABLE
lifecycle,perf_counter_initialization,-,196128,0,129710536715719,129710536770295,54.576,OK
lifecycle,initialization,-,196128,0,129710536531264,129710536789448,258.184,OK
sample,cache_perf_read,-,-1,0,129710536808940,129710536809121,0.181,UNAVAILABLE
sample,cache_perf_read,-,-1,0,129710536826888,129710536826983,0.095,UNAVAILABLE
sample,proc_pid_stat,-,196128,0,129710536845246,129710536901428,56.182,OK
sample,cpu_statistics,-,-1,0,129710536950010,129710537127984,177.974,OK
sample,memory_rss,-,196128,0,129710537168519,129710537302995,134.476,OK
sample,numa_information,-,196128,0,129710537354239,129710537948836,594.597,OK
sample,thread_enumeration,-,196128,0,129710538080341,129710538087832,7.491,OK
sample,thread_enumeration,-,196128,0,129710538122335,129710538122631,0.296,OK
sample,thread_enumeration,-,196128,0,129710538134952,129710538135081,0.129,OK
sample,per_thread_stat,-,196128,196128,129710538146472,129710538191714,45.242,OK
sample,thread_enumeration,-,196128,0,129710538209706,129710538212169,2.463,END
sample,thread_statistics_total,-,196128,0,129710538059724,129710538226182,166.458,OK
sample,csv_formatting_process,-,196128,0,129710538242673,129710538249949,7.276,OK
sample,csv_write_process,-,196128,0,129710538259929,129710538264317,4.388,OK
sample,csv_formatting_threads,-,196128,0,129710538276423,129710538280772,4.349,OK
sample,csv_write_threads,-,196128,0,129710538296855,129710538301239,4.384,OK
sample,monitor_sample_total,-,196128,0,129710536808633,129710538318048,1509.415,OK
lifecycle,finalization,-,196128,0,129710538338506,129710538346727,8.221,OK
lifecycle,monitor_run_pid_once,-,196128,0,129710536531153,129710538390198,1859.045,OK
worker,monitor_execution,APP_196128_38322826,196128,8589934594,129710536524014,129710538406188,1882.174,OK
worker,job_completed,APP_196128_38322826,196128,8589934594,129710538429159,129710538429293,0.134,OK
discovery,application_discovery_scan,-,-1,0,129710552483846,129710584875614,32391.768,OK
discovery,application_discovery_scan,-,-1,0,129710604419262,129710642988765,38569.503,OK
worker,job_submission,APP_196127_38322826,196127,4294967301,129710644301704,129710644319198,17.494,OK
worker,job_submission,APP_196128_38322826,196128,8589934595,129710644385381,129710644439003,53.622,OK
worker,job_submission,APP_196129_38322826,196129,12884901891,129710644482540,129710644488462,5.922,DEFERRED
worker,job_submission,APP_196130_38322826,196130,17179869185,129710644518858,129710644523892,5.034,DEFERRED
worker,job_submission,APP_196131_38322826,196131,21474836481,129710644561807,129710644566658,4.851,DEFERRED
worker,job_started,APP_196127_38322826,196127,4294967301,129710644760769,129710644760919,0.150,OK
sample,proc_pid_stat,-,196127,0,129710644839539,129710644917098,77.559,OK
lifecycle,perf_counter_attempt,-,196127,0,129710645080994,129710645089215,8.221,UNAVAILABLE
lifecycle,perf_counter_attempt,-,196127,0,129710645125852,129710645129073,3.221,UNAVAILABLE
lifecycle,perf_counter_initialization,-,196127,0,129710645080718,129710645149779,69.061,OK
lifecycle,initialization,-,196127,0,129710644822493,129710645169788,347.295,OK
sample,cache_perf_read,-,-1,0,129710645190045,129710645190236,0.191,UNAVAILABLE
sample,cache_perf_read,-,-1,0,129710645208101,129710645208238,0.137,UNAVAILABLE
sample,proc_pid_stat,-,196127,0,129710645225527,129710645284059,58.532,OK
sample,cpu_statistics,-,-1,0,129710645327897,129710645486575,158.678,OK
sample,memory_rss,-,196127,0,129710645515417,129710645623273,107.856,OK
sample,numa_information,-,196127,0,129710645651333,129710646090952,439.619,OK
sample,thread_enumeration,-,196127,0,129710646145061,129710646154790,9.729,OK
sample,thread_enumeration,-,196127,0,129710646189123,129710646189358,0.235,OK
sample,thread_enumeration,-,196127,0,129710646210261,129710646210427,0.166,OK
sample,per_thread_stat,-,196127,196127,129710646229324,129710646291298,61.974,OK
sample,thread_enumeration,-,196127,0,129710646321811,129710646324670,2.859,END
sample,thread_statistics_total,-,196127,0,129710646127478,129710646349186,221.708,OK
sample,csv_formatting_process,-,196127,0,129710646375727,129710646387602,11.875,OK
sample,csv_write_process,-,196127,0,129710646414539,129710646421498,6.959,OK
sample,csv_formatting_threads,-,196127,0,129710646448415,129710646453701,5.286,OK
sample,csv_write_threads,-,196127,0,129710646470189,129710646474510,4.321,OK
sample,monitor_sample_total,-,196127,0,129710645189736,129710646490722,1300.986,OK
lifecycle,finalization,-,196127,0,129710646512363,129710646521607,9.244,OK
lifecycle,monitor_run_pid_once,-,196127,0,129710644822373,129710646545897,1723.524,OK
worker,monitor_execution,APP_196127_38322826,196127,4294967301,129710644811491,129710646566847,1755.356,OK
worker,job_completed,APP_196127_38322826,196127,4294967301,129710646603347,129710646603496,0.149,OK
worker,job_started,APP_196128_38322826,196128,8589934595,129710646636689,129710646636787,0.098,OK
sample,proc_pid_stat,-,196128,0,129710646692616,129710646740143,47.527,OK
lifecycle,perf_counter_attempt,-,196128,0,129710646850642,129710646856155,5.513,UNAVAILABLE
lifecycle,perf_counter_attempt,-,196128,0,129710646882601,129710646885440,2.839,UNAVAILABLE
lifecycle,perf_counter_initialization,-,196128,0,129710646850482,129710646904758,54.276,OK
lifecycle,initialization,-,196128,0,129710646682092,129710646924209,242.117,OK
sample,cache_perf_read,-,-1,0,129710646943684,129710646943809,0.125,UNAVAILABLE
sample,cache_perf_read,-,-1,0,129710646961517,129710646961626,0.109,UNAVAILABLE
sample,proc_pid_stat,-,196128,0,129710646982330,129710647048049,65.719,OK
sample,cpu_statistics,-,-1,0,129710647117052,129710647255599,138.547,OK
sample,memory_rss,-,196128,0,129710647281396,129710647378141,96.745,OK
sample,numa_information,-,196128,0,129710647426807,129710647808754,381.947,OK
sample,thread_enumeration,-,196128,0,129710647852200,129710647858899,6.699,OK
sample,thread_enumeration,-,196128,0,129710647887422,129710647887571,0.149,OK
sample,thread_enumeration,-,196128,0,129710647905389,129710647905551,0.162,OK
sample,per_thread_stat,-,196128,196128,129710647925805,129710647978154,52.349,OK
sample,thread_enumeration,-,196128,0,129710648029654,129710648032616,2.962,END
sample,thread_statistics_total,-,196128,0,129710647837436,129710648068366,230.930,OK
sample,csv_formatting_process,-,196128,0,129710648099278,129710648109892,10.614,OK
sample,csv_write_process,-,196128,0,129710648138904,129710648144713,5.809,OK
sample,csv_formatting_threads,-,196128,0,129710648163612,129710648168151,4.539,OK
sample,csv_write_threads,-,196128,0,129710648185500,129710648189013,3.513,OK
sample,monitor_sample_total,-,196128,0,129710646943407,129710648207602,1264.195,OK
lifecycle,finalization,-,196128,0,129710648226736,129710648234855,8.119,OK
lifecycle,monitor_run_pid_once,-,196128,0,129710646681978,129710648260259,1578.281,OK
worker,monitor_execution,APP_196128_38322826,196128,8589934595,129710646674951,129710648279424,1604.473,OK
worker,job_completed,APP_196128_38322826,196128,8589934595,129710648313820,129710648313945,0.125,OK
discovery,application_discovery_scan,-,-1,0,129710662760426,129710698084903,35324.477,OK
