timestamp,run_id,run_type,mode,application_count,worker_count,application_index,app_id,pid,start_time_ticks,workload,threads,memory_mb,iterations,seed,launch_monotonic_ns,launch_skew_us,benchmark_elapsed_ms,benchmark_throughput,benchmark_cpu_percent,benchmark_rss_kb,benchmark_vms_kb,aggregate_throughput,group_makespan_ms,runtime_cpu_percent,runtime_rss_kb,runtime_vms_kb,runtime_tree_cpu_percent,runtime_tree_rss_kb,runtime_tree_vms_kb,monitor_submissions,monitor_completions,pipeline_completions,mean_queue_wait_us,median_queue_wait_us,max_queue_wait_us,mean_eligibility_wait_us,max_eligibility_wait_us,mean_worker_execution_us,mean_phase3_us,mean_pipeline_serial_wait_us,max_pipeline_serial_wait_us,mean_phase4_us,mean_phase5_us,mean_phase6_us,mean_completion_latency_us,max_completion_latency_us,max_queue_depth,deferred_jobs,saturation_events,discovery_scan_count,discovery_total_us,discovery_mean_us,runtime_cycle_total_us,evaluation_interval_observed_ms,max_evaluation_interval_observed_ms,eligible_opportunities,status,outcome,notes
2026-08-20T16:35:50Z,primary-a1-w1-warmup-1-baseline,WARMUP,BASELINE,1,1,0,NA,243618,46810299,mixed,1,8,17841231,12345,159495655556108,0.000,3607.868,4945089.390,99.382,9928.000,19212.000,4908773.087,3634.560,NA,NA,NA,NA,NA,NA,,,,,,,,,,,,,,,,,,NA,0,0,0,NA,NA,NA,,NA,,MEASURED,NOT_RUN,
2026-08-20T16:35:54Z,primary-a1-w1-warmup-1-integrated,WARMUP,INTEGRATED,1,1,0,APP_243622_46810663,243622,46810663,mixed,1,8,17841231,12345,159499294076650,0.000,3804.862,4689060.939,99.461,9928.000,19212.000,4651294.248,3835.756,22.577,5444.000,81896.000,22.577,8048.000,162016.000,32,31,3,218.589,111.073,2433.465,25217.367,70542.538,1976.259,1971.495,226.550,247.874,6189.609,8030.781,5959.058,2215.112,8230.378,0.000,0,0,16,768325.676,48020.355,1031335.483,1045.872,1047.078,30,MEASURED,INSUFFICIENT,Error: target PID 243622 is unavailable for one sample.
2026-08-20T16:35:59Z,primary-a1-w1-warmup-2-integrated,WARMUP,INTEGRATED,1,1,0,APP_243635_46811082,243635,46811082,mixed,1,8,17841231,12345,159503478247466,0.000,3767.510,4735549.178,99.671,9864.000,19212.000,4698105.916,3797.537,21.752,5476.000,81888.000,21.752,10048.000,163776.000,31,30,3,227.639,121.713,2362.893,27718.226,80562.579,2096.826,2089.589,193.221,227.854,4979.275,5088.448,4375.282,2342.970,5095.484,0.000,0,0,16,712887.786,44555.487,1023165.200,1029.399,1036.117,30,MEASURED,INSUFFICIENT,Error: target PID 243635 is unavailable for one sample.
2026-08-20T16:36:03Z,primary-a1-w1-warmup-2-baseline,WARMUP,BASELINE,1,1,0,NA,243648,46811498,mixed,1,8,17841231,12345,159507640828893,0.000,3861.441,4620355.807,99.607,9928.000,19212.000,4589175.908,3887.676,NA,NA,NA,NA,NA,NA,,,,,,,,,,,,,,,,,,NA,0,0,0,NA,NA,NA,,NA,,MEASURED,NOT_RUN,
2026-08-20T16:36:07Z,primary-a1-w1-warmup-3-baseline,WARMUP,BASELINE,1,1,0,NA,243662,46811887,mixed,1,8,17841231,12345,159511532767291,0.000,3983.593,4478677.729,99.498,9864.000,19212.000,4446802.109,4012.149,NA,NA,NA,NA,NA,NA,,,,,,,,,,,,,,,,,,NA,0,0,0,NA,NA,NA,,NA,,MEASURED,NOT_RUN,
2026-08-20T16:36:11Z,primary-a1-w1-warmup-3-integrated,WARMUP,INTEGRATED,1,1,0,APP_243745_46812289,243745,46812289,mixed,1,8,17841231,12345,159515551690576,0.000,3802.389,4692111.180,99.843,9928.000,19212.000,4655415.911,3832.360,22.414,5736.000,81860.000,22.414,8324.000,85844.000,31,31,3,147.206,127.733,827.422,26533.388,68854.725,1935.266,1929.858,259.519,302.713,5487.356,6646.992,4784.925,2101.279,3771.786,0.000,0,0,16,752395.790,47024.737,1027223.168,1036.446,1045.144,30,MEASURED,INSUFFICIENT,
2026-08-20T16:36:15Z,primary-a1-w1-measured-4-integrated,MEASURED,INTEGRATED,1,1,0,APP_243760_46812705,243760,46812705,mixed,1,8,17841231,12345,159519717082452,0.000,3705.945,4814218.760,99.701,9928.000,19212.000,4774138.295,3737.058,22.054,5544.000,81852.000,22.054,10116.000,163704.000,30,30,3,165.318,125.042,818.180,26679.615,60659.417,1932.327,1926.947,206.372,239.738,4876.384,7143.615,6074.978,2120.084,3220.117,0.000,0,0,16,738688.763,46168.048,1032296.881,1036.819,1045.252,28,MEASURED,INSUFFICIENT,
2026-08-20T16:36:19Z,primary-a1-w1-measured-4-baseline,MEASURED,BASELINE,1,1,0,NA,243773,46813126,mixed,1,8,17841231,12345,159523918285552,0.000,3592.859,4965747.068,99.442,9924.000,19212.000,4925065.871,3622.537,NA,NA,NA,NA,NA,NA,,,,,,,,,,,,,,,,,,NA,0,0,0,NA,NA,NA,,NA,,MEASURED,NOT_RUN,
2026-08-20T16:36:22Z,primary-a1-w1-measured-5-baseline,MEASURED,BASELINE,1,1,0,NA,243775,46813488,mixed,1,8,17841231,12345,159527544621743,0.000,3625.427,4921138.543,99.282,9928.000,19212.000,4890416.817,3648.203,NA,NA,NA,NA,NA,NA,,,,,,,,,,,,,,,,,,NA,0,0,0,NA,NA,NA,,NA,,MEASURED,NOT_RUN,
2026-08-20T16:36:26Z,primary-a1-w1-measured-5-integrated,MEASURED,INTEGRATED,1,1,0,APP_243778_46813853,243778,46813853,mixed,1,8,17841231,12345,159531196863775,0.000,3737.046,4774152.857,99.371,9928.000,19212.000,4747739.989,3757.837,22.648,5596.000,81876.000,22.648,10148.000,163752.000,30,30,3,195.635,120.351,1213.193,27856.797,70484.878,2075.055,2070.019,181.479,206.443,4973.024,6353.090,5235.204,2295.090,4000.180,0.000,0,0,16,750698.647,46918.665,1027601.480,1033.047,1039.286,28,MEASURED,INSUFFICIENT,
2026-08-20T16:36:31Z,primary-a1-w1-measured-6-integrated,MEASURED,INTEGRATED,1,1,0,APP_243791_46814270,243791,46814270,mixed,1,8,17841231,12345,159535367249620,0.000,3710.311,4808554.355,99.364,9928.000,19212.000,4768363.091,3741.584,21.950,5736.000,81876.000,21.950,8056.000,85860.000,30,30,3,272.697,134.688,2647.902,26542.433,77098.874,1960.506,1954.744,223.425,235.397,5350.532,5543.145,4351.362,2254.581,5165.121,0.000,0,0,16,741941.051,46371.316,1025557.899,1026.748,1032.830,28,MEASURED,INSUFFICIENT,
2026-08-20T16:36:34Z,primary-a1-w1-measured-6-baseline,MEASURED,BASELINE,1,1,0,NA,243804,46814686,mixed,1,8,17841231,12345,159539527096728,0.000,3717.011,4799886.957,99.514,9864.000,19212.000,4770089.636,3740.230,NA,NA,NA,NA,NA,NA,,,,,,,,,,,,,,,,,,NA,0,0,0,NA,NA,NA,,NA,,MEASURED,NOT_RUN,
2026-08-20T16:36:38Z,primary-a1-w1-measured-7-baseline,MEASURED,BASELINE,1,1,0,NA,243817,46815061,mixed,1,8,17841231,12345,159543271494065,0.000,3653.721,4883030.522,99.759,9928.000,19212.000,4846890.786,3680.964,NA,NA,NA,NA,NA,NA,,,,,,,,,,,,,,,,,,NA,0,0,0,NA,NA,NA,,NA,,MEASURED,NOT_RUN,
2026-08-20T16:36:42Z,primary-a1-w1-measured-7-integrated,MEASURED,INTEGRATED,1,1,0,APP_243819_46815429,243819,46815429,mixed,1,8,17841231,12345,159546956482165,0.000,3689.398,4835811.146,99.331,9864.000,19212.000,4795014.496,3720.788,22.551,5596.000,81876.000,22.551,8256.000,161992.000,29,29,3,220.728,119.744,2179.049,29472.066,70870.986,2043.020,2037.410,231.151,258.002,5297.425,5685.288,4787.665,2282.067,4950.237,0.000,0,0,16,756745.339,47296.584,1018496.395,1024.559,1031.407,28,MEASURED,INSUFFICIENT,
2026-08-20T16:36:46Z,primary-a1-w1-measured-8-integrated,MEASURED,INTEGRATED,1,1,0,APP_243832_46815843,243832,46815843,mixed,1,8,17841231,12345,159551088981417,0.000,3669.304,4862292.354,99.284,9924.000,19212.000,4832753.758,3691.732,22.496,5528.000,81876.000,22.496,10084.000,163752.000,29,29,3,148.872,127.377,548.402,27860.644,66646.067,2028.598,2021.701,219.200,287.058,5146.963,6288.658,5216.026,2195.237,3377.218,0.000,0,0,16,753817.292,47113.581,1022424.875,1027.616,1033.393,28,MEASURED,INSUFFICIENT,
2026-08-20T16:36:50Z,primary-a1-w1-measured-8-baseline,MEASURED,BASELINE,1,1,0,NA,243845,46816257,mixed,1,8,17841231,12345,159555234179487,0.000,3637.866,4904312.265,99.747,9928.000,19212.000,4873015.263,3661.230,NA,NA,NA,NA,NA,NA,,,,,,,,,,,,,,,,,,NA,0,0,0,NA,NA,NA,,NA,,MEASURED,NOT_RUN,
2026-08-20T16:36:54Z,primary-a1-w2-warmup-1-baseline,WARMUP,BASELINE,1,2,0,NA,243849,46816624,mixed,1,8,17841231,12345,159558899422629,0.000,3615.177,4935091.304,99.404,9928.000,19212.000,4882891.275,3653.825,NA,NA,NA,NA,NA,NA,,,,,,,,,,,,,,,,,,NA,0,0,0,NA,NA,NA,,NA,,MEASURED,NOT_RUN,
2026-08-20T16:36:58Z,primary-a1-w2-warmup-1-integrated,WARMUP,INTEGRATED,1,2,0,APP_243851_46816990,243851,46816990,mixed,1,8,17841231,12345,159562558221961,0.000,3733.447,4778755.587,99.449,9928.000,19212.000,4735299.236,3767.709,22.231,5624.000,155608.000,22.231,7908.000,159592.000,30,29,3,198.425,119.968,2091.066,29197.252,77575.885,2114.160,2108.266,191.317,204.837,4416.601,5091.165,4314.420,2333.402,5395.372,0.000,0,0,16,743385.617,46461.601,1023647.136,1026.191,1027.769,29,MEASURED,INSUFFICIENT,Error: target PID 243851 is unavailable for one sample.
2026-08-20T16:37:02Z,primary-a1-w2-warmup-2-integrated,WARMUP,INTEGRATED,1,2,0,APP_243865_46817407,243865,46817407,mixed,1,8,17841231,12345,159566730470546,0.000,3751.737,4755459.186,99.663,9928.000,19212.000,4710097.595,3787.869,22.120,5600.000,155608.000,22.120,6788.000,159540.000,31,30,3,228.160,130.053,2383.451,27275.114,61681.676,2131.219,2126.107,186.261,215.134,4604.796,5008.324,4398.721,2380.525,5968.438,0.000,0,0,16,738013.352,46125.834,1018152.276,1023.705,1028.943,29,MEASURED,INSUFFICIENT,Error: target PID 243865 is unavailable for one sample.
2026-08-20T16:37:06Z,primary-a1-w2-warmup-2-baseline,WARMUP,BASELINE,1,2,0,NA,243883,46817820,mixed,1,8,17841231,12345,159570867215995,0.000,3641.386,4899571.211,99.505,10184.000,19212.000,4860898.406,3670.357,NA,NA,NA,NA,NA,NA,,,,,,,,,,,,,,,,,,NA,0,0,0,NA,NA,NA,,NA,,MEASURED,NOT_RUN,
2026-08-20T16:37:09Z,primary-a1-w2-warmup-3-baseline,WARMUP,BASELINE,1,2,0,NA,243886,46818188,mixed,1,8,17841231,12345,159574541455414,0.000,3690.314,4834610.263,99.521,9928.000,19212.000,4796284.900,3719.802,NA,NA,NA,NA,NA,NA,,,,,,,,,,,,,,,,,,NA,0,0,0,NA,NA,NA,,NA,,MEASURED,NOT_RUN,
2026-08-20T16:37:13Z,primary-a1-w2-warmup-3-integrated,WARMUP,INTEGRATED,1,2,0,APP_243888_46818560,243888,46818560,mixed,1,8,17841231,12345,159578267307956,0.000,3728.663,4784887.310,99.603,9924.000,19212.000,4743970.959,3760.822,23.298,5732.000,155608.000,23.298,9920.000,311216.000,30,29,3,268.568,128.897,1524.305,29271.472,71275.066,2122.516,2115.654,201.421,233.178,6018.350,5467.089,5405.796,2413.944,8253.839,0.000,0,0,16,796089.559,49755.597,1028952.739,1035.825,1039.076,29,MEASURED,INSUFFICIENT,Error: target PID 243888 is unavailable for one sample.
2026-08-20T16:37:18Z,primary-a1-w2-measured-4-integrated,MEASURED,INTEGRATED,1,2,0,APP_243902_46818980,243902,46818980,mixed,1,8,17841231,12345,159582463260157,0.000,3746.313,4762343.392,99.701,9928.000,19212.000,4723660.879,3776.992,22.783,5464.000,155608.000,22.783,9944.000,311216.000,31,30,3,332.582,136.252,2686.199,28158.897,83962.564,1855.464,1849.387,218.701,229.298,5386.269,6641.499,5605.566,2199.122,5511.337,0.000,0,0,16,765971.251,47873.203,1030868.100,1035.252,1040.405,30,MEASURED,INSUFFICIENT,Error: target PID 243902 is unavailable for one sample.
2026-08-20T16:37:21Z,primary-a1-w2-measured-4-baseline,MEASURED,BASELINE,1,2,0,NA,243916,46819398,mixed,1,8,17841231,12345,159586646973736,0.000,3590.273,4969324.860,99.518,9928.000,19212.000,4929147.038,3619.537,NA,NA,NA,NA,NA,NA,,,,,,,,,,,,,,,,,,NA,0,0,0,NA,NA,NA,,NA,,MEASURED,NOT_RUN,
2026-08-20T16:37:24Z,primary-a1-w2-measured-5-baseline,MEASURED,BASELINE,1,2,0,NA,243919,46819761,mixed,1,8,17841231,12345,159590270062052,0.000,3107.237,5741831.177,99.301,10120.000,19212.000,5693113.085,3133.827,NA,NA,NA,NA,NA,NA,,,,,,,,,,,,,,,,,,NA,0,0,0,NA,NA,NA,,NA,,MEASURED,NOT_RUN,
2026-08-20T16:37:29Z,primary-a1-w2-measured-5-integrated,MEASURED,INTEGRATED,1,2,0,APP_243921_46820074,243921,46820074,mixed,1,8,17841231,12345,159593406835983,0.000,3089.323,5775127.314,99.765,9928.000,19212.000,5734093.256,3111.430,18.334,5460.000,155608.000,18.334,7792.000,159592.000,26,26,3,185.702,103.469,1785.362,21678.785,68970.279,1654.129,1649.037,152.133,157.088,4549.016,5449.099,5027.745,1855.844,4392.581,0.000,0,0,16,605658.406,37853.650,1023604.689,1030.135,1032.523,24,MEASURED,INSUFFICIENT,
2026-08-20T16:37:33Z,primary-a1-w2-measured-6-integrated,MEASURED,INTEGRATED,1,2,0,APP_243935_46820489,243935,46820489,mixed,1,8,17841231,12345,159597557323548,0.000,3260.114,5472579.643,99.586,9928.000,19212.000,5425394.928,3288.467,19.055,5468.000,155600.000,19.055,10076.000,311200.000,28,27,3,138.352,114.864,603.326,24329.639,66819.810,1595.451,1591.410,179.814,215.608,4055.329,5285.027,4712.519,1751.687,2671.315,0.000,0,0,16,640396.368,40024.773,1024738.895,1030.809,1038.757,26,MEASURED,INSUFFICIENT,Error: target PID 243935 is unavailable for one sample.
2026-08-20T16:37:36Z,primary-a1-w2-measured-6-baseline,MEASURED,BASELINE,1,2,0,NA,243961,46820903,mixed,1,8,17841231,12345,159601692216753,0.000,2951.049,6045725.127,99.274,9928.000,19212.000,6000111.421,2973.483,NA,NA,NA,NA,NA,NA,,,,,,,,,,,,,,,,,,NA,0,0,0,NA,NA,NA,,NA,,MEASURED,NOT_RUN,
2026-08-20T16:37:39Z,primary-a1-w2-measured-7-baseline,MEASURED,BASELINE,1,2,0,NA,243963,46821201,mixed,1,8,17841231,12345,159604668483750,0.000,2981.069,5984844.194,99.367,9864.000,19212.000,5925882.410,3010.730,NA,NA,NA,NA,NA,NA,,,,,,,,,,,,,,,,,,NA,0,0,0,NA,NA,NA,,NA,,MEASURED,NOT_RUN,
2026-08-20T16:37:43Z,primary-a1-w2-measured-7-integrated,MEASURED,INTEGRATED,1,2,0,APP_243965_46821502,243965,46821502,mixed,1,8,17841231,12345,159607683539627,0.000,3169.818,5628472.003,98.842,9864.000,19212.000,5589923.080,3191.677,19.011,5600.000,155608.000,19.011,8000.000,159592.000,27,27,3,278.286,102.427,2665.978,24957.720,71686.037,1687.608,1682.433,174.147,187.928,5242.377,5601.868,4909.062,1983.930,4279.803,0.000,0,0,16,634233.613,39639.601,1025548.115,1024.280,1025.027,24,MEASURED,INSUFFICIENT,
2026-08-20T16:37:47Z,primary-a1-w2-measured-8-integrated,MEASURED,INTEGRATED,1,2,0,APP_243980_46821918,243980,46821918,mixed,1,8,17841231,12345,159611843986252,0.000,3497.354,5101350.484,99.523,9928.000,19212.000,5065800.948,3521.897,20.482,5684.000,155608.000,20.482,10176.000,311216.000,30,29,3,151.596,107.336,732.740,24107.511,84312.494,1915.158,1910.924,171.224,198.176,4454.949,5109.361,4968.344,2087.911,4439.162,0.000,0,0,16,666178.489,41636.156,1024163.904,1036.929,1039.566,27,MEASURED,INSUFFICIENT,
2026-08-20T16:37:51Z,primary-a1-w2-measured-8-baseline,MEASURED,BASELINE,1,2,0,NA,243994,46822335,mixed,1,8,17841231,12345,159616013713299,0.000,3601.333,4954063.394,99.522,10248.000,19212.000,4915586.970,3629.522,NA,NA,NA,NA,NA,NA,,,,,,,,,,,,,,,,,,NA,0,0,0,NA,NA,NA,,NA,,MEASURED,NOT_RUN,
2026-08-20T16:37:54Z,primary-a1-w4-warmup-1-baseline,WARMUP,BASELINE,1,4,0,NA,243998,46822698,mixed,1,8,17841231,12345,159619647381270,0.000,3716.003,4801188.611,99.731,9928.000,19212.000,4767702.100,3742.103,NA,NA,NA,NA,NA,NA,,,,,,,,,,,,,,,,,,NA,0,0,0,NA,NA,NA,,NA,,MEASURED,NOT_RUN,
2026-08-20T16:37:59Z,primary-a1-w4-warmup-1-integrated,WARMUP,INTEGRATED,1,4,0,APP_244000_46823073,244000,46823073,mixed,1,8,17841231,12345,159623395870945,0.000,3739.503,4771017.025,99.039,9928.000,19212.000,4729497.892,3772.331,22.027,5736.000,303076.000,22.027,10464.000,606152.000,31,30,3,260.520,137.918,1729.522,28092.066,81383.816,2001.299,1994.193,191.439,204.045,4928.286,5291.472,4775.894,2278.972,4510.452,0.000,0,0,16,756644.549,47290.284,1020596.761,1024.640,1029.879,30,MEASURED,INSUFFICIENT,Error: target PID 244000 is unavailable for one sample.
2026-08-20T16:38:03Z,primary-a1-w4-warmup-2-integrated,WARMUP,INTEGRATED,1,4,0,APP_244017_46823488,244017,46823488,mixed,1,8,17841231,12345,159627542778911,0.000,3626.488,4919699.020,99.870,9928.000,19212.000,4886801.330,3650.902,21.100,5880.000,303076.000,21.100,10608.000,606152.000,29,29,3,197.136,132.925,1236.637,26144.855,76027.450,2396.076,2388.998,183.519,214.150,4890.060,5793.944,4852.339,2618.714,8277.573,0.000,0,0,16,692472.252,43279.516,1030598.444,1031.878,1041.323,28,MEASURED,INSUFFICIENT,
2026-08-20T16:38:06Z,primary-a1-w4-warmup-2-baseline,WARMUP,BASELINE,1,4,0,NA,244038,46823906,mixed,1,8,17841231,12345,159631721463910,0.000,3675.872,4853604.556,99.389,9928.000,19212.000,4815736.529,3704.777,NA,NA,NA,NA,NA,NA,,,,,,,,,,,,,,,,,,NA,0,0,0,NA,NA,NA,,NA,,MEASURED,NOT_RUN,
2026-08-20T16:38:10Z,primary-a1-w4-warmup-3-baseline,WARMUP,BASELINE,1,4,0,NA,244040,46824277,mixed,1,8,17841231,12345,159635429998441,0.000,3646.428,4892796.589,99.273,9928.000,19212.000,4862645.439,3669.038,NA,NA,NA,NA,NA,NA,,,,,,,,,,,,,,,,,,NA,0,0,0,NA,NA,NA,,NA,,MEASURED,NOT_RUN,
2026-08-20T16:38:14Z,primary-a1-w4-warmup-3-integrated,WARMUP,INTEGRATED,1,4,0,APP_244042_46824644,244042,46824644,mixed,1,8,17841231,12345,159639102984273,0.000,3869.964,4610180.266,98.477,9928.000,19212.000,4581250.700,3894.402,23.990,5724.000,303076.000,23.990,6616.000,307008.000,31,30,3,218.994,138.275,1486.019,31436.024,82421.137,2139.637,2133.690,175.518,194.931,4809.602,5654.858,4966.299,2377.352,4900.235,0.000,0,0,16,807621.023,50476.314,1022267.723,1020.123,1023.576,29,MEASURED,INSUFFICIENT,Error: target PID 244042 is unavailable for one sample.
2026-08-20T16:38:18Z,primary-a1-w4-measured-4-integrated,MEASURED,INTEGRATED,1,4,0,APP_244067_46825059,244067,46825059,mixed,1,8,17841231,12345,159643255287491,0.000,3503.298,5092696.282,98.759,10180.000,19212.000,5039325.361,3540.401,22.403,5572.000,303076.000,22.403,6156.000,306988.000,28,27,3,183.804,124.886,1506.621,30470.272,69538.572,1960.123,1953.443,187.518,197.405,4331.710,5013.171,5128.806,2162.926,3665.953,0.000,0,0,16,776194.845,48512.178,1025526.167,1026.747,1029.814,27,MEASURED,INSUFFICIENT,Error: target PID 244067 is unavailable for one sample.
2026-08-20T16:38:22Z,primary-a1-w4-measured-4-baseline,MEASURED,BASELINE,1,4,0,NA,244089,46825476,mixed,1,8,17841231,12345,159647425987921,0.000,3764.545,4739279.034,99.139,9928.000,19212.000,4713816.284,3784.880,NA,NA,NA,NA,NA,NA,,,,,,,,,,,,,,,,,,NA,0,0,0,NA,NA,NA,,NA,,MEASURED,NOT_RUN,
2026-08-20T16:38:26Z,primary-a1-w4-measured-5-baseline,MEASURED,BASELINE,1,4,0,NA,244095,46825855,mixed,1,8,17841231,12345,159651214844448,0.000,3603.735,4950761.224,99.085,9864.000,19212.000,4907666.042,3635.380,NA,NA,NA,NA,NA,NA,,,,,,,,,,,,,,,,,,NA,0,0,0,NA,NA,NA,,NA,,MEASURED,NOT_RUN,
2026-08-20T16:38:30Z,primary-a1-w4-measured-5-integrated,MEASURED,INTEGRATED,1,4,0,APP_244101_46826219,244101,46826219,mixed,1,8,17841231,12345,159654855718073,0.000,3586.486,4974571.736,99.327,9928.000,19212.000,4928016.686,3620.367,21.733,5408.000,303064.000,21.733,9988.000,606128.000,29,29,3,146.545,132.648,560.680,24630.898,59293.885,1980.961,1974.702,204.385,253.068,5288.249,5181.478,4497.354,2142.655,3046.021,0.000,0,0,16,720400.869,45025.054,1023293.625,1026.713,1032.180,28,MEASURED,INSUFFICIENT,
2026-08-20T16:38:34Z,primary-a1-w4-measured-6-integrated,MEASURED,INTEGRATED,1,4,0,APP_244117_46826635,244117,46826635,mixed,1,8,17841231,12345,159659009226216,0.000,3646.968,4892072.039,99.203,9928.000,19212.000,4855582.996,3674.375,22.047,5732.000,303064.000,22.047,9756.000,606128.000,29,29,3,182.247,124.947,1253.374,27653.673,64482.992,2057.004,2050.322,181.402,202.290,5471.179,6222.433,5960.279,2257.352,4173.911,0.000,0,0,16,735942.186,45996.387,1030514.383,1030.642,1038.755,28,MEASURED,INSUFFICIENT,
2026-08-20T16:38:38Z,primary-a1-w4-measured-6-baseline,MEASURED,BASELINE,1,4,0,NA,244145,46827053,mixed,1,8,17841231,12345,159663194060953,0.000,3444.869,5179074.090,99.746,10056.000,19212.000,5140544.520,3470.689,NA,NA,NA,NA,NA,NA,,,,,,,,,,,,,,,,,,NA,0,0,0,NA,NA,NA,,NA,,MEASURED,NOT_RUN,
2026-08-20T16:38:41Z,primary-a1-w4-measured-7-baseline,MEASURED,BASELINE,1,4,0,NA,244152,46827401,mixed,1,8,17841231,12345,159666668959638,0.000,3545.094,5032653.956,99.848,9864.000,19212.000,5001096.315,3567.464,NA,NA,NA,NA,NA,NA,,,,,,,,,,,,,,,,,,NA,0,0,0,NA,NA,NA,,NA,,MEASURED,NOT_RUN,
2026-08-20T16:38:45Z,primary-a1-w4-measured-7-integrated,MEASURED,INTEGRATED,1,4,0,APP_244154_46827758,244154,46827758,mixed,1,8,17841231,12345,159670241949295,0.000,3542.174,5036801.899,99.895,9928.000,19212.000,4997763.476,3569.843,22.125,5616.000,303076.000,22.125,7616.000,306924.000,29,28,3,121.157,120.133,192.358,27953.317,77052.211,1978.795,1970.767,204.042,233.230,4927.077,5210.651,4580.801,2123.004,3135.028,0.000,0,0,16,735305.976,45956.624,1027068.611,1026.086,1028.680,28,MEASURED,INSUFFICIENT,Error: target PID 244154 is unavailable for one sample.
2026-08-20T16:38:50Z,primary-a1-w4-measured-8-integrated,MEASURED,INTEGRATED,1,4,0,APP_244170_46828175,244170,46828175,mixed,1,8,17841231,12345,159674417329331,0.000,3616.030,4933927.674,99.459,9928.000,19212.000,4894598.501,3645.086,21.962,5724.000,303076.000,21.962,8020.000,307060.000,29,29,3,140.538,130.690,564.832,29029.061,69775.323,2270.158,2263.222,181.893,209.327,4776.116,6709.401,4858.569,2434.414,6536.852,0.000,0,0,16,711944.233,44496.515,1024908.623,1029.603,1036.940,28,MEASURED,INSUFFICIENT,
2026-08-20T16:38:53Z,primary-a1-w4-measured-8-baseline,MEASURED,BASELINE,1,4,0,NA,244192,46828592,mixed,1,8,17841231,12345,159678584069179,0.000,3657.865,4877498.659,99.470,9928.000,19212.000,4845845.591,3681.758,NA,NA,NA,NA,NA,NA,,,,,,,,,,,,,,,,,,NA,0,0,0,NA,NA,NA,,NA,,MEASURED,NOT_RUN,
2026-08-20T16:38:57Z,primary-a2-w1-warmup-1-baseline,WARMUP,BASELINE,2,1,0,NA,244200,46828961,mixed,1,8,17841231,12345,159682272075956,1577.084,3694.693,4828880.322,99.499,10056.000,19212.000,9501347.243,3755.516,NA,NA,NA,NA,NA,NA,,,,,,,,,,,,,,,,,,NA,0,0,0,NA,NA,NA,,NA,,MEASURED,NOT_RUN,
2026-08-20T16:38:57Z,primary-a2-w1-warmup-1-baseline,WARMUP,BASELINE,2,1,1,NA,244201,46828961,mixed,1,8,17841231,12346,159682273653040,1577.084,3725.318,4789183.839,99.434,9928.000,19212.000,9501347.243,3755.516,NA,NA,NA,NA,NA,NA,,,,,,,,,,,,,,,,,,NA,0,0,0,NA,NA,NA,,NA,,MEASURED,NOT_RUN,
2026-08-20T16:39:01Z,primary-a2-w1-warmup-1-integrated,WARMUP,INTEGRATED,2,1,0,APP_244204_46829337,244204,46829337,mixed,1,8,17841231,12345,159686035961437,1447.003,3798.438,4696991.811,99.298,9928.000,19212.000,9329962.860,3824.502,24.763,5748.000,81868.000,24.763,9664.000,163736.000,31,30,3,335.170,143.837,2464.652,29150.721,73530.503,2061.182,2055.242,225.333,259.842,5011.037,5582.724,5434.635,2418.964,5150.783,1.000,0,0,16,800473.511,50029.594,1040077.944,1053.646,1062.395,30,MEASURED,INSUFFICIENT,"Error: target PID 244205 is unavailable for one sample.
Error: target PID 244204 is unavailable for one sample."
2026-08-20T16:39:01Z,primary-a2-w1-warmup-1-integrated,WARMUP,INTEGRATED,2,1,1,APP_244205_46829337,244205,46829337,mixed,1,8,17841231,12346,159686037408440,1447.003,3765.915,4737555.601,99.066,9928.000,19212.000,9329962.860,3824.502,24.763,5748.000,81868.000,24.763,9664.000,163736.000,30,29,3,2442.796,2345.499,5132.343,29914.531,73499.762,1992.677,1986.236,17944.681,23660.713,5701.458,5598.371,5206.168,4456.204,8621.533,1.000,0,0,16,800473.511,50029.594,1040077.944,1052.127,1066.706,29,MEASURED,INSUFFICIENT,"Error: target PID 244205 is unavailable for one sample.
Error: target PID 244204 is unavailable for one sample."
2026-08-20T16:39:06Z,primary-a2-w1-warmup-2-integrated,WARMUP,INTEGRATED,2,1,0,APP_244228_46829765,244228,46829765,mixed,1,8,17841231,12345,159690309772354,1461.992,3803.380,4690888.257,98.495,9928.000,19212.000,9253858.140,3855.955,23.748,5480.000,81856.000,23.748,7740.000,85828.000,31,30,3,325.330,134.996,4407.506,28440.846,73416.909,1977.365,1972.411,230.926,237.462,6101.925,5859.795,5713.506,2318.230,6785.936,1.000,0,0,16,757049.240,47315.577,1042105.988,1049.779,1051.062,29,MEASURED,INSUFFICIENT,"Error: target PID 244228 is unavailable for one sample.
Error: target PID 244229 is unavailable for one sample."
2026-08-20T16:39:06Z,primary-a2-w1-warmup-2-integrated,WARMUP,INTEGRATED,2,1,1,APP_244229_46829765,244229,46829765,mixed,1,8,17841231,12346,159690311234346,1461.992,3785.621,4712893.705,98.812,9928.000,19212.000,9253858.140,3855.955,23.748,5480.000,81856.000,23.748,7740.000,85828.000,31,30,3,2172.504,2083.369,3390.999,28440.886,73431.652,2105.444,2099.969,19243.821,20695.883,4743.938,6110.989,5908.403,4296.784,8669.531,1.000,0,0,16,757049.240,47315.577,1042105.988,1050.228,1056.049,29,MEASURED,INSUFFICIENT,"Error: target PID 244228 is unavailable for one sample.
Error: target PID 244229 is unavailable for one sample."
2026-08-20T16:39:09Z,primary-a2-w1-warmup-2-baseline,WARMUP,BASELINE,2,1,0,NA,244256,46830193,mixed,1,8,17841231,12345,159694593597696,1271.116,3698.308,4824160.653,99.666,9928.000,19212.000,9494071.799,3758.394,NA,NA,NA,NA,NA,NA,,,,,,,,,,,,,,,,,,NA,0,0,0,NA,NA,NA,,NA,,MEASURED,NOT_RUN,
2026-08-20T16:39:09Z,primary-a2-w1-warmup-2-baseline,WARMUP,BASELINE,2,1,1,NA,244257,46830193,mixed,1,8,17841231,12346,159694594868812,1271.116,3735.508,4776118.831,99.612,9928.000,19212.000,9494071.799,3758.394,NA,NA,NA,NA,NA,NA,,,,,,,,,,,,,,,,,,NA,0,0,0,NA,NA,NA,,NA,,MEASURED,NOT_RUN,
2026-08-20T16:39:13Z,primary-a2-w1-warmup-3-baseline,WARMUP,BASELINE,2,1,0,NA,244260,46830569,mixed,1,8,17841231,12345,159698357565349,1281.592,3697.003,4825863.683,99.530,9924.000,19212.000,9423630.417,3786.488,NA,NA,NA,NA,NA,NA,,,,,,,,,,,,,,,,,,NA,0,0,0,NA,NA,NA,,NA,,MEASURED,NOT_RUN,
2026-08-20T16:39:13Z,primary-a2-w1-warmup-3-baseline,WARMUP,BASELINE,2,1,1,NA,244261,46830570,mixed,1,8,17841231,12346,159698358846941,1281.592,3762.594,4741736.662,99.132,9928.000,19212.000,9423630.417,3786.488,NA,NA,NA,NA,NA,NA,,,,,,,,,,,,,,,,,,NA,0,0,0,NA,NA,NA,,NA,,MEASURED,NOT_RUN,
2026-08-20T16:39:17Z,primary-a2-w1-warmup-3-integrated,WARMUP,INTEGRATED,2,1,0,APP_244264_46830949,244264,46830949,mixed,1,8,17841231,12345,159702149461762,1341.587,3787.020,4711152.782,99.425,9928.000,19212.000,9151256.662,3899.187,25.352,5740.000,81888.000,25.352,10320.000,163776.000,31,30,3,333.287,148.571,1545.218,28669.352,68111.077,2089.026,2083.643,212.641,222.221,4426.182,5460.311,4447.569,2511.763,4770.950,1.000,0,0,16,809539.265,50596.204,1027120.965,1038.343,1038.837,29,MEASURED,INSUFFICIENT,Error: target PID 244264 is unavailable for one sample.
2026-08-20T16:39:17Z,primary-a2-w1-warmup-3-integrated,WARMUP,INTEGRATED,2,1,1,APP_244265_46830949,244265,46830949,mixed,1,8,17841231,12346,159702150803349,1341.587,3868.859,4611496.376,99.177,9928.000,19212.000,9151256.662,3899.187,25.352,5740.000,81888.000,25.352,10320.000,163776.000,31,31,3,2471.072,2373.345,4721.771,28669.634,68099.884,2543.909,2538.809,15840.526,17095.857,4334.037,5094.840,4460.137,5034.325,10011.891,1.000,0,0,16,809539.265,50596.204,1027120.965,1039.540,1040.104,29,MEASURED,INSUFFICIENT,Error: target PID 244264 is unavailable for one sample.
2026-08-20T16:39:22Z,primary-a2-w1-measured-4-integrated,MEASURED,INTEGRATED,2,1,0,APP_244288_46831369,244288,46831369,mixed,1,8,17841231,12345,159706355602714,1306.309,3938.800,4529610.225,98.847,9928.000,19212.000,9004426.275,3962.769,24.722,5612.000,81888.000,24.722,7876.000,85860.000,32,32,3,520.769,143.678,7560.039,28234.469,89483.988,2114.273,2109.216,205.798,220.088,9547.090,9974.892,9732.635,2661.462,10000.258,1.000,0,0,16,818600.362,51162.523,1051404.674,1081.004,1084.785,30,MEASURED,INSUFFICIENT,Error: target PID 244289 is unavailable for one sample.
2026-08-20T16:39:22Z,primary-a2-w1-measured-4-integrated,MEASURED,INTEGRATED,2,1,1,APP_244289_46831369,244289,46831369,mixed,1,8,17841231,12346,159706356909023,1306.309,3875.470,4603630.237,97.677,9928.000,19212.000,9004426.275,3962.769,24.722,5612.000,81888.000,24.722,7876.000,85860.000,32,31,3,2618.981,2320.694,9956.102,28233.089,89448.855,2295.165,2289.673,31549.717,54995.547,7364.344,9457.495,7948.738,4934.578,19911.692,1.000,0,0,16,818600.362,51162.523,1051404.674,1083.113,1110.982,30,MEASURED,INSUFFICIENT,Error: target PID 244289 is unavailable for one sample.
2026-08-20T16:39:25Z,primary-a2-w1-measured-4-baseline,MEASURED,BASELINE,2,1,0,NA,244312,46831800,mixed,1,8,17841231,12345,159710663674206,1281.597,3395.532,5254326.344,98.798,9928.000,19212.000,10449787.432,3414.659,NA,NA,NA,NA,NA,NA,,,,,,,,,,,,,,,,,,NA,0,0,0,NA,NA,NA,,NA,,MEASURED,NOT_RUN,
2026-08-20T16:39:25Z,primary-a2-w1-measured-4-baseline,MEASURED,BASELINE,2,1,1,NA,244313,46831800,mixed,1,8,17841231,12346,159710664955803,1281.597,3308.968,5391780.499,98.637,9924.000,19212.000,10449787.432,3414.659,NA,NA,NA,NA,NA,NA,,,,,,,,,,,,,,,,,,NA,0,0,0,NA,NA,NA,,NA,,MEASURED,NOT_RUN,
2026-08-20T16:39:28Z,primary-a2-w1-measured-5-baseline,MEASURED,BASELINE,2,1,0,NA,244316,46832142,mixed,1,8,17841231,12345,159714083365686,1612.640,3088.327,5776989.435,99.269,9864.000,19212.000,10924861.792,3266.171,NA,NA,NA,NA,NA,NA,,,,,,,,,,,,,,,,,,NA,0,0,0,NA,NA,NA,,NA,,MEASURED,NOT_RUN,
2026-08-20T16:39:28Z,primary-a2-w1-measured-5-baseline,MEASURED,BASELINE,2,1,1,NA,244317,46832142,mixed,1,8,17841231,12346,159714084978326,1612.640,3240.791,5505208.518,99.631,9928.000,19212.000,10924861.792,3266.171,NA,NA,NA,NA,NA,NA,,,,,,,,,,,,,,,,,,NA,0,0,0,NA,NA,NA,,NA,,MEASURED,NOT_RUN,
2026-08-20T16:39:33Z,primary-a2-w1-measured-5-integrated,MEASURED,INTEGRATED,2,1,0,APP_244321_46832469,244321,46832469,mixed,1,8,17841231,12345,159717357109052,1282.050,3377.452,5282453.456,98.981,9928.000,19212.000,10389035.355,3434.627,21.099,5476.000,81848.000,21.099,10040.000,163696.000,29,29,3,123.985,117.693,213.681,24085.359,61682.551,1775.649,1770.293,210.830,212.979,4138.154,5716.257,4209.725,1923.216,2464.192,1.000,0,0,16,667379.703,41711.231,1029916.218,1035.424,1036.896,26,MEASURED,INSUFFICIENT,
2026-08-20T16:39:33Z,primary-a2-w1-measured-5-integrated,MEASURED,INTEGRATED,2,1,1,APP_244322_46832470,244322,46832470,mixed,1,8,17841231,12346,159717358391102,1282.050,3404.193,5240956.802,99.777,9928.000,19212.000,10389035.355,3434.627,21.099,5476.000,81848.000,21.099,10040.000,163696.000,29,29,3,1885.706,1874.000,2431.379,24086.441,61693.348,1468.072,1463.592,15259.977,16388.967,4200.460,5373.586,4274.447,3375.032,4480.951,1.000,0,0,16,667379.703,41711.231,1029916.218,1034.406,1035.055,26,MEASURED,INSUFFICIENT,
2026-08-20T16:39:37Z,primary-a2-w1-measured-6-integrated,MEASURED,INTEGRATED,2,1,0,APP_244358_46832892,244358,46832892,mixed,1,8,17841231,12345,159721586245083,1614.968,3534.222,5048134.976,99.689,9928.000,19212.000,10029614.461,3557.710,22.718,5500.000,81892.000,22.718,7868.000,85876.000,29,28,3,163.708,119.959,1131.529,27688.832,64318.117,1988.945,1984.051,221.932,328.760,4311.144,4877.135,4254.198,2170.801,3317.914,1.000,0,0,16,728112.543,45507.034,1034371.340,1044.821,1048.303,28,MEASURED,INSUFFICIENT,"Error: target PID 244358 is unavailable for one sample.
Error: target PID 244359 is unavailable for one sample."
2026-08-20T16:39:37Z,primary-a2-w1-measured-6-integrated,MEASURED,INTEGRATED,2,1,1,APP_244359_46832893,244359,46832893,mixed,1,8,17841231,12346,159721587860051,1614.968,3499.904,5097633.690,99.466,9928.000,19212.000,10029614.461,3557.710,22.718,5500.000,81892.000,22.718,7868.000,85876.000,29,28,3,2140.427,2189.564,3280.075,27688.740,64390.580,1814.374,1809.037,14760.359,15673.956,3712.280,6067.777,4997.423,3976.156,6408.629,1.000,0,0,16,728112.543,45507.034,1034371.340,1045.582,1047.340,28,MEASURED,INSUFFICIENT,"Error: target PID 244358 is unavailable for one sample.
Error: target PID 244359 is unavailable for one sample."
2026-08-20T16:39:40Z,primary-a2-w1-measured-6-baseline,MEASURED,BASELINE,2,1,0,NA,244525,46833315,mixed,1,8,17841231,12345,159725808228818,1078.748,3173.792,5621424.624,99.617,9928.000,19212.000,10947788.730,3259.331,NA,NA,NA,NA,NA,NA,,,,,,,,,,,,,,,,,,NA,0,0,0,NA,NA,NA,,NA,,MEASURED,NOT_RUN,
2026-08-20T16:39:40Z,primary-a2-w1-measured-6-baseline,MEASURED,BASELINE,2,1,1,NA,244526,46833315,mixed,1,8,17841231,12346,159725809307566,1078.748,3237.089,5511504.317,99.507,9928.000,19212.000,10947788.730,3259.331,NA,NA,NA,NA,NA,NA,,,,,,,,,,,,,,,,,,NA,0,0,0,NA,NA,NA,,NA,,MEASURED,NOT_RUN,
2026-08-20T16:39:44Z,primary-a2-w1-measured-7-baseline,MEASURED,BASELINE,2,1,0,NA,244529,46833641,mixed,1,8,17841231,12345,159729072137049,1159.811,3410.990,5230513.569,99.224,9928.000,19212.000,10403735.100,3429.774,NA,NA,NA,NA,NA,NA,,,,,,,,,,,,,,,,,,NA,0,0,0,NA,NA,NA,,NA,,MEASURED,NOT_RUN,
2026-08-20T16:39:44Z,primary-a2-w1-measured-7-baseline,MEASURED,BASELINE,2,1,1,NA,244530,46833641,mixed,1,8,17841231,12346,159729073296860,1159.811,3401.643,5244886.166,99.515,10056.000,19212.000,10403735.100,3429.774,NA,NA,NA,NA,NA,NA,,,,,,,,,,,,,,,,,,NA,0,0,0,NA,NA,NA,,NA,,MEASURED,NOT_RUN,
2026-08-20T16:39:48Z,primary-a2-w1-measured-7-integrated,MEASURED,INTEGRATED,2,1,0,APP_244533_46833986,244533,46833986,mixed,1,8,17841231,12345,159732517913325,1442.795,3846.418,4638401.730,99.396,9928.000,19212.000,9219010.340,3870.531,24.677,5420.000,81856.000,24.677,10000.000,163712.000,31,30,3,152.649,150.116,285.128,27785.884,75370.750,2031.250,2026.205,204.301,221.209,5155.129,6278.971,5165.691,2204.895,3666.703,1.000,0,0,16,786932.108,49183.257,1043755.140,1051.135,1063.393,30,MEASURED,INSUFFICIENT,Error: target PID 244534 is unavailable for one sample.
2026-08-20T16:39:48Z,primary-a2-w1-measured-7-integrated,MEASURED,INTEGRATED,2,1,1,APP_244534_46833986,244534,46833986,mixed,1,8,17841231,12346,159732519356120,1442.795,3759.270,4745929.317,99.638,9928.000,19212.000,9219010.340,3870.531,24.677,5420.000,81856.000,24.677,10000.000,163712.000,31,30,3,2152.650,2306.906,3477.820,27787.301,75457.731,1911.103,1904.015,18063.778,20395.477,4655.135,6306.763,4926.592,4087.710,8298.879,1.000,0,0,16,786932.108,49183.257,1043755.140,1050.468,1063.030,30,MEASURED,INSUFFICIENT,Error: target PID 244534 is unavailable for one sample.
2026-08-20T16:39:52Z,primary-a2-w1-measured-8-integrated,MEASURED,INTEGRATED,2,1,0,APP_244557_46834414,244557,46834414,mixed,1,8,17841231,12345,159736805104525,1275.195,3690.575,4834269.248,99.728,9928.000,19212.000,9597123.878,3718.037,23.610,5484.000,81856.000,23.610,7660.000,85816.000,29,29,3,201.469,136.555,1794.140,27436.187,70134.484,2175.456,2170.290,212.162,239.221,5580.973,6621.399,5001.891,2397.633,4501.489,1.000,0,0,16,729852.052,45615.753,1039064.842,1051.570,1052.401,28,MEASURED,INSUFFICIENT,
2026-08-20T16:39:52Z,primary-a2-w1-measured-8-integrated,MEASURED,INTEGRATED,2,1,1,APP_244558_46834414,244558,46834414,mixed,1,8,17841231,12346,159736806379720,1275.195,3593.688,4964601.699,99.134,9864.000,19212.000,9597123.878,3718.037,23.610,5484.000,81856.000,23.610,7660.000,85816.000,29,29,3,2357.892,2352.344,4445.241,27436.821,70103.574,1913.392,1906.674,18710.089,20498.669,4347.428,5742.711,4660.354,4298.693,6835.501,1.000,0,0,16,729852.052,45615.753,1039064.842,1050.524,1052.382,28,MEASURED,INSUFFICIENT,
2026-08-20T16:39:56Z,primary-a2-w1-measured-8-baseline,MEASURED,BASELINE,2,1,0,NA,244583,46834839,mixed,1,8,17841231,12345,159741050453744,1201.033,3695.253,4828148.308,99.819,9928.000,19212.000,9591545.055,3720.200,NA,NA,NA,NA,NA,NA,,,,,,,,,,,,,,,,,,NA,0,0,0,NA,NA,NA,,NA,,MEASURED,NOT_RUN,
2026-08-20T16:39:56Z,primary-a2-w1-measured-8-baseline,MEASURED,BASELINE,2,1,1,NA,244584,46834839,mixed,1,8,17841231,12346,159741051654777,1201.033,3597.931,4958746.976,99.147,9928.000,19212.000,9591545.055,3720.200,NA,NA,NA,NA,NA,NA,,,,,,,,,,,,,,,,,,NA,0,0,0,NA,NA,NA,,NA,,MEASURED,NOT_RUN,
2026-08-20T16:39:59Z,primary-a2-w2-warmup-1-baseline,WARMUP,BASELINE,2,2,0,NA,244587,46835211,mixed,1,8,17841231,12345,159744776582570,1263.487,3633.543,4910147.518,99.533,9928.000,19212.000,9746211.706,3661.162,NA,NA,NA,NA,NA,NA,,,,,,,,,,,,,,,,,,NA,0,0,0,NA,NA,NA,,NA,,MEASURED,NOT_RUN,
2026-08-20T16:39:59Z,primary-a2-w2-warmup-1-baseline,WARMUP,BASELINE,2,2,1,NA,244588,46835212,mixed,1,8,17841231,12346,159744777846057,1263.487,3587.608,4973015.455,99.047,10056.000,19212.000,9746211.706,3661.162,NA,NA,NA,NA,NA,NA,,,,,,,,,,,,,,,,,,NA,0,0,0,NA,NA,NA,,NA,,MEASURED,NOT_RUN,
2026-08-20T16:40:04Z,primary-a2-w2-warmup-1-integrated,WARMUP,INTEGRATED,2,2,0,APP_244591_46835578,244591,46835578,mixed,1,8,17841231,12345,159748445704450,1454.845,3809.540,4683303.306,99.653,10056.000,19212.000,9291169.983,3840.470,24.968,5604.000,155588.000,24.968,8004.000,159572.000,31,30,3,258.214,173.195,2507.317,28089.145,74091.624,2354.654,2348.695,256.187,334.734,5488.376,6495.776,5022.641,2638.215,5089.883,1.000,0,0,16,785306.682,49081.668,1042796.451,1051.117,1058.432,30,MEASURED,INSUFFICIENT,"Error: target PID 244591 is unavailable for one sample.
Error: target PID 244592 is unavailable for one sample."
2026-08-20T16:40:04Z,primary-a2-w2-warmup-1-integrated,WARMUP,INTEGRATED,2,2,1,APP_244592_46835578,244592,46835578,mixed,1,8,17841231,12346,159748447159295,1454.845,3750.087,4757550.735,99.562,9864.000,19212.000,9291169.983,3840.470,24.968,5604.000,155588.000,24.968,8004.000,159572.000,31,30,3,280.886,130.618,2293.158,28088.656,74128.123,2187.210,2180.481,18511.357,22367.000,5171.032,7058.162,5083.674,2554.613,4595.024,1.000,0,0,16,785306.682,49081.668,1042796.451,1054.723,1063.650,30,MEASURED,INSUFFICIENT,"Error: target PID 244591 is unavailable for one sample.
Error: target PID 244592 is unavailable for one sample."
2026-08-20T16:40:08Z,primary-a2-w2-warmup-2-integrated,WARMUP,INTEGRATED,2,2,0,APP_244624_46836006,244624,46836006,mixed,1,8,17841231,12345,159752725542778,1374.602,3963.601,4501268.685,99.757,9928.000,19212.000,8924572.613,3998.226,25.747,5616.000,155620.000,25.747,7844.000,159592.000,31,31,3,301.250,172.709,1846.584,30317.230,74773.472,2340.192,2334.009,206.090,238.685,5485.268,5732.514,4536.520,2666.239,4047.015,1.000,0,0,16,827495.677,51718.480,1037812.741,1042.835,1045.422,30,MEASURED,INSUFFICIENT,Error: target PID 244625 is unavailable for one sample.
2026-08-20T16:40:08Z,primary-a2-w2-warmup-2-integrated,WARMUP,INTEGRATED,2,2,1,APP_244625_46836006,244625,46836006,mixed,1,8,17841231,12346,159752726917380,1374.602,3825.822,4663372.156,99.404,9928.000,19212.000,8924572.613,3998.226,25.747,5616.000,155620.000,25.747,7844.000,159592.000,31,30,3,595.678,128.578,2899.139,30315.777,74784.272,2257.576,2251.624,17117.370,18809.778,4276.072,4922.330,5231.462,2917.470,7103.686,1.000,0,0,16,827495.677,51718.480,1037812.741,1044.333,1045.693,30,MEASURED,INSUFFICIENT,Error: target PID 244625 is unavailable for one sample.
2026-08-20T16:40:12Z,primary-a2-w2-warmup-2-baseline,WARMUP,BASELINE,2,2,0,NA,244649,46836436,mixed,1,8,17841231,12345,159757022672068,1503.587,3823.326,4666415.906,99.068,9864.000,19212.000,9268111.794,3850.025,NA,NA,NA,NA,NA,NA,,,,,,,,,,,,,,,,,,NA,0,0,0,NA,NA,NA,,NA,,MEASURED,NOT_RUN,
2026-08-20T16:40:12Z,primary-a2-w2-warmup-2-baseline,WARMUP,BASELINE,2,2,1,NA,244650,46836436,mixed,1,8,17841231,12346,159757024175655,1503.587,3730.807,4782136.780,98.936,9864.000,19212.000,9268111.794,3850.025,NA,NA,NA,NA,NA,NA,,,,,,,,,,,,,,,,,,NA,0,0,0,NA,NA,NA,,NA,,MEASURED,NOT_RUN,
2026-08-20T16:40:16Z,primary-a2-w2-warmup-3-baseline,WARMUP,BASELINE,2,2,0,NA,244665,46836822,mixed,1,8,17841231,12345,159760878685840,1364.760,3655.399,4880789.380,99.798,9928.000,19212.000,9693087.850,3681.228,NA,NA,NA,NA,NA,NA,,,,,,,,,,,,,,,,,,NA,0,0,0,NA,NA,NA,,NA,,MEASURED,NOT_RUN,
2026-08-20T16:40:16Z,primary-a2-w2-warmup-3-baseline,WARMUP,BASELINE,2,2,1,NA,244666,46836822,mixed,1,8,17841231,12346,159760880050600,1364.760,3619.332,4929426.217,99.016,9928.000,19212.000,9693087.850,3681.228,NA,NA,NA,NA,NA,NA,,,,,,,,,,,,,,,,,,NA,0,0,0,NA,NA,NA,,NA,,MEASURED,NOT_RUN,
2026-08-20T16:40:20Z,primary-a2-w2-warmup-3-integrated,WARMUP,INTEGRATED,2,2,0,APP_244669_46837190,244669,46837190,mixed,1,8,17841231,12345,159764566080099,1262.084,3732.101,4780478.706,99.000,9928.000,19212.000,9505191.657,3753.997,24.191,5612.000,155588.000,24.191,7976.000,159572.000,30,29,3,323.238,174.304,2564.053,28525.785,74426.671,2197.950,2191.818,210.112,242.191,5189.829,5359.390,4689.595,2547.300,4633.870,1.000,0,0,16,733314.601,45832.163,1034526.088,1045.289,1046.210,29,MEASURED,INSUFFICIENT,Error: target PID 244669 is unavailable for one sample.
2026-08-20T16:40:20Z,primary-a2-w2-warmup-3-integrated,WARMUP,INTEGRATED,2,2,1,APP_244670_46837190,244670,46837190,mixed,1,8,17841231,12346,159764567342183,1262.084,3700.661,4821093.020,99.565,10184.000,19212.000,9505191.657,3753.997,24.191,5612.000,155588.000,24.191,7976.000,159572.000,29,29,3,367.623,127.122,2532.095,27499.429,74468.142,2369.787,2360.656,16618.026,18042.217,4833.071,6421.081,5263.440,2770.623,5435.421,1.000,0,0,16,733314.601,45832.163,1034526.088,1047.530,1052.343,28,MEASURED,INSUFFICIENT,Error: target PID 244669 is unavailable for one sample.
2026-08-20T16:40:24Z,primary-a2-w2-measured-4-integrated,MEASURED,INTEGRATED,2,2,0,APP_244694_46837614,244694,46837614,mixed,1,8,17841231,12345,159768807622252,1366.744,3843.801,4641559.450,98.938,9928.000,19212.000,9225102.458,3867.975,24.532,5744.000,155588.000,24.532,8608.000,309472.000,31,30,3,363.152,163.039,2949.289,28558.577,84216.769,2216.842,2207.415,193.018,203.757,4453.221,5845.091,5887.917,2609.872,5188.254,1.000,0,0,16,763507.785,47719.237,1039835.758,1055.746,1061.536,30,MEASURED,INSUFFICIENT,"Error: target PID 244694 is unavailable for one sample.
Error: target PID 244695 is unavailable for one sample."
2026-08-20T16:40:24Z,primary-a2-w2-measured-4-integrated,MEASURED,INTEGRATED,2,2,1,APP_244695_46837615,244695,46837615,mixed,1,8,17841231,12346,159768808988996,1366.744,3756.696,4749181.755,99.368,9928.000,19212.000,9225102.458,3867.975,24.532,5744.000,155588.000,24.532,8608.000,309472.000,31,30,3,348.249,118.250,2953.571,28558.621,84256.886,2259.912,2252.136,17639.902,18254.320,6330.861,5991.388,5951.831,2646.042,5206.634,1.000,0,0,16,763507.785,47719.237,1039835.758,1055.782,1065.118,30,MEASURED,INSUFFICIENT,"Error: target PID 244694 is unavailable for one sample.
Error: target PID 244695 is unavailable for one sample."
2026-08-20T16:40:28Z,primary-a2-w2-measured-4-baseline,MEASURED,BASELINE,2,2,0,NA,244719,46838041,mixed,1,8,17841231,12345,159773073265426,1378.030,3661.924,4872092.128,99.160,9928.000,19212.000,9596983.727,3718.091,NA,NA,NA,NA,NA,NA,,,,,,,,,,,,,,,,,,NA,0,0,0,NA,NA,NA,,NA,,MEASURED,NOT_RUN,
2026-08-20T16:40:28Z,primary-a2-w2-measured-4-baseline,MEASURED,BASELINE,2,2,1,NA,244720,46838041,mixed,1,8,17841231,12346,159773074643456,1378.030,3695.708,4827553.743,99.633,9928.000,19212.000,9596983.727,3718.091,NA,NA,NA,NA,NA,NA,,,,,,,,,,,,,,,,,,NA,0,0,0,NA,NA,NA,,NA,,MEASURED,NOT_RUN,
2026-08-20T16:40:32Z,primary-a2-w2-measured-5-baseline,MEASURED,BASELINE,2,2,0,NA,244723,46838414,mixed,1,8,17841231,12345,159776807583976,1295.907,3580.709,4982597.399,99.699,9928.000,19212.000,9582386.349,3723.755,NA,NA,NA,NA,NA,NA,,,,,,,,,,,,,,,,,,NA,0,0,0,NA,NA,NA,,NA,,MEASURED,NOT_RUN,
2026-08-20T16:40:32Z,primary-a2-w2-measured-5-baseline,MEASURED,BASELINE,2,2,1,NA,244724,46838415,mixed,1,8,17841231,12346,159776808879883,1295.907,3696.803,4826123.717,99.471,9928.000,19212.000,9582386.349,3723.755,NA,NA,NA,NA,NA,NA,,,,,,,,,,,,,,,,,,NA,0,0,0,NA,NA,NA,,NA,,MEASURED,NOT_RUN,
2026-08-20T16:40:36Z,primary-a2-w2-measured-5-integrated,MEASURED,INTEGRATED,2,2,0,APP_244727_46838787,244727,46838787,mixed,1,8,17841231,12345,159780537593202,1315.363,3761.658,4742916.993,99.504,9928.000,19212.000,9340302.678,3820.268,24.481,5620.000,155588.000,24.481,7184.000,159496.000,30,29,3,275.503,150.222,3713.876,29437.117,72801.103,2261.712,2256.632,198.328,240.030,4593.024,5920.178,4297.075,2566.175,6172.294,1.000,0,0,16,760046.745,47502.922,1041346.719,1048.811,1050.514,29,MEASURED,INSUFFICIENT,"Error: target PID 244727 is unavailable for one sample.
Error: target PID 244728 is unavailable for one sample."
2026-08-20T16:40:36Z,primary-a2-w2-measured-5-integrated,MEASURED,INTEGRATED,2,2,1,APP_244728_46838788,244728,46838788,mixed,1,8,17841231,12346,159780538908565,1315.363,3790.466,4706870.612,99.409,9928.000,19212.000,9340302.678,3820.268,24.481,5620.000,155588.000,24.481,7184.000,159496.000,31,30,3,394.683,118.750,6115.796,28683.185,72837.403,2288.029,2281.887,16111.697,17039.525,4135.755,5435.498,5035.279,2718.839,9016.814,1.000,0,0,16,760046.745,47502.922,1041346.719,1047.681,1047.744,30,MEASURED,INSUFFICIENT,"Error: target PID 244727 is unavailable for one sample.
Error: target PID 244728 is unavailable for one sample."
2026-08-20T16:40:40Z,primary-a2-w2-measured-6-integrated,MEASURED,INTEGRATED,2,2,0,APP_244752_46839214,244752,46839214,mixed,1,8,17841231,12345,159784804689582,1442.878,3689.572,4835583.149,99.863,9928.000,19212.000,9386570.397,3801.438,24.473,5744.000,155588.000,24.473,8156.000,159572.000,30,30,3,394.796,153.901,2514.724,27032.428,76267.458,2270.157,2258.134,199.160,222.233,4934.433,5916.798,5698.038,2703.860,5244.411,1.000,0,0,16,769495.236,48093.452,1041380.196,1057.333,1064.594,28,MEASURED,INSUFFICIENT,Error: target PID 244753 is unavailable for one sample.
2026-08-20T16:40:40Z,primary-a2-w2-measured-6-integrated,MEASURED,INTEGRATED,2,2,1,APP_244753_46839214,244753,46839214,mixed,1,8,17841231,12346,159784806132460,1442.878,3766.476,4736849.913,99.386,9928.000,19212.000,9386570.397,3801.438,24.473,5744.000,155588.000,24.473,8156.000,159572.000,32,31,3,126.876,113.073,477.239,26533.060,76231.666,2204.899,2197.614,17947.651,23051.426,5798.250,6702.020,6973.672,2362.815,4844.330,1.000,0,0,16,769495.236,48093.452,1041380.196,1057.234,1080.025,30,MEASURED,INSUFFICIENT,Error: target PID 244753 is unavailable for one sample.
2026-08-20T16:40:44Z,primary-a2-w2-measured-6-baseline,MEASURED,BASELINE,2,2,0,NA,244777,46839642,mixed,1,8,17841231,12345,159789081738034,1420.194,3724.420,4790337.807,99.772,9928.000,19212.000,9508084.796,3752.855,NA,NA,NA,NA,NA,NA,,,,,,,,,,,,,,,,,,NA,0,0,0,NA,NA,NA,,NA,,MEASURED,NOT_RUN,
2026-08-20T16:40:44Z,primary-a2-w2-measured-6-baseline,MEASURED,BASELINE,2,2,1,NA,244778,46839642,mixed,1,8,17841231,12346,159789083158228,1420.194,3602.415,4952575.319,99.156,10056.000,19212.000,9508084.796,3752.855,NA,NA,NA,NA,NA,NA,,,,,,,,,,,,,,,,,,NA,0,0,0,NA,NA,NA,,NA,,MEASURED,NOT_RUN,
2026-08-20T16:40:48Z,primary-a2-w2-measured-7-baseline,MEASURED,BASELINE,2,2,0,NA,244784,46840018,mixed,1,8,17841231,12345,159792840433180,1285.048,3662.353,4871520.802,99.423,9928.000,19212.000,9597784.485,3717.781,NA,NA,NA,NA,NA,NA,,,,,,,,,,,,,,,,,,NA,0,0,0,NA,NA,NA,,NA,,MEASURED,NOT_RUN,
2026-08-20T16:40:48Z,primary-a2-w2-measured-7-baseline,MEASURED,BASELINE,2,2,1,NA,244785,46840018,mixed,1,8,17841231,12346,159792841718228,1285.048,3687.612,4838152.864,99.635,9928.000,19212.000,9597784.485,3717.781,NA,NA,NA,NA,NA,NA,,,,,,,,,,,,,,,,,,NA,0,0,0,NA,NA,NA,,NA,,MEASURED,NOT_RUN,
2026-08-20T16:40:52Z,primary-a2-w2-measured-7-integrated,MEASURED,INTEGRATED,2,2,0,APP_244788_46840390,244788,46840390,mixed,1,8,17841231,12345,159796565292353,1248.479,3805.424,4688368.448,99.704,9864.000,19212.000,9294135.088,3839.245,24.504,5624.000,155588.000,24.504,8028.000,159572.000,32,31,3,215.822,161.638,988.995,26866.496,71298.183,2227.634,2222.125,185.567,201.002,4820.692,7621.297,4303.537,2483.086,3957.051,1.000,0,0,16,764852.426,47803.277,1040507.341,1052.784,1056.246,30,MEASURED,INSUFFICIENT,"Error: target PID 244788 is unavailable for one sample.
Error: target PID 244789 is unavailable for one sample."
2026-08-20T16:40:52Z,primary-a2-w2-measured-7-integrated,MEASURED,INTEGRATED,2,2,1,APP_244789_46840390,244789,46840390,mixed,1,8,17841231,12346,159796566540832,1248.479,3803.907,4690238.134,99.442,9928.000,19212.000,9294135.088,3839.245,24.504,5624.000,155588.000,24.504,8028.000,159572.000,32,31,3,381.846,124.740,2251.347,26865.222,71316.757,2249.919,2240.198,17961.372,24695.010,4288.284,7870.099,5848.009,2664.855,5809.756,1.000,0,0,16,764852.426,47803.277,1040507.341,1046.412,1054.830,30,MEASURED,INSUFFICIENT,"Error: target PID 244788 is unavailable for one sample.
Error: target PID 244789 is unavailable for one sample."
2026-08-20T16:40:56Z,primary-a2-w2-measured-8-integrated,MEASURED,INTEGRATED,2,2,0,APP_244817_46840816,244817,46840816,mixed,1,8,17841231,12345,159800825943677,1346.975,3764.463,4739382.195,99.361,9928.000,19212.000,9101990.306,3920.292,25.686,5488.000,155588.000,25.686,10004.000,311176.000,31,30,3,208.854,154.451,901.889,28627.566,81777.961,2328.422,2322.093,191.323,198.361,5367.590,5254.107,5354.941,2565.884,5581.474,1.000,0,0,16,853219.531,53326.221,1040646.007,1057.540,1063.926,30,MEASURED,INSUFFICIENT,Error: target PID 244817 is unavailable for one sample.
2026-08-20T16:40:56Z,primary-a2-w2-measured-8-integrated,MEASURED,INTEGRATED,2,2,1,APP_244818_46840816,244818,46840816,mixed,1,8,17841231,12346,159800827290652,1346.975,3884.048,4593462.826,99.687,9924.000,19212.000,9101990.306,3920.292,25.686,5488.000,155588.000,25.686,10004.000,311176.000,31,31,3,406.957,115.558,3268.677,28626.645,81793.528,2387.568,2375.798,17816.651,19942.085,4051.529,6473.949,6275.444,2828.432,5790.092,1.000,0,0,16,853219.531,53326.221,1040646.007,1059.099,1060.176,30,MEASURED,INSUFFICIENT,Error: target PID 244817 is unavailable for one sample.
2026-08-20T16:41:00Z,primary-a2-w2-measured-8-baseline,MEASURED,BASELINE,2,2,0,NA,244842,46841242,mixed,1,8,17841231,12345,159805086096749,1366.710,3667.187,4865099.600,99.273,9928.000,19212.000,9668564.190,3690.565,NA,NA,NA,NA,NA,NA,,,,,,,,,,,,,,,,,,NA,0,0,0,NA,NA,NA,,NA,,MEASURED,NOT_RUN,
2026-08-20T16:41:00Z,primary-a2-w2-measured-8-baseline,MEASURED,BASELINE,2,2,1,NA,244843,46841242,mixed,1,8,17841231,12346,159805087463459,1366.710,3622.906,4924563.254,99.609,9928.000,19212.000,9668564.190,3690.565,NA,NA,NA,NA,NA,NA,,,,,,,,,,,,,,,,,,NA,0,0,0,NA,NA,NA,,NA,,MEASURED,NOT_RUN,
2026-08-20T16:41:04Z,primary-a2-w4-warmup-1-baseline,WARMUP,BASELINE,2,4,0,NA,244846,46841612,mixed,1,8,17841231,12345,159808785722074,1510.696,3712.936,4805154.491,99.676,9864.000,19212.000,9491904.957,3759.252,NA,NA,NA,NA,NA,NA,,,,,,,,,,,,,,,,,,NA,0,0,0,NA,NA,NA,,NA,,MEASURED,NOT_RUN,
2026-08-20T16:41:04Z,primary-a2-w4-warmup-1-baseline,WARMUP,BASELINE,2,4,1,NA,244847,46841612,mixed,1,8,17841231,12346,159808787232770,1510.696,3728.738,4784790.339,99.601,9864.000,19212.000,9491904.957,3759.252,NA,NA,NA,NA,NA,NA,,,,,,,,,,,,,,,,,,NA,0,0,0,NA,NA,NA,,NA,,MEASURED,NOT_RUN,
2026-08-20T16:41:09Z,primary-a2-w4-warmup-1-integrated,WARMUP,INTEGRATED,2,4,0,APP_244863_46841989,244863,46841989,mixed,1,8,17841231,12345,159812555034276,2505.173,4060.967,4393345.944,99.154,9928.000,19212.000,8415452.481,4240.112,26.548,5892.000,303084.000,26.548,8268.000,307068.000,34,33,3,619.727,200.097,3188.550,27681.312,71654.619,2805.292,2799.314,214.090,238.188,7417.627,9556.732,6744.502,3525.805,11288.000,1.000,0,0,20,1122379.101,56118.955,1046296.115,1045.966,1048.003,32,MEASURED,INSUFFICIENT,Error: target PID 244863 is unavailable for one sample.
2026-08-20T16:41:09Z,primary-a2-w4-warmup-1-integrated,WARMUP,INTEGRATED,2,4,1,APP_244864_46841990,244864,46841990,mixed,1,8,17841231,12346,159812557539449,2505.173,4205.041,4242819.800,99.064,9928.000,19212.000,8415452.481,4240.112,26.548,5892.000,303084.000,26.548,8268.000,307068.000,34,34,4,1279.732,519.727,5427.859,27681.948,71661.435,3070.793,3063.215,19328.152,29101.904,6290.763,6442.533,7186.673,4385.245,11057.031,1.000,0,0,20,1122379.101,56118.955,1046296.115,1045.542,1052.116,32,MEASURED,INSUFFICIENT,Error: target PID 244863 is unavailable for one sample.
2026-08-20T16:41:14Z,primary-a2-w4-warmup-2-integrated,WARMUP,INTEGRATED,2,4,0,APP_244897_46842527,244897,46842527,mixed,1,8,17841231,12345,159817932913912,2524.632,4284.758,4163883.172,97.474,9928.000,19212.000,8262610.159,4318.546,25.428,5760.000,303084.000,25.428,10388.000,606168.000,33,33,4,342.840,177.849,4193.843,31638.599,79941.913,2620.993,2615.709,204.892,215.758,7342.438,7671.471,6467.410,2994.490,9014.605,1.000,0,0,20,1106565.700,55328.285,1045772.007,1048.480,1057.720,32,MEASURED,INSUFFICIENT,Error: target PID 244898 is unavailable for one sample.
2026-08-20T16:41:14Z,primary-a2-w4-warmup-2-integrated,WARMUP,INTEGRATED,2,4,1,APP_244898_46842527,244898,46842527,mixed,1,8,17841231,12346,159817935438544,2524.632,4106.729,4344389.370,98.102,9864.000,19212.000,8262610.159,4318.546,25.428,5760.000,303084.000,25.428,10388.000,606168.000,33,32,4,1034.503,489.752,6114.033,31638.152,79995.971,2600.625,2595.103,23049.251,26654.383,5403.977,6466.589,6208.034,3669.830,8445.830,1.000,0,0,20,1106565.700,55328.285,1045772.007,1050.187,1056.393,32,MEASURED,INSUFFICIENT,Error: target PID 244898 is unavailable for one sample.
2026-08-20T16:41:19Z,primary-a2-w4-warmup-2-baseline,WARMUP,BASELINE,2,4,0,NA,244930,46843061,mixed,1,8,17841231,12345,159823272599918,1929.409,4306.678,4142690.055,96.797,9928.000,19212.000,8234310.081,4333.388,NA,NA,NA,NA,NA,NA,,,,,,,,,,,,,,,,,,NA,0,0,0,NA,NA,NA,,NA,,MEASURED,NOT_RUN,
2026-08-20T16:41:19Z,primary-a2-w4-warmup-2-baseline,WARMUP,BASELINE,2,4,1,NA,244931,46843061,mixed,1,8,17841231,12346,159823274529327,1929.409,4212.006,4235804.199,97.471,9928.000,19212.000,8234310.081,4333.388,NA,NA,NA,NA,NA,NA,,,,,,,,,,,,,,,,,,NA,0,0,0,NA,NA,NA,,NA,,MEASURED,NOT_RUN,
2026-08-20T16:41:22Z,primary-a2-w4-warmup-3-baseline,WARMUP,BASELINE,2,4,0,NA,244936,46843495,mixed,1,8,17841231,12345,159827616358745,4024.015,3772.782,4728932.315,99.060,9928.000,19212.000,9355784.020,3813.947,NA,NA,NA,NA,NA,NA,,,,,,,,,,,,,,,,,,NA,0,0,0,NA,NA,NA,,NA,,MEASURED,NOT_RUN,
2026-08-20T16:41:22Z,primary-a2-w4-warmup-3-baseline,WARMUP,BASELINE,2,4,1,NA,244937,46843496,mixed,1,8,17841231,12346,159827620382760,4024.015,3760.839,4743950.109,99.079,9928.000,19212.000,9355784.020,3813.947,NA,NA,NA,NA,NA,NA,,,,,,,,,,,,,,,,,,NA,0,0,0,NA,NA,NA,,NA,,MEASURED,NOT_RUN,
2026-08-20T16:41:27Z,primary-a2-w4-warmup-3-integrated,WARMUP,INTEGRATED,2,4,0,APP_244941_46843877,244941,46843877,mixed,1,8,17841231,12345,159831436161349,1338.891,3907.607,4565769.494,98.081,9928.000,19212.000,8944838.326,3989.168,25.675,5648.000,303084.000,25.675,10276.000,606168.000,31,31,3,242.076,185.948,612.776,28604.959,87187.465,2414.778,2408.958,265.197,286.124,5912.795,6179.300,5813.255,2680.363,6147.086,1.000,0,0,16,866281.132,54142.571,1040804.248,1047.927,1054.161,30,MEASURED,INSUFFICIENT,
2026-08-20T16:41:27Z,primary-a2-w4-warmup-3-integrated,WARMUP,INTEGRATED,2,4,1,APP_244942_46843877,244942,46843877,mixed,1,8,17841231,12346,159831437500240,1338.891,3953.828,4512394.731,98.965,10056.000,19212.000,8944838.326,3989.168,25.675,5648.000,303084.000,25.675,10276.000,606168.000,31,31,3,667.889,140.655,3143.639,28605.279,87153.877,2637.800,2631.757,19540.766,20853.285,4823.127,6221.618,4564.394,3339.054,11897.714,1.000,0,0,16,866281.132,54142.571,1040804.248,1049.424,1055.940,30,MEASURED,INSUFFICIENT,
2026-08-20T16:41:31Z,primary-a2-w4-measured-4-integrated,MEASURED,INTEGRATED,2,4,0,APP_244968_46844304,244968,46844304,mixed,1,8,17841231,12345,159835697872291,1265.177,3412.983,5227460.391,99.459,9928.000,19212.000,10098524.434,3533.433,22.250,5756.000,303084.000,22.250,10384.000,606168.000,27,27,3,222.304,162.018,1675.408,26942.403,67562.342,2090.203,2085.404,176.632,215.041,4643.407,4997.529,4086.638,2332.055,3554.110,1.000,0,0,16,683942.085,42746.380,1034678.323,1039.654,1043.265,26,MEASURED,INSUFFICIENT,Error: target PID 244969 is unavailable for one sample.
2026-08-20T16:41:31Z,primary-a2-w4-measured-4-integrated,MEASURED,INTEGRATED,2,4,1,APP_244969_46844304,244969,46844304,mixed,1,8,17841231,12346,159835699137468,1265.177,3505.791,5089074.715,99.518,9928.000,19212.000,10098524.434,3533.433,22.250,5756.000,303084.000,22.250,10384.000,606168.000,29,28,3,188.489,116.343,1025.625,26812.673,67559.573,1994.089,1986.205,14938.215,17566.156,4128.096,4901.450,4156.594,2220.771,3132.768,1.000,0,0,16,683942.085,42746.380,1034678.323,1038.884,1041.571,28,MEASURED,INSUFFICIENT,Error: target PID 244969 is unavailable for one sample.
2026-08-20T16:41:34Z,primary-a2-w4-measured-4-baseline,MEASURED,BASELINE,2,4,0,NA,244995,46844725,mixed,1,8,17841231,12345,159839917238566,1195.500,3207.578,5562213.493,99.271,9928.000,19212.000,10948928.778,3258.991,NA,NA,NA,NA,NA,NA,,,,,,,,,,,,,,,,,,NA,0,0,0,NA,NA,NA,,NA,,MEASURED,NOT_RUN,
2026-08-20T16:41:34Z,primary-a2-w4-measured-4-baseline,MEASURED,BASELINE,2,4,1,NA,244996,46844726,mixed,1,8,17841231,12346,159839918434066,1195.500,3239.954,5506631.395,99.830,9928.000,19212.000,10948928.778,3258.991,NA,NA,NA,NA,NA,NA,,,,,,,,,,,,,,,,,,NA,0,0,0,NA,NA,NA,,NA,,MEASURED,NOT_RUN,
2026-08-20T16:41:38Z,primary-a2-w4-measured-5-baseline,MEASURED,BASELINE,2,4,0,NA,244999,46845052,mixed,1,8,17841231,12345,159843181891054,1194.367,3416.722,5221739.040,99.234,9928.000,19212.000,10373448.208,3439.788,NA,NA,NA,NA,NA,NA,,,,,,,,,,,,,,,,,,NA,0,0,0,NA,NA,NA,,NA,,MEASURED,NOT_RUN,
2026-08-20T16:41:38Z,primary-a2-w4-measured-5-baseline,MEASURED,BASELINE,2,4,1,NA,245000,46845052,mixed,1,8,17841231,12346,159843183085421,1194.367,3414.631,5224937.255,99.230,9924.000,19212.000,10373448.208,3439.788,NA,NA,NA,NA,NA,NA,,,,,,,,,,,,,,,,,,NA,0,0,0,NA,NA,NA,,NA,,MEASURED,NOT_RUN,
2026-08-20T16:41:42Z,primary-a2-w4-measured-5-integrated,MEASURED,INTEGRATED,2,4,0,APP_245003_46845396,245003,46845396,mixed,1,8,17841231,12345,159846627051454,1175.637,3303.088,5401379.353,99.329,9864.000,19212.000,10646469.437,3351.577,20.844,5764.000,303084.000,20.844,8160.000,307068.000,28,28,3,174.383,140.413,669.953,24029.882,63377.561,2009.389,2003.405,163.683,191.278,4463.804,6206.523,5203.564,2209.421,4369.203,1.000,0,0,16,637506.506,39844.157,1031627.044,1039.948,1044.313,26,MEASURED,INSUFFICIENT,
2026-08-20T16:41:42Z,primary-a2-w4-measured-5-integrated,MEASURED,INTEGRATED,2,4,1,APP_245004_46845397,245004,46845397,mixed,1,8,17841231,12346,159846628227091,1175.637,3316.924,5378848.408,99.269,10056.000,19212.000,10646469.437,3351.577,20.844,5764.000,303084.000,20.844,8160.000,307068.000,28,28,3,167.073,105.132,1082.610,24031.071,63387.833,2029.103,2019.497,17107.556,18508.907,3760.447,5215.248,4882.045,2227.824,3091.991,1.000,0,0,16,637506.506,39844.157,1031627.044,1040.144,1048.538,26,MEASURED,INSUFFICIENT,
2026-08-20T16:41:46Z,primary-a2-w4-measured-6-integrated,MEASURED,INTEGRATED,2,4,0,APP_245030_46845816,245030,46845816,mixed,1,8,17841231,12345,159850824295386,998.979,3357.964,5313108.994,99.698,9928.000,19212.000,10573651.700,3374.658,20.458,5628.000,303084.000,20.458,10256.000,606168.000,29,29,3,146.659,138.904,274.781,21978.189,70955.109,2179.209,2172.957,179.535,199.281,4360.180,6471.437,4852.529,2349.085,4759.404,1.000,0,0,16,617249.469,38578.092,1038664.307,1051.730,1057.029,26,MEASURED,INSUFFICIENT,
2026-08-20T16:41:46Z,primary-a2-w4-measured-6-integrated,MEASURED,INTEGRATED,2,4,1,APP_245031_46845816,245031,46845816,mixed,1,8,17841231,12346,159850825294365,998.979,3331.259,5355702.284,99.460,9928.000,19212.000,10573651.700,3374.658,20.458,5628.000,303084.000,20.458,10256.000,606168.000,29,29,3,222.064,95.352,1465.810,21978.983,70913.343,1898.478,1886.712,16992.646,22981.518,4045.531,4552.215,4484.511,2168.436,3308.434,1.000,0,0,16,617249.469,38578.092,1038664.307,1052.332,1061.956,26,MEASURED,INSUFFICIENT,
2026-08-20T16:41:50Z,primary-a2-w4-measured-6-baseline,MEASURED,BASELINE,2,4,0,NA,245057,46846240,mixed,1,8,17841231,12345,159855065265612,1510.160,3320.514,5373032.222,99.804,9928.000,19212.000,10255415.213,3479.378,NA,NA,NA,NA,NA,NA,,,,,,,,,,,,,,,,,,NA,0,0,0,NA,NA,NA,,NA,,MEASURED,NOT_RUN,
2026-08-20T16:41:50Z,primary-a2-w4-measured-6-baseline,MEASURED,BASELINE,2,4,1,NA,245058,46846240,mixed,1,8,17841231,12346,159855066775772,1510.160,3459.082,5157794.017,99.265,9928.000,19212.000,10255415.213,3479.378,NA,NA,NA,NA,NA,NA,,,,,,,,,,,,,,,,,,NA,0,0,0,NA,NA,NA,,NA,,MEASURED,NOT_RUN,
2026-08-20T16:41:53Z,primary-a2-w4-measured-7-baseline,MEASURED,BASELINE,2,4,0,NA,245063,46846590,mixed,1,8,17841231,12345,159858560288776,1177.401,3185.128,5601418.008,99.280,9864.000,19212.000,10875229.735,3281.077,NA,NA,NA,NA,NA,NA,,,,,,,,,,,,,,,,,,NA,0,0,0,NA,NA,NA,,NA,,MEASURED,NOT_RUN,
2026-08-20T16:41:53Z,primary-a2-w4-measured-7-baseline,MEASURED,BASELINE,2,4,1,NA,245064,46846590,mixed,1,8,17841231,12346,159858561466177,1177.401,3258.286,5475648.444,99.764,9928.000,19212.000,10875229.735,3281.077,NA,NA,NA,NA,NA,NA,,,,,,,,,,,,,,,,,,NA,0,0,0,NA,NA,NA,,NA,,MEASURED,NOT_RUN,
2026-08-20T16:41:57Z,primary-a2-w4-measured-7-integrated,MEASURED,INTEGRATED,2,4,0,APP_245067_46846918,245067,46846918,mixed,1,8,17841231,12345,159861846816298,1141.742,3593.097,4965418.842,99.280,9928.000,19212.000,9788792.712,3645.236,23.522,5732.000,303084.000,23.522,10476.000,606168.000,29,29,3,198.705,160.772,1041.850,28387.901,68244.366,2306.589,2236.378,191.982,203.492,5698.127,7093.534,5809.367,2532.309,5930.345,1.000,0,0,16,731748.824,45734.302,1042836.821,1057.258,1060.986,28,MEASURED,INSUFFICIENT,
2026-08-20T16:41:57Z,primary-a2-w4-measured-7-integrated,MEASURED,INTEGRATED,2,4,1,APP_245068_46846919,245068,46846919,mixed,1,8,17841231,12346,159861847958040,1141.742,3621.176,4926916.032,99.211,9928.000,19212.000,9788792.712,3645.236,23.522,5732.000,303084.000,23.522,10476.000,606168.000,29,29,3,335.475,127.352,3343.760,28388.111,68237.257,2163.076,2155.069,20052.714,23853.095,5346.399,7179.960,5726.179,2537.124,5738.044,1.000,0,0,16,731748.824,45734.302,1042836.821,1056.944,1066.063,28,MEASURED,INSUFFICIENT,
2026-08-20T16:42:01Z,primary-a2-w4-measured-8-integrated,MEASURED,INTEGRATED,2,4,0,APP_245094_46847345,245094,46847345,mixed,1,8,17841231,12345,159866110531509,1337.822,3778.600,4721651.518,99.262,9928.000,19212.000,9378310.480,3804.786,25.777,5660.000,303084.000,25.777,10280.000,606168.000,30,29,3,172.194,167.048,247.550,30673.260,69872.936,2300.246,2288.577,229.319,245.376,5140.132,5750.181,4897.344,2507.910,2994.241,1.000,0,0,16,798288.819,49893.051,1036892.095,1042.230,1043.929,29,MEASURED,INSUFFICIENT,Error: target PID 245094 is unavailable for one sample.
2026-08-20T16:42:01Z,primary-a2-w4-measured-8-integrated,MEASURED,INTEGRATED,2,4,1,APP_245095_46847345,245095,46847345,mixed,1,8,17841231,12346,159866111869331,1337.822,3730.462,4782579.277,98.829,9928.000,19212.000,9378310.480,3804.786,25.777,5660.000,303084.000,25.777,10280.000,606168.000,29,29,3,241.435,134.384,2129.609,29655.725,69846.533,2420.471,2413.509,17251.536,19973.076,4517.327,6131.692,5101.891,2698.794,4935.797,1.000,0,0,16,798288.819,49893.051,1036892.095,1041.215,1044.916,28,MEASURED,INSUFFICIENT,Error: target PID 245094 is unavailable for one sample.
2026-08-20T16:42:05Z,primary-a2-w4-measured-8-baseline,MEASURED,BASELINE,2,4,0,NA,245121,46847769,mixed,1,8,17841231,12345,159870354739533,1603.525,3620.976,4927188.150,99.940,9864.000,19212.000,9785012.571,3646.644,NA,NA,NA,NA,NA,NA,,,,,,,,,,,,,,,,,,NA,0,0,0,NA,NA,NA,,NA,,MEASURED,NOT_RUN,
2026-08-20T16:42:05Z,primary-a2-w4-measured-8-baseline,MEASURED,BASELINE,2,4,1,NA,245122,46847769,mixed,1,8,17841231,12346,159870356343058,1603.525,3538.605,5041882.827,99.540,9864.000,19212.000,9785012.571,3646.644,NA,NA,NA,NA,NA,NA,,,,,,,,,,,,,,,,,,NA,0,0,0,NA,NA,NA,,NA,,MEASURED,NOT_RUN,
2026-08-20T16:42:09Z,primary-a4-w1-warmup-1-baseline,WARMUP,BASELINE,4,1,0,NA,245126,46848135,mixed,1,8,17841231,12345,159874017528882,3879.618,4155.349,4293557.884,99.326,9928.000,19212.000,16654506.717,4285.022,NA,NA,NA,NA,NA,NA,,,,,,,,,,,,,,,,,,NA,0,0,0,NA,NA,NA,,NA,,MEASURED,NOT_RUN,
2026-08-20T16:42:09Z,primary-a4-w1-warmup-1-baseline,WARMUP,BASELINE,4,1,1,NA,245127,46848136,mixed,1,8,17841231,12346,159874018820403,3879.618,4143.972,4305345.198,98.846,10184.000,19212.000,16654506.717,4285.022,NA,NA,NA,NA,NA,NA,,,,,,,,,,,,,,,,,,NA,0,0,0,NA,NA,NA,,NA,,MEASURED,NOT_RUN,
2026-08-20T16:42:09Z,primary-a4-w1-warmup-1-baseline,WARMUP,BASELINE,4,1,2,NA,245128,46848136,mixed,1,8,17841231,12347,159874020212002,3879.618,4257.683,4190361.490,98.655,9928.000,19212.000,16654506.717,4285.022,NA,NA,NA,NA,NA,NA,,,,,,,,,,,,,,,,,,NA,0,0,0,NA,NA,NA,,NA,,MEASURED,NOT_RUN,
2026-08-20T16:42:09Z,primary-a4-w1-warmup-1-baseline,WARMUP,BASELINE,4,1,3,NA,245129,46848136,mixed,1,8,17841231,12348,159874021408500,3879.618,4163.533,4285118.314,99.035,9928.000,19212.000,16654506.717,4285.022,NA,NA,NA,NA,NA,NA,,,,,,,,,,,,,,,,,,NA,0,0,0,NA,NA,NA,,NA,,MEASURED,NOT_RUN,
2026-08-20T16:42:15Z,primary-a4-w1-warmup-1-integrated,WARMUP,INTEGRATED,4,1,0,APP_245134_46848565,245134,46848565,mixed,1,8,17841231,12345,159878313583809,3960.294,4215.865,4231926.876,98.370,9928.000,19212.000,16136565.332,4422.560,28.411,5512.000,81876.000,28.411,8476.000,162024.000,35,34,3,595.730,220.688,2594.153,28403.945,106980.762,2531.748,2526.244,219.542,228.543,6362.223,8485.654,5998.816,3119.234,7454.725,3.000,0,0,20,1116894.675,55844.734,1070708.197,1090.173,1092.797,32,MEASURED,INSUFFICIENT,"Error: target PID 245134 is unavailable for one sample.
Error: target PID 245137 is unavailable for one sample."
2026-08-20T16:42:15Z,primary-a4-w1-warmup-1-integrated,WARMUP,INTEGRATED,4,1,1,APP_245135_46848565,245135,46848565,mixed,1,8,17841231,12346,159878314914391,3960.294,4229.214,4218568.828,99.008,9928.000,19212.000,16136565.332,4422.560,28.411,5512.000,81876.000,28.411,8476.000,162024.000,35,35,4,3075.457,2414.948,7410.016,28403.128,106984.484,2970.874,2964.585,16856.620,24286.216,5205.862,6526.327,5383.508,6068.882,12248.071,3.000,0,0,20,1116894.675,55844.734,1070708.197,1083.678,1090.240,32,MEASURED,INSUFFICIENT,"Error: target PID 245134 is unavailable for one sample.
Error: target PID 245137 is unavailable for one sample."
2026-08-20T16:42:15Z,primary-a4-w1-warmup-1-integrated,WARMUP,INTEGRATED,4,1,2,APP_245136_46848565,245136,46848565,mixed,1,8,17841231,12347,159878316238146,3960.294,4249.993,4197943.134,98.940,9928.000,19212.000,16136565.332,4422.560,28.411,5512.000,81876.000,28.411,8476.000,162024.000,35,35,4,6065.343,4962.784,12245.514,28403.384,106947.017,2274.083,2266.939,35479.499,44433.993,5618.877,7650.964,6164.244,8364.573,15872.453,3.000,0,0,20,1116894.675,55844.734,1070708.197,1079.356,1098.539,32,MEASURED,INSUFFICIENT,"Error: target PID 245134 is unavailable for one sample.
Error: target PID 245137 is unavailable for one sample."
2026-08-20T16:42:15Z,primary-a4-w1-warmup-1-integrated,WARMUP,INTEGRATED,4,1,3,APP_245137_46848565,245137,46848565,mixed,1,8,17841231,12348,159878317544103,3960.294,4393.297,4061011.408,97.471,9928.000,19212.000,16136565.332,4422.560,28.411,5512.000,81876.000,28.411,8476.000,162024.000,37,36,4,7868.910,6878.273,15874.416,29261.031,106946.985,2302.755,2296.860,56167.091,72006.453,4729.824,6416.983,5869.365,10195.242,18326.750,3.000,0,0,20,1116894.675,55844.734,1070708.197,1078.504,1106.512,33,MEASURED,INSUFFICIENT,"Error: target PID 245134 is unavailable for one sample.
Error: target PID 245137 is unavailable for one sample."
2026-08-20T16:42:20Z,primary-a4-w1-warmup-2-integrated,WARMUP,INTEGRATED,4,1,0,APP_245189_46849128,245189,46849128,mixed,1,8,17841231,12345,159883938045597,4678.831,4244.927,4202954.026,98.927,10184.000,19212.000,15288289.361,4667.947,28.914,5692.000,81876.000,28.914,8096.000,85860.000,34,34,4,448.510,221.171,2278.317,36643.856,162063.054,2534.330,2528.753,792.946,2550.009,6587.810,6818.317,6287.055,3002.012,7559.208,3.000,0,0,20,1193385.275,59669.264,1079734.289,1096.091,1097.775,30,MEASURED,INSUFFICIENT,"Error: target PID 245190 is unavailable for one sample.
Error: target PID 245191 is unavailable for one sample."
2026-08-20T16:42:20Z,primary-a4-w1-warmup-2-integrated,WARMUP,INTEGRATED,4,1,1,APP_245190_46849128,245190,46849128,mixed,1,8,17841231,12346,159883939808857,4678.831,4426.661,4030403.537,99.192,9928.000,19212.000,15288289.361,4667.947,28.914,5692.000,81876.000,28.914,8096.000,85860.000,36,35,4,2745.261,2475.532,7383.746,38421.291,162043.599,2248.458,2241.069,22049.169,27875.550,5116.810,6903.815,6789.995,5018.002,11429.681,3.000,0,0,20,1193385.275,59669.264,1079734.289,1096.782,1099.643,31,MEASURED,INSUFFICIENT,"Error: target PID 245190 is unavailable for one sample.
Error: target PID 245191 is unavailable for one sample."
2026-08-20T16:42:21Z,primary-a4-w1-warmup-2-integrated,WARMUP,INTEGRATED,4,1,2,APP_245191_46849128,245191,46849128,mixed,1,8,17841231,12347,159883941327224,4678.831,4559.105,3913318.429,98.379,9928.000,19212.000,15288289.361,4667.947,28.914,5692.000,81876.000,28.914,8096.000,85860.000,37,36,4,4904.023,4607.146,11430.956,37434.812,162042.505,2351.786,2346.517,42154.169,48548.194,5372.724,7389.064,5606.550,7283.002,14933.692,3.000,0,0,20,1193385.275,59669.264,1079734.289,1098.070,1101.154,32,MEASURED,INSUFFICIENT,"Error: target PID 245190 is unavailable for one sample.
Error: target PID 245191 is unavailable for one sample."
2026-08-20T16:42:21Z,primary-a4-w1-warmup-2-integrated,WARMUP,INTEGRATED,4,1,3,APP_245192_46849128,245192,46849128,mixed,1,8,17841231,12348,159883942724428,4678.831,4623.549,3858773.665,97.787,9928.000,19212.000,15288289.361,4667.947,28.914,5692.000,81876.000,28.914,8096.000,85860.000,37,37,4,7283.839,6860.199,14934.982,37437.813,162047.592,2280.580,2212.916,61792.278,66790.835,5539.725,7066.641,8713.217,9587.959,18278.971,3.000,0,0,20,1193385.275,59669.264,1079734.289,1097.125,1106.759,32,MEASURED,INSUFFICIENT,"Error: target PID 245190 is unavailable for one sample.
Error: target PID 245191 is unavailable for one sample."
2026-08-20T16:42:25Z,primary-a4-w1-warmup-2-baseline,WARMUP,BASELINE,4,1,0,NA,245247,46849691,mixed,1,8,17841231,12345,159889575672083,3839.993,4264.813,4183355.923,98.879,9992.000,19212.000,16615420.448,4295.102,NA,NA,NA,NA,NA,NA,,,,,,,,,,,,,,,,,,NA,0,0,0,NA,NA,NA,,NA,,MEASURED,NOT_RUN,
2026-08-20T16:42:25Z,primary-a4-w1-warmup-2-baseline,WARMUP,BASELINE,4,1,1,NA,245248,46849691,mixed,1,8,17841231,12346,159889576927320,3839.993,4199.741,4248173.909,98.757,9928.000,19212.000,16615420.448,4295.102,NA,NA,NA,NA,NA,NA,,,,,,,,,,,,,,,,,,NA,0,0,0,NA,NA,NA,,NA,,MEASURED,NOT_RUN,
2026-08-20T16:42:25Z,primary-a4-w1-warmup-2-baseline,WARMUP,BASELINE,4,1,2,NA,245249,46849692,mixed,1,8,17841231,12347,159889578205080,3839.993,4231.102,4216686.140,98.920,9928.000,19212.000,16615420.448,4295.102,NA,NA,NA,NA,NA,NA,,,,,,,,,,,,,,,,,,NA,0,0,0,NA,NA,NA,,NA,,MEASURED,NOT_RUN,
2026-08-20T16:42:25Z,primary-a4-w1-warmup-2-baseline,WARMUP,BASELINE,4,1,3,NA,245250,46849692,mixed,1,8,17841231,12348,159889579512076,3839.993,4104.613,4346628.871,98.874,9928.000,19212.000,16615420.448,4295.102,NA,NA,NA,NA,NA,NA,,,,,,,,,,,,,,,,,,NA,0,0,0,NA,NA,NA,,NA,,MEASURED,NOT_RUN,
2026-08-20T16:42:30Z,primary-a4-w1-warmup-3-baseline,WARMUP,BASELINE,4,1,0,NA,245255,46850122,mixed,1,8,17841231,12345,159893886811724,4597.805,4680.119,3812131.941,98.742,9864.000,19212.000,15161278.233,4707.052,NA,NA,NA,NA,NA,NA,,,,,,,,,,,,,,,,,,NA,0,0,0,NA,NA,NA,,NA,,MEASURED,NOT_RUN,
2026-08-20T16:42:30Z,primary-a4-w1-warmup-3-baseline,WARMUP,BASELINE,4,1,1,NA,245256,46850123,mixed,1,8,17841231,12346,159893888344232,4597.805,4216.137,4231653.478,98.505,10056.000,19212.000,15161278.233,4707.052,NA,NA,NA,NA,NA,NA,,,,,,,,,,,,,,,,,,NA,0,0,0,NA,NA,NA,,NA,,MEASURED,NOT_RUN,
2026-08-20T16:42:30Z,primary-a4-w1-warmup-3-baseline,WARMUP,BASELINE,4,1,2,NA,245257,46850123,mixed,1,8,17841231,12347,159893890059467,4597.805,4475.663,3986276.551,98.843,9928.000,19212.000,15161278.233,4707.052,NA,NA,NA,NA,NA,NA,,,,,,,,,,,,,,,,,,NA,0,0,0,NA,NA,NA,,NA,,MEASURED,NOT_RUN,
2026-08-20T16:42:30Z,primary-a4-w1-warmup-3-baseline,WARMUP,BASELINE,4,1,3,NA,245258,46850123,mixed,1,8,17841231,12348,159893891409529,4597.805,3973.749,4489773.048,98.460,9928.000,19212.000,15161278.233,4707.052,NA,NA,NA,NA,NA,NA,,,,,,,,,,,,,,,,,,NA,0,0,0,NA,NA,NA,,NA,,MEASURED,NOT_RUN,
2026-08-20T16:42:35Z,primary-a4-w1-warmup-3-integrated,WARMUP,INTEGRATED,4,1,0,APP_245263_46850595,245263,46850595,mixed,1,8,17841231,12345,159898614194420,3909.535,4483.128,3979638.626,96.138,9928.000,19212.000,14228291.230,5015.706,28.389,5580.000,81876.000,28.389,10212.000,163752.000,35,35,4,668.241,272.806,3694.831,31379.864,113659.206,3016.929,3011.405,216.790,228.006,7492.236,8000.012,8621.709,3704.798,9319.756,3.000,0,0,20,1166586.915,58329.346,1107292.897,1113.431,1122.148,31,MEASURED,INSUFFICIENT,Error: target PID 245264 is unavailable for one sample.
2026-08-20T16:42:35Z,primary-a4-w1-warmup-3-integrated,WARMUP,INTEGRATED,4,1,1,APP_245264_46850595,245264,46850595,mixed,1,8,17841231,12346,159898615513341,3909.535,4950.101,3604215.628,95.605,9928.000,19212.000,14228291.230,5015.706,28.389,5580.000,81876.000,28.389,10212.000,163752.000,40,39,4,3223.286,2663.601,9236.555,36726.688,242295.314,3095.191,3089.793,25839.941,41396.269,7799.999,11039.108,9327.354,6347.458,15920.408,3.000,0,0,20,1166586.915,58329.346,1107292.897,1122.944,1151.953,35,MEASURED,INSUFFICIENT,Error: target PID 245264 is unavailable for one sample.
2026-08-20T16:42:35Z,primary-a4-w1-warmup-3-integrated,WARMUP,INTEGRATED,4,1,2,APP_245265_46850595,245265,46850595,mixed,1,8,17841231,12347,159898616793844,3909.535,4979.129,3583203.554,97.534,9928.000,19212.000,14228291.230,5015.706,28.389,5580.000,81876.000,28.389,10212.000,163752.000,40,40,4,6336.128,5508.029,15902.793,36728.575,242340.862,3212.635,3205.953,55484.741,90346.391,9002.073,9855.347,9905.712,9579.563,23803.571,3.000,0,0,20,1166586.915,58329.346,1107292.897,1133.226,1186.115,35,MEASURED,INSUFFICIENT,Error: target PID 245264 is unavailable for one sample.
2026-08-20T16:42:35Z,primary-a4-w1-warmup-3-integrated,WARMUP,INTEGRATED,4,1,3,APP_245266_46850596,245266,46850596,mixed,1,8,17841231,12348,159898618103955,3909.535,4506.303,3959172.122,97.991,9928.000,19212.000,14228291.230,5015.706,28.389,5580.000,81876.000,28.389,10212.000,163752.000,35,35,4,9978.251,9838.186,23804.464,31379.627,113599.125,2322.771,2316.053,86081.651,145381.247,9001.929,11244.142,7395.690,12325.854,31372.110,3.000,0,0,20,1166586.915,58329.346,1107292.897,1138.504,1203.793,31,MEASURED,INSUFFICIENT,Error: target PID 245264 is unavailable for one sample.
2026-08-20T16:42:41Z,primary-a4-w1-measured-4-integrated,MEASURED,INTEGRATED,4,1,0,APP_245322_46851176,245322,46851176,mixed,1,8,17841231,12345,159904420312601,3837.141,5043.888,3537198.301,93.005,9992.000,19212.000,13446309.660,5307.399,30.126,5636.000,81876.000,30.126,10264.000,163752.000,40,39,4,601.155,243.325,6753.978,39723.130,209236.333,2648.378,2640.849,235.048,304.745,5971.915,9227.636,6893.052,3270.928,9230.090,3.000,0,0,20,1300050.784,65002.539,1102660.836,1133.682,1160.531,35,MEASURED,INSUFFICIENT,"Error: target PID 245324 is unavailable for one sample.
Error: target PID 245322 is unavailable for one sample.
Error: target PID 245325 is unavailable for one sample."
2026-08-20T16:42:41Z,primary-a4-w1-measured-4-integrated,MEASURED,INTEGRATED,4,1,1,APP_245323_46851176,245323,46851176,mixed,1,8,17841231,12346,159904421515563,3837.141,5264.786,3388785.392,94.994,9928.000,19212.000,13446309.660,5307.399,30.126,5636.000,81876.000,30.126,10264.000,163752.000,41,41,4,3093.223,2626.307,9180.852,38763.745,209177.034,3468.609,3461.819,24115.926,25472.039,10365.676,15973.773,8446.666,6589.628,18178.385,3.000,0,0,20,1300050.784,65002.539,1102660.836,1130.160,1142.808,36,MEASURED,INSUFFICIENT,"Error: target PID 245324 is unavailable for one sample.
Error: target PID 245322 is unavailable for one sample.
Error: target PID 245325 is unavailable for one sample."
2026-08-20T16:42:41Z,primary-a4-w1-measured-4-integrated,MEASURED,INTEGRATED,4,1,2,APP_245324_46851176,245324,46851176,mixed,1,8,17841231,12347,159904422740619,3837.141,4919.429,3626687.377,96.530,9928.000,19212.000,13446309.660,5307.399,30.126,5636.000,81876.000,30.126,10264.000,163752.000,39,38,4,6822.056,5541.670,18179.165,39956.189,209278.235,3036.021,3030.540,60335.522,71875.689,10171.726,9175.675,8462.102,9890.710,25356.967,3.000,0,0,20,1300050.784,65002.539,1102660.836,1128.661,1134.660,34,MEASURED,INSUFFICIENT,"Error: target PID 245324 is unavailable for one sample.
Error: target PID 245322 is unavailable for one sample.
Error: target PID 245325 is unavailable for one sample."
2026-08-20T16:42:41Z,primary-a4-w1-measured-4-integrated,MEASURED,INTEGRATED,4,1,3,APP_245325_46851176,245325,46851176,mixed,1,8,17841231,12348,159904424149742,3837.141,5093.405,3502809.994,94.697,9928.000,19212.000,13446309.660,5307.399,30.126,5636.000,81876.000,30.126,10264.000,163752.000,41,40,4,9506.248,8302.600,25361.330,38767.555,209280.724,2891.507,2810.899,89569.734,105391.184,7961.005,11061.931,6799.233,12396.295,36697.608,3.000,0,0,20,1300050.784,65002.539,1102660.836,1126.363,1134.094,36,MEASURED,INSUFFICIENT,"Error: target PID 245324 is unavailable for one sample.
Error: target PID 245322 is unavailable for one sample.
Error: target PID 245325 is unavailable for one sample."
2026-08-20T16:42:47Z,primary-a4-w1-measured-4-baseline,MEASURED,BASELINE,4,1,0,NA,245380,46851761,mixed,1,8,17841231,12345,159910273825178,4521.421,5223.794,3415377.904,89.498,9928.000,19212.000,13570558.737,5258.805,NA,NA,NA,NA,NA,NA,,,,,,,,,,,,,,,,,,NA,0,0,0,NA,NA,NA,,NA,,MEASURED,NOT_RUN,
2026-08-20T16:42:47Z,primary-a4-w1-measured-4-baseline,MEASURED,BASELINE,4,1,1,NA,245381,46851761,mixed,1,8,17841231,12346,159910275284599,4521.421,5211.360,3423527.076,93.123,9928.000,19212.000,13570558.737,5258.805,NA,NA,NA,NA,NA,NA,,,,,,,,,,,,,,,,,,NA,0,0,0,NA,NA,NA,,NA,,MEASURED,NOT_RUN,
2026-08-20T16:42:47Z,primary-a4-w1-measured-4-baseline,MEASURED,BASELINE,4,1,2,NA,245382,46851761,mixed,1,8,17841231,12347,159910276865933,4521.421,4862.730,3668973.970,93.057,9928.000,19212.000,13570558.737,5258.805,NA,NA,NA,NA,NA,NA,,,,,,,,,,,,,,,,,,NA,0,0,0,NA,NA,NA,,NA,,MEASURED,NOT_RUN,
2026-08-20T16:42:47Z,primary-a4-w1-measured-4-baseline,MEASURED,BASELINE,4,1,3,NA,245383,46851762,mixed,1,8,17841231,12348,159910278346599,4521.421,5179.732,3444431.301,91.416,9928.000,19212.000,13570558.737,5258.805,NA,NA,NA,NA,NA,NA,,,,,,,,,,,,,,,,,,NA,0,0,0,NA,NA,NA,,NA,,MEASURED,NOT_RUN,
2026-08-20T16:42:51Z,primary-a4-w1-measured-5-baseline,MEASURED,BASELINE,4,1,0,NA,245388,46852288,mixed,1,8,17841231,12345,159915547000033,4402.210,4151.705,4297326.100,98.296,9928.000,19212.000,16674548.005,4279.872,NA,NA,NA,NA,NA,NA,,,,,,,,,,,,,,,,,,NA,0,0,0,NA,NA,NA,,NA,,MEASURED,NOT_RUN,
2026-08-20T16:42:51Z,primary-a4-w1-measured-5-baseline,MEASURED,BASELINE,4,1,1,NA,245389,46852289,mixed,1,8,17841231,12346,159915548683366,4402.210,4131.065,4318796.887,98.531,9928.000,19212.000,16674548.005,4279.872,NA,NA,NA,NA,NA,NA,,,,,,,,,,,,,,,,,,NA,0,0,0,NA,NA,NA,,NA,,MEASURED,NOT_RUN,
2026-08-20T16:42:51Z,primary-a4-w1-measured-5-baseline,MEASURED,BASELINE,4,1,2,NA,245390,46852289,mixed,1,8,17841231,12347,159915550203018,4402.210,4248.348,4199568.760,99.026,9928.000,19212.000,16674548.005,4279.872,NA,NA,NA,NA,NA,NA,,,,,,,,,,,,,,,,,,NA,0,0,0,NA,NA,NA,,NA,,MEASURED,NOT_RUN,
2026-08-20T16:42:51Z,primary-a4-w1-measured-5-baseline,MEASURED,BASELINE,4,1,3,NA,245391,46852289,mixed,1,8,17841231,12348,159915551402243,4402.210,4171.851,4276574.856,98.660,9928.000,19212.000,16674548.005,4279.872,NA,NA,NA,NA,NA,NA,,,,,,,,,,,,,,,,,,NA,0,0,0,NA,NA,NA,,NA,,MEASURED,NOT_RUN,
2026-08-20T16:42:56Z,primary-a4-w1-measured-5-integrated,MEASURED,INTEGRATED,4,1,0,APP_245398_46852718,245398,46852718,mixed,1,8,17841231,12345,159919838870886,4601.934,4348.520,4102828.543,98.979,9924.000,19212.000,16284955.617,4382.261,28.559,5688.000,81876.000,28.559,10312.000,163752.000,36,36,4,647.134,218.839,3999.993,27737.537,94151.019,2369.817,2363.548,228.617,263.809,6841.694,8632.714,6815.471,3122.986,6127.077,3.000,0,0,20,1171131.769,58556.588,1071363.235,1093.394,1102.539,32,MEASURED,INSUFFICIENT,
2026-08-20T16:42:57Z,primary-a4-w1-measured-5-integrated,MEASURED,INTEGRATED,4,1,1,APP_245399_46852718,245399,46852718,mixed,1,8,17841231,12346,159919840338019,4601.934,4315.787,4133945.740,98.330,9804.000,19212.000,16284955.617,4382.261,28.559,5688.000,81876.000,28.559,10312.000,163752.000,36,36,4,2969.548,2444.077,5961.636,27736.589,94125.421,3028.647,3022.615,23950.840,32922.878,6796.112,6398.880,5477.212,6023.889,14795.185,3.000,0,0,20,1171131.769,58556.588,1071363.235,1089.584,1102.645,32,MEASURED,INSUFFICIENT,
2026-08-20T16:42:57Z,primary-a4-w1-measured-5-integrated,MEASURED,INTEGRATED,4,1,2,APP_245400_46852718,245400,46852718,mixed,1,8,17841231,12347,159919842033157,4601.934,4297.987,4151066.989,98.868,9768.000,19212.000,16284955.617,4382.261,28.559,5688.000,81876.000,28.559,10312.000,163752.000,36,36,4,6022.817,4794.477,14796.619,27737.236,94126.675,2392.638,2386.567,44214.673,59771.667,4855.646,6122.401,5712.843,8384.980,21189.343,3.000,0,0,20,1171131.769,58556.588,1071363.235,1087.867,1102.180,32,MEASURED,INSUFFICIENT,
2026-08-20T16:42:57Z,primary-a4-w1-measured-5-integrated,MEASURED,INTEGRATED,4,1,3,APP_245401_46852718,245401,46852718,mixed,1,8,17841231,12348,159919843472820,4601.934,4089.303,4362903.054,98.944,9928.000,19212.000,16284955.617,4382.261,28.559,5688.000,81876.000,28.559,10312.000,163752.000,34,34,3,8432.408,6980.448,21190.841,28637.783,94133.822,2419.163,2413.813,66372.333,79124.379,6595.316,10758.472,7661.744,10878.966,23598.100,3.000,0,0,20,1171131.769,58556.588,1071363.235,1096.161,1111.864,30,MEASURED,INSUFFICIENT,
2026-08-20T16:43:03Z,primary-a4-w1-measured-6-integrated,MEASURED,INTEGRATED,4,1,0,APP_245464_46853299,245464,46853299,mixed,1,8,17841231,12345,159925656839280,5092.567,5511.590,3237039.018,89.257,9928.000,19212.000,11977529.678,5958.234,27.812,5444.000,81876.000,27.812,9940.000,163752.000,41,41,5,1294.654,482.214,8394.749,55046.498,236755.425,2496.659,2490.804,225.040,273.673,10844.456,9553.118,8561.137,3813.380,11551.614,3.000,0,0,20,1696791.047,84839.552,1115634.221,1116.935,1135.637,33,MEASURED,INSUFFICIENT,
2026-08-20T16:43:03Z,primary-a4-w1-measured-6-integrated,MEASURED,INTEGRATED,4,1,1,APP_245465_46853300,245465,46853300,mixed,1,8,17841231,12346,159925658456921,5092.567,5922.491,3012453.678,83.263,9864.000,19212.000,11977529.678,5958.234,27.812,5444.000,81876.000,27.812,9940.000,163752.000,41,41,5,3717.686,2940.294,9501.300,55046.933,236736.525,4553.177,4547.621,30642.488,39804.873,8156.421,9236.259,6690.606,8295.890,21952.748,3.000,0,0,20,1696791.047,84839.552,1115634.221,1119.180,1131.174,33,MEASURED,INSUFFICIENT,
2026-08-20T16:43:03Z,primary-a4-w1-measured-6-integrated,MEASURED,INTEGRATED,4,1,2,APP_245466_46853300,245466,46853300,mixed,1,8,17841231,12347,159925660386421,5092.567,5903.331,3022231.421,82.421,9924.000,19212.000,11977529.678,5958.234,27.812,5444.000,81876.000,27.812,9940.000,163752.000,41,41,5,8142.412,7754.653,21952.246,55046.799,236734.850,3471.073,3465.628,56073.162,72638.531,6942.280,8006.372,6840.471,11638.196,27712.799,3.000,0,0,20,1696791.047,84839.552,1115634.221,1114.752,1126.466,33,MEASURED,INSUFFICIENT,
2026-08-20T16:43:03Z,primary-a4-w1-measured-6-integrated,MEASURED,INTEGRATED,4,1,3,APP_245467_46853300,245467,46853300,mixed,1,8,17841231,12348,159925661931847,5092.567,5763.373,3095622.969,84.296,9928.000,19212.000,11977529.678,5958.234,27.812,5444.000,81876.000,27.812,9940.000,163752.000,41,41,5,11639.913,10396.871,27714.155,55049.815,236734.419,2939.394,2934.116,79175.628,93797.579,5308.536,8494.987,9222.586,14715.259,29794.156,3.000,0,0,20,1696791.047,84839.552,1115634.221,1110.907,1119.823,33,MEASURED,INSUFFICIENT,
2026-08-20T16:43:08Z,primary-a4-w1-measured-6-baseline,MEASURED,BASELINE,4,1,0,NA,245542,46853925,mixed,1,8,17841231,12345,159931912706355,7787.767,4768.377,3741573.232,96.924,9928.000,19212.000,14688489.471,4858.561,NA,NA,NA,NA,NA,NA,,,,,,,,,,,,,,,,,,NA,0,0,0,NA,NA,NA,,NA,,MEASURED,NOT_RUN,
2026-08-20T16:43:08Z,primary-a4-w1-measured-6-baseline,MEASURED,BASELINE,4,1,1,NA,245543,46853925,mixed,1,8,17841231,12346,159931914248122,7787.767,4675.383,3815993.228,96.440,9924.000,19212.000,14688489.471,4858.561,NA,NA,NA,NA,NA,NA,,,,,,,,,,,,,,,,,,NA,0,0,0,NA,NA,NA,,NA,,MEASURED,NOT_RUN,
2026-08-20T16:43:08Z,primary-a4-w1-measured-6-baseline,MEASURED,BASELINE,4,1,2,NA,245544,46853926,mixed,1,8,17841231,12347,159931917628084,7787.767,4824.629,3697948.805,97.251,9928.000,19212.000,14688489.471,4858.561,NA,NA,NA,NA,NA,NA,,,,,,,,,,,,,,,,,,NA,0,0,0,NA,NA,NA,,NA,,MEASURED,NOT_RUN,
2026-08-20T16:43:08Z,primary-a4-w1-measured-6-baseline,MEASURED,BASELINE,4,1,3,NA,245545,46853926,mixed,1,8,17841231,12348,159931920494122,7787.767,4734.837,3768077.306,95.475,9800.000,19212.000,14688489.471,4858.561,NA,NA,NA,NA,NA,NA,,,,,,,,,,,,,,,,,,NA,0,0,0,NA,NA,NA,,NA,,MEASURED,NOT_RUN,
2026-08-20T16:43:12Z,primary-a4-w1-measured-7-baseline,MEASURED,BASELINE,4,1,0,NA,245550,46854412,mixed,1,8,17841231,12345,159936782412635,3846.386,4259.668,4188409.200,97.436,9928.000,19212.000,15440131.653,4622.041,NA,NA,NA,NA,NA,NA,,,,,,,,,,,,,,,,,,NA,0,0,0,NA,NA,NA,,NA,,MEASURED,NOT_RUN,
2026-08-20T16:43:12Z,primary-a4-w1-measured-7-baseline,MEASURED,BASELINE,4,1,1,NA,245551,46854412,mixed,1,8,17841231,12346,159936783728358,3846.386,4473.602,3988113.068,98.363,9864.000,19212.000,15440131.653,4622.041,NA,NA,NA,NA,NA,NA,,,,,,,,,,,,,,,,,,NA,0,0,0,NA,NA,NA,,NA,,MEASURED,NOT_RUN,
2026-08-20T16:43:12Z,primary-a4-w1-measured-7-baseline,MEASURED,BASELINE,4,1,2,NA,245552,46854412,mixed,1,8,17841231,12347,159936784954073,3846.386,4274.197,4174171.871,98.789,9864.000,19212.000,15440131.653,4622.041,NA,NA,NA,NA,NA,NA,,,,,,,,,,,,,,,,,,NA,0,0,0,NA,NA,NA,,NA,,MEASURED,NOT_RUN,
2026-08-20T16:43:12Z,primary-a4-w1-measured-7-baseline,MEASURED,BASELINE,4,1,3,NA,245553,46854412,mixed,1,8,17841231,12348,159936786259021,3846.386,4583.587,3892416.991,98.616,9928.000,19212.000,15440131.653,4622.041,NA,NA,NA,NA,NA,NA,,,,,,,,,,,,,,,,,,NA,0,0,0,NA,NA,NA,,NA,,MEASURED,NOT_RUN,
2026-08-20T16:43:18Z,primary-a4-w1-measured-7-integrated,MEASURED,INTEGRATED,4,1,0,APP_245558_46854876,245558,46854876,mixed,1,8,17841231,12345,159941420565417,4338.443,4753.485,3753294.837,98.285,9928.000,19212.000,14920792.149,4782.918,28.631,5512.000,81876.000,28.631,10016.000,163752.000,39,38,4,580.217,231.246,3520.714,36255.925,165509.131,2420.495,2414.412,211.767,225.916,6596.324,6956.624,5461.925,3024.818,7809.957,3.000,0,0,20,1156025.774,57801.289,1083821.935,1093.101,1109.439,34,MEASURED,INSUFFICIENT,"Error: target PID 245561 is unavailable for one sample.
Error: target PID 245559 is unavailable for one sample.
Error: target PID 245560 is unavailable for one sample.
Error: target PID 245558 is unavailable for one sample."
2026-08-20T16:43:18Z,primary-a4-w1-measured-7-integrated,MEASURED,INTEGRATED,4,1,1,APP_245559_46854876,245559,46854876,mixed,1,8,17841231,12346,159941421977667,4338.443,4593.528,3883993.417,98.420,9928.000,19212.000,14920792.149,4782.918,28.631,5512.000,81876.000,28.631,10016.000,163752.000,37,36,4,3057.844,2568.532,7757.379,37415.833,165458.497,2595.470,2589.456,20651.121,22890.468,6833.609,8092.817,6537.004,5679.604,14423.110,3.000,0,0,20,1156025.774,57801.289,1083821.935,1099.772,1110.730,32,MEASURED,INSUFFICIENT,"Error: target PID 245561 is unavailable for one sample.
Error: target PID 245559 is unavailable for one sample.
Error: target PID 245560 is unavailable for one sample.
Error: target PID 245558 is unavailable for one sample."
2026-08-20T16:43:18Z,primary-a4-w1-measured-7-integrated,MEASURED,INTEGRATED,4,1,2,APP_245560_46854876,245560,46854876,mixed,1,8,17841231,12347,159941423307309,4338.443,4561.978,3910854.338,97.882,9928.000,19212.000,14920792.149,4782.918,28.631,5512.000,81876.000,28.631,10016.000,163752.000,37,36,4,5675.874,4831.687,14425.463,37416.404,165457.594,2299.246,2293.337,43361.950,55587.702,9018.157,6725.398,6276.824,8000.542,18368.605,3.000,0,0,20,1156025.774,57801.289,1083821.935,1103.708,1119.239,32,MEASURED,INSUFFICIENT,"Error: target PID 245561 is unavailable for one sample.
Error: target PID 245559 is unavailable for one sample.
Error: target PID 245560 is unavailable for one sample.
Error: target PID 245558 is unavailable for one sample."
2026-08-20T16:43:18Z,primary-a4-w1-measured-7-integrated,MEASURED,INTEGRATED,4,1,3,APP_245561_46854876,245561,46854876,mixed,1,8,17841231,12348,159941424903860,4338.443,4457.506,4002514.613,96.769,9928.000,19212.000,14920792.149,4782.918,28.631,5512.000,81876.000,28.631,10016.000,163752.000,36,35,4,8165.604,7183.818,18334.446,38396.087,165458.124,2063.134,2057.357,66702.804,87063.415,8038.589,7671.697,8320.227,10338.859,20475.666,3.000,0,0,20,1156025.774,57801.289,1083821.935,1112.495,1144.219,31,MEASURED,INSUFFICIENT,"Error: target PID 245561 is unavailable for one sample.
Error: target PID 245559 is unavailable for one sample.
Error: target PID 245560 is unavailable for one sample.
Error: target PID 245558 is unavailable for one sample."
2026-08-20T16:43:24Z,primary-a4-w1-measured-8-integrated,MEASURED,INTEGRATED,4,1,0,APP_245616_46855444,245616,46855444,mixed,1,8,17841231,12345,159947101618167,4449.211,5101.016,3497583.829,95.275,9928.000,19212.000,13864996.006,5147.129,29.951,5520.000,81876.000,29.951,9720.000,163752.000,41,40,4,1066.998,460.422,6471.504,39312.042,161653.409,2494.311,2486.926,215.242,258.206,8383.755,9445.427,7651.625,3574.996,10037.764,3.000,0,0,20,1307105.352,65355.268,1089924.177,1117.450,1132.204,36,MEASURED,INSUFFICIENT,"Error: target PID 245616 is unavailable for one sample.
Error: target PID 245617 is unavailable for one sample.
Error: target PID 245619 is unavailable for one sample."
2026-08-20T16:43:24Z,primary-a4-w1-measured-8-integrated,MEASURED,INTEGRATED,4,1,1,APP_245617_46855444,245617,46855444,mixed,1,8,17841231,12346,159947102939578,4449.211,5094.997,3501715.589,95.666,9928.000,19212.000,13864996.006,5147.129,29.951,5520.000,81876.000,29.951,9720.000,163752.000,41,40,4,3496.056,2878.650,9994.231,39310.536,161645.848,3817.034,3810.449,27102.286,43143.404,6791.869,9623.807,8287.018,7332.303,16667.168,3.000,0,0,20,1307105.352,65355.268,1089924.177,1115.686,1152.977,36,MEASURED,INSUFFICIENT,"Error: target PID 245616 is unavailable for one sample.
Error: target PID 245617 is unavailable for one sample.
Error: target PID 245619 is unavailable for one sample."
2026-08-20T16:43:24Z,primary-a4-w1-measured-8-integrated,MEASURED,INTEGRATED,4,1,2,APP_245618_46855444,245618,46855444,mixed,1,8,17841231,12347,159947104477630,4449.211,4975.005,3586173.752,93.517,9992.000,19212.000,13864996.006,5147.129,29.951,5520.000,81876.000,29.951,9720.000,163752.000,39,39,4,7445.505,6541.593,16664.877,39302.110,161643.087,2878.351,2872.395,53100.174,87411.566,6382.538,7499.446,6004.741,10405.021,24062.193,3.000,0,0,20,1307105.352,65355.268,1089924.177,1114.734,1156.638,34,MEASURED,INSUFFICIENT,"Error: target PID 245616 is unavailable for one sample.
Error: target PID 245617 is unavailable for one sample.
Error: target PID 245619 is unavailable for one sample."
2026-08-20T16:43:24Z,primary-a4-w1-measured-8-integrated,MEASURED,INTEGRATED,4,1,3,APP_245619_46855444,245619,46855444,mixed,1,8,17841231,12348,159947106067378,4449.211,5065.179,3522330.037,93.359,9928.000,19212.000,13864996.006,5147.129,29.951,5520.000,81876.000,29.951,9720.000,163752.000,41,40,4,10132.378,8685.403,24061.440,39325.400,162140.406,2436.005,2430.839,74253.316,113342.563,5273.435,8135.179,6907.278,12589.385,32550.199,3.000,0,0,20,1307105.352,65355.268,1089924.177,1114.167,1158.922,36,MEASURED,INSUFFICIENT,"Error: target PID 245616 is unavailable for one sample.
Error: target PID 245617 is unavailable for one sample.
Error: target PID 245619 is unavailable for one sample."
2026-08-20T16:43:28Z,primary-a4-w1-measured-8-baseline,MEASURED,BASELINE,4,1,0,NA,245674,46856019,mixed,1,8,17841231,12345,159952856103601,4044.874,4589.843,3887111.532,97.725,9924.000,19212.000,15472355.928,4612.415,NA,NA,NA,NA,NA,NA,,,,,,,,,,,,,,,,,,NA,0,0,0,NA,NA,NA,,NA,,MEASURED,NOT_RUN,
2026-08-20T16:43:28Z,primary-a4-w1-measured-8-baseline,MEASURED,BASELINE,4,1,1,NA,245675,46856019,mixed,1,8,17841231,12346,159952857420650,4044.874,4584.997,3891219.457,97.289,9928.000,19212.000,15472355.928,4612.415,NA,NA,NA,NA,NA,NA,,,,,,,,,,,,,,,,,,NA,0,0,0,NA,NA,NA,,NA,,MEASURED,NOT_RUN,
2026-08-20T16:43:28Z,primary-a4-w1-measured-8-baseline,MEASURED,BASELINE,4,1,2,NA,245676,46856020,mixed,1,8,17841231,12347,159952858727795,4044.874,4449.425,4009783.568,96.483,9928.000,19212.000,15472355.928,4612.415,NA,NA,NA,NA,NA,NA,,,,,,,,,,,,,,,,,,NA,0,0,0,NA,NA,NA,,NA,,MEASURED,NOT_RUN,
2026-08-20T16:43:28Z,primary-a4-w1-measured-8-baseline,MEASURED,BASELINE,4,1,3,NA,245677,46856020,mixed,1,8,17841231,12348,159952860148475,4044.874,4374.431,4078526.286,96.673,9928.000,19212.000,15472355.928,4612.415,NA,NA,NA,NA,NA,NA,,,,,,,,,,,,,,,,,,NA,0,0,0,NA,NA,NA,,NA,,MEASURED,NOT_RUN,
2026-08-20T16:43:33Z,primary-a4-w2-warmup-1-baseline,WARMUP,BASELINE,4,2,0,NA,245682,46856483,mixed,1,8,17841231,12345,159957495301462,4644.652,4612.730,3867824.431,98.605,9928.000,19212.000,15371849.385,4642.572,NA,NA,NA,NA,NA,NA,,,,,,,,,,,,,,,,,,NA,0,0,0,NA,NA,NA,,NA,,MEASURED,NOT_RUN,
2026-08-20T16:43:33Z,primary-a4-w2-warmup-1-baseline,WARMUP,BASELINE,4,2,1,NA,245683,46856483,mixed,1,8,17841231,12346,159957496859325,4644.652,4468.595,3992581.946,98.426,9928.000,19212.000,15371849.385,4642.572,NA,NA,NA,NA,NA,NA,,,,,,,,,,,,,,,,,,NA,0,0,0,NA,NA,NA,,NA,,MEASURED,NOT_RUN,
2026-08-20T16:43:33Z,primary-a4-w2-warmup-1-baseline,WARMUP,BASELINE,4,2,2,NA,245684,46856484,mixed,1,8,17841231,12347,159957498320252,4644.652,4333.557,4116994.207,97.879,9928.000,19212.000,15371849.385,4642.572,NA,NA,NA,NA,NA,NA,,,,,,,,,,,,,,,,,,NA,0,0,0,NA,NA,NA,,NA,,MEASURED,NOT_RUN,
2026-08-20T16:43:33Z,primary-a4-w2-warmup-1-baseline,WARMUP,BASELINE,4,2,3,NA,245685,46856484,mixed,1,8,17841231,12348,159957499946114,4644.652,4422.236,4034436.273,98.748,9928.000,19212.000,15371849.385,4642.572,NA,NA,NA,NA,NA,NA,,,,,,,,,,,,,,,,,,NA,0,0,0,NA,NA,NA,,NA,,MEASURED,NOT_RUN,
2026-08-20T16:43:39Z,primary-a4-w2-warmup-1-integrated,WARMUP,INTEGRATED,4,2,0,APP_245690_46856949,245690,46856949,mixed,1,8,17841231,12345,159962154932906,6161.093,4575.474,3899318.815,96.141,10184.000,19212.000,14488365.915,4925.671,28.982,5656.000,155608.000,28.982,10220.000,311216.000,38,37,4,508.500,239.992,2508.492,32481.946,113909.955,2628.535,2619.523,209.659,224.750,9628.892,9556.064,8089.586,3141.755,6389.937,3.000,0,0,20,1152431.205,57621.560,1097211.471,1122.377,1132.285,33,MEASURED,INSUFFICIENT,"Error: target PID 245690 is unavailable for one sample.
Error: target PID 245691 is unavailable for one sample.
Error: target PID 245692 is unavailable for one sample.
Error: target PID 245693 is unavailable for one sample."
2026-08-20T16:43:39Z,primary-a4-w2-warmup-1-integrated,WARMUP,INTEGRATED,4,2,1,APP_245691_46856949,245691,46856949,mixed,1,8,17841231,12346,159962156413437,6161.093,4579.105,3896226.394,97.231,10184.000,19212.000,14488365.915,4925.671,28.982,5656.000,155608.000,28.982,10220.000,311216.000,38,37,4,1836.029,1459.959,8543.017,32482.715,113925.445,3648.780,3640.469,28917.917,35067.269,7684.770,7362.567,7729.353,5522.049,15946.865,3.000,0,0,20,1152431.205,57621.560,1097211.471,1124.449,1133.580,33,MEASURED,INSUFFICIENT,"Error: target PID 245690 is unavailable for one sample.
Error: target PID 245691 is unavailable for one sample.
Error: target PID 245692 is unavailable for one sample.
Error: target PID 245693 is unavailable for one sample."
2026-08-20T16:43:39Z,primary-a4-w2-warmup-1-integrated,WARMUP,INTEGRATED,4,2,2,APP_245692_46856950,245692,46856950,mixed,1,8,17841231,12347,159962158211986,6161.093,4848.880,3679454.353,97.734,9928.000,19212.000,14488365.915,4925.671,28.982,5656.000,155608.000,28.982,10220.000,311216.000,41,40,4,3014.012,2707.842,9590.681,30227.410,113937.094,3167.328,3160.959,53040.890,59751.675,6441.401,10251.694,7574.166,6216.335,20050.560,3.000,0,0,20,1152431.205,57621.560,1097211.471,1125.301,1129.810,36,MEASURED,INSUFFICIENT,"Error: target PID 245690 is unavailable for one sample.
Error: target PID 245691 is unavailable for one sample.
Error: target PID 245692 is unavailable for one sample.
Error: target PID 245693 is unavailable for one sample."
2026-08-20T16:43:39Z,primary-a4-w2-warmup-1-integrated,WARMUP,INTEGRATED,4,2,3,APP_245693_46856950,245693,46856950,mixed,1,8,17841231,12348,159962161093999,6161.093,4888.920,3649319.547,97.413,9928.000,19212.000,14488365.915,4925.671,28.982,5656.000,155608.000,28.982,10220.000,311216.000,41,40,4,4439.042,4276.232,11725.487,30228.250,113938.076,3079.975,3071.142,79067.913,97688.057,6758.217,6990.831,5776.067,7546.668,16498.515,3.000,0,0,20,1152431.205,57621.560,1097211.471,1125.924,1135.374,36,MEASURED,INSUFFICIENT,"Error: target PID 245690 is unavailable for one sample.
Error: target PID 245691 is unavailable for one sample.
Error: target PID 245692 is unavailable for one sample.
Error: target PID 245693 is unavailable for one sample."
2026-08-20T16:43:45Z,primary-a4-w2-warmup-2-integrated,WARMUP,INTEGRATED,4,2,0,APP_245751_46857529,245751,46857529,mixed,1,8,17841231,12345,159967951451171,3673.785,4755.906,3751384.672,98.317,9928.000,19212.000,14515765.513,4916.373,29.709,5852.000,155608.000,29.709,10532.000,311216.000,38,38,4,590.726,271.510,3917.106,39046.545,173125.376,3473.932,3424.138,209.447,215.840,9147.649,8620.510,6900.623,4111.756,13662.402,3.000,0,0,20,1235057.738,61752.887,1097970.139,1123.812,1130.055,32,MEASURED,INSUFFICIENT,"Error: target PID 245752 is unavailable for one sample.
Error: target PID 245754 is unavailable for one sample."
2026-08-20T16:43:45Z,primary-a4-w2-warmup-2-integrated,WARMUP,INTEGRATED,4,2,1,APP_245752_46857529,245752,46857529,mixed,1,8,17841231,12346,159967952696695,3673.785,4691.976,3802498.420,97.200,9928.000,19212.000,14515765.513,4916.373,29.709,5852.000,155608.000,29.709,10532.000,311216.000,38,37,4,1289.697,744.025,3579.380,39048.350,173234.723,3163.939,3154.787,26420.979,31522.351,9346.883,8238.349,6425.933,4488.471,12544.251,3.000,0,0,20,1235057.738,61752.887,1097970.139,1124.080,1134.857,32,MEASURED,INSUFFICIENT,"Error: target PID 245752 is unavailable for one sample.
Error: target PID 245754 is unavailable for one sample."
2026-08-20T16:43:45Z,primary-a4-w2-warmup-2-integrated,WARMUP,INTEGRATED,4,2,2,APP_245753_46857529,245753,46857529,mixed,1,8,17841231,12347,159967953921601,3673.785,4746.892,3758507.828,94.129,9928.000,19212.000,14515765.513,4916.373,29.709,5852.000,155608.000,29.709,10532.000,311216.000,38,38,4,3084.411,2863.350,6028.984,39049.136,173230.446,3362.170,3355.538,52174.680,59808.675,7668.930,7317.538,9190.381,6513.612,18275.042,3.000,0,0,20,1235057.738,61752.887,1097970.139,1120.780,1132.620,32,MEASURED,INSUFFICIENT,"Error: target PID 245752 is unavailable for one sample.
Error: target PID 245754 is unavailable for one sample."
2026-08-20T16:43:45Z,primary-a4-w2-warmup-2-integrated,WARMUP,INTEGRATED,4,2,3,APP_245754_46857529,245754,46857529,mixed,1,8,17841231,12348,159967955124956,3673.785,4860.340,3670778.699,96.452,9928.000,19212.000,14515765.513,4916.373,29.709,5852.000,155608.000,29.709,10532.000,311216.000,40,39,4,4578.683,4514.110,12458.223,37042.574,173226.334,2578.569,2573.312,77749.182,87130.498,7580.366,8531.947,8026.055,7185.527,17802.238,3.000,0,0,20,1235057.738,61752.887,1097970.139,1121.393,1135.238,34,MEASURED,INSUFFICIENT,"Error: target PID 245752 is unavailable for one sample.
Error: target PID 245754 is unavailable for one sample."
2026-08-20T16:43:49Z,primary-a4-w2-warmup-2-baseline,WARMUP,BASELINE,4,2,0,NA,245810,46858103,mixed,1,8,17841231,12345,159973688608529,3434.700,3711.107,4807522.535,98.632,10056.000,19212.000,17686318.758,4035.035,NA,NA,NA,NA,NA,NA,,,,,,,,,,,,,,,,,,NA,0,0,0,NA,NA,NA,,NA,,MEASURED,NOT_RUN,
2026-08-20T16:43:49Z,primary-a4-w2-warmup-2-baseline,WARMUP,BASELINE,4,2,1,NA,245811,46858103,mixed,1,8,17841231,12346,159973689825804,3434.700,3644.059,4895977.472,99.336,9928.000,19212.000,17686318.758,4035.035,NA,NA,NA,NA,NA,NA,,,,,,,,,,,,,,,,,,NA,0,0,0,NA,NA,NA,,NA,,MEASURED,NOT_RUN,
2026-08-20T16:43:49Z,primary-a4-w2-warmup-2-baseline,WARMUP,BASELINE,4,2,2,NA,245812,46858103,mixed,1,8,17841231,12347,159973690948750,3434.700,4008.218,4451162.683,99.540,9928.000,19212.000,17686318.758,4035.035,NA,NA,NA,NA,NA,NA,,,,,,,,,,,,,,,,,,NA,0,0,0,NA,NA,NA,,NA,,MEASURED,NOT_RUN,
2026-08-20T16:43:49Z,primary-a4-w2-warmup-2-baseline,WARMUP,BASELINE,4,2,3,NA,245813,46858103,mixed,1,8,17841231,12348,159973692043229,3434.700,3977.928,4485055.888,99.336,9928.000,19212.000,17686318.758,4035.035,NA,NA,NA,NA,NA,NA,,,,,,,,,,,,,,,,,,NA,0,0,0,NA,NA,NA,,NA,,MEASURED,NOT_RUN,
2026-08-20T16:43:53Z,primary-a4-w2-warmup-3-baseline,WARMUP,BASELINE,4,2,0,NA,245818,46858507,mixed,1,8,17841231,12345,159977732339615,3924.883,3900.122,4574531.979,99.516,9928.000,19212.000,16518858.285,4320.209,NA,NA,NA,NA,NA,NA,,,,,,,,,,,,,,,,,,NA,0,0,0,NA,NA,NA,,NA,,MEASURED,NOT_RUN,
2026-08-20T16:43:53Z,primary-a4-w2-warmup-3-baseline,WARMUP,BASELINE,4,2,1,NA,245819,46858507,mixed,1,8,17841231,12346,159977733569766,3924.883,3995.812,4464982.780,99.352,9928.000,19212.000,16518858.285,4320.209,NA,NA,NA,NA,NA,NA,,,,,,,,,,,,,,,,,,NA,0,0,0,NA,NA,NA,,NA,,MEASURED,NOT_RUN,
2026-08-20T16:43:53Z,primary-a4-w2-warmup-3-baseline,WARMUP,BASELINE,4,2,2,NA,245820,46858507,mixed,1,8,17841231,12347,159977734655901,3924.883,4282.591,4165990.416,97.377,10120.000,19212.000,16518858.285,4320.209,NA,NA,NA,NA,NA,NA,,,,,,,,,,,,,,,,,,NA,0,0,0,NA,NA,NA,,NA,,MEASURED,NOT_RUN,
2026-08-20T16:43:53Z,primary-a4-w2-warmup-3-baseline,WARMUP,BASELINE,4,2,3,NA,245821,46858507,mixed,1,8,17841231,12348,159977736264498,3924.883,4115.567,4335060.090,98.813,9928.000,19212.000,16518858.285,4320.209,NA,NA,NA,NA,NA,NA,,,,,,,,,,,,,,,,,,NA,0,0,0,NA,NA,NA,,NA,,MEASURED,NOT_RUN,
2026-08-20T16:43:59Z,primary-a4-w2-warmup-3-integrated,WARMUP,INTEGRATED,4,2,0,APP_245828_46858940,245828,46858940,mixed,1,8,17841231,12345,159982062765113,4645.168,4532.264,3936494.395,98.240,9928.000,19212.000,15072031.861,4734.924,28.695,5620.000,155608.000,28.695,8208.000,159592.000,37,36,4,408.039,257.259,3899.545,35499.352,158626.827,2898.782,2889.535,667.021,2043.631,7473.752,6827.803,6861.341,3324.675,6680.108,3.000,0,0,20,1162272.901,58113.645,1086085.271,1105.964,1116.427,32,MEASURED,INSUFFICIENT,"Error: target PID 245828 is unavailable for one sample.
Error: target PID 245831 is unavailable for one sample."
2026-08-20T16:43:59Z,primary-a4-w2-warmup-3-integrated,WARMUP,INTEGRATED,4,2,1,APP_245829_46858940,245829,46858940,mixed,1,8,17841231,12346,159982064172068,4645.168,4698.202,3797459.172,97.827,9928.000,19212.000,15072031.861,4734.924,28.695,5620.000,155608.000,28.695,8208.000,159592.000,37,37,4,1260.221,921.540,3719.836,35502.627,158737.830,2875.942,2863.291,23256.477,33679.597,7205.905,7450.430,8737.546,4166.005,12179.508,3.000,0,0,20,1162272.901,58113.645,1086085.271,1107.060,1124.807,32,MEASURED,INSUFFICIENT,"Error: target PID 245828 is unavailable for one sample.
Error: target PID 245831 is unavailable for one sample."
2026-08-20T16:43:59Z,primary-a4-w2-warmup-3-integrated,WARMUP,INTEGRATED,4,2,2,APP_245830_46858940,245830,46858940,mixed,1,8,17841231,12347,159982065828985,4645.168,4356.252,4095546.259,97.261,9928.000,19212.000,15072031.861,4734.924,28.695,5620.000,155608.000,28.695,8208.000,159592.000,34,34,4,2979.062,2773.570,5482.810,34727.466,158764.358,2989.965,2982.714,48081.226,63801.842,6138.156,7255.091,7378.786,5999.138,8960.429,3.000,0,0,20,1162272.901,58113.645,1086085.271,1105.024,1124.070,30,MEASURED,INSUFFICIENT,"Error: target PID 245828 is unavailable for one sample.
Error: target PID 245831 is unavailable for one sample."
2026-08-20T16:43:59Z,primary-a4-w2-warmup-3-integrated,WARMUP,INTEGRATED,4,2,3,APP_245831_46858940,245831,46858940,mixed,1,8,17841231,12348,159982067410281,4645.168,4589.917,3887048.999,97.345,9928.000,19212.000,15072031.861,4734.924,28.695,5620.000,155608.000,28.695,8208.000,159592.000,37,36,4,4164.905,4096.789,7200.103,35514.168,158765.994,2384.774,2372.903,70487.208,82282.849,6175.008,7234.176,5968.176,6579.918,11517.129,3.000,0,0,20,1162272.901,58113.645,1086085.271,1105.575,1124.283,32,MEASURED,INSUFFICIENT,"Error: target PID 245828 is unavailable for one sample.
Error: target PID 245831 is unavailable for one sample."
2026-08-20T16:44:04Z,primary-a4-w2-measured-4-integrated,MEASURED,INTEGRATED,4,2,0,APP_245888_46859509,245888,46859509,mixed,1,8,17841231,12345,159987748940921,3485.236,4438.540,4019616.969,98.759,9928.000,19212.000,15493740.005,4606.049,28.946,5692.000,155608.000,28.946,10372.000,311216.000,36,36,4,336.901,242.692,1395.145,28102.388,97369.909,3203.074,3192.242,230.627,286.960,6812.676,7114.588,6134.581,3561.318,8897.075,3.000,0,0,20,1142176.185,57108.809,1078035.207,1092.974,1101.444,32,MEASURED,INSUFFICIENT,"Error: target PID 245891 is unavailable for one sample.
Error: target PID 245889 is unavailable for one sample."
2026-08-20T16:44:04Z,primary-a4-w2-measured-4-integrated,MEASURED,INTEGRATED,4,2,1,APP_245889_46859509,245889,46859509,mixed,1,8,17841231,12346,159987750174584,3485.236,4582.951,3892957.024,98.329,9928.000,19212.000,15493740.005,4606.049,28.946,5692.000,155608.000,28.946,10372.000,311216.000,39,38,4,1141.569,697.380,3415.251,30057.021,115791.849,2951.197,2942.382,21627.588,25555.116,6033.305,6836.982,8351.317,4123.062,14429.269,3.000,0,0,20,1142176.185,57108.809,1078035.207,1096.352,1101.542,34,MEASURED,INSUFFICIENT,"Error: target PID 245891 is unavailable for one sample.
Error: target PID 245889 is unavailable for one sample."
2026-08-20T16:44:04Z,primary-a4-w2-measured-4-integrated,MEASURED,INTEGRATED,4,2,2,APP_245890_46859509,245890,46859509,mixed,1,8,17841231,12347,159987751294208,3485.236,4479.848,3982553.140,98.354,10184.000,19212.000,15493740.005,4606.049,28.946,5692.000,155608.000,28.946,10372.000,311216.000,38,37,4,2835.805,2624.514,5772.504,30767.864,115917.613,2855.082,2848.022,44228.204,49010.919,5216.690,6364.581,5663.766,5722.149,10948.148,3.000,0,0,20,1142176.185,57108.809,1078035.207,1095.399,1096.513,33,MEASURED,INSUFFICIENT,"Error: target PID 245891 is unavailable for one sample.
Error: target PID 245889 is unavailable for one sample."
2026-08-20T16:44:04Z,primary-a4-w2-measured-4-integrated,MEASURED,INTEGRATED,4,2,3,APP_245891_46859509,245891,46859509,mixed,1,8,17841231,12348,159987752426157,3485.236,4504.157,3961058.748,98.487,9928.000,19212.000,15493740.005,4606.049,28.946,5692.000,155608.000,28.946,10372.000,311216.000,39,38,4,4122.533,4077.233,8772.923,30067.321,115947.331,2639.698,2633.964,62856.482,70302.412,5136.157,6175.967,6010.807,6790.184,15001.035,3.000,0,0,20,1142176.185,57108.809,1078035.207,1093.867,1098.028,34,MEASURED,INSUFFICIENT,"Error: target PID 245891 is unavailable for one sample.
Error: target PID 245889 is unavailable for one sample."
2026-08-20T16:44:09Z,primary-a4-w2-measured-4-baseline,MEASURED,BASELINE,4,2,0,NA,245948,46860072,mixed,1,8,17841231,12345,159993386366281,3320.686,4392.023,4062190.248,98.542,9928.000,19212.000,15082340.945,4731.687,NA,NA,NA,NA,NA,NA,,,,,,,,,,,,,,,,,,NA,0,0,0,NA,NA,NA,,NA,,MEASURED,NOT_RUN,
2026-08-20T16:44:09Z,primary-a4-w2-measured-4-baseline,MEASURED,BASELINE,4,2,1,NA,245949,46860072,mixed,1,8,17841231,12346,159993387555219,3320.686,4711.412,3786812.135,99.468,9928.000,19212.000,15082340.945,4731.687,NA,NA,NA,NA,NA,NA,,,,,,,,,,,,,,,,,,NA,0,0,0,NA,NA,NA,,NA,,MEASURED,NOT_RUN,
2026-08-20T16:44:09Z,primary-a4-w2-measured-4-baseline,MEASURED,BASELINE,4,2,2,NA,245950,46860073,mixed,1,8,17841231,12347,159993388614569,3320.686,4121.951,4328345.757,98.572,9924.000,19212.000,15082340.945,4731.687,NA,NA,NA,NA,NA,NA,,,,,,,,,,,,,,,,,,NA,0,0,0,NA,NA,NA,,NA,,MEASURED,NOT_RUN,
2026-08-20T16:44:09Z,primary-a4-w2-measured-4-baseline,MEASURED,BASELINE,4,2,3,NA,245951,46860073,mixed,1,8,17841231,12348,159993389686967,3320.686,4625.694,3856985.018,98.943,9928.000,19212.000,15082340.945,4731.687,NA,NA,NA,NA,NA,NA,,,,,,,,,,,,,,,,,,NA,0,0,0,NA,NA,NA,,NA,,MEASURED,NOT_RUN,
2026-08-20T16:44:13Z,primary-a4-w2-measured-5-baseline,MEASURED,BASELINE,4,2,0,NA,245956,46860547,mixed,1,8,17841231,12345,159998128712700,3952.463,4069.106,4384557.633,99.304,9928.000,19212.000,17424143.335,4095.749,NA,NA,NA,NA,NA,NA,,,,,,,,,,,,,,,,,,NA,0,0,0,NA,NA,NA,,NA,,MEASURED,NOT_RUN,
2026-08-20T16:44:13Z,primary-a4-w2-measured-5-baseline,MEASURED,BASELINE,4,2,1,NA,245957,46860547,mixed,1,8,17841231,12346,159998129974380,3952.463,4004.596,4455188.242,99.178,9928.000,19212.000,17424143.335,4095.749,NA,NA,NA,NA,NA,NA,,,,,,,,,,,,,,,,,,NA,0,0,0,NA,NA,NA,,NA,,MEASURED,NOT_RUN,
2026-08-20T16:44:13Z,primary-a4-w2-measured-5-baseline,MEASURED,BASELINE,4,2,2,NA,245958,46860547,mixed,1,8,17841231,12347,159998131441632,3952.463,3910.807,4562033.347,99.144,9928.000,19212.000,17424143.335,4095.749,NA,NA,NA,NA,NA,NA,,,,,,,,,,,,,,,,,,NA,0,0,0,NA,NA,NA,,NA,,MEASURED,NOT_RUN,
2026-08-20T16:44:13Z,primary-a4-w2-measured-5-baseline,MEASURED,BASELINE,4,2,3,NA,245959,46860547,mixed,1,8,17841231,12348,159998132665163,3952.463,3942.962,4524829.180,99.056,9928.000,19212.000,17424143.335,4095.749,NA,NA,NA,NA,NA,NA,,,,,,,,,,,,,,,,,,NA,0,0,0,NA,NA,NA,,NA,,MEASURED,NOT_RUN,
2026-08-20T16:44:19Z,primary-a4-w2-measured-5-integrated,MEASURED,INTEGRATED,4,2,0,APP_245964_46860957,245964,46860957,mixed,1,8,17841231,12345,160002234382002,4371.116,4515.647,3950979.932,98.205,9928.000,19212.000,14742429.684,4840.784,28.927,5404.000,155608.000,28.927,9956.000,311216.000,36,36,4,296.347,243.978,830.787,30508.103,131853.210,3008.771,3001.453,224.021,245.273,8553.955,9773.494,8296.947,3325.880,9874.488,3.000,0,0,20,1131074.022,56553.701,1099135.321,1116.175,1133.418,32,MEASURED,INSUFFICIENT,"Error: target PID 245967 is unavailable for one sample.
Error: target PID 245966 is unavailable for one sample."
2026-08-20T16:44:19Z,primary-a4-w2-measured-5-integrated,MEASURED,INTEGRATED,4,2,1,APP_245965_46860957,245965,46860957,mixed,1,8,17841231,12346,160002235862947,4371.116,4779.334,3732995.196,98.027,9928.000,19212.000,14742429.684,4840.784,28.927,5404.000,155608.000,28.927,9956.000,311216.000,39,39,4,1166.103,408.206,5229.431,31358.895,131831.051,3169.471,3160.028,28323.360,33927.222,6810.316,9623.593,8931.910,4374.435,10210.286,3.000,0,0,20,1131074.022,56553.701,1099135.321,1115.263,1120.436,34,MEASURED,INSUFFICIENT,"Error: target PID 245967 is unavailable for one sample.
Error: target PID 245966 is unavailable for one sample."
2026-08-20T16:44:19Z,primary-a4-w2-measured-5-integrated,MEASURED,INTEGRATED,4,2,2,APP_245966_46860957,245966,46860957,mixed,1,8,17841231,12347,160002237224893,4371.116,4814.309,3705875.576,98.142,9928.000,19212.000,14742429.684,4840.784,28.927,5404.000,155608.000,28.927,9956.000,311216.000,40,39,4,2628.276,2613.872,8301.040,31438.283,131846.228,3276.606,3271.370,55121.848,70253.413,6207.751,8849.147,6831.980,5933.517,14049.620,3.000,0,0,20,1131074.022,56553.701,1099135.321,1115.034,1120.044,35,MEASURED,INSUFFICIENT,"Error: target PID 245967 is unavailable for one sample.
Error: target PID 245966 is unavailable for one sample."
2026-08-20T16:44:19Z,primary-a4-w2-measured-5-integrated,MEASURED,INTEGRATED,4,2,3,APP_245967_46860958,245967,46860958,mixed,1,8,17841231,12348,160002238753118,4371.116,4660.641,3828063.603,98.300,9928.000,19212.000,14742429.684,4840.784,28.927,5404.000,155608.000,28.927,9956.000,311216.000,39,38,4,4341.297,3843.557,10167.854,31364.293,131815.449,2675.687,2670.217,78750.411,93445.842,6036.029,8707.171,7073.933,7043.307,15321.974,3.000,0,0,20,1131074.022,56553.701,1099135.321,1115.678,1126.939,34,MEASURED,INSUFFICIENT,"Error: target PID 245967 is unavailable for one sample.
Error: target PID 245966 is unavailable for one sample."
2026-08-20T16:44:25Z,primary-a4-w2-measured-6-integrated,MEASURED,INTEGRATED,4,2,0,APP_246023_46861536,246023,46861536,mixed,1,8,17841231,12345,160008023357771,7429.057,4788.301,3726004.099,97.474,9992.000,19212.000,14813152.027,4817.673,28.117,5660.000,155608.000,28.117,8088.000,309488.000,39,39,4,1035.442,270.876,7608.896,32977.201,150021.568,2952.169,2945.230,223.563,265.284,7813.368,10474.806,9233.966,4087.666,10059.797,3.000,0,0,20,1160293.942,58014.697,1110545.158,1133.007,1165.105,34,MEASURED,INSUFFICIENT,"Error: target PID 246024 is unavailable for one sample.
Error: target PID 246026 is unavailable for one sample."
2026-08-20T16:44:25Z,primary-a4-w2-measured-6-integrated,MEASURED,INTEGRATED,4,2,1,APP_246024_46861536,246024,46861536,mixed,1,8,17841231,12346,160008024802074,7429.057,4631.616,3852053.243,96.767,9928.000,19212.000,14813152.027,4817.673,28.117,5660.000,155608.000,28.117,8088.000,309488.000,38,37,4,1603.246,1341.952,6078.574,33772.652,150012.024,3764.255,3756.880,29190.552,50236.222,8548.717,12383.733,9392.959,5434.332,12693.009,3.000,0,0,20,1160293.942,58014.697,1110545.158,1142.024,1193.382,33,MEASURED,INSUFFICIENT,"Error: target PID 246024 is unavailable for one sample.
Error: target PID 246026 is unavailable for one sample."
2026-08-20T16:44:25Z,primary-a4-w2-measured-6-integrated,MEASURED,INTEGRATED,4,2,2,APP_246025_46861537,246025,46861537,mixed,1,8,17841231,12347,160008029397026,7429.057,4775.211,3736218.103,95.180,9928.000,19212.000,14813152.027,4817.673,28.117,5660.000,155608.000,28.117,8088.000,309488.000,39,39,4,3274.717,3235.051,6647.219,32989.998,150012.991,3435.132,3429.490,60918.804,101299.715,8554.157,9247.362,6421.561,6741.416,15280.626,3.000,0,0,20,1160293.942,58014.697,1110545.158,1143.430,1194.309,34,MEASURED,INSUFFICIENT,"Error: target PID 246024 is unavailable for one sample.
Error: target PID 246026 is unavailable for one sample."
2026-08-20T16:44:25Z,primary-a4-w2-measured-6-integrated,MEASURED,INTEGRATED,4,2,3,APP_246026_46861537,246026,46861537,mixed,1,8,17841231,12348,160008030786828,7429.057,4682.556,3810147.635,95.550,9924.000,19212.000,14813152.027,4817.673,28.117,5660.000,155608.000,28.117,8088.000,309488.000,39,38,4,5264.753,5426.423,9341.334,32990.890,149980.354,3323.449,3313.575,86531.483,129125.506,8345.883,11602.091,8682.377,8616.151,15825.065,3.000,0,0,20,1160293.942,58014.697,1110545.158,1146.740,1179.886,34,MEASURED,INSUFFICIENT,"Error: target PID 246024 is unavailable for one sample.
Error: target PID 246026 is unavailable for one sample."
2026-08-20T16:44:29Z,primary-a4-w2-measured-6-baseline,MEASURED,BASELINE,4,2,0,NA,246082,46862120,mixed,1,8,17841231,12345,160013858565128,4098.671,4253.841,4194146.389,99.119,9928.000,19212.000,16691164.234,4275.611,NA,NA,NA,NA,NA,NA,,,,,,,,,,,,,,,,,,NA,0,0,0,NA,NA,NA,,NA,,MEASURED,NOT_RUN,
2026-08-20T16:44:29Z,primary-a4-w2-measured-6-baseline,MEASURED,BASELINE,4,2,1,NA,246083,46862120,mixed,1,8,17841231,12346,160013859837662,4098.671,4115.562,4335065.305,99.163,9864.000,19212.000,16691164.234,4275.611,NA,NA,NA,NA,NA,NA,,,,,,,,,,,,,,,,,,NA,0,0,0,NA,NA,NA,,NA,,MEASURED,NOT_RUN,
2026-08-20T16:44:29Z,primary-a4-w2-measured-6-baseline,MEASURED,BASELINE,4,2,2,NA,246084,46862120,mixed,1,8,17841231,12347,160013861413833,4098.671,4238.816,4209012.352,98.652,9928.000,19212.000,16691164.234,4275.611,NA,NA,NA,NA,NA,NA,,,,,,,,,,,,,,,,,,NA,0,0,0,NA,NA,NA,,NA,,MEASURED,NOT_RUN,
2026-08-20T16:44:29Z,primary-a4-w2-measured-6-baseline,MEASURED,BASELINE,4,2,3,NA,246085,46862120,mixed,1,8,17841231,12348,160013862663799,4098.671,3975.412,4487895.030,99.312,9928.000,19212.000,16691164.234,4275.611,NA,NA,NA,NA,NA,NA,,,,,,,,,,,,,,,,,,NA,0,0,0,NA,NA,NA,,NA,,MEASURED,NOT_RUN,
2026-08-20T16:44:35Z,primary-a4-w2-measured-7-baseline,MEASURED,BASELINE,4,2,0,NA,246090,46862548,mixed,1,8,17841231,12345,160018145928878,4390.407,5104.244,3495371.854,89.408,9864.000,19212.000,13116059.822,5441.034,NA,NA,NA,NA,NA,NA,,,,,,,,,,,,,,,,,,NA,0,0,0,NA,NA,NA,,NA,,MEASURED,NOT_RUN,
2026-08-20T16:44:35Z,primary-a4-w2-measured-7-baseline,MEASURED,BASELINE,4,2,1,NA,246091,46862548,mixed,1,8,17841231,12346,160018147300943,4390.407,5169.085,3451526.039,89.595,9928.000,19212.000,13116059.822,5441.034,NA,NA,NA,NA,NA,NA,,,,,,,,,,,,,,,,,,NA,0,0,0,NA,NA,NA,,NA,,MEASURED,NOT_RUN,
2026-08-20T16:44:35Z,primary-a4-w2-measured-7-baseline,MEASURED,BASELINE,4,2,2,NA,246092,46862549,mixed,1,8,17841231,12347,160018148822548,4390.407,5409.275,3298266.401,84.456,9928.000,19212.000,13116059.822,5441.034,NA,NA,NA,NA,NA,NA,,,,,,,,,,,,,,,,,,NA,0,0,0,NA,NA,NA,,NA,,MEASURED,NOT_RUN,
2026-08-20T16:44:35Z,primary-a4-w2-measured-7-baseline,MEASURED,BASELINE,4,2,3,NA,246093,46862549,mixed,1,8,17841231,12348,160018150319285,4390.407,5146.923,3466387.505,86.892,9928.000,19212.000,13116059.822,5441.034,NA,NA,NA,NA,NA,NA,,,,,,,,,,,,,,,,,,NA,0,0,0,NA,NA,NA,,NA,,MEASURED,NOT_RUN,
2026-08-20T16:44:40Z,primary-a4-w2-measured-7-integrated,MEASURED,INTEGRATED,4,2,0,APP_246098_46863094,246098,46863094,mixed,1,8,17841231,12345,160023602888567,5534.226,4573.557,3900953.428,97.686,9928.000,19212.000,14890983.913,4792.492,28.406,5436.000,155608.000,28.406,9316.000,311216.000,38,37,4,484.005,321.870,3448.111,35196.922,171625.294,3022.692,3012.368,219.757,261.203,6782.125,9229.563,7671.339,3623.733,7800.206,3.000,0,0,20,1081415.445,54070.772,1086602.791,1107.335,1111.517,33,MEASURED,INSUFFICIENT,"Error: target PID 246098 is unavailable for one sample.
Error: target PID 246101 is unavailable for one sample."
2026-08-20T16:44:40Z,primary-a4-w2-measured-7-integrated,MEASURED,INTEGRATED,4,2,1,APP_246099_46863094,246099,46863094,mixed,1,8,17841231,12346,160023604272393,5534.226,4349.636,4101775.807,97.677,9864.000,19212.000,14890983.913,4792.492,28.406,5436.000,155608.000,28.406,9316.000,311216.000,35,35,4,1416.941,1009.958,3876.332,31710.511,143596.013,2926.463,2920.183,25251.738,30594.415,6840.844,7959.623,6117.437,4370.997,8315.220,3.000,0,0,20,1081415.445,54070.772,1086602.791,1106.741,1113.848,31,MEASURED,INSUFFICIENT,"Error: target PID 246098 is unavailable for one sample.
Error: target PID 246101 is unavailable for one sample."
2026-08-20T16:44:40Z,primary-a4-w2-measured-7-integrated,MEASURED,INTEGRATED,4,2,2,APP_246100_46863094,246100,46863094,mixed,1,8,17841231,12347,160023605484253,5534.226,4672.393,3818435.389,99.174,9928.000,19212.000,14890983.913,4792.492,28.406,5436.000,155608.000,28.406,9316.000,311216.000,38,38,4,2875.054,2713.313,6080.118,35213.197,171679.207,3774.957,3767.781,47561.903,52258.203,6492.398,8934.685,7051.392,6691.660,13857.818,3.000,0,0,20,1081415.445,54070.772,1086602.791,1108.071,1123.509,33,MEASURED,INSUFFICIENT,"Error: target PID 246098 is unavailable for one sample.
Error: target PID 246101 is unavailable for one sample."
2026-08-20T16:44:40Z,primary-a4-w2-measured-7-integrated,MEASURED,INTEGRATED,4,2,3,APP_246101_46863095,246101,46863095,mixed,1,8,17841231,12348,160023608422793,5534.226,4745.073,3759949.055,98.705,9928.000,19212.000,14890983.913,4792.492,28.406,5436.000,155608.000,28.406,9316.000,311216.000,40,39,4,4298.088,4220.277,8321.365,33585.922,171706.685,2584.194,2577.112,71523.612,83907.104,5529.786,8305.109,8387.641,6907.343,12213.622,3.000,0,0,20,1081415.445,54070.772,1086602.791,1112.221,1129.031,35,MEASURED,INSUFFICIENT,"Error: target PID 246098 is unavailable for one sample.
Error: target PID 246101 is unavailable for one sample."
2026-08-20T16:44:46Z,primary-a4-w2-measured-8-integrated,MEASURED,INTEGRATED,4,2,0,APP_246157_46863668,246157,46863668,mixed,1,8,17841231,12345,160029344162868,3820.565,4759.323,3748691.114,99.098,9928.000,19212.000,14885818.198,4794.155,29.339,5632.000,155608.000,29.339,10308.000,311216.000,40,39,4,421.438,238.553,2375.081,31347.890,156325.830,3027.238,3020.743,214.059,231.980,6933.437,8386.122,6325.052,3505.136,7718.498,3.000,0,0,20,1148150.474,57407.524,1077815.282,1098.677,1110.215,35,MEASURED,INSUFFICIENT,"Error: target PID 246160 is unavailable for one sample.
Error: target PID 246157 is unavailable for one sample.
Error: target PID 246159 is unavailable for one sample."
2026-08-20T16:44:46Z,primary-a4-w2-measured-8-integrated,MEASURED,INTEGRATED,4,2,1,APP_246158_46863668,246158,46863668,mixed,1,8,17841231,12346,160029345546363,3820.565,4313.235,4136391.941,98.114,9928.000,19212.000,14885818.198,4794.155,29.339,5632.000,155608.000,29.339,10308.000,311216.000,35,35,4,1314.093,885.860,4678.608,32390.547,156329.317,3164.925,3155.600,23261.824,25045.601,5420.741,6792.076,5595.377,4520.893,13407.578,3.000,0,0,20,1148150.474,57407.524,1077815.282,1098.403,1106.139,31,MEASURED,INSUFFICIENT,"Error: target PID 246160 is unavailable for one sample.
Error: target PID 246157 is unavailable for one sample.
Error: target PID 246159 is unavailable for one sample."
2026-08-20T16:44:46Z,primary-a4-w2-measured-8-integrated,MEASURED,INTEGRATED,4,2,2,APP_246159_46863668,246159,46863668,mixed,1,8,17841231,12347,160029346799017,3820.565,4742.718,3761815.601,98.289,9924.000,19212.000,14885818.198,4794.155,29.339,5632.000,155608.000,29.339,10308.000,311216.000,40,39,4,2883.049,2683.519,6200.457,31344.381,156349.436,2869.068,2860.949,42413.219,46355.195,4749.576,6079.058,5610.579,5782.722,11652.250,3.000,0,0,20,1148150.474,57407.524,1077815.282,1097.346,1102.127,35,MEASURED,INSUFFICIENT,"Error: target PID 246160 is unavailable for one sample.
Error: target PID 246157 is unavailable for one sample.
Error: target PID 246159 is unavailable for one sample."
2026-08-20T16:44:46Z,primary-a4-w2-measured-8-integrated,MEASURED,INTEGRATED,4,2,3,APP_246160_46863669,246160,46863669,mixed,1,8,17841231,12348,160029347983433,3820.565,4675.399,3815980.712,97.813,9928.000,19212.000,14885818.198,4794.155,29.339,5632.000,155608.000,29.339,10308.000,311216.000,39,38,4,4383.834,4068.570,7844.137,32061.671,156355.292,2823.972,2818.639,60148.839,65990.755,5520.976,7672.503,6614.403,7279.925,14985.405,3.000,0,0,20,1148150.474,57407.524,1077815.282,1097.361,1104.207,34,MEASURED,INSUFFICIENT,"Error: target PID 246160 is unavailable for one sample.
Error: target PID 246157 is unavailable for one sample.
Error: target PID 246159 is unavailable for one sample."
2026-08-20T16:44:50Z,primary-a4-w2-measured-8-baseline,MEASURED,BASELINE,4,2,0,NA,246216,46864235,mixed,1,8,17841231,12345,160035011515399,4860.472,3964.528,4500215.786,98.845,10056.000,19212.000,16340428.117,4367.384,NA,NA,NA,NA,NA,NA,,,,,,,,,,,,,,,,,,NA,0,0,0,NA,NA,NA,,NA,,MEASURED,NOT_RUN,
2026-08-20T16:44:50Z,primary-a4-w2-measured-8-baseline,MEASURED,BASELINE,4,2,1,NA,246217,46864235,mixed,1,8,17841231,12346,160035012957266,4860.472,4338.203,4112585.269,98.876,9928.000,19212.000,16340428.117,4367.384,NA,NA,NA,NA,NA,NA,,,,,,,,,,,,,,,,,,NA,0,0,0,NA,NA,NA,,NA,,MEASURED,NOT_RUN,
2026-08-20T16:44:50Z,primary-a4-w2-measured-8-baseline,MEASURED,BASELINE,4,2,2,NA,246218,46864235,mixed,1,8,17841231,12347,160035014718294,4860.472,4184.858,4263282.331,98.686,9928.000,19212.000,16340428.117,4367.384,NA,NA,NA,NA,NA,NA,,,,,,,,,,,,,,,,,,NA,0,0,0,NA,NA,NA,,NA,,MEASURED,NOT_RUN,
2026-08-20T16:44:50Z,primary-a4-w2-measured-8-baseline,MEASURED,BASELINE,4,2,3,NA,246219,46864235,mixed,1,8,17841231,12348,160035016375871,4860.472,4251.006,4196942.772,98.579,9928.000,19212.000,16340428.117,4367.384,NA,NA,NA,NA,NA,NA,,,,,,,,,,,,,,,,,,NA,0,0,0,NA,NA,NA,,NA,,MEASURED,NOT_RUN,
2026-08-20T16:44:55Z,primary-a4-w4-warmup-1-baseline,WARMUP,BASELINE,4,4,0,NA,246227,46864673,mixed,1,8,17841231,12345,160039389438264,3873.690,4455.317,4004480.376,99.143,9928.000,19212.000,14991685.725,4760.300,NA,NA,NA,NA,NA,NA,,,,,,,,,,,,,,,,,,NA,0,0,0,NA,NA,NA,,NA,,MEASURED,NOT_RUN,
2026-08-20T16:44:55Z,primary-a4-w4-warmup-1-baseline,WARMUP,BASELINE,4,4,1,NA,246228,46864673,mixed,1,8,17841231,12346,160039390744023,3873.690,4239.697,4208138.357,98.089,9928.000,19212.000,14991685.725,4760.300,NA,NA,NA,NA,NA,NA,,,,,,,,,,,,,,,,,,NA,0,0,0,NA,NA,NA,,NA,,MEASURED,NOT_RUN,
2026-08-20T16:44:55Z,primary-a4-w4-warmup-1-baseline,WARMUP,BASELINE,4,4,2,NA,246229,46864673,mixed,1,8,17841231,12347,160039392124989,3873.690,4731.426,3770793.909,98.889,9864.000,19212.000,14991685.725,4760.300,NA,NA,NA,NA,NA,NA,,,,,,,,,,,,,,,,,,NA,0,0,0,NA,NA,NA,,NA,,MEASURED,NOT_RUN,
2026-08-20T16:44:55Z,primary-a4-w4-warmup-1-baseline,WARMUP,BASELINE,4,4,3,NA,246230,46864673,mixed,1,8,17841231,12348,160039393311954,3873.690,4469.485,3991786.348,99.096,9928.000,19212.000,14991685.725,4760.300,NA,NA,NA,NA,NA,NA,,,,,,,,,,,,,,,,,,NA,0,0,0,NA,NA,NA,,NA,,MEASURED,NOT_RUN,
2026-08-20T16:45:01Z,primary-a4-w4-warmup-1-integrated,WARMUP,INTEGRATED,4,4,0,APP_246235_46865150,246235,46865150,mixed,1,8,17841231,12345,160044161338689,4999.442,4440.185,4018127.723,98.595,9928.000,19212.000,15024660.515,4749.853,28.393,5804.000,303072.000,28.393,10472.000,606144.000,36,36,4,1065.542,467.820,8145.933,26991.688,87031.660,3835.158,3823.117,217.178,244.948,6898.074,8579.800,9576.881,5069.980,12426.831,3.000,0,0,20,1051902.932,52595.147,1091351.657,1105.697,1116.326,32,MEASURED,INSUFFICIENT,
2026-08-20T16:45:01Z,primary-a4-w4-warmup-1-integrated,WARMUP,INTEGRATED,4,4,1,APP_246236_46865150,246236,46865150,mixed,1,8,17841231,12346,160044163197019,4999.442,4697.695,3797869.038,97.247,9928.000,19212.000,15024660.515,4749.853,28.393,5804.000,303072.000,28.393,10472.000,606144.000,39,39,4,1261.600,734.542,9318.715,29400.469,129066.826,3490.050,3481.589,26723.707,32405.368,7302.163,7958.093,7592.442,4996.576,16984.832,3.000,0,0,20,1051902.932,52595.147,1091351.657,1107.489,1124.808,34,MEASURED,INSUFFICIENT,
2026-08-20T16:45:01Z,primary-a4-w4-warmup-1-integrated,WARMUP,INTEGRATED,4,4,2,APP_246237_46865150,246237,46865150,mixed,1,8,17841231,12347,160044164736231,4999.442,4428.931,4028338.133,97.658,9928.000,19212.000,15024660.515,4749.853,28.393,5804.000,303072.000,28.393,10472.000,606144.000,36,36,4,1691.003,875.534,5907.600,26955.003,87106.520,3976.657,3969.813,51677.255,60708.379,7509.074,9579.742,6948.806,5830.588,15764.861,3.000,0,0,20,1051902.932,52595.147,1091351.657,1112.827,1139.616,32,MEASURED,INSUFFICIENT,
2026-08-20T16:45:01Z,primary-a4-w4-warmup-1-integrated,WARMUP,INTEGRATED,4,4,3,APP_246238_46865150,246238,46865150,mixed,1,8,17841231,12348,160044166338131,4999.442,4718.026,3781503.453,97.208,9864.000,19212.000,15024660.515,4749.853,28.393,5804.000,303072.000,28.393,10472.000,606144.000,39,39,4,2256.877,1319.580,10582.876,29367.969,129013.228,3356.596,3346.346,77678.668,96190.040,5724.662,7820.597,7076.769,5680.069,12587.399,3.000,0,0,20,1051902.932,52595.147,1091351.657,1114.385,1146.912,34,MEASURED,INSUFFICIENT,
2026-08-20T16:45:07Z,primary-a4-w4-warmup-2-integrated,WARMUP,INTEGRATED,4,4,0,APP_246296_46865728,246296,46865728,mixed,1,8,17841231,12345,160049944706148,4576.527,4953.421,3601799.848,95.127,9992.000,19212.000,13706818.286,5206.527,30.927,5640.000,303072.000,30.927,10444.000,606144.000,40,40,4,923.658,368.488,5993.000,37228.865,181351.846,3966.700,3960.609,201.252,227.909,8225.341,7652.682,6764.900,4997.542,13116.139,3.000,0,0,20,1344705.741,67235.287,1098648.599,1122.581,1139.235,34,MEASURED,INSUFFICIENT,"Error: target PID 246298 is unavailable for one sample.
Error: target PID 246297 is unavailable for one sample."
2026-08-20T16:45:07Z,primary-a4-w4-warmup-2-integrated,WARMUP,INTEGRATED,4,4,1,APP_246297_46865728,246297,46865728,mixed,1,8,17841231,12346,160049946554128,4576.527,5168.064,3452207.539,94.318,9928.000,19212.000,13706818.286,5206.527,30.927,5640.000,303072.000,30.927,10444.000,606144.000,42,41,4,1705.334,843.782,8174.803,36400.976,181386.244,3607.751,3598.381,24213.948,25811.038,7267.748,7614.211,9702.890,5349.757,11779.935,3.000,0,0,20,1344705.741,67235.287,1098648.599,1120.758,1130.721,36,MEASURED,INSUFFICIENT,"Error: target PID 246298 is unavailable for one sample.
Error: target PID 246297 is unavailable for one sample."
2026-08-20T16:45:07Z,primary-a4-w4-warmup-2-integrated,WARMUP,INTEGRATED,4,4,2,APP_246298_46865729,246298,46865729,mixed,1,8,17841231,12347,160049947990459,4576.527,4860.860,3670385.803,95.163,9928.000,19212.000,13706818.286,5206.527,30.927,5640.000,303072.000,30.927,10444.000,606144.000,40,39,4,1670.406,924.897,6726.775,37235.272,181484.404,4201.663,4190.385,50122.834,53197.092,8507.350,8108.251,7204.757,6084.944,15187.887,3.000,0,0,20,1344705.741,67235.287,1098648.599,1117.905,1124.139,34,MEASURED,INSUFFICIENT,"Error: target PID 246298 is unavailable for one sample.
Error: target PID 246297 is unavailable for one sample."
2026-08-20T16:45:07Z,primary-a4-w4-warmup-2-integrated,WARMUP,INTEGRATED,4,4,3,APP_246299_46865729,246299,46865729,mixed,1,8,17841231,12348,160049949282675,4576.527,4983.296,3580206.795,96.014,9928.000,19212.000,13706818.286,5206.527,30.927,5640.000,303072.000,30.927,10444.000,606144.000,40,40,4,2670.712,2603.762,9602.348,37243.154,181476.519,3421.069,3411.104,75368.746,85469.050,6502.591,8232.110,6775.864,6155.443,16280.137,3.000,0,0,20,1344705.741,67235.287,1098648.599,1116.919,1125.917,34,MEASURED,INSUFFICIENT,"Error: target PID 246298 is unavailable for one sample.
Error: target PID 246297 is unavailable for one sample."
2026-08-20T16:45:11Z,primary-a4-w4-warmup-2-baseline,WARMUP,BASELINE,4,4,0,NA,246358,46866307,mixed,1,8,17841231,12345,160055733214691,5895.792,4288.771,4159987.327,99.311,9928.000,19212.000,16315083.871,4374.168,NA,NA,NA,NA,NA,NA,,,,,,,,,,,,,,,,,,NA,0,0,0,NA,NA,NA,,NA,,MEASURED,NOT_RUN,
2026-08-20T16:45:11Z,primary-a4-w4-warmup-2-baseline,WARMUP,BASELINE,4,4,1,NA,246359,46866307,mixed,1,8,17841231,12346,160055734677807,5895.792,4265.347,4182832.101,98.176,9928.000,19212.000,16315083.871,4374.168,NA,NA,NA,NA,NA,NA,,,,,,,,,,,,,,,,,,NA,0,0,0,NA,NA,NA,,NA,,MEASURED,NOT_RUN,
2026-08-20T16:45:11Z,primary-a4-w4-warmup-2-baseline,WARMUP,BASELINE,4,4,2,NA,246360,46866307,mixed,1,8,17841231,12347,160055736093098,5895.792,4265.665,4182520.681,98.655,9928.000,19212.000,16315083.871,4374.168,NA,NA,NA,NA,NA,NA,,,,,,,,,,,,,,,,,,NA,0,0,0,NA,NA,NA,,NA,,MEASURED,NOT_RUN,
2026-08-20T16:45:11Z,primary-a4-w4-warmup-2-baseline,WARMUP,BASELINE,4,4,3,NA,246361,46866308,mixed,1,8,17841231,12348,160055739110483,5895.792,4333.710,4116849.526,99.005,9928.000,19212.000,16315083.871,4374.168,NA,NA,NA,NA,NA,NA,,,,,,,,,,,,,,,,,,NA,0,0,0,NA,NA,NA,,NA,,MEASURED,NOT_RUN,
2026-08-20T16:45:16Z,primary-a4-w4-warmup-3-baseline,WARMUP,BASELINE,4,4,0,NA,246366,46866746,mixed,1,8,17841231,12345,160060117852696,4289.121,4395.488,4058987.761,99.009,9928.000,19212.000,15553481.923,4588.357,NA,NA,NA,NA,NA,NA,,,,,,,,,,,,,,,,,,NA,0,0,0,NA,NA,NA,,NA,,MEASURED,NOT_RUN,
2026-08-20T16:45:16Z,primary-a4-w4-warmup-3-baseline,WARMUP,BASELINE,4,4,1,NA,246367,46866746,mixed,1,8,17841231,12346,160060119230129,4289.121,4052.341,4402697.039,99.101,9928.000,19212.000,15553481.923,4588.357,NA,NA,NA,NA,NA,NA,,,,,,,,,,,,,,,,,,NA,0,0,0,NA,NA,NA,,NA,,MEASURED,NOT_RUN,
2026-08-20T16:45:16Z,primary-a4-w4-warmup-3-baseline,WARMUP,BASELINE,4,4,2,NA,246368,46866746,mixed,1,8,17841231,12347,160060120744732,4289.121,4376.637,4076470.377,98.558,10056.000,19212.000,15553481.923,4588.357,NA,NA,NA,NA,NA,NA,,,,,,,,,,,,,,,,,,NA,0,0,0,NA,NA,NA,,NA,,MEASURED,NOT_RUN,
2026-08-20T16:45:16Z,primary-a4-w4-warmup-3-baseline,WARMUP,BASELINE,4,4,3,NA,246369,46866746,mixed,1,8,17841231,12348,160060122141817,4289.121,4554.718,3917088.119,98.520,9928.000,19212.000,15553481.923,4588.357,NA,NA,NA,NA,NA,NA,,,,,,,,,,,,,,,,,,NA,0,0,0,NA,NA,NA,,NA,,MEASURED,NOT_RUN,
2026-08-20T16:45:21Z,primary-a4-w4-warmup-3-integrated,WARMUP,INTEGRATED,4,4,0,APP_246374_46867206,246374,46867206,mixed,1,8,17841231,12345,160064723484115,4824.658,4403.583,4051526.047,97.655,9928.000,19212.000,15545211.893,4590.798,28.752,5552.000,303064.000,28.752,8668.000,604408.000,35,35,4,889.747,318.151,4438.631,32151.370,151551.543,3745.793,3737.940,213.725,242.050,7457.881,8444.267,6053.669,4839.311,10642.431,3.000,0,0,20,1126061.761,56303.088,1079345.212,1094.901,1105.777,31,MEASURED,INSUFFICIENT,"Error: target PID 246375 is unavailable for one sample.
Error: target PID 246376 is unavailable for one sample.
Error: target PID 246377 is unavailable for one sample."
2026-08-20T16:45:21Z,primary-a4-w4-warmup-3-integrated,WARMUP,INTEGRATED,4,4,1,APP_246375_46867206,246375,46867206,mixed,1,8,17841231,12346,160064725137672,4824.658,4434.808,4022999.347,97.807,9928.000,19212.000,15545211.893,4590.798,28.752,5552.000,303064.000,28.752,8668.000,604408.000,37,36,4,1208.687,550.334,4206.661,33245.422,151626.123,3468.077,3461.893,23590.160,30785.432,5344.751,9017.003,6530.401,4988.919,14645.137,3.000,0,0,20,1126061.761,56303.088,1079345.212,1099.536,1114.715,32,MEASURED,INSUFFICIENT,"Error: target PID 246375 is unavailable for one sample.
Error: target PID 246376 is unavailable for one sample.
Error: target PID 246377 is unavailable for one sample."
2026-08-20T16:45:21Z,primary-a4-w4-warmup-3-integrated,WARMUP,INTEGRATED,4,4,2,APP_246376_46867206,246376,46867206,mixed,1,8,17841231,12347,160064726652962,4824.658,4529.184,3939170.836,97.277,9928.000,19212.000,15545211.893,4590.798,28.752,5552.000,303064.000,28.752,8668.000,604408.000,38,37,4,1454.725,847.709,4132.295,32450.444,151613.750,3372.275,3360.687,46118.492,54304.745,6079.251,7883.377,5622.354,5124.027,10955.142,3.000,0,0,20,1126061.761,56303.088,1079345.212,1101.237,1117.739,33,MEASURED,INSUFFICIENT,"Error: target PID 246375 is unavailable for one sample.
Error: target PID 246376 is unavailable for one sample.
Error: target PID 246377 is unavailable for one sample."
2026-08-20T16:45:21Z,primary-a4-w4-warmup-3-integrated,WARMUP,INTEGRATED,4,4,3,APP_246377_46867207,246377,46867207,mixed,1,8,17841231,12348,160064728308773,4824.658,4539.360,3930340.430,96.147,9928.000,19212.000,15545211.893,4590.798,28.752,5552.000,303064.000,28.752,8668.000,604408.000,38,37,4,2236.952,2166.875,9414.341,32452.721,151615.719,3432.915,3425.175,67074.596,77654.297,5119.573,6643.577,6479.026,5905.816,14130.509,3.000,0,0,20,1126061.761,56303.088,1079345.212,1102.054,1117.161,33,MEASURED,INSUFFICIENT,"Error: target PID 246375 is unavailable for one sample.
Error: target PID 246376 is unavailable for one sample.
Error: target PID 246377 is unavailable for one sample."
2026-08-20T16:45:27Z,primary-a4-w4-measured-4-integrated,MEASURED,INTEGRATED,4,4,0,APP_246435_46867784,246435,46867784,mixed,1,8,17841231,12345,160070503294987,7057.646,4635.635,3848713.682,97.929,9864.000,19212.000,14864736.505,4800.955,29.595,5868.000,303064.000,29.595,8856.000,604408.000,39,38,4,997.151,285.822,5585.466,30876.176,120125.209,3706.889,3700.337,981.114,3245.076,9390.816,8401.206,8362.650,4742.540,9549.839,3.000,0,0,20,1184623.285,59231.164,1088444.894,1114.496,1122.170,34,MEASURED,INSUFFICIENT,"Error: target PID 246437 is unavailable for one sample.
Error: target PID 246438 is unavailable for one sample.
Error: target PID 246435 is unavailable for one sample.
Error: target PID 246436 is unavailable for one sample."
2026-08-20T16:45:27Z,primary-a4-w4-measured-4-integrated,MEASURED,INTEGRATED,4,4,1,APP_246436_46867784,246436,46867784,mixed,1,8,17841231,12346,160070504537258,7057.646,4770.715,3739739.755,97.429,9928.000,19212.000,14864736.505,4800.955,29.595,5868.000,303064.000,29.595,8856.000,604408.000,41,40,4,1014.662,519.733,5740.241,30159.387,120113.194,4173.630,3931.270,28612.161,42496.957,8143.135,6725.321,5863.815,5300.448,13590.917,3.000,0,0,20,1184623.285,59231.164,1088444.894,1115.185,1119.687,36,MEASURED,INSUFFICIENT,"Error: target PID 246437 is unavailable for one sample.
Error: target PID 246438 is unavailable for one sample.
Error: target PID 246435 is unavailable for one sample.
Error: target PID 246436 is unavailable for one sample."
2026-08-20T16:45:27Z,primary-a4-w4-measured-4-integrated,MEASURED,INTEGRATED,4,4,2,APP_246437_46867784,246437,46867784,mixed,1,8,17841231,12347,160070505763910,7057.646,4500.683,3964116.571,98.475,9928.000,19212.000,14864736.505,4800.955,29.595,5868.000,303064.000,29.595,8856.000,604408.000,38,37,4,1508.994,478.722,8511.763,31599.652,120090.745,3765.209,3756.175,50711.366,67366.069,7533.103,7308.415,6682.950,5367.389,13825.427,3.000,0,0,20,1184623.285,59231.164,1088444.894,1109.230,1115.136,33,MEASURED,INSUFFICIENT,"Error: target PID 246437 is unavailable for one sample.
Error: target PID 246438 is unavailable for one sample.
Error: target PID 246435 is unavailable for one sample.
Error: target PID 246436 is unavailable for one sample."
2026-08-20T16:45:27Z,primary-a4-w4-measured-4-integrated,MEASURED,INTEGRATED,4,4,3,APP_246438_46867785,246438,46867785,mixed,1,8,17841231,12348,160070510352633,7057.646,4508.332,3957390.430,97.337,9928.000,19212.000,14864736.505,4800.955,29.595,5868.000,303064.000,29.595,8856.000,604408.000,38,37,4,2005.476,1332.981,8019.100,31600.557,120090.989,3487.238,3476.418,73542.381,84046.358,5518.433,7784.930,5990.177,5655.392,11729.868,3.000,0,0,20,1184623.285,59231.164,1088444.894,1107.554,1115.320,33,MEASURED,INSUFFICIENT,"Error: target PID 246437 is unavailable for one sample.
Error: target PID 246438 is unavailable for one sample.
Error: target PID 246435 is unavailable for one sample.
Error: target PID 246436 is unavailable for one sample."
2026-08-20T16:45:32Z,primary-a4-w4-measured-4-baseline,MEASURED,BASELINE,4,4,0,NA,246496,46868358,mixed,1,8,17841231,12345,160076242947854,4548.923,4294.741,4154203.845,98.387,9928.000,19212.000,16074001.565,4439.773,NA,NA,NA,NA,NA,NA,,,,,,,,,,,,,,,,,,NA,0,0,0,NA,NA,NA,,NA,,MEASURED,NOT_RUN,
2026-08-20T16:45:32Z,primary-a4-w4-measured-4-baseline,MEASURED,BASELINE,4,4,1,NA,246497,46868358,mixed,1,8,17841231,12346,160076244495434,4548.923,4201.795,4246097.076,97.921,9924.000,19212.000,16074001.565,4439.773,NA,NA,NA,NA,NA,NA,,,,,,,,,,,,,,,,,,NA,0,0,0,NA,NA,NA,,NA,,MEASURED,NOT_RUN,
2026-08-20T16:45:32Z,primary-a4-w4-measured-4-baseline,MEASURED,BASELINE,4,4,2,NA,246498,46868358,mixed,1,8,17841231,12347,160076245994384,4548.923,4302.322,4146884.227,98.137,9864.000,19212.000,16074001.565,4439.773,NA,NA,NA,NA,NA,NA,,,,,,,,,,,,,,,,,,NA,0,0,0,NA,NA,NA,,NA,,MEASURED,NOT_RUN,
2026-08-20T16:45:32Z,primary-a4-w4-measured-4-baseline,MEASURED,BASELINE,4,4,3,NA,246499,46868358,mixed,1,8,17841231,12348,160076247496777,4548.923,4401.230,4053692.226,97.061,9928.000,19212.000,16074001.565,4439.773,NA,NA,NA,NA,NA,NA,,,,,,,,,,,,,,,,,,NA,0,0,0,NA,NA,NA,,NA,,MEASURED,NOT_RUN,
2026-08-20T16:45:36Z,primary-a4-w4-measured-5-baseline,MEASURED,BASELINE,4,4,0,NA,246514,46868804,mixed,1,8,17841231,12345,160080700082385,4418.539,4490.419,3973177.534,99.246,9928.000,19212.000,15142508.765,4712.886,NA,NA,NA,NA,NA,NA,,,,,,,,,,,,,,,,,,NA,0,0,0,NA,NA,NA,,NA,,MEASURED,NOT_RUN,
2026-08-20T16:45:36Z,primary-a4-w4-measured-5-baseline,MEASURED,BASELINE,4,4,1,NA,246515,46868804,mixed,1,8,17841231,12346,160080701441671,4418.539,4619.877,3861840.769,97.869,9928.000,19212.000,15142508.765,4712.886,NA,NA,NA,NA,NA,NA,,,,,,,,,,,,,,,,,,NA,0,0,0,NA,NA,NA,,NA,,MEASURED,NOT_RUN,
2026-08-20T16:45:36Z,primary-a4-w4-measured-5-baseline,MEASURED,BASELINE,4,4,2,NA,246516,46868804,mixed,1,8,17841231,12347,160080702961890,4418.539,4677.957,3813893.398,97.135,9928.000,19212.000,15142508.765,4712.886,NA,NA,NA,NA,NA,NA,,,,,,,,,,,,,,,,,,NA,0,0,0,NA,NA,NA,,NA,,MEASURED,NOT_RUN,
2026-08-20T16:45:36Z,primary-a4-w4-measured-5-baseline,MEASURED,BASELINE,4,4,3,NA,246517,46868804,mixed,1,8,17841231,12348,160080704500924,4418.539,4530.580,3937957.354,98.643,9992.000,19212.000,15142508.765,4712.886,NA,NA,NA,NA,NA,NA,,,,,,,,,,,,,,,,,,NA,0,0,0,NA,NA,NA,,NA,,MEASURED,NOT_RUN,
2026-08-20T16:45:42Z,primary-a4-w4-measured-5-integrated,MEASURED,INTEGRATED,4,4,0,APP_246523_46869276,246523,46869276,mixed,1,8,17841231,12345,160085424842269,4227.566,4472.068,3989480.971,97.342,9928.000,19212.000,15033266.593,4747.134,29.009,5816.000,303072.000,29.009,10612.000,606144.000,36,35,4,1409.962,377.996,7930.959,33731.261,141113.409,3695.520,3689.980,232.659,251.801,6396.736,6967.309,8208.391,5051.426,10137.923,3.000,0,0,20,1109757.175,55487.859,1083068.230,1108.892,1126.929,32,MEASURED,INSUFFICIENT,"Error: target PID 246524 is unavailable for one sample.
Error: target PID 246525 is unavailable for one sample.
Error: target PID 246526 is unavailable for one sample."
2026-08-20T16:45:42Z,primary-a4-w4-measured-5-integrated,MEASURED,INTEGRATED,4,4,1,APP_246524_46869276,246524,46869276,mixed,1,8,17841231,12346,160085426358618,4227.566,4581.392,3894282.109,98.485,9928.000,19212.000,15033266.593,4747.134,29.009,5816.000,303072.000,29.009,10612.000,606144.000,38,37,4,1911.363,1953.488,7078.547,32925.146,141203.566,3592.239,3584.653,23248.837,29533.979,9013.246,10232.560,7099.691,5590.946,9932.065,3.000,0,0,20,1109757.175,55487.859,1083068.230,1112.285,1120.236,33,MEASURED,INSUFFICIENT,"Error: target PID 246524 is unavailable for one sample.
Error: target PID 246525 is unavailable for one sample.
Error: target PID 246526 is unavailable for one sample."
2026-08-20T16:45:42Z,primary-a4-w4-measured-5-integrated,MEASURED,INTEGRATED,4,4,2,APP_246525_46869277,246525,46869277,mixed,1,8,17841231,12347,160085427742865,4227.566,4604.203,3874988.272,96.916,9928.000,19212.000,15033266.593,4747.134,29.009,5816.000,303072.000,29.009,10612.000,606144.000,38,37,4,1769.607,772.802,6295.017,32925.407,141200.297,3571.537,3563.996,51151.268,68844.044,7888.337,6503.846,5814.275,5503.095,9532.700,3.000,0,0,20,1109757.175,55487.859,1083068.230,1111.359,1116.395,33,MEASURED,INSUFFICIENT,"Error: target PID 246524 is unavailable for one sample.
Error: target PID 246525 is unavailable for one sample.
Error: target PID 246526 is unavailable for one sample."
2026-08-20T16:45:42Z,primary-a4-w4-measured-5-integrated,MEASURED,INTEGRATED,4,4,3,APP_246526_46869277,246526,46869277,mixed,1,8,17841231,12348,160085429069835,4227.566,4708.016,3789543.018,97.770,9928.000,19212.000,15033266.593,4747.134,29.009,5816.000,303072.000,29.009,10612.000,606144.000,39,38,4,2284.155,2018.611,7746.650,32088.974,141209.762,3510.004,3502.725,72652.022,90254.345,5121.445,7015.844,5855.771,5896.113,12517.316,3.000,0,0,20,1109757.175,55487.859,1083068.230,1110.622,1117.652,34,MEASURED,INSUFFICIENT,"Error: target PID 246524 is unavailable for one sample.
Error: target PID 246525 is unavailable for one sample.
Error: target PID 246526 is unavailable for one sample."
2026-08-20T16:45:48Z,primary-a4-w4-measured-6-integrated,MEASURED,INTEGRATED,4,4,0,APP_246584_46869846,246584,46869846,mixed,1,8,17841231,12345,160091125755952,4300.929,4738.037,3765531.955,98.470,9928.000,19212.000,14939098.587,4777.057,28.956,5728.000,303072.000,28.956,8736.000,604416.000,39,38,4,565.698,303.407,5799.399,33123.424,169394.879,3464.319,3457.807,206.365,224.979,8843.748,9481.490,8862.825,4033.925,8063.026,3.000,0,0,20,1180065.362,59003.268,1084134.936,1105.734,1112.403,34,MEASURED,INSUFFICIENT,"Error: target PID 246585 is unavailable for one sample.
Error: target PID 246586 is unavailable for one sample.
Error: target PID 246584 is unavailable for one sample.
Error: target PID 246587 is unavailable for one sample."
2026-08-20T16:45:48Z,primary-a4-w4-measured-6-integrated,MEASURED,INTEGRATED,4,4,1,APP_246585_46869846,246585,46869846,mixed,1,8,17841231,12346,160091127408257,4300.929,4539.696,3930049.397,95.922,9928.000,19212.000,14939098.587,4777.057,28.956,5728.000,303072.000,28.956,8736.000,604416.000,38,37,4,1118.826,598.378,4664.126,33521.518,169425.637,3837.183,3824.905,28761.455,37107.545,7064.668,9023.467,6459.954,5090.248,12271.843,3.000,0,0,20,1180065.362,59003.268,1084134.936,1108.873,1118.365,33,MEASURED,INSUFFICIENT,"Error: target PID 246585 is unavailable for one sample.
Error: target PID 246586 is unavailable for one sample.
Error: target PID 246584 is unavailable for one sample.
Error: target PID 246587 is unavailable for one sample."
2026-08-20T16:45:48Z,primary-a4-w4-measured-6-integrated,MEASURED,INTEGRATED,4,4,2,APP_246586_46869847,246586,46869847,mixed,1,8,17841231,12347,160091128725227,4300.929,4603.470,3875604.901,96.696,9864.000,19212.000,14939098.587,4777.057,28.956,5728.000,303072.000,28.956,8736.000,604416.000,38,37,4,1750.282,1476.801,5485.825,33528.474,169298.668,3240.173,3231.798,52694.841,62191.931,5821.983,6391.810,5294.860,5160.692,10299.779,3.000,0,0,20,1180065.362,59003.268,1084134.936,1108.801,1116.566,33,MEASURED,INSUFFICIENT,"Error: target PID 246585 is unavailable for one sample.
Error: target PID 246586 is unavailable for one sample.
Error: target PID 246584 is unavailable for one sample.
Error: target PID 246587 is unavailable for one sample."
2026-08-20T16:45:48Z,primary-a4-w4-measured-6-integrated,MEASURED,INTEGRATED,4,4,3,APP_246587_46869847,246587,46869847,mixed,1,8,17841231,12348,160091130056881,4300.929,4740.663,3763446.726,98.450,9928.000,19212.000,14939098.587,4777.057,28.956,5728.000,303072.000,28.956,8736.000,604416.000,40,39,4,2105.087,1252.436,8006.187,32301.590,169321.454,3322.919,3317.061,71571.222,82472.002,6063.976,7349.999,5742.027,5508.324,15187.121,3.000,0,0,20,1180065.362,59003.268,1084134.936,1107.118,1111.239,35,MEASURED,INSUFFICIENT,"Error: target PID 246585 is unavailable for one sample.
Error: target PID 246586 is unavailable for one sample.
Error: target PID 246584 is unavailable for one sample.
Error: target PID 246587 is unavailable for one sample."
2026-08-20T16:45:53Z,primary-a4-w4-measured-6-baseline,MEASURED,BASELINE,4,4,0,NA,246645,46870419,mixed,1,8,17841231,12345,160096856709500,4224.028,4553.183,3918408.837,96.517,9992.000,19212.000,14530311.836,4911.452,NA,NA,NA,NA,NA,NA,,,,,,,,,,,,,,,,,,NA,0,0,0,NA,NA,NA,,NA,,MEASURED,NOT_RUN,
2026-08-20T16:45:53Z,primary-a4-w4-measured-6-baseline,MEASURED,BASELINE,4,4,1,NA,246646,46870420,mixed,1,8,17841231,12346,160096858149002,4224.028,4841.107,3685362.070,95.302,9928.000,19212.000,14530311.836,4911.452,NA,NA,NA,NA,NA,NA,,,,,,,,,,,,,,,,,,NA,0,0,0,NA,NA,NA,,NA,,MEASURED,NOT_RUN,
2026-08-20T16:45:53Z,primary-a4-w4-measured-6-baseline,MEASURED,BASELINE,4,4,2,NA,246647,46870420,mixed,1,8,17841231,12347,160096859544438,4224.028,4887.912,3650071.925,95.850,9928.000,19212.000,14530311.836,4911.452,NA,NA,NA,NA,NA,NA,,,,,,,,,,,,,,,,,,NA,0,0,0,NA,NA,NA,,NA,,MEASURED,NOT_RUN,
2026-08-20T16:45:53Z,primary-a4-w4-measured-6-baseline,MEASURED,BASELINE,4,4,3,NA,246648,46870420,mixed,1,8,17841231,12348,160096860933528,4224.028,4853.457,3675984.295,96.679,9992.000,19212.000,14530311.836,4911.452,NA,NA,NA,NA,NA,NA,,,,,,,,,,,,,,,,,,NA,0,0,0,NA,NA,NA,,NA,,MEASURED,NOT_RUN,
2026-08-20T16:45:57Z,primary-a4-w4-measured-7-baseline,MEASURED,BASELINE,4,4,0,NA,246655,46870912,mixed,1,8,17841231,12345,160101778994688,4123.667,4257.142,4190893.941,98.043,9928.000,19212.000,16169412.007,4413.576,NA,NA,NA,NA,NA,NA,,,,,,,,,,,,,,,,,,NA,0,0,0,NA,NA,NA,,NA,,MEASURED,NOT_RUN,
2026-08-20T16:45:57Z,primary-a4-w4-measured-7-baseline,MEASURED,BASELINE,4,4,1,NA,246656,46870912,mixed,1,8,17841231,12346,160101780391229,4123.667,4262.088,4186030.772,97.986,10056.000,19212.000,16169412.007,4413.576,NA,NA,NA,NA,NA,NA,,,,,,,,,,,,,,,,,,NA,0,0,0,NA,NA,NA,,NA,,MEASURED,NOT_RUN,
2026-08-20T16:45:57Z,primary-a4-w4-measured-7-baseline,MEASURED,BASELINE,4,4,2,NA,246657,46870912,mixed,1,8,17841231,12347,160101781821617,4123.667,4156.685,4292177.943,97.616,9928.000,19212.000,16169412.007,4413.576,NA,NA,NA,NA,NA,NA,,,,,,,,,,,,,,,,,,NA,0,0,0,NA,NA,NA,,NA,,MEASURED,NOT_RUN,
2026-08-20T16:45:57Z,primary-a4-w4-measured-7-baseline,MEASURED,BASELINE,4,4,3,NA,246658,46870912,mixed,1,8,17841231,12348,160101783118355,4123.667,4373.005,4079856.155,98.058,9928.000,19212.000,16169412.007,4413.576,NA,NA,NA,NA,NA,NA,,,,,,,,,,,,,,,,,,NA,0,0,0,NA,NA,NA,,NA,,MEASURED,NOT_RUN,
2026-08-20T16:46:03Z,primary-a4-w4-measured-7-integrated,MEASURED,INTEGRATED,4,4,0,APP_246663_46871354,246663,46871354,mixed,1,8,17841231,12345,160106203807699,4221.945,4497.331,3967070.842,96.999,9928.000,19212.000,15135726.438,4714.998,28.937,5700.000,303100.000,28.937,10372.000,606200.000,36,35,4,930.476,420.072,3331.098,39060.718,151251.797,3320.323,3308.355,220.080,236.272,9280.014,6610.539,7277.089,4312.972,8929.074,3.000,0,0,20,1205333.573,60266.679,1084870.858,1105.324,1125.189,31,MEASURED,INSUFFICIENT,"Error: target PID 246663 is unavailable for one sample.
Error: target PID 246665 is unavailable for one sample.
Error: target PID 246664 is unavailable for one sample."
2026-08-20T16:46:03Z,primary-a4-w4-measured-7-integrated,MEASURED,INTEGRATED,4,4,1,APP_246664_46871354,246664,46871354,mixed,1,8,17841231,12346,160106205281441,4221.945,4558.922,3913475.853,95.971,9928.000,19212.000,15135726.438,4714.998,28.937,5700.000,303100.000,28.937,10372.000,606200.000,37,36,4,1923.823,1819.336,8536.387,38126.082,151245.450,3391.669,3384.627,24726.895,29724.945,7452.796,8869.942,7230.379,5400.464,13137.833,3.000,0,0,20,1205333.573,60266.679,1084870.858,1102.194,1108.239,32,MEASURED,INSUFFICIENT,"Error: target PID 246663 is unavailable for one sample.
Error: target PID 246665 is unavailable for one sample.
Error: target PID 246664 is unavailable for one sample."
2026-08-20T16:46:03Z,primary-a4-w4-measured-7-integrated,MEASURED,INTEGRATED,4,4,2,APP_246665_46871354,246665,46871354,mixed,1,8,17841231,12347,160106206529190,4221.945,4489.021,3974414.715,96.308,9928.000,19212.000,15135726.438,4714.998,28.937,5700.000,303100.000,28.937,10372.000,606200.000,36,35,4,2032.093,940.522,10466.667,39064.977,151334.465,3764.229,3604.605,49531.892,64682.214,6924.807,7769.048,6047.632,5908.195,12747.313,3.000,0,0,20,1205333.573,60266.679,1084870.858,1101.521,1122.037,31,MEASURED,INSUFFICIENT,"Error: target PID 246663 is unavailable for one sample.
Error: target PID 246665 is unavailable for one sample.
Error: target PID 246664 is unavailable for one sample."
2026-08-20T16:46:03Z,primary-a4-w4-measured-7-integrated,MEASURED,INTEGRATED,4,4,3,APP_246666_46871355,246666,46871355,mixed,1,8,17841231,12348,160106208029644,4221.945,4683.290,3809550.684,97.152,9928.000,19212.000,15135726.438,4714.998,28.937,5700.000,303100.000,28.937,10372.000,606200.000,37,37,4,2278.392,1702.770,8226.535,38133.332,151462.682,3166.225,3158.770,71458.160,98055.222,5311.216,9239.051,6517.807,5603.256,10503.483,3.000,0,0,20,1205333.573,60266.679,1084870.858,1102.041,1124.805,32,MEASURED,INSUFFICIENT,"Error: target PID 246663 is unavailable for one sample.
Error: target PID 246665 is unavailable for one sample.
Error: target PID 246664 is unavailable for one sample."
2026-08-20T16:46:09Z,primary-a4-w4-measured-8-integrated,MEASURED,INTEGRATED,4,4,0,APP_246729_46871924,246729,46871924,mixed,1,8,17841231,12345,160111899977557,4109.033,4852.363,3676812.640,95.413,9992.000,19212.000,13999693.323,5097.606,29.401,5784.000,303072.000,29.401,10580.000,606144.000,37,37,4,1286.369,496.641,5077.085,46276.442,250788.903,3789.575,3783.961,206.545,227.768,9119.169,10919.329,12647.878,5112.387,8751.671,3.000,0,0,20,1267209.662,63360.483,1108408.223,1130.675,1144.171,31,MEASURED,INSUFFICIENT,Error: target PID 246731 is unavailable for one sample.
2026-08-20T16:46:09Z,primary-a4-w4-measured-8-integrated,MEASURED,INTEGRATED,4,4,1,APP_246730_46871924,246730,46871924,mixed,1,8,17841231,12346,160111901423993,4109.033,5062.595,3524127.643,93.976,9928.000,19212.000,13999693.323,5097.606,29.401,5784.000,303072.000,29.401,10580.000,606144.000,39,39,4,1715.806,828.676,10828.376,44694.633,250996.640,4126.886,4118.606,34538.109,42394.835,9273.204,9273.379,10595.644,6008.401,13824.777,3.000,0,0,20,1267209.662,63360.483,1108408.223,1134.978,1145.508,33,MEASURED,INSUFFICIENT,Error: target PID 246731 is unavailable for one sample.
2026-08-20T16:46:09Z,primary-a4-w4-measured-8-integrated,MEASURED,INTEGRATED,4,4,2,APP_246731_46871924,246731,46871924,mixed,1,8,17841231,12347,160111902760742,4109.033,4905.559,3636941.794,94.622,9928.000,19212.000,13999693.323,5097.606,29.401,5784.000,303072.000,29.401,10580.000,606144.000,39,38,4,1919.351,2199.639,7590.859,44707.754,250993.182,3481.079,3474.639,65057.044,74985.903,8063.362,13509.165,8666.825,5540.643,12130.005,3.000,0,0,20,1267209.662,63360.483,1108408.223,1134.744,1155.329,33,MEASURED,INSUFFICIENT,Error: target PID 246731 is unavailable for one sample.
2026-08-20T16:46:09Z,primary-a4-w4-measured-8-integrated,MEASURED,INTEGRATED,4,4,3,APP_246732_46871924,246732,46871924,mixed,1,8,17841231,12348,160111904086590,4109.033,4841.945,3684724.292,93.356,9864.000,19212.000,13999693.323,5097.606,29.401,5784.000,303072.000,29.401,10580.000,606144.000,37,37,4,2737.575,2597.979,7571.151,46208.538,251005.649,3616.434,3609.522,96667.627,106253.740,5833.017,8098.257,7003.633,6443.766,14435.357,3.000,0,0,20,1267209.662,63360.483,1108408.223,1134.513,1152.256,31,MEASURED,INSUFFICIENT,Error: target PID 246731 is unavailable for one sample.
2026-08-20T16:46:13Z,primary-a4-w4-measured-8-baseline,MEASURED,BASELINE,4,4,0,NA,246790,46872505,mixed,1,8,17841231,12345,160117708641490,4130.595,4184.796,4263345.249,98.378,9928.000,19212.000,16609755.592,4296.567,NA,NA,NA,NA,NA,NA,,,,,,,,,,,,,,,,,,NA,0,0,0,NA,NA,NA,,NA,,MEASURED,NOT_RUN,
2026-08-20T16:46:13Z,primary-a4-w4-measured-8-baseline,MEASURED,BASELINE,4,4,1,NA,246791,46872505,mixed,1,8,17841231,12346,160117709965160,4130.595,4066.545,4387319.715,98.125,9928.000,19212.000,16609755.592,4296.567,NA,NA,NA,NA,NA,NA,,,,,,,,,,,,,,,,,,NA,0,0,0,NA,NA,NA,,NA,,MEASURED,NOT_RUN,
2026-08-20T16:46:13Z,primary-a4-w4-measured-8-baseline,MEASURED,BASELINE,4,4,2,NA,246792,46872505,mixed,1,8,17841231,12347,160117711629128,4130.595,4254.537,4193460.416,97.994,9928.000,19212.000,16609755.592,4296.567,NA,NA,NA,NA,NA,NA,,,,,,,,,,,,,,,,,,NA,0,0,0,NA,NA,NA,,NA,,MEASURED,NOT_RUN,
2026-08-20T16:46:13Z,primary-a4-w4-measured-8-baseline,MEASURED,BASELINE,4,4,3,NA,246793,46872505,mixed,1,8,17841231,12348,160117712772085,4130.595,4150.081,4299007.429,98.670,9928.000,19212.000,16609755.592,4296.567,NA,NA,NA,NA,NA,NA,,,,,,,,,,,,,,,,,,NA,0,0,0,NA,NA,NA,,NA,,MEASURED,NOT_RUN,
2026-08-20T16:46:20Z,primary-a8-w1-warmup-1-baseline,WARMUP,BASELINE,8,1,0,NA,246798,46872936,mixed,1,8,17841231,12345,160122023577649,9753.059,6656.115,2680426.973,76.552,9928.000,19212.000,20731288.879,6884.755,NA,NA,NA,NA,NA,NA,,,,,,,,,,,,,,,,,,NA,0,0,0,NA,NA,NA,,NA,,MEASURED,NOT_RUN,
2026-08-20T16:46:20Z,primary-a8-w1-warmup-1-baseline,WARMUP,BASELINE,8,1,1,NA,246799,46872936,mixed,1,8,17841231,12346,160122024938916,9753.059,6479.051,2753679.639,80.001,9928.000,19212.000,20731288.879,6884.755,NA,NA,NA,NA,NA,NA,,,,,,,,,,,,,,,,,,NA,0,0,0,NA,NA,NA,,NA,,MEASURED,NOT_RUN,
2026-08-20T16:46:20Z,primary-a8-w1-warmup-1-baseline,WARMUP,BASELINE,8,1,2,NA,246800,46872936,mixed,1,8,17841231,12347,160122026201188,9753.059,6403.502,2786167.805,80.658,9928.000,19212.000,20731288.879,6884.755,NA,NA,NA,NA,NA,NA,,,,,,,,,,,,,,,,,,NA,0,0,0,NA,NA,NA,,NA,,MEASURED,NOT_RUN,
2026-08-20T16:46:20Z,primary-a8-w1-warmup-1-baseline,WARMUP,BASELINE,8,1,3,NA,246801,46872936,mixed,1,8,17841231,12348,160122027544322,9753.059,6723.560,2653539.230,76.461,9864.000,19212.000,20731288.879,6884.755,NA,NA,NA,NA,NA,NA,,,,,,,,,,,,,,,,,,NA,0,0,0,NA,NA,NA,,NA,,MEASURED,NOT_RUN,
2026-08-20T16:46:20Z,primary-a8-w1-warmup-1-baseline,WARMUP,BASELINE,8,1,4,NA,246802,46872937,mixed,1,8,17841231,12349,160122028996737,9753.059,6849.144,2604884.746,74.621,9928.000,19212.000,20731288.879,6884.755,NA,NA,NA,NA,NA,NA,,,,,,,,,,,,,,,,,,NA,0,0,0,NA,NA,NA,,NA,,MEASURED,NOT_RUN,
2026-08-20T16:46:20Z,primary-a8-w1-warmup-1-baseline,WARMUP,BASELINE,8,1,5,NA,246803,46872937,mixed,1,8,17841231,12350,160122030446265,9753.059,5717.018,3120723.055,88.967,9864.000,19212.000,20731288.879,6884.755,NA,NA,NA,NA,NA,NA,,,,,,,,,,,,,,,,,,NA,0,0,0,NA,NA,NA,,NA,,MEASURED,NOT_RUN,
2026-08-20T16:46:20Z,primary-a8-w1-warmup-1-baseline,WARMUP,BASELINE,8,1,6,NA,246804,46872937,mixed,1,8,17841231,12351,160122031786030,9753.059,6824.345,2614350.704,74.453,9928.000,19212.000,20731288.879,6884.755,NA,NA,NA,NA,NA,NA,,,,,,,,,,,,,,,,,,NA,0,0,0,NA,NA,NA,,NA,,MEASURED,NOT_RUN,
2026-08-20T16:46:20Z,primary-a8-w1-warmup-1-baseline,WARMUP,BASELINE,8,1,7,NA,246805,46872937,mixed,1,8,17841231,12352,160122033330708,9753.059,6019.991,2963663.933,85.132,9928.000,19212.000,20731288.879,6884.755,NA,NA,NA,NA,NA,NA,,,,,,,,,,,,,,,,,,NA,0,0,0,NA,NA,NA,,NA,,MEASURED,NOT_RUN,
2026-08-20T16:46:29Z,primary-a8-w1-warmup-1-integrated,WARMUP,INTEGRATED,8,1,0,APP_246816_46873628,246816,46873628,mixed,1,8,17841231,12345,160128937856802,8940.391,8023.509,2223619.599,74.988,9928.000,19212.000,16628574.056,8583.409,24.906,5760.000,81908.000,24.906,10356.000,163816.000,30,30,5,5193.342,1833.084,34168.628,203620.424,565375.258,3779.522,3671.275,221.646,239.050,14473.066,18837.687,15029.111,9005.464,44118.227,7.000,0,0,20,2618909.665,130945.483,1426468.372,1423.003,1444.017,21,MEASURED,INSUFFICIENT,
2026-08-20T16:46:29Z,primary-a8-w1-warmup-1-integrated,WARMUP,INTEGRATED,8,1,1,APP_246817_46873628,246817,46873628,mixed,1,8,17841231,12346,160128939120990,8940.391,7770.019,2296163.139,77.213,9924.000,19212.000,16628574.056,8583.409,24.906,5760.000,81908.000,24.906,10356.000,163816.000,30,30,5,8841.931,5247.517,44129.408,203644.238,565396.556,5768.414,5761.519,50470.570,54897.101,13861.774,17676.257,16235.957,14643.513,53413.799,7.000,0,0,20,2618909.665,130945.483,1426468.372,1424.921,1462.080,21,MEASURED,INSUFFICIENT,
2026-08-20T16:46:29Z,primary-a8-w1-warmup-1-integrated,WARMUP,INTEGRATED,8,1,2,APP_246818_46873628,246818,46873628,mixed,1,8,17841231,12347,160128940258670,8940.391,7816.167,2282606.040,77.322,9928.000,19212.000,16628574.056,8583.409,24.906,5760.000,81908.000,24.906,10356.000,163816.000,30,30,5,14571.575,10700.295,53416.494,203647.799,565393.359,4942.819,4934.866,100454.440,108951.166,13620.989,18716.998,16609.974,19544.084,55681.665,7.000,0,0,20,2618909.665,130945.483,1426468.372,1424.503,1466.925,21,MEASURED,INSUFFICIENT,
2026-08-20T16:46:29Z,primary-a8-w1-warmup-1-integrated,WARMUP,INTEGRATED,8,1,3,APP_246819_46873628,246819,46873628,mixed,1,8,17841231,12348,160128941320085,8940.391,7991.512,2232522.469,74.732,9928.000,19212.000,16628574.056,8583.409,24.906,5760.000,81908.000,24.906,10356.000,163816.000,30,30,5,17452.055,15217.148,35562.758,200667.171,565363.403,5426.792,5420.611,150959.416,158792.968,16940.444,19284.630,14988.600,22831.238,37857.074,7.000,0,0,20,2618909.665,130945.483,1426468.372,1423.973,1449.263,21,MEASURED,INSUFFICIENT,
2026-08-20T16:46:29Z,primary-a8-w1-warmup-1-integrated,WARMUP,INTEGRATED,8,1,4,APP_246820_46873628,246820,46873628,mixed,1,8,17841231,12349,160128942592541,8940.391,8539.851,2089173.631,68.399,9928.000,19212.000,16628574.056,8583.409,24.906,5760.000,81908.000,24.906,10356.000,163816.000,30,30,5,22629.301,21372.760,37858.758,200844.037,565358.713,4715.606,4708.498,203727.376,218124.564,16120.753,17935.045,16183.562,27378.932,46667.662,7.000,0,0,20,2618909.665,130945.483,1426468.372,1423.033,1447.113,21,MEASURED,INSUFFICIENT,
2026-08-20T16:46:29Z,primary-a8-w1-warmup-1-integrated,WARMUP,INTEGRATED,8,1,5,APP_246821_46873628,246821,46873628,mixed,1,8,17841231,12350,160128943729747,8940.391,8238.934,2165478.058,72.400,9928.000,19212.000,16628574.056,8583.409,24.906,5760.000,81908.000,24.906,10356.000,163816.000,29,29,5,22762.617,22564.109,39971.870,196799.835,565355.051,4995.889,4989.007,255540.029,268961.768,14340.737,17016.405,14705.521,28086.830,48333.248,7.000,0,0,20,2618909.665,130945.483,1426468.372,1421.615,1447.968,21,MEASURED,INSUFFICIENT,
2026-08-20T16:46:29Z,primary-a8-w1-warmup-1-integrated,WARMUP,INTEGRATED,8,1,6,APP_246822_46873628,246822,46873628,mixed,1,8,17841231,12351,160128945632981,8940.391,7396.512,2412113.976,79.708,9928.000,19212.000,16628574.056,8583.409,24.906,5760.000,81908.000,24.906,10356.000,163816.000,29,29,5,28081.731,29242.271,48312.403,196801.357,565358.407,5008.691,5001.341,303915.538,322894.350,15384.732,19800.889,16068.761,33207.194,50504.059,7.000,0,0,20,2618909.665,130945.483,1426468.372,1424.754,1445.187,21,MEASURED,INSUFFICIENT,
2026-08-20T16:46:29Z,primary-a8-w1-warmup-1-integrated,WARMUP,INTEGRATED,8,1,7,APP_246823_46873628,246823,46873628,mixed,1,8,17841231,12352,160128946797193,8940.391,8416.066,2119901.389,69.623,9928.000,19212.000,16628574.056,8583.409,24.906,5760.000,81908.000,24.906,10356.000,163816.000,29,29,5,32288.878,34621.301,50503.792,195531.105,565338.248,5112.953,5106.623,357571.937,371886.863,13432.870,17345.092,13747.171,37431.656,62663.812,7.000,0,0,20,2618909.665,130945.483,1426468.372,1434.320,1446.042,21,MEASURED,INSUFFICIENT,
2026-08-20T16:46:37Z,primary-a8-w1-warmup-2-integrated,WARMUP,INTEGRATED,8,1,0,APP_246954_46874537,246954,46874537,mixed,1,8,17841231,12345,160138033445859,9847.339,8006.741,2228276.330,71.739,9928.000,19212.000,17737399.849,8046.830,27.327,5824.000,81908.000,27.327,10540.000,163816.000,36,36,5,2386.036,851.467,12434.321,117756.997,491608.694,3096.075,3089.001,260.851,336.817,12421.074,13139.467,12874.535,5507.658,18238.479,7.000,0,0,20,2165457.836,108272.892,1329024.751,1305.106,1414.345,27,MEASURED,INSUFFICIENT,
2026-08-20T16:46:37Z,primary-a8-w1-warmup-2-integrated,WARMUP,INTEGRATED,8,1,1,APP_246955_46874537,246955,46874537,mixed,1,8,17841231,12346,160138034628292,9847.339,7938.473,2247438.746,71.612,9928.000,19212.000,17737399.849,8046.830,27.327,5824.000,81908.000,27.327,10540.000,163816.000,36,36,5,5395.737,3624.458,18215.163,117684.589,491714.621,5890.309,5882.127,40299.045,57721.587,10679.247,13013.029,12364.358,11316.614,26901.199,7.000,0,0,20,2165457.836,108272.892,1329024.751,1306.002,1382.681,27,MEASURED,INSUFFICIENT,
2026-08-20T16:46:37Z,primary-a8-w1-warmup-2-integrated,WARMUP,INTEGRATED,8,1,2,APP_246956_46874537,246956,46874537,mixed,1,8,17841231,12347,160138035826616,9847.339,6971.081,2559320.579,82.224,9928.000,19212.000,17737399.849,8046.830,27.327,5824.000,81908.000,27.327,10540.000,163816.000,36,36,5,11314.882,10359.730,26891.540,117687.642,491753.956,5467.572,5459.792,77958.855,103784.319,12473.846,15254.110,14636.241,16818.690,36041.752,7.000,0,0,20,2165457.836,108272.892,1329024.751,1309.254,1370.347,27,MEASURED,INSUFFICIENT,
2026-08-20T16:46:38Z,primary-a8-w1-warmup-2-integrated,WARMUP,INTEGRATED,8,1,3,APP_246957_46874537,246957,46874537,mixed,1,8,17841231,12348,160138036832705,9847.339,7769.475,2296323.739,75.198,9928.000,19212.000,17737399.849,8046.830,27.327,5824.000,81908.000,27.327,10540.000,163816.000,36,36,5,16818.849,15121.253,36042.946,117690.857,491758.736,5314.456,5307.190,121859.359,162721.500,10303.489,13673.981,10442.919,22283.340,45442.992,7.000,0,0,20,2165457.836,108272.892,1329024.751,1312.497,1363.032,27,MEASURED,INSUFFICIENT,
2026-08-20T16:46:38Z,primary-a8-w1-warmup-2-integrated,WARMUP,INTEGRATED,8,1,4,APP_246958_46874538,246958,46874538,mixed,1,8,17841231,12349,160138038113604,9847.339,7544.211,2364890.394,76.594,9928.000,19212.000,17737399.849,8046.830,27.327,5824.000,81908.000,27.327,10540.000,163816.000,36,36,5,20933.886,20858.279,45447.264,123992.331,491762.548,4429.267,4422.314,157894.034,212669.822,11913.645,12581.508,12531.014,25511.939,48021.221,7.000,0,0,20,2165457.836,108272.892,1329024.751,1315.760,1377.066,26,MEASURED,INSUFFICIENT,
2026-08-20T16:46:38Z,primary-a8-w1-warmup-2-integrated,WARMUP,INTEGRATED,8,1,5,APP_246959_46874538,246959,46874538,mixed,1,8,17841231,12350,160138039281990,9847.339,7698.446,2317510.803,74.871,9928.000,19212.000,17737399.849,8046.830,27.327,5824.000,81908.000,27.327,10540.000,163816.000,36,36,5,23532.619,23596.078,48024.505,122968.798,491764.624,5080.919,5074.875,197326.263,266710.675,12226.807,14798.190,11807.944,28708.320,56987.323,7.000,0,0,20,2165457.836,108272.892,1329024.751,1319.792,1396.190,26,MEASURED,INSUFFICIENT,
2026-08-20T16:46:38Z,primary-a8-w1-warmup-2-integrated,WARMUP,INTEGRATED,8,1,6,APP_246960_46874538,246960,46874538,mixed,1,8,17841231,12351,160138040413070,9847.339,6741.118,2646627.877,86.526,10056.000,19212.000,17737399.849,8046.830,27.327,5824.000,81908.000,27.327,10540.000,163816.000,35,35,5,26607.055,28734.775,50405.164,122866.175,491747.499,5295.464,5288.445,237771.138,322719.726,11709.528,13319.541,11135.239,31873.886,60078.955,7.000,0,0,20,2165457.836,108272.892,1329024.751,1322.270,1413.847,26,MEASURED,INSUFFICIENT,
2026-08-20T16:46:38Z,primary-a8-w1-warmup-2-integrated,WARMUP,INTEGRATED,8,1,7,APP_246961_46874538,246961,46874538,mixed,1,8,17841231,12352,160138043293198,9847.339,7137.054,2499803.312,81.173,9924.000,19212.000,17737399.849,8046.830,27.327,5824.000,81908.000,27.327,10540.000,163816.000,35,35,5,28002.269,32505.366,60084.264,136739.525,491749.911,3782.118,3735.105,275452.782,374736.043,10433.951,14827.550,12491.776,32012.240,62486.284,7.000,0,0,20,2165457.836,108272.892,1329024.751,1322.997,1436.960,24,MEASURED,INSUFFICIENT,
2026-08-20T16:46:45Z,primary-a8-w1-warmup-2-baseline,WARMUP,BASELINE,8,1,0,NA,247092,46875414,mixed,1,8,17841231,12345,160146803623780,10726.235,6886.783,2590648.215,85.101,9928.000,19212.000,18681983.728,7639.973,NA,NA,NA,NA,NA,NA,,,,,,,,,,,,,,,,,,NA,0,0,0,NA,NA,NA,,NA,,MEASURED,NOT_RUN,
2026-08-20T16:46:45Z,primary-a8-w1-warmup-2-baseline,WARMUP,BASELINE,8,1,1,NA,247093,46875414,mixed,1,8,17841231,12346,160146805101814,10726.235,7585.254,2352094.004,74.631,9928.000,19212.000,18681983.728,7639.973,NA,NA,NA,NA,NA,NA,,,,,,,,,,,,,,,,,,NA,0,0,0,NA,NA,NA,,NA,,MEASURED,NOT_RUN,
2026-08-20T16:46:45Z,primary-a8-w1-warmup-2-baseline,WARMUP,BASELINE,8,1,2,NA,247094,46875414,mixed,1,8,17841231,12347,160146806334656,10726.235,7608.210,2344997.267,74.573,9928.000,19212.000,18681983.728,7639.973,NA,NA,NA,NA,NA,NA,,,,,,,,,,,,,,,,,,NA,0,0,0,NA,NA,NA,,NA,,MEASURED,NOT_RUN,
2026-08-20T16:46:45Z,primary-a8-w1-warmup-2-baseline,WARMUP,BASELINE,8,1,3,NA,247095,46875414,mixed,1,8,17841231,12348,160146807545132,10726.235,6038.388,2954634.742,95.091,9992.000,19212.000,18681983.728,7639.973,NA,NA,NA,NA,NA,NA,,,,,,,,,,,,,,,,,,NA,0,0,0,NA,NA,NA,,NA,,MEASURED,NOT_RUN,
2026-08-20T16:46:45Z,primary-a8-w1-warmup-2-baseline,WARMUP,BASELINE,8,1,4,NA,247096,46875415,mixed,1,8,17841231,12349,160146808858990,10726.235,7022.959,2540415.192,83.432,9992.000,19212.000,18681983.728,7639.973,NA,NA,NA,NA,NA,NA,,,,,,,,,,,,,,,,,,NA,0,0,0,NA,NA,NA,,NA,,MEASURED,NOT_RUN,
2026-08-20T16:46:45Z,primary-a8-w1-warmup-2-baseline,WARMUP,BASELINE,8,1,5,NA,247097,46875415,mixed,1,8,17841231,12350,160146810193799,10726.235,6919.201,2578510.249,84.339,9928.000,19212.000,18681983.728,7639.973,NA,NA,NA,NA,NA,NA,,,,,,,,,,,,,,,,,,NA,0,0,0,NA,NA,NA,,NA,,MEASURED,NOT_RUN,
2026-08-20T16:46:45Z,primary-a8-w1-warmup-2-baseline,WARMUP,BASELINE,8,1,6,NA,247098,46875415,mixed,1,8,17841231,12351,160146811537890,10726.235,6741.011,2646670.032,86.317,9928.000,19212.000,18681983.728,7639.973,NA,NA,NA,NA,NA,NA,,,,,,,,,,,,,,,,,,NA,0,0,0,NA,NA,NA,,NA,,MEASURED,NOT_RUN,
2026-08-20T16:46:45Z,primary-a8-w1-warmup-2-baseline,WARMUP,BASELINE,8,1,7,NA,247099,46875415,mixed,1,8,17841231,12352,160146814350015,10726.235,7381.200,2417117.900,76.835,9928.000,19212.000,18681983.728,7639.973,NA,NA,NA,NA,NA,NA,,,,,,,,,,,,,,,,,,NA,0,0,0,NA,NA,NA,,NA,,MEASURED,NOT_RUN,
2026-08-20T16:46:53Z,primary-a8-w1-warmup-3-baseline,WARMUP,BASELINE,8,1,0,NA,247108,46876181,mixed,1,8,17841231,12345,160154469762841,9641.660,6016.604,2965332.445,91.203,9924.000,19212.000,20248964.468,7048.748,NA,NA,NA,NA,NA,NA,,,,,,,,,,,,,,,,,,NA,0,0,0,NA,NA,NA,,NA,,MEASURED,NOT_RUN,
2026-08-20T16:46:53Z,primary-a8-w1-warmup-3-baseline,WARMUP,BASELINE,8,1,1,NA,247109,46876181,mixed,1,8,17841231,12346,160154471194399,9641.660,7011.103,2544710.838,77.359,9928.000,19212.000,20248964.468,7048.748,NA,NA,NA,NA,NA,NA,,,,,,,,,,,,,,,,,,NA,0,0,0,NA,NA,NA,,NA,,MEASURED,NOT_RUN,
2026-08-20T16:46:53Z,primary-a8-w1-warmup-3-baseline,WARMUP,BASELINE,8,1,2,NA,247110,46876181,mixed,1,8,17841231,12347,160154472325224,9641.660,6934.779,2572717.899,79.301,9864.000,19212.000,20248964.468,7048.748,NA,NA,NA,NA,NA,NA,,,,,,,,,,,,,,,,,,NA,0,0,0,NA,NA,NA,,NA,,MEASURED,NOT_RUN,
2026-08-20T16:46:53Z,primary-a8-w1-warmup-3-baseline,WARMUP,BASELINE,8,1,3,NA,247111,46876181,mixed,1,8,17841231,12348,160154473470397,9641.660,6970.977,2559358.651,79.181,9928.000,19212.000,20248964.468,7048.748,NA,NA,NA,NA,NA,NA,,,,,,,,,,,,,,,,,,NA,0,0,0,NA,NA,NA,,NA,,MEASURED,NOT_RUN,
2026-08-20T16:46:53Z,primary-a8-w1-warmup-3-baseline,WARMUP,BASELINE,8,1,4,NA,247112,46876181,mixed,1,8,17841231,12349,160154474836538,9641.660,7005.198,2546855.888,78.645,9928.000,19212.000,20248964.468,7048.748,NA,NA,NA,NA,NA,NA,,,,,,,,,,,,,,,,,,NA,0,0,0,NA,NA,NA,,NA,,MEASURED,NOT_RUN,
2026-08-20T16:46:53Z,primary-a8-w1-warmup-3-baseline,WARMUP,BASELINE,8,1,5,NA,247113,46876181,mixed,1,8,17841231,12350,160154476269311,9641.660,6587.074,2708521.249,84.342,9928.000,19212.000,20248964.468,7048.748,NA,NA,NA,NA,NA,NA,,,,,,,,,,,,,,,,,,NA,0,0,0,NA,NA,NA,,NA,,MEASURED,NOT_RUN,
2026-08-20T16:46:53Z,primary-a8-w1-warmup-3-baseline,WARMUP,BASELINE,8,1,6,NA,247114,46876181,mixed,1,8,17841231,12351,160154477618875,9641.660,6815.419,2617774.591,81.853,9928.000,19212.000,20248964.468,7048.748,NA,NA,NA,NA,NA,NA,,,,,,,,,,,,,,,,,,NA,0,0,0,NA,NA,NA,,NA,,MEASURED,NOT_RUN,
2026-08-20T16:46:53Z,primary-a8-w1-warmup-3-baseline,WARMUP,BASELINE,8,1,7,NA,247115,46876182,mixed,1,8,17841231,12352,160154479404501,9641.660,6772.066,2634533.038,83.074,9928.000,19212.000,20248964.468,7048.748,NA,NA,NA,NA,NA,NA,,,,,,,,,,,,,,,,,,NA,0,0,0,NA,NA,NA,,NA,,MEASURED,NOT_RUN,
2026-08-20T16:47:01Z,primary-a8-w1-warmup-3-integrated,WARMUP,INTEGRATED,8,1,0,APP_247126_46876888,247126,46876888,mixed,1,8,17841231,12345,160161545958362,9893.996,8605.783,2073167.742,65.566,9992.000,19212.000,16523091.053,8638.205,24.773,5652.000,81908.000,24.773,10368.000,163816.000,34,34,5,3967.975,1483.954,25143.554,170649.017,496703.001,3543.411,3536.110,216.384,225.980,13887.749,16943.828,13770.314,7538.634,31033.479,7.000,0,0,20,2453773.286,122688.664,1397317.622,1396.957,1442.834,23,MEASURED,INSUFFICIENT,
2026-08-20T16:47:01Z,primary-a8-w1-warmup-3-integrated,WARMUP,INTEGRATED,8,1,1,APP_247127_46876888,247127,46876888,mixed,1,8,17841231,12346,160161547447248,9893.996,8571.436,2081475.244,65.978,9928.000,19212.000,16523091.053,8638.205,24.773,5652.000,81908.000,24.773,10368.000,163816.000,34,34,5,7492.309,5274.637,31005.468,170678.848,496747.595,5498.871,5492.200,46706.325,65463.559,14709.173,16367.465,13860.915,13019.544,41026.148,7.000,0,0,20,2453773.286,122688.664,1397317.622,1397.509,1433.436,23,MEASURED,INSUFFICIENT,
2026-08-20T16:47:02Z,primary-a8-w1-warmup-3-integrated,WARMUP,INTEGRATED,8,1,2,APP_247128_46876889,247128,46876889,mixed,1,8,17841231,12347,160161548741433,9893.996,7974.601,2237256.789,72.208,9928.000,19212.000,16523091.053,8638.205,24.773,5652.000,81908.000,24.773,10368.000,163816.000,34,34,5,13018.394,10975.264,41030.780,170681.119,496756.447,5470.981,5465.138,93132.113,109382.944,11023.029,17718.420,16553.407,18519.520,48610.993,7.000,0,0,20,2453773.286,122688.664,1397317.622,1401.048,1425.864,23,MEASURED,INSUFFICIENT,
2026-08-20T16:47:02Z,primary-a8-w1-warmup-3-integrated,WARMUP,INTEGRATED,8,1,3,APP_247129_46876889,247129,46876889,mixed,1,8,17841231,12348,160161549941856,9893.996,7881.576,2263662.750,72.891,9928.000,19212.000,16523091.053,8638.205,24.773,5652.000,81908.000,24.773,10368.000,163816.000,34,34,5,17728.000,15759.294,48614.244,169515.294,496783.864,4561.916,4556.085,139899.496,161770.592,13780.339,18302.572,16143.452,22499.813,56413.307,7.000,0,0,20,2453773.286,122688.664,1397317.622,1405.775,1432.042,23,MEASURED,INSUFFICIENT,
2026-08-20T16:47:02Z,primary-a8-w1-warmup-3-integrated,WARMUP,INTEGRATED,8,1,4,APP_247130_46876889,247130,46876889,mixed,1,8,17841231,12349,160161551409818,9893.996,6603.448,2701805.395,86.060,9928.000,19212.000,16523091.053,8638.205,24.773,5652.000,81908.000,24.773,10368.000,163816.000,34,34,5,21716.441,21428.533,43553.321,168265.995,496793.804,5119.615,5023.287,189604.130,214510.661,14639.825,16254.938,14850.781,27166.058,50471.663,7.000,0,0,20,2453773.286,122688.664,1397317.622,1407.126,1433.467,23,MEASURED,INSUFFICIENT,
2026-08-20T16:47:02Z,primary-a8-w1-warmup-3-integrated,WARMUP,INTEGRATED,8,1,5,APP_247131_46876889,247131,46876889,mixed,1,8,17841231,12350,160161552894773,9893.996,6887.433,2590403.545,82.427,9928.000,19212.000,16523091.053,8638.205,24.773,5652.000,81908.000,24.773,10368.000,163816.000,33,33,5,25330.607,24783.240,50475.146,167079.250,525459.403,5958.371,5948.813,236934.120,265540.259,14308.385,15131.599,13276.168,31369.070,58128.651,7.000,0,0,20,2453773.286,122688.664,1397317.622,1406.416,1422.729,23,MEASURED,INSUFFICIENT,
2026-08-20T16:47:02Z,primary-a8-w1-warmup-3-integrated,WARMUP,INTEGRATED,8,1,6,APP_247132_46876889,247132,46876889,mixed,1,8,17841231,12351,160161554268627,9893.996,7875.156,2265508.319,73.529,9928.000,19212.000,16523091.053,8638.205,24.773,5652.000,81908.000,24.773,10368.000,163816.000,33,33,5,31365.650,31274.984,58093.158,167079.483,525468.108,4665.809,4658.981,281145.811,316419.696,14355.215,17115.736,15561.447,36067.761,67359.120,7.000,0,0,20,2453773.286,122688.664,1397317.622,1411.253,1433.566,23,MEASURED,INSUFFICIENT,
2026-08-20T16:47:02Z,primary-a8-w1-warmup-3-integrated,WARMUP,INTEGRATED,8,1,7,APP_247133_46876889,247133,46876889,mixed,1,8,17841231,12352,160161555852358,9893.996,8179.733,2181150.874,69.070,9928.000,19212.000,16523091.053,8638.205,24.773,5652.000,81908.000,24.773,10368.000,163816.000,32,32,5,33164.099,33266.530,67361.331,167446.298,525471.670,5192.163,5185.989,329684.167,364565.558,13713.808,14566.376,11472.677,38483.235,75526.209,7.000,0,0,20,2453773.286,122688.664,1397317.622,1411.624,1447.799,23,MEASURED,INSUFFICIENT,
2026-08-20T16:47:10Z,primary-a8-w1-measured-4-integrated,MEASURED,INTEGRATED,8,1,0,APP_247268_46877817,247268,46877817,mixed,1,8,17841231,12345,160170829649523,14734.682,7299.109,2444302.456,76.452,9928.000,19212.000,18312523.583,7794.111,27.565,5884.000,81908.000,27.565,10608.000,163816.000,38,38,5,2671.986,1096.614,22148.699,130408.497,556590.304,2560.672,2554.248,211.281,244.766,12774.288,14958.930,13543.158,5254.301,24391.522,7.000,0,0,20,2294633.577,114731.679,1372286.166,1402.942,1444.565,27,MEASURED,INSUFFICIENT,Error: target PID 247273 is unavailable for one sample.
2026-08-20T16:47:10Z,primary-a8-w1-measured-4-integrated,MEASURED,INTEGRATED,8,1,1,APP_247269_46877817,247269,46877817,mixed,1,8,17841231,12346,160170831325487,14734.682,7563.345,2358907.460,74.273,10056.000,19212.000,18312523.583,7794.111,27.565,5884.000,81908.000,27.565,10608.000,163816.000,38,38,5,5011.184,3454.180,24372.568,130529.261,554344.330,5467.873,5461.978,43065.199,56861.202,11516.806,13935.598,13144.409,10506.110,36574.029,7.000,0,0,20,2294633.577,114731.679,1372286.166,1399.447,1449.009,27,MEASURED,INSUFFICIENT,Error: target PID 247273 is unavailable for one sample.
2026-08-20T16:47:10Z,primary-a8-w1-measured-4-integrated,MEASURED,INTEGRATED,8,1,2,APP_247270_46877817,247270,46877817,mixed,1,8,17841231,12347,160170832736808,14734.682,7755.508,2300459.439,72.126,9928.000,19212.000,18312523.583,7794.111,27.565,5884.000,81908.000,27.565,10608.000,163816.000,38,38,5,10496.760,9635.901,36574.648,130521.038,554337.284,4450.356,4444.372,83818.038,105329.993,12837.921,16113.829,13617.162,14980.260,42449.669,7.000,0,0,20,2294633.577,114731.679,1372286.166,1397.509,1457.730,27,MEASURED,INSUFFICIENT,Error: target PID 247273 is unavailable for one sample.
2026-08-20T16:47:10Z,primary-a8-w1-measured-4-integrated,MEASURED,INTEGRATED,8,1,3,APP_247271_46877817,247271,46877817,mixed,1,8,17841231,12348,160170834203990,14734.682,7187.113,2482391.738,78.416,9800.000,19212.000,18312523.583,7794.111,27.565,5884.000,81908.000,27.565,10608.000,163816.000,38,38,5,15061.065,14352.739,42451.231,130525.282,554332.701,4407.601,4399.962,127960.515,162393.311,14330.469,15365.698,15579.884,19498.076,56696.110,7.000,0,0,20,2294633.577,114731.679,1372286.166,1395.502,1458.895,27,MEASURED,INSUFFICIENT,Error: target PID 247273 is unavailable for one sample.
2026-08-20T16:47:10Z,primary-a8-w1-measured-4-integrated,MEASURED,INTEGRATED,8,1,4,APP_247272_46877817,247272,46877817,mixed,1,8,17841231,12349,160170835612216,14734.682,7465.658,2389773.455,76.148,9928.000,19212.000,18312523.583,7794.111,27.565,5884.000,81908.000,27.565,10608.000,163816.000,38,38,5,18728.404,18620.843,27308.285,129436.577,554329.383,5294.534,5192.435,174787.611,215339.727,13887.185,17613.846,13846.917,24051.364,35718.815,7.000,0,0,20,2294633.577,114731.679,1372286.166,1389.767,1473.016,27,MEASURED,INSUFFICIENT,Error: target PID 247273 is unavailable for one sample.
2026-08-20T16:47:10Z,primary-a8-w1-measured-4-integrated,MEASURED,INTEGRATED,8,1,5,APP_247273_46877817,247273,46877817,mixed,1,8,17841231,12350,160170836962495,14734.682,6045.497,2951160.401,91.008,9800.000,19212.000,18312523.583,7794.111,27.565,5884.000,81908.000,27.565,10608.000,163816.000,35,34,4,23600.259,22875.881,35690.728,136983.638,554327.542,3720.770,3713.768,238348.200,278444.973,15233.382,17648.656,15400.785,27429.646,43600.890,7.000,0,0,20,2294633.577,114731.679,1372286.166,1407.734,1476.046,24,MEASURED,INSUFFICIENT,Error: target PID 247273 is unavailable for one sample.
2026-08-20T16:47:10Z,primary-a8-w1-measured-4-integrated,MEASURED,INTEGRATED,8,1,6,APP_247274_46877818,247274,46877818,mixed,1,8,17841231,12351,160170840373080,14734.682,7016.946,2542591.883,80.294,10056.000,19212.000,18312523.583,7794.111,27.565,5884.000,81908.000,27.565,10608.000,163816.000,37,37,5,24540.870,25053.633,43597.753,135117.905,554331.338,4109.650,4103.094,262199.632,336375.554,13255.094,15487.712,12021.377,28818.309,52226.467,7.000,0,0,20,2294633.577,114731.679,1372286.166,1369.166,1470.524,26,MEASURED,INSUFFICIENT,Error: target PID 247273 is unavailable for one sample.
2026-08-20T16:47:10Z,primary-a8-w1-measured-4-integrated,MEASURED,INTEGRATED,8,1,7,APP_247275_46877818,247275,46877818,mixed,1,8,17841231,12352,160170844384205,14734.682,7351.912,2426747.088,75.659,9928.000,19212.000,18312523.583,7794.111,27.565,5884.000,81908.000,27.565,10608.000,163816.000,37,37,5,27457.686,28684.994,52228.614,133067.055,554287.229,4785.951,4777.112,304519.354,380848.901,13646.405,16167.431,14330.995,32361.366,68483.168,7.000,0,0,20,2294633.577,114731.679,1372286.166,1368.746,1471.017,26,MEASURED,INSUFFICIENT,Error: target PID 247273 is unavailable for one sample.
2026-08-20T16:47:17Z,primary-a8-w1-measured-4-baseline,MEASURED,BASELINE,8,1,0,NA,247404,46878679,mixed,1,8,17841231,12345,160179449989631,12236.872,6770.305,2635218.120,79.850,9928.000,19212.000,20673001.571,6904.167,NA,NA,NA,NA,NA,NA,,,,,,,,,,,,,,,,,,NA,0,0,0,NA,NA,NA,,NA,,MEASURED,NOT_RUN,
2026-08-20T16:47:17Z,primary-a8-w1-measured-4-baseline,MEASURED,BASELINE,8,1,1,NA,247405,46878679,mixed,1,8,17841231,12346,160179451353061,12236.872,6778.542,2632016.006,79.724,9864.000,19212.000,20673001.571,6904.167,NA,NA,NA,NA,NA,NA,,,,,,,,,,,,,,,,,,NA,0,0,0,NA,NA,NA,,NA,,MEASURED,NOT_RUN,
2026-08-20T16:47:17Z,primary-a8-w1-measured-4-baseline,MEASURED,BASELINE,8,1,2,NA,247406,46878679,mixed,1,8,17841231,12347,160179452588631,12236.872,6612.924,2697933.733,80.266,10056.000,19212.000,20673001.571,6904.167,NA,NA,NA,NA,NA,NA,,,,,,,,,,,,,,,,,,NA,0,0,0,NA,NA,NA,,NA,,MEASURED,NOT_RUN,
2026-08-20T16:47:17Z,primary-a8-w1-measured-4-baseline,MEASURED,BASELINE,8,1,3,NA,247407,46878679,mixed,1,8,17841231,12348,160179453901647,12236.872,6778.562,2632008.365,78.107,9928.000,19212.000,20673001.571,6904.167,NA,NA,NA,NA,NA,NA,,,,,,,,,,,,,,,,,,NA,0,0,0,NA,NA,NA,,NA,,MEASURED,NOT_RUN,
2026-08-20T16:47:17Z,primary-a8-w1-measured-4-baseline,MEASURED,BASELINE,8,1,4,NA,247408,46878679,mixed,1,8,17841231,12349,160179456093950,12236.872,6677.810,2671718.930,80.414,9924.000,19212.000,20673001.571,6904.167,NA,NA,NA,NA,NA,NA,,,,,,,,,,,,,,,,,,NA,0,0,0,NA,NA,NA,,NA,,MEASURED,NOT_RUN,
2026-08-20T16:47:17Z,primary-a8-w1-measured-4-baseline,MEASURED,BASELINE,8,1,5,NA,247409,46878679,mixed,1,8,17841231,12350,160179457569882,12236.872,5564.083,3206499.682,94.296,9928.000,19212.000,20673001.571,6904.167,NA,NA,NA,NA,NA,NA,,,,,,,,,,,,,,,,,,NA,0,0,0,NA,NA,NA,,NA,,MEASURED,NOT_RUN,
2026-08-20T16:47:17Z,primary-a8-w1-measured-4-baseline,MEASURED,BASELINE,8,1,6,NA,247410,46878680,mixed,1,8,17841231,12351,160179460361553,12236.872,5368.564,3323278.233,97.076,9928.000,19212.000,20673001.571,6904.167,NA,NA,NA,NA,NA,NA,,,,,,,,,,,,,,,,,,NA,0,0,0,NA,NA,NA,,NA,,MEASURED,NOT_RUN,
2026-08-20T16:47:17Z,primary-a8-w1-measured-4-baseline,MEASURED,BASELINE,8,1,7,NA,247411,46878680,mixed,1,8,17841231,12352,160179462226503,12236.872,6835.084,2610243.284,79.087,9800.000,19212.000,20673001.571,6904.167,NA,NA,NA,NA,NA,NA,,,,,,,,,,,,,,,,,,NA,0,0,0,NA,NA,NA,,NA,,MEASURED,NOT_RUN,
2026-08-20T16:47:25Z,primary-a8-w1-measured-5-baseline,MEASURED,BASELINE,8,1,0,NA,247420,46879372,mixed,1,8,17841231,12345,160186382078323,11765.940,6969.775,2559800.032,79.087,9928.000,19212.000,19629656.939,7271.133,NA,NA,NA,NA,NA,NA,,,,,,,,,,,,,,,,,,NA,0,0,0,NA,NA,NA,,NA,,MEASURED,NOT_RUN,
2026-08-20T16:47:25Z,primary-a8-w1-measured-5-baseline,MEASURED,BASELINE,8,1,1,NA,247421,46879372,mixed,1,8,17841231,12346,160186383691668,11765.940,6635.589,2688718.684,84.316,9992.000,19212.000,19629656.939,7271.133,NA,NA,NA,NA,NA,NA,,,,,,,,,,,,,,,,,,NA,0,0,0,NA,NA,NA,,NA,,MEASURED,NOT_RUN,
2026-08-20T16:47:25Z,primary-a8-w1-measured-5-baseline,MEASURED,BASELINE,8,1,2,NA,247422,46879372,mixed,1,8,17841231,12347,160186385042409,11765.940,7235.651,2465739.673,74.993,9928.000,19212.000,19629656.939,7271.133,NA,NA,NA,NA,NA,NA,,,,,,,,,,,,,,,,,,NA,0,0,0,NA,NA,NA,,NA,,MEASURED,NOT_RUN,
2026-08-20T16:47:25Z,primary-a8-w1-measured-5-baseline,MEASURED,BASELINE,8,1,3,NA,247423,46879372,mixed,1,8,17841231,12348,160186386371163,11765.940,6941.049,2570394.109,79.940,9928.000,19212.000,19629656.939,7271.133,NA,NA,NA,NA,NA,NA,,,,,,,,,,,,,,,,,,NA,0,0,0,NA,NA,NA,,NA,,MEASURED,NOT_RUN,
2026-08-20T16:47:25Z,primary-a8-w1-measured-5-baseline,MEASURED,BASELINE,8,1,4,NA,247424,46879373,mixed,1,8,17841231,12349,160186387800131,11765.940,7129.590,2502420.312,77.188,9928.000,19212.000,19629656.939,7271.133,NA,NA,NA,NA,NA,NA,,,,,,,,,,,,,,,,,,NA,0,0,0,NA,NA,NA,,NA,,MEASURED,NOT_RUN,
2026-08-20T16:47:25Z,primary-a8-w1-measured-5-baseline,MEASURED,BASELINE,8,1,5,NA,247425,46879373,mixed,1,8,17841231,12350,160186389209282,11765.940,6702.547,2661858.289,84.751,9800.000,19212.000,19629656.939,7271.133,NA,NA,NA,NA,NA,NA,,,,,,,,,,,,,,,,,,NA,0,0,0,NA,NA,NA,,NA,,MEASURED,NOT_RUN,
2026-08-20T16:47:25Z,primary-a8-w1-measured-5-baseline,MEASURED,BASELINE,8,1,6,NA,247426,46879373,mixed,1,8,17841231,12351,160186392433477,11765.940,6219.476,2868606.720,90.177,9928.000,19212.000,19629656.939,7271.133,NA,NA,NA,NA,NA,NA,,,,,,,,,,,,,,,,,,NA,0,0,0,NA,NA,NA,,NA,,MEASURED,NOT_RUN,
2026-08-20T16:47:25Z,primary-a8-w1-measured-5-baseline,MEASURED,BASELINE,8,1,7,NA,247427,46879373,mixed,1,8,17841231,12352,160186393844263,11765.940,6394.500,2790090.242,87.374,9792.000,19212.000,19629656.939,7271.133,NA,NA,NA,NA,NA,NA,,,,,,,,,,,,,,,,,,NA,0,0,0,NA,NA,NA,,NA,,MEASURED,NOT_RUN,
2026-08-20T16:47:33Z,primary-a8-w1-measured-5-integrated,MEASURED,INTEGRATED,8,1,0,APP_247437_46880101,247437,46880101,mixed,1,8,17841231,12345,160193677497963,17071.412,6261.468,2849368.506,85.880,9928.000,19212.000,18660415.199,7648.803,28.134,5816.000,81900.000,28.134,10524.000,163800.000,38,38,4,2322.790,733.977,17268.544,125032.066,435727.154,3199.761,3193.975,203.837,215.111,11402.662,13305.139,13769.901,5731.248,22748.117,7.000,0,0,20,2170424.542,108521.227,1334830.947,1340.791,1388.082,25,MEASURED,INSUFFICIENT,
2026-08-20T16:47:33Z,primary-a8-w1-measured-5-integrated,MEASURED,INTEGRATED,8,1,1,APP_247438_46880102,247438,46880102,mixed,1,8,17841231,12346,160193678840150,17071.412,7243.107,2463201.221,75.481,9928.000,19212.000,18660415.199,7648.803,28.134,5816.000,81900.000,28.134,10524.000,163800.000,40,40,5,6045.610,3502.929,28211.076,125372.481,435758.138,5507.267,5501.302,32458.753,48189.578,14511.247,17006.078,14300.964,11580.929,35317.542,7.000,0,0,20,2170424.542,108521.227,1334830.947,1333.651,1383.139,26,MEASURED,INSUFFICIENT,
2026-08-20T16:47:33Z,primary-a8-w1-measured-5-integrated,MEASURED,INTEGRATED,8,1,2,APP_247439_46880102,247439,46880102,mixed,1,8,17841231,12347,160193680116525,17071.412,7536.954,2367167.230,72.129,9928.000,19212.000,18660415.199,7648.803,28.134,5816.000,81900.000,28.134,10524.000,163800.000,40,40,5,11525.150,9636.819,33151.449,125377.665,435790.582,4839.265,4831.930,80304.219,98891.837,13389.545,16238.855,14289.413,16391.434,37170.103,7.000,0,0,20,2170424.542,108521.227,1334830.947,1331.543,1386.978,26,MEASURED,INSUFFICIENT,
2026-08-20T16:47:33Z,primary-a8-w1-measured-5-integrated,MEASURED,INTEGRATED,8,1,3,APP_247440_46880102,247440,46880102,mixed,1,8,17841231,12348,160193681259118,17071.412,7603.697,2346389.069,71.606,9864.000,19212.000,18660415.199,7648.803,28.134,5816.000,81900.000,28.134,10524.000,163800.000,40,40,5,16398.866,14866.391,37263.978,125384.410,435824.530,4562.875,4557.072,125912.892,146377.965,10978.912,15351.703,13298.032,20991.407,40951.604,7.000,0,0,20,2170424.542,108521.227,1334830.947,1330.644,1381.983,26,MEASURED,INSUFFICIENT,
2026-08-20T16:47:33Z,primary-a8-w1-measured-5-integrated,MEASURED,INTEGRATED,8,1,4,APP_247441_46880102,247441,46880102,mixed,1,8,17841231,12349,160193682654784,17071.412,7105.093,2511048.180,78.385,9928.000,19212.000,18660415.199,7648.803,28.134,5816.000,81900.000,28.134,10524.000,163800.000,40,40,5,19651.457,19108.690,40950.134,124353.674,435831.279,4454.300,4446.778,167624.913,192252.552,12872.329,14268.374,12597.690,24245.118,49361.819,7.000,0,0,20,2170424.542,108521.227,1334830.947,1330.492,1386.973,26,MEASURED,INSUFFICIENT,
2026-08-20T16:47:33Z,primary-a8-w1-measured-5-integrated,MEASURED,INTEGRATED,8,1,5,APP_247442_46880102,247442,46880102,mixed,1,8,17841231,12350,160193684332679,17071.412,7135.867,2500219.106,76.284,9676.000,19212.000,18660415.199,7648.803,28.134,5816.000,81900.000,28.134,10524.000,163800.000,39,39,5,22099.433,22011.812,38679.100,131040.862,435836.377,4008.592,3934.339,208833.611,232238.721,11853.343,14287.305,12091.744,26137.652,44036.174,7.000,0,0,20,2170424.542,108521.227,1334830.947,1328.736,1357.714,25,MEASURED,INSUFFICIENT,
2026-08-20T16:47:33Z,primary-a8-w1-measured-5-integrated,MEASURED,INTEGRATED,8,1,6,APP_247443_46880103,247443,46880103,mixed,1,8,17841231,12351,160193688393193,17071.412,7393.002,2413259.397,72.799,9928.000,19212.000,18660415.199,7648.803,28.134,5816.000,81900.000,28.134,10524.000,163800.000,38,38,5,25485.374,25689.840,44040.478,131061.588,435848.233,4584.375,4578.114,249022.766,281285.473,11612.150,14738.398,12960.299,30097.818,49000.256,7.000,0,0,20,2170424.542,108521.227,1334830.947,1325.292,1340.990,25,MEASURED,INSUFFICIENT,
2026-08-20T16:47:33Z,primary-a8-w1-measured-5-integrated,MEASURED,INTEGRATED,8,1,7,APP_247444_46880103,247444,46880103,mixed,1,8,17841231,12352,160193694569375,17071.412,7074.378,2521950.615,77.469,9992.000,19212.000,18660415.199,7648.803,28.134,5816.000,81900.000,28.134,10524.000,163800.000,37,37,5,29143.222,29560.682,49004.087,130096.965,435855.679,4791.188,4784.808,290176.751,334996.412,9668.681,12735.160,10715.575,33963.779,55640.010,7.000,0,0,20,2170424.542,108521.227,1334830.947,1320.346,1364.763,25,MEASURED,INSUFFICIENT,
2026-08-20T16:47:41Z,primary-a8-w1-measured-6-integrated,MEASURED,INTEGRATED,8,1,0,APP_247588_46880947,247588,46880947,mixed,1,8,17841231,12345,160202133720508,9268.357,7145.501,2496848.292,79.786,9928.000,19212.000,18149783.910,7863.997,26.701,5820.000,81908.000,26.701,10536.000,163816.000,35,35,5,3522.531,1296.935,21277.844,164172.777,518820.800,3523.043,3515.189,232.180,269.355,14048.888,17744.876,15449.828,7002.240,30090.206,7.000,0,0,20,2473328.847,123666.442,1388910.237,1388.469,1400.908,23,MEASURED,INSUFFICIENT,
2026-08-20T16:47:41Z,primary-a8-w1-measured-6-integrated,MEASURED,INTEGRATED,8,1,1,APP_247589_46880947,247589,46880947,mixed,1,8,17841231,12346,160202135055372,9268.357,7293.967,2446025.837,78.497,9928.000,19212.000,18149783.910,7863.997,26.701,5820.000,81908.000,26.701,10536.000,163816.000,35,35,5,6955.284,4063.396,30068.558,164076.497,518836.325,5613.161,5607.235,48949.800,51332.872,14900.740,17735.243,15274.097,12602.843,32507.116,7.000,0,0,20,2473328.847,123666.442,1388910.237,1387.006,1400.000,23,MEASURED,INSUFFICIENT,
2026-08-20T16:47:42Z,primary-a8-w1-measured-6-integrated,MEASURED,INTEGRATED,8,1,2,APP_247590_46880947,247590,46880947,mixed,1,8,17841231,12347,160202136501761,9268.357,7479.805,2385253.461,75.956,9928.000,19212.000,18149783.910,7863.997,26.701,5820.000,81908.000,26.701,10536.000,163816.000,35,35,5,12602.665,11181.370,32503.862,164079.598,518843.391,4206.007,4200.040,98366.284,106915.301,13397.660,16856.099,14567.821,16837.123,34644.700,7.000,0,0,20,2473328.847,123666.442,1388910.237,1387.370,1401.685,23,MEASURED,INSUFFICIENT,
2026-08-20T16:47:42Z,primary-a8-w1-measured-6-integrated,MEASURED,INTEGRATED,8,1,3,APP_247591_46880947,247591,46880947,mixed,1,8,17841231,12348,160202137669183,9268.357,7831.190,2278227.185,70.770,9928.000,19212.000,18149783.910,7863.997,26.701,5820.000,81908.000,26.701,10536.000,163816.000,35,35,5,16073.894,15275.608,33655.966,162919.275,518874.726,5015.330,4862.266,145176.311,151795.770,13639.292,18339.231,14960.814,21293.740,38652.038,7.000,0,0,20,2473328.847,123666.442,1388910.237,1385.501,1391.028,23,MEASURED,INSUFFICIENT,
2026-08-20T16:47:42Z,primary-a8-w1-measured-6-integrated,MEASURED,INTEGRATED,8,1,4,APP_247592_46880948,247592,46880948,mixed,1,8,17841231,12349,160202138797898,9268.357,7549.604,2363200.892,74.774,9928.000,19212.000,18149783.910,7863.997,26.701,5820.000,81908.000,26.701,10536.000,163816.000,34,34,5,19707.958,20591.929,33563.631,161556.575,518880.872,4203.157,4195.576,194557.487,206664.595,14132.165,15902.163,16322.096,23939.973,37723.138,7.000,0,0,20,2473328.847,123666.442,1388910.237,1385.214,1390.674,23,MEASURED,INSUFFICIENT,
2026-08-20T16:47:42Z,primary-a8-w1-measured-6-integrated,MEASURED,INTEGRATED,8,1,5,APP_247593_46880948,247593,46880948,mixed,1,8,17841231,12350,160202140271428,9268.357,7645.742,2333485.757,73.042,9928.000,19212.000,18149783.910,7863.997,26.701,5820.000,81908.000,26.701,10536.000,163816.000,33,33,5,22548.925,22655.766,37725.288,160340.147,518879.310,4364.876,4357.820,243025.625,257664.104,12330.566,15585.016,11587.826,27029.908,42553.044,7.000,0,0,20,2473328.847,123666.442,1388910.237,1391.581,1411.550,23,MEASURED,INSUFFICIENT,
2026-08-20T16:47:42Z,primary-a8-w1-measured-6-integrated,MEASURED,INTEGRATED,8,1,6,APP_247594_46880948,247594,46880948,mixed,1,8,17841231,12351,160202141653628,9268.357,7636.270,2336380.387,72.651,9928.000,19212.000,18149783.910,7863.997,26.701,5820.000,81908.000,26.701,10536.000,163816.000,33,33,5,23104.605,24762.024,42549.519,166758.387,518884.545,4559.152,4552.515,284507.948,292826.841,14977.119,14678.364,14001.973,27800.174,47113.922,7.000,0,0,20,2473328.847,123666.442,1388910.237,1388.575,1396.711,22,MEASURED,INSUFFICIENT,
2026-08-20T16:47:42Z,primary-a8-w1-measured-6-integrated,MEASURED,INTEGRATED,8,1,7,APP_247595_46880948,247595,46880948,mixed,1,8,17841231,12352,160202142988865,9268.357,6973.911,2558281.979,80.563,9928.000,19212.000,18149783.910,7863.997,26.701,5820.000,81908.000,26.701,10536.000,163816.000,33,33,5,26919.289,30358.388,47114.671,165445.938,518885.145,3904.271,3775.460,329915.497,340563.050,15052.562,15701.542,15237.440,31134.068,49180.797,7.000,0,0,20,2473328.847,123666.442,1388910.237,1386.719,1397.948,22,MEASURED,INSUFFICIENT,
2026-08-20T16:47:49Z,primary-a8-w1-measured-6-baseline,MEASURED,BASELINE,8,1,0,NA,247726,46881820,mixed,1,8,17841231,12345,160210858359283,22249.903,6196.301,2879335.821,91.017,9928.000,19212.000,19659919.258,7259.941,NA,NA,NA,NA,NA,NA,,,,,,,,,,,,,,,,,,NA,0,0,0,NA,NA,NA,,NA,,MEASURED,NOT_RUN,
2026-08-20T16:47:49Z,primary-a8-w1-measured-6-baseline,MEASURED,BASELINE,8,1,1,NA,247727,46881820,mixed,1,8,17841231,12346,160210859720345,22249.903,6963.532,2562094.999,80.514,9928.000,19212.000,19659919.258,7259.941,NA,NA,NA,NA,NA,NA,,,,,,,,,,,,,,,,,,NA,0,0,0,NA,NA,NA,,NA,,MEASURED,NOT_RUN,
2026-08-20T16:47:49Z,primary-a8-w1-measured-6-baseline,MEASURED,BASELINE,8,1,2,NA,247728,46881820,mixed,1,8,17841231,12347,160210861264396,22249.903,6868.765,2597443.613,81.959,9928.000,19212.000,19659919.258,7259.941,NA,NA,NA,NA,NA,NA,,,,,,,,,,,,,,,,,,NA,0,0,0,NA,NA,NA,,NA,,MEASURED,NOT_RUN,
2026-08-20T16:47:49Z,primary-a8-w1-measured-6-baseline,MEASURED,BASELINE,8,1,3,NA,247729,46881820,mixed,1,8,17841231,12348,160210862569115,22249.903,6994.270,2550835.215,79.113,9992.000,19212.000,19659919.258,7259.941,NA,NA,NA,NA,NA,NA,,,,,,,,,,,,,,,,,,NA,0,0,0,NA,NA,NA,,NA,,MEASURED,NOT_RUN,
2026-08-20T16:47:49Z,primary-a8-w1-measured-6-baseline,MEASURED,BASELINE,8,1,4,NA,247730,46881820,mixed,1,8,17841231,12349,160210867398519,22249.903,6685.924,2668476.530,83.859,9928.000,19212.000,19659919.258,7259.941,NA,NA,NA,NA,NA,NA,,,,,,,,,,,,,,,,,,NA,0,0,0,NA,NA,NA,,NA,,MEASURED,NOT_RUN,
2026-08-20T16:47:49Z,primary-a8-w1-measured-6-baseline,MEASURED,BASELINE,8,1,5,NA,247731,46881821,mixed,1,8,17841231,12350,160210872205767,22249.903,7085.388,2518031.505,78.713,10312.000,19212.000,19659919.258,7259.941,NA,NA,NA,NA,NA,NA,,,,,,,,,,,,,,,,,,NA,0,0,0,NA,NA,NA,,NA,,MEASURED,NOT_RUN,
2026-08-20T16:47:49Z,primary-a8-w1-measured-6-baseline,MEASURED,BASELINE,8,1,6,NA,247732,46881821,mixed,1,8,17841231,12351,160210875366884,22249.903,6917.989,2578962.050,81.381,9864.000,19212.000,19659919.258,7259.941,NA,NA,NA,NA,NA,NA,,,,,,,,,,,,,,,,,,NA,0,0,0,NA,NA,NA,,NA,,MEASURED,NOT_RUN,
2026-08-20T16:47:49Z,primary-a8-w1-measured-6-baseline,MEASURED,BASELINE,8,1,7,NA,247733,46881822,mixed,1,8,17841231,12352,160210880609186,22249.903,7189.889,2481433.585,76.121,9928.000,19212.000,19659919.258,7259.941,NA,NA,NA,NA,NA,NA,,,,,,,,,,,,,,,,,,NA,0,0,0,NA,NA,NA,,NA,,MEASURED,NOT_RUN,
2026-08-20T16:47:56Z,primary-a8-w1-measured-7-baseline,MEASURED,BASELINE,8,1,0,NA,247742,46882548,mixed,1,8,17841231,12345,160218139515709,8109.477,5696.791,3131803.464,92.571,10056.000,19212.000,20070432.525,7111.449,NA,NA,NA,NA,NA,NA,,,,,,,,,,,,,,,,,,NA,0,0,0,NA,NA,NA,,NA,,MEASURED,NOT_RUN,
2026-08-20T16:47:56Z,primary-a8-w1-measured-7-baseline,MEASURED,BASELINE,8,1,1,NA,247743,46882548,mixed,1,8,17841231,12346,160218140773200,8109.477,5470.721,3261221.010,96.767,9928.000,19212.000,20070432.525,7111.449,NA,NA,NA,NA,NA,NA,,,,,,,,,,,,,,,,,,NA,0,0,0,NA,NA,NA,,NA,,MEASURED,NOT_RUN,
2026-08-20T16:47:56Z,primary-a8-w1-measured-7-baseline,MEASURED,BASELINE,8,1,2,NA,247744,46882548,mixed,1,8,17841231,12347,160218141824341,8109.477,6485.035,2751138.740,81.995,9928.000,19212.000,20070432.525,7111.449,NA,NA,NA,NA,NA,NA,,,,,,,,,,,,,,,,,,NA,0,0,0,NA,NA,NA,,NA,,MEASURED,NOT_RUN,
2026-08-20T16:47:56Z,primary-a8-w1-measured-7-baseline,MEASURED,BASELINE,8,1,3,NA,247745,46882548,mixed,1,8,17841231,12348,160218142985331,8109.477,6586.021,2708954.589,79.932,9992.000,19212.000,20070432.525,7111.449,NA,NA,NA,NA,NA,NA,,,,,,,,,,,,,,,,,,NA,0,0,0,NA,NA,NA,,NA,,MEASURED,NOT_RUN,
2026-08-20T16:47:56Z,primary-a8-w1-measured-7-baseline,MEASURED,BASELINE,8,1,4,NA,247746,46882548,mixed,1,8,17841231,12349,160218144145889,8109.477,6717.479,2655941.518,78.571,9928.000,19212.000,20070432.525,7111.449,NA,NA,NA,NA,NA,NA,,,,,,,,,,,,,,,,,,NA,0,0,0,NA,NA,NA,,NA,,MEASURED,NOT_RUN,
2026-08-20T16:47:56Z,primary-a8-w1-measured-7-baseline,MEASURED,BASELINE,8,1,5,NA,247747,46882548,mixed,1,8,17841231,12350,160218145302445,8109.477,6376.833,2797819.803,83.602,9928.000,19212.000,20070432.525,7111.449,NA,NA,NA,NA,NA,NA,,,,,,,,,,,,,,,,,,NA,0,0,0,NA,NA,NA,,NA,,MEASURED,NOT_RUN,
2026-08-20T16:47:56Z,primary-a8-w1-measured-7-baseline,MEASURED,BASELINE,8,1,6,NA,247748,46882548,mixed,1,8,17841231,12351,160218146510247,8109.477,7071.100,2523119.649,71.989,9928.000,19212.000,20070432.525,7111.449,NA,NA,NA,NA,NA,NA,,,,,,,,,,,,,,,,,,NA,0,0,0,NA,NA,NA,,NA,,MEASURED,NOT_RUN,
2026-08-20T16:47:56Z,primary-a8-w1-measured-7-baseline,MEASURED,BASELINE,8,1,7,NA,247749,46882548,mixed,1,8,17841231,12352,160218147625186,8109.477,6498.047,2745629.722,79.621,9928.000,19212.000,20070432.525,7111.449,NA,NA,NA,NA,NA,NA,,,,,,,,,,,,,,,,,,NA,0,0,0,NA,NA,NA,,NA,,MEASURED,NOT_RUN,
2026-08-20T16:48:04Z,primary-a8-w1-measured-7-integrated,MEASURED,INTEGRATED,8,1,0,APP_247760_46883261,247760,46883261,mixed,1,8,17841231,12345,160225274549497,12391.613,7518.120,2373097.551,71.032,9928.000,19212.000,18684952.232,7638.759,25.916,5888.000,81908.000,25.916,10608.000,163816.000,34,34,5,2569.467,528.444,21499.663,170396.066,535115.302,3533.456,3526.134,228.142,275.763,13552.197,18442.623,13592.789,6130.519,27458.752,7.000,0,0,20,2386473.374,119323.669,1352923.635,1361.132,1403.967,22,MEASURED,INSUFFICIENT,
2026-08-20T16:48:04Z,primary-a8-w1-measured-7-integrated,MEASURED,INTEGRATED,8,1,1,APP_247761_46883261,247761,46883261,mixed,1,8,17841231,12346,160225276116826,12391.613,6868.434,2597568.930,79.643,9992.000,19212.000,18684952.232,7638.759,25.916,5888.000,81908.000,25.916,10608.000,163816.000,34,34,5,5991.693,3422.805,27435.442,170276.443,535100.063,4397.027,4389.961,47255.581,58969.168,12749.084,13224.533,12919.205,10510.233,32046.927,7.000,0,0,20,2386473.374,119323.669,1352923.635,1361.009,1396.962,22,MEASURED,INSUFFICIENT,
2026-08-20T16:48:04Z,primary-a8-w1-measured-7-integrated,MEASURED,INTEGRATED,8,1,2,APP_247762_46883261,247762,46883261,mixed,1,8,17841231,12347,160225277337177,12391.613,7596.006,2348764.596,71.169,9928.000,19212.000,18684952.232,7638.759,25.916,5888.000,81908.000,25.916,10608.000,163816.000,34,34,5,10511.940,9566.483,32044.068,170281.796,535129.461,4175.192,4169.590,87569.966,102975.863,13262.443,14817.654,12720.726,14716.172,35391.305,7.000,0,0,20,2386473.374,119323.669,1352923.635,1361.505,1394.082,22,MEASURED,INSUFFICIENT,
2026-08-20T16:48:04Z,primary-a8-w1-measured-7-integrated,MEASURED,INTEGRATED,8,1,3,APP_247763_46883262,247763,46883262,mixed,1,8,17841231,12348,160225278784982,12391.613,6118.372,2916009.322,86.173,9928.000,19212.000,18684952.232,7638.759,25.916,5888.000,81908.000,25.916,10608.000,163816.000,31,31,4,14011.209,13076.356,30023.036,171842.868,535130.913,3719.905,3714.336,131501.535,147907.989,11903.564,15765.890,15751.506,17760.318,32939.020,7.000,0,0,20,2386473.374,119323.669,1352923.635,1356.038,1376.091,20,MEASURED,INSUFFICIENT,
2026-08-20T16:48:04Z,primary-a8-w1-measured-7-integrated,MEASURED,INTEGRATED,8,1,4,APP_247764_46883262,247764,46883262,mixed,1,8,17841231,12349,160225280236815,12391.613,7600.231,2347459.089,71.037,9928.000,19212.000,18684952.232,7638.759,25.916,5888.000,81908.000,25.916,10608.000,163816.000,33,33,5,15661.314,15596.319,29937.539,167613.155,535132.224,5779.230,5771.873,165590.332,204070.301,16824.158,18462.027,13232.868,21474.975,51625.412,7.000,0,0,20,2386473.374,119323.669,1352923.635,1354.255,1376.040,22,MEASURED,INSUFFICIENT,
2026-08-20T16:48:04Z,primary-a8-w1-measured-7-integrated,MEASURED,INTEGRATED,8,1,5,APP_247765_46883262,247765,46883262,mixed,1,8,17841231,12350,160225281856619,12391.613,7566.715,2357856.934,72.089,9928.000,19212.000,18684952.232,7638.759,25.916,5888.000,81908.000,25.916,10608.000,163816.000,33,33,5,21473.671,21168.256,51630.317,167612.932,535159.423,4235.002,4228.700,215488.798,263998.045,17217.138,15359.360,13293.471,25828.074,53759.304,7.000,0,0,20,2386473.374,119323.669,1352923.635,1355.289,1379.940,22,MEASURED,INSUFFICIENT,
2026-08-20T16:48:05Z,primary-a8-w1-measured-7-integrated,MEASURED,INTEGRATED,8,1,6,APP_247766_46883262,247766,46883262,mixed,1,8,17841231,12351,160225284961404,12391.613,7220.313,2470977.443,73.217,9928.000,19212.000,18684952.232,7638.759,25.916,5888.000,81908.000,25.916,10608.000,163816.000,32,32,5,23842.401,24606.118,53761.952,165291.359,535168.577,4504.937,4499.154,262744.474,312962.317,12531.069,13108.666,13201.084,28376.281,59496.356,7.000,0,0,20,2386473.374,119323.669,1352923.635,1354.495,1407.010,22,MEASURED,INSUFFICIENT,
2026-08-20T16:48:05Z,primary-a8-w1-measured-7-integrated,MEASURED,INTEGRATED,8,1,7,APP_247767_46883262,247767,46883262,mixed,1,8,17841231,12352,160225286941110,12391.613,6805.554,2621569.182,78.548,9928.000,19212.000,18684952.232,7638.759,25.916,5888.000,81908.000,25.916,10608.000,163816.000,32,32,5,28372.097,29457.288,59500.068,165286.397,535138.228,4325.437,4319.039,302949.692,361968.658,9783.032,10742.655,10285.829,32727.620,65596.474,7.000,0,0,20,2386473.374,119323.669,1352923.635,1354.750,1435.161,22,MEASURED,INSUFFICIENT,
2026-08-20T16:48:12Z,primary-a8-w1-measured-8-integrated,MEASURED,INTEGRATED,8,1,0,APP_247900_46884100,247900,46884100,mixed,1,8,17841231,12345,160233660484484,13924.798,6501.914,2743996.621,83.206,9928.000,19212.000,18773704.632,7602.647,26.472,5652.000,81908.000,26.472,10368.000,163816.000,34,34,5,2114.819,942.333,11653.501,177410.844,543521.646,2811.425,2804.018,226.070,279.729,14234.628,15723.439,14924.261,4958.071,17504.500,7.000,0,0,20,2482969.419,124148.471,1347808.617,1374.358,1398.989,22,MEASURED,INSUFFICIENT,
2026-08-20T16:48:13Z,primary-a8-w1-measured-8-integrated,MEASURED,INTEGRATED,8,1,1,APP_247901_46884100,247901,46884100,mixed,1,8,17841231,12346,160233661688365,13924.798,7336.662,2431791.212,74.721,9928.000,19212.000,18773704.632,7602.647,26.472,5652.000,81908.000,26.472,10368.000,163816.000,34,34,5,4894.013,3106.976,17476.533,177457.729,543582.350,4915.236,4909.658,46532.412,66270.256,12466.988,15875.803,13095.743,9927.356,22803.263,7.000,0,0,20,2482969.419,124148.471,1347808.617,1370.647,1396.052,22,MEASURED,INSUFFICIENT,
2026-08-20T16:48:13Z,primary-a8-w1-measured-8-integrated,MEASURED,INTEGRATED,8,1,2,APP_247902_46884100,247902,46884100,mixed,1,8,17841231,12347,160233662703815,13924.798,6454.234,2764267.766,83.388,9928.000,19212.000,18773704.632,7602.647,26.472,5652.000,81908.000,26.472,10368.000,163816.000,34,34,5,9926.490,8985.989,22800.025,177459.219,543575.414,3296.425,3290.963,89473.058,126325.296,12443.475,15280.255,11942.121,13252.397,25006.289,7.000,0,0,20,2482969.419,124148.471,1347808.617,1367.305,1400.310,22,MEASURED,INSUFFICIENT,
2026-08-20T16:48:13Z,primary-a8-w1-measured-8-integrated,MEASURED,INTEGRATED,8,1,3,APP_247903_46884100,247903,46884100,mixed,1,8,17841231,12348,160233663954183,13924.798,7115.613,2507335.641,75.800,9928.000,19212.000,18773704.632,7602.647,26.472,5652.000,81908.000,26.472,10368.000,163816.000,34,34,5,13249.995,13134.114,25004.935,177458.662,543582.067,4056.331,4050.772,130867.884,174375.750,11699.004,13969.954,14955.675,17337.222,30015.299,7.000,0,0,20,2482969.419,124148.471,1347808.617,1364.252,1406.867,22,MEASURED,INSUFFICIENT,
2026-08-20T16:48:13Z,primary-a8-w1-measured-8-integrated,MEASURED,INTEGRATED,8,1,4,APP_247904_46884100,247904,46884100,mixed,1,8,17841231,12349,160233665398213,13924.798,7414.448,2406278.954,72.000,9928.000,19212.000,18773704.632,7602.647,26.472,5652.000,81908.000,26.472,10368.000,163816.000,34,34,5,17339.517,16849.249,30017.751,177461.630,543588.102,4327.701,4320.766,173947.266,226297.476,11186.916,14383.215,12173.536,21705.162,35185.756,7.000,0,0,20,2482969.419,124148.471,1347808.617,1359.733,1412.061,22,MEASURED,INSUFFICIENT,
2026-08-20T16:48:13Z,primary-a8-w1-measured-8-integrated,MEASURED,INTEGRATED,8,1,5,APP_247905_46884101,247905,46884101,mixed,1,8,17841231,12350,160233668380006,13924.798,7556.358,2361088.526,69.885,9928.000,19212.000,18773704.632,7602.647,26.472,5652.000,81908.000,26.472,10368.000,163816.000,34,34,5,20741.365,21673.359,30498.970,175994.770,543593.741,3864.422,3858.493,213964.606,271388.477,10999.458,14426.321,11674.461,24694.742,37769.627,7.000,0,0,20,2482969.419,124148.471,1347808.617,1353.561,1415.043,22,MEASURED,INSUFFICIENT,
2026-08-20T16:48:13Z,primary-a8-w1-measured-8-integrated,MEASURED,INTEGRATED,8,1,6,APP_247906_46884101,247906,46884101,mixed,1,8,17841231,12351,160233670835592,13924.798,7118.151,2506441.796,75.240,9800.000,19212.000,18773704.632,7602.647,26.472,5652.000,81908.000,26.472,10368.000,163816.000,31,31,5,22314.461,24726.826,37767.880,175892.674,543604.677,3952.732,3947.026,252381.633,316320.532,10756.048,12088.965,11793.047,26299.985,39780.918,7.000,0,0,20,2482969.419,124148.471,1347808.617,1346.767,1415.104,22,MEASURED,INSUFFICIENT,
2026-08-20T16:48:13Z,primary-a8-w1-measured-8-integrated,MEASURED,INTEGRATED,8,1,7,APP_247907_46884101,247907,46884101,mixed,1,8,17841231,12352,160233674409282,13924.798,6728.978,2651402.926,80.479,9864.000,19212.000,18773704.632,7602.647,26.472,5652.000,81908.000,26.472,10368.000,163816.000,31,31,5,22308.894,27651.930,39778.187,183783.839,516842.711,4556.312,4549.947,289068.811,357137.493,11114.269,13740.305,12880.758,26992.996,45854.093,7.000,0,0,20,2482969.419,124148.471,1347808.617,1338.190,1424.922,21,MEASURED,INSUFFICIENT,
2026-08-20T16:48:20Z,primary-a8-w1-measured-8-baseline,MEASURED,BASELINE,8,1,0,NA,248038,46884931,mixed,1,8,17841231,12345,160241977588672,11777.268,5988.180,2979407.892,88.439,9928.000,19212.000,20372266.111,7006.086,NA,NA,NA,NA,NA,NA,,,,,,,,,,,,,,,,,,NA,0,0,0,NA,NA,NA,,NA,,MEASURED,NOT_RUN,
2026-08-20T16:48:20Z,primary-a8-w1-measured-8-baseline,MEASURED,BASELINE,8,1,1,NA,248039,46884932,mixed,1,8,17841231,12346,160241978930256,11777.268,6600.534,2702997.966,81.261,9928.000,19212.000,20372266.111,7006.086,NA,NA,NA,NA,NA,NA,,,,,,,,,,,,,,,,,,NA,0,0,0,NA,NA,NA,,NA,,MEASURED,NOT_RUN,
2026-08-20T16:48:20Z,primary-a8-w1-measured-8-baseline,MEASURED,BASELINE,8,1,2,NA,248040,46884932,mixed,1,8,17841231,12347,160241980189650,11777.268,6404.429,2785764.492,83.743,9924.000,19212.000,20372266.111,7006.086,NA,NA,NA,NA,NA,NA,,,,,,,,,,,,,,,,,,NA,0,0,0,NA,NA,NA,,NA,,MEASURED,NOT_RUN,
2026-08-20T16:48:20Z,primary-a8-w1-measured-8-baseline,MEASURED,BASELINE,8,1,3,NA,248041,46884932,mixed,1,8,17841231,12348,160241981301775,11777.268,5710.455,3124309.820,93.538,9928.000,19212.000,20372266.111,7006.086,NA,NA,NA,NA,NA,NA,,,,,,,,,,,,,,,,,,NA,0,0,0,NA,NA,NA,,NA,,MEASURED,NOT_RUN,
2026-08-20T16:48:20Z,primary-a8-w1-measured-8-baseline,MEASURED,BASELINE,8,1,4,NA,248042,46884932,mixed,1,8,17841231,12349,160241982707118,11777.268,6786.732,2628839.654,78.074,9928.000,19212.000,20372266.111,7006.086,NA,NA,NA,NA,NA,NA,,,,,,,,,,,,,,,,,,NA,0,0,0,NA,NA,NA,,NA,,MEASURED,NOT_RUN,
2026-08-20T16:48:20Z,primary-a8-w1-measured-8-baseline,MEASURED,BASELINE,8,1,5,NA,248043,46884932,mixed,1,8,17841231,12350,160241984201750,11777.268,6955.902,2564905.362,75.619,9924.000,19212.000,20372266.111,7006.086,NA,NA,NA,NA,NA,NA,,,,,,,,,,,,,,,,,,NA,0,0,0,NA,NA,NA,,NA,,MEASURED,NOT_RUN,
2026-08-20T16:48:20Z,primary-a8-w1-measured-8-baseline,MEASURED,BASELINE,8,1,6,NA,248044,46884932,mixed,1,8,17841231,12351,160241985608892,11777.268,6678.004,2671641.183,80.120,9992.000,19212.000,20372266.111,7006.086,NA,NA,NA,NA,NA,NA,,,,,,,,,,,,,,,,,,NA,0,0,0,NA,NA,NA,,NA,,MEASURED,NOT_RUN,
2026-08-20T16:48:20Z,primary-a8-w1-measured-8-baseline,MEASURED,BASELINE,8,1,7,NA,248045,46884933,mixed,1,8,17841231,12352,160241989365940,11777.268,6862.491,2599818.448,77.207,9928.000,19212.000,20372266.111,7006.086,NA,NA,NA,NA,NA,NA,,,,,,,,,,,,,,,,,,NA,0,0,0,NA,NA,NA,,NA,,MEASURED,NOT_RUN,
2026-08-20T16:48:27Z,primary-a8-w2-warmup-1-baseline,WARMUP,BASELINE,8,2,0,NA,248059,46885635,mixed,1,8,17841231,12345,160249013063209,8219.890,6670.661,2674582.355,78.003,9928.000,19212.000,21297321.974,6701.774,NA,NA,NA,NA,NA,NA,,,,,,,,,,,,,,,,,,NA,0,0,0,NA,NA,NA,,NA,,MEASURED,NOT_RUN,
2026-08-20T16:48:27Z,primary-a8-w2-warmup-1-baseline,WARMUP,BASELINE,8,2,1,NA,248060,46885635,mixed,1,8,17841231,12346,160249014390687,8219.890,6271.434,2844840.569,82.779,9992.000,19212.000,21297321.974,6701.774,NA,NA,NA,NA,NA,NA,,,,,,,,,,,,,,,,,,NA,0,0,0,NA,NA,NA,,NA,,MEASURED,NOT_RUN,
2026-08-20T16:48:27Z,primary-a8-w2-warmup-1-baseline,WARMUP,BASELINE,8,2,2,NA,248061,46885635,mixed,1,8,17841231,12347,160249015519779,8219.890,6207.981,2873918.594,83.452,9992.000,19212.000,21297321.974,6701.774,NA,NA,NA,NA,NA,NA,,,,,,,,,,,,,,,,,,NA,0,0,0,NA,NA,NA,,NA,,MEASURED,NOT_RUN,
2026-08-20T16:48:27Z,primary-a8-w2-warmup-1-baseline,WARMUP,BASELINE,8,2,3,NA,248062,46885635,mixed,1,8,17841231,12348,160249016571709,8219.890,6519.605,2736550.869,80.105,9928.000,19212.000,21297321.974,6701.774,NA,NA,NA,NA,NA,NA,,,,,,,,,,,,,,,,,,NA,0,0,0,NA,NA,NA,,NA,,MEASURED,NOT_RUN,
2026-08-20T16:48:27Z,primary-a8-w2-warmup-1-baseline,WARMUP,BASELINE,8,2,4,NA,248063,46885635,mixed,1,8,17841231,12349,160249017732529,8219.890,6354.537,2807636.745,81.611,9928.000,19212.000,21297321.974,6701.774,NA,NA,NA,NA,NA,NA,,,,,,,,,,,,,,,,,,NA,0,0,0,NA,NA,NA,,NA,,MEASURED,NOT_RUN,
2026-08-20T16:48:27Z,primary-a8-w2-warmup-1-baseline,WARMUP,BASELINE,8,2,5,NA,248064,46885636,mixed,1,8,17841231,12350,160249018878889,8219.890,5467.800,3262963.254,93.211,9928.000,19212.000,21297321.974,6701.774,NA,NA,NA,NA,NA,NA,,,,,,,,,,,,,,,,,,NA,0,0,0,NA,NA,NA,,NA,,MEASURED,NOT_RUN,
2026-08-20T16:48:27Z,primary-a8-w2-warmup-1-baseline,WARMUP,BASELINE,8,2,6,NA,248065,46885636,mixed,1,8,17841231,12351,160249020102047,8219.890,6624.801,2693096.765,77.217,10056.000,19212.000,21297321.974,6701.774,NA,NA,NA,NA,NA,NA,,,,,,,,,,,,,,,,,,NA,0,0,0,NA,NA,NA,,NA,,MEASURED,NOT_RUN,
2026-08-20T16:48:27Z,primary-a8-w2-warmup-1-baseline,WARMUP,BASELINE,8,2,7,NA,248066,46885636,mixed,1,8,17841231,12352,160249021283099,8219.890,6451.503,2765437.886,79.334,9928.000,19212.000,21297321.974,6701.774,NA,NA,NA,NA,NA,NA,,,,,,,,,,,,,,,,,,NA,0,0,0,NA,NA,NA,,NA,,MEASURED,NOT_RUN,
2026-08-20T16:48:34Z,primary-a8-w2-warmup-1-integrated,WARMUP,INTEGRATED,8,2,0,APP_248075_46886308,248075,46886308,mixed,1,8,17841231,12345,160255739087078,9881.953,7135.169,2500463.592,72.755,9928.000,19212.000,19394918.707,7359.136,27.479,5824.000,155636.000,27.479,10460.000,311272.000,37,37,5,1247.020,515.948,4038.076,196069.182,505465.938,3564.347,3558.348,213.141,224.989,13602.902,14964.526,14191.923,4835.818,13617.980,7.000,0,0,20,2428778.923,121438.946,1361089.004,1371.224,1390.244,20,MEASURED,INSUFFICIENT,
2026-08-20T16:48:34Z,primary-a8-w2-warmup-1-integrated,WARMUP,INTEGRATED,8,2,1,APP_248076_46886308,248076,46886308,mixed,1,8,17841231,12346,160255740356743,9881.953,7082.081,2519207.320,74.095,9864.000,19212.000,19394918.707,7359.136,27.479,5824.000,155636.000,27.479,10460.000,311272.000,37,37,5,2405.443,2345.355,5623.079,196114.421,505509.513,5711.447,5705.270,44387.206,48712.569,12633.142,15739.969,15379.788,8148.193,16830.098,7.000,0,0,20,2428778.923,121438.946,1361089.004,1370.250,1383.984,20,MEASURED,INSUFFICIENT,
2026-08-20T16:48:34Z,primary-a8-w2-warmup-1-integrated,WARMUP,INTEGRATED,8,2,2,APP_248077_46886308,248077,46886308,mixed,1,8,17841231,12347,160255741543065,9881.953,6969.209,2560008.052,75.671,9924.000,19212.000,19394918.707,7359.136,27.479,5824.000,155636.000,27.479,10460.000,311272.000,37,37,5,4257.147,3765.778,8852.353,196064.266,505546.689,4806.460,4799.693,89561.171,93380.789,14873.426,14510.183,15459.958,9096.672,17583.122,7.000,0,0,20,2428778.923,121438.946,1361089.004,1368.602,1388.020,20,MEASURED,INSUFFICIENT,
2026-08-20T16:48:34Z,primary-a8-w2-warmup-1-integrated,WARMUP,INTEGRATED,8,2,3,APP_248078_46886308,248078,46886308,mixed,1,8,17841231,12348,160255742798496,9881.953,7313.628,2439450.325,69.304,9928.000,19212.000,19394918.707,7359.136,27.479,5824.000,155636.000,27.479,10460.000,311272.000,37,37,5,6727.178,6189.358,13448.181,196072.705,505552.214,6491.485,6484.798,135805.645,145935.795,12242.355,16709.073,13087.914,13271.837,20012.336,7.000,0,0,20,2428778.923,121438.946,1361089.004,1367.145,1391.011,20,MEASURED,INSUFFICIENT,
2026-08-20T16:48:35Z,primary-a8-w2-warmup-1-integrated,WARMUP,INTEGRATED,8,2,4,APP_248079_46886308,248079,46886308,mixed,1,8,17841231,12349,160255744453580,9881.953,6828.391,2612801.635,76.356,9928.000,19212.000,19394918.707,7359.136,27.479,5824.000,155636.000,27.479,10460.000,311272.000,37,37,5,10599.250,10848.598,17506.675,194741.787,505558.174,4397.420,4391.417,179325.118,190186.565,12018.372,15441.502,12602.752,15026.578,42245.469,7.000,0,0,20,2428778.923,121438.946,1361089.004,1364.006,1377.741,20,MEASURED,INSUFFICIENT,
2026-08-20T16:48:35Z,primary-a8-w2-warmup-1-integrated,WARMUP,INTEGRATED,8,2,5,APP_248080_46886308,248080,46886308,mixed,1,8,17841231,12350,160255745924847,9881.953,6846.103,2606041.751,76.349,9928.000,19212.000,19394918.707,7359.136,27.479,5824.000,155636.000,27.479,10460.000,311272.000,37,37,5,12595.984,12542.996,19561.854,194745.599,483703.709,5384.097,5377.247,220764.478,234375.696,10699.063,15081.644,14728.871,17956.644,27914.370,7.000,0,0,20,2428778.923,121438.946,1361089.004,1364.027,1385.995,20,MEASURED,INSUFFICIENT,
2026-08-20T16:48:35Z,primary-a8-w2-warmup-1-integrated,WARMUP,INTEGRATED,8,2,6,APP_248081_46886308,248081,46886308,mixed,1,8,17841231,12351,160255747322788,9881.953,6936.921,2571923.648,75.974,9928.000,19212.000,19394918.707,7359.136,27.479,5824.000,155636.000,27.479,10460.000,311272.000,37,37,5,14645.796,14506.600,21431.852,196190.740,505589.555,3894.210,3888.777,262690.649,276279.053,12247.065,14279.614,13221.223,18937.644,32339.244,7.000,0,0,20,2428778.923,121438.946,1361089.004,1359.155,1379.093,20,MEASURED,INSUFFICIENT,
2026-08-20T16:48:35Z,primary-a8-w2-warmup-1-integrated,WARMUP,INTEGRATED,8,2,7,APP_248082_46886309,248082,46886309,mixed,1,8,17841231,12352,160255748969031,9881.953,6602.864,2702044.323,78.587,9924.000,19212.000,19394918.707,7359.136,27.479,5824.000,155636.000,27.479,10460.000,311272.000,37,37,5,16645.625,16175.739,32342.883,194856.265,483718.579,4966.446,4960.363,303875.787,322007.082,11776.483,12757.999,12886.053,21644.466,40341.770,7.000,0,0,20,2428778.923,121438.946,1361089.004,1354.995,1376.248,20,MEASURED,INSUFFICIENT,
2026-08-20T16:48:42Z,primary-a8-w2-warmup-2-integrated,WARMUP,INTEGRATED,8,2,0,APP_248226_46887113,248226,46887113,mixed,1,8,17841231,12345,160263790352255,13978.938,7352.346,2426603.749,70.523,9928.000,19212.000,19301376.298,7394.802,28.130,5916.000,155644.000,28.130,10692.000,311288.000,41,41,5,1370.355,581.285,4417.085,150166.986,490875.451,2508.625,2502.512,196.675,208.541,13429.558,16340.545,14463.712,3904.128,7522.517,7.000,0,0,20,2216940.152,110847.008,1338183.112,1361.506,1381.990,24,MEASURED,INSUFFICIENT,
2026-08-20T16:48:43Z,primary-a8-w2-warmup-2-integrated,WARMUP,INTEGRATED,8,2,1,APP_248227_46887113,248227,46887113,mixed,1,8,17841231,12346,160263792045397,13978.938,6664.914,2676888.413,79.098,9736.000,19212.000,19301376.298,7394.802,28.130,5916.000,155644.000,28.130,10692.000,311288.000,41,41,5,2729.585,2453.997,6262.559,150524.969,490881.823,6858.156,6852.095,45876.397,57344.161,14774.902,13549.324,12334.791,9545.950,18088.037,7.000,0,0,20,2216940.152,110847.008,1338183.112,1354.387,1382.397,24,MEASURED,INSUFFICIENT,
2026-08-20T16:48:43Z,primary-a8-w2-warmup-2-integrated,WARMUP,INTEGRATED,8,2,2,APP_248228_46887113,248228,46887113,mixed,1,8,17841231,12347,160263793850027,13978.938,6092.384,2928448.348,86.196,9992.000,19212.000,19301376.298,7394.802,28.130,5916.000,155644.000,28.130,10692.000,311288.000,36,36,4,4005.129,3666.671,8972.914,161157.136,489122.041,4105.228,4099.707,98322.572,113363.751,12975.471,12611.436,12710.934,8139.312,17784.095,7.000,0,0,20,2216940.152,110847.008,1338183.112,1365.321,1381.990,21,MEASURED,INSUFFICIENT,
2026-08-20T16:48:43Z,primary-a8-w2-warmup-2-integrated,WARMUP,INTEGRATED,8,2,3,APP_248229_46887113,248229,46887113,mixed,1,8,17841231,12348,160263795444827,13978.938,7245.969,2462228.351,71.733,9928.000,19212.000,19301376.298,7394.802,28.130,5916.000,155644.000,28.130,10692.000,311288.000,41,41,5,5759.008,5750.867,9590.997,150325.695,489126.736,6352.157,6345.412,120099.927,155333.536,11310.799,13706.235,12907.954,12143.543,18736.129,7.000,0,0,20,2216940.152,110847.008,1338183.112,1337.907,1377.813,24,MEASURED,INSUFFICIENT,
2026-08-20T16:48:43Z,primary-a8-w2-warmup-2-integrated,WARMUP,INTEGRATED,8,2,4,APP_248230_46887114,248230,46887114,mixed,1,8,17841231,12349,160263798349418,13978.938,6905.486,2583631.399,75.384,10056.000,19212.000,19301376.298,7394.802,28.130,5916.000,155644.000,28.130,10692.000,311288.000,41,41,5,9866.686,10821.630,14090.350,150327.105,489131.129,3962.520,3956.623,159464.057,199323.419,11512.158,16596.255,13093.534,13933.336,21785.923,7.000,0,0,20,2216940.152,110847.008,1338183.112,1335.827,1380.010,24,MEASURED,INSUFFICIENT,
2026-08-20T16:48:43Z,primary-a8-w2-warmup-2-integrated,WARMUP,INTEGRATED,8,2,5,APP_248231_46887114,248231,46887114,mixed,1,8,17841231,12350,160263799632865,13978.938,6498.939,2745252.756,81.248,9800.000,19212.000,19301376.298,7394.802,28.130,5916.000,155644.000,28.130,10692.000,311288.000,41,41,5,12547.009,13061.216,18458.566,150331.381,489136.195,6075.037,6067.800,202135.826,246357.503,13404.703,16600.361,12293.396,18703.130,24778.383,7.000,0,0,20,2216940.152,110847.008,1338183.112,1334.038,1379.747,24,MEASURED,INSUFFICIENT,
2026-08-20T16:48:43Z,primary-a8-w2-warmup-2-integrated,WARMUP,INTEGRATED,8,2,6,APP_248232_46887114,248232,46887114,mixed,1,8,17841231,12351,160263800812300,13978.938,7337.377,2431554.340,70.257,9928.000,19212.000,19301376.298,7394.802,28.130,5916.000,155644.000,28.130,10692.000,311288.000,41,41,5,14488.787,14280.241,20441.564,150337.039,489146.170,4291.279,4283.579,245885.249,292508.877,12780.383,13724.109,12420.245,18806.214,30473.678,7.000,0,0,20,2216940.152,110847.008,1338183.112,1328.694,1376.156,24,MEASURED,INSUFFICIENT,
2026-08-20T16:48:43Z,primary-a8-w2-warmup-2-integrated,WARMUP,INTEGRATED,8,2,7,APP_248233_46887114,248233,46887114,mixed,1,8,17841231,12352,160263804331193,13978.938,7067.126,2524538.311,74.739,9928.000,19212.000,19301376.298,7394.802,28.130,5916.000,155644.000,28.130,10692.000,311288.000,41,41,5,16806.981,16391.818,21700.814,150340.930,489171.384,4990.326,4983.660,286510.302,334521.358,12430.178,13323.247,12172.345,21826.844,30065.830,7.000,0,0,20,2216940.152,110847.008,1338183.112,1324.000,1381.982,24,MEASURED,INSUFFICIENT,
2026-08-20T16:48:50Z,primary-a8-w2-warmup-2-baseline,WARMUP,BASELINE,8,2,0,NA,248364,46887939,mixed,1,8,17841231,12345,160272047813042,15566.939,6764.633,2637427.925,82.363,9928.000,19212.000,19519699.665,7312.092,NA,NA,NA,NA,NA,NA,,,,,,,,,,,,,,,,,,NA,0,0,0,NA,NA,NA,,NA,,MEASURED,NOT_RUN,
2026-08-20T16:48:50Z,primary-a8-w2-warmup-2-baseline,WARMUP,BASELINE,8,2,1,NA,248365,46887939,mixed,1,8,17841231,12346,160272049513371,15566.939,7275.206,2452333.462,74.500,9928.000,19212.000,19519699.665,7312.092,NA,NA,NA,NA,NA,NA,,,,,,,,,,,,,,,,,,NA,0,0,0,NA,NA,NA,,NA,,MEASURED,NOT_RUN,
2026-08-20T16:48:50Z,primary-a8-w2-warmup-2-baseline,WARMUP,BASELINE,8,2,2,NA,248366,46887939,mixed,1,8,17841231,12347,160272050864500,15566.939,6973.886,2558291.136,78.099,9928.000,19212.000,19519699.665,7312.092,NA,NA,NA,NA,NA,NA,,,,,,,,,,,,,,,,,,NA,0,0,0,NA,NA,NA,,NA,,MEASURED,NOT_RUN,
2026-08-20T16:48:50Z,primary-a8-w2-warmup-2-baseline,WARMUP,BASELINE,8,2,3,NA,248367,46887939,mixed,1,8,17841231,12348,160272052348399,15566.939,6790.143,2627519.102,79.855,9928.000,19212.000,19519699.665,7312.092,NA,NA,NA,NA,NA,NA,,,,,,,,,,,,,,,,,,NA,0,0,0,NA,NA,NA,,NA,,MEASURED,NOT_RUN,
2026-08-20T16:48:50Z,primary-a8-w2-warmup-2-baseline,WARMUP,BASELINE,8,2,4,NA,248368,46887939,mixed,1,8,17841231,12349,160272055494428,15566.939,7040.112,2534225.496,76.596,9928.000,19212.000,19519699.665,7312.092,NA,NA,NA,NA,NA,NA,,,,,,,,,,,,,,,,,,NA,0,0,0,NA,NA,NA,,NA,,MEASURED,NOT_RUN,
2026-08-20T16:48:50Z,primary-a8-w2-warmup-2-baseline,WARMUP,BASELINE,8,2,5,NA,248369,46887939,mixed,1,8,17841231,12350,160272056954392,15566.939,7052.798,2529667.075,77.181,9928.000,19212.000,19519699.665,7312.092,NA,NA,NA,NA,NA,NA,,,,,,,,,,,,,,,,,,NA,0,0,0,NA,NA,NA,,NA,,MEASURED,NOT_RUN,
2026-08-20T16:48:50Z,primary-a8-w2-warmup-2-baseline,WARMUP,BASELINE,8,2,6,NA,248370,46887940,mixed,1,8,17841231,12351,160272060410262,15566.939,6842.110,2607562.732,80.224,9928.000,19212.000,19519699.665,7312.092,NA,NA,NA,NA,NA,NA,,,,,,,,,,,,,,,,,,NA,0,0,0,NA,NA,NA,,NA,,MEASURED,NOT_RUN,
2026-08-20T16:48:50Z,primary-a8-w2-warmup-2-baseline,WARMUP,BASELINE,8,2,7,NA,248371,46887940,mixed,1,8,17841231,12352,160272063379981,15566.939,5855.073,3047140.892,93.309,9864.000,19212.000,19519699.665,7312.092,NA,NA,NA,NA,NA,NA,,,,,,,,,,,,,,,,,,NA,0,0,0,NA,NA,NA,,NA,,MEASURED,NOT_RUN,
2026-08-20T16:48:57Z,primary-a8-w2-warmup-3-baseline,WARMUP,BASELINE,8,2,0,NA,248383,46888672,mixed,1,8,17841231,12345,160279386320996,14798.654,5932.279,3007483.383,86.452,10056.000,19212.000,20888226.153,6833.029,NA,NA,NA,NA,NA,NA,,,,,,,,,,,,,,,,,,NA,0,0,0,NA,NA,NA,,NA,,MEASURED,NOT_RUN,
2026-08-20T16:48:57Z,primary-a8-w2-warmup-3-baseline,WARMUP,BASELINE,8,2,1,NA,248384,46888673,mixed,1,8,17841231,12346,160279387967893,14798.654,6243.719,2857468.428,83.406,9928.000,19212.000,20888226.153,6833.029,NA,NA,NA,NA,NA,NA,,,,,,,,,,,,,,,,,,NA,0,0,0,NA,NA,NA,,NA,,MEASURED,NOT_RUN,
2026-08-20T16:48:57Z,primary-a8-w2-warmup-3-baseline,WARMUP,BASELINE,8,2,2,NA,248385,46888673,mixed,1,8,17841231,12347,160279389661963,14798.654,6649.604,2683051.466,77.144,9928.000,19212.000,20888226.153,6833.029,NA,NA,NA,NA,NA,NA,,,,,,,,,,,,,,,,,,NA,0,0,0,NA,NA,NA,,NA,,MEASURED,NOT_RUN,
2026-08-20T16:48:57Z,primary-a8-w2-warmup-3-baseline,WARMUP,BASELINE,8,2,3,NA,248386,46888673,mixed,1,8,17841231,12348,160279391393211,14798.654,6087.645,2930727.996,84.898,9928.000,19212.000,20888226.153,6833.029,NA,NA,NA,NA,NA,NA,,,,,,,,,,,,,,,,,,NA,0,0,0,NA,NA,NA,,NA,,MEASURED,NOT_RUN,
2026-08-20T16:48:57Z,primary-a8-w2-warmup-3-baseline,WARMUP,BASELINE,8,2,4,NA,248387,46888673,mixed,1,8,17841231,12349,160279392993135,14798.654,6784.055,2629876.974,75.519,9864.000,19212.000,20888226.153,6833.029,NA,NA,NA,NA,NA,NA,,,,,,,,,,,,,,,,,,NA,0,0,0,NA,NA,NA,,NA,,MEASURED,NOT_RUN,
2026-08-20T16:48:57Z,primary-a8-w2-warmup-3-baseline,WARMUP,BASELINE,8,2,5,NA,248388,46888673,mixed,1,8,17841231,12350,160279394984482,14798.654,6324.199,2821105.436,81.850,9928.000,19212.000,20888226.153,6833.029,NA,NA,NA,NA,NA,NA,,,,,,,,,,,,,,,,,,NA,0,0,0,NA,NA,NA,,NA,,MEASURED,NOT_RUN,
2026-08-20T16:48:57Z,primary-a8-w2-warmup-3-baseline,WARMUP,BASELINE,8,2,6,NA,248389,46888674,mixed,1,8,17841231,12351,160279399375762,14798.654,6531.312,2731645.723,78.468,9928.000,19212.000,20888226.153,6833.029,NA,NA,NA,NA,NA,NA,,,,,,,,,,,,,,,,,,NA,0,0,0,NA,NA,NA,,NA,,MEASURED,NOT_RUN,
2026-08-20T16:48:57Z,primary-a8-w2-warmup-3-baseline,WARMUP,BASELINE,8,2,7,NA,248390,46888674,mixed,1,8,17841231,12352,160279401119650,14798.654,6597.940,2704060.669,78.505,10056.000,19212.000,20888226.153,6833.029,NA,NA,NA,NA,NA,NA,,,,,,,,,,,,,,,,,,NA,0,0,0,NA,NA,NA,,NA,,MEASURED,NOT_RUN,
2026-08-20T16:49:05Z,primary-a8-w2-warmup-3-integrated,WARMUP,INTEGRATED,8,2,0,APP_248399_46889358,248399,46889358,mixed,1,8,17841231,12345,160286245845702,8743.566,6830.077,2612156.797,77.950,9928.000,19212.000,18778603.766,7600.663,27.111,5768.000,155644.000,27.111,10540.000,311288.000,37,37,5,1365.942,507.140,5334.394,147123.337,539248.717,3100.275,3094.682,224.212,261.154,11901.612,16930.773,15811.327,4488.214,10216.465,7.000,0,0,20,2301838.912,115091.946,1374210.396,1394.047,1403.255,25,MEASURED,INSUFFICIENT,
2026-08-20T16:49:05Z,primary-a8-w2-warmup-3-integrated,WARMUP,INTEGRATED,8,2,1,APP_248400_46889358,248400,46889358,mixed,1,8,17841231,12346,160286247211952,8743.566,7441.519,2397525.540,71.732,9928.000,19212.000,18778603.766,7600.663,27.111,5768.000,155644.000,27.111,10540.000,311288.000,37,37,5,2834.045,2381.674,7339.093,146899.678,539264.745,6949.050,6942.811,46357.492,53169.575,13813.344,18467.907,13475.612,9817.624,22205.680,7.000,0,0,20,2301838.912,115091.946,1374210.396,1393.264,1411.253,25,MEASURED,INSUFFICIENT,
2026-08-20T16:49:05Z,primary-a8-w2-warmup-3-integrated,WARMUP,INTEGRATED,8,2,2,APP_248401_46889359,248401,46889359,mixed,1,8,17841231,12347,160286248343963,8743.566,6647.443,2683924.015,81.143,9928.000,19212.000,18778603.766,7600.663,27.111,5768.000,155644.000,27.111,10540.000,311288.000,37,37,5,4681.997,4542.538,10301.620,146913.071,539297.848,4698.925,4693.208,93631.574,105637.059,15489.518,20095.005,12794.146,9447.984,22347.125,7.000,0,0,20,2301838.912,115091.946,1374210.396,1395.256,1421.823,25,MEASURED,INSUFFICIENT,
2026-08-20T16:49:05Z,primary-a8-w2-warmup-3-integrated,WARMUP,INTEGRATED,8,2,3,APP_248402_46889359,248402,46889359,mixed,1,8,17841231,12348,160286249453971,8743.566,7238.408,2464800.293,74.037,9928.000,19212.000,18778603.766,7600.663,27.111,5768.000,155644.000,27.111,10540.000,311288.000,37,37,5,7001.634,6828.449,12552.075,146917.346,539325.780,6109.652,6013.141,143460.512,160584.801,13308.120,14180.767,14843.171,13141.264,22250.084,7.000,0,0,20,2301838.912,115091.946,1374210.396,1393.889,1424.678,25,MEASURED,INSUFFICIENT,
2026-08-20T16:49:05Z,primary-a8-w2-warmup-3-integrated,WARMUP,INTEGRATED,8,2,4,APP_248403_46889359,248403,46889359,mixed,1,8,17841231,12349,160286250743882,8743.566,6789.936,2627599.260,78.723,9928.000,19212.000,18778603.766,7600.663,27.111,5768.000,155644.000,27.111,10540.000,311288.000,37,37,5,10905.168,10927.698,16565.160,146919.307,539332.216,6015.713,5822.426,187302.317,209782.666,14893.775,16281.894,12225.634,16952.108,31614.419,7.000,0,0,20,2301838.912,115091.946,1374210.396,1393.236,1423.409,25,MEASURED,INSUFFICIENT,
2026-08-20T16:49:05Z,primary-a8-w2-warmup-3-integrated,WARMUP,INTEGRATED,8,2,5,APP_248404_46889359,248404,46889359,mixed,1,8,17841231,12350,160286252055312,8743.566,7570.431,2356699.633,70.619,9928.000,19212.000,18778603.766,7600.663,27.111,5768.000,155644.000,27.111,10540.000,311288.000,37,37,5,13490.358,14037.129,20934.468,145687.592,539337.350,5016.882,5009.524,232210.945,256594.395,11609.966,14575.731,13330.969,18537.603,32864.775,7.000,0,0,20,2301838.912,115091.946,1374210.396,1390.015,1433.753,25,MEASURED,INSUFFICIENT,
2026-08-20T16:49:06Z,primary-a8-w2-warmup-3-integrated,WARMUP,INTEGRATED,8,2,6,APP_248405_46889359,248405,46889359,mixed,1,8,17841231,12351,160286253230732,8743.566,7257.253,2458400.028,74.034,9928.000,19212.000,18778603.766,7600.663,27.111,5768.000,155644.000,27.111,10540.000,311288.000,37,37,5,15713.613,16487.163,26828.519,145829.351,539349.598,3895.392,3889.862,273477.677,309554.549,11602.461,15686.150,12710.554,19633.931,32926.210,7.000,0,0,20,2301838.912,115091.946,1374210.396,1384.624,1428.001,25,MEASURED,INSUFFICIENT,
2026-08-20T16:49:06Z,primary-a8-w2-warmup-3-integrated,WARMUP,INTEGRATED,8,2,7,APP_248406_46889359,248406,46889359,mixed,1,8,17841231,12352,160286254589268,8743.566,7520.771,2372260.814,72.454,9928.000,19212.000,18778603.766,7600.663,27.111,5768.000,155644.000,27.111,10540.000,311288.000,36,36,5,16583.541,18322.424,28752.961,153701.680,539355.482,4126.617,4120.242,314971.529,357547.283,11567.076,17573.239,13920.453,20923.685,35872.029,7.000,0,0,20,2301838.912,115091.946,1374210.396,1381.905,1424.034,24,MEASURED,INSUFFICIENT,
2026-08-20T16:49:14Z,primary-a8-w2-measured-4-integrated,MEASURED,INTEGRATED,8,2,0,APP_248542_46890199,248542,46890199,mixed,1,8,17841231,12345,160294650783967,11545.095,7338.186,2431286.233,72.510,9928.000,19212.000,18742950.408,7615.122,27.052,5840.000,155644.000,27.052,10612.000,311288.000,38,38,5,1032.307,726.804,3078.387,134543.037,491240.534,3616.872,3610.005,212.792,247.604,12827.448,14676.396,14108.068,4760.763,18580.498,7.000,0,0,20,2283148.545,114157.427,1346472.066,1373.551,1408.154,26,MEASURED,INSUFFICIENT,Error: target PID 248544 is unavailable for one sample.
2026-08-20T16:49:14Z,primary-a8-w2-measured-4-integrated,MEASURED,INTEGRATED,8,2,1,APP_248543_46890199,248543,46890199,mixed,1,8,17841231,12346,160294652191454,11545.095,7187.721,2482181.746,74.084,9928.000,19212.000,18742950.408,7615.122,27.052,5840.000,155644.000,27.052,10612.000,311288.000,38,38,5,2620.784,2552.892,6930.436,134456.912,491207.956,4791.138,4718.820,43362.851,47556.501,13148.448,15777.021,16768.438,7442.346,17599.208,7.000,0,0,20,2283148.545,114157.427,1346472.066,1370.228,1404.472,26,MEASURED,INSUFFICIENT,Error: target PID 248544 is unavailable for one sample.
2026-08-20T16:49:14Z,primary-a8-w2-measured-4-integrated,MEASURED,INTEGRATED,8,2,2,APP_248544_46890199,248544,46890199,mixed,1,8,17841231,12347,160294653384040,11545.095,6434.882,2772580.959,83.525,9864.000,19212.000,18742950.408,7615.122,27.052,5840.000,155644.000,27.052,10612.000,311288.000,38,37,4,3977.927,3642.769,9958.453,134473.185,491136.038,5564.262,5540.703,94526.677,103016.712,13170.667,16149.964,14071.065,9572.913,17329.998,7.000,0,0,20,2283148.545,114157.427,1346472.066,1388.000,1405.006,26,MEASURED,INSUFFICIENT,Error: target PID 248544 is unavailable for one sample.
2026-08-20T16:49:14Z,primary-a8-w2-measured-4-integrated,MEASURED,INTEGRATED,8,2,3,APP_248545_46890199,248545,46890199,mixed,1,8,17841231,12348,160294654520984,11545.095,7143.519,2497540.991,74.927,9928.000,19212.000,18742950.408,7615.122,27.052,5840.000,155644.000,27.052,10612.000,311288.000,38,38,5,6398.718,6005.233,15212.125,134477.577,491132.531,5863.972,5855.483,126763.418,146701.266,12910.222,15406.423,12677.332,12287.813,21325.996,7.000,0,0,20,2283148.545,114157.427,1346472.066,1354.203,1401.014,26,MEASURED,INSUFFICIENT,Error: target PID 248544 is unavailable for one sample.
2026-08-20T16:49:14Z,primary-a8-w2-measured-4-integrated,MEASURED,INTEGRATED,8,2,4,APP_248546_46890199,248546,46890199,mixed,1,8,17841231,12349,160294655906681,11545.095,7419.962,2404490.740,71.986,9924.000,19212.000,18742950.408,7615.122,27.052,5840.000,155644.000,27.052,10612.000,311288.000,38,38,5,9765.523,9647.729,17310.249,141656.397,491129.847,5826.007,5818.937,169188.869,197857.960,12482.277,15515.908,12363.851,15619.725,39088.735,7.000,0,0,20,2283148.545,114157.427,1346472.066,1349.318,1406.033,25,MEASURED,INSUFFICIENT,Error: target PID 248544 is unavailable for one sample.
2026-08-20T16:49:14Z,primary-a8-w2-measured-4-integrated,MEASURED,INTEGRATED,8,2,5,APP_248547_46890199,248547,46890199,mixed,1,8,17841231,12350,160294657343373,11545.095,6495.434,2746734.214,81.301,9928.000,19212.000,18742950.408,7615.122,27.052,5840.000,155644.000,27.052,10612.000,311288.000,37,37,5,11847.383,12133.154,19588.385,134479.117,491127.291,6100.010,5704.666,211006.023,243111.648,10781.088,14774.870,13918.795,17971.810,34762.571,7.000,0,0,20,2283148.545,114157.427,1346472.066,1341.806,1405.321,26,MEASURED,INSUFFICIENT,Error: target PID 248544 is unavailable for one sample.
2026-08-20T16:49:14Z,primary-a8-w2-measured-4-integrated,MEASURED,INTEGRATED,8,2,6,APP_248548_46890200,248548,46890200,mixed,1,8,17841231,12351,160294658647120,11545.095,7094.602,2514761.191,75.895,10056.000,19212.000,18742950.408,7615.122,27.052,5840.000,155644.000,27.052,10612.000,311288.000,38,38,5,14780.864,14612.115,34730.450,141663.355,491090.412,4387.287,4380.561,251901.465,294016.706,11796.866,14437.196,11029.684,19201.503,37497.058,7.000,0,0,20,2283148.545,114157.427,1346472.066,1334.814,1405.045,25,MEASURED,INSUFFICIENT,Error: target PID 248544 is unavailable for one sample.
2026-08-20T16:49:14Z,primary-a8-w2-measured-4-integrated,MEASURED,INTEGRATED,8,2,7,APP_248549_46890200,248549,46890200,mixed,1,8,17841231,12352,160294662329062,11545.095,7562.833,2359067.188,69.278,9800.000,19212.000,18742950.408,7615.122,27.052,5840.000,155644.000,27.052,10612.000,311288.000,37,37,5,17048.432,16570.810,37090.942,141563.538,491087.789,3808.515,3752.995,290547.980,342876.402,10056.463,14211.113,11547.508,20996.056,47375.334,7.000,0,0,20,2283148.545,114157.427,1346472.066,1328.229,1392.531,25,MEASURED,INSUFFICIENT,Error: target PID 248544 is unavailable for one sample.
2026-08-20T16:49:21Z,primary-a8-w2-measured-4-baseline,MEASURED,BASELINE,8,2,0,NA,248678,46891038,mixed,1,8,17841231,12345,160303038988942,11403.936,6466.598,2758982.424,81.277,9928.000,19212.000,20527279.906,6953.179,NA,NA,NA,NA,NA,NA,,,,,,,,,,,,,,,,,,NA,0,0,0,NA,NA,NA,,NA,,MEASURED,NOT_RUN,
2026-08-20T16:49:21Z,primary-a8-w2-measured-4-baseline,MEASURED,BASELINE,8,2,1,NA,248679,46891038,mixed,1,8,17841231,12346,160303040317554,11403.936,6234.140,2861859.403,84.825,9928.000,19212.000,20527279.906,6953.179,NA,NA,NA,NA,NA,NA,,,,,,,,,,,,,,,,,,NA,0,0,0,NA,NA,NA,,NA,,MEASURED,NOT_RUN,
2026-08-20T16:49:21Z,primary-a8-w2-measured-4-baseline,MEASURED,BASELINE,8,2,2,NA,248680,46891038,mixed,1,8,17841231,12347,160303041531086,11403.936,6641.987,2686128.502,79.055,9864.000,19212.000,20527279.906,6953.179,NA,NA,NA,NA,NA,NA,,,,,,,,,,,,,,,,,,NA,0,0,0,NA,NA,NA,,NA,,MEASURED,NOT_RUN,
2026-08-20T16:49:21Z,primary-a8-w2-measured-4-baseline,MEASURED,BASELINE,8,2,3,NA,248681,46891038,mixed,1,8,17841231,12348,160303042688494,11403.936,6786.011,2629118.995,77.528,9928.000,19212.000,20527279.906,6953.179,NA,NA,NA,NA,NA,NA,,,,,,,,,,,,,,,,,,NA,0,0,0,NA,NA,NA,,NA,,MEASURED,NOT_RUN,
2026-08-20T16:49:21Z,primary-a8-w2-measured-4-baseline,MEASURED,BASELINE,8,2,4,NA,248682,46891038,mixed,1,8,17841231,12349,160303044087219,11403.936,6225.923,2865636.523,84.171,9928.000,19212.000,20527279.906,6953.179,NA,NA,NA,NA,NA,NA,,,,,,,,,,,,,,,,,,NA,0,0,0,NA,NA,NA,,NA,,MEASURED,NOT_RUN,
2026-08-20T16:49:21Z,primary-a8-w2-measured-4-baseline,MEASURED,BASELINE,8,2,5,NA,248683,46891038,mixed,1,8,17841231,12350,160303046324300,11403.936,6867.585,2597890.078,76.215,9864.000,19212.000,20527279.906,6953.179,NA,NA,NA,NA,NA,NA,,,,,,,,,,,,,,,,,,NA,0,0,0,NA,NA,NA,,NA,,MEASURED,NOT_RUN,
2026-08-20T16:49:21Z,primary-a8-w2-measured-4-baseline,MEASURED,BASELINE,8,2,6,NA,248684,46891039,mixed,1,8,17841231,12351,160303047749867,11403.936,6846.266,2605979.651,76.489,9928.000,19212.000,20527279.906,6953.179,NA,NA,NA,NA,NA,NA,,,,,,,,,,,,,,,,,,NA,0,0,0,NA,NA,NA,,NA,,MEASURED,NOT_RUN,
2026-08-20T16:49:21Z,primary-a8-w2-measured-4-baseline,MEASURED,BASELINE,8,2,7,NA,248685,46891039,mixed,1,8,17841231,12352,160303050392878,11403.936,6882.767,2592159.603,75.106,9928.000,19212.000,20527279.906,6953.179,NA,NA,NA,NA,NA,NA,,,,,,,,,,,,,,,,,,NA,0,0,0,NA,NA,NA,,NA,,MEASURED,NOT_RUN,
2026-08-20T16:49:28Z,primary-a8-w2-measured-5-baseline,MEASURED,BASELINE,8,2,0,NA,248694,46891735,mixed,1,8,17841231,12345,160310016482977,8327.139,6513.484,2739122.366,79.246,9928.000,19212.000,20795950.228,6863.348,NA,NA,NA,NA,NA,NA,,,,,,,,,,,,,,,,,,NA,0,0,0,NA,NA,NA,,NA,,MEASURED,NOT_RUN,
2026-08-20T16:49:28Z,primary-a8-w2-measured-5-baseline,MEASURED,BASELINE,8,2,1,NA,248695,46891735,mixed,1,8,17841231,12346,160310017707560,8327.139,6667.878,2675698.527,78.236,9928.000,19212.000,20795950.228,6863.348,NA,NA,NA,NA,NA,NA,,,,,,,,,,,,,,,,,,NA,0,0,0,NA,NA,NA,,NA,,MEASURED,NOT_RUN,
2026-08-20T16:49:28Z,primary-a8-w2-measured-5-baseline,MEASURED,BASELINE,8,2,2,NA,248696,46891736,mixed,1,8,17841231,12347,160310018772845,8327.139,6573.239,2714222.010,78.744,9864.000,19212.000,20795950.228,6863.348,NA,NA,NA,NA,NA,NA,,,,,,,,,,,,,,,,,,NA,0,0,0,NA,NA,NA,,NA,,MEASURED,NOT_RUN,
2026-08-20T16:49:28Z,primary-a8-w2-measured-5-baseline,MEASURED,BASELINE,8,2,3,NA,248697,46891736,mixed,1,8,17841231,12348,160310019758258,8327.139,6050.283,2948825.951,85.423,9928.000,19212.000,20795950.228,6863.348,NA,NA,NA,NA,NA,NA,,,,,,,,,,,,,,,,,,NA,0,0,0,NA,NA,NA,,NA,,MEASURED,NOT_RUN,
2026-08-20T16:49:28Z,primary-a8-w2-measured-5-baseline,MEASURED,BASELINE,8,2,4,NA,248698,46891736,mixed,1,8,17841231,12349,160310020980253,8327.139,6581.186,2710944.806,79.587,9928.000,19212.000,20795950.228,6863.348,NA,NA,NA,NA,NA,NA,,,,,,,,,,,,,,,,,,NA,0,0,0,NA,NA,NA,,NA,,MEASURED,NOT_RUN,
2026-08-20T16:49:28Z,primary-a8-w2-measured-5-baseline,MEASURED,BASELINE,8,2,5,NA,248699,46891736,mixed,1,8,17841231,12350,160310022226822,8327.139,6598.594,2703792.701,77.938,9924.000,19212.000,20795950.228,6863.348,NA,NA,NA,NA,NA,NA,,,,,,,,,,,,,,,,,,NA,0,0,0,NA,NA,NA,,NA,,MEASURED,NOT_RUN,
2026-08-20T16:49:28Z,primary-a8-w2-measured-5-baseline,MEASURED,BASELINE,8,2,6,NA,248700,46891736,mixed,1,8,17841231,12351,160310023425140,8327.139,6811.484,2619286.793,74.651,9928.000,19212.000,20795950.228,6863.348,NA,NA,NA,NA,NA,NA,,,,,,,,,,,,,,,,,,NA,0,0,0,NA,NA,NA,,NA,,MEASURED,NOT_RUN,
2026-08-20T16:49:28Z,primary-a8-w2-measured-5-baseline,MEASURED,BASELINE,8,2,7,NA,248701,46891736,mixed,1,8,17841231,12352,160310024810116,8327.139,6284.011,2839146.897,81.772,9928.000,19212.000,20795950.228,6863.348,NA,NA,NA,NA,NA,NA,,,,,,,,,,,,,,,,,,NA,0,0,0,NA,NA,NA,,NA,,MEASURED,NOT_RUN,
2026-08-20T16:49:36Z,primary-a8-w2-measured-5-integrated,MEASURED,INTEGRATED,8,2,0,APP_248710_46892425,248710,46892425,mixed,1,8,17841231,12345,160316913376410,12115.429,6953.902,2565643.315,75.095,9928.000,19212.000,19347853.978,7377.038,27.131,5816.000,155644.000,27.131,10588.000,311288.000,38,38,5,1034.286,404.941,6317.836,96910.484,502385.706,3595.541,3589.881,233.088,333.525,14269.750,15066.371,14679.713,4652.072,10792.620,7.000,0,0,20,2025861.460,101293.073,1311702.524,1324.768,1397.990,30,MEASURED,INSUFFICIENT,
2026-08-20T16:49:36Z,primary-a8-w2-measured-5-integrated,MEASURED,INTEGRATED,8,2,1,APP_248711_46892425,248711,46892425,mixed,1,8,17841231,12346,160316914743036,12115.429,7144.650,2497145.421,73.584,9924.000,19212.000,19347853.978,7377.038,27.131,5816.000,155644.000,27.131,10588.000,311288.000,38,38,5,1927.143,1851.460,8285.526,96840.851,502356.954,4435.065,4428.946,45726.701,47517.043,13203.255,17406.210,14624.055,6502.140,26331.955,7.000,0,0,20,2025861.460,101293.073,1311702.524,1325.440,1391.344,30,MEASURED,INSUFFICIENT,
2026-08-20T16:49:36Z,primary-a8-w2-measured-5-integrated,MEASURED,INTEGRATED,8,2,2,APP_248712_46892425,248712,46892425,mixed,1,8,17841231,12347,160316915908113,12115.429,7118.931,2506167.121,73.711,9928.000,19212.000,19347853.978,7377.038,27.131,5816.000,155644.000,27.131,10588.000,311288.000,38,38,5,3617.231,3076.052,9432.013,96852.085,502349.500,5930.369,5922.540,92388.851,97058.864,12950.668,16454.136,13513.702,9574.947,16796.788,7.000,0,0,20,2025861.460,101293.073,1311702.524,1324.670,1389.059,30,MEASURED,INSUFFICIENT,
2026-08-20T16:49:36Z,primary-a8-w2-measured-5-integrated,MEASURED,INTEGRATED,8,2,3,APP_248713_46892425,248713,46892425,mixed,1,8,17841231,12348,160316917251255,12115.429,6144.639,2903543.995,84.451,9928.000,19212.000,19347853.978,7377.038,27.131,5816.000,155644.000,27.131,10588.000,311288.000,37,37,4,6004.784,5926.238,11258.686,98114.615,502348.012,5985.624,5978.789,137132.491,143339.160,14034.479,12938.927,12436.415,12467.741,23079.618,7.000,0,0,20,2025861.460,101293.073,1311702.524,1335.907,1368.995,29,MEASURED,INSUFFICIENT,
2026-08-20T16:49:36Z,primary-a8-w2-measured-5-integrated,MEASURED,INTEGRATED,8,2,4,APP_248714_46892426,248714,46892426,mixed,1,8,17841231,12349,160316918709101,12115.429,7343.009,2429689.278,71.436,9928.000,19212.000,19347853.978,7377.038,27.131,5816.000,155644.000,27.131,10588.000,311288.000,38,38,5,10091.812,9471.463,23058.890,96851.454,502347.664,4402.668,4396.705,170492.295,202325.502,10961.244,14673.724,12720.795,14521.859,24967.629,7.000,0,0,20,2025861.460,101293.073,1311702.524,1324.744,1365.641,30,MEASURED,INSUFFICIENT,
2026-08-20T16:49:36Z,primary-a8-w2-measured-5-integrated,MEASURED,INTEGRATED,8,2,5,APP_248715_46892426,248715,46892426,mixed,1,8,17841231,12350,160316920296248,12115.429,6401.051,2787234.696,80.710,9924.000,19212.000,19347853.978,7377.038,27.131,5816.000,155644.000,27.131,10588.000,311288.000,38,38,5,12604.860,11948.391,24992.132,96853.782,502371.883,5035.464,5030.021,210304.852,247699.359,9925.753,12936.905,9709.800,17671.998,30994.535,7.000,0,0,20,2025861.460,101293.073,1311702.524,1325.577,1358.058,30,MEASURED,INSUFFICIENT,
2026-08-20T16:49:36Z,primary-a8-w2-measured-5-integrated,MEASURED,INTEGRATED,8,2,6,APP_248716_46892426,248716,46892426,mixed,1,8,17841231,12351,160316921927379,12115.429,7261.239,2457050.391,72.293,9928.000,19212.000,19347853.978,7377.038,27.131,5816.000,155644.000,27.131,10588.000,311288.000,38,38,5,14258.458,14089.200,26225.865,95963.916,502377.980,4652.678,4646.475,244262.705,304302.376,8958.682,10141.223,7760.595,18939.014,28006.319,7.000,0,0,20,2025861.460,101293.073,1311702.524,1328.679,1371.646,30,MEASURED,INSUFFICIENT,
2026-08-20T16:49:36Z,primary-a8-w2-measured-5-integrated,MEASURED,INTEGRATED,8,2,7,APP_248717_46892426,248717,46892426,mixed,1,8,17841231,12352,160316925491839,12115.429,7030.250,2537780.554,74.419,9928.000,19212.000,19347853.978,7377.038,27.131,5816.000,155644.000,27.131,10588.000,311288.000,38,38,5,16501.631,17016.538,28007.195,95963.214,502375.521,4481.415,4474.958,272494.037,347363.647,6743.817,7629.531,7854.881,21009.720,29706.306,7.000,0,0,20,2025861.460,101293.073,1311702.524,1330.062,1383.697,30,MEASURED,INSUFFICIENT,
2026-08-20T16:49:44Z,primary-a8-w2-measured-6-integrated,MEASURED,INTEGRATED,8,2,0,APP_248847_46893249,248847,46893249,mixed,1,8,17841231,12345,160325155784441,9867.208,6886.379,2590799.921,75.853,9928.000,19212.000,19399288.139,7357.479,26.488,5816.000,155644.000,26.488,10588.000,311288.000,37,37,5,1138.102,492.853,4332.210,112869.646,430814.869,2425.056,2419.003,208.432,230.545,12659.665,13136.590,14923.171,3588.451,8824.429,7.000,0,0,20,2081085.657,104054.283,1320197.404,1349.123,1371.031,28,MEASURED,INSUFFICIENT,Error: target PID 248850 is unavailable for one sample.
2026-08-20T16:49:44Z,primary-a8-w2-measured-6-integrated,MEASURED,INTEGRATED,8,2,1,APP_248848_46893249,248848,46893249,mixed,1,8,17841231,12346,160325157194721,9867.208,7219.327,2471314.945,71.765,9928.000,19212.000,19399288.139,7357.479,26.488,5816.000,155644.000,26.488,10588.000,311288.000,37,37,5,2524.836,2318.851,5194.364,112879.137,430815.433,6726.775,6720.616,42304.169,45376.706,14142.591,15382.423,11899.511,9279.115,16298.441,7.000,0,0,20,2081085.657,104054.283,1320197.404,1350.242,1375.766,28,MEASURED,INSUFFICIENT,Error: target PID 248850 is unavailable for one sample.
2026-08-20T16:49:44Z,primary-a8-w2-measured-6-integrated,MEASURED,INTEGRATED,8,2,2,APP_248849_46893250,248849,46893250,mixed,1,8,17841231,12347,160325158450387,9867.208,7102.056,2512122.148,73.961,9928.000,19212.000,19399288.139,7357.479,26.488,5816.000,155644.000,26.488,10588.000,311288.000,37,37,5,4396.261,4310.331,7906.677,112890.238,430950.312,3370.322,3362.844,85100.646,89335.818,11007.176,13825.043,13186.209,7796.095,15439.274,7.000,0,0,20,2081085.657,104054.283,1320197.404,1347.318,1376.036,28,MEASURED,INSUFFICIENT,Error: target PID 248850 is unavailable for one sample.
2026-08-20T16:49:44Z,primary-a8-w2-measured-6-integrated,MEASURED,INTEGRATED,8,2,3,APP_248850_46893250,248850,46893250,mixed,1,8,17841231,12348,160325160123374,9867.208,6047.639,2950114.866,85.029,9928.000,19212.000,19399288.139,7357.479,26.488,5816.000,155644.000,26.488,10588.000,311288.000,36,35,4,6347.185,6432.646,10014.992,112997.193,430951.189,5893.867,5887.779,126737.815,132337.992,13928.182,15879.075,13911.587,12352.348,22627.297,7.000,0,0,20,2081085.657,104054.283,1320197.404,1345.977,1384.899,27,MEASURED,INSUFFICIENT,Error: target PID 248850 is unavailable for one sample.
2026-08-20T16:49:44Z,primary-a8-w2-measured-6-integrated,MEASURED,INTEGRATED,8,2,4,APP_248851_46893250,248851,46893250,mixed,1,8,17841231,12349,160325161468820,9867.208,7302.163,2443280.263,71.541,9864.000,19212.000,19399288.139,7357.479,26.488,5816.000,155644.000,26.488,10588.000,311288.000,37,37,5,9955.651,9994.587,16227.967,112894.631,430951.133,3997.512,3990.888,161150.846,181330.837,9342.833,15007.921,12896.435,13979.934,24846.219,7.000,0,0,20,2081085.657,104054.283,1320197.404,1332.951,1364.799,28,MEASURED,INSUFFICIENT,Error: target PID 248850 is unavailable for one sample.
2026-08-20T16:49:44Z,primary-a8-w2-measured-6-integrated,MEASURED,INTEGRATED,8,2,5,APP_248852_46893250,248852,46893250,mixed,1,8,17841231,12350,160325162794878,9867.208,6352.664,2808464.430,81.432,9864.000,19212.000,19399288.139,7357.479,26.488,5816.000,155644.000,26.488,10588.000,311288.000,37,37,5,12202.229,12677.667,21557.810,112895.264,430951.015,5233.250,5226.461,200009.052,227926.274,10548.682,13064.075,12667.980,17372.980,26536.932,7.000,0,0,20,2081085.657,104054.283,1320197.404,1326.720,1359.028,28,MEASURED,INSUFFICIENT,Error: target PID 248850 is unavailable for one sample.
2026-08-20T16:49:44Z,primary-a8-w2-measured-6-integrated,MEASURED,INTEGRATED,8,2,6,APP_248853_46893250,248853,46893250,mixed,1,8,17841231,12351,160325164244270,9867.208,6925.919,2576009.164,75.205,9928.000,19212.000,19399288.139,7357.479,26.488,5816.000,155644.000,26.488,10588.000,311288.000,37,37,5,13591.063,13966.107,23621.173,111706.031,430976.353,3729.145,3723.718,237654.704,272797.942,11149.674,13121.652,13175.710,17343.297,32694.968,7.000,0,0,20,2081085.657,104054.283,1320197.404,1320.384,1358.289,28,MEASURED,INSUFFICIENT,Error: target PID 248850 is unavailable for one sample.
2026-08-20T16:49:44Z,primary-a8-w2-measured-6-integrated,MEASURED,INTEGRATED,8,2,7,APP_248854_46893250,248854,46893250,mixed,1,8,17841231,12352,160325165651649,9867.208,6955.087,2565206.056,75.357,9928.000,19212.000,19399288.139,7357.479,26.488,5816.000,155644.000,26.488,10588.000,311288.000,37,37,5,15982.935,15912.023,24820.647,112785.497,430977.153,4357.508,4351.301,276884.270,317792.548,9672.543,12188.033,11115.883,20379.137,31316.760,7.000,0,0,20,2081085.657,104054.283,1320197.404,1314.119,1362.931,28,MEASURED,INSUFFICIENT,Error: target PID 248850 is unavailable for one sample.
2026-08-20T16:49:52Z,primary-a8-w2-measured-6-baseline,MEASURED,BASELINE,8,2,0,NA,248983,46894059,mixed,1,8,17841231,12345,160333256605992,11740.365,7385.346,2415761.106,71.561,10056.000,19212.000,17517220.389,8147.974,NA,NA,NA,NA,NA,NA,,,,,,,,,,,,,,,,,,NA,0,0,0,NA,NA,NA,,NA,,MEASURED,NOT_RUN,
2026-08-20T16:49:52Z,primary-a8-w2-measured-6-baseline,MEASURED,BASELINE,8,2,1,NA,248984,46894060,mixed,1,8,17841231,12346,160333257890208,11740.365,7518.977,2372826.974,70.401,9928.000,19212.000,17517220.389,8147.974,NA,NA,NA,NA,NA,NA,,,,,,,,,,,,,,,,,,NA,0,0,0,NA,NA,NA,,NA,,MEASURED,NOT_RUN,
2026-08-20T16:49:52Z,primary-a8-w2-measured-6-baseline,MEASURED,BASELINE,8,2,2,NA,248985,46894060,mixed,1,8,17841231,12347,160333259045377,11740.365,8115.711,2198357.245,63.783,9928.000,19212.000,17517220.389,8147.974,NA,NA,NA,NA,NA,NA,,,,,,,,,,,,,,,,,,NA,0,0,0,NA,NA,NA,,NA,,MEASURED,NOT_RUN,
2026-08-20T16:49:52Z,primary-a8-w2-measured-6-baseline,MEASURED,BASELINE,8,2,3,NA,248986,46894060,mixed,1,8,17841231,12348,160333260726754,11740.365,7777.560,2293936.882,66.444,9928.000,19212.000,17517220.389,8147.974,NA,NA,NA,NA,NA,NA,,,,,,,,,,,,,,,,,,NA,0,0,0,NA,NA,NA,,NA,,MEASURED,NOT_RUN,
2026-08-20T16:49:52Z,primary-a8-w2-measured-6-baseline,MEASURED,BASELINE,8,2,4,NA,248987,46894060,mixed,1,8,17841231,12349,160333262209032,11740.365,7821.085,2281170.751,67.424,9928.000,19212.000,17517220.389,8147.974,NA,NA,NA,NA,NA,NA,,,,,,,,,,,,,,,,,,NA,0,0,0,NA,NA,NA,,NA,,MEASURED,NOT_RUN,
2026-08-20T16:49:52Z,primary-a8-w2-measured-6-baseline,MEASURED,BASELINE,8,2,5,NA,248988,46894060,mixed,1,8,17841231,12350,160333263468287,11740.365,7223.462,2469900.169,73.301,9928.000,19212.000,17517220.389,8147.974,NA,NA,NA,NA,NA,NA,,,,,,,,,,,,,,,,,,NA,0,0,0,NA,NA,NA,,NA,,MEASURED,NOT_RUN,
2026-08-20T16:49:52Z,primary-a8-w2-measured-6-baseline,MEASURED,BASELINE,8,2,6,NA,248989,46894060,mixed,1,8,17841231,12351,160333264808799,11740.365,7475.187,2386727.176,70.668,9928.000,19212.000,17517220.389,8147.974,NA,NA,NA,NA,NA,NA,,,,,,,,,,,,,,,,,,NA,0,0,0,NA,NA,NA,,NA,,MEASURED,NOT_RUN,
2026-08-20T16:49:52Z,primary-a8-w2-measured-6-baseline,MEASURED,BASELINE,8,2,7,NA,248990,46894061,mixed,1,8,17841231,12352,160333268346357,11740.365,7550.338,2362971.181,69.202,9928.000,19212.000,17517220.389,8147.974,NA,NA,NA,NA,NA,NA,,,,,,,,,,,,,,,,,,NA,0,0,0,NA,NA,NA,,NA,,MEASURED,NOT_RUN,
2026-08-20T16:50:01Z,primary-a8-w2-measured-7-baseline,MEASURED,BASELINE,8,2,0,NA,249002,46894878,mixed,1,8,17841231,12345,160341441854979,12941.979,8171.187,2183432.004,64.271,9928.000,19212.000,16958890.770,8416.225,NA,NA,NA,NA,NA,NA,,,,,,,,,,,,,,,,,,NA,0,0,0,NA,NA,NA,,NA,,MEASURED,NOT_RUN,
2026-08-20T16:50:01Z,primary-a8-w2-measured-7-baseline,MEASURED,BASELINE,8,2,1,NA,249003,46894878,mixed,1,8,17841231,12346,160341443399688,12941.979,7637.450,2336019.358,68.888,9928.000,19212.000,16958890.770,8416.225,NA,NA,NA,NA,NA,NA,,,,,,,,,,,,,,,,,,NA,0,0,0,NA,NA,NA,,NA,,MEASURED,NOT_RUN,
2026-08-20T16:50:01Z,primary-a8-w2-measured-7-baseline,MEASURED,BASELINE,8,2,2,NA,249004,46894878,mixed,1,8,17841231,12347,160341446345533,12941.979,7951.312,2243809.841,65.446,9928.000,19212.000,16958890.770,8416.225,NA,NA,NA,NA,NA,NA,,,,,,,,,,,,,,,,,,NA,0,0,0,NA,NA,NA,,NA,,MEASURED,NOT_RUN,
2026-08-20T16:50:01Z,primary-a8-w2-measured-7-baseline,MEASURED,BASELINE,8,2,3,NA,249005,46894879,mixed,1,8,17841231,12348,160341447756458,12941.979,7734.942,2306575.955,69.340,9928.000,19212.000,16958890.770,8416.225,NA,NA,NA,NA,NA,NA,,,,,,,,,,,,,,,,,,NA,0,0,0,NA,NA,NA,,NA,,MEASURED,NOT_RUN,
2026-08-20T16:50:01Z,primary-a8-w2-measured-7-baseline,MEASURED,BASELINE,8,2,4,NA,249006,46894879,mixed,1,8,17841231,12349,160341449866310,12941.979,7910.167,2255480.831,65.669,9928.000,19212.000,16958890.770,8416.225,NA,NA,NA,NA,NA,NA,,,,,,,,,,,,,,,,,,NA,0,0,0,NA,NA,NA,,NA,,MEASURED,NOT_RUN,
2026-08-20T16:50:01Z,primary-a8-w2-measured-7-baseline,MEASURED,BASELINE,8,2,5,NA,249007,46894879,mixed,1,8,17841231,12350,160341451155017,12941.979,7819.112,2281746.589,67.290,9992.000,19212.000,16958890.770,8416.225,NA,NA,NA,NA,NA,NA,,,,,,,,,,,,,,,,,,NA,0,0,0,NA,NA,NA,,NA,,MEASURED,NOT_RUN,
2026-08-20T16:50:01Z,primary-a8-w2-measured-7-baseline,MEASURED,BASELINE,8,2,6,NA,249008,46894879,mixed,1,8,17841231,12351,160341453297127,12941.979,7857.835,2270502.102,66.460,9928.000,19212.000,16958890.770,8416.225,NA,NA,NA,NA,NA,NA,,,,,,,,,,,,,,,,,,NA,0,0,0,NA,NA,NA,,NA,,MEASURED,NOT_RUN,
2026-08-20T16:50:01Z,primary-a8-w2-measured-7-baseline,MEASURED,BASELINE,8,2,7,NA,249009,46894879,mixed,1,8,17841231,12352,160341454796958,12941.979,8349.603,2136776.003,62.386,9928.000,19212.000,16958890.770,8416.225,NA,NA,NA,NA,NA,NA,,,,,,,,,,,,,,,,,,NA,0,0,0,NA,NA,NA,,NA,,MEASURED,NOT_RUN,
2026-08-20T16:50:10Z,primary-a8-w2-measured-7-integrated,MEASURED,INTEGRATED,8,2,0,APP_249036_46895722,249036,46895722,mixed,1,8,17841231,12345,160349881648755,12659.381,8574.803,2080657.913,61.881,9928.000,19212.000,16484289.525,8658.538,23.071,5824.000,155644.000,23.071,10600.000,311288.000,33,33,5,1082.781,447.228,6505.780,173316.036,598412.658,3938.803,3932.456,220.135,229.456,15650.883,19633.126,19761.247,5058.641,23675.497,7.000,0,0,20,2370158.595,118507.930,1426724.881,1439.477,1500.837,23,MEASURED,INSUFFICIENT,
2026-08-20T16:50:10Z,primary-a8-w2-measured-7-integrated,MEASURED,INTEGRATED,8,2,1,APP_249037_46895722,249037,46895722,mixed,1,8,17841231,12346,160349882811120,12659.381,8020.892,2224345.095,65.150,9864.000,19212.000,16484289.525,8658.538,23.071,5824.000,155644.000,23.071,10600.000,311288.000,33,33,5,2722.544,2417.836,10105.337,173326.499,598449.569,6427.986,6421.564,56688.615,83405.119,18563.468,21857.065,15535.817,9184.194,22615.395,7.000,0,0,20,2370158.595,118507.930,1426724.881,1438.737,1555.075,23,MEASURED,INSUFFICIENT,
2026-08-20T16:50:10Z,primary-a8-w2-measured-7-integrated,MEASURED,INTEGRATED,8,2,2,APP_249038_46895722,249038,46895722,mixed,1,8,17841231,12347,160349883840850,12659.381,8476.508,2104785.363,62.278,9928.000,19212.000,16484289.525,8658.538,23.071,5824.000,155644.000,23.071,10600.000,311288.000,33,33,5,4728.395,4137.389,20082.173,173338.743,598472.140,5214.328,5207.889,114060.397,143645.842,20154.169,17747.303,14392.646,9973.838,22015.491,7.000,0,0,20,2370158.595,118507.930,1426724.881,1434.727,1551.878,23,MEASURED,INSUFFICIENT,
2026-08-20T16:50:10Z,primary-a8-w2-measured-7-integrated,MEASURED,INTEGRATED,8,2,3,APP_249039_46895722,249039,46895722,mixed,1,8,17841231,12348,160349885179655,12659.381,8303.925,2148529.832,63.634,9928.000,19212.000,16484289.525,8658.538,23.071,5824.000,155644.000,23.071,10600.000,311288.000,33,33,5,7476.949,7002.937,22016.467,173343.119,598480.037,8163.372,8157.747,167695.593,205496.622,13807.592,15743.386,16053.532,15921.859,34199.020,7.000,0,0,20,2370158.595,118507.930,1426724.881,1428.839,1515.467,23,MEASURED,INSUFFICIENT,
2026-08-20T16:50:10Z,primary-a8-w2-measured-7-integrated,MEASURED,INTEGRATED,8,2,4,APP_249040_46895723,249040,46895723,mixed,1,8,17841231,12349,160349888355657,12659.381,8620.243,2069690.120,60.514,9864.000,19212.000,16484289.525,8658.538,23.071,5824.000,155644.000,23.071,10600.000,311288.000,33,33,5,12036.039,11057.127,23607.558,173345.287,598485.346,7011.375,7004.256,214648.617,236012.803,12866.838,15055.926,17332.547,19458.901,40715.122,7.000,0,0,20,2370158.595,118507.930,1426724.881,1421.900,1481.865,23,MEASURED,INSUFFICIENT,
2026-08-20T16:50:10Z,primary-a8-w2-measured-7-integrated,MEASURED,INTEGRATED,8,2,5,APP_249041_46895723,249041,46895723,mixed,1,8,17841231,12350,160349889601367,12659.381,7465.475,2389831.848,71.033,9928.000,19212.000,16484289.525,8658.538,23.071,5824.000,155644.000,23.071,10600.000,311288.000,33,33,5,14890.279,14555.242,28894.278,172183.156,572101.965,6032.279,6025.770,261280.812,287953.956,15729.856,15357.656,15222.785,21347.026,43004.897,7.000,0,0,20,2370158.595,118507.930,1426724.881,1425.945,1439.623,23,MEASURED,INSUFFICIENT,
2026-08-20T16:50:10Z,primary-a8-w2-measured-7-integrated,MEASURED,INTEGRATED,8,2,6,APP_249042_46895723,249042,46895723,mixed,1,8,17841231,12351,160349891467521,12659.381,8375.256,2130231.150,63.102,9864.000,19212.000,16484289.525,8658.538,23.071,5824.000,155644.000,23.071,10600.000,311288.000,33,33,5,17801.825,16225.789,40695.396,171019.461,598514.753,5329.345,5320.240,309022.339,346465.372,18782.401,16688.668,13479.558,23256.067,55309.852,7.000,0,0,20,2370158.595,118507.930,1426724.881,1423.352,1450.095,23,MEASURED,INSUFFICIENT,
2026-08-20T16:50:10Z,primary-a8-w2-measured-7-integrated,MEASURED,INTEGRATED,8,2,7,APP_249043_46895723,249043,46895723,mixed,1,8,17841231,12352,160349894308136,12659.381,8571.314,2081504.659,60.325,9800.000,19212.000,16484289.525,8658.538,23.071,5824.000,155644.000,23.071,10600.000,311288.000,33,33,5,20868.851,19688.060,42983.746,172194.965,572088.388,4928.336,4922.851,360184.166,408358.183,15433.862,17210.467,15533.981,25824.391,50302.174,7.000,0,0,20,2370158.595,118507.930,1426724.881,1417.952,1490.437,23,MEASURED,INSUFFICIENT,
2026-08-20T16:50:18Z,primary-a8-w2-measured-8-integrated,MEASURED,INTEGRATED,8,2,0,APP_249180_46896649,249180,46896649,mixed,1,8,17841231,12345,160359156588498,8399.222,7286.572,2448508.212,71.189,9928.000,19212.000,19126377.828,7462.461,27.726,5840.000,155644.000,27.726,10620.000,311288.000,39,39,5,1280.788,773.192,4116.382,127727.014,487827.752,2856.594,2849.990,227.321,269.440,12543.575,15909.470,16163.533,4160.366,7703.908,7.000,0,0,20,2149611.609,107480.580,1332028.215,1319.046,1417.137,25,MEASURED,INSUFFICIENT,
2026-08-20T16:50:18Z,primary-a8-w2-measured-8-integrated,MEASURED,INTEGRATED,8,2,1,APP_249181_46896649,249181,46896649,mixed,1,8,17841231,12346,160359157741178,8399.222,7002.462,2547851.330,74.869,9928.000,19212.000,19126377.828,7462.461,27.726,5840.000,155644.000,27.726,10620.000,311288.000,39,39,5,2841.875,2652.493,5863.779,127878.855,487825.832,5524.993,5517.459,46969.887,49559.660,16384.550,15931.240,16169.777,8424.181,24093.114,7.000,0,0,20,2149611.609,107480.580,1332028.215,1325.174,1399.004,25,MEASURED,INSUFFICIENT,
2026-08-20T16:50:18Z,primary-a8-w2-measured-8-integrated,MEASURED,INTEGRATED,8,2,2,APP_249182_46896650,249182,46896650,mixed,1,8,17841231,12347,160359158796806,8399.222,6808.541,2620419.211,77.017,9928.000,19212.000,19126377.828,7462.461,27.726,5840.000,155644.000,27.726,10620.000,311288.000,39,39,5,4104.109,3973.141,6774.860,127859.624,488013.209,4546.655,4540.530,96902.346,108431.514,12202.109,13769.936,17452.312,8747.771,15359.938,7.000,0,0,20,2149611.609,107480.580,1332028.215,1334.473,1392.005,25,MEASURED,INSUFFICIENT,
2026-08-20T16:50:18Z,primary-a8-w2-measured-8-integrated,MEASURED,INTEGRATED,8,2,3,APP_249183_46896650,249183,46896650,mixed,1,8,17841231,12348,160359159971421,8399.222,7239.966,2464269.860,71.856,9928.000,19212.000,19126377.828,7462.461,27.726,5840.000,155644.000,27.726,10620.000,311288.000,39,39,5,6277.401,6045.362,9702.370,127863.545,488014.785,6385.310,6379.894,141819.111,177374.223,9681.248,12138.948,12363.490,12705.437,19934.565,7.000,0,0,20,2149611.609,107480.580,1332028.215,1340.976,1401.045,25,MEASURED,INSUFFICIENT,
2026-08-20T16:50:18Z,primary-a8-w2-measured-8-integrated,MEASURED,INTEGRATED,8,2,4,APP_249184_46896650,249184,46896650,mixed,1,8,17841231,12349,160359161216088,8399.222,6616.228,2696586.405,78.805,9864.000,19212.000,19126377.828,7462.461,27.726,5840.000,155644.000,27.726,10620.000,311288.000,39,39,5,10165.522,10039.635,15343.682,127865.499,488015.925,4044.123,4038.726,177404.429,222399.901,10576.023,12076.054,10732.025,14238.591,28365.272,7.000,0,0,20,2149611.609,107480.580,1332028.215,1347.752,1400.969,25,MEASURED,INSUFFICIENT,
2026-08-20T16:50:18Z,primary-a8-w2-measured-8-integrated,MEASURED,INTEGRATED,8,2,5,APP_249185_46896650,249185,46896650,mixed,1,8,17841231,12350,160359162394425,8399.222,7294.724,2445771.908,70.806,9928.000,19212.000,19126377.828,7462.461,27.726,5840.000,155644.000,27.726,10620.000,311288.000,39,39,5,12237.522,11727.150,17742.387,127870.254,488016.313,5993.857,5988.030,212201.224,269056.890,10044.449,12913.077,10394.299,18274.038,26969.725,7.000,0,0,20,2149611.609,107480.580,1332028.215,1353.982,1403.990,25,MEASURED,INSUFFICIENT,
2026-08-20T16:50:18Z,primary-a8-w2-measured-8-integrated,MEASURED,INTEGRATED,8,2,6,APP_249186_46896650,249186,46896650,mixed,1,8,17841231,12351,160359163531394,8399.222,6823.003,2614865.082,77.157,9928.000,19212.000,19126377.828,7462.461,27.726,5840.000,155644.000,27.726,10620.000,311288.000,39,39,5,14076.693,14177.099,25319.826,135061.833,488020.411,3826.409,3818.958,246919.883,313348.554,10040.942,11837.292,9074.686,17932.937,30383.703,7.000,0,0,20,2149611.609,107480.580,1332028.215,1356.075,1406.549,24,MEASURED,INSUFFICIENT,
2026-08-20T16:50:18Z,primary-a8-w2-measured-8-integrated,MEASURED,INTEGRATED,8,2,7,APP_249187_46896650,249187,46896650,mixed,1,8,17841231,12352,160359164987720,8399.222,7408.287,2408280.246,70.392,9928.000,19212.000,19126377.828,7462.461,27.726,5840.000,155644.000,27.726,10620.000,311288.000,39,39,5,16902.206,16705.548,27644.978,127876.439,488020.751,4393.655,4385.915,279278.092,342024.438,9491.016,9842.106,8549.764,21349.089,30527.816,7.000,0,0,20,2149611.609,107480.580,1332028.215,1355.848,1408.618,25,MEASURED,INSUFFICIENT,
2026-08-20T16:50:25Z,primary-a8-w2-measured-8-baseline,MEASURED,BASELINE,8,2,0,NA,249319,46897471,mixed,1,8,17841231,12345,160367371795221,11553.601,6487.371,2750148.298,78.276,9920.000,19212.000,21307658.838,6698.523,NA,NA,NA,NA,NA,NA,,,,,,,,,,,,,,,,,,NA,0,0,0,NA,NA,NA,,NA,,MEASURED,NOT_RUN,
2026-08-20T16:50:25Z,primary-a8-w2-measured-8-baseline,MEASURED,BASELINE,8,2,1,NA,249320,46897471,mixed,1,8,17841231,12346,160367373264951,11553.601,6436.972,2771680.516,79.845,9928.000,19212.000,21307658.838,6698.523,NA,NA,NA,NA,NA,NA,,,,,,,,,,,,,,,,,,NA,0,0,0,NA,NA,NA,,NA,,MEASURED,NOT_RUN,
2026-08-20T16:50:25Z,primary-a8-w2-measured-8-baseline,MEASURED,BASELINE,8,2,2,NA,249321,46897471,mixed,1,8,17841231,12347,160367374525269,11553.601,6587.877,2708191.118,75.765,9928.000,19212.000,21307658.838,6698.523,NA,NA,NA,NA,NA,NA,,,,,,,,,,,,,,,,,,NA,0,0,0,NA,NA,NA,,NA,,MEASURED,NOT_RUN,
2026-08-20T16:50:25Z,primary-a8-w2-measured-8-baseline,MEASURED,BASELINE,8,2,3,NA,249322,46897471,mixed,1,8,17841231,12348,160367375670345,11553.601,6552.128,2722967.425,77.386,9928.000,19212.000,21307658.838,6698.523,NA,NA,NA,NA,NA,NA,,,,,,,,,,,,,,,,,,NA,0,0,0,NA,NA,NA,,NA,,MEASURED,NOT_RUN,
2026-08-20T16:50:25Z,primary-a8-w2-measured-8-baseline,MEASURED,BASELINE,8,2,4,NA,249323,46897471,mixed,1,8,17841231,12349,160367377128224,11553.601,6661.508,2678257.179,75.018,9928.000,19212.000,21307658.838,6698.523,NA,NA,NA,NA,NA,NA,,,,,,,,,,,,,,,,,,NA,0,0,0,NA,NA,NA,,NA,,MEASURED,NOT_RUN,
2026-08-20T16:50:25Z,primary-a8-w2-measured-8-baseline,MEASURED,BASELINE,8,2,5,NA,249324,46897472,mixed,1,8,17841231,12350,160367378551957,11553.601,6392.876,2790798.733,80.058,9928.000,19212.000,21307658.838,6698.523,NA,NA,NA,NA,NA,NA,,,,,,,,,,,,,,,,,,NA,0,0,0,NA,NA,NA,,NA,,MEASURED,NOT_RUN,
2026-08-20T16:50:25Z,primary-a8-w2-measured-8-baseline,MEASURED,BASELINE,8,2,6,NA,249325,46897472,mixed,1,8,17841231,12351,160367379999153,11553.601,5873.852,3037398.982,86.797,9864.000,19212.000,21307658.838,6698.523,NA,NA,NA,NA,NA,NA,,,,,,,,,,,,,,,,,,NA,0,0,0,NA,NA,NA,,NA,,MEASURED,NOT_RUN,
2026-08-20T16:50:25Z,primary-a8-w2-measured-8-baseline,MEASURED,BASELINE,8,2,7,NA,249326,46897472,mixed,1,8,17841231,12352,160367383348822,11553.601,5477.733,3257046.395,91.523,9928.000,19212.000,21307658.838,6698.523,NA,NA,NA,NA,NA,NA,,,,,,,,,,,,,,,,,,NA,0,0,0,NA,NA,NA,,NA,,MEASURED,NOT_RUN,
2026-08-20T16:50:33Z,primary-a8-w4-warmup-1-baseline,WARMUP,BASELINE,8,4,0,NA,249335,46898143,mixed,1,8,17841231,12345,160374093984818,7678.287,6788.367,2628206.575,76.827,9928.000,19212.000,19248998.877,7414.923,NA,NA,NA,NA,NA,NA,,,,,,,,,,,,,,,,,,NA,0,0,0,NA,NA,NA,,NA,,MEASURED,NOT_RUN,
2026-08-20T16:50:33Z,primary-a8-w4-warmup-1-baseline,WARMUP,BASELINE,8,4,1,NA,249336,46898143,mixed,1,8,17841231,12346,160374095247899,7678.287,7391.493,2413751.846,70.213,9928.000,19212.000,19248998.877,7414.923,NA,NA,NA,NA,NA,NA,,,,,,,,,,,,,,,,,,NA,0,0,0,NA,NA,NA,,NA,,MEASURED,NOT_RUN,
2026-08-20T16:50:33Z,primary-a8-w4-warmup-1-baseline,WARMUP,BASELINE,8,4,2,NA,249337,46898143,mixed,1,8,17841231,12347,160374096299761,7678.287,7208.563,2475005.383,72.056,9928.000,19212.000,19248998.877,7414.923,NA,NA,NA,NA,NA,NA,,,,,,,,,,,,,,,,,,NA,0,0,0,NA,NA,NA,,NA,,MEASURED,NOT_RUN,
2026-08-20T16:50:33Z,primary-a8-w4-warmup-1-baseline,WARMUP,BASELINE,8,4,3,NA,249338,46898143,mixed,1,8,17841231,12348,160374097276803,7678.287,6774.531,2633574.149,77.531,9928.000,19212.000,19248998.877,7414.923,NA,NA,NA,NA,NA,NA,,,,,,,,,,,,,,,,,,NA,0,0,0,NA,NA,NA,,NA,,MEASURED,NOT_RUN,
2026-08-20T16:50:33Z,primary-a8-w4-warmup-1-baseline,WARMUP,BASELINE,8,4,4,NA,249339,46898144,mixed,1,8,17841231,12349,160374098332342,7678.287,6798.807,2624170.717,77.987,9928.000,19212.000,19248998.877,7414.923,NA,NA,NA,NA,NA,NA,,,,,,,,,,,,,,,,,,NA,0,0,0,NA,NA,NA,,NA,,MEASURED,NOT_RUN,
2026-08-20T16:50:33Z,primary-a8-w4-warmup-1-baseline,WARMUP,BASELINE,8,4,5,NA,249340,46898144,mixed,1,8,17841231,12350,160374099446751,7678.287,5949.959,2998546.824,86.604,9928.000,19212.000,19248998.877,7414.923,NA,NA,NA,NA,NA,NA,,,,,,,,,,,,,,,,,,NA,0,0,0,NA,NA,NA,,NA,,MEASURED,NOT_RUN,
2026-08-20T16:50:33Z,primary-a8-w4-warmup-1-baseline,WARMUP,BASELINE,8,4,6,NA,249341,46898144,mixed,1,8,17841231,12351,160374100580135,7678.287,6013.643,2966792.541,85.458,9928.000,19212.000,19248998.877,7414.923,NA,NA,NA,NA,NA,NA,,,,,,,,,,,,,,,,,,NA,0,0,0,NA,NA,NA,,NA,,MEASURED,NOT_RUN,
2026-08-20T16:50:33Z,primary-a8-w4-warmup-1-baseline,WARMUP,BASELINE,8,4,7,NA,249342,46898144,mixed,1,8,17841231,12352,160374101663105,7678.287,7154.811,2493599.122,72.228,9928.000,19212.000,19248998.877,7414.923,NA,NA,NA,NA,NA,NA,,,,,,,,,,,,,,,,,,NA,0,0,0,NA,NA,NA,,NA,,MEASURED,NOT_RUN,
2026-08-20T16:50:41Z,primary-a8-w4-warmup-1-integrated,WARMUP,INTEGRATED,8,4,0,APP_249351_46898887,249351,46898887,mixed,1,8,17841231,12345,160381534928398,14336.557,8284.107,2153669.664,71.710,9928.000,19212.000,16770370.045,8510.835,26.053,5832.000,303108.000,26.053,10728.000,606216.000,33,33,5,1566.092,642.890,5939.172,141942.151,620851.616,3959.819,3953.241,243.501,255.388,16442.664,17497.952,15279.757,5690.787,10093.351,7.000,0,0,20,2417501.680,120875.084,1380842.276,1394.274,1457.262,26,MEASURED,INSUFFICIENT,
2026-08-20T16:50:41Z,primary-a8-w4-warmup-1-integrated,WARMUP,INTEGRATED,8,4,1,APP_249352_46898887,249352,46898887,mixed,1,8,17841231,12346,160381536374081,14336.557,7891.314,2260869.596,74.643,9928.000,19212.000,16770370.045,8510.835,26.053,5832.000,303108.000,26.053,10728.000,606216.000,33,33,5,2443.357,2609.019,4887.272,142223.215,624486.195,7558.489,7551.676,51141.674,65403.163,15393.529,19416.574,16564.401,10100.650,27244.564,7.000,0,0,20,2417501.680,120875.084,1380842.276,1395.384,1464.844,26,MEASURED,INSUFFICIENT,
2026-08-20T16:50:41Z,primary-a8-w4-warmup-1-integrated,WARMUP,INTEGRATED,8,4,2,APP_249353_46898887,249353,46898887,mixed,1,8,17841231,12347,160381537599443,14336.557,7919.452,2252836.555,75.694,9864.000,19212.000,16770370.045,8510.835,26.053,5832.000,303108.000,26.053,10728.000,606216.000,33,33,5,3829.040,3810.419,11288.145,142229.422,624583.283,5941.602,5761.285,104068.696,122417.485,16562.298,16825.070,14699.561,9975.386,30099.415,7.000,0,0,20,2417501.680,120875.084,1380842.276,1397.041,1449.873,26,MEASURED,INSUFFICIENT,
2026-08-20T16:50:41Z,primary-a8-w4-warmup-1-integrated,WARMUP,INTEGRATED,8,4,3,APP_249354_46898888,249354,46898888,mixed,1,8,17841231,12348,160381540400997,14336.557,8465.350,2107559.800,69.316,9928.000,19212.000,16770370.045,8510.835,26.053,5832.000,303108.000,26.053,10728.000,606216.000,33,33,5,6371.693,6488.488,14200.375,142237.714,624692.321,10121.824,10114.807,153720.782,174646.639,14017.966,16032.838,14392.484,16525.004,30680.720,7.000,0,0,20,2417501.680,120875.084,1380842.276,1399.791,1449.318,26,MEASURED,INSUFFICIENT,
2026-08-20T16:50:42Z,primary-a8-w4-warmup-1-integrated,WARMUP,INTEGRATED,8,4,4,APP_249355_46898888,249355,46898888,mixed,1,8,17841231,12349,160381541935471,14336.557,8207.196,2173852.251,72.482,9928.000,19212.000,16770370.045,8510.835,26.053,5832.000,303108.000,26.053,10728.000,606216.000,33,33,5,6454.647,6145.074,17112.755,142236.037,624778.018,6063.682,6057.462,199711.733,241580.614,12986.585,15539.613,13658.958,12550.685,20274.640,7.000,0,0,20,2417501.680,120875.084,1380842.276,1398.429,1452.821,26,MEASURED,INSUFFICIENT,
2026-08-20T16:50:42Z,primary-a8-w4-warmup-1-integrated,WARMUP,INTEGRATED,8,4,5,APP_249356_46898888,249356,46898888,mixed,1,8,17841231,12350,160381543322532,14336.557,7059.061,2527422.680,82.080,9928.000,19212.000,16770370.045,8510.835,26.053,5832.000,303108.000,26.053,10728.000,606216.000,33,33,5,8383.338,8570.929,14835.140,142237.350,624778.880,8334.521,8327.490,243383.149,292647.674,14635.728,17662.310,15181.578,16748.054,30566.529,7.000,0,0,20,2417501.680,120875.084,1380842.276,1395.765,1454.024,26,MEASURED,INSUFFICIENT,
2026-08-20T16:50:42Z,primary-a8-w4-warmup-1-integrated,WARMUP,INTEGRATED,8,4,6,APP_249357_46898888,249357,46898888,mixed,1,8,17841231,12351,160381544937668,14336.557,8328.712,2142135.542,71.004,9928.000,19212.000,16770370.045,8510.835,26.053,5832.000,303108.000,26.053,10728.000,606216.000,33,33,5,10400.531,10165.841,23775.662,142240.448,624759.390,6051.939,6043.529,292427.134,345664.223,10487.667,11676.209,11968.727,16483.535,25713.421,7.000,0,0,20,2417501.680,120875.084,1380842.276,1390.404,1458.022,26,MEASURED,INSUFFICIENT,
2026-08-20T16:50:42Z,primary-a8-w4-warmup-1-integrated,WARMUP,INTEGRATED,8,4,7,APP_249358_46898889,249358,46898889,mixed,1,8,17841231,12352,160381549264955,14336.557,8169.844,2183790.904,72.713,9928.000,19212.000,16770370.045,8510.835,26.053,5832.000,303108.000,26.053,10728.000,606216.000,33,33,5,12213.303,12417.027,21669.103,142242.985,624765.882,6621.601,6607.551,328198.330,393646.165,10510.676,13012.109,10939.300,18867.563,30676.236,7.000,0,0,20,2417501.680,120875.084,1380842.276,1386.438,1467.961,26,MEASURED,INSUFFICIENT,
2026-08-20T16:50:51Z,primary-a8-w4-warmup-2-integrated,WARMUP,INTEGRATED,8,4,0,APP_249492_46899812,249492,46899812,mixed,1,8,17841231,12345,160390778467348,11872.386,7877.902,2264718.487,70.626,9928.000,19212.000,16175763.736,8823.685,23.102,6120.000,303108.000,23.102,10896.000,606216.000,30,30,5,1995.959,967.879,7970.325,222685.041,556456.529,5048.276,5042.425,205.726,248.608,13673.195,20100.468,14073.375,7213.722,32386.433,7.000,0,0,20,2877419.078,143870.954,1404449.663,1406.455,1468.902,19,MEASURED,INSUFFICIENT,
2026-08-20T16:50:51Z,primary-a8-w4-warmup-2-integrated,WARMUP,INTEGRATED,8,4,1,APP_249493_46899812,249493,46899812,mixed,1,8,17841231,12346,160390780083705,11872.386,7742.428,2304345.682,71.218,9928.000,19212.000,16175763.736,8823.685,23.102,6120.000,303108.000,23.102,10896.000,606216.000,30,30,5,3003.310,2665.995,8618.808,223197.443,556456.769,8213.232,8189.668,49511.455,54410.986,12860.076,16856.815,16025.465,11247.736,29952.016,7.000,0,0,20,2877419.078,143870.954,1404449.663,1405.588,1465.789,19,MEASURED,INSUFFICIENT,
2026-08-20T16:50:51Z,primary-a8-w4-warmup-2-integrated,WARMUP,INTEGRATED,8,4,2,APP_249494_46899812,249494,46899812,mixed,1,8,17841231,12347,160390781271928,11872.386,8704.044,2049763.457,63.070,9928.000,19212.000,16175763.736,8823.685,23.102,6120.000,303108.000,23.102,10896.000,606216.000,30,30,5,4643.507,3884.874,12402.443,222816.045,556455.669,6055.155,6048.688,97196.872,110338.753,14492.943,16180.112,14806.520,10746.091,43285.755,7.000,0,0,20,2877419.078,143870.954,1404449.663,1404.767,1466.901,19,MEASURED,INSUFFICIENT,
2026-08-20T16:50:51Z,primary-a8-w4-warmup-2-integrated,WARMUP,INTEGRATED,8,4,3,APP_249495_46899812,249495,46899812,mixed,1,8,17841231,12348,160390782546848,11872.386,7522.931,2371579.740,73.073,9928.000,19212.000,16175763.736,8823.685,23.102,6120.000,303108.000,23.102,10896.000,606216.000,30,30,5,4757.118,5037.950,12750.630,223436.140,556456.507,10877.394,10871.559,144060.275,162325.667,14480.197,18035.890,14905.992,15746.257,52520.394,7.000,0,0,20,2877419.078,143870.954,1404449.663,1405.753,1463.605,19,MEASURED,INSUFFICIENT,
2026-08-20T16:50:51Z,primary-a8-w4-warmup-2-integrated,WARMUP,INTEGRATED,8,4,4,APP_249496_46899812,249496,46899812,mixed,1,8,17841231,12349,160390783933040,11872.386,8492.811,2100745.030,64.945,9928.000,19212.000,16175763.736,8823.685,23.102,6120.000,303108.000,23.102,10896.000,606216.000,30,30,5,6780.064,6166.012,18180.593,223440.408,556454.772,6736.625,6729.483,193678.174,211624.915,13749.418,20447.760,16202.605,13546.680,23908.396,7.000,0,0,20,2877419.078,143870.954,1404449.663,1411.058,1463.794,19,MEASURED,INSUFFICIENT,
2026-08-20T16:50:51Z,primary-a8-w4-warmup-2-integrated,WARMUP,INTEGRATED,8,4,5,APP_249497_46899812,249497,46899812,mixed,1,8,17841231,12350,160390785359009,11872.386,8774.844,2033224.817,61.792,9928.000,19212.000,16175763.736,8823.685,23.102,6120.000,303108.000,23.102,10896.000,606216.000,30,30,5,8792.770,7987.662,25359.062,223444.030,556486.030,8373.708,8364.590,246080.287,276629.294,17519.508,16066.905,17472.270,17194.130,28786.563,7.000,0,0,20,2877419.078,143870.954,1404449.663,1415.549,1453.189,19,MEASURED,INSUFFICIENT,
2026-08-20T16:50:51Z,primary-a8-w4-warmup-2-integrated,WARMUP,INTEGRATED,8,4,6,APP_249498_46899812,249498,46899812,mixed,1,8,17841231,12351,160390786736937,11872.386,6970.213,2559639.147,78.492,9928.000,19212.000,16175763.736,8823.685,23.102,6120.000,303108.000,23.102,10896.000,606216.000,30,30,5,10180.888,9363.016,23889.787,223053.388,556490.639,5660.378,5652.749,298540.423,345539.940,13059.787,15765.388,20659.646,15843.737,39074.348,7.000,0,0,20,2877419.078,143870.954,1404449.663,1409.016,1431.347,19,MEASURED,INSUFFICIENT,
2026-08-20T16:50:51Z,primary-a8-w4-warmup-2-integrated,WARMUP,INTEGRATED,8,4,7,APP_249499_46899813,249499,46899813,mixed,1,8,17841231,12352,160390790339734,11872.386,7803.445,2286327.563,70.604,9928.000,19212.000,16175763.736,8823.685,23.102,6120.000,303108.000,23.102,10896.000,606216.000,30,30,5,11755.584,10948.595,27743.511,223095.087,556497.561,6386.507,6300.074,349421.187,370681.214,11372.849,15230.579,15002.967,18200.191,37660.644,7.000,0,0,20,2877419.078,143870.954,1404449.663,1401.743,1423.316,19,MEASURED,INSUFFICIENT,
2026-08-20T16:51:00Z,primary-a8-w4-warmup-2-baseline,WARMUP,BASELINE,8,4,0,NA,249638,46900756,mixed,1,8,17841231,12345,160400227575518,8345.152,8429.531,2116515.201,60.804,10056.000,19212.000,16869241.756,8460.952,NA,NA,NA,NA,NA,NA,,,,,,,,,,,,,,,,,,NA,0,0,0,NA,NA,NA,,NA,,MEASURED,NOT_RUN,
2026-08-20T16:51:00Z,primary-a8-w4-warmup-2-baseline,WARMUP,BASELINE,8,4,1,NA,249639,46900757,mixed,1,8,17841231,12346,160400228724046,8345.152,7892.070,2260652.915,67.158,9928.000,19212.000,16869241.756,8460.952,NA,NA,NA,NA,NA,NA,,,,,,,,,,,,,,,,,,NA,0,0,0,NA,NA,NA,,NA,,MEASURED,NOT_RUN,
2026-08-20T16:51:00Z,primary-a8-w4-warmup-2-baseline,WARMUP,BASELINE,8,4,2,NA,249640,46900757,mixed,1,8,17841231,12347,160400229797349,8345.152,8140.043,2191785.813,64.621,10056.000,19212.000,16869241.756,8460.952,NA,NA,NA,NA,NA,NA,,,,,,,,,,,,,,,,,,NA,0,0,0,NA,NA,NA,,NA,,MEASURED,NOT_RUN,
2026-08-20T16:51:00Z,primary-a8-w4-warmup-2-baseline,WARMUP,BASELINE,8,4,3,NA,249641,46900757,mixed,1,8,17841231,12348,160400230813467,8345.152,7877.731,2264767.713,67.130,9992.000,19212.000,16869241.756,8460.952,NA,NA,NA,NA,NA,NA,,,,,,,,,,,,,,,,,,NA,0,0,0,NA,NA,NA,,NA,,MEASURED,NOT_RUN,
2026-08-20T16:51:00Z,primary-a8-w4-warmup-2-baseline,WARMUP,BASELINE,8,4,4,NA,249642,46900757,mixed,1,8,17841231,12349,160400232264263,8345.152,6451.931,2765254.354,82.323,9928.000,19212.000,16869241.756,8460.952,NA,NA,NA,NA,NA,NA,,,,,,,,,,,,,,,,,,NA,0,0,0,NA,NA,NA,,NA,,MEASURED,NOT_RUN,
2026-08-20T16:51:00Z,primary-a8-w4-warmup-2-baseline,WARMUP,BASELINE,8,4,5,NA,249643,46900757,mixed,1,8,17841231,12350,160400233455792,8345.152,7810.652,2284217.761,66.925,9928.000,19212.000,16869241.756,8460.952,NA,NA,NA,NA,NA,NA,,,,,,,,,,,,,,,,,,NA,0,0,0,NA,NA,NA,,NA,,MEASURED,NOT_RUN,
2026-08-20T16:51:00Z,primary-a8-w4-warmup-2-baseline,WARMUP,BASELINE,8,4,6,NA,249644,46900757,mixed,1,8,17841231,12351,160400234770552,8345.152,8115.109,2198520.231,64.559,9928.000,19212.000,16869241.756,8460.952,NA,NA,NA,NA,NA,NA,,,,,,,,,,,,,,,,,,NA,0,0,0,NA,NA,NA,,NA,,MEASURED,NOT_RUN,
2026-08-20T16:51:00Z,primary-a8-w4-warmup-2-baseline,WARMUP,BASELINE,8,4,7,NA,249645,46900757,mixed,1,8,17841231,12352,160400235920670,8345.152,6630.171,2690915.534,79.439,9928.000,19212.000,16869241.756,8460.952,NA,NA,NA,NA,NA,NA,,,,,,,,,,,,,,,,,,NA,0,0,0,NA,NA,NA,,NA,,MEASURED,NOT_RUN,
2026-08-20T16:51:08Z,primary-a8-w4-warmup-3-baseline,WARMUP,BASELINE,8,4,0,NA,249656,46901606,mixed,1,8,17841231,12345,160408722681763,14680.308,7743.211,2304112.725,73.393,9928.000,19212.000,17308924.359,8246.026,NA,NA,NA,NA,NA,NA,,,,,,,,,,,,,,,,,,NA,0,0,0,NA,NA,NA,,NA,,MEASURED,NOT_RUN,
2026-08-20T16:51:08Z,primary-a8-w4-warmup-3-baseline,WARMUP,BASELINE,8,4,1,NA,249657,46901606,mixed,1,8,17841231,12346,160408723984039,14680.308,8207.889,2173668.700,67.428,9928.000,19212.000,17308924.359,8246.026,NA,NA,NA,NA,NA,NA,,,,,,,,,,,,,,,,,,NA,0,0,0,NA,NA,NA,,NA,,MEASURED,NOT_RUN,
2026-08-20T16:51:08Z,primary-a8-w4-warmup-3-baseline,WARMUP,BASELINE,8,4,2,NA,249658,46901606,mixed,1,8,17841231,12347,160408725107231,14680.308,5636.980,3165033.737,95.413,10056.000,19212.000,17308924.359,8246.026,NA,NA,NA,NA,NA,NA,,,,,,,,,,,,,,,,,,NA,0,0,0,NA,NA,NA,,NA,,MEASURED,NOT_RUN,
2026-08-20T16:51:08Z,primary-a8-w4-warmup-3-baseline,WARMUP,BASELINE,8,4,3,NA,249659,46901606,mixed,1,8,17841231,12348,160408726267655,14680.308,5879.938,3034254.912,93.352,9928.000,19212.000,17308924.359,8246.026,NA,NA,NA,NA,NA,NA,,,,,,,,,,,,,,,,,,NA,0,0,0,NA,NA,NA,,NA,,MEASURED,NOT_RUN,
2026-08-20T16:51:08Z,primary-a8-w4-warmup-3-baseline,WARMUP,BASELINE,8,4,4,NA,249660,46901607,mixed,1,8,17841231,12349,160408727923863,14680.308,7784.896,2291775.075,72.014,9864.000,19212.000,17308924.359,8246.026,NA,NA,NA,NA,NA,NA,,,,,,,,,,,,,,,,,,NA,0,0,0,NA,NA,NA,,NA,,MEASURED,NOT_RUN,
2026-08-20T16:51:08Z,primary-a8-w4-warmup-3-baseline,WARMUP,BASELINE,8,4,5,NA,249661,46901607,mixed,1,8,17841231,12350,160408730349593,14680.308,7625.487,2339684.002,73.892,9928.000,19212.000,17308924.359,8246.026,NA,NA,NA,NA,NA,NA,,,,,,,,,,,,,,,,,,NA,0,0,0,NA,NA,NA,,NA,,MEASURED,NOT_RUN,
2026-08-20T16:51:08Z,primary-a8-w4-warmup-3-baseline,WARMUP,BASELINE,8,4,6,NA,249662,46901607,mixed,1,8,17841231,12351,160408731909451,14680.308,7330.077,2433975.821,77.222,9924.000,19212.000,17308924.359,8246.026,NA,NA,NA,NA,NA,NA,,,,,,,,,,,,,,,,,,NA,0,0,0,NA,NA,NA,,NA,,MEASURED,NOT_RUN,
2026-08-20T16:51:08Z,primary-a8-w4-warmup-3-baseline,WARMUP,BASELINE,8,4,7,NA,249663,46901607,mixed,1,8,17841231,12352,160408737362071,14680.308,6868.180,2597665.142,80.899,9924.000,19212.000,17308924.359,8246.026,NA,NA,NA,NA,NA,NA,,,,,,,,,,,,,,,,,,NA,0,0,0,NA,NA,NA,,NA,,MEASURED,NOT_RUN,
2026-08-20T16:51:17Z,primary-a8-w4-warmup-3-integrated,WARMUP,INTEGRATED,8,4,0,APP_249673_46902433,249673,46902433,mixed,1,8,17841231,12345,160416997421898,19925.989,8491.164,2101152.625,70.697,9864.000,19212.000,16362508.818,8722.981,27.172,5960.000,303108.000,27.172,10728.000,606216.000,36,36,5,1024.010,494.510,3798.075,131468.532,543048.414,5416.319,5409.258,244.834,275.408,16974.374,16123.399,15055.142,6469.459,15803.073,7.000,0,0,20,2318411.518,115920.576,1409781.531,1409.491,1444.967,27,MEASURED,INSUFFICIENT,
2026-08-20T16:51:17Z,primary-a8-w4-warmup-3-integrated,WARMUP,INTEGRATED,8,4,1,APP_249674_46902434,249674,46902434,mixed,1,8,17841231,12346,160416998802535,19925.989,6761.049,2638825.961,88.717,9924.000,19212.000,16362508.818,8722.981,27.172,5960.000,303108.000,27.172,10728.000,606216.000,36,36,5,2201.311,1549.459,7837.937,131602.268,543036.698,7984.204,7976.341,49997.128,61371.326,15180.265,15972.571,15669.756,10222.676,27142.773,7.000,0,0,20,2318411.518,115920.576,1409781.531,1408.527,1427.990,27,MEASURED,INSUFFICIENT,
2026-08-20T16:51:17Z,primary-a8-w4-warmup-3-integrated,WARMUP,INTEGRATED,8,4,2,APP_249675_46902434,249675,46902434,mixed,1,8,17841231,12347,160417000049350,19925.989,7519.881,2372541.666,80.886,9928.000,19212.000,16362508.818,8722.981,27.172,5960.000,303108.000,27.172,10728.000,606216.000,36,36,5,3090.183,2791.246,7802.133,131611.360,543161.575,5171.695,5162.983,98421.710,116454.098,16743.085,18539.763,15128.120,8336.529,13858.349,7.000,0,0,20,2318411.518,115920.576,1409781.531,1407.744,1430.748,27,MEASURED,INSUFFICIENT,
2026-08-20T16:51:17Z,primary-a8-w4-warmup-3-integrated,WARMUP,INTEGRATED,8,4,3,APP_249676_46902434,249676,46902434,mixed,1,8,17841231,12348,160417001560540,19925.989,8403.638,2123036.503,72.269,9928.000,19212.000,16362508.818,8722.981,27.172,5960.000,303108.000,27.172,10728.000,606216.000,36,36,5,4103.483,3075.601,14107.352,131765.873,543256.393,7643.070,7520.037,150472.823,171697.132,15324.422,19285.167,18075.913,11876.857,26114.123,7.000,0,0,20,2318411.518,115920.576,1409781.531,1408.515,1436.007,27,MEASURED,INSUFFICIENT,
2026-08-20T16:51:17Z,primary-a8-w4-warmup-3-integrated,WARMUP,INTEGRATED,8,4,4,APP_249677_46902434,249677,46902434,mixed,1,8,17841231,12349,160417006440784,19925.989,8027.326,2222562.219,75.337,9928.000,19212.000,16362508.818,8722.981,27.172,5960.000,303108.000,27.172,10728.000,606216.000,36,36,5,5375.360,5245.736,10396.160,131672.910,543338.730,7861.861,7854.068,204802.043,233382.353,14844.712,18432.855,15553.487,13267.257,23157.091,7.000,0,0,20,2318411.518,115920.576,1409781.531,1410.431,1435.763,27,MEASURED,INSUFFICIENT,
2026-08-20T16:51:17Z,primary-a8-w4-warmup-3-integrated,WARMUP,INTEGRATED,8,4,5,APP_249678_46902435,249678,46902435,mixed,1,8,17841231,12350,160417008378833,19925.989,8237.062,2165970.117,72.860,9992.000,19212.000,16362508.818,8722.981,27.172,5960.000,303108.000,27.172,10728.000,606216.000,36,36,5,7308.656,6858.193,12903.275,131674.831,543370.492,7561.604,7554.551,255277.162,282446.929,14160.535,17897.261,15779.013,14904.198,24602.912,7.000,0,0,20,2318411.518,115920.576,1409781.531,1414.237,1443.985,27,MEASURED,INSUFFICIENT,
2026-08-20T16:51:17Z,primary-a8-w4-warmup-3-integrated,WARMUP,INTEGRATED,8,4,6,APP_249679_46902435,249679,46902435,mixed,1,8,17841231,12351,160417014472093,19925.989,8652.680,2061931.128,67.123,9928.000,19212.000,16362508.818,8722.981,27.172,5960.000,303108.000,27.172,10728.000,606216.000,36,36,5,9059.424,8632.789,15570.360,131678.246,543377.227,6454.812,6447.859,305329.903,332424.727,12320.457,16521.468,14570.044,15544.808,23949.628,7.000,0,0,20,2318411.518,115920.576,1409781.531,1411.517,1445.092,27,MEASURED,INSUFFICIENT,
2026-08-20T16:51:17Z,primary-a8-w4-warmup-3-integrated,WARMUP,INTEGRATED,8,4,7,APP_249680_46902435,249680,46902435,mixed,1,8,17841231,12352,160417017347887,19925.989,7639.948,2335255.420,79.419,9928.000,19212.000,16362508.818,8722.981,27.172,5960.000,303108.000,27.172,10728.000,606216.000,36,36,5,11453.810,10778.713,18452.207,131682.643,543406.667,6465.907,6454.893,350432.896,387482.353,15459.630,13852.511,13550.564,17985.617,29678.375,7.000,0,0,20,2318411.518,115920.576,1409781.531,1418.357,1462.508,27,MEASURED,INSUFFICIENT,
2026-08-20T16:51:26Z,primary-a8-w4-measured-4-integrated,MEASURED,INTEGRATED,8,4,0,APP_249814_46903378,249814,46903378,mixed,1,8,17841231,12345,160426437922649,15185.974,6962.009,2562655.724,80.404,9928.000,19212.000,18034205.083,7914.396,27.445,6028.000,303108.000,27.445,10920.000,606216.000,35,35,5,1653.694,921.932,8087.292,153743.109,572682.821,3631.683,3625.867,212.908,227.985,13171.433,18229.637,16112.841,5318.691,17873.667,7.000,0,0,20,2383908.388,119195.419,1419059.451,1428.611,1449.992,25,MEASURED,INSUFFICIENT,
2026-08-20T16:51:26Z,primary-a8-w4-measured-4-integrated,MEASURED,INTEGRATED,8,4,1,APP_249815_46903378,249815,46903378,mixed,1,8,17841231,12346,160426439311218,15185.974,7081.993,2519238.886,78.457,9928.000,19212.000,18034205.083,7914.396,27.445,6028.000,303108.000,27.445,10920.000,606216.000,35,35,5,2476.874,2526.890,6194.587,153956.633,572707.215,8555.727,8549.858,49933.086,53393.574,14249.845,18664.643,15021.350,11072.993,23728.355,7.000,0,0,20,2383908.388,119195.419,1419059.451,1426.982,1456.121,25,MEASURED,INSUFFICIENT,
2026-08-20T16:51:26Z,primary-a8-w4-measured-4-integrated,MEASURED,INTEGRATED,8,4,2,APP_249816_46903378,249816,46903378,mixed,1,8,17841231,12347,160426440755088,15185.974,7512.287,2374940.021,72.869,9928.000,19212.000,18034205.083,7914.396,27.445,6028.000,303108.000,27.445,10920.000,606216.000,35,35,5,3340.666,3258.346,10291.732,153957.792,572721.168,6098.350,6092.009,99417.610,110081.615,15278.322,17002.490,16741.789,9849.081,22954.263,7.000,0,0,20,2383908.388,119195.419,1419059.451,1426.035,1444.927,25,MEASURED,INSUFFICIENT,
2026-08-20T16:51:26Z,primary-a8-w4-measured-4-integrated,MEASURED,INTEGRATED,8,4,3,APP_249817_46903378,249817,46903378,mixed,1,8,17841231,12348,160426442166427,15185.974,7788.677,2290662.681,70.097,9928.000,19212.000,18034205.083,7914.396,27.445,6028.000,303108.000,27.445,10920.000,606216.000,35,35,5,4331.426,4233.702,9721.285,153962.175,572757.971,6605.498,6598.468,151351.507,158580.353,11832.125,17011.886,14678.077,10972.809,24909.041,7.000,0,0,20,2383908.388,119195.419,1419059.451,1423.322,1436.673,25,MEASURED,INSUFFICIENT,
2026-08-20T16:51:26Z,primary-a8-w4-measured-4-integrated,MEASURED,INTEGRATED,8,4,4,APP_249818_46903378,249818,46903378,mixed,1,8,17841231,12349,160426446285401,15185.974,7875.556,2265393.298,69.879,9928.000,19212.000,18034205.083,7914.396,27.445,6028.000,303108.000,27.445,10920.000,606216.000,34,34,5,5698.493,5531.387,10265.417,153915.848,572714.102,8468.081,8460.997,196599.199,209149.431,14874.046,19451.013,15293.800,14264.978,32204.352,7.000,0,0,20,2383908.388,119195.419,1419059.451,1423.462,1434.899,25,MEASURED,INSUFFICIENT,
2026-08-20T16:51:26Z,primary-a8-w4-measured-4-integrated,MEASURED,INTEGRATED,8,4,5,APP_249819_46903379,249819,46903379,mixed,1,8,17841231,12350,160426448120034,15185.974,7131.497,2501751.126,77.753,10056.000,19212.000,18034205.083,7914.396,27.445,6028.000,303108.000,27.445,10920.000,606216.000,35,35,5,7630.210,6875.775,12592.776,152827.986,572720.951,7643.820,7637.884,248919.410,263165.303,14553.657,17901.597,15914.874,15381.437,27689.654,7.000,0,0,20,2383908.388,119195.419,1419059.451,1419.265,1429.028,25,MEASURED,INSUFFICIENT,
2026-08-20T16:51:26Z,primary-a8-w4-measured-4-integrated,MEASURED,INTEGRATED,8,4,6,APP_249820_46903379,249820,46903379,mixed,1,8,17841231,12351,160426451364482,15185.974,7238.445,2464787.808,76.492,9992.000,19212.000,18034205.083,7914.396,27.445,6028.000,303108.000,27.445,10920.000,606216.000,35,35,5,9010.601,9310.649,13817.114,153917.296,572732.163,5434.027,5427.659,298797.627,318383.795,12284.574,16799.937,17564.180,14553.886,22683.854,7.000,0,0,20,2383908.388,119195.419,1419059.451,1415.062,1443.859,25,MEASURED,INSUFFICIENT,
2026-08-20T16:51:26Z,primary-a8-w4-measured-4-integrated,MEASURED,INTEGRATED,8,4,7,APP_249821_46903379,249821,46903379,mixed,1,8,17841231,12352,160426453108623,15185.974,7607.481,2345222.034,71.689,9928.000,19212.000,18034205.083,7914.396,27.445,6028.000,303108.000,27.445,10920.000,606216.000,35,35,5,11018.507,10917.772,15744.455,153919.013,572738.456,5205.564,5141.905,346956.983,379286.895,17088.308,18213.384,17790.595,16253.081,25439.145,7.000,0,0,20,2383908.388,119195.419,1419059.451,1410.813,1456.979,25,MEASURED,INSUFFICIENT,
2026-08-20T16:51:33Z,primary-a8-w4-measured-4-baseline,MEASURED,BASELINE,8,4,0,NA,249955,46904238,mixed,1,8,17841231,12345,160435046473822,17572.527,7011.680,2544501.559,78.348,9928.000,19212.000,20269852.189,7041.484,NA,NA,NA,NA,NA,NA,,,,,,,,,,,,,,,,,,NA,0,0,0,NA,NA,NA,,NA,,MEASURED,NOT_RUN,
2026-08-20T16:51:33Z,primary-a8-w4-measured-4-baseline,MEASURED,BASELINE,8,4,1,NA,249956,46904239,mixed,1,8,17841231,12346,160435047957883,17572.527,6616.490,2696479.825,82.240,9928.000,19212.000,20269852.189,7041.484,NA,NA,NA,NA,NA,NA,,,,,,,,,,,,,,,,,,NA,0,0,0,NA,NA,NA,,NA,,MEASURED,NOT_RUN,
2026-08-20T16:51:33Z,primary-a8-w4-measured-4-baseline,MEASURED,BASELINE,8,4,2,NA,249957,46904239,mixed,1,8,17841231,12347,160435049322242,17572.527,6847.797,2605397.215,80.846,9928.000,19212.000,20269852.189,7041.484,NA,NA,NA,NA,NA,NA,,,,,,,,,,,,,,,,,,NA,0,0,0,NA,NA,NA,,NA,,MEASURED,NOT_RUN,
2026-08-20T16:51:33Z,primary-a8-w4-measured-4-baseline,MEASURED,BASELINE,8,4,3,NA,249958,46904239,mixed,1,8,17841231,12348,160435050758097,17572.527,5950.197,2998426.938,93.337,9928.000,19212.000,20269852.189,7041.484,NA,NA,NA,NA,NA,NA,,,,,,,,,,,,,,,,,,NA,0,0,0,NA,NA,NA,,NA,,MEASURED,NOT_RUN,
2026-08-20T16:51:33Z,primary-a8-w4-measured-4-baseline,MEASURED,BASELINE,8,4,4,NA,249959,46904239,mixed,1,8,17841231,12349,160435052452608,17572.527,6874.904,2595124.495,79.535,9928.000,19212.000,20269852.189,7041.484,NA,NA,NA,NA,NA,NA,,,,,,,,,,,,,,,,,,NA,0,0,0,NA,NA,NA,,NA,,MEASURED,NOT_RUN,
2026-08-20T16:51:33Z,primary-a8-w4-measured-4-baseline,MEASURED,BASELINE,8,4,5,NA,249960,46904240,mixed,1,8,17841231,12350,160435058425889,17572.527,6910.095,2581908.141,78.697,9928.000,19212.000,20269852.189,7041.484,NA,NA,NA,NA,NA,NA,,,,,,,,,,,,,,,,,,NA,0,0,0,NA,NA,NA,,NA,,MEASURED,NOT_RUN,
2026-08-20T16:51:33Z,primary-a8-w4-measured-4-baseline,MEASURED,BASELINE,8,4,6,NA,249961,46904240,mixed,1,8,17841231,12351,160435060198619,17572.527,6565.785,2717303.541,83.028,9864.000,19212.000,20269852.189,7041.484,NA,NA,NA,NA,NA,NA,,,,,,,,,,,,,,,,,,NA,0,0,0,NA,NA,NA,,NA,,MEASURED,NOT_RUN,
2026-08-20T16:51:33Z,primary-a8-w4-measured-4-baseline,MEASURED,BASELINE,8,4,7,NA,249962,46904240,mixed,1,8,17841231,12352,160435064046349,17572.527,6975.541,2557684.093,77.506,9928.000,19212.000,20269852.189,7041.484,NA,NA,NA,NA,NA,NA,,,,,,,,,,,,,,,,,,NA,0,0,0,NA,NA,NA,,NA,,MEASURED,NOT_RUN,
2026-08-20T16:51:40Z,primary-a8-w4-measured-5-baseline,MEASURED,BASELINE,8,4,0,NA,249973,46904945,mixed,1,8,17841231,12345,160442113203538,10188.040,6525.673,2734006.410,82.462,9992.000,19212.000,20424665.784,6988.112,NA,NA,NA,NA,NA,NA,,,,,,,,,,,,,,,,,,NA,0,0,0,NA,NA,NA,,NA,,MEASURED,NOT_RUN,
2026-08-20T16:51:40Z,primary-a8-w4-measured-5-baseline,MEASURED,BASELINE,8,4,1,NA,249974,46904945,mixed,1,8,17841231,12346,160442115119393,10188.040,5684.913,3138347.239,93.486,9928.000,19212.000,20424665.784,6988.112,NA,NA,NA,NA,NA,NA,,,,,,,,,,,,,,,,,,NA,0,0,0,NA,NA,NA,,NA,,MEASURED,NOT_RUN,
2026-08-20T16:51:40Z,primary-a8-w4-measured-5-baseline,MEASURED,BASELINE,8,4,2,NA,249975,46904945,mixed,1,8,17841231,12347,160442116441083,10188.040,6693.821,2665328.455,80.332,10056.000,19212.000,20424665.784,6988.112,NA,NA,NA,NA,NA,NA,,,,,,,,,,,,,,,,,,NA,0,0,0,NA,NA,NA,,NA,,MEASURED,NOT_RUN,
2026-08-20T16:51:40Z,primary-a8-w4-measured-5-baseline,MEASURED,BASELINE,8,4,3,NA,249976,46904946,mixed,1,8,17841231,12348,160442117832140,10188.040,6806.436,2621229.680,78.096,9928.000,19212.000,20424665.784,6988.112,NA,NA,NA,NA,NA,NA,,,,,,,,,,,,,,,,,,NA,0,0,0,NA,NA,NA,,NA,,MEASURED,NOT_RUN,
2026-08-20T16:51:40Z,primary-a8-w4-measured-5-baseline,MEASURED,BASELINE,8,4,4,NA,249977,46904946,mixed,1,8,17841231,12349,160442119250112,10188.040,6678.556,2671420.585,80.838,9928.000,19212.000,20424665.784,6988.112,NA,NA,NA,NA,NA,NA,,,,,,,,,,,,,,,,,,NA,0,0,0,NA,NA,NA,,NA,,MEASURED,NOT_RUN,
2026-08-20T16:51:40Z,primary-a8-w4-measured-5-baseline,MEASURED,BASELINE,8,4,5,NA,249978,46904946,mixed,1,8,17841231,12350,160442120567998,10188.040,6227.480,2864919.676,85.842,9864.000,19212.000,20424665.784,6988.112,NA,NA,NA,NA,NA,NA,,,,,,,,,,,,,,,,,,NA,0,0,0,NA,NA,NA,,NA,,MEASURED,NOT_RUN,
2026-08-20T16:51:40Z,primary-a8-w4-measured-5-baseline,MEASURED,BASELINE,8,4,6,NA,249979,46904946,mixed,1,8,17841231,12351,160442121887803,10188.040,6448.716,2766633.014,82.409,9928.000,19212.000,20424665.784,6988.112,NA,NA,NA,NA,NA,NA,,,,,,,,,,,,,,,,,,NA,0,0,0,NA,NA,NA,,NA,,MEASURED,NOT_RUN,
2026-08-20T16:51:40Z,primary-a8-w4-measured-5-baseline,MEASURED,BASELINE,8,4,7,NA,249980,46904946,mixed,1,8,17841231,12352,160442123391578,10188.040,6926.599,2575756.433,74.799,9928.000,19212.000,20424665.784,6988.112,NA,NA,NA,NA,NA,NA,,,,,,,,,,,,,,,,,,NA,0,0,0,NA,NA,NA,,NA,,MEASURED,NOT_RUN,
2026-08-20T16:51:48Z,primary-a8-w4-measured-5-integrated,MEASURED,INTEGRATED,8,4,0,APP_249989_46905647,249989,46905647,mixed,1,8,17841231,12345,160449134884548,12435.312,6617.563,2696042.612,81.282,9992.000,19212.000,19282054.485,7402.212,27.423,5880.000,303108.000,27.423,10772.000,606216.000,35,35,5,1791.739,796.128,10219.925,155911.787,578408.312,4099.357,4048.487,203.788,212.422,11221.379,14839.565,11747.829,6026.503,20806.179,7.000,0,0,20,2346417.704,117320.885,1357782.470,1391.497,1442.995,24,MEASURED,INSUFFICIENT,
2026-08-20T16:51:48Z,primary-a8-w4-measured-5-integrated,MEASURED,INTEGRATED,8,4,1,APP_249990_46905647,249990,46905647,mixed,1,8,17841231,12346,160449136224469,12435.312,7170.696,2488075.084,74.531,9928.000,19212.000,19282054.485,7402.212,27.423,5880.000,303108.000,27.423,10772.000,606216.000,35,35,5,3835.129,2944.088,14673.377,156134.114,578385.607,6396.004,6389.875,39766.076,49378.128,13183.759,16716.231,17123.899,10273.719,22657.671,7.000,0,0,20,2346417.704,117320.885,1357782.470,1390.497,1425.950,24,MEASURED,INSUFFICIENT,
2026-08-20T16:51:48Z,primary-a8-w4-measured-5-integrated,MEASURED,INTEGRATED,8,4,2,APP_249991_46905647,249991,46905647,mixed,1,8,17841231,12347,160449137356169,12435.312,7356.569,2425210.878,72.083,9928.000,19212.000,19282054.485,7402.212,27.423,5880.000,303108.000,27.423,10772.000,606216.000,35,35,5,4197.938,3944.966,10623.085,156133.039,578392.884,6700.302,6694.665,88196.342,109412.501,13765.735,14422.018,13386.264,10934.725,25096.165,7.000,0,0,20,2346417.704,117320.885,1357782.470,1387.810,1426.033,24,MEASURED,INSUFFICIENT,
2026-08-20T16:51:48Z,primary-a8-w4-measured-5-integrated,MEASURED,INTEGRATED,8,4,3,APP_249992_46905648,249992,46905648,mixed,1,8,17841231,12348,160449138385585,12435.312,6170.627,2891315.637,86.325,10056.000,19212.000,19282054.485,7402.212,27.423,5880.000,303108.000,27.423,10772.000,606216.000,31,31,4,6285.326,5856.966,13911.798,170548.605,578399.752,8220.862,8212.239,136590.925,167381.500,13158.114,18574.987,15212.567,14535.713,24621.622,7.000,0,0,20,2346417.704,117320.885,1357782.470,1403.253,1433.012,21,MEASURED,INSUFFICIENT,
2026-08-20T16:51:48Z,primary-a8-w4-measured-5-integrated,MEASURED,INTEGRATED,8,4,4,APP_249993_46905648,249993,46905648,mixed,1,8,17841231,12349,160449139621575,12435.312,7014.619,2543435.418,77.552,9928.000,19212.000,19282054.485,7402.212,27.423,5880.000,303108.000,27.423,10772.000,606216.000,35,35,5,6153.051,6077.172,10498.420,156193.566,578408.263,7334.102,7328.563,169832.243,219381.271,12289.218,14144.939,13641.172,13545.535,22590.627,7.000,0,0,20,2346417.704,117320.885,1357782.470,1370.350,1441.972,24,MEASURED,INSUFFICIENT,
2026-08-20T16:51:48Z,primary-a8-w4-measured-5-integrated,MEASURED,INTEGRATED,8,4,5,APP_249994_46905648,249994,46905648,mixed,1,8,17841231,12350,160449140836586,12435.312,6916.011,2579699.599,77.883,9928.000,19212.000,19282054.485,7402.212,27.423,5880.000,303108.000,27.423,10772.000,606216.000,35,35,5,8279.540,7736.611,20631.332,156198.446,578415.992,8321.398,8315.216,211708.425,271397.258,12743.394,14044.676,13331.981,16642.722,24813.672,7.000,0,0,20,2346417.704,117320.885,1357782.470,1365.537,1451.201,24,MEASURED,INSUFFICIENT,
2026-08-20T16:51:48Z,primary-a8-w4-measured-5-integrated,MEASURED,INTEGRATED,8,4,6,APP_249995_46905648,249995,46905648,mixed,1,8,17841231,12351,160449143297361,12435.312,7196.388,2479192.505,74.457,9928.000,19212.000,19282054.485,7402.212,27.423,5880.000,303108.000,27.423,10772.000,606216.000,35,35,5,10192.539,10099.905,16682.147,156203.511,578428.104,5013.026,5006.918,253258.941,325645.960,13604.348,17852.678,13601.866,15236.053,23200.751,7.000,0,0,20,2346417.704,117320.885,1357782.470,1358.741,1465.083,24,MEASURED,INSUFFICIENT,
2026-08-20T16:51:48Z,primary-a8-w4-measured-5-integrated,MEASURED,INTEGRATED,8,4,7,APP_249996_46905648,249996,46905648,mixed,1,8,17841231,12352,160449147319860,12435.312,7331.775,2433412.105,73.853,9928.000,19212.000,19282054.485,7402.212,27.423,5880.000,303108.000,27.423,10772.000,606216.000,35,35,5,12403.756,12325.152,18748.497,156206.460,578435.458,5682.664,5677.176,299939.359,384411.237,17748.253,14709.292,12250.091,18160.845,26136.206,7.000,0,0,20,2346417.704,117320.885,1357782.470,1356.865,1457.143,24,MEASURED,INSUFFICIENT,
2026-08-20T16:51:57Z,primary-a8-w4-measured-6-integrated,MEASURED,INTEGRATED,8,4,0,APP_250127_46906462,250127,46906462,mixed,1,8,17841231,12345,160457283455547,12610.335,7565.855,2358124.804,72.086,9928.000,19212.000,17666890.971,8078.945,25.855,5696.000,303108.000,25.855,10592.000,606216.000,36,36,5,1814.485,696.120,15552.777,145530.960,450805.664,4257.155,4250.907,205.000,207.747,12056.049,15758.475,13231.452,6094.609,17453.091,7.000,0,0,20,2223239.793,111161.990,1365948.576,1358.257,1379.905,24,MEASURED,INSUFFICIENT,
2026-08-20T16:51:57Z,primary-a8-w4-measured-6-integrated,MEASURED,INTEGRATED,8,4,1,APP_250128_46906462,250128,46906462,mixed,1,8,17841231,12346,160457284754154,12610.335,7858.207,2270394.516,68.423,9928.000,19212.000,17666890.971,8078.945,25.855,5696.000,303108.000,25.855,10592.000,606216.000,36,36,5,2951.372,2739.939,7585.982,145536.846,450804.209,8028.828,8019.910,42955.304,45669.596,13517.894,15594.538,14888.765,11039.997,22477.017,7.000,0,0,20,2223239.793,111161.990,1365948.576,1358.603,1387.958,24,MEASURED,INSUFFICIENT,
2026-08-20T16:51:57Z,primary-a8-w4-measured-6-integrated,MEASURED,INTEGRATED,8,4,2,APP_250129_46906462,250129,46906462,mixed,1,8,17841231,12347,160457285924983,12610.335,7819.203,2281719.879,69.180,9928.000,19212.000,17666890.971,8078.945,25.855,5696.000,303108.000,25.855,10592.000,606216.000,36,36,5,4210.265,4271.537,15137.795,145818.886,454347.481,5295.032,5288.808,88385.435,96295.494,13400.447,14756.164,15365.713,9934.790,19998.047,7.000,0,0,20,2223239.793,111161.990,1365948.576,1357.246,1389.024,24,MEASURED,INSUFFICIENT,
2026-08-20T16:51:57Z,primary-a8-w4-measured-6-integrated,MEASURED,INTEGRATED,8,4,3,APP_250130_46906462,250130,46906462,mixed,1,8,17841231,12348,160457287114933,12610.335,7189.679,2481505.959,74.687,9864.000,19212.000,17666890.971,8078.945,25.855,5696.000,303108.000,25.855,10592.000,606216.000,36,36,5,5115.415,5310.859,11385.570,145918.964,454425.455,7508.056,7500.980,133293.916,144464.115,13632.634,15649.590,16705.691,12898.935,24031.860,7.000,0,0,20,2223239.793,111161.990,1365948.576,1360.236,1385.204,24,MEASURED,INSUFFICIENT,
2026-08-20T16:51:57Z,primary-a8-w4-measured-6-integrated,MEASURED,INTEGRATED,8,4,4,APP_250131_46906463,250131,46906463,mixed,1,8,17841231,12349,160457288472977,12610.335,6706.762,2660185.628,80.567,9916.000,19212.000,17666890.971,8078.945,25.855,5696.000,303108.000,25.855,10592.000,606216.000,36,36,5,6312.865,5927.256,14781.898,145995.571,454501.487,6562.561,6492.460,180708.301,191755.247,14137.058,17075.739,15238.759,12907.264,25788.763,7.000,0,0,20,2223239.793,111161.990,1365948.576,1362.384,1376.274,24,MEASURED,INSUFFICIENT,
2026-08-20T16:51:57Z,primary-a8-w4-measured-6-integrated,MEASURED,INTEGRATED,8,4,5,APP_250132_46906463,250132,46906463,mixed,1,8,17841231,12350,160457289882845,12610.335,7748.684,2302485.369,69.748,9924.000,19212.000,17666890.971,8078.945,25.855,5696.000,303108.000,25.855,10592.000,606216.000,36,36,5,8562.534,7661.127,18229.168,145998.238,454513.023,7524.294,7518.781,228696.585,244959.974,13985.392,17166.920,12957.258,16131.339,27639.542,7.000,0,0,20,2223239.793,111161.990,1365948.576,1368.004,1389.504,24,MEASURED,INSUFFICIENT,
2026-08-20T16:51:57Z,primary-a8-w4-measured-6-integrated,MEASURED,INTEGRATED,8,4,6,APP_250133_46906463,250133,46906463,mixed,1,8,17841231,12351,160457292184119,12610.335,7623.920,2340164.987,70.806,9928.000,19212.000,17666890.971,8078.945,25.855,5696.000,303108.000,25.855,10592.000,606216.000,36,36,5,10483.344,9823.454,16250.408,146003.034,454551.052,5887.898,5882.421,274298.862,313767.492,11262.517,14585.058,13289.111,16400.860,28575.039,7.000,0,0,20,2223239.793,111161.990,1365948.576,1368.512,1419.978,24,MEASURED,INSUFFICIENT,
2026-08-20T16:51:57Z,primary-a8-w4-measured-6-integrated,MEASURED,INTEGRATED,8,4,7,APP_250134_46906463,250134,46906463,mixed,1,8,17841231,12352,160457296065882,12610.335,8024.896,2223235.183,66.626,9864.000,19212.000,17666890.971,8078.945,25.855,5696.000,303108.000,25.855,10592.000,606216.000,36,36,5,12417.732,12073.571,18580.301,146005.935,454556.795,5638.679,5632.690,314892.793,363681.824,11259.993,15627.552,13617.492,18082.361,26346.523,7.000,0,0,20,2223239.793,111161.990,1365948.576,1364.101,1405.603,24,MEASURED,INSUFFICIENT,
2026-08-20T16:52:05Z,primary-a8-w4-measured-6-baseline,MEASURED,BASELINE,8,4,0,NA,250270,46907350,mixed,1,8,17841231,12345,160466158295158,11096.548,7394.095,2412902.441,77.516,9928.000,19212.000,18951268.318,7531.414,NA,NA,NA,NA,NA,NA,,,,,,,,,,,,,,,,,,NA,0,0,0,NA,NA,NA,,NA,,MEASURED,NOT_RUN,
2026-08-20T16:52:05Z,primary-a8-w4-measured-6-baseline,MEASURED,BASELINE,8,4,1,NA,250271,46907350,mixed,1,8,17841231,12346,160466159667654,11096.548,7230.189,2467602.457,79.606,9928.000,19212.000,18951268.318,7531.414,NA,NA,NA,NA,NA,NA,,,,,,,,,,,,,,,,,,NA,0,0,0,NA,NA,NA,,NA,,MEASURED,NOT_RUN,
2026-08-20T16:52:05Z,primary-a8-w4-measured-6-baseline,MEASURED,BASELINE,8,4,2,NA,250272,46907350,mixed,1,8,17841231,12347,160466160837821,11096.548,7324.927,2435687.160,77.460,9864.000,19212.000,18951268.318,7531.414,NA,NA,NA,NA,NA,NA,,,,,,,,,,,,,,,,,,NA,0,0,0,NA,NA,NA,,NA,,MEASURED,NOT_RUN,
2026-08-20T16:52:05Z,primary-a8-w4-measured-6-baseline,MEASURED,BASELINE,8,4,3,NA,250273,46907350,mixed,1,8,17841231,12348,160466162034241,11096.548,6717.000,2656130.954,84.983,9864.000,19212.000,18951268.318,7531.414,NA,NA,NA,NA,NA,NA,,,,,,,,,,,,,,,,,,NA,0,0,0,NA,NA,NA,,NA,,MEASURED,NOT_RUN,
2026-08-20T16:52:05Z,primary-a8-w4-measured-6-baseline,MEASURED,BASELINE,8,4,4,NA,250274,46907350,mixed,1,8,17841231,12349,160466163507113,11096.548,7300.732,2443759.356,78.176,9928.000,19212.000,18951268.318,7531.414,NA,NA,NA,NA,NA,NA,,,,,,,,,,,,,,,,,,NA,0,0,0,NA,NA,NA,,NA,,MEASURED,NOT_RUN,
2026-08-20T16:52:05Z,primary-a8-w4-measured-6-baseline,MEASURED,BASELINE,8,4,5,NA,250275,46907350,mixed,1,8,17841231,12350,160466164936169,11096.548,7331.741,2433423.468,77.632,9928.000,19212.000,18951268.318,7531.414,NA,NA,NA,NA,NA,NA,,,,,,,,,,,,,,,,,,NA,0,0,0,NA,NA,NA,,NA,,MEASURED,NOT_RUN,
2026-08-20T16:52:05Z,primary-a8-w4-measured-6-baseline,MEASURED,BASELINE,8,4,6,NA,250276,46907350,mixed,1,8,17841231,12351,160466166267085,11096.548,6896.059,2587163.357,82.708,9928.000,19212.000,18951268.318,7531.414,NA,NA,NA,NA,NA,NA,,,,,,,,,,,,,,,,,,NA,0,0,0,NA,NA,NA,,NA,,MEASURED,NOT_RUN,
2026-08-20T16:52:05Z,primary-a8-w4-measured-6-baseline,MEASURED,BASELINE,8,4,7,NA,250277,46907351,mixed,1,8,17841231,12352,160466169391706,11096.548,7470.772,2388137.641,75.986,9928.000,19212.000,18951268.318,7531.414,NA,NA,NA,NA,NA,NA,,,,,,,,,,,,,,,,,,NA,0,0,0,NA,NA,NA,,NA,,MEASURED,NOT_RUN,
2026-08-20T16:52:12Z,primary-a8-w4-measured-7-baseline,MEASURED,BASELINE,8,4,0,NA,250289,46908106,mixed,1,8,17841231,12345,160473727386126,11998.945,5750.085,3102776.893,93.962,9928.000,19212.000,19947302.433,7155.346,NA,NA,NA,NA,NA,NA,,,,,,,,,,,,,,,,,,NA,0,0,0,NA,NA,NA,,NA,,MEASURED,NOT_RUN,
2026-08-20T16:52:12Z,primary-a8-w4-measured-7-baseline,MEASURED,BASELINE,8,4,1,NA,250290,46908107,mixed,1,8,17841231,12346,160473728942552,11998.945,6426.285,2776289.921,85.386,9928.000,19212.000,19947302.433,7155.346,NA,NA,NA,NA,NA,NA,,,,,,,,,,,,,,,,,,NA,0,0,0,NA,NA,NA,,NA,,MEASURED,NOT_RUN,
2026-08-20T16:52:12Z,primary-a8-w4-measured-7-baseline,MEASURED,BASELINE,8,4,2,NA,250291,46908107,mixed,1,8,17841231,12347,160473730417276,11998.945,6879.397,2593429.601,77.528,9928.000,19212.000,19947302.433,7155.346,NA,NA,NA,NA,NA,NA,,,,,,,,,,,,,,,,,,NA,0,0,0,NA,NA,NA,,NA,,MEASURED,NOT_RUN,
2026-08-20T16:52:12Z,primary-a8-w4-measured-7-baseline,MEASURED,BASELINE,8,4,3,NA,250292,46908107,mixed,1,8,17841231,12348,160473732209859,11998.945,7106.619,2510508.937,77.094,9928.000,19212.000,19947302.433,7155.346,NA,NA,NA,NA,NA,NA,,,,,,,,,,,,,,,,,,NA,0,0,0,NA,NA,NA,,NA,,MEASURED,NOT_RUN,
2026-08-20T16:52:12Z,primary-a8-w4-measured-7-baseline,MEASURED,BASELINE,8,4,4,NA,250293,46908107,mixed,1,8,17841231,12349,160473733837067,11998.945,6868.443,2597565.459,78.677,9928.000,19212.000,19947302.433,7155.346,NA,NA,NA,NA,NA,NA,,,,,,,,,,,,,,,,,,NA,0,0,0,NA,NA,NA,,NA,,MEASURED,NOT_RUN,
2026-08-20T16:52:12Z,primary-a8-w4-measured-7-baseline,MEASURED,BASELINE,8,4,5,NA,250294,46908107,mixed,1,8,17841231,12350,160473735344705,11998.945,6455.398,2763769.492,83.504,10056.000,19212.000,19947302.433,7155.346,NA,NA,NA,NA,NA,NA,,,,,,,,,,,,,,,,,,NA,0,0,0,NA,NA,NA,,NA,,MEASURED,NOT_RUN,
2026-08-20T16:52:12Z,primary-a8-w4-measured-7-baseline,MEASURED,BASELINE,8,4,6,NA,250295,46908107,mixed,1,8,17841231,12351,160473736922244,11998.945,7111.032,2508950.903,76.270,9928.000,19212.000,19947302.433,7155.346,NA,NA,NA,NA,NA,NA,,,,,,,,,,,,,,,,,,NA,0,0,0,NA,NA,NA,,NA,,MEASURED,NOT_RUN,
2026-08-20T16:52:12Z,primary-a8-w4-measured-7-baseline,MEASURED,BASELINE,8,4,7,NA,250296,46908108,mixed,1,8,17841231,12352,160473739385071,11998.945,6894.025,2587926.807,78.728,9928.000,19212.000,19947302.433,7155.346,NA,NA,NA,NA,NA,NA,,,,,,,,,,,,,,,,,,NA,0,0,0,NA,NA,NA,,NA,,MEASURED,NOT_RUN,
2026-08-20T16:52:20Z,primary-a8-w4-measured-7-integrated,MEASURED,INTEGRATED,8,4,0,APP_250306_46908825,250306,46908825,mixed,1,8,17841231,12345,160480908072676,12567.520,6334.435,2816546.682,82.951,9928.000,19212.000,19192839.650,7436.620,27.737,5668.000,303108.000,27.737,10556.000,606216.000,36,36,4,1674.318,542.640,15160.088,152234.857,517205.167,3926.313,3916.740,208.701,218.737,13916.933,16720.821,18410.812,5776.089,17106.247,7.000,0,0,20,2156023.481,107801.174,1326213.175,1372.306,1426.999,23,MEASURED,INSUFFICIENT,Error: target PID 250312 is unavailable for one sample.
2026-08-20T16:52:20Z,primary-a8-w4-measured-7-integrated,MEASURED,INTEGRATED,8,4,1,APP_250307_46908825,250307,46908825,mixed,1,8,17841231,12346,160480909410478,12567.520,7371.582,2420271.763,69.873,9928.000,19212.000,19192839.650,7436.620,27.737,5668.000,303108.000,27.737,10556.000,606216.000,37,37,5,2944.972,1892.128,18344.944,149551.870,517207.554,5494.732,5384.331,41638.423,59663.700,10927.569,17857.270,14837.555,8476.382,23134.629,7.000,0,0,20,2156023.481,107801.174,1326213.175,1353.849,1406.967,24,MEASURED,INSUFFICIENT,Error: target PID 250312 is unavailable for one sample.
2026-08-20T16:52:20Z,primary-a8-w4-measured-7-integrated,MEASURED,INTEGRATED,8,4,2,APP_250308_46908825,250308,46908825,mixed,1,8,17841231,12347,160480910593414,12567.520,5954.698,2996160.520,87.782,10056.000,19212.000,19192839.650,7436.620,27.737,5668.000,303108.000,27.737,10556.000,606216.000,34,34,4,3571.068,2517.682,12179.909,150927.679,526816.995,4590.292,4584.143,101492.000,105645.631,13691.120,16514.292,14478.695,8633.593,17563.632,7.000,0,0,20,2156023.481,107801.174,1326213.175,1371.319,1399.946,22,MEASURED,INSUFFICIENT,Error: target PID 250312 is unavailable for one sample.
2026-08-20T16:52:20Z,primary-a8-w4-measured-7-integrated,MEASURED,INTEGRATED,8,4,3,APP_250309_46908825,250309,46908825,mixed,1,8,17841231,12348,160480911855800,12567.520,6794.262,2625926.392,77.694,9928.000,19212.000,19192839.650,7436.620,27.737,5668.000,303108.000,27.737,10556.000,606216.000,37,37,5,3838.698,3146.947,14195.538,149998.415,526839.540,6590.511,6583.720,124201.738,155702.865,10381.520,14196.058,10533.464,10569.066,20798.066,7.000,0,0,20,2156023.481,107801.174,1326213.175,1337.392,1389.254,24,MEASURED,INSUFFICIENT,Error: target PID 250312 is unavailable for one sample.
2026-08-20T16:52:20Z,primary-a8-w4-measured-7-integrated,MEASURED,INTEGRATED,8,4,4,APP_250310_46908825,250310,46908825,mixed,1,8,17841231,12349,160480913304359,12567.520,6980.937,2555707.342,75.276,9928.000,19212.000,19192839.650,7436.620,27.737,5668.000,303108.000,27.737,10556.000,606216.000,37,37,5,4984.868,4586.507,10691.853,150156.179,526859.318,6984.800,6978.694,160761.610,195617.618,10398.773,13294.135,11906.254,12069.115,29217.504,7.000,0,0,20,2156023.481,107801.174,1326213.175,1331.317,1393.041,24,MEASURED,INSUFFICIENT,Error: target PID 250312 is unavailable for one sample.
2026-08-20T16:52:20Z,primary-a8-w4-measured-7-integrated,MEASURED,INTEGRATED,8,4,5,APP_250311_46908825,250311,46908825,mixed,1,8,17841231,12350,160480916398539,12567.520,6866.009,2598486.219,77.234,10184.000,19212.000,19192839.650,7436.620,27.737,5668.000,303108.000,27.737,10556.000,606216.000,37,37,5,6517.791,5897.067,13165.254,150160.346,526865.810,6703.262,6695.701,197767.364,248724.840,11024.806,15537.448,12643.776,13247.684,25074.283,7.000,0,0,20,2156023.481,107801.174,1326213.175,1327.261,1397.744,24,MEASURED,INSUFFICIENT,Error: target PID 250312 is unavailable for one sample.
2026-08-20T16:52:20Z,primary-a8-w4-measured-7-integrated,MEASURED,INTEGRATED,8,4,6,APP_250312_46908826,250312,46908826,mixed,1,8,17841231,12351,160480918965170,12567.520,6369.555,2801017.002,82.292,9928.000,19212.000,19192839.650,7436.620,27.737,5668.000,303108.000,27.737,10556.000,606216.000,37,36,4,8674.540,8218.737,13748.510,150166.247,526884.466,5511.943,5505.228,272502.058,297492.855,12890.421,15882.940,11823.368,14216.698,21750.044,7.000,0,0,20,2156023.481,107801.174,1326213.175,1370.339,1388.076,24,MEASURED,INSUFFICIENT,Error: target PID 250312 is unavailable for one sample.
2026-08-20T16:52:20Z,primary-a8-w4-measured-7-integrated,MEASURED,INTEGRATED,8,4,7,APP_250313_46908826,250313,46908826,mixed,1,8,17841231,12352,160480920640196,12567.520,7360.197,2424015.327,68.733,9924.000,19212.000,19192839.650,7436.620,27.737,5668.000,303108.000,27.737,10556.000,606216.000,37,37,5,10481.468,9942.646,17087.345,150169.054,526859.144,5639.273,5633.860,272175.058,337740.446,11404.255,14336.187,12328.103,16149.263,25254.467,7.000,0,0,20,2156023.481,107801.174,1326213.175,1309.927,1404.575,24,MEASURED,INSUFFICIENT,Error: target PID 250312 is unavailable for one sample.
2026-08-20T16:52:28Z,primary-a8-w4-measured-8-integrated,MEASURED,INTEGRATED,8,4,0,APP_250438_46909642,250438,46909642,mixed,1,8,17841231,12345,160489082287326,17050.369,6829.938,2612209.761,78.199,9992.000,19212.000,18985385.949,7517.880,27.568,5868.000,303108.000,27.568,10756.000,606216.000,36,36,5,1296.789,686.204,10579.054,139085.914,493692.325,4559.393,4282.048,210.715,226.666,14266.174,17986.324,14561.725,6320.994,18069.129,7.000,0,0,20,2323298.334,116164.917,1366667.685,1372.470,1380.065,26,MEASURED,INSUFFICIENT,Error: target PID 250439 is unavailable for one sample.
2026-08-20T16:52:28Z,primary-a8-w4-measured-8-integrated,MEASURED,INTEGRATED,8,4,1,APP_250439_46909642,250439,46909642,mixed,1,8,17841231,12346,160489083618063,17050.369,6493.917,2747375.777,82.236,9992.000,19212.000,18985385.949,7517.880,27.568,5868.000,303108.000,27.568,10756.000,606216.000,36,35,4,2486.431,2187.070,10001.856,139085.520,493696.042,5263.516,5256.524,50396.717,54570.525,12227.024,18773.014,13270.575,8026.239,21600.244,7.000,0,0,20,2323298.334,116164.917,1366667.685,1375.305,1380.539,26,MEASURED,INSUFFICIENT,Error: target PID 250439 is unavailable for one sample.
2026-08-20T16:52:28Z,primary-a8-w4-measured-8-integrated,MEASURED,INTEGRATED,8,4,2,APP_250440_46909642,250440,46909642,mixed,1,8,17841231,12347,160489084990258,17050.369,7057.808,2527871.396,76.097,9928.000,19212.000,18985385.949,7517.880,27.568,5868.000,303108.000,27.568,10756.000,606216.000,36,36,5,3698.061,2959.256,12109.979,139067.007,493716.412,5562.966,5555.694,85070.953,99461.935,13699.310,17109.486,14483.654,9301.753,18784.111,7.000,0,0,20,2323298.334,116164.917,1366667.685,1361.003,1377.064,26,MEASURED,INSUFFICIENT,Error: target PID 250439 is unavailable for one sample.
2026-08-20T16:52:28Z,primary-a8-w4-measured-8-integrated,MEASURED,INTEGRATED,8,4,3,APP_250441_46909643,250441,46909643,mixed,1,8,17841231,12348,160489089390527,17050.369,6902.551,2584730.201,76.887,9928.000,19212.000,18985385.949,7517.880,27.568,5868.000,303108.000,27.568,10756.000,606216.000,36,36,5,4884.728,3933.390,22578.371,139069.967,493717.764,7193.380,7140.433,131768.290,147324.170,13605.667,16755.911,14446.738,12168.367,24984.845,7.000,0,0,20,2323298.334,116164.917,1366667.685,1361.252,1380.042,26,MEASURED,INSUFFICIENT,Error: target PID 250439 is unavailable for one sample.
2026-08-20T16:52:28Z,primary-a8-w4-measured-8-integrated,MEASURED,INTEGRATED,8,4,4,APP_250442_46909643,250442,46909643,mixed,1,8,17841231,12349,160489091324480,17050.369,6835.636,2610032.360,79.395,9928.000,19212.000,18985385.949,7517.880,27.568,5868.000,303108.000,27.568,10756.000,606216.000,36,36,5,5883.525,5508.370,16031.818,139073.382,493712.476,6484.844,6476.962,177998.580,196387.841,14784.097,18684.858,13849.648,12398.012,22485.044,7.000,0,0,20,2323298.334,116164.917,1366667.685,1361.676,1382.098,26,MEASURED,INSUFFICIENT,Error: target PID 250439 is unavailable for one sample.
2026-08-20T16:52:28Z,primary-a8-w4-measured-8-integrated,MEASURED,INTEGRATED,8,4,5,APP_250443_46909643,250443,46909643,mixed,1,8,17841231,12350,160489093306565,17050.369,7455.479,2393036.059,68.379,9928.000,19212.000,18985385.949,7517.880,27.568,5868.000,303108.000,27.568,10756.000,606216.000,36,36,5,7411.177,6900.679,12244.058,139074.039,493708.271,7831.163,7824.499,226789.353,246398.908,15822.695,14303.025,13484.993,15272.411,28638.586,7.000,0,0,20,2323298.334,116164.917,1366667.685,1362.531,1385.055,26,MEASURED,INSUFFICIENT,Error: target PID 250439 is unavailable for one sample.
2026-08-20T16:52:28Z,primary-a8-w4-measured-8-integrated,MEASURED,INTEGRATED,8,4,6,APP_250444_46909643,250444,46909643,mixed,1,8,17841231,12351,160489097351260,17050.369,7066.612,2524721.943,75.002,9928.000,19212.000,18985385.949,7517.880,27.568,5868.000,303108.000,27.568,10756.000,606216.000,36,36,5,9325.590,8875.856,17336.560,139077.631,493709.442,4529.013,4523.486,271809.883,290311.792,14341.389,15507.574,14679.497,13963.793,23885.473,7.000,0,0,20,2323298.334,116164.917,1366667.685,1363.737,1381.823,26,MEASURED,INSUFFICIENT,Error: target PID 250439 is unavailable for one sample.
2026-08-20T16:52:28Z,primary-a8-w4-measured-8-integrated,MEASURED,INTEGRATED,8,4,7,APP_250445_46909644,250445,46909644,mixed,1,8,17841231,12352,160489099337695,17050.369,6983.925,2554613.797,75.762,9928.000,19212.000,18985385.949,7517.880,27.568,5868.000,303108.000,27.568,10756.000,606216.000,36,36,5,11305.881,10868.495,20463.132,139078.479,493684.188,5236.990,5231.483,317731.807,332348.809,11404.023,12399.333,12094.627,16569.328,26424.938,7.000,0,0,20,2323298.334,116164.917,1366667.685,1360.052,1382.089,26,MEASURED,INSUFFICIENT,Error: target PID 250439 is unavailable for one sample.
2026-08-20T16:52:35Z,primary-a8-w4-measured-8-baseline,MEASURED,BASELINE,8,4,0,NA,250576,46910475,mixed,1,8,17841231,12345,160497408493906,15997.745,6850.256,2604461.854,77.142,9864.000,19212.000,20267479.080,7042.309,NA,NA,NA,NA,NA,NA,,,,,,,,,,,,,,,,,,NA,0,0,0,NA,NA,NA,,NA,,MEASURED,NOT_RUN,
2026-08-20T16:52:35Z,primary-a8-w4-measured-8-baseline,MEASURED,BASELINE,8,4,1,NA,250577,46910475,mixed,1,8,17841231,12346,160497410127889,15997.745,5716.609,3120946.422,91.230,9928.000,19212.000,20267479.080,7042.309,NA,NA,NA,NA,NA,NA,,,,,,,,,,,,,,,,,,NA,0,0,0,NA,NA,NA,,NA,,MEASURED,NOT_RUN,
2026-08-20T16:52:35Z,primary-a8-w4-measured-8-baseline,MEASURED,BASELINE,8,4,2,NA,250578,46910475,mixed,1,8,17841231,12347,160497411741010,15997.745,6536.851,2729331.047,80.794,9928.000,19212.000,20267479.080,7042.309,NA,NA,NA,NA,NA,NA,,,,,,,,,,,,,,,,,,NA,0,0,0,NA,NA,NA,,NA,,MEASURED,NOT_RUN,
2026-08-20T16:52:35Z,primary-a8-w4-measured-8-baseline,MEASURED,BASELINE,8,4,3,NA,250579,46910475,mixed,1,8,17841231,12348,160497413119148,15997.745,6978.797,2556490.730,75.632,9928.000,19212.000,20267479.080,7042.309,NA,NA,NA,NA,NA,NA,,,,,,,,,,,,,,,,,,NA,0,0,0,NA,NA,NA,,NA,,MEASURED,NOT_RUN,
2026-08-20T16:52:35Z,primary-a8-w4-measured-8-baseline,MEASURED,BASELINE,8,4,4,NA,250580,46910475,mixed,1,8,17841231,12349,160497414496518,15997.745,6949.683,2567200.563,76.204,9924.000,19212.000,20267479.080,7042.309,NA,NA,NA,NA,NA,NA,,,,,,,,,,,,,,,,,,NA,0,0,0,NA,NA,NA,,NA,,MEASURED,NOT_RUN,
2026-08-20T16:52:35Z,primary-a8-w4-measured-8-baseline,MEASURED,BASELINE,8,4,5,NA,250581,46910475,mixed,1,8,17841231,12350,160497416608727,15997.745,6311.758,2826666.063,83.423,9928.000,19212.000,20267479.080,7042.309,NA,NA,NA,NA,NA,NA,,,,,,,,,,,,,,,,,,NA,0,0,0,NA,NA,NA,,NA,,MEASURED,NOT_RUN,
2026-08-20T16:52:35Z,primary-a8-w4-measured-8-baseline,MEASURED,BASELINE,8,4,6,NA,250582,46910476,mixed,1,8,17841231,12351,160497419200052,15997.745,6684.599,2669005.509,78.039,9928.000,19212.000,20267479.080,7042.309,NA,NA,NA,NA,NA,NA,,,,,,,,,,,,,,,,,,NA,0,0,0,NA,NA,NA,,NA,,MEASURED,NOT_RUN,
2026-08-20T16:52:35Z,primary-a8-w4-measured-8-baseline,MEASURED,BASELINE,8,4,7,NA,250583,46910476,mixed,1,8,17841231,12352,160497424491651,15997.745,6973.155,2558559.426,75.103,9928.000,19212.000,20267479.080,7042.309,NA,NA,NA,NA,NA,NA,,,,,,,,,,,,,,,,,,NA,0,0,0,NA,NA,NA,,NA,,MEASURED,NOT_RUN,
2026-08-20T16:52:40Z,heterogeneous-a4-w2-warmup-1-baseline,WARMUP,BASELINE,4,2,0,NA,250599,46911182,random,1,8,17841231,12345,160504482626235,3975.918,4133.309,4316452.455,99.032,9928.000,19212.000,17031860.335,4190.084,NA,NA,NA,NA,NA,NA,,,,,,,,,,,,,,,,,,NA,0,0,0,NA,NA,NA,,NA,,MEASURED,NOT_RUN,
2026-08-20T16:52:40Z,heterogeneous-a4-w2-warmup-1-baseline,WARMUP,BASELINE,4,2,1,NA,250600,46911182,hot,1,8,17841231,12346,160504483958074,3975.918,3030.647,5886937.722,98.738,9928.000,19212.000,17031860.335,4190.084,NA,NA,NA,NA,NA,NA,,,,,,,,,,,,,,,,,,NA,0,0,0,NA,NA,NA,,NA,,MEASURED,NOT_RUN,
2026-08-20T16:52:40Z,heterogeneous-a4-w2-warmup-1-baseline,WARMUP,BASELINE,4,2,2,NA,250601,46911182,mixed,1,8,17841231,12347,160504485295337,3975.918,4160.059,4288696.801,99.222,9928.000,19212.000,17031860.335,4190.084,NA,NA,NA,NA,NA,NA,,,,,,,,,,,,,,,,,,NA,0,0,0,NA,NA,NA,,NA,,MEASURED,NOT_RUN,
2026-08-20T16:52:40Z,heterogeneous-a4-w2-warmup-1-baseline,WARMUP,BASELINE,4,2,3,NA,250602,46911182,sequential,1,8,17841231,12348,160504486602153,3975.918,2381.472,7491681.255,97.736,9924.000,19212.000,17031860.335,4190.084,NA,NA,NA,NA,NA,NA,,,,,,,,,,,,,,,,,,NA,0,0,0,NA,NA,NA,,NA,,MEASURED,NOT_RUN,
2026-08-20T16:52:45Z,heterogeneous-a4-w2-warmup-1-integrated,WARMUP,INTEGRATED,4,2,0,APP_250607_46911602,250607,46911602,random,1,8,17841231,12345,160508687403766,5053.419,4634.988,3849251.011,97.013,10120.000,19212.000,15243105.716,4681.784,27.602,5764.000,155608.000,27.602,10444.000,311216.000,37,35,4,540.154,241.395,3904.780,37217.339,172183.769,3125.475,3117.111,202.679,236.667,8438.511,7303.849,6030.810,3768.728,8980.996,3.000,0,0,20,1161859.345,58092.967,1071832.913,1093.541,1100.953,34,MEASURED,INSUFFICIENT,"Error: target PID 250610 is unavailable for one sample.
Error: target PID 250609 is unavailable for one sample.
Error: target PID 250607 is unavailable for one sample."
2026-08-20T16:52:45Z,heterogeneous-a4-w2-warmup-1-integrated,WARMUP,INTEGRATED,4,2,1,APP_250608_46911603,250608,46911603,hot,1,8,17841231,12346,160508688882678,5053.419,3564.213,5005658.381,95.223,9928.000,19212.000,15243105.716,4681.784,27.602,5764.000,155608.000,27.602,10444.000,311216.000,27,27,3,993.317,234.620,4300.688,39548.688,172230.168,3674.130,3660.202,23666.696,24893.475,7762.556,6510.962,5906.213,4708.495,11952.962,3.000,0,0,20,1161859.345,58092.967,1071832.913,1097.398,1106.363,24,MEASURED,INSUFFICIENT,"Error: target PID 250610 is unavailable for one sample.
Error: target PID 250609 is unavailable for one sample.
Error: target PID 250607 is unavailable for one sample."
2026-08-20T16:52:45Z,heterogeneous-a4-w2-warmup-1-integrated,WARMUP,INTEGRATED,4,2,2,APP_250609_46911603,250609,46911603,mixed,1,8,17841231,12347,160508690238760,5053.419,4418.543,4037808.488,95.917,9928.000,19212.000,15243105.716,4681.784,27.602,5764.000,155608.000,27.602,10444.000,311216.000,35,34,4,2551.942,2474.750,7965.475,38653.880,172257.928,3712.508,3706.162,39805.316,48484.182,5606.389,6094.452,5599.066,6295.205,17044.454,3.000,0,0,20,1161859.345,58092.967,1071832.913,1085.845,1103.237,32,MEASURED,INSUFFICIENT,"Error: target PID 250610 is unavailable for one sample.
Error: target PID 250609 is unavailable for one sample.
Error: target PID 250607 is unavailable for one sample."
2026-08-20T16:52:45Z,heterogeneous-a4-w2-warmup-1-integrated,WARMUP,INTEGRATED,4,2,3,APP_250610_46911603,250610,46911603,sequential,1,8,17841231,12348,160508692457185,5053.419,2563.053,6960930.293,98.727,9928.000,19212.000,15243105.716,4681.784,27.602,5764.000,155608.000,27.602,10444.000,311216.000,21,20,2,5485.680,5374.141,8879.082,41801.938,172262.689,3704.352,3695.792,63805.791,64486.783,5206.035,8665.407,8091.727,9228.002,16218.101,3.000,0,0,20,1161859.345,58092.967,1071832.913,1094.987,1094.987,18,MEASURED,INSUFFICIENT,"Error: target PID 250610 is unavailable for one sample.
Error: target PID 250609 is unavailable for one sample.
Error: target PID 250607 is unavailable for one sample."
2026-08-20T16:52:51Z,heterogeneous-a4-w2-warmup-2-integrated,WARMUP,INTEGRATED,4,2,0,APP_250657_46912165,250657,46912165,hot,1,8,17841231,12345,160514309817315,3993.058,3349.301,5326852.290,98.519,9928.000,19212.000,15760190.391,4528.177,27.500,5636.000,155608.000,27.500,10312.000,311216.000,27,26,3,409.464,247.271,1643.255,39727.522,165785.637,2795.743,2786.120,228.873,239.697,5892.384,7407.316,10099.377,3231.309,5776.909,3.000,0,0,20,1161881.129,58094.056,1061037.474,1101.291,1113.375,24,MEASURED,INSUFFICIENT,"Error: target PID 250657 is unavailable for one sample.
Error: target PID 250658 is unavailable for one sample."
2026-08-20T16:52:51Z,heterogeneous-a4-w2-warmup-2-integrated,WARMUP,INTEGRATED,4,2,1,APP_250658_46912165,250658,46912165,mixed,1,8,17841231,12346,160514311085624,3993.058,4171.720,4276708.328,98.729,9928.000,19212.000,15760190.391,4528.177,27.500,5636.000,155608.000,27.500,10312.000,311216.000,33,32,3,1103.140,346.788,4240.154,37692.074,165801.814,3049.934,3041.316,24940.824,31788.879,6596.757,6870.199,6151.791,4247.527,15609.981,3.000,0,0,20,1161881.129,58094.056,1061037.474,1102.063,1111.037,30,MEASURED,INSUFFICIENT,"Error: target PID 250657 is unavailable for one sample.
Error: target PID 250658 is unavailable for one sample."
2026-08-20T16:52:51Z,heterogeneous-a4-w2-warmup-2-integrated,WARMUP,INTEGRATED,4,2,2,APP_250659_46912165,250659,46912165,sequential,1,8,17841231,12347,160514312302606,3993.058,2482.060,7188074.891,99.054,9928.000,19212.000,15760190.391,4528.177,27.500,5636.000,155608.000,27.500,10312.000,311216.000,19,19,2,3084.575,2844.816,4698.475,43810.923,165967.241,3334.494,3328.937,42573.740,45767.779,5585.118,6256.612,7500.430,6571.281,13863.207,3.000,0,0,20,1161881.129,58094.056,1061037.474,1097.485,1097.485,16,MEASURED,INSUFFICIENT,"Error: target PID 250657 is unavailable for one sample.
Error: target PID 250658 is unavailable for one sample."
2026-08-20T16:52:51Z,heterogeneous-a4-w2-warmup-2-integrated,WARMUP,INTEGRATED,4,2,3,APP_250660_46912165,250660,46912165,random,1,8,17841231,12348,160514313810373,3993.058,4500.538,3964244.342,98.099,9928.000,19212.000,15760190.391,4528.177,27.500,5636.000,155608.000,27.500,10312.000,311216.000,35,35,4,3137.779,2764.313,6384.127,36907.016,165962.885,2866.837,2860.072,44787.277,68687.265,5788.113,6687.549,7079.821,6050.427,16203.362,3.000,0,0,20,1161881.129,58094.056,1061037.474,1069.596,1096.607,32,MEASURED,INSUFFICIENT,"Error: target PID 250657 is unavailable for one sample.
Error: target PID 250658 is unavailable for one sample."
2026-08-20T16:52:55Z,heterogeneous-a4-w2-warmup-2-baseline,WARMUP,BASELINE,4,2,0,NA,250706,46912719,hot,1,8,17841231,12345,160519856159866,4738.999,3037.976,5872735.297,99.315,9928.000,19212.000,17091581.617,4175.443,NA,NA,NA,NA,NA,NA,,,,,,,,,,,,,,,,,,NA,0,0,0,NA,NA,NA,,NA,,MEASURED,NOT_RUN,
2026-08-20T16:52:55Z,heterogeneous-a4-w2-warmup-2-baseline,WARMUP,BASELINE,4,2,1,NA,250707,46912719,mixed,1,8,17841231,12346,160519857538650,4738.999,4021.913,4436006.013,99.104,9924.000,19212.000,17091581.617,4175.443,NA,NA,NA,NA,NA,NA,,,,,,,,,,,,,,,,,,NA,0,0,0,NA,NA,NA,,NA,,MEASURED,NOT_RUN,
2026-08-20T16:52:55Z,heterogeneous-a4-w2-warmup-2-baseline,WARMUP,BASELINE,4,2,2,NA,250708,46912720,sequential,1,8,17841231,12347,160519858866123,4738.999,2368.381,7533091.389,98.195,9928.000,19212.000,17091581.617,4175.443,NA,NA,NA,NA,NA,NA,,,,,,,,,,,,,,,,,,NA,0,0,0,NA,NA,NA,,NA,,MEASURED,NOT_RUN,
2026-08-20T16:52:55Z,heterogeneous-a4-w2-warmup-2-baseline,WARMUP,BASELINE,4,2,3,NA,250709,46912720,random,1,8,17841231,12348,160519860898865,4738.999,4139.173,4310337.493,98.873,9928.000,19212.000,17091581.617,4175.443,NA,NA,NA,NA,NA,NA,,,,,,,,,,,,,,,,,,NA,0,0,0,NA,NA,NA,,NA,,MEASURED,NOT_RUN,
2026-08-20T16:53:00Z,heterogeneous-a4-w2-warmup-3-baseline,WARMUP,BASELINE,4,2,0,NA,250714,46913138,mixed,1,8,17841231,12345,160524046752353,4801.142,3964.062,4500744.202,99.425,9928.000,19212.000,15852243.490,4501.882,NA,NA,NA,NA,NA,NA,,,,,,,,,,,,,,,,,,NA,0,0,0,NA,NA,NA,,NA,,MEASURED,NOT_RUN,
2026-08-20T16:53:00Z,heterogeneous-a4-w2-warmup-3-baseline,WARMUP,BASELINE,4,2,1,NA,250715,46913139,sequential,1,8,17841231,12346,160524048470235,4801.142,2373.591,7516555.451,97.054,9928.000,19212.000,15852243.490,4501.882,NA,NA,NA,NA,NA,NA,,,,,,,,,,,,,,,,,,NA,0,0,0,NA,NA,NA,,NA,,MEASURED,NOT_RUN,
2026-08-20T16:53:00Z,heterogeneous-a4-w2-warmup-3-baseline,WARMUP,BASELINE,4,2,2,NA,250716,46913139,random,1,8,17841231,12347,160524050071288,4801.142,4471.905,3989626.460,99.334,9856.000,19212.000,15852243.490,4501.882,NA,NA,NA,NA,NA,NA,,,,,,,,,,,,,,,,,,NA,0,0,0,NA,NA,NA,,NA,,MEASURED,NOT_RUN,
2026-08-20T16:53:00Z,heterogeneous-a4-w2-warmup-3-baseline,WARMUP,BASELINE,4,2,3,NA,250717,46913139,hot,1,8,17841231,12348,160524051553495,4801.142,3155.990,5653133.463,98.577,9928.000,19212.000,15852243.490,4501.882,NA,NA,NA,NA,NA,NA,,,,,,,,,,,,,,,,,,NA,0,0,0,NA,NA,NA,,NA,,MEASURED,NOT_RUN,
2026-08-20T16:53:05Z,heterogeneous-a4-w2-warmup-3-integrated,WARMUP,INTEGRATED,4,2,0,APP_250722_46913590,250722,46913590,mixed,1,8,17841231,12345,160528560985033,4872.321,4490.967,3972692.241,97.542,9928.000,19212.000,14608204.543,4885.263,27.862,5732.000,155608.000,27.862,8316.000,159592.000,36,35,4,360.738,239.205,1460.952,35388.305,187123.372,2879.101,2871.649,218.569,245.008,7986.759,6640.151,5737.303,3348.472,6361.138,3.000,0,0,20,1099898.317,54994.916,1070420.200,1098.160,1125.473,33,MEASURED,INSUFFICIENT,"Error: target PID 250723 is unavailable for one sample.
Error: target PID 250725 is unavailable for one sample.
Error: target PID 250722 is unavailable for one sample."
2026-08-20T16:53:05Z,heterogeneous-a4-w2-warmup-3-integrated,WARMUP,INTEGRATED,4,2,1,APP_250723_46913590,250723,46913590,sequential,1,8,17841231,12346,160528562796595,4872.321,2582.765,6907801.879,97.846,9928.000,19212.000,14608204.543,4885.263,27.862,5732.000,155608.000,27.862,8316.000,159592.000,22,21,2,1189.669,721.014,4215.120,38696.089,187115.106,3319.907,3313.190,19721.898,19868.433,4550.793,6836.199,9917.209,4547.033,13270.645,3.000,0,0,20,1099898.317,54994.916,1070420.200,1095.720,1095.720,19,MEASURED,INSUFFICIENT,"Error: target PID 250723 is unavailable for one sample.
Error: target PID 250725 is unavailable for one sample.
Error: target PID 250722 is unavailable for one sample."
2026-08-20T16:53:05Z,heterogeneous-a4-w2-warmup-3-integrated,WARMUP,INTEGRATED,4,2,2,APP_250724_46913590,250724,46913590,random,1,8,17841231,12347,160528564392380,4872.321,4854.274,3675365.131,97.775,9928.000,19212.000,14608204.543,4885.263,27.862,5732.000,155608.000,27.862,8316.000,159592.000,38,38,4,2126.185,2498.963,5720.486,35071.269,187110.939,3071.500,3062.800,33293.914,47963.595,4959.282,9388.043,6677.766,5233.224,11814.478,3.000,0,0,20,1099898.317,54994.916,1070420.200,1087.304,1106.078,35,MEASURED,INSUFFICIENT,"Error: target PID 250723 is unavailable for one sample.
Error: target PID 250725 is unavailable for one sample.
Error: target PID 250722 is unavailable for one sample."
2026-08-20T16:53:05Z,heterogeneous-a4-w2-warmup-3-integrated,WARMUP,INTEGRATED,4,2,3,APP_250725_46913590,250725,46913590,hot,1,8,17841231,12348,160528565857354,4872.321,3461.023,5154900.478,97.704,9928.000,19212.000,14608204.543,4885.263,27.862,5732.000,155608.000,27.862,8316.000,159592.000,28,27,3,4267.872,3830.111,8856.587,37754.867,187113.408,2686.893,2680.682,63118.514,68532.421,6005.589,6694.912,8297.467,6983.557,15811.866,3.000,0,0,20,1099898.317,54994.916,1070420.200,1101.362,1119.849,25,MEASURED,INSUFFICIENT,"Error: target PID 250723 is unavailable for one sample.
Error: target PID 250725 is unavailable for one sample.
Error: target PID 250722 is unavailable for one sample."
2026-08-20T16:53:11Z,heterogeneous-a4-w2-measured-4-integrated,MEASURED,INTEGRATED,4,2,0,APP_250773_46914148,250773,46914148,sequential,1,8,17841231,12345,160534145913210,4405.083,2583.217,6906593.747,91.930,9928.000,19212.000,15768875.530,4525.682,26.793,5700.000,155608.000,26.793,10380.000,311216.000,22,21,2,521.986,229.894,4321.095,33943.660,165604.040,2410.506,2402.639,230.549,266.899,10482.108,10358.531,8177.297,2959.264,6616.685,3.000,0,0,20,1163402.345,58170.117,1068833.116,1096.999,1096.999,19,MEASURED,INSUFFICIENT,"Error: target PID 250773 is unavailable for one sample.
Error: target PID 250775 is unavailable for one sample.
Error: target PID 250774 is unavailable for one sample."
2026-08-20T16:53:11Z,heterogeneous-a4-w2-measured-4-integrated,MEASURED,INTEGRATED,4,2,1,APP_250774_46914148,250774,46914148,random,1,8,17841231,12346,160534147568548,4405.083,4492.081,3971707.717,96.663,9924.000,19212.000,15768875.530,4525.682,26.793,5700.000,155608.000,26.793,10380.000,311216.000,37,36,4,726.684,200.453,3995.360,32648.394,165638.493,2574.628,2568.210,15342.070,37133.637,5987.653,7376.558,5662.930,3336.585,12147.204,3.000,0,0,20,1163402.345,58170.117,1068833.116,1077.871,1099.504,33,MEASURED,INSUFFICIENT,"Error: target PID 250773 is unavailable for one sample.
Error: target PID 250775 is unavailable for one sample.
Error: target PID 250774 is unavailable for one sample."
2026-08-20T16:53:11Z,heterogeneous-a4-w2-measured-4-integrated,MEASURED,INTEGRATED,4,2,2,APP_250775_46914149,250775,46914149,hot,1,8,17841231,12347,160534148851322,4405.083,3355.182,5317515.661,97.378,9928.000,19212.000,15768875.530,4525.682,26.793,5700.000,155608.000,26.793,10380.000,311216.000,28,27,3,2082.977,2397.111,3916.827,35088.059,165654.263,2802.266,2792.860,41980.368,59360.631,5677.231,6884.073,5585.930,4919.927,9894.150,3.000,0,0,20,1163402.345,58170.117,1068833.116,1089.945,1099.311,24,MEASURED,INSUFFICIENT,"Error: target PID 250773 is unavailable for one sample.
Error: target PID 250775 is unavailable for one sample.
Error: target PID 250774 is unavailable for one sample."
2026-08-20T16:53:11Z,heterogeneous-a4-w2-measured-4-integrated,MEASURED,INTEGRATED,4,2,3,APP_250776_46914149,250776,46914149,mixed,1,8,17841231,12348,160534150318293,4405.083,4268.631,4179614.262,98.027,9924.000,19212.000,15768875.530,4525.682,26.793,5700.000,155608.000,26.793,10380.000,311216.000,35,35,4,3002.853,2744.674,6981.970,32442.037,165656.469,2208.466,2202.337,50081.432,78892.554,4923.379,6602.175,5271.682,5245.244,11346.687,3.000,0,0,20,1163402.345,58170.117,1068833.116,1071.846,1105.235,31,MEASURED,INSUFFICIENT,"Error: target PID 250773 is unavailable for one sample.
Error: target PID 250775 is unavailable for one sample.
Error: target PID 250774 is unavailable for one sample."
2026-08-20T16:53:14Z,heterogeneous-a4-w2-measured-4-baseline,MEASURED,BASELINE,4,2,0,NA,250823,46914705,sequential,1,8,17841231,12345,160539714091508,4153.290,2082.486,8567275.041,99.394,10056.000,19212.000,19975322.528,3572.654,NA,NA,NA,NA,NA,NA,,,,,,,,,,,,,,,,,,NA,0,0,0,NA,NA,NA,,NA,,MEASURED,NOT_RUN,
2026-08-20T16:53:14Z,heterogeneous-a4-w2-measured-4-baseline,MEASURED,BASELINE,4,2,1,NA,250824,46914705,random,1,8,17841231,12346,160539715653391,4153.290,3539.361,5040805.604,99.567,9928.000,19212.000,19975322.528,3572.654,NA,NA,NA,NA,NA,NA,,,,,,,,,,,,,,,,,,NA,0,0,0,NA,NA,NA,,NA,,MEASURED,NOT_RUN,
2026-08-20T16:53:14Z,heterogeneous-a4-w2-measured-4-baseline,MEASURED,BASELINE,4,2,2,NA,250825,46914705,hot,1,8,17841231,12347,160539716817301,4153.290,2683.703,6647990.738,98.826,9928.000,19212.000,19975322.528,3572.654,NA,NA,NA,NA,NA,NA,,,,,,,,,,,,,,,,,,NA,0,0,0,NA,NA,NA,,NA,,MEASURED,NOT_RUN,
2026-08-20T16:53:14Z,heterogeneous-a4-w2-measured-4-baseline,MEASURED,BASELINE,4,2,3,NA,250826,46914706,mixed,1,8,17841231,12348,160539718244798,4153.290,3496.724,5102270.730,99.089,9928.000,19212.000,19975322.528,3572.654,NA,NA,NA,NA,NA,NA,,,,,,,,,,,,,,,,,,NA,0,0,0,NA,NA,NA,,NA,,MEASURED,NOT_RUN,
2026-08-20T16:53:18Z,heterogeneous-a4-w2-measured-5-baseline,MEASURED,BASELINE,4,2,0,NA,250831,46915063,random,1,8,17841231,12345,160543296496027,4298.158,3710.108,4808817.482,99.384,9928.000,19212.000,19077949.341,3740.702,NA,NA,NA,NA,NA,NA,,,,,,,,,,,,,,,,,,NA,0,0,0,NA,NA,NA,,NA,,MEASURED,NOT_RUN,
2026-08-20T16:53:18Z,heterogeneous-a4-w2-measured-5-baseline,MEASURED,BASELINE,4,2,1,NA,250832,46915064,hot,1,8,17841231,12346,160543297767503,4298.158,2520.317,7078962.041,99.026,9992.000,19212.000,19077949.341,3740.702,NA,NA,NA,NA,NA,NA,,,,,,,,,,,,,,,,,,NA,0,0,0,NA,NA,NA,,NA,,MEASURED,NOT_RUN,
2026-08-20T16:53:18Z,heterogeneous-a4-w2-measured-5-baseline,MEASURED,BASELINE,4,2,2,NA,250833,46915064,mixed,1,8,17841231,12347,160543299374991,4298.158,3524.442,5062142.959,98.900,9928.000,19212.000,19077949.341,3740.702,NA,NA,NA,NA,NA,NA,,,,,,,,,,,,,,,,,,NA,0,0,0,NA,NA,NA,,NA,,MEASURED,NOT_RUN,
2026-08-20T16:53:18Z,heterogeneous-a4-w2-measured-5-baseline,MEASURED,BASELINE,4,2,3,NA,250834,46915064,sequential,1,8,17841231,12348,160543300794185,4298.158,2005.413,8896537.794,99.548,9928.000,19212.000,19077949.341,3740.702,NA,NA,NA,NA,NA,NA,,,,,,,,,,,,,,,,,,NA,0,0,0,NA,NA,NA,,NA,,MEASURED,NOT_RUN,
2026-08-20T16:53:22Z,heterogeneous-a4-w2-measured-5-integrated,MEASURED,INTEGRATED,4,2,0,APP_250839_46915438,250839,46915438,random,1,8,17841231,12345,160547044566936,3421.760,4055.374,4399404.654,99.876,9928.000,19212.000,17471184.263,4084.722,25.672,5768.000,155608.000,25.672,10456.000,311216.000,33,32,3,229.868,180.040,856.680,29300.273,68925.557,2094.488,2089.889,188.346,192.617,4866.080,5921.418,5225.561,2341.610,5346.598,3.000,0,0,16,763582.750,47723.922,1053030.391,1076.125,1080.236,32,MEASURED,INSUFFICIENT,"Error: target PID 250840 is unavailable for one sample.
Error: target PID 250841 is unavailable for one sample.
Error: target PID 250839 is unavailable for one sample."
2026-08-20T16:53:22Z,heterogeneous-a4-w2-measured-5-integrated,MEASURED,INTEGRATED,4,2,1,APP_250840_46915438,250840,46915438,hot,1,8,17841231,12346,160547045760596,3421.760,2992.968,5961050.360,99.667,9928.000,19212.000,17471184.263,4084.722,25.672,5768.000,155608.000,25.672,10456.000,311216.000,25,24,2,1055.045,220.409,3611.648,28452.964,68899.352,2513.803,2508.533,18150.810,18935.183,4430.442,6156.961,4909.858,3622.991,8466.427,3.000,0,0,16,763582.750,47723.922,1053030.391,1081.048,1081.048,24,MEASURED,INSUFFICIENT,"Error: target PID 250840 is unavailable for one sample.
Error: target PID 250841 is unavailable for one sample.
Error: target PID 250839 is unavailable for one sample."
2026-08-20T16:53:22Z,heterogeneous-a4-w2-measured-5-integrated,MEASURED,INTEGRATED,4,2,2,APP_250841_46915438,250841,46915438,mixed,1,8,17841231,12347,160547046837135,3421.760,3635.602,4907366.482,98.895,9928.000,19212.000,17471184.263,4084.722,25.672,5768.000,155608.000,25.672,10456.000,311216.000,29,28,3,2084.014,2235.045,4247.931,29556.867,68897.114,2091.815,2076.444,28374.640,35777.902,4937.683,5639.209,4109.892,4202.797,8040.446,3.000,0,0,16,763582.750,47723.922,1053030.391,1069.955,1081.783,28,MEASURED,INSUFFICIENT,"Error: target PID 250840 is unavailable for one sample.
Error: target PID 250841 is unavailable for one sample.
Error: target PID 250839 is unavailable for one sample."
2026-08-20T16:53:22Z,heterogeneous-a4-w2-measured-5-integrated,MEASURED,INTEGRATED,4,2,3,APP_250842_46915439,250842,46915439,sequential,1,8,17841231,12348,160547047988696,3421.760,2074.450,8600461.323,97.601,9928.000,19212.000,17471184.263,4084.722,25.672,5768.000,155608.000,25.672,10456.000,311216.000,17,17,2,3837.198,3440.900,6480.617,27156.439,67338.848,2335.185,2329.340,49222.075,50776.762,6963.916,6259.744,5050.188,6197.987,10426.184,3.000,0,0,16,763582.750,47723.922,1053030.391,1075.425,1075.425,16,MEASURED,INSUFFICIENT,"Error: target PID 250840 is unavailable for one sample.
Error: target PID 250841 is unavailable for one sample.
Error: target PID 250839 is unavailable for one sample."
2026-08-20T16:53:28Z,heterogeneous-a4-w2-measured-6-integrated,MEASURED,INTEGRATED,4,2,0,APP_250880_46915876,250880,46915876,hot,1,8,17841231,12345,160551425996854,3567.549,3293.145,5417686.977,95.536,10056.000,19212.000,15833624.803,4507.175,26.771,5604.000,155608.000,26.771,10156.000,311216.000,27,27,3,682.955,319.546,2268.870,29085.092,127546.340,2970.879,2965.500,215.539,231.403,5033.534,6289.851,6282.384,3683.721,16699.736,3.000,0,0,20,1098204.896,54910.245,1066995.421,1110.354,1119.088,24,MEASURED,INSUFFICIENT,Error: target PID 250883 is unavailable for one sample.
2026-08-20T16:53:28Z,heterogeneous-a4-w2-measured-6-integrated,MEASURED,INTEGRATED,4,2,1,APP_250881_46915876,250881,46915876,mixed,1,8,17841231,12346,160551427522449,3567.549,4347.256,4104021.116,96.521,9928.000,19212.000,15833624.803,4507.175,26.771,5604.000,155608.000,26.771,10156.000,311216.000,35,35,4,1309.948,458.692,3974.788,30275.876,127536.917,3473.692,3465.075,14390.413,19906.774,5603.766,6884.749,6377.929,4809.852,13070.309,3.000,0,0,20,1098204.896,54910.245,1066995.421,1089.471,1113.848,32,MEASURED,INSUFFICIENT,Error: target PID 250883 is unavailable for one sample.
2026-08-20T16:53:28Z,heterogeneous-a4-w2-measured-6-integrated,MEASURED,INTEGRATED,4,2,2,APP_250882_46915877,250882,46915877,sequential,1,8,17841231,12347,160551428574363,3567.549,2464.222,7240105.765,94.756,9928.000,19212.000,15833624.803,4507.175,26.771,5604.000,155608.000,26.771,10156.000,311216.000,21,21,2,3707.402,3445.249,13000.019,28562.754,127539.958,3158.299,3152.811,42943.988,44719.740,7386.561,6636.262,10357.830,7052.351,18673.095,3.000,0,0,20,1098204.896,54910.245,1066995.421,1104.010,1104.010,18,MEASURED,INSUFFICIENT,Error: target PID 250883 is unavailable for one sample.
2026-08-20T16:53:28Z,heterogeneous-a4-w2-measured-6-integrated,MEASURED,INTEGRATED,4,2,3,APP_250883_46915877,250883,46915877,random,1,8,17841231,12348,160551429564403,3567.549,4471.749,3989765.390,98.299,9928.000,19212.000,15833624.803,4507.175,26.771,5604.000,155608.000,26.771,10156.000,311216.000,37,36,4,3718.774,3288.350,15339.202,30687.881,127544.271,2247.126,2240.742,47911.088,70299.513,5038.052,9100.683,6507.484,5996.090,17896.026,3.000,0,0,20,1098204.896,54910.245,1066995.421,1080.525,1106.458,34,MEASURED,INSUFFICIENT,Error: target PID 250883 is unavailable for one sample.
2026-08-20T16:53:32Z,heterogeneous-a4-w2-measured-6-baseline,MEASURED,BASELINE,4,2,0,NA,250930,46916433,hot,1,8,17841231,12345,160556994902516,6846.565,3096.220,5762262.867,99.755,9864.000,19212.000,17774366.256,4015.047,NA,NA,NA,NA,NA,NA,,,,,,,,,,,,,,,,,,NA,0,0,0,NA,NA,NA,,NA,,MEASURED,NOT_RUN,
2026-08-20T16:53:32Z,heterogeneous-a4-w2-measured-6-baseline,MEASURED,BASELINE,4,2,1,NA,250931,46916433,mixed,1,8,17841231,12346,160556996564659,6846.565,3961.221,4503973.022,99.477,9864.000,19212.000,17774366.256,4015.047,NA,NA,NA,NA,NA,NA,,,,,,,,,,,,,,,,,,NA,0,0,0,NA,NA,NA,,NA,,MEASURED,NOT_RUN,
2026-08-20T16:53:32Z,heterogeneous-a4-w2-measured-6-baseline,MEASURED,BASELINE,4,2,2,NA,250932,46916434,sequential,1,8,17841231,12347,160556998331878,6846.565,2268.133,7866042.300,98.463,10184.000,19212.000,17774366.256,4015.047,NA,NA,NA,NA,NA,NA,,,,,,,,,,,,,,,,,,NA,0,0,0,NA,NA,NA,,NA,,MEASURED,NOT_RUN,
2026-08-20T16:53:32Z,heterogeneous-a4-w2-measured-6-baseline,MEASURED,BASELINE,4,2,3,NA,250933,46916434,random,1,8,17841231,12348,160557001749081,6846.565,3979.611,4483159.321,99.186,9928.000,19212.000,17774366.256,4015.047,NA,NA,NA,NA,NA,NA,,,,,,,,,,,,,,,,,,NA,0,0,0,NA,NA,NA,,NA,,MEASURED,NOT_RUN,
2026-08-20T16:53:36Z,heterogeneous-a4-w2-measured-7-baseline,MEASURED,BASELINE,4,2,0,NA,250938,46916836,mixed,1,8,17841231,12345,160561018917819,3893.636,3912.812,4559695.808,99.853,9864.000,19212.000,17748238.783,4020.958,NA,NA,NA,NA,NA,NA,,,,,,,,,,,,,,,,,,NA,0,0,0,NA,NA,NA,,NA,,MEASURED,NOT_RUN,
2026-08-20T16:53:36Z,heterogeneous-a4-w2-measured-7-baseline,MEASURED,BASELINE,4,2,1,NA,250939,46916836,sequential,1,8,17841231,12346,160561020295490,3893.636,2283.416,7813393.987,98.641,9928.000,19212.000,17748238.783,4020.958,NA,NA,NA,NA,NA,NA,,,,,,,,,,,,,,,,,,NA,0,0,0,NA,NA,NA,,NA,,MEASURED,NOT_RUN,
2026-08-20T16:53:36Z,heterogeneous-a4-w2-measured-7-baseline,MEASURED,BASELINE,4,2,2,NA,250940,46916836,random,1,8,17841231,12347,160561021579732,3893.636,3993.477,4467593.070,99.668,9864.000,19212.000,17748238.783,4020.958,NA,NA,NA,NA,NA,NA,,,,,,,,,,,,,,,,,,NA,0,0,0,NA,NA,NA,,NA,,MEASURED,NOT_RUN,
2026-08-20T16:53:36Z,heterogeneous-a4-w2-measured-7-baseline,MEASURED,BASELINE,4,2,3,NA,250941,46916836,hot,1,8,17841231,12348,160561022811455,3893.636,3123.795,5711395.977,98.817,9928.000,19212.000,17748238.783,4020.958,NA,NA,NA,NA,NA,NA,,,,,,,,,,,,,,,,,,NA,0,0,0,NA,NA,NA,,NA,,MEASURED,NOT_RUN,
2026-08-20T16:53:41Z,heterogeneous-a4-w2-measured-7-integrated,MEASURED,INTEGRATED,4,2,0,APP_250946_46917239,250946,46917239,mixed,1,8,17841231,12345,160565050302025,4288.183,4519.608,3947517.308,98.592,10056.000,19212.000,15663320.518,4556.181,28.238,5604.000,155608.000,28.238,7768.000,159580.000,37,37,4,410.770,248.242,2372.878,28695.386,80670.034,2395.893,2389.329,221.768,294.013,5178.124,6705.312,6719.423,2840.426,5549.225,3.000,0,0,20,1080221.399,54011.070,1062416.699,1082.911,1095.791,34,MEASURED,INSUFFICIENT,"Error: target PID 250949 is unavailable for one sample.
Error: target PID 250948 is unavailable for one sample."
2026-08-20T16:53:42Z,heterogeneous-a4-w2-measured-7-integrated,MEASURED,INTEGRATED,4,2,1,APP_250947_46917239,250947,46917239,sequential,1,8,17841231,12346,160565051757547,4288.183,2635.407,6769820.315,99.232,9928.000,19212.000,15663320.518,4556.181,28.238,5604.000,155608.000,28.238,7768.000,159580.000,23,23,2,1745.813,1858.579,4610.126,25865.255,62576.014,3475.781,3468.716,17819.823,19271.704,5200.848,6506.390,5927.644,5250.458,12788.650,3.000,0,0,20,1080221.399,54011.070,1062416.699,1090.633,1090.633,20,MEASURED,INSUFFICIENT,"Error: target PID 250949 is unavailable for one sample.
Error: target PID 250948 is unavailable for one sample."
2026-08-20T16:53:42Z,heterogeneous-a4-w2-measured-7-integrated,MEASURED,INTEGRATED,4,2,2,APP_250948_46917239,250948,46917239,random,1,8,17841231,12347,160565053162631,4288.183,4425.545,4031420.008,99.025,9928.000,19212.000,15663320.518,4556.181,28.238,5604.000,155608.000,28.238,7768.000,159580.000,37,36,4,1963.071,2336.100,6099.974,28695.082,80696.476,2764.085,2758.101,29745.332,37041.518,5577.093,7533.241,6193.987,4764.415,10434.286,3.000,0,0,20,1080221.399,54011.070,1062416.699,1077.972,1096.262,34,MEASURED,INSUFFICIENT,"Error: target PID 250949 is unavailable for one sample.
Error: target PID 250948 is unavailable for one sample."
2026-08-20T16:53:42Z,heterogeneous-a4-w2-measured-7-integrated,MEASURED,INTEGRATED,4,2,3,APP_250949_46917239,250949,46917239,hot,1,8,17841231,12348,160565054590208,4288.183,3353.700,5319864.925,97.075,9864.000,19212.000,15663320.518,4556.181,28.238,5604.000,155608.000,28.238,7768.000,159580.000,29,28,3,4160.192,3401.923,8202.968,27449.651,80742.272,2539.256,2533.703,53845.136,60329.600,6148.537,6953.988,5387.291,6990.038,12988.937,3.000,0,0,20,1080221.399,54011.070,1062416.699,1084.573,1096.245,26,MEASURED,INSUFFICIENT,"Error: target PID 250949 is unavailable for one sample.
Error: target PID 250948 is unavailable for one sample."
2026-08-20T16:53:47Z,heterogeneous-a4-w2-measured-8-integrated,MEASURED,INTEGRATED,4,2,0,APP_250996_46917795,250996,46917795,sequential,1,8,17841231,12345,160570610468543,4462.013,2672.807,6675091.273,99.560,9928.000,19212.000,16396655.328,4352.407,27.015,5456.000,155608.000,27.015,8012.000,159592.000,21,20,2,923.138,290.163,3913.322,41623.754,169836.596,2174.101,2168.139,197.028,202.851,6724.552,7818.035,6734.621,3123.152,8864.942,3.000,0,0,20,1085306.665,54265.333,1067147.719,1116.612,1116.612,18,MEASURED,INSUFFICIENT,"Error: target PID 250996 is unavailable for one sample.
Error: target PID 250998 is unavailable for one sample.
Error: target PID 250999 is unavailable for one sample."
2026-08-20T16:53:47Z,heterogeneous-a4-w2-measured-8-integrated,MEASURED,INTEGRATED,4,2,1,APP_250997_46917795,250997,46917795,random,1,8,17841231,12346,160570612225902,4462.013,4317.754,4132062.739,98.624,9928.000,19212.000,16396655.328,4352.407,27.015,5456.000,155608.000,27.015,8012.000,159592.000,34,34,4,881.306,254.693,4954.002,36770.919,169906.303,3299.332,3290.057,11399.861,29785.669,6328.564,6527.186,5629.653,4232.605,12227.871,3.000,0,0,20,1085306.665,54265.333,1067147.719,1091.677,1115.792,30,MEASURED,INSUFFICIENT,"Error: target PID 250996 is unavailable for one sample.
Error: target PID 250998 is unavailable for one sample.
Error: target PID 250999 is unavailable for one sample."
2026-08-20T16:53:47Z,heterogeneous-a4-w2-measured-8-integrated,MEASURED,INTEGRATED,4,2,2,APP_250998_46917795,250998,46917795,hot,1,8,17841231,12347,160570613652931,4462.013,3636.001,4906827.562,99.024,9928.000,19212.000,16396655.328,4352.407,27.015,5456.000,155608.000,27.015,8012.000,159592.000,29,28,3,1981.930,2286.911,5582.438,38868.900,169893.789,2848.957,2842.908,35475.634,49568.084,5814.606,7982.681,9075.881,4869.641,8668.636,3.000,0,0,20,1085306.665,54265.333,1067147.719,1101.564,1113.313,25,MEASURED,INSUFFICIENT,"Error: target PID 250996 is unavailable for one sample.
Error: target PID 250998 is unavailable for one sample.
Error: target PID 250999 is unavailable for one sample."
2026-08-20T16:53:47Z,heterogeneous-a4-w2-measured-8-integrated,MEASURED,INTEGRATED,4,2,3,APP_250999_46917795,250999,46917795,mixed,1,8,17841231,12348,160570614930556,4462.013,4208.103,4239732.693,99.392,9924.000,19212.000,16396655.328,4352.407,27.015,5456.000,155608.000,27.015,8012.000,159592.000,34,33,3,3402.631,3259.740,7915.444,36778.505,169900.568,2514.715,2509.557,59653.851,71054.353,7566.034,7416.382,7097.606,5946.944,11400.215,3.000,0,0,20,1085306.665,54265.333,1067147.719,1099.990,1113.636,30,MEASURED,INSUFFICIENT,"Error: target PID 250996 is unavailable for one sample.
Error: target PID 250998 is unavailable for one sample.
Error: target PID 250999 is unavailable for one sample."
2026-08-20T16:53:52Z,heterogeneous-a4-w2-measured-8-baseline,MEASURED,BASELINE,4,2,0,NA,251043,46918350,sequential,1,8,17841231,12345,160576165064882,3728.695,2567.627,6948528.836,98.737,9928.000,19212.000,15436140.007,4623.236,NA,NA,NA,NA,NA,NA,,,,,,,,,,,,,,,,,,NA,0,0,0,NA,NA,NA,,NA,,MEASURED,NOT_RUN,
2026-08-20T16:53:52Z,heterogeneous-a4-w2-measured-8-baseline,MEASURED,BASELINE,4,2,1,NA,251044,46918350,random,1,8,17841231,12346,160576166387481,3728.695,4595.459,3882361.443,99.875,9928.000,19212.000,15436140.007,4623.236,NA,NA,NA,NA,NA,NA,,,,,,,,,,,,,,,,,,NA,0,0,0,NA,NA,NA,,NA,,MEASURED,NOT_RUN,
2026-08-20T16:53:52Z,heterogeneous-a4-w2-measured-8-baseline,MEASURED,BASELINE,4,2,2,NA,251045,46918350,hot,1,8,17841231,12347,160576167626215,3728.695,2950.908,6046014.835,99.560,9924.000,19212.000,15436140.007,4623.236,NA,NA,NA,NA,NA,NA,,,,,,,,,,,,,,,,,,NA,0,0,0,NA,NA,NA,,NA,,MEASURED,NOT_RUN,
2026-08-20T16:53:52Z,heterogeneous-a4-w2-measured-8-baseline,MEASURED,BASELINE,4,2,3,NA,251046,46918351,mixed,1,8,17841231,12348,160576168793577,3728.695,3877.108,4601685.237,98.765,9928.000,19212.000,15436140.007,4623.236,NA,NA,NA,NA,NA,NA,,,,,,,,,,,,,,,,,,NA,0,0,0,NA,NA,NA,,NA,,MEASURED,NOT_RUN,
