timestamp,app_id,pid,entity_id,classification,classification_score,f_access,f_threshold,f_gain_memory,f_cost_memory,f_cpu_memory,f_sharing_memory,f_gain_thread,f_cost_thread,f_cpu_thread,f_sharing_thread,memory_score_raw,thread_score_raw,memory_bias,thread_bias,memory_score_final,thread_score_final,decision_margin,epsilon,decision,weight_version,bias_version,status,history_relevance,recorded_at_epoch
2026-10-02T12:29:37,APP_15704_1734961,15704,workload,UNAVAILABLE,-1.000000000,-1.000000000,-1.000000000,-1.000000000,-1.000000000,-1.000000000,-1.000000000,-1.000000000,-1.000000000,-1.000000000,-1.000000000,-1.000000000,-1.000000000,0.000000000,0.000000000,-1.000000000,-1.000000000,NA,0.050000000,INSUFFICIENT_DECISION_SIGNAL,1,1,f_access;f_threshold;f_gain_memory;f_cost_memory;f_cpu_memory;f_sharing_memory;f_gain_thread;f_cost_thread;f_cpu_thread;f_sharing_thread,0.999966436,1790944178
2026-10-02T12:29:37,APP_15704_1734961,15704,workload,UNAVAILABLE,-1.000000000,-1.000000000,-1.000000000,-1.000000000,-1.000000000,-1.000000000,-1.000000000,-1.000000000,-1.000000000,-1.000000000,-1.000000000,-1.000000000,-1.000000000,0.000000000,0.000000000,-1.000000000,-1.000000000,NA,0.050000000,INSUFFICIENT_DECISION_SIGNAL,1,1,f_access;f_threshold;f_gain_memory;f_cost_memory;f_cpu_memory;f_sharing_memory;f_gain_thread;f_cost_thread;f_cpu_thread;f_sharing_thread,0.999966436,1790944178
2026-10-02T12:29:37,APP_15704_1734961,15704,workload,UNAVAILABLE,-1.000000000,-1.000000000,-1.000000000,-1.000000000,-1.000000000,-1.000000000,-1.000000000,-1.000000000,-1.000000000,-1.000000000,-1.000000000,-1.000000000,-1.000000000,0.000000000,0.000000000,-1.000000000,-1.000000000,NA,0.050000000,INSUFFICIENT_DECISION_SIGNAL,1,1,f_access;f_threshold;f_gain_memory;f_cost_memory;f_cpu_memory;f_sharing_memory;f_gain_thread;f_cost_thread;f_cpu_thread;f_sharing_thread,0.999966436,1790944178
2026-10-02T12:29:37,APP_15704_1734961,15704,workload,UNAVAILABLE,-1.000000000,-1.000000000,-1.000000000,-1.000000000,-1.000000000,-1.000000000,-1.000000000,-1.000000000,-1.000000000,-1.000000000,-1.000000000,-1.000000000,-1.000000000,0.000000000,0.000000000,-1.000000000,-1.000000000,NA,0.050000000,INSUFFICIENT_DECISION_SIGNAL,1,1,f_access;f_threshold;f_gain_memory;f_cost_memory;f_cpu_memory;f_sharing_memory;f_gain_thread;f_cost_thread;f_cpu_thread;f_sharing_thread,0.999966436,1790944178
2026-10-02T12:29:37,APP_15704_1734961,15704,workload,UNAVAILABLE,-1.000000000,-1.000000000,-1.000000000,-1.000000000,-1.000000000,-1.000000000,-1.000000000,-1.000000000,-1.000000000,-1.000000000,-1.000000000,-1.000000000,-1.000000000,0.000000000,0.000000000,-1.000000000,-1.000000000,NA,0.050000000,INSUFFICIENT_DECISION_SIGNAL,1,1,f_access;f_threshold;f_gain_memory;f_cost_memory;f_cpu_memory;f_sharing_memory;f_gain_thread;f_cost_thread;f_cpu_thread;f_sharing_thread,0.999966436,1790944178
2026-10-02T12:29:37,APP_15704_1734961,15704,workload,UNAVAILABLE,-1.000000000,-1.000000000,-1.000000000,-1.000000000,-1.000000000,-1.000000000,-1.000000000,-1.000000000,-1.000000000,-1.000000000,-1.000000000,-1.000000000,-1.000000000,0.000000000,0.000000000,-1.000000000,-1.000000000,NA,0.050000000,INSUFFICIENT_DECISION_SIGNAL,1,1,f_access;f_threshold;f_gain_memory;f_cost_memory;f_cpu_memory;f_sharing_memory;f_gain_thread;f_cost_thread;f_cpu_thread;f_sharing_thread,0.999966436,1790944178
2026-10-02T12:29:37,APP_15704_1734961,15704,workload,UNAVAILABLE,-1.000000000,-1.000000000,-1.000000000,-1.000000000,-1.000000000,-1.000000000,-1.000000000,-1.000000000,-1.000000000,-1.000000000,-1.000000000,-1.000000000,-1.000000000,0.000000000,0.000000000,-1.000000000,-1.000000000,NA,0.050000000,INSUFFICIENT_DECISION_SIGNAL,1,1,f_access;f_threshold;f_gain_memory;f_cost_memory;f_cpu_memory;f_sharing_memory;f_gain_thread;f_cost_thread;f_cpu_thread;f_sharing_thread,0.999966436,1790944178
2026-10-02T12:29:37,APP_15704_1734961,15704,workload,UNAVAILABLE,-1.000000000,-1.000000000,-1.000000000,-1.000000000,-1.000000000,-1.000000000,-1.000000000,-1.000000000,-1.000000000,-1.000000000,-1.000000000,-1.000000000,-1.000000000,0.000000000,0.000000000,-1.000000000,-1.000000000,NA,0.050000000,INSUFFICIENT_DECISION_SIGNAL,1,1,f_access;f_threshold;f_gain_memory;f_cost_memory;f_cpu_memory;f_sharing_memory;f_gain_thread;f_cost_thread;f_cpu_thread;f_sharing_thread,0.999966436,1790944178
2026-10-02T12:29:37,APP_15704_1734961,15704,workload,UNAVAILABLE,-1.000000000,-1.000000000,-1.000000000,-1.000000000,-1.000000000,-1.000000000,-1.000000000,-1.000000000,-1.000000000,-1.000000000,-1.000000000,-1.000000000,-1.000000000,0.000000000,0.000000000,-1.000000000,-1.000000000,NA,0.050000000,INSUFFICIENT_DECISION_SIGNAL,1,1,f_access;f_threshold;f_gain_memory;f_cost_memory;f_cpu_memory;f_sharing_memory;f_gain_thread;f_cost_thread;f_cpu_thread;f_sharing_thread,0.999966436,1790944178
2026-10-02T12:29:38,APP_15704_1734961,15704,workload,UNAVAILABLE,-1.000000000,-1.000000000,-1.000000000,-1.000000000,-1.000000000,-1.000000000,-1.000000000,-1.000000000,-1.000000000,-1.000000000,-1.000000000,-1.000000000,-1.000000000,0.000000000,0.000000000,-1.000000000,-1.000000000,NA,0.050000000,INSUFFICIENT_DECISION_SIGNAL,1,1,f_access;f_threshold;f_gain_memory;f_cost_memory;f_cpu_memory;f_sharing_memory;f_gain_thread;f_cost_thread;f_cpu_thread;f_sharing_thread,0.999967593,1790944179
2026-10-02T12:29:38,APP_15704_1734961,15704,workload,UNAVAILABLE,-1.000000000,-1.000000000,-1.000000000,-1.000000000,-1.000000000,-1.000000000,-1.000000000,-1.000000000,-1.000000000,-1.000000000,-1.000000000,-1.000000000,-1.000000000,0.000000000,0.000000000,-1.000000000,-1.000000000,NA,0.050000000,INSUFFICIENT_DECISION_SIGNAL,1,1,f_access;f_threshold;f_gain_memory;f_cost_memory;f_cpu_memory;f_sharing_memory;f_gain_thread;f_cost_thread;f_cpu_thread;f_sharing_thread,0.999967593,1790944179
2026-10-02T12:29:38,APP_15704_1734961,15704,workload,UNAVAILABLE,-1.000000000,-1.000000000,-1.000000000,-1.000000000,-1.000000000,-1.000000000,-1.000000000,-1.000000000,-1.000000000,-1.000000000,-1.000000000,-1.000000000,-1.000000000,0.000000000,0.000000000,-1.000000000,-1.000000000,NA,0.050000000,INSUFFICIENT_DECISION_SIGNAL,1,1,f_access;f_threshold;f_gain_memory;f_cost_memory;f_cpu_memory;f_sharing_memory;f_gain_thread;f_cost_thread;f_cpu_thread;f_sharing_thread,0.999967593,1790944179
2026-10-02T12:29:38,APP_15704_1734961,15704,workload,UNAVAILABLE,-1.000000000,-1.000000000,-1.000000000,-1.000000000,-1.000000000,-1.000000000,-1.000000000,-1.000000000,-1.000000000,-1.000000000,-1.000000000,-1.000000000,-1.000000000,0.000000000,0.000000000,-1.000000000,-1.000000000,NA,0.050000000,INSUFFICIENT_DECISION_SIGNAL,1,1,f_access;f_threshold;f_gain_memory;f_cost_memory;f_cpu_memory;f_sharing_memory;f_gain_thread;f_cost_thread;f_cpu_thread;f_sharing_thread,0.999967593,1790944179
2026-10-02T12:29:38,APP_15704_1734961,15704,workload,UNAVAILABLE,-1.000000000,-1.000000000,-1.000000000,-1.000000000,-1.000000000,-1.000000000,-1.000000000,-1.000000000,-1.000000000,-1.000000000,-1.000000000,-1.000000000,-1.000000000,0.000000000,0.000000000,-1.000000000,-1.000000000,NA,0.050000000,INSUFFICIENT_DECISION_SIGNAL,1,1,f_access;f_threshold;f_gain_memory;f_cost_memory;f_cpu_memory;f_sharing_memory;f_gain_thread;f_cost_thread;f_cpu_thread;f_sharing_thread,0.999967593,1790944179
2026-10-02T12:29:38,APP_15704_1734961,15704,workload,UNAVAILABLE,-1.000000000,-1.000000000,-1.000000000,-1.000000000,-1.000000000,-1.000000000,-1.000000000,-1.000000000,-1.000000000,-1.000000000,-1.000000000,-1.000000000,-1.000000000,0.000000000,0.000000000,-1.000000000,-1.000000000,NA,0.050000000,INSUFFICIENT_DECISION_SIGNAL,1,1,f_access;f_threshold;f_gain_memory;f_cost_memory;f_cpu_memory;f_sharing_memory;f_gain_thread;f_cost_thread;f_cpu_thread;f_sharing_thread,0.999967593,1790944179
2026-10-02T12:29:38,APP_15704_1734961,15704,workload,UNAVAILABLE,-1.000000000,-1.000000000,-1.000000000,-1.000000000,-1.000000000,-1.000000000,-1.000000000,-1.000000000,-1.000000000,-1.000000000,-1.000000000,-1.000000000,-1.000000000,0.000000000,0.000000000,-1.000000000,-1.000000000,NA,0.050000000,INSUFFICIENT_DECISION_SIGNAL,1,1,f_access;f_threshold;f_gain_memory;f_cost_memory;f_cpu_memory;f_sharing_memory;f_gain_thread;f_cost_thread;f_cpu_thread;f_sharing_thread,0.999967593,1790944179
2026-10-02T12:29:39,APP_15704_1734961,15704,workload,UNAVAILABLE,-1.000000000,-1.000000000,-1.000000000,-1.000000000,-1.000000000,-1.000000000,-1.000000000,-1.000000000,-1.000000000,-1.000000000,-1.000000000,-1.000000000,-1.000000000,0.000000000,0.000000000,-1.000000000,-1.000000000,NA,0.050000000,INSUFFICIENT_DECISION_SIGNAL,1,1,f_access;f_threshold;f_gain_memory;f_cost_memory;f_cpu_memory;f_sharing_memory;f_gain_thread;f_cost_thread;f_cpu_thread;f_sharing_thread,0.999967593,1790944179
2026-10-02T12:29:39,APP_15704_1734961,15704,workload,UNAVAILABLE,-1.000000000,-1.000000000,-1.000000000,-1.000000000,-1.000000000,-1.000000000,-1.000000000,-1.000000000,-1.000000000,-1.000000000,-1.000000000,-1.000000000,-1.000000000,0.000000000,0.000000000,-1.000000000,-1.000000000,NA,0.050000000,INSUFFICIENT_DECISION_SIGNAL,1,1,f_access;f_threshold;f_gain_memory;f_cost_memory;f_cpu_memory;f_sharing_memory;f_gain_thread;f_cost_thread;f_cpu_thread;f_sharing_thread,0.999967593,1790944179
2026-10-02T12:29:39,APP_15704_1734961,15704,workload,UNAVAILABLE,-1.000000000,-1.000000000,-1.000000000,-1.000000000,-1.000000000,-1.000000000,-1.000000000,-1.000000000,-1.000000000,-1.000000000,-1.000000000,-1.000000000,-1.000000000,0.000000000,0.000000000,-1.000000000,-1.000000000,NA,0.050000000,INSUFFICIENT_DECISION_SIGNAL,1,1,f_access;f_threshold;f_gain_memory;f_cost_memory;f_cpu_memory;f_sharing_memory;f_gain_thread;f_cost_thread;f_cpu_thread;f_sharing_thread,0.999968750,1790944180
2026-10-02T12:29:39,APP_15704_1734961,15704,workload,UNAVAILABLE,-1.000000000,-1.000000000,-1.000000000,-1.000000000,-1.000000000,-1.000000000,-1.000000000,-1.000000000,-1.000000000,-1.000000000,-1.000000000,-1.000000000,-1.000000000,0.000000000,0.000000000,-1.000000000,-1.000000000,NA,0.050000000,INSUFFICIENT_DECISION_SIGNAL,1,1,f_access;f_threshold;f_gain_memory;f_cost_memory;f_cpu_memory;f_sharing_memory;f_gain_thread;f_cost_thread;f_cpu_thread;f_sharing_thread,0.999968750,1790944180
2026-10-02T12:29:39,APP_15704_1734961,15704,workload,UNAVAILABLE,-1.000000000,-1.000000000,-1.000000000,-1.000000000,-1.000000000,-1.000000000,-1.000000000,-1.000000000,-1.000000000,-1.000000000,-1.000000000,-1.000000000,-1.000000000,0.000000000,0.000000000,-1.000000000,-1.000000000,NA,0.050000000,INSUFFICIENT_DECISION_SIGNAL,1,1,f_access;f_threshold;f_gain_memory;f_cost_memory;f_cpu_memory;f_sharing_memory;f_gain_thread;f_cost_thread;f_cpu_thread;f_sharing_thread,0.999968750,1790944180
2026-10-02T12:29:39,APP_15704_1734961,15704,workload,UNAVAILABLE,-1.000000000,-1.000000000,-1.000000000,-1.000000000,-1.000000000,-1.000000000,-1.000000000,-1.000000000,-1.000000000,-1.000000000,-1.000000000,-1.000000000,-1.000000000,0.000000000,0.000000000,-1.000000000,-1.000000000,NA,0.050000000,INSUFFICIENT_DECISION_SIGNAL,1,1,f_access;f_threshold;f_gain_memory;f_cost_memory;f_cpu_memory;f_sharing_memory;f_gain_thread;f_cost_thread;f_cpu_thread;f_sharing_thread,0.999968750,1790944180
2026-10-02T12:29:39,APP_15704_1734961,15704,workload,UNAVAILABLE,-1.000000000,-1.000000000,-1.000000000,-1.000000000,-1.000000000,-1.000000000,-1.000000000,-1.000000000,-1.000000000,-1.000000000,-1.000000000,-1.000000000,-1.000000000,0.000000000,0.000000000,-1.000000000,-1.000000000,NA,0.050000000,INSUFFICIENT_DECISION_SIGNAL,1,1,f_access;f_threshold;f_gain_memory;f_cost_memory;f_cpu_memory;f_sharing_memory;f_gain_thread;f_cost_thread;f_cpu_thread;f_sharing_thread,0.999968750,1790944180
2026-10-02T12:29:39,APP_15704_1734961,15704,workload,UNAVAILABLE,-1.000000000,-1.000000000,-1.000000000,-1.000000000,-1.000000000,-1.000000000,-1.000000000,-1.000000000,-1.000000000,-1.000000000,-1.000000000,-1.000000000,-1.000000000,0.000000000,0.000000000,-1.000000000,-1.000000000,NA,0.050000000,INSUFFICIENT_DECISION_SIGNAL,1,1,f_access;f_threshold;f_gain_memory;f_cost_memory;f_cpu_memory;f_sharing_memory;f_gain_thread;f_cost_thread;f_cpu_thread;f_sharing_thread,0.999968750,1790944180
2026-10-02T12:29:39,APP_15704_1734961,15704,workload,UNAVAILABLE,-1.000000000,-1.000000000,-1.000000000,-1.000000000,-1.000000000,-1.000000000,-1.000000000,-1.000000000,-1.000000000,-1.000000000,-1.000000000,-1.000000000,-1.000000000,0.000000000,0.000000000,-1.000000000,-1.000000000,NA,0.050000000,INSUFFICIENT_DECISION_SIGNAL,1,1,f_access;f_threshold;f_gain_memory;f_cost_memory;f_cpu_memory;f_sharing_memory;f_gain_thread;f_cost_thread;f_cpu_thread;f_sharing_thread,0.999968750,1790944180
2026-10-02T12:29:40,APP_15704_1734961,15704,workload,UNAVAILABLE,-1.000000000,-1.000000000,-1.000000000,-1.000000000,-1.000000000,-1.000000000,-1.000000000,-1.000000000,-1.000000000,-1.000000000,-1.000000000,-1.000000000,-1.000000000,0.000000000,0.000000000,-1.000000000,-1.000000000,NA,0.050000000,INSUFFICIENT_DECISION_SIGNAL,1,1,f_access;f_threshold;f_gain_memory;f_cost_memory;f_cpu_memory;f_sharing_memory;f_gain_thread;f_cost_thread;f_cpu_thread;f_sharing_thread,0.999968750,1790944180
2026-10-02T12:29:40,APP_15704_1734961,15704,workload,UNAVAILABLE,-1.000000000,-1.000000000,-1.000000000,-1.000000000,-1.000000000,-1.000000000,-1.000000000,-1.000000000,-1.000000000,-1.000000000,-1.000000000,-1.000000000,-1.000000000,0.000000000,0.000000000,-1.000000000,-1.000000000,NA,0.050000000,INSUFFICIENT_DECISION_SIGNAL,1,1,f_access;f_threshold;f_gain_memory;f_cost_memory;f_cpu_memory;f_sharing_memory;f_gain_thread;f_cost_thread;f_cpu_thread;f_sharing_thread,0.999968750,1790944180
2026-10-02T12:29:40,APP_15704_1734961,15704,workload,UNAVAILABLE,-1.000000000,-1.000000000,-1.000000000,-1.000000000,-1.000000000,-1.000000000,-1.000000000,-1.000000000,-1.000000000,-1.000000000,-1.000000000,-1.000000000,-1.000000000,0.000000000,0.000000000,-1.000000000,-1.000000000,NA,0.050000000,INSUFFICIENT_DECISION_SIGNAL,1,1,f_access;f_threshold;f_gain_memory;f_cost_memory;f_cpu_memory;f_sharing_memory;f_gain_thread;f_cost_thread;f_cpu_thread;f_sharing_thread,0.999969908,1790944181
2026-10-02T12:29:40,APP_15704_1734961,15704,workload,UNAVAILABLE,-1.000000000,-1.000000000,-1.000000000,-1.000000000,-1.000000000,-1.000000000,-1.000000000,-1.000000000,-1.000000000,-1.000000000,-1.000000000,-1.000000000,-1.000000000,0.000000000,0.000000000,-1.000000000,-1.000000000,NA,0.050000000,INSUFFICIENT_DECISION_SIGNAL,1,1,f_access;f_threshold;f_gain_memory;f_cost_memory;f_cpu_memory;f_sharing_memory;f_gain_thread;f_cost_thread;f_cpu_thread;f_sharing_thread,0.999969908,1790944181
2026-10-02T12:29:40,APP_15704_1734961,15704,workload,UNAVAILABLE,-1.000000000,-1.000000000,-1.000000000,-1.000000000,-1.000000000,-1.000000000,-1.000000000,-1.000000000,-1.000000000,-1.000000000,-1.000000000,-1.000000000,-1.000000000,0.000000000,0.000000000,-1.000000000,-1.000000000,NA,0.050000000,INSUFFICIENT_DECISION_SIGNAL,1,1,f_access;f_threshold;f_gain_memory;f_cost_memory;f_cpu_memory;f_sharing_memory;f_gain_thread;f_cost_thread;f_cpu_thread;f_sharing_thread,0.999969908,1790944181
2026-10-02T12:29:40,APP_15704_1734961,15704,workload,UNAVAILABLE,-1.000000000,-1.000000000,-1.000000000,-1.000000000,-1.000000000,-1.000000000,-1.000000000,-1.000000000,-1.000000000,-1.000000000,-1.000000000,-1.000000000,-1.000000000,0.000000000,0.000000000,-1.000000000,-1.000000000,NA,0.050000000,INSUFFICIENT_DECISION_SIGNAL,1,1,f_access;f_threshold;f_gain_memory;f_cost_memory;f_cpu_memory;f_sharing_memory;f_gain_thread;f_cost_thread;f_cpu_thread;f_sharing_thread,0.999969908,1790944181
2026-10-02T12:29:40,APP_15704_1734961,15704,workload,UNAVAILABLE,-1.000000000,-1.000000000,-1.000000000,-1.000000000,-1.000000000,-1.000000000,-1.000000000,-1.000000000,-1.000000000,-1.000000000,-1.000000000,-1.000000000,-1.000000000,0.000000000,0.000000000,-1.000000000,-1.000000000,NA,0.050000000,INSUFFICIENT_DECISION_SIGNAL,1,1,f_access;f_threshold;f_gain_memory;f_cost_memory;f_cpu_memory;f_sharing_memory;f_gain_thread;f_cost_thread;f_cpu_thread;f_sharing_thread,0.999969908,1790944181
2026-10-02T12:29:40,APP_15704_1734961,15704,workload,UNAVAILABLE,-1.000000000,-1.000000000,-1.000000000,-1.000000000,-1.000000000,-1.000000000,-1.000000000,-1.000000000,-1.000000000,-1.000000000,-1.000000000,-1.000000000,-1.000000000,0.000000000,0.000000000,-1.000000000,-1.000000000,NA,0.050000000,INSUFFICIENT_DECISION_SIGNAL,1,1,f_access;f_threshold;f_gain_memory;f_cost_memory;f_cpu_memory;f_sharing_memory;f_gain_thread;f_cost_thread;f_cpu_thread;f_sharing_thread,0.999969908,1790944181
2026-10-02T12:29:41,APP_15704_1734961,15704,workload,UNAVAILABLE,-1.000000000,-1.000000000,-1.000000000,-1.000000000,-1.000000000,-1.000000000,-1.000000000,-1.000000000,-1.000000000,-1.000000000,-1.000000000,-1.000000000,-1.000000000,0.000000000,0.000000000,-1.000000000,-1.000000000,NA,0.050000000,INSUFFICIENT_DECISION_SIGNAL,1,1,f_access;f_threshold;f_gain_memory;f_cost_memory;f_cpu_memory;f_sharing_memory;f_gain_thread;f_cost_thread;f_cpu_thread;f_sharing_thread,0.999969908,1790944181
2026-10-02T12:29:41,APP_15704_1734961,15704,workload,UNAVAILABLE,-1.000000000,-1.000000000,-1.000000000,-1.000000000,-1.000000000,-1.000000000,-1.000000000,-1.000000000,-1.000000000,-1.000000000,-1.000000000,-1.000000000,-1.000000000,0.000000000,0.000000000,-1.000000000,-1.000000000,NA,0.050000000,INSUFFICIENT_DECISION_SIGNAL,1,1,f_access;f_threshold;f_gain_memory;f_cost_memory;f_cpu_memory;f_sharing_memory;f_gain_thread;f_cost_thread;f_cpu_thread;f_sharing_thread,0.999969908,1790944181
2026-10-02T12:29:41,APP_15704_1734961,15704,workload,UNAVAILABLE,-1.000000000,-1.000000000,-1.000000000,-1.000000000,-1.000000000,-1.000000000,-1.000000000,-1.000000000,-1.000000000,-1.000000000,-1.000000000,-1.000000000,-1.000000000,0.000000000,0.000000000,-1.000000000,-1.000000000,NA,0.050000000,INSUFFICIENT_DECISION_SIGNAL,1,1,f_access;f_threshold;f_gain_memory;f_cost_memory;f_cpu_memory;f_sharing_memory;f_gain_thread;f_cost_thread;f_cpu_thread;f_sharing_thread,0.999971065,1790944182
2026-10-02T12:29:41,APP_15704_1734961,15704,workload,UNAVAILABLE,-1.000000000,-1.000000000,-1.000000000,-1.000000000,-1.000000000,-1.000000000,-1.000000000,-1.000000000,-1.000000000,-1.000000000,-1.000000000,-1.000000000,-1.000000000,0.000000000,0.000000000,-1.000000000,-1.000000000,NA,0.050000000,INSUFFICIENT_DECISION_SIGNAL,1,1,f_access;f_threshold;f_gain_memory;f_cost_memory;f_cpu_memory;f_sharing_memory;f_gain_thread;f_cost_thread;f_cpu_thread;f_sharing_thread,0.999971065,1790944182
2026-10-02T12:29:41,APP_15704_1734961,15704,workload,UNAVAILABLE,-1.000000000,-1.000000000,-1.000000000,-1.000000000,-1.000000000,-1.000000000,-1.000000000,-1.000000000,-1.000000000,-1.000000000,-1.000000000,-1.000000000,-1.000000000,0.000000000,0.000000000,-1.000000000,-1.000000000,NA,0.050000000,INSUFFICIENT_DECISION_SIGNAL,1,1,f_access;f_threshold;f_gain_memory;f_cost_memory;f_cpu_memory;f_sharing_memory;f_gain_thread;f_cost_thread;f_cpu_thread;f_sharing_thread,0.999971065,1790944182
2026-10-02T12:29:41,APP_15704_1734961,15704,workload,UNAVAILABLE,-1.000000000,-1.000000000,-1.000000000,-1.000000000,-1.000000000,-1.000000000,-1.000000000,-1.000000000,-1.000000000,-1.000000000,-1.000000000,-1.000000000,-1.000000000,0.000000000,0.000000000,-1.000000000,-1.000000000,NA,0.050000000,INSUFFICIENT_DECISION_SIGNAL,1,1,f_access;f_threshold;f_gain_memory;f_cost_memory;f_cpu_memory;f_sharing_memory;f_gain_thread;f_cost_thread;f_cpu_thread;f_sharing_thread,0.999971065,1790944182
2026-10-02T12:29:41,APP_15704_1734961,15704,workload,UNAVAILABLE,-1.000000000,-1.000000000,-1.000000000,-1.000000000,-1.000000000,-1.000000000,-1.000000000,-1.000000000,-1.000000000,-1.000000000,-1.000000000,-1.000000000,-1.000000000,0.000000000,0.000000000,-1.000000000,-1.000000000,NA,0.050000000,INSUFFICIENT_DECISION_SIGNAL,1,1,f_access;f_threshold;f_gain_memory;f_cost_memory;f_cpu_memory;f_sharing_memory;f_gain_thread;f_cost_thread;f_cpu_thread;f_sharing_thread,0.999971065,1790944182
2026-10-02T12:29:42,APP_15704_1734961,15704,workload,UNAVAILABLE,-1.000000000,-1.000000000,-1.000000000,-1.000000000,-1.000000000,-1.000000000,-1.000000000,-1.000000000,-1.000000000,-1.000000000,-1.000000000,-1.000000000,-1.000000000,0.000000000,0.000000000,-1.000000000,-1.000000000,NA,0.050000000,INSUFFICIENT_DECISION_SIGNAL,1,1,f_access;f_threshold;f_gain_memory;f_cost_memory;f_cpu_memory;f_sharing_memory;f_gain_thread;f_cost_thread;f_cpu_thread;f_sharing_thread,0.999971065,1790944182
2026-10-02T12:29:42,APP_15704_1734961,15704,workload,UNAVAILABLE,-1.000000000,-1.000000000,-1.000000000,-1.000000000,-1.000000000,-1.000000000,-1.000000000,-1.000000000,-1.000000000,-1.000000000,-1.000000000,-1.000000000,-1.000000000,0.000000000,0.000000000,-1.000000000,-1.000000000,NA,0.050000000,INSUFFICIENT_DECISION_SIGNAL,1,1,f_access;f_threshold;f_gain_memory;f_cost_memory;f_cpu_memory;f_sharing_memory;f_gain_thread;f_cost_thread;f_cpu_thread;f_sharing_thread,0.999971065,1790944182
2026-10-02T12:29:42,APP_15704_1734961,15704,workload,UNAVAILABLE,-1.000000000,-1.000000000,-1.000000000,-1.000000000,-1.000000000,-1.000000000,-1.000000000,-1.000000000,-1.000000000,-1.000000000,-1.000000000,-1.000000000,-1.000000000,0.000000000,0.000000000,-1.000000000,-1.000000000,NA,0.050000000,INSUFFICIENT_DECISION_SIGNAL,1,1,f_access;f_threshold;f_gain_memory;f_cost_memory;f_cpu_memory;f_sharing_memory;f_gain_thread;f_cost_thread;f_cpu_thread;f_sharing_thread,0.999971065,1790944182
2026-10-02T12:29:42,APP_15704_1734961,15704,workload,UNAVAILABLE,-1.000000000,-1.000000000,-1.000000000,-1.000000000,-1.000000000,-1.000000000,-1.000000000,-1.000000000,-1.000000000,-1.000000000,-1.000000000,-1.000000000,-1.000000000,0.000000000,0.000000000,-1.000000000,-1.000000000,NA,0.050000000,INSUFFICIENT_DECISION_SIGNAL,1,1,f_access;f_threshold;f_gain_memory;f_cost_memory;f_cpu_memory;f_sharing_memory;f_gain_thread;f_cost_thread;f_cpu_thread;f_sharing_thread,0.999972223,1790944183
2026-10-02T12:29:42,APP_15704_1734961,15704,workload,UNAVAILABLE,-1.000000000,-1.000000000,-1.000000000,-1.000000000,-1.000000000,-1.000000000,-1.000000000,-1.000000000,-1.000000000,-1.000000000,-1.000000000,-1.000000000,-1.000000000,0.000000000,0.000000000,-1.000000000,-1.000000000,NA,0.050000000,INSUFFICIENT_DECISION_SIGNAL,1,1,f_access;f_threshold;f_gain_memory;f_cost_memory;f_cpu_memory;f_sharing_memory;f_gain_thread;f_cost_thread;f_cpu_thread;f_sharing_thread,0.999972223,1790944183
2026-10-02T12:29:42,APP_15704_1734961,15704,workload,UNAVAILABLE,-1.000000000,-1.000000000,-1.000000000,-1.000000000,-1.000000000,-1.000000000,-1.000000000,-1.000000000,-1.000000000,-1.000000000,-1.000000000,-1.000000000,-1.000000000,0.000000000,0.000000000,-1.000000000,-1.000000000,NA,0.050000000,INSUFFICIENT_DECISION_SIGNAL,1,1,f_access;f_threshold;f_gain_memory;f_cost_memory;f_cpu_memory;f_sharing_memory;f_gain_thread;f_cost_thread;f_cpu_thread;f_sharing_thread,0.999972223,1790944183
2026-10-02T12:29:42,APP_15704_1734961,15704,workload,UNAVAILABLE,-1.000000000,-1.000000000,-1.000000000,-1.000000000,-1.000000000,-1.000000000,-1.000000000,-1.000000000,-1.000000000,-1.000000000,-1.000000000,-1.000000000,-1.000000000,0.000000000,0.000000000,-1.000000000,-1.000000000,NA,0.050000000,INSUFFICIENT_DECISION_SIGNAL,1,1,f_access;f_threshold;f_gain_memory;f_cost_memory;f_cpu_memory;f_sharing_memory;f_gain_thread;f_cost_thread;f_cpu_thread;f_sharing_thread,0.999972223,1790944183
2026-10-02T12:29:43,APP_15704_1734961,15704,workload,UNAVAILABLE,-1.000000000,-1.000000000,-1.000000000,-1.000000000,-1.000000000,-1.000000000,-1.000000000,-1.000000000,-1.000000000,-1.000000000,-1.000000000,-1.000000000,-1.000000000,0.000000000,0.000000000,-1.000000000,-1.000000000,NA,0.050000000,INSUFFICIENT_DECISION_SIGNAL,1,1,f_access;f_threshold;f_gain_memory;f_cost_memory;f_cpu_memory;f_sharing_memory;f_gain_thread;f_cost_thread;f_cpu_thread;f_sharing_thread,0.999972223,1790944183
2026-10-02T12:29:43,APP_15704_1734961,15704,workload,UNAVAILABLE,-1.000000000,-1.000000000,-1.000000000,-1.000000000,-1.000000000,-1.000000000,-1.000000000,-1.000000000,-1.000000000,-1.000000000,-1.000000000,-1.000000000,-1.000000000,0.000000000,0.000000000,-1.000000000,-1.000000000,NA,0.050000000,INSUFFICIENT_DECISION_SIGNAL,1,1,f_access;f_threshold;f_gain_memory;f_cost_memory;f_cpu_memory;f_sharing_memory;f_gain_thread;f_cost_thread;f_cpu_thread;f_sharing_thread,0.999972223,1790944183
2026-10-02T12:29:43,APP_15704_1734961,15704,workload,UNAVAILABLE,-1.000000000,-1.000000000,-1.000000000,-1.000000000,-1.000000000,-1.000000000,-1.000000000,-1.000000000,-1.000000000,-1.000000000,-1.000000000,-1.000000000,-1.000000000,0.000000000,0.000000000,-1.000000000,-1.000000000,NA,0.050000000,INSUFFICIENT_DECISION_SIGNAL,1,1,f_access;f_threshold;f_gain_memory;f_cost_memory;f_cpu_memory;f_sharing_memory;f_gain_thread;f_cost_thread;f_cpu_thread;f_sharing_thread,0.999972223,1790944183
2026-10-02T12:29:43,APP_15704_1734961,15704,workload,UNAVAILABLE,-1.000000000,-1.000000000,-1.000000000,-1.000000000,-1.000000000,-1.000000000,-1.000000000,-1.000000000,-1.000000000,-1.000000000,-1.000000000,-1.000000000,-1.000000000,0.000000000,0.000000000,-1.000000000,-1.000000000,NA,0.050000000,INSUFFICIENT_DECISION_SIGNAL,1,1,f_access;f_threshold;f_gain_memory;f_cost_memory;f_cpu_memory;f_sharing_memory;f_gain_thread;f_cost_thread;f_cpu_thread;f_sharing_thread,0.999972223,1790944183
2026-10-02T12:29:43,APP_15704_1734961,15704,workload,UNAVAILABLE,-1.000000000,-1.000000000,-1.000000000,-1.000000000,-1.000000000,-1.000000000,-1.000000000,-1.000000000,-1.000000000,-1.000000000,-1.000000000,-1.000000000,-1.000000000,0.000000000,0.000000000,-1.000000000,-1.000000000,NA,0.050000000,INSUFFICIENT_DECISION_SIGNAL,1,1,f_access;f_threshold;f_gain_memory;f_cost_memory;f_cpu_memory;f_sharing_memory;f_gain_thread;f_cost_thread;f_cpu_thread;f_sharing_thread,0.999973380,1790944184
2026-10-02T12:29:43,APP_15704_1734961,15704,workload,UNAVAILABLE,-1.000000000,-1.000000000,-1.000000000,-1.000000000,-1.000000000,-1.000000000,-1.000000000,-1.000000000,-1.000000000,-1.000000000,-1.000000000,-1.000000000,-1.000000000,0.000000000,0.000000000,-1.000000000,-1.000000000,NA,0.050000000,INSUFFICIENT_DECISION_SIGNAL,1,1,f_access;f_threshold;f_gain_memory;f_cost_memory;f_cpu_memory;f_sharing_memory;f_gain_thread;f_cost_thread;f_cpu_thread;f_sharing_thread,0.999973380,1790944184
2026-10-02T12:29:43,APP_15704_1734961,15704,workload,UNAVAILABLE,-1.000000000,-1.000000000,-1.000000000,-1.000000000,-1.000000000,-1.000000000,-1.000000000,-1.000000000,-1.000000000,-1.000000000,-1.000000000,-1.000000000,-1.000000000,0.000000000,0.000000000,-1.000000000,-1.000000000,NA,0.050000000,INSUFFICIENT_DECISION_SIGNAL,1,1,f_access;f_threshold;f_gain_memory;f_cost_memory;f_cpu_memory;f_sharing_memory;f_gain_thread;f_cost_thread;f_cpu_thread;f_sharing_thread,0.999973380,1790944184
2026-10-02T12:29:43,APP_15704_1734961,15704,workload,UNAVAILABLE,-1.000000000,-1.000000000,-1.000000000,-1.000000000,-1.000000000,-1.000000000,-1.000000000,-1.000000000,-1.000000000,-1.000000000,-1.000000000,-1.000000000,-1.000000000,0.000000000,0.000000000,-1.000000000,-1.000000000,NA,0.050000000,INSUFFICIENT_DECISION_SIGNAL,1,1,f_access;f_threshold;f_gain_memory;f_cost_memory;f_cpu_memory;f_sharing_memory;f_gain_thread;f_cost_thread;f_cpu_thread;f_sharing_thread,0.999973380,1790944184
2026-10-02T12:29:44,APP_15704_1734961,15704,workload,UNAVAILABLE,-1.000000000,-1.000000000,-1.000000000,-1.000000000,-1.000000000,-1.000000000,-1.000000000,-1.000000000,-1.000000000,-1.000000000,-1.000000000,-1.000000000,-1.000000000,0.000000000,0.000000000,-1.000000000,-1.000000000,NA,0.050000000,INSUFFICIENT_DECISION_SIGNAL,1,1,f_access;f_threshold;f_gain_memory;f_cost_memory;f_cpu_memory;f_sharing_memory;f_gain_thread;f_cost_thread;f_cpu_thread;f_sharing_thread,0.999973380,1790944184
2026-10-02T12:29:44,APP_15704_1734961,15704,workload,UNAVAILABLE,-1.000000000,-1.000000000,-1.000000000,-1.000000000,-1.000000000,-1.000000000,-1.000000000,-1.000000000,-1.000000000,-1.000000000,-1.000000000,-1.000000000,-1.000000000,0.000000000,0.000000000,-1.000000000,-1.000000000,NA,0.050000000,INSUFFICIENT_DECISION_SIGNAL,1,1,f_access;f_threshold;f_gain_memory;f_cost_memory;f_cpu_memory;f_sharing_memory;f_gain_thread;f_cost_thread;f_cpu_thread;f_sharing_thread,0.999973380,1790944184
2026-10-02T12:29:44,APP_15704_1734961,15704,workload,UNAVAILABLE,-1.000000000,-1.000000000,-1.000000000,-1.000000000,-1.000000000,-1.000000000,-1.000000000,-1.000000000,-1.000000000,-1.000000000,-1.000000000,-1.000000000,-1.000000000,0.000000000,0.000000000,-1.000000000,-1.000000000,NA,0.050000000,INSUFFICIENT_DECISION_SIGNAL,1,1,f_access;f_threshold;f_gain_memory;f_cost_memory;f_cpu_memory;f_sharing_memory;f_gain_thread;f_cost_thread;f_cpu_thread;f_sharing_thread,0.999973380,1790944184
2026-10-02T12:29:44,APP_15704_1734961,15704,workload,UNAVAILABLE,-1.000000000,-1.000000000,-1.000000000,-1.000000000,-1.000000000,-1.000000000,-1.000000000,-1.000000000,-1.000000000,-1.000000000,-1.000000000,-1.000000000,-1.000000000,0.000000000,0.000000000,-1.000000000,-1.000000000,NA,0.050000000,INSUFFICIENT_DECISION_SIGNAL,1,1,f_access;f_threshold;f_gain_memory;f_cost_memory;f_cpu_memory;f_sharing_memory;f_gain_thread;f_cost_thread;f_cpu_thread;f_sharing_thread,0.999973380,1790944184
2026-10-02T12:29:44,APP_15704_1734961,15704,workload,UNAVAILABLE,-1.000000000,-1.000000000,-1.000000000,-1.000000000,-1.000000000,-1.000000000,-1.000000000,-1.000000000,-1.000000000,-1.000000000,-1.000000000,-1.000000000,-1.000000000,0.000000000,0.000000000,-1.000000000,-1.000000000,NA,0.050000000,INSUFFICIENT_DECISION_SIGNAL,1,1,f_access;f_threshold;f_gain_memory;f_cost_memory;f_cpu_memory;f_sharing_memory;f_gain_thread;f_cost_thread;f_cpu_thread;f_sharing_thread,0.999973380,1790944184
2026-10-02T12:29:44,APP_15704_1734961,15704,workload,UNAVAILABLE,-1.000000000,-1.000000000,-1.000000000,-1.000000000,-1.000000000,-1.000000000,-1.000000000,-1.000000000,-1.000000000,-1.000000000,-1.000000000,-1.000000000,-1.000000000,0.000000000,0.000000000,-1.000000000,-1.000000000,NA,0.050000000,INSUFFICIENT_DECISION_SIGNAL,1,1,f_access;f_threshold;f_gain_memory;f_cost_memory;f_cpu_memory;f_sharing_memory;f_gain_thread;f_cost_thread;f_cpu_thread;f_sharing_thread,0.999974537,1790944185
2026-10-02T12:29:44,APP_15704_1734961,15704,workload,UNAVAILABLE,-1.000000000,-1.000000000,-1.000000000,-1.000000000,-1.000000000,-1.000000000,-1.000000000,-1.000000000,-1.000000000,-1.000000000,-1.000000000,-1.000000000,-1.000000000,0.000000000,0.000000000,-1.000000000,-1.000000000,NA,0.050000000,INSUFFICIENT_DECISION_SIGNAL,1,1,f_access;f_threshold;f_gain_memory;f_cost_memory;f_cpu_memory;f_sharing_memory;f_gain_thread;f_cost_thread;f_cpu_thread;f_sharing_thread,0.999974537,1790944185
2026-10-02T12:29:44,APP_15704_1734961,15704,workload,UNAVAILABLE,-1.000000000,-1.000000000,-1.000000000,-1.000000000,-1.000000000,-1.000000000,-1.000000000,-1.000000000,-1.000000000,-1.000000000,-1.000000000,-1.000000000,-1.000000000,0.000000000,0.000000000,-1.000000000,-1.000000000,NA,0.050000000,INSUFFICIENT_DECISION_SIGNAL,1,1,f_access;f_threshold;f_gain_memory;f_cost_memory;f_cpu_memory;f_sharing_memory;f_gain_thread;f_cost_thread;f_cpu_thread;f_sharing_thread,0.999974537,1790944185
2026-10-02T12:29:45,APP_15704_1734961,15704,workload,UNAVAILABLE,-1.000000000,-1.000000000,-1.000000000,-1.000000000,-1.000000000,-1.000000000,-1.000000000,-1.000000000,-1.000000000,-1.000000000,-1.000000000,-1.000000000,-1.000000000,0.000000000,0.000000000,-1.000000000,-1.000000000,NA,0.050000000,INSUFFICIENT_DECISION_SIGNAL,1,1,f_access;f_threshold;f_gain_memory;f_cost_memory;f_cpu_memory;f_sharing_memory;f_gain_thread;f_cost_thread;f_cpu_thread;f_sharing_thread,0.999974537,1790944185
2026-10-02T12:29:45,APP_15704_1734961,15704,workload,UNAVAILABLE,-1.000000000,-1.000000000,-1.000000000,-1.000000000,-1.000000000,-1.000000000,-1.000000000,-1.000000000,-1.000000000,-1.000000000,-1.000000000,-1.000000000,-1.000000000,0.000000000,0.000000000,-1.000000000,-1.000000000,NA,0.050000000,INSUFFICIENT_DECISION_SIGNAL,1,1,f_access;f_threshold;f_gain_memory;f_cost_memory;f_cpu_memory;f_sharing_memory;f_gain_thread;f_cost_thread;f_cpu_thread;f_sharing_thread,0.999974537,1790944185
2026-10-02T12:29:45,APP_15704_1734961,15704,workload,UNAVAILABLE,-1.000000000,-1.000000000,-1.000000000,-1.000000000,-1.000000000,-1.000000000,-1.000000000,-1.000000000,-1.000000000,-1.000000000,-1.000000000,-1.000000000,-1.000000000,0.000000000,0.000000000,-1.000000000,-1.000000000,NA,0.050000000,INSUFFICIENT_DECISION_SIGNAL,1,1,f_access;f_threshold;f_gain_memory;f_cost_memory;f_cpu_memory;f_sharing_memory;f_gain_thread;f_cost_thread;f_cpu_thread;f_sharing_thread,0.999974537,1790944185
2026-10-02T12:29:45,APP_15704_1734961,15704,workload,UNAVAILABLE,-1.000000000,-1.000000000,-1.000000000,-1.000000000,-1.000000000,-1.000000000,-1.000000000,-1.000000000,-1.000000000,-1.000000000,-1.000000000,-1.000000000,-1.000000000,0.000000000,0.000000000,-1.000000000,-1.000000000,NA,0.050000000,INSUFFICIENT_DECISION_SIGNAL,1,1,f_access;f_threshold;f_gain_memory;f_cost_memory;f_cpu_memory;f_sharing_memory;f_gain_thread;f_cost_thread;f_cpu_thread;f_sharing_thread,0.999974537,1790944185
2026-10-02T12:29:45,APP_15704_1734961,15704,workload,UNAVAILABLE,-1.000000000,-1.000000000,-1.000000000,-1.000000000,-1.000000000,-1.000000000,-1.000000000,-1.000000000,-1.000000000,-1.000000000,-1.000000000,-1.000000000,-1.000000000,0.000000000,0.000000000,-1.000000000,-1.000000000,NA,0.050000000,INSUFFICIENT_DECISION_SIGNAL,1,1,f_access;f_threshold;f_gain_memory;f_cost_memory;f_cpu_memory;f_sharing_memory;f_gain_thread;f_cost_thread;f_cpu_thread;f_sharing_thread,0.999974537,1790944185
2026-10-02T12:29:45,APP_15704_1734961,15704,workload,UNAVAILABLE,-1.000000000,-1.000000000,-1.000000000,-1.000000000,-1.000000000,-1.000000000,-1.000000000,-1.000000000,-1.000000000,-1.000000000,-1.000000000,-1.000000000,-1.000000000,0.000000000,0.000000000,-1.000000000,-1.000000000,NA,0.050000000,INSUFFICIENT_DECISION_SIGNAL,1,1,f_access;f_threshold;f_gain_memory;f_cost_memory;f_cpu_memory;f_sharing_memory;f_gain_thread;f_cost_thread;f_cpu_thread;f_sharing_thread,0.999974537,1790944185
2026-10-02T12:29:45,APP_15704_1734961,15704,workload,UNAVAILABLE,-1.000000000,-1.000000000,-1.000000000,-1.000000000,-1.000000000,-1.000000000,-1.000000000,-1.000000000,-1.000000000,-1.000000000,-1.000000000,-1.000000000,-1.000000000,0.000000000,0.000000000,-1.000000000,-1.000000000,NA,0.050000000,INSUFFICIENT_DECISION_SIGNAL,1,1,f_access;f_threshold;f_gain_memory;f_cost_memory;f_cpu_memory;f_sharing_memory;f_gain_thread;f_cost_thread;f_cpu_thread;f_sharing_thread,0.999975695,1790944186
2026-10-02T12:29:45,APP_15704_1734961,15704,workload,UNAVAILABLE,-1.000000000,-1.000000000,-1.000000000,-1.000000000,-1.000000000,-1.000000000,-1.000000000,-1.000000000,-1.000000000,-1.000000000,-1.000000000,-1.000000000,-1.000000000,0.000000000,0.000000000,-1.000000000,-1.000000000,NA,0.050000000,INSUFFICIENT_DECISION_SIGNAL,1,1,f_access;f_threshold;f_gain_memory;f_cost_memory;f_cpu_memory;f_sharing_memory;f_gain_thread;f_cost_thread;f_cpu_thread;f_sharing_thread,0.999975695,1790944186
2026-10-02T12:29:46,APP_15704_1734961,15704,workload,UNAVAILABLE,-1.000000000,-1.000000000,-1.000000000,-1.000000000,-1.000000000,-1.000000000,-1.000000000,-1.000000000,-1.000000000,-1.000000000,-1.000000000,-1.000000000,-1.000000000,0.000000000,0.000000000,-1.000000000,-1.000000000,NA,0.050000000,INSUFFICIENT_DECISION_SIGNAL,1,1,f_access;f_threshold;f_gain_memory;f_cost_memory;f_cpu_memory;f_sharing_memory;f_gain_thread;f_cost_thread;f_cpu_thread;f_sharing_thread,0.999975695,1790944186
2026-10-02T12:29:46,APP_15704_1734961,15704,workload,UNAVAILABLE,-1.000000000,-1.000000000,-1.000000000,-1.000000000,-1.000000000,-1.000000000,-1.000000000,-1.000000000,-1.000000000,-1.000000000,-1.000000000,-1.000000000,-1.000000000,0.000000000,0.000000000,-1.000000000,-1.000000000,NA,0.050000000,INSUFFICIENT_DECISION_SIGNAL,1,1,f_access;f_threshold;f_gain_memory;f_cost_memory;f_cpu_memory;f_sharing_memory;f_gain_thread;f_cost_thread;f_cpu_thread;f_sharing_thread,0.999975695,1790944186
2026-10-02T12:29:46,APP_15704_1734961,15704,workload,UNAVAILABLE,-1.000000000,-1.000000000,-1.000000000,-1.000000000,-1.000000000,-1.000000000,-1.000000000,-1.000000000,-1.000000000,-1.000000000,-1.000000000,-1.000000000,-1.000000000,0.000000000,0.000000000,-1.000000000,-1.000000000,NA,0.050000000,INSUFFICIENT_DECISION_SIGNAL,1,1,f_access;f_threshold;f_gain_memory;f_cost_memory;f_cpu_memory;f_sharing_memory;f_gain_thread;f_cost_thread;f_cpu_thread;f_sharing_thread,0.999975695,1790944186
2026-10-02T12:29:46,APP_15704_1734961,15704,workload,UNAVAILABLE,-1.000000000,-1.000000000,-1.000000000,-1.000000000,-1.000000000,-1.000000000,-1.000000000,-1.000000000,-1.000000000,-1.000000000,-1.000000000,-1.000000000,-1.000000000,0.000000000,0.000000000,-1.000000000,-1.000000000,NA,0.050000000,INSUFFICIENT_DECISION_SIGNAL,1,1,f_access;f_threshold;f_gain_memory;f_cost_memory;f_cpu_memory;f_sharing_memory;f_gain_thread;f_cost_thread;f_cpu_thread;f_sharing_thread,0.999975695,1790944186
2026-10-02T12:29:46,APP_15704_1734961,15704,workload,UNAVAILABLE,-1.000000000,-1.000000000,-1.000000000,-1.000000000,-1.000000000,-1.000000000,-1.000000000,-1.000000000,-1.000000000,-1.000000000,-1.000000000,-1.000000000,-1.000000000,0.000000000,0.000000000,-1.000000000,-1.000000000,NA,0.050000000,INSUFFICIENT_DECISION_SIGNAL,1,1,f_access;f_threshold;f_gain_memory;f_cost_memory;f_cpu_memory;f_sharing_memory;f_gain_thread;f_cost_thread;f_cpu_thread;f_sharing_thread,0.999975695,1790944186
2026-10-02T12:29:46,APP_15704_1734961,15704,workload,UNAVAILABLE,-1.000000000,-1.000000000,-1.000000000,-1.000000000,-1.000000000,-1.000000000,-1.000000000,-1.000000000,-1.000000000,-1.000000000,-1.000000000,-1.000000000,-1.000000000,0.000000000,0.000000000,-1.000000000,-1.000000000,NA,0.050000000,INSUFFICIENT_DECISION_SIGNAL,1,1,f_access;f_threshold;f_gain_memory;f_cost_memory;f_cpu_memory;f_sharing_memory;f_gain_thread;f_cost_thread;f_cpu_thread;f_sharing_thread,0.999975695,1790944186
2026-10-02T12:29:46,APP_15704_1734961,15704,workload,UNAVAILABLE,-1.000000000,-1.000000000,-1.000000000,-1.000000000,-1.000000000,-1.000000000,-1.000000000,-1.000000000,-1.000000000,-1.000000000,-1.000000000,-1.000000000,-1.000000000,0.000000000,0.000000000,-1.000000000,-1.000000000,NA,0.050000000,INSUFFICIENT_DECISION_SIGNAL,1,1,f_access;f_threshold;f_gain_memory;f_cost_memory;f_cpu_memory;f_sharing_memory;f_gain_thread;f_cost_thread;f_cpu_thread;f_sharing_thread,0.999975695,1790944186
2026-10-02T12:29:47,APP_15704_1734961,15704,workload,UNAVAILABLE,-1.000000000,-1.000000000,-1.000000000,-1.000000000,-1.000000000,-1.000000000,-1.000000000,-1.000000000,-1.000000000,-1.000000000,-1.000000000,-1.000000000,-1.000000000,0.000000000,0.000000000,-1.000000000,-1.000000000,NA,0.050000000,INSUFFICIENT_DECISION_SIGNAL,1,1,f_access;f_threshold;f_gain_memory;f_cost_memory;f_cpu_memory;f_sharing_memory;f_gain_thread;f_cost_thread;f_cpu_thread;f_sharing_thread,0.999976852,1790944187
2026-10-02T12:29:47,APP_15704_1734961,15704,workload,UNAVAILABLE,-1.000000000,-1.000000000,-1.000000000,-1.000000000,-1.000000000,-1.000000000,-1.000000000,-1.000000000,-1.000000000,-1.000000000,-1.000000000,-1.000000000,-1.000000000,0.000000000,0.000000000,-1.000000000,-1.000000000,NA,0.050000000,INSUFFICIENT_DECISION_SIGNAL,1,1,f_access;f_threshold;f_gain_memory;f_cost_memory;f_cpu_memory;f_sharing_memory;f_gain_thread;f_cost_thread;f_cpu_thread;f_sharing_thread,0.999976852,1790944187
2026-10-02T12:29:47,APP_15704_1734961,15704,workload,UNAVAILABLE,-1.000000000,-1.000000000,-1.000000000,-1.000000000,-1.000000000,-1.000000000,-1.000000000,-1.000000000,-1.000000000,-1.000000000,-1.000000000,-1.000000000,-1.000000000,0.000000000,0.000000000,-1.000000000,-1.000000000,NA,0.050000000,INSUFFICIENT_DECISION_SIGNAL,1,1,f_access;f_threshold;f_gain_memory;f_cost_memory;f_cpu_memory;f_sharing_memory;f_gain_thread;f_cost_thread;f_cpu_thread;f_sharing_thread,0.999976852,1790944187
2026-10-02T12:29:47,APP_15704_1734961,15704,workload,UNAVAILABLE,-1.000000000,-1.000000000,-1.000000000,-1.000000000,-1.000000000,-1.000000000,-1.000000000,-1.000000000,-1.000000000,-1.000000000,-1.000000000,-1.000000000,-1.000000000,0.000000000,0.000000000,-1.000000000,-1.000000000,NA,0.050000000,INSUFFICIENT_DECISION_SIGNAL,1,1,f_access;f_threshold;f_gain_memory;f_cost_memory;f_cpu_memory;f_sharing_memory;f_gain_thread;f_cost_thread;f_cpu_thread;f_sharing_thread,0.999976852,1790944187
2026-10-02T12:29:47,APP_15704_1734961,15704,workload,UNAVAILABLE,-1.000000000,-1.000000000,-1.000000000,-1.000000000,-1.000000000,-1.000000000,-1.000000000,-1.000000000,-1.000000000,-1.000000000,-1.000000000,-1.000000000,-1.000000000,0.000000000,0.000000000,-1.000000000,-1.000000000,NA,0.050000000,INSUFFICIENT_DECISION_SIGNAL,1,1,f_access;f_threshold;f_gain_memory;f_cost_memory;f_cpu_memory;f_sharing_memory;f_gain_thread;f_cost_thread;f_cpu_thread;f_sharing_thread,0.999976852,1790944187
2026-10-02T12:29:47,APP_15704_1734961,15704,workload,UNAVAILABLE,-1.000000000,-1.000000000,-1.000000000,-1.000000000,-1.000000000,-1.000000000,-1.000000000,-1.000000000,-1.000000000,-1.000000000,-1.000000000,-1.000000000,-1.000000000,0.000000000,0.000000000,-1.000000000,-1.000000000,NA,0.050000000,INSUFFICIENT_DECISION_SIGNAL,1,1,f_access;f_threshold;f_gain_memory;f_cost_memory;f_cpu_memory;f_sharing_memory;f_gain_thread;f_cost_thread;f_cpu_thread;f_sharing_thread,0.999976852,1790944187
2026-10-02T12:29:47,APP_15704_1734961,15704,workload,UNAVAILABLE,-1.000000000,-1.000000000,-1.000000000,-1.000000000,-1.000000000,-1.000000000,-1.000000000,-1.000000000,-1.000000000,-1.000000000,-1.000000000,-1.000000000,-1.000000000,0.000000000,0.000000000,-1.000000000,-1.000000000,NA,0.050000000,INSUFFICIENT_DECISION_SIGNAL,1,1,f_access;f_threshold;f_gain_memory;f_cost_memory;f_cpu_memory;f_sharing_memory;f_gain_thread;f_cost_thread;f_cpu_thread;f_sharing_thread,0.999976852,1790944187
2026-10-02T12:29:47,APP_15704_1734961,15704,workload,UNAVAILABLE,-1.000000000,-1.000000000,-1.000000000,-1.000000000,-1.000000000,-1.000000000,-1.000000000,-1.000000000,-1.000000000,-1.000000000,-1.000000000,-1.000000000,-1.000000000,0.000000000,0.000000000,-1.000000000,-1.000000000,NA,0.050000000,INSUFFICIENT_DECISION_SIGNAL,1,1,f_access;f_threshold;f_gain_memory;f_cost_memory;f_cpu_memory;f_sharing_memory;f_gain_thread;f_cost_thread;f_cpu_thread;f_sharing_thread,0.999976852,1790944187
2026-10-02T12:29:47,APP_15704_1734961,15704,workload,UNAVAILABLE,-1.000000000,-1.000000000,-1.000000000,-1.000000000,-1.000000000,-1.000000000,-1.000000000,-1.000000000,-1.000000000,-1.000000000,-1.000000000,-1.000000000,-1.000000000,0.000000000,0.000000000,-1.000000000,-1.000000000,NA,0.050000000,INSUFFICIENT_DECISION_SIGNAL,1,1,f_access;f_threshold;f_gain_memory;f_cost_memory;f_cpu_memory;f_sharing_memory;f_gain_thread;f_cost_thread;f_cpu_thread;f_sharing_thread,0.999976852,1790944187
2026-10-02T12:29:48,APP_15704_1734961,15704,workload,UNAVAILABLE,-1.000000000,-1.000000000,-1.000000000,-1.000000000,-1.000000000,-1.000000000,-1.000000000,-1.000000000,-1.000000000,-1.000000000,-1.000000000,-1.000000000,-1.000000000,0.000000000,0.000000000,-1.000000000,-1.000000000,NA,0.050000000,INSUFFICIENT_DECISION_SIGNAL,1,1,f_access;f_threshold;f_gain_memory;f_cost_memory;f_cpu_memory;f_sharing_memory;f_gain_thread;f_cost_thread;f_cpu_thread;f_sharing_thread,0.999979167,1790944189
2026-10-02T12:29:48,APP_15704_1734961,15704,workload,UNAVAILABLE,-1.000000000,-1.000000000,-1.000000000,-1.000000000,-1.000000000,-1.000000000,-1.000000000,-1.000000000,-1.000000000,-1.000000000,-1.000000000,-1.000000000,-1.000000000,0.000000000,0.000000000,-1.000000000,-1.000000000,NA,0.050000000,INSUFFICIENT_DECISION_SIGNAL,1,1,f_access;f_threshold;f_gain_memory;f_cost_memory;f_cpu_memory;f_sharing_memory;f_gain_thread;f_cost_thread;f_cpu_thread;f_sharing_thread,0.999979167,1790944189
2026-10-02T12:29:48,APP_15704_1734961,15704,workload,UNAVAILABLE,-1.000000000,-1.000000000,-1.000000000,-1.000000000,-1.000000000,-1.000000000,-1.000000000,-1.000000000,-1.000000000,-1.000000000,-1.000000000,-1.000000000,-1.000000000,0.000000000,0.000000000,-1.000000000,-1.000000000,NA,0.050000000,INSUFFICIENT_DECISION_SIGNAL,1,1,f_access;f_threshold;f_gain_memory;f_cost_memory;f_cpu_memory;f_sharing_memory;f_gain_thread;f_cost_thread;f_cpu_thread;f_sharing_thread,0.999979167,1790944189
2026-10-02T12:29:48,APP_15704_1734961,15704,workload,UNAVAILABLE,-1.000000000,-1.000000000,-1.000000000,-1.000000000,-1.000000000,-1.000000000,-1.000000000,-1.000000000,-1.000000000,-1.000000000,-1.000000000,-1.000000000,-1.000000000,0.000000000,0.000000000,-1.000000000,-1.000000000,NA,0.050000000,INSUFFICIENT_DECISION_SIGNAL,1,1,f_access;f_threshold;f_gain_memory;f_cost_memory;f_cpu_memory;f_sharing_memory;f_gain_thread;f_cost_thread;f_cpu_thread;f_sharing_thread,0.999979167,1790944189
2026-10-02T12:29:48,APP_15704_1734961,15704,workload,UNAVAILABLE,-1.000000000,-1.000000000,-1.000000000,-1.000000000,-1.000000000,-1.000000000,-1.000000000,-1.000000000,-1.000000000,-1.000000000,-1.000000000,-1.000000000,-1.000000000,0.000000000,0.000000000,-1.000000000,-1.000000000,NA,0.050000000,INSUFFICIENT_DECISION_SIGNAL,1,1,f_access;f_threshold;f_gain_memory;f_cost_memory;f_cpu_memory;f_sharing_memory;f_gain_thread;f_cost_thread;f_cpu_thread;f_sharing_thread,0.999979167,1790944189
2026-10-02T12:29:48,APP_15704_1734961,15704,workload,UNAVAILABLE,-1.000000000,-1.000000000,-1.000000000,-1.000000000,-1.000000000,-1.000000000,-1.000000000,-1.000000000,-1.000000000,-1.000000000,-1.000000000,-1.000000000,-1.000000000,0.000000000,0.000000000,-1.000000000,-1.000000000,NA,0.050000000,INSUFFICIENT_DECISION_SIGNAL,1,1,f_access;f_threshold;f_gain_memory;f_cost_memory;f_cpu_memory;f_sharing_memory;f_gain_thread;f_cost_thread;f_cpu_thread;f_sharing_thread,0.999979167,1790944189
2026-10-02T12:29:48,APP_15704_1734961,15704,workload,UNAVAILABLE,-1.000000000,-1.000000000,-1.000000000,-1.000000000,-1.000000000,-1.000000000,-1.000000000,-1.000000000,-1.000000000,-1.000000000,-1.000000000,-1.000000000,-1.000000000,0.000000000,0.000000000,-1.000000000,-1.000000000,NA,0.050000000,INSUFFICIENT_DECISION_SIGNAL,1,1,f_access;f_threshold;f_gain_memory;f_cost_memory;f_cpu_memory;f_sharing_memory;f_gain_thread;f_cost_thread;f_cpu_thread;f_sharing_thread,0.999979167,1790944189
2026-10-02T12:29:48,APP_15704_1734961,15704,workload,UNAVAILABLE,-1.000000000,-1.000000000,-1.000000000,-1.000000000,-1.000000000,-1.000000000,-1.000000000,-1.000000000,-1.000000000,-1.000000000,-1.000000000,-1.000000000,-1.000000000,0.000000000,0.000000000,-1.000000000,-1.000000000,NA,0.050000000,INSUFFICIENT_DECISION_SIGNAL,1,1,f_access;f_threshold;f_gain_memory;f_cost_memory;f_cpu_memory;f_sharing_memory;f_gain_thread;f_cost_thread;f_cpu_thread;f_sharing_thread,0.999979167,1790944189
2026-10-02T12:29:49,APP_15704_1734961,15704,workload,UNAVAILABLE,-1.000000000,-1.000000000,-1.000000000,-1.000000000,-1.000000000,-1.000000000,-1.000000000,-1.000000000,-1.000000000,-1.000000000,-1.000000000,-1.000000000,-1.000000000,0.000000000,0.000000000,-1.000000000,-1.000000000,NA,0.050000000,INSUFFICIENT_DECISION_SIGNAL,1,1,f_access;f_threshold;f_gain_memory;f_cost_memory;f_cpu_memory;f_sharing_memory;f_gain_thread;f_cost_thread;f_cpu_thread;f_sharing_thread,0.999979167,1790944189
2026-10-02T12:29:49,APP_15704_1734961,15704,workload,UNAVAILABLE,-1.000000000,-1.000000000,-1.000000000,-1.000000000,-1.000000000,-1.000000000,-1.000000000,-1.000000000,-1.000000000,-1.000000000,-1.000000000,-1.000000000,-1.000000000,0.000000000,0.000000000,-1.000000000,-1.000000000,NA,0.050000000,INSUFFICIENT_DECISION_SIGNAL,1,1,f_access;f_threshold;f_gain_memory;f_cost_memory;f_cpu_memory;f_sharing_memory;f_gain_thread;f_cost_thread;f_cpu_thread;f_sharing_thread,0.999980324,1790944190
2026-10-02T12:29:49,APP_15704_1734961,15704,workload,UNAVAILABLE,-1.000000000,-1.000000000,-1.000000000,-1.000000000,-1.000000000,-1.000000000,-1.000000000,-1.000000000,-1.000000000,-1.000000000,-1.000000000,-1.000000000,-1.000000000,0.000000000,0.000000000,-1.000000000,-1.000000000,NA,0.050000000,INSUFFICIENT_DECISION_SIGNAL,1,1,f_access;f_threshold;f_gain_memory;f_cost_memory;f_cpu_memory;f_sharing_memory;f_gain_thread;f_cost_thread;f_cpu_thread;f_sharing_thread,0.999980324,1790944190
2026-10-02T12:29:49,APP_15704_1734961,15704,workload,UNAVAILABLE,-1.000000000,-1.000000000,-1.000000000,-1.000000000,-1.000000000,-1.000000000,-1.000000000,-1.000000000,-1.000000000,-1.000000000,-1.000000000,-1.000000000,-1.000000000,0.000000000,0.000000000,-1.000000000,-1.000000000,NA,0.050000000,INSUFFICIENT_DECISION_SIGNAL,1,1,f_access;f_threshold;f_gain_memory;f_cost_memory;f_cpu_memory;f_sharing_memory;f_gain_thread;f_cost_thread;f_cpu_thread;f_sharing_thread,0.999980324,1790944190
2026-10-02T12:29:49,APP_15704_1734961,15704,workload,UNAVAILABLE,-1.000000000,-1.000000000,-1.000000000,-1.000000000,-1.000000000,-1.000000000,-1.000000000,-1.000000000,-1.000000000,-1.000000000,-1.000000000,-1.000000000,-1.000000000,0.000000000,0.000000000,-1.000000000,-1.000000000,NA,0.050000000,INSUFFICIENT_DECISION_SIGNAL,1,1,f_access;f_threshold;f_gain_memory;f_cost_memory;f_cpu_memory;f_sharing_memory;f_gain_thread;f_cost_thread;f_cpu_thread;f_sharing_thread,0.999980324,1790944190
2026-10-02T12:29:49,APP_15704_1734961,15704,workload,UNAVAILABLE,-1.000000000,-1.000000000,-1.000000000,-1.000000000,-1.000000000,-1.000000000,-1.000000000,-1.000000000,-1.000000000,-1.000000000,-1.000000000,-1.000000000,-1.000000000,0.000000000,0.000000000,-1.000000000,-1.000000000,NA,0.050000000,INSUFFICIENT_DECISION_SIGNAL,1,1,f_access;f_threshold;f_gain_memory;f_cost_memory;f_cpu_memory;f_sharing_memory;f_gain_thread;f_cost_thread;f_cpu_thread;f_sharing_thread,0.999980324,1790944190
2026-10-02T12:29:49,APP_15704_1734961,15704,workload,UNAVAILABLE,-1.000000000,-1.000000000,-1.000000000,-1.000000000,-1.000000000,-1.000000000,-1.000000000,-1.000000000,-1.000000000,-1.000000000,-1.000000000,-1.000000000,-1.000000000,0.000000000,0.000000000,-1.000000000,-1.000000000,NA,0.050000000,INSUFFICIENT_DECISION_SIGNAL,1,1,f_access;f_threshold;f_gain_memory;f_cost_memory;f_cpu_memory;f_sharing_memory;f_gain_thread;f_cost_thread;f_cpu_thread;f_sharing_thread,0.999980324,1790944190
2026-10-02T12:29:49,APP_15704_1734961,15704,workload,UNAVAILABLE,-1.000000000,-1.000000000,-1.000000000,-1.000000000,-1.000000000,-1.000000000,-1.000000000,-1.000000000,-1.000000000,-1.000000000,-1.000000000,-1.000000000,-1.000000000,0.000000000,0.000000000,-1.000000000,-1.000000000,NA,0.050000000,INSUFFICIENT_DECISION_SIGNAL,1,1,f_access;f_threshold;f_gain_memory;f_cost_memory;f_cpu_memory;f_sharing_memory;f_gain_thread;f_cost_thread;f_cpu_thread;f_sharing_thread,0.999980324,1790944190
2026-10-02T12:29:50,APP_15704_1734961,15704,workload,UNAVAILABLE,-1.000000000,-1.000000000,-1.000000000,-1.000000000,-1.000000000,-1.000000000,-1.000000000,-1.000000000,-1.000000000,-1.000000000,-1.000000000,-1.000000000,-1.000000000,0.000000000,0.000000000,-1.000000000,-1.000000000,NA,0.050000000,INSUFFICIENT_DECISION_SIGNAL,1,1,f_access;f_threshold;f_gain_memory;f_cost_memory;f_cpu_memory;f_sharing_memory;f_gain_thread;f_cost_thread;f_cpu_thread;f_sharing_thread,0.999980324,1790944190
2026-10-02T12:29:50,APP_15704_1734961,15704,workload,UNAVAILABLE,-1.000000000,-1.000000000,-1.000000000,-1.000000000,-1.000000000,-1.000000000,-1.000000000,-1.000000000,-1.000000000,-1.000000000,-1.000000000,-1.000000000,-1.000000000,0.000000000,0.000000000,-1.000000000,-1.000000000,NA,0.050000000,INSUFFICIENT_DECISION_SIGNAL,1,1,f_access;f_threshold;f_gain_memory;f_cost_memory;f_cpu_memory;f_sharing_memory;f_gain_thread;f_cost_thread;f_cpu_thread;f_sharing_thread,0.999980324,1790944190
2026-10-02T12:29:50,APP_15704_1734961,15704,workload,UNAVAILABLE,-1.000000000,-1.000000000,-1.000000000,-1.000000000,-1.000000000,-1.000000000,-1.000000000,-1.000000000,-1.000000000,-1.000000000,-1.000000000,-1.000000000,-1.000000000,0.000000000,0.000000000,-1.000000000,-1.000000000,NA,0.050000000,INSUFFICIENT_DECISION_SIGNAL,1,1,f_access;f_threshold;f_gain_memory;f_cost_memory;f_cpu_memory;f_sharing_memory;f_gain_thread;f_cost_thread;f_cpu_thread;f_sharing_thread,0.999981482,1790944191
2026-10-02T12:29:50,APP_15704_1734961,15704,workload,UNAVAILABLE,-1.000000000,-1.000000000,-1.000000000,-1.000000000,-1.000000000,-1.000000000,-1.000000000,-1.000000000,-1.000000000,-1.000000000,-1.000000000,-1.000000000,-1.000000000,0.000000000,0.000000000,-1.000000000,-1.000000000,NA,0.050000000,INSUFFICIENT_DECISION_SIGNAL,1,1,f_access;f_threshold;f_gain_memory;f_cost_memory;f_cpu_memory;f_sharing_memory;f_gain_thread;f_cost_thread;f_cpu_thread;f_sharing_thread,0.999981482,1790944191
2026-10-02T12:29:50,APP_15704_1734961,15704,workload,UNAVAILABLE,-1.000000000,-1.000000000,-1.000000000,-1.000000000,-1.000000000,-1.000000000,-1.000000000,-1.000000000,-1.000000000,-1.000000000,-1.000000000,-1.000000000,-1.000000000,0.000000000,0.000000000,-1.000000000,-1.000000000,NA,0.050000000,INSUFFICIENT_DECISION_SIGNAL,1,1,f_access;f_threshold;f_gain_memory;f_cost_memory;f_cpu_memory;f_sharing_memory;f_gain_thread;f_cost_thread;f_cpu_thread;f_sharing_thread,0.999981482,1790944191
2026-10-02T12:29:50,APP_15704_1734961,15704,workload,UNAVAILABLE,-1.000000000,-1.000000000,-1.000000000,-1.000000000,-1.000000000,-1.000000000,-1.000000000,-1.000000000,-1.000000000,-1.000000000,-1.000000000,-1.000000000,-1.000000000,0.000000000,0.000000000,-1.000000000,-1.000000000,NA,0.050000000,INSUFFICIENT_DECISION_SIGNAL,1,1,f_access;f_threshold;f_gain_memory;f_cost_memory;f_cpu_memory;f_sharing_memory;f_gain_thread;f_cost_thread;f_cpu_thread;f_sharing_thread,0.999981482,1790944191
2026-10-02T12:29:50,APP_15704_1734961,15704,workload,UNAVAILABLE,-1.000000000,-1.000000000,-1.000000000,-1.000000000,-1.000000000,-1.000000000,-1.000000000,-1.000000000,-1.000000000,-1.000000000,-1.000000000,-1.000000000,-1.000000000,0.000000000,0.000000000,-1.000000000,-1.000000000,NA,0.050000000,INSUFFICIENT_DECISION_SIGNAL,1,1,f_access;f_threshold;f_gain_memory;f_cost_memory;f_cpu_memory;f_sharing_memory;f_gain_thread;f_cost_thread;f_cpu_thread;f_sharing_thread,0.999981482,1790944191
2026-10-02T12:29:50,APP_15704_1734961,15704,workload,UNAVAILABLE,-1.000000000,-1.000000000,-1.000000000,-1.000000000,-1.000000000,-1.000000000,-1.000000000,-1.000000000,-1.000000000,-1.000000000,-1.000000000,-1.000000000,-1.000000000,0.000000000,0.000000000,-1.000000000,-1.000000000,NA,0.050000000,INSUFFICIENT_DECISION_SIGNAL,1,1,f_access;f_threshold;f_gain_memory;f_cost_memory;f_cpu_memory;f_sharing_memory;f_gain_thread;f_cost_thread;f_cpu_thread;f_sharing_thread,0.999981482,1790944191
2026-10-02T12:29:50,APP_15704_1734961,15704,workload,UNAVAILABLE,-1.000000000,-1.000000000,-1.000000000,-1.000000000,-1.000000000,-1.000000000,-1.000000000,-1.000000000,-1.000000000,-1.000000000,-1.000000000,-1.000000000,-1.000000000,0.000000000,0.000000000,-1.000000000,-1.000000000,NA,0.050000000,INSUFFICIENT_DECISION_SIGNAL,1,1,f_access;f_threshold;f_gain_memory;f_cost_memory;f_cpu_memory;f_sharing_memory;f_gain_thread;f_cost_thread;f_cpu_thread;f_sharing_thread,0.999981482,1790944191
2026-10-02T12:29:51,APP_15704_1734961,15704,workload,UNAVAILABLE,-1.000000000,-1.000000000,-1.000000000,-1.000000000,-1.000000000,-1.000000000,-1.000000000,-1.000000000,-1.000000000,-1.000000000,-1.000000000,-1.000000000,-1.000000000,0.000000000,0.000000000,-1.000000000,-1.000000000,NA,0.050000000,INSUFFICIENT_DECISION_SIGNAL,1,1,f_access;f_threshold;f_gain_memory;f_cost_memory;f_cpu_memory;f_sharing_memory;f_gain_thread;f_cost_thread;f_cpu_thread;f_sharing_thread,0.999981482,1790944191
2026-10-02T12:29:51,APP_15704_1734961,15704,workload,UNAVAILABLE,-1.000000000,-1.000000000,-1.000000000,-1.000000000,-1.000000000,-1.000000000,-1.000000000,-1.000000000,-1.000000000,-1.000000000,-1.000000000,-1.000000000,-1.000000000,0.000000000,0.000000000,-1.000000000,-1.000000000,NA,0.050000000,INSUFFICIENT_DECISION_SIGNAL,1,1,f_access;f_threshold;f_gain_memory;f_cost_memory;f_cpu_memory;f_sharing_memory;f_gain_thread;f_cost_thread;f_cpu_thread;f_sharing_thread,0.999981482,1790944191
2026-10-02T12:29:51,APP_15704_1734961,15704,workload,UNAVAILABLE,-1.000000000,-1.000000000,-1.000000000,-1.000000000,-1.000000000,-1.000000000,-1.000000000,-1.000000000,-1.000000000,-1.000000000,-1.000000000,-1.000000000,-1.000000000,0.000000000,0.000000000,-1.000000000,-1.000000000,NA,0.050000000,INSUFFICIENT_DECISION_SIGNAL,1,1,f_access;f_threshold;f_gain_memory;f_cost_memory;f_cpu_memory;f_sharing_memory;f_gain_thread;f_cost_thread;f_cpu_thread;f_sharing_thread,0.999982639,1790944192
2026-10-02T12:29:51,APP_15704_1734961,15704,workload,UNAVAILABLE,-1.000000000,-1.000000000,-1.000000000,-1.000000000,-1.000000000,-1.000000000,-1.000000000,-1.000000000,-1.000000000,-1.000000000,-1.000000000,-1.000000000,-1.000000000,0.000000000,0.000000000,-1.000000000,-1.000000000,NA,0.050000000,INSUFFICIENT_DECISION_SIGNAL,1,1,f_access;f_threshold;f_gain_memory;f_cost_memory;f_cpu_memory;f_sharing_memory;f_gain_thread;f_cost_thread;f_cpu_thread;f_sharing_thread,0.999982639,1790944192
2026-10-02T12:29:51,APP_15704_1734961,15704,workload,UNAVAILABLE,-1.000000000,-1.000000000,-1.000000000,-1.000000000,-1.000000000,-1.000000000,-1.000000000,-1.000000000,-1.000000000,-1.000000000,-1.000000000,-1.000000000,-1.000000000,0.000000000,0.000000000,-1.000000000,-1.000000000,NA,0.050000000,INSUFFICIENT_DECISION_SIGNAL,1,1,f_access;f_threshold;f_gain_memory;f_cost_memory;f_cpu_memory;f_sharing_memory;f_gain_thread;f_cost_thread;f_cpu_thread;f_sharing_thread,0.999982639,1790944192
2026-10-02T12:29:51,APP_15704_1734961,15704,workload,UNAVAILABLE,-1.000000000,-1.000000000,-1.000000000,-1.000000000,-1.000000000,-1.000000000,-1.000000000,-1.000000000,-1.000000000,-1.000000000,-1.000000000,-1.000000000,-1.000000000,0.000000000,0.000000000,-1.000000000,-1.000000000,NA,0.050000000,INSUFFICIENT_DECISION_SIGNAL,1,1,f_access;f_threshold;f_gain_memory;f_cost_memory;f_cpu_memory;f_sharing_memory;f_gain_thread;f_cost_thread;f_cpu_thread;f_sharing_thread,0.999982639,1790944192
2026-10-02T12:29:51,APP_15704_1734961,15704,workload,UNAVAILABLE,-1.000000000,-1.000000000,-1.000000000,-1.000000000,-1.000000000,-1.000000000,-1.000000000,-1.000000000,-1.000000000,-1.000000000,-1.000000000,-1.000000000,-1.000000000,0.000000000,0.000000000,-1.000000000,-1.000000000,NA,0.050000000,INSUFFICIENT_DECISION_SIGNAL,1,1,f_access;f_threshold;f_gain_memory;f_cost_memory;f_cpu_memory;f_sharing_memory;f_gain_thread;f_cost_thread;f_cpu_thread;f_sharing_thread,0.999982639,1790944192
2026-10-02T12:29:51,APP_15704_1734961,15704,workload,UNAVAILABLE,-1.000000000,-1.000000000,-1.000000000,-1.000000000,-1.000000000,-1.000000000,-1.000000000,-1.000000000,-1.000000000,-1.000000000,-1.000000000,-1.000000000,-1.000000000,0.000000000,0.000000000,-1.000000000,-1.000000000,NA,0.050000000,INSUFFICIENT_DECISION_SIGNAL,1,1,f_access;f_threshold;f_gain_memory;f_cost_memory;f_cpu_memory;f_sharing_memory;f_gain_thread;f_cost_thread;f_cpu_thread;f_sharing_thread,0.999982639,1790944192
2026-10-02T12:29:52,APP_15704_1734961,15704,workload,UNAVAILABLE,-1.000000000,-1.000000000,-1.000000000,-1.000000000,-1.000000000,-1.000000000,-1.000000000,-1.000000000,-1.000000000,-1.000000000,-1.000000000,-1.000000000,-1.000000000,0.000000000,0.000000000,-1.000000000,-1.000000000,NA,0.050000000,INSUFFICIENT_DECISION_SIGNAL,1,1,f_access;f_threshold;f_gain_memory;f_cost_memory;f_cpu_memory;f_sharing_memory;f_gain_thread;f_cost_thread;f_cpu_thread;f_sharing_thread,0.999982639,1790944192
2026-10-02T12:29:52,APP_15704_1734961,15704,workload,UNAVAILABLE,-1.000000000,-1.000000000,-1.000000000,-1.000000000,-1.000000000,-1.000000000,-1.000000000,-1.000000000,-1.000000000,-1.000000000,-1.000000000,-1.000000000,-1.000000000,0.000000000,0.000000000,-1.000000000,-1.000000000,NA,0.050000000,INSUFFICIENT_DECISION_SIGNAL,1,1,f_access;f_threshold;f_gain_memory;f_cost_memory;f_cpu_memory;f_sharing_memory;f_gain_thread;f_cost_thread;f_cpu_thread;f_sharing_thread,0.999982639,1790944192
2026-10-02T12:29:52,APP_15704_1734961,15704,workload,UNAVAILABLE,-1.000000000,-1.000000000,-1.000000000,-1.000000000,-1.000000000,-1.000000000,-1.000000000,-1.000000000,-1.000000000,-1.000000000,-1.000000000,-1.000000000,-1.000000000,0.000000000,0.000000000,-1.000000000,-1.000000000,NA,0.050000000,INSUFFICIENT_DECISION_SIGNAL,1,1,f_access;f_threshold;f_gain_memory;f_cost_memory;f_cpu_memory;f_sharing_memory;f_gain_thread;f_cost_thread;f_cpu_thread;f_sharing_thread,0.999982639,1790944192
2026-10-02T12:29:52,APP_15704_1734961,15704,workload,UNAVAILABLE,-1.000000000,-1.000000000,-1.000000000,-1.000000000,-1.000000000,-1.000000000,-1.000000000,-1.000000000,-1.000000000,-1.000000000,-1.000000000,-1.000000000,-1.000000000,0.000000000,0.000000000,-1.000000000,-1.000000000,NA,0.050000000,INSUFFICIENT_DECISION_SIGNAL,1,1,f_access;f_threshold;f_gain_memory;f_cost_memory;f_cpu_memory;f_sharing_memory;f_gain_thread;f_cost_thread;f_cpu_thread;f_sharing_thread,0.999983796,1790944193
2026-10-02T12:29:52,APP_15704_1734961,15704,workload,UNAVAILABLE,-1.000000000,-1.000000000,-1.000000000,-1.000000000,-1.000000000,-1.000000000,-1.000000000,-1.000000000,-1.000000000,-1.000000000,-1.000000000,-1.000000000,-1.000000000,0.000000000,0.000000000,-1.000000000,-1.000000000,NA,0.050000000,INSUFFICIENT_DECISION_SIGNAL,1,1,f_access;f_threshold;f_gain_memory;f_cost_memory;f_cpu_memory;f_sharing_memory;f_gain_thread;f_cost_thread;f_cpu_thread;f_sharing_thread,0.999983796,1790944193
2026-10-02T12:29:52,APP_15704_1734961,15704,workload,UNAVAILABLE,-1.000000000,-1.000000000,-1.000000000,-1.000000000,-1.000000000,-1.000000000,-1.000000000,-1.000000000,-1.000000000,-1.000000000,-1.000000000,-1.000000000,-1.000000000,0.000000000,0.000000000,-1.000000000,-1.000000000,NA,0.050000000,INSUFFICIENT_DECISION_SIGNAL,1,1,f_access;f_threshold;f_gain_memory;f_cost_memory;f_cpu_memory;f_sharing_memory;f_gain_thread;f_cost_thread;f_cpu_thread;f_sharing_thread,0.999983796,1790944193
2026-10-02T12:29:52,APP_15704_1734961,15704,workload,UNAVAILABLE,-1.000000000,-1.000000000,-1.000000000,-1.000000000,-1.000000000,-1.000000000,-1.000000000,-1.000000000,-1.000000000,-1.000000000,-1.000000000,-1.000000000,-1.000000000,0.000000000,0.000000000,-1.000000000,-1.000000000,NA,0.050000000,INSUFFICIENT_DECISION_SIGNAL,1,1,f_access;f_threshold;f_gain_memory;f_cost_memory;f_cpu_memory;f_sharing_memory;f_gain_thread;f_cost_thread;f_cpu_thread;f_sharing_thread,0.999983796,1790944193
2026-10-02T12:29:52,APP_15704_1734961,15704,workload,UNAVAILABLE,-1.000000000,-1.000000000,-1.000000000,-1.000000000,-1.000000000,-1.000000000,-1.000000000,-1.000000000,-1.000000000,-1.000000000,-1.000000000,-1.000000000,-1.000000000,0.000000000,0.000000000,-1.000000000,-1.000000000,NA,0.050000000,INSUFFICIENT_DECISION_SIGNAL,1,1,f_access;f_threshold;f_gain_memory;f_cost_memory;f_cpu_memory;f_sharing_memory;f_gain_thread;f_cost_thread;f_cpu_thread;f_sharing_thread,0.999983796,1790944193
2026-10-02T12:29:53,APP_15704_1734961,15704,workload,UNAVAILABLE,-1.000000000,-1.000000000,-1.000000000,-1.000000000,-1.000000000,-1.000000000,-1.000000000,-1.000000000,-1.000000000,-1.000000000,-1.000000000,-1.000000000,-1.000000000,0.000000000,0.000000000,-1.000000000,-1.000000000,NA,0.050000000,INSUFFICIENT_DECISION_SIGNAL,1,1,f_access;f_threshold;f_gain_memory;f_cost_memory;f_cpu_memory;f_sharing_memory;f_gain_thread;f_cost_thread;f_cpu_thread;f_sharing_thread,0.999983796,1790944193
2026-10-02T12:29:53,APP_15704_1734961,15704,workload,UNAVAILABLE,-1.000000000,-1.000000000,-1.000000000,-1.000000000,-1.000000000,-1.000000000,-1.000000000,-1.000000000,-1.000000000,-1.000000000,-1.000000000,-1.000000000,-1.000000000,0.000000000,0.000000000,-1.000000000,-1.000000000,NA,0.050000000,INSUFFICIENT_DECISION_SIGNAL,1,1,f_access;f_threshold;f_gain_memory;f_cost_memory;f_cpu_memory;f_sharing_memory;f_gain_thread;f_cost_thread;f_cpu_thread;f_sharing_thread,0.999983796,1790944193
2026-10-02T12:29:53,APP_15704_1734961,15704,workload,UNAVAILABLE,-1.000000000,-1.000000000,-1.000000000,-1.000000000,-1.000000000,-1.000000000,-1.000000000,-1.000000000,-1.000000000,-1.000000000,-1.000000000,-1.000000000,-1.000000000,0.000000000,0.000000000,-1.000000000,-1.000000000,NA,0.050000000,INSUFFICIENT_DECISION_SIGNAL,1,1,f_access;f_threshold;f_gain_memory;f_cost_memory;f_cpu_memory;f_sharing_memory;f_gain_thread;f_cost_thread;f_cpu_thread;f_sharing_thread,0.999983796,1790944193
2026-10-02T12:29:53,APP_15704_1734961,15704,workload,UNAVAILABLE,-1.000000000,-1.000000000,-1.000000000,-1.000000000,-1.000000000,-1.000000000,-1.000000000,-1.000000000,-1.000000000,-1.000000000,-1.000000000,-1.000000000,-1.000000000,0.000000000,0.000000000,-1.000000000,-1.000000000,NA,0.050000000,INSUFFICIENT_DECISION_SIGNAL,1,1,f_access;f_threshold;f_gain_memory;f_cost_memory;f_cpu_memory;f_sharing_memory;f_gain_thread;f_cost_thread;f_cpu_thread;f_sharing_thread,0.999983796,1790944193
2026-10-02T12:29:53,APP_15704_1734961,15704,workload,UNAVAILABLE,-1.000000000,-1.000000000,-1.000000000,-1.000000000,-1.000000000,-1.000000000,-1.000000000,-1.000000000,-1.000000000,-1.000000000,-1.000000000,-1.000000000,-1.000000000,0.000000000,0.000000000,-1.000000000,-1.000000000,NA,0.050000000,INSUFFICIENT_DECISION_SIGNAL,1,1,f_access;f_threshold;f_gain_memory;f_cost_memory;f_cpu_memory;f_sharing_memory;f_gain_thread;f_cost_thread;f_cpu_thread;f_sharing_thread,0.999984954,1790944194
2026-10-02T12:29:53,APP_15704_1734961,15704,workload,UNAVAILABLE,-1.000000000,-1.000000000,-1.000000000,-1.000000000,-1.000000000,-1.000000000,-1.000000000,-1.000000000,-1.000000000,-1.000000000,-1.000000000,-1.000000000,-1.000000000,0.000000000,0.000000000,-1.000000000,-1.000000000,NA,0.050000000,INSUFFICIENT_DECISION_SIGNAL,1,1,f_access;f_threshold;f_gain_memory;f_cost_memory;f_cpu_memory;f_sharing_memory;f_gain_thread;f_cost_thread;f_cpu_thread;f_sharing_thread,0.999984954,1790944194
2026-10-02T12:29:53,APP_15704_1734961,15704,workload,UNAVAILABLE,-1.000000000,-1.000000000,-1.000000000,-1.000000000,-1.000000000,-1.000000000,-1.000000000,-1.000000000,-1.000000000,-1.000000000,-1.000000000,-1.000000000,-1.000000000,0.000000000,0.000000000,-1.000000000,-1.000000000,NA,0.050000000,INSUFFICIENT_DECISION_SIGNAL,1,1,f_access;f_threshold;f_gain_memory;f_cost_memory;f_cpu_memory;f_sharing_memory;f_gain_thread;f_cost_thread;f_cpu_thread;f_sharing_thread,0.999984954,1790944194
2026-10-02T12:29:53,APP_15704_1734961,15704,workload,UNAVAILABLE,-1.000000000,-1.000000000,-1.000000000,-1.000000000,-1.000000000,-1.000000000,-1.000000000,-1.000000000,-1.000000000,-1.000000000,-1.000000000,-1.000000000,-1.000000000,0.000000000,0.000000000,-1.000000000,-1.000000000,NA,0.050000000,INSUFFICIENT_DECISION_SIGNAL,1,1,f_access;f_threshold;f_gain_memory;f_cost_memory;f_cpu_memory;f_sharing_memory;f_gain_thread;f_cost_thread;f_cpu_thread;f_sharing_thread,0.999984954,1790944194
2026-10-02T12:29:54,APP_15704_1734961,15704,workload,UNAVAILABLE,-1.000000000,-1.000000000,-1.000000000,-1.000000000,-1.000000000,-1.000000000,-1.000000000,-1.000000000,-1.000000000,-1.000000000,-1.000000000,-1.000000000,-1.000000000,0.000000000,0.000000000,-1.000000000,-1.000000000,NA,0.050000000,INSUFFICIENT_DECISION_SIGNAL,1,1,f_access;f_threshold;f_gain_memory;f_cost_memory;f_cpu_memory;f_sharing_memory;f_gain_thread;f_cost_thread;f_cpu_thread;f_sharing_thread,0.999984954,1790944194
2026-10-02T12:29:54,APP_15704_1734961,15704,workload,UNAVAILABLE,-1.000000000,-1.000000000,-1.000000000,-1.000000000,-1.000000000,-1.000000000,-1.000000000,-1.000000000,-1.000000000,-1.000000000,-1.000000000,-1.000000000,-1.000000000,0.000000000,0.000000000,-1.000000000,-1.000000000,NA,0.050000000,INSUFFICIENT_DECISION_SIGNAL,1,1,f_access;f_threshold;f_gain_memory;f_cost_memory;f_cpu_memory;f_sharing_memory;f_gain_thread;f_cost_thread;f_cpu_thread;f_sharing_thread,0.999984954,1790944194
2026-10-02T12:29:54,APP_15704_1734961,15704,workload,UNAVAILABLE,-1.000000000,-1.000000000,-1.000000000,-1.000000000,-1.000000000,-1.000000000,-1.000000000,-1.000000000,-1.000000000,-1.000000000,-1.000000000,-1.000000000,-1.000000000,0.000000000,0.000000000,-1.000000000,-1.000000000,NA,0.050000000,INSUFFICIENT_DECISION_SIGNAL,1,1,f_access;f_threshold;f_gain_memory;f_cost_memory;f_cpu_memory;f_sharing_memory;f_gain_thread;f_cost_thread;f_cpu_thread;f_sharing_thread,0.999984954,1790944194
2026-10-02T12:29:54,APP_15704_1734961,15704,workload,UNAVAILABLE,-1.000000000,-1.000000000,-1.000000000,-1.000000000,-1.000000000,-1.000000000,-1.000000000,-1.000000000,-1.000000000,-1.000000000,-1.000000000,-1.000000000,-1.000000000,0.000000000,0.000000000,-1.000000000,-1.000000000,NA,0.050000000,INSUFFICIENT_DECISION_SIGNAL,1,1,f_access;f_threshold;f_gain_memory;f_cost_memory;f_cpu_memory;f_sharing_memory;f_gain_thread;f_cost_thread;f_cpu_thread;f_sharing_thread,0.999986111,1790944195
2026-10-02T12:29:54,APP_15704_1734961,15704,workload,UNAVAILABLE,-1.000000000,-1.000000000,-1.000000000,-1.000000000,-1.000000000,-1.000000000,-1.000000000,-1.000000000,-1.000000000,-1.000000000,-1.000000000,-1.000000000,-1.000000000,0.000000000,0.000000000,-1.000000000,-1.000000000,NA,0.050000000,INSUFFICIENT_DECISION_SIGNAL,1,1,f_access;f_threshold;f_gain_memory;f_cost_memory;f_cpu_memory;f_sharing_memory;f_gain_thread;f_cost_thread;f_cpu_thread;f_sharing_thread,0.999986111,1790944195
2026-10-02T12:29:54,APP_15704_1734961,15704,workload,UNAVAILABLE,-1.000000000,-1.000000000,-1.000000000,-1.000000000,-1.000000000,-1.000000000,-1.000000000,-1.000000000,-1.000000000,-1.000000000,-1.000000000,-1.000000000,-1.000000000,0.000000000,0.000000000,-1.000000000,-1.000000000,NA,0.050000000,INSUFFICIENT_DECISION_SIGNAL,1,1,f_access;f_threshold;f_gain_memory;f_cost_memory;f_cpu_memory;f_sharing_memory;f_gain_thread;f_cost_thread;f_cpu_thread;f_sharing_thread,0.999986111,1790944195
2026-10-02T12:29:54,APP_15704_1734961,15704,workload,UNAVAILABLE,-1.000000000,-1.000000000,-1.000000000,-1.000000000,-1.000000000,-1.000000000,-1.000000000,-1.000000000,-1.000000000,-1.000000000,-1.000000000,-1.000000000,-1.000000000,0.000000000,0.000000000,-1.000000000,-1.000000000,NA,0.050000000,INSUFFICIENT_DECISION_SIGNAL,1,1,f_access;f_threshold;f_gain_memory;f_cost_memory;f_cpu_memory;f_sharing_memory;f_gain_thread;f_cost_thread;f_cpu_thread;f_sharing_thread,0.999986111,1790944195
2026-10-02T12:29:55,APP_15704_1734961,15704,workload,UNAVAILABLE,-1.000000000,-1.000000000,-1.000000000,-1.000000000,-1.000000000,-1.000000000,-1.000000000,-1.000000000,-1.000000000,-1.000000000,-1.000000000,-1.000000000,-1.000000000,0.000000000,0.000000000,-1.000000000,-1.000000000,NA,0.050000000,INSUFFICIENT_DECISION_SIGNAL,1,1,f_access;f_threshold;f_gain_memory;f_cost_memory;f_cpu_memory;f_sharing_memory;f_gain_thread;f_cost_thread;f_cpu_thread;f_sharing_thread,0.999986111,1790944195
2026-10-02T12:29:55,APP_15704_1734961,15704,workload,UNAVAILABLE,-1.000000000,-1.000000000,-1.000000000,-1.000000000,-1.000000000,-1.000000000,-1.000000000,-1.000000000,-1.000000000,-1.000000000,-1.000000000,-1.000000000,-1.000000000,0.000000000,0.000000000,-1.000000000,-1.000000000,NA,0.050000000,INSUFFICIENT_DECISION_SIGNAL,1,1,f_access;f_threshold;f_gain_memory;f_cost_memory;f_cpu_memory;f_sharing_memory;f_gain_thread;f_cost_thread;f_cpu_thread;f_sharing_thread,0.999986111,1790944195
2026-10-02T12:29:55,APP_15704_1734961,15704,workload,UNAVAILABLE,-1.000000000,-1.000000000,-1.000000000,-1.000000000,-1.000000000,-1.000000000,-1.000000000,-1.000000000,-1.000000000,-1.000000000,-1.000000000,-1.000000000,-1.000000000,0.000000000,0.000000000,-1.000000000,-1.000000000,NA,0.050000000,INSUFFICIENT_DECISION_SIGNAL,1,1,f_access;f_threshold;f_gain_memory;f_cost_memory;f_cpu_memory;f_sharing_memory;f_gain_thread;f_cost_thread;f_cpu_thread;f_sharing_thread,0.999986111,1790944195
2026-10-02T12:29:55,APP_15704_1734961,15704,workload,UNAVAILABLE,-1.000000000,-1.000000000,-1.000000000,-1.000000000,-1.000000000,-1.000000000,-1.000000000,-1.000000000,-1.000000000,-1.000000000,-1.000000000,-1.000000000,-1.000000000,0.000000000,0.000000000,-1.000000000,-1.000000000,NA,0.050000000,INSUFFICIENT_DECISION_SIGNAL,1,1,f_access;f_threshold;f_gain_memory;f_cost_memory;f_cpu_memory;f_sharing_memory;f_gain_thread;f_cost_thread;f_cpu_thread;f_sharing_thread,0.999986111,1790944195
2026-10-02T12:29:55,APP_15704_1734961,15704,workload,UNAVAILABLE,-1.000000000,-1.000000000,-1.000000000,-1.000000000,-1.000000000,-1.000000000,-1.000000000,-1.000000000,-1.000000000,-1.000000000,-1.000000000,-1.000000000,-1.000000000,0.000000000,0.000000000,-1.000000000,-1.000000000,NA,0.050000000,INSUFFICIENT_DECISION_SIGNAL,1,1,f_access;f_threshold;f_gain_memory;f_cost_memory;f_cpu_memory;f_sharing_memory;f_gain_thread;f_cost_thread;f_cpu_thread;f_sharing_thread,0.999986111,1790944195
2026-10-02T12:29:55,APP_15704_1734961,15704,workload,UNAVAILABLE,-1.000000000,-1.000000000,-1.000000000,-1.000000000,-1.000000000,-1.000000000,-1.000000000,-1.000000000,-1.000000000,-1.000000000,-1.000000000,-1.000000000,-1.000000000,0.000000000,0.000000000,-1.000000000,-1.000000000,NA,0.050000000,INSUFFICIENT_DECISION_SIGNAL,1,1,f_access;f_threshold;f_gain_memory;f_cost_memory;f_cpu_memory;f_sharing_memory;f_gain_thread;f_cost_thread;f_cpu_thread;f_sharing_thread,0.999987269,1790944196
2026-10-02T12:29:55,APP_15704_1734961,15704,workload,UNAVAILABLE,-1.000000000,-1.000000000,-1.000000000,-1.000000000,-1.000000000,-1.000000000,-1.000000000,-1.000000000,-1.000000000,-1.000000000,-1.000000000,-1.000000000,-1.000000000,0.000000000,0.000000000,-1.000000000,-1.000000000,NA,0.050000000,INSUFFICIENT_DECISION_SIGNAL,1,1,f_access;f_threshold;f_gain_memory;f_cost_memory;f_cpu_memory;f_sharing_memory;f_gain_thread;f_cost_thread;f_cpu_thread;f_sharing_thread,0.999987269,1790944196
2026-10-02T12:29:55,APP_15704_1734961,15704,workload,UNAVAILABLE,-1.000000000,-1.000000000,-1.000000000,-1.000000000,-1.000000000,-1.000000000,-1.000000000,-1.000000000,-1.000000000,-1.000000000,-1.000000000,-1.000000000,-1.000000000,0.000000000,0.000000000,-1.000000000,-1.000000000,NA,0.050000000,INSUFFICIENT_DECISION_SIGNAL,1,1,f_access;f_threshold;f_gain_memory;f_cost_memory;f_cpu_memory;f_sharing_memory;f_gain_thread;f_cost_thread;f_cpu_thread;f_sharing_thread,0.999987269,1790944196
2026-10-02T12:29:56,APP_15704_1734961,15704,workload,UNAVAILABLE,-1.000000000,-1.000000000,-1.000000000,-1.000000000,-1.000000000,-1.000000000,-1.000000000,-1.000000000,-1.000000000,-1.000000000,-1.000000000,-1.000000000,-1.000000000,0.000000000,0.000000000,-1.000000000,-1.000000000,NA,0.050000000,INSUFFICIENT_DECISION_SIGNAL,1,1,f_access;f_threshold;f_gain_memory;f_cost_memory;f_cpu_memory;f_sharing_memory;f_gain_thread;f_cost_thread;f_cpu_thread;f_sharing_thread,0.999987269,1790944196
2026-10-02T12:29:56,APP_15704_1734961,15704,workload,UNAVAILABLE,-1.000000000,-1.000000000,-1.000000000,-1.000000000,-1.000000000,-1.000000000,-1.000000000,-1.000000000,-1.000000000,-1.000000000,-1.000000000,-1.000000000,-1.000000000,0.000000000,0.000000000,-1.000000000,-1.000000000,NA,0.050000000,INSUFFICIENT_DECISION_SIGNAL,1,1,f_access;f_threshold;f_gain_memory;f_cost_memory;f_cpu_memory;f_sharing_memory;f_gain_thread;f_cost_thread;f_cpu_thread;f_sharing_thread,0.999987269,1790944196
2026-10-02T12:29:56,APP_15704_1734961,15704,workload,UNAVAILABLE,-1.000000000,-1.000000000,-1.000000000,-1.000000000,-1.000000000,-1.000000000,-1.000000000,-1.000000000,-1.000000000,-1.000000000,-1.000000000,-1.000000000,-1.000000000,0.000000000,0.000000000,-1.000000000,-1.000000000,NA,0.050000000,INSUFFICIENT_DECISION_SIGNAL,1,1,f_access;f_threshold;f_gain_memory;f_cost_memory;f_cpu_memory;f_sharing_memory;f_gain_thread;f_cost_thread;f_cpu_thread;f_sharing_thread,0.999987269,1790944196
2026-10-02T12:29:56,APP_15704_1734961,15704,workload,UNAVAILABLE,-1.000000000,-1.000000000,-1.000000000,-1.000000000,-1.000000000,-1.000000000,-1.000000000,-1.000000000,-1.000000000,-1.000000000,-1.000000000,-1.000000000,-1.000000000,0.000000000,0.000000000,-1.000000000,-1.000000000,NA,0.050000000,INSUFFICIENT_DECISION_SIGNAL,1,1,f_access;f_threshold;f_gain_memory;f_cost_memory;f_cpu_memory;f_sharing_memory;f_gain_thread;f_cost_thread;f_cpu_thread;f_sharing_thread,0.999987269,1790944196
2026-10-02T12:29:56,APP_15704_1734961,15704,workload,UNAVAILABLE,-1.000000000,-1.000000000,-1.000000000,-1.000000000,-1.000000000,-1.000000000,-1.000000000,-1.000000000,-1.000000000,-1.000000000,-1.000000000,-1.000000000,-1.000000000,0.000000000,0.000000000,-1.000000000,-1.000000000,NA,0.050000000,INSUFFICIENT_DECISION_SIGNAL,1,1,f_access;f_threshold;f_gain_memory;f_cost_memory;f_cpu_memory;f_sharing_memory;f_gain_thread;f_cost_thread;f_cpu_thread;f_sharing_thread,0.999987269,1790944196
2026-10-02T12:29:56,APP_15704_1734961,15704,workload,UNAVAILABLE,-1.000000000,-1.000000000,-1.000000000,-1.000000000,-1.000000000,-1.000000000,-1.000000000,-1.000000000,-1.000000000,-1.000000000,-1.000000000,-1.000000000,-1.000000000,0.000000000,0.000000000,-1.000000000,-1.000000000,NA,0.050000000,INSUFFICIENT_DECISION_SIGNAL,1,1,f_access;f_threshold;f_gain_memory;f_cost_memory;f_cpu_memory;f_sharing_memory;f_gain_thread;f_cost_thread;f_cpu_thread;f_sharing_thread,0.999987269,1790944196
2026-10-02T12:29:56,APP_15704_1734961,15704,workload,UNAVAILABLE,-1.000000000,-1.000000000,-1.000000000,-1.000000000,-1.000000000,-1.000000000,-1.000000000,-1.000000000,-1.000000000,-1.000000000,-1.000000000,-1.000000000,-1.000000000,0.000000000,0.000000000,-1.000000000,-1.000000000,NA,0.050000000,INSUFFICIENT_DECISION_SIGNAL,1,1,f_access;f_threshold;f_gain_memory;f_cost_memory;f_cpu_memory;f_sharing_memory;f_gain_thread;f_cost_thread;f_cpu_thread;f_sharing_thread,0.999988426,1790944197
2026-10-02T12:29:56,APP_15704_1734961,15704,workload,UNAVAILABLE,-1.000000000,-1.000000000,-1.000000000,-1.000000000,-1.000000000,-1.000000000,-1.000000000,-1.000000000,-1.000000000,-1.000000000,-1.000000000,-1.000000000,-1.000000000,0.000000000,0.000000000,-1.000000000,-1.000000000,NA,0.050000000,INSUFFICIENT_DECISION_SIGNAL,1,1,f_access;f_threshold;f_gain_memory;f_cost_memory;f_cpu_memory;f_sharing_memory;f_gain_thread;f_cost_thread;f_cpu_thread;f_sharing_thread,0.999988426,1790944197
2026-10-02T12:29:57,APP_15704_1734961,15704,workload,UNAVAILABLE,-1.000000000,-1.000000000,-1.000000000,-1.000000000,-1.000000000,-1.000000000,-1.000000000,-1.000000000,-1.000000000,-1.000000000,-1.000000000,-1.000000000,-1.000000000,0.000000000,0.000000000,-1.000000000,-1.000000000,NA,0.050000000,INSUFFICIENT_DECISION_SIGNAL,1,1,f_access;f_threshold;f_gain_memory;f_cost_memory;f_cpu_memory;f_sharing_memory;f_gain_thread;f_cost_thread;f_cpu_thread;f_sharing_thread,0.999988426,1790944197
2026-10-02T12:29:57,APP_15704_1734961,15704,workload,UNAVAILABLE,-1.000000000,-1.000000000,-1.000000000,-1.000000000,-1.000000000,-1.000000000,-1.000000000,-1.000000000,-1.000000000,-1.000000000,-1.000000000,-1.000000000,-1.000000000,0.000000000,0.000000000,-1.000000000,-1.000000000,NA,0.050000000,INSUFFICIENT_DECISION_SIGNAL,1,1,f_access;f_threshold;f_gain_memory;f_cost_memory;f_cpu_memory;f_sharing_memory;f_gain_thread;f_cost_thread;f_cpu_thread;f_sharing_thread,0.999988426,1790944197
2026-10-02T12:29:57,APP_15704_1734961,15704,workload,UNAVAILABLE,-1.000000000,-1.000000000,-1.000000000,-1.000000000,-1.000000000,-1.000000000,-1.000000000,-1.000000000,-1.000000000,-1.000000000,-1.000000000,-1.000000000,-1.000000000,0.000000000,0.000000000,-1.000000000,-1.000000000,NA,0.050000000,INSUFFICIENT_DECISION_SIGNAL,1,1,f_access;f_threshold;f_gain_memory;f_cost_memory;f_cpu_memory;f_sharing_memory;f_gain_thread;f_cost_thread;f_cpu_thread;f_sharing_thread,0.999988426,1790944197
2026-10-02T12:29:57,APP_15704_1734961,15704,workload,UNAVAILABLE,-1.000000000,-1.000000000,-1.000000000,-1.000000000,-1.000000000,-1.000000000,-1.000000000,-1.000000000,-1.000000000,-1.000000000,-1.000000000,-1.000000000,-1.000000000,0.000000000,0.000000000,-1.000000000,-1.000000000,NA,0.050000000,INSUFFICIENT_DECISION_SIGNAL,1,1,f_access;f_threshold;f_gain_memory;f_cost_memory;f_cpu_memory;f_sharing_memory;f_gain_thread;f_cost_thread;f_cpu_thread;f_sharing_thread,0.999988426,1790944197
2026-10-02T12:29:57,APP_15704_1734961,15704,workload,UNAVAILABLE,-1.000000000,-1.000000000,-1.000000000,-1.000000000,-1.000000000,-1.000000000,-1.000000000,-1.000000000,-1.000000000,-1.000000000,-1.000000000,-1.000000000,-1.000000000,0.000000000,0.000000000,-1.000000000,-1.000000000,NA,0.050000000,INSUFFICIENT_DECISION_SIGNAL,1,1,f_access;f_threshold;f_gain_memory;f_cost_memory;f_cpu_memory;f_sharing_memory;f_gain_thread;f_cost_thread;f_cpu_thread;f_sharing_thread,0.999988426,1790944197
2026-10-02T12:29:57,APP_15704_1734961,15704,workload,UNAVAILABLE,-1.000000000,-1.000000000,-1.000000000,-1.000000000,-1.000000000,-1.000000000,-1.000000000,-1.000000000,-1.000000000,-1.000000000,-1.000000000,-1.000000000,-1.000000000,0.000000000,0.000000000,-1.000000000,-1.000000000,NA,0.050000000,INSUFFICIENT_DECISION_SIGNAL,1,1,f_access;f_threshold;f_gain_memory;f_cost_memory;f_cpu_memory;f_sharing_memory;f_gain_thread;f_cost_thread;f_cpu_thread;f_sharing_thread,0.999988426,1790944197
2026-10-02T12:29:57,APP_15704_1734961,15704,workload,UNAVAILABLE,-1.000000000,-1.000000000,-1.000000000,-1.000000000,-1.000000000,-1.000000000,-1.000000000,-1.000000000,-1.000000000,-1.000000000,-1.000000000,-1.000000000,-1.000000000,0.000000000,0.000000000,-1.000000000,-1.000000000,NA,0.050000000,INSUFFICIENT_DECISION_SIGNAL,1,1,f_access;f_threshold;f_gain_memory;f_cost_memory;f_cpu_memory;f_sharing_memory;f_gain_thread;f_cost_thread;f_cpu_thread;f_sharing_thread,0.999988426,1790944197
2026-10-02T12:29:58,APP_15704_1734961,15704,workload,UNAVAILABLE,-1.000000000,-1.000000000,-1.000000000,-1.000000000,-1.000000000,-1.000000000,-1.000000000,-1.000000000,-1.000000000,-1.000000000,-1.000000000,-1.000000000,-1.000000000,0.000000000,0.000000000,-1.000000000,-1.000000000,NA,0.050000000,INSUFFICIENT_DECISION_SIGNAL,1,1,f_access;f_threshold;f_gain_memory;f_cost_memory;f_cpu_memory;f_sharing_memory;f_gain_thread;f_cost_thread;f_cpu_thread;f_sharing_thread,0.999989583,1790944198
2026-10-02T12:29:58,APP_15704_1734961,15704,workload,UNAVAILABLE,-1.000000000,-1.000000000,-1.000000000,-1.000000000,-1.000000000,-1.000000000,-1.000000000,-1.000000000,-1.000000000,-1.000000000,-1.000000000,-1.000000000,-1.000000000,0.000000000,0.000000000,-1.000000000,-1.000000000,NA,0.050000000,INSUFFICIENT_DECISION_SIGNAL,1,1,f_access;f_threshold;f_gain_memory;f_cost_memory;f_cpu_memory;f_sharing_memory;f_gain_thread;f_cost_thread;f_cpu_thread;f_sharing_thread,0.999989583,1790944198
2026-10-02T12:29:58,APP_15704_1734961,15704,workload,UNAVAILABLE,-1.000000000,-1.000000000,-1.000000000,-1.000000000,-1.000000000,-1.000000000,-1.000000000,-1.000000000,-1.000000000,-1.000000000,-1.000000000,-1.000000000,-1.000000000,0.000000000,0.000000000,-1.000000000,-1.000000000,NA,0.050000000,INSUFFICIENT_DECISION_SIGNAL,1,1,f_access;f_threshold;f_gain_memory;f_cost_memory;f_cpu_memory;f_sharing_memory;f_gain_thread;f_cost_thread;f_cpu_thread;f_sharing_thread,0.999989583,1790944198
2026-10-02T12:29:58,APP_15704_1734961,15704,workload,UNAVAILABLE,-1.000000000,-1.000000000,-1.000000000,-1.000000000,-1.000000000,-1.000000000,-1.000000000,-1.000000000,-1.000000000,-1.000000000,-1.000000000,-1.000000000,-1.000000000,0.000000000,0.000000000,-1.000000000,-1.000000000,NA,0.050000000,INSUFFICIENT_DECISION_SIGNAL,1,1,f_access;f_threshold;f_gain_memory;f_cost_memory;f_cpu_memory;f_sharing_memory;f_gain_thread;f_cost_thread;f_cpu_thread;f_sharing_thread,0.999989583,1790944198
2026-10-02T12:29:58,APP_15704_1734961,15704,workload,UNAVAILABLE,-1.000000000,-1.000000000,-1.000000000,-1.000000000,-1.000000000,-1.000000000,-1.000000000,-1.000000000,-1.000000000,-1.000000000,-1.000000000,-1.000000000,-1.000000000,0.000000000,0.000000000,-1.000000000,-1.000000000,NA,0.050000000,INSUFFICIENT_DECISION_SIGNAL,1,1,f_access;f_threshold;f_gain_memory;f_cost_memory;f_cpu_memory;f_sharing_memory;f_gain_thread;f_cost_thread;f_cpu_thread;f_sharing_thread,0.999989583,1790944198
2026-10-02T12:29:58,APP_15704_1734961,15704,workload,UNAVAILABLE,-1.000000000,-1.000000000,-1.000000000,-1.000000000,-1.000000000,-1.000000000,-1.000000000,-1.000000000,-1.000000000,-1.000000000,-1.000000000,-1.000000000,-1.000000000,0.000000000,0.000000000,-1.000000000,-1.000000000,NA,0.050000000,INSUFFICIENT_DECISION_SIGNAL,1,1,f_access;f_threshold;f_gain_memory;f_cost_memory;f_cpu_memory;f_sharing_memory;f_gain_thread;f_cost_thread;f_cpu_thread;f_sharing_thread,0.999989583,1790944198
2026-10-02T12:29:58,APP_15704_1734961,15704,workload,UNAVAILABLE,-1.000000000,-1.000000000,-1.000000000,-1.000000000,-1.000000000,-1.000000000,-1.000000000,-1.000000000,-1.000000000,-1.000000000,-1.000000000,-1.000000000,-1.000000000,0.000000000,0.000000000,-1.000000000,-1.000000000,NA,0.050000000,INSUFFICIENT_DECISION_SIGNAL,1,1,f_access;f_threshold;f_gain_memory;f_cost_memory;f_cpu_memory;f_sharing_memory;f_gain_thread;f_cost_thread;f_cpu_thread;f_sharing_thread,0.999989583,1790944198
2026-10-02T12:29:58,APP_15704_1734961,15704,workload,UNAVAILABLE,-1.000000000,-1.000000000,-1.000000000,-1.000000000,-1.000000000,-1.000000000,-1.000000000,-1.000000000,-1.000000000,-1.000000000,-1.000000000,-1.000000000,-1.000000000,0.000000000,0.000000000,-1.000000000,-1.000000000,NA,0.050000000,INSUFFICIENT_DECISION_SIGNAL,1,1,f_access;f_threshold;f_gain_memory;f_cost_memory;f_cpu_memory;f_sharing_memory;f_gain_thread;f_cost_thread;f_cpu_thread;f_sharing_thread,0.999989583,1790944198
2026-10-02T12:29:58,APP_15704_1734961,15704,workload,UNAVAILABLE,-1.000000000,-1.000000000,-1.000000000,-1.000000000,-1.000000000,-1.000000000,-1.000000000,-1.000000000,-1.000000000,-1.000000000,-1.000000000,-1.000000000,-1.000000000,0.000000000,0.000000000,-1.000000000,-1.000000000,NA,0.050000000,INSUFFICIENT_DECISION_SIGNAL,1,1,f_access;f_threshold;f_gain_memory;f_cost_memory;f_cpu_memory;f_sharing_memory;f_gain_thread;f_cost_thread;f_cpu_thread;f_sharing_thread,0.999989583,1790944198
2026-10-02T12:29:59,APP_15704_1734961,15704,workload,UNAVAILABLE,-1.000000000,-1.000000000,-1.000000000,-1.000000000,-1.000000000,-1.000000000,-1.000000000,-1.000000000,-1.000000000,-1.000000000,-1.000000000,-1.000000000,-1.000000000,0.000000000,0.000000000,-1.000000000,-1.000000000,NA,0.050000000,INSUFFICIENT_DECISION_SIGNAL,1,1,f_access;f_threshold;f_gain_memory;f_cost_memory;f_cpu_memory;f_sharing_memory;f_gain_thread;f_cost_thread;f_cpu_thread;f_sharing_thread,0.999991898,1790944200
2026-10-02T12:29:59,APP_15704_1734961,15704,workload,UNAVAILABLE,-1.000000000,-1.000000000,-1.000000000,-1.000000000,-1.000000000,-1.000000000,-1.000000000,-1.000000000,-1.000000000,-1.000000000,-1.000000000,-1.000000000,-1.000000000,0.000000000,0.000000000,-1.000000000,-1.000000000,NA,0.050000000,INSUFFICIENT_DECISION_SIGNAL,1,1,f_access;f_threshold;f_gain_memory;f_cost_memory;f_cpu_memory;f_sharing_memory;f_gain_thread;f_cost_thread;f_cpu_thread;f_sharing_thread,0.999991898,1790944200
2026-10-02T12:29:59,APP_15704_1734961,15704,workload,UNAVAILABLE,-1.000000000,-1.000000000,-1.000000000,-1.000000000,-1.000000000,-1.000000000,-1.000000000,-1.000000000,-1.000000000,-1.000000000,-1.000000000,-1.000000000,-1.000000000,0.000000000,0.000000000,-1.000000000,-1.000000000,NA,0.050000000,INSUFFICIENT_DECISION_SIGNAL,1,1,f_access;f_threshold;f_gain_memory;f_cost_memory;f_cpu_memory;f_sharing_memory;f_gain_thread;f_cost_thread;f_cpu_thread;f_sharing_thread,0.999991898,1790944200
2026-10-02T12:29:59,APP_15704_1734961,15704,workload,UNAVAILABLE,-1.000000000,-1.000000000,-1.000000000,-1.000000000,-1.000000000,-1.000000000,-1.000000000,-1.000000000,-1.000000000,-1.000000000,-1.000000000,-1.000000000,-1.000000000,0.000000000,0.000000000,-1.000000000,-1.000000000,NA,0.050000000,INSUFFICIENT_DECISION_SIGNAL,1,1,f_access;f_threshold;f_gain_memory;f_cost_memory;f_cpu_memory;f_sharing_memory;f_gain_thread;f_cost_thread;f_cpu_thread;f_sharing_thread,0.999991898,1790944200
2026-10-02T12:29:59,APP_15704_1734961,15704,workload,UNAVAILABLE,-1.000000000,-1.000000000,-1.000000000,-1.000000000,-1.000000000,-1.000000000,-1.000000000,-1.000000000,-1.000000000,-1.000000000,-1.000000000,-1.000000000,-1.000000000,0.000000000,0.000000000,-1.000000000,-1.000000000,NA,0.050000000,INSUFFICIENT_DECISION_SIGNAL,1,1,f_access;f_threshold;f_gain_memory;f_cost_memory;f_cpu_memory;f_sharing_memory;f_gain_thread;f_cost_thread;f_cpu_thread;f_sharing_thread,0.999991898,1790944200
2026-10-02T12:29:59,APP_15704_1734961,15704,workload,UNAVAILABLE,-1.000000000,-1.000000000,-1.000000000,-1.000000000,-1.000000000,-1.000000000,-1.000000000,-1.000000000,-1.000000000,-1.000000000,-1.000000000,-1.000000000,-1.000000000,0.000000000,0.000000000,-1.000000000,-1.000000000,NA,0.050000000,INSUFFICIENT_DECISION_SIGNAL,1,1,f_access;f_threshold;f_gain_memory;f_cost_memory;f_cpu_memory;f_sharing_memory;f_gain_thread;f_cost_thread;f_cpu_thread;f_sharing_thread,0.999991898,1790944200
2026-10-02T12:29:59,APP_15704_1734961,15704,workload,UNAVAILABLE,-1.000000000,-1.000000000,-1.000000000,-1.000000000,-1.000000000,-1.000000000,-1.000000000,-1.000000000,-1.000000000,-1.000000000,-1.000000000,-1.000000000,-1.000000000,0.000000000,0.000000000,-1.000000000,-1.000000000,NA,0.050000000,INSUFFICIENT_DECISION_SIGNAL,1,1,f_access;f_threshold;f_gain_memory;f_cost_memory;f_cpu_memory;f_sharing_memory;f_gain_thread;f_cost_thread;f_cpu_thread;f_sharing_thread,0.999991898,1790944200
2026-10-02T12:29:59,APP_15704_1734961,15704,workload,UNAVAILABLE,-1.000000000,-1.000000000,-1.000000000,-1.000000000,-1.000000000,-1.000000000,-1.000000000,-1.000000000,-1.000000000,-1.000000000,-1.000000000,-1.000000000,-1.000000000,0.000000000,0.000000000,-1.000000000,-1.000000000,NA,0.050000000,INSUFFICIENT_DECISION_SIGNAL,1,1,f_access;f_threshold;f_gain_memory;f_cost_memory;f_cpu_memory;f_sharing_memory;f_gain_thread;f_cost_thread;f_cpu_thread;f_sharing_thread,0.999991898,1790944200
2026-10-02T12:30:00,APP_15704_1734961,15704,workload,UNAVAILABLE,-1.000000000,-1.000000000,-1.000000000,-1.000000000,-1.000000000,-1.000000000,-1.000000000,-1.000000000,-1.000000000,-1.000000000,-1.000000000,-1.000000000,-1.000000000,0.000000000,0.000000000,-1.000000000,-1.000000000,NA,0.050000000,INSUFFICIENT_DECISION_SIGNAL,1,1,f_access;f_threshold;f_gain_memory;f_cost_memory;f_cpu_memory;f_sharing_memory;f_gain_thread;f_cost_thread;f_cpu_thread;f_sharing_thread,0.999991898,1790944200
2026-10-02T12:30:00,APP_15704_1734961,15704,workload,UNAVAILABLE,-1.000000000,-1.000000000,-1.000000000,-1.000000000,-1.000000000,-1.000000000,-1.000000000,-1.000000000,-1.000000000,-1.000000000,-1.000000000,-1.000000000,-1.000000000,0.000000000,0.000000000,-1.000000000,-1.000000000,NA,0.050000000,INSUFFICIENT_DECISION_SIGNAL,1,1,f_access;f_threshold;f_gain_memory;f_cost_memory;f_cpu_memory;f_sharing_memory;f_gain_thread;f_cost_thread;f_cpu_thread;f_sharing_thread,0.999993056,1790944201
2026-10-02T12:30:00,APP_15704_1734961,15704,workload,UNAVAILABLE,-1.000000000,-1.000000000,-1.000000000,-1.000000000,-1.000000000,-1.000000000,-1.000000000,-1.000000000,-1.000000000,-1.000000000,-1.000000000,-1.000000000,-1.000000000,0.000000000,0.000000000,-1.000000000,-1.000000000,NA,0.050000000,INSUFFICIENT_DECISION_SIGNAL,1,1,f_access;f_threshold;f_gain_memory;f_cost_memory;f_cpu_memory;f_sharing_memory;f_gain_thread;f_cost_thread;f_cpu_thread;f_sharing_thread,0.999993056,1790944201
2026-10-02T12:30:00,APP_15704_1734961,15704,workload,UNAVAILABLE,-1.000000000,-1.000000000,-1.000000000,-1.000000000,-1.000000000,-1.000000000,-1.000000000,-1.000000000,-1.000000000,-1.000000000,-1.000000000,-1.000000000,-1.000000000,0.000000000,0.000000000,-1.000000000,-1.000000000,NA,0.050000000,INSUFFICIENT_DECISION_SIGNAL,1,1,f_access;f_threshold;f_gain_memory;f_cost_memory;f_cpu_memory;f_sharing_memory;f_gain_thread;f_cost_thread;f_cpu_thread;f_sharing_thread,0.999993056,1790944201
2026-10-02T12:30:00,APP_15704_1734961,15704,workload,UNAVAILABLE,-1.000000000,-1.000000000,-1.000000000,-1.000000000,-1.000000000,-1.000000000,-1.000000000,-1.000000000,-1.000000000,-1.000000000,-1.000000000,-1.000000000,-1.000000000,0.000000000,0.000000000,-1.000000000,-1.000000000,NA,0.050000000,INSUFFICIENT_DECISION_SIGNAL,1,1,f_access;f_threshold;f_gain_memory;f_cost_memory;f_cpu_memory;f_sharing_memory;f_gain_thread;f_cost_thread;f_cpu_thread;f_sharing_thread,0.999993056,1790944201
2026-10-02T12:30:00,APP_15704_1734961,15704,workload,UNAVAILABLE,-1.000000000,-1.000000000,-1.000000000,-1.000000000,-1.000000000,-1.000000000,-1.000000000,-1.000000000,-1.000000000,-1.000000000,-1.000000000,-1.000000000,-1.000000000,0.000000000,0.000000000,-1.000000000,-1.000000000,NA,0.050000000,INSUFFICIENT_DECISION_SIGNAL,1,1,f_access;f_threshold;f_gain_memory;f_cost_memory;f_cpu_memory;f_sharing_memory;f_gain_thread;f_cost_thread;f_cpu_thread;f_sharing_thread,0.999993056,1790944201
2026-10-02T12:30:00,APP_15704_1734961,15704,workload,UNAVAILABLE,-1.000000000,-1.000000000,-1.000000000,-1.000000000,-1.000000000,-1.000000000,-1.000000000,-1.000000000,-1.000000000,-1.000000000,-1.000000000,-1.000000000,-1.000000000,0.000000000,0.000000000,-1.000000000,-1.000000000,NA,0.050000000,INSUFFICIENT_DECISION_SIGNAL,1,1,f_access;f_threshold;f_gain_memory;f_cost_memory;f_cpu_memory;f_sharing_memory;f_gain_thread;f_cost_thread;f_cpu_thread;f_sharing_thread,0.999993056,1790944201
2026-10-02T12:30:00,APP_15704_1734961,15704,workload,UNAVAILABLE,-1.000000000,-1.000000000,-1.000000000,-1.000000000,-1.000000000,-1.000000000,-1.000000000,-1.000000000,-1.000000000,-1.000000000,-1.000000000,-1.000000000,-1.000000000,0.000000000,0.000000000,-1.000000000,-1.000000000,NA,0.050000000,INSUFFICIENT_DECISION_SIGNAL,1,1,f_access;f_threshold;f_gain_memory;f_cost_memory;f_cpu_memory;f_sharing_memory;f_gain_thread;f_cost_thread;f_cpu_thread;f_sharing_thread,0.999993056,1790944201
2026-10-02T12:30:01,APP_15704_1734961,15704,workload,UNAVAILABLE,-1.000000000,-1.000000000,-1.000000000,-1.000000000,-1.000000000,-1.000000000,-1.000000000,-1.000000000,-1.000000000,-1.000000000,-1.000000000,-1.000000000,-1.000000000,0.000000000,0.000000000,-1.000000000,-1.000000000,NA,0.050000000,INSUFFICIENT_DECISION_SIGNAL,1,1,f_access;f_threshold;f_gain_memory;f_cost_memory;f_cpu_memory;f_sharing_memory;f_gain_thread;f_cost_thread;f_cpu_thread;f_sharing_thread,0.999993056,1790944201
2026-10-02T12:30:01,APP_15704_1734961,15704,workload,UNAVAILABLE,-1.000000000,-1.000000000,-1.000000000,-1.000000000,-1.000000000,-1.000000000,-1.000000000,-1.000000000,-1.000000000,-1.000000000,-1.000000000,-1.000000000,-1.000000000,0.000000000,0.000000000,-1.000000000,-1.000000000,NA,0.050000000,INSUFFICIENT_DECISION_SIGNAL,1,1,f_access;f_threshold;f_gain_memory;f_cost_memory;f_cpu_memory;f_sharing_memory;f_gain_thread;f_cost_thread;f_cpu_thread;f_sharing_thread,0.999993056,1790944201
2026-10-02T12:30:01,APP_15704_1734961,15704,workload,UNAVAILABLE,-1.000000000,-1.000000000,-1.000000000,-1.000000000,-1.000000000,-1.000000000,-1.000000000,-1.000000000,-1.000000000,-1.000000000,-1.000000000,-1.000000000,-1.000000000,0.000000000,0.000000000,-1.000000000,-1.000000000,NA,0.050000000,INSUFFICIENT_DECISION_SIGNAL,1,1,f_access;f_threshold;f_gain_memory;f_cost_memory;f_cpu_memory;f_sharing_memory;f_gain_thread;f_cost_thread;f_cpu_thread;f_sharing_thread,0.999994213,1790944202
2026-10-02T12:30:01,APP_15704_1734961,15704,workload,UNAVAILABLE,-1.000000000,-1.000000000,-1.000000000,-1.000000000,-1.000000000,-1.000000000,-1.000000000,-1.000000000,-1.000000000,-1.000000000,-1.000000000,-1.000000000,-1.000000000,0.000000000,0.000000000,-1.000000000,-1.000000000,NA,0.050000000,INSUFFICIENT_DECISION_SIGNAL,1,1,f_access;f_threshold;f_gain_memory;f_cost_memory;f_cpu_memory;f_sharing_memory;f_gain_thread;f_cost_thread;f_cpu_thread;f_sharing_thread,0.999994213,1790944202
2026-10-02T12:30:01,APP_15704_1734961,15704,workload,UNAVAILABLE,-1.000000000,-1.000000000,-1.000000000,-1.000000000,-1.000000000,-1.000000000,-1.000000000,-1.000000000,-1.000000000,-1.000000000,-1.000000000,-1.000000000,-1.000000000,0.000000000,0.000000000,-1.000000000,-1.000000000,NA,0.050000000,INSUFFICIENT_DECISION_SIGNAL,1,1,f_access;f_threshold;f_gain_memory;f_cost_memory;f_cpu_memory;f_sharing_memory;f_gain_thread;f_cost_thread;f_cpu_thread;f_sharing_thread,0.999994213,1790944202
2026-10-02T12:30:01,APP_15704_1734961,15704,workload,UNAVAILABLE,-1.000000000,-1.000000000,-1.000000000,-1.000000000,-1.000000000,-1.000000000,-1.000000000,-1.000000000,-1.000000000,-1.000000000,-1.000000000,-1.000000000,-1.000000000,0.000000000,0.000000000,-1.000000000,-1.000000000,NA,0.050000000,INSUFFICIENT_DECISION_SIGNAL,1,1,f_access;f_threshold;f_gain_memory;f_cost_memory;f_cpu_memory;f_sharing_memory;f_gain_thread;f_cost_thread;f_cpu_thread;f_sharing_thread,0.999994213,1790944202
2026-10-02T12:30:01,APP_15704_1734961,15704,workload,UNAVAILABLE,-1.000000000,-1.000000000,-1.000000000,-1.000000000,-1.000000000,-1.000000000,-1.000000000,-1.000000000,-1.000000000,-1.000000000,-1.000000000,-1.000000000,-1.000000000,0.000000000,0.000000000,-1.000000000,-1.000000000,NA,0.050000000,INSUFFICIENT_DECISION_SIGNAL,1,1,f_access;f_threshold;f_gain_memory;f_cost_memory;f_cpu_memory;f_sharing_memory;f_gain_thread;f_cost_thread;f_cpu_thread;f_sharing_thread,0.999994213,1790944202
2026-10-02T12:30:01,APP_15704_1734961,15704,workload,UNAVAILABLE,-1.000000000,-1.000000000,-1.000000000,-1.000000000,-1.000000000,-1.000000000,-1.000000000,-1.000000000,-1.000000000,-1.000000000,-1.000000000,-1.000000000,-1.000000000,0.000000000,0.000000000,-1.000000000,-1.000000000,NA,0.050000000,INSUFFICIENT_DECISION_SIGNAL,1,1,f_access;f_threshold;f_gain_memory;f_cost_memory;f_cpu_memory;f_sharing_memory;f_gain_thread;f_cost_thread;f_cpu_thread;f_sharing_thread,0.999994213,1790944202
2026-10-02T12:30:01,APP_15704_1734961,15704,workload,UNAVAILABLE,-1.000000000,-1.000000000,-1.000000000,-1.000000000,-1.000000000,-1.000000000,-1.000000000,-1.000000000,-1.000000000,-1.000000000,-1.000000000,-1.000000000,-1.000000000,0.000000000,0.000000000,-1.000000000,-1.000000000,NA,0.050000000,INSUFFICIENT_DECISION_SIGNAL,1,1,f_access;f_threshold;f_gain_memory;f_cost_memory;f_cpu_memory;f_sharing_memory;f_gain_thread;f_cost_thread;f_cpu_thread;f_sharing_thread,0.999994213,1790944202
2026-10-02T12:30:02,APP_15704_1734961,15704,workload,UNAVAILABLE,-1.000000000,-1.000000000,-1.000000000,-1.000000000,-1.000000000,-1.000000000,-1.000000000,-1.000000000,-1.000000000,-1.000000000,-1.000000000,-1.000000000,-1.000000000,0.000000000,0.000000000,-1.000000000,-1.000000000,NA,0.050000000,INSUFFICIENT_DECISION_SIGNAL,1,1,f_access;f_threshold;f_gain_memory;f_cost_memory;f_cpu_memory;f_sharing_memory;f_gain_thread;f_cost_thread;f_cpu_thread;f_sharing_thread,0.999994213,1790944202
2026-10-02T12:30:02,APP_15704_1734961,15704,workload,UNAVAILABLE,-1.000000000,-1.000000000,-1.000000000,-1.000000000,-1.000000000,-1.000000000,-1.000000000,-1.000000000,-1.000000000,-1.000000000,-1.000000000,-1.000000000,-1.000000000,0.000000000,0.000000000,-1.000000000,-1.000000000,NA,0.050000000,INSUFFICIENT_DECISION_SIGNAL,1,1,f_access;f_threshold;f_gain_memory;f_cost_memory;f_cpu_memory;f_sharing_memory;f_gain_thread;f_cost_thread;f_cpu_thread;f_sharing_thread,0.999994213,1790944202
2026-10-02T12:30:02,APP_15704_1734961,15704,workload,UNAVAILABLE,-1.000000000,-1.000000000,-1.000000000,-1.000000000,-1.000000000,-1.000000000,-1.000000000,-1.000000000,-1.000000000,-1.000000000,-1.000000000,-1.000000000,-1.000000000,0.000000000,0.000000000,-1.000000000,-1.000000000,NA,0.050000000,INSUFFICIENT_DECISION_SIGNAL,1,1,f_access;f_threshold;f_gain_memory;f_cost_memory;f_cpu_memory;f_sharing_memory;f_gain_thread;f_cost_thread;f_cpu_thread;f_sharing_thread,0.999995370,1790944203
2026-10-02T12:30:02,APP_15704_1734961,15704,workload,UNAVAILABLE,-1.000000000,-1.000000000,-1.000000000,-1.000000000,-1.000000000,-1.000000000,-1.000000000,-1.000000000,-1.000000000,-1.000000000,-1.000000000,-1.000000000,-1.000000000,0.000000000,0.000000000,-1.000000000,-1.000000000,NA,0.050000000,INSUFFICIENT_DECISION_SIGNAL,1,1,f_access;f_threshold;f_gain_memory;f_cost_memory;f_cpu_memory;f_sharing_memory;f_gain_thread;f_cost_thread;f_cpu_thread;f_sharing_thread,0.999995370,1790944203
2026-10-02T12:30:02,APP_15704_1734961,15704,workload,UNAVAILABLE,-1.000000000,-1.000000000,-1.000000000,-1.000000000,-1.000000000,-1.000000000,-1.000000000,-1.000000000,-1.000000000,-1.000000000,-1.000000000,-1.000000000,-1.000000000,0.000000000,0.000000000,-1.000000000,-1.000000000,NA,0.050000000,INSUFFICIENT_DECISION_SIGNAL,1,1,f_access;f_threshold;f_gain_memory;f_cost_memory;f_cpu_memory;f_sharing_memory;f_gain_thread;f_cost_thread;f_cpu_thread;f_sharing_thread,0.999995370,1790944203
2026-10-02T12:30:02,APP_15704_1734961,15704,workload,UNAVAILABLE,-1.000000000,-1.000000000,-1.000000000,-1.000000000,-1.000000000,-1.000000000,-1.000000000,-1.000000000,-1.000000000,-1.000000000,-1.000000000,-1.000000000,-1.000000000,0.000000000,0.000000000,-1.000000000,-1.000000000,NA,0.050000000,INSUFFICIENT_DECISION_SIGNAL,1,1,f_access;f_threshold;f_gain_memory;f_cost_memory;f_cpu_memory;f_sharing_memory;f_gain_thread;f_cost_thread;f_cpu_thread;f_sharing_thread,0.999995370,1790944203
2026-10-02T12:30:02,APP_15704_1734961,15704,workload,UNAVAILABLE,-1.000000000,-1.000000000,-1.000000000,-1.000000000,-1.000000000,-1.000000000,-1.000000000,-1.000000000,-1.000000000,-1.000000000,-1.000000000,-1.000000000,-1.000000000,0.000000000,0.000000000,-1.000000000,-1.000000000,NA,0.050000000,INSUFFICIENT_DECISION_SIGNAL,1,1,f_access;f_threshold;f_gain_memory;f_cost_memory;f_cpu_memory;f_sharing_memory;f_gain_thread;f_cost_thread;f_cpu_thread;f_sharing_thread,0.999995370,1790944203
2026-10-02T12:30:03,APP_15704_1734961,15704,workload,UNAVAILABLE,-1.000000000,-1.000000000,-1.000000000,-1.000000000,-1.000000000,-1.000000000,-1.000000000,-1.000000000,-1.000000000,-1.000000000,-1.000000000,-1.000000000,-1.000000000,0.000000000,0.000000000,-1.000000000,-1.000000000,NA,0.050000000,INSUFFICIENT_DECISION_SIGNAL,1,1,f_access;f_threshold;f_gain_memory;f_cost_memory;f_cpu_memory;f_sharing_memory;f_gain_thread;f_cost_thread;f_cpu_thread;f_sharing_thread,0.999995370,1790944203
2026-10-02T12:30:03,APP_15704_1734961,15704,workload,UNAVAILABLE,-1.000000000,-1.000000000,-1.000000000,-1.000000000,-1.000000000,-1.000000000,-1.000000000,-1.000000000,-1.000000000,-1.000000000,-1.000000000,-1.000000000,-1.000000000,0.000000000,0.000000000,-1.000000000,-1.000000000,NA,0.050000000,INSUFFICIENT_DECISION_SIGNAL,1,1,f_access;f_threshold;f_gain_memory;f_cost_memory;f_cpu_memory;f_sharing_memory;f_gain_thread;f_cost_thread;f_cpu_thread;f_sharing_thread,0.999995370,1790944203
2026-10-02T12:30:03,APP_15704_1734961,15704,workload,UNAVAILABLE,-1.000000000,-1.000000000,-1.000000000,-1.000000000,-1.000000000,-1.000000000,-1.000000000,-1.000000000,-1.000000000,-1.000000000,-1.000000000,-1.000000000,-1.000000000,0.000000000,0.000000000,-1.000000000,-1.000000000,NA,0.050000000,INSUFFICIENT_DECISION_SIGNAL,1,1,f_access;f_threshold;f_gain_memory;f_cost_memory;f_cpu_memory;f_sharing_memory;f_gain_thread;f_cost_thread;f_cpu_thread;f_sharing_thread,0.999995370,1790944203
2026-10-02T12:30:03,APP_15704_1734961,15704,workload,UNAVAILABLE,-1.000000000,-1.000000000,-1.000000000,-1.000000000,-1.000000000,-1.000000000,-1.000000000,-1.000000000,-1.000000000,-1.000000000,-1.000000000,-1.000000000,-1.000000000,0.000000000,0.000000000,-1.000000000,-1.000000000,NA,0.050000000,INSUFFICIENT_DECISION_SIGNAL,1,1,f_access;f_threshold;f_gain_memory;f_cost_memory;f_cpu_memory;f_sharing_memory;f_gain_thread;f_cost_thread;f_cpu_thread;f_sharing_thread,0.999995370,1790944203
2026-10-02T12:30:03,APP_15704_1734961,15704,workload,UNAVAILABLE,-1.000000000,-1.000000000,-1.000000000,-1.000000000,-1.000000000,-1.000000000,-1.000000000,-1.000000000,-1.000000000,-1.000000000,-1.000000000,-1.000000000,-1.000000000,0.000000000,0.000000000,-1.000000000,-1.000000000,NA,0.050000000,INSUFFICIENT_DECISION_SIGNAL,1,1,f_access;f_threshold;f_gain_memory;f_cost_memory;f_cpu_memory;f_sharing_memory;f_gain_thread;f_cost_thread;f_cpu_thread;f_sharing_thread,0.999996528,1790944204
2026-10-02T12:30:03,APP_15704_1734961,15704,workload,UNAVAILABLE,-1.000000000,-1.000000000,-1.000000000,-1.000000000,-1.000000000,-1.000000000,-1.000000000,-1.000000000,-1.000000000,-1.000000000,-1.000000000,-1.000000000,-1.000000000,0.000000000,0.000000000,-1.000000000,-1.000000000,NA,0.050000000,INSUFFICIENT_DECISION_SIGNAL,1,1,f_access;f_threshold;f_gain_memory;f_cost_memory;f_cpu_memory;f_sharing_memory;f_gain_thread;f_cost_thread;f_cpu_thread;f_sharing_thread,0.999996528,1790944204
2026-10-02T12:30:03,APP_15704_1734961,15704,workload,UNAVAILABLE,-1.000000000,-1.000000000,-1.000000000,-1.000000000,-1.000000000,-1.000000000,-1.000000000,-1.000000000,-1.000000000,-1.000000000,-1.000000000,-1.000000000,-1.000000000,0.000000000,0.000000000,-1.000000000,-1.000000000,NA,0.050000000,INSUFFICIENT_DECISION_SIGNAL,1,1,f_access;f_threshold;f_gain_memory;f_cost_memory;f_cpu_memory;f_sharing_memory;f_gain_thread;f_cost_thread;f_cpu_thread;f_sharing_thread,0.999996528,1790944204
2026-10-02T12:30:03,APP_15704_1734961,15704,workload,UNAVAILABLE,-1.000000000,-1.000000000,-1.000000000,-1.000000000,-1.000000000,-1.000000000,-1.000000000,-1.000000000,-1.000000000,-1.000000000,-1.000000000,-1.000000000,-1.000000000,0.000000000,0.000000000,-1.000000000,-1.000000000,NA,0.050000000,INSUFFICIENT_DECISION_SIGNAL,1,1,f_access;f_threshold;f_gain_memory;f_cost_memory;f_cpu_memory;f_sharing_memory;f_gain_thread;f_cost_thread;f_cpu_thread;f_sharing_thread,0.999996528,1790944204
2026-10-02T12:30:03,APP_15704_1734961,15704,workload,UNAVAILABLE,-1.000000000,-1.000000000,-1.000000000,-1.000000000,-1.000000000,-1.000000000,-1.000000000,-1.000000000,-1.000000000,-1.000000000,-1.000000000,-1.000000000,-1.000000000,0.000000000,0.000000000,-1.000000000,-1.000000000,NA,0.050000000,INSUFFICIENT_DECISION_SIGNAL,1,1,f_access;f_threshold;f_gain_memory;f_cost_memory;f_cpu_memory;f_sharing_memory;f_gain_thread;f_cost_thread;f_cpu_thread;f_sharing_thread,0.999996528,1790944204
2026-10-02T12:30:04,APP_15704_1734961,15704,workload,UNAVAILABLE,-1.000000000,-1.000000000,-1.000000000,-1.000000000,-1.000000000,-1.000000000,-1.000000000,-1.000000000,-1.000000000,-1.000000000,-1.000000000,-1.000000000,-1.000000000,0.000000000,0.000000000,-1.000000000,-1.000000000,NA,0.050000000,INSUFFICIENT_DECISION_SIGNAL,1,1,f_access;f_threshold;f_gain_memory;f_cost_memory;f_cpu_memory;f_sharing_memory;f_gain_thread;f_cost_thread;f_cpu_thread;f_sharing_thread,0.999996528,1790944204
2026-10-02T12:30:04,APP_15704_1734961,15704,workload,UNAVAILABLE,-1.000000000,-1.000000000,-1.000000000,-1.000000000,-1.000000000,-1.000000000,-1.000000000,-1.000000000,-1.000000000,-1.000000000,-1.000000000,-1.000000000,-1.000000000,0.000000000,0.000000000,-1.000000000,-1.000000000,NA,0.050000000,INSUFFICIENT_DECISION_SIGNAL,1,1,f_access;f_threshold;f_gain_memory;f_cost_memory;f_cpu_memory;f_sharing_memory;f_gain_thread;f_cost_thread;f_cpu_thread;f_sharing_thread,0.999996528,1790944204
2026-10-02T12:30:04,APP_15704_1734961,15704,workload,UNAVAILABLE,-1.000000000,-1.000000000,-1.000000000,-1.000000000,-1.000000000,-1.000000000,-1.000000000,-1.000000000,-1.000000000,-1.000000000,-1.000000000,-1.000000000,-1.000000000,0.000000000,0.000000000,-1.000000000,-1.000000000,NA,0.050000000,INSUFFICIENT_DECISION_SIGNAL,1,1,f_access;f_threshold;f_gain_memory;f_cost_memory;f_cpu_memory;f_sharing_memory;f_gain_thread;f_cost_thread;f_cpu_thread;f_sharing_thread,0.999996528,1790944204
2026-10-02T12:30:04,APP_15704_1734961,15704,workload,UNAVAILABLE,-1.000000000,-1.000000000,-1.000000000,-1.000000000,-1.000000000,-1.000000000,-1.000000000,-1.000000000,-1.000000000,-1.000000000,-1.000000000,-1.000000000,-1.000000000,0.000000000,0.000000000,-1.000000000,-1.000000000,NA,0.050000000,INSUFFICIENT_DECISION_SIGNAL,1,1,f_access;f_threshold;f_gain_memory;f_cost_memory;f_cpu_memory;f_sharing_memory;f_gain_thread;f_cost_thread;f_cpu_thread;f_sharing_thread,0.999996528,1790944204
2026-10-02T12:30:04,APP_15704_1734961,15704,workload,UNAVAILABLE,-1.000000000,-1.000000000,-1.000000000,-1.000000000,-1.000000000,-1.000000000,-1.000000000,-1.000000000,-1.000000000,-1.000000000,-1.000000000,-1.000000000,-1.000000000,0.000000000,0.000000000,-1.000000000,-1.000000000,NA,0.050000000,INSUFFICIENT_DECISION_SIGNAL,1,1,f_access;f_threshold;f_gain_memory;f_cost_memory;f_cpu_memory;f_sharing_memory;f_gain_thread;f_cost_thread;f_cpu_thread;f_sharing_thread,0.999997685,1790944205
2026-10-02T12:30:04,APP_15704_1734961,15704,workload,UNAVAILABLE,-1.000000000,-1.000000000,-1.000000000,-1.000000000,-1.000000000,-1.000000000,-1.000000000,-1.000000000,-1.000000000,-1.000000000,-1.000000000,-1.000000000,-1.000000000,0.000000000,0.000000000,-1.000000000,-1.000000000,NA,0.050000000,INSUFFICIENT_DECISION_SIGNAL,1,1,f_access;f_threshold;f_gain_memory;f_cost_memory;f_cpu_memory;f_sharing_memory;f_gain_thread;f_cost_thread;f_cpu_thread;f_sharing_thread,0.999997685,1790944205
2026-10-02T12:30:04,APP_15704_1734961,15704,workload,UNAVAILABLE,-1.000000000,-1.000000000,-1.000000000,-1.000000000,-1.000000000,-1.000000000,-1.000000000,-1.000000000,-1.000000000,-1.000000000,-1.000000000,-1.000000000,-1.000000000,0.000000000,0.000000000,-1.000000000,-1.000000000,NA,0.050000000,INSUFFICIENT_DECISION_SIGNAL,1,1,f_access;f_threshold;f_gain_memory;f_cost_memory;f_cpu_memory;f_sharing_memory;f_gain_thread;f_cost_thread;f_cpu_thread;f_sharing_thread,0.999997685,1790944205
2026-10-02T12:30:04,APP_15704_1734961,15704,workload,UNAVAILABLE,-1.000000000,-1.000000000,-1.000000000,-1.000000000,-1.000000000,-1.000000000,-1.000000000,-1.000000000,-1.000000000,-1.000000000,-1.000000000,-1.000000000,-1.000000000,0.000000000,0.000000000,-1.000000000,-1.000000000,NA,0.050000000,INSUFFICIENT_DECISION_SIGNAL,1,1,f_access;f_threshold;f_gain_memory;f_cost_memory;f_cpu_memory;f_sharing_memory;f_gain_thread;f_cost_thread;f_cpu_thread;f_sharing_thread,0.999997685,1790944205
2026-10-02T12:30:05,APP_15704_1734961,15704,workload,UNAVAILABLE,-1.000000000,-1.000000000,-1.000000000,-1.000000000,-1.000000000,-1.000000000,-1.000000000,-1.000000000,-1.000000000,-1.000000000,-1.000000000,-1.000000000,-1.000000000,0.000000000,0.000000000,-1.000000000,-1.000000000,NA,0.050000000,INSUFFICIENT_DECISION_SIGNAL,1,1,f_access;f_threshold;f_gain_memory;f_cost_memory;f_cpu_memory;f_sharing_memory;f_gain_thread;f_cost_thread;f_cpu_thread;f_sharing_thread,0.999997685,1790944205
2026-10-02T12:30:05,APP_15704_1734961,15704,workload,UNAVAILABLE,-1.000000000,-1.000000000,-1.000000000,-1.000000000,-1.000000000,-1.000000000,-1.000000000,-1.000000000,-1.000000000,-1.000000000,-1.000000000,-1.000000000,-1.000000000,0.000000000,0.000000000,-1.000000000,-1.000000000,NA,0.050000000,INSUFFICIENT_DECISION_SIGNAL,1,1,f_access;f_threshold;f_gain_memory;f_cost_memory;f_cpu_memory;f_sharing_memory;f_gain_thread;f_cost_thread;f_cpu_thread;f_sharing_thread,0.999997685,1790944205
2026-10-02T12:30:05,APP_15704_1734961,15704,workload,UNAVAILABLE,-1.000000000,-1.000000000,-1.000000000,-1.000000000,-1.000000000,-1.000000000,-1.000000000,-1.000000000,-1.000000000,-1.000000000,-1.000000000,-1.000000000,-1.000000000,0.000000000,0.000000000,-1.000000000,-1.000000000,NA,0.050000000,INSUFFICIENT_DECISION_SIGNAL,1,1,f_access;f_threshold;f_gain_memory;f_cost_memory;f_cpu_memory;f_sharing_memory;f_gain_thread;f_cost_thread;f_cpu_thread;f_sharing_thread,0.999997685,1790944205
2026-10-02T12:30:05,APP_15704_1734961,15704,workload,UNAVAILABLE,-1.000000000,-1.000000000,-1.000000000,-1.000000000,-1.000000000,-1.000000000,-1.000000000,-1.000000000,-1.000000000,-1.000000000,-1.000000000,-1.000000000,-1.000000000,0.000000000,0.000000000,-1.000000000,-1.000000000,NA,0.050000000,INSUFFICIENT_DECISION_SIGNAL,1,1,f_access;f_threshold;f_gain_memory;f_cost_memory;f_cpu_memory;f_sharing_memory;f_gain_thread;f_cost_thread;f_cpu_thread;f_sharing_thread,0.999997685,1790944205
2026-10-02T12:30:05,APP_15704_1734961,15704,workload,UNAVAILABLE,-1.000000000,-1.000000000,-1.000000000,-1.000000000,-1.000000000,-1.000000000,-1.000000000,-1.000000000,-1.000000000,-1.000000000,-1.000000000,-1.000000000,-1.000000000,0.000000000,0.000000000,-1.000000000,-1.000000000,NA,0.050000000,INSUFFICIENT_DECISION_SIGNAL,1,1,f_access;f_threshold;f_gain_memory;f_cost_memory;f_cpu_memory;f_sharing_memory;f_gain_thread;f_cost_thread;f_cpu_thread;f_sharing_thread,0.999998843,1790944206
2026-10-02T12:30:05,APP_15704_1734961,15704,workload,UNAVAILABLE,-1.000000000,-1.000000000,-1.000000000,-1.000000000,-1.000000000,-1.000000000,-1.000000000,-1.000000000,-1.000000000,-1.000000000,-1.000000000,-1.000000000,-1.000000000,0.000000000,0.000000000,-1.000000000,-1.000000000,NA,0.050000000,INSUFFICIENT_DECISION_SIGNAL,1,1,f_access;f_threshold;f_gain_memory;f_cost_memory;f_cpu_memory;f_sharing_memory;f_gain_thread;f_cost_thread;f_cpu_thread;f_sharing_thread,0.999998843,1790944206
2026-10-02T12:30:05,APP_15704_1734961,15704,workload,UNAVAILABLE,-1.000000000,-1.000000000,-1.000000000,-1.000000000,-1.000000000,-1.000000000,-1.000000000,-1.000000000,-1.000000000,-1.000000000,-1.000000000,-1.000000000,-1.000000000,0.000000000,0.000000000,-1.000000000,-1.000000000,NA,0.050000000,INSUFFICIENT_DECISION_SIGNAL,1,1,f_access;f_threshold;f_gain_memory;f_cost_memory;f_cpu_memory;f_sharing_memory;f_gain_thread;f_cost_thread;f_cpu_thread;f_sharing_thread,0.999998843,1790944206
2026-10-02T12:30:06,APP_15704_1734961,15704,workload,UNAVAILABLE,-1.000000000,-1.000000000,-1.000000000,-1.000000000,-1.000000000,-1.000000000,-1.000000000,-1.000000000,-1.000000000,-1.000000000,-1.000000000,-1.000000000,-1.000000000,0.000000000,0.000000000,-1.000000000,-1.000000000,NA,0.050000000,INSUFFICIENT_DECISION_SIGNAL,1,1,f_access;f_threshold;f_gain_memory;f_cost_memory;f_cpu_memory;f_sharing_memory;f_gain_thread;f_cost_thread;f_cpu_thread;f_sharing_thread,0.999998843,1790944206
2026-10-02T12:30:06,APP_15704_1734961,15704,workload,UNAVAILABLE,-1.000000000,-1.000000000,-1.000000000,-1.000000000,-1.000000000,-1.000000000,-1.000000000,-1.000000000,-1.000000000,-1.000000000,-1.000000000,-1.000000000,-1.000000000,0.000000000,0.000000000,-1.000000000,-1.000000000,NA,0.050000000,INSUFFICIENT_DECISION_SIGNAL,1,1,f_access;f_threshold;f_gain_memory;f_cost_memory;f_cpu_memory;f_sharing_memory;f_gain_thread;f_cost_thread;f_cpu_thread;f_sharing_thread,0.999998843,1790944206
2026-10-02T12:30:06,APP_15704_1734961,15704,workload,UNAVAILABLE,-1.000000000,-1.000000000,-1.000000000,-1.000000000,-1.000000000,-1.000000000,-1.000000000,-1.000000000,-1.000000000,-1.000000000,-1.000000000,-1.000000000,-1.000000000,0.000000000,0.000000000,-1.000000000,-1.000000000,NA,0.050000000,INSUFFICIENT_DECISION_SIGNAL,1,1,f_access;f_threshold;f_gain_memory;f_cost_memory;f_cpu_memory;f_sharing_memory;f_gain_thread;f_cost_thread;f_cpu_thread;f_sharing_thread,0.999998843,1790944206
2026-10-02T12:30:06,APP_15704_1734961,15704,workload,UNAVAILABLE,-1.000000000,-1.000000000,-1.000000000,-1.000000000,-1.000000000,-1.000000000,-1.000000000,-1.000000000,-1.000000000,-1.000000000,-1.000000000,-1.000000000,-1.000000000,0.000000000,0.000000000,-1.000000000,-1.000000000,NA,0.050000000,INSUFFICIENT_DECISION_SIGNAL,1,1,f_access;f_threshold;f_gain_memory;f_cost_memory;f_cpu_memory;f_sharing_memory;f_gain_thread;f_cost_thread;f_cpu_thread;f_sharing_thread,0.999998843,1790944206
2026-10-02T12:30:06,APP_15704_1734961,15704,workload,UNAVAILABLE,-1.000000000,-1.000000000,-1.000000000,-1.000000000,-1.000000000,-1.000000000,-1.000000000,-1.000000000,-1.000000000,-1.000000000,-1.000000000,-1.000000000,-1.000000000,0.000000000,0.000000000,-1.000000000,-1.000000000,NA,0.050000000,INSUFFICIENT_DECISION_SIGNAL,1,1,f_access;f_threshold;f_gain_memory;f_cost_memory;f_cpu_memory;f_sharing_memory;f_gain_thread;f_cost_thread;f_cpu_thread;f_sharing_thread,0.999998843,1790944206
2026-10-02T12:30:06,APP_15704_1734961,15704,workload,UNAVAILABLE,-1.000000000,-1.000000000,-1.000000000,-1.000000000,-1.000000000,-1.000000000,-1.000000000,-1.000000000,-1.000000000,-1.000000000,-1.000000000,-1.000000000,-1.000000000,0.000000000,0.000000000,-1.000000000,-1.000000000,NA,0.050000000,INSUFFICIENT_DECISION_SIGNAL,1,1,f_access;f_threshold;f_gain_memory;f_cost_memory;f_cpu_memory;f_sharing_memory;f_gain_thread;f_cost_thread;f_cpu_thread;f_sharing_thread,0.999998843,1790944206
2026-10-02T12:30:06,APP_15704_1734961,15704,workload,UNAVAILABLE,-1.000000000,-1.000000000,-1.000000000,-1.000000000,-1.000000000,-1.000000000,-1.000000000,-1.000000000,-1.000000000,-1.000000000,-1.000000000,-1.000000000,-1.000000000,0.000000000,0.000000000,-1.000000000,-1.000000000,NA,0.050000000,INSUFFICIENT_DECISION_SIGNAL,1,1,f_access;f_threshold;f_gain_memory;f_cost_memory;f_cpu_memory;f_sharing_memory;f_gain_thread;f_cost_thread;f_cpu_thread;f_sharing_thread,1.000000000,1790944207
2026-10-02T12:30:06,APP_15704_1734961,15704,workload,UNAVAILABLE,-1.000000000,-1.000000000,-1.000000000,-1.000000000,-1.000000000,-1.000000000,-1.000000000,-1.000000000,-1.000000000,-1.000000000,-1.000000000,-1.000000000,-1.000000000,0.000000000,0.000000000,-1.000000000,-1.000000000,NA,0.050000000,INSUFFICIENT_DECISION_SIGNAL,1,1,f_access;f_threshold;f_gain_memory;f_cost_memory;f_cpu_memory;f_sharing_memory;f_gain_thread;f_cost_thread;f_cpu_thread;f_sharing_thread,1.000000000,1790944207
2026-10-02T12:30:07,APP_15704_1734961,15704,workload,UNAVAILABLE,-1.000000000,-1.000000000,-1.000000000,-1.000000000,-1.000000000,-1.000000000,-1.000000000,-1.000000000,-1.000000000,-1.000000000,-1.000000000,-1.000000000,-1.000000000,0.000000000,0.000000000,-1.000000000,-1.000000000,NA,0.050000000,INSUFFICIENT_DECISION_SIGNAL,1,1,f_access;f_threshold;f_gain_memory;f_cost_memory;f_cpu_memory;f_sharing_memory;f_gain_thread;f_cost_thread;f_cpu_thread;f_sharing_thread,1.000000000,1790944207
2026-10-02T12:30:07,APP_15704_1734961,15704,workload,UNAVAILABLE,-1.000000000,-1.000000000,-1.000000000,-1.000000000,-1.000000000,-1.000000000,-1.000000000,-1.000000000,-1.000000000,-1.000000000,-1.000000000,-1.000000000,-1.000000000,0.000000000,0.000000000,-1.000000000,-1.000000000,NA,0.050000000,INSUFFICIENT_DECISION_SIGNAL,1,1,f_access;f_threshold;f_gain_memory;f_cost_memory;f_cpu_memory;f_sharing_memory;f_gain_thread;f_cost_thread;f_cpu_thread;f_sharing_thread,1.000000000,1790944207
2026-10-02T12:30:07,APP_15704_1734961,15704,workload,UNAVAILABLE,-1.000000000,-1.000000000,-1.000000000,-1.000000000,-1.000000000,-1.000000000,-1.000000000,-1.000000000,-1.000000000,-1.000000000,-1.000000000,-1.000000000,-1.000000000,0.000000000,0.000000000,-1.000000000,-1.000000000,NA,0.050000000,INSUFFICIENT_DECISION_SIGNAL,1,1,f_access;f_threshold;f_gain_memory;f_cost_memory;f_cpu_memory;f_sharing_memory;f_gain_thread;f_cost_thread;f_cpu_thread;f_sharing_thread,1.000000000,1790944207
2026-10-02T12:30:07,APP_15704_1734961,15704,workload,UNAVAILABLE,-1.000000000,-1.000000000,-1.000000000,-1.000000000,-1.000000000,-1.000000000,-1.000000000,-1.000000000,-1.000000000,-1.000000000,-1.000000000,-1.000000000,-1.000000000,0.000000000,0.000000000,-1.000000000,-1.000000000,NA,0.050000000,INSUFFICIENT_DECISION_SIGNAL,1,1,f_access;f_threshold;f_gain_memory;f_cost_memory;f_cpu_memory;f_sharing_memory;f_gain_thread;f_cost_thread;f_cpu_thread;f_sharing_thread,1.000000000,1790944207
2026-10-02T12:30:07,APP_15704_1734961,15704,workload,UNAVAILABLE,-1.000000000,-1.000000000,-1.000000000,-1.000000000,-1.000000000,-1.000000000,-1.000000000,-1.000000000,-1.000000000,-1.000000000,-1.000000000,-1.000000000,-1.000000000,0.000000000,0.000000000,-1.000000000,-1.000000000,NA,0.050000000,INSUFFICIENT_DECISION_SIGNAL,1,1,f_access;f_threshold;f_gain_memory;f_cost_memory;f_cpu_memory;f_sharing_memory;f_gain_thread;f_cost_thread;f_cpu_thread;f_sharing_thread,1.000000000,1790944207
2026-10-02T12:30:07,APP_15704_1734961,15704,workload,UNAVAILABLE,-1.000000000,-1.000000000,-1.000000000,-1.000000000,-1.000000000,-1.000000000,-1.000000000,-1.000000000,-1.000000000,-1.000000000,-1.000000000,-1.000000000,-1.000000000,0.000000000,0.000000000,-1.000000000,-1.000000000,NA,0.050000000,INSUFFICIENT_DECISION_SIGNAL,1,1,f_access;f_threshold;f_gain_memory;f_cost_memory;f_cpu_memory;f_sharing_memory;f_gain_thread;f_cost_thread;f_cpu_thread;f_sharing_thread,1.000000000,1790944207
